candidateId,32214,32215,32216,32217,32218,32219,32220,32221,32222,32223,32224,32225,32226,32227,32228,32229,32230,32231,32232,32233,32234,32235,32236,32237,32238,32239,32240,32241,32242,32243,32244,32245,32246,32247,32248,32249,32250,32251,32252,32253,32254,32255,32256,32257,32258,32259,32260,32261,32262,32263,32264,32265,32266,32267,32268,32269,32270,32271,32272,32273,32274,32275,32276,32277,32278,32279,32280,32281,32282,32283,32284,32285,32286,32287,32288
9,1.0,0.25,1.0,1.0,0.0,0.25,1.0,0.0,0.75,0.0,1.0,0.0,0.0,0.75,0.25,1.0,0.75,0.75,0.75,1.0,1.0,1.0,1.0,1.0,0.0,0.0,0.0,0.0,1.0,1.0,0.0,0.75,0.75,1.0,1.0,1.0,1.0,0.75,0.25,0.75,0.25,0.0,0.0,0.75,1.0,1.0,0.75,1.0,1.0,0.75,1.0,1.0,1.0,0.75,0.0,0.75,1.0,0.25,0.0,0.0,0.17,1.0,0.17,0.0,0.33,0.17,0.17,0.25,1.0,0.0,0.75,0.25,0.5,0.5,0.25
16,0.25,0.75,0.75,0.0,0.75,1.0,0.0,1.0,0.0,1.0,0.0,0.75,0.75,1.0,0.25,0.75,0.0,0.0,1.0,1.0,0.0,1.0,0.75,0.75,0.25,0.25,0.75,1.0,0.75,1.0,0.0,1.0,0.25,0.25,1.0,0.75,1.0,0.0,0.0,0.25,0.75,0.75,0.75,1.0,1.0,0.75,1.0,1.0,0.75,0.75,1.0,0.0,0.0,1.0,1.0,0.0,1.0,0.25,0.75,1.0,0.17,0.83,0.17,1.0,0.5,0.33,0.83,0.5,0.75,0.75,0.5,0.25,0.75,0.75,0.0
25,1.0,1.0,1.0,0.0,0.0,0.75,0.0,0.25,0.0,0.25,0.75,0.25,0.0,1.0,0.0,0.0,0.25,0.0,1.0,0.25,0.0,1.0,0.25,1.0,1.0,0.25,0.25,0.25,0.75,1.0,0.0,0.25,0.0,0.75,0.75,1.0,1.0,0.25,0.25,0.25,1.0,0.0,0.75,1.0,0.75,0.75,1.0,0.0,0.0,0.75,0.0,0.75,0.25,1.0,0.0,0.75,0.75,0.25,0.0,0.0,0.0,0.33,0.67,0.0,0.83,0.33,0.67,0.5,0.75,0.5,0.75,0.5,0.5,0.5,0.5
30,0.0,1.0,1.0,0.0,1.0,1.0,0.25,0.75,0.0,0.0,0.75,1.0,0.0,1.0,1.0,1.0,0.0,1.0,1.0,1.0,1.0,1.0,0.0,1.0,1.0,1.0,1.0,1.0,0.0,0.0,1.0,0.0,1.0,0.0,0.0,0.0,1.0,1.0,0.0,1.0,1.0,1.0,1.0,1.0,0.25,1.0,1.0,0.0,1.0,0.75,0.0,0.25,0.75,1.0,0.0,1.0,0.0,1.0,0.0,0.0,0.0,0.0,1.0,0.0,0.5,0.0,1.0,1.0,1.0,0.5,1.0,0.0,0.5,0.0,1.0
31,0.0,1.0,0.25,0.0,1.0,1.0,0.25,0.25,0.0,0.0,1.0,1.0,0.0,1.0,1.0,0.75,0.0,1.0,1.0,1.0,1.0,1.0,0.0,1.0,1.0,1.0,1.0,1.0,0.0,0.0,1.0,0.0,1.0,0.0,1.0,0.0,1.0,0.0,0.25,1.0,1.0,0.75,1.0,1.0,1.0,1.0,1.0,0.0,1.0,0.0,0.0,0.0,0.75,1.0,0.0,1.0,0.25,1.0,0.0,0.0,0.0,0.0,1.0,0.17,0.83,0.0,1.0,0.75,1.0,0.25,1.0,0.0,0.5,0.25,0.5
33,0.75,0.25,0.0,0.25,0.0,0.75,1.0,1.0,0.0,0.0,0.0,0.75,0.0,0.75,0.0,0.0,0.0,0.0,0.0,0.0,0.75,1.0,0.0,1.0,0.75,0.0,0.0,0.75,0.75,0.25,1.0,0.75,1.0,0.75,1.0,0.25,0.75,0.75,0.25,0.75,0.75,1.0,1.0,1.0,1.0,1.0,1.0,0.25,0.0,0.0,1.0,0.75,1.0,0.25,0.0,0.25,0.25,0.75,0.0,0.0,0.83,0.67,0.33,0.0,0.67,0.17,0.83,0.5,1.0,0.5,0.75,0.5,0.5,0.5,0.5
41,0.75,0.75,1.0,0.75,1.0,0.25,0.0,0.25,0.75,0.0,0.75,0.75,0.25,0.75,1.0,1.0,0.0,0.75,1.0,0.75,0.75,1.0,0.25,1.0,0.75,0.75,0.0,1.0,1.0,0.25,0.75,0.25,0.75,0.75,0.25,0.0,0.75,0.75,0.0,0.75,1.0,1.0,0.75,0.75,1.0,1.0,1.0,0.0,1.0,1.0,1.0,0.75,1.0,1.0,0.0,1.0,1.0,1.0,0.0,0.0,0.17,0.83,0.17,0.0,0.83,0.17,0.83,0.5,0.75,0.0,0.5,0.25,0.5,0.75,0.75
42,0.25,0.75,0.75,0.0,1.0,1.0,0.0,0.25,1.0,0.0,0.0,0.75,0.25,1.0,1.0,1.0,0.0,1.0,1.0,1.0,0.75,1.0,1.0,1.0,1.0,0.25,1.0,0.75,0.25,0.75,1.0,0.75,0.0,0.0,1.0,0.0,1.0,0.25,0.75,1.0,1.0,1.0,1.0,0.75,0.75,1.0,0.25,0.75,0.75,0.75,0.0,0.75,0.0,1.0,0.0,0.75,0.75,1.0,0.25,0.25,0.83,0.67,0.67,0.0,0.67,0.0,0.83,0.5,0.75,0.5,0.75,0.75,0.5,0.25,1.0
44,0.75,0.0,0.0,1.0,0.0,0.0,0.0,0.0,1.0,1.0,0.0,0.0,0.25,0.0,0.0,0.75,1.0,0.0,0.0,0.75,0.0,0.0,1.0,0.0,0.0,0.0,0.0,0.0,1.0,1.0,0.0,1.0,0.0,1.0,0.0,1.0,0.75,0.0,1.0,0.0,0.0,0.0,0.0,0.0,1.0,0.0,0.0,1.0,0.0,1.0,1.0,0.0,0.0,0.0,0.75,0.0,1.0,0.0,1.0,1.0,0.0,1.0,0.0,0.5,0.83,0.83,0.0,0.0,0.5,0.5,0.25,0.5,0.75,0.75,0.0
49,1.0,0.75,0.25,0.75,1.0,0.75,0.0,1.0,0.25,0.0,0.75,0.75,0.0,1.0,1.0,1.0,0.0,1.0,0.75,1.0,0.75,1.0,0.0,1.0,0.75,0.75,0.25,0.75,1.0,0.75,0.75,0.0,1.0,0.75,0.75,0.0,1.0,0.25,0.0,0.75,1.0,1.0,1.0,1.0,1.0,1.0,0.75,0.0,1.0,1.0,0.0,0.75,0.75,1.0,0.0,0.75,0.75,1.0,0.0,0.0,0.83,0.83,0.83,0.0,0.83,0.0,1.0,0.5,0.75,0.25,0.75,0.25,0.5,0.25,0.75
58,0.25,1.0,1.0,0.75,1.0,1.0,0.0,1.0,0.0,1.0,1.0,0.75,0.75,1.0,1.0,1.0,0.0,1.0,0.25,0.0,0.25,0.75,0.0,0.0,1.0,1.0,0.25,1.0,0.75,0.75,0.75,0.75,0.75,0.0,1.0,0.0,0.25,0.25,0.25,1.0,1.0,1.0,0.75,1.0,0.75,1.0,1.0,0.0,1.0,0.75,0.0,0.25,1.0,0.0,0.0,0.75,0.0,1.0,0.0,0.0,0.5,0.17,0.83,0.17,0.83,0.33,1.0,1.0,1.0,0.25,0.75,0.25,0.25,0.0,0.5
59,0.75,0.75,0.0,1.0,1.0,0.25,0.0,0.0,0.75,0.25,0.75,1.0,0.75,0.75,1.0,1.0,0.0,1.0,1.0,1.0,1.0,1.0,0.0,1.0,0.75,0.75,0.0,0.75,0.75,1.0,0.75,0.25,0.75,0.25,1.0,0.0,0.75,1.0,0.0,0.75,0.25,0.75,0.75,0.75,1.0,1.0,0.75,0.25,1.0,0.75,0.0,0.75,0.0,1.0,0.0,1.0,1.0,0.25,0.0,0.0,0.0,0.83,0.83,0.0,1.0,0.0,0.67,0.5,0.75,0.25,0.75,0.25,0.25,0.0,0.75
67,0.75,1.0,0.75,0.0,1.0,1.0,1.0,1.0,0.0,0.0,0.75,0.25,0.0,1.0,1.0,1.0,0.0,1.0,1.0,1.0,1.0,1.0,0.0,1.0,1.0,1.0,1.0,1.0,0.0,0.75,1.0,0.0,1.0,0.0,0.75,0.0,0.75,1.0,0.0,0.75,1.0,1.0,1.0,1.0,0.75,1.0,1.0,0.0,1.0,0.0,0.0,1.0,1.0,0.75,0.0,1.0,0.0,1.0,0.0,0.0,0.33,0.0,1.0,0.17,0.67,0.0,1.0,0.75,1.0,0.25,1.0,0.0,0.5,0.25,1.0
68,0.0,1.0,1.0,0.0,1.0,1.0,0.25,0.75,0.0,0.0,0.75,0.75,0.0,1.0,1.0,1.0,0.0,1.0,1.0,0.75,1.0,1.0,0.0,1.0,1.0,1.0,1.0,1.0,0.0,0.25,1.0,0.0,1.0,0.0,0.25,0.0,1.0,1.0,0.0,1.0,1.0,1.0,1.0,1.0,1.0,1.0,1.0,0.0,1.0,0.75,0.0,0.0,0.0,1.0,0.0,1.0,0.0,1.0,0.0,0.0,0.17,0.0,1.0,0.17,0.67,0.0,1.0,1.0,1.0,0.5,1.0,0.0,0.25,0.0,1.0
74,0.0,0.0,0.0,1.0,0.0,0.0,0.0,0.0,0.75,1.0,0.0,0.0,1.0,0.25,0.0,0.0,1.0,0.0,0.0,0.25,0.0,0.0,1.0,1.0,0.0,0.0,0.0,0.0,1.0,1.0,0.0,1.0,0.0,1.0,0.0,1.0,0.75,0.0,1.0,0.0,0.0,0.0,0.0,0.0,1.0,0.0,0.0,1.0,0.0,1.0,1.0,0.0,0.0,0.0,1.0,0.0,1.0,0.0,1.0,1.0,0.83,1.0,0.0,0.83,0.83,1.0,0.0,0.25,0.5,0.5,0.25,0.5,0.75,0.75,0.0
76,0.0,1.0,1.0,0.0,1.0,1.0,1.0,0.25,0.0,0.75,0.0,1.0,0.0,1.0,1.0,1.0,0.0,1.0,1.0,1.0,1.0,1.0,0.0,1.0,1.0,1.0,1.0,1.0,0.0,0.0,1.0,0.25,1.0,0.0,0.0,0.0,1.0,0.0,0.0,0.75,1.0,0.75,1.0,1.0,1.0,0.0,0.25,0.0,1.0,1.0,0.0,0.0,0.0,1.0,0.25,0.0,0.0,1.0,0.0,1.0,0.0,0.0,1.0,0.0,0.83,0.17,1.0,1.0,1.0,0.5,1.0,0.0,0.0,0.0,0.75
95,1.0,0.75,0.75,0.25,0.75,0.75,0.25,1.0,1.0,0.75,0.75,0.25,0.25,0.25,0.75,0.25,0.75,1.0,0.25,1.0,0.0,0.0,1.0,1.0,0.0,0.75,0.25,1.0,0.75,1.0,0.75,0.75,0.75,0.0,0.75,0.75,0.25,1.0,0.75,1.0,0.75,0.75,1.0,0.75,0.0,1.0,1.0,0.25,0.0,0.75,0.75,0.75,0.75,1.0,0.75,0.25,0.25,0.75,0.75,0.75,0.5,0.5,0.67,0.33,0.5,0.5,0.83,0.75,0.5,0.25,0.5,0.5,0.5,0.5,0.5
104,0.0,0.0,0.0,0.0,0.0,0.25,0.0,0.0,0.0,0.75,0.0,1.0,0.75,0.0,0.0,0.0,1.0,0.0,0.0,0.0,0.0,0.0,0.25,1.0,0.0,0.25,1.0,0.75,0.0,1.0,0.0,0.75,0.0,1.0,0.0,1.0,0.0,0.75,0.75,0.0,0.0,0.0,0.0,0.0,0.75,0.25,0.75,1.0,0.0,0.0,1.0,0.0,0.0,0.75,0.25,0.0,0.75,0.25,0.25,1.0,1.0,0.83,0.33,1.0,0.67,0.67,0.17,0.25,0.75,1.0,0.25,1.0,0.75,0.75,0.75
106,0.0,1.0,0.75,0.0,1.0,1.0,1.0,0.0,0.0,0.25,0.75,0.75,0.0,1.0,1.0,1.0,0.0,1.0,1.0,0.75,1.0,1.0,0.0,1.0,1.0,1.0,1.0,1.0,0.0,0.0,1.0,0.0,1.0,0.0,0.25,0.0,1.0,0.25,0.0,1.0,1.0,1.0,1.0,1.0,1.0,1.0,1.0,0.0,1.0,0.0,0.0,0.0,0.25,1.0,0.0,0.75,0.0,1.0,0.0,0.0,0.17,0.0,1.0,0.0,0.83,0.17,1.0,1.0,1.0,1.0,1.0,0.0,0.25,0.0,0.75
109,1.0,0.0,0.0,1.0,0.0,0.0,0.0,0.0,1.0,1.0,0.0,0.25,0.75,0.0,0.25,1.0,1.0,0.75,1.0,1.0,1.0,1.0,1.0,1.0,0.0,0.0,0.0,0.0,1.0,1.0,0.0,0.75,0.0,1.0,0.75,1.0,0.0,0.0,0.75,0.25,0.25,0.0,0.0,0.0,1.0,0.0,0.0,1.0,0.75,1.0,0.0,0.0,1.0,0.25,0.25,0.0,1.0,0.0,0.25,1.0,0.0,1.0,0.0,0.0,0.83,0.5,0.17,0.0,0.0,0.0,0.0,0.0,0.0,0.0,0.0
111,0.75,0.75,0.25,1.0,1.0,0.25,0.0,0.25,0.75,0.0,1.0,0.75,0.25,0.75,1.0,1.0,0.0,1.0,1.0,0.75,1.0,1.0,0.0,1.0,0.75,0.75,0.25,0.75,1.0,1.0,1.0,0.25,0.75,0.75,0.75,0.0,0.75,0.75,0.0,0.75,0.75,1.0,0.75,1.0,1.0,1.0,0.75,0.0,1.0,1.0,0.0,1.0,1.0,1.0,0.0,1.0,1.0,1.0,0.0,0.0,0.33,0.83,0.67,0.0,0.67,0.17,0.67,0.5,0.5,0.25,0.5,0.25,0.5,0.5,0.75
114,1.0,0.75,0.25,0.25,0.75,1.0,0.25,0.75,0.75,0.0,0.75,0.25,0.25,1.0,1.0,0.75,0.0,0.75,0.75,1.0,0.75,1.0,0.25,0.75,1.0,0.75,0.0,1.0,0.75,1.0,1.0,0.0,0.75,0.75,0.75,0.25,0.75,0.75,0.25,0.75,0.75,1.0,0.75,1.0,1.0,1.0,1.0,0.0,0.75,1.0,0.0,1.0,1.0,1.0,0.0,0.75,1.0,1.0,0.0,0.0,0.83,0.83,0.83,0.0,0.83,0.17,0.83,0.5,1.0,0.5,0.5,0.0,0.5,0.5,0.75
117,0.25,0.75,0.75,0.75,1.0,0.75,0.0,0.75,0.25,0.75,0.75,0.75,0.75,0.75,0.75,0.75,0.25,0.75,0.75,0.25,0.25,1.0,0.75,0.75,0.75,0.75,1.0,0.75,0.75,0.75,0.75,0.75,0.25,0.25,0.25,0.25,0.25,0.75,0.25,0.75,1.0,0.75,0.75,0.75,0.0,0.25,0.75,0.75,0.75,0.75,0.0,0.25,0.25,1.0,0.25,0.25,0.25,1.0,0.25,0.75,0.5,0.33,0.67,0.5,0.17,0.33,0.83,0.75,0.5,0.5,0.5,0.5,0.5,0.0,0.5
119,0.0,1.0,1.0,0.0,1.0,1.0,0.0,1.0,0.0,0.0,1.0,1.0,0.0,1.0,1.0,1.0,0.0,1.0,1.0,1.0,1.0,1.0,0.0,1.0,1.0,0.0,1.0,1.0,0.0,0.0,1.0,0.0,1.0,0.0,0.75,0.0,1.0,1.0,0.0,1.0,1.0,1.0,1.0,1.0,0.25,1.0,1.0,0.0,1.0,0.0,0.0,0.0,1.0,1.0,0.0,1.0,0.0,1.0,0.0,0.0,0.0,0.0,1.0,0.0,0.83,0.0,1.0,1.0,0.75,0.25,1.0,0.0,0.25,0.0,1.0
120,0.0,0.25,0.75,0.75,0.0,0.75,0.0,0.0,0.75,0.0,0.0,0.75,1.0,0.25,0.0,0.0,1.0,0.0,0.75,0.75,0.0,0.0,1.0,0.75,0.0,0.75,0.75,1.0,1.0,0.25,0.0,1.0,0.0,0.75,0.0,1.0,1.0,0.75,1.0,0.0,0.0,0.0,0.0,1.0,0.75,0.0,1.0,1.0,0.0,1.0,1.0,0.25,0.75,1.0,1.0,0.0,0.75,0.0,0.75,1.0,1.0,0.67,0.67,0.33,0.67,1.0,0.0,0.0,0.25,0.75,0.75,0.25,0.75,1.0,0.0
122,0.75,0.25,0.75,0.25,0.75,0.25,0.0,0.25,0.25,1.0,0.75,0.0,0.25,0.0,0.0,0.0,0.75,0.0,0.0,0.0,0.0,0.0,0.25,0.75,0.75,0.75,0.25,0.25,0.25,0.75,0.25,1.0,0.0,1.0,0.0,0.75,0.75,0.75,0.0,0.25,0.75,0.0,0.75,0.25,0.75,0.75,0.75,1.0,0.0,0.75,0.75,0.25,0.0,1.0,1.0,0.25,0.75,0.25,1.0,1.0,0.83,0.83,0.0,1.0,0.67,0.33,0.17,0.25,0.5,0.5,0.25,0.5,0.5,0.75,0.25
123,0.0,1.0,1.0,0.0,1.0,1.0,0.0,0.75,0.0,0.25,0.25,1.0,0.25,1.0,1.0,1.0,0.0,1.0,1.0,0.25,1.0,1.0,0.0,1.0,1.0,1.0,1.0,1.0,0.0,0.25,1.0,0.0,1.0,0.0,0.0,0.0,1.0,1.0,0.0,1.0,1.0,1.0,1.0,1.0,0.25,1.0,1.0,0.0,1.0,0.0,0.0,0.0,0.0,1.0,0.0,1.0,0.0,1.0,0.0,0.0,0.0,0.17,1.0,0.0,0.67,0.0,1.0,0.75,1.0,0.5,1.0,0.0,0.5,0.0,1.0
124,0.75,0.75,1.0,1.0,0.75,0.25,0.75,0.25,0.75,0.25,0.25,0.75,0.25,0.75,0.75,1.0,0.75,1.0,1.0,0.25,0.75,0.75,1.0,0.0,0.0,0.75,0.0,0.75,1.0,0.75,0.25,0.75,0.75,1.0,0.75,0.75,1.0,1.0,0.75,0.25,0.25,0.75,0.25,0.75,1.0,0.75,0.75,0.25,0.25,1.0,1.0,1.0,1.0,0.0,0.0,1.0,1.0,0.75,0.0,0.0,0.83,1.0,0.67,0.33,1.0,0.17,0.33,0.5,0.75,0.25,0.75,0.5,0.5,0.75,0.75
128,0.0,0.0,1.0,0.0,0.0,0.0,0.0,0.0,1.0,1.0,0.0,1.0,1.0,1.0,0.0,1.0,1.0,0.0,1.0,1.0,0.0,1.0,1.0,1.0,0.0,0.0,0.0,0.0,1.0,1.0,0.0,1.0,0.0,1.0,0.0,1.0,0.0,0.0,1.0,0.0,0.0,0.0,0.0,0.0,0.0,0.0,0.0,1.0,0.0,1.0,1.0,0.0,0.0,1.0,1.0,0.0,1.0,0.0,1.0,1.0,0.0,1.0,0.0,0.83,1.0,0.83,0.17,0.25,0.5,0.25,0.25,0.25,0.75,0.75,0.25
132,1.0,0.25,0.25,1.0,0.0,0.0,0.0,0.0,0.75,0.0,0.0,0.0,0.0,0.0,0.25,1.0,0.0,0.25,0.0,0.0,0.0,0.25,0.75,0.25,0.0,0.0,0.0,1.0,0.25,1.0,0.0,1.0,0.0,1.0,0.25,1.0,0.75,0.0,1.0,0.0,0.0,0.0,0.25,0.75,0.25,0.0,0.0,1.0,0.0,0.0,1.0,0.0,0.0,1.0,0.25,0.0,1.0,0.0,0.75,1.0,0.17,0.83,0.0,0.83,0.17,0.83,0.0,0.0,0.75,0.5,0.75,0.75,0.75,0.5,0.0
133,0.0,1.0,0.25,0.0,1.0,1.0,0.25,0.25,0.0,0.0,0.75,1.0,0.0,1.0,1.0,1.0,0.0,0.75,1.0,0.75,1.0,1.0,0.0,1.0,0.75,1.0,1.0,1.0,0.0,0.25,1.0,0.0,1.0,0.25,0.75,0.0,1.0,0.25,0.25,1.0,1.0,1.0,1.0,1.0,1.0,0.75,1.0,0.0,1.0,0.0,0.0,0.25,0.75,1.0,0.0,1.0,0.25,1.0,0.0,0.0,0.0,0.17,1.0,0.0,0.83,0.17,0.83,0.75,0.75,0.5,0.75,0.5,0.5,0.25,0.5
134,0.75,0.75,0.25,0.75,1.0,0.0,1.0,0.75,0.25,0.0,0.0,0.25,0.75,0.75,0.75,1.0,0.0,1.0,1.0,0.75,1.0,1.0,0.25,1.0,1.0,0.75,0.25,1.0,0.25,0.25,0.75,0.0,0.75,0.75,1.0,0.0,0.75,1.0,0.25,1.0,1.0,1.0,1.0,1.0,1.0,1.0,1.0,0.75,1.0,0.0,0.75,0.75,0.25,0.75,0.0,1.0,0.75,0.75,0.0,0.0,0.67,0.67,1.0,0.17,0.83,0.0,1.0,0.75,0.75,0.25,1.0,0.0,0.5,0.5,0.75
145,1.0,0.75,0.25,1.0,1.0,0.25,0.0,0.25,0.75,0.0,0.75,0.75,0.0,0.75,1.0,1.0,0.0,0.75,1.0,0.75,1.0,1.0,0.25,1.0,0.25,0.75,0.25,0.75,1.0,1.0,0.75,0.25,0.75,0.75,0.75,0.0,0.75,0.75,0.0,0.75,1.0,1.0,0.75,1.0,1.0,1.0,0.75,0.0,1.0,1.0,0.0,1.0,1.0,1.0,0.0,1.0,1.0,1.0,0.0,0.0,0.67,0.83,0.67,0.0,0.83,0.33,0.67,0.5,0.75,0.25,0.75,0.25,0.5,0.5,0.75
148,0.0,1.0,1.0,0.0,1.0,1.0,0.25,1.0,0.0,0.25,0.25,0.75,0.25,1.0,0.75,1.0,0.0,1.0,1.0,1.0,1.0,1.0,0.0,1.0,1.0,1.0,1.0,1.0,0.0,0.25,1.0,0.0,1.0,0.0,0.25,0.75,1.0,1.0,0.0,1.0,1.0,1.0,1.0,1.0,0.25,1.0,1.0,0.0,0.75,0.0,0.0,0.0,0.0,1.0,0.0,1.0,0.0,1.0,0.0,0.0,0.0,0.17,1.0,0.17,0.67,0.17,1.0,0.75,0.75,0.5,1.0,0.0,0.5,0.25,0.75
160,0.0,0.75,1.0,0.0,0.75,1.0,0.0,1.0,0.0,0.0,1.0,0.25,0.0,1.0,0.0,0.75,1.0,0.0,0.0,0.0,0.0,0.25,0.0,1.0,0.75,0.0,0.75,0.75,0.0,0.0,1.0,0.25,1.0,0.25,1.0,0.0,0.25,1.0,0.0,1.0,1.0,1.0,1.0,1.0,0.0,0.0,1.0,0.0,0.0,0.0,0.75,0.75,1.0,0.75,0.25,0.25,0.75,1.0,0.0,0.0,0.83,0.83,0.67,0.83,0.83,0.83,0.83,0.75,0.75,0.25,0.75,0.25,0.75,0.5,0.75
171,1.0,0.0,1.0,1.0,0.0,0.0,1.0,0.0,1.0,1.0,0.25,0.0,1.0,0.25,0.0,0.75,1.0,0.0,0.0,0.75,0.0,0.0,1.0,1.0,0.25,0.0,0.0,0.0,1.0,1.0,0.0,1.0,0.0,1.0,0.0,1.0,0.75,0.25,1.0,0.0,0.0,0.0,0.0,0.0,1.0,0.25,0.0,1.0,0.0,1.0,1.0,0.0,0.0,0.0,1.0,0.0,1.0,0.0,1.0,1.0,0.83,1.0,0.17,0.83,0.83,0.83,0.0,0.5,0.75,0.25,1.0,1.0,0.5,0.75,0.0
172,0.75,0.0,1.0,1.0,1.0,0.75,0.0,0.0,0.0,1.0,0.0,0.0,0.0,0.0,0.0,0.0,1.0,0.0,0.0,0.0,0.0,0.0,0.75,1.0,0.0,0.0,1.0,1.0,1.0,1.0,0.0,1.0,0.0,1.0,0.0,1.0,0.75,0.0,1.0,0.0,0.0,0.0,0.0,0.0,0.0,0.0,0.75,1.0,0.0,1.0,0.0,0.0,0.0,1.0,1.0,0.0,1.0,0.0,1.0,1.0,0.83,1.0,0.0,1.0,0.33,0.67,0.0,0.75,0.5,0.75,0.25,0.75,0.5,0.5,0.0
174,0.75,0.25,1.0,0.0,0.0,1.0,0.0,0.0,0.25,1.0,0.75,0.0,0.75,0.75,0.0,0.75,1.0,0.0,0.0,0.0,0.0,0.0,0.75,0.75,0.0,0.25,0.0,0.75,1.0,0.75,1.0,1.0,0.25,0.75,0.75,1.0,0.75,0.0,1.0,0.75,1.0,0.0,0.75,1.0,0.75,0.75,0.25,1.0,0.0,0.75,1.0,0.0,0.0,1.0,1.0,0.0,0.75,0.25,0.75,1.0,0.67,0.67,0.0,0.83,0.5,0.83,0.67,0.25,0.75,0.75,0.75,0.75,0.75,0.75,0.25
179,0.0,0.75,1.0,1.0,1.0,0.25,0.0,0.25,0.25,0.25,0.25,1.0,0.75,0.25,0.0,0.25,0.0,0.0,1.0,0.0,0.25,1.0,0.25,0.0,0.25,0.75,0.75,1.0,0.25,0.75,0.75,0.25,0.25,0.75,0.75,0.0,0.75,0.75,0.75,0.75,0.25,0.75,0.25,1.0,0.75,0.75,1.0,0.0,1.0,0.0,0.75,0.75,0.75,0.25,0.0,0.75,0.25,0.75,0.0,0.0,0.67,0.5,0.5,0.33,0.67,0.33,0.67,0.5,0.5,0.5,0.5,0.5,0.5,0.5,0.5
182,0.0,1.0,1.0,0.0,1.0,1.0,0.25,0.75,0.0,0.25,0.75,0.75,0.25,1.0,1.0,1.0,0.0,1.0,1.0,0.75,1.0,1.0,0.0,1.0,1.0,1.0,1.0,1.0,0.0,0.0,1.0,0.0,1.0,0.0,0.25,0.0,0.75,0.75,0.0,1.0,1.0,1.0,1.0,1.0,0.75,0.75,1.0,0.0,1.0,1.0,0.0,0.25,0.0,1.0,0.0,1.0,0.0,1.0,0.0,0.0,0.0,0.0,1.0,0.0,0.33,0.0,1.0,0.75,1.0,0.5,1.0,0.0,0.5,0.0,1.0
185,0.25,0.75,0.0,0.25,0.0,0.75,0.25,0.75,0.75,0.25,1.0,0.25,0.25,0.25,0.0,0.25,1.0,0.25,0.25,0.75,0.0,0.75,0.25,0.75,0.75,0.25,0.75,0.75,0.25,0.75,0.75,0.75,1.0,0.25,0.75,0.0,0.25,1.0,0.25,0.75,0.25,1.0,1.0,1.0,0.25,0.75,0.75,1.0,0.0,0.75,1.0,0.75,1.0,1.0,0.75,0.25,0.75,0.75,0.25,0.0,0.67,0.17,0.67,0.33,0.33,0.67,0.83,0.75,0.5,0.25,0.75,0.5,0.5,0.75,0.5
187,0.0,1.0,0.0,0.0,0.25,0.75,0.0,1.0,0.0,0.25,1.0,0.75,0.75,1.0,0.0,0.0,0.25,0.75,0.75,0.25,0.0,1.0,1.0,0.0,1.0,0.0,1.0,0.0,1.0,1.0,0.75,1.0,0.0,1.0,1.0,0.25,0.75,0.0,0.75,0.0,1.0,1.0,0.75,0.25,1.0,0.75,0.75,1.0,0.0,1.0,1.0,0.25,0.0,1.0,0.75,0.25,0.25,0.75,0.75,1.0,1.0,0.67,0.33,0.83,0.33,0.33,0.33,0.25,0.75,0.75,0.75,0.5,1.0,0.75,0.25
188,0.25,1.0,0.75,0.25,0.75,0.75,0.25,0.75,1.0,0.0,0.25,1.0,0.75,0.75,0.0,0.25,0.75,0.25,1.0,0.25,0.75,1.0,0.75,0.75,0.75,0.75,0.0,1.0,1.0,0.25,1.0,0.75,1.0,0.75,1.0,0.25,0.75,1.0,0.75,1.0,1.0,0.75,0.75,0.75,1.0,1.0,1.0,0.0,0.25,0.75,0.25,0.25,0.75,0.75,0.0,0.25,0.75,0.25,0.0,0.0,0.83,0.83,0.83,0.0,1.0,0.67,0.83,0.75,0.75,0.25,0.75,0.25,0.75,0.0,0.75
189,0.25,1.0,1.0,1.0,0.75,0.25,0.75,0.25,0.25,0.0,1.0,0.25,0.75,1.0,0.25,0.75,0.0,0.75,0.25,0.25,0.25,0.25,0.0,0.0,1.0,1.0,0.25,1.0,0.75,1.0,0.75,0.75,0.75,1.0,0.75,0.0,0.75,0.25,0.75,0.75,0.75,0.75,0.75,1.0,1.0,0.75,1.0,0.0,0.25,0.25,1.0,0.75,0.75,0.25,0.0,0.75,0.0,0.75,0.0,0.0,0.67,0.67,0.67,0.33,0.67,0.33,0.33,0.75,0.75,0.75,0.75,0.75,0.75,0.75,0.75
195,0.0,1.0,0.0,0.0,1.0,1.0,1.0,0.25,0.0,0.0,1.0,1.0,0.0,1.0,1.0,1.0,0.0,1.0,1.0,1.0,1.0,1.0,1.0,1.0,1.0,1.0,1.0,1.0,0.0,0.0,1.0,0.0,1.0,0.0,0.75,0.0,1.0,0.0,0.0,1.0,1.0,1.0,1.0,1.0,0.75,1.0,1.0,1.0,1.0,0.0,0.0,0.25,0.0,1.0,0.0,1.0,0.0,1.0,0.0,0.0,0.0,0.17,1.0,0.0,0.83,0.0,1.0,1.0,1.0,0.5,0.75,0.0,0.25,0.0,0.5
206,0.0,1.0,0.75,0.0,1.0,1.0,0.25,0.75,0.0,0.0,0.75,1.0,0.25,1.0,1.0,1.0,0.0,1.0,1.0,0.25,1.0,1.0,0.0,1.0,1.0,1.0,1.0,1.0,0.0,0.25,1.0,0.25,1.0,0.25,0.75,0.0,1.0,0.75,0.0,1.0,1.0,1.0,0.75,1.0,0.25,0.75,1.0,0.0,1.0,0.25,0.25,0.25,0.0,1.0,0.0,1.0,0.25,1.0,0.0,0.0,0.67,0.17,1.0,0.0,0.83,0.0,1.0,1.0,1.0,0.5,1.0,0.25,0.5,0.5,1.0
211,0.25,1.0,1.0,1.0,1.0,0.75,0.25,0.75,0.75,0.25,0.25,0.75,0.75,1.0,0.75,1.0,0.0,0.25,0.25,0.0,0.25,0.75,0.0,0.25,0.75,1.0,0.25,1.0,0.75,0.75,0.75,0.25,0.75,0.25,0.75,0.0,0.75,0.25,0.75,0.75,0.75,0.75,0.75,1.0,0.75,0.75,1.0,0.0,0.75,0.25,0.25,0.75,0.75,0.25,0.0,0.75,0.0,1.0,0.0,0.0,0.83,0.83,0.67,0.17,0.83,0.5,0.83,0.5,0.5,0.75,0.75,0.25,0.5,0.25,0.5
214,0.0,1.0,0.75,0.0,1.0,1.0,0.75,0.75,0.25,0.0,0.75,1.0,0.0,1.0,1.0,1.0,0.25,1.0,1.0,0.75,1.0,1.0,0.25,0.75,0.75,1.0,1.0,1.0,0.0,0.25,1.0,0.0,1.0,0.0,0.75,0.0,1.0,0.25,0.0,0.75,0.75,1.0,1.0,1.0,0.75,0.75,1.0,0.0,0.75,0.25,0.25,1.0,1.0,1.0,0.0,1.0,0.0,1.0,0.0,0.0,0.33,0.0,0.83,0.0,0.67,0.17,1.0,1.0,1.0,0.25,1.0,0.25,0.75,0.25,1.0
216,0.25,0.75,1.0,0.0,1.0,0.75,0.25,0.25,0.0,0.75,0.25,0.75,0.25,0.75,0.75,0.25,0.25,1.0,1.0,0.75,0.25,1.0,0.0,1.0,0.75,0.75,0.75,1.0,0.75,0.25,0.75,0.25,0.25,0.25,0.75,0.75,1.0,0.25,0.25,0.75,1.0,0.75,0.75,1.0,1.0,0.75,0.75,0.25,1.0,0.75,0.25,0.25,0.25,1.0,0.0,0.25,0.25,0.75,0.0,0.25,0.0,0.33,0.83,0.5,0.83,0.17,0.67,0.75,0.75,0.25,0.75,0.25,0.5,0.25,0.5
217,0.0,1.0,0.75,0.0,1.0,1.0,1.0,0.25,0.0,0.0,0.75,0.25,0.0,1.0,1.0,1.0,0.0,1.0,1.0,0.75,1.0,1.0,0.0,1.0,1.0,1.0,1.0,1.0,0.0,0.25,1.0,0.0,1.0,0.25,0.75,0.0,1.0,0.25,0.25,1.0,1.0,1.0,1.0,1.0,1.0,0.75,1.0,0.0,1.0,0.0,0.0,0.25,0.75,1.0,0.0,1.0,0.0,1.0,0.0,0.0,0.0,0.0,1.0,0.0,0.67,0.0,1.0,0.75,0.75,0.5,1.0,0.0,0.5,0.0,0.75
221,0.0,1.0,0.75,0.0,1.0,1.0,0.75,0.0,0.0,0.25,0.75,1.0,0.0,1.0,1.0,1.0,0.0,1.0,1.0,0.75,1.0,1.0,0.0,1.0,1.0,1.0,1.0,1.0,0.0,0.0,1.0,0.0,1.0,0.25,0.25,0.0,1.0,0.0,0.25,1.0,1.0,1.0,1.0,1.0,1.0,1.0,1.0,0.0,1.0,0.0,0.0,0.0,0.75,1.0,0.0,0.75,0.0,1.0,0.0,0.0,0.0,0.0,1.0,0.83,0.0,0.0,1.0,1.0,1.0,0.75,1.0,0.25,0.25,0.0,1.0
238,0.0,0.75,1.0,0.75,1.0,0.75,0.25,1.0,0.0,0.75,0.25,0.25,0.25,0.75,0.0,0.25,1.0,0.75,0.25,0.0,0.0,0.25,0.25,0.25,0.75,0.25,1.0,0.75,0.25,0.75,0.75,1.0,0.25,0.75,0.75,0.75,0.75,0.25,0.25,0.75,0.75,1.0,0.75,0.75,1.0,1.0,0.25,0.75,0.75,0.75,0.25,0.25,0.0,0.25,0.0,0.75,0.75,1.0,0.25,0.75,0.83,0.67,0.67,0.83,1.0,0.5,0.83,0.75,0.75,0.5,0.75,0.75,0.5,0.5,0.5
252,1.0,0.25,0.75,1.0,0.0,0.0,0.0,0.0,0.0,0.25,0.25,0.75,0.25,0.75,0.0,0.75,1.0,0.0,1.0,1.0,0.25,1.0,1.0,1.0,0.0,0.0,0.0,0.0,1.0,1.0,0.0,1.0,0.0,1.0,1.0,1.0,1.0,0.0,0.25,0.75,0.75,0.0,0.0,0.25,1.0,0.75,0.75,1.0,0.0,1.0,0.75,0.25,1.0,0.75,0.0,0.25,0.25,0.75,0.0,0.25,0.33,1.0,0.17,0.0,1.0,0.17,0.17,0.0,0.75,0.5,0.25,0.0,0.5,0.5,0.5
253,0.0,0.75,1.0,1.0,0.75,0.25,0.0,0.25,0.25,0.0,0.25,0.25,0.75,0.75,0.0,0.25,0.0,0.0,0.25,0.25,0.0,0.75,0.25,0.0,0.25,0.75,0.25,1.0,0.25,0.25,0.75,0.75,0.25,1.0,0.75,0.0,1.0,0.25,0.75,0.75,0.0,0.25,0.75,1.0,0.75,0.75,0.75,0.0,0.25,0.0,0.75,1.0,1.0,0.75,0.0,0.75,0.25,0.75,0.0,0.0,0.83,0.5,0.5,0.5,0.67,0.33,0.67,0.25,0.5,0.5,0.5,0.5,0.5,0.75,0.5
257,0.0,1.0,0.25,0.0,1.0,1.0,0.0,0.25,0.0,0.0,0.75,1.0,0.0,1.0,1.0,1.0,0.0,1.0,1.0,1.0,0.75,1.0,0.0,0.75,1.0,0.0,1.0,1.0,0.0,0.0,1.0,0.0,1.0,0.25,0.75,0.0,1.0,0.75,0.0,0.75,1.0,1.0,0.75,1.0,0.25,0.75,1.0,0.0,1.0,0.25,0.0,0.0,0.0,1.0,0.0,0.25,0.0,1.0,0.0,0.25,0.0,0.0,1.0,0.17,0.17,0.0,0.83,1.0,0.75,0.5,1.0,0.0,0.0,0.0,0.5
264,0.0,1.0,0.75,0.0,0.0,1.0,0.0,0.25,0.0,0.25,0.25,0.0,0.75,0.75,0.0,0.75,0.75,0.0,0.0,0.25,0.0,0.75,0.25,0.25,1.0,0.25,1.0,0.75,0.0,0.75,1.0,0.75,0.75,0.25,0.75,0.0,1.0,0.25,0.75,0.75,0.75,0.75,1.0,0.25,0.25,0.25,0.75,0.75,0.0,0.25,0.0,0.0,0.0,0.25,0.0,0.75,0.75,1.0,0.0,0.0,0.5,0.67,0.67,0.5,0.33,0.33,0.5,0.75,0.75,0.5,0.5,0.5,0.5,0.25,0.5
271,1.0,0.0,0.75,0.75,0.0,0.0,0.0,0.25,0.75,1.0,0.0,0.25,1.0,0.25,0.25,0.75,1.0,0.75,0.25,0.75,0.0,0.0,1.0,0.25,0.75,0.25,0.0,0.75,0.75,0.75,0.0,0.0,0.0,0.75,0.0,1.0,0.25,0.25,0.0,0.75,0.75,0.75,0.0,0.0,0.0,0.0,0.0,1.0,0.0,1.0,1.0,0.0,0.0,1.0,0.25,0.0,0.75,0.0,0.75,1.0,0.17,0.83,0.83,0.67,0.67,0.33,0.67,0.25,0.75,0.25,0.75,0.0,0.0,0.75,0.25
277,0.75,0.0,0.0,1.0,0.0,0.0,0.25,0.0,0.25,0.75,0.25,0.0,1.0,0.75,0.0,0.75,1.0,0.0,1.0,0.0,0.0,1.0,0.75,0.0,0.25,0.25,0.0,1.0,0.75,1.0,0.75,0.75,0.0,1.0,0.25,1.0,0.75,0.0,0.75,0.25,0.25,0.25,0.25,0.75,0.75,0.75,0.25,1.0,0.0,1.0,0.75,0.25,0.25,0.75,1.0,0.25,0.75,0.25,0.25,1.0,0.33,0.83,0.67,0.5,0.83,0.5,0.67,1.0,0.5,0.5,0.5,0.5,0.75,0.75,0.5
285,1.0,1.0,0.0,1.0,1.0,0.75,0.0,0.0,1.0,1.0,0.0,0.0,0.0,0.0,0.0,0.0,1.0,0.0,0.0,1.0,0.0,0.0,1.0,1.0,0.0,0.0,0.0,1.0,0.0,0.0,0.0,0.0,1.0,0.0,0.0,0.25,0.25,1.0,0.0,0.75,1.0,1.0,1.0,1.0,0.0,0.0,0.0,1.0,0.0,1.0,1.0,0.0,0.0,1.0,1.0,0.0,0.0,0.75,1.0,1.0,0.17,0.67,0.17,0.67,0.0,0.83,1.0,0.0,0.75,1.0,0.75,0.25,0.25,0.75,0.0
292,0.75,0.25,1.0,0.0,0.0,0.25,0.0,0.25,0.0,1.0,0.0,0.0,1.0,0.25,0.0,0.75,0.75,0.0,1.0,1.0,0.0,0.75,1.0,1.0,0.0,0.25,0.0,0.75,1.0,1.0,0.25,1.0,0.0,1.0,1.0,1.0,1.0,0.0,0.75,0.75,1.0,0.0,0.0,1.0,1.0,0.25,0.25,1.0,0.0,1.0,0.75,0.75,0.75,0.75,0.0,0.0,1.0,0.75,1.0,0.0,1.0,1.0,0.17,0.0,0.67,1.0,0.33,0.5,0.5,0.5,0.75,0.75,0.75,0.5,0.0
295,0.0,0.75,1.0,0.0,1.0,1.0,0.75,0.75,0.25,0.25,0.75,0.75,0.25,1.0,1.0,0.75,0.0,1.0,1.0,0.75,0.75,1.0,0.25,1.0,1.0,0.75,1.0,1.0,0.25,0.75,1.0,0.25,1.0,0.0,0.75,0.0,0.75,1.0,0.25,1.0,1.0,1.0,1.0,1.0,0.25,0.75,1.0,0.0,1.0,0.75,0.0,0.75,0.75,0.75,0.0,1.0,0.75,1.0,0.0,0.0,0.67,0.5,1.0,0.17,0.67,0.0,1.0,1.0,1.0,0.25,1.0,0.0,0.75,0.0,1.0
297,0.0,1.0,1.0,0.0,1.0,1.0,0.25,1.0,0.0,0.0,0.75,1.0,0.0,1.0,1.0,1.0,0.0,1.0,1.0,1.0,1.0,1.0,0.0,0.75,1.0,1.0,1.0,1.0,0.0,0.25,1.0,0.0,1.0,0.0,0.0,0.0,1.0,1.0,0.0,1.0,1.0,1.0,1.0,1.0,0.75,1.0,1.0,0.0,1.0,0.0,0.0,0.25,0.25,1.0,0.0,1.0,0.0,1.0,0.0,0.0,0.0,0.0,1.0,0.0,0.67,0.0,1.0,1.0,1.0,0.5,1.0,0.0,0.0,0.0,1.0
299,0.0,1.0,0.25,0.0,1.0,1.0,0.75,0.25,0.0,0.0,0.75,1.0,0.0,1.0,1.0,0.75,0.0,1.0,1.0,0.75,1.0,1.0,0.0,1.0,1.0,1.0,1.0,1.0,0.0,0.25,1.0,0.0,1.0,0.0,0.75,0.0,1.0,0.25,0.25,1.0,1.0,1.0,1.0,1.0,1.0,0.75,1.0,0.0,1.0,0.0,0.0,0.25,0.75,1.0,0.0,1.0,0.25,1.0,0.0,0.0,0.0,0.0,1.0,0.0,0.83,0.0,1.0,1.0,1.0,0.5,1.0,0.0,0.5,0.0,0.75
301,0.25,1.0,1.0,1.0,1.0,0.25,0.0,0.0,0.25,0.0,0.25,0.25,0.0,1.0,0.25,0.25,0.0,0.25,0.75,0.75,0.25,1.0,0.25,0.25,0.75,0.75,0.75,1.0,0.25,1.0,1.0,0.75,1.0,1.0,0.75,0.0,1.0,0.25,0.0,0.25,0.75,0.25,1.0,1.0,1.0,0.75,0.75,0.0,0.25,0.0,0.75,1.0,1.0,0.75,0.0,0.75,0.25,1.0,0.0,0.0,0.83,0.33,0.83,0.17,0.83,0.67,0.83,0.75,0.5,0.5,0.75,0.5,0.5,0.75,0.5
308,0.75,0.25,0.75,0.0,0.0,0.0,0.0,0.0,0.75,1.0,0.75,0.75,0.25,0.0,0.0,0.0,1.0,0.0,0.75,0.25,0.0,0.75,1.0,1.0,0.0,0.25,0.0,0.0,1.0,1.0,0.0,1.0,0.0,1.0,0.25,1.0,1.0,0.0,0.75,0.0,0.25,0.25,0.0,0.0,1.0,0.0,0.0,1.0,0.0,1.0,1.0,0.0,0.0,1.0,1.0,0.0,1.0,0.0,1.0,0.75,0.0,1.0,0.33,0.67,1.0,0.67,0.33,0.0,0.75,0.5,0.0,0.75,0.5,0.75,0.0
313,0.0,1.0,1.0,0.0,1.0,1.0,0.0,0.75,0.0,0.25,0.25,1.0,0.25,1.0,1.0,1.0,0.0,0.75,1.0,1.0,1.0,1.0,0.0,1.0,1.0,1.0,1.0,1.0,0.0,0.25,1.0,0.0,1.0,0.0,0.0,0.0,1.0,1.0,0.0,1.0,1.0,1.0,1.0,1.0,0.25,1.0,1.0,0.0,0.0,0.0,0.0,1.0,1.0,1.0,0.0,0.75,0.0,1.0,0.0,0.0,0.17,0.17,0.33,0.5,0.67,0.5,1.0,0.75,1.0,0.5,0.75,0.0,0.5,0.5,1.0
325,0.0,0.75,1.0,1.0,0.75,0.25,0.0,0.0,0.25,0.0,0.25,0.75,0.75,0.75,0.0,0.0,0.0,0.0,0.25,0.0,0.25,1.0,0.25,0.0,0.75,0.75,0.0,1.0,0.25,0.75,0.75,0.25,0.25,0.75,0.75,0.0,1.0,0.75,0.75,0.75,0.75,0.75,0.75,1.0,0.75,0.75,0.75,0.0,0.0,0.75,1.0,1.0,1.0,0.75,0.0,0.75,0.0,1.0,0.0,0.0,0.83,0.67,0.5,0.67,0.5,0.5,0.83,0.5,0.5,0.5,0.5,0.5,0.5,0.75,0.5
331,1.0,0.75,0.25,1.0,1.0,0.25,0.0,0.0,0.75,0.25,0.75,0.75,0.25,0.75,0.25,1.0,0.0,0.75,1.0,1.0,0.75,1.0,0.0,1.0,0.75,0.25,0.0,0.75,0.75,0.75,0.75,0.0,1.0,0.75,0.75,0.0,0.75,0.75,0.0,1.0,1.0,1.0,0.75,1.0,1.0,1.0,0.75,0.0,1.0,1.0,0.0,1.0,1.0,0.75,0.0,1.0,1.0,1.0,0.0,0.0,0.83,0.67,0.67,0.17,0.83,0.5,0.83,0.5,0.75,0.25,0.5,0.0,0.5,0.5,0.75
336,0.25,1.0,1.0,1.0,1.0,0.75,0.25,0.25,0.25,0.0,0.75,0.0,0.25,0.75,0.0,0.75,0.25,0.0,0.75,0.25,0.75,0.0,0.25,0.25,0.0,0.0,0.75,1.0,0.75,0.25,0.75,0.75,0.25,0.75,1.0,0.0,1.0,0.25,0.25,0.75,0.25,0.75,0.25,0.75,1.0,1.0,0.75,0.0,0.0,0.0,0.25,0.75,1.0,0.0,0.0,0.25,0.75,1.0,0.0,0.0,0.67,0.5,0.67,0.5,0.67,0.67,0.67,0.75,0.75,0.5,0.5,0.5,0.75,0.5,0.5
339,1.0,0.0,1.0,1.0,0.75,0.25,0.0,0.0,0.25,1.0,0.0,0.0,1.0,1.0,0.25,1.0,0.0,1.0,1.0,1.0,1.0,1.0,1.0,1.0,0.25,0.0,0.0,0.25,1.0,1.0,0.75,0.75,0.0,0.75,0.75,1.0,0.75,1.0,0.0,0.75,0.75,1.0,0.0,0.25,1.0,1.0,0.0,1.0,0.25,1.0,0.25,0.75,0.0,1.0,0.0,0.75,1.0,0.0,0.0,0.25,0.33,0.83,0.0,0.17,0.83,0.0,0.17,0.5,0.75,0.25,0.75,0.75,0.5,0.25,0.25
340,1.0,0.25,0.25,0.75,0.25,0.0,1.0,0.75,0.75,0.25,1.0,1.0,1.0,1.0,0.0,0.75,0.75,0.75,0.0,0.75,0.0,0.0,0.75,1.0,0.0,0.0,0.75,0.0,0.75,0.75,0.0,1.0,0.25,0.75,1.0,1.0,0.25,0.75,0.25,0.75,0.75,0.75,0.75,0.75,1.0,1.0,1.0,0.0,0.0,0.25,1.0,1.0,1.0,0.0,0.0,1.0,1.0,0.75,0.0,0.0,0.83,1.0,0.0,0.0,1.0,0.83,0.0,0.5,1.0,0.0,0.75,1.0,1.0,1.0,0.75
341,1.0,0.0,1.0,1.0,0.0,0.0,0.0,0.0,1.0,1.0,0.0,0.0,1.0,0.0,0.0,0.0,1.0,0.0,1.0,1.0,0.0,1.0,1.0,1.0,0.0,0.0,0.0,0.0,1.0,1.0,0.0,1.0,0.0,1.0,0.0,1.0,0.0,0.0,1.0,0.0,0.0,0.0,0.0,0.0,1.0,0.0,0.0,1.0,0.0,1.0,1.0,0.0,1.0,1.0,1.0,0.0,1.0,0.0,1.0,1.0,0.0,1.0,0.0,1.0,1.0,1.0,0.0,0.0,0.5,0.0,0.5,1.0,1.0,1.0,0.0
342,0.75,1.0,0.75,0.75,1.0,0.75,0.0,0.75,0.25,0.0,0.75,0.75,0.25,1.0,1.0,1.0,0.0,1.0,1.0,1.0,1.0,1.0,0.0,1.0,0.75,0.75,0.75,1.0,0.75,0.75,0.75,0.0,1.0,0.25,0.75,0.0,0.75,0.75,0.0,1.0,1.0,1.0,0.75,1.0,0.75,1.0,1.0,0.0,1.0,1.0,0.0,1.0,0.75,1.0,0.0,1.0,0.75,1.0,0.0,0.0,0.33,0.67,1.0,0.0,0.67,0.17,1.0,0.75,0.75,0.5,0.75,0.25,0.5,0.25,0.75
346,1.0,0.75,0.75,0.25,1.0,1.0,1.0,0.25,0.0,0.25,0.75,0.0,0.0,1.0,0.0,0.0,1.0,0.75,0.25,0.75,0.0,0.25,0.25,0.75,0.25,0.75,1.0,1.0,0.75,0.25,0.75,0.25,1.0,0.0,0.75,0.0,1.0,1.0,0.0,0.75,0.0,0.75,1.0,1.0,0.75,1.0,1.0,0.75,0.0,0.0,0.25,0.0,0.25,0.75,0.25,1.0,0.25,0.75,0.25,0.75,0.33,0.17,1.0,0.5,0.33,0.5,0.83,1.0,0.75,0.5,1.0,0.25,0.5,0.25,0.5
357,0.75,1.0,0.0,1.0,1.0,0.75,0.75,0.25,0.25,0.0,1.0,0.75,0.0,1.0,1.0,1.0,0.25,1.0,1.0,0.75,1.0,1.0,0.75,1.0,1.0,1.0,0.0,0.75,1.0,0.75,0.25,0.0,1.0,0.0,1.0,0.0,1.0,0.0,0.0,0.75,0.75,0.75,0.25,1.0,1.0,1.0,0.75,0.0,1.0,0.0,0.0,1.0,1.0,0.75,0.0,1.0,0.75,1.0,0.0,0.0,0.83,0.67,0.83,0.33,0.67,0.17,0.67,0.5,1.0,0.25,1.0,0.25,0.5,0.5,0.75
368,0.0,0.25,1.0,0.0,0.0,0.0,0.0,0.0,0.25,1.0,0.0,0.25,1.0,0.0,0.0,1.0,1.0,0.0,0.0,0.0,0.0,0.0,1.0,1.0,0.0,0.0,0.0,0.75,1.0,1.0,0.0,1.0,0.0,1.0,1.0,1.0,1.0,0.0,1.0,0.0,0.25,0.0,0.0,1.0,1.0,0.0,1.0,1.0,0.0,1.0,1.0,0.0,0.0,1.0,1.0,0.0,1.0,0.25,1.0,1.0,1.0,1.0,0.0,0.67,0.0,0.83,0.33,0.5,0.5,0.5,0.25,0.75,0.75,1.0,0.25
374,1.0,0.25,1.0,1.0,0.0,0.0,0.0,0.0,1.0,0.75,0.25,0.0,0.0,1.0,0.25,0.25,0.75,0.25,1.0,1.0,0.25,1.0,1.0,1.0,0.0,0.0,0.0,0.25,1.0,1.0,0.0,1.0,0.25,0.75,1.0,0.75,0.25,0.25,0.75,0.0,0.0,0.0,0.25,0.75,1.0,1.0,0.75,0.75,0.0,0.0,0.75,1.0,1.0,1.0,0.0,0.75,1.0,0.0,0.0,0.0,0.17,1.0,0.33,0.0,1.0,0.33,0.33,0.5,0.75,0.25,0.5,0.5,0.5,0.5,0.25
386,0.75,1.0,1.0,1.0,1.0,0.75,0.25,0.75,0.25,0.0,1.0,0.25,0.75,1.0,0.25,0.75,0.0,0.75,0.25,0.25,0.25,0.25,0.0,0.0,1.0,1.0,0.25,1.0,0.25,0.75,0.75,0.25,0.25,0.25,0.75,0.0,0.75,0.25,0.25,0.75,0.75,0.75,1.0,1.0,0.25,0.75,1.0,0.25,0.75,0.25,0.25,0.25,0.75,0.25,0.0,0.75,0.0,1.0,0.0,0.0,0.33,0.17,0.67,0.5,0.5,0.17,0.67,0.5,0.5,0.5,0.75,0.25,0.5,0.5,0.5
388,0.0,0.75,1.0,1.0,0.75,0.75,0.25,0.0,0.25,0.0,0.25,0.0,0.25,1.0,0.0,0.25,0.0,0.0,0.75,0.75,0.25,1.0,0.25,0.0,0.0,0.75,0.0,1.0,0.25,1.0,0.75,0.75,0.25,0.75,1.0,0.0,1.0,0.25,0.75,0.75,0.0,0.25,0.75,1.0,1.0,0.75,0.75,0.0,0.25,0.0,0.25,1.0,1.0,0.25,0.0,0.75,0.75,0.75,0.25,0.0,1.0,0.67,0.17,0.5,0.67,0.33,0.67,0.75,0.75,0.5,0.75,0.25,0.5,0.75,0.25
389,0.75,1.0,1.0,1.0,1.0,0.75,0.75,0.75,0.25,0.0,1.0,0.75,0.75,1.0,0.25,0.75,0.25,0.75,0.75,0.25,0.25,1.0,0.0,0.0,1.0,1.0,0.25,0.75,1.0,1.0,0.75,0.25,0.25,0.0,0.75,0.75,0.0,0.0,0.75,0.75,0.75,1.0,0.75,1.0,1.0,0.75,0.75,0.0,1.0,0.25,0.0,1.0,1.0,0.25,0.0,1.0,0.25,0.75,0.0,0.0,0.0,0.17,0.67,0.0,0.67,0.5,0.33,0.5,0.75,0.5,0.5,0.25,0.5,0.5,0.5
391,0.75,0.75,0.75,0.25,1.0,1.0,0.25,1.0,0.25,0.25,0.75,0.75,0.75,1.0,0.25,0.25,0.0,0.75,0.25,0.75,0.75,0.75,0.0,0.75,1.0,0.75,0.75,0.75,0.25,0.25,0.75,0.0,1.0,0.0,0.25,0.75,0.75,0.75,0.25,1.0,1.0,1.0,1.0,1.0,0.25,0.75,1.0,0.25,1.0,0.75,0.0,0.25,0.25,1.0,0.25,0.75,0.25,1.0,0.25,0.25,0.33,0.17,0.67,0.17,0.67,0.17,1.0,0.75,1.0,0.5,1.0,0.0,0.5,0.25,1.0
392,0.0,1.0,1.0,0.0,1.0,1.0,0.75,0.75,0.0,0.0,0.25,1.0,0.0,1.0,1.0,1.0,0.0,1.0,1.0,1.0,1.0,1.0,0.0,1.0,1.0,1.0,1.0,1.0,0.0,0.0,1.0,0.0,1.0,0.0,0.0,0.0,1.0,1.0,0.0,1.0,1.0,1.0,1.0,1.0,0.75,1.0,1.0,0.0,1.0,0.0,0.0,0.0,0.0,1.0,0.0,1.0,0.0,1.0,0.0,0.0,0.0,0.0,1.0,0.0,0.17,0.0,1.0,1.0,1.0,0.75,1.0,0.0,0.0,0.0,1.0
395,0.0,0.75,1.0,0.0,0.0,0.75,0.0,0.0,0.0,1.0,0.25,1.0,0.0,0.25,0.0,0.75,1.0,0.0,1.0,1.0,0.0,0.75,1.0,0.0,0.0,1.0,0.75,1.0,0.75,0.75,0.0,1.0,0.0,1.0,0.75,1.0,1.0,0.0,0.0,0.75,0.25,0.0,0.25,1.0,0.75,0.0,0.0,1.0,0.0,0.75,0.75,0.0,0.0,0.75,0.75,0.0,1.0,0.0,0.75,1.0,0.33,1.0,0.0,0.0,0.33,0.67,0.0,0.5,0.5,0.5,0.25,1.0,0.75,0.75,0.0
398,0.25,0.75,0.25,0.0,0.25,0.75,0.25,0.25,0.25,0.0,0.25,1.0,0.25,0.75,0.0,0.75,0.25,0.0,0.75,1.0,0.75,0.75,0.75,0.25,0.75,0.75,0.0,0.75,0.0,0.25,0.75,1.0,0.25,0.25,0.25,0.25,1.0,1.0,0.0,0.0,1.0,1.0,1.0,1.0,0.25,0.75,0.75,0.0,0.0,1.0,1.0,1.0,0.0,0.0,0.25,0.25,0.75,1.0,0.25,1.0,1.0,1.0,0.83,0.83,0.33,0.67,0.83,0.75,0.75,0.75,0.75,0.75,1.0,1.0,0.75
404,0.0,1.0,0.75,0.0,1.0,1.0,1.0,0.0,0.0,0.25,0.75,1.0,0.0,1.0,1.0,1.0,0.0,1.0,1.0,1.0,1.0,1.0,0.0,1.0,1.0,1.0,1.0,1.0,0.0,0.0,1.0,0.0,1.0,0.0,0.25,0.0,1.0,0.25,0.0,1.0,1.0,1.0,1.0,1.0,1.0,1.0,1.0,0.0,1.0,0.0,0.0,0.0,0.75,1.0,0.0,1.0,0.0,1.0,0.0,0.0,0.0,0.0,1.0,0.0,0.67,0.0,1.0,1.0,1.0,1.0,1.0,0.0,0.25,0.0,0.75
406,0.25,1.0,1.0,1.0,0.75,0.75,0.0,0.25,0.75,0.0,0.75,0.75,0.75,1.0,0.25,0.75,0.0,0.75,0.0,0.0,0.25,0.75,0.0,0.0,1.0,1.0,0.75,1.0,1.0,0.75,0.75,0.0,0.75,0.75,0.75,0.0,0.75,0.25,0.75,0.75,0.75,0.75,0.75,1.0,0.75,0.75,1.0,0.0,0.0,0.25,0.25,0.25,1.0,0.75,0.0,0.75,0.0,1.0,0.0,0.0,0.83,0.67,0.5,0.5,0.83,0.67,0.83,0.5,0.5,0.75,0.75,0.25,0.5,0.5,0.75
409,0.75,1.0,0.25,1.0,1.0,0.25,0.0,0.25,0.75,0.25,0.75,1.0,0.25,1.0,1.0,1.0,0.0,1.0,1.0,0.75,1.0,1.0,0.25,1.0,1.0,0.75,0.75,1.0,1.0,1.0,1.0,0.75,0.75,1.0,0.75,0.25,0.75,0.75,0.0,0.75,1.0,1.0,0.75,1.0,1.0,1.0,1.0,0.0,1.0,1.0,0.75,1.0,1.0,1.0,0.0,1.0,1.0,1.0,0.0,0.0,0.0,0.83,0.5,0.0,0.83,0.17,0.67,0.75,1.0,0.0,0.5,0.5,0.5,0.75,0.75
411,0.0,1.0,0.25,0.0,1.0,1.0,0.25,0.25,0.0,0.0,0.75,1.0,0.0,1.0,1.0,1.0,0.0,1.0,1.0,1.0,1.0,1.0,0.0,1.0,1.0,1.0,1.0,1.0,0.25,0.75,1.0,0.0,1.0,0.25,0.75,0.0,1.0,0.25,0.0,1.0,1.0,1.0,1.0,1.0,1.0,0.75,1.0,0.0,1.0,0.0,0.0,0.25,1.0,1.0,0.0,1.0,0.75,1.0,0.0,0.0,0.17,0.17,1.0,0.0,0.83,0.0,0.83,1.0,0.75,0.5,0.75,0.0,0.5,0.0,1.0
433,0.0,0.0,1.0,1.0,0.0,0.0,1.0,0.0,1.0,1.0,0.0,0.0,1.0,0.0,0.0,0.25,1.0,0.0,0.0,0.0,0.0,0.25,1.0,1.0,0.0,0.0,0.0,0.0,1.0,1.0,1.0,1.0,0.0,1.0,1.0,1.0,1.0,0.0,1.0,1.0,0.75,0.25,0.0,0.0,0.75,0.0,1.0,1.0,0.0,1.0,1.0,0.0,0.0,0.0,1.0,0.25,0.75,0.0,0.75,1.0,0.33,0.67,0.33,0.67,0.33,1.0,0.33,0.25,0.25,0.75,0.25,1.0,1.0,0.75,0.25
440,0.0,1.0,0.75,0.0,1.0,1.0,0.75,1.0,0.0,0.0,1.0,1.0,0.0,1.0,1.0,1.0,0.0,1.0,1.0,0.75,1.0,1.0,0.25,1.0,1.0,0.75,1.0,1.0,0.25,0.0,1.0,0.25,0.0,0.0,0.25,0.0,1.0,0.75,0.0,1.0,1.0,1.0,1.0,0.75,1.0,0.75,1.0,0.0,1.0,0.25,0.25,0.25,0.75,1.0,0.0,1.0,0.25,1.0,0.0,0.0,0.0,0.17,1.0,0.0,1.0,0.33,1.0,1.0,1.0,0.5,1.0,0.0,0.5,0.25,0.75
449,0.25,0.75,1.0,1.0,0.75,0.75,0.0,0.0,0.25,0.0,0.25,0.75,0.75,0.75,0.25,0.75,0.0,0.75,0.75,0.75,0.75,1.0,0.25,0.25,0.25,0.25,0.0,0.75,0.25,1.0,0.75,0.75,0.25,0.75,0.75,0.0,1.0,0.25,0.75,0.25,0.25,0.25,0.75,0.75,1.0,1.0,0.75,0.25,1.0,0.0,0.75,1.0,1.0,0.75,0.0,1.0,0.25,0.75,0.0,0.0,0.5,0.83,0.67,0.33,0.83,0.67,0.83,0.75,0.75,0.5,0.5,0.5,0.5,0.5,0.5
450,0.0,1.0,1.0,0.0,1.0,1.0,1.0,0.0,0.0,0.0,0.0,1.0,0.0,1.0,1.0,1.0,0.0,1.0,1.0,1.0,0.0,1.0,0.0,1.0,1.0,1.0,1.0,1.0,0.0,0.0,1.0,0.0,1.0,0.0,0.25,0.0,1.0,0.0,0.0,0.25,1.0,1.0,1.0,1.0,0.75,1.0,1.0,0.0,1.0,1.0,0.0,0.0,0.0,1.0,0.0,0.0,0.0,1.0,0.0,0.25,0.0,0.0,1.0,0.0,0.33,0.17,1.0,1.0,1.0,0.75,0.75,0.0,0.0,0.25,0.75
458,0.0,1.0,0.75,0.0,1.0,1.0,1.0,0.0,0.0,0.25,1.0,1.0,0.0,1.0,1.0,1.0,0.0,1.0,1.0,1.0,1.0,1.0,0.0,1.0,1.0,1.0,1.0,1.0,0.0,0.0,1.0,0.0,1.0,0.0,0.25,0.25,1.0,0.0,0.0,1.0,1.0,1.0,1.0,1.0,1.0,1.0,1.0,0.0,1.0,0.0,0.0,0.0,0.75,1.0,0.0,1.0,0.0,1.0,0.0,0.0,0.0,0.0,1.0,0.0,0.83,0.0,1.0,1.0,1.0,1.0,1.0,0.25,0.0,0.0,1.0
466,0.75,0.75,0.75,0.0,1.0,0.75,0.0,0.0,1.0,0.0,1.0,0.0,0.0,1.0,0.75,1.0,0.25,1.0,1.0,0.75,0.0,1.0,1.0,1.0,0.0,0.25,1.0,0.0,1.0,1.0,0.25,1.0,0.25,1.0,0.75,0.75,0.25,0.75,0.25,1.0,0.75,1.0,0.75,0.25,1.0,1.0,0.25,0.75,0.25,1.0,1.0,0.75,0.25,1.0,0.0,0.75,1.0,0.0,0.25,1.0,0.0,0.83,0.33,0.17,1.0,0.0,0.67,0.25,1.0,0.5,0.25,0.75,0.5,0.5,0.75
469,0.75,0.25,0.75,0.75,0.0,0.0,0.0,0.0,1.0,0.75,0.25,0.0,0.25,0.25,0.0,1.0,1.0,0.0,0.0,0.75,0.0,0.0,1.0,1.0,0.25,1.0,0.0,0.75,0.25,0.75,0.0,1.0,0.0,1.0,1.0,1.0,0.25,0.0,0.25,1.0,0.0,0.25,0.25,0.75,0.75,0.25,0.25,1.0,0.0,0.25,1.0,0.0,0.0,0.0,1.0,0.0,0.75,0.75,1.0,1.0,1.0,1.0,0.0,1.0,0.83,1.0,0.0,0.0,1.0,0.75,0.25,0.75,0.75,0.75,0.5
480,0.75,0.75,1.0,1.0,1.0,0.25,0.0,0.0,0.25,0.0,0.25,0.75,0.25,0.75,0.25,0.25,0.0,0.0,0.75,1.0,0.75,1.0,0.25,0.0,0.25,0.25,0.25,1.0,0.25,1.0,1.0,0.75,0.25,0.25,1.0,0.0,0.75,0.25,0.25,0.25,0.25,0.75,0.75,1.0,1.0,0.75,0.75,0.0,0.25,0.0,0.75,1.0,1.0,0.25,0.0,0.75,0.75,0.75,0.0,0.0,0.83,0.67,0.67,0.33,0.83,0.5,0.67,0.75,0.75,0.5,0.5,0.5,0.5,0.75,0.5
492,0.25,1.0,0.75,0.0,1.0,1.0,1.0,1.0,0.0,0.0,1.0,1.0,0.0,1.0,1.0,1.0,0.0,1.0,1.0,0.0,1.0,1.0,0.0,0.75,1.0,1.0,1.0,1.0,0.0,0.0,1.0,0.0,1.0,0.0,0.0,0.0,1.0,1.0,0.0,1.0,1.0,1.0,1.0,1.0,1.0,1.0,1.0,0.0,1.0,0.0,0.0,0.0,1.0,1.0,0.0,0.75,0.0,1.0,0.0,0.0,0.0,0.0,1.0,0.0,0.5,0.0,1.0,1.0,1.0,0.25,0.75,0.0,0.0,0.0,1.0
506,0.25,0.75,0.75,0.25,0.75,0.75,0.75,0.75,0.75,0.25,0.25,0.75,0.75,0.75,0.25,0.25,0.25,0.25,0.75,0.0,0.0,0.25,0.75,0.0,0.75,0.25,0.75,0.75,0.75,0.25,0.75,0.25,0.25,0.75,0.25,0.25,0.75,0.75,0.75,0.75,0.75,0.75,0.75,0.75,0.75,0.75,0.75,0.25,0.0,0.75,0.25,0.75,0.25,0.75,0.25,0.75,0.75,0.75,0.25,0.25,0.83,0.67,0.67,0.33,0.67,0.67,0.67,0.75,0.75,0.5,0.5,0.25,0.5,0.25,0.75
520,0.0,1.0,1.0,0.0,1.0,1.0,0.25,0.75,0.0,0.0,0.75,1.0,0.0,1.0,1.0,1.0,0.0,1.0,1.0,1.0,1.0,1.0,0.0,1.0,1.0,1.0,1.0,1.0,0.0,0.25,1.0,0.0,1.0,0.0,0.0,0.0,1.0,1.0,0.0,1.0,1.0,1.0,1.0,1.0,0.25,1.0,1.0,0.0,1.0,0.75,0.0,0.0,0.25,1.0,0.0,1.0,0.0,1.0,0.0,0.0,0.0,0.0,1.0,0.0,0.67,0.0,1.0,1.0,1.0,0.5,1.0,0.0,0.0,0.0,1.0
521,1.0,0.75,1.0,0.0,0.0,1.0,0.0,1.0,1.0,0.0,0.0,0.0,0.0,0.0,0.0,0.0,0.0,1.0,0.0,0.0,0.0,1.0,1.0,0.75,0.0,1.0,1.0,1.0,1.0,0.0,0.75,0.0,1.0,0.75,0.0,0.0,1.0,1.0,0.0,0.25,0.0,1.0,1.0,1.0,0.0,0.75,1.0,0.0,0.0,1.0,1.0,1.0,0.25,0.25,1.0,1.0,0.75,1.0,0.75,1.0,1.0,1.0,0.0,0.33,0.0,0.0,1.0,1.0,1.0,1.0,1.0,0.0,1.0,1.0,0.25
525,1.0,0.25,0.75,0.25,0.0,0.0,0.0,0.25,0.75,0.75,0.25,0.0,0.25,0.0,0.0,0.25,0.75,0.25,1.0,0.75,0.75,1.0,1.0,1.0,0.25,0.25,0.0,0.25,1.0,0.75,0.25,0.75,0.25,1.0,0.75,1.0,0.0,0.25,0.25,0.25,0.25,0.25,0.25,0.0,1.0,1.0,0.0,0.75,0.0,0.25,0.75,0.0,0.25,0.25,0.0,0.0,0.75,0.0,0.0,0.25,1.0,1.0,0.17,0.5,1.0,0.5,0.0,0.25,0.75,0.5,0.25,0.5,0.5,0.5,0.25
535,0.0,1.0,0.75,0.0,1.0,1.0,0.75,0.25,0.0,0.0,0.75,1.0,0.0,1.0,1.0,0.75,0.0,1.0,1.0,1.0,1.0,1.0,0.0,1.0,0.75,1.0,1.0,1.0,0.0,0.25,1.0,0.0,1.0,0.25,0.75,0.0,1.0,0.25,0.25,1.0,1.0,1.0,1.0,1.0,1.0,0.75,1.0,0.0,1.0,0.0,0.0,0.25,0.75,1.0,0.0,1.0,0.25,1.0,0.0,0.0,0.0,0.17,1.0,0.0,0.67,0.0,1.0,0.75,0.75,0.5,0.75,0.25,0.5,0.25,0.75
536,0.0,1.0,0.75,0.0,1.0,1.0,0.75,1.0,0.0,0.0,1.0,1.0,0.0,1.0,1.0,0.75,0.0,1.0,1.0,0.25,1.0,1.0,0.0,1.0,1.0,1.0,1.0,1.0,0.0,0.25,1.0,0.0,1.0,0.25,0.75,0.0,1.0,0.25,0.25,1.0,1.0,1.0,1.0,1.0,1.0,1.0,1.0,0.0,1.0,0.0,0.0,0.25,0.75,1.0,0.0,1.0,0.75,1.0,0.0,0.0,0.17,0.83,1.0,0.0,1.0,0.17,1.0,1.0,1.0,0.5,1.0,0.5,0.5,0.0,0.75
539,0.25,0.75,0.75,0.0,0.75,0.75,0.25,0.75,0.25,0.25,0.25,0.75,0.25,1.0,0.75,0.75,0.25,0.25,0.75,0.75,0.25,1.0,0.75,0.75,0.25,0.75,1.0,0.75,0.75,0.25,1.0,0.75,0.25,0.75,0.75,0.75,1.0,0.75,0.0,0.75,0.75,0.75,0.25,1.0,0.75,0.75,0.25,0.75,0.25,0.75,0.75,0.25,0.25,1.0,0.75,0.25,0.25,0.75,0.25,0.75,0.0,0.5,0.67,0.33,0.5,0.33,0.67,0.5,0.75,0.5,0.75,0.5,0.25,0.5,0.75
545,0.0,0.75,0.75,0.0,0.75,1.0,0.0,0.25,0.0,1.0,0.25,0.75,0.0,1.0,0.0,0.25,0.0,0.25,0.25,0.75,0.75,0.75,0.25,0.0,1.0,0.25,1.0,1.0,0.0,0.0,0.75,0.0,0.75,0.25,0.0,0.0,0.75,0.0,0.0,0.25,1.0,0.75,1.0,1.0,0.25,0.75,1.0,0.25,0.75,0.25,0.25,0.0,0.0,1.0,0.75,0.25,0.0,1.0,0.25,0.25,0.0,0.0,1.0,0.5,0.17,0.0,0.83,0.75,0.5,0.25,0.75,0.0,0.5,0.5,0.75
557,0.25,0.25,0.75,0.25,0.25,0.25,0.75,0.25,0.25,0.25,0.75,0.0,0.25,0.75,0.0,0.25,0.75,0.25,0.25,0.0,0.0,0.75,0.75,0.75,0.0,0.25,0.75,1.0,1.0,0.25,0.75,0.75,0.0,0.75,0.75,1.0,1.0,0.25,0.75,0.25,0.75,0.75,0.75,0.75,0.75,0.75,0.75,0.75,0.0,0.25,1.0,0.75,0.0,0.25,0.25,0.25,0.75,0.75,0.25,0.75,0.83,0.83,0.33,0.83,0.67,0.67,0.67,0.75,0.75,0.75,0.75,0.75,0.75,0.75,0.75
558,0.0,1.0,0.75,0.0,1.0,1.0,0.25,0.0,0.0,0.0,0.25,1.0,0.0,1.0,1.0,0.25,0.0,1.0,1.0,0.75,1.0,1.0,0.0,1.0,1.0,1.0,1.0,1.0,0.0,0.25,1.0,0.0,1.0,0.0,0.75,0.0,1.0,0.75,0.25,1.0,1.0,1.0,1.0,1.0,0.75,1.0,1.0,0.0,1.0,0.25,0.0,0.0,1.0,1.0,0.0,1.0,0.0,1.0,0.0,0.0,0.33,0.0,1.0,0.0,0.33,0.17,1.0,0.75,0.75,0.5,1.0,0.0,0.5,0.25,0.75
563,0.0,1.0,0.75,0.0,1.0,1.0,0.75,1.0,0.25,0.25,0.25,0.75,0.25,1.0,1.0,1.0,0.0,1.0,1.0,1.0,0.75,1.0,1.0,1.0,1.0,1.0,1.0,1.0,0.75,0.75,1.0,0.25,1.0,0.0,1.0,0.0,1.0,0.0,0.0,1.0,1.0,1.0,1.0,1.0,1.0,1.0,1.0,1.0,1.0,1.0,0.0,0.0,1.0,0.0,0.0,1.0,0.75,1.0,0.0,0.0,0.33,0.17,0.67,0.83,1.0,0.33,1.0,0.75,1.0,0.25,1.0,0.0,1.0,0.0,1.0
571,0.0,1.0,1.0,0.0,1.0,1.0,0.0,0.0,0.0,0.25,0.0,1.0,0.0,1.0,1.0,1.0,0.0,1.0,1.0,0.75,1.0,1.0,0.0,1.0,1.0,1.0,1.0,1.0,0.0,0.0,1.0,0.0,1.0,0.0,0.0,0.0,1.0,1.0,0.0,1.0,1.0,1.0,1.0,1.0,0.75,1.0,1.0,0.0,1.0,0.0,0.0,0.0,0.75,1.0,0.0,1.0,0.0,1.0,0.0,0.0,0.0,0.33,1.0,0.0,0.83,0.0,1.0,0.75,1.0,0.5,1.0,0.0,0.5,0.0,1.0
572,0.0,1.0,1.0,0.0,1.0,1.0,0.0,0.0,0.0,0.0,0.25,1.0,0.0,1.0,1.0,1.0,0.0,1.0,1.0,0.25,1.0,1.0,0.0,1.0,1.0,1.0,1.0,1.0,0.0,0.0,1.0,0.0,1.0,0.0,0.25,0.0,1.0,0.75,0.0,1.0,1.0,1.0,1.0,1.0,1.0,0.25,1.0,0.0,1.0,0.75,0.0,0.0,0.0,1.0,0.0,1.0,0.0,1.0,0.0,0.0,0.0,0.0,1.0,0.0,0.83,0.0,1.0,1.0,1.0,0.75,1.0,0.0,0.25,0.0,1.0
576,0.0,0.75,1.0,1.0,1.0,0.25,0.0,0.75,0.25,0.0,0.25,0.75,0.75,0.75,0.0,0.75,0.0,0.0,0.75,0.75,0.25,1.0,0.25,0.0,1.0,0.25,0.25,1.0,0.25,1.0,0.75,0.25,1.0,0.75,0.75,0.0,1.0,0.75,0.25,0.75,0.75,0.75,0.75,1.0,0.75,0.75,0.75,0.25,0.25,0.0,0.0,0.75,0.75,0.75,0.0,0.75,0.75,0.75,0.0,0.0,0.83,0.67,0.5,0.0,0.5,0.5,0.83,0.5,0.75,0.25,0.75,0.5,0.5,0.25,0.5
596,0.0,0.0,0.0,1.0,1.0,0.0,1.0,0.0,1.0,0.75,0.25,0.0,0.75,1.0,0.0,0.0,1.0,0.0,0.25,1.0,0.0,0.0,1.0,0.75,0.0,0.0,0.0,0.0,1.0,1.0,0.0,1.0,0.0,1.0,0.0,1.0,1.0,0.0,1.0,0.0,0.0,0.0,0.0,0.0,1.0,0.0,0.0,1.0,0.0,1.0,0.75,0.0,0.0,0.0,1.0,0.0,1.0,0.0,1.0,1.0,0.83,1.0,0.0,0.83,0.83,1.0,0.0,0.0,0.5,0.75,0.25,0.5,1.0,1.0,0.0
598,0.25,1.0,1.0,0.25,1.0,1.0,0.75,0.75,0.0,0.0,1.0,0.75,0.75,1.0,0.75,1.0,0.0,1.0,0.75,1.0,1.0,1.0,0.0,0.0,1.0,1.0,1.0,1.0,0.75,0.75,1.0,0.0,0.75,0.0,0.75,0.0,0.75,0.25,0.75,1.0,1.0,0.75,1.0,1.0,0.75,0.75,1.0,0.0,1.0,0.25,0.0,0.75,0.75,0.25,0.0,1.0,0.0,1.0,0.0,0.0,0.67,0.17,0.83,0.33,0.67,0.17,1.0,0.75,1.0,0.5,1.0,0.25,0.5,0.25,0.75
605,0.0,1.0,1.0,0.0,1.0,1.0,0.25,0.75,0.0,0.0,0.75,0.0,0.75,1.0,1.0,1.0,0.0,1.0,1.0,1.0,1.0,1.0,0.0,1.0,1.0,1.0,1.0,1.0,0.0,0.75,1.0,0.25,0.75,0.25,1.0,0.25,1.0,0.75,0.0,0.25,1.0,1.0,1.0,1.0,1.0,1.0,1.0,0.0,0.75,0.0,0.0,0.75,0.75,1.0,0.0,1.0,0.75,1.0,0.0,0.0,0.17,0.33,0.83,0.0,0.83,0.0,1.0,1.0,0.75,0.5,1.0,0.25,0.25,0.0,0.75
614,1.0,1.0,1.0,0.75,1.0,1.0,0.75,0.75,0.25,0.0,1.0,0.25,0.75,1.0,0.25,0.75,0.0,0.75,0.25,0.0,0.25,0.25,0.0,0.0,1.0,1.0,0.25,1.0,0.75,0.25,1.0,0.25,0.75,0.25,0.75,0.0,0.75,0.25,0.0,0.75,1.0,0.75,0.75,1.0,0.75,0.75,0.75,0.0,0.75,0.25,0.25,0.25,1.0,0.25,0.0,0.75,0.0,0.0,0.0,0.0,0.83,0.83,0.17,0.0,1.0,0.33,0.83,0.5,0.5,0.25,0.75,0.0,0.5,0.5,0.5
616,0.25,0.75,1.0,1.0,1.0,0.25,0.0,0.0,0.25,0.0,0.25,0.25,0.25,0.75,0.0,0.25,0.0,0.0,0.75,1.0,1.0,1.0,0.0,0.25,0.25,0.25,0.0,1.0,0.75,1.0,1.0,0.75,0.25,0.75,0.75,0.0,1.0,0.25,0.25,0.25,0.0,0.25,0.25,1.0,1.0,0.75,0.75,0.0,0.75,0.0,0.75,1.0,1.0,0.75,0.0,0.75,0.75,0.25,0.0,0.0,0.83,0.5,0.5,0.33,0.83,0.5,0.67,0.75,0.75,0.5,0.75,0.5,0.5,0.75,0.5
617,0.75,0.25,0.75,0.0,0.25,0.25,0.75,0.0,0.25,0.25,0.25,1.0,0.25,0.25,0.25,0.75,0.0,0.0,1.0,1.0,0.0,1.0,0.25,1.0,0.0,0.25,0.75,0.75,1.0,0.25,0.25,0.25,0.75,1.0,0.25,0.0,0.75,0.75,0.25,0.75,0.75,0.75,0.75,1.0,0.25,0.75,0.75,0.75,0.0,0.0,0.0,1.0,1.0,0.75,0.0,0.25,0.25,0.0,0.0,0.0,0.33,0.67,0.0,0.17,0.33,0.0,0.67,0.5,0.75,0.5,0.5,0.5,0.5,0.5,0.5
625,0.0,1.0,0.25,0.0,1.0,1.0,0.25,0.25,0.0,0.0,1.0,1.0,0.0,1.0,1.0,0.75,0.0,1.0,1.0,0.25,1.0,1.0,0.0,1.0,0.75,1.0,1.0,1.0,0.0,0.0,1.0,0.0,1.0,0.25,0.75,0.0,1.0,0.25,0.75,1.0,1.0,1.0,1.0,1.0,1.0,1.0,1.0,0.0,1.0,0.0,0.0,0.25,0.75,1.0,0.0,1.0,0.25,1.0,0.0,0.0,0.0,0.17,1.0,0.0,0.67,0.0,1.0,0.75,1.0,0.5,1.0,0.25,0.75,0.0,1.0
628,0.0,1.0,1.0,1.0,1.0,0.0,0.25,0.75,0.0,0.0,0.25,0.75,0.75,1.0,0.0,0.25,0.25,0.0,1.0,0.75,0.75,1.0,0.0,0.0,0.25,0.75,0.25,1.0,0.75,1.0,1.0,0.75,0.75,0.25,0.75,0.0,0.75,0.75,0.25,0.75,0.75,0.75,0.75,1.0,1.0,1.0,0.75,0.0,0.25,0.0,1.0,1.0,1.0,0.75,0.0,1.0,0.25,1.0,0.0,0.0,0.67,0.5,0.67,0.17,0.83,0.33,0.83,0.75,0.75,0.25,0.75,0.5,0.5,0.75,0.5
636,1.0,0.25,1.0,0.75,0.75,0.0,0.0,0.75,0.75,0.25,1.0,0.25,0.25,0.75,0.75,0.75,0.25,0.75,1.0,1.0,1.0,1.0,0.75,1.0,0.0,0.25,0.75,0.25,1.0,1.0,0.0,0.25,0.25,0.25,0.75,0.25,0.0,0.75,0.0,0.75,1.0,0.25,0.25,0.25,1.0,0.75,0.75,0.0,1.0,0.75,0.25,1.0,1.0,0.0,0.25,1.0,1.0,0.75,0.0,0.0,0.5,0.83,0.67,0.0,0.5,0.67,0.67,0.25,0.75,0.0,0.75,0.25,0.75,0.0,0.25
637,0.25,0.25,0.75,0.75,1.0,0.75,0.0,0.0,0.25,0.25,0.25,0.75,0.25,0.75,0.25,0.25,0.25,0.75,0.75,0.75,0.75,1.0,0.75,1.0,0.0,0.75,0.25,0.75,0.25,0.25,0.75,0.75,0.25,0.75,0.25,0.75,0.75,0.25,0.25,0.25,0.75,0.75,0.75,0.25,0.25,0.25,0.25,0.25,0.75,0.75,0.0,0.25,0.25,0.75,0.0,0.75,0.75,0.75,0.0,0.0,0.5,0.67,0.33,0.0,0.83,0.17,0.5,0.5,0.75,0.5,0.5,0.5,0.5,0.25,0.5
639,0.0,1.0,0.25,0.0,1.0,1.0,0.25,1.0,0.0,0.0,1.0,1.0,0.0,0.75,1.0,0.25,0.0,1.0,1.0,0.0,1.0,1.0,0.0,1.0,1.0,0.0,1.0,1.0,0.0,0.0,1.0,0.0,1.0,0.0,0.25,0.0,1.0,1.0,0.75,1.0,1.0,1.0,1.0,1.0,0.75,1.0,1.0,0.0,0.0,0.75,0.0,0.0,0.0,1.0,0.0,1.0,0.0,1.0,0.0,0.0,0.67,0.33,0.67,0.17,0.33,0.17,1.0,0.75,0.75,0.75,0.75,0.0,0.75,0.0,0.75
650,0.0,0.75,1.0,1.0,1.0,0.25,0.0,0.25,0.25,0.0,0.25,0.75,0.75,0.75,0.0,0.25,0.0,0.0,0.75,0.75,0.25,1.0,0.25,0.0,0.0,0.75,0.0,1.0,0.25,1.0,0.75,0.75,0.25,0.25,0.75,0.0,1.0,0.25,0.25,0.25,0.0,0.25,0.75,1.0,1.0,0.75,0.75,0.0,0.0,0.0,0.75,1.0,1.0,0.75,0.0,0.75,0.25,0.75,0.0,0.0,0.83,0.5,0.33,0.5,0.67,0.5,0.67,0.75,0.5,0.5,0.5,0.5,0.5,0.75,0.5
668,0.0,1.0,0.75,0.0,1.0,1.0,0.0,0.25,0.0,0.25,0.25,0.75,0.0,1.0,1.0,0.75,0.0,1.0,0.75,0.75,1.0,1.0,0.0,1.0,1.0,1.0,1.0,1.0,0.0,0.25,1.0,0.0,1.0,0.25,0.75,0.0,1.0,0.0,0.0,0.75,0.75,1.0,1.0,1.0,1.0,0.75,1.0,0.25,0.75,1.0,0.0,0.75,0.75,1.0,0.0,1.0,0.25,1.0,0.0,0.0,0.17,0.0,0.83,0.0,0.83,0.17,0.83,0.75,0.75,0.5,0.75,0.25,0.5,0.5,0.5
670,0.75,1.0,1.0,1.0,0.0,0.0,0.0,0.0,0.75,0.0,0.0,0.0,0.75,0.75,0.0,0.25,0.0,0.0,0.0,0.0,0.0,0.0,0.75,0.25,0.0,0.0,0.0,0.75,0.25,1.0,0.0,1.0,0.0,1.0,0.75,1.0,0.75,0.0,1.0,0.0,0.0,0.0,0.0,0.0,1.0,0.0,0.25,1.0,0.0,1.0,1.0,0.25,0.0,0.75,0.25,0.25,0.75,0.25,0.75,0.75,0.83,0.83,0.5,1.0,0.67,0.5,0.0,0.5,0.5,0.5,0.5,0.5,0.5,0.75,0.5
672,0.0,1.0,1.0,0.0,1.0,1.0,1.0,1.0,0.0,0.25,1.0,1.0,0.0,1.0,1.0,1.0,0.0,1.0,1.0,1.0,0.75,1.0,0.25,0.75,1.0,1.0,1.0,1.0,0.0,0.25,1.0,0.0,0.75,1.0,0.25,0.0,1.0,0.75,1.0,1.0,1.0,1.0,1.0,1.0,0.75,0.75,1.0,0.0,0.25,0.75,0.0,0.25,0.0,1.0,0.0,0.75,0.75,1.0,0.0,0.25,0.0,0.0,1.0,0.0,0.0,0.0,1.0,1.0,1.0,0.75,1.0,0.0,0.5,0.0,0.75
674,0.0,1.0,1.0,0.0,1.0,1.0,0.0,1.0,0.0,0.0,0.75,1.0,0.75,1.0,1.0,1.0,0.0,1.0,1.0,1.0,1.0,1.0,0.0,1.0,1.0,1.0,1.0,1.0,0.0,0.0,1.0,0.0,1.0,0.0,0.0,0.0,0.75,1.0,0.0,1.0,1.0,1.0,1.0,1.0,0.0,1.0,1.0,0.0,0.75,1.0,0.0,1.0,1.0,0.75,0.0,1.0,0.0,1.0,0.0,0.0,0.17,0.0,0.83,0.0,0.67,0.0,1.0,1.0,0.75,0.5,1.0,0.0,0.25,0.0,1.0
686,1.0,0.25,0.0,0.25,1.0,1.0,1.0,0.75,0.25,0.0,1.0,0.75,1.0,1.0,1.0,0.75,0.25,1.0,1.0,1.0,1.0,1.0,0.75,1.0,1.0,0.75,0.25,1.0,1.0,1.0,0.0,0.0,1.0,0.75,1.0,1.0,0.75,0.0,0.0,0.75,1.0,0.75,0.0,1.0,1.0,1.0,0.75,0.25,1.0,0.0,0.0,1.0,1.0,0.25,0.0,1.0,0.0,1.0,0.0,0.0,0.83,0.33,0.67,0.0,1.0,0.17,0.67,0.5,0.75,0.25,1.0,0.0,0.5,0.75,1.0
690,0.75,0.0,0.75,0.75,0.0,0.0,0.0,0.0,1.0,1.0,0.0,0.0,1.0,0.25,0.0,0.0,1.0,0.0,0.0,0.25,0.0,0.75,1.0,0.0,0.0,0.0,0.0,1.0,1.0,1.0,0.0,1.0,0.0,1.0,0.75,1.0,0.75,0.0,1.0,0.0,0.25,0.0,0.25,0.0,1.0,0.0,0.25,1.0,0.0,1.0,1.0,1.0,0.0,0.25,1.0,0.0,1.0,0.25,1.0,1.0,0.83,1.0,0.0,0.83,0.83,1.0,0.0,0.0,0.5,0.5,0.25,0.5,1.0,1.0,0.0
699,1.0,0.0,0.75,1.0,1.0,0.0,0.0,0.0,0.25,0.25,0.25,0.75,1.0,0.0,0.75,0.75,1.0,0.75,0.75,1.0,0.0,0.75,1.0,1.0,0.0,0.25,1.0,0.75,1.0,1.0,0.0,1.0,0.75,1.0,1.0,0.75,0.0,1.0,0.25,0.75,0.75,0.0,1.0,0.0,1.0,1.0,0.25,0.75,1.0,0.0,0.75,0.75,1.0,0.25,0.0,0.75,1.0,0.25,0.0,0.0,0.17,0.83,0.17,0.0,1.0,0.33,0.67,0.0,0.75,0.0,0.75,1.0,0.5,0.5,0.75
701,0.75,0.25,1.0,0.75,0.0,0.25,0.0,0.0,0.25,1.0,1.0,0.25,0.75,0.75,1.0,1.0,0.0,1.0,1.0,0.75,0.25,1.0,0.75,0.0,0.0,0.0,0.0,1.0,1.0,1.0,1.0,1.0,0.0,1.0,1.0,0.75,1.0,0.25,0.75,1.0,0.25,0.25,0.0,0.75,1.0,1.0,0.75,0.75,0.0,0.0,1.0,1.0,1.0,0.75,0.0,1.0,1.0,0.25,0.0,0.0,0.83,0.67,0.17,0.17,0.83,0.5,0.17,0.25,0.5,0.25,0.5,0.75,0.5,1.0,0.5
702,0.75,1.0,0.75,0.0,0.0,1.0,0.0,0.0,1.0,0.0,1.0,0.75,0.0,1.0,0.75,0.75,0.25,1.0,1.0,1.0,1.0,1.0,0.25,1.0,0.75,0.75,1.0,1.0,1.0,1.0,0.75,1.0,1.0,1.0,1.0,0.0,1.0,0.0,0.75,1.0,1.0,1.0,1.0,1.0,1.0,1.0,1.0,1.0,1.0,1.0,0.25,1.0,0.0,1.0,0.0,1.0,1.0,1.0,0.0,0.75,0.17,0.33,0.17,0.5,1.0,0.17,1.0,0.5,0.75,0.5,0.5,0.5,0.5,0.5,0.5
707,0.0,0.75,1.0,0.0,0.75,1.0,0.0,1.0,0.0,0.25,0.75,1.0,0.25,1.0,1.0,0.75,0.0,1.0,0.75,0.75,1.0,1.0,0.25,1.0,1.0,1.0,1.0,1.0,0.0,0.0,1.0,0.0,1.0,0.0,0.0,0.0,1.0,1.0,0.0,1.0,1.0,1.0,1.0,1.0,0.25,0.0,1.0,0.0,0.75,1.0,0.0,0.0,0.0,1.0,0.0,0.0,0.0,1.0,0.0,0.75,0.0,0.0,1.0,0.0,0.0,0.5,1.0,1.0,0.75,1.0,1.0,0.0,0.25,0.0,1.0
712,0.75,0.75,0.25,0.0,0.75,0.75,0.0,0.75,0.25,0.25,0.75,0.25,0.25,0.25,0.75,0.75,0.0,0.25,0.75,0.75,0.75,1.0,0.25,1.0,0.75,0.25,0.75,1.0,0.25,0.75,1.0,0.75,0.25,0.75,0.75,0.25,0.25,0.75,0.75,0.25,0.75,0.75,0.75,1.0,0.75,0.75,0.75,0.25,0.25,0.25,0.75,0.75,0.75,0.75,0.0,1.0,0.75,1.0,0.0,0.0,0.33,0.33,0.83,0.17,0.67,0.17,0.83,0.75,0.75,0.75,0.75,0.5,0.5,0.5,0.75
715,0.75,0.25,1.0,1.0,0.0,0.0,0.0,0.0,0.75,0.0,0.0,0.25,1.0,0.75,0.0,0.75,0.75,0.0,0.0,0.25,0.0,0.25,1.0,0.0,0.0,0.0,0.0,0.25,1.0,1.0,0.0,1.0,0.0,1.0,0.75,1.0,1.0,0.0,1.0,0.25,0.0,0.0,0.0,0.25,1.0,0.0,0.25,1.0,0.0,1.0,1.0,0.75,1.0,0.75,0.0,0.25,1.0,0.0,0.25,0.0,0.83,1.0,0.33,0.33,1.0,0.67,0.0,0.25,0.5,0.25,0.25,0.75,0.5,1.0,0.75
716,0.0,0.0,1.0,0.0,0.0,0.0,0.0,0.0,1.0,1.0,0.0,0.25,1.0,1.0,0.0,1.0,1.0,0.0,1.0,1.0,0.0,1.0,1.0,1.0,0.0,0.0,0.0,0.0,1.0,1.0,0.0,1.0,0.0,1.0,0.0,1.0,0.0,0.0,0.0,0.0,0.25,0.0,0.0,0.0,0.0,0.0,0.0,1.0,0.0,1.0,1.0,0.0,0.0,1.0,1.0,0.0,1.0,0.0,1.0,1.0,0.0,1.0,0.0,0.0,0.17,1.0,0.0,0.75,0.25,0.0,0.75,0.5,0.75,0.75,0.0
731,0.0,1.0,0.75,0.0,1.0,1.0,0.75,0.0,0.0,0.25,0.75,1.0,0.0,1.0,1.0,1.0,0.0,1.0,1.0,1.0,1.0,1.0,0.0,1.0,1.0,1.0,1.0,1.0,0.0,0.0,1.0,0.0,1.0,0.0,0.25,0.0,1.0,0.25,0.0,1.0,1.0,1.0,1.0,1.0,1.0,1.0,1.0,0.0,1.0,0.0,0.0,0.0,0.75,1.0,0.0,0.75,0.0,1.0,0.0,0.0,0.0,0.0,1.0,0.0,0.83,0.0,1.0,1.0,1.0,0.75,1.0,0.0,0.25,0.0,1.0
734,0.0,1.0,1.0,0.0,1.0,1.0,0.25,0.25,0.25,0.25,0.75,0.75,0.25,1.0,1.0,0.75,0.0,1.0,0.75,0.75,0.75,0.75,0.25,0.75,0.75,1.0,1.0,1.0,0.25,0.25,1.0,0.25,0.75,0.0,0.0,0.0,1.0,0.75,0.0,0.75,1.0,1.0,1.0,1.0,0.75,0.75,0.75,0.0,0.75,0.75,0.0,0.0,0.0,0.75,0.25,0.75,0.0,1.0,0.25,0.75,0.33,0.0,1.0,0.67,0.33,0.17,1.0,0.75,0.75,0.75,0.75,0.5,0.5,0.0,0.5
741,1.0,0.75,1.0,1.0,0.75,0.75,0.75,0.75,1.0,0.0,1.0,0.25,0.75,1.0,0.0,1.0,0.0,0.0,0.0,0.0,0.0,0.25,0.0,0.75,0.75,1.0,0.25,0.75,0.75,1.0,0.25,0.0,0.75,0.25,0.75,0.0,0.25,0.0,1.0,0.75,0.75,0.75,1.0,0.75,1.0,0.75,1.0,0.25,0.0,0.25,0.75,0.0,1.0,0.75,0.0,0.25,0.0,0.75,0.0,0.25,0.83,0.83,0.33,0.67,0.67,0.33,0.5,0.25,1.0,0.5,0.75,0.25,0.5,0.5,0.75
749,0.75,1.0,1.0,1.0,1.0,0.25,0.0,0.0,0.25,0.0,0.25,1.0,0.25,1.0,0.75,0.25,0.0,0.25,1.0,1.0,1.0,1.0,0.0,0.25,0.25,0.0,0.0,1.0,1.0,1.0,1.0,0.75,0.25,0.75,1.0,0.0,1.0,0.25,0.25,0.75,0.75,0.75,0.75,1.0,1.0,0.75,0.75,0.0,1.0,0.0,0.75,1.0,1.0,0.25,0.0,0.75,0.75,0.75,0.0,0.0,0.5,0.33,0.67,0.17,1.0,0.17,0.83,0.75,0.75,0.5,0.75,0.5,0.5,0.75,0.5
756,0.25,1.0,1.0,0.0,1.0,1.0,1.0,0.25,0.0,0.0,0.75,1.0,0.75,1.0,1.0,0.75,0.0,1.0,1.0,0.75,1.0,1.0,0.0,1.0,1.0,0.75,1.0,1.0,0.0,0.75,1.0,0.25,1.0,0.0,0.75,0.0,0.75,1.0,0.25,1.0,1.0,1.0,1.0,1.0,1.0,0.75,1.0,0.25,1.0,0.25,0.0,0.25,0.75,1.0,0.0,1.0,0.25,1.0,0.0,0.0,0.17,0.0,1.0,0.0,0.83,0.0,1.0,0.75,0.75,0.25,0.5,0.25,0.25,0.25,0.75
760,0.0,1.0,1.0,0.0,1.0,1.0,1.0,0.25,0.0,0.0,0.75,1.0,0.75,1.0,1.0,1.0,0.0,1.0,1.0,0.75,1.0,1.0,0.0,1.0,1.0,1.0,1.0,1.0,0.0,0.75,1.0,0.0,1.0,0.0,0.75,0.0,1.0,0.25,0.0,0.75,1.0,1.0,0.25,1.0,1.0,1.0,1.0,0.0,1.0,0.0,0.0,0.75,1.0,1.0,0.0,1.0,0.0,1.0,0.0,0.0,0.17,0.0,1.0,0.0,0.67,0.0,1.0,1.0,1.0,0.25,1.0,0.0,0.25,0.0,0.5
776,0.0,1.0,0.75,0.0,1.0,1.0,0.0,0.75,0.0,0.0,1.0,1.0,0.0,1.0,1.0,1.0,0.0,1.0,1.0,0.0,1.0,1.0,0.0,0.75,1.0,1.0,1.0,1.0,0.0,0.0,1.0,0.0,1.0,0.0,0.0,0.0,1.0,0.75,0.0,1.0,1.0,1.0,1.0,1.0,1.0,1.0,1.0,0.0,1.0,0.0,0.0,0.25,0.0,1.0,0.0,0.75,0.0,1.0,0.0,0.0,0.33,0.17,0.83,0.33,0.5,0.17,0.67,1.0,1.0,0.5,1.0,0.0,0.0,0.0,1.0
780,0.75,0.25,0.75,1.0,1.0,0.75,0.0,0.0,1.0,1.0,0.0,0.75,0.25,1.0,0.25,0.75,0.75,0.0,1.0,1.0,0.75,1.0,1.0,1.0,0.0,0.0,0.0,1.0,1.0,1.0,0.25,0.75,0.0,1.0,1.0,0.75,0.25,0.0,0.75,0.25,1.0,0.75,0.25,1.0,0.0,1.0,0.75,0.25,0.25,0.0,1.0,1.0,1.0,0.75,0.0,1.0,0.75,0.25,0.0,0.0,0.0,0.83,0.17,0.0,0.83,0.67,0.0,0.5,0.5,0.25,0.5,0.5,0.5,0.75,0.5
786,0.25,0.25,0.75,0.25,0.25,0.25,0.25,0.25,0.75,0.0,0.75,0.75,0.75,0.75,0.25,0.75,0.25,0.75,0.75,0.0,0.75,0.75,0.25,0.25,0.75,0.25,0.25,0.25,0.25,0.75,0.75,0.75,0.75,0.25,0.75,0.0,0.75,0.75,0.75,0.75,0.25,0.75,0.25,0.75,0.25,0.25,0.75,0.25,0.75,0.25,0.25,0.75,1.0,0.75,0.0,1.0,0.25,0.75,0.0,0.0,0.83,0.67,0.67,0.33,0.5,0.33,0.67,0.5,0.75,0.5,0.75,0.25,0.25,0.25,0.75
795,1.0,0.75,0.75,1.0,0.75,0.25,0.75,1.0,0.75,0.75,0.75,1.0,0.75,0.75,0.75,1.0,0.25,0.75,0.75,1.0,0.25,1.0,0.25,1.0,0.75,0.75,1.0,0.75,1.0,1.0,0.75,0.75,0.75,0.25,0.75,0.0,0.0,0.75,0.25,1.0,1.0,1.0,1.0,1.0,1.0,1.0,0.75,0.0,1.0,0.75,0.0,1.0,1.0,1.0,0.0,1.0,0.75,1.0,0.0,0.0,0.83,0.83,0.67,0.0,0.83,0.33,0.83,0.5,0.75,0.25,0.5,0.5,0.5,0.5,0.5
798,0.25,1.0,0.75,0.25,1.0,1.0,0.0,0.25,0.0,0.75,1.0,0.0,0.0,1.0,1.0,0.25,0.0,1.0,0.75,1.0,1.0,0.75,0.75,0.75,1.0,0.25,1.0,1.0,0.25,0.25,1.0,0.25,0.0,1.0,0.0,0.0,1.0,0.75,0.75,1.0,0.75,0.25,1.0,1.0,0.0,0.0,1.0,0.0,0.75,1.0,0.0,0.75,0.0,1.0,0.25,0.25,0.0,1.0,0.25,0.25,0.0,0.0,0.33,0.33,0.0,0.0,1.0,0.75,1.0,0.5,1.0,0.25,0.25,0.0,0.5
806,0.0,1.0,1.0,0.0,1.0,1.0,0.0,0.75,0.0,0.25,0.25,0.75,0.25,1.0,0.75,0.75,0.0,1.0,0.75,0.75,1.0,1.0,0.0,1.0,1.0,1.0,1.0,1.0,0.0,0.25,1.0,0.0,1.0,0.25,0.0,0.0,1.0,0.75,0.0,0.75,0.75,1.0,1.0,1.0,0.25,1.0,1.0,0.0,1.0,0.25,0.25,0.25,0.75,1.0,0.0,0.75,0.0,1.0,0.0,0.0,0.17,0.0,1.0,0.0,0.83,0.0,0.83,0.75,1.0,0.75,1.0,0.25,0.5,0.25,1.0
810,0.75,1.0,0.75,0.0,1.0,1.0,1.0,1.0,0.0,0.0,1.0,1.0,0.0,1.0,1.0,0.75,0.0,1.0,1.0,1.0,1.0,1.0,0.0,1.0,1.0,1.0,1.0,1.0,0.75,0.0,1.0,0.0,1.0,0.0,0.75,0.0,1.0,1.0,0.0,1.0,1.0,1.0,1.0,1.0,1.0,1.0,1.0,0.0,1.0,0.0,0.0,0.0,0.0,1.0,0.0,1.0,0.0,1.0,0.0,0.0,0.67,0.0,1.0,0.0,0.83,0.0,1.0,1.0,1.0,0.5,0.75,0.0,0.5,0.0,1.0
813,0.0,1.0,0.75,0.0,1.0,1.0,0.25,0.75,0.0,0.0,1.0,0.75,0.0,1.0,1.0,1.0,0.0,1.0,1.0,0.0,1.0,1.0,0.0,0.75,1.0,1.0,1.0,1.0,0.0,0.0,1.0,0.0,1.0,0.0,0.0,0.0,0.75,1.0,0.0,1.0,1.0,1.0,1.0,1.0,0.0,1.0,1.0,0.0,1.0,0.0,0.25,0.75,1.0,1.0,0.0,1.0,0.0,1.0,0.0,0.0,0.0,0.0,1.0,0.0,0.17,0.0,1.0,1.0,1.0,0.25,0.75,0.0,0.25,0.25,1.0
814,0.75,1.0,1.0,0.75,0.75,0.25,0.0,0.75,0.75,0.0,0.25,0.25,0.75,0.75,0.0,0.25,0.0,0.25,0.25,0.25,0.0,0.75,0.75,0.75,1.0,0.75,0.0,1.0,0.75,1.0,1.0,0.25,0.75,0.75,1.0,0.25,1.0,0.25,0.75,0.75,0.75,0.25,1.0,1.0,1.0,0.75,1.0,0.0,0.25,0.0,0.75,1.0,1.0,0.75,0.0,0.75,0.75,0.75,0.0,0.0,0.83,0.67,0.5,0.0,0.67,0.17,0.67,0.75,0.75,0.5,0.75,0.5,0.5,0.75,0.5
823,0.75,0.75,0.25,0.25,0.75,1.0,0.0,0.25,0.75,0.0,0.25,0.75,0.25,0.75,0.25,0.25,0.75,0.75,1.0,0.75,0.0,0.75,0.75,1.0,0.75,0.25,0.25,0.25,1.0,1.0,0.25,0.75,0.75,1.0,0.25,0.75,0.75,0.25,0.25,0.25,0.75,0.75,0.75,1.0,0.75,1.0,0.25,0.75,1.0,0.75,0.25,0.0,0.0,0.75,0.25,0.75,0.75,0.75,0.25,0.75,0.17,0.67,0.5,0.83,0.5,0.17,0.33,0.75,0.75,0.5,0.75,0.75,0.5,0.5,0.5
825,0.25,0.25,1.0,0.0,1.0,0.25,0.0,0.75,0.75,1.0,0.25,0.25,0.75,0.25,0.0,0.0,0.75,0.0,0.0,0.0,0.0,0.0,0.75,0.0,0.75,0.75,0.25,0.75,0.75,0.75,0.25,0.75,0.25,1.0,1.0,0.25,1.0,0.75,0.25,0.75,1.0,0.75,1.0,0.75,0.25,0.25,0.75,0.75,0.0,0.75,0.75,0.25,0.25,0.75,0.75,0.25,0.25,0.75,0.75,0.75,0.83,0.67,0.17,0.83,0.67,0.17,0.67,0.25,0.5,0.75,0.75,0.25,0.5,0.5,0.75
834,0.75,1.0,1.0,0.75,0.25,0.0,0.0,0.25,0.25,0.25,0.75,0.75,0.75,0.75,0.25,0.25,0.25,0.0,0.75,0.0,0.0,0.25,0.25,1.0,0.25,0.75,1.0,1.0,0.0,0.25,0.25,0.25,0.0,0.75,0.0,0.0,0.75,0.25,0.25,0.75,0.75,0.75,0.75,0.25,0.25,0.75,1.0,1.0,0.75,0.0,0.0,0.75,1.0,0.75,0.25,1.0,0.75,0.75,0.0,0.0,0.33,0.0,0.83,0.17,0.0,0.0,1.0,0.75,0.75,0.75,0.75,0.25,0.5,0.5,0.5
835,0.25,0.75,0.25,0.25,0.75,0.75,0.25,0.25,0.25,0.75,0.75,0.25,0.25,1.0,0.75,0.25,0.75,0.75,0.75,0.75,0.75,1.0,0.25,0.75,0.75,0.75,0.25,0.75,0.75,0.25,1.0,0.25,0.75,0.75,0.25,0.25,0.75,0.75,0.25,0.75,0.75,0.75,0.75,1.0,0.75,0.75,0.25,0.75,0.75,0.75,0.25,0.25,0.25,1.0,0.25,0.25,0.25,0.75,0.25,1.0,0.17,0.33,0.67,0.33,0.5,0.0,0.67,0.75,1.0,0.5,0.75,0.25,0.25,0.25,0.5
838,0.0,0.75,0.75,0.25,0.75,0.75,0.25,0.75,0.75,1.0,0.25,0.25,0.75,1.0,0.25,0.25,0.75,0.75,1.0,0.75,0.0,0.75,0.75,1.0,0.75,0.25,0.25,0.75,0.25,1.0,0.25,0.75,0.75,0.25,0.25,1.0,0.75,0.0,0.25,0.75,1.0,0.25,0.25,1.0,1.0,0.75,0.0,0.75,0.25,1.0,0.75,0.0,0.25,1.0,0.75,0.25,0.75,0.75,0.75,0.25,0.0,0.83,0.67,0.67,0.33,0.67,0.33,0.5,0.75,0.0,0.75,0.75,0.5,0.5,0.25
841,0.75,1.0,1.0,0.0,1.0,1.0,0.25,1.0,0.0,0.25,0.75,0.25,0.75,1.0,0.75,1.0,0.25,0.75,1.0,1.0,1.0,1.0,0.75,0.75,1.0,1.0,1.0,1.0,0.25,0.0,1.0,0.0,1.0,0.0,0.0,0.0,1.0,1.0,0.0,1.0,1.0,1.0,1.0,1.0,0.75,1.0,1.0,0.25,1.0,1.0,0.0,1.0,0.25,1.0,0.0,1.0,0.25,1.0,0.0,0.0,0.83,0.17,1.0,0.0,0.5,0.17,1.0,0.75,0.75,0.25,1.0,0.0,0.25,0.0,1.0
846,0.0,0.0,1.0,0.25,0.0,0.0,0.0,0.0,0.75,1.0,0.25,0.75,0.0,0.75,0.0,0.75,1.0,0.0,0.75,1.0,0.0,0.0,1.0,1.0,0.0,0.0,0.0,0.0,1.0,0.75,0.0,1.0,0.0,1.0,0.0,1.0,0.0,0.0,0.75,0.0,0.75,0.0,0.0,0.0,1.0,0.0,0.0,1.0,0.0,0.75,1.0,0.0,0.0,1.0,0.75,0.25,1.0,0.0,0.75,1.0,0.33,0.83,0.17,0.67,0.67,0.67,0.33,0.25,0.5,0.25,0.25,0.25,0.5,0.75,0.25
847,1.0,0.75,1.0,1.0,0.0,0.75,1.0,0.0,1.0,0.25,0.25,0.75,0.75,1.0,1.0,0.75,0.25,1.0,0.75,0.75,1.0,1.0,0.75,0.0,0.75,0.75,1.0,0.75,0.75,0.75,0.25,0.75,0.0,0.75,1.0,1.0,0.75,0.0,0.25,0.75,1.0,0.75,0.75,0.0,1.0,1.0,0.75,0.25,1.0,1.0,1.0,1.0,1.0,0.75,0.0,1.0,1.0,0.75,0.0,0.0,1.0,1.0,0.33,0.5,1.0,0.33,0.33,0.25,0.75,0.25,0.75,0.5,0.5,0.5,0.5
848,0.0,1.0,1.0,0.0,1.0,1.0,0.75,0.25,0.0,0.0,0.75,1.0,0.0,1.0,1.0,1.0,0.0,1.0,1.0,1.0,1.0,1.0,0.0,1.0,1.0,1.0,1.0,1.0,0.0,0.0,1.0,0.0,1.0,0.0,0.25,0.0,1.0,0.25,0.0,1.0,1.0,1.0,1.0,1.0,1.0,1.0,1.0,0.0,1.0,0.25,0.0,0.0,0.75,1.0,0.0,1.0,0.0,1.0,0.0,0.0,0.0,0.0,1.0,0.0,0.67,0.0,1.0,1.0,1.0,0.75,1.0,0.0,0.5,0.0,1.0
857,0.75,1.0,1.0,1.0,0.75,0.25,0.75,0.0,0.75,0.25,0.75,0.75,0.0,0.75,0.75,0.75,0.75,1.0,1.0,1.0,0.25,1.0,0.25,1.0,0.75,0.0,0.25,0.75,0.75,1.0,0.75,0.25,1.0,0.25,0.75,0.25,0.75,0.0,0.25,0.75,1.0,1.0,1.0,1.0,1.0,1.0,1.0,0.0,0.75,0.25,0.75,1.0,1.0,0.75,0.0,0.75,0.25,1.0,0.0,0.0,0.5,0.83,0.67,0.5,0.83,0.17,0.67,0.25,0.75,0.5,0.75,0.25,0.5,0.75,0.5
863,0.75,1.0,0.25,1.0,0.75,0.25,0.0,0.25,0.25,0.0,0.75,0.75,0.25,1.0,1.0,1.0,0.0,0.75,1.0,1.0,0.75,1.0,0.0,1.0,0.75,0.75,0.25,0.75,0.75,1.0,0.75,0.25,1.0,0.75,0.75,0.0,0.75,0.75,0.0,0.75,1.0,1.0,0.75,1.0,1.0,1.0,0.75,0.0,1.0,1.0,0.0,1.0,1.0,1.0,0.0,1.0,1.0,1.0,0.0,0.0,0.0,0.83,0.83,0.17,0.83,0.17,0.83,0.75,1.0,0.25,0.5,0.25,0.5,0.5,0.75
873,1.0,0.75,0.25,1.0,0.75,0.25,0.0,0.25,0.75,0.25,0.75,0.75,0.25,1.0,1.0,1.0,0.0,1.0,1.0,0.75,0.25,1.0,0.25,1.0,0.25,1.0,0.0,1.0,0.75,1.0,0.25,0.25,1.0,0.75,0.25,0.0,0.75,0.75,0.0,0.75,0.75,1.0,1.0,0.75,1.0,1.0,0.75,0.0,1.0,1.0,1.0,1.0,1.0,0.75,0.0,1.0,1.0,1.0,0.0,0.0,0.67,0.67,0.83,0.17,1.0,0.33,0.83,0.5,0.75,0.5,0.5,0.0,0.5,0.5,0.75
875,1.0,0.75,0.0,0.75,1.0,0.25,0.0,0.0,0.75,0.0,0.75,1.0,0.0,0.75,1.0,1.0,0.0,1.0,1.0,1.0,0.0,1.0,0.0,1.0,0.75,1.0,0.0,0.75,1.0,0.75,1.0,0.25,0.25,1.0,0.75,0.0,1.0,0.75,0.0,0.75,1.0,0.75,1.0,0.75,1.0,0.75,1.0,0.0,1.0,1.0,0.75,1.0,1.0,1.0,0.0,1.0,1.0,1.0,0.0,0.0,0.67,0.83,0.5,0.0,0.67,0.17,0.83,0.5,0.75,0.5,0.75,0.25,0.5,0.5,0.75
876,0.0,1.0,0.75,0.0,1.0,1.0,0.0,0.25,0.0,0.75,1.0,1.0,0.0,1.0,1.0,0.75,0.0,1.0,1.0,1.0,1.0,1.0,0.0,1.0,1.0,0.75,1.0,1.0,0.0,0.0,1.0,0.0,1.0,0.0,0.0,0.0,1.0,0.0,0.0,1.0,1.0,1.0,1.0,1.0,0.0,1.0,1.0,0.25,1.0,0.75,0.0,0.0,0.0,1.0,0.0,0.75,0.0,1.0,0.0,0.0,0.17,0.0,1.0,0.0,0.33,0.0,1.0,1.0,1.0,0.25,1.0,0.0,0.0,0.0,1.0
880,0.0,0.75,1.0,0.75,1.0,1.0,0.25,0.25,0.25,0.0,0.75,0.25,0.75,0.75,0.0,0.75,0.0,0.75,0.0,0.0,1.0,0.25,0.25,1.0,1.0,0.25,0.25,0.25,0.0,0.0,1.0,0.0,0.75,1.0,0.0,1.0,0.75,0.25,0.25,0.25,1.0,0.75,1.0,1.0,0.75,0.75,0.75,0.75,0.0,0.25,1.0,0.75,0.75,0.75,0.25,0.25,0.75,1.0,0.25,0.0,0.33,0.17,0.33,0.0,0.5,0.17,0.83,0.5,0.75,0.5,0.75,0.25,0.75,1.0,0.75
882,0.25,0.75,0.25,0.25,0.25,0.25,0.0,0.25,0.0,1.0,0.0,0.75,0.25,0.75,0.25,0.75,0.25,0.75,0.75,0.75,0.25,0.75,0.75,0.75,0.25,0.25,0.25,0.75,0.75,0.25,0.25,0.75,0.0,0.75,0.25,0.75,0.75,0.25,0.75,0.25,0.75,0.75,0.75,0.75,0.75,0.25,0.0,1.0,0.0,0.75,0.25,0.0,0.0,1.0,0.25,0.25,0.25,0.75,0.75,1.0,0.33,0.67,0.33,0.5,0.17,0.67,0.33,0.25,0.75,0.5,0.5,0.5,0.5,0.25,0.25
889,0.25,0.75,1.0,0.0,1.0,0.25,1.0,0.75,0.0,0.0,0.75,0.75,0.25,0.75,0.0,0.25,0.0,0.25,0.25,1.0,0.25,1.0,1.0,1.0,0.25,0.25,0.75,0.75,0.0,0.0,0.75,0.25,0.25,0.75,0.75,0.25,0.75,0.0,0.0,1.0,1.0,0.75,0.75,0.75,0.75,0.25,0.75,0.25,0.25,0.0,0.0,0.25,0.25,0.75,0.0,0.75,0.25,0.75,0.0,0.0,0.33,0.33,0.67,0.0,0.67,0.33,0.67,0.75,0.75,0.25,0.75,0.25,0.25,0.25,0.5
900,0.0,0.75,1.0,1.0,0.75,0.0,1.0,0.0,0.25,0.0,0.0,0.25,0.0,0.75,0.0,0.25,0.0,0.0,0.75,1.0,0.25,1.0,0.0,0.0,0.0,1.0,1.0,1.0,0.75,1.0,0.25,1.0,1.0,0.75,1.0,0.75,0.75,0.0,0.75,0.25,0.0,0.0,0.75,1.0,1.0,0.75,1.0,0.0,0.0,0.75,0.25,1.0,1.0,0.25,0.0,1.0,0.25,0.75,0.0,0.0,0.83,0.5,0.33,0.5,0.67,0.33,0.83,0.5,0.75,0.25,0.75,0.5,0.5,0.5,0.5
905,0.25,0.25,0.75,0.25,0.0,0.0,0.0,0.0,0.25,1.0,0.0,0.0,0.75,0.25,0.0,0.75,0.75,0.0,0.75,0.25,0.0,0.0,1.0,0.75,0.0,0.0,0.0,0.25,0.75,1.0,0.0,1.0,0.0,0.75,0.75,1.0,0.75,0.25,0.75,0.25,0.75,0.25,0.25,0.25,1.0,0.25,0.25,1.0,0.0,1.0,1.0,0.0,0.0,0.25,1.0,0.0,0.75,0.0,1.0,1.0,0.0,1.0,0.17,0.67,1.0,1.0,0.33,0.0,0.25,0.5,0.25,0.75,0.75,0.75,0.0
911,1.0,0.75,0.75,1.0,0.25,0.0,1.0,0.0,0.25,0.0,0.75,1.0,0.0,0.25,1.0,0.75,0.25,0.75,1.0,1.0,0.0,0.75,0.75,1.0,0.0,0.75,0.25,0.75,0.25,0.75,0.0,0.0,1.0,0.25,0.75,0.0,1.0,0.75,0.75,1.0,0.75,0.75,0.75,0.75,0.25,0.25,1.0,0.0,0.75,0.25,0.25,0.25,1.0,0.75,0.0,1.0,0.75,0.75,0.0,0.0,0.17,0.67,0.67,0.0,0.67,0.17,0.67,0.25,0.75,0.25,0.75,0.25,0.25,0.25,0.75
912,0.25,0.0,0.0,1.0,0.0,0.0,0.0,0.0,0.75,1.0,0.0,0.0,1.0,0.75,0.0,0.0,1.0,0.0,0.25,0.25,0.0,0.0,1.0,0.0,0.0,0.0,0.0,0.0,1.0,1.0,0.0,1.0,0.0,1.0,0.25,1.0,0.75,0.0,1.0,0.0,0.0,0.0,0.0,0.0,1.0,0.0,0.0,1.0,0.0,1.0,0.75,0.0,0.0,0.0,1.0,0.0,1.0,0.0,1.0,1.0,0.83,1.0,0.0,0.83,0.83,1.0,0.0,0.0,0.5,0.25,0.25,1.0,0.75,0.5,0.0
914,1.0,0.0,0.75,1.0,0.0,0.0,0.0,0.0,1.0,0.75,0.0,0.0,0.25,0.25,0.0,0.75,1.0,0.0,1.0,1.0,0.0,1.0,1.0,1.0,0.0,0.0,0.0,0.25,1.0,1.0,0.0,1.0,0.0,0.75,1.0,1.0,0.25,0.0,1.0,0.25,0.0,0.25,0.25,0.25,1.0,0.75,0.25,0.0,0.0,0.0,1.0,1.0,1.0,0.25,0.0,1.0,1.0,0.0,0.0,0.0,0.17,1.0,0.17,0.0,1.0,0.67,0.17,0.0,0.75,0.5,0.75,0.75,0.5,1.0,0.5
915,0.0,0.25,1.0,0.0,0.75,0.75,0.0,0.25,0.0,1.0,0.75,0.75,1.0,0.0,0.0,0.25,0.75,0.0,0.0,0.0,0.0,0.0,0.25,0.75,0.75,0.25,0.25,0.75,0.25,0.75,0.25,0.75,0.25,0.75,0.25,0.25,0.75,0.0,1.0,0.25,0.25,0.25,0.0,0.25,0.25,0.25,0.25,1.0,0.0,0.75,0.25,0.25,0.25,0.75,0.75,0.0,0.25,0.75,0.75,0.75,0.5,0.17,0.0,1.0,0.33,0.67,0.17,0.5,0.5,0.75,0.5,0.5,0.5,0.25,0.75
918,0.0,1.0,0.25,0.0,1.0,1.0,0.75,0.0,0.0,0.0,0.75,1.0,0.0,1.0,1.0,1.0,0.0,1.0,1.0,1.0,1.0,1.0,0.0,1.0,0.75,1.0,1.0,1.0,0.0,0.25,1.0,0.0,1.0,0.0,1.0,0.0,1.0,0.0,0.0,1.0,1.0,1.0,1.0,1.0,1.0,1.0,1.0,0.0,1.0,0.0,0.0,0.25,0.75,1.0,0.0,1.0,0.25,1.0,0.0,0.0,0.0,0.0,1.0,0.0,0.67,0.0,1.0,1.0,1.0,0.5,1.0,0.0,0.5,0.0,0.75
930,1.0,0.0,0.0,1.0,0.0,0.0,0.0,0.0,1.0,1.0,0.25,0.75,0.75,0.75,0.25,0.75,0.75,0.25,1.0,0.75,0.25,1.0,1.0,1.0,0.0,0.25,0.25,0.75,1.0,1.0,0.25,0.75,0.25,1.0,1.0,0.75,0.75,0.75,0.75,0.25,0.0,0.0,0.75,0.25,1.0,0.75,0.25,0.75,0.0,1.0,1.0,0.75,0.25,1.0,0.25,0.75,0.75,0.0,0.0,0.25,0.83,1.0,0.17,0.0,1.0,0.33,0.17,0.25,0.75,0.5,0.5,0.5,0.75,0.75,0.5
939,0.25,1.0,1.0,0.75,1.0,1.0,0.0,1.0,0.0,0.0,0.75,1.0,0.25,1.0,1.0,1.0,0.25,1.0,1.0,0.0,1.0,1.0,0.0,1.0,1.0,0.25,1.0,1.0,0.0,0.75,1.0,0.0,1.0,0.0,0.75,0.0,1.0,1.0,0.0,1.0,1.0,1.0,1.0,1.0,0.75,1.0,1.0,0.0,1.0,0.75,0.0,1.0,0.75,1.0,0.0,0.75,0.75,1.0,0.0,0.0,0.0,0.0,1.0,0.0,0.67,0.0,1.0,0.75,1.0,0.25,1.0,0.0,0.25,0.0,1.0
950,0.0,1.0,1.0,0.75,1.0,1.0,0.0,0.0,0.0,0.0,0.75,1.0,0.0,1.0,0.25,0.75,0.0,1.0,1.0,1.0,1.0,1.0,0.0,1.0,1.0,0.25,1.0,1.0,0.0,0.75,1.0,0.0,1.0,0.0,0.75,0.0,1.0,1.0,0.25,0.75,1.0,1.0,1.0,1.0,0.75,1.0,1.0,0.0,0.75,0.75,0.0,0.75,1.0,1.0,0.0,1.0,0.75,1.0,0.0,0.0,0.83,0.33,0.83,0.0,0.5,0.17,1.0,0.75,0.75,0.25,1.0,0.0,0.5,0.0,0.75
957,1.0,0.0,0.25,1.0,0.0,0.0,0.0,0.0,1.0,1.0,0.0,0.0,0.25,0.0,0.0,1.0,1.0,0.0,1.0,1.0,0.0,1.0,1.0,0.75,0.0,0.0,0.0,0.0,1.0,1.0,0.0,1.0,0.0,1.0,0.0,1.0,0.0,0.0,1.0,0.0,0.0,0.0,0.0,0.0,0.25,0.0,0.0,1.0,0.0,1.0,0.75,0.0,0.0,1.0,0.75,0.0,1.0,0.0,0.75,1.0,0.0,1.0,0.0,0.33,1.0,0.33,0.0,0.0,0.0,0.0,0.0,0.0,0.0,0.75,0.0
969,0.0,1.0,1.0,0.0,1.0,1.0,0.0,1.0,0.0,0.25,0.0,1.0,0.0,1.0,1.0,1.0,0.0,1.0,1.0,0.75,1.0,1.0,0.25,0.25,1.0,1.0,1.0,1.0,0.0,0.0,1.0,0.25,1.0,0.0,0.0,0.0,1.0,0.75,0.0,1.0,1.0,1.0,1.0,1.0,0.25,0.75,1.0,0.0,1.0,1.0,0.0,0.0,0.0,1.0,0.0,0.0,0.0,1.0,0.0,1.0,0.0,0.0,1.0,0.0,0.33,0.17,1.0,1.0,1.0,1.0,1.0,0.25,0.25,0.0,1.0
981,0.75,0.75,0.75,0.75,1.0,0.75,0.25,0.75,0.75,0.0,1.0,0.75,0.0,1.0,1.0,1.0,0.0,1.0,1.0,1.0,1.0,1.0,0.0,1.0,0.75,0.75,0.25,0.75,0.75,1.0,0.75,0.0,1.0,0.75,0.75,0.25,0.75,0.75,0.25,1.0,1.0,1.0,0.75,1.0,1.0,1.0,0.75,0.0,1.0,0.75,0.0,1.0,1.0,0.75,0.0,1.0,1.0,1.0,0.0,0.0,0.83,0.83,0.67,0.0,0.83,0.17,0.83,0.75,0.75,0.25,0.75,0.25,0.5,0.25,0.75
983,0.75,0.0,0.25,0.75,0.0,0.0,0.0,0.0,1.0,1.0,0.0,0.0,1.0,0.25,0.0,0.0,1.0,0.0,0.0,0.25,0.0,0.0,1.0,0.0,0.0,0.0,0.0,0.25,0.0,1.0,0.0,1.0,0.0,1.0,0.0,1.0,0.75,0.0,1.0,0.0,0.0,0.0,0.0,0.0,1.0,0.0,0.0,1.0,0.0,1.0,1.0,0.0,0.0,0.0,1.0,0.0,1.0,0.0,1.0,1.0,0.83,1.0,0.0,0.83,1.0,1.0,0.0,0.25,0.5,0.5,0.25,0.75,0.75,1.0,0.0
990,1.0,0.25,0.25,0.25,0.25,0.75,0.25,0.0,1.0,0.75,0.75,0.25,0.25,0.75,0.75,1.0,0.25,1.0,0.75,0.75,0.0,0.75,0.25,1.0,0.75,0.75,1.0,0.75,1.0,0.25,1.0,0.75,0.75,0.75,1.0,0.75,0.75,0.75,0.25,0.75,0.25,0.75,0.25,0.75,0.75,0.75,0.75,0.0,0.75,0.75,0.25,0.75,0.75,1.0,0.0,1.0,0.75,1.0,0.0,0.25,0.33,0.83,0.33,0.17,0.67,0.33,0.67,0.25,0.75,0.5,0.75,0.5,0.5,0.5,0.5
991,1.0,1.0,0.25,1.0,0.0,0.75,0.25,1.0,1.0,0.0,0.0,0.25,0.25,0.75,0.75,1.0,0.75,1.0,1.0,0.75,0.0,1.0,0.75,1.0,0.25,0.25,0.0,0.75,0.25,1.0,0.75,0.25,0.75,0.75,1.0,0.25,0.75,1.0,0.75,0.75,1.0,1.0,0.75,0.0,1.0,1.0,0.75,0.0,1.0,0.75,0.75,1.0,1.0,0.25,0.0,1.0,0.75,0.25,0.0,0.0,0.83,0.83,0.83,0.0,0.67,0.17,0.67,0.5,0.75,0.5,0.75,0.0,0.75,0.75,0.25
1007,0.75,0.25,1.0,0.75,0.0,0.0,0.0,0.0,1.0,1.0,0.25,0.25,0.75,0.75,0.0,1.0,1.0,0.0,0.75,1.0,0.0,0.75,1.0,0.25,0.0,0.75,0.0,0.0,0.75,0.75,0.0,1.0,0.0,1.0,0.0,1.0,0.75,0.0,0.75,0.75,0.75,0.25,0.25,0.25,0.0,0.25,0.0,1.0,0.0,1.0,0.75,0.0,0.0,1.0,1.0,0.0,0.75,0.25,0.25,1.0,0.17,1.0,0.67,0.83,0.67,0.83,0.33,0.25,0.5,0.25,0.5,0.5,0.5,0.5,0.5
1012,0.75,0.0,0.0,1.0,0.0,0.0,0.0,0.0,1.0,0.25,0.25,0.0,0.25,1.0,0.25,1.0,0.75,0.0,1.0,0.75,0.0,1.0,1.0,1.0,0.0,0.0,0.0,0.0,1.0,1.0,0.0,1.0,0.0,1.0,0.75,0.75,0.25,0.75,0.75,0.25,0.25,0.0,0.0,0.0,1.0,0.75,0.25,1.0,0.0,0.0,1.0,0.75,0.75,1.0,0.0,1.0,1.0,0.0,0.0,0.0,1.0,1.0,0.5,0.0,1.0,0.33,0.0,0.25,0.75,0.25,0.75,0.75,0.75,0.75,0.25
1018,0.0,1.0,0.25,0.0,1.0,1.0,0.75,0.75,0.0,0.25,0.75,1.0,0.0,1.0,1.0,1.0,0.0,1.0,0.25,0.75,1.0,1.0,0.75,1.0,1.0,1.0,1.0,1.0,0.25,0.25,1.0,0.0,1.0,0.0,0.25,0.0,1.0,0.75,0.0,0.25,1.0,1.0,1.0,1.0,1.0,0.75,1.0,0.25,0.75,0.75,0.0,0.0,0.0,1.0,0.0,1.0,0.25,1.0,0.0,0.0,1.0,0.0,1.0,0.0,0.5,0.0,1.0,1.0,1.0,0.75,1.0,0.25,0.25,0.0,0.5
1020,0.25,0.25,1.0,0.75,0.0,0.25,0.0,0.25,0.25,1.0,0.0,0.25,1.0,0.75,0.0,0.0,0.75,0.0,0.0,0.0,0.0,0.0,1.0,0.0,0.25,0.25,0.0,0.75,1.0,0.75,0.0,1.0,0.0,1.0,0.0,1.0,0.75,0.0,0.75,0.0,0.25,0.0,0.25,0.75,0.25,0.75,1.0,1.0,0.0,1.0,0.75,0.25,0.75,0.75,0.75,0.25,0.75,0.25,0.75,1.0,0.67,1.0,0.17,1.0,0.33,0.17,0.17,0.5,0.5,0.75,0.5,0.75,0.75,0.75,0.25
1021,0.75,1.0,1.0,1.0,1.0,1.0,0.0,1.0,0.0,0.0,0.0,0.75,0.25,1.0,0.75,1.0,0.0,0.75,0.75,1.0,1.0,1.0,0.75,0.0,1.0,1.0,0.75,1.0,0.25,0.75,0.75,0.0,0.0,0.25,0.0,0.25,1.0,0.75,0.0,0.75,0.75,1.0,1.0,1.0,1.0,1.0,1.0,0.0,1.0,0.0,0.75,1.0,0.0,1.0,0.0,0.75,0.0,1.0,0.0,0.25,0.5,0.0,0.67,0.17,0.67,0.0,1.0,0.75,0.75,0.25,0.75,0.0,0.5,0.25,0.5
1026,0.75,1.0,0.75,0.25,1.0,0.25,0.25,1.0,0.75,0.0,1.0,0.75,0.0,0.75,1.0,1.0,0.0,1.0,1.0,1.0,0.25,0.75,0.0,1.0,1.0,1.0,0.75,1.0,0.0,0.0,1.0,0.0,1.0,0.0,0.25,0.0,1.0,1.0,0.25,1.0,1.0,1.0,0.25,1.0,0.0,1.0,1.0,0.0,1.0,0.75,0.75,0.75,1.0,1.0,0.0,1.0,0.0,1.0,0.0,0.0,0.83,0.33,0.67,0.0,0.67,0.0,1.0,0.75,1.0,0.5,0.75,0.0,0.5,0.5,0.75
1048,0.25,0.0,0.0,0.0,0.0,0.0,0.0,0.0,0.0,1.0,0.25,1.0,0.75,1.0,0.0,0.0,1.0,0.0,0.25,0.75,0.0,1.0,0.75,1.0,0.0,0.25,0.75,1.0,1.0,1.0,0.0,1.0,0.0,1.0,0.25,0.75,0.75,0.0,0.75,0.0,0.0,0.0,0.0,0.0,0.25,0.0,0.75,1.0,0.0,0.0,1.0,0.25,0.0,0.75,1.0,0.25,0.0,0.75,1.0,0.75,0.83,1.0,0.0,0.83,0.67,0.83,0.33,0.0,0.5,0.75,0.25,0.75,0.75,1.0,0.0
1067,0.0,1.0,1.0,0.0,1.0,1.0,0.25,1.0,0.0,0.25,0.25,0.75,0.0,1.0,1.0,1.0,0.0,1.0,0.75,0.75,1.0,1.0,0.0,1.0,1.0,1.0,1.0,1.0,0.0,0.25,1.0,0.0,1.0,0.0,0.0,0.0,1.0,1.0,0.0,1.0,1.0,1.0,1.0,1.0,0.75,1.0,1.0,0.0,1.0,0.0,0.0,0.0,0.0,1.0,0.0,1.0,0.0,1.0,0.0,0.0,0.17,0.0,1.0,0.0,0.67,0.0,1.0,1.0,1.0,0.5,1.0,0.0,0.5,0.25,1.0
1071,0.0,0.75,0.75,0.0,0.25,0.25,0.0,0.0,0.0,1.0,0.25,0.25,0.25,0.75,0.0,0.25,1.0,0.0,0.75,0.0,0.0,0.0,0.75,0.75,0.0,0.25,0.25,0.75,0.75,0.75,0.0,1.0,0.0,1.0,0.0,1.0,1.0,0.0,0.25,0.0,0.0,0.0,1.0,1.0,0.25,0.0,0.75,1.0,0.0,1.0,1.0,0.0,0.0,1.0,1.0,0.25,0.75,0.25,1.0,1.0,0.0,0.67,0.0,1.0,0.5,1.0,0.17,0.75,0.5,0.75,0.75,1.0,0.75,0.75,0.0
1072,0.75,0.25,0.25,0.25,0.0,0.25,1.0,0.25,0.25,0.75,0.75,0.75,1.0,0.75,0.0,0.75,0.25,0.0,0.75,0.75,0.25,1.0,0.75,0.25,0.25,0.75,1.0,0.0,0.75,1.0,0.75,1.0,0.0,1.0,0.25,1.0,0.75,0.0,0.25,0.75,0.75,0.75,0.75,0.25,1.0,1.0,0.75,0.75,0.0,0.25,1.0,0.25,1.0,0.75,0.75,0.25,0.75,0.25,0.75,0.75,0.67,0.83,0.0,0.67,1.0,0.17,0.0,0.25,1.0,0.75,0.25,0.25,0.75,1.0,0.25
1077,0.0,0.25,1.0,0.75,1.0,0.25,0.75,0.25,0.75,0.25,0.75,1.0,0.25,0.75,0.75,0.75,0.25,1.0,0.75,0.75,0.25,1.0,0.75,1.0,0.25,0.75,0.25,1.0,0.75,0.25,0.75,0.75,0.25,0.75,0.75,0.0,0.75,0.75,0.25,0.25,0.75,0.75,0.25,0.75,1.0,1.0,1.0,0.25,0.75,0.75,0.0,0.75,0.25,0.25,0.0,1.0,0.75,0.25,0.0,0.25,0.5,0.83,0.67,0.17,1.0,0.33,0.33,0.25,0.75,0.25,0.75,0.75,0.25,0.25,0.75
1094,1.0,0.25,0.75,0.25,0.0,0.0,0.25,1.0,0.0,0.0,0.25,1.0,0.75,0.25,0.0,0.75,0.25,0.0,0.75,0.75,0.75,1.0,0.25,0.75,0.0,0.0,0.0,0.25,0.25,0.75,0.0,1.0,0.0,0.0,0.75,0.0,0.0,0.25,0.75,0.0,0.25,0.25,0.25,1.0,0.25,0.0,0.75,1.0,0.0,0.25,0.25,0.25,0.25,0.25,0.0,0.25,0.75,0.25,0.0,0.75,0.83,0.67,0.83,0.83,0.5,0.17,0.17,0.25,0.75,0.75,0.5,0.5,0.5,0.25,0.0
1098,0.75,1.0,1.0,0.75,1.0,0.75,0.75,0.75,0.25,0.0,1.0,0.75,1.0,1.0,0.75,1.0,0.0,1.0,0.75,0.25,0.25,0.75,0.25,0.75,0.75,1.0,1.0,1.0,0.75,0.75,0.75,0.75,0.75,0.25,0.75,0.0,0.75,0.75,0.75,0.75,0.75,0.75,0.75,1.0,0.75,1.0,1.0,0.25,0.75,0.75,0.25,0.75,0.75,0.25,0.0,1.0,0.75,1.0,0.0,0.0,0.83,0.33,0.83,0.33,0.83,0.33,0.67,0.75,0.75,0.25,0.75,0.75,0.25,0.25,0.75
1103,0.0,0.75,1.0,0.0,1.0,1.0,0.75,0.25,0.0,0.0,0.0,0.75,0.25,1.0,0.75,0.75,0.0,1.0,1.0,1.0,0.75,0.75,0.25,0.25,1.0,0.75,1.0,1.0,0.0,0.25,0.75,0.25,0.75,0.0,0.75,0.0,1.0,0.75,0.25,0.75,1.0,1.0,1.0,1.0,0.25,0.75,1.0,0.0,0.25,0.75,0.0,0.25,0.25,1.0,0.0,1.0,0.75,1.0,0.0,0.0,0.17,0.0,0.67,0.0,0.67,0.0,1.0,1.0,1.0,0.25,0.75,0.0,0.25,0.0,1.0
1113,0.0,1.0,1.0,0.0,1.0,1.0,0.0,0.0,0.0,0.0,0.0,1.0,0.0,1.0,1.0,1.0,0.0,1.0,1.0,0.75,1.0,1.0,0.0,1.0,1.0,1.0,1.0,1.0,0.0,0.0,1.0,0.0,1.0,0.0,0.0,0.0,1.0,0.75,0.0,1.0,1.0,1.0,1.0,1.0,1.0,1.0,1.0,0.25,1.0,1.0,0.0,0.0,0.0,1.0,0.0,0.75,0.0,1.0,0.0,0.0,0.0,0.0,1.0,0.0,0.83,0.0,1.0,1.0,1.0,1.0,1.0,0.0,0.0,0.0,1.0
1117,0.0,1.0,1.0,0.0,0.75,1.0,0.25,0.75,0.0,0.0,0.75,0.75,0.25,1.0,1.0,1.0,0.25,1.0,1.0,0.75,0.75,1.0,0.0,1.0,1.0,0.75,1.0,1.0,0.25,0.25,1.0,0.0,1.0,0.25,0.0,0.25,1.0,1.0,0.0,0.75,1.0,1.0,0.75,1.0,0.75,1.0,1.0,0.0,1.0,0.75,0.25,0.75,1.0,0.25,0.0,1.0,0.25,1.0,0.0,0.0,0.17,0.17,1.0,0.0,0.67,0.0,0.83,1.0,0.75,0.25,0.75,0.0,0.5,0.5,0.75
1138,0.0,1.0,1.0,0.0,1.0,1.0,0.0,1.0,0.0,0.25,0.0,0.75,0.0,1.0,1.0,1.0,0.0,1.0,1.0,1.0,1.0,1.0,0.0,1.0,1.0,1.0,1.0,1.0,0.0,0.25,1.0,0.0,1.0,0.0,0.0,0.0,1.0,1.0,0.0,1.0,1.0,1.0,1.0,1.0,1.0,0.75,1.0,0.0,1.0,0.0,0.0,0.0,0.75,1.0,0.0,1.0,0.0,1.0,0.0,0.0,0.0,0.0,1.0,0.0,0.5,0.0,1.0,1.0,1.0,0.75,1.0,0.0,0.25,0.0,1.0
1145,0.0,1.0,0.0,0.0,1.0,1.0,1.0,0.0,0.0,0.0,1.0,1.0,0.0,1.0,1.0,1.0,0.0,1.0,1.0,1.0,1.0,1.0,0.0,1.0,1.0,1.0,1.0,1.0,0.0,0.0,1.0,0.0,1.0,0.0,1.0,0.0,1.0,1.0,0.0,1.0,1.0,1.0,1.0,1.0,1.0,1.0,1.0,0.0,1.0,0.0,0.0,1.0,1.0,1.0,0.0,1.0,0.0,1.0,0.0,0.0,0.0,0.0,1.0,0.0,0.0,0.0,1.0,1.0,1.0,0.5,1.0,0.0,0.25,0.0,0.5
1150,1.0,0.25,1.0,0.25,0.75,1.0,0.0,0.75,0.75,0.25,0.75,0.25,0.75,1.0,0.75,0.0,0.25,0.0,0.75,1.0,0.0,1.0,0.0,1.0,0.0,1.0,1.0,1.0,0.25,0.0,1.0,0.0,1.0,0.0,0.25,0.0,0.75,1.0,0.0,1.0,1.0,1.0,1.0,1.0,0.75,0.75,1.0,0.0,0.0,0.25,0.0,0.0,0.0,1.0,0.0,1.0,0.25,1.0,0.0,0.75,0.0,0.33,0.67,0.67,0.33,0.5,0.83,0.5,0.5,0.25,0.5,0.0,0.5,0.5,0.5
1156,1.0,0.0,1.0,1.0,0.0,0.25,0.25,0.0,0.25,0.75,0.75,0.0,0.75,0.0,0.0,0.75,0.75,0.0,1.0,0.25,0.0,0.75,1.0,1.0,0.0,0.0,0.0,0.25,1.0,1.0,0.0,1.0,0.0,1.0,0.75,1.0,0.25,0.0,0.75,0.0,0.25,0.0,0.75,0.25,1.0,0.25,0.0,1.0,0.0,0.0,0.25,0.0,0.0,0.75,1.0,0.0,1.0,0.0,1.0,1.0,0.83,1.0,0.17,0.83,1.0,0.67,0.17,0.25,0.75,0.75,0.5,0.75,0.75,0.75,0.0
1164,0.0,1.0,0.75,0.25,1.0,1.0,0.75,0.75,0.25,0.0,0.75,0.75,0.25,1.0,1.0,0.75,0.0,1.0,1.0,1.0,1.0,1.0,0.0,1.0,0.75,1.0,1.0,1.0,0.0,0.25,1.0,0.0,1.0,0.25,0.75,0.0,0.75,0.75,0.25,1.0,1.0,1.0,1.0,1.0,0.75,0.75,1.0,0.0,0.75,0.0,0.0,0.25,0.75,0.75,0.0,0.75,0.25,1.0,0.0,0.0,0.33,0.33,0.83,0.0,0.67,0.17,1.0,0.75,0.75,0.5,0.75,0.25,0.5,0.25,1.0
1172,0.0,1.0,0.75,0.0,1.0,1.0,1.0,0.25,0.0,0.75,0.75,1.0,0.0,1.0,1.0,1.0,0.0,1.0,1.0,0.75,1.0,1.0,0.0,1.0,1.0,1.0,1.0,1.0,0.0,0.0,1.0,0.0,1.0,0.25,0.25,0.0,1.0,0.25,0.25,1.0,1.0,1.0,0.75,1.0,1.0,0.25,1.0,0.0,1.0,0.25,0.0,0.0,0.0,1.0,0.0,0.75,0.0,1.0,0.0,0.0,0.0,0.0,1.0,0.17,1.0,0.0,1.0,1.0,1.0,1.0,1.0,0.0,0.0,0.0,1.0
1174,1.0,0.75,0.25,1.0,0.75,0.0,0.0,0.0,0.75,0.25,0.25,0.25,0.25,0.75,0.25,1.0,0.0,0.25,0.75,1.0,0.75,1.0,0.25,1.0,0.0,0.25,0.0,0.75,0.75,1.0,0.0,0.0,0.75,0.75,0.75,0.0,0.75,1.0,0.0,1.0,1.0,1.0,0.25,0.25,1.0,1.0,0.75,0.0,1.0,0.75,0.0,1.0,0.75,1.0,0.0,1.0,1.0,1.0,0.0,0.0,0.0,1.0,0.5,0.0,1.0,0.33,0.5,0.5,0.75,0.25,0.5,0.5,0.5,0.75,0.5
1176,1.0,0.25,1.0,0.75,0.75,1.0,0.25,0.75,0.25,0.0,0.25,0.75,0.25,0.75,0.75,0.25,0.25,1.0,0.75,1.0,1.0,1.0,0.0,0.75,0.25,0.25,0.75,0.75,0.75,0.75,1.0,0.75,0.25,0.75,1.0,0.0,1.0,0.75,0.25,0.75,0.75,0.75,0.75,1.0,1.0,0.75,1.0,0.25,0.25,0.0,0.75,1.0,1.0,0.25,0.0,0.75,0.75,0.75,0.0,0.0,0.67,0.67,0.83,0.17,0.83,0.17,0.83,0.75,0.75,0.5,0.75,0.5,0.5,0.75,0.75
1178,1.0,0.25,1.0,0.0,0.0,0.0,0.0,0.0,0.0,1.0,0.75,0.25,0.75,0.0,0.0,0.0,0.75,0.0,0.0,0.0,0.0,0.0,1.0,0.75,0.0,0.0,0.0,0.25,0.75,0.75,0.0,1.0,0.0,0.75,0.75,1.0,1.0,0.0,0.75,0.0,0.0,0.0,0.25,0.25,0.75,0.25,0.0,1.0,0.25,0.75,0.75,0.0,0.0,1.0,1.0,0.0,0.75,0.25,0.75,1.0,1.0,0.67,0.17,1.0,0.0,0.67,0.33,0.5,0.75,0.75,0.5,1.0,0.75,0.5,0.0
1183,0.0,1.0,1.0,0.0,1.0,1.0,0.25,1.0,0.0,0.0,0.25,0.75,0.25,1.0,1.0,1.0,0.25,1.0,0.75,1.0,1.0,1.0,0.25,1.0,1.0,0.75,1.0,1.0,0.0,0.0,1.0,0.0,1.0,0.0,0.0,0.0,1.0,0.75,0.25,1.0,1.0,1.0,1.0,1.0,0.75,1.0,1.0,0.0,0.75,0.25,0.25,0.75,1.0,1.0,0.0,1.0,0.75,1.0,0.0,0.0,0.17,0.0,1.0,0.0,0.17,0.17,1.0,1.0,0.75,0.25,0.75,0.0,0.25,0.25,1.0
1196,0.0,1.0,1.0,0.0,1.0,1.0,0.0,1.0,0.25,0.0,0.25,0.75,0.25,1.0,1.0,0.75,0.0,1.0,1.0,0.75,0.75,1.0,0.0,1.0,1.0,1.0,1.0,1.0,0.75,0.0,1.0,0.0,1.0,0.0,1.0,0.0,0.75,0.75,0.25,1.0,1.0,1.0,1.0,1.0,0.75,0.75,1.0,0.0,1.0,1.0,0.0,0.75,0.75,1.0,0.0,1.0,0.25,1.0,0.0,0.0,0.0,0.0,1.0,0.17,0.83,0.67,1.0,1.0,1.0,0.75,1.0,0.25,0.25,0.25,0.75
1204,1.0,0.75,1.0,0.75,0.0,0.0,0.25,0.0,0.75,0.75,0.75,0.0,0.75,0.25,0.0,0.0,1.0,0.0,0.75,1.0,0.0,0.75,1.0,1.0,0.0,0.0,0.0,0.25,1.0,1.0,0.0,1.0,0.0,1.0,0.0,1.0,0.75,0.25,1.0,0.0,0.25,0.0,0.0,0.0,1.0,0.75,0.25,1.0,0.0,0.25,1.0,0.25,0.25,0.75,0.75,0.25,0.75,0.0,1.0,0.75,0.17,1.0,0.17,0.5,0.83,0.67,0.0,0.0,0.5,0.25,0.5,0.75,0.75,0.75,0.0
1214,0.0,0.25,1.0,0.0,0.0,0.75,0.0,0.0,0.75,1.0,0.0,0.75,0.75,0.75,0.0,0.0,0.75,0.0,0.75,0.25,0.0,0.0,1.0,1.0,0.0,0.25,0.75,0.75,0.25,0.75,0.0,1.0,0.0,1.0,0.0,1.0,1.0,0.0,0.0,0.75,0.75,0.0,0.0,1.0,0.0,0.0,0.0,1.0,0.0,1.0,0.75,0.0,0.0,1.0,0.25,0.0,0.0,1.0,0.25,1.0,0.0,0.83,0.5,1.0,0.17,0.67,0.17,0.25,0.5,0.5,0.5,0.75,0.5,0.75,0.5
1231,0.25,1.0,0.75,1.0,1.0,0.0,0.0,0.0,0.75,0.25,0.0,0.0,1.0,1.0,0.0,1.0,0.75,0.75,1.0,1.0,0.0,0.0,1.0,1.0,0.0,0.0,0.25,0.25,1.0,1.0,0.25,1.0,0.0,1.0,1.0,1.0,0.75,0.0,0.25,0.0,0.75,0.75,0.75,1.0,1.0,1.0,0.0,1.0,0.75,0.0,0.75,1.0,1.0,1.0,0.0,0.25,0.75,0.0,0.0,0.25,0.5,1.0,0.17,0.67,1.0,0.33,0.5,0.0,1.0,0.75,0.75,0.5,1.0,1.0,0.75
1232,1.0,1.0,0.0,0.0,1.0,1.0,0.0,0.25,0.0,1.0,0.0,0.25,0.0,1.0,1.0,0.0,0.0,1.0,0.75,0.75,0.25,1.0,0.0,0.0,1.0,1.0,1.0,0.75,1.0,0.25,0.25,0.0,1.0,0.0,0.25,0.0,1.0,1.0,1.0,1.0,0.25,0.75,0.75,1.0,0.25,0.25,1.0,1.0,1.0,0.0,0.25,0.25,0.75,1.0,0.0,1.0,0.25,1.0,0.0,0.0,0.17,0.33,0.83,0.17,0.33,0.0,0.83,0.75,0.75,0.25,0.75,0.25,0.5,0.5,0.5
1240,0.0,1.0,1.0,0.0,1.0,1.0,0.25,0.75,0.0,0.25,0.25,1.0,0.0,1.0,1.0,1.0,0.0,1.0,1.0,0.75,1.0,1.0,0.0,1.0,1.0,1.0,1.0,1.0,0.0,0.25,1.0,0.0,1.0,0.0,0.0,0.0,1.0,1.0,0.0,1.0,1.0,1.0,1.0,1.0,0.75,1.0,1.0,0.0,1.0,0.0,0.0,0.0,0.0,1.0,0.0,1.0,0.0,1.0,0.0,0.0,0.0,0.17,1.0,0.0,0.83,0.0,1.0,0.75,1.0,0.75,1.0,0.0,0.5,0.0,1.0
1242,0.75,1.0,0.75,0.75,1.0,0.75,0.25,1.0,0.0,0.25,0.25,1.0,0.25,1.0,1.0,1.0,0.0,0.75,0.75,0.0,0.75,1.0,0.0,0.25,1.0,0.75,0.25,1.0,0.0,0.75,1.0,0.25,1.0,0.0,1.0,0.75,0.75,0.75,0.25,1.0,1.0,0.75,0.75,1.0,1.0,1.0,1.0,0.0,1.0,0.25,0.0,0.25,1.0,0.75,0.0,0.75,0.75,1.0,0.0,0.0,0.67,0.67,0.83,0.5,0.83,0.17,1.0,0.5,0.5,0.25,0.75,0.25,0.5,0.5,0.75
1249,0.75,0.75,0.75,0.0,0.75,1.0,0.25,0.25,0.25,0.0,0.25,1.0,0.25,0.75,0.75,0.0,0.75,0.25,0.25,0.0,0.75,0.75,0.75,1.0,0.25,1.0,0.25,0.25,0.25,0.25,1.0,0.75,0.75,0.25,0.75,0.75,0.75,0.25,0.75,0.25,0.75,0.75,0.75,1.0,0.75,0.75,1.0,0.75,0.0,0.25,0.25,0.75,0.75,0.75,0.0,0.75,0.75,0.25,0.25,0.25,0.67,0.17,0.83,0.67,0.67,0.17,1.0,0.75,0.75,0.75,1.0,0.75,0.5,0.25,0.5
1251,1.0,0.0,1.0,0.75,0.75,0.0,0.25,1.0,0.75,0.0,1.0,0.25,0.25,1.0,0.75,1.0,0.75,1.0,1.0,1.0,0.0,1.0,0.25,1.0,0.75,1.0,1.0,1.0,1.0,0.25,0.75,1.0,1.0,0.75,0.0,0.25,0.75,0.25,0.25,1.0,1.0,1.0,1.0,1.0,1.0,1.0,1.0,0.75,0.25,0.25,1.0,0.75,1.0,0.75,0.0,0.75,1.0,0.75,0.0,0.75,0.17,0.17,0.67,0.0,0.83,0.5,0.67,0.5,0.75,0.5,0.5,0.5,0.5,0.5,0.5
1265,0.0,1.0,0.75,0.0,1.0,1.0,0.75,0.25,0.0,0.0,1.0,1.0,0.0,1.0,1.0,1.0,0.0,1.0,1.0,1.0,1.0,1.0,0.0,1.0,1.0,1.0,1.0,1.0,0.0,0.75,1.0,0.0,1.0,0.0,0.75,0.0,1.0,0.25,0.0,1.0,1.0,1.0,0.75,1.0,1.0,1.0,1.0,0.0,1.0,0.0,0.0,0.0,1.0,1.0,0.0,1.0,0.25,1.0,0.0,0.0,0.0,0.0,1.0,0.0,0.33,0.0,1.0,1.0,1.0,0.5,1.0,0.0,0.5,0.0,1.0
1266,0.0,1.0,0.75,0.0,1.0,1.0,0.25,0.75,0.0,0.0,1.0,1.0,0.0,1.0,1.0,1.0,0.0,1.0,1.0,1.0,1.0,1.0,0.0,0.75,1.0,1.0,1.0,1.0,0.0,0.0,1.0,0.0,1.0,0.0,0.0,0.0,1.0,0.75,0.0,1.0,1.0,1.0,1.0,1.0,1.0,1.0,1.0,0.0,1.0,0.0,0.0,0.25,0.75,1.0,0.0,0.75,0.0,1.0,0.0,0.0,0.17,0.0,1.0,0.0,0.67,0.0,1.0,1.0,1.0,0.5,1.0,0.0,0.0,0.0,1.0
1268,0.75,1.0,1.0,0.75,1.0,0.75,0.25,1.0,0.0,0.0,0.75,0.75,0.75,1.0,0.75,0.75,0.0,1.0,0.75,0.25,0.25,0.25,0.25,0.25,1.0,1.0,1.0,1.0,0.25,0.25,1.0,0.0,0.75,0.25,0.25,0.0,0.75,0.75,0.25,0.75,0.75,1.0,0.75,1.0,0.75,0.75,1.0,0.75,0.75,0.75,0.25,0.25,0.25,1.0,0.0,0.75,0.0,1.0,0.0,0.0,0.33,0.17,0.67,0.17,0.67,0.17,1.0,0.5,0.75,0.5,0.5,0.25,0.5,0.5,0.75
1273,0.75,1.0,1.0,0.0,1.0,1.0,0.25,0.75,0.25,0.25,0.25,0.75,0.25,1.0,0.25,0.75,0.0,0.0,0.75,0.0,0.25,1.0,0.75,1.0,1.0,0.25,1.0,1.0,0.0,0.25,1.0,0.25,1.0,0.0,0.75,0.0,1.0,0.75,0.25,0.75,1.0,1.0,1.0,0.75,1.0,0.75,0.75,0.75,0.0,0.0,0.25,0.75,0.75,0.25,0.0,0.75,0.25,0.75,0.25,0.0,0.83,0.67,0.67,0.0,0.67,0.17,1.0,0.75,0.75,0.5,0.75,0.5,0.5,0.25,0.5
1282,0.25,0.75,0.0,0.75,1.0,0.75,0.0,0.0,0.25,0.0,0.75,0.75,0.0,1.0,1.0,1.0,0.0,1.0,1.0,0.75,1.0,1.0,0.0,1.0,0.25,0.75,0.25,1.0,1.0,0.25,1.0,0.0,1.0,0.0,0.0,0.0,0.75,1.0,0.0,1.0,1.0,1.0,1.0,1.0,1.0,1.0,1.0,0.0,1.0,1.0,0.0,1.0,1.0,1.0,0.0,1.0,1.0,1.0,0.0,0.0,0.17,0.33,0.83,0.0,0.83,0.0,1.0,0.75,1.0,0.25,0.75,0.0,0.5,0.0,0.5
1290,1.0,0.75,0.75,0.25,1.0,0.75,0.0,1.0,0.25,0.25,1.0,0.75,0.25,1.0,1.0,1.0,0.0,1.0,0.0,0.25,0.75,1.0,0.25,1.0,0.75,0.75,0.25,1.0,0.25,0.75,0.75,0.75,1.0,1.0,1.0,0.25,0.75,0.75,0.0,0.75,0.75,1.0,1.0,1.0,0.75,1.0,1.0,1.0,1.0,1.0,0.0,1.0,0.0,0.0,0.0,1.0,0.75,1.0,0.0,0.25,0.5,0.67,0.83,0.17,1.0,0.17,0.83,0.5,0.75,0.25,0.5,0.25,0.5,0.5,0.75
1293,0.0,0.75,1.0,0.25,1.0,1.0,1.0,1.0,0.0,0.0,1.0,0.25,0.0,0.75,1.0,1.0,0.0,1.0,0.75,0.75,0.75,1.0,0.0,1.0,1.0,1.0,1.0,1.0,0.0,0.75,0.75,0.0,1.0,0.0,0.75,0.0,1.0,0.25,0.0,0.75,1.0,0.75,1.0,1.0,1.0,0.75,0.75,0.0,0.25,0.0,0.25,0.75,0.75,0.75,0.0,1.0,0.75,1.0,0.0,0.0,0.33,0.0,0.83,0.0,0.83,0.0,0.67,0.75,0.75,0.25,0.75,0.25,0.5,0.5,1.0
1297,1.0,0.0,1.0,1.0,0.0,0.0,0.0,0.0,1.0,0.75,0.0,0.25,0.25,0.25,0.75,1.0,0.75,0.0,0.75,1.0,0.75,1.0,1.0,1.0,0.0,0.0,0.0,0.25,1.0,1.0,0.0,1.0,0.25,1.0,0.75,1.0,0.25,0.0,0.25,0.0,0.75,0.25,0.0,0.0,1.0,0.75,0.25,1.0,0.0,0.0,1.0,1.0,1.0,0.75,0.0,1.0,1.0,0.0,0.0,0.0,0.0,1.0,0.17,0.17,0.83,0.5,0.0,0.0,0.75,0.25,0.5,0.5,0.75,1.0,0.25
1306,0.0,1.0,0.75,1.0,1.0,0.75,0.0,1.0,1.0,1.0,1.0,0.75,0.0,1.0,0.75,1.0,0.0,1.0,0.25,0.0,0.0,0.25,0.0,0.75,0.75,0.75,1.0,1.0,1.0,1.0,1.0,0.0,1.0,0.0,0.75,0.0,0.25,1.0,0.25,1.0,1.0,0.25,1.0,1.0,0.25,0.0,1.0,0.0,0.0,1.0,0.0,0.0,0.0,1.0,0.0,0.25,0.75,0.75,0.75,1.0,0.17,0.0,0.67,0.17,0.17,0.0,1.0,0.5,0.75,0.25,0.5,0.0,0.25,0.25,0.75
1316,1.0,0.75,0.75,0.25,0.75,0.75,0.25,0.75,0.75,0.25,1.0,0.25,0.25,1.0,1.0,1.0,0.0,1.0,0.75,0.75,0.75,1.0,0.25,0.75,1.0,1.0,1.0,1.0,0.75,0.25,0.75,0.25,1.0,0.0,0.75,0.25,0.75,1.0,0.25,1.0,0.75,1.0,1.0,1.0,0.25,1.0,1.0,0.25,0.75,0.25,0.25,0.75,0.75,0.75,0.0,1.0,1.0,1.0,0.0,0.0,0.83,0.17,1.0,0.33,0.5,0.0,1.0,0.75,0.75,0.5,0.75,0.0,0.5,0.5,0.75
1328,0.0,0.0,1.0,0.0,0.0,0.0,0.0,0.0,1.0,1.0,0.0,1.0,1.0,1.0,0.0,1.0,1.0,0.0,1.0,1.0,0.0,1.0,1.0,1.0,0.0,0.0,0.0,0.0,1.0,1.0,0.0,1.0,0.0,1.0,0.0,1.0,0.0,0.0,1.0,0.0,0.0,0.0,0.0,0.0,0.0,0.0,0.0,1.0,0.0,1.0,1.0,0.0,0.0,1.0,1.0,0.0,1.0,0.0,1.0,1.0,0.0,1.0,0.0,0.0,0.83,0.83,0.33,0.0,0.25,0.0,0.0,0.25,0.75,0.75,0.0
1331,0.0,0.75,1.0,0.75,1.0,0.25,0.0,0.0,0.25,0.0,0.25,0.0,0.75,0.75,0.0,0.25,0.0,0.0,0.75,1.0,0.25,1.0,0.25,0.0,0.25,0.75,0.25,1.0,0.25,0.75,1.0,0.75,0.25,0.75,0.75,0.0,1.0,0.25,0.75,0.25,0.25,0.25,1.0,1.0,0.75,0.75,0.75,0.75,0.0,0.0,0.75,1.0,1.0,0.75,0.0,0.75,0.25,1.0,0.0,0.0,0.83,0.67,0.5,0.33,0.67,0.5,0.83,0.75,0.75,0.5,0.5,0.5,0.5,0.5,0.5
1334,0.0,1.0,1.0,0.0,1.0,1.0,1.0,1.0,0.0,0.0,0.75,1.0,0.0,1.0,1.0,1.0,0.0,1.0,1.0,0.75,1.0,1.0,0.0,1.0,1.0,1.0,1.0,1.0,0.0,0.0,1.0,0.0,1.0,0.0,0.25,0.0,1.0,0.25,0.0,1.0,1.0,1.0,1.0,1.0,1.0,1.0,1.0,0.0,1.0,0.0,0.0,0.0,0.75,1.0,0.0,1.0,0.0,1.0,0.0,0.0,0.0,0.0,1.0,0.0,0.5,0.0,1.0,1.0,1.0,0.5,1.0,0.0,0.25,0.0,1.0
1349,0.75,0.0,0.0,1.0,0.0,0.0,0.0,0.0,0.75,1.0,0.0,0.25,1.0,0.25,0.0,0.0,1.0,0.0,1.0,0.75,0.0,0.0,1.0,1.0,0.0,0.0,0.0,0.0,0.75,1.0,0.25,1.0,0.0,1.0,0.0,1.0,0.75,0.75,1.0,0.0,0.0,0.0,0.0,0.0,1.0,0.75,0.25,1.0,0.0,1.0,1.0,0.0,0.0,1.0,1.0,0.0,0.25,0.0,1.0,1.0,0.83,1.0,0.17,1.0,0.83,0.83,0.0,0.0,0.5,0.75,0.5,0.75,0.75,1.0,0.0
1359,0.75,1.0,1.0,1.0,1.0,0.25,0.0,0.75,0.25,0.25,0.25,0.75,0.25,0.75,0.75,0.25,0.25,0.25,1.0,0.75,1.0,1.0,0.25,0.75,0.25,0.0,0.0,1.0,0.75,0.75,0.75,0.75,0.25,1.0,0.75,0.25,1.0,0.25,0.25,0.75,0.75,0.75,0.75,1.0,1.0,0.75,0.75,0.25,0.75,0.0,0.75,0.75,0.25,0.25,0.0,0.75,0.75,0.75,0.0,0.25,0.67,0.67,0.67,0.5,1.0,0.33,0.83,0.75,0.75,0.5,0.75,0.5,0.5,0.75,0.5
1368,0.75,0.75,1.0,1.0,1.0,0.75,0.0,0.25,0.25,0.0,0.75,0.75,0.0,0.75,0.75,1.0,0.0,1.0,1.0,1.0,0.75,1.0,0.0,1.0,0.25,0.75,0.75,1.0,1.0,0.75,0.25,0.0,1.0,0.75,1.0,1.0,0.75,1.0,0.0,0.75,1.0,1.0,0.75,1.0,1.0,1.0,1.0,0.0,1.0,0.75,0.0,1.0,1.0,0.75,0.0,1.0,1.0,1.0,0.0,0.0,0.83,0.83,0.17,0.0,0.83,0.0,1.0,0.75,0.75,0.25,0.5,0.0,0.5,0.25,0.75
1373,0.0,1.0,1.0,0.25,1.0,1.0,0.75,1.0,0.0,0.0,0.25,0.0,0.0,0.75,0.0,0.25,0.0,0.0,0.0,0.0,0.0,0.0,0.75,0.75,0.25,0.0,0.75,1.0,0.0,0.0,0.25,0.25,0.25,0.25,0.75,0.25,0.75,0.75,0.0,0.25,0.75,0.25,1.0,0.0,0.0,0.75,0.75,0.25,0.0,0.0,0.75,0.75,0.75,0.25,0.0,0.25,0.25,0.75,0.0,0.25,1.0,0.83,0.17,1.0,0.33,0.0,0.67,0.5,0.5,0.25,0.5,0.5,0.75,0.75,0.75
1374,0.0,0.75,1.0,1.0,1.0,0.25,0.0,0.25,0.25,1.0,0.25,0.25,0.0,0.75,0.0,0.0,0.0,0.0,0.75,0.75,0.25,1.0,0.25,0.25,0.25,0.75,1.0,0.75,0.25,1.0,1.0,1.0,0.25,0.75,0.75,0.0,1.0,0.25,0.0,0.25,1.0,0.25,0.75,1.0,1.0,0.75,0.75,0.25,1.0,0.0,1.0,1.0,1.0,0.75,0.25,0.75,0.25,1.0,0.0,0.0,0.83,0.5,0.5,0.0,0.67,0.5,0.67,0.5,0.5,0.5,0.5,0.5,0.5,0.75,0.5
1382,0.0,1.0,1.0,0.75,1.0,0.75,0.75,0.75,0.0,0.0,0.75,1.0,0.75,1.0,0.25,0.75,0.0,0.75,0.25,0.0,0.25,0.25,0.75,1.0,1.0,1.0,0.75,1.0,0.75,0.75,1.0,0.25,0.25,0.25,0.75,0.0,0.75,0.25,0.25,1.0,0.75,1.0,0.75,0.75,0.75,1.0,1.0,0.0,0.75,0.0,0.25,0.75,0.75,0.75,0.0,0.75,0.0,1.0,0.0,0.0,0.67,0.33,0.67,0.0,0.83,0.33,0.83,0.75,1.0,0.25,0.75,0.5,0.5,0.5,0.75
1391,1.0,0.75,0.75,1.0,0.25,0.75,0.75,0.0,0.75,0.25,0.75,0.75,0.25,0.75,0.75,1.0,0.0,0.75,0.25,0.75,0.25,1.0,0.25,1.0,0.0,0.0,0.75,1.0,0.75,1.0,0.25,1.0,0.25,0.75,1.0,1.0,0.75,0.75,0.75,0.25,0.25,0.25,0.25,0.75,1.0,1.0,1.0,0.25,1.0,0.25,1.0,1.0,1.0,0.25,0.0,0.75,0.75,0.75,0.0,0.0,0.83,0.83,0.83,0.17,0.67,0.83,0.67,0.25,1.0,0.75,0.75,0.75,0.75,0.75,0.25
1395,0.25,1.0,1.0,0.0,1.0,1.0,0.0,1.0,0.0,0.25,0.75,1.0,0.0,1.0,1.0,1.0,0.0,1.0,1.0,0.75,1.0,1.0,0.0,1.0,1.0,1.0,1.0,1.0,0.0,0.25,1.0,0.0,1.0,0.0,0.0,0.0,1.0,0.75,0.0,1.0,1.0,1.0,1.0,1.0,0.75,1.0,1.0,0.0,1.0,0.0,0.0,0.0,0.75,1.0,0.0,1.0,0.0,1.0,0.0,0.0,0.0,0.17,1.0,0.0,0.5,0.0,1.0,1.0,1.0,0.5,1.0,0.0,0.5,0.25,1.0
1396,0.0,0.25,0.75,0.0,0.25,0.75,0.0,1.0,0.75,1.0,0.0,0.25,0.75,0.75,0.0,0.0,0.25,0.25,0.75,0.25,0.0,0.75,0.75,0.75,0.75,0.75,0.75,1.0,0.75,0.75,0.25,0.0,0.0,1.0,0.25,0.0,0.75,0.75,0.25,0.75,0.75,0.25,0.75,0.75,0.75,0.0,1.0,1.0,0.0,0.75,0.25,0.0,0.0,1.0,0.25,0.0,0.0,1.0,0.75,1.0,0.17,0.33,0.67,0.83,0.33,0.67,0.67,0.25,0.75,0.25,0.5,0.25,0.5,0.25,0.75
1430,0.0,1.0,0.75,0.0,1.0,1.0,0.75,0.0,0.0,0.25,1.0,1.0,0.0,1.0,1.0,1.0,0.0,1.0,1.0,0.75,1.0,1.0,0.0,1.0,1.0,1.0,1.0,1.0,0.0,0.0,1.0,0.0,1.0,0.0,0.25,0.0,1.0,0.25,0.0,1.0,1.0,1.0,1.0,1.0,1.0,1.0,1.0,0.0,1.0,0.0,0.0,0.0,0.75,1.0,0.0,0.75,0.0,1.0,0.0,0.0,0.0,0.0,1.0,0.0,0.83,0.0,1.0,1.0,1.0,1.0,1.0,0.0,0.0,0.0,1.0
1433,0.75,1.0,1.0,1.0,0.75,0.25,0.0,0.0,0.0,0.0,0.75,1.0,0.25,1.0,0.25,0.25,0.0,0.0,0.25,1.0,1.0,1.0,0.0,0.25,0.25,0.0,0.0,1.0,0.75,1.0,0.75,0.75,0.75,0.75,1.0,0.25,1.0,0.0,0.25,0.75,0.75,0.75,0.75,1.0,1.0,0.75,1.0,0.0,0.25,0.0,1.0,1.0,1.0,0.25,0.0,0.75,0.75,0.75,0.0,0.0,0.67,0.33,0.67,0.17,0.67,0.5,0.83,0.75,1.0,0.5,0.75,0.5,0.5,0.75,0.5
1442,0.75,0.75,0.25,0.75,0.75,0.25,0.0,0.75,0.75,0.0,0.75,0.75,0.0,1.0,0.75,1.0,0.0,1.0,0.25,0.75,0.25,1.0,0.0,1.0,1.0,0.75,0.25,0.75,0.75,1.0,1.0,0.0,1.0,0.75,0.75,0.0,0.75,0.75,0.0,1.0,1.0,1.0,0.75,0.75,1.0,1.0,1.0,0.0,0.75,1.0,0.0,1.0,1.0,1.0,0.0,1.0,0.75,1.0,0.0,0.0,0.33,0.83,0.67,0.0,0.67,0.33,1.0,0.5,0.75,0.25,0.5,0.25,0.5,0.5,0.75
1453,0.25,0.75,1.0,0.25,1.0,0.25,1.0,0.0,0.0,0.75,0.75,0.25,0.25,0.75,1.0,0.75,0.25,1.0,1.0,1.0,1.0,1.0,0.75,1.0,0.75,1.0,0.25,1.0,0.0,1.0,0.25,0.25,1.0,0.0,0.75,0.0,1.0,0.25,0.0,1.0,1.0,1.0,0.75,1.0,1.0,0.75,0.25,0.75,1.0,0.75,1.0,0.25,0.25,1.0,0.0,1.0,1.0,1.0,0.0,0.25,0.0,0.67,0.67,0.17,1.0,0.0,0.67,0.5,1.0,0.0,1.0,0.0,0.5,0.75,1.0
1456,0.0,1.0,1.0,0.0,1.0,1.0,1.0,1.0,0.0,0.0,1.0,0.75,0.0,1.0,1.0,1.0,0.0,1.0,1.0,0.75,1.0,1.0,0.0,1.0,1.0,1.0,1.0,1.0,0.0,0.0,1.0,0.0,1.0,0.0,0.0,0.0,1.0,1.0,0.0,1.0,1.0,1.0,1.0,1.0,0.75,1.0,1.0,0.0,1.0,0.0,0.0,0.75,0.0,1.0,0.0,0.75,0.0,1.0,0.0,0.0,0.33,0.33,1.0,0.5,0.67,0.17,1.0,1.0,1.0,0.75,1.0,0.0,0.0,0.0,1.0
1458,0.75,0.0,0.0,1.0,0.0,0.0,0.0,0.0,0.75,1.0,0.0,0.0,1.0,0.25,0.0,0.0,1.0,0.0,1.0,0.0,0.0,1.0,1.0,0.0,0.0,0.0,0.0,0.0,1.0,1.0,0.0,1.0,0.0,1.0,0.0,1.0,0.75,0.0,1.0,0.0,0.0,0.0,0.0,0.0,1.0,0.0,0.0,1.0,0.0,1.0,1.0,0.0,0.0,1.0,1.0,0.0,1.0,0.0,1.0,1.0,0.17,1.0,0.0,0.83,0.83,0.83,0.0,0.0,0.5,0.5,0.25,0.5,0.5,0.75,0.0
1464,0.25,0.75,0.25,1.0,0.25,0.0,0.0,0.75,0.75,1.0,0.25,0.0,1.0,0.25,0.0,0.0,1.0,0.0,0.0,0.0,0.0,0.0,0.75,0.75,0.0,0.0,1.0,0.0,1.0,0.0,0.25,0.25,0.0,0.0,0.0,0.75,1.0,0.25,0.75,0.0,0.75,0.0,0.75,0.75,0.25,0.75,0.25,1.0,0.0,0.25,1.0,0.25,0.75,0.25,1.0,0.0,0.0,0.75,1.0,0.0,0.83,0.67,0.67,0.67,0.83,0.83,0.67,0.25,0.5,0.5,0.5,0.5,1.0,0.75,0.0
1466,0.25,1.0,1.0,0.25,1.0,0.75,0.75,0.0,0.25,0.25,0.75,0.75,0.0,0.75,0.25,0.75,0.75,1.0,1.0,1.0,0.0,1.0,0.25,0.0,0.0,0.25,0.0,0.75,0.0,0.25,0.75,0.75,0.0,0.75,0.75,0.25,0.75,0.75,0.25,0.75,0.25,0.75,0.75,0.75,0.75,0.25,0.0,0.0,0.75,0.75,0.75,1.0,1.0,1.0,0.25,0.75,0.25,1.0,0.0,0.0,0.83,0.67,0.17,0.33,0.67,0.5,0.67,0.5,0.75,0.25,0.25,0.25,0.25,0.5,0.25
1471,0.0,1.0,1.0,0.0,1.0,1.0,0.25,0.75,0.0,0.0,0.25,1.0,0.0,1.0,1.0,1.0,0.0,1.0,1.0,0.75,1.0,1.0,0.0,1.0,1.0,1.0,1.0,1.0,0.0,0.25,1.0,0.0,1.0,0.0,0.0,0.0,1.0,1.0,0.0,1.0,1.0,1.0,1.0,1.0,0.25,1.0,1.0,0.0,1.0,0.0,0.0,0.0,0.0,1.0,0.0,1.0,0.0,1.0,0.0,0.0,0.0,0.17,1.0,0.0,0.67,0.0,1.0,0.75,1.0,0.5,1.0,0.0,0.5,0.0,1.0
1480,0.0,1.0,1.0,0.0,1.0,1.0,0.25,0.75,0.0,0.25,0.75,1.0,0.0,1.0,1.0,1.0,0.0,1.0,1.0,1.0,1.0,1.0,0.0,1.0,1.0,0.75,1.0,1.0,0.0,0.25,1.0,0.0,1.0,0.0,0.25,0.0,1.0,1.0,0.0,1.0,1.0,1.0,1.0,1.0,0.75,1.0,1.0,0.0,1.0,0.0,0.0,0.0,0.0,1.0,0.0,1.0,0.0,1.0,0.0,0.0,0.17,0.0,1.0,0.0,0.67,0.0,1.0,1.0,1.0,0.5,1.0,0.0,0.25,0.25,1.0
1497,1.0,0.0,0.75,1.0,0.0,0.25,0.0,0.0,0.25,0.0,0.0,0.0,0.75,0.0,0.0,0.75,1.0,0.0,0.0,0.75,0.0,0.25,0.75,1.0,0.0,0.0,0.0,0.25,0.25,0.75,0.0,1.0,0.0,1.0,0.25,1.0,0.75,0.0,0.0,0.0,0.25,0.0,0.25,0.0,1.0,0.25,0.25,1.0,0.0,0.75,1.0,0.0,0.0,0.25,0.75,0.0,0.25,0.0,0.25,1.0,0.83,0.83,0.0,0.17,0.5,0.5,0.5,0.25,0.5,0.5,0.5,0.5,0.5,1.0,0.25
1502,0.25,0.0,0.25,0.0,0.0,0.0,0.0,0.0,0.25,1.0,0.0,0.0,1.0,0.25,0.0,0.0,1.0,0.0,0.75,0.75,0.0,0.0,1.0,0.0,0.0,0.0,0.0,0.25,0.75,1.0,0.0,1.0,0.0,1.0,0.0,1.0,0.75,0.0,1.0,0.0,0.0,0.0,0.0,0.0,0.75,0.0,0.0,1.0,0.0,1.0,1.0,0.0,0.0,0.25,1.0,0.0,1.0,0.0,1.0,1.0,0.83,0.83,0.0,0.83,0.33,0.83,0.0,0.25,0.5,0.5,0.25,0.5,0.75,1.0,0.0
1505,1.0,0.75,0.75,0.75,1.0,0.75,0.75,1.0,0.75,0.25,0.25,0.75,0.25,1.0,0.75,1.0,0.75,1.0,0.75,0.75,1.0,1.0,0.25,1.0,1.0,0.75,1.0,1.0,0.75,0.25,1.0,0.25,1.0,0.75,0.75,0.25,1.0,1.0,0.0,0.75,1.0,1.0,1.0,1.0,1.0,0.75,1.0,0.75,0.75,0.75,0.0,0.75,0.0,0.0,0.0,1.0,0.75,1.0,0.0,0.25,1.0,0.33,0.67,0.0,1.0,0.0,1.0,0.5,0.5,0.0,0.75,0.0,0.5,0.0,0.75
1531,0.75,1.0,1.0,1.0,1.0,0.75,0.75,0.0,0.0,0.0,0.0,1.0,1.0,1.0,0.25,1.0,0.0,1.0,1.0,0.25,0.25,0.75,0.0,0.75,1.0,1.0,0.75,1.0,0.25,0.75,0.75,0.25,0.75,0.0,0.75,0.75,1.0,0.25,0.75,0.75,0.75,0.75,0.75,1.0,0.75,0.75,1.0,0.0,0.25,0.25,0.75,0.75,1.0,0.25,0.0,0.75,0.25,1.0,0.0,0.0,0.67,0.67,0.83,0.67,0.83,0.0,0.83,0.75,0.75,0.25,0.75,0.25,0.25,0.5,0.5
1533,1.0,0.0,0.75,0.75,0.0,0.0,0.25,0.0,1.0,0.75,0.0,0.25,0.75,0.75,0.0,0.25,0.75,0.75,0.75,1.0,0.25,1.0,1.0,1.0,0.0,0.0,0.0,0.75,1.0,1.0,0.25,1.0,0.0,0.75,1.0,0.75,0.25,0.0,1.0,0.0,0.25,0.25,0.25,0.75,1.0,1.0,0.0,0.75,0.0,0.0,1.0,1.0,1.0,0.75,0.0,1.0,1.0,0.0,0.0,0.0,0.0,1.0,0.0,0.0,1.0,0.67,0.17,0.25,0.75,0.5,0.5,0.5,0.5,0.5,0.25
1538,0.75,1.0,0.25,1.0,1.0,0.75,0.25,0.75,0.0,0.25,1.0,0.75,0.25,1.0,1.0,1.0,0.0,1.0,1.0,1.0,1.0,1.0,0.0,1.0,1.0,0.75,1.0,1.0,0.75,1.0,0.75,0.25,1.0,0.25,0.75,0.25,0.75,0.75,0.0,1.0,1.0,1.0,1.0,1.0,1.0,1.0,1.0,0.0,1.0,0.75,0.0,1.0,1.0,1.0,0.0,1.0,1.0,1.0,0.0,0.0,0.17,0.83,0.83,0.17,0.83,0.33,0.83,0.75,0.75,0.25,0.75,0.25,0.5,0.75,0.75
1553,0.75,0.75,0.75,0.25,0.75,0.25,0.0,0.75,0.25,0.25,0.25,0.75,0.25,0.25,0.75,0.75,0.75,0.0,1.0,0.0,0.75,0.75,0.75,0.25,0.75,0.25,0.25,0.25,0.75,0.75,0.25,1.0,0.75,0.75,0.75,0.25,1.0,0.75,0.25,1.0,0.75,0.75,0.75,0.75,0.75,0.25,0.75,0.75,0.25,0.75,0.25,0.75,1.0,1.0,0.25,0.75,1.0,0.75,0.25,0.0,0.67,0.67,0.67,0.17,0.33,0.5,0.67,0.5,0.5,0.5,0.5,0.5,0.5,0.5,0.5
1561,1.0,0.0,0.0,1.0,0.0,0.0,0.0,0.0,1.0,1.0,0.0,0.0,1.0,0.0,0.0,0.75,1.0,0.0,1.0,1.0,0.0,1.0,1.0,1.0,0.0,0.0,0.0,0.0,1.0,1.0,0.0,1.0,0.0,1.0,1.0,1.0,0.0,0.0,1.0,0.0,0.0,0.0,0.0,0.0,1.0,0.0,0.0,1.0,0.0,1.0,1.0,0.75,0.75,0.25,0.0,0.75,1.0,0.0,0.0,0.0,0.0,1.0,0.0,0.5,0.83,0.83,0.0,0.0,0.5,0.0,0.0,1.0,0.5,1.0,0.0
1564,0.0,1.0,0.75,0.0,1.0,1.0,0.0,0.0,0.0,0.0,0.0,0.25,0.25,1.0,0.25,0.0,0.75,0.25,0.0,0.0,0.0,0.0,0.75,0.25,0.25,0.75,1.0,1.0,1.0,0.25,1.0,0.75,0.0,1.0,0.75,1.0,1.0,0.25,0.0,0.0,0.25,0.0,0.0,0.25,0.0,0.0,0.0,1.0,0.0,1.0,1.0,0.0,0.0,1.0,1.0,0.0,0.75,0.75,1.0,1.0,1.0,1.0,0.33,1.0,0.67,1.0,0.0,0.25,0.75,0.75,0.25,0.25,0.75,1.0,0.25
1569,0.75,0.0,0.0,0.75,0.0,0.0,0.25,0.25,0.75,1.0,0.0,0.0,0.75,0.25,0.0,0.0,0.75,0.0,0.0,0.75,0.0,0.75,1.0,0.25,0.0,0.0,0.0,0.0,0.75,1.0,0.0,1.0,0.0,1.0,0.75,1.0,1.0,0.25,1.0,0.0,0.0,0.0,0.0,0.0,1.0,0.0,0.25,0.75,0.0,0.75,1.0,0.0,0.0,0.75,0.75,0.0,1.0,0.0,1.0,1.0,0.33,1.0,0.17,0.67,1.0,0.67,0.0,0.25,0.5,0.5,0.25,0.75,0.75,0.5,0.0
1574,0.0,1.0,1.0,0.0,0.0,0.75,0.0,0.0,0.0,0.0,0.25,0.25,0.0,0.25,0.0,0.25,0.75,0.0,0.25,1.0,0.0,1.0,1.0,0.0,0.0,0.75,0.75,0.75,1.0,0.25,1.0,1.0,0.0,0.75,0.75,1.0,0.25,0.0,0.0,0.0,1.0,0.75,0.25,1.0,0.25,1.0,1.0,1.0,0.25,0.0,1.0,0.75,1.0,1.0,0.75,0.75,0.75,0.0,0.25,0.25,0.33,0.33,0.33,0.0,0.17,0.67,0.33,0.25,0.75,0.5,0.5,0.75,0.5,0.75,0.25
1575,0.0,1.0,1.0,0.0,1.0,1.0,0.75,0.0,0.0,0.25,1.0,0.75,0.0,1.0,1.0,0.75,0.0,1.0,1.0,0.75,1.0,1.0,0.0,1.0,1.0,1.0,1.0,1.0,0.0,0.0,1.0,0.0,1.0,0.0,0.25,0.0,1.0,0.25,0.0,1.0,1.0,1.0,1.0,1.0,1.0,1.0,1.0,0.0,1.0,0.0,0.0,0.0,0.75,1.0,0.0,0.75,0.25,1.0,0.0,0.0,0.0,0.0,1.0,0.0,0.83,0.0,1.0,1.0,1.0,0.75,1.0,0.25,0.5,0.0,0.75
1577,0.0,0.0,1.0,0.0,0.0,1.0,0.0,1.0,0.25,1.0,0.0,0.0,0.0,0.0,0.0,0.25,0.75,1.0,0.25,1.0,0.0,0.25,1.0,0.75,0.75,0.75,0.25,1.0,1.0,0.75,1.0,1.0,0.0,1.0,0.0,1.0,0.0,0.0,0.0,0.0,0.25,1.0,0.25,1.0,0.0,0.0,0.0,1.0,0.0,1.0,0.25,0.0,0.0,1.0,0.25,0.25,0.0,1.0,0.25,1.0,0.0,1.0,0.33,1.0,0.0,0.83,1.0,0.0,1.0,1.0,1.0,1.0,0.75,0.75,0.25
1585,0.75,0.0,0.75,1.0,0.0,0.0,0.0,0.0,0.75,1.0,0.25,0.25,1.0,0.0,0.0,1.0,0.75,0.0,0.0,0.75,0.0,0.0,1.0,0.75,0.0,0.0,0.0,0.0,0.75,1.0,0.0,1.0,0.0,0.75,0.75,1.0,0.75,0.0,1.0,0.0,0.0,0.0,0.0,0.0,1.0,0.25,0.25,1.0,0.0,0.75,1.0,0.0,0.0,1.0,0.75,0.0,0.75,0.0,0.75,1.0,0.17,0.83,0.0,0.83,0.67,0.83,0.17,0.0,0.25,0.5,0.25,0.75,0.75,1.0,0.0
1592,0.25,0.75,1.0,0.75,1.0,0.75,0.0,1.0,0.0,0.25,1.0,0.75,0.25,0.25,0.25,1.0,0.75,1.0,0.25,0.75,0.0,0.25,0.0,1.0,1.0,1.0,1.0,1.0,0.25,0.75,1.0,0.0,0.75,0.25,1.0,0.25,0.75,0.25,0.25,0.75,0.75,1.0,0.75,1.0,0.75,0.75,1.0,0.0,0.75,0.75,0.75,1.0,1.0,0.25,0.75,1.0,1.0,1.0,0.0,0.0,1.0,0.67,0.67,0.17,0.67,0.17,0.33,0.5,0.5,0.5,0.5,0.5,0.5,0.75,0.5
1596,1.0,0.0,0.75,0.75,0.0,0.0,0.0,0.25,0.75,0.25,0.0,1.0,0.0,0.0,0.0,0.25,1.0,0.0,0.25,0.0,0.0,0.25,0.25,0.75,0.0,0.0,0.0,0.0,0.75,0.75,0.0,0.75,0.0,1.0,0.75,0.75,0.75,0.25,0.25,0.25,0.0,0.25,0.25,0.25,1.0,0.25,0.0,0.75,0.0,0.75,1.0,0.0,0.25,1.0,0.75,0.25,0.75,0.0,0.75,1.0,0.17,0.83,0.0,0.67,0.67,0.67,0.0,0.25,0.75,0.5,0.5,0.5,0.75,0.75,0.25
1610,1.0,0.0,0.25,1.0,0.0,0.0,0.25,0.0,1.0,0.0,0.75,0.0,1.0,0.25,0.0,0.75,1.0,0.0,0.0,1.0,0.25,0.75,0.75,1.0,0.0,0.0,0.0,1.0,1.0,1.0,0.25,1.0,0.25,1.0,0.25,1.0,0.75,1.0,0.0,0.25,0.25,0.25,0.0,0.25,1.0,0.75,0.25,1.0,0.0,1.0,0.0,0.75,0.0,1.0,0.0,0.75,0.25,0.0,0.0,1.0,0.83,0.83,0.17,0.67,0.67,0.67,0.33,0.25,0.75,0.75,0.25,0.25,1.0,0.25,0.75
1611,0.75,1.0,0.75,0.75,1.0,1.0,0.0,0.75,0.75,0.25,0.75,0.25,0.25,0.75,1.0,1.0,0.0,0.75,1.0,1.0,0.75,1.0,0.0,1.0,0.75,1.0,0.75,1.0,1.0,0.75,0.75,0.0,1.0,0.25,0.75,0.0,0.25,1.0,0.25,1.0,1.0,1.0,1.0,1.0,0.25,1.0,1.0,0.25,0.75,1.0,0.0,1.0,1.0,1.0,0.0,1.0,0.75,1.0,0.0,0.0,0.67,0.17,0.83,0.17,0.67,0.33,0.83,0.75,0.75,0.5,1.0,0.0,0.5,0.25,0.75
1612,0.75,0.75,0.75,0.75,0.75,0.25,0.0,0.25,0.25,0.0,0.25,1.0,0.0,0.75,0.75,1.0,0.0,0.75,1.0,1.0,1.0,1.0,0.25,1.0,0.25,0.75,0.0,0.75,1.0,0.75,0.75,0.25,1.0,0.75,1.0,0.0,1.0,0.75,0.0,1.0,0.75,0.75,0.75,1.0,1.0,1.0,0.75,0.0,1.0,0.75,0.25,1.0,1.0,1.0,0.0,1.0,1.0,0.75,0.0,0.0,0.17,1.0,0.17,0.17,0.83,0.17,0.67,0.5,0.75,0.25,0.75,0.25,0.5,0.25,0.5
1651,0.0,0.0,0.0,1.0,0.0,0.0,0.0,0.0,0.75,1.0,0.0,0.0,1.0,0.25,0.0,0.0,1.0,0.0,0.75,0.75,0.0,0.75,1.0,0.0,0.0,0.0,0.0,0.0,1.0,0.75,0.0,1.0,0.0,1.0,0.0,1.0,1.0,0.0,1.0,0.0,0.25,0.0,0.0,0.0,1.0,0.0,0.0,1.0,0.0,1.0,1.0,0.0,0.0,0.0,1.0,0.0,1.0,0.0,1.0,1.0,0.83,1.0,0.0,0.83,0.83,1.0,0.0,0.25,0.5,0.5,0.25,0.5,0.75,0.75,0.0
1659,1.0,1.0,1.0,0.0,0.75,1.0,0.0,0.75,0.25,0.0,0.0,1.0,1.0,1.0,0.0,0.0,0.25,0.75,0.0,0.75,0.0,1.0,1.0,1.0,1.0,0.75,1.0,0.0,1.0,0.0,1.0,0.0,0.0,0.75,1.0,1.0,1.0,0.75,1.0,0.25,1.0,1.0,1.0,1.0,0.0,0.0,0.25,1.0,0.0,1.0,1.0,1.0,0.0,0.0,0.0,0.75,1.0,1.0,1.0,1.0,1.0,0.83,0.83,0.83,0.67,0.5,0.67,0.5,0.75,1.0,0.75,0.75,0.75,0.75,0.5
1665,0.0,0.0,0.0,1.0,0.0,0.0,0.0,0.0,1.0,1.0,0.0,0.0,1.0,0.0,0.0,0.0,1.0,0.0,0.0,0.75,0.0,0.25,1.0,0.0,0.0,0.0,0.0,0.0,1.0,1.0,0.0,1.0,0.0,1.0,0.0,1.0,0.75,0.0,1.0,0.0,0.0,0.0,0.0,0.0,1.0,0.0,0.0,1.0,0.0,1.0,1.0,0.0,0.0,0.0,1.0,0.0,1.0,0.0,1.0,1.0,1.0,1.0,0.0,1.0,1.0,1.0,0.0,0.25,0.5,0.5,0.5,0.75,0.75,0.75,0.0
1666,0.75,0.25,0.75,1.0,0.75,0.75,0.25,0.75,0.75,0.0,1.0,0.75,0.25,0.75,1.0,1.0,0.0,1.0,1.0,1.0,1.0,1.0,0.0,1.0,0.75,0.75,0.25,0.75,0.75,0.75,0.25,0.25,1.0,0.75,1.0,0.0,1.0,0.75,0.25,0.75,0.75,1.0,1.0,1.0,1.0,1.0,0.75,0.25,1.0,0.75,0.0,1.0,1.0,1.0,0.0,1.0,1.0,0.75,0.0,0.0,0.33,0.67,0.67,0.0,0.5,0.33,0.5,0.5,0.75,0.25,0.75,0.25,0.5,0.0,0.5
1670,0.0,1.0,1.0,0.25,0.0,1.0,1.0,1.0,0.25,1.0,0.0,0.75,0.0,1.0,0.0,0.0,0.25,0.0,0.0,0.0,0.0,0.0,1.0,1.0,1.0,0.0,0.25,1.0,1.0,0.25,1.0,1.0,0.0,1.0,1.0,0.75,1.0,1.0,0.0,0.75,0.75,0.25,1.0,1.0,0.25,1.0,1.0,1.0,0.0,0.75,1.0,1.0,1.0,0.75,0.0,0.0,1.0,0.75,0.75,0.0,0.83,0.83,0.67,0.33,0.83,0.17,0.67,0.75,0.75,0.5,0.5,0.5,0.75,0.75,0.5
1682,0.0,1.0,0.0,0.0,1.0,1.0,0.75,1.0,0.0,0.25,1.0,1.0,0.25,1.0,0.75,1.0,0.0,1.0,1.0,1.0,1.0,1.0,0.0,1.0,1.0,1.0,1.0,1.0,0.0,0.0,1.0,0.0,1.0,0.0,0.25,0.0,1.0,1.0,0.0,1.0,1.0,1.0,1.0,1.0,0.25,1.0,1.0,0.0,1.0,1.0,0.0,0.0,0.75,1.0,0.0,1.0,0.0,1.0,0.0,0.25,1.0,0.0,1.0,0.17,0.17,0.17,1.0,1.0,0.75,0.5,1.0,0.0,0.5,0.0,0.75
1694,0.0,1.0,0.75,0.75,1.0,1.0,1.0,1.0,0.0,0.0,1.0,0.75,0.25,0.75,1.0,0.75,0.0,1.0,1.0,1.0,0.75,1.0,0.0,1.0,1.0,1.0,1.0,1.0,0.25,0.25,1.0,0.0,0.75,0.25,0.0,0.0,1.0,0.75,0.25,1.0,1.0,0.75,0.75,1.0,1.0,1.0,1.0,0.0,1.0,0.75,0.75,0.75,1.0,0.75,0.0,1.0,1.0,1.0,0.0,0.0,0.83,0.17,1.0,0.0,0.67,0.0,0.83,1.0,1.0,0.0,1.0,0.0,0.75,0.5,1.0
1702,0.0,0.25,0.75,0.0,0.25,0.75,0.0,0.0,0.0,0.0,0.25,0.0,1.0,0.75,0.0,0.75,1.0,0.0,1.0,0.25,0.25,1.0,1.0,0.25,0.0,0.75,0.75,0.75,1.0,0.75,0.75,0.75,0.0,0.0,0.0,1.0,1.0,0.0,1.0,0.0,0.25,0.25,0.0,0.25,0.0,0.0,0.0,1.0,0.0,1.0,0.25,0.0,0.0,1.0,0.75,0.0,0.25,0.75,0.25,1.0,0.0,1.0,0.0,0.67,0.17,0.17,0.0,0.5,0.75,0.5,0.5,0.5,0.25,0.5,0.5
1706,0.0,0.0,0.75,0.25,1.0,1.0,0.25,0.25,0.75,0.0,1.0,0.75,0.75,0.75,0.0,0.25,0.25,0.25,0.0,0.25,0.0,1.0,0.75,0.75,0.25,0.25,0.75,1.0,0.75,0.25,1.0,0.25,0.75,0.75,0.75,0.25,1.0,0.25,0.75,0.75,0.75,0.75,0.75,1.0,0.25,0.25,1.0,0.25,0.0,0.75,0.25,0.75,0.25,1.0,0.25,0.25,0.0,1.0,0.25,0.75,0.83,0.33,0.17,0.17,0.17,0.67,1.0,0.25,0.75,0.75,0.25,0.25,0.25,0.25,0.5
1728,0.75,1.0,0.25,1.0,0.75,0.25,0.75,0.75,0.25,0.0,0.75,1.0,0.75,1.0,0.25,0.25,0.25,0.25,1.0,0.25,0.25,1.0,0.0,1.0,1.0,0.75,0.25,0.75,0.75,0.25,0.75,0.25,0.75,0.75,0.75,0.0,0.75,0.75,0.0,0.75,1.0,1.0,0.75,0.75,1.0,1.0,0.75,0.0,1.0,1.0,0.0,0.75,0.25,0.75,0.0,1.0,1.0,0.75,0.0,0.25,0.33,0.83,0.17,0.0,0.83,0.17,0.67,0.5,1.0,0.25,0.5,0.25,0.75,0.5,0.75
1733,1.0,0.75,0.25,0.75,1.0,0.75,0.0,0.0,0.25,0.0,0.25,0.25,0.0,1.0,1.0,0.75,0.25,0.25,1.0,1.0,1.0,1.0,0.75,1.0,0.75,0.75,0.0,0.25,1.0,1.0,1.0,0.0,1.0,0.75,1.0,0.0,1.0,0.75,0.0,0.75,1.0,0.75,0.75,1.0,1.0,1.0,0.75,0.25,1.0,1.0,0.0,1.0,0.75,1.0,0.0,1.0,1.0,1.0,0.0,0.0,0.33,0.83,0.67,0.0,0.67,0.83,0.83,0.75,1.0,0.25,0.75,0.0,0.75,0.25,0.75
1740,0.75,0.75,1.0,0.0,0.25,0.25,0.25,0.0,0.75,0.0,0.25,1.0,0.25,0.25,0.0,0.0,0.75,0.0,0.75,1.0,0.0,0.75,0.0,1.0,1.0,0.0,0.75,0.75,1.0,1.0,0.75,1.0,0.0,0.75,0.75,1.0,0.75,0.75,0.0,0.0,0.25,0.25,0.75,1.0,1.0,0.75,0.25,0.75,0.0,0.0,0.25,0.25,1.0,0.25,0.75,0.75,0.75,0.75,0.25,0.75,1.0,0.83,0.33,0.5,0.67,0.67,0.67,0.25,0.75,0.75,0.75,1.0,0.75,0.75,0.25
1750,0.0,1.0,1.0,0.0,1.0,1.0,0.75,0.75,0.0,0.0,0.75,1.0,0.0,1.0,1.0,1.0,0.0,1.0,0.75,1.0,1.0,1.0,0.0,1.0,1.0,1.0,1.0,1.0,0.25,0.25,1.0,0.0,1.0,0.0,0.25,0.0,1.0,0.75,0.0,1.0,1.0,1.0,1.0,1.0,0.75,1.0,1.0,0.0,1.0,0.75,0.0,0.25,0.25,1.0,0.0,1.0,0.0,1.0,0.0,0.0,0.17,0.0,1.0,0.17,0.67,0.0,1.0,1.0,1.0,0.5,1.0,0.0,0.25,0.0,1.0
1754,0.75,1.0,1.0,0.25,1.0,1.0,1.0,1.0,0.0,0.0,0.25,0.75,0.0,1.0,1.0,1.0,0.0,1.0,1.0,1.0,1.0,1.0,0.25,1.0,1.0,1.0,1.0,1.0,0.0,0.75,1.0,0.0,1.0,0.0,0.25,0.0,0.75,1.0,0.0,1.0,1.0,1.0,1.0,1.0,1.0,1.0,1.0,0.0,1.0,0.75,0.0,0.0,1.0,1.0,0.0,1.0,0.25,1.0,0.0,0.0,0.0,0.17,1.0,0.0,0.67,0.0,1.0,1.0,1.0,0.0,1.0,0.0,0.0,0.0,0.75
1755,0.0,1.0,0.75,0.0,1.0,1.0,1.0,0.0,0.0,0.0,0.75,1.0,0.0,1.0,1.0,1.0,0.0,1.0,1.0,1.0,1.0,1.0,0.0,1.0,1.0,1.0,1.0,1.0,0.0,0.0,1.0,0.0,1.0,0.0,0.25,0.0,1.0,0.25,0.0,1.0,1.0,1.0,1.0,1.0,1.0,1.0,1.0,0.0,1.0,0.0,0.0,0.0,0.75,1.0,0.0,0.75,0.0,1.0,0.0,0.0,0.0,0.0,1.0,0.0,0.83,0.0,1.0,1.0,1.0,0.75,1.0,0.0,0.25,0.0,1.0
1760,0.75,0.0,1.0,0.25,0.0,0.25,0.0,0.0,0.75,1.0,0.25,0.0,1.0,0.25,0.0,0.25,0.75,0.25,0.25,0.75,0.0,0.25,1.0,1.0,0.25,0.25,0.0,1.0,0.75,0.25,0.0,0.25,0.0,1.0,0.25,0.75,0.25,0.25,0.75,0.75,0.25,0.25,0.25,0.25,0.25,0.0,0.75,1.0,0.0,0.75,0.25,0.0,0.0,1.0,0.75,0.25,0.25,0.25,0.25,1.0,0.83,0.83,0.17,0.67,0.0,0.67,0.67,0.0,0.25,0.25,0.5,0.5,0.5,0.5,0.5
1761,0.75,0.75,1.0,0.25,0.25,0.25,0.25,0.0,0.75,1.0,0.0,0.75,0.75,0.75,0.25,0.0,0.75,0.25,0.0,0.0,0.0,0.0,0.25,0.75,1.0,0.25,1.0,0.25,0.25,0.0,0.25,0.75,0.0,1.0,1.0,1.0,1.0,0.25,0.75,0.0,0.0,0.25,0.25,0.75,0.25,0.25,0.75,1.0,0.0,0.75,0.75,0.25,0.75,1.0,0.25,0.25,0.75,0.0,0.75,1.0,0.83,0.67,0.17,0.83,0.67,0.5,0.17,0.5,0.75,0.5,0.5,0.5,0.75,0.5,0.5
1769,1.0,0.0,1.0,0.75,0.25,0.0,0.0,0.0,1.0,0.25,0.0,0.25,0.25,0.25,0.0,0.25,0.75,0.0,1.0,0.0,0.0,1.0,1.0,1.0,0.0,0.0,0.0,0.25,1.0,0.75,0.0,0.75,0.0,1.0,0.25,1.0,0.75,0.25,0.25,0.0,0.75,0.75,0.0,0.25,1.0,1.0,0.25,0.75,0.0,0.0,1.0,0.25,0.75,0.25,0.0,0.75,1.0,0.0,0.0,0.25,0.83,1.0,0.0,0.17,0.83,0.67,0.17,0.5,0.75,0.5,0.5,0.5,0.75,0.75,0.25
1770,1.0,0.25,0.75,1.0,0.0,0.0,0.0,0.0,0.75,0.75,0.0,0.25,0.75,1.0,0.25,0.75,0.75,0.0,0.75,1.0,0.0,1.0,1.0,1.0,0.0,0.0,0.0,0.75,1.0,1.0,0.0,0.75,0.25,1.0,1.0,1.0,0.25,0.0,0.75,0.25,0.25,0.75,0.0,0.75,1.0,1.0,0.25,1.0,0.0,0.25,1.0,1.0,1.0,0.75,0.0,1.0,1.0,0.0,0.0,0.0,0.0,1.0,0.0,0.0,1.0,0.67,0.0,0.25,0.75,0.25,0.5,0.5,0.5,0.75,0.25
1783,0.0,1.0,0.25,0.0,1.0,1.0,0.75,0.25,0.0,0.75,1.0,1.0,0.25,1.0,1.0,0.75,0.0,1.0,1.0,1.0,1.0,1.0,0.0,1.0,1.0,1.0,1.0,1.0,0.0,0.25,1.0,0.0,1.0,0.25,0.75,0.25,1.0,0.25,0.25,1.0,1.0,1.0,1.0,1.0,1.0,0.75,1.0,0.0,1.0,0.0,0.0,0.25,0.75,1.0,0.0,1.0,0.25,1.0,0.0,0.0,0.17,0.0,1.0,0.17,0.67,0.0,1.0,1.0,0.75,0.5,0.75,0.25,0.5,0.25,0.75
1786,0.0,0.75,1.0,1.0,1.0,0.25,0.0,0.0,0.0,0.0,0.25,0.75,0.75,1.0,0.25,0.75,0.0,0.75,0.75,0.25,0.75,1.0,0.25,0.0,0.25,0.75,0.75,1.0,0.25,1.0,1.0,0.75,0.25,0.75,0.25,0.0,1.0,0.75,0.25,0.75,0.75,0.75,0.75,1.0,0.75,0.75,0.75,0.0,0.25,0.0,0.25,1.0,0.75,1.0,0.0,0.75,0.25,0.75,0.0,0.0,0.83,0.5,0.83,0.17,0.67,0.17,0.83,0.75,0.75,0.5,0.75,0.5,0.5,0.75,0.75
1787,0.0,1.0,1.0,0.0,1.0,1.0,0.75,0.75,0.0,0.25,0.75,0.75,0.25,1.0,1.0,0.75,0.0,1.0,1.0,1.0,1.0,1.0,1.0,1.0,1.0,0.75,1.0,1.0,0.25,0.25,1.0,0.75,0.75,0.25,0.75,0.0,1.0,0.75,0.25,0.75,1.0,1.0,1.0,1.0,0.75,1.0,1.0,0.25,0.75,0.25,0.0,0.75,0.25,0.75,0.0,1.0,1.0,1.0,0.0,0.25,0.33,0.17,1.0,0.0,0.5,0.17,0.83,1.0,1.0,0.5,1.0,0.5,0.75,0.5,0.5
1788,0.75,0.75,0.25,0.0,0.0,0.0,0.25,0.0,0.0,1.0,0.25,0.25,0.75,0.75,0.0,0.0,1.0,0.25,0.75,1.0,0.0,0.75,1.0,1.0,0.0,0.25,0.0,0.0,1.0,1.0,0.25,1.0,0.25,1.0,1.0,1.0,1.0,0.0,1.0,0.25,0.25,0.0,0.75,0.75,0.75,0.75,0.75,1.0,0.0,0.75,0.75,0.25,0.0,1.0,1.0,0.0,1.0,0.25,1.0,1.0,0.67,0.83,0.67,0.83,0.17,0.17,0.17,0.25,0.75,0.5,0.5,0.5,0.75,0.75,0.5
1791,0.0,0.0,0.0,1.0,0.0,0.25,0.0,0.0,0.0,0.75,0.0,0.25,0.75,0.0,0.0,0.0,0.75,0.0,0.0,0.0,0.0,0.0,0.75,1.0,0.0,0.0,0.0,0.75,0.0,0.75,0.0,1.0,0.0,1.0,0.25,0.75,1.0,0.25,1.0,0.0,0.0,0.0,0.25,0.0,0.75,0.0,0.0,0.75,0.0,1.0,1.0,0.0,0.75,1.0,0.75,0.0,0.0,0.25,0.75,1.0,0.67,1.0,0.17,1.0,0.67,0.83,0.5,0.25,0.5,0.75,0.5,0.75,0.5,1.0,0.25
1822,1.0,0.25,1.0,1.0,0.75,0.25,0.0,0.0,1.0,0.0,0.0,0.25,0.75,0.75,0.75,0.75,0.25,0.75,1.0,0.75,0.75,0.75,0.75,1.0,0.75,0.25,0.0,0.25,0.75,1.0,0.25,0.25,0.75,0.75,1.0,0.0,0.75,0.75,0.25,0.75,1.0,0.75,0.75,0.75,0.75,0.75,0.25,0.0,0.75,0.25,0.25,0.75,0.75,1.0,0.0,0.75,1.0,0.75,0.0,0.0,0.83,1.0,0.17,0.33,0.83,0.33,0.67,0.5,0.75,0.25,0.5,0.25,0.5,0.5,0.75
1838,0.75,0.75,0.25,0.25,0.75,0.75,0.25,0.75,0.75,0.0,1.0,0.0,0.25,0.75,0.0,0.0,0.25,0.0,0.0,0.0,0.0,0.25,0.75,0.75,1.0,0.25,0.75,1.0,0.75,0.0,1.0,0.25,0.75,0.25,0.25,0.0,0.75,0.75,0.0,0.75,1.0,1.0,1.0,0.75,0.75,0.75,0.75,0.25,0.0,0.75,0.75,0.25,0.75,1.0,0.0,0.75,0.25,1.0,0.25,0.25,0.83,0.17,0.33,1.0,0.17,0.83,1.0,0.75,0.75,0.75,0.75,0.25,0.5,0.5,0.5
1840,0.0,0.0,1.0,0.0,0.0,0.0,0.0,0.0,1.0,1.0,0.0,1.0,1.0,1.0,0.0,1.0,1.0,0.0,1.0,1.0,0.0,1.0,1.0,1.0,0.0,0.0,0.0,0.0,1.0,1.0,0.0,1.0,0.0,1.0,0.0,1.0,0.0,0.0,0.0,0.0,0.0,0.0,0.0,0.0,0.0,0.0,0.0,1.0,0.0,1.0,1.0,0.0,0.0,1.0,1.0,0.0,1.0,0.0,1.0,1.0,0.0,1.0,0.0,0.0,0.5,0.67,0.33,0.0,0.5,0.25,0.25,0.25,0.75,0.75,0.25
1845,0.0,1.0,1.0,0.0,1.0,1.0,0.75,1.0,1.0,0.0,0.75,1.0,0.25,1.0,1.0,1.0,0.0,1.0,1.0,1.0,1.0,1.0,0.0,1.0,1.0,1.0,1.0,1.0,0.0,0.0,1.0,0.0,1.0,0.0,0.75,0.0,1.0,0.25,0.0,1.0,1.0,1.0,1.0,1.0,1.0,1.0,1.0,0.0,1.0,1.0,0.0,0.75,1.0,1.0,0.0,1.0,0.0,1.0,0.0,0.0,0.0,0.0,1.0,0.17,0.83,0.0,1.0,1.0,1.0,0.25,1.0,0.0,0.25,0.0,1.0
1856,0.0,1.0,1.0,0.0,1.0,1.0,0.25,0.75,0.0,0.25,0.75,1.0,0.0,1.0,1.0,1.0,0.0,1.0,1.0,1.0,1.0,1.0,0.0,1.0,1.0,1.0,1.0,1.0,0.0,0.0,1.0,0.0,1.0,0.0,0.25,0.0,1.0,1.0,0.0,1.0,1.0,1.0,1.0,1.0,1.0,1.0,1.0,0.0,1.0,0.25,0.0,0.75,0.75,1.0,0.0,0.75,0.0,1.0,0.0,0.0,0.0,0.0,1.0,0.17,0.83,0.0,1.0,1.0,1.0,0.5,1.0,0.0,0.25,0.0,1.0
1868,1.0,0.0,0.75,1.0,0.0,0.25,0.0,0.0,1.0,0.75,0.0,0.75,0.75,0.75,0.25,1.0,0.75,0.0,1.0,1.0,0.25,1.0,1.0,1.0,0.0,0.0,0.0,0.25,1.0,1.0,0.0,1.0,0.0,0.75,0.75,0.75,0.75,0.25,1.0,0.25,0.25,0.75,0.0,0.75,1.0,1.0,0.25,0.75,0.0,0.0,1.0,1.0,1.0,0.75,0.0,1.0,1.0,0.25,0.0,0.0,0.0,1.0,0.17,0.0,1.0,0.5,0.17,0.5,0.75,0.25,0.5,0.5,0.5,0.75,0.25
1871,0.25,1.0,1.0,0.0,0.75,1.0,0.0,0.75,0.25,0.0,1.0,0.75,0.0,1.0,0.75,1.0,0.0,1.0,0.75,1.0,0.75,1.0,0.0,1.0,1.0,0.0,0.75,1.0,0.75,0.0,0.75,0.0,1.0,0.0,0.0,0.0,1.0,1.0,0.25,1.0,1.0,1.0,0.75,1.0,0.75,1.0,1.0,0.0,0.75,0.75,0.25,0.75,0.25,0.75,0.0,1.0,0.0,1.0,0.0,0.0,0.83,0.33,0.83,0.0,0.83,0.0,1.0,1.0,1.0,0.0,1.0,0.0,0.75,0.75,0.75
1883,0.25,0.0,0.0,1.0,0.0,0.0,0.0,0.0,0.75,0.75,0.0,0.0,0.25,0.0,0.0,0.25,1.0,0.0,0.75,0.0,0.0,0.25,1.0,0.25,0.0,0.0,0.0,0.0,0.25,1.0,0.0,1.0,0.0,1.0,0.25,1.0,0.75,0.0,0.75,0.0,0.0,0.0,0.0,0.75,1.0,0.0,0.0,1.0,0.0,0.0,1.0,0.0,0.0,0.75,1.0,0.0,1.0,0.25,1.0,1.0,0.67,1.0,0.33,0.83,0.83,0.5,0.17,0.25,0.5,0.5,0.5,0.75,0.5,0.75,0.0
1885,0.0,1.0,1.0,0.0,1.0,1.0,1.0,1.0,0.0,0.0,0.0,1.0,0.0,1.0,0.25,0.0,0.25,0.75,0.0,1.0,1.0,1.0,0.0,1.0,1.0,1.0,1.0,1.0,0.25,0.25,1.0,0.0,1.0,0.0,0.75,0.0,1.0,1.0,0.0,1.0,1.0,1.0,1.0,1.0,0.75,1.0,1.0,0.0,1.0,0.0,0.0,1.0,0.75,1.0,0.0,1.0,0.0,1.0,0.0,0.0,0.67,0.0,0.83,0.0,0.67,0.33,1.0,0.75,1.0,0.5,0.75,0.25,0.5,0.0,0.5
1893,0.25,1.0,0.25,0.25,1.0,1.0,0.75,1.0,0.25,0.0,1.0,0.75,0.25,1.0,1.0,1.0,0.0,1.0,0.75,1.0,0.25,1.0,0.0,0.75,1.0,0.75,1.0,1.0,0.25,0.75,0.75,0.0,1.0,0.0,0.75,0.0,1.0,0.75,0.0,1.0,1.0,1.0,1.0,1.0,0.75,1.0,1.0,0.0,0.75,0.0,0.25,1.0,1.0,0.25,0.0,1.0,0.25,1.0,0.0,0.0,0.67,0.0,1.0,0.0,0.17,0.0,1.0,0.75,0.5,0.5,0.75,0.0,0.5,0.75,1.0
1898,0.0,1.0,0.25,0.0,1.0,1.0,0.75,0.25,0.0,0.0,0.75,0.75,0.0,1.0,1.0,0.75,0.0,1.0,1.0,1.0,1.0,1.0,0.0,1.0,1.0,1.0,1.0,1.0,0.0,0.25,1.0,0.0,1.0,0.0,0.75,0.0,1.0,0.25,0.25,1.0,1.0,1.0,1.0,1.0,1.0,0.25,1.0,0.0,0.75,0.0,0.0,0.75,0.75,1.0,0.0,1.0,0.25,1.0,0.0,0.0,0.0,0.17,1.0,0.0,0.5,0.0,1.0,0.75,0.75,0.5,1.0,0.25,0.5,0.0,0.75
1904,0.75,0.0,0.0,1.0,0.0,0.0,0.25,0.0,1.0,0.75,0.25,0.0,0.75,0.0,0.0,0.25,1.0,0.0,0.0,0.0,0.0,1.0,1.0,0.0,0.0,0.0,0.0,0.0,1.0,1.0,0.0,1.0,0.0,1.0,0.25,1.0,0.75,0.0,1.0,0.0,0.75,0.0,0.0,0.25,1.0,0.0,0.0,1.0,0.0,1.0,1.0,0.0,0.25,0.0,1.0,0.0,1.0,0.0,1.0,0.75,0.83,1.0,0.0,0.67,0.83,1.0,0.0,0.0,0.5,0.5,0.25,0.75,0.75,0.75,0.0
1906,0.25,1.0,1.0,0.0,0.0,0.0,0.0,0.0,1.0,1.0,0.25,0.0,1.0,0.75,0.0,0.0,1.0,0.0,0.0,0.0,0.0,0.0,1.0,0.75,0.0,0.25,0.0,0.25,1.0,0.25,0.0,1.0,0.0,1.0,0.0,1.0,1.0,0.75,1.0,0.0,0.0,0.0,0.0,1.0,0.0,0.25,0.25,1.0,0.0,1.0,1.0,0.0,0.0,1.0,1.0,0.0,0.75,0.0,1.0,1.0,0.0,1.0,0.0,1.0,0.17,0.83,0.0,0.0,0.75,1.0,0.25,0.75,0.75,1.0,0.0
1918,0.0,1.0,1.0,1.0,0.75,0.75,0.0,0.0,0.0,0.0,0.0,0.75,0.0,0.25,1.0,1.0,0.0,0.25,0.75,0.25,0.0,1.0,1.0,0.75,0.0,0.0,0.0,0.75,0.0,1.0,0.25,0.25,0.25,0.25,1.0,0.0,0.75,0.25,0.25,0.25,0.75,0.25,0.75,1.0,1.0,0.75,0.75,0.25,0.25,0.0,1.0,1.0,1.0,0.0,0.0,0.75,0.75,0.25,0.0,0.0,0.83,0.83,0.67,0.5,0.67,0.17,0.83,0.5,0.75,0.5,0.5,0.5,0.5,0.75,0.5
1919,1.0,0.75,0.25,1.0,1.0,0.75,0.0,1.0,0.75,0.0,0.75,0.75,0.25,0.75,1.0,1.0,0.0,1.0,1.0,1.0,0.75,1.0,0.25,1.0,1.0,0.75,0.25,0.75,1.0,1.0,0.75,0.0,1.0,0.25,0.75,0.0,0.75,0.75,0.0,0.75,1.0,1.0,0.75,1.0,1.0,1.0,0.75,0.0,1.0,1.0,0.0,1.0,1.0,1.0,0.0,1.0,1.0,1.0,0.0,0.0,0.83,0.83,0.83,0.0,0.83,0.17,1.0,0.5,0.75,0.25,0.5,0.25,0.5,0.5,0.75
1926,0.0,1.0,0.25,0.0,1.0,1.0,0.25,0.25,0.0,0.0,0.75,1.0,0.0,1.0,1.0,1.0,0.25,1.0,0.75,0.75,1.0,1.0,0.0,1.0,0.75,1.0,1.0,1.0,0.0,0.25,1.0,0.0,1.0,0.25,0.75,0.0,1.0,0.25,0.25,1.0,1.0,1.0,1.0,1.0,1.0,0.75,1.0,0.0,1.0,0.0,0.0,0.25,0.75,1.0,0.0,1.0,0.25,1.0,0.0,0.0,0.0,0.17,1.0,0.0,0.67,0.0,1.0,1.0,1.0,0.5,1.0,0.25,0.5,0.0,0.75
1927,1.0,0.75,0.25,0.25,1.0,0.75,1.0,1.0,1.0,0.0,1.0,0.0,0.0,0.75,1.0,1.0,0.25,1.0,1.0,1.0,1.0,1.0,0.0,1.0,1.0,0.25,0.0,0.75,0.75,1.0,0.0,0.75,0.25,0.75,1.0,0.0,0.25,0.0,0.25,1.0,0.75,0.75,0.0,1.0,1.0,0.25,0.0,0.75,1.0,1.0,0.75,1.0,1.0,1.0,0.0,1.0,1.0,0.75,0.0,0.0,0.0,1.0,0.67,0.0,1.0,0.17,0.83,0.5,0.75,0.0,0.75,0.0,0.5,0.75,0.75
1928,0.75,1.0,1.0,0.0,0.0,1.0,0.0,0.25,0.0,1.0,1.0,0.0,0.0,1.0,0.0,0.25,1.0,0.0,0.75,1.0,0.0,0.0,0.75,1.0,0.25,0.0,0.75,1.0,1.0,1.0,0.75,1.0,0.0,1.0,0.0,1.0,1.0,0.25,1.0,0.0,0.25,1.0,1.0,1.0,0.25,0.25,0.75,1.0,0.0,1.0,1.0,0.0,0.0,1.0,0.75,0.0,0.25,0.75,1.0,1.0,0.0,0.83,0.0,0.17,0.17,0.83,0.17,0.75,0.75,0.25,0.5,0.5,0.75,0.5,0.0
1929,0.75,0.75,0.75,0.75,0.0,0.25,0.25,0.0,0.25,0.25,0.25,0.75,0.25,1.0,0.25,1.0,0.25,0.25,0.0,0.0,0.0,0.25,0.25,0.75,0.0,0.25,0.0,0.75,0.0,0.75,1.0,0.75,0.25,1.0,0.75,0.75,0.75,0.25,0.0,0.0,0.0,0.75,0.25,0.75,0.75,0.0,0.75,0.0,1.0,0.75,1.0,0.75,0.75,0.25,0.0,0.75,0.75,0.25,0.0,0.0,0.83,0.83,0.5,0.33,1.0,0.33,0.5,0.5,0.75,0.5,0.75,0.75,0.75,1.0,0.5
1932,0.75,0.25,0.75,0.75,1.0,0.25,0.0,1.0,0.75,0.0,0.75,0.75,0.25,0.75,0.75,1.0,0.0,0.75,0.75,0.75,0.75,1.0,0.0,1.0,0.25,0.75,0.25,1.0,1.0,0.75,0.75,0.25,1.0,0.75,1.0,0.0,0.75,0.75,0.25,1.0,1.0,0.75,1.0,1.0,1.0,1.0,0.75,0.0,0.75,0.75,0.0,1.0,1.0,1.0,0.0,1.0,0.75,0.75,0.0,0.0,0.83,1.0,0.83,0.0,0.83,0.17,0.83,0.5,0.75,0.25,0.75,0.25,0.5,0.5,0.75
1941,0.0,1.0,1.0,0.0,1.0,1.0,0.75,0.75,0.0,0.75,0.75,0.75,0.75,1.0,1.0,0.75,0.25,1.0,1.0,1.0,1.0,1.0,0.25,1.0,1.0,1.0,1.0,1.0,0.25,0.75,1.0,1.0,0.0,0.75,0.75,0.0,0.75,0.0,0.0,0.75,0.75,0.75,1.0,1.0,1.0,1.0,1.0,0.0,1.0,0.25,0.0,0.25,0.0,1.0,0.25,0.25,0.25,1.0,0.25,0.0,0.17,0.0,0.83,0.0,0.5,0.17,1.0,1.0,1.0,0.0,1.0,0.25,0.25,0.0,0.75
1942,0.75,1.0,1.0,0.25,1.0,0.75,0.25,0.75,0.25,0.0,0.75,0.75,0.0,1.0,0.75,1.0,0.0,1.0,0.25,0.0,0.75,0.75,0.0,0.75,1.0,1.0,1.0,1.0,0.25,0.25,1.0,0.25,0.75,0.75,0.25,0.25,0.75,0.25,0.25,1.0,0.75,1.0,1.0,1.0,1.0,0.75,1.0,0.0,1.0,0.75,0.75,0.75,1.0,0.75,0.0,1.0,0.0,1.0,0.0,0.0,0.67,0.17,0.83,0.5,0.67,0.33,0.83,0.75,0.75,0.5,0.75,0.25,0.5,0.75,0.75
1946,0.75,1.0,1.0,0.0,1.0,0.0,0.0,0.0,0.75,1.0,0.0,0.75,0.25,0.0,0.0,0.0,1.0,0.0,0.0,0.0,0.0,0.0,1.0,1.0,0.0,1.0,0.0,0.75,0.75,0.75,0.0,1.0,0.0,1.0,0.0,1.0,0.0,0.0,0.75,0.0,0.75,0.25,0.25,0.0,0.75,0.75,0.0,1.0,0.0,1.0,1.0,0.0,0.0,1.0,0.0,0.0,1.0,0.0,1.0,1.0,0.0,1.0,0.0,1.0,0.67,1.0,0.0,0.0,0.75,0.75,0.5,0.75,0.75,0.75,0.0
1947,1.0,0.0,1.0,1.0,0.0,0.0,0.0,0.0,1.0,1.0,0.0,0.0,1.0,0.0,0.0,1.0,1.0,0.0,1.0,1.0,0.0,1.0,1.0,1.0,0.0,0.0,0.0,0.0,1.0,1.0,0.0,0.75,0.0,1.0,0.0,1.0,0.0,0.0,0.0,0.0,0.0,1.0,0.0,0.0,1.0,0.0,0.0,1.0,0.0,1.0,0.0,0.0,0.0,1.0,1.0,0.0,1.0,0.0,0.0,1.0,0.0,1.0,0.0,0.83,1.0,0.5,0.0,0.0,0.0,0.0,0.0,0.0,0.0,0.5,0.0
1948,0.0,1.0,0.0,0.25,0.25,1.0,0.75,0.25,0.0,0.0,0.75,0.75,0.75,1.0,0.75,0.75,0.0,0.75,0.75,0.25,0.75,1.0,0.0,1.0,1.0,1.0,0.75,1.0,0.0,0.25,0.75,0.0,1.0,0.0,1.0,0.0,1.0,0.0,0.0,0.75,0.75,0.75,0.25,0.75,0.75,0.75,1.0,0.0,0.0,0.75,0.0,0.25,1.0,1.0,0.0,1.0,0.25,1.0,0.0,0.0,0.83,0.17,0.83,0.17,0.17,0.0,1.0,0.75,0.5,0.25,1.0,0.25,0.5,0.5,1.0
1955,0.75,0.25,1.0,0.25,0.75,0.75,1.0,0.0,0.25,0.0,0.25,0.0,0.75,1.0,0.0,0.25,0.25,0.0,0.0,1.0,0.0,1.0,0.25,1.0,0.0,0.75,0.25,1.0,0.75,0.75,1.0,0.25,0.75,0.75,0.75,0.25,0.75,0.75,0.25,0.0,0.0,0.25,0.25,1.0,1.0,0.75,1.0,0.25,0.0,0.25,1.0,1.0,0.75,0.25,0.0,1.0,0.25,0.75,0.0,0.0,0.67,0.67,0.5,0.33,0.67,0.5,0.83,0.5,1.0,0.5,0.75,0.5,0.75,1.0,0.5
1964,1.0,0.25,1.0,0.25,0.0,0.0,0.25,0.0,0.75,0.75,0.75,0.0,0.75,0.0,0.0,0.0,1.0,0.0,0.0,1.0,0.0,0.0,0.75,0.75,0.0,0.25,0.0,0.25,0.0,1.0,0.75,1.0,0.0,0.75,0.25,1.0,1.0,0.0,1.0,0.0,0.0,0.25,0.0,0.0,1.0,0.25,0.75,1.0,0.0,0.75,1.0,0.0,0.25,1.0,0.75,0.0,0.75,0.0,1.0,1.0,0.83,0.83,0.17,0.83,0.67,0.67,0.0,0.0,0.5,0.5,0.5,0.75,0.5,0.75,0.0
1980,0.0,0.0,1.0,0.0,0.0,0.0,0.0,0.0,1.0,1.0,0.0,1.0,1.0,1.0,0.0,1.0,1.0,0.0,1.0,1.0,0.0,1.0,1.0,1.0,0.0,0.0,0.0,0.0,1.0,1.0,0.0,1.0,0.0,1.0,0.0,1.0,0.0,0.0,0.0,0.0,0.0,0.0,0.0,0.0,0.0,0.0,0.0,1.0,0.0,1.0,1.0,0.0,0.0,1.0,1.0,0.0,1.0,0.0,1.0,1.0,0.0,1.0,0.0,0.0,0.67,0.67,0.33,0.0,0.25,0.25,0.25,0.25,1.0,1.0,0.0
1982,1.0,0.25,0.25,0.75,0.25,0.0,1.0,1.0,0.75,0.0,0.25,0.25,0.25,0.0,0.75,1.0,0.25,0.0,1.0,1.0,0.25,1.0,0.75,0.75,1.0,0.0,0.75,0.75,1.0,1.0,0.0,0.0,0.75,0.75,1.0,0.0,0.25,0.0,0.25,1.0,0.25,0.25,0.0,0.25,1.0,1.0,0.25,1.0,1.0,0.0,0.0,1.0,0.75,0.25,0.0,1.0,1.0,0.75,0.0,0.0,0.33,0.83,0.67,0.17,0.83,0.17,0.83,0.25,0.75,0.0,1.0,0.0,0.25,0.25,0.75
1994,0.0,0.0,0.0,0.75,0.0,0.0,0.0,0.0,0.75,1.0,0.0,0.0,0.75,0.25,0.0,0.0,1.0,0.0,0.0,0.25,0.0,0.0,1.0,0.25,0.0,0.0,0.0,0.0,1.0,1.0,0.0,1.0,0.0,1.0,0.0,1.0,0.75,0.0,0.75,0.0,0.0,0.0,0.0,0.0,1.0,0.0,0.0,1.0,0.0,1.0,1.0,0.0,0.0,0.25,1.0,0.0,1.0,0.0,1.0,1.0,0.83,1.0,0.0,0.83,0.5,1.0,0.0,0.25,0.5,0.5,0.25,0.75,1.0,1.0,0.0
2009,0.0,0.0,0.0,0.0,0.0,0.0,0.0,0.0,0.25,1.0,0.0,0.0,0.75,0.25,0.0,0.0,1.0,0.0,0.0,0.75,0.0,0.75,1.0,0.25,0.0,0.0,0.0,0.0,1.0,0.25,0.75,1.0,0.0,1.0,0.0,1.0,0.75,0.0,0.0,0.0,0.75,0.25,0.75,0.25,0.75,0.0,0.0,1.0,0.0,1.0,1.0,0.0,0.25,0.0,1.0,0.0,1.0,0.25,1.0,0.75,0.83,0.83,0.0,0.33,0.83,0.83,0.17,0.25,0.5,0.5,0.5,0.5,0.75,0.75,0.0
2010,0.0,1.0,0.75,0.0,1.0,1.0,0.25,1.0,0.0,0.25,0.75,1.0,0.0,1.0,1.0,1.0,0.0,1.0,1.0,1.0,1.0,1.0,0.0,1.0,1.0,1.0,1.0,1.0,0.0,0.25,1.0,0.0,1.0,0.0,0.25,0.0,1.0,1.0,0.0,1.0,1.0,1.0,1.0,1.0,0.75,1.0,1.0,0.0,1.0,0.0,0.0,0.0,0.0,1.0,0.0,1.0,0.0,1.0,0.0,0.0,0.0,0.0,1.0,0.0,0.83,0.0,1.0,1.0,1.0,0.5,1.0,0.0,0.25,0.0,1.0
2011,0.75,0.25,0.25,0.0,0.0,0.0,0.0,0.75,0.75,1.0,0.0,0.25,0.75,0.0,0.0,0.25,1.0,0.0,0.25,0.25,0.0,0.75,1.0,0.0,0.0,0.25,0.0,0.0,0.75,0.75,0.0,1.0,0.0,1.0,0.0,1.0,0.25,0.0,0.75,0.0,0.0,0.0,0.0,0.25,1.0,0.75,0.25,1.0,0.0,0.75,1.0,0.25,0.25,0.75,0.75,0.25,0.25,0.25,0.75,0.75,0.83,0.83,0.0,0.67,0.83,1.0,0.17,0.25,0.75,0.5,0.5,0.5,0.75,0.75,0.0
2019,0.0,1.0,0.75,0.0,1.0,1.0,0.75,0.75,0.0,0.0,0.75,1.0,0.0,1.0,1.0,1.0,0.0,1.0,1.0,0.75,1.0,1.0,0.0,1.0,1.0,1.0,1.0,1.0,0.0,0.25,1.0,0.0,1.0,0.25,0.75,0.0,1.0,0.25,0.25,1.0,1.0,1.0,1.0,1.0,1.0,1.0,1.0,0.0,1.0,0.0,0.0,1.0,1.0,1.0,0.0,1.0,0.25,1.0,0.0,0.0,0.17,0.17,1.0,0.0,0.33,0.0,1.0,0.75,0.75,0.25,0.75,0.0,0.5,0.0,1.0
2044,0.0,1.0,0.75,0.0,1.0,1.0,0.75,0.75,0.0,0.0,0.75,0.75,0.25,1.0,1.0,1.0,0.0,1.0,1.0,1.0,1.0,1.0,0.0,1.0,1.0,1.0,1.0,1.0,0.0,0.25,1.0,0.25,1.0,0.0,0.75,0.0,0.75,0.75,0.25,1.0,1.0,1.0,1.0,1.0,1.0,1.0,1.0,0.0,1.0,0.0,0.0,0.75,1.0,0.75,0.0,1.0,0.75,1.0,0.0,0.0,0.0,0.17,1.0,0.0,0.83,0.0,0.83,0.75,1.0,0.25,1.0,0.0,0.5,0.0,0.5
2046,0.0,1.0,0.0,0.0,1.0,1.0,0.75,0.75,0.0,0.25,0.0,1.0,0.0,1.0,1.0,1.0,0.0,1.0,1.0,0.75,1.0,1.0,0.0,0.0,1.0,1.0,1.0,1.0,0.0,0.0,1.0,0.0,1.0,0.0,0.0,0.0,1.0,0.75,0.0,0.75,1.0,1.0,1.0,1.0,0.25,1.0,1.0,0.0,1.0,1.0,0.0,0.0,0.0,1.0,0.0,0.75,0.0,1.0,0.0,1.0,0.0,0.0,1.0,0.0,0.17,0.0,1.0,1.0,1.0,1.0,1.0,0.0,0.25,0.0,1.0
2048,0.0,1.0,0.75,0.0,1.0,1.0,0.0,0.25,0.0,0.0,1.0,1.0,0.25,1.0,1.0,1.0,0.0,1.0,1.0,0.0,1.0,1.0,0.25,0.75,1.0,1.0,1.0,1.0,0.0,0.25,0.75,0.0,1.0,0.0,0.25,0.25,1.0,0.25,0.25,1.0,1.0,1.0,0.75,1.0,1.0,1.0,1.0,0.0,0.75,0.0,0.0,1.0,0.75,1.0,0.0,0.75,0.0,1.0,0.0,0.0,0.0,0.67,1.0,0.17,0.5,0.0,0.5,0.75,0.75,0.25,0.75,0.25,0.5,0.5,0.5
2050,0.0,0.75,1.0,0.0,0.75,0.75,0.25,0.25,0.0,0.0,0.75,0.25,0.25,0.75,0.25,0.75,0.0,0.75,1.0,0.75,0.25,1.0,0.25,0.75,0.75,0.25,0.75,0.75,0.25,0.75,0.25,0.25,0.25,0.75,1.0,0.0,1.0,0.25,0.0,0.75,0.25,0.75,0.25,0.75,1.0,0.75,1.0,0.0,0.25,0.25,0.75,0.0,0.75,0.75,0.0,1.0,0.75,0.75,0.0,0.25,0.17,0.33,0.67,0.33,0.83,0.33,0.83,0.25,1.0,0.25,1.0,0.5,0.5,0.5,0.75
2055,0.25,1.0,1.0,0.25,0.75,0.75,0.0,1.0,1.0,0.25,0.75,0.0,0.0,1.0,0.25,0.25,0.25,0.75,0.25,0.0,0.0,0.0,0.25,1.0,0.25,0.0,1.0,1.0,0.25,0.75,1.0,0.0,1.0,0.25,0.75,0.0,0.75,0.75,0.75,0.75,0.75,0.75,0.75,0.75,0.25,0.75,1.0,0.0,0.0,0.0,0.0,0.25,1.0,0.25,0.0,0.75,0.25,0.75,0.0,0.0,0.83,0.5,0.83,0.0,0.33,0.33,1.0,1.0,1.0,0.25,0.75,0.0,0.5,0.5,0.5
2057,0.0,0.0,1.0,0.0,0.0,0.0,0.0,0.0,1.0,1.0,0.0,1.0,1.0,1.0,0.0,1.0,1.0,0.0,1.0,1.0,0.0,1.0,1.0,1.0,0.0,0.0,0.0,0.0,1.0,1.0,0.0,1.0,0.0,1.0,0.0,1.0,0.0,0.0,0.75,0.0,0.0,0.0,0.0,0.0,0.0,0.0,0.0,1.0,0.0,1.0,1.0,0.0,0.0,1.0,1.0,0.0,1.0,0.0,1.0,1.0,0.0,1.0,0.0,0.0,0.67,0.83,0.17,0.0,0.5,0.25,0.25,0.25,0.75,0.75,0.0
2058,1.0,0.75,0.75,0.75,1.0,0.25,0.0,0.0,0.25,0.0,0.75,0.75,0.25,1.0,0.75,0.25,0.0,0.25,1.0,1.0,0.75,1.0,0.0,0.25,0.75,0.0,0.0,0.75,0.75,0.75,1.0,0.75,0.75,0.75,1.0,0.0,0.75,0.75,0.25,0.75,0.75,0.75,0.75,1.0,1.0,0.75,0.75,0.0,0.75,0.0,0.75,1.0,0.75,0.25,0.0,0.75,0.75,0.75,0.0,0.25,0.83,0.67,0.67,0.0,0.67,0.33,1.0,0.5,0.75,0.5,0.75,0.5,0.5,0.5,0.5
2060,0.0,0.75,1.0,0.25,0.75,1.0,0.75,0.25,0.25,0.25,0.25,0.25,0.25,0.75,0.75,0.75,0.0,0.75,0.25,0.0,0.0,0.75,0.25,0.25,1.0,1.0,0.25,1.0,0.75,0.25,0.75,0.0,0.75,0.75,0.75,0.0,0.75,0.75,0.75,0.25,0.75,1.0,1.0,1.0,1.0,0.75,1.0,0.0,0.75,0.25,0.75,0.75,0.75,0.75,0.0,0.75,0.75,1.0,0.25,0.0,0.67,0.17,0.5,0.5,0.5,0.5,0.67,0.5,0.5,0.5,0.75,0.5,0.5,0.5,0.75
2061,1.0,0.0,0.0,0.0,0.75,0.25,0.75,0.25,1.0,1.0,1.0,0.0,0.25,0.25,0.25,0.25,0.75,0.75,0.0,0.0,0.0,0.0,0.25,0.75,0.75,0.75,1.0,0.75,0.75,0.25,1.0,0.75,0.0,1.0,0.25,0.25,0.25,0.75,0.75,0.25,0.0,0.25,0.75,0.75,0.25,0.25,1.0,1.0,0.0,1.0,0.25,0.25,0.25,0.75,0.75,0.25,0.25,0.75,0.75,0.75,0.83,0.83,0.17,0.83,0.67,0.67,0.33,0.25,0.75,0.25,0.75,0.25,0.75,0.25,0.25
2062,1.0,0.75,0.25,1.0,1.0,0.25,0.0,0.25,0.75,0.25,0.75,0.75,0.25,1.0,1.0,1.0,0.0,1.0,1.0,1.0,0.75,1.0,0.25,1.0,1.0,0.75,0.0,0.75,0.75,1.0,1.0,0.0,1.0,0.75,0.75,0.0,0.75,0.75,0.0,1.0,1.0,1.0,1.0,1.0,1.0,1.0,1.0,0.0,1.0,1.0,0.0,1.0,1.0,1.0,0.0,1.0,1.0,1.0,0.0,0.0,0.5,0.83,0.67,0.0,1.0,0.17,1.0,0.5,0.75,0.0,0.75,0.0,0.5,0.25,0.75
2071,1.0,0.25,1.0,1.0,0.25,0.25,0.75,0.75,0.0,0.0,0.75,0.75,0.0,0.25,0.25,0.75,0.0,0.25,1.0,1.0,0.75,1.0,0.0,1.0,0.0,0.0,0.25,0.75,0.75,1.0,0.25,0.25,0.75,0.25,0.75,0.0,1.0,0.0,0.0,0.75,0.75,0.75,0.25,0.25,1.0,0.0,0.0,0.75,1.0,0.0,0.0,0.75,0.25,1.0,0.0,1.0,1.0,0.75,0.0,0.0,0.67,0.83,0.17,0.17,0.83,0.5,0.67,0.5,0.75,0.5,0.5,0.5,0.5,0.5,0.5
2072,0.75,1.0,0.75,0.25,1.0,1.0,0.25,0.75,0.25,0.25,0.75,0.75,0.25,0.75,0.75,0.75,0.0,1.0,1.0,0.75,1.0,1.0,0.0,0.75,1.0,1.0,0.75,1.0,0.0,0.25,1.0,0.0,0.75,0.0,0.0,0.0,0.75,1.0,0.0,0.75,1.0,1.0,1.0,1.0,0.25,1.0,1.0,0.0,0.75,0.75,0.0,0.0,0.0,0.75,0.0,0.75,0.0,1.0,0.0,0.0,0.17,0.17,1.0,0.17,0.5,0.17,1.0,0.75,0.75,0.5,0.75,0.25,0.5,0.25,0.5
2078,0.25,1.0,1.0,1.0,1.0,0.75,0.75,1.0,0.0,0.0,1.0,0.75,1.0,1.0,0.25,0.75,0.0,1.0,0.0,0.0,0.25,1.0,0.0,0.0,1.0,1.0,0.75,1.0,0.75,0.75,1.0,0.25,0.75,0.25,0.75,0.0,0.75,0.25,0.25,0.75,0.75,1.0,1.0,1.0,0.75,0.75,1.0,0.25,0.75,0.25,0.0,0.0,0.75,0.25,0.0,0.75,0.0,1.0,0.0,0.25,0.83,0.33,0.67,0.0,0.67,0.33,0.83,0.75,0.75,0.5,0.75,0.25,0.5,0.0,0.5
2081,0.0,1.0,0.75,0.0,1.0,1.0,0.75,0.0,0.0,0.25,0.75,0.75,0.0,1.0,1.0,1.0,0.0,1.0,1.0,0.75,1.0,1.0,0.0,1.0,1.0,1.0,1.0,1.0,0.0,0.0,1.0,0.0,1.0,0.0,0.25,0.0,1.0,0.25,0.0,1.0,1.0,1.0,1.0,1.0,1.0,1.0,1.0,0.0,1.0,0.0,0.0,0.0,0.25,1.0,0.0,0.75,0.0,1.0,0.0,0.0,0.0,0.0,1.0,0.0,0.67,0.0,1.0,1.0,1.0,0.75,1.0,0.0,0.25,0.0,0.5
2089,0.0,1.0,0.0,0.0,1.0,1.0,0.25,0.75,0.0,0.25,0.75,1.0,0.0,1.0,1.0,0.75,0.0,1.0,1.0,1.0,1.0,1.0,0.0,0.75,1.0,1.0,1.0,1.0,0.0,0.0,1.0,0.0,1.0,0.0,0.0,0.0,1.0,1.0,0.0,1.0,1.0,1.0,1.0,1.0,0.25,1.0,1.0,0.0,1.0,0.0,0.0,0.0,0.0,1.0,0.0,0.25,0.0,1.0,0.0,0.0,0.0,0.0,1.0,0.0,0.67,0.0,1.0,1.0,1.0,0.5,1.0,0.0,0.25,0.0,1.0
2096,0.75,0.25,0.75,0.25,0.0,0.25,0.75,0.25,0.25,0.25,0.25,0.25,0.75,0.25,0.0,0.25,0.25,0.0,0.25,0.0,0.0,0.0,0.25,0.75,0.0,0.25,0.25,0.75,0.25,0.25,0.75,0.75,1.0,0.25,0.25,0.25,0.25,0.25,0.25,0.75,0.75,0.75,0.25,0.25,0.75,0.25,0.75,0.0,0.0,0.0,1.0,0.75,0.25,0.75,0.25,0.25,0.75,0.75,0.25,0.25,0.83,0.83,0.33,0.67,0.67,0.33,0.67,0.5,0.75,0.5,0.75,0.5,0.5,1.0,1.0
2097,0.0,0.0,1.0,1.0,1.0,0.0,0.75,0.0,0.25,0.25,0.25,0.25,1.0,1.0,0.25,0.25,0.0,0.75,1.0,0.25,0.25,1.0,1.0,0.0,0.25,0.25,0.0,1.0,0.25,0.75,0.75,0.75,0.0,1.0,1.0,0.0,1.0,0.0,1.0,0.75,0.0,0.75,1.0,1.0,1.0,0.0,1.0,0.0,0.0,0.0,1.0,1.0,1.0,1.0,0.0,0.75,1.0,0.75,0.0,0.0,0.67,0.67,0.33,0.17,0.33,0.33,0.67,0.5,0.75,0.25,0.75,0.5,0.5,0.5,0.5
2106,1.0,0.25,0.25,1.0,0.75,0.0,0.0,0.0,0.75,0.75,0.25,0.25,0.75,0.0,0.0,1.0,1.0,0.0,1.0,1.0,0.0,1.0,1.0,1.0,0.0,0.0,0.0,0.0,1.0,1.0,0.0,0.75,0.0,1.0,1.0,1.0,1.0,0.0,0.75,0.0,0.75,0.0,0.0,1.0,1.0,0.75,0.75,1.0,0.0,1.0,1.0,0.75,1.0,1.0,0.25,1.0,1.0,0.0,0.25,0.0,0.0,1.0,0.17,0.0,0.83,0.0,0.17,0.25,0.75,0.0,0.75,0.5,0.75,0.75,0.5
2111,0.75,0.25,1.0,1.0,0.75,0.0,0.0,0.0,0.25,0.0,0.75,0.25,0.75,0.75,0.0,0.75,0.0,0.0,0.25,0.75,0.0,1.0,0.25,0.0,0.0,0.25,0.0,0.25,0.25,1.0,0.25,0.75,1.0,0.75,0.75,0.0,1.0,0.0,0.75,0.75,0.25,0.25,0.75,0.75,1.0,1.0,0.75,0.0,0.25,0.0,1.0,1.0,1.0,0.75,0.0,0.25,1.0,0.75,0.0,0.0,0.83,1.0,0.5,0.0,0.67,0.5,0.67,0.5,0.5,0.25,0.5,0.5,0.5,0.75,0.5
2112,0.75,0.75,0.25,1.0,1.0,0.25,0.0,0.25,0.75,0.25,0.75,0.75,0.25,0.75,0.75,1.0,0.0,0.75,0.75,0.75,1.0,1.0,0.25,1.0,0.75,0.75,0.0,0.75,1.0,1.0,1.0,0.25,0.75,0.75,0.75,0.25,0.75,0.75,0.0,0.75,0.75,1.0,0.75,1.0,1.0,1.0,0.75,0.0,1.0,1.0,0.0,1.0,0.75,0.75,0.0,1.0,1.0,1.0,0.0,0.0,0.5,0.83,0.5,0.0,0.83,0.33,0.67,0.5,0.75,0.25,0.5,0.25,0.5,0.5,0.5
2129,0.25,1.0,1.0,0.75,0.75,0.75,0.0,0.25,0.75,0.0,1.0,1.0,0.0,0.75,0.0,1.0,0.25,0.0,0.0,0.0,0.75,0.25,0.0,0.0,0.75,1.0,0.25,0.75,0.0,0.0,0.0,0.0,0.25,0.0,1.0,0.0,0.25,0.25,0.75,0.0,0.0,0.0,0.75,0.75,1.0,1.0,0.75,0.0,0.0,0.0,0.0,0.75,0.75,0.0,0.0,1.0,0.25,0.25,0.0,0.0,0.83,0.17,0.83,0.0,1.0,0.0,1.0,0.5,0.75,0.25,1.0,0.25,0.5,0.5,0.5
2132,0.0,1.0,1.0,0.25,1.0,1.0,0.0,1.0,0.25,0.25,0.25,0.25,0.75,1.0,1.0,1.0,0.25,1.0,1.0,1.0,0.25,1.0,0.25,1.0,1.0,1.0,1.0,1.0,0.0,0.25,1.0,0.0,1.0,0.0,0.0,0.0,1.0,0.75,1.0,1.0,1.0,1.0,1.0,1.0,0.25,0.75,1.0,0.0,0.75,0.0,0.0,0.0,0.0,1.0,0.0,1.0,0.0,1.0,0.0,0.0,0.0,0.17,1.0,0.0,0.83,0.0,1.0,1.0,1.0,0.75,1.0,0.0,0.25,0.0,1.0
2150,0.0,0.0,0.75,0.0,1.0,0.0,0.0,0.75,0.0,1.0,1.0,0.25,0.0,1.0,0.0,0.0,1.0,0.0,0.0,0.0,0.0,0.0,1.0,1.0,0.0,0.0,0.0,1.0,1.0,1.0,1.0,1.0,0.0,0.25,0.75,0.75,0.75,0.75,0.0,0.75,1.0,0.0,0.0,1.0,0.75,0.0,1.0,1.0,0.0,1.0,0.0,0.75,0.0,0.25,1.0,0.0,1.0,0.75,1.0,0.25,0.83,0.83,0.0,0.67,0.17,0.83,0.83,0.25,1.0,0.25,0.75,1.0,1.0,1.0,0.25
2160,0.0,1.0,1.0,0.0,1.0,1.0,0.75,1.0,0.0,0.0,0.0,0.75,0.0,1.0,1.0,1.0,0.0,1.0,1.0,1.0,1.0,1.0,0.0,0.0,1.0,1.0,1.0,1.0,0.0,0.0,1.0,0.0,0.75,0.0,0.75,0.0,1.0,1.0,0.0,1.0,1.0,0.75,1.0,1.0,1.0,1.0,1.0,0.0,1.0,1.0,0.0,0.0,0.0,1.0,0.25,0.0,0.0,1.0,0.0,1.0,0.17,0.0,1.0,0.0,0.5,0.5,0.67,1.0,0.75,0.75,1.0,0.0,0.0,0.0,1.0
2166,0.0,1.0,1.0,0.0,1.0,1.0,0.75,1.0,0.0,0.0,0.0,1.0,0.0,1.0,1.0,0.75,0.0,1.0,1.0,1.0,1.0,1.0,0.0,1.0,1.0,1.0,1.0,1.0,0.0,0.75,1.0,0.0,1.0,0.0,0.25,0.0,1.0,0.75,0.0,0.25,1.0,1.0,1.0,1.0,0.0,0.25,1.0,0.0,1.0,0.75,0.0,0.0,0.0,1.0,0.0,0.0,0.0,1.0,0.0,1.0,0.0,0.0,1.0,0.17,0.33,0.0,1.0,1.0,1.0,1.0,1.0,0.0,0.0,0.0,1.0
2172,0.25,0.75,1.0,0.25,1.0,1.0,0.0,0.75,0.25,0.25,0.25,1.0,0.0,1.0,0.25,0.75,0.0,1.0,1.0,0.25,0.75,1.0,0.0,1.0,1.0,1.0,1.0,1.0,0.0,0.25,1.0,0.0,1.0,0.0,0.0,0.0,1.0,1.0,0.25,1.0,1.0,1.0,1.0,1.0,0.25,1.0,1.0,0.0,0.75,0.0,0.25,0.0,0.0,1.0,0.0,1.0,0.0,1.0,0.0,0.0,0.33,0.17,1.0,0.0,0.67,0.0,1.0,0.75,0.5,0.5,1.0,0.25,0.5,0.5,0.75
2174,1.0,0.0,0.75,0.0,0.0,0.0,0.0,0.0,1.0,1.0,0.0,0.75,1.0,0.0,0.0,1.0,0.25,0.75,1.0,1.0,0.0,1.0,1.0,1.0,0.0,0.0,0.0,0.0,1.0,1.0,0.0,1.0,0.0,1.0,0.0,1.0,0.0,0.0,1.0,0.0,0.0,0.0,0.0,0.75,1.0,0.0,0.0,1.0,0.0,1.0,1.0,1.0,1.0,1.0,1.0,0.0,1.0,0.0,0.75,0.25,0.0,1.0,0.0,0.0,1.0,0.33,0.0,0.0,0.0,0.0,0.0,0.0,0.0,0.0,0.0
2177,0.0,0.75,0.75,0.0,1.0,1.0,0.75,0.75,0.0,0.0,0.75,0.75,0.25,1.0,1.0,1.0,0.0,1.0,1.0,0.75,1.0,1.0,0.25,1.0,1.0,0.75,1.0,1.0,0.25,0.25,1.0,0.0,1.0,0.25,0.0,0.0,1.0,1.0,0.0,1.0,1.0,1.0,1.0,1.0,1.0,1.0,1.0,0.0,1.0,0.25,0.0,0.75,0.25,0.75,0.0,1.0,0.75,1.0,0.0,0.0,0.0,0.67,1.0,0.0,1.0,0.0,1.0,0.75,1.0,0.5,1.0,0.0,0.5,0.25,1.0
2187,0.0,0.0,1.0,0.0,1.0,1.0,1.0,0.25,0.0,0.0,0.75,0.0,0.0,0.75,0.25,0.75,0.75,0.0,0.0,0.25,1.0,1.0,0.25,1.0,0.75,0.75,0.25,0.75,1.0,0.0,1.0,1.0,1.0,0.25,0.75,0.75,1.0,1.0,0.25,0.75,1.0,1.0,1.0,0.75,1.0,0.25,1.0,1.0,0.25,0.25,0.25,0.0,0.25,0.75,0.0,0.75,0.25,1.0,0.25,0.25,1.0,0.67,0.5,0.0,1.0,0.0,0.83,0.5,0.75,0.75,0.5,0.5,0.5,0.5,0.75
2189,0.75,0.75,0.75,1.0,0.75,0.0,0.25,0.25,0.75,0.0,0.75,1.0,0.75,1.0,1.0,1.0,0.0,1.0,1.0,1.0,0.75,1.0,0.25,1.0,0.0,0.75,0.0,0.75,1.0,0.75,0.75,0.25,0.75,0.75,1.0,0.0,0.75,0.75,0.0,0.75,1.0,0.75,0.75,1.0,1.0,1.0,0.75,0.0,1.0,0.75,0.0,0.75,1.0,1.0,0.0,1.0,1.0,0.75,0.0,0.0,0.83,0.83,0.5,0.0,0.83,0.17,0.67,0.5,0.75,0.25,0.5,0.25,0.5,0.25,0.75
2201,0.75,0.75,0.75,0.75,1.0,0.25,0.0,0.75,0.75,0.0,0.75,0.25,0.0,1.0,1.0,1.0,0.0,1.0,1.0,1.0,0.75,1.0,0.0,1.0,0.25,0.25,0.0,0.75,0.75,1.0,1.0,0.0,0.75,1.0,0.0,0.0,0.75,1.0,0.0,0.75,1.0,1.0,1.0,1.0,1.0,1.0,0.75,0.0,1.0,1.0,0.0,1.0,1.0,1.0,0.0,1.0,1.0,1.0,0.0,0.0,0.33,0.67,0.5,0.0,0.5,0.17,0.83,0.5,0.5,0.25,0.5,0.25,0.5,0.5,0.75
2217,0.75,0.0,0.25,0.25,0.25,0.0,1.0,1.0,0.75,0.25,0.0,1.0,0.0,0.0,0.0,1.0,0.0,0.0,0.0,0.0,0.0,0.75,0.25,0.25,0.0,0.75,0.0,0.0,0.0,0.0,0.0,0.25,0.25,0.25,0.75,0.75,0.75,0.75,0.75,0.25,0.25,0.75,0.75,0.0,0.75,0.0,1.0,0.0,0.0,0.0,1.0,0.0,1.0,0.0,0.0,0.25,1.0,0.0,1.0,0.0,1.0,1.0,0.33,0.67,0.67,0.17,0.83,0.25,0.75,0.5,0.75,0.25,0.5,1.0,0.5
2219,0.0,1.0,0.25,0.0,1.0,1.0,1.0,0.25,0.0,0.0,0.25,1.0,0.0,1.0,1.0,1.0,1.0,1.0,1.0,0.0,1.0,1.0,0.0,1.0,1.0,1.0,1.0,1.0,1.0,0.0,1.0,0.0,1.0,0.0,1.0,0.0,1.0,0.0,0.0,1.0,1.0,1.0,1.0,1.0,1.0,1.0,1.0,1.0,1.0,0.0,0.0,0.0,1.0,1.0,0.0,1.0,0.0,1.0,0.0,0.0,0.67,0.67,0.67,0.83,0.5,0.33,0.67,0.75,0.75,0.75,0.75,0.75,0.75,0.75,0.75
2232,0.75,0.75,0.25,1.0,1.0,0.25,0.0,0.0,0.75,0.25,0.75,0.75,0.25,1.0,1.0,1.0,0.0,1.0,1.0,0.75,1.0,1.0,0.25,1.0,0.75,0.0,0.0,0.75,1.0,1.0,0.75,0.0,1.0,0.75,0.75,0.0,0.75,0.75,0.0,0.75,1.0,1.0,0.75,0.75,1.0,1.0,1.0,0.0,1.0,1.0,0.0,1.0,1.0,1.0,0.0,1.0,1.0,0.75,0.0,0.0,0.17,0.83,0.67,0.0,1.0,0.33,0.83,0.5,0.75,0.25,0.5,0.0,0.5,0.5,0.75
2236,0.25,1.0,1.0,0.75,0.75,0.75,0.75,1.0,0.75,0.0,1.0,0.0,0.75,1.0,0.25,0.75,0.0,0.25,0.75,0.75,0.25,0.75,0.0,0.25,1.0,0.75,0.75,1.0,0.25,0.75,0.75,0.0,0.75,0.0,0.75,0.0,0.75,0.25,0.75,0.75,0.75,0.75,0.75,1.0,0.75,0.75,1.0,0.0,0.25,0.25,0.75,0.75,1.0,0.25,0.0,1.0,0.25,1.0,0.0,0.0,1.0,0.5,0.67,0.17,0.83,0.33,1.0,0.5,0.5,0.25,1.0,0.0,0.5,0.25,0.5
2241,0.0,1.0,1.0,0.0,0.0,1.0,0.75,1.0,0.0,0.0,1.0,0.0,0.0,1.0,1.0,1.0,1.0,0.0,0.0,0.75,0.0,1.0,0.25,1.0,1.0,0.0,1.0,1.0,1.0,1.0,0.0,0.75,0.25,0.75,1.0,0.0,1.0,0.0,0.0,0.0,1.0,1.0,1.0,1.0,1.0,1.0,1.0,1.0,0.0,0.0,1.0,0.75,0.75,0.75,0.0,1.0,1.0,1.0,0.0,0.25,0.83,0.67,0.83,0.67,0.83,0.5,0.5,0.75,1.0,0.5,0.5,0.5,0.75,0.75,0.75
2245,1.0,0.0,0.0,1.0,0.0,0.0,0.0,0.0,0.0,1.0,0.0,0.0,1.0,0.0,0.0,1.0,1.0,0.0,0.0,1.0,0.0,0.0,1.0,0.0,0.0,0.0,0.0,0.0,1.0,1.0,0.0,1.0,0.0,1.0,0.0,1.0,0.0,0.0,1.0,0.0,0.0,0.0,0.0,0.0,1.0,0.0,1.0,1.0,0.0,0.0,1.0,0.0,0.0,1.0,1.0,0.0,1.0,0.0,1.0,1.0,0.83,1.0,0.17,1.0,0.83,0.83,0.17,0.25,0.5,0.5,0.5,1.0,0.75,0.75,0.0
2246,0.25,0.75,1.0,0.25,1.0,1.0,0.0,0.25,0.0,0.25,0.25,0.75,0.25,1.0,1.0,0.75,0.0,1.0,1.0,1.0,1.0,1.0,0.0,1.0,1.0,1.0,1.0,1.0,0.0,0.0,1.0,0.0,1.0,0.0,0.0,0.0,1.0,1.0,0.0,1.0,1.0,1.0,0.75,1.0,0.75,1.0,1.0,0.0,1.0,0.25,0.0,0.25,0.25,0.75,0.25,1.0,0.25,1.0,0.0,0.0,0.17,0.0,1.0,0.0,0.83,0.17,1.0,0.75,0.75,0.5,1.0,0.0,0.5,0.0,0.75
2253,0.0,1.0,0.75,0.0,1.0,1.0,0.75,0.25,0.0,0.0,0.75,1.0,0.0,1.0,1.0,0.75,0.0,1.0,1.0,0.25,1.0,1.0,0.0,1.0,1.0,1.0,1.0,1.0,0.0,0.25,1.0,0.0,1.0,0.25,0.75,0.0,1.0,0.25,0.25,1.0,1.0,1.0,1.0,1.0,1.0,0.75,1.0,0.0,1.0,0.0,0.0,0.25,0.75,1.0,0.0,1.0,0.25,1.0,0.0,0.0,0.0,0.17,1.0,0.0,0.67,0.0,0.83,0.75,0.75,0.5,0.75,0.25,0.5,0.25,0.75
2260,1.0,0.0,0.75,1.0,0.0,0.0,0.0,0.0,0.75,1.0,0.0,0.0,1.0,0.0,0.0,0.0,1.0,0.0,0.25,0.25,0.0,0.75,1.0,0.0,0.0,0.0,0.0,0.0,1.0,1.0,0.0,1.0,0.0,1.0,0.0,1.0,0.75,0.0,1.0,0.0,0.0,0.0,0.0,0.0,1.0,0.0,0.0,1.0,0.0,1.0,1.0,0.0,0.0,0.25,1.0,0.0,0.25,0.0,1.0,1.0,0.67,0.83,0.0,0.83,0.67,0.67,0.17,0.0,0.5,0.5,0.25,0.75,0.75,0.75,0.0
2263,0.75,0.25,1.0,0.75,0.0,0.25,1.0,0.25,0.25,0.25,0.0,0.25,0.25,0.25,0.0,0.25,0.25,0.25,0.25,0.25,0.25,0.75,0.25,1.0,0.0,0.25,1.0,1.0,1.0,0.75,1.0,0.75,0.25,0.75,0.25,0.25,1.0,0.75,0.75,0.75,0.75,1.0,0.75,0.75,0.75,0.75,1.0,0.25,0.25,0.25,1.0,0.75,0.75,0.25,0.0,0.75,0.25,0.75,0.25,0.25,0.83,0.33,0.17,0.33,0.33,0.67,0.67,0.5,1.0,0.25,0.75,0.25,0.75,1.0,0.25
2270,0.25,1.0,1.0,1.0,1.0,0.75,0.25,1.0,0.25,0.25,0.75,0.75,0.25,1.0,1.0,1.0,0.0,0.25,0.75,0.0,0.25,0.75,0.0,0.0,1.0,1.0,0.75,1.0,0.25,0.75,1.0,0.25,1.0,0.0,1.0,0.0,0.75,0.75,0.25,0.75,1.0,0.75,0.75,1.0,0.75,0.75,1.0,0.0,1.0,0.25,0.0,0.25,0.25,0.75,0.0,0.75,0.25,1.0,0.0,0.0,0.67,0.5,0.83,0.67,0.5,0.0,1.0,0.5,0.5,0.5,1.0,0.0,0.5,0.0,1.0
2273,0.75,0.0,0.25,1.0,0.0,0.0,0.0,0.0,0.75,1.0,0.0,0.0,1.0,0.25,0.0,0.0,1.0,0.0,0.0,0.25,0.0,1.0,1.0,0.0,0.0,0.0,0.0,0.75,0.0,1.0,0.0,1.0,0.0,1.0,1.0,1.0,0.75,0.0,1.0,0.0,0.0,0.0,0.0,0.0,1.0,0.0,0.0,1.0,0.0,1.0,1.0,0.0,0.25,0.0,0.75,0.25,0.75,0.25,0.75,0.75,0.83,0.83,0.17,0.5,0.83,0.83,0.17,0.25,0.5,0.75,0.5,0.5,0.5,0.75,0.25
2274,0.0,1.0,1.0,0.0,1.0,1.0,1.0,0.0,0.0,0.0,1.0,1.0,0.0,1.0,1.0,1.0,0.0,1.0,1.0,1.0,1.0,1.0,0.0,1.0,1.0,1.0,1.0,1.0,0.0,0.0,1.0,0.0,1.0,0.0,0.0,0.75,1.0,0.25,0.0,1.0,1.0,1.0,1.0,1.0,1.0,1.0,1.0,0.0,1.0,0.0,0.0,1.0,1.0,0.0,0.0,1.0,0.0,1.0,0.0,0.0,0.0,0.0,1.0,0.0,1.0,0.0,0.83,1.0,1.0,1.0,1.0,0.75,0.75,0.5,1.0
2278,0.0,1.0,0.75,0.0,1.0,1.0,0.0,0.0,0.0,0.0,0.75,0.75,0.75,1.0,0.75,0.75,0.0,1.0,1.0,1.0,0.75,1.0,0.0,1.0,1.0,1.0,1.0,1.0,0.0,0.25,1.0,0.0,1.0,0.25,0.75,0.0,1.0,0.25,0.75,1.0,1.0,1.0,1.0,1.0,0.75,0.75,1.0,0.0,1.0,0.0,0.0,0.0,0.25,1.0,0.0,1.0,0.25,1.0,0.0,0.0,0.0,0.0,1.0,0.0,0.67,0.0,1.0,1.0,1.0,0.5,1.0,0.0,0.5,0.0,1.0
2281,0.75,1.0,0.75,1.0,0.75,0.25,0.0,0.25,0.75,0.25,0.75,0.75,0.75,0.75,0.75,0.75,0.0,0.75,0.75,1.0,0.75,1.0,0.25,1.0,0.75,0.75,0.0,0.75,1.0,1.0,0.75,0.25,1.0,0.75,0.75,0.0,0.75,0.75,0.25,1.0,1.0,0.75,1.0,1.0,1.0,1.0,1.0,0.0,0.75,1.0,0.0,1.0,1.0,1.0,0.0,1.0,0.75,1.0,0.0,0.0,0.83,0.83,0.83,0.0,0.83,0.33,0.83,0.5,0.75,0.0,0.5,0.25,0.5,0.25,0.75
2289,0.75,1.0,1.0,0.25,1.0,0.75,0.0,0.25,0.0,0.25,1.0,0.75,0.0,1.0,0.25,1.0,0.75,1.0,0.75,1.0,0.75,1.0,1.0,1.0,0.0,1.0,1.0,0.75,0.0,0.75,1.0,0.75,0.0,0.75,0.75,0.75,0.25,0.0,0.75,0.0,0.75,0.75,0.25,1.0,1.0,1.0,1.0,1.0,0.25,1.0,1.0,0.25,0.25,1.0,0.25,0.25,0.25,1.0,0.25,0.75,0.17,0.67,0.83,0.83,0.33,0.5,0.67,0.75,1.0,0.75,0.75,1.0,0.75,0.5,0.5
2293,0.0,1.0,1.0,0.0,1.0,1.0,0.75,1.0,0.0,0.0,1.0,0.25,0.75,1.0,1.0,1.0,0.25,1.0,1.0,1.0,1.0,1.0,0.0,1.0,1.0,0.0,1.0,1.0,0.25,0.0,1.0,0.0,1.0,0.0,0.75,0.0,1.0,1.0,0.25,1.0,1.0,1.0,1.0,1.0,0.0,0.75,1.0,0.0,1.0,1.0,0.0,0.0,0.0,0.75,0.0,1.0,0.75,1.0,0.0,0.0,0.83,0.33,0.83,0.0,0.67,0.0,1.0,0.75,0.75,0.5,1.0,0.0,0.5,0.0,1.0
2294,0.25,0.25,0.0,0.25,0.0,0.0,0.0,0.0,0.75,1.0,0.0,0.0,1.0,0.25,0.0,0.75,1.0,0.0,1.0,0.0,0.0,0.0,0.75,1.0,0.0,0.0,0.0,0.0,0.0,0.0,0.0,1.0,0.0,1.0,0.0,1.0,0.25,0.0,0.75,0.25,0.0,0.0,0.0,0.0,0.25,0.0,0.0,1.0,0.0,1.0,1.0,0.0,0.0,1.0,1.0,0.0,0.75,0.0,1.0,1.0,0.0,0.83,0.0,1.0,0.33,0.33,0.0,0.0,0.5,0.75,0.25,1.0,0.5,1.0,0.0
2298,0.0,1.0,1.0,0.0,1.0,1.0,0.75,1.0,0.25,0.0,0.0,0.0,0.25,1.0,1.0,1.0,0.0,0.75,1.0,1.0,1.0,1.0,0.0,1.0,1.0,1.0,1.0,1.0,0.0,0.25,1.0,0.25,0.75,0.0,0.0,0.0,1.0,1.0,0.25,1.0,1.0,1.0,1.0,1.0,0.75,1.0,1.0,0.0,0.75,0.0,0.25,0.75,0.75,1.0,0.0,1.0,0.0,1.0,0.0,0.0,0.0,0.17,1.0,0.17,0.17,0.17,1.0,0.75,1.0,0.5,0.75,0.25,0.5,0.25,1.0
2312,1.0,0.0,1.0,1.0,0.0,0.0,0.0,0.0,1.0,1.0,0.0,0.0,0.0,1.0,0.0,1.0,1.0,0.0,1.0,0.0,0.0,0.0,1.0,0.0,0.0,0.0,0.0,1.0,0.0,1.0,0.0,1.0,0.0,1.0,0.0,1.0,0.75,0.0,1.0,0.0,1.0,0.0,1.0,0.0,1.0,0.0,0.0,1.0,0.0,1.0,1.0,0.0,0.0,0.0,1.0,0.0,1.0,0.0,1.0,1.0,0.0,1.0,0.0,1.0,1.0,1.0,1.0,0.0,0.5,0.5,0.5,0.5,0.5,1.0,0.0
2316,1.0,0.25,0.75,1.0,0.75,0.25,0.0,0.0,1.0,0.25,0.0,0.25,0.75,0.75,0.75,1.0,0.25,1.0,1.0,0.75,0.75,1.0,0.75,1.0,0.25,0.25,0.0,0.25,0.75,1.0,0.25,0.25,0.25,1.0,1.0,0.0,0.75,0.75,0.25,0.75,0.75,1.0,0.75,0.75,1.0,0.75,0.25,0.25,0.75,0.75,1.0,1.0,1.0,1.0,0.0,1.0,1.0,1.0,0.0,0.0,0.83,0.83,0.17,0.0,0.83,0.33,0.5,0.5,0.75,0.25,0.5,0.5,0.75,0.75,0.5
2320,0.25,1.0,0.0,0.25,1.0,1.0,1.0,1.0,0.0,0.0,0.75,0.75,0.75,1.0,1.0,1.0,0.0,1.0,0.75,1.0,0.25,1.0,0.0,0.75,1.0,1.0,1.0,0.75,0.25,0.25,1.0,0.0,1.0,0.0,0.75,0.0,1.0,1.0,0.75,1.0,1.0,1.0,0.25,1.0,1.0,1.0,1.0,0.0,1.0,0.75,0.0,1.0,1.0,0.25,0.0,1.0,0.75,1.0,0.0,0.0,0.83,0.67,1.0,0.17,0.33,0.0,0.83,1.0,1.0,0.25,0.75,0.25,0.5,0.25,1.0
2322,0.25,1.0,1.0,0.0,0.75,1.0,0.0,0.25,1.0,1.0,0.0,0.0,0.0,1.0,0.0,0.0,0.25,0.0,0.0,0.0,0.0,0.0,0.0,1.0,0.0,0.0,0.0,1.0,0.0,0.75,0.0,0.25,0.0,0.75,0.25,0.0,1.0,0.0,0.75,0.75,0.75,0.25,0.75,0.75,0.0,0.0,1.0,0.0,0.0,0.25,0.75,0.25,0.25,1.0,0.0,0.25,0.75,1.0,0.25,0.25,0.83,0.33,0.67,0.67,0.33,0.67,0.83,0.5,0.5,0.5,1.0,0.5,0.75,0.75,0.75
2324,0.0,1.0,1.0,0.0,0.75,1.0,0.0,0.0,0.0,1.0,0.0,0.75,0.0,1.0,0.0,1.0,0.0,0.0,1.0,0.75,0.0,0.0,1.0,1.0,0.25,1.0,1.0,1.0,0.25,0.25,0.0,0.0,0.0,1.0,0.0,0.0,1.0,0.0,0.0,1.0,0.0,0.25,1.0,1.0,0.0,0.0,0.0,1.0,0.0,1.0,0.0,0.0,0.0,1.0,1.0,0.0,0.0,1.0,0.75,1.0,0.0,0.0,0.0,0.5,0.0,0.0,1.0,1.0,0.5,0.75,1.0,0.5,0.75,0.5,0.25
2331,0.75,1.0,0.25,1.0,1.0,0.25,0.25,0.0,0.75,0.25,0.0,1.0,0.25,1.0,1.0,1.0,0.0,1.0,0.75,1.0,1.0,1.0,0.0,1.0,0.75,0.75,0.25,0.75,1.0,1.0,0.75,0.25,0.75,0.25,0.75,0.75,0.75,0.75,0.0,1.0,1.0,1.0,0.75,1.0,1.0,1.0,0.75,0.0,1.0,1.0,0.25,1.0,0.75,1.0,0.0,1.0,0.75,1.0,0.0,0.0,0.17,0.67,0.67,0.17,0.67,0.0,1.0,0.75,0.75,0.0,0.75,0.25,0.5,0.5,0.75
2334,0.75,0.25,1.0,0.25,0.0,0.0,0.0,0.0,1.0,1.0,0.0,0.0,0.75,0.25,0.0,1.0,0.75,0.0,0.75,0.75,0.0,1.0,1.0,1.0,0.0,0.75,0.75,0.25,1.0,1.0,0.0,1.0,0.0,1.0,0.0,1.0,0.75,0.25,1.0,0.25,0.75,0.25,0.0,0.0,1.0,0.0,0.0,1.0,0.0,1.0,1.0,0.0,0.0,0.0,0.75,0.0,1.0,0.0,0.75,1.0,0.17,1.0,0.0,0.5,1.0,0.83,0.5,0.25,1.0,0.5,0.5,0.75,0.75,1.0,0.25
2338,1.0,0.0,1.0,0.75,0.0,0.0,0.0,0.0,0.25,1.0,0.0,0.25,0.0,0.0,0.25,0.75,0.75,0.25,0.25,0.25,0.0,1.0,1.0,1.0,0.25,0.0,0.0,0.75,0.25,0.75,0.25,1.0,0.0,1.0,0.75,1.0,0.75,0.25,0.75,0.25,0.25,0.25,0.25,0.25,0.75,0.25,0.25,1.0,0.0,0.75,0.75,0.75,0.25,0.75,0.75,0.75,0.75,0.75,0.75,0.75,0.83,0.83,0.17,0.83,0.83,0.67,0.33,0.25,0.75,0.5,0.25,0.75,0.75,0.75,0.25
2339,0.25,1.0,1.0,1.0,1.0,0.75,0.75,1.0,0.25,0.0,1.0,0.75,0.75,1.0,0.25,0.75,0.0,0.25,0.25,0.25,0.75,0.75,0.0,0.0,1.0,1.0,0.75,1.0,0.0,0.75,1.0,0.0,0.75,0.25,0.75,0.0,0.75,0.75,0.25,0.75,0.75,1.0,0.75,1.0,0.75,0.75,1.0,0.0,0.25,0.25,0.0,0.75,1.0,0.25,0.0,0.75,0.0,1.0,0.0,0.0,0.83,0.33,0.67,0.33,0.5,0.5,1.0,0.75,0.75,0.5,1.0,0.25,0.5,0.5,0.75
2341,0.25,0.75,1.0,0.0,1.0,1.0,0.75,0.75,0.0,0.25,0.25,1.0,0.25,1.0,1.0,1.0,0.0,1.0,1.0,0.75,1.0,1.0,0.0,1.0,1.0,1.0,1.0,1.0,0.0,0.25,1.0,0.0,1.0,0.0,0.0,0.0,1.0,0.75,0.0,1.0,1.0,1.0,1.0,1.0,0.25,1.0,1.0,0.0,1.0,0.0,0.0,0.0,0.25,1.0,0.0,0.75,0.0,1.0,0.0,0.0,0.0,0.17,1.0,0.0,0.67,0.0,1.0,0.75,1.0,0.5,1.0,0.0,0.5,0.5,0.75
2346,0.0,1.0,1.0,0.0,1.0,1.0,0.25,0.75,0.0,0.0,0.25,0.75,0.75,1.0,1.0,1.0,0.0,1.0,1.0,1.0,0.75,1.0,0.25,1.0,1.0,1.0,1.0,1.0,0.0,0.25,1.0,0.0,1.0,0.0,0.0,0.0,1.0,1.0,0.0,1.0,1.0,1.0,1.0,1.0,0.25,0.25,1.0,0.0,1.0,0.75,0.0,0.25,0.0,1.0,0.0,0.75,0.0,1.0,0.0,0.0,0.0,0.0,1.0,0.0,0.0,0.0,1.0,0.75,0.75,0.0,0.75,0.0,0.5,0.25,0.75
2355,0.0,1.0,0.75,0.0,1.0,1.0,0.75,1.0,0.0,0.25,0.75,1.0,0.0,1.0,1.0,1.0,0.0,1.0,1.0,1.0,1.0,1.0,0.0,1.0,1.0,1.0,1.0,1.0,0.0,0.0,1.0,0.0,1.0,0.0,0.0,0.0,1.0,0.75,0.0,1.0,1.0,1.0,1.0,1.0,1.0,1.0,0.75,0.0,1.0,0.25,0.0,0.0,0.75,1.0,0.0,0.75,0.75,1.0,0.0,0.0,0.0,0.0,1.0,0.0,0.67,0.0,1.0,1.0,1.0,0.5,1.0,0.0,0.0,0.0,1.0
2367,0.75,1.0,1.0,0.75,1.0,1.0,0.25,1.0,0.75,0.0,0.75,0.75,0.0,1.0,1.0,1.0,0.0,0.75,0.75,0.75,1.0,1.0,0.0,1.0,1.0,0.75,1.0,1.0,0.75,0.25,0.75,0.0,1.0,0.0,0.75,0.0,1.0,1.0,0.0,1.0,1.0,1.0,0.75,1.0,0.75,0.75,1.0,0.0,0.25,0.75,0.0,0.75,1.0,1.0,0.0,1.0,0.75,1.0,0.0,0.0,0.17,0.17,1.0,0.0,0.83,0.0,1.0,0.75,0.75,0.25,1.0,0.0,0.5,0.5,0.75
2371,0.75,0.25,1.0,1.0,1.0,0.75,0.25,1.0,0.0,0.25,0.0,1.0,0.0,0.75,1.0,1.0,0.0,1.0,1.0,1.0,0.75,1.0,0.25,1.0,0.75,0.0,0.0,0.75,0.0,0.75,0.75,0.0,1.0,0.25,0.0,0.0,0.25,0.75,0.0,1.0,1.0,1.0,1.0,0.75,1.0,1.0,0.75,0.0,1.0,0.25,0.0,1.0,1.0,1.0,0.0,1.0,0.25,1.0,0.0,0.0,0.33,0.83,0.83,0.0,0.67,0.0,0.83,0.5,0.75,0.25,0.75,0.0,0.5,0.25,0.75
2378,0.25,0.75,1.0,1.0,0.75,0.25,0.0,0.0,0.25,0.0,0.25,0.25,0.75,0.75,0.0,0.25,0.25,0.0,1.0,1.0,0.75,1.0,0.25,0.75,0.0,0.75,0.0,0.75,0.75,1.0,0.75,0.75,0.25,0.25,0.25,0.75,0.75,0.25,0.75,0.0,1.0,0.75,0.75,1.0,1.0,0.75,0.75,0.25,0.75,0.0,0.75,0.25,0.25,0.75,0.0,0.75,0.25,0.75,0.0,0.25,0.83,0.5,0.33,0.5,0.5,0.5,0.67,0.75,0.75,0.5,0.75,0.5,0.5,0.5,0.5
2379,1.0,0.75,1.0,1.0,1.0,0.75,0.0,0.25,0.25,0.25,0.75,0.75,0.25,1.0,0.25,0.75,0.75,0.75,1.0,0.75,0.75,1.0,0.75,0.75,0.75,0.25,0.0,0.25,1.0,0.75,0.75,0.75,0.75,1.0,0.25,0.75,0.75,0.75,0.25,0.75,0.75,0.25,0.25,0.75,1.0,1.0,1.0,1.0,1.0,0.75,0.25,0.25,0.25,0.0,0.25,0.25,0.25,1.0,0.0,0.25,0.33,0.67,0.67,0.0,0.83,0.17,0.67,0.75,0.75,0.25,0.75,0.75,0.75,0.25,0.75
2384,0.75,0.0,0.0,1.0,0.0,0.0,0.0,0.0,0.75,1.0,0.0,0.0,1.0,0.0,0.0,0.0,1.0,0.0,0.75,0.25,0.0,0.0,1.0,0.0,0.0,0.0,0.0,0.0,1.0,1.0,0.0,1.0,0.0,1.0,0.0,1.0,0.75,0.0,1.0,0.0,0.0,0.0,0.0,0.0,1.0,0.0,0.0,1.0,0.0,1.0,1.0,0.0,0.0,0.0,1.0,0.0,1.0,0.0,1.0,1.0,0.83,1.0,0.0,0.67,1.0,1.0,0.0,0.25,0.5,0.75,0.0,1.0,0.75,1.0,0.0
2408,0.0,1.0,0.25,0.0,0.0,0.25,0.0,0.0,0.25,1.0,0.0,0.0,0.75,0.25,0.0,0.0,0.75,0.0,0.0,0.0,0.0,0.0,0.75,1.0,0.0,0.0,0.0,0.75,0.25,0.75,0.75,1.0,0.0,1.0,0.25,0.75,0.75,0.0,1.0,0.0,0.25,0.0,0.0,0.75,0.0,0.0,0.0,1.0,0.0,0.25,1.0,0.0,0.0,1.0,1.0,0.0,0.75,0.0,0.25,1.0,0.17,0.83,0.0,1.0,0.5,0.83,0.17,0.5,0.5,0.5,0.5,0.75,0.5,1.0,0.5
2412,0.0,1.0,1.0,0.0,0.75,0.75,0.0,0.25,0.0,0.0,0.0,0.0,1.0,0.75,0.0,0.0,1.0,0.0,1.0,0.75,0.0,0.0,0.0,0.0,1.0,1.0,1.0,1.0,0.0,0.0,0.25,0.0,0.0,0.75,0.0,0.0,1.0,1.0,0.0,0.0,1.0,0.75,1.0,1.0,0.0,0.0,1.0,0.0,0.0,1.0,1.0,0.0,0.0,1.0,1.0,0.0,0.0,1.0,1.0,1.0,0.5,0.17,0.83,0.83,0.0,0.33,1.0,0.75,0.25,0.5,0.75,0.0,0.5,1.0,0.0
2420,0.0,1.0,1.0,0.0,1.0,1.0,0.0,1.0,0.0,0.0,1.0,0.0,0.0,1.0,1.0,1.0,0.0,1.0,0.25,0.75,0.75,0.75,0.25,1.0,1.0,1.0,0.75,0.75,0.75,0.25,0.75,0.25,0.75,0.25,0.75,0.25,0.75,0.75,0.25,0.75,0.75,1.0,1.0,0.75,0.25,0.75,1.0,1.0,1.0,0.0,0.25,0.25,0.25,0.25,0.25,0.25,0.25,1.0,0.25,0.25,0.83,0.33,0.67,0.33,0.67,0.33,0.83,0.75,0.75,0.75,0.75,0.25,0.75,0.25,0.75
2421,1.0,0.0,1.0,1.0,1.0,0.0,1.0,0.0,1.0,0.0,0.0,0.25,1.0,0.0,1.0,0.75,0.0,0.0,1.0,1.0,0.0,1.0,1.0,1.0,0.0,1.0,1.0,1.0,1.0,1.0,0.0,1.0,1.0,1.0,1.0,0.0,1.0,1.0,0.0,1.0,0.0,0.75,1.0,1.0,1.0,1.0,1.0,0.0,1.0,0.0,0.0,1.0,1.0,0.0,0.0,1.0,1.0,1.0,0.0,0.0,1.0,0.83,0.0,0.0,0.83,0.17,1.0,0.25,1.0,0.25,1.0,0.75,0.75,0.25,1.0
2423,1.0,0.75,1.0,0.0,1.0,0.0,0.0,0.75,1.0,1.0,0.0,1.0,0.0,0.0,0.0,1.0,0.0,1.0,1.0,0.0,0.0,1.0,1.0,1.0,0.0,0.0,0.0,0.0,1.0,1.0,1.0,1.0,0.0,1.0,1.0,0.0,0.25,0.0,0.0,1.0,1.0,1.0,1.0,0.0,1.0,0.0,1.0,0.25,0.25,0.0,1.0,0.0,0.0,0.0,0.0,1.0,1.0,1.0,0.0,1.0,0.67,0.83,0.17,0.83,1.0,0.83,0.5,0.75,0.75,0.0,0.75,0.0,0.5,0.75,0.5
2432,0.75,0.25,0.25,0.25,0.75,0.0,0.75,1.0,1.0,0.25,1.0,0.25,0.25,0.75,0.0,0.25,0.25,0.25,0.0,0.0,0.0,1.0,0.25,1.0,0.0,0.25,0.0,0.25,0.25,0.75,0.75,0.0,1.0,0.25,0.75,0.0,1.0,0.75,1.0,0.25,0.0,0.0,1.0,0.0,0.75,0.25,0.25,0.0,0.0,0.0,0.0,0.0,0.25,0.25,0.0,1.0,1.0,0.25,0.0,0.0,0.33,0.83,0.67,1.0,0.83,0.33,0.67,0.5,0.75,0.25,0.75,0.25,0.5,0.5,0.5
2433,0.25,0.0,1.0,0.0,0.0,0.25,0.0,0.0,0.25,0.0,0.0,0.25,1.0,0.75,1.0,0.75,1.0,0.0,0.0,0.0,0.0,0.75,0.75,1.0,0.0,0.0,1.0,1.0,0.25,1.0,0.25,1.0,0.0,1.0,1.0,1.0,1.0,0.0,0.0,0.75,1.0,0.25,0.75,1.0,1.0,1.0,0.0,1.0,0.0,0.0,1.0,0.0,1.0,1.0,0.0,0.75,0.25,0.0,0.0,0.25,0.17,0.83,0.33,0.67,0.83,0.33,0.33,0.5,0.5,0.5,0.75,0.75,0.5,0.5,0.5
2439,1.0,0.0,0.0,1.0,0.0,0.0,0.0,0.0,1.0,1.0,0.0,0.0,1.0,0.0,1.0,1.0,1.0,0.25,1.0,0.75,0.0,0.0,1.0,1.0,0.0,0.0,0.0,0.0,1.0,1.0,0.0,1.0,0.0,1.0,1.0,1.0,0.0,0.0,1.0,0.0,0.0,0.0,0.0,0.0,1.0,0.0,0.0,1.0,0.0,1.0,0.0,0.0,0.0,1.0,1.0,0.0,1.0,0.0,1.0,1.0,0.0,1.0,0.0,0.83,1.0,0.33,0.0,0.0,0.0,0.0,0.0,0.0,0.0,0.0,0.0
2446,0.0,1.0,0.75,0.0,1.0,1.0,0.25,0.0,0.0,0.25,0.75,0.75,0.0,1.0,1.0,0.75,0.0,1.0,1.0,0.75,1.0,1.0,0.0,1.0,1.0,1.0,1.0,1.0,0.0,0.0,1.0,0.0,1.0,0.0,0.25,0.0,1.0,0.25,0.0,1.0,1.0,1.0,1.0,1.0,1.0,1.0,1.0,0.0,1.0,0.0,0.0,0.0,0.75,1.0,0.0,0.75,0.0,1.0,0.0,0.0,0.0,0.0,1.0,0.17,0.67,0.0,1.0,1.0,1.0,1.0,1.0,0.5,0.25,0.0,1.0
2447,0.25,1.0,1.0,1.0,1.0,1.0,0.25,1.0,0.0,0.0,0.0,0.75,1.0,1.0,0.0,1.0,0.0,1.0,0.0,0.0,0.0,1.0,0.0,0.0,1.0,1.0,0.0,0.0,0.0,1.0,1.0,0.0,1.0,0.0,0.25,0.0,1.0,1.0,0.0,0.25,0.75,1.0,1.0,1.0,1.0,1.0,1.0,0.0,1.0,0.0,0.75,0.75,1.0,0.0,0.0,1.0,0.0,1.0,0.0,0.0,1.0,0.0,0.0,0.83,0.5,0.0,0.83,0.75,1.0,0.75,1.0,0.0,1.0,0.75,1.0
2465,1.0,1.0,1.0,1.0,1.0,0.75,0.0,0.0,0.0,0.0,0.75,1.0,0.25,1.0,0.75,0.75,0.0,1.0,1.0,1.0,1.0,1.0,0.0,0.75,0.25,0.0,0.75,1.0,1.0,1.0,1.0,0.0,0.75,0.25,1.0,0.0,1.0,0.25,0.0,0.75,1.0,1.0,0.75,1.0,1.0,0.75,0.75,0.25,1.0,0.0,0.75,1.0,1.0,0.75,0.0,0.75,0.75,0.75,0.0,0.0,0.33,0.17,0.67,0.17,0.83,0.17,1.0,0.75,0.75,0.5,0.75,0.25,0.5,0.5,0.5
2468,0.75,1.0,1.0,1.0,1.0,0.75,0.25,1.0,0.0,0.25,0.75,1.0,0.25,1.0,1.0,1.0,0.0,0.25,0.25,0.0,0.25,0.75,0.0,0.0,1.0,1.0,0.75,1.0,0.0,0.75,1.0,0.25,1.0,0.0,1.0,0.0,0.75,0.75,0.0,0.75,0.75,0.75,0.75,1.0,0.75,0.75,1.0,0.75,0.75,0.25,0.0,0.25,1.0,0.75,0.0,0.75,0.75,1.0,0.0,0.0,0.67,0.5,0.83,0.67,0.83,0.17,1.0,0.5,0.5,0.5,0.75,0.25,0.5,0.5,0.75
2475,0.75,0.75,0.25,1.0,0.75,0.25,0.25,0.0,0.0,0.0,0.25,1.0,0.0,0.25,1.0,0.75,0.0,1.0,0.75,0.75,0.25,0.75,0.25,0.25,0.75,0.25,1.0,0.0,0.0,0.75,0.0,0.25,0.25,0.25,0.75,1.0,0.75,0.0,0.0,0.25,0.75,0.75,0.25,0.75,0.25,0.25,0.75,0.0,0.0,0.0,0.25,0.75,1.0,0.25,0.0,0.25,0.25,0.75,0.75,0.0,0.83,0.17,1.0,0.17,0.0,0.17,0.67,0.5,0.5,0.25,0.5,0.25,0.5,0.75,0.75
2477,0.25,1.0,1.0,0.25,1.0,0.75,0.75,0.0,0.0,0.75,0.75,0.75,1.0,1.0,0.0,0.75,0.0,0.0,0.0,0.0,0.0,0.0,0.25,0.0,0.75,1.0,0.0,1.0,0.75,0.75,0.75,0.0,0.0,0.75,0.75,0.0,0.75,0.25,0.0,0.25,0.25,0.75,0.75,1.0,0.25,0.25,1.0,0.75,0.0,0.25,0.75,0.75,0.75,0.25,0.25,0.0,0.0,1.0,0.25,0.0,0.33,0.67,0.0,0.83,0.67,0.67,0.5,0.5,0.75,0.75,0.75,0.5,0.5,0.5,0.5
2481,0.0,1.0,0.25,0.0,1.0,1.0,0.25,1.0,0.0,0.0,0.75,1.0,0.25,1.0,1.0,0.75,0.0,1.0,1.0,1.0,1.0,1.0,0.0,0.75,1.0,1.0,1.0,1.0,0.0,0.0,1.0,0.0,1.0,0.0,0.0,0.0,1.0,1.0,0.0,1.0,1.0,1.0,1.0,1.0,0.25,0.75,1.0,0.0,1.0,0.0,0.0,0.0,0.0,1.0,0.0,1.0,0.0,1.0,0.0,0.0,0.0,0.0,1.0,0.0,0.67,0.0,1.0,1.0,1.0,0.25,1.0,0.0,0.0,0.0,1.0
2482,1.0,0.0,0.75,0.75,0.0,0.0,0.0,0.0,1.0,0.75,0.0,0.0,0.75,0.75,0.0,0.25,0.75,0.0,0.75,1.0,0.0,1.0,1.0,1.0,0.0,0.0,0.0,1.0,1.0,1.0,0.0,1.0,0.0,1.0,1.0,0.75,0.75,0.0,0.25,0.0,0.0,0.0,0.25,0.75,1.0,1.0,0.0,0.75,0.0,0.0,1.0,1.0,1.0,0.25,0.0,0.75,0.25,0.75,0.0,0.0,0.0,0.67,0.0,0.17,0.83,0.67,0.0,0.25,0.75,0.5,0.5,0.75,0.5,0.75,0.25
2494,1.0,0.75,1.0,1.0,1.0,0.25,0.0,0.75,0.75,0.0,0.75,0.75,0.25,1.0,1.0,1.0,0.0,0.25,1.0,1.0,0.75,1.0,0.25,1.0,0.75,0.75,0.25,0.75,1.0,1.0,0.75,0.0,0.75,0.75,0.75,0.0,0.75,0.75,0.0,0.75,1.0,1.0,0.75,1.0,1.0,1.0,1.0,0.0,1.0,1.0,0.0,1.0,1.0,1.0,0.0,1.0,1.0,1.0,0.0,0.0,0.5,0.83,0.67,0.0,0.83,0.17,0.67,0.5,0.75,0.25,0.75,0.25,0.5,0.5,0.75
2498,0.75,1.0,1.0,0.75,1.0,1.0,0.25,1.0,0.75,0.0,0.25,0.25,0.25,1.0,0.75,1.0,0.0,1.0,0.75,1.0,0.75,1.0,0.25,1.0,0.75,0.75,0.75,1.0,1.0,0.75,0.75,0.0,1.0,0.0,1.0,0.0,0.75,0.75,0.25,0.75,0.75,1.0,1.0,0.75,0.75,1.0,1.0,0.25,0.25,0.0,0.25,1.0,1.0,0.75,0.0,1.0,0.75,1.0,0.0,0.0,0.67,0.67,0.83,0.0,0.67,0.17,0.83,0.5,0.75,0.0,0.75,0.25,0.5,0.75,0.5
2499,0.0,0.25,0.75,0.75,0.0,1.0,0.0,0.0,0.0,1.0,0.75,0.75,0.0,0.75,0.0,0.25,0.75,0.0,0.0,0.0,0.0,0.0,0.25,1.0,0.25,0.75,0.0,0.75,0.75,0.75,0.75,0.75,0.0,0.75,0.25,0.75,0.75,0.25,1.0,0.25,0.75,0.25,0.25,0.25,0.25,0.25,0.75,1.0,0.0,0.75,0.75,0.0,0.0,1.0,0.75,0.0,0.25,0.75,0.75,0.75,0.5,0.5,0.33,0.83,0.33,0.67,0.33,0.5,0.75,0.5,0.75,0.5,0.75,0.5,0.5
2505,0.75,0.25,1.0,0.25,0.75,0.75,1.0,0.25,0.75,0.0,0.25,0.25,0.0,0.75,0.0,0.75,0.25,1.0,1.0,0.75,0.0,1.0,0.75,1.0,0.25,0.25,0.0,0.75,0.25,0.25,1.0,0.75,0.75,0.75,0.25,0.75,1.0,0.75,0.25,0.75,0.75,0.75,1.0,0.75,0.75,0.75,1.0,0.75,0.75,0.25,0.0,1.0,0.25,0.75,0.0,0.75,0.75,0.75,0.0,0.0,0.67,0.67,0.33,0.0,0.67,0.17,0.67,0.5,1.0,0.0,0.75,0.25,0.5,0.25,0.5
2536,1.0,0.25,1.0,1.0,0.0,0.0,0.0,0.0,0.75,1.0,0.0,0.0,1.0,0.0,0.0,1.0,1.0,0.0,1.0,1.0,0.0,1.0,1.0,1.0,0.0,0.0,0.0,0.75,1.0,1.0,0.0,1.0,0.0,1.0,0.0,1.0,0.0,0.0,0.0,0.0,0.0,0.0,0.0,0.0,0.0,0.0,0.0,1.0,0.0,1.0,0.0,0.0,0.0,1.0,0.25,0.0,1.0,0.0,0.25,1.0,0.0,1.0,0.0,1.0,0.67,0.5,0.33,0.0,0.0,0.0,0.0,0.0,0.5,0.25,0.0
2547,1.0,0.25,0.75,1.0,0.25,0.0,0.25,0.0,1.0,0.75,0.0,0.25,1.0,0.75,0.0,0.25,0.75,0.0,0.75,1.0,0.0,0.75,1.0,1.0,0.0,0.0,0.0,0.75,1.0,1.0,0.25,1.0,0.0,1.0,0.75,0.75,0.75,0.25,1.0,0.25,0.75,0.25,0.0,0.75,1.0,0.75,0.0,0.75,0.0,0.25,1.0,0.75,0.75,0.75,0.25,1.0,1.0,0.0,0.0,0.25,0.17,1.0,0.0,0.17,1.0,0.67,0.17,0.25,1.0,0.25,0.5,0.5,0.75,1.0,0.25
2548,0.75,1.0,0.0,0.75,1.0,1.0,0.0,0.75,1.0,0.0,0.75,0.0,0.0,1.0,1.0,1.0,0.0,1.0,1.0,0.75,0.25,1.0,0.25,1.0,0.75,0.75,0.75,1.0,0.75,1.0,1.0,0.0,1.0,1.0,1.0,0.0,1.0,0.75,0.0,1.0,1.0,1.0,1.0,0.75,1.0,1.0,1.0,0.0,1.0,1.0,0.0,1.0,1.0,0.75,0.0,1.0,1.0,1.0,0.0,0.0,0.67,0.83,0.67,0.0,0.83,0.33,0.83,0.75,0.5,0.5,0.75,0.25,0.25,0.25,0.75
2551,0.0,0.75,1.0,1.0,0.25,0.25,0.0,0.0,0.25,0.0,0.25,0.25,0.75,0.25,0.0,0.25,0.0,0.0,1.0,0.25,0.25,1.0,0.25,0.0,0.25,0.75,0.0,1.0,0.25,1.0,0.75,0.75,0.25,0.75,0.75,0.0,1.0,0.25,0.25,0.75,0.25,0.75,1.0,1.0,1.0,0.75,0.75,0.0,0.25,0.0,0.75,0.75,1.0,1.0,0.0,0.75,0.25,0.75,0.0,0.0,0.83,0.5,0.5,0.5,0.67,0.5,0.67,0.75,0.5,0.5,0.5,0.5,0.5,0.75,0.5
2553,0.25,0.75,1.0,0.75,1.0,0.75,0.75,0.0,0.0,0.0,1.0,0.25,0.75,1.0,1.0,1.0,0.0,1.0,1.0,1.0,1.0,1.0,0.25,1.0,0.75,1.0,0.75,0.75,1.0,0.75,0.75,0.0,0.0,1.0,0.25,0.0,1.0,0.75,0.0,1.0,1.0,1.0,0.0,1.0,0.75,0.25,1.0,0.0,1.0,0.75,0.0,0.75,1.0,1.0,0.0,1.0,0.75,1.0,0.0,0.0,0.0,0.83,0.67,0.0,0.83,0.0,0.5,0.75,1.0,0.25,0.75,0.25,0.25,0.0,1.0
2561,1.0,0.0,0.75,1.0,0.0,0.0,0.0,0.0,1.0,1.0,0.0,1.0,0.75,0.0,0.0,1.0,0.75,0.0,1.0,1.0,1.0,1.0,1.0,1.0,0.0,0.0,0.0,0.25,1.0,1.0,0.0,1.0,0.0,1.0,0.25,1.0,0.75,0.0,1.0,0.0,0.0,0.0,0.0,0.0,1.0,0.75,0.0,1.0,0.0,0.75,0.0,0.75,1.0,1.0,0.0,0.0,1.0,0.0,0.0,0.0,0.0,1.0,0.0,0.0,1.0,0.67,0.0,0.0,0.75,0.25,0.75,1.0,0.75,0.75,0.0
2566,0.0,0.0,1.0,0.75,0.0,0.0,0.0,0.0,0.0,1.0,0.0,0.25,1.0,0.0,0.0,0.75,1.0,0.0,1.0,0.0,0.0,0.0,1.0,0.75,0.0,0.0,0.25,0.0,0.25,0.75,0.0,1.0,0.0,1.0,0.0,1.0,0.0,0.0,0.25,0.0,1.0,0.25,1.0,0.75,1.0,0.0,0.0,1.0,0.0,1.0,1.0,0.0,0.0,0.75,1.0,0.25,1.0,0.0,0.75,1.0,0.67,0.83,0.33,0.67,0.67,0.33,0.33,0.25,0.75,0.75,0.25,0.75,0.5,0.75,0.0
2568,0.75,1.0,1.0,0.75,1.0,0.25,0.0,0.25,0.25,0.0,0.75,0.25,0.0,1.0,1.0,1.0,0.0,1.0,1.0,1.0,1.0,1.0,0.25,1.0,0.25,0.75,0.25,0.75,1.0,0.75,1.0,0.25,0.75,0.75,0.75,0.0,0.75,0.75,0.0,0.75,1.0,1.0,1.0,1.0,1.0,1.0,0.75,1.0,1.0,1.0,0.0,0.75,0.0,0.75,0.0,1.0,1.0,1.0,0.0,0.0,0.33,0.83,0.67,0.0,0.83,0.33,0.67,0.75,1.0,0.25,0.75,0.5,0.5,0.25,0.75
2570,0.0,0.0,1.0,0.0,0.0,0.25,0.0,0.0,0.25,1.0,0.0,0.0,1.0,0.75,0.0,0.0,0.0,0.0,0.0,0.0,0.0,0.0,1.0,0.75,0.25,0.25,0.0,1.0,0.75,0.25,0.75,0.25,0.0,1.0,0.0,1.0,0.75,0.0,0.75,0.0,0.0,0.0,0.25,0.75,0.25,0.0,0.25,1.0,0.0,1.0,0.75,0.0,0.0,1.0,1.0,0.0,0.0,0.75,1.0,1.0,0.0,0.33,0.33,1.0,0.17,0.33,0.0,0.25,0.75,0.75,0.75,0.5,0.5,0.75,0.25
2582,0.0,0.75,0.75,0.0,0.25,1.0,0.0,0.25,0.25,0.25,0.75,0.75,0.75,0.75,0.0,0.0,1.0,0.0,0.75,0.0,0.0,0.0,0.75,0.0,1.0,1.0,1.0,1.0,1.0,0.75,1.0,1.0,0.75,0.75,0.25,0.25,1.0,0.25,0.75,0.25,1.0,0.75,1.0,1.0,0.75,1.0,0.75,1.0,0.0,1.0,1.0,0.0,0.0,1.0,1.0,0.0,0.75,1.0,1.0,1.0,0.83,0.83,1.0,0.67,0.67,0.83,0.67,0.75,0.75,0.75,0.5,0.5,1.0,1.0,1.0
2586,1.0,0.75,1.0,1.0,0.25,0.25,0.0,0.0,0.75,0.75,0.25,0.25,0.25,0.75,0.25,0.25,0.75,0.25,0.25,0.0,0.0,0.75,0.75,0.0,0.0,0.25,0.0,0.25,0.75,0.75,0.0,0.75,0.0,0.75,0.75,1.0,0.75,0.25,0.75,0.25,0.25,0.25,0.75,0.75,0.75,0.25,1.0,1.0,0.0,0.75,0.75,0.75,1.0,0.75,0.0,0.25,0.75,0.75,0.25,0.25,0.17,1.0,0.17,0.5,0.5,0.33,0.5,0.5,0.5,0.5,0.5,0.5,0.5,0.75,0.25
2593,0.0,1.0,1.0,0.0,1.0,1.0,1.0,1.0,0.0,0.0,0.0,1.0,0.0,1.0,1.0,1.0,0.0,1.0,1.0,1.0,1.0,1.0,0.0,1.0,1.0,1.0,1.0,1.0,0.0,0.0,1.0,0.0,1.0,0.0,0.0,0.0,1.0,1.0,0.0,1.0,1.0,1.0,1.0,1.0,0.0,1.0,1.0,0.0,1.0,0.75,0.75,1.0,1.0,1.0,0.0,1.0,0.0,1.0,0.0,0.0,0.0,0.0,1.0,0.0,0.33,0.17,1.0,1.0,1.0,0.25,1.0,0.0,0.75,0.75,1.0
2596,0.75,0.0,0.0,1.0,0.0,0.0,0.0,0.0,0.75,0.0,0.0,0.0,1.0,0.75,0.0,0.25,1.0,0.0,0.75,1.0,0.0,1.0,1.0,0.25,0.0,0.0,0.0,0.0,1.0,1.0,0.0,1.0,0.0,1.0,0.0,1.0,0.75,0.0,1.0,0.0,0.0,0.0,0.0,0.0,1.0,0.0,0.0,1.0,0.0,1.0,1.0,0.0,0.0,0.0,1.0,0.0,1.0,0.0,1.0,1.0,0.17,1.0,0.17,0.67,0.67,1.0,0.17,0.0,0.0,0.5,0.5,1.0,0.75,0.75,0.0
2601,0.0,1.0,1.0,0.75,1.0,1.0,0.75,0.0,0.0,0.0,0.25,0.75,0.0,1.0,0.25,0.25,0.0,0.75,0.75,0.75,0.25,1.0,0.25,1.0,0.25,1.0,1.0,0.75,0.75,0.25,0.75,0.0,1.0,0.0,0.75,0.0,1.0,0.75,0.25,0.75,1.0,1.0,1.0,1.0,0.75,1.0,1.0,0.0,1.0,0.25,0.25,1.0,1.0,1.0,0.0,1.0,0.75,1.0,0.0,0.0,0.0,0.67,0.83,0.0,1.0,0.33,1.0,1.0,1.0,0.5,0.75,0.0,0.5,0.5,0.5
2602,1.0,0.0,0.25,1.0,0.0,0.0,0.25,0.0,1.0,1.0,0.0,0.0,1.0,0.25,0.0,1.0,1.0,0.0,1.0,1.0,0.0,1.0,1.0,1.0,0.0,0.0,0.0,0.0,1.0,1.0,0.0,1.0,0.0,1.0,1.0,1.0,0.25,0.0,1.0,0.0,0.0,0.0,0.0,0.0,1.0,1.0,0.0,1.0,0.0,1.0,0.0,0.0,0.75,0.0,0.0,0.0,1.0,0.0,0.25,1.0,0.0,1.0,0.0,0.5,1.0,0.33,0.0,0.0,0.5,0.0,0.25,1.0,0.5,0.5,0.0
2605,0.0,1.0,0.0,0.0,1.0,1.0,0.25,1.0,0.0,0.75,1.0,1.0,0.0,1.0,0.75,0.75,0.0,1.0,1.0,1.0,1.0,1.0,0.0,0.75,1.0,1.0,1.0,1.0,0.0,0.0,1.0,0.0,1.0,1.0,0.75,0.0,1.0,1.0,0.0,1.0,1.0,1.0,1.0,1.0,0.25,1.0,1.0,0.0,1.0,1.0,0.0,0.0,0.75,1.0,0.0,1.0,0.0,1.0,0.0,0.25,1.0,0.17,0.83,0.17,0.17,0.83,1.0,1.0,1.0,0.25,1.0,0.0,0.5,0.0,0.75
2609,1.0,0.25,0.75,1.0,0.25,0.0,0.0,0.0,0.75,0.75,0.25,0.75,0.75,0.75,0.0,0.75,0.25,0.0,1.0,1.0,0.0,1.0,1.0,1.0,0.0,0.0,0.0,0.0,1.0,1.0,0.0,1.0,0.0,1.0,0.75,1.0,0.25,0.0,0.75,0.25,0.0,0.25,0.0,0.0,1.0,0.75,0.25,1.0,0.75,0.75,1.0,0.75,0.75,0.25,0.25,0.75,1.0,0.0,0.0,0.25,0.83,0.83,0.5,0.0,1.0,0.67,0.5,0.5,0.5,0.5,0.5,0.5,0.5,0.75,0.5
2612,0.25,1.0,0.75,0.25,0.75,0.75,0.25,0.25,0.0,0.75,0.75,0.75,0.25,1.0,0.0,0.75,0.75,0.75,0.75,0.0,0.0,0.75,0.75,0.75,0.25,0.75,1.0,1.0,0.75,0.25,1.0,1.0,0.25,0.75,0.25,0.75,0.75,0.75,0.75,0.75,0.75,0.75,0.75,1.0,0.75,0.75,0.75,1.0,0.25,0.75,1.0,0.25,0.0,0.25,0.25,0.75,0.75,0.75,0.25,0.75,0.83,0.67,0.67,1.0,0.17,0.67,0.67,0.75,1.0,0.75,0.75,0.75,0.75,0.25,0.75
2620,0.25,1.0,1.0,1.0,1.0,1.0,0.75,0.75,0.25,0.25,1.0,0.75,0.75,1.0,0.25,0.75,0.0,0.75,0.0,0.25,0.25,1.0,0.25,1.0,0.0,1.0,0.25,1.0,0.75,0.75,0.75,0.25,0.25,0.25,1.0,0.25,1.0,0.75,0.25,0.75,0.75,0.75,0.75,1.0,0.75,0.75,1.0,0.25,1.0,0.75,0.25,0.25,0.75,0.25,0.25,0.75,0.25,0.75,0.0,0.25,0.67,0.33,0.83,0.17,0.67,0.67,0.83,0.5,0.5,0.5,0.75,0.25,0.5,0.5,0.5
2623,0.75,0.0,0.75,0.75,0.0,0.0,0.0,0.0,0.75,0.0,0.0,0.0,0.75,0.0,0.0,0.0,1.0,0.0,1.0,1.0,0.0,1.0,1.0,0.75,0.0,0.0,0.0,0.0,1.0,1.0,0.0,1.0,0.0,0.75,0.0,1.0,0.0,0.0,0.75,0.0,1.0,0.0,0.0,0.0,0.0,0.0,0.0,1.0,0.0,1.0,0.75,0.0,0.0,1.0,1.0,0.0,1.0,0.0,1.0,1.0,0.0,1.0,0.0,0.5,0.83,0.67,0.0,0.0,0.0,0.0,0.0,0.75,0.5,0.75,0.0
2630,0.75,0.75,0.0,1.0,1.0,0.25,0.0,0.0,0.75,0.25,1.0,0.75,0.0,1.0,1.0,1.0,0.0,1.0,1.0,1.0,0.75,1.0,0.25,1.0,0.25,0.75,0.0,1.0,1.0,1.0,1.0,0.0,1.0,0.25,1.0,0.0,1.0,1.0,0.25,0.75,1.0,1.0,0.75,0.75,1.0,1.0,1.0,0.0,1.0,1.0,0.0,1.0,1.0,1.0,0.0,1.0,1.0,0.75,0.0,0.0,0.0,1.0,0.67,0.0,1.0,0.5,0.83,0.5,0.5,0.25,0.75,0.0,0.5,0.5,0.5
2633,1.0,0.25,1.0,1.0,1.0,0.0,0.0,1.0,0.75,0.0,1.0,0.0,0.25,0.0,0.0,1.0,0.0,1.0,1.0,1.0,0.75,1.0,0.25,1.0,0.75,0.25,0.0,1.0,1.0,1.0,1.0,0.75,0.75,0.75,0.75,0.0,0.25,0.25,0.0,0.75,0.25,1.0,0.75,1.0,1.0,1.0,0.75,0.0,1.0,1.0,0.0,1.0,1.0,1.0,0.0,1.0,1.0,1.0,0.0,0.0,0.83,0.83,0.5,0.0,1.0,0.33,0.83,0.5,0.5,0.25,0.75,0.25,0.5,0.5,0.5
2640,0.25,1.0,1.0,1.0,1.0,0.75,0.75,0.75,0.25,0.0,1.0,0.25,0.25,1.0,0.75,0.75,0.0,0.75,0.25,0.0,0.75,0.75,0.0,0.25,1.0,1.0,0.75,1.0,0.25,0.75,0.75,0.25,0.25,0.25,0.75,0.0,0.75,0.75,0.25,0.75,0.75,0.75,0.75,1.0,0.75,0.75,1.0,0.0,0.75,0.25,0.75,0.75,0.75,0.75,0.0,0.75,0.25,1.0,0.0,0.0,0.33,0.33,0.67,0.0,0.33,0.33,0.67,0.5,0.5,0.5,0.75,0.5,0.5,0.5,0.75
2644,0.0,1.0,0.75,0.0,1.0,1.0,1.0,0.0,0.0,0.25,0.75,1.0,0.0,1.0,1.0,1.0,0.0,1.0,1.0,0.75,1.0,1.0,0.0,1.0,0.75,1.0,1.0,1.0,0.0,0.25,1.0,0.0,1.0,0.0,0.25,0.0,1.0,0.25,0.0,1.0,1.0,1.0,0.75,1.0,1.0,1.0,1.0,0.0,1.0,0.0,0.0,0.0,0.75,1.0,0.0,1.0,0.25,1.0,0.0,0.0,0.0,0.0,1.0,0.0,0.83,0.0,1.0,1.0,1.0,0.75,1.0,0.0,0.25,0.0,0.75
2650,0.0,1.0,1.0,0.0,1.0,1.0,0.75,1.0,0.0,0.0,0.0,0.75,0.0,1.0,1.0,1.0,0.0,1.0,1.0,1.0,1.0,1.0,0.0,1.0,1.0,1.0,1.0,1.0,0.0,0.0,1.0,0.0,1.0,0.0,0.0,0.0,1.0,1.0,0.0,1.0,1.0,1.0,1.0,1.0,0.0,1.0,1.0,0.0,1.0,0.0,0.0,1.0,1.0,1.0,0.0,1.0,0.0,1.0,0.0,0.0,0.0,0.0,1.0,0.0,0.0,0.0,1.0,1.0,1.0,0.5,1.0,0.0,0.5,0.25,1.0
2654,1.0,1.0,0.75,1.0,1.0,0.75,0.75,0.25,0.75,0.0,0.75,0.25,0.25,0.75,0.75,0.75,0.0,1.0,1.0,1.0,0.25,1.0,0.0,1.0,0.75,0.75,0.0,1.0,0.75,1.0,0.75,0.0,1.0,0.0,1.0,0.0,0.75,0.75,0.25,1.0,1.0,1.0,0.75,0.75,1.0,1.0,1.0,0.0,1.0,1.0,0.0,1.0,1.0,1.0,0.0,1.0,0.75,1.0,0.0,0.0,0.33,0.17,0.83,0.0,0.83,0.67,1.0,0.5,1.0,0.0,1.0,0.0,0.5,0.25,0.5
2656,1.0,0.0,0.25,1.0,0.0,0.0,0.0,0.0,1.0,0.0,0.75,0.0,0.75,0.75,0.25,0.75,0.75,0.0,1.0,1.0,0.0,0.75,1.0,1.0,0.0,0.25,0.0,0.25,0.75,1.0,0.25,0.25,0.0,0.0,0.25,0.0,0.75,0.0,0.0,0.75,1.0,0.75,0.0,0.0,1.0,0.25,0.75,0.25,0.0,0.25,0.75,1.0,1.0,1.0,0.0,0.75,1.0,0.75,0.0,0.0,0.0,0.83,0.17,0.5,0.83,0.5,0.67,0.25,0.75,0.25,0.5,0.5,0.5,0.5,0.25
2661,0.0,1.0,0.75,0.0,1.0,1.0,1.0,0.75,0.0,0.0,0.25,1.0,0.0,1.0,1.0,1.0,0.0,1.0,1.0,1.0,1.0,1.0,0.0,1.0,1.0,1.0,1.0,1.0,0.0,0.0,1.0,0.0,1.0,0.0,1.0,0.0,1.0,0.0,0.0,1.0,1.0,1.0,1.0,1.0,1.0,1.0,1.0,0.0,1.0,0.0,0.0,0.0,0.0,1.0,0.0,1.0,0.0,1.0,0.0,0.0,0.0,0.0,1.0,0.0,0.83,0.0,1.0,1.0,1.0,0.5,1.0,0.0,0.0,0.0,1.0
2664,0.75,0.75,0.75,1.0,1.0,0.75,0.0,0.25,0.75,0.25,0.75,0.25,0.25,0.75,0.75,1.0,0.0,0.75,1.0,1.0,0.75,1.0,0.25,0.75,0.75,0.75,0.25,0.75,0.75,1.0,1.0,0.25,0.75,0.75,0.75,0.25,0.75,0.75,0.25,0.75,0.75,0.75,0.75,1.0,1.0,1.0,0.75,0.25,0.25,0.75,0.0,1.0,0.25,1.0,0.0,1.0,1.0,1.0,0.0,0.25,0.67,0.83,0.67,0.0,0.83,0.33,0.67,0.5,0.75,0.25,0.75,0.25,0.5,0.5,0.75
2665,0.0,1.0,1.0,0.0,1.0,1.0,0.0,0.0,0.0,0.0,0.0,0.0,0.0,1.0,1.0,1.0,0.0,1.0,1.0,1.0,1.0,1.0,0.0,1.0,1.0,1.0,0.0,1.0,1.0,0.0,0.0,0.0,1.0,0.0,0.0,0.0,1.0,0.0,0.0,0.0,0.0,1.0,1.0,1.0,1.0,0.0,1.0,0.0,1.0,1.0,0.0,0.0,1.0,1.0,0.0,1.0,0.0,0.0,0.0,0.0,0.0,1.0,0.5,0.0,0.5,0.0,1.0,0.5,0.5,0.25,0.75,0.0,0.5,0.5,0.75
2668,0.75,1.0,1.0,0.75,1.0,1.0,0.25,1.0,0.0,0.25,0.75,1.0,0.25,1.0,1.0,1.0,0.0,1.0,0.75,0.75,1.0,1.0,0.0,0.25,1.0,1.0,0.75,1.0,0.0,0.75,1.0,0.0,1.0,0.0,0.75,0.0,0.75,0.25,0.25,1.0,1.0,1.0,1.0,1.0,0.75,0.75,1.0,0.0,1.0,0.75,0.0,0.25,0.25,1.0,0.0,1.0,0.25,1.0,0.0,0.0,0.33,0.33,0.83,0.17,0.67,0.17,0.83,0.75,0.75,0.25,0.75,0.25,0.5,0.25,0.5
2678,0.0,1.0,0.75,0.0,1.0,1.0,0.0,0.75,0.0,0.0,0.75,0.75,0.75,1.0,1.0,0.25,0.0,1.0,1.0,1.0,0.75,1.0,0.0,1.0,1.0,1.0,1.0,1.0,0.0,0.0,1.0,0.0,1.0,0.0,0.25,0.0,1.0,1.0,0.0,1.0,1.0,1.0,0.0,1.0,0.75,0.75,1.0,0.0,1.0,0.75,0.0,1.0,1.0,1.0,0.0,1.0,0.0,1.0,0.0,0.0,0.0,0.0,1.0,0.17,0.5,0.17,1.0,1.0,0.75,0.25,1.0,0.0,0.25,0.0,1.0
2682,0.0,1.0,0.75,0.0,1.0,1.0,0.25,0.0,0.0,0.0,1.0,1.0,0.0,1.0,1.0,1.0,0.0,1.0,1.0,0.0,1.0,1.0,0.0,0.75,1.0,1.0,1.0,1.0,0.0,0.0,1.0,0.0,1.0,0.0,0.0,0.0,1.0,0.75,0.0,1.0,1.0,1.0,1.0,1.0,0.25,1.0,1.0,0.0,1.0,0.0,0.0,0.25,0.75,1.0,0.0,0.75,0.0,1.0,0.0,0.0,0.0,0.17,1.0,0.5,0.5,0.0,0.83,1.0,1.0,0.25,0.75,0.0,0.0,0.0,1.0
2693,1.0,0.25,1.0,1.0,0.0,0.0,0.75,0.0,0.75,0.25,0.25,0.25,1.0,0.0,0.0,1.0,1.0,0.0,1.0,1.0,0.75,1.0,1.0,1.0,0.0,0.0,0.0,0.0,0.75,1.0,0.0,1.0,0.0,1.0,1.0,1.0,0.75,0.0,0.25,0.25,0.25,0.25,0.0,0.0,1.0,0.25,0.25,0.25,0.0,1.0,1.0,0.75,1.0,1.0,0.0,0.75,1.0,0.0,0.0,1.0,0.83,1.0,0.17,0.17,1.0,0.33,0.17,0.25,1.0,0.5,0.5,0.75,0.5,0.75,0.5
2695,0.0,1.0,1.0,0.0,1.0,1.0,0.75,1.0,0.0,0.0,0.75,0.75,0.25,1.0,1.0,1.0,0.0,1.0,1.0,1.0,1.0,1.0,0.0,1.0,1.0,1.0,1.0,1.0,0.25,0.0,1.0,0.0,1.0,0.0,0.0,0.0,1.0,1.0,0.0,1.0,1.0,1.0,1.0,1.0,1.0,1.0,1.0,0.0,1.0,0.25,0.0,0.25,1.0,1.0,0.0,0.75,0.0,1.0,0.0,0.0,0.17,0.0,1.0,0.0,0.83,0.17,1.0,1.0,1.0,0.5,1.0,0.0,0.25,0.0,0.75
2696,0.0,0.0,0.0,1.0,0.0,0.0,0.0,0.0,0.75,1.0,0.0,0.0,1.0,0.25,0.0,0.0,1.0,0.0,0.0,0.25,0.0,0.0,1.0,0.0,0.0,0.0,0.0,0.0,1.0,1.0,0.0,1.0,0.0,1.0,0.0,1.0,0.75,0.0,1.0,0.0,0.0,0.0,0.0,0.0,1.0,0.0,0.0,1.0,0.0,1.0,1.0,0.0,0.0,0.0,1.0,0.0,1.0,0.0,1.0,1.0,0.83,1.0,0.17,0.17,0.83,0.83,1.0,0.0,0.25,0.25,0.0,0.25,1.0,1.0,0.0
2707,0.0,0.0,0.75,0.75,0.0,0.0,0.0,0.0,0.75,1.0,1.0,0.0,0.25,0.0,0.0,0.75,1.0,0.0,0.0,0.75,0.0,0.0,1.0,0.0,0.25,0.0,0.0,0.75,0.75,1.0,0.0,1.0,0.0,0.75,0.75,1.0,0.25,0.0,1.0,0.0,0.25,0.0,0.25,0.0,0.75,0.25,0.25,1.0,0.0,1.0,1.0,0.0,0.0,0.75,1.0,0.0,0.75,0.0,0.75,0.75,0.33,0.83,0.0,0.33,0.67,0.67,0.33,0.0,0.25,0.5,0.5,0.5,0.5,0.75,0.0
2709,1.0,0.75,0.75,0.75,0.75,1.0,0.25,0.0,0.25,0.0,0.0,0.0,0.75,1.0,0.25,0.75,0.75,0.75,0.75,1.0,1.0,1.0,0.75,1.0,0.25,0.75,1.0,0.25,0.0,0.75,1.0,0.75,1.0,0.0,0.75,0.0,0.25,0.75,0.0,0.25,0.75,1.0,1.0,1.0,0.75,1.0,1.0,0.25,0.25,0.0,1.0,1.0,1.0,0.75,0.0,0.0,0.75,0.75,0.0,0.0,0.67,0.17,0.5,0.17,0.67,0.83,1.0,0.5,1.0,0.75,0.75,0.5,0.75,0.75,0.5
2710,1.0,0.0,0.25,0.75,0.0,0.75,0.0,1.0,0.25,0.25,0.75,0.0,0.25,1.0,0.25,0.25,0.0,0.0,0.0,0.25,0.0,0.75,0.0,1.0,0.75,0.25,0.0,1.0,0.25,0.25,0.75,0.25,0.0,0.25,0.75,0.0,0.25,1.0,1.0,0.75,0.0,0.0,1.0,1.0,0.75,1.0,0.75,1.0,0.0,0.0,0.25,0.25,0.75,0.0,0.0,0.75,0.25,1.0,0.0,0.0,0.83,0.67,1.0,0.33,0.33,0.17,0.83,0.5,0.75,0.5,0.5,0.5,0.5,0.5,0.5
2715,0.0,1.0,1.0,0.0,1.0,1.0,0.0,1.0,0.75,0.75,0.75,1.0,0.0,1.0,0.75,1.0,0.0,1.0,1.0,0.75,0.75,1.0,0.25,1.0,0.75,1.0,0.75,1.0,0.25,0.25,1.0,0.0,1.0,0.25,1.0,0.0,0.75,0.75,0.25,1.0,1.0,1.0,1.0,1.0,0.25,0.75,1.0,0.0,1.0,0.25,0.0,0.0,0.0,1.0,0.0,1.0,0.0,1.0,0.0,0.0,0.17,0.33,0.83,0.0,0.33,0.17,1.0,0.75,1.0,0.75,0.75,0.25,0.5,0.0,1.0
2731,1.0,0.0,0.0,1.0,0.0,0.0,0.0,0.0,0.75,1.0,0.0,0.0,1.0,0.0,0.0,0.0,1.0,0.0,1.0,0.0,0.0,0.25,1.0,1.0,0.0,0.0,0.0,0.0,1.0,1.0,0.0,1.0,0.0,1.0,0.0,1.0,0.25,0.0,1.0,0.0,0.0,0.25,0.0,0.0,1.0,0.0,0.0,1.0,0.0,1.0,1.0,0.0,0.0,0.0,1.0,0.0,1.0,0.0,1.0,1.0,0.17,1.0,0.0,0.83,0.83,0.83,0.0,0.0,0.5,0.5,0.25,0.75,0.5,0.75,0.0
2740,0.25,0.25,0.75,0.0,0.75,0.25,0.0,0.75,0.75,0.75,0.25,0.25,0.25,0.75,0.0,0.25,0.75,0.0,0.0,0.0,0.0,0.0,0.75,0.0,0.75,0.75,0.25,0.75,0.75,0.75,0.25,0.75,0.25,1.0,1.0,0.25,1.0,0.25,0.75,0.75,1.0,0.75,1.0,0.75,0.25,0.25,0.75,0.75,0.0,0.75,0.75,0.25,0.25,0.25,0.75,0.25,0.75,0.75,0.75,0.75,0.83,0.67,0.33,0.83,0.5,0.33,0.67,0.25,0.5,0.75,0.5,0.5,0.5,0.5,0.5
2744,0.75,0.75,0.75,0.25,0.75,0.75,0.75,0.25,0.0,0.75,0.75,0.75,0.25,0.75,0.25,0.0,0.75,0.0,0.0,0.0,0.0,0.0,0.75,0.25,0.25,0.25,0.25,0.75,0.75,0.75,0.25,0.75,0.0,0.75,0.25,0.75,0.75,0.25,0.75,0.25,0.25,0.25,0.75,0.25,0.25,0.25,0.25,1.0,0.0,0.75,0.75,0.25,0.75,1.0,0.75,0.25,0.75,0.75,0.75,0.25,0.33,0.5,0.33,0.5,0.5,0.5,0.5,0.25,0.75,0.5,0.75,0.5,0.5,0.5,0.5
2750,0.0,0.0,1.0,0.0,0.0,0.0,0.0,0.0,1.0,1.0,0.0,1.0,1.0,1.0,0.0,1.0,1.0,0.0,1.0,0.75,0.0,1.0,1.0,1.0,0.0,0.0,0.0,0.0,1.0,0.75,0.0,1.0,0.0,1.0,0.0,1.0,0.0,0.0,0.75,0.0,0.0,0.0,0.0,0.0,0.0,0.0,0.0,1.0,0.0,1.0,1.0,0.0,0.0,1.0,0.75,0.0,1.0,0.0,1.0,1.0,0.0,1.0,0.0,0.0,1.0,1.0,0.0,0.0,0.25,0.25,0.0,0.25,0.75,1.0,0.0
2753,0.25,0.75,0.25,0.75,1.0,1.0,0.25,0.75,0.25,0.25,0.25,0.25,0.25,0.75,0.75,0.75,0.25,0.75,1.0,0.75,0.25,1.0,0.75,0.25,0.75,0.25,0.75,1.0,0.75,0.25,0.75,0.75,1.0,0.25,0.75,0.25,0.75,0.75,0.25,0.75,1.0,1.0,1.0,1.0,0.75,1.0,0.25,0.75,0.25,0.75,0.25,0.0,0.25,1.0,0.25,0.75,0.25,1.0,0.75,1.0,0.83,0.67,0.67,0.33,0.33,0.33,0.83,0.75,0.75,0.5,0.5,0.25,0.25,0.25,0.5
2754,0.0,1.0,1.0,0.0,1.0,1.0,0.75,1.0,0.25,0.0,0.75,1.0,0.25,1.0,1.0,1.0,0.0,1.0,1.0,1.0,1.0,1.0,0.0,1.0,1.0,1.0,1.0,1.0,0.0,0.75,1.0,0.0,1.0,0.0,0.25,0.0,1.0,0.75,0.0,1.0,1.0,1.0,1.0,1.0,0.75,1.0,1.0,0.0,1.0,0.25,0.0,0.0,0.25,1.0,0.0,1.0,0.25,1.0,0.0,0.0,0.5,0.0,1.0,0.0,0.67,0.0,1.0,1.0,0.75,0.5,1.0,0.0,0.5,0.0,1.0
2755,0.75,0.75,1.0,1.0,0.75,0.75,0.25,0.25,0.25,0.25,0.0,0.75,0.75,1.0,0.75,1.0,0.0,0.0,0.75,0.25,0.75,1.0,1.0,1.0,0.0,0.75,0.75,0.25,0.75,1.0,0.75,1.0,0.25,0.75,1.0,0.75,0.75,0.25,0.25,0.0,0.75,0.0,0.0,0.25,1.0,0.75,1.0,0.0,1.0,0.0,1.0,0.75,1.0,0.75,0.0,1.0,1.0,1.0,0.0,0.0,0.83,0.67,0.67,0.5,0.83,0.17,0.5,0.5,1.0,0.5,0.5,0.5,0.75,0.75,0.75
2756,0.75,0.75,0.75,0.75,0.75,0.25,0.25,0.75,0.75,0.25,0.25,0.75,0.0,1.0,0.75,1.0,0.0,0.75,0.75,0.75,0.75,1.0,0.25,1.0,0.25,0.75,1.0,0.75,0.75,0.75,0.25,0.0,1.0,0.25,0.25,0.0,1.0,0.75,0.25,1.0,0.75,1.0,0.75,1.0,0.75,1.0,0.75,0.0,0.75,1.0,0.25,0.75,1.0,0.25,0.0,1.0,1.0,1.0,0.0,0.25,0.67,0.83,0.5,0.5,0.67,0.17,0.83,0.5,1.0,0.0,1.0,0.0,0.75,0.75,0.5
2759,1.0,0.25,1.0,1.0,0.0,0.0,0.75,0.25,0.75,0.0,0.25,0.75,0.0,0.0,0.0,1.0,0.25,0.75,1.0,1.0,0.75,1.0,1.0,0.25,0.0,0.0,0.0,0.25,1.0,0.75,0.0,1.0,0.75,0.75,0.75,1.0,0.75,0.0,0.0,0.75,1.0,0.75,1.0,0.25,1.0,0.25,0.75,0.25,0.0,1.0,1.0,0.25,0.75,0.0,0.0,0.25,1.0,0.0,0.0,0.0,0.17,1.0,0.0,0.0,0.83,0.5,0.17,0.0,0.75,0.0,0.5,0.5,0.75,0.75,0.25
2761,0.25,0.75,1.0,0.0,1.0,0.75,0.0,0.25,0.75,0.0,0.25,0.75,0.75,0.75,0.75,0.75,0.0,0.75,1.0,0.75,0.75,1.0,0.25,1.0,1.0,0.25,0.75,0.75,0.75,0.25,0.75,0.75,0.75,0.0,0.75,0.0,0.75,0.75,0.75,0.75,0.75,0.75,0.75,0.75,0.75,0.75,0.75,0.25,1.0,0.75,0.25,1.0,0.75,1.0,0.0,1.0,0.75,0.75,0.0,0.25,0.67,0.67,0.33,0.17,0.67,0.33,0.67,0.75,1.0,0.75,1.0,0.25,0.75,0.25,0.5
2762,0.25,0.0,0.0,0.75,0.0,0.0,0.25,0.0,1.0,1.0,0.0,0.75,0.75,0.25,0.0,0.75,1.0,0.0,0.0,0.75,0.0,1.0,1.0,1.0,0.0,0.75,0.0,0.75,0.75,1.0,0.25,1.0,0.0,1.0,0.75,1.0,1.0,0.0,1.0,0.0,0.25,0.0,0.25,0.0,0.75,0.25,0.25,1.0,0.0,1.0,1.0,0.25,0.0,0.0,0.75,0.75,0.75,0.25,0.75,1.0,1.0,1.0,0.17,1.0,0.67,0.67,0.0,0.25,0.5,0.75,0.75,0.75,0.5,0.75,0.25
2769,1.0,0.0,1.0,1.0,0.0,0.0,0.0,0.0,0.0,0.0,0.0,0.0,1.0,1.0,1.0,1.0,1.0,1.0,1.0,1.0,0.25,1.0,1.0,1.0,0.0,0.0,0.0,0.0,1.0,1.0,0.0,1.0,0.0,1.0,1.0,1.0,0.0,0.0,0.75,0.25,0.0,0.0,0.0,0.0,1.0,0.0,0.0,1.0,0.0,0.0,1.0,1.0,1.0,0.0,0.0,0.0,1.0,0.0,0.0,0.0,0.17,1.0,0.0,0.0,1.0,0.17,0.0,0.25,0.75,0.5,0.5,0.5,0.5,0.75,0.75
2776,0.75,0.25,1.0,1.0,0.75,0.25,0.0,0.0,0.25,0.0,0.25,0.0,0.75,0.75,0.0,0.75,0.0,0.0,0.75,0.0,0.0,0.75,0.25,0.0,0.25,0.25,0.0,1.0,0.25,1.0,0.25,0.75,1.0,0.75,0.75,0.25,1.0,0.0,0.75,0.75,0.25,0.25,0.75,1.0,1.0,1.0,0.75,0.0,0.25,0.0,1.0,1.0,1.0,0.75,0.0,0.25,0.75,0.75,0.0,0.0,0.83,0.67,0.5,0.0,0.67,0.5,0.83,0.5,0.5,0.25,0.5,0.5,0.5,0.75,0.5
2785,1.0,0.0,0.75,1.0,0.0,0.0,0.0,0.0,1.0,0.75,0.0,0.0,1.0,0.75,0.0,0.25,0.75,0.0,0.25,1.0,0.0,1.0,1.0,1.0,0.0,0.0,0.0,0.25,1.0,1.0,0.0,1.0,0.0,1.0,1.0,1.0,0.25,0.0,1.0,0.0,0.25,0.25,0.0,0.0,1.0,1.0,0.0,0.25,1.0,0.0,1.0,0.75,0.0,0.25,0.0,0.75,1.0,0.0,0.0,1.0,0.0,1.0,0.0,0.0,1.0,0.5,0.0,0.0,0.75,0.5,0.5,0.5,0.75,0.75,0.0
2786,1.0,0.75,0.25,1.0,0.75,0.75,0.0,1.0,0.75,0.0,1.0,0.75,0.25,1.0,1.0,1.0,0.0,1.0,1.0,1.0,1.0,1.0,0.25,1.0,0.25,0.75,0.0,0.75,1.0,1.0,0.25,0.0,1.0,0.0,0.75,0.0,0.25,0.75,0.0,1.0,1.0,1.0,1.0,1.0,1.0,1.0,1.0,0.0,1.0,1.0,0.0,1.0,1.0,1.0,0.0,1.0,1.0,1.0,0.0,0.0,0.67,0.33,0.83,0.0,0.83,0.17,0.83,0.5,0.75,0.25,0.75,0.25,0.5,0.0,0.75
2801,0.0,1.0,1.0,0.0,1.0,1.0,0.75,1.0,0.0,0.25,1.0,0.25,0.75,1.0,0.75,0.0,0.25,0.75,1.0,1.0,1.0,1.0,0.0,1.0,1.0,1.0,1.0,1.0,0.0,1.0,1.0,0.0,1.0,0.0,1.0,0.0,0.75,0.75,0.0,1.0,1.0,1.0,0.75,1.0,1.0,1.0,1.0,0.75,1.0,0.75,0.0,0.75,1.0,1.0,0.0,0.25,0.0,1.0,0.75,0.0,0.0,0.0,1.0,0.5,0.83,0.0,1.0,1.0,1.0,0.25,1.0,0.0,0.5,0.75,0.75
2814,1.0,0.0,1.0,1.0,0.0,0.0,0.0,0.0,1.0,1.0,0.0,0.0,0.0,0.0,0.0,0.0,1.0,0.0,0.0,0.0,0.0,0.0,1.0,1.0,0.0,0.0,0.0,0.0,0.0,1.0,0.0,1.0,0.0,1.0,1.0,1.0,1.0,0.0,0.0,0.0,0.25,0.0,0.0,0.0,1.0,0.0,0.75,1.0,0.0,1.0,1.0,0.0,0.0,1.0,1.0,0.25,1.0,0.0,1.0,1.0,1.0,1.0,0.0,1.0,0.83,1.0,0.0,0.0,1.0,0.25,0.5,1.0,1.0,1.0,0.0
2821,0.0,0.0,0.25,0.25,0.0,0.0,0.0,0.0,0.25,1.0,0.25,0.25,1.0,0.25,0.0,0.0,0.25,0.0,0.0,0.0,0.0,0.75,0.25,1.0,0.25,0.75,0.0,0.75,0.25,0.25,0.0,0.75,0.0,1.0,0.25,0.75,0.25,0.75,0.75,0.0,0.25,0.0,0.75,0.25,0.25,0.25,0.75,1.0,0.0,0.25,1.0,0.0,0.0,0.75,1.0,0.0,0.75,0.0,0.75,1.0,0.67,0.83,0.0,0.83,0.33,0.83,0.33,0.5,0.5,0.5,0.25,0.5,0.5,0.75,0.5
2831,0.25,1.0,1.0,0.0,1.0,0.75,0.25,1.0,0.0,0.25,0.75,0.75,0.75,0.75,0.25,0.25,0.0,0.25,0.25,0.0,0.25,0.75,0.0,0.0,1.0,1.0,0.75,1.0,0.0,0.75,1.0,0.25,0.75,0.0,0.75,0.0,0.25,1.0,0.25,1.0,1.0,0.75,1.0,1.0,0.25,0.25,1.0,0.25,0.25,0.25,0.0,0.25,0.25,1.0,0.0,0.25,0.0,1.0,0.0,0.0,0.67,0.0,1.0,0.67,0.33,0.17,1.0,1.0,0.75,0.75,1.0,0.25,0.75,0.0,1.0
2832,0.75,0.25,1.0,0.75,1.0,1.0,0.75,0.0,0.0,0.0,1.0,0.0,1.0,0.0,0.0,1.0,0.0,1.0,0.75,1.0,1.0,1.0,0.0,1.0,1.0,0.25,0.0,0.25,1.0,0.25,1.0,0.75,0.75,0.25,1.0,0.25,0.0,1.0,1.0,0.75,0.75,0.75,0.0,1.0,0.75,1.0,1.0,0.0,1.0,0.25,0.0,1.0,0.75,0.0,0.0,1.0,0.25,0.75,0.0,0.0,0.33,0.33,0.17,0.0,1.0,0.0,1.0,0.5,0.75,0.5,0.5,0.5,0.5,0.25,0.5
2833,1.0,1.0,1.0,1.0,1.0,0.0,0.0,0.0,0.25,0.0,0.25,1.0,0.25,1.0,0.0,0.25,0.0,0.0,1.0,1.0,0.75,1.0,0.0,0.25,0.25,0.0,0.0,0.75,1.0,0.75,1.0,0.75,0.25,0.75,1.0,0.0,1.0,0.25,0.25,0.75,0.75,1.0,0.75,1.0,1.0,0.75,0.75,0.0,0.25,0.0,1.0,0.0,0.0,0.75,0.0,0.25,0.75,0.75,0.0,0.75,0.67,0.5,0.5,0.17,1.0,0.17,0.83,0.75,0.75,0.5,0.75,0.5,0.5,0.75,0.5
2838,0.75,0.75,0.75,0.75,1.0,0.75,0.25,0.75,0.25,0.0,1.0,0.75,0.25,0.75,0.75,1.0,0.0,0.75,0.0,0.25,0.75,0.75,0.25,0.75,1.0,0.75,0.25,1.0,0.75,0.75,1.0,0.25,0.75,0.0,0.75,0.0,0.75,0.75,0.0,0.75,0.25,0.75,1.0,1.0,0.0,0.75,1.0,0.25,0.0,0.75,0.75,0.75,1.0,0.25,0.0,1.0,0.25,1.0,0.0,0.0,0.83,0.17,0.83,0.5,0.17,0.33,1.0,0.5,0.5,0.5,0.75,0.25,0.5,0.5,0.5
2839,0.0,0.75,0.75,0.0,0.0,0.25,0.75,0.0,0.25,1.0,0.25,0.0,0.75,0.25,0.0,0.0,0.75,0.0,0.25,1.0,0.0,0.75,0.75,0.75,0.0,0.25,0.0,0.25,0.75,0.75,0.0,1.0,0.0,1.0,0.0,0.75,0.75,0.25,0.25,0.25,0.0,0.75,0.75,1.0,0.75,0.25,0.75,1.0,0.0,0.25,1.0,0.25,0.0,0.0,1.0,0.0,0.75,0.25,0.75,0.75,1.0,0.67,0.17,0.5,0.67,0.67,0.17,0.25,0.75,0.75,0.25,1.0,1.0,0.75,0.25
2840,0.25,0.75,0.75,0.25,0.75,0.75,0.25,0.25,0.25,0.75,0.75,0.25,0.25,0.75,0.75,0.75,0.25,0.75,0.75,0.75,0.25,0.75,0.75,0.75,0.75,0.75,0.75,0.75,0.25,0.25,0.75,0.75,0.25,0.25,0.75,0.75,0.75,0.75,0.75,0.75,0.75,0.75,0.75,0.75,0.25,0.75,0.0,0.75,0.75,0.75,0.25,0.75,0.25,1.0,0.0,0.25,0.75,0.75,0.25,0.75,0.83,0.83,0.67,0.17,0.83,0.33,0.83,0.75,1.0,1.0,0.75,0.75,0.75,0.25,0.25
2843,0.75,0.75,0.75,0.25,1.0,0.25,0.25,0.25,0.75,0.0,0.75,0.75,0.25,1.0,1.0,1.0,0.0,1.0,0.75,1.0,0.75,1.0,0.0,1.0,0.75,0.75,0.75,0.75,0.75,1.0,1.0,0.25,1.0,0.75,0.75,0.0,0.75,0.75,0.0,0.75,0.75,1.0,1.0,0.75,1.0,1.0,0.75,0.0,1.0,0.75,0.0,1.0,0.75,0.75,0.0,1.0,1.0,1.0,0.0,0.0,0.33,0.83,0.67,0.17,1.0,0.17,0.83,0.5,1.0,0.25,1.0,0.25,0.25,0.0,0.75
2847,0.75,0.25,0.75,1.0,1.0,0.75,0.75,1.0,0.25,0.25,0.75,0.0,0.25,0.75,0.0,0.75,0.75,0.0,0.75,0.75,0.25,0.75,0.25,0.75,0.0,0.75,0.75,0.75,0.75,0.75,0.75,0.0,1.0,0.25,0.25,0.0,0.75,0.75,0.25,1.0,1.0,1.0,1.0,1.0,0.25,0.75,1.0,0.25,0.0,0.75,0.75,0.75,0.75,1.0,0.75,0.25,0.75,1.0,0.25,0.25,0.33,0.5,0.67,0.0,0.67,0.17,0.83,0.5,0.5,0.5,0.75,0.0,0.5,0.5,0.5
2867,1.0,0.25,1.0,0.25,0.0,0.0,0.25,0.0,1.0,0.75,0.25,0.0,1.0,0.75,0.25,1.0,0.75,1.0,0.75,1.0,0.0,1.0,1.0,1.0,0.0,0.0,0.0,0.25,1.0,1.0,0.25,1.0,0.0,0.75,1.0,1.0,1.0,0.75,1.0,0.25,1.0,0.0,0.0,0.0,1.0,0.25,0.0,1.0,0.0,0.25,0.25,1.0,1.0,1.0,0.0,0.75,0.75,0.0,0.0,0.75,0.17,1.0,0.0,0.17,1.0,0.17,0.17,0.0,0.5,0.5,0.5,1.0,0.5,0.5,0.0
2868,0.0,1.0,1.0,0.0,1.0,1.0,1.0,0.0,0.0,0.25,1.0,1.0,0.25,1.0,1.0,1.0,0.0,1.0,1.0,1.0,1.0,1.0,0.0,1.0,1.0,1.0,1.0,1.0,0.25,0.0,1.0,0.0,1.0,0.0,0.25,0.0,1.0,0.75,0.0,1.0,1.0,1.0,0.75,1.0,1.0,1.0,1.0,0.0,1.0,0.0,0.0,0.0,0.75,1.0,0.0,1.0,0.0,1.0,0.0,0.0,0.0,0.0,1.0,0.17,0.67,0.0,1.0,1.0,1.0,0.75,1.0,0.0,0.25,0.0,1.0
2869,0.0,1.0,0.25,0.0,1.0,1.0,0.0,1.0,0.0,0.0,0.75,0.75,0.0,1.0,1.0,1.0,0.25,1.0,1.0,1.0,1.0,1.0,0.25,1.0,1.0,0.25,1.0,0.75,0.75,0.25,1.0,0.25,1.0,0.25,0.75,0.0,1.0,0.75,0.25,1.0,1.0,1.0,1.0,1.0,0.75,0.75,1.0,1.0,1.0,1.0,0.0,0.25,0.0,0.25,0.0,1.0,0.25,1.0,0.0,0.0,0.17,0.5,1.0,0.0,0.0,0.0,1.0,1.0,1.0,0.75,1.0,0.0,0.5,0.0,1.0
2875,1.0,0.0,1.0,1.0,0.0,0.0,0.0,0.0,1.0,1.0,0.75,1.0,1.0,0.0,0.0,1.0,1.0,0.0,0.0,1.0,0.0,1.0,1.0,1.0,0.0,0.0,0.0,0.0,1.0,1.0,0.0,1.0,0.0,1.0,0.0,1.0,1.0,0.0,0.0,0.0,0.25,0.75,0.0,0.0,1.0,0.0,0.0,1.0,0.0,1.0,1.0,0.0,0.0,0.0,1.0,0.0,1.0,0.25,1.0,1.0,1.0,1.0,0.67,0.67,0.83,0.67,0.17,0.25,0.75,0.75,0.5,0.5,0.5,0.75,0.25
2879,1.0,0.25,0.25,0.25,0.25,0.25,0.0,0.25,0.75,1.0,0.75,0.25,0.25,0.75,0.0,0.0,1.0,0.0,0.0,0.0,0.0,0.75,0.75,0.75,0.25,0.25,0.0,0.25,0.75,0.25,0.25,0.75,0.0,1.0,0.75,1.0,0.75,0.75,0.75,0.25,0.25,0.25,0.0,0.25,0.75,0.75,0.25,1.0,0.25,0.25,1.0,0.25,0.0,1.0,0.25,0.25,0.75,0.0,0.25,0.75,0.33,0.83,0.0,0.17,0.83,1.0,0.0,0.0,0.75,1.0,0.25,0.75,0.75,1.0,0.25
2888,1.0,0.0,1.0,1.0,0.0,0.0,0.0,0.0,1.0,1.0,0.0,0.0,1.0,0.25,0.0,1.0,1.0,0.0,1.0,1.0,0.0,1.0,1.0,0.25,0.0,0.0,0.0,0.0,1.0,1.0,0.0,1.0,0.0,1.0,0.0,1.0,0.25,0.0,0.75,0.0,0.0,0.0,0.0,0.0,1.0,0.0,0.0,1.0,0.0,1.0,1.0,0.0,0.25,1.0,1.0,0.0,1.0,0.0,1.0,1.0,0.17,1.0,0.0,0.67,1.0,0.17,0.17,0.0,0.5,0.25,0.25,0.5,0.5,0.5,0.0
2890,0.0,1.0,0.75,0.0,1.0,1.0,1.0,0.0,0.0,0.25,0.75,1.0,0.0,1.0,1.0,1.0,0.0,1.0,1.0,0.75,1.0,1.0,0.0,1.0,1.0,1.0,1.0,1.0,0.0,0.0,1.0,0.0,1.0,0.0,0.25,0.0,1.0,0.25,0.0,1.0,1.0,1.0,1.0,1.0,1.0,1.0,1.0,0.0,1.0,0.0,0.0,0.0,0.75,1.0,0.0,0.75,0.0,1.0,0.0,0.0,0.0,0.0,1.0,0.0,0.67,0.0,1.0,1.0,1.0,1.0,1.0,0.75,0.25,0.0,0.75
2893,0.0,0.0,1.0,0.0,0.0,0.0,0.0,0.0,1.0,1.0,0.0,1.0,1.0,1.0,0.0,1.0,1.0,0.0,1.0,1.0,0.0,1.0,1.0,1.0,0.0,0.0,0.0,0.0,1.0,1.0,0.0,1.0,0.0,1.0,0.0,1.0,0.0,0.0,0.25,0.0,0.0,0.0,0.0,0.0,0.0,0.0,0.0,1.0,0.0,1.0,1.0,0.0,0.0,1.0,1.0,0.0,1.0,0.0,1.0,1.0,0.0,1.0,0.0,0.0,0.83,1.0,0.0,0.0,0.25,0.25,0.25,0.0,1.0,1.0,0.0
2894,1.0,1.0,1.0,0.0,1.0,1.0,0.0,0.75,0.0,0.25,0.0,1.0,0.0,1.0,1.0,1.0,1.0,1.0,1.0,0.0,1.0,1.0,0.0,1.0,1.0,1.0,1.0,1.0,1.0,0.75,1.0,0.0,1.0,0.0,0.0,0.0,1.0,1.0,0.0,1.0,1.0,1.0,0.75,1.0,0.0,0.0,1.0,0.0,1.0,1.0,0.0,0.0,0.0,1.0,0.0,1.0,0.0,1.0,0.0,0.0,0.33,0.17,0.83,0.17,0.33,0.0,1.0,1.0,1.0,0.5,0.75,0.0,0.5,0.0,0.75
2899,0.75,0.75,0.75,0.75,1.0,0.0,0.0,0.75,0.75,0.0,1.0,0.75,0.25,1.0,1.0,1.0,0.0,0.75,1.0,1.0,1.0,1.0,0.25,1.0,0.25,1.0,0.0,1.0,1.0,1.0,1.0,0.25,0.75,0.75,1.0,0.0,0.75,0.75,0.0,0.75,1.0,1.0,0.75,1.0,1.0,1.0,1.0,0.0,0.75,1.0,0.0,1.0,1.0,1.0,0.0,1.0,1.0,1.0,0.0,0.0,0.83,1.0,0.67,0.0,0.83,0.33,0.83,0.5,0.75,0.25,0.75,0.25,0.5,0.5,0.75
2907,0.0,1.0,1.0,0.0,1.0,1.0,0.25,0.25,0.0,0.25,1.0,0.25,0.25,1.0,0.75,0.75,0.0,0.75,0.25,0.25,1.0,1.0,1.0,1.0,0.75,0.75,1.0,1.0,1.0,0.75,1.0,1.0,1.0,0.75,0.25,0.25,0.75,0.75,0.0,1.0,1.0,1.0,1.0,1.0,0.25,0.75,1.0,1.0,0.75,1.0,0.0,0.75,1.0,0.0,0.0,1.0,0.75,1.0,0.0,0.0,0.83,0.67,0.67,0.0,0.83,0.5,0.83,0.75,1.0,1.0,0.5,0.5,0.75,0.25,0.5
2910,1.0,0.25,1.0,0.75,0.25,0.0,0.0,0.0,1.0,0.25,0.25,0.0,0.75,0.75,0.0,0.25,1.0,0.0,0.75,0.25,0.0,0.25,1.0,1.0,0.0,0.0,0.0,0.25,1.0,0.75,0.0,1.0,0.0,0.75,0.75,1.0,0.25,0.0,0.75,0.0,0.25,0.25,0.0,0.25,1.0,0.75,0.25,1.0,0.0,1.0,1.0,0.75,0.75,0.75,0.0,0.25,1.0,0.25,0.25,0.25,0.33,0.83,0.0,0.0,1.0,0.33,0.17,0.25,0.75,0.5,0.75,0.75,1.0,1.0,0.25
2931,0.0,1.0,1.0,0.0,1.0,0.0,0.0,1.0,0.0,0.0,0.0,1.0,0.0,1.0,1.0,1.0,0.0,1.0,0.0,1.0,1.0,1.0,0.25,0.0,0.0,1.0,1.0,1.0,1.0,0.0,1.0,0.0,1.0,0.25,1.0,0.0,1.0,1.0,0.0,1.0,1.0,1.0,1.0,1.0,0.0,1.0,1.0,1.0,1.0,1.0,0.0,0.0,0.0,1.0,0.0,1.0,0.75,1.0,0.0,1.0,0.83,0.67,1.0,0.0,0.17,1.0,1.0,1.0,1.0,1.0,0.75,0.0,1.0,0.25,1.0
2940,0.0,1.0,1.0,0.75,0.0,1.0,0.75,1.0,0.25,0.0,1.0,0.75,0.25,0.75,0.0,1.0,0.0,0.0,0.0,0.0,0.0,0.25,0.0,0.0,1.0,1.0,0.0,0.75,1.0,1.0,0.0,0.75,0.75,0.75,0.75,0.0,0.75,0.0,0.75,0.75,0.75,0.75,1.0,1.0,1.0,1.0,1.0,0.0,0.25,0.25,0.75,1.0,1.0,0.0,0.0,1.0,0.0,1.0,0.0,0.0,0.83,0.83,0.17,0.67,0.83,0.5,0.67,0.5,0.5,0.25,0.75,0.5,0.5,0.5,0.5
2941,0.75,0.75,1.0,1.0,0.25,0.75,1.0,0.75,0.0,0.0,1.0,1.0,1.0,1.0,0.0,1.0,0.0,0.0,0.25,0.75,0.0,0.75,0.0,0.0,0.0,1.0,0.0,1.0,0.25,1.0,1.0,1.0,0.75,1.0,1.0,0.0,1.0,0.75,1.0,0.25,1.0,0.75,1.0,1.0,0.75,1.0,1.0,0.0,0.0,0.0,0.75,1.0,1.0,0.75,0.0,1.0,1.0,0.25,0.0,0.0,0.83,0.5,0.0,0.0,0.33,0.33,0.67,0.5,0.75,0.5,0.5,0.5,0.5,0.5,0.5
2942,0.25,1.0,1.0,1.0,0.75,0.75,0.75,0.75,0.25,0.0,1.0,0.75,0.75,1.0,0.75,0.75,0.0,0.75,0.25,0.0,0.0,0.25,0.0,0.0,1.0,1.0,0.25,1.0,0.25,0.25,1.0,0.25,0.75,0.0,0.75,0.0,0.25,0.25,0.0,0.75,0.75,0.75,0.75,1.0,0.75,0.75,1.0,0.0,0.25,0.25,0.0,0.75,1.0,0.75,0.0,0.75,0.0,1.0,0.0,0.0,0.83,0.67,0.67,0.0,0.83,0.17,0.83,0.5,0.5,0.25,0.5,0.25,0.5,0.5,0.5
2943,0.25,1.0,1.0,0.75,1.0,0.75,0.25,0.25,0.25,0.25,0.25,0.75,0.25,1.0,0.25,0.75,0.25,0.75,0.75,0.25,0.75,1.0,0.25,0.25,0.75,0.75,0.25,0.75,0.25,0.75,0.75,0.25,0.25,0.25,0.75,0.0,0.75,0.25,0.75,0.75,0.25,0.75,0.75,0.75,0.75,0.75,0.75,0.25,0.75,0.25,0.25,0.75,0.75,0.25,0.0,1.0,0.25,1.0,0.0,0.0,0.83,0.5,0.83,0.5,0.83,0.17,0.83,0.75,0.5,0.5,0.75,0.5,0.5,0.5,0.5
2948,0.75,1.0,1.0,0.75,0.75,0.0,0.0,0.0,0.25,0.0,0.25,0.75,0.25,0.75,0.0,0.0,0.25,0.0,0.75,1.0,0.75,1.0,0.25,0.25,0.0,0.0,0.0,0.75,1.0,1.0,1.0,0.75,0.0,1.0,1.0,0.25,0.75,0.25,0.25,0.75,0.75,0.75,0.75,0.75,1.0,0.75,0.75,0.25,0.25,0.0,1.0,0.75,0.25,0.25,0.25,0.25,0.75,0.75,0.25,0.25,0.83,0.67,0.5,0.17,0.83,0.33,0.67,0.5,0.75,0.5,0.75,0.5,0.5,0.75,0.5
2956,1.0,0.0,1.0,1.0,0.0,0.0,0.0,0.0,1.0,1.0,0.0,0.0,1.0,0.0,0.0,0.0,1.0,0.0,1.0,1.0,0.0,1.0,1.0,1.0,0.0,0.0,0.0,0.0,1.0,1.0,0.0,1.0,0.0,1.0,0.0,1.0,0.0,0.0,0.0,0.0,1.0,0.0,0.0,0.0,1.0,0.0,0.0,1.0,0.0,1.0,1.0,0.0,0.0,1.0,1.0,0.0,1.0,0.0,1.0,1.0,0.0,1.0,0.0,0.67,0.5,0.17,0.17,0.0,0.0,0.0,0.0,0.25,0.25,0.25,0.0
2968,1.0,0.25,0.75,1.0,0.75,0.0,0.25,0.0,0.75,0.25,0.75,0.75,0.75,0.75,0.75,1.0,0.0,0.25,1.0,1.0,0.25,1.0,0.75,1.0,0.25,0.25,0.0,0.25,1.0,1.0,0.25,0.25,1.0,0.75,0.75,0.0,0.75,0.75,0.25,1.0,1.0,1.0,0.75,0.75,1.0,1.0,0.75,0.25,0.75,1.0,0.0,1.0,0.75,1.0,0.0,1.0,1.0,0.75,0.0,0.0,0.83,1.0,0.67,0.17,1.0,0.0,0.5,0.5,0.75,0.0,0.5,0.25,0.5,0.5,0.5
2975,0.0,1.0,0.75,0.0,1.0,1.0,0.75,0.0,0.0,0.25,0.75,1.0,0.0,1.0,1.0,1.0,0.0,1.0,1.0,0.75,1.0,1.0,0.0,1.0,1.0,1.0,1.0,1.0,0.0,0.0,1.0,0.0,1.0,0.25,0.25,0.0,1.0,0.0,0.25,1.0,1.0,1.0,1.0,1.0,1.0,1.0,1.0,0.0,1.0,0.0,0.0,0.0,0.75,1.0,0.0,0.75,0.0,1.0,0.0,0.0,0.0,0.0,1.0,0.0,0.83,0.0,1.0,1.0,1.0,0.75,1.0,0.25,0.25,0.0,1.0
2980,0.25,1.0,0.25,0.0,1.0,1.0,0.25,0.75,0.0,0.0,0.75,1.0,0.0,1.0,1.0,0.75,0.0,1.0,1.0,0.75,1.0,1.0,0.0,1.0,0.75,1.0,1.0,1.0,0.0,0.25,1.0,0.0,1.0,0.25,0.25,0.0,1.0,0.25,0.0,1.0,1.0,1.0,1.0,1.0,0.75,0.75,1.0,0.0,1.0,0.0,0.0,0.25,0.75,1.0,0.0,1.0,0.25,1.0,0.0,0.0,0.0,0.17,1.0,0.0,0.67,0.0,1.0,0.75,0.75,0.25,0.75,0.25,0.25,0.0,0.75
2986,0.0,1.0,1.0,0.0,1.0,1.0,0.0,0.75,0.0,0.25,1.0,1.0,0.25,1.0,1.0,1.0,0.0,1.0,1.0,0.75,1.0,0.75,0.0,1.0,1.0,1.0,1.0,1.0,0.0,0.75,1.0,0.0,1.0,0.25,0.25,0.0,1.0,0.75,0.25,1.0,0.75,1.0,1.0,1.0,0.0,0.75,1.0,0.0,1.0,0.75,0.0,0.25,0.75,1.0,0.0,1.0,0.75,1.0,0.0,0.0,0.17,0.0,1.0,0.0,0.33,0.17,0.83,1.0,1.0,0.25,0.75,0.0,0.5,0.0,1.0
2989,0.75,0.0,0.0,1.0,0.0,0.0,0.0,0.0,1.0,1.0,0.0,0.0,0.25,0.0,0.0,1.0,1.0,0.0,1.0,1.0,0.0,1.0,1.0,1.0,0.0,0.0,0.0,0.0,1.0,1.0,0.0,1.0,0.0,1.0,1.0,1.0,0.0,0.0,1.0,0.0,0.0,0.0,0.0,0.0,1.0,0.0,0.0,1.0,0.0,1.0,0.75,0.0,0.0,0.25,1.0,0.0,1.0,0.0,1.0,1.0,0.0,1.0,0.0,0.67,1.0,0.83,0.0,0.0,0.0,0.0,0.0,0.0,0.0,0.0,0.0
2997,0.0,1.0,1.0,0.0,1.0,1.0,0.25,0.75,0.0,0.25,0.75,1.0,0.0,1.0,1.0,1.0,0.0,1.0,1.0,1.0,1.0,1.0,0.0,0.75,1.0,1.0,1.0,1.0,0.0,0.25,1.0,0.0,1.0,0.0,0.0,0.0,1.0,1.0,0.0,1.0,1.0,1.0,1.0,1.0,0.25,1.0,1.0,0.0,1.0,0.0,0.0,0.0,0.25,1.0,0.0,1.0,0.0,1.0,0.0,0.0,0.0,0.0,1.0,0.0,0.83,0.0,1.0,1.0,1.0,0.5,1.0,0.0,0.0,0.0,1.0
3005,0.75,1.0,1.0,0.25,1.0,1.0,0.0,1.0,0.75,1.0,0.75,0.75,1.0,1.0,0.25,1.0,0.0,0.0,1.0,0.75,0.0,0.75,0.25,0.25,1.0,1.0,0.0,1.0,0.75,1.0,1.0,1.0,0.0,1.0,0.75,0.75,0.75,0.0,0.75,0.0,0.0,0.75,0.0,1.0,0.75,0.75,1.0,0.25,0.0,0.75,0.75,1.0,1.0,1.0,0.0,0.75,0.0,0.75,0.0,0.0,0.67,0.83,0.17,1.0,0.33,0.0,0.33,0.25,0.5,0.75,0.75,0.75,0.5,0.75,0.75
3008,0.0,1.0,0.0,0.0,1.0,1.0,0.75,0.25,0.0,0.0,1.0,1.0,0.0,1.0,1.0,1.0,0.0,1.0,1.0,1.0,1.0,1.0,0.0,1.0,1.0,1.0,1.0,1.0,0.0,0.0,1.0,0.0,1.0,0.0,1.0,0.0,1.0,0.0,0.0,1.0,1.0,1.0,1.0,1.0,1.0,1.0,1.0,0.0,1.0,0.0,0.0,0.0,0.75,1.0,0.0,1.0,0.0,1.0,0.0,0.0,0.0,0.0,1.0,0.0,1.0,0.0,1.0,1.0,1.0,0.5,1.0,0.0,0.5,0.0,1.0
3009,0.0,1.0,1.0,0.0,1.0,1.0,1.0,0.0,0.0,0.0,1.0,1.0,0.0,1.0,1.0,1.0,0.0,1.0,1.0,1.0,1.0,1.0,0.0,1.0,1.0,1.0,1.0,1.0,0.0,0.0,1.0,0.0,1.0,0.0,0.0,0.0,1.0,0.25,0.0,1.0,1.0,1.0,1.0,1.0,1.0,1.0,1.0,0.0,1.0,0.0,0.0,0.0,1.0,1.0,0.0,1.0,0.0,1.0,0.0,0.0,0.0,0.0,1.0,0.0,0.67,0.0,1.0,1.0,1.0,1.0,1.0,0.0,0.0,0.0,0.75
3011,0.25,0.0,0.0,1.0,0.0,0.0,0.0,0.0,0.75,1.0,0.0,0.0,0.75,0.25,0.0,0.0,1.0,0.0,0.0,0.0,0.0,0.0,1.0,1.0,0.0,0.0,0.0,0.0,1.0,1.0,0.0,1.0,0.0,1.0,0.75,1.0,0.75,0.0,1.0,0.0,0.0,0.0,0.0,0.75,1.0,0.0,0.0,1.0,0.0,1.0,1.0,0.0,0.0,0.0,0.75,0.0,1.0,0.0,0.75,1.0,0.83,1.0,0.0,0.83,1.0,1.0,0.0,0.25,0.5,0.5,0.5,1.0,1.0,1.0,0.0
3013,0.0,0.0,1.0,0.0,0.75,0.0,0.0,0.0,0.25,1.0,0.0,0.25,1.0,0.0,0.25,0.25,1.0,0.0,1.0,0.25,0.75,0.0,1.0,1.0,0.0,0.25,0.0,0.75,1.0,1.0,0.0,1.0,0.0,1.0,0.0,1.0,0.25,0.0,0.25,0.0,0.75,0.0,0.0,0.0,1.0,0.0,0.0,1.0,0.0,1.0,0.0,0.0,0.25,1.0,0.25,0.0,1.0,0.25,1.0,1.0,0.0,1.0,0.0,0.83,0.17,0.17,0.0,0.0,0.75,0.25,0.25,1.0,0.0,0.0,0.0
3016,0.25,0.0,0.25,0.25,0.0,0.0,0.0,0.0,0.75,1.0,0.0,0.0,0.0,0.0,0.75,0.75,0.75,0.25,1.0,0.25,0.0,0.0,1.0,0.75,0.0,0.0,0.0,0.0,1.0,1.0,0.0,1.0,0.0,1.0,0.75,1.0,0.0,0.0,0.75,0.0,0.25,0.0,0.0,0.0,0.75,0.0,0.0,1.0,0.0,1.0,0.0,0.0,1.0,1.0,1.0,0.0,1.0,0.0,1.0,0.75,0.0,1.0,0.0,1.0,0.83,0.5,0.0,0.0,0.0,0.0,0.0,0.0,0.0,0.0,0.0
3020,1.0,0.25,1.0,0.75,0.0,0.0,0.25,0.25,1.0,1.0,0.75,1.0,1.0,0.25,0.0,0.75,0.75,0.0,0.0,0.75,0.0,0.25,0.75,1.0,0.0,0.75,0.0,0.25,0.75,1.0,0.0,1.0,0.0,1.0,0.0,1.0,0.25,0.25,0.25,0.0,0.0,0.0,0.25,0.0,1.0,0.75,0.75,1.0,0.0,1.0,1.0,0.0,0.0,0.25,1.0,0.0,0.75,0.75,1.0,1.0,0.83,1.0,0.17,0.83,0.67,0.83,0.17,0.25,0.5,0.75,0.25,1.0,0.75,0.75,0.25
3025,0.0,0.0,0.0,1.0,0.0,0.0,0.0,0.0,1.0,1.0,0.0,0.0,1.0,0.0,0.0,0.75,1.0,0.0,0.25,1.0,0.0,0.75,1.0,0.75,0.0,0.0,0.0,0.0,1.0,1.0,0.0,1.0,0.0,1.0,0.0,1.0,1.0,0.0,1.0,0.0,0.0,0.0,0.0,0.0,0.75,0.0,0.0,1.0,0.0,1.0,1.0,0.0,0.0,0.25,1.0,0.0,0.75,0.0,1.0,1.0,0.5,1.0,0.0,0.5,0.83,0.5,0.17,0.5,0.75,0.5,0.25,0.75,0.75,0.75,0.0
3029,0.75,0.75,1.0,0.75,1.0,0.75,0.75,0.75,0.0,1.0,0.25,0.75,0.25,1.0,0.75,0.75,0.25,1.0,1.0,1.0,1.0,1.0,0.25,1.0,1.0,0.25,1.0,0.75,0.75,0.25,1.0,0.0,0.75,0.25,0.75,0.0,0.75,0.75,0.0,0.75,1.0,1.0,0.75,0.75,0.75,0.75,0.75,0.25,1.0,0.25,0.25,0.75,1.0,0.75,0.0,1.0,0.25,1.0,0.0,0.0,0.0,0.33,0.83,0.0,0.67,0.17,0.67,0.75,1.0,0.25,0.75,0.0,0.25,0.25,0.5
3035,0.75,0.75,0.75,0.0,0.25,0.75,0.0,0.25,0.25,1.0,0.25,0.25,1.0,0.25,0.0,0.25,0.75,0.0,0.0,0.0,0.0,0.0,0.25,0.0,0.25,0.0,0.75,0.75,0.75,0.75,1.0,1.0,0.0,0.75,0.75,1.0,1.0,0.75,0.75,0.0,0.25,0.25,0.25,0.25,0.75,0.75,0.75,1.0,0.0,0.75,1.0,0.0,0.0,1.0,0.75,0.25,1.0,0.75,0.75,1.0,0.17,0.83,0.17,0.5,0.83,0.67,0.33,0.5,0.5,0.75,0.5,0.5,0.5,0.75,0.75
3037,0.25,0.75,1.0,0.25,0.0,1.0,0.25,1.0,0.25,1.0,0.0,0.25,0.25,1.0,0.0,0.0,0.0,0.0,0.25,0.0,0.25,1.0,0.25,0.0,0.0,1.0,1.0,1.0,0.0,0.25,1.0,0.0,0.75,0.75,0.75,0.0,1.0,0.75,1.0,0.75,0.75,0.25,1.0,1.0,0.0,0.75,1.0,1.0,0.0,0.75,0.75,0.25,0.25,0.0,0.75,0.75,0.0,1.0,0.75,0.25,0.83,0.0,0.83,0.67,0.5,0.5,1.0,0.5,0.5,0.5,0.75,0.25,0.5,0.5,0.5
3039,1.0,0.0,0.25,1.0,0.0,0.0,0.0,0.0,1.0,1.0,0.0,0.75,0.75,0.0,0.0,0.0,1.0,0.0,1.0,0.75,0.0,0.0,1.0,1.0,0.0,0.0,0.0,0.25,0.25,0.75,0.0,0.75,0.0,1.0,0.0,1.0,0.25,0.0,0.0,0.25,0.0,0.25,0.0,0.0,0.0,0.0,0.0,1.0,0.0,1.0,1.0,0.0,0.0,0.75,1.0,0.0,0.75,0.0,1.0,1.0,0.83,0.83,0.17,0.33,0.67,0.83,0.33,0.0,0.0,0.5,0.5,0.5,0.5,0.75,0.0
3041,0.0,0.75,1.0,0.0,0.0,1.0,0.0,1.0,0.25,0.0,1.0,0.0,1.0,1.0,0.0,0.25,0.0,0.0,0.0,0.0,0.0,1.0,1.0,1.0,0.0,1.0,1.0,1.0,0.0,0.25,1.0,0.75,0.0,1.0,1.0,0.0,1.0,1.0,1.0,0.0,1.0,1.0,0.25,1.0,0.25,1.0,0.0,0.0,0.0,1.0,1.0,1.0,0.0,0.0,0.0,0.75,0.75,1.0,0.0,0.25,0.67,0.17,0.17,0.5,0.83,0.17,0.83,0.75,0.75,0.75,0.75,0.25,0.75,0.5,0.5
3049,0.0,1.0,0.75,0.0,1.0,1.0,0.75,0.75,0.0,0.25,1.0,1.0,0.0,1.0,1.0,1.0,0.0,1.0,1.0,0.0,1.0,1.0,0.0,1.0,1.0,1.0,1.0,1.0,0.0,0.0,1.0,0.0,1.0,0.0,0.0,0.0,1.0,0.75,0.0,0.75,1.0,1.0,1.0,1.0,0.25,1.0,1.0,0.0,1.0,0.0,0.0,0.25,0.75,1.0,0.0,0.75,0.0,1.0,0.0,0.0,0.5,0.5,1.0,0.33,0.33,0.17,0.33,1.0,1.0,0.25,0.75,0.0,0.0,0.0,1.0
3052,0.75,0.25,0.75,0.75,0.75,0.75,0.25,0.25,0.25,0.25,0.25,0.25,0.25,0.25,0.25,0.75,0.25,0.25,0.75,0.25,0.25,0.75,0.25,0.75,0.25,0.25,0.25,0.75,0.75,0.75,0.75,0.75,0.75,0.75,0.25,0.25,0.75,0.75,0.75,0.75,0.75,0.75,0.75,0.75,0.75,0.75,0.75,0.25,0.25,0.75,0.75,0.75,0.75,0.25,0.25,0.75,0.75,0.75,0.25,0.25,0.67,0.67,0.67,0.5,0.67,0.67,0.67,0.5,0.75,0.25,0.75,0.75,0.75,0.5,0.5
3053,1.0,0.75,1.0,0.25,0.75,0.25,0.0,0.25,0.0,0.25,0.25,0.75,1.0,0.75,0.25,0.75,0.25,0.75,0.25,0.0,0.25,0.25,0.0,0.75,1.0,0.25,0.25,1.0,0.0,0.25,0.25,0.75,0.25,0.75,0.75,0.0,0.75,0.75,0.75,0.25,0.25,1.0,0.25,0.75,1.0,1.0,0.75,0.0,1.0,0.75,0.25,0.25,0.0,0.75,0.25,0.75,0.0,1.0,0.0,0.25,0.83,0.67,0.83,0.33,0.83,0.33,0.67,0.75,0.75,0.25,0.75,0.25,0.25,0.75,0.75
3054,0.0,0.0,0.0,1.0,0.0,0.0,0.0,0.0,0.25,1.0,0.0,0.25,1.0,0.75,0.0,0.25,1.0,0.0,0.25,0.0,0.0,0.0,0.0,0.25,0.0,0.0,0.0,0.0,1.0,1.0,0.25,0.75,0.0,1.0,0.0,1.0,0.75,0.0,0.75,0.75,0.75,0.25,0.0,0.25,1.0,0.25,0.25,1.0,0.0,1.0,1.0,0.0,0.0,0.0,0.75,0.0,0.75,0.0,0.75,0.75,0.83,1.0,0.0,0.83,0.83,0.83,0.17,0.25,0.75,0.5,0.5,0.5,0.75,1.0,0.25
3059,0.0,1.0,0.25,0.0,1.0,1.0,1.0,0.25,0.0,0.25,1.0,0.75,0.0,1.0,1.0,0.25,0.0,1.0,1.0,0.75,1.0,1.0,0.0,1.0,1.0,1.0,1.0,1.0,0.0,0.0,1.0,0.0,1.0,0.0,0.75,0.0,1.0,0.25,0.0,0.75,1.0,1.0,0.75,1.0,1.0,1.0,1.0,0.0,1.0,0.0,0.0,0.0,1.0,1.0,0.0,1.0,0.25,1.0,0.0,0.0,0.0,0.0,1.0,0.0,0.67,0.17,0.67,1.0,0.75,0.25,1.0,0.25,0.25,0.0,1.0
3063,0.0,1.0,0.75,0.0,1.0,1.0,0.75,0.75,0.0,0.25,0.25,0.75,0.25,1.0,1.0,0.75,0.0,1.0,1.0,0.75,1.0,1.0,0.0,0.75,1.0,0.75,1.0,1.0,0.25,0.25,1.0,0.25,1.0,0.0,0.75,0.0,1.0,1.0,0.25,0.75,0.75,0.75,0.75,1.0,0.75,0.75,1.0,0.0,1.0,0.25,0.0,0.25,0.25,1.0,0.0,1.0,0.25,0.75,0.0,0.0,0.0,0.17,1.0,0.0,0.67,0.0,1.0,0.75,1.0,0.25,0.75,0.25,0.5,0.0,0.75
3064,0.0,1.0,0.75,0.0,1.0,1.0,0.25,0.25,0.0,0.25,0.75,1.0,0.0,1.0,1.0,1.0,0.0,1.0,1.0,1.0,1.0,1.0,0.0,1.0,1.0,1.0,1.0,1.0,0.0,0.0,1.0,0.0,1.0,0.0,0.25,0.0,1.0,0.75,0.0,1.0,1.0,1.0,1.0,1.0,0.75,1.0,1.0,0.0,1.0,0.0,0.0,0.25,0.75,1.0,0.0,1.0,0.0,1.0,0.0,0.0,0.0,0.0,1.0,0.0,0.67,0.0,1.0,1.0,1.0,0.75,1.0,0.0,0.25,0.0,1.0
3077,0.75,1.0,1.0,1.0,0.25,0.75,0.75,0.75,0.25,0.0,1.0,0.75,0.75,1.0,0.25,0.75,0.0,0.75,0.25,0.0,0.25,0.25,0.0,0.0,1.0,0.75,0.25,1.0,0.25,0.75,0.75,0.25,0.75,0.75,0.75,0.0,0.75,0.25,0.25,0.75,1.0,1.0,1.0,1.0,0.75,0.75,1.0,0.0,0.0,0.25,0.75,0.75,1.0,0.25,0.0,0.75,0.0,1.0,0.0,0.0,0.83,0.67,0.67,0.83,0.33,0.17,0.33,0.75,0.75,0.5,1.0,0.5,0.75,0.75,0.75
3080,0.0,1.0,1.0,0.0,1.0,1.0,0.0,0.25,0.0,0.0,0.0,1.0,0.0,1.0,1.0,0.75,0.0,1.0,1.0,0.75,1.0,1.0,0.0,1.0,1.0,1.0,1.0,1.0,0.0,0.0,1.0,0.0,1.0,0.0,0.75,0.0,1.0,0.75,0.0,1.0,1.0,1.0,1.0,1.0,1.0,1.0,1.0,0.0,1.0,0.0,0.0,0.25,0.75,1.0,0.0,1.0,0.0,1.0,0.0,0.0,0.0,0.0,1.0,0.0,0.67,0.0,1.0,0.75,0.75,0.5,0.75,0.25,0.5,0.25,0.5
3084,0.75,1.0,0.75,0.0,1.0,1.0,0.25,0.75,0.25,0.0,0.75,0.75,0.25,1.0,1.0,0.75,0.0,1.0,0.75,0.75,1.0,1.0,0.0,0.25,0.75,0.75,1.0,1.0,0.75,0.25,1.0,0.0,1.0,0.0,1.0,0.0,0.25,0.75,0.0,0.75,1.0,1.0,1.0,0.75,1.0,0.75,0.75,0.25,1.0,0.25,0.0,0.75,0.75,1.0,0.0,0.75,0.75,1.0,0.0,0.0,0.83,0.17,0.67,0.17,0.33,0.0,1.0,0.75,0.75,0.25,0.75,0.0,0.5,0.25,1.0
3086,0.0,1.0,1.0,0.0,1.0,1.0,0.25,0.75,0.0,0.25,0.75,1.0,0.0,1.0,1.0,1.0,0.0,1.0,1.0,1.0,1.0,1.0,0.0,1.0,1.0,1.0,1.0,1.0,0.0,0.0,1.0,0.0,1.0,0.0,0.0,0.0,1.0,1.0,0.0,1.0,1.0,1.0,1.0,1.0,0.25,1.0,1.0,0.0,1.0,0.75,0.0,0.25,0.25,1.0,0.0,1.0,0.0,1.0,0.0,0.0,0.0,0.0,1.0,0.17,0.33,0.0,1.0,1.0,1.0,0.25,1.0,0.0,0.25,0.0,1.0
3089,1.0,0.0,0.75,1.0,0.0,0.0,0.0,0.0,1.0,1.0,0.0,0.25,1.0,0.75,0.0,0.25,0.75,0.0,1.0,1.0,0.0,1.0,1.0,1.0,0.0,0.0,0.0,0.25,1.0,1.0,0.0,1.0,0.0,1.0,1.0,1.0,0.75,0.0,1.0,0.0,0.25,0.25,0.0,0.75,1.0,1.0,0.0,0.75,0.0,0.0,1.0,1.0,1.0,0.75,0.0,1.0,1.0,0.0,0.0,0.0,0.0,1.0,0.0,0.0,1.0,0.67,0.0,0.25,0.75,0.25,0.5,0.5,0.5,0.75,0.25
3090,0.75,1.0,1.0,0.25,1.0,1.0,0.0,1.0,0.0,0.25,0.75,0.75,0.75,1.0,0.25,0.75,0.0,0.0,0.0,0.0,0.25,0.75,0.0,0.0,1.0,1.0,0.75,0.75,0.0,0.75,1.0,0.25,0.25,0.0,1.0,0.25,0.75,0.75,0.25,0.0,0.75,0.75,0.75,1.0,0.75,0.75,1.0,0.0,0.0,0.25,0.25,0.25,1.0,0.75,0.0,0.75,0.75,1.0,0.0,0.25,0.67,0.5,1.0,0.83,0.83,0.0,0.5,0.5,0.5,0.75,0.5,0.5,0.75,0.75,1.0
3094,0.25,1.0,1.0,0.25,0.75,0.75,0.75,1.0,0.25,0.0,0.25,0.75,0.75,1.0,0.75,0.75,0.75,0.25,0.75,1.0,0.25,1.0,0.75,0.25,0.75,0.25,0.75,0.75,0.75,0.75,1.0,0.75,0.25,1.0,0.25,0.0,0.75,0.25,0.25,0.75,1.0,1.0,1.0,1.0,1.0,0.75,0.75,0.75,0.25,0.75,1.0,0.75,0.75,0.25,0.75,0.75,0.25,0.75,0.0,0.25,1.0,0.67,0.33,0.0,0.33,0.33,0.83,0.5,0.75,0.25,0.5,0.5,0.75,0.75,0.5
3095,0.25,1.0,1.0,0.0,1.0,1.0,1.0,1.0,0.0,0.0,0.75,1.0,0.0,1.0,1.0,0.75,0.0,1.0,1.0,0.75,1.0,1.0,0.0,1.0,1.0,0.75,1.0,1.0,0.0,0.25,1.0,0.0,1.0,0.25,0.75,0.0,1.0,0.75,0.75,1.0,1.0,1.0,0.75,1.0,0.25,1.0,1.0,0.0,1.0,0.25,0.0,0.75,0.25,1.0,0.0,1.0,0.25,1.0,0.0,0.0,0.0,0.0,1.0,0.0,0.5,0.17,1.0,1.0,1.0,0.5,1.0,0.0,0.5,0.0,1.0
3106,0.75,0.75,1.0,1.0,1.0,1.0,0.0,0.0,0.25,0.0,0.25,0.25,0.25,0.75,0.25,0.25,0.0,0.25,0.0,1.0,0.75,1.0,0.25,1.0,0.75,0.75,1.0,1.0,0.25,1.0,1.0,0.25,0.75,0.75,0.75,0.0,0.75,0.25,0.25,0.75,0.25,0.25,0.75,1.0,1.0,0.75,1.0,0.0,0.75,0.25,0.25,1.0,1.0,0.75,0.0,0.75,0.75,0.75,0.0,0.0,0.83,0.5,0.5,0.0,1.0,0.67,0.67,0.5,0.75,0.5,0.5,0.5,0.5,0.5,0.5
3113,0.0,1.0,1.0,0.0,1.0,1.0,1.0,0.75,0.0,0.25,0.75,1.0,0.25,1.0,1.0,1.0,0.0,1.0,1.0,1.0,1.0,1.0,0.0,0.75,1.0,0.75,1.0,1.0,0.0,0.25,1.0,0.25,1.0,0.25,0.75,0.0,1.0,0.75,0.25,1.0,1.0,1.0,1.0,1.0,0.75,0.75,1.0,0.0,1.0,0.75,0.0,0.25,0.75,0.75,0.0,1.0,0.75,1.0,0.0,0.0,0.17,0.0,1.0,0.0,0.17,0.0,1.0,1.0,1.0,0.5,1.0,0.0,0.5,0.25,1.0
3115,1.0,0.0,1.0,0.75,0.0,0.0,0.0,0.25,0.0,0.0,0.0,0.0,0.75,0.0,0.0,0.0,0.75,0.0,0.75,1.0,0.0,0.75,1.0,1.0,0.0,0.0,0.0,0.25,1.0,0.75,0.0,1.0,0.0,0.75,0.25,1.0,0.75,0.0,0.75,0.75,0.75,0.25,0.75,0.75,0.0,0.25,0.0,1.0,0.0,1.0,0.75,0.0,0.0,0.75,1.0,0.0,0.75,0.25,0.75,0.75,0.17,0.83,0.17,0.33,0.17,1.0,0.83,0.0,0.5,0.5,0.5,1.0,0.5,0.75,0.0
3118,0.0,0.75,0.75,0.0,0.75,0.75,0.0,0.75,0.25,1.0,0.75,0.25,0.75,0.75,0.0,0.0,1.0,0.0,0.25,0.0,0.0,0.0,0.25,0.25,0.75,0.75,0.75,1.0,0.25,0.0,1.0,0.25,0.25,0.75,0.75,0.0,1.0,0.75,0.75,0.75,1.0,0.75,0.75,1.0,0.0,0.25,0.0,1.0,0.0,1.0,1.0,0.0,0.0,1.0,0.75,0.0,0.0,1.0,1.0,1.0,0.17,0.33,0.83,0.83,0.17,0.5,0.83,0.75,0.5,0.5,0.75,0.0,0.75,0.75,0.25
3124,0.0,1.0,1.0,0.0,1.0,1.0,0.25,0.25,0.0,0.0,0.25,0.75,0.25,1.0,0.75,1.0,0.0,1.0,1.0,0.0,0.25,1.0,0.0,0.75,1.0,0.75,1.0,1.0,0.0,0.25,1.0,0.0,1.0,0.0,0.0,0.0,1.0,0.25,0.25,1.0,1.0,1.0,1.0,1.0,0.75,0.75,1.0,0.0,0.75,0.25,1.0,1.0,0.75,0.75,0.0,0.75,0.75,1.0,0.0,0.0,0.67,0.5,1.0,0.17,0.5,0.33,1.0,1.0,0.75,0.5,0.75,0.25,0.5,0.5,1.0
3126,0.0,0.0,1.0,0.0,0.0,0.0,0.0,0.0,1.0,1.0,0.0,1.0,1.0,1.0,0.0,1.0,1.0,0.0,0.25,0.25,0.0,0.0,1.0,1.0,0.0,0.0,0.0,0.0,1.0,1.0,0.0,1.0,0.0,1.0,0.0,1.0,0.0,0.0,0.25,0.0,0.75,0.0,0.0,0.25,0.0,0.0,0.0,1.0,0.0,1.0,1.0,0.0,0.0,1.0,1.0,0.0,0.75,0.0,1.0,1.0,0.0,1.0,0.0,0.67,0.67,1.0,0.17,0.0,0.5,0.25,0.25,0.5,0.75,1.0,0.0
3128,0.75,0.0,0.75,1.0,0.0,0.0,0.0,0.0,0.75,1.0,0.0,0.0,1.0,0.0,0.0,0.25,1.0,0.0,0.75,0.25,0.0,0.25,1.0,0.75,0.0,0.0,0.0,0.0,0.75,1.0,0.0,1.0,0.0,1.0,0.25,1.0,0.75,0.0,1.0,0.0,0.0,0.0,0.0,0.0,1.0,0.25,0.0,1.0,0.0,0.75,1.0,0.0,0.0,0.75,1.0,0.0,0.25,0.0,0.0,1.0,0.0,1.0,0.0,0.67,0.67,0.83,0.0,0.25,0.5,0.5,0.25,0.75,0.75,1.0,0.25
3131,0.0,0.75,0.75,0.75,1.0,1.0,0.25,1.0,0.25,0.25,0.25,1.0,0.25,0.75,0.0,0.75,0.25,0.0,0.75,1.0,0.75,1.0,0.0,1.0,1.0,0.75,1.0,1.0,1.0,1.0,1.0,0.75,0.0,0.75,1.0,0.0,1.0,1.0,0.0,1.0,1.0,1.0,1.0,1.0,0.0,0.25,1.0,1.0,0.75,1.0,0.25,0.75,0.25,1.0,1.0,0.25,0.0,1.0,1.0,0.0,0.83,0.17,1.0,0.83,0.17,0.17,1.0,1.0,0.5,0.25,0.5,0.25,1.0,0.25,0.25
3133,1.0,0.0,0.0,1.0,0.0,0.0,0.0,0.0,0.75,1.0,0.0,0.0,1.0,0.75,0.0,0.0,1.0,0.0,0.0,0.0,0.0,0.0,1.0,0.0,0.0,0.0,0.0,0.0,0.25,1.0,0.0,1.0,0.0,1.0,0.0,1.0,1.0,0.0,1.0,0.0,0.25,0.25,0.0,0.75,0.75,0.0,0.0,1.0,0.0,1.0,1.0,0.0,0.0,0.0,1.0,0.0,0.75,0.0,1.0,1.0,0.83,0.83,0.17,1.0,0.33,0.67,0.17,0.25,0.5,0.5,0.5,0.5,0.75,1.0,0.0
3134,0.75,0.75,1.0,0.75,0.75,0.25,0.25,0.0,0.25,0.0,0.25,0.25,0.0,0.25,0.0,0.75,0.25,0.75,1.0,1.0,0.25,1.0,0.25,1.0,0.25,0.75,0.25,0.75,1.0,1.0,1.0,0.25,1.0,1.0,0.75,0.0,1.0,1.0,0.75,0.75,1.0,0.25,0.75,0.75,0.75,0.75,0.75,0.75,0.75,0.25,0.0,1.0,1.0,0.25,0.0,1.0,0.25,1.0,0.0,0.0,1.0,0.83,0.17,0.0,1.0,0.67,0.5,0.5,0.75,0.5,0.75,0.5,0.5,0.25,0.5
3139,0.25,0.25,1.0,1.0,0.75,0.25,0.0,0.0,0.25,0.0,0.25,0.25,0.75,0.75,0.0,0.75,0.0,0.0,0.75,0.0,0.0,1.0,0.25,0.0,0.0,0.0,0.0,0.0,0.25,0.75,0.75,0.75,0.0,1.0,0.75,0.25,1.0,0.0,0.75,0.75,0.0,0.25,0.75,1.0,1.0,1.0,0.75,0.25,0.0,0.25,0.75,1.0,1.0,0.75,0.0,0.25,0.75,0.75,0.0,0.0,0.83,0.67,0.33,0.0,0.67,0.67,0.67,0.5,0.5,0.5,0.5,0.5,0.5,0.75,0.5
3151,0.75,0.75,0.25,0.75,1.0,0.25,0.0,0.75,0.75,0.25,0.75,0.75,0.75,1.0,1.0,1.0,0.0,0.75,1.0,0.75,0.75,1.0,0.25,1.0,0.75,0.75,0.0,0.75,0.75,1.0,1.0,0.0,0.75,0.75,1.0,0.0,1.0,0.75,0.0,0.75,1.0,1.0,0.75,0.75,1.0,1.0,0.75,0.25,1.0,1.0,0.0,1.0,0.75,1.0,0.0,1.0,1.0,1.0,0.0,0.0,0.33,0.83,0.83,0.0,0.67,0.0,0.83,0.5,0.75,0.25,0.75,0.25,0.5,0.5,0.75
3158,0.75,0.25,1.0,1.0,0.25,0.25,0.0,0.0,0.75,0.0,0.75,0.25,0.25,0.25,0.25,0.75,0.0,0.25,1.0,0.75,0.0,0.75,0.75,0.25,0.75,0.75,0.0,1.0,0.25,1.0,0.25,0.75,1.0,0.75,0.75,0.75,0.75,0.0,0.75,0.75,0.25,0.25,0.75,0.75,1.0,0.75,1.0,0.75,0.0,0.0,1.0,1.0,1.0,0.75,0.0,0.75,1.0,0.75,0.0,0.0,0.67,0.83,0.17,0.33,0.83,0.17,0.5,0.5,0.75,0.25,0.5,0.5,0.25,0.75,0.5
3161,0.0,1.0,0.0,0.0,1.0,1.0,0.75,0.75,0.0,0.0,0.75,1.0,0.0,1.0,1.0,0.75,0.0,1.0,1.0,0.75,0.75,1.0,0.0,0.75,1.0,1.0,1.0,1.0,0.0,0.75,1.0,0.0,1.0,0.0,0.75,0.0,1.0,0.75,0.0,1.0,1.0,1.0,1.0,1.0,1.0,1.0,1.0,0.0,1.0,0.0,0.0,0.25,0.75,1.0,0.0,1.0,0.25,1.0,0.0,0.0,0.0,0.33,1.0,0.0,1.0,0.0,0.83,1.0,1.0,0.5,1.0,0.25,0.5,0.5,0.75
3188,0.0,1.0,0.25,0.0,1.0,1.0,0.75,0.25,0.0,0.0,0.75,0.75,0.75,1.0,1.0,0.75,0.0,1.0,1.0,1.0,1.0,1.0,0.0,1.0,1.0,1.0,1.0,1.0,0.0,0.25,1.0,0.0,1.0,0.25,0.75,0.0,1.0,0.25,0.25,1.0,1.0,1.0,1.0,1.0,1.0,0.75,1.0,0.0,1.0,0.0,0.0,0.25,0.75,1.0,0.0,1.0,0.25,1.0,0.0,0.0,0.17,0.17,1.0,0.0,0.83,0.0,1.0,0.75,0.75,0.5,0.75,0.25,0.5,0.25,0.75
3189,1.0,0.0,1.0,1.0,0.0,0.0,0.0,0.0,1.0,1.0,0.0,0.0,0.0,1.0,1.0,1.0,1.0,1.0,1.0,1.0,1.0,1.0,1.0,1.0,0.0,0.0,0.0,0.0,1.0,1.0,0.0,1.0,0.0,1.0,0.0,1.0,0.0,0.0,1.0,0.0,0.0,0.0,0.0,0.0,1.0,0.0,0.0,1.0,0.0,1.0,1.0,1.0,0.0,1.0,0.0,0.0,1.0,0.0,0.0,0.0,0.0,1.0,0.0,0.0,1.0,0.5,0.33,0.0,0.75,0.0,0.75,0.5,0.75,0.75,0.0
3200,0.0,1.0,0.25,0.0,1.0,1.0,0.75,0.75,0.0,0.0,1.0,1.0,0.0,1.0,1.0,1.0,0.0,1.0,1.0,0.75,1.0,1.0,0.0,1.0,1.0,1.0,1.0,1.0,0.0,0.25,1.0,0.0,1.0,0.0,0.75,0.0,1.0,0.25,0.0,1.0,1.0,1.0,1.0,1.0,1.0,0.75,1.0,0.0,1.0,0.0,0.0,0.25,0.75,1.0,0.0,1.0,0.25,1.0,0.0,0.0,0.0,0.0,1.0,0.0,0.67,0.0,1.0,1.0,1.0,0.5,1.0,0.0,0.5,0.0,1.0
3204,0.0,0.75,1.0,1.0,1.0,0.25,0.0,0.0,0.0,0.0,0.25,0.75,0.0,0.75,0.0,0.25,0.0,0.0,1.0,0.25,0.25,1.0,0.25,0.0,0.25,0.25,0.0,0.25,0.25,0.75,0.75,0.75,0.25,0.75,0.75,0.0,1.0,0.25,0.75,0.25,0.0,0.25,0.75,0.0,1.0,0.75,0.75,0.0,1.0,0.0,0.0,1.0,1.0,1.0,0.0,1.0,0.25,0.75,0.0,0.0,0.83,0.5,0.5,0.5,0.83,0.5,0.67,0.75,0.75,0.5,0.5,0.5,0.5,0.25,0.5
3205,0.0,1.0,1.0,0.0,0.75,1.0,1.0,0.0,0.0,0.25,1.0,1.0,0.0,1.0,0.0,0.0,1.0,1.0,1.0,1.0,0.0,1.0,1.0,0.0,0.0,0.0,1.0,1.0,1.0,1.0,0.0,1.0,0.0,0.0,1.0,0.0,1.0,0.0,0.0,1.0,1.0,1.0,0.0,1.0,1.0,1.0,0.0,1.0,1.0,1.0,0.0,0.0,0.0,1.0,0.75,0.0,0.0,0.25,1.0,1.0,0.67,0.17,0.67,0.83,0.83,0.0,0.5,0.25,1.0,1.0,1.0,1.0,1.0,0.75,0.5
3214,0.0,1.0,1.0,0.0,1.0,1.0,0.75,0.25,0.0,0.0,0.75,1.0,0.0,1.0,1.0,0.25,0.0,1.0,1.0,0.25,1.0,1.0,0.0,1.0,1.0,1.0,1.0,1.0,0.0,0.25,1.0,0.0,0.75,0.0,0.75,0.0,1.0,0.75,0.0,1.0,1.0,1.0,0.75,1.0,0.75,0.75,1.0,0.0,1.0,0.0,0.0,0.25,0.75,1.0,0.0,1.0,0.25,1.0,0.0,0.0,0.0,0.17,1.0,0.17,0.67,0.0,1.0,1.0,0.5,0.5,1.0,0.0,0.5,0.25,1.0
3228,1.0,0.25,0.25,0.25,0.75,0.75,1.0,0.75,0.25,0.75,0.75,1.0,0.0,0.75,0.25,0.75,0.25,1.0,0.75,0.25,0.75,0.75,0.25,1.0,0.75,0.75,0.75,0.75,0.25,1.0,1.0,0.0,1.0,0.75,1.0,0.0,0.75,1.0,1.0,1.0,1.0,0.75,1.0,1.0,0.25,0.75,1.0,0.25,0.75,0.25,0.75,0.75,0.25,0.75,0.25,0.75,0.0,1.0,0.0,0.25,0.83,0.5,0.83,0.17,0.83,0.0,1.0,0.5,0.75,0.5,1.0,0.0,0.5,0.5,0.75
3235,1.0,0.0,1.0,0.75,0.0,0.0,0.0,0.0,1.0,1.0,0.0,0.25,0.75,0.0,0.0,0.0,1.0,0.0,0.0,0.25,0.0,0.0,1.0,1.0,0.0,0.25,0.0,1.0,1.0,1.0,0.0,0.75,0.0,1.0,0.0,1.0,0.25,0.0,0.75,0.75,0.75,0.25,0.25,0.25,0.0,0.0,0.0,1.0,0.0,1.0,1.0,0.0,0.0,1.0,1.0,0.0,0.0,0.75,1.0,1.0,0.0,0.17,0.0,1.0,0.0,0.83,0.83,0.25,0.5,0.5,0.25,0.5,0.75,1.0,0.5
3244,1.0,0.25,0.75,1.0,0.25,0.0,0.0,0.0,0.75,0.75,0.0,0.25,0.75,1.0,0.75,0.25,0.75,0.75,1.0,0.75,0.0,1.0,1.0,1.0,0.0,0.0,0.0,0.75,1.0,1.0,0.25,1.0,0.0,1.0,1.0,0.75,0.75,0.0,1.0,0.0,0.25,0.25,0.0,0.75,1.0,1.0,0.0,0.75,0.0,0.0,0.75,1.0,1.0,0.75,0.0,1.0,1.0,0.0,0.0,0.0,0.0,1.0,0.0,0.0,1.0,0.67,0.0,0.25,0.75,0.25,0.75,0.5,0.5,0.5,0.5
3245,0.0,1.0,0.75,0.0,1.0,1.0,1.0,0.25,0.0,0.0,1.0,1.0,0.0,1.0,1.0,1.0,0.0,1.0,1.0,1.0,1.0,1.0,0.0,1.0,1.0,1.0,1.0,1.0,0.0,0.0,1.0,0.0,0.75,0.0,0.75,1.0,1.0,0.0,0.0,0.75,0.75,0.75,0.75,1.0,1.0,1.0,1.0,0.0,1.0,0.75,0.0,1.0,1.0,1.0,0.0,1.0,0.75,1.0,0.0,0.0,0.0,0.0,1.0,0.0,0.5,0.0,1.0,1.0,1.0,1.0,1.0,0.25,0.25,0.0,1.0
3248,1.0,0.25,1.0,0.0,0.25,0.75,0.0,1.0,0.75,0.25,0.75,0.75,0.25,1.0,0.75,0.75,0.0,0.75,1.0,0.75,0.75,1.0,0.25,1.0,0.25,0.75,0.0,0.75,0.75,1.0,1.0,0.25,1.0,0.75,0.75,0.0,0.75,0.75,0.0,0.75,1.0,1.0,1.0,1.0,1.0,1.0,0.75,0.0,1.0,1.0,0.0,1.0,1.0,0.75,0.25,1.0,1.0,1.0,0.0,0.0,0.33,0.83,0.5,0.0,0.83,0.17,1.0,0.5,0.75,0.25,0.75,0.25,0.5,0.5,0.75
3249,0.75,0.75,0.25,0.25,1.0,0.75,0.75,0.25,0.0,0.0,1.0,0.75,0.25,1.0,1.0,1.0,0.0,0.75,1.0,1.0,1.0,1.0,0.25,1.0,0.75,0.0,0.75,0.75,0.75,0.25,1.0,0.0,1.0,0.25,1.0,0.0,1.0,0.25,0.0,1.0,1.0,0.75,0.75,1.0,1.0,1.0,1.0,0.0,0.75,0.25,1.0,1.0,1.0,0.75,0.0,1.0,0.25,1.0,0.0,0.0,0.67,0.83,0.67,0.17,1.0,0.17,0.67,0.75,0.75,0.25,1.0,0.0,0.5,0.75,0.75
3255,0.25,1.0,0.75,0.0,1.0,0.75,0.75,0.75,0.25,0.25,0.75,0.75,0.0,1.0,1.0,1.0,0.0,1.0,1.0,1.0,1.0,1.0,0.25,0.75,0.75,0.75,1.0,0.75,0.25,0.75,1.0,0.25,0.75,0.0,0.75,0.0,0.75,0.75,0.25,0.75,1.0,0.75,0.75,0.75,1.0,0.75,1.0,0.25,1.0,0.75,0.0,0.25,0.25,1.0,0.0,1.0,0.25,1.0,0.0,0.0,0.0,0.33,0.83,0.0,0.83,0.0,0.83,0.75,1.0,0.25,0.75,0.25,0.25,0.0,0.75
3260,1.0,0.0,1.0,1.0,0.0,0.0,0.0,0.0,1.0,1.0,0.0,0.0,1.0,0.0,0.0,0.0,1.0,0.0,1.0,0.75,0.0,1.0,1.0,1.0,0.0,0.0,0.0,0.0,1.0,1.0,0.0,1.0,0.0,1.0,0.0,1.0,0.75,0.0,0.0,0.0,0.0,0.0,0.0,0.0,1.0,0.0,0.0,1.0,0.0,1.0,1.0,0.0,0.0,0.0,1.0,0.0,1.0,0.0,1.0,1.0,0.67,1.0,0.0,0.0,1.0,1.0,0.0,0.0,0.5,0.5,0.25,1.0,1.0,1.0,0.0
3262,0.0,0.0,1.0,0.0,0.0,0.0,0.0,0.0,1.0,1.0,0.0,1.0,1.0,1.0,0.0,1.0,1.0,0.0,1.0,1.0,0.0,1.0,1.0,1.0,0.0,0.0,0.0,0.0,1.0,1.0,0.0,1.0,0.0,1.0,0.0,1.0,0.0,0.0,0.75,0.0,0.0,0.0,0.0,0.0,0.0,0.0,0.0,1.0,0.0,1.0,1.0,0.0,0.0,1.0,1.0,0.0,1.0,0.0,1.0,1.0,0.0,1.0,0.0,0.5,0.5,0.67,0.0,0.0,0.25,0.25,0.25,0.25,0.75,1.0,0.0
3263,0.25,0.75,1.0,0.25,0.75,0.75,0.75,1.0,0.25,0.25,0.75,0.75,0.75,1.0,0.75,0.25,0.25,0.25,0.0,0.0,0.25,0.75,0.0,0.25,0.75,0.75,0.75,1.0,0.0,0.75,0.75,0.75,1.0,0.0,0.75,0.25,0.75,0.75,0.25,0.25,0.75,0.75,1.0,0.75,0.75,0.75,1.0,0.25,0.25,0.25,0.0,0.75,0.75,1.0,0.0,0.75,0.75,1.0,0.0,0.0,0.83,0.67,0.83,0.5,0.67,0.5,0.83,0.75,0.75,0.5,1.0,0.5,0.5,0.25,0.75
3266,0.25,0.25,1.0,1.0,0.75,0.25,0.0,0.25,0.25,0.0,0.25,0.25,0.25,0.75,0.0,0.75,0.25,0.0,0.75,0.25,0.25,1.0,0.25,0.25,1.0,0.25,0.0,0.75,0.25,1.0,0.25,0.75,0.25,0.75,0.75,0.25,0.75,0.0,0.75,0.25,0.0,0.75,0.75,1.0,0.75,1.0,0.75,0.0,0.25,0.0,0.75,1.0,1.0,0.25,0.0,0.25,0.25,0.75,0.0,0.0,0.83,0.67,0.5,0.0,0.67,0.5,0.83,0.5,0.5,0.5,0.5,0.5,0.5,0.75,0.5
3273,0.0,1.0,0.75,0.0,1.0,1.0,0.25,0.25,0.0,0.0,0.75,1.0,0.0,1.0,1.0,0.75,0.0,1.0,1.0,0.75,1.0,1.0,0.0,1.0,0.75,1.0,1.0,1.0,0.0,0.25,1.0,0.0,1.0,0.25,0.75,0.0,1.0,0.25,0.25,1.0,1.0,1.0,1.0,1.0,1.0,0.75,1.0,0.0,1.0,0.0,0.25,0.75,0.75,1.0,0.0,1.0,0.25,1.0,0.0,0.0,0.17,0.17,1.0,0.0,0.67,0.17,0.83,1.0,1.0,0.5,1.0,0.25,0.5,0.25,1.0
3285,1.0,0.75,1.0,0.75,0.75,0.75,0.75,0.75,0.25,0.0,1.0,0.75,0.75,0.75,0.75,0.75,0.0,0.75,0.75,1.0,0.25,0.75,0.25,1.0,0.0,0.75,0.75,1.0,0.0,0.75,0.25,0.75,0.0,0.75,0.75,0.0,1.0,0.75,0.25,0.75,0.75,0.75,0.25,1.0,1.0,0.75,0.75,0.0,0.25,0.25,1.0,0.75,0.75,0.75,0.0,0.75,0.75,0.75,0.0,0.25,0.5,0.67,0.67,0.0,0.67,0.17,0.5,0.75,0.75,0.25,0.75,0.5,0.75,0.75,0.5
3293,0.75,0.75,0.0,1.0,1.0,0.25,0.0,0.75,0.75,0.25,0.75,0.75,0.25,0.75,1.0,1.0,0.0,0.75,1.0,0.75,0.25,1.0,0.25,1.0,0.25,0.75,0.0,0.75,1.0,1.0,0.25,0.25,0.75,0.75,0.75,0.0,0.75,1.0,0.25,0.75,1.0,1.0,0.75,0.75,1.0,1.0,0.75,0.0,1.0,1.0,0.0,1.0,1.0,1.0,0.0,1.0,1.0,1.0,0.0,0.0,0.33,0.83,0.67,0.0,0.83,0.17,0.67,0.5,0.5,0.25,0.5,0.25,0.5,0.5,0.75
3295,0.0,1.0,1.0,0.0,1.0,1.0,0.75,0.75,0.0,0.25,0.25,1.0,0.25,1.0,1.0,1.0,0.0,1.0,1.0,1.0,1.0,1.0,0.0,1.0,1.0,1.0,1.0,1.0,0.0,0.25,1.0,0.0,1.0,0.0,0.25,0.0,0.75,1.0,0.0,1.0,1.0,1.0,1.0,1.0,0.75,1.0,1.0,0.0,1.0,0.75,0.0,0.25,0.75,1.0,0.0,1.0,0.0,1.0,0.0,0.0,0.17,0.17,1.0,0.0,0.83,0.0,1.0,1.0,1.0,0.5,0.75,0.0,0.25,0.0,1.0
3300,0.0,1.0,0.75,0.0,1.0,1.0,1.0,0.0,0.0,0.0,1.0,1.0,0.0,1.0,1.0,1.0,0.0,1.0,1.0,1.0,1.0,1.0,0.0,1.0,1.0,1.0,1.0,1.0,0.0,0.0,1.0,0.0,1.0,0.0,0.25,0.0,1.0,0.0,0.0,1.0,1.0,1.0,1.0,1.0,1.0,1.0,1.0,0.0,1.0,0.0,0.0,0.0,0.75,1.0,0.0,0.75,0.0,1.0,0.0,0.0,0.0,0.0,1.0,0.0,0.67,0.0,1.0,1.0,1.0,1.0,1.0,0.0,0.0,0.0,0.75
3301,0.0,1.0,0.75,0.0,1.0,1.0,0.75,0.25,0.0,0.0,1.0,1.0,0.0,1.0,1.0,1.0,0.0,1.0,1.0,0.0,1.0,1.0,0.0,1.0,1.0,0.75,1.0,1.0,0.0,0.75,1.0,0.0,1.0,0.0,0.75,0.25,1.0,0.25,0.0,1.0,1.0,1.0,0.25,1.0,1.0,1.0,1.0,0.0,1.0,0.0,0.0,0.25,0.75,1.0,0.0,1.0,0.25,1.0,0.0,0.0,0.0,0.17,1.0,0.0,0.67,0.0,1.0,1.0,0.75,0.5,0.75,0.25,0.5,0.25,0.75
3308,0.75,0.75,1.0,0.25,0.75,0.25,0.0,0.75,1.0,1.0,0.25,0.75,0.75,0.25,0.0,0.0,1.0,0.0,0.0,0.0,0.0,0.0,0.75,0.0,0.75,0.75,0.25,1.0,0.75,0.75,0.25,0.75,0.25,0.75,0.75,0.75,1.0,1.0,0.75,0.75,0.75,0.75,0.75,0.75,0.25,0.25,0.75,1.0,0.0,0.75,0.75,0.25,0.75,1.0,0.75,0.25,0.75,0.75,0.75,0.25,0.83,0.67,0.17,0.83,0.67,0.33,0.67,0.25,0.5,0.5,0.5,0.5,0.5,0.5,0.75
3309,0.0,1.0,1.0,0.0,0.0,1.0,1.0,1.0,0.0,0.0,0.0,0.0,1.0,1.0,0.0,1.0,1.0,0.0,0.0,1.0,0.0,0.0,1.0,0.0,1.0,1.0,0.0,1.0,1.0,1.0,0.0,1.0,0.0,1.0,1.0,1.0,1.0,0.0,1.0,1.0,1.0,0.0,0.0,1.0,1.0,1.0,1.0,1.0,0.0,1.0,1.0,1.0,0.0,0.0,1.0,1.0,1.0,0.0,1.0,1.0,0.33,0.33,0.67,0.67,0.5,1.0,1.0,0.75,0.75,0.0,0.75,0.75,1.0,0.5,0.0
3310,0.0,1.0,1.0,0.0,1.0,1.0,0.25,0.75,0.25,0.25,0.75,0.75,0.75,1.0,1.0,0.25,0.25,1.0,1.0,1.0,1.0,1.0,0.0,0.75,1.0,1.0,1.0,1.0,0.75,0.25,0.75,0.0,1.0,0.25,0.25,0.0,0.75,0.75,0.0,1.0,1.0,1.0,0.75,1.0,0.75,0.75,1.0,0.0,0.75,0.25,0.0,0.75,1.0,1.0,0.0,1.0,0.25,1.0,0.0,0.0,0.83,0.17,0.83,0.17,0.67,0.33,0.83,0.75,0.75,0.5,1.0,0.0,0.5,0.25,1.0
3312,0.0,1.0,0.75,0.0,1.0,1.0,0.75,0.25,0.0,0.25,0.75,1.0,0.25,1.0,1.0,1.0,0.0,1.0,1.0,1.0,1.0,1.0,0.0,1.0,1.0,0.75,1.0,1.0,0.0,0.0,1.0,0.0,1.0,0.0,0.0,0.0,1.0,0.25,0.0,1.0,1.0,1.0,1.0,1.0,1.0,1.0,0.75,0.0,1.0,0.25,0.0,0.0,0.0,1.0,0.0,0.75,0.0,1.0,0.0,0.0,0.0,0.0,1.0,0.0,0.33,0.17,1.0,1.0,1.0,0.5,1.0,0.0,0.0,0.0,0.5
3316,1.0,0.25,1.0,1.0,0.75,0.75,0.25,0.75,0.75,0.25,0.75,0.25,0.75,0.25,0.0,0.75,0.25,0.25,0.25,1.0,0.0,0.25,0.25,1.0,1.0,0.25,1.0,0.75,0.25,0.75,1.0,0.25,0.75,0.25,1.0,0.25,0.75,1.0,0.25,1.0,1.0,0.75,1.0,0.75,0.0,0.75,1.0,0.0,0.0,0.25,0.25,0.75,1.0,0.75,0.0,0.25,0.0,1.0,0.75,0.0,0.83,0.67,0.5,0.17,0.83,0.5,1.0,0.5,0.5,0.25,0.75,0.0,0.5,0.5,0.75
3326,0.75,0.25,1.0,0.75,0.75,0.75,0.75,1.0,0.25,0.0,0.75,0.25,1.0,0.75,0.0,0.75,0.75,0.0,0.75,0.25,0.0,0.75,0.75,1.0,0.25,0.75,0.0,0.75,0.75,1.0,0.25,0.75,0.25,0.25,0.75,1.0,0.75,0.25,0.25,0.75,0.0,0.75,1.0,0.75,1.0,0.75,0.75,0.25,0.0,0.25,0.0,0.75,0.0,0.75,0.0,0.75,0.75,0.75,0.0,0.75,0.83,0.83,0.33,0.17,0.83,0.33,0.67,0.5,0.75,0.5,0.75,0.5,0.5,0.25,0.5
3330,0.25,1.0,0.75,0.0,1.0,1.0,0.75,0.75,0.0,0.0,0.25,1.0,0.0,1.0,1.0,1.0,0.0,1.0,1.0,0.25,1.0,1.0,0.0,0.75,0.75,0.75,1.0,0.75,0.0,0.25,1.0,0.25,1.0,0.25,0.75,0.25,0.75,0.25,0.0,1.0,1.0,1.0,0.75,1.0,1.0,1.0,1.0,0.0,1.0,0.0,0.0,1.0,1.0,1.0,0.0,1.0,0.0,1.0,0.0,0.0,0.0,0.17,0.83,0.0,0.33,0.17,0.67,0.75,0.75,0.25,0.75,0.25,0.25,0.25,0.75
3348,0.75,0.25,0.25,1.0,1.0,0.25,0.25,0.25,1.0,0.25,0.75,0.25,0.25,1.0,1.0,1.0,1.0,1.0,1.0,1.0,0.75,1.0,0.25,1.0,0.75,0.75,0.0,0.75,1.0,1.0,0.25,0.0,0.75,0.75,1.0,1.0,0.75,0.75,0.75,0.75,1.0,0.75,0.75,0.75,1.0,0.75,0.25,0.0,1.0,1.0,0.75,1.0,1.0,0.0,0.0,1.0,0.75,0.75,0.0,0.0,0.83,1.0,0.33,0.17,1.0,0.33,0.67,0.5,0.75,0.25,0.75,0.25,0.5,0.5,0.5
3349,1.0,0.0,0.25,1.0,0.0,0.0,0.0,0.0,0.75,1.0,0.25,0.0,0.75,0.0,0.0,0.0,1.0,0.0,0.25,0.75,0.0,0.75,1.0,0.0,0.0,0.0,0.0,0.0,0.75,1.0,0.0,1.0,0.0,1.0,0.25,1.0,0.75,0.0,0.75,0.0,0.25,0.0,0.0,0.0,1.0,0.0,0.0,1.0,0.0,1.0,1.0,0.0,0.0,0.75,1.0,0.0,1.0,0.0,1.0,1.0,0.0,1.0,0.0,0.83,0.83,0.67,0.17,0.0,0.0,0.5,0.5,1.0,0.5,1.0,0.0
3363,0.0,1.0,1.0,0.0,0.25,0.75,0.0,0.0,0.0,0.75,0.0,0.0,1.0,1.0,0.0,0.0,1.0,0.0,1.0,1.0,0.0,1.0,0.25,0.0,1.0,1.0,1.0,1.0,0.0,0.0,1.0,0.0,0.0,1.0,0.0,0.0,1.0,0.75,0.0,0.25,1.0,0.75,0.25,1.0,0.75,0.0,1.0,0.25,0.0,1.0,1.0,0.0,0.0,1.0,1.0,0.0,0.0,1.0,1.0,1.0,0.33,0.17,0.83,0.83,0.17,0.33,0.83,0.75,0.25,0.5,0.75,0.25,0.5,1.0,0.0
3365,1.0,0.25,1.0,0.75,1.0,0.25,0.0,1.0,0.0,0.25,0.25,0.75,0.25,0.75,0.75,1.0,0.0,1.0,1.0,1.0,0.75,1.0,0.0,1.0,0.75,0.75,1.0,0.0,0.0,1.0,1.0,0.25,1.0,0.25,0.0,0.0,1.0,0.75,0.25,0.75,0.75,0.75,1.0,0.75,0.75,1.0,1.0,0.0,1.0,0.25,0.25,0.25,0.25,0.75,0.0,1.0,0.25,1.0,0.0,0.0,0.17,0.33,0.17,0.0,1.0,0.33,1.0,0.5,1.0,0.5,0.75,0.25,0.75,0.25,0.75
3367,0.75,0.75,0.25,1.0,0.75,0.25,0.0,0.75,0.75,0.25,0.75,0.75,0.25,0.75,1.0,1.0,0.25,1.0,1.0,1.0,0.25,1.0,0.25,1.0,0.0,0.75,0.0,0.75,0.75,1.0,0.75,0.25,0.75,0.75,0.75,0.0,0.75,0.75,0.0,0.75,0.75,1.0,1.0,0.75,1.0,1.0,0.75,0.0,0.75,1.0,0.0,1.0,1.0,1.0,0.0,1.0,1.0,1.0,0.0,0.0,0.5,1.0,0.5,0.0,0.67,0.33,0.67,0.5,0.75,0.25,0.5,0.0,0.5,0.5,0.75
3372,0.25,0.0,1.0,0.0,0.0,0.0,0.0,0.0,1.0,1.0,0.0,0.25,1.0,0.75,0.0,1.0,1.0,0.0,1.0,1.0,0.0,1.0,1.0,1.0,0.0,0.0,0.0,0.0,1.0,1.0,0.0,1.0,0.0,1.0,0.0,1.0,0.0,0.0,0.0,0.0,0.25,0.0,0.0,0.0,0.0,0.0,0.0,1.0,0.0,1.0,1.0,0.0,0.0,1.0,1.0,0.0,1.0,0.0,1.0,1.0,0.0,1.0,0.0,0.0,0.5,0.83,0.0,0.0,0.0,0.0,0.0,0.25,0.5,0.5,0.0
3373,1.0,0.0,0.0,1.0,0.25,0.0,0.0,0.0,0.75,1.0,1.0,0.25,0.75,0.75,1.0,1.0,0.75,1.0,1.0,1.0,1.0,1.0,1.0,1.0,0.0,0.25,0.0,0.0,1.0,1.0,0.0,0.75,0.0,1.0,0.75,1.0,0.75,0.25,0.25,0.75,0.75,0.25,0.25,0.25,1.0,1.0,0.0,1.0,0.0,0.75,0.25,1.0,1.0,0.25,0.0,0.75,1.0,0.0,0.0,0.0,0.0,1.0,0.0,0.17,0.83,0.5,0.17,0.25,0.5,0.0,0.75,0.5,0.5,0.5,0.5
3375,0.0,0.25,0.0,0.0,0.0,0.25,0.0,1.0,1.0,0.0,0.75,0.75,0.25,0.75,0.0,1.0,0.25,0.0,1.0,1.0,0.0,0.25,0.25,1.0,1.0,0.75,0.0,0.75,1.0,1.0,0.25,0.75,0.25,0.25,1.0,0.0,1.0,1.0,0.0,0.25,0.25,0.75,1.0,1.0,1.0,1.0,0.75,0.25,0.0,0.75,0.0,0.75,0.25,0.75,0.0,1.0,0.75,1.0,0.0,0.25,1.0,0.67,0.17,0.17,0.83,0.33,0.83,0.5,0.75,0.25,0.75,0.5,0.5,0.25,0.25
3376,0.0,1.0,1.0,0.0,1.0,1.0,0.75,0.75,0.0,0.0,1.0,1.0,0.25,1.0,1.0,0.75,0.0,1.0,1.0,1.0,0.25,1.0,0.25,1.0,0.75,1.0,1.0,1.0,0.25,0.0,1.0,0.25,1.0,0.0,0.75,0.0,1.0,0.75,0.75,1.0,1.0,0.75,1.0,1.0,0.75,0.75,1.0,0.0,0.75,1.0,0.0,1.0,1.0,1.0,0.0,1.0,0.75,1.0,0.0,0.0,0.17,0.17,0.83,0.0,0.33,0.17,0.83,1.0,0.75,0.5,0.75,0.25,0.5,0.25,1.0
3382,1.0,0.25,0.75,1.0,0.75,1.0,0.0,0.25,0.25,1.0,1.0,0.0,0.25,0.75,0.25,0.0,1.0,1.0,1.0,0.0,0.0,1.0,1.0,1.0,0.25,0.25,0.0,0.75,1.0,1.0,0.75,0.0,0.75,1.0,0.75,1.0,1.0,0.75,0.25,1.0,0.75,1.0,0.25,0.75,1.0,0.75,1.0,0.0,0.75,0.75,0.25,0.75,0.25,0.0,0.75,0.25,0.75,1.0,0.0,1.0,0.0,0.83,0.33,0.83,0.83,0.17,0.33,0.25,1.0,0.5,0.75,0.25,0.5,0.5,0.25
3383,0.75,0.0,0.75,0.25,0.75,0.0,0.0,0.75,0.75,0.75,0.25,0.25,0.75,0.75,0.0,0.25,0.75,0.25,0.75,1.0,0.0,1.0,0.25,1.0,0.0,0.25,0.0,0.75,1.0,0.75,0.0,1.0,0.0,1.0,0.25,1.0,0.75,0.25,1.0,0.0,0.0,0.0,0.25,0.75,1.0,1.0,0.75,1.0,0.0,0.75,1.0,0.25,0.0,0.25,0.75,0.0,0.25,0.75,0.75,1.0,0.67,0.67,0.17,0.33,0.83,0.67,0.17,0.5,1.0,0.75,0.5,0.5,0.75,0.5,0.5
3389,0.0,0.0,1.0,0.0,0.0,0.0,0.0,0.0,1.0,1.0,0.0,1.0,1.0,1.0,0.0,1.0,1.0,0.0,1.0,1.0,0.0,1.0,1.0,1.0,0.0,0.0,0.0,0.0,1.0,1.0,0.0,1.0,0.0,1.0,0.0,1.0,0.0,0.0,0.0,0.0,0.0,0.0,0.0,0.0,0.0,0.0,0.0,1.0,0.0,1.0,1.0,0.0,0.0,1.0,1.0,0.0,1.0,0.0,1.0,1.0,0.0,1.0,0.0,0.0,1.0,1.0,0.0,0.0,0.25,0.25,0.25,0.25,0.75,0.75,0.0
3392,1.0,0.75,0.0,1.0,0.75,0.25,0.0,0.25,0.75,0.0,1.0,0.75,0.0,1.0,1.0,1.0,0.0,0.75,1.0,1.0,0.75,1.0,0.25,1.0,1.0,0.75,0.0,0.75,1.0,1.0,0.75,0.0,0.75,0.75,0.75,0.25,0.75,0.75,0.0,1.0,1.0,1.0,0.75,0.75,1.0,0.75,0.75,0.25,1.0,1.0,0.0,1.0,1.0,1.0,0.0,1.0,1.0,1.0,0.0,0.0,0.33,0.83,0.67,0.0,1.0,0.0,0.67,0.75,0.75,0.0,0.5,0.0,0.5,0.5,0.75
3398,0.25,1.0,1.0,0.25,1.0,1.0,0.0,1.0,1.0,1.0,0.0,1.0,1.0,1.0,0.0,1.0,0.25,0.0,1.0,1.0,0.25,0.75,0.0,0.75,0.0,0.0,1.0,1.0,1.0,1.0,1.0,0.25,1.0,1.0,0.25,0.0,1.0,0.0,1.0,0.75,0.0,1.0,0.75,1.0,1.0,0.25,1.0,0.0,0.0,1.0,0.75,1.0,0.75,1.0,0.75,0.75,1.0,1.0,0.25,0.75,0.67,0.83,0.17,0.0,0.5,0.67,0.67,0.5,1.0,0.5,1.0,0.25,0.25,0.25,0.25
3406,0.75,0.75,1.0,0.75,1.0,0.75,0.75,1.0,0.25,0.25,1.0,0.25,1.0,1.0,0.75,0.75,0.0,0.75,0.0,0.0,0.25,0.75,0.25,1.0,0.75,0.75,0.75,1.0,0.0,0.25,0.75,0.0,0.75,0.25,0.75,0.0,0.75,0.75,0.25,0.75,0.75,0.75,0.75,1.0,0.75,0.75,1.0,0.25,0.25,0.25,0.25,0.75,1.0,0.75,0.0,1.0,0.0,1.0,0.0,0.0,0.33,0.67,0.5,0.0,0.67,0.33,0.83,0.5,0.75,0.5,0.75,0.25,0.5,0.25,0.75
3418,0.0,1.0,0.75,0.0,1.0,1.0,0.0,0.0,0.0,0.0,0.75,1.0,0.0,1.0,1.0,0.75,0.0,1.0,1.0,1.0,1.0,1.0,0.0,1.0,1.0,1.0,1.0,1.0,0.0,0.0,1.0,0.0,1.0,0.0,0.0,0.0,1.0,0.75,0.0,1.0,1.0,1.0,1.0,1.0,1.0,1.0,0.0,0.0,1.0,1.0,0.0,0.0,0.25,1.0,0.0,0.25,0.0,1.0,0.0,0.0,0.0,0.0,1.0,0.33,0.83,0.0,1.0,1.0,1.0,0.5,1.0,0.0,0.0,0.0,1.0
3424,0.0,1.0,1.0,0.0,1.0,1.0,1.0,1.0,0.75,0.25,1.0,0.75,0.0,1.0,1.0,1.0,0.75,1.0,1.0,0.75,0.75,1.0,0.0,1.0,1.0,1.0,1.0,1.0,0.25,0.75,1.0,0.25,1.0,0.0,0.75,0.25,1.0,0.75,0.25,1.0,1.0,0.75,1.0,0.75,1.0,0.75,1.0,0.0,1.0,0.25,1.0,1.0,1.0,0.25,0.0,1.0,0.25,1.0,0.0,0.0,0.17,0.33,1.0,0.0,0.83,0.17,0.83,0.75,1.0,0.25,1.0,0.25,0.75,0.75,1.0
3438,0.0,0.0,1.0,0.0,0.0,0.0,0.0,0.0,1.0,1.0,0.0,1.0,1.0,1.0,0.0,1.0,1.0,0.0,1.0,0.0,0.0,0.0,1.0,1.0,0.0,0.0,0.0,0.0,1.0,0.0,0.0,1.0,0.0,1.0,0.0,1.0,0.0,0.0,0.0,0.0,0.0,0.0,0.0,1.0,0.0,0.0,0.0,1.0,0.0,1.0,1.0,0.0,0.0,1.0,1.0,0.0,1.0,0.0,1.0,1.0,0.0,1.0,0.0,1.0,0.33,0.67,0.33,0.0,0.25,0.25,0.25,0.25,0.75,0.75,0.25
3440,0.75,0.75,0.75,0.0,0.75,1.0,0.75,0.0,0.75,0.25,0.25,1.0,0.0,0.25,0.75,1.0,0.0,1.0,0.25,0.75,0.25,1.0,0.25,1.0,0.75,0.25,1.0,1.0,1.0,0.75,1.0,0.0,0.75,0.75,1.0,0.0,1.0,0.75,1.0,0.0,0.0,0.75,0.75,1.0,0.25,0.25,1.0,0.0,1.0,0.75,0.25,1.0,1.0,0.25,0.0,1.0,0.75,1.0,0.0,0.0,0.83,0.67,0.67,0.0,0.83,0.0,0.83,0.5,0.75,0.5,1.0,0.25,0.5,0.5,0.5
3448,0.0,0.0,1.0,0.0,0.75,1.0,1.0,0.0,0.0,0.0,0.25,0.25,0.0,0.25,0.75,1.0,0.0,0.75,1.0,0.75,0.0,1.0,0.75,1.0,0.75,1.0,1.0,1.0,1.0,1.0,1.0,0.75,0.75,1.0,1.0,0.0,1.0,0.75,1.0,1.0,1.0,1.0,0.0,0.0,1.0,0.0,1.0,1.0,0.75,0.0,0.75,1.0,1.0,0.0,0.0,1.0,1.0,0.75,0.0,0.0,0.67,0.17,0.83,0.0,0.83,0.33,1.0,1.0,1.0,0.0,0.75,0.5,0.5,0.5,0.5
3450,0.25,1.0,1.0,0.25,1.0,1.0,0.75,1.0,0.25,0.0,0.75,1.0,1.0,1.0,0.75,1.0,0.0,1.0,1.0,1.0,1.0,1.0,0.0,0.75,1.0,0.75,1.0,1.0,0.25,0.75,0.75,0.0,0.75,0.0,1.0,0.0,1.0,0.0,0.25,1.0,1.0,0.75,0.75,1.0,1.0,1.0,1.0,0.0,1.0,0.75,0.25,1.0,1.0,1.0,0.0,1.0,0.75,1.0,0.0,0.0,0.0,0.33,0.67,0.17,1.0,0.17,1.0,0.75,1.0,0.25,1.0,0.0,0.25,0.5,0.5
3451,0.75,1.0,1.0,0.0,0.0,0.75,0.25,0.0,0.25,0.75,0.75,0.75,0.0,0.75,0.0,0.25,0.25,0.0,0.0,0.0,1.0,0.75,1.0,1.0,0.0,1.0,0.0,0.75,0.75,0.75,1.0,1.0,0.25,1.0,1.0,0.0,0.25,0.25,1.0,0.0,0.25,0.0,0.0,1.0,1.0,1.0,1.0,1.0,0.0,0.75,0.0,0.0,0.0,0.0,0.25,0.25,0.25,0.75,0.0,0.25,0.83,0.83,0.67,0.0,1.0,0.33,0.33,0.25,0.75,0.75,0.75,0.5,0.5,0.25,0.5
3469,1.0,0.25,0.75,1.0,0.75,1.0,0.25,1.0,1.0,0.25,1.0,0.75,0.25,0.75,0.75,1.0,0.75,1.0,1.0,0.75,0.75,1.0,0.25,1.0,0.75,0.25,0.25,0.75,1.0,0.75,0.25,0.75,0.25,1.0,0.75,0.25,0.25,1.0,0.0,1.0,1.0,1.0,0.75,0.75,1.0,1.0,0.75,0.75,1.0,1.0,1.0,1.0,1.0,0.25,0.0,1.0,0.75,1.0,0.0,0.0,0.17,0.83,0.17,0.0,1.0,0.17,0.67,0.25,1.0,0.25,0.75,0.25,0.25,0.75,0.75
3474,0.0,0.75,0.75,0.0,1.0,1.0,1.0,0.75,0.0,0.25,0.25,0.75,0.0,1.0,0.75,1.0,0.0,0.75,0.75,0.0,0.25,1.0,0.25,0.75,1.0,0.75,1.0,0.75,0.75,0.75,1.0,0.0,1.0,0.25,0.75,0.0,1.0,0.75,0.25,1.0,1.0,1.0,0.75,1.0,1.0,0.75,1.0,0.0,1.0,0.75,0.0,0.75,0.75,0.75,0.0,1.0,0.75,1.0,0.0,0.75,0.33,0.33,0.67,0.0,0.67,0.17,0.83,0.75,0.75,0.25,0.75,0.25,0.5,0.25,1.0
3481,0.75,1.0,0.75,0.0,1.0,1.0,0.25,1.0,0.25,0.25,0.75,0.75,0.25,1.0,1.0,1.0,0.0,1.0,1.0,1.0,1.0,1.0,0.25,0.75,0.75,0.75,0.25,0.75,1.0,0.25,1.0,0.25,0.75,0.75,0.75,0.75,1.0,1.0,0.0,0.75,1.0,1.0,0.75,1.0,0.75,1.0,1.0,0.75,1.0,0.75,0.75,0.0,0.0,0.0,0.25,0.75,0.0,1.0,0.25,0.75,0.67,0.67,0.67,0.17,1.0,0.67,1.0,1.0,1.0,1.0,0.75,0.5,0.5,0.25,0.75
3484,1.0,0.25,1.0,0.25,0.75,0.75,0.0,0.0,0.75,1.0,0.0,0.25,0.75,0.75,0.0,0.25,1.0,0.0,0.0,0.0,0.0,0.0,1.0,1.0,0.0,0.0,0.0,0.25,0.25,1.0,0.0,1.0,0.0,0.75,0.25,1.0,0.75,0.25,0.75,0.0,0.0,0.0,0.0,0.75,0.75,0.25,0.25,1.0,0.0,1.0,1.0,0.0,0.0,1.0,0.25,0.0,0.75,0.0,0.25,1.0,0.17,0.83,0.17,1.0,0.67,0.67,0.17,0.25,0.5,0.5,0.75,0.75,0.5,0.75,0.25
3485,1.0,0.0,1.0,0.0,0.0,0.0,0.0,0.0,0.0,1.0,0.0,0.0,1.0,0.0,1.0,1.0,1.0,1.0,1.0,1.0,0.0,1.0,1.0,1.0,0.0,0.0,0.0,0.0,1.0,1.0,0.0,1.0,0.0,1.0,0.0,1.0,0.0,0.0,1.0,0.0,1.0,0.0,0.0,0.0,1.0,0.0,0.0,1.0,0.0,1.0,0.0,0.0,0.0,1.0,0.75,1.0,1.0,0.0,1.0,1.0,0.0,1.0,0.0,0.5,1.0,0.67,0.0,0.0,1.0,0.0,0.0,1.0,0.0,0.0,0.0
3493,0.75,0.75,0.25,1.0,0.75,0.75,0.0,0.25,0.75,0.25,1.0,0.75,0.25,1.0,1.0,1.0,0.0,1.0,1.0,1.0,0.25,1.0,0.25,1.0,0.75,0.75,0.0,0.75,1.0,1.0,0.75,0.25,0.75,0.75,1.0,0.0,0.75,0.75,0.0,1.0,0.75,1.0,0.25,0.75,1.0,1.0,1.0,0.0,1.0,1.0,0.25,1.0,1.0,0.75,0.0,1.0,1.0,1.0,0.0,0.0,0.83,0.83,0.5,0.0,0.83,0.17,0.83,0.5,0.75,0.25,0.5,0.25,0.5,0.75,0.75
3494,0.0,1.0,0.75,0.0,1.0,1.0,0.0,0.75,0.0,0.25,0.25,0.75,0.25,1.0,1.0,1.0,0.0,1.0,1.0,0.25,1.0,1.0,0.0,0.25,1.0,1.0,1.0,1.0,0.0,0.25,1.0,0.0,1.0,0.0,0.0,0.0,1.0,1.0,0.0,1.0,1.0,1.0,1.0,1.0,0.25,1.0,1.0,0.0,1.0,0.0,0.0,0.25,0.0,1.0,0.0,1.0,0.0,1.0,0.0,0.0,0.17,0.17,1.0,0.0,0.83,0.0,1.0,0.75,0.75,0.5,0.75,0.0,0.5,0.25,1.0
3500,0.75,0.75,0.0,0.75,1.0,0.75,0.0,0.25,0.75,0.0,0.75,0.75,0.25,1.0,0.75,1.0,0.0,0.75,0.75,0.75,0.75,1.0,0.25,1.0,0.25,0.25,0.0,0.75,1.0,1.0,0.75,0.25,0.25,0.75,0.75,0.25,0.75,0.75,0.0,0.75,1.0,1.0,0.75,1.0,1.0,0.75,0.75,0.0,0.75,1.0,0.25,1.0,0.75,0.75,0.0,1.0,1.0,0.75,0.0,0.0,0.33,0.83,0.67,0.17,0.83,0.33,0.67,0.5,0.75,0.25,0.75,0.25,0.5,0.5,0.5
3503,0.0,1.0,0.75,0.0,0.0,1.0,1.0,0.0,0.0,0.25,1.0,0.0,0.0,1.0,1.0,1.0,0.0,1.0,0.0,1.0,1.0,1.0,1.0,1.0,1.0,1.0,1.0,1.0,1.0,1.0,1.0,0.75,1.0,0.25,1.0,1.0,1.0,0.75,1.0,1.0,1.0,1.0,1.0,1.0,0.0,1.0,1.0,1.0,1.0,0.0,1.0,1.0,1.0,1.0,0.0,1.0,1.0,1.0,0.0,0.0,1.0,0.33,1.0,1.0,0.67,0.17,1.0,1.0,1.0,1.0,1.0,1.0,0.75,1.0,1.0
3529,0.75,0.75,0.0,1.0,1.0,0.25,1.0,0.25,0.25,0.0,0.75,0.75,0.25,1.0,1.0,1.0,0.0,1.0,1.0,1.0,1.0,1.0,0.0,1.0,1.0,0.75,0.0,0.75,0.75,1.0,0.75,0.0,1.0,0.75,0.75,0.0,0.75,0.75,0.0,1.0,1.0,1.0,0.75,1.0,1.0,1.0,0.75,0.0,1.0,1.0,0.0,1.0,1.0,1.0,0.0,1.0,1.0,1.0,0.0,0.0,0.0,1.0,0.67,0.0,0.83,0.17,0.83,0.5,0.75,0.0,0.5,0.0,0.5,0.25,0.75
3532,0.75,0.25,1.0,1.0,1.0,0.25,0.0,0.0,0.25,0.0,0.25,0.25,0.75,0.75,0.0,0.75,0.0,0.0,0.25,0.25,0.75,1.0,0.25,0.0,0.25,0.25,0.25,1.0,0.25,1.0,0.75,0.75,1.0,0.75,0.75,0.25,1.0,0.0,0.75,0.75,0.0,0.75,1.0,1.0,1.0,1.0,0.75,0.0,0.75,0.0,0.75,1.0,0.75,0.75,0.0,0.25,0.75,0.75,0.0,0.0,0.67,0.67,0.5,0.0,0.83,0.5,0.83,0.5,0.5,0.25,0.5,0.5,0.5,0.75,0.5
3535,1.0,0.25,0.75,0.25,0.75,0.75,0.0,1.0,1.0,0.0,1.0,0.0,0.75,1.0,0.0,0.75,1.0,0.75,0.75,0.0,0.0,0.25,0.0,0.25,0.0,1.0,1.0,1.0,0.75,0.75,1.0,0.75,0.0,0.25,1.0,0.75,0.75,0.75,0.25,0.0,0.75,0.75,1.0,1.0,0.75,1.0,1.0,0.0,0.0,0.75,0.75,0.25,0.25,1.0,0.75,0.75,0.25,1.0,0.0,0.75,0.83,0.17,0.17,0.83,0.67,0.17,0.17,0.25,0.75,0.5,0.75,0.5,0.75,0.75,0.5
3555,0.0,0.0,1.0,0.0,0.0,0.0,0.0,0.0,1.0,1.0,0.0,1.0,1.0,1.0,0.0,1.0,1.0,0.0,1.0,1.0,0.0,1.0,1.0,1.0,0.0,0.0,0.0,0.0,1.0,1.0,0.0,1.0,0.0,1.0,0.0,1.0,0.0,0.0,0.0,0.0,0.0,0.0,0.0,0.0,0.0,0.0,0.0,1.0,0.0,1.0,1.0,0.0,0.0,1.0,1.0,0.0,1.0,0.0,1.0,1.0,0.0,1.0,0.0,0.0,1.0,0.83,0.0,0.0,0.0,0.0,0.0,0.0,1.0,1.0,0.0
3561,0.25,0.75,1.0,0.75,0.75,1.0,0.0,1.0,0.25,0.25,0.75,0.75,0.25,1.0,0.0,0.25,0.25,0.25,0.25,0.0,0.0,0.25,0.0,0.0,0.75,0.75,0.75,1.0,0.25,0.25,1.0,0.25,0.25,0.25,0.25,0.0,0.75,0.75,0.75,0.25,0.25,0.75,1.0,0.75,0.75,0.75,1.0,0.0,0.25,0.25,0.75,0.25,0.75,0.75,0.0,0.25,0.25,1.0,0.25,0.75,0.33,0.17,0.83,0.17,0.83,0.5,0.5,0.5,0.5,0.5,0.75,0.25,0.5,0.5,0.5
3565,0.0,1.0,1.0,0.0,1.0,1.0,0.75,0.75,0.0,0.0,0.0,1.0,0.0,1.0,1.0,1.0,0.0,1.0,1.0,1.0,1.0,1.0,0.0,1.0,1.0,1.0,1.0,1.0,0.0,0.25,1.0,0.0,1.0,0.0,0.25,0.0,1.0,0.75,0.0,1.0,1.0,1.0,1.0,1.0,0.75,1.0,1.0,0.0,1.0,0.0,0.0,0.25,0.25,1.0,0.0,1.0,0.0,1.0,0.0,0.0,0.0,0.0,1.0,0.0,0.67,0.0,1.0,1.0,1.0,0.5,0.75,0.0,0.0,0.0,1.0
3572,0.0,1.0,0.75,0.0,1.0,1.0,0.75,0.75,0.0,0.0,0.75,1.0,0.0,1.0,1.0,0.75,0.0,1.0,0.75,0.25,0.75,1.0,0.0,1.0,1.0,1.0,1.0,1.0,0.0,0.75,1.0,0.0,0.75,0.0,0.75,0.0,1.0,0.75,0.25,1.0,1.0,1.0,1.0,1.0,0.75,1.0,1.0,0.25,1.0,0.0,0.0,0.0,0.25,0.75,0.0,1.0,0.0,1.0,0.0,0.25,0.0,0.0,1.0,0.0,1.0,0.0,1.0,1.0,1.0,0.25,1.0,0.25,0.5,0.25,1.0
3574,0.25,0.75,1.0,0.0,1.0,1.0,0.25,0.0,0.0,0.25,0.75,0.25,0.75,1.0,0.75,1.0,0.0,1.0,0.0,0.0,0.0,0.25,0.0,1.0,0.75,0.75,1.0,1.0,0.25,0.25,1.0,0.25,0.25,0.25,0.0,0.0,0.75,0.25,0.0,0.25,0.75,0.75,1.0,1.0,1.0,1.0,1.0,1.0,0.75,0.25,0.25,0.25,0.25,0.75,0.0,0.75,0.25,1.0,0.75,0.25,0.33,0.33,0.33,0.33,0.83,0.17,0.67,0.5,0.5,0.75,0.5,0.25,0.75,0.5,0.5
3581,1.0,0.0,1.0,1.0,0.0,0.0,0.0,0.0,1.0,1.0,0.0,0.0,0.75,0.0,0.25,0.75,0.75,0.0,1.0,1.0,0.0,1.0,1.0,1.0,0.0,0.0,0.0,0.75,1.0,1.0,0.0,1.0,0.0,1.0,1.0,1.0,0.0,0.0,0.75,1.0,0.0,0.0,0.0,0.0,1.0,0.0,0.0,1.0,0.0,0.0,1.0,1.0,1.0,0.75,0.0,0.75,1.0,0.0,0.25,0.0,0.0,1.0,0.0,0.17,1.0,0.67,0.0,0.0,0.5,0.0,0.0,0.5,0.5,0.75,0.0
3585,1.0,0.0,1.0,1.0,0.25,0.0,0.0,0.0,0.75,0.25,0.0,0.0,0.75,1.0,0.75,1.0,0.75,1.0,1.0,1.0,0.25,1.0,0.75,1.0,0.75,0.25,0.0,0.25,0.75,1.0,0.75,0.25,0.25,1.0,1.0,0.0,0.75,1.0,0.0,0.75,0.75,1.0,0.75,0.75,1.0,1.0,0.25,0.25,0.75,1.0,1.0,1.0,1.0,1.0,0.0,1.0,1.0,0.25,0.0,0.0,1.0,1.0,0.17,0.0,1.0,0.33,0.5,0.5,0.75,0.0,0.5,0.5,0.75,1.0,0.5
3592,0.75,0.75,0.25,0.25,1.0,0.75,0.25,0.0,0.75,0.25,0.75,0.25,0.25,0.75,1.0,1.0,0.0,1.0,0.75,0.25,1.0,1.0,0.25,1.0,0.25,0.75,0.25,0.75,0.75,1.0,0.75,0.0,1.0,0.75,0.0,0.0,0.75,0.75,0.0,0.75,0.75,1.0,0.75,0.75,1.0,1.0,0.75,0.0,1.0,1.0,0.0,1.0,1.0,1.0,0.0,1.0,1.0,1.0,0.0,0.0,0.17,0.67,0.5,0.0,0.67,0.17,0.67,0.5,0.75,0.25,0.5,0.25,0.5,0.25,0.75
3593,0.25,1.0,0.25,0.0,1.0,1.0,0.25,0.75,0.25,0.25,0.75,0.75,0.75,1.0,0.75,0.75,0.0,1.0,1.0,0.75,1.0,1.0,0.25,1.0,0.75,1.0,1.0,1.0,1.0,0.0,1.0,0.0,1.0,0.0,0.75,0.0,1.0,0.25,0.25,0.75,0.75,1.0,0.75,1.0,1.0,0.75,0.75,0.0,1.0,0.25,0.0,0.25,0.0,1.0,0.0,1.0,0.75,1.0,0.0,0.25,0.83,0.33,0.67,0.33,0.5,0.0,0.5,0.5,1.0,0.5,0.75,0.25,0.5,0.0,0.5
3596,0.25,0.25,1.0,0.25,1.0,1.0,0.75,1.0,0.75,0.25,1.0,0.75,0.0,0.75,0.25,0.75,0.25,0.25,0.75,1.0,0.75,1.0,0.75,0.25,0.75,0.75,1.0,1.0,1.0,1.0,1.0,1.0,0.75,0.75,0.75,0.0,0.75,0.25,0.25,0.75,0.75,0.75,1.0,1.0,0.0,0.75,0.75,0.25,1.0,1.0,0.0,0.75,0.75,0.75,0.0,1.0,0.75,1.0,0.25,0.25,0.83,0.83,0.83,0.17,0.83,0.83,0.83,0.5,0.75,0.5,0.5,0.5,0.75,0.5,0.75
3603,0.75,1.0,0.25,1.0,1.0,1.0,0.25,0.25,0.25,0.25,0.75,1.0,0.0,1.0,1.0,1.0,0.0,1.0,1.0,1.0,1.0,1.0,0.25,1.0,0.25,0.75,0.75,1.0,1.0,1.0,1.0,0.0,0.75,1.0,0.75,0.0,0.75,0.75,0.0,1.0,1.0,1.0,1.0,1.0,1.0,1.0,1.0,0.0,1.0,1.0,0.0,0.75,1.0,1.0,0.0,1.0,1.0,1.0,0.0,0.0,0.0,1.0,0.67,0.0,1.0,0.0,0.83,0.5,0.75,0.25,0.5,0.25,0.5,0.25,0.75
3604,0.75,0.25,0.75,0.25,0.25,0.25,0.75,0.25,0.0,0.0,0.75,0.75,0.75,0.75,0.0,0.25,0.25,0.0,0.0,0.0,0.0,0.0,0.25,0.75,0.25,0.25,0.25,1.0,0.25,0.25,0.25,0.25,0.75,0.25,0.75,0.0,0.25,0.75,0.25,1.0,0.75,0.75,1.0,0.75,0.75,1.0,1.0,0.0,0.0,0.0,1.0,1.0,1.0,0.75,0.0,0.75,0.25,0.75,0.25,0.0,0.83,0.67,0.67,0.67,0.83,0.33,0.67,0.5,0.75,0.5,0.75,0.25,0.75,0.75,0.5
3608,1.0,0.75,0.25,0.25,1.0,1.0,1.0,1.0,0.25,0.0,1.0,0.75,0.25,1.0,1.0,1.0,0.0,1.0,1.0,1.0,1.0,1.0,0.0,1.0,1.0,0.75,1.0,1.0,0.25,0.0,1.0,0.0,1.0,0.0,0.75,0.0,0.75,1.0,0.0,1.0,1.0,1.0,0.75,1.0,1.0,1.0,1.0,0.0,1.0,0.0,0.25,1.0,1.0,0.25,0.0,1.0,0.25,1.0,0.0,0.0,0.67,0.67,0.83,0.0,0.83,0.5,1.0,0.75,1.0,0.5,0.75,0.0,0.5,0.5,1.0
3633,0.0,1.0,1.0,0.0,1.0,1.0,0.0,1.0,0.0,0.0,0.0,1.0,0.0,1.0,1.0,1.0,0.0,1.0,1.0,0.75,1.0,1.0,0.0,0.0,1.0,1.0,1.0,1.0,0.0,0.0,1.0,0.25,1.0,0.0,0.0,0.0,1.0,0.75,0.0,1.0,1.0,1.0,1.0,1.0,0.25,0.75,1.0,0.25,1.0,1.0,0.0,0.0,0.0,1.0,0.0,0.0,0.0,1.0,0.0,1.0,0.0,0.0,1.0,0.0,0.33,0.0,1.0,1.0,1.0,1.0,1.0,0.0,0.0,0.0,1.0
3639,1.0,1.0,0.75,0.0,1.0,1.0,1.0,0.75,0.75,0.0,1.0,1.0,0.0,1.0,1.0,1.0,0.0,1.0,0.25,0.75,0.75,1.0,1.0,1.0,0.25,1.0,1.0,0.75,0.25,0.25,1.0,1.0,0.25,0.75,1.0,0.25,1.0,0.0,0.0,0.75,1.0,1.0,0.0,1.0,1.0,1.0,1.0,0.25,0.25,0.0,0.75,1.0,0.75,0.0,0.0,1.0,0.75,1.0,0.0,0.0,1.0,1.0,1.0,0.33,1.0,0.33,1.0,0.75,1.0,0.75,0.75,0.5,1.0,0.5,1.0
3645,0.75,0.25,0.25,1.0,0.75,0.25,0.0,0.0,0.75,0.0,0.75,0.75,0.75,1.0,0.75,1.0,0.25,0.75,1.0,1.0,1.0,1.0,0.0,1.0,0.75,1.0,0.0,0.75,1.0,1.0,0.25,0.25,0.25,0.75,0.75,0.0,0.75,0.75,0.0,0.75,0.75,1.0,0.75,1.0,1.0,1.0,0.75,0.0,0.75,0.75,0.0,1.0,1.0,1.0,0.0,1.0,1.0,1.0,0.0,0.0,0.33,0.83,0.5,0.0,0.83,0.17,1.0,0.5,0.75,0.25,0.5,0.25,0.5,0.25,0.75
3647,0.75,0.0,1.0,1.0,0.25,0.25,0.75,1.0,0.75,0.0,0.75,1.0,0.75,1.0,1.0,1.0,0.0,0.75,1.0,1.0,1.0,1.0,0.25,1.0,0.25,0.0,0.25,0.25,0.75,0.75,1.0,0.0,1.0,0.0,0.0,0.25,0.75,1.0,0.0,1.0,1.0,1.0,1.0,0.75,1.0,1.0,0.75,0.75,1.0,1.0,0.0,0.75,1.0,1.0,0.0,1.0,1.0,1.0,0.0,0.0,0.33,1.0,0.17,0.0,1.0,0.17,1.0,0.5,1.0,0.0,1.0,0.0,0.5,0.25,1.0
3648,0.0,1.0,0.75,0.0,1.0,1.0,0.75,0.0,0.0,0.25,0.75,1.0,0.0,1.0,1.0,1.0,0.0,1.0,1.0,1.0,1.0,1.0,0.0,1.0,1.0,1.0,1.0,1.0,0.0,0.0,1.0,0.0,1.0,0.0,0.75,0.0,1.0,0.25,0.0,1.0,1.0,1.0,1.0,1.0,1.0,1.0,1.0,0.0,1.0,0.0,0.0,0.0,1.0,1.0,0.0,0.75,0.0,1.0,0.0,0.0,0.0,0.0,1.0,0.0,0.67,0.0,1.0,1.0,1.0,1.0,1.0,0.0,0.25,0.0,1.0
3649,0.25,0.0,0.0,0.0,0.0,0.0,0.0,0.0,0.25,1.0,0.25,0.25,0.25,0.0,0.0,0.0,1.0,0.0,0.0,0.25,0.0,0.25,1.0,0.0,0.0,0.25,0.0,0.75,1.0,0.25,0.0,1.0,0.0,1.0,0.75,1.0,1.0,0.0,0.25,0.0,0.0,0.25,0.0,0.0,0.75,0.25,0.75,1.0,0.0,1.0,0.75,0.0,0.0,1.0,1.0,0.0,0.0,0.25,1.0,1.0,1.0,0.67,0.67,0.33,0.33,0.83,0.0,0.5,0.75,0.75,0.25,0.5,0.75,0.5,0.25
3655,1.0,0.0,0.0,1.0,0.0,0.0,0.0,0.0,1.0,0.75,0.0,0.25,1.0,0.25,1.0,1.0,0.0,1.0,1.0,1.0,1.0,1.0,1.0,1.0,0.0,0.0,0.0,0.0,1.0,1.0,0.0,0.75,0.0,1.0,1.0,1.0,0.0,0.0,0.25,1.0,1.0,0.25,0.0,0.25,1.0,0.0,0.0,1.0,1.0,1.0,0.0,0.75,1.0,0.0,0.0,0.25,1.0,0.0,0.0,0.0,0.0,1.0,0.0,0.5,0.83,0.33,0.33,0.0,0.5,0.0,0.0,0.0,0.5,0.75,0.0
3656,0.75,0.75,1.0,0.75,0.25,0.75,0.25,0.25,0.75,0.25,0.25,0.25,0.75,0.75,0.0,0.0,0.25,0.0,0.25,0.25,0.25,0.75,0.0,0.75,0.25,0.75,1.0,1.0,0.25,0.25,0.25,0.0,1.0,0.0,0.75,0.25,1.0,1.0,0.75,0.75,0.75,1.0,0.75,1.0,0.75,0.25,1.0,0.0,0.0,0.25,0.75,1.0,1.0,1.0,0.25,0.75,0.75,1.0,0.25,0.0,0.83,0.33,0.67,0.17,0.33,0.5,1.0,0.5,0.5,0.5,0.5,0.0,0.75,0.5,0.5
3660,0.0,1.0,0.75,0.0,1.0,1.0,1.0,0.0,0.0,0.25,0.75,1.0,0.0,1.0,1.0,1.0,0.0,1.0,1.0,0.75,1.0,1.0,0.0,1.0,1.0,1.0,1.0,1.0,0.0,0.0,1.0,0.0,1.0,0.0,0.25,0.0,1.0,0.25,0.0,1.0,1.0,1.0,1.0,1.0,1.0,1.0,1.0,0.0,1.0,0.0,0.0,0.0,0.75,1.0,0.0,0.75,0.0,1.0,0.0,0.0,0.0,0.0,1.0,0.0,0.83,0.0,1.0,1.0,1.0,1.0,1.0,0.75,0.25,0.0,0.75
3665,1.0,0.75,0.0,1.0,0.75,0.25,0.0,0.25,0.75,0.0,0.75,0.25,0.0,0.75,0.75,1.0,0.0,0.25,0.75,0.75,0.75,1.0,0.25,1.0,0.75,0.75,0.0,0.75,0.75,0.75,0.25,0.25,0.75,0.75,0.75,0.0,0.75,0.75,0.0,0.75,0.75,1.0,0.75,0.75,1.0,1.0,0.75,0.0,0.75,1.0,0.0,1.0,0.75,0.25,0.0,1.0,1.0,1.0,0.0,0.0,0.83,0.83,0.67,0.0,0.83,0.33,0.83,0.5,0.5,0.25,0.5,0.5,0.5,0.5,0.5
3666,0.0,0.75,1.0,1.0,1.0,0.25,0.75,0.0,0.25,0.0,0.75,0.25,0.75,0.75,0.0,0.25,0.75,1.0,0.75,1.0,0.0,1.0,0.25,1.0,0.0,0.75,0.0,0.25,0.25,1.0,1.0,1.0,0.25,0.25,1.0,1.0,1.0,0.25,0.75,0.25,0.0,0.0,0.75,1.0,1.0,0.75,0.75,0.0,1.0,0.0,0.75,1.0,1.0,0.0,0.0,0.75,0.25,0.75,0.0,0.0,0.83,0.83,0.67,0.0,0.83,0.67,0.83,0.75,0.5,0.5,0.5,0.5,0.5,0.75,0.5
3675,0.0,1.0,0.25,0.0,1.0,1.0,0.75,1.0,0.25,0.25,1.0,1.0,0.25,1.0,0.75,1.0,0.25,1.0,1.0,0.75,1.0,1.0,0.0,1.0,0.75,1.0,0.75,1.0,1.0,0.0,0.75,0.0,1.0,0.75,0.25,0.75,1.0,0.75,0.0,0.75,1.0,1.0,0.75,1.0,1.0,1.0,1.0,0.0,1.0,1.0,0.0,1.0,0.0,0.75,0.0,1.0,0.25,1.0,0.0,0.0,0.33,0.17,1.0,0.0,0.67,0.0,1.0,0.75,1.0,0.5,1.0,0.0,0.5,0.0,0.75
3682,0.0,1.0,1.0,0.25,0.75,1.0,0.25,0.25,0.0,0.25,0.25,0.75,0.75,1.0,0.75,0.25,1.0,0.0,0.0,0.0,0.0,0.25,0.25,1.0,0.0,1.0,0.75,1.0,0.25,0.25,0.75,0.75,0.25,0.75,0.75,0.0,1.0,0.0,1.0,0.75,0.75,0.75,1.0,1.0,0.25,0.25,0.75,0.75,0.0,0.25,0.75,0.25,0.75,1.0,0.25,0.25,0.25,0.75,0.25,0.0,0.83,0.5,0.17,0.83,0.17,0.83,1.0,0.5,0.5,0.5,0.75,0.25,0.5,0.75,0.75
3689,0.0,1.0,1.0,0.0,0.0,0.0,0.0,0.75,0.25,1.0,0.75,0.0,0.0,1.0,0.0,0.25,0.0,0.0,0.0,0.0,0.0,0.0,0.0,1.0,0.0,0.75,0.75,1.0,0.25,0.75,0.25,0.75,0.0,1.0,0.25,0.75,1.0,0.0,0.25,0.75,0.0,1.0,1.0,0.75,0.75,0.75,0.75,1.0,0.0,1.0,0.25,0.0,0.0,0.75,0.25,0.0,0.0,0.75,0.75,1.0,0.83,0.83,0.67,0.83,0.33,0.17,0.67,0.75,0.75,0.75,0.5,0.5,0.75,0.75,0.25
3694,0.75,0.25,0.25,0.75,0.75,0.25,0.0,0.0,0.75,0.0,0.75,0.75,0.0,0.75,0.75,1.0,0.25,0.75,0.25,1.0,0.25,1.0,0.0,0.75,0.0,0.25,0.0,0.75,0.75,1.0,0.75,0.75,0.25,0.75,1.0,0.75,0.75,0.25,0.25,0.75,1.0,1.0,0.25,1.0,1.0,1.0,1.0,0.0,0.25,1.0,0.0,1.0,1.0,1.0,0.0,1.0,1.0,1.0,0.0,0.0,0.83,1.0,0.17,0.5,0.83,0.33,0.83,0.5,0.75,0.25,0.5,0.5,0.5,0.5,0.5
3697,0.0,0.0,1.0,0.0,0.0,0.0,0.0,0.0,0.0,0.0,0.0,0.0,1.0,0.0,0.0,0.0,1.0,1.0,0.0,0.0,0.0,0.0,0.0,1.0,0.0,0.0,0.0,0.0,1.0,1.0,0.0,1.0,0.0,1.0,0.0,1.0,1.0,0.0,0.0,0.0,0.0,0.0,0.0,0.0,1.0,0.0,0.0,1.0,0.0,1.0,0.0,0.0,0.0,1.0,1.0,0.0,0.0,0.0,1.0,1.0,0.0,0.83,0.5,0.83,0.0,0.33,0.0,0.5,1.0,0.5,0.5,1.0,0.0,0.5,0.5
3701,0.75,0.75,1.0,1.0,0.25,0.25,0.75,0.75,0.25,0.0,0.25,0.75,0.75,0.75,0.0,0.25,0.0,0.75,0.75,0.25,0.25,0.75,0.25,0.0,0.25,0.25,0.0,1.0,0.25,0.75,1.0,1.0,0.25,0.75,0.75,0.0,1.0,0.25,0.75,0.25,0.0,0.25,0.75,1.0,1.0,0.75,0.75,0.0,0.75,0.0,0.75,1.0,1.0,0.75,0.0,0.75,0.25,0.75,0.0,0.0,0.83,0.5,0.5,0.17,0.67,0.5,0.67,0.5,0.5,0.5,0.5,0.5,0.5,0.75,0.5
3703,0.25,0.75,0.75,0.25,0.75,0.75,0.25,0.25,0.25,1.0,0.25,0.75,0.75,0.75,0.75,0.75,0.75,0.25,0.75,0.25,0.25,0.75,0.25,0.75,0.25,0.25,0.75,0.75,0.0,0.75,0.25,0.75,0.25,0.75,0.25,0.75,0.75,0.25,0.25,0.75,1.0,0.75,0.75,0.25,0.75,0.25,0.0,0.75,0.25,0.75,0.75,0.25,0.25,1.0,0.25,0.25,0.25,0.25,0.25,0.75,0.17,0.5,0.33,0.67,0.83,0.5,0.33,0.75,0.75,0.5,0.5,0.5,0.25,0.5,0.25
3706,0.75,0.75,0.75,1.0,0.75,0.25,0.25,0.25,0.75,0.0,1.0,0.75,0.25,0.75,1.0,1.0,0.0,1.0,1.0,0.75,0.75,1.0,0.0,1.0,0.75,1.0,0.0,1.0,0.75,0.75,1.0,0.25,0.75,0.75,0.75,0.0,1.0,1.0,0.25,0.75,0.75,1.0,0.75,0.75,1.0,1.0,1.0,0.0,0.75,1.0,0.25,1.0,1.0,1.0,0.0,1.0,1.0,1.0,0.0,0.0,0.5,0.83,0.67,0.33,0.83,0.33,0.67,0.5,0.75,0.25,0.5,0.25,0.5,0.5,0.75
3709,1.0,0.75,1.0,0.75,1.0,1.0,0.75,1.0,0.25,0.75,1.0,0.75,0.75,0.75,0.75,1.0,0.0,1.0,1.0,0.75,1.0,1.0,0.25,1.0,1.0,1.0,1.0,1.0,0.25,0.25,1.0,0.0,1.0,0.25,0.25,0.0,0.75,1.0,1.0,1.0,1.0,1.0,1.0,1.0,0.75,1.0,1.0,0.25,1.0,0.75,0.0,0.75,0.75,0.75,0.0,1.0,0.0,1.0,0.0,0.0,0.67,0.33,0.83,0.67,0.67,0.33,1.0,0.75,0.75,0.75,0.75,0.0,0.75,0.0,1.0
3719,1.0,0.75,0.25,1.0,0.75,0.25,0.0,0.25,0.75,0.0,0.75,0.75,0.25,0.75,1.0,0.75,0.0,1.0,1.0,1.0,0.75,1.0,0.0,1.0,0.25,0.75,0.0,0.75,0.75,0.75,0.75,0.0,1.0,0.75,0.75,0.0,0.75,0.75,0.0,1.0,0.75,1.0,0.25,1.0,0.0,1.0,0.75,0.0,1.0,1.0,0.25,1.0,1.0,1.0,0.0,1.0,1.0,1.0,0.0,0.0,0.83,0.83,0.83,0.0,0.67,0.17,0.83,0.5,0.75,0.25,0.5,0.25,0.5,0.5,0.75
3720,0.75,0.25,1.0,0.75,0.75,0.25,0.0,0.25,0.25,0.0,0.0,0.25,1.0,0.75,0.0,0.75,0.25,0.25,0.75,0.75,0.25,0.75,0.25,0.75,0.25,0.25,0.25,1.0,0.75,0.75,0.75,0.25,0.75,0.75,0.75,0.25,1.0,0.0,0.75,0.75,0.75,0.25,1.0,1.0,1.0,1.0,1.0,0.25,0.0,0.75,1.0,1.0,0.75,0.25,0.25,0.25,0.75,0.75,0.25,0.0,1.0,0.83,0.67,0.33,0.83,0.5,0.83,0.5,0.5,0.25,0.5,0.25,0.5,0.75,0.5
3728,1.0,0.0,0.25,0.75,1.0,0.0,0.0,0.75,0.25,1.0,0.0,0.0,0.0,0.75,0.0,1.0,0.25,0.0,1.0,1.0,0.75,1.0,1.0,1.0,0.0,0.25,0.0,0.25,1.0,1.0,0.75,0.25,0.25,0.75,1.0,0.75,0.25,0.0,0.75,0.0,0.0,0.0,1.0,0.0,1.0,1.0,0.25,0.75,0.25,1.0,0.75,1.0,1.0,1.0,0.0,0.25,1.0,0.0,0.0,0.0,0.0,1.0,0.5,0.0,1.0,0.5,0.67,0.0,0.75,0.25,0.75,0.25,0.5,0.75,0.0
3729,0.75,1.0,1.0,0.25,1.0,0.25,0.0,0.0,0.25,0.75,0.25,1.0,0.0,1.0,0.25,0.25,0.25,0.75,1.0,1.0,0.0,1.0,0.0,0.25,0.25,0.0,1.0,1.0,0.75,0.75,1.0,0.75,0.75,0.75,0.75,0.0,0.75,0.25,0.25,0.75,1.0,0.75,0.75,1.0,0.75,0.75,0.75,0.0,0.25,0.0,0.75,1.0,1.0,0.75,0.0,0.75,0.25,0.75,0.0,0.75,0.67,0.5,0.33,0.83,0.5,0.33,0.5,0.75,1.0,0.5,0.75,0.5,0.75,0.5,0.5
3741,0.0,0.75,0.75,0.0,1.0,0.75,0.0,0.25,0.0,1.0,0.0,0.25,0.0,0.75,0.0,0.25,0.75,0.25,1.0,0.75,0.0,0.75,1.0,0.75,0.25,0.75,0.75,1.0,0.75,0.25,1.0,0.75,0.0,1.0,0.0,1.0,0.75,0.0,0.0,0.0,0.75,0.75,0.75,0.0,0.0,0.0,0.25,1.0,0.0,1.0,0.25,0.0,0.0,1.0,0.75,0.0,0.0,0.75,0.75,1.0,0.17,0.67,0.33,0.17,0.17,0.83,0.17,0.75,0.75,0.75,0.5,0.75,0.75,0.75,0.75
3749,0.75,0.75,1.0,1.0,1.0,0.75,0.75,0.75,0.75,0.25,0.75,0.75,1.0,0.75,0.75,1.0,0.25,0.75,0.25,0.75,0.25,1.0,0.75,1.0,1.0,1.0,1.0,1.0,1.0,0.75,1.0,0.75,1.0,0.25,0.75,0.0,0.75,0.75,0.25,1.0,0.75,1.0,1.0,1.0,0.75,1.0,1.0,0.75,1.0,0.75,1.0,0.75,1.0,0.75,0.0,1.0,1.0,1.0,0.0,0.0,0.83,0.67,0.67,0.0,0.83,0.33,0.67,0.5,0.75,0.25,0.5,0.25,0.5,0.75,0.5
3755,0.75,0.25,0.75,0.75,0.0,0.25,0.0,0.0,1.0,1.0,0.25,0.0,0.75,0.0,0.25,0.0,1.0,0.0,0.75,0.75,0.0,1.0,0.75,0.75,0.75,0.75,0.0,0.25,0.0,1.0,0.0,0.75,0.0,0.75,0.25,1.0,1.0,0.25,1.0,0.0,0.0,0.0,0.75,1.0,1.0,0.25,1.0,1.0,0.0,0.0,1.0,0.0,0.0,0.75,0.75,0.75,0.0,0.0,0.75,0.75,0.0,0.83,0.17,0.33,0.83,0.33,0.17,0.25,0.75,0.75,0.25,0.5,0.5,0.75,0.5
3758,0.25,1.0,1.0,0.0,1.0,1.0,0.0,0.75,0.0,0.25,0.25,1.0,0.25,1.0,1.0,1.0,0.0,1.0,1.0,1.0,1.0,1.0,0.0,1.0,1.0,1.0,1.0,1.0,0.0,0.75,1.0,0.0,1.0,0.0,1.0,0.0,1.0,1.0,0.75,0.75,1.0,1.0,1.0,1.0,0.75,1.0,1.0,0.0,1.0,0.0,0.0,0.0,0.25,1.0,0.0,1.0,0.0,1.0,0.0,0.0,0.0,0.0,1.0,0.0,0.83,0.0,1.0,0.75,1.0,0.75,1.0,0.0,0.5,0.0,1.0
3760,0.0,1.0,0.0,0.0,1.0,1.0,0.0,1.0,0.0,1.0,1.0,1.0,1.0,1.0,0.0,1.0,1.0,1.0,0.0,0.0,1.0,1.0,1.0,0.0,1.0,1.0,0.0,1.0,0.0,0.0,1.0,0.0,1.0,1.0,1.0,0.0,1.0,1.0,1.0,1.0,1.0,1.0,1.0,1.0,1.0,1.0,0.0,1.0,0.0,0.0,1.0,0.0,1.0,1.0,0.0,1.0,1.0,1.0,0.0,0.0,1.0,1.0,1.0,1.0,0.0,0.5,1.0,0.5,0.5,0.75,1.0,0.75,0.5,0.5,1.0
3761,1.0,0.75,1.0,0.75,1.0,0.75,0.25,0.0,0.75,0.25,0.75,0.75,0.75,0.75,0.25,0.75,0.75,0.0,0.75,0.25,1.0,1.0,0.25,1.0,0.0,0.75,0.0,1.0,0.0,0.75,0.75,0.75,0.0,0.0,0.75,0.0,1.0,0.75,0.75,0.75,1.0,0.75,0.75,0.75,0.0,1.0,1.0,0.25,0.0,0.75,1.0,0.75,1.0,0.25,0.75,0.25,1.0,0.75,0.75,0.0,0.0,0.5,0.5,0.67,0.33,0.5,0.83,0.5,1.0,0.5,0.75,0.5,0.75,0.75,0.75
3786,0.25,1.0,0.75,0.0,1.0,1.0,0.75,1.0,0.0,0.0,1.0,0.75,0.0,1.0,1.0,0.75,0.0,1.0,1.0,1.0,1.0,1.0,0.0,1.0,1.0,0.25,0.75,1.0,0.0,0.25,0.75,0.0,1.0,0.0,0.75,0.0,1.0,1.0,0.0,1.0,1.0,1.0,1.0,1.0,0.25,0.75,1.0,0.0,1.0,0.0,0.25,0.75,1.0,0.75,0.0,1.0,0.0,1.0,0.0,0.0,0.17,0.0,1.0,0.0,0.33,0.33,1.0,0.75,0.75,0.5,1.0,0.0,0.25,0.25,0.75
3796,1.0,1.0,1.0,0.75,0.75,0.75,0.0,1.0,0.25,0.75,1.0,0.25,1.0,1.0,0.0,0.75,0.0,0.75,0.0,0.0,0.0,0.0,0.0,0.0,1.0,1.0,0.25,1.0,0.0,1.0,0.75,0.0,0.0,1.0,0.0,0.0,0.75,0.25,0.25,0.75,0.75,0.75,0.75,1.0,0.75,0.75,1.0,0.0,0.0,0.25,0.0,0.0,1.0,0.25,0.0,0.25,0.0,1.0,0.0,0.0,1.0,0.5,0.33,0.0,0.17,0.17,1.0,0.5,0.5,0.25,0.5,0.25,0.5,0.25,0.5
3798,0.75,0.25,1.0,0.25,0.75,1.0,0.75,0.75,0.75,0.0,0.75,0.75,0.75,0.75,1.0,0.25,0.25,0.0,1.0,1.0,0.25,1.0,0.25,1.0,0.0,0.75,0.0,1.0,0.75,1.0,0.75,0.0,0.25,0.0,0.25,0.0,0.75,0.75,0.75,0.75,0.25,0.75,0.75,1.0,0.75,1.0,1.0,0.0,0.25,0.0,1.0,1.0,1.0,0.75,0.75,1.0,0.25,0.75,0.0,0.0,0.67,0.67,0.67,0.33,0.5,0.33,0.83,0.5,0.5,0.25,0.5,0.25,0.75,0.75,0.5
3819,1.0,0.25,0.75,0.75,0.0,0.0,1.0,0.25,0.25,0.0,0.0,0.75,0.25,0.25,0.25,0.25,0.75,1.0,0.25,0.0,0.0,0.25,0.25,1.0,0.25,0.75,0.75,0.75,0.75,0.25,0.75,1.0,0.0,1.0,0.75,0.75,0.75,0.75,0.25,0.75,0.25,0.75,0.0,0.0,0.75,0.25,1.0,1.0,0.0,0.0,0.25,0.25,0.0,1.0,0.75,0.75,0.75,0.75,0.25,0.25,0.67,0.5,0.33,0.5,0.33,0.17,0.5,0.25,0.75,0.75,0.5,0.75,0.75,0.75,0.5
3829,0.0,1.0,1.0,0.0,1.0,1.0,0.0,0.75,0.0,0.25,0.75,1.0,0.25,1.0,1.0,1.0,0.0,1.0,1.0,0.75,1.0,1.0,0.0,0.75,1.0,1.0,1.0,1.0,0.25,0.0,1.0,0.0,1.0,0.0,0.25,0.0,1.0,1.0,0.0,1.0,1.0,1.0,1.0,1.0,0.75,0.75,1.0,0.0,1.0,0.0,0.0,0.0,0.0,1.0,0.0,1.0,0.0,1.0,0.0,0.0,0.0,0.0,1.0,0.0,0.67,0.0,1.0,1.0,0.75,0.75,0.75,0.0,0.25,0.0,1.0
3838,0.0,1.0,1.0,0.0,1.0,1.0,0.25,0.25,0.0,0.25,0.75,1.0,0.0,1.0,1.0,1.0,0.0,1.0,1.0,1.0,1.0,1.0,0.0,0.75,1.0,1.0,1.0,1.0,0.0,0.25,1.0,0.0,1.0,0.0,0.0,0.0,1.0,1.0,0.0,1.0,1.0,1.0,1.0,1.0,0.75,1.0,1.0,0.0,1.0,0.0,0.0,0.0,0.25,1.0,0.0,1.0,0.0,1.0,0.0,0.0,0.0,0.0,1.0,0.0,0.83,0.0,1.0,1.0,1.0,0.75,1.0,0.0,0.0,0.0,1.0
3846,1.0,0.25,1.0,1.0,1.0,0.75,1.0,1.0,1.0,0.0,0.75,0.25,0.0,1.0,0.75,1.0,0.75,0.25,0.25,1.0,0.0,0.75,0.0,1.0,1.0,0.75,1.0,1.0,1.0,0.75,0.25,0.0,1.0,0.0,0.75,0.0,0.0,1.0,0.25,1.0,1.0,1.0,0.0,1.0,0.75,0.75,1.0,0.0,1.0,0.75,0.0,1.0,1.0,1.0,0.0,1.0,0.0,1.0,0.0,0.0,0.17,0.67,0.83,0.0,0.83,0.17,1.0,0.5,0.75,0.75,0.75,0.0,0.5,0.25,0.75
3847,0.0,1.0,1.0,0.0,1.0,1.0,1.0,0.0,0.0,0.25,0.75,1.0,0.0,1.0,1.0,1.0,0.0,1.0,1.0,1.0,1.0,1.0,0.0,1.0,1.0,1.0,1.0,1.0,0.0,0.0,1.0,0.0,1.0,0.0,0.25,0.0,1.0,0.25,0.0,1.0,1.0,1.0,1.0,1.0,1.0,1.0,1.0,0.0,1.0,0.0,0.0,0.0,0.75,1.0,0.0,1.0,0.0,1.0,0.0,0.0,0.0,0.0,1.0,0.0,0.83,0.0,1.0,1.0,1.0,1.0,1.0,0.0,0.25,0.0,0.75
3856,1.0,0.25,0.75,0.75,0.0,0.75,1.0,1.0,1.0,1.0,1.0,0.25,1.0,0.75,0.75,0.75,0.75,0.0,0.75,0.0,0.0,0.0,0.75,1.0,1.0,1.0,1.0,1.0,1.0,1.0,1.0,0.25,0.0,0.25,0.75,0.0,1.0,0.75,0.75,0.0,0.25,0.75,1.0,1.0,0.0,0.25,1.0,1.0,0.25,1.0,0.25,0.75,0.0,0.75,0.75,0.0,0.75,1.0,0.75,1.0,1.0,0.5,0.5,1.0,0.17,0.5,0.5,0.5,0.5,0.5,0.5,0.25,0.5,0.5,0.75
3863,0.75,0.75,1.0,1.0,1.0,0.25,0.0,0.0,0.25,0.0,0.75,0.75,0.25,1.0,0.0,0.25,0.25,0.75,0.75,0.25,0.75,0.75,0.75,0.0,0.25,0.25,0.0,0.75,0.25,1.0,0.75,0.75,0.75,0.75,0.75,0.25,1.0,0.25,0.75,0.25,0.25,0.75,0.75,1.0,1.0,1.0,0.75,0.0,0.25,0.0,0.75,1.0,1.0,0.25,0.25,0.75,0.75,0.25,0.0,0.0,0.83,0.67,0.67,0.17,0.83,0.17,0.83,0.5,0.5,0.5,0.5,0.5,0.75,0.5,0.75
3883,0.0,0.25,0.75,0.25,1.0,0.75,0.25,1.0,0.0,0.25,0.75,0.25,0.0,1.0,0.75,0.75,0.0,0.75,0.25,0.0,0.0,0.0,0.25,0.25,0.75,0.75,0.75,0.75,0.25,0.75,1.0,0.25,0.25,0.75,0.75,0.0,0.25,0.0,0.75,0.75,1.0,0.75,0.75,0.75,0.75,0.75,0.75,0.25,0.75,0.25,0.25,0.75,0.75,0.25,0.0,0.75,0.0,1.0,0.25,0.25,0.33,0.33,0.5,0.67,0.67,0.33,0.5,0.5,0.5,0.5,0.5,0.75,0.5,0.5,0.5
3885,0.75,0.25,1.0,0.25,0.0,0.0,0.25,0.25,0.25,0.75,0.25,0.0,0.75,0.25,0.0,0.0,1.0,0.0,0.25,1.0,0.0,0.0,1.0,1.0,0.0,0.0,0.0,1.0,0.25,0.75,0.75,1.0,0.25,1.0,0.25,0.75,0.75,0.25,0.75,0.25,0.25,0.25,0.25,1.0,0.25,1.0,0.75,1.0,0.0,0.75,1.0,0.75,0.75,0.25,0.25,0.25,1.0,0.25,0.75,0.25,1.0,1.0,0.0,0.33,0.67,0.67,0.67,0.5,0.75,0.5,0.5,0.75,0.75,0.75,0.25
3897,0.25,0.0,1.0,0.0,0.0,0.0,0.0,0.0,0.25,0.0,0.0,0.25,1.0,0.75,1.0,0.75,1.0,0.0,0.0,0.0,0.0,1.0,0.75,1.0,0.0,0.25,1.0,1.0,0.25,1.0,0.0,1.0,0.25,1.0,1.0,1.0,1.0,0.0,0.0,0.75,1.0,0.25,0.75,1.0,1.0,1.0,0.0,1.0,0.0,0.0,1.0,0.0,1.0,1.0,0.0,0.75,0.25,0.0,0.0,0.25,0.17,0.83,0.33,0.5,0.83,0.5,0.33,0.5,0.75,0.5,0.75,0.75,0.5,0.75,0.5
3898,0.75,0.0,0.75,1.0,0.0,0.0,0.0,0.0,1.0,1.0,0.0,0.0,0.75,0.25,0.0,0.25,1.0,0.0,0.0,0.25,0.0,0.0,1.0,0.0,0.25,0.0,0.0,0.0,0.75,1.0,0.0,1.0,0.0,1.0,0.0,1.0,0.75,0.0,0.75,0.0,0.75,0.0,0.0,0.0,1.0,0.0,0.0,1.0,0.0,1.0,1.0,0.0,0.0,0.0,1.0,0.0,1.0,0.0,1.0,0.75,0.5,1.0,0.33,0.83,0.67,0.67,0.17,0.25,0.5,0.5,0.25,0.5,0.5,1.0,0.0
3900,1.0,0.25,0.75,1.0,0.75,0.25,0.75,0.25,1.0,0.25,0.25,0.25,0.75,1.0,0.75,0.75,0.25,0.75,1.0,1.0,0.75,1.0,1.0,1.0,0.25,0.25,0.0,1.0,1.0,1.0,0.25,0.25,0.25,0.75,1.0,0.25,0.25,0.0,1.0,0.75,0.75,0.25,0.75,1.0,1.0,1.0,0.75,0.25,0.25,0.0,1.0,1.0,1.0,1.0,0.0,1.0,1.0,0.25,0.0,0.0,0.0,1.0,0.33,0.0,0.83,0.33,0.33,0.5,0.75,0.0,0.75,0.5,0.5,0.75,0.5
3908,0.0,1.0,1.0,0.75,1.0,0.75,0.0,0.75,0.0,0.0,1.0,0.75,0.0,1.0,0.0,0.75,0.25,0.75,0.25,0.75,0.75,1.0,0.25,0.0,1.0,0.75,0.25,1.0,0.0,0.75,1.0,1.0,0.25,0.0,0.75,0.0,0.75,0.75,0.75,0.75,0.75,0.75,0.75,1.0,0.0,0.75,1.0,0.0,0.75,0.0,0.75,0.75,0.25,0.25,0.0,0.25,0.25,1.0,0.25,0.0,0.83,0.67,0.83,0.17,0.33,0.33,0.67,0.5,0.75,0.25,0.75,0.5,0.5,0.5,0.5
3911,0.0,1.0,0.75,0.0,1.0,1.0,1.0,0.0,0.0,0.25,0.75,1.0,0.0,1.0,1.0,1.0,0.0,1.0,1.0,0.75,1.0,1.0,0.0,1.0,1.0,1.0,1.0,1.0,0.0,0.0,1.0,0.0,1.0,0.0,0.25,0.0,1.0,0.25,0.0,1.0,1.0,1.0,1.0,1.0,1.0,1.0,1.0,0.0,1.0,0.0,0.0,0.0,0.75,1.0,0.0,0.75,0.0,1.0,0.0,0.0,0.0,0.0,1.0,0.0,0.83,0.0,1.0,1.0,1.0,1.0,1.0,0.75,0.25,0.0,0.75
3912,0.0,0.0,1.0,0.0,0.0,0.0,0.0,0.0,1.0,1.0,0.0,1.0,1.0,1.0,0.0,1.0,1.0,0.0,1.0,1.0,0.0,1.0,1.0,1.0,0.0,0.0,0.0,0.0,1.0,1.0,0.0,1.0,0.0,1.0,0.0,1.0,0.0,0.0,0.75,0.0,0.0,0.0,0.0,0.0,0.0,0.0,0.0,1.0,0.0,1.0,1.0,0.0,0.0,1.0,1.0,0.0,1.0,0.0,1.0,1.0,0.0,1.0,0.0,0.0,0.83,1.0,0.0,0.0,0.5,0.25,0.0,0.25,0.75,0.75,0.25
3932,0.0,1.0,0.25,0.0,1.0,1.0,0.75,0.75,0.25,0.0,0.75,0.75,0.0,1.0,0.75,0.75,0.0,1.0,1.0,1.0,1.0,1.0,0.0,1.0,1.0,1.0,1.0,1.0,0.25,0.25,1.0,0.0,1.0,0.0,1.0,0.0,1.0,0.0,0.25,1.0,1.0,0.75,0.75,1.0,1.0,1.0,1.0,0.0,1.0,0.0,0.0,1.0,1.0,0.25,0.0,1.0,0.25,1.0,0.0,0.0,0.33,0.17,1.0,0.17,1.0,0.0,1.0,0.75,0.75,0.5,0.75,0.25,0.5,0.25,0.75
3934,1.0,0.75,1.0,0.0,1.0,0.25,0.0,0.75,1.0,1.0,0.0,0.75,0.0,0.0,0.0,0.0,0.0,1.0,0.75,0.75,0.25,1.0,0.25,0.75,0.75,0.75,0.0,0.0,1.0,1.0,0.25,1.0,0.0,0.0,1.0,0.25,0.25,0.0,0.25,0.75,1.0,1.0,1.0,0.0,1.0,1.0,0.0,0.75,0.75,0.0,1.0,0.75,1.0,0.25,0.0,0.25,1.0,1.0,0.0,0.0,0.17,0.67,0.67,0.83,1.0,0.67,0.67,0.25,1.0,0.75,0.75,0.25,0.25,1.0,0.75
3951,0.25,0.75,1.0,0.75,0.75,0.75,0.25,0.75,0.25,0.0,0.75,0.25,0.0,0.25,0.25,0.75,0.0,0.75,0.0,0.0,0.25,0.25,0.25,1.0,0.75,0.75,1.0,0.75,0.25,0.75,0.75,0.25,0.75,0.25,0.75,0.0,0.75,0.75,0.25,0.75,0.25,0.75,0.75,1.0,0.75,1.0,0.75,0.25,0.75,0.75,0.75,0.25,0.25,0.75,0.25,0.75,0.25,1.0,0.25,0.75,0.33,0.33,0.67,0.67,0.5,0.33,0.67,0.5,0.5,0.5,0.5,0.25,0.5,0.5,1.0
3953,0.0,1.0,0.75,0.0,1.0,1.0,1.0,0.0,0.0,0.25,0.75,1.0,0.0,1.0,1.0,1.0,0.0,1.0,1.0,1.0,1.0,1.0,0.0,1.0,1.0,1.0,1.0,1.0,0.0,0.0,1.0,0.0,1.0,0.0,0.0,0.0,1.0,0.25,0.0,1.0,1.0,1.0,1.0,1.0,1.0,1.0,1.0,0.0,1.0,0.0,0.0,0.0,0.75,1.0,0.0,0.75,0.0,1.0,0.0,0.0,0.0,0.0,1.0,0.0,0.83,0.0,1.0,1.0,1.0,1.0,1.0,0.0,0.25,0.0,1.0
3958,1.0,0.0,0.0,1.0,0.0,0.0,0.0,0.0,0.0,0.0,0.0,1.0,0.0,0.0,0.0,1.0,1.0,1.0,0.75,1.0,0.0,1.0,1.0,1.0,0.0,0.0,0.0,0.0,1.0,1.0,0.75,1.0,0.0,1.0,1.0,1.0,0.0,0.0,0.0,0.0,1.0,0.0,0.25,0.0,1.0,0.0,0.0,1.0,1.0,1.0,0.75,0.0,0.0,0.0,1.0,0.0,1.0,0.0,0.0,1.0,1.0,1.0,0.0,0.0,1.0,1.0,0.0,0.0,0.0,0.0,0.0,0.75,0.75,0.75,0.0
3961,1.0,0.75,0.25,0.75,0.75,0.25,0.0,0.0,0.75,0.0,0.75,0.75,0.0,0.75,1.0,1.0,0.0,1.0,0.0,0.75,0.25,0.75,0.25,0.75,0.0,0.75,0.0,1.0,0.75,0.75,0.75,0.25,0.75,0.75,1.0,0.0,0.75,0.25,0.25,0.75,0.75,0.25,0.75,1.0,1.0,1.0,1.0,0.0,0.75,0.25,0.75,0.75,1.0,0.75,0.0,1.0,1.0,1.0,0.0,0.0,0.83,1.0,0.17,0.0,0.83,0.33,0.67,0.5,0.75,0.25,0.5,0.25,0.5,0.75,0.5
3967,0.0,1.0,0.75,0.0,1.0,1.0,0.25,0.25,0.0,0.0,0.0,1.0,0.0,1.0,1.0,1.0,0.0,1.0,1.0,1.0,1.0,1.0,0.0,1.0,1.0,1.0,1.0,1.0,0.0,0.25,1.0,0.0,1.0,0.0,0.75,0.0,1.0,0.0,0.0,1.0,1.0,1.0,1.0,1.0,1.0,1.0,1.0,0.0,1.0,0.0,0.0,0.0,0.75,1.0,0.0,0.75,0.0,1.0,0.0,0.0,0.0,0.0,1.0,0.0,0.33,0.0,1.0,1.0,1.0,0.25,1.0,0.0,0.25,0.0,1.0
3974,0.0,0.0,0.75,0.0,0.0,0.0,0.0,0.0,0.75,1.0,0.0,0.75,0.75,0.25,0.0,0.0,1.0,0.0,0.75,0.75,0.0,0.75,1.0,0.0,0.0,0.0,0.0,0.0,1.0,1.0,0.0,1.0,0.0,1.0,0.0,1.0,0.75,0.0,0.75,0.0,0.0,0.0,0.0,0.0,0.0,0.0,0.0,1.0,0.0,1.0,1.0,0.25,0.0,0.25,1.0,0.0,1.0,0.0,1.0,1.0,0.83,1.0,0.0,0.67,0.83,1.0,0.17,0.25,0.5,0.75,0.5,0.75,0.75,0.75,0.0
3975,0.0,0.25,0.0,0.0,1.0,1.0,0.0,1.0,0.25,0.25,1.0,1.0,0.25,1.0,1.0,0.75,0.0,1.0,1.0,1.0,1.0,1.0,0.0,1.0,1.0,1.0,1.0,1.0,0.0,0.0,1.0,0.0,1.0,0.25,0.0,0.0,1.0,1.0,0.25,1.0,0.75,1.0,1.0,1.0,0.25,0.75,1.0,0.0,1.0,1.0,0.0,0.0,0.75,1.0,0.0,1.0,0.0,1.0,0.0,0.0,0.67,0.0,1.0,0.0,0.67,0.17,1.0,0.75,0.75,0.75,1.0,0.0,0.25,0.0,0.75
3982,0.75,0.0,1.0,0.0,0.0,0.25,0.75,0.0,0.75,0.75,0.25,0.75,0.0,1.0,0.75,0.75,0.0,0.0,0.0,0.25,0.0,0.75,0.75,1.0,0.0,0.0,0.0,0.75,0.0,1.0,0.0,1.0,0.0,1.0,0.75,1.0,1.0,0.0,0.0,0.0,0.25,0.25,0.0,0.0,0.75,0.0,0.75,1.0,0.0,0.25,0.75,0.0,0.0,1.0,0.25,0.0,0.75,0.75,0.25,0.75,0.83,0.67,0.17,0.33,0.67,0.33,0.33,0.25,0.75,0.75,0.25,0.75,0.75,0.75,0.75
3984,0.0,1.0,1.0,0.0,1.0,1.0,0.25,0.75,0.0,0.0,0.0,1.0,0.0,1.0,1.0,1.0,0.0,1.0,1.0,0.75,1.0,1.0,0.0,1.0,1.0,1.0,1.0,1.0,0.0,0.0,1.0,0.0,1.0,0.0,0.0,0.0,1.0,1.0,0.0,1.0,1.0,1.0,1.0,1.0,0.75,1.0,1.0,0.0,1.0,0.75,0.0,0.75,1.0,1.0,0.0,1.0,0.75,1.0,0.0,0.0,0.0,0.0,1.0,0.0,0.67,0.0,1.0,1.0,1.0,0.5,1.0,0.0,0.5,0.25,1.0
3998,1.0,0.0,0.75,1.0,0.0,0.0,0.0,0.0,0.75,0.75,0.0,0.25,1.0,1.0,0.0,0.0,0.75,0.0,0.75,0.25,0.0,1.0,1.0,0.75,0.0,0.75,0.0,0.25,1.0,1.0,0.0,1.0,0.0,1.0,0.75,0.75,0.25,0.0,0.75,0.0,0.25,0.25,0.0,0.75,1.0,1.0,0.0,0.75,0.0,0.75,1.0,0.75,1.0,0.75,0.25,0.75,0.75,0.0,0.0,0.25,0.0,1.0,0.0,0.17,0.0,0.67,0.17,0.25,0.75,0.25,0.5,0.5,0.5,0.75,0.25
4000,0.25,1.0,1.0,0.75,1.0,0.75,0.25,0.75,0.25,0.0,0.75,0.25,0.75,0.75,0.25,0.75,0.0,0.0,0.75,0.25,0.25,0.75,0.25,0.0,0.75,0.75,0.25,1.0,0.25,1.0,0.75,0.0,1.0,0.0,1.0,0.0,1.0,1.0,0.75,0.75,0.75,0.75,0.75,1.0,0.75,0.75,1.0,0.0,0.75,0.0,0.25,1.0,1.0,1.0,0.0,0.75,0.25,1.0,0.0,0.0,0.83,0.33,0.5,0.5,0.67,0.33,0.83,0.75,0.75,0.5,0.75,0.25,0.5,0.5,0.5
4003,0.25,0.25,0.75,0.25,0.25,0.75,0.0,0.75,0.75,0.25,0.25,0.75,0.75,0.75,0.75,0.75,0.75,0.0,0.25,0.75,0.25,0.75,0.25,0.75,0.25,0.75,0.75,0.75,0.25,0.75,1.0,0.75,0.25,0.75,0.75,0.0,0.75,0.25,0.25,0.75,0.75,0.75,0.75,1.0,0.75,0.75,0.25,0.25,0.75,0.75,0.75,0.75,0.75,0.25,0.0,0.75,0.75,0.75,0.0,0.25,0.83,0.83,0.17,0.17,0.83,0.17,0.5,0.5,0.75,0.5,0.5,0.5,0.5,0.5,0.5
4012,0.75,0.0,1.0,0.25,0.0,0.0,0.0,0.0,1.0,0.25,0.0,0.25,0.75,0.75,0.0,0.0,1.0,0.0,0.75,0.75,0.0,1.0,1.0,0.75,0.0,0.75,0.0,0.0,0.25,1.0,0.0,1.0,0.0,1.0,1.0,1.0,0.75,0.0,1.0,0.0,0.0,0.0,0.25,0.0,1.0,0.75,0.75,1.0,0.0,0.0,1.0,0.0,0.25,0.0,0.25,0.0,0.75,0.0,0.75,1.0,0.67,1.0,0.33,0.0,1.0,1.0,0.17,0.0,0.75,0.75,0.5,0.75,0.75,0.75,0.25
4025,0.75,1.0,1.0,0.75,0.0,1.0,0.0,0.25,0.75,0.0,0.25,0.0,0.75,0.75,0.25,1.0,0.0,0.0,1.0,0.75,0.0,0.0,0.25,0.0,1.0,0.75,0.0,1.0,1.0,0.25,0.75,0.75,0.0,0.75,1.0,0.0,1.0,0.25,1.0,0.0,0.0,0.25,0.25,0.75,0.75,0.25,1.0,0.0,1.0,0.75,0.0,0.0,0.0,1.0,0.0,0.25,0.0,1.0,0.0,0.75,0.17,0.67,0.83,0.17,0.83,0.83,0.17,0.75,1.0,0.5,0.75,0.5,0.25,0.25,1.0
4029,0.0,0.0,0.0,1.0,0.0,0.0,0.0,0.0,0.75,1.0,0.0,0.0,1.0,0.75,0.0,0.0,1.0,0.0,1.0,1.0,0.0,1.0,1.0,1.0,0.0,0.0,0.75,0.0,1.0,0.25,0.0,1.0,0.0,1.0,0.0,1.0,0.75,0.0,0.75,0.0,0.75,0.0,0.0,0.0,1.0,0.0,0.0,1.0,0.0,1.0,1.0,0.0,0.0,0.75,1.0,0.0,1.0,0.0,1.0,1.0,0.83,0.83,0.0,0.67,0.83,1.0,0.0,0.25,0.5,0.5,0.5,0.5,0.75,0.75,0.0
4030,0.0,0.75,1.0,1.0,1.0,0.25,0.0,0.0,0.0,0.0,0.25,0.25,0.75,0.75,0.25,0.75,0.0,0.0,0.75,0.75,0.25,1.0,0.25,0.0,0.25,0.25,0.25,1.0,0.25,0.75,1.0,0.75,1.0,0.25,0.75,0.25,1.0,0.0,0.0,0.75,0.75,0.25,0.75,1.0,1.0,1.0,1.0,0.0,0.25,0.0,0.0,1.0,1.0,0.75,0.0,0.25,0.75,0.75,0.0,0.0,1.0,0.67,0.83,0.0,0.83,0.67,1.0,0.75,0.5,0.25,0.5,0.5,0.5,0.5,0.5
4033,0.75,0.75,1.0,0.25,0.25,0.25,0.25,0.25,0.75,0.25,0.25,0.75,0.75,0.75,0.25,0.75,0.25,0.75,1.0,0.75,0.75,1.0,0.25,0.75,0.25,1.0,0.75,1.0,0.75,0.75,0.75,1.0,0.25,0.75,1.0,0.25,1.0,0.25,0.0,0.75,0.75,1.0,0.75,1.0,1.0,1.0,0.75,0.25,0.0,0.25,0.75,0.25,0.75,0.75,0.25,0.75,0.75,1.0,0.25,0.0,0.33,0.83,0.67,0.67,0.67,0.67,0.67,0.5,0.75,0.5,0.75,0.75,0.5,0.5,0.5
4037,0.0,0.0,1.0,0.0,0.0,0.0,0.0,0.0,1.0,1.0,0.0,1.0,1.0,1.0,0.0,1.0,1.0,0.0,1.0,1.0,0.0,1.0,1.0,1.0,0.0,0.0,0.0,0.0,1.0,1.0,0.0,1.0,0.0,1.0,0.0,1.0,0.0,0.0,0.0,0.0,0.0,0.0,0.0,0.0,0.0,0.0,0.0,1.0,0.0,1.0,1.0,0.0,0.0,1.0,1.0,0.0,1.0,0.0,1.0,1.0,0.0,1.0,0.0,0.0,0.67,0.83,0.33,0.0,0.5,0.25,0.25,0.25,1.0,1.0,0.0
4038,0.0,1.0,1.0,0.75,0.25,0.75,0.0,0.25,0.25,0.0,1.0,0.25,0.25,1.0,0.25,0.25,0.0,0.75,0.0,0.0,0.0,0.25,0.25,0.0,0.25,1.0,0.0,1.0,1.0,0.75,0.75,0.75,0.0,1.0,0.75,0.75,0.75,0.0,1.0,0.75,0.75,0.75,0.75,1.0,0.75,0.75,1.0,0.25,0.0,0.75,0.25,0.0,0.25,0.25,0.0,0.25,0.0,0.75,0.0,0.25,0.33,0.5,0.5,0.5,0.5,0.33,0.33,0.5,0.5,0.5,0.5,0.5,0.5,0.5,0.5
4049,0.0,0.75,1.0,0.0,1.0,1.0,0.0,0.75,0.0,0.0,0.0,1.0,0.0,1.0,1.0,1.0,0.0,1.0,1.0,1.0,1.0,1.0,0.0,1.0,1.0,0.0,1.0,1.0,0.0,0.0,1.0,0.0,1.0,0.25,0.0,0.0,1.0,0.0,0.0,1.0,1.0,1.0,1.0,1.0,1.0,0.25,1.0,0.0,1.0,0.0,0.0,0.0,1.0,0.0,0.0,1.0,0.0,1.0,0.0,0.0,0.17,0.0,1.0,0.0,1.0,0.0,1.0,1.0,1.0,0.0,1.0,0.0,0.5,0.0,1.0
4062,1.0,0.75,1.0,1.0,1.0,0.0,0.75,1.0,0.25,0.25,0.25,0.25,0.25,0.75,0.25,1.0,0.0,0.25,1.0,1.0,0.25,1.0,0.25,0.75,1.0,0.25,0.0,0.25,0.25,1.0,0.25,0.75,1.0,0.75,0.75,0.75,0.75,0.25,0.75,0.75,0.75,0.25,0.75,1.0,1.0,1.0,0.75,0.0,0.0,0.25,0.75,1.0,1.0,0.75,0.0,0.75,0.75,0.75,0.0,0.0,0.67,0.67,0.67,0.17,0.67,0.17,0.67,0.5,0.75,0.25,0.75,0.5,0.5,0.5,0.5
4065,0.0,1.0,1.0,0.0,1.0,1.0,0.25,0.0,0.0,0.0,1.0,0.75,0.0,1.0,0.25,0.75,0.25,0.0,1.0,0.25,0.25,1.0,0.75,1.0,0.0,1.0,1.0,1.0,1.0,0.75,1.0,0.75,0.75,0.75,0.75,0.75,1.0,0.0,0.0,0.25,1.0,0.75,0.75,0.75,1.0,1.0,1.0,1.0,0.25,0.75,0.25,0.25,0.75,0.75,0.0,0.25,0.25,1.0,0.0,0.25,0.17,0.33,0.67,0.67,0.67,0.0,0.83,0.75,0.75,0.5,0.5,0.5,0.5,0.5,0.5
4083,0.75,1.0,1.0,0.0,1.0,1.0,0.75,0.25,0.25,0.0,0.75,0.25,1.0,1.0,1.0,0.25,0.75,0.25,1.0,1.0,0.75,1.0,0.75,1.0,0.25,0.75,0.25,1.0,0.75,0.25,1.0,0.25,1.0,0.75,1.0,0.0,0.75,0.75,0.0,0.75,0.75,0.75,1.0,1.0,0.75,0.25,1.0,0.0,0.25,0.0,1.0,0.75,0.75,0.75,0.0,0.75,0.25,0.75,0.0,0.0,1.0,0.67,0.83,0.0,0.83,0.33,0.67,0.75,1.0,0.75,1.0,0.25,0.75,0.75,0.5
4097,1.0,0.25,1.0,0.25,0.0,0.25,0.0,1.0,0.25,0.25,0.75,0.75,1.0,0.0,0.0,0.75,1.0,0.0,0.0,1.0,0.0,1.0,0.25,0.75,0.0,0.75,0.0,0.25,1.0,1.0,0.0,1.0,0.25,1.0,0.25,1.0,0.75,0.75,0.0,0.0,1.0,0.25,1.0,0.75,1.0,0.25,1.0,1.0,0.0,1.0,1.0,0.0,0.0,0.25,0.25,0.0,1.0,0.0,1.0,1.0,1.0,0.83,0.0,0.5,0.67,0.17,0.17,0.0,1.0,0.5,0.75,0.75,1.0,1.0,0.0
4099,1.0,0.25,1.0,1.0,0.0,0.0,0.75,0.0,0.75,0.75,0.0,0.0,1.0,0.0,0.0,0.75,1.0,0.0,1.0,1.0,0.0,1.0,1.0,1.0,0.0,0.0,0.0,0.25,0.25,1.0,0.0,1.0,0.0,0.75,1.0,1.0,1.0,0.0,0.25,0.25,0.25,0.0,0.25,0.25,1.0,1.0,0.75,1.0,0.0,1.0,1.0,0.25,0.0,1.0,0.75,0.0,1.0,0.0,0.75,1.0,0.67,0.83,0.17,0.17,1.0,0.67,0.17,0.25,0.75,0.5,0.5,0.75,0.75,0.75,0.0
4100,0.0,1.0,1.0,0.0,1.0,1.0,0.25,0.0,0.25,0.0,0.25,1.0,0.0,1.0,0.75,1.0,0.25,1.0,1.0,1.0,1.0,1.0,0.0,1.0,1.0,0.75,1.0,1.0,0.0,0.0,1.0,0.0,0.0,0.0,0.0,0.0,1.0,0.0,0.0,1.0,1.0,1.0,1.0,1.0,0.0,1.0,1.0,0.0,1.0,0.0,0.0,1.0,1.0,0.0,0.0,1.0,1.0,1.0,0.0,0.0,0.17,0.0,1.0,0.0,0.17,0.0,1.0,1.0,0.75,0.5,0.75,0.25,0.5,0.25,1.0
4119,0.75,0.25,0.75,1.0,0.25,0.0,0.75,0.25,0.25,0.25,0.25,0.25,0.75,0.75,0.0,1.0,0.0,0.0,0.75,0.75,0.25,0.0,0.75,0.75,0.25,0.25,0.25,0.25,0.75,1.0,0.25,1.0,0.25,0.75,1.0,0.75,0.25,0.25,0.75,0.75,0.75,0.25,0.0,0.25,0.75,0.25,0.75,0.75,0.0,0.25,0.25,0.75,1.0,0.75,0.0,0.75,0.75,0.25,0.25,0.0,0.17,0.83,0.67,0.67,1.0,0.33,0.33,0.25,0.5,0.25,0.5,0.5,0.5,0.75,0.75
4120,1.0,0.25,1.0,1.0,0.75,0.25,0.25,0.25,0.75,0.25,0.75,0.25,0.0,1.0,0.75,1.0,0.75,0.75,0.75,1.0,0.0,1.0,0.0,1.0,0.75,0.75,0.0,0.75,0.75,0.75,0.0,0.25,0.25,0.75,0.25,0.0,0.75,0.25,1.0,0.25,0.75,0.75,1.0,0.75,0.75,0.75,0.75,0.25,0.0,0.75,0.75,1.0,1.0,0.75,0.0,1.0,1.0,1.0,0.0,0.0,0.83,1.0,0.5,0.0,0.67,0.33,0.67,0.5,0.75,0.25,0.75,0.0,0.75,0.75,0.75
4122,0.25,0.0,1.0,1.0,0.0,0.0,0.0,0.0,0.75,1.0,0.0,0.0,1.0,0.25,0.0,0.0,1.0,0.0,0.0,0.25,0.0,1.0,1.0,0.75,0.0,0.0,0.0,0.0,1.0,1.0,0.75,1.0,0.0,1.0,0.0,1.0,0.75,0.0,0.25,0.25,0.75,0.25,0.75,0.0,1.0,0.0,0.0,1.0,0.0,1.0,1.0,0.25,0.0,0.25,1.0,0.0,1.0,0.25,1.0,1.0,0.83,1.0,0.0,0.5,0.67,0.83,0.5,0.25,0.5,0.5,0.5,0.5,0.75,0.75,0.0
4127,0.75,0.25,1.0,1.0,0.75,0.25,0.0,0.0,0.25,0.0,0.75,0.75,0.75,0.75,0.25,0.75,0.0,0.0,0.25,1.0,0.75,1.0,0.25,0.0,0.25,0.25,0.0,1.0,0.75,1.0,0.75,0.25,1.0,0.75,0.75,0.25,1.0,0.0,0.25,0.75,0.0,0.75,1.0,1.0,1.0,1.0,0.75,0.0,0.75,0.0,0.75,1.0,1.0,0.75,0.0,0.25,0.25,0.75,0.0,0.0,0.83,0.67,0.5,0.0,0.67,0.17,0.83,0.5,0.5,0.25,0.5,0.5,0.5,0.75,0.5
4138,0.0,0.0,1.0,0.25,0.0,0.0,0.0,0.0,0.0,1.0,0.0,0.0,0.0,0.75,0.0,0.0,0.75,0.0,0.0,0.0,0.0,0.0,1.0,0.0,0.0,0.25,0.0,0.25,0.25,0.0,0.25,0.75,0.0,1.0,0.0,1.0,0.75,0.25,0.75,0.0,0.75,0.75,0.25,0.25,0.0,0.0,0.0,1.0,0.0,1.0,0.25,0.0,0.0,1.0,1.0,0.0,0.75,0.25,1.0,1.0,0.17,1.0,0.33,0.83,0.33,0.67,0.67,0.25,0.5,0.5,0.5,0.75,0.75,0.5,0.25
4139,0.75,0.75,0.0,1.0,1.0,0.25,0.0,0.75,0.75,0.0,0.75,0.75,0.0,1.0,1.0,1.0,0.0,1.0,1.0,1.0,0.75,1.0,0.0,1.0,0.0,0.75,0.0,0.75,1.0,1.0,0.75,0.0,1.0,0.75,0.75,0.0,1.0,1.0,0.0,1.0,1.0,1.0,1.0,1.0,1.0,1.0,0.75,0.0,1.0,1.0,0.0,1.0,1.0,1.0,0.0,1.0,1.0,1.0,0.0,0.0,0.83,0.83,0.67,0.0,0.83,0.0,0.83,0.5,0.75,0.0,0.5,0.0,0.5,0.5,0.75
4146,0.0,1.0,1.0,0.0,1.0,1.0,0.0,0.0,0.0,0.0,1.0,1.0,0.0,1.0,1.0,1.0,0.0,1.0,1.0,1.0,1.0,1.0,0.0,1.0,1.0,0.0,1.0,1.0,0.0,1.0,1.0,0.0,1.0,0.0,1.0,0.0,1.0,1.0,0.0,1.0,1.0,1.0,1.0,1.0,1.0,1.0,1.0,0.0,1.0,1.0,0.0,1.0,1.0,1.0,0.0,1.0,1.0,1.0,0.0,0.0,0.0,0.17,1.0,0.0,0.17,0.0,1.0,1.0,0.75,0.0,1.0,0.0,0.5,0.0,1.0
4149,0.0,0.0,1.0,0.0,1.0,0.75,0.0,0.0,0.0,1.0,0.0,0.0,1.0,1.0,0.0,0.0,1.0,0.0,1.0,0.0,0.0,1.0,1.0,0.0,0.75,0.0,0.75,1.0,1.0,1.0,0.0,1.0,0.0,1.0,0.0,1.0,1.0,0.0,1.0,0.0,0.75,0.0,0.0,0.0,0.0,0.0,0.0,1.0,0.0,1.0,1.0,0.0,0.0,1.0,1.0,0.0,1.0,0.0,1.0,1.0,0.0,1.0,0.0,0.67,0.83,0.83,0.33,0.5,1.0,1.0,0.5,1.0,0.75,1.0,0.5
4153,0.25,0.75,0.75,0.0,0.25,1.0,0.0,0.0,0.25,1.0,0.0,0.75,0.25,1.0,0.0,0.75,1.0,0.0,0.0,0.0,0.0,0.25,1.0,0.25,0.0,1.0,1.0,0.0,1.0,1.0,0.75,0.75,0.0,1.0,0.0,1.0,0.75,1.0,1.0,0.0,0.0,0.0,1.0,1.0,0.0,0.0,1.0,1.0,0.0,1.0,1.0,0.0,0.0,1.0,0.0,0.0,1.0,0.75,0.75,1.0,0.83,0.33,0.67,0.5,0.67,0.33,0.0,0.5,0.75,0.75,0.5,0.5,0.75,1.0,0.5
4156,0.0,0.0,0.0,0.25,0.0,0.0,0.0,0.0,0.75,1.0,0.0,0.25,1.0,0.25,0.0,0.75,0.75,0.0,0.0,0.25,0.0,0.0,1.0,0.75,0.0,0.0,0.0,0.0,1.0,1.0,0.0,1.0,0.0,1.0,0.0,1.0,0.75,0.0,1.0,0.0,0.0,0.0,0.0,0.0,1.0,0.0,0.0,1.0,0.0,0.75,1.0,0.0,0.0,0.25,0.25,0.0,1.0,0.0,0.75,0.75,0.83,1.0,0.17,0.67,0.83,1.0,0.17,0.25,0.5,0.5,0.25,0.5,0.75,0.75,0.0
4160,0.0,1.0,0.75,0.0,1.0,1.0,0.75,0.75,0.0,0.0,0.75,0.75,0.0,1.0,1.0,0.75,0.0,1.0,0.0,0.25,1.0,1.0,1.0,0.75,1.0,1.0,1.0,1.0,0.75,0.0,1.0,0.25,1.0,0.0,0.25,0.0,0.75,0.75,0.0,0.75,1.0,1.0,1.0,1.0,0.75,0.75,1.0,0.25,0.75,1.0,0.0,0.0,0.75,1.0,0.0,1.0,0.25,1.0,0.0,0.0,0.0,0.33,1.0,0.5,0.67,0.0,1.0,1.0,1.0,0.75,1.0,0.0,0.25,0.0,1.0
4161,0.25,0.75,1.0,1.0,0.75,0.75,0.75,0.75,0.0,0.25,0.75,1.0,0.25,1.0,1.0,0.75,0.0,0.75,0.25,0.75,0.25,1.0,0.25,0.0,0.75,1.0,0.75,1.0,0.0,0.75,0.75,0.75,0.75,0.0,1.0,0.0,0.75,0.75,0.25,0.75,0.75,0.75,0.75,0.75,0.75,0.75,1.0,1.0,1.0,0.25,0.0,0.25,0.75,0.75,0.0,0.75,0.75,1.0,0.0,0.0,0.67,0.5,0.83,0.67,0.83,0.17,0.83,0.5,0.5,0.75,0.25,0.5,0.5,0.5,0.75
4164,1.0,0.25,0.0,1.0,0.75,0.75,0.0,0.25,0.75,0.0,0.75,0.75,0.75,1.0,1.0,1.0,0.0,0.75,0.75,0.75,0.75,1.0,0.25,1.0,0.75,0.75,0.0,0.75,1.0,1.0,0.75,0.0,1.0,1.0,0.75,0.0,0.75,0.75,0.0,0.75,0.25,1.0,0.75,0.75,1.0,1.0,0.75,0.0,1.0,1.0,0.25,1.0,1.0,1.0,0.0,1.0,1.0,1.0,0.0,0.0,0.67,1.0,0.17,0.17,0.83,0.17,0.67,0.5,0.75,0.25,0.5,0.25,0.5,0.5,0.5
4167,0.0,1.0,0.25,0.0,1.0,1.0,1.0,0.0,0.0,1.0,1.0,1.0,0.0,1.0,1.0,1.0,0.0,1.0,1.0,0.25,1.0,1.0,0.0,1.0,1.0,1.0,1.0,1.0,0.0,0.75,1.0,1.0,1.0,0.0,1.0,0.0,1.0,0.25,1.0,0.25,0.75,1.0,1.0,1.0,1.0,1.0,1.0,1.0,1.0,1.0,0.0,0.0,0.0,1.0,0.0,0.0,0.0,1.0,0.0,1.0,0.0,0.0,1.0,0.0,0.5,0.0,1.0,1.0,1.0,1.0,1.0,1.0,0.25,0.0,0.5
4169,1.0,0.0,1.0,1.0,0.0,0.0,0.0,0.0,0.0,0.0,0.0,0.0,0.0,0.0,0.0,1.0,1.0,0.0,1.0,1.0,0.0,1.0,1.0,1.0,0.0,0.0,0.0,0.0,1.0,1.0,0.0,1.0,0.0,1.0,0.0,1.0,0.0,0.0,1.0,0.0,0.0,0.0,0.0,0.0,0.0,0.0,0.0,1.0,0.0,1.0,0.75,0.0,0.0,0.75,0.25,0.0,0.75,0.0,0.0,1.0,0.0,1.0,0.0,0.5,0.83,0.5,0.0,0.0,0.25,0.0,0.0,0.75,0.5,0.5,0.0
4176,0.0,1.0,1.0,1.0,1.0,1.0,0.75,0.75,0.25,0.0,1.0,1.0,1.0,1.0,0.75,0.75,0.0,1.0,0.75,0.25,0.25,0.75,0.0,0.0,1.0,1.0,0.75,1.0,0.25,0.75,1.0,0.25,0.75,0.75,0.75,0.0,0.75,0.25,0.25,0.75,0.75,1.0,0.75,1.0,1.0,0.75,1.0,0.0,1.0,0.25,0.0,0.25,0.75,0.25,0.0,0.75,0.0,1.0,0.0,0.0,0.33,0.67,0.67,0.0,0.67,0.17,1.0,0.75,0.75,0.5,0.75,0.25,0.5,0.25,0.75
4179,0.0,1.0,0.25,0.0,1.0,1.0,0.75,0.25,0.0,0.25,0.75,0.75,0.0,1.0,1.0,1.0,0.0,1.0,1.0,1.0,1.0,1.0,0.0,1.0,1.0,1.0,1.0,1.0,0.0,0.0,1.0,0.0,1.0,0.0,0.75,0.0,1.0,0.25,0.0,1.0,1.0,1.0,1.0,1.0,1.0,1.0,1.0,0.0,1.0,0.25,0.0,0.25,0.75,1.0,0.0,1.0,0.25,1.0,0.0,0.0,0.0,0.0,1.0,0.0,0.67,0.0,1.0,1.0,1.0,0.5,1.0,0.0,0.25,0.0,0.75
4183,0.0,1.0,0.75,0.0,1.0,1.0,1.0,0.0,0.0,0.0,0.75,0.75,0.0,1.0,1.0,1.0,0.0,1.0,1.0,0.75,1.0,1.0,0.0,1.0,1.0,1.0,1.0,1.0,0.0,0.0,1.0,0.0,1.0,0.0,0.25,0.0,1.0,0.25,0.0,1.0,1.0,1.0,1.0,1.0,1.0,1.0,1.0,0.0,1.0,0.0,0.0,0.0,0.25,1.0,0.0,1.0,0.0,1.0,0.0,0.0,0.0,0.0,1.0,0.0,0.67,0.0,1.0,1.0,1.0,0.75,1.0,0.0,0.25,0.0,0.75
4184,0.25,0.75,0.25,0.75,1.0,0.75,0.25,0.75,0.25,0.25,0.75,0.75,0.75,1.0,1.0,1.0,0.0,0.75,1.0,1.0,0.75,1.0,0.25,1.0,0.75,0.75,0.75,1.0,0.75,0.75,1.0,0.0,1.0,0.25,0.75,0.25,0.75,1.0,0.0,0.75,0.75,1.0,1.0,1.0,1.0,1.0,1.0,0.0,1.0,1.0,0.0,1.0,1.0,1.0,0.0,1.0,1.0,1.0,0.0,0.0,0.67,0.5,1.0,0.0,0.67,0.33,0.67,0.75,0.5,0.25,0.75,0.25,0.5,0.0,0.75
4186,0.0,1.0,0.0,0.0,1.0,1.0,0.75,1.0,0.0,0.0,0.0,1.0,0.0,1.0,1.0,1.0,0.0,1.0,0.75,1.0,1.0,1.0,0.0,0.75,1.0,0.25,1.0,1.0,0.0,0.0,1.0,0.0,1.0,0.0,0.75,0.0,0.75,0.75,0.75,1.0,1.0,1.0,1.0,1.0,0.75,1.0,1.0,0.0,1.0,0.0,0.0,0.75,0.25,1.0,0.25,1.0,0.0,1.0,0.0,0.0,0.0,0.0,1.0,0.0,0.5,0.0,1.0,1.0,1.0,0.5,1.0,0.0,0.5,0.0,1.0
4202,1.0,0.0,0.0,1.0,0.0,0.0,0.0,0.0,1.0,1.0,0.0,0.0,1.0,0.75,0.0,1.0,1.0,0.0,1.0,1.0,1.0,1.0,1.0,1.0,0.0,1.0,0.0,0.0,1.0,1.0,0.0,1.0,0.0,1.0,1.0,1.0,0.25,0.0,0.0,0.75,0.75,0.0,1.0,0.0,1.0,0.0,1.0,0.75,1.0,1.0,1.0,0.0,1.0,1.0,0.0,0.0,1.0,0.25,0.0,0.25,0.0,0.83,0.5,0.0,0.67,0.83,0.33,0.25,0.75,0.25,0.5,0.5,0.5,0.5,0.25
4218,0.25,0.75,1.0,0.0,1.0,0.75,0.0,1.0,0.0,0.25,0.25,1.0,0.0,0.75,0.25,0.25,0.0,1.0,0.0,0.0,0.0,0.0,0.25,1.0,1.0,0.75,0.25,1.0,1.0,0.75,0.75,0.0,0.75,1.0,0.75,0.0,0.75,0.25,0.75,1.0,0.75,1.0,0.75,1.0,0.25,0.75,1.0,0.0,1.0,1.0,0.0,0.75,0.25,0.25,0.0,1.0,1.0,1.0,0.0,0.25,0.83,0.0,0.83,0.67,0.33,0.17,1.0,0.75,0.75,0.75,0.75,0.25,0.25,0.0,1.0
4225,0.0,1.0,1.0,0.0,1.0,1.0,0.25,1.0,0.0,0.25,0.0,1.0,0.25,1.0,1.0,1.0,0.0,1.0,1.0,0.75,1.0,1.0,0.25,0.25,1.0,1.0,1.0,1.0,0.0,0.0,1.0,0.25,1.0,0.0,0.0,0.0,1.0,0.75,0.0,0.75,1.0,1.0,1.0,1.0,0.25,0.75,1.0,0.25,1.0,1.0,0.0,0.0,0.0,1.0,0.0,0.0,0.0,1.0,0.0,1.0,0.0,0.0,1.0,0.5,0.83,0.0,1.0,1.0,1.0,0.75,1.0,0.25,0.25,0.0,1.0
4226,0.75,0.25,0.75,0.75,0.75,0.25,0.25,0.25,0.75,0.75,0.75,0.75,0.75,0.75,0.0,0.75,0.75,0.0,1.0,0.75,0.25,1.0,0.75,1.0,0.0,0.0,0.0,0.75,0.75,0.75,0.75,0.75,0.25,1.0,0.75,0.75,0.75,0.75,0.25,0.75,0.75,0.75,0.75,0.25,0.75,0.75,0.75,0.75,0.25,0.25,1.0,0.75,0.25,0.25,0.25,0.75,0.75,0.75,0.0,0.75,1.0,1.0,0.17,0.33,0.83,0.83,0.83,0.5,0.5,0.25,0.5,0.5,0.75,0.75,0.5
4240,0.0,1.0,0.75,0.0,1.0,1.0,1.0,0.0,0.0,0.0,0.75,1.0,0.0,1.0,1.0,1.0,0.0,1.0,1.0,1.0,1.0,1.0,0.0,1.0,1.0,1.0,1.0,1.0,0.0,0.0,1.0,0.0,1.0,0.0,0.25,0.0,1.0,0.25,0.0,1.0,1.0,1.0,1.0,1.0,1.0,1.0,1.0,0.0,1.0,0.0,0.0,0.0,0.75,1.0,0.0,1.0,0.0,1.0,0.0,0.0,0.0,0.0,1.0,0.0,0.83,0.0,1.0,1.0,1.0,1.0,1.0,0.25,0.25,0.0,0.75
4249,0.75,0.25,1.0,0.75,1.0,0.25,0.0,1.0,0.75,1.0,0.25,1.0,1.0,0.75,0.25,1.0,0.25,0.75,1.0,1.0,0.25,1.0,0.25,1.0,0.75,0.75,0.75,1.0,1.0,0.0,0.75,0.25,0.25,0.75,0.75,0.25,0.75,1.0,0.0,1.0,1.0,1.0,1.0,1.0,0.0,0.25,0.0,1.0,1.0,0.75,0.25,0.0,0.0,1.0,0.25,0.75,0.0,1.0,0.25,1.0,0.17,0.5,0.67,0.67,0.67,0.0,0.33,0.5,0.75,0.25,0.75,0.25,0.25,0.75,0.25
4257,0.25,1.0,0.0,0.75,1.0,1.0,0.25,0.75,0.25,0.25,0.75,1.0,0.25,1.0,1.0,1.0,0.0,1.0,1.0,1.0,0.75,1.0,0.0,1.0,0.75,1.0,0.25,1.0,0.75,0.25,0.75,0.0,1.0,0.25,0.25,0.25,1.0,0.75,0.0,1.0,0.75,1.0,0.75,1.0,1.0,0.75,1.0,0.0,0.75,1.0,0.0,1.0,1.0,1.0,0.0,1.0,0.75,1.0,0.0,0.0,0.33,0.5,0.67,0.0,0.67,0.17,0.83,0.5,0.75,0.25,1.0,0.0,0.25,0.25,0.5
4299,0.25,0.75,1.0,1.0,1.0,0.75,0.0,0.0,0.75,0.0,0.25,0.75,0.75,1.0,0.25,0.25,0.0,0.0,1.0,0.25,0.25,1.0,0.25,0.25,0.25,0.75,0.25,0.75,0.25,0.75,1.0,0.75,0.75,0.75,0.75,0.0,1.0,0.75,0.25,0.75,1.0,0.75,1.0,1.0,1.0,1.0,0.75,0.0,0.75,0.0,0.75,0.75,0.75,0.75,0.0,0.75,0.25,1.0,0.0,0.0,0.83,0.5,0.67,0.0,0.83,0.33,0.83,0.75,0.75,0.5,0.5,0.5,0.5,0.5,0.5
4312,1.0,0.0,0.75,1.0,0.25,0.0,0.0,0.0,0.75,0.75,0.0,0.75,1.0,0.75,0.25,0.25,0.75,0.0,1.0,1.0,0.25,1.0,1.0,1.0,0.0,0.0,0.0,0.75,1.0,1.0,0.0,1.0,0.0,1.0,0.75,1.0,0.25,0.0,1.0,0.25,0.0,0.0,0.0,0.25,1.0,1.0,0.0,1.0,0.0,1.0,1.0,1.0,0.75,0.75,0.0,0.25,1.0,0.0,0.0,0.25,0.17,1.0,0.0,0.0,1.0,0.33,0.0,0.0,0.75,0.0,0.5,0.5,0.5,0.5,0.0
4316,1.0,0.75,1.0,1.0,0.75,0.75,0.75,0.0,0.25,0.0,1.0,0.25,0.0,0.75,0.75,1.0,0.25,1.0,0.75,0.0,1.0,0.75,0.75,0.0,0.0,0.25,0.75,0.75,1.0,0.75,1.0,0.75,0.75,0.25,0.75,0.25,1.0,0.25,0.25,0.75,0.75,0.75,0.25,0.75,1.0,0.75,1.0,0.0,1.0,0.75,1.0,0.75,0.75,0.75,0.0,1.0,1.0,1.0,0.0,0.0,0.67,0.83,0.17,0.0,0.67,0.33,0.33,0.5,0.5,0.5,0.5,0.5,0.5,0.75,0.75
4319,0.75,0.25,1.0,1.0,0.0,0.0,0.0,0.0,0.75,0.75,0.0,0.25,1.0,0.75,0.0,0.25,0.75,0.25,0.75,1.0,0.25,1.0,1.0,1.0,0.0,0.25,0.0,0.25,0.75,1.0,0.25,0.75,0.0,0.75,0.75,0.75,0.25,0.25,0.75,0.0,0.25,0.25,0.0,0.75,0.75,1.0,0.25,0.75,0.25,0.75,1.0,0.25,0.75,0.75,0.0,0.75,1.0,0.0,0.25,0.25,0.17,1.0,0.0,0.17,1.0,0.83,0.17,0.25,0.75,0.25,0.5,0.5,0.5,0.75,0.25
4321,0.0,1.0,1.0,0.0,1.0,1.0,0.0,1.0,0.0,0.75,0.0,1.0,0.25,1.0,1.0,1.0,0.0,1.0,1.0,1.0,1.0,1.0,0.75,1.0,1.0,1.0,1.0,1.0,0.0,0.0,1.0,0.0,1.0,0.0,0.0,0.0,1.0,1.0,0.0,1.0,1.0,0.75,1.0,1.0,0.75,0.0,0.0,0.0,1.0,1.0,0.0,0.0,0.0,1.0,0.0,1.0,0.25,1.0,0.0,1.0,0.0,0.17,1.0,0.5,0.83,0.0,1.0,1.0,1.0,0.5,1.0,0.0,0.25,0.5,0.75
4322,0.75,1.0,1.0,0.75,0.75,0.75,0.25,0.25,0.25,0.25,0.75,0.25,0.25,0.75,1.0,0.75,0.0,1.0,0.25,0.75,0.75,0.25,0.25,0.75,1.0,0.75,0.75,0.25,0.75,0.25,0.75,0.25,1.0,0.25,0.75,0.0,0.75,0.25,0.25,0.25,0.75,0.75,0.75,0.75,0.75,0.75,0.75,0.0,0.25,0.25,0.0,1.0,1.0,0.75,0.0,1.0,0.75,0.75,0.0,0.25,0.5,0.67,0.67,0.33,0.5,0.33,0.67,0.5,0.75,0.5,1.0,0.25,0.5,0.5,0.75
4324,0.25,0.25,1.0,0.75,1.0,0.0,0.0,0.0,0.75,0.25,0.75,0.25,0.0,0.75,0.25,0.0,0.0,0.25,1.0,0.75,0.0,1.0,0.75,1.0,0.25,0.25,0.25,0.75,1.0,0.75,0.75,0.25,1.0,0.75,0.75,0.0,0.75,0.0,0.0,1.0,0.75,1.0,1.0,0.75,1.0,1.0,1.0,0.25,1.0,0.75,0.25,0.75,0.75,1.0,0.0,0.75,1.0,1.0,0.75,0.0,0.67,0.83,0.17,0.5,0.83,1.0,1.0,0.5,1.0,0.0,0.75,0.5,0.5,0.5,0.5
4325,0.75,0.25,1.0,1.0,0.75,0.25,0.0,0.0,0.25,0.0,0.25,0.75,0.75,0.75,0.25,1.0,0.0,0.0,0.75,0.75,1.0,1.0,0.25,0.0,0.25,0.25,0.25,0.75,0.25,0.75,0.75,0.25,1.0,0.75,0.75,0.25,0.75,0.25,0.75,0.75,0.25,0.25,0.75,1.0,1.0,1.0,0.25,0.0,0.75,0.0,0.25,1.0,1.0,0.25,0.0,0.75,0.75,0.75,0.0,0.0,0.83,0.67,0.33,0.0,0.83,0.5,0.83,0.5,0.75,0.25,0.5,0.25,0.5,0.5,0.5
4338,0.75,0.25,1.0,1.0,1.0,0.0,0.0,0.0,0.0,0.0,0.75,0.0,0.25,0.25,0.0,1.0,0.25,0.25,1.0,1.0,0.0,1.0,0.75,1.0,0.25,0.25,0.0,0.0,0.25,1.0,0.25,1.0,0.0,1.0,1.0,0.25,1.0,0.0,0.75,0.25,0.25,0.25,0.25,0.75,1.0,0.75,1.0,0.75,0.0,0.75,0.75,0.75,1.0,0.75,0.0,0.75,1.0,0.75,0.0,0.0,1.0,0.83,0.67,0.5,0.67,0.67,0.67,0.5,0.5,0.5,0.5,0.75,0.5,0.5,0.5
4345,0.75,1.0,1.0,1.0,0.75,0.75,0.0,0.25,0.0,0.0,0.75,0.25,0.25,0.75,0.0,0.75,0.0,0.0,0.75,0.25,0.0,1.0,0.25,0.75,0.75,0.0,0.75,1.0,0.75,1.0,0.75,0.25,0.25,0.0,1.0,0.0,0.75,0.25,0.75,0.25,1.0,0.25,0.75,1.0,1.0,0.75,0.75,0.0,0.75,0.0,1.0,1.0,1.0,0.0,0.0,0.75,0.75,1.0,0.0,0.0,0.33,0.83,0.67,0.5,0.83,0.17,0.83,0.5,0.75,0.5,0.75,0.25,0.5,0.75,0.5
4359,0.0,0.75,0.0,0.0,0.0,1.0,0.0,0.0,1.0,1.0,0.0,0.0,1.0,0.0,0.0,0.75,1.0,0.0,0.75,1.0,0.0,0.0,1.0,1.0,0.0,1.0,0.0,1.0,1.0,1.0,0.0,0.0,0.0,1.0,0.0,1.0,0.75,0.0,0.0,0.0,1.0,1.0,1.0,1.0,1.0,1.0,1.0,1.0,0.0,1.0,1.0,0.0,0.0,0.0,1.0,0.0,0.0,0.0,1.0,1.0,1.0,0.67,0.33,1.0,0.67,1.0,0.33,0.0,0.25,0.75,0.75,0.75,1.0,1.0,0.0
4362,0.0,1.0,1.0,0.0,1.0,1.0,0.75,0.75,0.0,0.0,0.75,0.75,0.0,1.0,1.0,1.0,0.0,1.0,1.0,0.75,1.0,1.0,0.25,0.25,1.0,1.0,1.0,1.0,0.0,0.25,1.0,0.25,1.0,0.0,0.25,1.0,1.0,0.75,0.75,0.75,1.0,1.0,1.0,1.0,0.75,1.0,1.0,0.0,0.25,0.25,0.0,0.0,0.0,0.75,0.0,0.0,0.0,1.0,0.25,0.75,0.83,0.0,1.0,0.67,0.33,0.17,1.0,1.0,1.0,0.75,1.0,0.0,0.25,0.0,1.0
4368,1.0,0.25,0.75,1.0,0.75,0.0,0.25,0.0,0.75,0.25,1.0,0.75,0.25,0.75,0.75,1.0,0.0,0.25,1.0,1.0,0.25,1.0,0.75,1.0,0.0,0.25,0.0,0.0,1.0,1.0,0.0,0.75,1.0,0.75,0.75,0.0,0.75,0.75,0.25,1.0,1.0,1.0,0.75,0.75,1.0,1.0,0.75,0.25,0.75,0.75,0.0,1.0,0.75,1.0,0.0,1.0,1.0,0.75,0.0,0.0,0.83,1.0,0.67,0.17,1.0,0.0,0.5,0.5,0.75,0.0,0.5,0.25,0.5,0.5,0.5
4371,0.0,1.0,0.75,0.0,1.0,1.0,0.0,1.0,0.0,0.25,1.0,0.75,0.25,1.0,0.25,0.75,0.25,1.0,1.0,1.0,1.0,1.0,0.0,1.0,1.0,1.0,1.0,1.0,0.75,0.25,1.0,0.0,1.0,0.0,0.25,0.0,1.0,1.0,0.25,1.0,1.0,1.0,1.0,1.0,0.0,1.0,1.0,0.0,0.25,0.25,0.0,0.75,0.75,0.25,0.0,1.0,0.0,1.0,0.0,0.25,0.33,0.0,1.0,0.17,0.33,0.0,1.0,0.75,0.75,0.75,0.75,0.0,0.5,0.25,0.75
4396,0.75,0.75,1.0,0.25,0.75,1.0,0.75,1.0,0.25,0.25,0.75,0.75,0.75,1.0,1.0,0.75,0.0,1.0,0.75,0.25,1.0,1.0,0.0,1.0,0.75,1.0,1.0,1.0,0.75,0.0,1.0,0.0,1.0,0.0,0.75,0.0,1.0,1.0,0.0,1.0,1.0,1.0,1.0,1.0,0.75,0.75,1.0,0.0,0.75,0.0,0.0,0.75,0.25,1.0,0.0,1.0,0.25,1.0,0.0,0.0,0.83,0.33,0.83,0.17,0.5,0.0,0.83,0.75,0.75,0.25,0.75,0.25,0.5,0.5,0.75
4406,1.0,0.25,0.25,1.0,0.0,0.25,0.0,0.0,0.75,1.0,0.25,0.0,0.25,0.75,0.75,0.75,1.0,0.75,0.0,0.0,0.0,0.0,0.75,0.25,0.0,0.25,0.25,0.75,0.25,1.0,0.0,0.75,0.0,0.25,0.75,1.0,0.75,0.0,1.0,0.0,0.25,0.0,0.25,0.75,0.75,0.0,0.25,1.0,0.0,0.0,1.0,0.0,0.75,1.0,1.0,0.0,0.75,0.75,1.0,1.0,0.33,0.67,0.67,0.83,0.33,0.83,0.17,0.25,0.75,0.25,0.25,0.75,0.75,0.75,0.25
4412,0.75,0.75,0.75,0.75,0.75,0.25,0.25,0.25,0.75,0.0,0.75,0.75,0.25,1.0,1.0,1.0,0.0,0.75,0.75,0.75,0.75,1.0,0.25,1.0,0.25,0.75,0.0,0.75,0.75,1.0,0.75,0.25,0.75,1.0,0.75,0.0,0.75,0.75,0.0,0.75,1.0,1.0,0.75,0.75,1.0,1.0,0.75,0.0,1.0,1.0,0.0,0.75,1.0,1.0,0.0,1.0,1.0,1.0,0.0,0.0,0.83,0.83,0.5,0.0,0.83,0.33,0.67,0.5,0.75,0.25,0.5,0.25,0.5,0.5,0.75
4417,0.0,1.0,0.75,0.0,1.0,1.0,0.75,0.25,0.0,0.0,0.75,1.0,0.0,1.0,1.0,0.75,0.0,1.0,1.0,0.75,1.0,1.0,0.0,1.0,1.0,1.0,1.0,1.0,0.0,0.25,1.0,0.0,1.0,0.0,0.25,0.0,1.0,0.25,0.25,1.0,1.0,1.0,1.0,1.0,1.0,1.0,1.0,0.0,1.0,0.0,0.0,0.25,1.0,1.0,0.0,1.0,0.0,1.0,0.0,0.0,0.0,0.0,1.0,0.0,0.67,0.0,1.0,1.0,0.75,0.5,1.0,0.0,0.5,0.0,0.75
4423,0.0,1.0,0.0,0.0,1.0,1.0,0.75,1.0,0.0,0.25,1.0,1.0,0.0,1.0,1.0,1.0,0.0,1.0,1.0,1.0,1.0,1.0,0.25,0.75,1.0,1.0,1.0,1.0,0.0,0.0,1.0,0.0,1.0,0.0,0.0,0.0,1.0,0.75,0.0,1.0,1.0,1.0,1.0,1.0,0.75,1.0,1.0,0.0,1.0,1.0,0.0,0.0,0.75,1.0,0.0,1.0,0.0,1.0,0.0,0.0,0.0,0.0,1.0,0.17,0.67,0.0,1.0,1.0,1.0,0.75,1.0,0.0,0.25,0.0,1.0
4438,0.0,0.0,0.75,0.75,0.0,0.0,0.0,0.0,0.75,1.0,0.0,0.0,1.0,0.25,0.0,0.0,1.0,0.0,0.0,0.0,0.0,0.0,1.0,0.25,0.0,0.0,0.0,0.25,1.0,0.75,0.0,1.0,0.0,1.0,0.0,1.0,0.75,0.0,1.0,0.0,0.0,0.0,0.25,0.0,1.0,0.0,0.0,1.0,0.0,0.25,1.0,0.0,0.0,0.25,1.0,0.0,0.75,0.25,1.0,0.75,0.83,1.0,0.17,0.83,0.83,0.83,0.0,0.25,0.5,0.5,0.25,0.5,0.75,0.75,0.0
4442,0.25,0.75,1.0,1.0,0.75,1.0,0.25,1.0,0.0,0.0,0.0,0.75,0.75,1.0,0.0,0.75,0.0,0.25,0.0,0.25,0.25,0.25,0.0,0.0,1.0,0.75,1.0,0.75,0.25,0.25,0.75,0.25,0.25,0.75,0.25,0.75,1.0,0.75,0.25,0.75,0.25,0.75,0.75,0.75,0.75,0.75,1.0,0.25,0.25,0.25,0.75,0.75,1.0,0.75,0.0,0.75,0.0,1.0,0.25,0.0,0.33,0.33,0.67,0.33,0.67,0.33,0.67,1.0,1.0,0.5,0.75,0.5,0.75,0.75,0.75
4444,0.0,1.0,0.75,0.0,1.0,1.0,0.25,0.25,0.0,0.0,0.75,1.0,0.0,1.0,1.0,1.0,0.0,1.0,1.0,0.25,1.0,1.0,0.0,1.0,1.0,1.0,1.0,1.0,0.0,0.25,1.0,0.0,1.0,0.0,0.75,0.0,1.0,0.25,0.25,1.0,1.0,1.0,1.0,1.0,1.0,0.75,1.0,0.0,1.0,0.0,0.0,0.75,0.75,1.0,0.0,1.0,0.25,1.0,0.0,0.0,0.0,0.17,1.0,0.0,0.83,0.0,0.83,0.75,0.75,0.5,0.75,0.25,0.5,0.25,0.75
4454,0.25,1.0,1.0,1.0,0.75,0.75,0.25,0.25,0.25,0.0,1.0,0.75,0.0,1.0,0.0,0.75,0.0,1.0,0.0,0.25,0.0,1.0,0.0,1.0,0.0,1.0,0.25,1.0,0.0,1.0,0.0,0.25,0.25,0.75,0.75,0.25,1.0,0.75,0.25,0.75,0.75,0.75,0.75,1.0,0.75,0.75,1.0,0.0,1.0,1.0,0.0,0.25,0.25,0.25,0.0,0.75,0.0,1.0,0.0,0.0,0.83,0.33,0.67,0.17,0.67,0.67,0.83,0.5,0.75,0.5,0.5,0.25,0.5,0.5,0.75
4455,0.25,0.25,0.75,0.75,0.75,0.75,0.25,0.0,0.75,0.25,0.75,0.25,0.25,0.75,0.0,1.0,0.25,1.0,0.75,0.25,0.25,1.0,0.0,1.0,1.0,0.0,0.0,0.75,1.0,0.75,1.0,0.25,0.25,0.25,0.75,0.75,0.75,0.25,0.25,0.75,1.0,0.75,1.0,1.0,1.0,0.75,0.75,0.0,0.75,0.0,0.75,1.0,1.0,1.0,0.0,0.75,0.75,0.75,0.0,0.0,0.33,0.83,0.33,0.17,1.0,0.17,0.67,0.5,0.75,0.5,0.75,0.5,0.5,0.75,0.5
4456,1.0,0.0,0.0,1.0,0.0,0.0,0.0,0.0,1.0,1.0,0.0,0.25,1.0,0.0,0.75,1.0,1.0,0.0,1.0,1.0,1.0,1.0,1.0,1.0,0.0,0.0,0.0,0.0,1.0,1.0,0.0,1.0,0.0,1.0,1.0,1.0,0.0,0.0,0.0,0.0,0.0,0.0,0.0,0.75,1.0,1.0,0.0,0.25,0.0,0.0,1.0,1.0,1.0,1.0,0.0,1.0,1.0,0.0,0.0,0.0,0.0,1.0,0.0,0.0,1.0,0.67,0.0,0.25,0.75,0.5,0.5,0.5,0.5,0.75,0.5
4459,0.25,1.0,1.0,0.25,1.0,1.0,0.25,0.75,0.25,0.25,0.25,0.75,0.25,1.0,1.0,1.0,0.25,1.0,0.75,0.25,1.0,1.0,0.0,1.0,1.0,1.0,1.0,1.0,0.25,0.25,1.0,0.0,1.0,0.0,0.25,0.0,0.75,0.75,0.0,1.0,1.0,1.0,0.75,1.0,0.25,0.75,1.0,0.0,1.0,0.25,0.0,0.25,0.25,0.75,0.0,1.0,0.0,1.0,0.0,0.0,0.33,0.17,0.83,0.17,0.83,0.33,1.0,0.75,1.0,0.5,1.0,0.0,0.5,0.0,1.0
4463,1.0,1.0,1.0,0.0,1.0,1.0,1.0,1.0,1.0,1.0,0.75,1.0,1.0,1.0,0.0,0.0,0.0,0.0,0.0,1.0,0.0,1.0,1.0,0.0,0.0,1.0,0.0,1.0,1.0,1.0,1.0,1.0,1.0,0.0,0.0,0.0,0.0,0.0,0.0,0.0,0.0,0.0,0.0,0.0,0.0,0.0,1.0,0.0,0.0,1.0,0.0,1.0,0.0,1.0,0.0,0.0,0.0,0.0,1.0,1.0,0.83,0.67,0.67,0.83,0.83,0.83,0.83,0.75,0.75,0.75,0.75,0.75,0.25,0.75,0.75
4470,0.0,1.0,1.0,0.0,1.0,1.0,1.0,0.75,0.25,0.25,1.0,0.75,0.0,1.0,1.0,1.0,0.0,1.0,1.0,1.0,1.0,1.0,0.0,1.0,1.0,1.0,1.0,1.0,0.0,0.0,1.0,0.0,1.0,0.0,1.0,0.0,0.75,0.0,0.25,1.0,1.0,1.0,1.0,1.0,0.25,1.0,1.0,1.0,1.0,0.75,0.0,0.0,0.0,1.0,0.0,1.0,0.0,1.0,0.0,0.75,0.17,0.17,1.0,0.0,0.83,0.33,1.0,1.0,1.0,0.0,1.0,0.0,0.5,0.0,0.5
4475,0.0,0.0,0.0,1.0,0.0,0.0,0.0,0.0,0.25,1.0,0.0,1.0,0.75,0.25,0.0,0.0,1.0,0.0,1.0,0.75,0.0,0.0,1.0,0.0,0.0,0.0,0.0,0.0,1.0,1.0,0.25,1.0,0.0,1.0,0.0,1.0,0.75,0.0,1.0,0.0,0.0,0.0,0.25,0.0,0.75,0.0,0.25,1.0,0.0,1.0,1.0,0.0,0.0,0.0,1.0,0.0,1.0,0.0,1.0,1.0,0.83,1.0,0.0,0.67,0.67,0.83,0.0,0.25,0.5,0.5,0.25,0.5,0.75,0.75,0.0
4484,0.0,1.0,0.75,0.0,1.0,1.0,1.0,0.0,0.0,0.25,0.75,1.0,0.0,1.0,1.0,1.0,0.0,1.0,1.0,1.0,1.0,1.0,0.0,1.0,1.0,1.0,1.0,1.0,0.0,0.0,1.0,0.0,1.0,0.0,0.75,0.0,1.0,0.25,0.0,1.0,1.0,1.0,1.0,1.0,1.0,1.0,1.0,0.0,1.0,0.0,0.0,0.0,0.75,1.0,0.0,0.75,0.0,1.0,0.0,0.0,0.0,0.0,1.0,0.0,0.67,0.0,1.0,1.0,1.0,1.0,1.0,0.5,0.0,0.0,1.0
4488,0.0,0.75,1.0,0.25,1.0,0.75,0.0,0.0,0.0,0.75,0.0,1.0,0.25,1.0,0.0,0.75,0.0,0.0,0.0,0.0,0.25,1.0,0.0,1.0,1.0,1.0,1.0,1.0,0.25,0.25,1.0,0.25,0.0,0.75,1.0,0.0,0.0,0.0,0.75,0.0,1.0,0.25,0.75,0.75,0.0,1.0,1.0,0.0,0.0,0.0,0.0,0.25,0.0,0.0,0.0,0.75,0.0,1.0,0.0,1.0,0.83,0.17,0.67,0.17,0.67,0.33,0.67,0.5,0.5,0.5,0.75,0.25,0.5,0.5,0.5
4489,1.0,0.25,0.75,0.0,0.0,1.0,0.75,0.75,1.0,0.0,0.75,0.25,1.0,0.75,0.0,0.0,0.25,0.25,0.25,1.0,0.0,1.0,0.25,1.0,1.0,0.75,0.0,0.75,0.0,0.75,0.75,0.75,0.25,0.75,0.25,1.0,1.0,1.0,1.0,0.0,0.25,0.25,0.75,0.75,0.75,0.75,1.0,0.25,0.25,0.25,1.0,0.75,0.25,0.0,0.0,0.75,0.25,0.25,0.25,0.25,1.0,0.33,0.67,0.17,0.17,0.17,0.67,0.75,0.75,0.75,0.75,0.75,0.75,0.75,0.75
4491,0.25,1.0,1.0,1.0,1.0,1.0,0.0,0.75,0.75,0.25,1.0,0.75,0.75,1.0,0.75,0.75,0.0,0.75,0.75,0.0,0.75,0.75,0.0,0.25,1.0,1.0,1.0,1.0,0.25,0.25,0.75,0.0,0.0,0.75,0.75,0.75,1.0,0.25,0.25,0.75,1.0,1.0,1.0,1.0,0.75,0.75,0.25,0.0,1.0,1.0,0.25,0.25,1.0,0.75,0.0,1.0,0.75,1.0,0.0,0.25,0.83,0.67,0.83,0.67,0.67,0.5,0.83,0.5,0.5,0.75,1.0,0.5,0.75,0.5,0.5
4500,0.0,1.0,1.0,0.0,1.0,1.0,0.25,0.75,0.0,0.25,0.25,0.75,0.25,1.0,1.0,1.0,0.0,1.0,1.0,0.75,1.0,1.0,0.0,1.0,1.0,1.0,0.75,1.0,0.0,0.25,1.0,0.0,1.0,0.25,0.0,0.0,1.0,1.0,0.0,1.0,1.0,1.0,1.0,1.0,0.75,1.0,1.0,0.0,1.0,0.0,0.0,0.25,0.25,1.0,0.0,1.0,0.25,1.0,0.0,0.0,0.17,0.33,0.83,0.17,0.83,0.0,1.0,0.75,1.0,0.5,1.0,0.0,0.5,0.0,1.0
4504,0.0,1.0,0.25,0.0,1.0,1.0,0.75,0.25,0.0,0.0,0.75,1.0,0.0,1.0,1.0,0.75,0.0,1.0,1.0,1.0,1.0,1.0,0.0,1.0,0.75,1.0,1.0,1.0,0.0,0.25,1.0,0.0,1.0,0.25,0.75,0.0,1.0,0.25,0.25,1.0,1.0,1.0,1.0,1.0,1.0,0.75,1.0,0.0,1.0,0.0,0.0,0.25,1.0,1.0,0.0,1.0,0.25,1.0,0.0,0.0,0.17,0.17,1.0,0.0,0.67,0.0,1.0,0.75,0.75,0.5,0.75,0.25,0.5,0.25,0.75
4506,1.0,0.0,0.75,1.0,0.0,0.0,0.75,0.0,1.0,0.75,0.0,0.25,0.0,0.0,0.0,1.0,0.0,0.0,1.0,1.0,1.0,1.0,1.0,1.0,0.0,0.0,0.0,0.0,1.0,1.0,0.0,1.0,0.0,1.0,1.0,1.0,0.0,0.0,0.75,0.0,0.0,0.0,0.0,0.0,1.0,0.75,0.0,1.0,0.0,1.0,1.0,1.0,1.0,0.75,0.0,0.75,1.0,0.0,0.0,0.0,0.0,1.0,0.17,0.0,1.0,0.0,0.0,0.0,0.75,0.0,1.0,1.0,0.75,1.0,0.0
4512,0.0,1.0,1.0,0.0,1.0,1.0,0.75,0.75,0.0,0.0,0.25,1.0,0.25,1.0,1.0,1.0,0.0,1.0,1.0,1.0,1.0,1.0,0.0,1.0,1.0,1.0,1.0,1.0,0.0,0.0,1.0,0.0,1.0,0.0,0.0,0.0,1.0,1.0,0.0,1.0,1.0,1.0,0.75,1.0,0.75,1.0,1.0,0.25,1.0,1.0,0.0,0.0,0.25,1.0,0.0,1.0,0.0,1.0,0.0,0.0,0.17,0.0,1.0,0.0,0.0,0.0,1.0,1.0,1.0,0.75,1.0,0.0,1.0,0.0,1.0
4520,0.75,0.75,1.0,0.75,1.0,0.75,0.25,0.75,0.75,0.25,1.0,0.25,0.25,1.0,1.0,1.0,1.0,1.0,1.0,0.75,1.0,1.0,0.25,1.0,0.75,0.75,0.25,1.0,0.75,0.75,0.75,0.75,0.75,0.25,1.0,0.25,1.0,0.75,0.25,1.0,0.75,0.75,1.0,1.0,0.75,0.75,0.75,0.0,1.0,1.0,1.0,0.75,0.75,1.0,0.25,0.75,0.25,1.0,0.25,0.25,0.17,0.83,0.67,0.17,0.67,0.33,0.83,0.75,1.0,0.25,0.75,0.5,0.5,0.75,0.5
4535,0.0,0.75,1.0,0.25,0.25,0.75,0.25,0.25,0.25,0.75,0.0,0.25,0.25,1.0,0.0,0.75,0.75,0.25,0.0,0.0,0.0,0.0,0.75,0.75,0.25,0.75,0.75,0.75,0.25,0.0,0.75,0.75,0.25,0.75,0.0,0.25,0.75,0.0,0.0,0.0,0.0,0.75,0.0,1.0,0.25,0.0,1.0,1.0,0.0,0.75,0.25,0.75,0.0,1.0,0.25,0.25,0.0,0.75,0.25,1.0,0.83,0.83,0.33,1.0,0.17,0.33,0.17,0.75,0.75,1.0,0.25,0.25,0.75,0.75,0.75
4538,0.0,1.0,1.0,0.0,1.0,1.0,0.25,0.75,0.0,0.25,0.25,1.0,0.0,1.0,1.0,1.0,0.0,1.0,1.0,1.0,1.0,1.0,0.0,1.0,1.0,1.0,1.0,1.0,0.0,0.25,1.0,0.0,1.0,0.0,0.0,0.0,1.0,1.0,0.0,1.0,1.0,1.0,1.0,1.0,0.75,1.0,1.0,0.0,1.0,0.75,0.0,0.0,0.25,1.0,0.0,1.0,0.0,1.0,0.0,0.0,0.0,0.0,1.0,0.0,0.67,0.0,1.0,1.0,1.0,0.5,1.0,0.0,0.5,0.0,1.0
4539,1.0,0.75,0.25,1.0,1.0,0.25,0.0,0.25,0.75,0.25,0.75,0.75,0.75,0.75,0.75,0.75,0.25,0.75,0.25,0.25,0.75,1.0,0.25,0.75,0.25,0.25,0.25,0.75,0.75,1.0,0.75,0.25,1.0,0.75,0.75,0.25,0.75,0.75,0.0,0.75,0.75,1.0,1.0,0.75,1.0,1.0,0.75,0.0,0.75,1.0,0.25,0.25,0.75,1.0,0.0,1.0,1.0,1.0,0.0,0.0,0.33,0.83,0.33,0.0,0.67,0.17,0.67,0.5,0.75,0.5,0.5,0.25,0.5,0.5,0.5
4543,0.0,1.0,1.0,0.0,1.0,1.0,0.25,1.0,0.0,0.25,0.75,0.75,0.0,1.0,1.0,0.75,0.0,1.0,1.0,0.75,1.0,1.0,0.25,1.0,1.0,1.0,1.0,1.0,0.0,0.25,1.0,0.0,1.0,0.0,0.0,0.0,1.0,1.0,0.25,1.0,1.0,1.0,1.0,1.0,0.25,1.0,1.0,0.0,1.0,1.0,0.0,0.0,0.75,1.0,0.0,1.0,0.0,1.0,0.0,0.0,0.0,0.0,1.0,0.5,0.5,0.0,1.0,1.0,1.0,0.75,1.0,0.0,0.0,0.0,1.0
4547,0.75,1.0,0.75,0.75,1.0,1.0,0.75,1.0,0.25,0.25,0.75,0.75,0.25,0.75,0.75,1.0,0.0,1.0,1.0,0.75,0.0,0.25,0.25,0.75,1.0,1.0,1.0,1.0,0.25,0.25,0.75,0.25,1.0,0.0,0.75,0.0,0.75,0.75,0.25,1.0,0.75,0.75,1.0,1.0,0.75,0.75,1.0,0.0,1.0,0.25,0.25,1.0,1.0,0.25,0.0,1.0,0.75,1.0,0.0,0.0,0.83,0.17,0.83,0.17,0.83,0.0,0.83,0.75,0.75,0.25,0.75,0.25,0.75,0.25,1.0
4554,0.75,0.25,1.0,0.25,0.0,0.0,0.75,0.0,0.25,0.75,0.25,0.0,0.75,0.0,0.0,0.75,1.0,0.0,0.0,1.0,0.0,0.25,1.0,0.75,0.0,0.25,0.0,0.75,1.0,1.0,0.0,1.0,0.0,1.0,1.0,1.0,0.75,0.25,1.0,0.0,0.0,0.25,0.75,0.25,1.0,0.25,0.75,1.0,0.0,1.0,1.0,0.25,0.75,0.25,0.75,0.25,1.0,0.25,0.75,0.75,0.83,0.83,0.0,0.83,0.67,0.83,0.0,0.25,0.5,0.5,0.5,0.75,0.5,0.75,0.25
4557,0.75,0.25,1.0,1.0,0.75,0.25,0.25,0.0,0.25,0.0,0.25,0.25,0.75,1.0,0.0,0.75,0.0,0.25,0.25,0.25,0.25,1.0,0.25,0.0,0.0,0.25,0.0,1.0,0.25,0.75,0.75,0.75,0.75,0.75,0.75,0.25,1.0,0.25,0.75,0.75,0.25,0.25,0.75,1.0,1.0,1.0,1.0,0.0,0.0,0.0,1.0,1.0,1.0,0.75,0.0,0.25,0.75,0.75,0.0,0.0,1.0,0.67,0.5,0.5,0.67,0.5,0.83,0.75,0.5,0.25,0.5,0.5,0.5,0.75,0.5
4571,0.25,0.25,1.0,0.75,1.0,0.25,0.0,0.75,0.25,0.0,0.75,0.25,0.0,0.75,0.0,1.0,0.0,0.25,0.25,0.0,0.75,0.75,0.25,1.0,0.25,0.75,0.75,1.0,0.25,0.0,0.75,0.75,0.0,0.75,1.0,0.0,0.25,0.25,0.25,0.75,0.25,0.25,1.0,0.75,0.25,0.75,1.0,0.0,0.25,0.0,0.0,0.75,0.25,1.0,0.0,0.25,0.25,0.25,0.0,0.0,0.33,0.5,0.67,0.17,0.67,0.5,0.83,0.5,0.75,0.5,0.75,0.25,0.5,0.5,1.0
4600,0.75,0.25,0.75,0.0,0.75,0.25,0.25,0.75,0.25,0.25,0.25,0.25,0.75,0.75,0.75,0.75,0.25,0.75,0.75,1.0,0.75,1.0,0.75,0.75,0.75,0.75,0.0,1.0,0.75,0.75,0.25,0.25,0.25,0.75,0.75,0.0,1.0,0.25,0.25,0.75,0.75,0.75,0.25,1.0,0.75,0.75,0.25,0.75,0.75,0.75,0.25,0.25,0.75,1.0,0.0,0.75,0.0,0.75,0.0,0.0,0.17,0.83,0.5,0.17,0.67,0.17,0.67,0.5,0.75,0.25,0.5,0.5,0.25,0.5,0.25
4611,1.0,0.25,0.75,1.0,0.75,0.0,0.0,1.0,0.75,0.25,0.75,0.75,0.0,0.75,0.25,0.25,0.0,0.25,1.0,1.0,0.25,1.0,0.25,0.75,0.25,0.75,0.25,1.0,0.25,0.75,0.75,0.0,1.0,0.75,0.75,0.0,1.0,0.75,0.25,0.75,1.0,1.0,0.75,0.75,1.0,1.0,1.0,0.0,0.75,1.0,1.0,1.0,1.0,1.0,0.0,1.0,0.75,0.75,0.0,0.0,0.33,0.67,0.17,0.33,0.67,0.17,0.83,0.25,1.0,0.25,0.5,0.25,0.5,0.75,0.5
4617,0.75,0.75,0.25,1.0,1.0,0.75,0.0,0.25,0.75,0.25,0.75,0.75,0.0,1.0,1.0,1.0,0.0,1.0,1.0,1.0,1.0,1.0,0.25,1.0,0.75,0.75,0.25,0.75,1.0,0.75,0.75,0.0,1.0,0.75,0.75,0.0,0.75,0.75,0.0,0.75,1.0,1.0,1.0,1.0,1.0,1.0,1.0,0.0,1.0,1.0,0.0,1.0,1.0,1.0,0.0,1.0,1.0,1.0,0.0,0.0,0.0,0.83,0.83,0.0,0.83,0.17,0.83,0.5,0.75,0.5,0.75,0.25,0.5,0.5,0.75
4622,0.25,0.25,1.0,1.0,1.0,0.25,0.0,0.0,0.0,0.0,0.25,0.25,0.25,1.0,0.25,0.25,0.0,0.75,0.25,0.75,0.75,0.75,0.25,0.25,0.0,0.25,0.75,0.75,0.25,0.75,0.25,0.75,0.75,0.75,0.75,0.25,1.0,0.25,0.25,0.75,0.25,0.25,1.0,1.0,0.75,0.75,0.75,0.0,0.25,0.0,0.75,1.0,1.0,0.75,0.0,0.75,0.75,1.0,0.0,0.0,0.17,0.67,0.5,0.0,0.67,0.5,1.0,0.5,0.75,0.5,0.5,0.5,0.5,0.5,0.5
4627,0.25,1.0,1.0,0.75,1.0,1.0,0.25,0.75,0.25,0.25,1.0,0.75,0.75,1.0,0.25,0.25,0.0,0.75,0.25,0.25,0.75,1.0,0.0,0.75,0.25,1.0,0.25,1.0,0.75,0.75,0.75,0.75,0.75,0.0,0.25,0.0,0.25,0.75,0.75,0.75,0.75,1.0,1.0,0.75,0.0,0.75,1.0,1.0,0.75,0.25,0.25,0.75,1.0,0.25,0.0,0.75,0.0,1.0,0.0,0.0,0.67,0.67,0.33,0.0,0.67,0.17,0.83,0.5,0.5,0.5,0.5,0.5,0.5,0.5,0.5
4628,0.0,1.0,1.0,0.0,0.75,0.75,0.0,0.0,0.0,0.25,0.0,0.0,1.0,1.0,0.0,0.0,1.0,0.0,1.0,1.0,0.0,0.0,0.25,0.0,0.75,1.0,1.0,1.0,0.0,0.0,0.0,0.25,0.0,1.0,0.0,0.0,1.0,0.75,0.0,0.0,1.0,1.0,0.75,1.0,0.25,0.0,1.0,0.75,0.0,1.0,1.0,0.0,0.0,0.75,1.0,0.0,0.0,1.0,1.0,1.0,0.33,0.33,0.67,0.67,0.0,0.33,1.0,0.5,0.25,0.5,0.5,0.5,0.75,1.0,0.0
4637,0.75,0.0,0.0,1.0,0.0,0.0,0.0,0.0,1.0,1.0,0.0,0.0,0.75,0.0,0.0,0.0,1.0,0.0,0.75,0.0,0.0,0.0,1.0,0.25,0.25,0.0,0.0,0.0,0.0,0.0,0.0,0.75,0.0,1.0,0.0,1.0,0.0,0.0,0.75,0.75,0.0,0.0,0.0,0.0,0.0,0.0,0.0,1.0,0.0,1.0,1.0,0.0,0.0,0.25,1.0,0.0,0.25,0.0,1.0,1.0,0.0,0.83,0.0,1.0,0.33,0.83,0.0,0.25,0.0,0.5,0.25,0.75,0.5,1.0,0.25
4639,0.0,1.0,0.75,0.0,1.0,1.0,0.25,0.75,0.25,0.0,0.0,0.75,0.25,1.0,0.25,0.25,0.0,0.75,1.0,1.0,1.0,1.0,0.0,1.0,0.75,0.0,1.0,1.0,0.0,0.0,1.0,0.0,1.0,0.0,1.0,0.0,1.0,0.75,0.25,0.75,1.0,0.25,1.0,1.0,0.75,1.0,1.0,0.0,1.0,0.0,0.0,0.0,0.75,0.75,0.0,0.75,0.0,1.0,0.0,0.0,0.83,0.17,1.0,0.0,0.5,0.17,1.0,1.0,1.0,0.5,0.75,0.0,0.5,0.25,1.0
4640,0.75,1.0,1.0,1.0,1.0,0.25,0.25,0.0,0.25,0.0,0.25,1.0,0.25,1.0,0.75,0.25,0.0,0.25,0.75,1.0,0.75,1.0,0.0,0.25,0.25,0.0,0.0,0.75,1.0,1.0,0.75,0.75,0.75,0.75,1.0,0.0,1.0,0.25,0.25,0.75,0.75,0.75,0.75,1.0,1.0,0.75,0.25,0.0,0.75,0.0,0.75,1.0,1.0,0.25,0.0,0.75,0.75,0.75,0.0,0.0,0.83,0.67,0.5,0.0,1.0,0.0,0.83,0.75,0.75,0.5,0.75,0.5,0.5,0.75,0.5
4641,1.0,0.0,0.0,1.0,0.75,0.0,0.25,0.0,0.75,0.75,0.25,0.25,0.75,0.25,0.25,0.75,0.0,0.25,1.0,1.0,0.25,1.0,1.0,1.0,0.0,0.25,0.0,0.0,1.0,1.0,0.0,1.0,0.0,1.0,0.25,1.0,0.25,0.75,1.0,0.25,0.75,0.75,0.0,0.0,1.0,0.0,0.0,1.0,0.0,1.0,1.0,0.75,1.0,0.75,0.25,0.25,0.75,0.0,0.25,0.25,0.17,1.0,0.0,0.5,1.0,0.17,0.17,0.0,0.75,0.5,0.75,0.75,1.0,1.0,0.25
4643,0.0,0.25,0.75,0.25,0.0,0.25,0.0,0.0,1.0,1.0,0.0,0.0,1.0,0.25,0.25,0.0,1.0,0.25,0.0,0.75,0.0,0.0,1.0,0.75,0.0,0.0,0.0,0.0,1.0,0.0,0.25,1.0,0.0,1.0,0.0,0.75,0.25,0.0,1.0,0.0,0.0,0.0,0.25,0.0,1.0,0.25,0.75,1.0,0.0,1.0,0.75,0.0,0.0,0.25,0.75,0.0,0.75,0.75,0.75,0.75,0.83,0.83,0.5,0.67,0.67,0.83,0.5,0.25,0.75,0.75,0.75,0.75,0.75,0.5,0.25
4649,0.75,0.25,1.0,0.0,1.0,0.25,0.0,0.0,0.25,0.75,0.0,0.25,0.75,0.75,1.0,0.75,0.25,0.75,1.0,1.0,1.0,1.0,1.0,1.0,0.75,0.75,0.0,1.0,1.0,1.0,0.25,0.25,0.25,1.0,0.75,0.25,1.0,0.0,0.25,1.0,1.0,1.0,0.25,1.0,0.25,0.75,0.25,0.75,0.75,0.75,0.25,0.25,0.75,1.0,0.0,0.75,0.0,0.75,0.0,0.0,0.0,0.83,0.5,0.0,0.67,0.17,0.67,0.5,0.75,0.25,0.5,0.25,0.25,0.25,0.25
4651,0.0,1.0,1.0,0.0,1.0,1.0,0.25,1.0,0.0,0.0,0.75,1.0,0.25,1.0,1.0,1.0,0.25,1.0,1.0,0.75,1.0,1.0,0.0,1.0,1.0,1.0,1.0,1.0,0.25,0.25,1.0,0.0,1.0,0.0,0.25,0.0,1.0,1.0,0.0,1.0,1.0,1.0,1.0,1.0,0.75,0.75,1.0,0.0,1.0,0.0,0.0,0.25,0.75,1.0,0.0,1.0,0.0,1.0,0.0,0.0,0.0,0.0,1.0,0.0,0.83,0.0,1.0,0.75,1.0,0.75,1.0,0.0,0.0,0.0,1.0
4655,0.25,1.0,1.0,0.75,0.75,0.25,0.25,0.75,0.25,1.0,0.75,0.0,0.25,0.75,0.25,0.75,0.75,0.0,0.75,1.0,0.0,0.75,0.75,0.25,0.75,0.0,0.25,0.25,1.0,1.0,0.75,1.0,0.0,0.75,0.75,1.0,0.25,0.0,0.75,0.75,1.0,1.0,0.0,0.25,0.0,0.75,1.0,1.0,0.0,0.25,0.25,0.75,0.0,1.0,0.25,1.0,1.0,0.75,0.75,0.75,0.83,0.83,0.67,0.0,0.83,0.67,0.83,0.5,0.75,0.25,0.75,0.75,0.75,0.75,0.25
4662,0.0,1.0,1.0,0.0,1.0,1.0,0.0,0.75,0.0,0.25,0.25,1.0,0.25,1.0,1.0,1.0,0.0,1.0,1.0,1.0,1.0,1.0,0.0,1.0,1.0,1.0,1.0,1.0,0.0,0.25,1.0,0.0,1.0,0.0,0.0,0.0,1.0,1.0,0.0,1.0,1.0,1.0,1.0,1.0,0.25,1.0,1.0,0.0,1.0,0.0,0.0,0.0,0.0,1.0,0.0,1.0,0.0,1.0,0.0,0.0,0.0,0.0,1.0,0.0,0.5,0.0,1.0,0.75,1.0,0.5,1.0,0.0,0.5,0.0,1.0
4663,0.25,0.25,1.0,0.75,0.75,0.25,0.0,0.0,0.25,0.0,0.25,0.25,0.0,0.75,0.0,0.25,0.0,0.0,0.75,0.25,0.0,0.25,0.25,0.25,0.75,0.25,0.0,0.75,0.25,1.0,0.25,0.75,0.75,0.75,0.75,0.75,1.0,0.0,0.75,0.75,0.0,0.25,0.75,1.0,1.0,1.0,0.75,0.0,0.25,0.0,0.75,0.75,1.0,0.75,0.0,0.25,0.75,0.75,0.25,0.0,0.5,0.67,0.5,0.33,0.5,0.5,0.5,0.25,0.5,0.25,0.5,0.5,0.5,0.75,0.5
4665,0.0,1.0,1.0,0.0,0.75,0.25,0.75,0.0,0.0,0.0,1.0,0.75,1.0,1.0,0.0,0.25,1.0,0.0,0.0,0.75,0.0,1.0,1.0,1.0,0.0,0.25,1.0,0.25,1.0,0.25,0.25,1.0,0.25,1.0,0.0,1.0,1.0,0.0,0.0,1.0,1.0,1.0,1.0,1.0,1.0,1.0,1.0,1.0,0.0,0.25,1.0,0.25,0.0,0.0,0.75,0.25,0.75,1.0,1.0,0.75,0.33,0.67,0.83,0.5,1.0,1.0,0.67,0.5,0.75,0.0,0.25,0.75,1.0,0.75,0.0
4672,0.75,0.25,0.75,0.75,0.25,0.75,0.0,0.0,1.0,0.25,0.25,0.25,0.75,0.25,0.0,0.25,0.0,0.25,0.0,0.0,0.0,0.0,0.0,0.75,0.0,0.25,0.25,0.75,0.75,0.25,0.0,0.25,0.75,0.25,0.75,0.25,0.25,0.75,0.75,0.25,0.25,0.25,1.0,1.0,0.75,0.75,0.75,0.0,0.25,0.0,0.75,0.75,0.25,0.25,0.25,0.25,0.25,0.75,0.25,0.75,1.0,0.83,0.17,0.83,0.5,0.67,0.83,0.25,0.5,0.5,0.75,0.25,0.5,0.5,0.5
4673,1.0,0.25,0.0,1.0,1.0,0.25,0.0,0.0,0.75,0.25,0.75,0.75,0.75,1.0,0.25,0.75,0.25,1.0,1.0,1.0,0.75,1.0,0.75,1.0,0.75,0.75,0.0,0.75,1.0,1.0,0.75,0.0,0.25,0.75,0.75,0.25,0.25,0.75,0.0,1.0,1.0,1.0,0.75,0.75,1.0,1.0,0.75,0.25,1.0,1.0,0.0,0.75,1.0,1.0,0.0,1.0,1.0,1.0,0.0,0.0,0.83,0.83,0.33,0.0,0.83,0.17,0.83,0.5,0.75,0.25,0.5,0.25,0.5,0.25,0.5
4679,0.0,0.75,1.0,0.0,1.0,1.0,0.0,1.0,0.0,0.25,1.0,1.0,0.25,1.0,1.0,0.25,0.0,1.0,1.0,1.0,1.0,0.75,0.0,0.0,1.0,1.0,0.75,1.0,0.0,0.0,0.75,0.0,1.0,0.0,0.0,0.0,0.75,1.0,0.0,1.0,1.0,1.0,1.0,1.0,0.25,0.75,1.0,0.0,1.0,0.0,0.0,0.0,0.75,1.0,0.0,1.0,0.0,1.0,0.0,0.0,0.17,0.0,1.0,0.0,0.33,0.33,1.0,0.75,0.75,0.0,0.75,0.0,0.25,0.0,1.0
4689,0.25,0.25,1.0,1.0,1.0,1.0,0.0,0.0,0.0,0.75,0.25,0.25,0.75,0.75,0.0,0.75,0.0,0.0,0.75,0.25,1.0,1.0,0.25,1.0,1.0,0.25,0.0,0.0,1.0,0.75,0.0,0.75,0.25,0.25,0.75,0.25,1.0,0.0,0.25,0.75,0.75,0.25,0.75,1.0,1.0,0.75,0.75,0.0,0.25,0.0,0.75,0.25,1.0,1.0,0.0,0.25,1.0,0.75,0.0,0.25,0.5,0.5,0.67,0.33,0.83,0.83,0.67,0.75,0.5,0.5,0.5,0.5,0.5,0.75,0.5
4696,0.0,1.0,0.25,0.0,1.0,1.0,0.75,0.25,0.0,0.0,0.75,1.0,0.0,1.0,1.0,0.75,0.0,1.0,1.0,0.75,1.0,1.0,0.0,1.0,1.0,1.0,1.0,1.0,0.0,0.25,1.0,0.0,1.0,0.25,0.75,0.0,1.0,0.25,0.0,1.0,1.0,1.0,1.0,1.0,1.0,0.75,1.0,0.0,1.0,0.0,0.0,0.25,0.25,1.0,0.0,1.0,0.25,1.0,0.0,0.0,0.0,0.17,1.0,0.0,0.67,0.0,0.83,0.75,0.75,0.5,0.75,0.25,0.5,0.25,0.75
4699,1.0,0.75,0.75,0.0,1.0,0.25,1.0,1.0,0.25,0.0,0.75,0.75,0.0,0.25,0.75,1.0,0.0,1.0,1.0,1.0,0.75,1.0,0.25,1.0,0.75,0.25,0.25,0.75,0.75,0.75,1.0,0.25,1.0,0.0,0.0,0.25,0.25,0.75,0.0,1.0,1.0,1.0,1.0,0.75,1.0,1.0,1.0,0.75,1.0,0.75,0.0,1.0,1.0,0.75,0.0,1.0,1.0,1.0,0.0,0.0,0.67,0.83,0.67,0.0,0.83,0.17,0.83,0.5,0.75,0.25,0.5,0.25,0.5,0.5,0.75
4701,0.0,0.75,1.0,0.75,1.0,0.25,0.0,1.0,0.25,1.0,0.25,0.75,0.25,0.75,0.0,0.25,0.0,0.25,0.25,0.25,0.0,0.75,0.25,0.25,0.0,0.75,0.25,0.75,0.75,0.75,1.0,0.75,0.0,0.75,0.25,0.0,1.0,0.25,0.25,0.25,0.75,0.25,0.75,1.0,0.75,0.75,0.75,0.75,0.25,0.0,0.25,0.75,0.25,0.75,0.0,0.75,0.25,1.0,0.0,0.75,0.83,0.5,0.5,0.0,0.67,0.33,0.83,0.75,0.5,0.5,0.5,0.5,0.5,0.5,0.5
4702,0.75,1.0,1.0,0.0,1.0,1.0,0.75,1.0,0.0,0.0,0.75,1.0,0.0,1.0,1.0,0.75,0.0,1.0,0.0,1.0,1.0,0.25,0.0,0.75,1.0,1.0,1.0,1.0,1.0,0.25,1.0,0.0,1.0,0.75,0.75,0.0,1.0,1.0,0.75,1.0,0.75,1.0,1.0,1.0,1.0,1.0,1.0,0.0,1.0,1.0,0.25,1.0,1.0,0.75,0.0,1.0,0.0,1.0,0.0,0.0,0.67,0.33,0.67,0.0,0.67,0.67,1.0,0.75,1.0,0.5,1.0,0.0,0.5,0.5,0.75
4703,0.0,1.0,1.0,0.0,1.0,1.0,0.0,1.0,0.0,0.0,0.25,1.0,0.25,1.0,1.0,1.0,0.0,1.0,1.0,0.25,1.0,1.0,0.0,1.0,1.0,1.0,1.0,1.0,0.0,0.25,1.0,0.0,1.0,0.0,0.0,0.0,1.0,1.0,0.0,1.0,1.0,1.0,1.0,1.0,0.25,1.0,1.0,0.0,1.0,0.0,0.0,0.0,0.0,1.0,0.0,1.0,0.0,1.0,0.0,0.0,0.0,0.17,1.0,0.0,0.67,0.33,1.0,0.75,1.0,0.5,1.0,0.0,0.5,0.0,1.0
4710,0.75,1.0,0.75,1.0,1.0,0.75,0.0,1.0,0.25,0.0,0.75,0.75,0.0,0.75,1.0,1.0,0.0,1.0,1.0,1.0,1.0,1.0,0.0,1.0,0.75,0.75,0.75,1.0,0.75,1.0,0.75,0.25,0.75,0.75,0.75,0.0,0.75,0.75,0.0,0.75,1.0,1.0,0.75,1.0,1.0,0.75,0.75,0.0,1.0,1.0,0.0,1.0,0.25,0.0,0.0,1.0,1.0,1.0,0.0,0.0,0.83,0.67,0.5,0.0,0.67,0.5,0.5,0.5,0.75,0.25,0.75,0.5,0.75,0.5,0.75
4723,0.25,0.75,0.75,0.25,0.75,0.75,0.25,0.25,0.25,0.25,0.75,0.75,0.75,0.75,0.25,0.25,0.25,0.25,0.75,0.25,0.25,0.25,0.75,0.25,0.75,0.75,0.75,0.25,0.75,0.75,0.75,0.75,0.25,0.75,0.75,0.75,0.75,0.75,0.25,0.75,0.75,0.75,0.25,0.75,0.75,0.75,0.25,0.75,0.75,0.75,0.75,0.25,0.25,0.75,0.75,0.75,0.75,0.75,0.75,0.75,0.5,0.5,0.67,1.0,0.83,0.83,0.33,0.5,0.5,0.5,0.5,0.75,0.75,1.0,0.75
4725,0.0,1.0,1.0,0.0,1.0,1.0,0.25,0.75,0.25,0.0,0.75,0.75,0.25,1.0,1.0,1.0,0.0,1.0,0.75,1.0,1.0,1.0,0.0,1.0,1.0,1.0,1.0,1.0,0.25,0.75,1.0,0.0,0.75,0.0,0.75,0.0,1.0,1.0,0.0,1.0,1.0,0.75,1.0,1.0,0.75,1.0,0.75,0.25,1.0,0.75,0.0,0.25,0.25,1.0,0.0,1.0,0.0,1.0,0.0,0.0,0.17,0.33,1.0,0.17,0.67,0.17,1.0,1.0,1.0,0.5,0.75,0.0,0.25,0.0,0.75
4732,0.25,1.0,1.0,1.0,0.75,0.75,0.0,0.75,0.25,0.75,0.75,0.25,0.25,1.0,0.0,0.75,0.25,0.0,0.0,0.0,0.0,0.25,0.25,0.0,1.0,0.75,0.0,0.75,0.25,0.75,0.25,0.75,0.25,0.75,0.75,0.75,1.0,0.0,1.0,0.25,0.75,0.75,0.75,1.0,0.25,0.75,0.75,0.75,0.0,0.25,1.0,0.75,0.75,0.75,0.25,0.25,0.75,0.75,0.75,0.75,0.5,0.83,0.17,0.83,0.5,0.5,0.67,0.5,0.5,0.5,0.5,0.5,0.5,0.5,0.5
4747,0.25,0.75,1.0,1.0,1.0,0.75,0.75,1.0,0.25,0.0,1.0,0.25,0.75,1.0,0.25,0.75,0.0,0.75,0.25,0.25,0.25,0.75,0.0,0.0,0.0,0.75,0.25,1.0,0.75,0.75,0.75,0.75,0.25,0.25,0.75,0.0,0.25,0.25,0.75,0.75,0.75,0.75,1.0,1.0,0.75,0.75,1.0,0.0,0.75,0.75,0.25,0.75,1.0,0.25,0.0,0.75,0.0,1.0,0.0,0.0,0.83,0.67,0.33,0.17,0.83,0.33,0.67,0.5,0.75,0.5,0.5,0.25,0.5,0.5,0.5
4757,0.75,0.75,0.25,1.0,1.0,0.25,0.0,0.25,0.75,0.0,0.75,0.75,0.25,0.75,0.75,1.0,0.0,0.75,0.75,0.75,0.75,1.0,0.25,1.0,0.75,0.75,0.25,0.75,0.75,0.75,0.75,0.0,0.75,0.75,0.75,0.0,0.75,0.75,0.0,1.0,0.75,1.0,0.75,0.75,0.75,1.0,0.75,0.0,1.0,1.0,0.0,1.0,0.75,1.0,0.0,1.0,0.75,1.0,0.0,0.0,0.83,0.67,0.67,0.0,0.67,0.17,0.83,0.5,0.75,0.25,0.75,0.0,0.5,0.25,0.75
4761,1.0,0.75,0.25,1.0,1.0,0.75,0.25,0.25,0.75,0.0,0.25,0.75,0.25,1.0,1.0,1.0,0.0,1.0,1.0,1.0,1.0,1.0,0.25,1.0,0.25,0.75,0.25,0.75,0.25,1.0,1.0,0.0,1.0,0.75,0.75,0.0,0.75,0.75,0.0,1.0,1.0,1.0,1.0,1.0,1.0,1.0,1.0,0.0,1.0,1.0,0.0,1.0,1.0,1.0,0.0,1.0,1.0,1.0,0.0,0.0,0.17,0.67,0.67,0.0,0.67,0.17,1.0,0.75,1.0,0.25,1.0,0.25,0.5,0.25,0.75
4765,0.75,0.75,0.0,1.0,0.0,0.0,0.75,0.0,0.0,0.25,0.0,0.0,0.75,0.25,0.0,0.25,0.75,0.0,0.0,0.75,0.0,0.0,0.75,0.75,0.0,0.25,0.0,0.0,1.0,1.0,0.0,1.0,0.0,1.0,0.25,1.0,0.75,0.25,0.0,0.0,0.25,0.0,0.0,0.0,0.75,0.25,0.0,1.0,0.0,0.0,1.0,0.0,0.0,0.75,0.25,0.0,0.25,0.0,0.25,1.0,0.33,1.0,0.17,0.67,0.67,1.0,0.0,0.5,0.5,0.5,0.0,1.0,0.5,0.75,0.0
4780,1.0,0.0,0.75,1.0,0.0,0.0,0.0,0.0,1.0,0.75,0.0,0.25,0.75,0.75,0.0,0.75,1.0,0.0,1.0,1.0,0.75,1.0,1.0,1.0,0.0,0.0,0.0,0.25,1.0,1.0,0.0,1.0,0.0,1.0,1.0,1.0,0.25,0.0,1.0,0.25,0.0,0.0,0.0,0.25,1.0,1.0,0.0,1.0,0.0,0.25,0.75,0.75,1.0,0.75,0.0,0.25,1.0,0.0,0.25,0.25,0.67,1.0,0.0,0.17,1.0,0.83,0.0,0.25,0.5,0.25,0.5,0.5,0.5,0.5,0.25
4787,0.0,0.0,0.0,0.0,0.25,0.0,1.0,0.0,0.0,1.0,0.75,0.25,1.0,0.75,0.0,0.25,1.0,0.0,0.0,0.0,0.0,0.0,0.75,0.0,0.0,1.0,0.0,1.0,1.0,0.25,0.25,1.0,0.0,1.0,0.25,1.0,1.0,0.0,0.0,0.0,1.0,1.0,1.0,0.25,1.0,0.0,0.0,1.0,0.0,1.0,1.0,0.0,0.0,1.0,0.0,0.75,0.0,0.0,0.25,1.0,1.0,0.5,0.17,0.5,0.83,0.5,0.33,0.75,1.0,0.75,0.5,0.75,0.75,0.75,0.5
4794,0.75,0.25,0.25,1.0,0.25,0.25,0.0,0.0,1.0,1.0,0.25,0.0,0.75,0.25,0.75,0.25,0.0,1.0,0.25,1.0,0.0,0.75,1.0,0.0,0.0,1.0,0.0,0.75,1.0,0.0,0.0,0.75,0.0,0.75,0.0,1.0,1.0,0.75,0.0,0.25,1.0,1.0,0.75,0.0,0.0,1.0,0.25,0.0,0.0,0.25,1.0,1.0,1.0,1.0,0.25,1.0,1.0,0.75,1.0,0.25,0.17,1.0,0.67,0.67,0.83,0.33,0.83,0.0,0.75,0.5,0.5,0.25,0.75,1.0,0.5
4796,0.0,0.25,0.75,0.0,0.25,0.75,0.0,0.0,0.75,0.75,0.75,0.75,0.25,1.0,0.0,0.25,0.0,0.25,0.75,1.0,1.0,1.0,0.75,1.0,0.25,0.25,0.75,1.0,0.25,0.25,1.0,0.75,0.75,0.75,0.0,0.0,0.25,0.0,0.25,0.75,0.75,0.75,0.75,0.0,0.75,0.25,0.75,0.75,0.75,0.25,0.25,0.75,0.0,1.0,0.0,0.75,0.75,0.75,0.0,0.0,0.33,0.33,0.33,0.33,0.5,0.33,0.67,0.5,0.5,0.5,0.5,0.5,0.5,0.5,0.5
4804,0.75,0.0,0.25,1.0,0.0,0.0,0.0,0.0,0.75,1.0,0.75,0.25,0.75,0.25,0.25,0.0,0.25,0.0,0.25,0.75,0.75,1.0,1.0,0.25,0.0,0.0,0.0,0.25,1.0,1.0,0.0,1.0,0.0,1.0,0.25,1.0,0.75,0.0,1.0,0.0,0.25,0.0,0.0,0.25,1.0,0.0,0.0,0.75,0.0,1.0,0.75,0.0,0.0,1.0,0.0,0.25,0.75,0.25,0.0,0.75,0.17,0.83,0.17,0.5,0.83,0.5,0.0,0.25,0.5,0.5,0.5,0.5,0.5,0.75,0.25
4807,0.0,1.0,0.25,0.0,1.0,1.0,0.25,0.25,0.0,0.0,0.75,1.0,0.0,1.0,1.0,0.75,0.0,1.0,1.0,0.25,1.0,1.0,0.0,1.0,0.75,1.0,1.0,1.0,0.0,0.25,1.0,0.0,1.0,0.25,0.25,0.0,1.0,0.75,0.25,1.0,1.0,1.0,1.0,1.0,0.75,0.75,1.0,0.0,0.75,0.0,0.0,0.25,0.75,1.0,0.0,0.75,0.25,1.0,0.0,0.0,0.0,0.17,1.0,0.0,0.67,0.0,1.0,1.0,1.0,0.5,1.0,0.0,0.5,0.25,0.75
4808,1.0,0.25,1.0,1.0,1.0,0.25,0.25,0.0,0.75,0.25,0.0,0.75,0.75,0.75,0.75,1.0,0.25,1.0,1.0,1.0,1.0,1.0,0.75,1.0,0.25,0.25,0.0,0.75,0.75,1.0,0.25,0.0,0.25,0.75,0.75,0.0,1.0,1.0,0.0,0.75,0.75,1.0,0.75,0.75,1.0,0.75,0.75,0.0,1.0,0.75,0.75,0.75,1.0,1.0,0.0,1.0,1.0,1.0,0.0,0.0,0.0,0.83,0.5,0.0,1.0,0.33,0.5,0.5,0.75,0.25,0.5,0.5,0.5,0.5,0.5
4809,0.0,1.0,1.0,0.0,1.0,1.0,0.0,1.0,0.0,0.0,1.0,1.0,0.0,1.0,1.0,1.0,0.0,0.0,1.0,1.0,1.0,1.0,0.0,1.0,1.0,0.75,1.0,1.0,0.0,0.0,1.0,0.0,1.0,0.0,0.25,0.0,1.0,1.0,0.0,1.0,1.0,1.0,1.0,1.0,0.25,1.0,1.0,0.0,1.0,1.0,0.0,0.0,0.75,1.0,0.0,1.0,0.0,1.0,0.0,0.0,0.0,0.0,1.0,0.0,0.67,0.0,1.0,1.0,1.0,1.0,1.0,0.0,0.25,0.0,0.75
4814,0.0,1.0,0.75,0.0,1.0,1.0,0.25,0.75,0.25,0.25,0.25,0.75,0.0,1.0,0.0,0.75,0.25,0.75,0.25,0.25,0.25,1.0,1.0,1.0,0.75,0.75,1.0,1.0,1.0,0.25,1.0,0.25,0.25,0.75,0.75,0.0,1.0,0.0,0.25,0.25,1.0,1.0,1.0,1.0,0.25,0.75,1.0,0.75,0.75,0.25,0.25,0.75,0.75,0.75,0.0,1.0,0.0,1.0,0.0,0.0,1.0,0.17,0.67,0.0,0.67,0.67,1.0,0.75,1.0,0.75,0.75,0.25,0.75,0.25,0.75
4822,1.0,1.0,0.25,0.0,0.0,0.75,0.0,0.0,0.0,1.0,0.0,1.0,0.0,1.0,0.25,0.25,0.25,0.75,1.0,0.0,0.0,0.0,0.75,1.0,0.25,0.0,0.0,1.0,0.25,1.0,1.0,0.75,0.0,1.0,0.0,0.0,1.0,0.0,0.0,0.75,1.0,0.0,0.0,1.0,0.0,0.0,0.0,1.0,0.0,1.0,0.75,0.0,0.0,1.0,0.0,0.0,0.0,1.0,0.0,1.0,0.0,0.67,0.5,0.5,0.0,0.33,1.0,0.5,1.0,0.5,0.75,0.5,0.5,0.5,0.5
4825,0.75,1.0,1.0,0.25,0.75,0.25,0.25,0.75,0.0,0.25,0.75,0.75,0.0,1.0,0.75,0.75,0.25,0.25,0.75,0.75,0.25,1.0,0.0,1.0,0.25,0.25,0.25,1.0,1.0,0.75,1.0,1.0,0.75,0.75,0.75,0.0,1.0,0.25,0.0,0.75,0.75,0.75,0.75,0.75,1.0,1.0,1.0,0.75,0.0,0.0,1.0,1.0,1.0,0.25,0.25,0.75,1.0,1.0,0.25,0.0,0.83,0.83,0.33,0.0,0.83,0.17,0.67,0.75,1.0,0.5,0.25,0.5,0.75,0.75,0.75
4826,1.0,0.0,0.0,1.0,0.0,0.0,0.0,0.0,1.0,1.0,0.75,0.0,1.0,0.0,0.0,1.0,1.0,0.0,1.0,1.0,1.0,1.0,1.0,1.0,0.0,0.0,0.0,0.0,1.0,1.0,0.0,1.0,0.0,1.0,0.75,1.0,0.0,0.0,0.75,0.0,0.0,0.0,0.0,0.0,1.0,0.0,0.0,1.0,0.0,1.0,0.75,0.25,1.0,1.0,0.0,0.25,1.0,0.0,0.25,0.75,0.0,1.0,0.0,0.0,1.0,0.5,0.0,0.0,0.0,0.0,0.0,0.5,0.0,0.5,0.0
4829,0.0,1.0,1.0,0.0,1.0,1.0,0.0,1.0,0.0,0.25,0.0,1.0,0.0,1.0,1.0,1.0,0.0,1.0,1.0,0.0,1.0,1.0,0.0,1.0,1.0,1.0,1.0,1.0,0.0,0.0,1.0,0.0,1.0,0.0,0.0,0.0,1.0,0.0,0.0,1.0,1.0,1.0,1.0,1.0,0.0,1.0,1.0,0.0,1.0,0.0,0.0,0.0,0.75,1.0,0.0,0.0,0.0,1.0,0.0,0.0,0.0,0.0,1.0,0.0,0.5,0.0,1.0,1.0,1.0,0.25,1.0,0.0,0.0,0.0,1.0
4838,0.25,0.75,1.0,0.25,1.0,0.75,0.0,0.25,0.25,1.0,0.75,0.75,0.75,0.75,0.0,0.25,0.25,0.0,0.0,0.0,0.0,0.0,0.25,0.0,0.0,0.75,1.0,1.0,0.25,0.25,0.75,0.75,0.25,0.75,0.75,0.75,1.0,0.0,1.0,0.0,0.75,0.75,0.25,0.75,0.25,0.75,0.75,1.0,0.0,0.75,0.25,0.25,0.25,1.0,1.0,0.0,0.75,0.75,0.75,0.75,0.83,0.5,0.83,0.83,0.33,0.83,0.83,0.75,0.75,0.75,0.5,0.75,1.0,0.75,0.5
4846,0.75,0.25,1.0,0.75,0.75,0.75,0.75,1.0,0.25,0.0,0.75,0.25,1.0,0.75,0.0,0.75,0.75,0.0,0.75,0.25,0.0,0.75,0.75,0.75,0.25,0.75,0.0,0.75,0.75,1.0,0.25,0.75,0.75,0.25,0.75,1.0,0.75,0.25,0.25,0.75,0.0,0.75,1.0,0.75,1.0,0.75,1.0,0.0,0.0,0.25,0.25,0.75,0.75,0.75,0.0,0.75,0.75,0.75,0.0,0.75,0.67,0.83,0.67,0.17,0.83,0.33,0.83,0.5,0.75,0.5,0.75,0.5,0.5,0.25,0.5
4858,0.0,1.0,0.75,0.0,1.0,1.0,0.25,0.25,0.0,0.0,0.25,1.0,0.0,1.0,1.0,0.75,0.0,1.0,1.0,1.0,1.0,1.0,0.0,1.0,1.0,1.0,1.0,1.0,0.0,0.25,1.0,0.0,1.0,0.0,0.75,0.0,1.0,0.25,0.0,1.0,1.0,1.0,1.0,1.0,1.0,0.75,1.0,0.0,1.0,0.0,0.0,0.0,1.0,1.0,0.0,1.0,0.0,1.0,0.0,0.0,0.17,0.0,1.0,0.0,0.67,0.0,1.0,0.75,1.0,0.25,1.0,0.0,0.25,0.0,1.0
4861,1.0,0.0,1.0,0.25,0.0,0.0,0.0,0.0,0.25,0.75,0.25,0.0,1.0,0.75,0.0,1.0,0.75,0.0,1.0,1.0,0.0,1.0,1.0,1.0,0.0,0.0,0.0,0.75,1.0,1.0,0.25,1.0,0.0,1.0,0.0,1.0,0.25,1.0,0.25,0.25,0.0,0.25,0.0,0.0,0.75,0.25,0.0,1.0,0.0,1.0,0.75,0.25,0.25,1.0,0.0,0.25,0.75,0.0,1.0,0.75,1.0,1.0,0.0,0.0,0.83,0.83,0.33,0.25,0.75,0.5,0.5,0.75,0.75,0.75,0.0
4866,0.0,1.0,1.0,0.0,1.0,1.0,0.75,0.75,0.0,0.25,0.25,1.0,1.0,1.0,0.25,0.25,0.75,1.0,0.75,0.75,1.0,1.0,0.25,1.0,1.0,0.25,1.0,1.0,1.0,0.0,1.0,0.25,1.0,0.75,0.0,0.0,1.0,1.0,0.25,1.0,0.75,1.0,1.0,0.75,0.25,1.0,1.0,0.0,1.0,0.25,0.25,1.0,0.75,1.0,0.0,1.0,0.0,1.0,0.0,0.25,0.5,0.17,0.67,0.5,0.5,0.67,0.83,0.75,0.5,0.25,0.75,0.25,0.5,0.25,0.75
4877,0.0,0.0,1.0,0.0,0.0,0.0,0.0,0.0,1.0,1.0,0.0,1.0,1.0,1.0,0.0,1.0,1.0,0.0,1.0,1.0,0.0,1.0,1.0,1.0,0.0,0.0,0.0,0.0,1.0,1.0,0.0,1.0,0.0,1.0,0.0,1.0,0.0,0.0,0.75,0.0,0.0,0.0,0.0,0.0,0.0,0.0,0.0,1.0,0.0,1.0,1.0,0.0,0.0,1.0,1.0,0.0,1.0,0.0,1.0,1.0,0.0,1.0,0.0,0.0,0.67,0.67,0.17,0.0,0.25,0.25,0.5,0.5,0.75,1.0,0.0
4883,0.25,0.75,1.0,1.0,1.0,0.25,0.0,0.0,0.75,0.0,0.25,0.75,0.75,0.75,0.0,0.25,0.0,0.0,1.0,1.0,0.25,1.0,0.25,0.0,0.0,0.75,0.0,1.0,0.25,1.0,0.75,0.75,0.25,0.75,0.75,0.0,1.0,0.25,0.25,0.25,0.25,0.25,0.75,1.0,1.0,0.75,1.0,0.0,0.25,0.0,0.75,0.75,0.75,0.75,0.0,0.75,0.25,0.75,0.0,0.0,1.0,0.5,0.5,0.5,0.83,0.67,0.67,0.75,0.5,0.5,0.5,0.5,0.5,0.5,0.5
4884,0.25,0.75,1.0,1.0,1.0,0.0,0.75,0.0,0.25,0.0,0.25,0.25,0.75,0.75,0.0,0.0,0.0,0.0,0.75,0.25,0.25,0.75,0.25,0.0,0.25,0.75,0.0,1.0,0.25,0.75,0.75,0.75,0.25,0.25,0.25,0.0,1.0,0.75,0.25,0.25,0.0,0.75,1.0,1.0,1.0,1.0,0.75,0.0,0.0,0.0,0.75,1.0,1.0,0.75,0.0,0.75,0.0,0.75,0.0,0.0,0.83,0.5,0.5,0.5,0.5,0.5,0.67,0.75,0.5,0.5,0.5,0.5,0.5,0.75,0.5
4885,0.0,1.0,0.25,0.0,1.0,1.0,1.0,0.0,0.0,0.0,0.75,1.0,0.0,1.0,1.0,0.75,0.0,1.0,1.0,0.75,1.0,1.0,0.0,1.0,1.0,0.75,1.0,1.0,0.25,0.25,1.0,0.0,1.0,0.0,0.75,0.0,1.0,0.25,0.0,0.75,1.0,1.0,0.25,1.0,1.0,1.0,1.0,0.0,1.0,0.25,0.0,0.75,0.75,1.0,0.0,1.0,0.75,1.0,0.0,0.0,0.0,0.0,1.0,0.17,0.67,0.0,1.0,1.0,1.0,0.5,1.0,0.0,0.25,0.25,0.75
4890,1.0,1.0,1.0,1.0,1.0,0.25,0.0,0.0,0.25,0.0,0.25,1.0,0.25,1.0,0.75,0.75,0.0,0.75,1.0,1.0,1.0,1.0,0.0,0.25,0.25,0.0,0.0,0.75,1.0,1.0,1.0,0.75,0.25,0.75,1.0,0.0,1.0,0.25,0.25,0.75,0.75,0.75,0.75,1.0,1.0,0.75,0.75,0.0,1.0,0.0,0.75,1.0,1.0,0.25,0.0,0.75,0.75,0.75,0.0,0.0,0.67,0.5,0.67,0.17,1.0,0.17,0.83,0.75,0.75,0.5,0.75,0.5,0.5,0.75,0.5
4897,1.0,0.75,0.75,1.0,1.0,1.0,0.25,0.75,0.25,0.0,0.75,0.75,0.0,1.0,1.0,1.0,0.25,1.0,0.25,1.0,0.75,1.0,0.0,1.0,1.0,0.25,0.0,0.75,0.75,1.0,0.25,0.0,0.75,0.25,0.75,0.0,0.75,0.25,0.75,0.25,1.0,1.0,1.0,1.0,1.0,1.0,0.75,0.0,1.0,0.75,0.25,1.0,1.0,0.75,0.0,1.0,1.0,1.0,0.0,0.0,0.67,0.17,0.67,0.0,1.0,0.17,1.0,0.75,1.0,0.25,1.0,0.0,0.5,0.5,0.75
4900,0.0,0.75,1.0,0.25,0.25,0.25,0.0,0.0,0.0,0.0,0.0,0.75,0.75,0.0,0.0,0.0,0.0,0.0,0.75,0.0,0.75,0.75,0.0,0.0,0.0,0.0,0.75,1.0,0.0,0.0,0.75,0.0,1.0,0.0,1.0,0.0,1.0,0.75,0.25,0.0,0.0,0.75,0.75,1.0,1.0,1.0,1.0,0.0,0.0,0.0,0.0,0.75,1.0,0.75,0.0,1.0,0.0,1.0,0.0,0.0,0.67,0.33,1.0,0.5,0.83,0.5,0.83,0.5,0.5,0.5,0.5,0.25,0.5,0.5,0.5
4927,0.75,0.0,0.25,1.0,0.25,0.0,0.25,0.0,0.75,1.0,0.0,0.0,0.75,0.25,0.0,0.0,1.0,0.0,0.0,0.25,0.0,0.25,1.0,0.75,0.0,0.0,0.0,0.0,1.0,1.0,0.25,1.0,0.0,1.0,0.0,1.0,0.75,0.0,0.75,0.0,0.25,0.0,0.25,0.0,1.0,0.0,0.25,1.0,0.0,1.0,1.0,0.0,0.25,0.0,1.0,0.0,1.0,0.25,1.0,1.0,0.83,1.0,0.0,0.5,0.83,1.0,0.17,0.25,0.5,0.5,0.25,0.5,0.75,0.75,0.25
4929,0.0,1.0,1.0,0.0,1.0,1.0,1.0,0.0,0.0,0.0,1.0,0.75,0.75,1.0,1.0,0.25,0.75,0.25,1.0,0.0,0.0,1.0,0.0,1.0,1.0,1.0,1.0,1.0,1.0,0.0,1.0,0.0,1.0,0.0,0.75,0.0,0.75,1.0,0.0,1.0,1.0,0.75,1.0,1.0,1.0,1.0,1.0,0.0,1.0,0.0,1.0,0.75,1.0,0.0,0.0,1.0,1.0,1.0,0.0,0.0,0.83,0.83,1.0,0.0,0.67,0.67,0.33,0.5,1.0,0.25,0.75,0.0,0.75,0.75,0.5
4937,0.75,0.75,0.25,1.0,1.0,0.0,0.0,0.0,1.0,0.25,1.0,0.75,0.0,1.0,1.0,1.0,0.0,1.0,1.0,1.0,1.0,1.0,0.0,1.0,1.0,1.0,0.75,0.0,1.0,1.0,1.0,0.0,0.75,1.0,0.75,0.0,0.75,1.0,0.0,1.0,1.0,1.0,0.75,0.75,1.0,1.0,0.25,0.0,1.0,1.0,0.0,1.0,1.0,0.75,0.0,1.0,1.0,1.0,0.0,0.0,0.0,1.0,0.83,0.0,1.0,0.0,0.17,0.5,1.0,0.25,0.75,0.25,0.5,0.0,0.75
4942,0.75,0.25,0.25,1.0,0.75,0.25,0.0,0.0,1.0,0.25,0.0,0.25,0.25,0.75,0.25,0.75,0.25,0.25,1.0,0.0,0.75,1.0,0.25,1.0,1.0,0.75,0.0,0.75,0.75,1.0,0.75,0.25,0.25,0.75,0.75,0.0,1.0,0.75,0.0,0.75,1.0,1.0,0.75,1.0,0.75,0.75,0.75,0.0,0.75,1.0,0.25,1.0,1.0,1.0,0.0,1.0,1.0,1.0,0.0,0.0,0.83,0.83,0.67,0.33,0.83,0.33,0.83,0.5,0.75,0.25,0.5,0.25,0.5,0.5,0.75
4948,0.0,1.0,0.25,0.0,1.0,1.0,1.0,0.0,0.0,0.0,1.0,1.0,0.0,1.0,1.0,1.0,0.0,1.0,1.0,1.0,1.0,1.0,0.0,1.0,1.0,1.0,1.0,1.0,0.0,0.0,1.0,0.0,1.0,0.0,0.75,0.0,1.0,0.0,0.0,1.0,1.0,1.0,1.0,1.0,1.0,1.0,1.0,0.0,1.0,0.0,0.0,0.25,0.75,1.0,0.0,1.0,0.0,1.0,0.0,0.0,0.0,0.0,1.0,0.0,0.83,0.0,1.0,1.0,1.0,0.5,1.0,0.0,0.0,0.0,1.0
4951,0.0,1.0,0.75,0.0,0.25,0.75,0.25,0.0,0.0,0.0,1.0,0.75,0.0,1.0,0.75,0.75,0.25,1.0,1.0,0.0,1.0,1.0,0.25,1.0,1.0,0.0,0.75,0.75,0.25,0.75,0.75,0.75,1.0,0.75,0.75,0.0,0.75,0.25,0.0,1.0,1.0,1.0,1.0,0.75,1.0,1.0,1.0,0.75,1.0,1.0,0.0,1.0,1.0,1.0,0.0,0.25,0.25,0.75,0.25,0.0,0.33,0.5,0.83,0.0,0.83,0.17,0.5,0.75,0.5,0.5,0.75,0.5,0.5,0.25,0.5
4952,0.25,1.0,1.0,0.25,0.25,0.75,0.0,0.25,0.25,0.75,0.75,1.0,0.25,1.0,0.25,0.75,0.0,0.25,0.0,0.25,0.0,0.0,0.0,0.75,1.0,0.0,0.75,0.25,0.75,0.75,1.0,1.0,0.25,1.0,0.75,1.0,1.0,0.75,0.75,0.75,0.75,0.25,0.0,0.0,0.75,0.75,1.0,0.25,0.0,0.0,0.25,0.25,0.0,0.25,0.0,0.75,0.75,1.0,0.75,0.0,0.33,0.17,1.0,0.67,0.67,0.33,0.67,0.75,0.75,0.25,0.5,0.75,0.5,0.25,0.5
4953,1.0,0.25,0.75,1.0,1.0,0.25,0.25,0.25,1.0,0.25,1.0,0.25,0.75,1.0,0.25,0.75,0.25,0.25,1.0,1.0,0.75,1.0,0.25,1.0,0.25,0.25,0.0,0.25,1.0,1.0,0.25,0.75,0.25,0.75,0.75,0.75,0.75,0.25,0.25,0.75,1.0,0.75,0.25,0.75,1.0,1.0,0.25,0.25,0.75,1.0,0.0,1.0,1.0,0.75,0.0,1.0,1.0,0.75,0.0,0.0,0.67,0.83,0.67,0.17,0.83,0.67,0.5,0.5,1.0,0.25,0.5,0.5,0.5,0.5,0.25
4954,0.75,0.75,1.0,1.0,0.75,0.25,0.0,0.0,0.25,0.0,0.25,0.25,0.75,0.75,0.0,0.25,0.0,0.0,0.75,0.75,0.25,0.75,0.25,0.0,0.25,0.25,0.0,1.0,0.25,1.0,0.25,0.75,0.75,0.75,0.75,0.25,1.0,0.25,0.75,0.75,0.0,0.25,0.75,1.0,1.0,1.0,0.75,0.0,0.25,0.0,0.75,1.0,1.0,0.75,0.0,0.75,0.75,0.75,0.0,0.0,0.83,0.67,0.67,0.5,0.67,0.5,0.83,0.5,0.5,0.25,0.5,0.5,0.5,0.75,0.5
4963,0.0,1.0,1.0,0.0,1.0,1.0,0.0,0.75,0.0,0.0,0.25,0.75,0.0,1.0,1.0,1.0,0.0,1.0,1.0,0.75,1.0,1.0,0.0,1.0,1.0,0.75,1.0,1.0,0.0,0.25,1.0,0.0,1.0,0.0,0.0,0.0,1.0,1.0,0.0,1.0,1.0,1.0,1.0,1.0,0.25,1.0,1.0,0.0,1.0,0.0,0.0,0.0,0.0,1.0,0.0,1.0,0.0,1.0,0.0,0.0,0.0,0.0,1.0,0.0,0.5,0.0,1.0,0.75,0.75,0.5,0.75,0.0,0.5,0.0,1.0
4964,0.0,0.0,1.0,0.0,0.0,0.0,0.0,0.0,1.0,1.0,0.0,1.0,1.0,1.0,0.0,1.0,1.0,0.0,1.0,1.0,0.0,1.0,1.0,1.0,0.0,0.0,0.0,0.0,1.0,1.0,0.0,1.0,0.0,1.0,0.0,1.0,0.0,0.0,1.0,0.0,0.0,0.0,0.0,0.0,0.0,0.0,0.0,1.0,0.0,1.0,1.0,0.0,0.0,1.0,1.0,0.0,1.0,0.0,1.0,1.0,0.0,1.0,0.0,0.0,0.83,1.0,0.0,0.0,0.25,0.25,0.25,0.25,1.0,1.0,0.0
4965,0.0,1.0,0.75,0.0,1.0,1.0,0.0,0.75,0.0,0.25,0.75,1.0,0.0,1.0,1.0,0.75,0.0,1.0,1.0,0.25,1.0,1.0,0.0,1.0,0.75,1.0,1.0,1.0,0.0,0.25,1.0,0.0,1.0,0.0,0.0,0.0,1.0,0.75,0.0,1.0,1.0,1.0,1.0,1.0,0.25,0.75,1.0,0.0,1.0,0.25,0.0,0.0,0.75,1.0,0.0,1.0,0.0,1.0,0.0,0.0,0.0,0.17,1.0,0.0,0.33,0.0,1.0,1.0,0.75,0.25,1.0,0.0,0.5,0.0,1.0
4972,0.0,0.0,1.0,0.0,0.0,0.0,0.0,0.0,1.0,1.0,0.0,1.0,1.0,1.0,0.0,1.0,1.0,0.0,1.0,1.0,0.0,0.0,1.0,1.0,0.0,0.0,0.0,0.0,1.0,1.0,0.0,1.0,0.0,1.0,0.0,1.0,0.0,0.0,1.0,0.0,0.0,0.0,0.0,0.0,0.0,0.0,0.0,1.0,0.0,1.0,1.0,0.0,0.0,1.0,1.0,0.0,1.0,0.0,1.0,1.0,0.0,1.0,0.0,0.17,0.67,1.0,0.0,0.0,0.5,0.5,0.5,0.25,1.0,0.75,0.0
4975,0.0,0.75,1.0,1.0,0.75,0.25,0.0,0.0,0.25,0.0,0.0,0.75,0.25,0.75,0.25,0.75,0.0,1.0,1.0,0.75,0.75,1.0,0.25,0.0,0.0,0.75,0.25,1.0,0.25,1.0,0.75,0.75,0.25,0.75,0.75,0.0,0.75,0.25,0.25,0.25,0.25,0.75,0.75,1.0,1.0,0.75,0.75,0.0,0.0,0.0,0.25,1.0,1.0,0.75,0.0,0.75,0.75,0.75,0.0,0.0,0.5,0.67,0.5,0.0,0.83,0.17,0.33,0.5,0.75,0.5,0.5,0.5,0.5,0.5,0.25
4987,0.75,1.0,1.0,1.0,1.0,1.0,0.75,1.0,0.75,0.25,0.75,0.75,0.75,1.0,0.25,1.0,0.0,0.25,0.25,0.0,0.75,0.75,0.0,1.0,1.0,1.0,0.75,1.0,0.75,0.75,1.0,0.25,1.0,0.25,0.75,0.0,0.75,0.25,0.75,0.75,0.75,1.0,0.75,1.0,0.75,1.0,1.0,0.0,0.75,0.25,0.25,0.75,0.75,0.25,0.0,1.0,0.25,1.0,0.0,0.0,0.83,0.67,0.67,0.33,0.83,0.17,0.83,0.5,0.75,0.75,0.75,0.25,0.5,0.5,0.75
4988,1.0,0.25,0.75,1.0,0.25,0.0,0.0,0.25,1.0,0.75,0.0,0.25,1.0,0.75,0.25,0.75,0.75,0.0,1.0,1.0,0.0,1.0,1.0,1.0,0.0,0.0,0.0,0.25,1.0,1.0,0.0,1.0,0.0,0.75,1.0,0.75,0.25,0.0,0.75,0.25,0.25,0.25,0.0,0.75,1.0,1.0,0.0,0.75,0.25,0.25,1.0,0.75,0.75,0.75,0.0,1.0,1.0,0.0,0.0,0.0,0.0,1.0,0.0,0.0,1.0,0.67,0.0,0.25,0.75,0.25,0.5,0.5,0.5,0.5,0.25
4991,1.0,0.0,0.0,1.0,0.0,0.0,0.0,0.0,0.75,0.75,0.0,0.0,1.0,0.0,0.0,0.75,1.0,0.0,0.25,1.0,0.0,0.75,1.0,0.0,0.0,0.0,0.0,0.0,1.0,1.0,0.0,1.0,0.25,0.75,0.75,0.75,0.25,0.0,1.0,0.0,0.0,0.0,0.0,0.25,1.0,0.25,0.0,1.0,0.0,1.0,1.0,0.25,0.0,0.0,0.75,0.0,1.0,0.0,0.0,1.0,1.0,1.0,0.17,0.5,1.0,0.83,0.17,0.25,0.5,0.25,0.5,0.5,0.75,0.5,0.0
5003,1.0,0.75,0.0,1.0,0.75,0.25,0.25,0.0,1.0,0.0,0.75,0.75,0.25,1.0,1.0,1.0,0.0,1.0,0.75,1.0,0.75,1.0,0.25,1.0,0.75,0.75,0.0,0.75,0.75,1.0,0.75,0.25,1.0,0.75,0.75,0.0,0.75,0.75,0.25,0.75,1.0,1.0,0.75,1.0,1.0,1.0,0.75,0.0,0.75,1.0,0.0,0.75,1.0,1.0,0.0,1.0,1.0,0.75,0.0,0.0,0.83,0.83,0.67,0.0,0.83,0.33,0.83,0.5,0.75,0.25,0.5,0.25,0.5,0.5,0.5
5016,1.0,1.0,0.0,0.0,0.0,1.0,0.0,1.0,1.0,0.0,1.0,0.75,0.0,1.0,1.0,1.0,0.0,1.0,1.0,1.0,0.0,1.0,0.0,1.0,0.0,1.0,1.0,1.0,1.0,0.0,1.0,0.0,0.25,1.0,1.0,0.0,1.0,1.0,0.0,1.0,1.0,1.0,0.25,1.0,1.0,1.0,1.0,0.0,0.25,0.0,0.0,1.0,0.0,1.0,0.0,1.0,1.0,1.0,0.0,0.25,0.33,0.83,0.83,0.0,0.83,0.17,0.83,0.75,1.0,0.75,1.0,0.25,0.75,0.25,0.75
5017,0.75,0.75,0.25,1.0,1.0,0.25,0.0,0.75,0.75,0.0,1.0,0.75,0.25,1.0,1.0,1.0,0.0,1.0,1.0,1.0,0.75,1.0,0.25,1.0,0.75,0.75,0.0,0.75,1.0,1.0,0.75,0.0,0.75,0.75,0.75,0.25,1.0,0.75,0.0,1.0,1.0,1.0,0.75,1.0,1.0,1.0,0.75,0.0,1.0,1.0,0.0,1.0,1.0,1.0,0.0,1.0,1.0,1.0,0.0,0.0,0.17,0.83,0.83,0.0,0.67,0.0,0.67,0.5,0.75,0.25,0.75,0.25,0.25,0.25,0.75
5027,0.0,1.0,1.0,0.25,1.0,1.0,0.75,0.75,0.0,0.0,0.75,0.25,1.0,1.0,0.75,0.75,0.25,1.0,1.0,1.0,0.75,1.0,0.25,1.0,1.0,1.0,1.0,1.0,0.0,0.75,1.0,0.0,1.0,0.0,0.25,0.0,1.0,1.0,0.25,1.0,1.0,1.0,1.0,1.0,0.75,1.0,1.0,0.0,0.75,0.25,0.0,0.75,1.0,0.25,0.0,0.75,0.0,1.0,0.0,0.0,0.17,0.0,1.0,0.0,0.5,0.17,1.0,0.75,0.5,0.25,0.75,0.0,0.25,0.25,0.75
5040,1.0,0.25,0.0,1.0,0.75,0.0,0.0,0.0,1.0,0.25,0.75,0.0,0.25,1.0,1.0,1.0,0.0,1.0,1.0,1.0,0.0,1.0,0.75,1.0,0.0,0.25,0.0,0.25,1.0,1.0,0.75,0.0,0.0,1.0,1.0,1.0,0.75,0.0,0.75,0.75,0.75,1.0,1.0,0.25,1.0,1.0,0.75,1.0,0.0,1.0,0.0,0.75,1.0,0.0,0.0,0.75,1.0,0.0,0.0,0.0,0.83,1.0,0.83,0.0,1.0,0.0,0.5,0.5,0.75,0.25,0.5,0.25,0.5,0.5,0.5
5045,0.75,1.0,1.0,0.75,1.0,0.75,0.25,1.0,0.25,0.0,0.75,0.25,0.75,1.0,0.25,0.75,0.0,1.0,0.25,0.0,0.25,0.25,0.25,0.25,1.0,1.0,1.0,1.0,0.25,0.25,1.0,0.0,0.75,0.25,0.25,0.0,0.75,0.75,0.25,0.75,0.75,1.0,0.75,1.0,0.75,0.75,1.0,0.75,0.75,0.75,0.25,0.25,0.25,1.0,0.0,0.75,0.0,1.0,0.0,0.0,0.33,0.17,0.67,0.17,0.67,0.17,1.0,0.5,0.75,0.25,0.5,0.25,0.5,0.5,0.75
5046,1.0,1.0,1.0,0.0,1.0,1.0,0.25,0.25,0.0,0.25,1.0,1.0,0.75,1.0,1.0,1.0,0.0,1.0,1.0,1.0,1.0,1.0,0.75,1.0,1.0,1.0,1.0,1.0,0.75,0.25,1.0,0.25,0.25,0.25,0.0,0.0,0.75,0.75,0.25,1.0,1.0,1.0,1.0,1.0,0.25,0.75,1.0,0.75,1.0,0.75,0.0,0.75,0.75,0.75,0.0,0.25,0.25,1.0,0.0,0.25,0.17,0.67,1.0,0.33,0.83,0.0,1.0,0.75,1.0,0.25,0.75,0.25,0.25,0.25,0.75
5049,0.25,1.0,1.0,0.75,1.0,0.75,0.25,0.75,0.25,0.0,1.0,0.0,0.75,0.75,0.0,1.0,0.0,0.75,0.0,0.75,0.25,0.0,0.0,0.0,1.0,1.0,0.25,1.0,0.75,0.75,1.0,0.0,1.0,0.0,1.0,0.25,0.75,0.75,0.75,0.75,0.75,1.0,1.0,1.0,0.25,0.75,1.0,0.0,0.25,0.25,0.0,0.25,1.0,0.75,0.25,0.75,0.0,1.0,0.0,0.0,1.0,0.67,0.67,0.83,0.67,0.33,1.0,0.5,0.5,0.5,1.0,0.0,0.5,0.0,0.5
5062,0.0,1.0,1.0,0.0,1.0,1.0,0.0,1.0,0.0,0.25,0.0,1.0,0.0,1.0,1.0,1.0,0.0,1.0,1.0,0.75,1.0,1.0,0.25,0.0,1.0,1.0,1.0,1.0,0.0,0.0,1.0,0.25,1.0,0.0,0.0,0.0,1.0,0.75,0.0,1.0,1.0,1.0,1.0,1.0,0.25,0.75,1.0,0.25,1.0,1.0,0.0,0.0,0.0,1.0,0.0,0.0,0.0,1.0,0.0,1.0,0.0,0.0,1.0,0.0,0.17,0.17,1.0,1.0,1.0,1.0,1.0,0.25,0.25,0.0,1.0
5065,0.75,0.75,1.0,0.75,1.0,0.75,0.25,0.75,0.75,0.0,1.0,0.75,0.75,1.0,0.75,0.75,0.25,0.75,1.0,1.0,0.75,1.0,0.25,1.0,1.0,1.0,1.0,1.0,1.0,0.75,0.75,0.25,1.0,0.25,1.0,0.25,1.0,1.0,0.0,0.75,1.0,1.0,1.0,1.0,1.0,1.0,1.0,0.0,1.0,0.75,0.0,1.0,1.0,0.75,0.0,1.0,1.0,1.0,0.0,0.0,0.67,0.33,0.83,0.17,0.83,0.33,0.83,0.5,1.0,0.25,1.0,0.25,0.5,0.25,0.75
5072,1.0,0.25,0.75,0.75,0.25,0.0,0.75,0.0,0.75,1.0,0.0,0.0,0.25,0.75,0.0,0.75,1.0,0.75,1.0,1.0,0.0,0.75,0.75,1.0,0.0,0.25,0.25,1.0,1.0,1.0,0.0,1.0,0.0,1.0,0.75,1.0,0.75,1.0,0.75,0.25,0.0,0.75,0.75,0.75,1.0,0.25,0.75,1.0,0.0,1.0,0.25,0.25,0.0,0.25,0.75,0.0,1.0,0.0,1.0,1.0,1.0,1.0,0.17,0.17,0.5,0.33,0.17,0.25,0.75,0.5,0.5,0.75,0.75,0.25,0.0
5073,0.0,1.0,1.0,0.0,1.0,1.0,1.0,1.0,0.0,0.0,1.0,0.25,0.25,1.0,0.25,1.0,0.0,0.25,1.0,1.0,1.0,1.0,0.75,1.0,0.75,1.0,1.0,1.0,0.75,0.25,1.0,0.75,1.0,0.25,0.75,0.0,1.0,0.75,0.0,1.0,1.0,1.0,1.0,1.0,0.75,1.0,1.0,0.75,0.75,0.25,0.75,1.0,1.0,0.75,0.0,0.75,0.0,1.0,0.0,0.0,0.17,0.67,1.0,0.0,0.67,0.5,1.0,0.75,0.75,0.5,0.75,0.25,0.75,0.75,0.75
5075,0.75,1.0,1.0,1.0,1.0,0.75,0.25,1.0,0.0,0.25,0.75,0.75,0.25,1.0,1.0,1.0,0.0,0.25,1.0,0.25,1.0,1.0,0.0,0.0,1.0,1.0,0.75,1.0,0.0,0.75,1.0,0.25,1.0,0.0,1.0,0.0,0.75,0.75,0.25,0.25,0.25,0.75,0.75,1.0,1.0,0.75,1.0,0.0,0.25,0.25,0.0,0.25,1.0,1.0,0.0,0.75,0.75,1.0,0.0,0.0,0.67,0.5,0.83,0.67,0.83,0.17,1.0,0.5,0.75,0.5,0.75,0.25,0.5,0.5,0.75
5076,0.0,1.0,0.75,0.0,1.0,1.0,0.25,1.0,0.0,0.0,0.75,0.25,0.25,1.0,1.0,1.0,0.0,1.0,0.75,0.25,0.75,1.0,0.0,1.0,1.0,1.0,1.0,1.0,0.0,0.0,1.0,0.0,1.0,0.0,0.25,0.0,1.0,1.0,0.25,1.0,1.0,1.0,1.0,1.0,0.25,1.0,1.0,1.0,1.0,0.0,0.0,0.75,0.75,1.0,0.0,1.0,0.0,1.0,0.0,0.0,0.17,0.0,1.0,0.0,0.33,0.0,1.0,1.0,1.0,0.25,1.0,0.0,0.25,0.0,1.0
5080,0.75,0.0,1.0,1.0,0.0,0.0,0.0,0.0,1.0,1.0,0.25,0.0,0.75,0.75,0.0,0.0,1.0,0.25,0.75,1.0,0.0,0.0,0.75,1.0,0.0,0.25,0.0,0.25,0.25,0.0,0.0,1.0,0.0,1.0,0.75,1.0,0.25,1.0,0.25,0.75,0.0,0.75,0.75,1.0,0.75,0.0,1.0,1.0,0.0,0.75,1.0,0.0,0.0,0.0,0.25,0.0,0.25,0.75,0.0,1.0,0.67,0.83,0.67,0.67,0.5,1.0,0.17,0.25,0.75,0.75,0.5,0.75,0.75,1.0,0.25
5088,0.75,0.75,0.25,1.0,1.0,0.25,0.25,0.0,0.75,0.25,0.75,1.0,0.0,1.0,1.0,0.75,0.0,1.0,1.0,0.75,1.0,1.0,0.0,1.0,1.0,0.75,0.25,1.0,0.75,0.75,1.0,0.0,0.75,0.25,0.75,0.0,1.0,0.25,0.0,1.0,1.0,1.0,0.75,0.75,1.0,1.0,1.0,0.0,1.0,1.0,0.0,1.0,0.75,1.0,0.0,1.0,1.0,1.0,0.0,0.0,0.17,0.67,0.83,0.0,0.83,0.17,0.83,0.5,0.75,0.25,0.75,0.0,0.5,0.5,0.5
5098,1.0,0.75,1.0,1.0,0.25,0.0,0.0,0.0,0.0,0.0,0.75,0.25,0.75,0.75,0.75,0.75,0.25,0.25,0.75,0.0,0.0,0.75,0.25,1.0,0.25,0.75,1.0,0.75,0.75,1.0,0.75,0.75,0.75,0.75,0.75,0.25,0.75,0.75,0.75,0.75,0.25,0.25,0.75,0.75,1.0,0.75,0.75,0.25,0.0,0.0,1.0,1.0,0.75,0.25,0.0,0.75,0.25,0.75,0.0,0.0,0.83,0.5,0.67,0.5,0.83,0.33,0.67,0.5,0.5,0.5,0.5,0.5,0.75,0.75,0.75
5099,0.0,1.0,0.25,0.0,1.0,1.0,1.0,0.0,0.0,0.0,1.0,1.0,0.0,1.0,1.0,1.0,0.0,1.0,1.0,0.25,1.0,1.0,0.0,0.75,1.0,0.0,1.0,0.25,0.0,0.0,1.0,0.0,1.0,0.25,0.75,0.0,1.0,0.25,0.0,0.0,1.0,1.0,1.0,1.0,1.0,1.0,0.75,0.0,1.0,0.0,0.0,0.75,1.0,1.0,0.0,1.0,0.25,1.0,0.0,0.0,0.0,0.0,1.0,0.0,0.83,0.0,1.0,1.0,0.75,0.5,0.5,0.0,0.0,0.0,0.75
5110,1.0,0.75,1.0,0.75,0.75,0.75,0.75,0.75,0.25,0.0,1.0,0.75,0.25,1.0,0.0,0.75,0.0,0.0,0.75,0.0,1.0,1.0,0.0,0.75,1.0,1.0,0.75,1.0,0.75,0.75,0.75,0.25,1.0,0.25,0.75,0.0,0.75,0.0,0.25,0.75,1.0,0.75,1.0,1.0,0.75,1.0,1.0,0.25,0.25,0.25,0.75,1.0,1.0,0.0,0.0,1.0,0.25,1.0,0.0,0.0,1.0,0.17,0.83,0.17,0.83,0.33,1.0,0.75,0.75,0.25,0.75,0.5,0.5,0.5,0.5
5114,0.25,0.0,0.25,1.0,0.25,0.0,0.0,0.0,0.25,1.0,0.0,0.25,0.75,0.25,0.0,0.0,1.0,0.0,0.25,0.25,0.0,0.75,1.0,0.75,0.0,0.0,0.0,0.0,1.0,1.0,0.0,1.0,0.0,1.0,0.0,1.0,0.75,0.0,0.25,0.0,0.25,0.25,0.0,0.0,1.0,0.0,0.0,1.0,0.0,0.75,1.0,0.0,0.0,0.25,0.75,0.0,1.0,0.0,0.75,1.0,0.67,1.0,0.0,0.67,1.0,0.83,0.17,0.0,0.5,0.5,0.5,0.75,0.75,0.5,0.25
5115,1.0,0.75,1.0,0.75,0.25,0.75,0.25,0.75,0.75,0.0,1.0,0.25,0.75,1.0,0.0,0.0,0.25,0.25,0.25,0.0,0.0,0.25,0.0,0.25,1.0,1.0,0.0,1.0,0.25,0.25,1.0,0.25,0.25,0.25,0.25,0.0,0.75,0.25,0.25,0.75,0.25,1.0,1.0,1.0,0.25,0.75,1.0,0.0,0.0,0.25,0.75,0.75,0.75,0.25,0.0,0.75,0.0,1.0,0.25,0.25,0.83,0.17,0.67,0.33,0.5,0.17,0.67,0.5,0.5,0.5,0.75,0.25,0.5,0.5,0.5
5121,1.0,0.75,0.25,1.0,1.0,0.75,0.0,0.75,0.75,0.0,0.75,0.75,0.25,1.0,1.0,1.0,0.0,1.0,1.0,0.75,0.75,1.0,0.0,1.0,1.0,1.0,0.0,0.75,1.0,1.0,0.75,0.75,1.0,0.25,0.75,0.0,0.75,0.75,0.0,0.75,1.0,1.0,0.75,1.0,1.0,1.0,0.75,0.0,1.0,1.0,0.25,1.0,1.0,1.0,0.0,1.0,1.0,1.0,0.0,0.0,0.83,0.83,0.83,0.0,0.83,0.33,0.83,0.75,0.75,0.25,0.75,0.5,0.5,0.5,0.75
5122,0.25,0.75,0.0,1.0,1.0,1.0,1.0,0.75,1.0,0.0,0.75,1.0,0.75,0.0,0.75,0.25,0.75,1.0,1.0,1.0,1.0,1.0,0.0,0.0,1.0,0.75,1.0,0.75,0.0,1.0,1.0,0.75,1.0,1.0,0.0,0.0,0.75,1.0,0.0,0.75,1.0,1.0,1.0,0.75,1.0,1.0,1.0,0.0,1.0,0.75,1.0,1.0,1.0,1.0,0.0,1.0,0.0,1.0,0.0,0.0,0.83,0.83,0.67,0.17,0.5,0.17,0.83,0.5,0.75,0.5,0.75,0.25,0.5,0.5,0.5
5123,0.75,0.75,1.0,0.25,0.25,0.75,0.0,1.0,0.75,0.25,0.25,0.25,0.75,1.0,0.25,0.75,0.0,1.0,0.75,0.0,0.25,0.75,0.0,0.75,1.0,0.75,0.75,1.0,0.25,0.25,0.25,0.0,0.75,0.75,0.75,0.0,0.75,0.75,0.25,1.0,1.0,0.75,1.0,1.0,0.75,0.25,1.0,0.0,0.25,0.75,0.0,0.75,1.0,1.0,0.0,0.75,0.75,1.0,0.0,0.0,0.83,0.17,0.83,0.5,0.33,0.17,0.83,0.5,0.75,0.5,0.75,0.0,0.5,0.25,0.75
5127,0.0,0.75,0.75,0.0,1.0,1.0,0.75,1.0,0.25,0.0,0.75,1.0,0.25,1.0,1.0,1.0,0.25,1.0,1.0,0.75,0.75,1.0,0.25,0.75,1.0,1.0,1.0,1.0,0.0,0.0,1.0,0.0,0.0,0.0,0.75,0.0,1.0,1.0,0.0,1.0,1.0,1.0,0.75,0.75,0.75,1.0,1.0,0.0,1.0,0.25,0.0,0.75,1.0,0.25,0.0,1.0,0.0,1.0,0.0,0.0,0.17,0.0,0.83,0.17,0.67,0.0,1.0,0.75,1.0,1.0,1.0,1.0,0.5,0.25,0.75
5134,0.0,1.0,0.75,0.0,1.0,1.0,0.0,0.25,0.0,0.0,0.75,0.75,0.0,1.0,1.0,0.75,0.0,1.0,1.0,1.0,1.0,1.0,0.0,1.0,1.0,1.0,1.0,1.0,0.0,0.25,1.0,0.0,1.0,0.0,0.75,0.0,1.0,0.75,0.25,1.0,1.0,1.0,1.0,1.0,1.0,1.0,1.0,0.0,1.0,0.0,0.0,0.25,0.75,1.0,0.0,1.0,0.25,1.0,0.0,0.0,0.0,0.17,1.0,0.0,0.5,0.17,1.0,1.0,0.75,0.5,0.75,0.0,0.5,0.25,1.0
5144,0.0,1.0,0.75,0.0,1.0,1.0,0.75,0.0,0.0,0.25,0.75,1.0,0.0,1.0,1.0,1.0,0.0,1.0,1.0,0.75,1.0,1.0,0.0,1.0,1.0,1.0,1.0,1.0,0.0,0.0,1.0,0.0,1.0,0.0,0.25,0.0,1.0,0.0,0.0,1.0,1.0,1.0,1.0,1.0,0.75,1.0,1.0,0.0,1.0,0.0,0.0,0.0,0.75,1.0,0.0,0.75,0.0,1.0,0.0,0.0,0.0,0.0,1.0,0.0,0.5,0.0,1.0,1.0,1.0,1.0,1.0,0.0,0.0,0.0,0.5
5157,0.0,1.0,1.0,0.0,1.0,1.0,0.25,0.75,0.0,0.25,0.75,0.75,0.25,1.0,1.0,0.25,0.0,1.0,1.0,1.0,1.0,1.0,0.0,1.0,1.0,1.0,1.0,1.0,0.0,0.25,1.0,0.0,1.0,0.0,0.75,0.25,1.0,1.0,0.25,1.0,1.0,1.0,1.0,1.0,0.25,0.75,1.0,0.75,1.0,0.75,0.0,0.0,0.0,1.0,0.0,0.75,0.0,1.0,0.0,0.0,0.0,0.0,1.0,0.0,0.83,0.17,1.0,0.75,0.75,0.75,0.75,0.0,0.25,0.25,1.0
5162,0.0,1.0,1.0,0.0,1.0,1.0,0.75,0.75,0.0,0.0,0.0,1.0,0.0,1.0,1.0,1.0,0.0,1.0,1.0,1.0,1.0,1.0,0.0,1.0,1.0,1.0,1.0,1.0,0.0,0.0,1.0,0.0,0.75,0.0,0.0,0.0,1.0,0.0,0.0,1.0,1.0,1.0,0.75,1.0,0.75,0.75,1.0,0.0,0.75,1.0,0.0,0.0,0.0,1.0,0.75,0.0,0.0,1.0,0.25,1.0,0.0,0.0,1.0,0.0,0.67,0.0,1.0,1.0,1.0,0.75,1.0,0.0,0.0,0.0,1.0
5163,0.0,1.0,1.0,0.0,1.0,1.0,0.75,1.0,0.0,0.25,0.25,1.0,0.0,1.0,1.0,1.0,0.0,1.0,1.0,1.0,1.0,1.0,0.0,1.0,0.75,1.0,1.0,1.0,1.0,0.0,1.0,0.0,1.0,0.25,0.0,0.0,1.0,1.0,0.25,1.0,1.0,1.0,1.0,1.0,1.0,1.0,1.0,0.0,1.0,0.0,0.0,0.25,1.0,1.0,0.0,1.0,0.0,1.0,0.0,0.0,0.0,0.17,1.0,0.0,0.83,0.0,0.17,0.75,1.0,1.0,1.0,0.25,0.5,0.5,1.0
5166,1.0,0.75,0.0,1.0,0.75,0.0,0.0,0.25,1.0,0.0,0.75,0.25,0.25,0.75,0.75,1.0,0.0,0.75,1.0,1.0,0.75,1.0,0.25,1.0,1.0,0.75,0.0,0.75,1.0,1.0,0.75,0.25,0.75,1.0,1.0,0.25,0.75,0.75,0.0,0.75,0.75,1.0,0.75,0.75,1.0,1.0,0.75,0.0,1.0,1.0,0.0,1.0,1.0,1.0,0.0,1.0,1.0,1.0,0.0,0.0,1.0,0.83,0.0,0.0,1.0,0.83,0.67,0.5,1.0,0.25,0.75,0.25,0.75,0.5,0.5
5168,0.25,0.25,0.75,0.25,1.0,1.0,0.75,0.25,0.25,0.25,0.25,0.25,0.25,0.75,0.0,0.0,0.75,1.0,0.25,0.0,0.75,1.0,0.25,1.0,0.75,0.75,1.0,1.0,1.0,0.25,1.0,0.25,0.25,1.0,0.75,0.0,1.0,0.25,0.0,0.0,0.75,1.0,0.25,0.75,0.25,0.0,0.25,0.25,0.0,0.25,0.0,0.0,0.0,1.0,0.25,0.75,0.25,0.75,0.25,0.25,0.33,0.33,0.5,0.0,0.33,0.33,0.5,0.5,0.5,0.5,0.75,0.5,0.5,0.5,0.5
5173,1.0,0.75,0.25,0.75,1.0,0.25,1.0,0.25,0.75,0.0,0.75,0.75,0.25,1.0,1.0,1.0,0.0,1.0,1.0,1.0,1.0,1.0,0.25,1.0,0.75,0.75,0.25,1.0,1.0,1.0,0.75,0.0,0.75,0.75,0.75,0.0,0.75,0.75,0.0,0.75,0.75,1.0,0.75,0.75,1.0,1.0,0.75,0.0,1.0,1.0,0.0,1.0,1.0,1.0,0.0,1.0,1.0,1.0,0.0,0.0,0.0,1.0,0.67,0.0,1.0,0.0,0.67,0.5,0.75,0.25,0.75,0.0,0.5,0.5,1.0
5178,0.0,1.0,0.0,1.0,1.0,1.0,1.0,1.0,0.0,0.0,1.0,0.75,0.0,1.0,1.0,1.0,0.0,1.0,1.0,0.0,1.0,1.0,0.0,1.0,0.0,0.0,1.0,0.0,0.0,1.0,0.75,0.0,1.0,0.0,1.0,0.0,1.0,1.0,1.0,1.0,0.0,1.0,1.0,1.0,1.0,1.0,1.0,0.0,1.0,0.0,0.0,1.0,1.0,1.0,0.0,1.0,1.0,1.0,0.0,0.0,0.17,0.67,1.0,0.0,1.0,0.0,1.0,1.0,1.0,0.25,1.0,0.0,0.75,0.75,1.0
5180,0.75,0.0,1.0,0.75,0.0,0.0,1.0,0.0,1.0,1.0,0.75,0.0,1.0,0.0,0.0,0.0,1.0,0.0,0.25,1.0,0.0,0.0,1.0,1.0,0.0,0.75,0.0,0.75,1.0,1.0,0.75,1.0,0.0,1.0,0.25,1.0,1.0,0.0,0.0,0.0,1.0,1.0,0.25,1.0,0.75,0.75,1.0,1.0,0.0,0.75,0.75,0.0,0.0,0.0,1.0,0.0,0.25,0.25,0.75,1.0,0.67,1.0,0.17,0.83,0.83,1.0,0.0,0.0,0.25,0.5,0.25,1.0,0.75,0.5,0.5
5192,1.0,0.0,1.0,1.0,0.0,0.0,0.0,0.0,0.75,1.0,0.0,0.0,1.0,0.25,0.0,0.0,1.0,0.0,0.0,0.75,0.0,0.75,1.0,0.75,0.0,0.0,0.0,0.0,1.0,1.0,0.0,1.0,0.0,1.0,0.0,1.0,0.75,0.0,1.0,0.0,0.0,0.0,0.0,0.0,1.0,0.0,0.0,1.0,0.0,1.0,1.0,0.0,0.0,0.0,1.0,0.0,1.0,0.0,1.0,1.0,1.0,1.0,0.0,0.83,0.83,1.0,0.0,0.25,0.5,0.5,0.25,0.5,0.75,1.0,0.0
5195,0.75,0.25,0.75,0.0,1.0,0.25,0.25,0.25,0.25,0.75,0.25,0.25,0.75,0.75,0.75,0.75,0.25,0.75,0.75,0.75,0.75,1.0,0.75,0.75,0.75,0.75,0.25,0.75,0.75,0.75,0.75,0.25,0.25,0.75,0.75,0.25,0.75,0.25,0.25,0.75,1.0,0.75,0.25,0.75,0.25,0.75,0.25,0.75,0.75,0.75,0.25,0.25,0.75,0.75,0.25,0.75,0.25,0.75,0.25,0.25,0.17,0.67,0.5,0.33,0.67,0.33,0.67,0.5,0.75,0.25,0.5,0.25,0.25,0.25,0.25
5198,1.0,0.0,0.0,0.0,1.0,1.0,0.0,0.0,1.0,0.0,0.0,0.0,1.0,1.0,0.0,1.0,1.0,0.0,1.0,0.0,0.0,0.0,1.0,1.0,1.0,0.0,0.0,1.0,1.0,1.0,0.0,1.0,0.0,1.0,1.0,1.0,1.0,0.25,0.0,1.0,1.0,0.25,0.25,1.0,1.0,1.0,1.0,1.0,0.0,1.0,1.0,0.75,0.0,0.0,1.0,0.0,1.0,0.75,1.0,1.0,0.83,0.83,0.17,1.0,0.83,0.83,0.67,0.5,1.0,0.25,0.25,1.0,0.75,0.75,0.5
5199,1.0,0.25,1.0,1.0,1.0,0.25,0.0,0.75,0.0,0.0,0.75,0.25,0.25,0.75,1.0,0.75,0.25,1.0,1.0,1.0,1.0,1.0,0.25,1.0,0.25,0.75,0.0,0.25,0.75,0.75,0.75,0.0,1.0,0.0,1.0,0.25,0.25,1.0,0.25,0.25,0.75,1.0,0.25,0.25,1.0,1.0,1.0,0.0,0.75,0.25,0.25,1.0,1.0,0.75,0.0,1.0,0.75,0.75,0.0,0.0,0.67,0.67,0.67,0.0,0.83,0.33,0.67,0.75,0.75,0.25,0.75,0.25,0.75,0.75,0.5
5204,0.75,1.0,1.0,0.25,1.0,0.75,0.0,0.0,0.25,0.0,0.25,1.0,0.25,1.0,0.75,0.25,0.0,0.75,0.75,0.75,1.0,1.0,0.0,0.25,0.25,0.25,0.75,1.0,1.0,1.0,1.0,0.75,0.75,0.75,0.75,0.0,1.0,0.25,0.0,1.0,1.0,0.75,1.0,1.0,1.0,0.75,0.75,0.25,1.0,0.75,0.25,1.0,1.0,0.25,0.0,1.0,0.75,1.0,0.0,0.0,1.0,0.67,0.67,0.0,1.0,0.17,0.83,0.75,1.0,0.5,0.75,0.5,0.5,0.5,0.75
5206,0.25,1.0,1.0,1.0,1.0,0.75,0.25,0.75,0.25,0.0,1.0,0.75,0.75,1.0,0.25,0.75,0.0,0.75,0.0,0.0,0.0,0.0,0.0,0.0,1.0,1.0,0.25,1.0,0.75,0.75,0.75,0.75,0.25,0.25,0.75,0.0,0.75,0.25,0.25,0.75,0.75,0.75,0.75,1.0,0.75,0.75,1.0,0.25,0.75,0.25,0.25,0.25,0.75,0.25,0.0,0.75,0.25,1.0,0.0,0.0,1.0,0.83,0.5,0.5,0.67,0.67,0.67,0.5,0.5,0.5,0.5,0.25,0.5,0.5,0.5
5208,0.75,0.25,1.0,1.0,1.0,0.75,0.75,1.0,0.25,0.0,1.0,0.75,0.75,0.75,0.75,1.0,0.0,0.75,0.75,0.75,0.0,1.0,0.0,1.0,0.75,0.75,0.75,0.25,0.75,0.0,0.75,0.0,1.0,0.0,0.25,0.0,0.75,0.75,0.25,1.0,1.0,1.0,1.0,1.0,1.0,0.75,1.0,0.0,1.0,0.0,0.75,1.0,1.0,1.0,0.0,1.0,0.25,1.0,0.0,0.0,0.17,0.67,0.83,0.17,0.67,0.17,0.67,0.5,0.75,0.25,1.0,0.0,0.5,0.5,0.75
5216,0.75,1.0,1.0,0.25,1.0,0.75,0.75,0.75,0.25,0.0,0.75,0.75,0.25,1.0,0.75,0.25,0.0,0.75,1.0,1.0,0.75,1.0,0.25,1.0,1.0,1.0,1.0,1.0,0.75,0.75,1.0,1.0,0.75,0.25,0.75,0.25,0.75,0.75,0.75,0.25,1.0,0.75,0.75,0.75,1.0,0.75,0.75,0.75,0.75,0.75,0.25,0.75,0.75,0.25,0.25,0.25,0.25,1.0,0.25,0.25,0.67,0.67,0.83,0.17,0.83,0.67,0.83,0.75,0.75,0.75,0.75,0.75,0.5,0.25,0.75
5236,0.25,0.25,1.0,0.0,0.0,0.25,0.25,0.0,1.0,0.0,0.0,0.25,0.25,0.25,0.0,0.0,0.25,0.25,0.0,0.0,0.0,0.0,0.25,1.0,0.25,0.25,0.75,1.0,0.75,0.25,0.25,0.75,0.0,0.75,0.25,0.75,0.75,0.25,0.75,0.25,0.25,0.25,0.75,0.75,0.0,0.25,1.0,0.25,0.0,0.25,0.75,0.25,0.0,0.75,0.25,0.25,0.0,0.75,0.25,0.25,0.5,0.33,0.33,0.67,0.33,0.0,0.5,0.5,0.5,0.5,0.5,0.5,0.5,0.5,0.75
5237,0.25,0.25,0.75,0.0,0.0,0.25,0.0,0.75,0.0,1.0,0.75,0.25,0.25,0.75,0.25,0.0,0.75,0.0,0.75,0.25,0.0,0.25,0.75,0.75,0.0,0.25,0.0,1.0,0.75,0.25,0.75,1.0,0.0,0.75,0.25,1.0,1.0,0.25,0.25,0.75,0.75,0.25,0.25,0.75,1.0,0.75,1.0,1.0,0.0,1.0,0.75,0.0,0.75,0.75,1.0,0.0,0.0,0.25,0.75,1.0,0.17,0.67,0.17,0.67,0.83,0.83,0.5,0.25,0.75,0.75,0.75,1.0,0.75,0.75,0.25
5238,1.0,0.75,0.0,1.0,0.75,0.25,0.25,0.25,0.75,0.0,0.75,0.75,0.25,0.75,0.75,0.75,0.0,1.0,1.0,0.75,0.75,1.0,0.25,1.0,0.75,0.75,0.0,0.25,0.75,0.75,0.75,0.0,0.75,0.75,0.75,0.0,0.75,0.25,0.0,0.75,1.0,0.75,0.75,0.75,1.0,0.75,0.75,0.0,1.0,1.0,0.0,1.0,1.0,1.0,0.0,1.0,1.0,0.75,0.0,0.0,0.5,0.83,0.67,0.17,0.67,0.17,0.67,0.5,0.5,0.25,0.75,0.25,0.5,0.5,0.75
5239,0.0,0.0,1.0,0.0,0.0,0.0,0.0,0.0,1.0,1.0,0.0,1.0,1.0,1.0,0.0,1.0,1.0,0.0,1.0,1.0,0.0,1.0,1.0,1.0,0.0,0.0,0.0,0.0,1.0,1.0,0.0,0.75,0.0,1.0,0.25,1.0,0.0,0.0,1.0,0.75,0.25,0.0,0.0,0.0,0.0,0.0,0.0,1.0,0.0,1.0,1.0,0.0,0.0,1.0,1.0,0.0,1.0,0.0,1.0,1.0,0.0,1.0,0.0,0.17,0.67,0.83,0.0,0.0,0.5,0.0,0.0,0.25,0.75,1.0,0.0
5242,1.0,0.25,0.0,1.0,0.75,0.0,0.0,0.25,0.75,0.0,0.75,0.75,0.25,0.75,0.25,1.0,0.0,0.75,1.0,0.75,0.25,1.0,0.0,1.0,0.0,0.75,0.0,0.0,1.0,1.0,0.75,0.25,0.75,0.75,0.75,0.0,1.0,0.75,0.75,0.75,1.0,1.0,0.75,0.75,1.0,0.75,0.75,0.0,0.0,0.75,0.0,1.0,0.75,1.0,0.25,1.0,1.0,1.0,0.0,0.0,0.83,0.83,0.5,0.0,0.83,0.33,0.67,0.5,0.5,0.25,0.5,0.25,0.5,0.5,0.5
5245,0.0,0.75,0.75,0.0,1.0,1.0,0.25,0.75,0.0,0.0,1.0,1.0,0.75,1.0,1.0,1.0,0.0,1.0,1.0,0.75,1.0,1.0,0.0,0.75,1.0,1.0,1.0,1.0,0.0,0.75,1.0,0.0,1.0,0.0,1.0,0.0,1.0,0.75,0.25,0.75,0.75,1.0,1.0,1.0,0.75,0.75,1.0,0.0,1.0,0.75,0.0,0.25,1.0,1.0,0.0,0.25,0.25,1.0,0.0,0.0,0.0,0.0,0.83,0.17,0.67,0.0,1.0,0.75,0.75,0.25,0.75,0.0,0.0,0.0,1.0
5248,1.0,1.0,1.0,1.0,1.0,0.25,0.0,0.0,0.0,0.0,0.25,0.75,0.0,1.0,0.75,0.25,0.0,1.0,0.75,1.0,1.0,1.0,0.0,0.25,0.75,0.0,0.75,1.0,1.0,1.0,1.0,0.75,0.25,0.25,1.0,0.0,1.0,0.25,0.25,0.75,0.75,0.75,0.75,1.0,1.0,0.75,1.0,0.25,1.0,0.0,0.25,1.0,1.0,0.75,0.0,0.75,0.75,1.0,0.0,0.0,0.83,0.5,0.67,0.17,0.67,0.17,0.83,0.75,0.75,0.5,0.75,0.5,0.5,0.5,0.5
5256,0.25,1.0,0.75,0.0,1.0,1.0,0.75,1.0,0.25,0.0,0.75,0.75,0.25,0.75,0.75,0.75,0.0,1.0,1.0,1.0,1.0,1.0,0.0,0.75,1.0,1.0,0.75,1.0,0.0,0.25,1.0,0.0,0.75,0.25,0.75,0.0,1.0,0.75,0.25,0.75,0.75,0.75,0.75,1.0,0.75,0.75,1.0,0.0,1.0,0.75,0.25,0.75,0.75,1.0,0.0,0.75,0.75,1.0,0.0,0.0,0.17,0.17,1.0,0.0,0.33,0.33,0.67,0.75,0.75,0.5,0.5,0.5,0.5,0.5,0.75
5264,0.75,0.75,0.75,0.75,1.0,1.0,0.25,1.0,0.75,0.0,1.0,0.25,0.75,1.0,0.25,0.75,0.0,1.0,0.25,0.25,0.25,0.25,0.25,0.75,1.0,1.0,0.25,1.0,0.75,0.75,1.0,0.25,0.75,0.25,0.25,0.0,0.75,0.75,0.75,0.75,0.75,0.75,0.75,1.0,0.75,0.75,0.75,0.0,0.25,0.25,0.75,0.75,0.75,0.25,0.0,1.0,0.25,1.0,0.25,0.25,0.67,0.67,0.17,0.83,0.67,0.33,0.83,0.5,0.25,0.5,0.75,0.25,0.5,0.5,0.5
5265,0.0,0.75,1.0,0.75,0.75,1.0,0.0,1.0,0.25,0.75,0.25,0.25,0.75,1.0,0.25,0.25,0.0,0.75,0.0,0.0,0.0,0.0,0.0,0.25,1.0,1.0,0.25,1.0,1.0,0.75,0.75,0.25,0.25,0.25,0.75,0.0,0.75,0.75,0.25,0.25,0.75,0.75,1.0,1.0,0.75,0.25,1.0,0.25,0.25,0.25,0.75,0.25,0.75,1.0,0.25,0.25,0.25,1.0,0.0,0.0,0.0,0.0,0.0,0.67,0.0,0.0,0.83,0.5,0.5,0.5,0.5,0.25,0.5,0.5,0.5
5267,1.0,0.0,0.0,1.0,0.0,0.0,0.0,0.0,1.0,1.0,0.0,0.0,0.75,0.75,0.0,0.25,1.0,0.0,1.0,0.25,0.0,1.0,1.0,1.0,0.0,0.0,0.0,0.0,1.0,1.0,0.0,1.0,0.0,1.0,1.0,1.0,0.0,0.0,1.0,0.0,0.0,0.0,0.0,0.0,1.0,1.0,0.0,1.0,0.0,1.0,1.0,1.0,1.0,0.75,0.25,0.25,1.0,0.0,1.0,0.0,0.0,1.0,0.17,0.5,1.0,0.83,0.0,0.0,0.5,0.0,0.0,0.5,1.0,1.0,0.0
5276,0.0,1.0,1.0,0.0,1.0,1.0,0.0,1.0,0.0,0.0,1.0,1.0,0.0,1.0,1.0,0.25,0.0,1.0,1.0,0.75,1.0,1.0,0.0,1.0,1.0,1.0,1.0,1.0,0.0,0.25,1.0,0.0,1.0,0.0,0.25,0.0,1.0,1.0,0.0,1.0,1.0,1.0,1.0,1.0,0.75,1.0,1.0,0.0,1.0,0.0,0.25,1.0,1.0,1.0,0.0,0.75,0.0,1.0,0.0,0.0,0.0,0.0,1.0,0.0,0.67,0.0,1.0,1.0,1.0,0.25,1.0,0.0,0.25,0.25,0.75
5279,0.25,0.75,1.0,0.75,1.0,0.75,0.25,0.75,0.25,0.0,0.0,0.75,0.25,0.25,0.0,0.25,0.0,0.0,0.25,0.0,0.0,0.25,0.0,0.25,1.0,0.0,0.25,1.0,0.0,0.25,0.25,0.0,0.25,0.75,1.0,0.0,1.0,0.25,0.25,0.75,1.0,0.25,0.25,0.75,0.75,0.25,0.25,0.25,0.25,0.25,0.0,0.25,0.75,0.75,0.0,0.75,0.25,0.75,0.0,0.25,0.17,0.5,0.83,0.33,0.67,0.17,0.83,0.75,0.5,0.25,0.5,0.25,0.5,0.5,0.75
5285,0.25,0.25,1.0,0.75,0.25,0.25,0.25,0.0,0.0,0.0,0.25,0.25,0.0,0.25,0.0,0.25,0.0,0.0,0.0,0.75,0.0,0.75,0.25,0.0,0.0,0.25,0.0,1.0,0.25,0.75,1.0,1.0,0.0,0.75,0.75,0.25,0.75,0.25,0.75,0.25,0.0,0.25,0.0,1.0,1.0,0.75,0.0,0.0,0.0,0.0,0.75,0.75,0.75,0.75,0.0,0.75,0.25,0.75,0.0,0.0,1.0,0.67,0.5,0.33,0.67,0.33,0.5,0.5,0.5,0.5,0.75,0.75,0.75,0.5,0.5
5290,0.0,0.75,1.0,0.0,1.0,1.0,0.0,0.75,0.25,0.0,0.75,1.0,0.75,1.0,1.0,1.0,0.0,1.0,0.75,0.75,1.0,1.0,0.0,1.0,1.0,1.0,1.0,1.0,0.0,0.25,1.0,0.25,1.0,0.0,0.0,0.0,1.0,0.75,0.0,0.75,1.0,1.0,1.0,1.0,0.25,1.0,1.0,0.0,0.75,0.0,0.0,0.75,0.75,1.0,0.0,1.0,0.0,1.0,0.0,0.0,0.33,0.33,1.0,0.33,0.67,0.0,1.0,0.75,0.75,0.5,0.75,0.25,0.5,0.5,1.0
5297,1.0,0.0,0.75,1.0,0.0,0.0,0.0,0.0,0.25,1.0,0.0,0.0,1.0,0.0,0.0,0.25,1.0,0.0,0.0,0.25,0.0,0.75,1.0,0.0,0.0,0.0,0.0,0.0,1.0,1.0,0.0,1.0,0.0,1.0,0.0,1.0,0.75,0.0,1.0,0.0,0.0,0.0,0.0,0.0,1.0,0.0,0.0,1.0,0.0,1.0,1.0,0.0,0.0,0.0,1.0,0.0,1.0,0.0,0.75,1.0,0.83,1.0,0.0,0.67,0.83,0.83,0.0,0.25,0.5,0.5,0.25,0.5,0.75,0.75,0.0
5301,0.0,1.0,0.75,0.0,1.0,1.0,0.75,0.75,0.0,0.25,0.75,0.75,0.25,1.0,1.0,1.0,0.0,1.0,1.0,1.0,1.0,1.0,0.0,0.75,1.0,1.0,1.0,1.0,0.0,0.25,0.75,0.0,1.0,0.0,0.25,0.0,1.0,0.75,0.0,1.0,1.0,1.0,1.0,1.0,0.75,1.0,1.0,0.0,1.0,1.0,0.0,0.25,0.75,1.0,0.0,1.0,0.0,1.0,0.0,0.0,0.0,0.0,1.0,0.0,0.5,0.0,1.0,1.0,1.0,0.5,1.0,0.0,0.5,0.0,1.0
5313,0.0,1.0,0.25,0.0,1.0,1.0,0.25,0.25,0.25,0.0,0.0,1.0,0.0,1.0,1.0,0.75,0.0,1.0,1.0,0.75,1.0,1.0,0.0,1.0,1.0,0.75,1.0,1.0,0.0,0.25,1.0,0.0,1.0,0.25,0.0,0.0,1.0,0.25,0.25,1.0,1.0,0.75,1.0,1.0,0.75,1.0,1.0,0.0,1.0,0.75,0.0,0.0,0.75,1.0,0.0,1.0,0.75,1.0,0.0,0.0,0.5,0.17,0.83,0.0,0.5,0.33,0.67,0.75,0.75,0.5,0.75,0.25,0.75,0.25,0.75
5315,1.0,0.75,0.75,0.25,0.0,0.75,0.0,0.0,0.25,0.0,0.75,0.0,1.0,0.75,0.25,0.75,0.25,0.0,0.0,1.0,0.25,1.0,0.25,0.25,0.75,0.25,0.0,0.75,0.25,0.25,1.0,0.75,0.0,0.25,0.25,1.0,0.0,0.25,0.25,0.0,0.25,0.25,0.75,0.75,1.0,0.75,0.75,0.25,0.0,0.0,1.0,0.75,0.0,0.25,0.25,0.75,0.75,0.75,0.25,0.25,0.67,0.5,0.5,0.0,0.67,0.33,0.33,0.25,0.75,0.5,0.5,0.75,0.5,0.75,0.5
5319,1.0,0.25,0.25,1.0,0.75,0.25,0.25,0.25,0.75,0.0,0.75,0.0,0.25,1.0,1.0,1.0,0.25,0.75,0.75,1.0,0.0,1.0,1.0,1.0,0.75,0.25,0.0,0.75,1.0,1.0,0.0,0.25,0.25,0.75,1.0,0.25,0.25,0.0,0.25,0.25,0.25,0.75,1.0,0.75,1.0,1.0,0.25,0.75,1.0,0.25,0.0,0.25,1.0,1.0,0.0,0.25,1.0,0.25,0.0,0.0,0.5,0.67,0.67,0.0,0.83,0.17,0.83,0.5,1.0,0.25,0.75,0.25,0.25,0.0,0.5
5320,0.0,1.0,0.75,0.0,1.0,1.0,0.75,1.0,0.0,0.0,0.75,1.0,0.0,1.0,1.0,1.0,0.0,1.0,1.0,0.75,1.0,1.0,0.0,1.0,1.0,1.0,1.0,1.0,0.0,0.0,1.0,0.0,1.0,0.0,1.0,0.0,1.0,0.25,0.0,1.0,1.0,1.0,1.0,1.0,1.0,1.0,1.0,0.0,1.0,0.0,0.0,0.0,0.0,1.0,0.0,0.75,0.0,1.0,0.0,0.0,0.0,0.0,1.0,0.0,0.33,0.0,1.0,1.0,1.0,0.75,1.0,0.0,0.5,0.0,0.75
5323,1.0,0.25,0.75,0.75,0.75,0.25,0.25,0.25,1.0,0.75,0.25,0.0,1.0,0.75,0.0,0.25,0.75,0.0,1.0,1.0,0.0,1.0,1.0,1.0,0.0,0.0,0.0,0.75,1.0,1.0,0.75,1.0,0.0,1.0,1.0,1.0,0.25,0.0,1.0,0.25,0.25,0.25,0.25,0.75,1.0,1.0,0.75,1.0,0.0,0.0,0.25,1.0,1.0,0.75,0.0,1.0,1.0,0.0,0.0,0.0,0.17,1.0,0.0,0.0,1.0,0.5,0.0,0.25,1.0,0.25,0.5,0.5,0.5,0.5,0.25
5326,1.0,0.25,1.0,0.75,0.25,0.0,0.0,0.0,0.75,0.75,0.25,0.25,0.75,0.25,0.0,1.0,1.0,0.0,0.0,1.0,0.0,1.0,0.75,1.0,0.0,0.25,0.0,0.25,0.75,1.0,0.0,1.0,0.0,0.75,0.75,1.0,0.75,0.0,0.75,0.0,0.0,0.0,0.0,0.0,0.75,0.75,0.25,1.0,0.0,0.25,1.0,0.25,0.25,0.25,1.0,0.25,0.75,0.25,0.75,0.75,1.0,1.0,0.17,0.0,0.83,0.67,0.33,0.25,1.0,0.75,0.25,0.75,0.75,0.75,0.5
5329,0.0,0.0,0.25,0.0,0.0,0.0,0.0,0.0,0.0,1.0,0.0,0.25,0.75,0.25,0.0,0.0,0.0,0.0,0.0,0.0,0.0,0.0,0.25,0.25,0.75,0.25,0.0,0.75,1.0,1.0,0.0,0.75,0.0,1.0,0.0,1.0,1.0,0.0,0.75,1.0,0.25,0.25,0.75,0.0,0.0,0.0,0.75,1.0,0.0,1.0,0.0,0.0,0.0,1.0,1.0,0.0,0.75,1.0,1.0,1.0,0.33,0.67,0.0,0.83,0.0,0.5,0.0,0.5,0.5,0.5,0.5,0.5,0.75,0.0,0.5
5332,0.75,0.75,0.25,1.0,0.75,1.0,0.0,0.25,0.75,0.25,0.75,0.75,0.25,1.0,1.0,1.0,0.25,1.0,1.0,1.0,1.0,1.0,0.25,1.0,0.25,0.75,0.0,0.75,0.75,1.0,1.0,0.25,0.75,0.75,1.0,0.0,1.0,0.75,0.75,0.75,0.75,1.0,0.75,0.75,1.0,1.0,0.75,0.0,1.0,1.0,0.75,1.0,1.0,0.25,0.0,1.0,1.0,1.0,0.0,0.0,0.5,0.83,0.67,0.17,0.83,0.5,0.5,0.5,0.75,0.5,0.75,0.5,0.75,0.75,0.5
5340,0.0,1.0,0.75,0.0,1.0,0.75,0.75,0.75,0.25,0.0,0.75,0.25,0.25,1.0,1.0,1.0,0.25,1.0,0.75,1.0,1.0,1.0,0.0,0.75,1.0,1.0,1.0,1.0,0.0,0.25,1.0,0.0,0.75,0.0,1.0,0.0,1.0,0.75,1.0,1.0,0.75,1.0,1.0,0.75,0.75,1.0,0.75,0.0,1.0,0.25,0.0,1.0,0.75,0.25,0.0,1.0,0.75,1.0,0.0,0.0,0.83,0.17,0.67,0.0,0.33,0.0,0.83,1.0,1.0,0.25,1.0,0.25,0.5,0.0,1.0
5358,0.0,1.0,0.25,0.0,1.0,1.0,0.25,0.25,0.0,0.0,0.75,0.75,0.0,1.0,1.0,1.0,0.0,1.0,1.0,1.0,1.0,1.0,0.0,1.0,1.0,1.0,1.0,1.0,0.0,0.0,1.0,0.0,1.0,0.0,0.75,0.0,1.0,0.0,0.0,1.0,1.0,1.0,1.0,1.0,1.0,1.0,1.0,0.0,1.0,0.25,0.0,0.25,0.75,1.0,0.0,1.0,0.0,1.0,0.0,0.0,0.0,0.0,1.0,0.0,0.83,0.0,1.0,1.0,1.0,0.5,0.75,0.0,0.5,0.0,1.0
5364,0.0,1.0,1.0,0.75,1.0,0.75,1.0,1.0,0.25,0.0,0.0,1.0,0.0,1.0,0.75,0.75,0.0,0.75,0.25,0.0,0.75,1.0,0.0,0.25,1.0,1.0,0.75,1.0,0.75,0.75,1.0,0.0,0.75,0.75,1.0,0.25,1.0,0.75,0.75,0.75,0.75,0.75,0.75,1.0,1.0,0.75,1.0,0.0,0.25,0.25,0.75,0.75,1.0,1.0,0.0,0.75,0.25,1.0,0.0,0.25,0.0,0.83,0.83,0.5,1.0,0.17,0.83,0.75,0.75,0.5,1.0,0.5,0.5,0.75,0.75
5371,0.0,0.75,1.0,0.0,0.0,0.75,0.0,0.0,0.0,0.0,0.25,0.25,0.75,0.75,0.0,1.0,1.0,0.0,0.0,0.75,0.0,1.0,0.75,0.75,0.0,0.25,0.25,0.75,0.0,0.75,0.0,1.0,0.0,0.75,0.0,1.0,1.0,0.0,0.25,0.0,0.75,0.75,0.25,0.75,0.75,0.25,0.25,1.0,0.0,0.0,1.0,0.0,0.0,1.0,0.75,0.0,0.25,0.75,0.25,1.0,0.0,0.83,0.17,1.0,0.67,0.83,0.33,0.5,0.75,0.75,0.25,0.5,0.75,1.0,0.0
5385,0.25,0.25,1.0,0.25,0.0,0.25,0.25,0.0,0.75,0.75,0.25,0.0,0.75,0.25,0.0,0.25,1.0,0.25,0.75,0.75,0.0,1.0,1.0,1.0,0.25,0.0,0.25,0.75,0.75,1.0,0.25,1.0,0.0,1.0,1.0,1.0,0.75,0.25,0.75,0.0,0.75,0.0,0.25,0.25,1.0,0.75,0.75,1.0,0.0,1.0,1.0,0.25,0.75,0.25,0.25,0.25,0.75,0.25,0.75,0.75,0.83,0.83,0.33,0.17,0.5,0.67,0.33,0.25,0.5,0.5,0.5,0.5,0.75,0.5,0.0
5402,0.25,0.75,0.75,0.0,0.75,1.0,0.75,0.25,0.0,0.0,1.0,0.75,0.0,1.0,0.75,0.75,0.0,1.0,1.0,1.0,0.75,1.0,0.0,1.0,0.75,1.0,1.0,1.0,0.0,0.25,0.75,0.0,1.0,0.25,0.75,0.25,0.75,0.75,0.25,1.0,1.0,1.0,1.0,1.0,1.0,0.75,1.0,0.0,1.0,0.0,0.0,0.75,0.75,0.25,0.0,1.0,0.25,1.0,0.0,0.0,0.33,0.33,1.0,0.0,0.83,0.17,0.67,0.75,0.75,0.5,0.75,0.25,0.5,0.25,0.75
5407,1.0,0.0,1.0,1.0,1.0,0.0,1.0,1.0,1.0,1.0,0.25,0.75,0.75,1.0,1.0,1.0,0.0,1.0,1.0,1.0,1.0,1.0,0.0,1.0,0.0,0.0,1.0,1.0,0.0,1.0,0.0,1.0,1.0,0.75,1.0,1.0,0.75,0.0,1.0,1.0,1.0,1.0,0.0,0.0,1.0,1.0,0.25,0.0,1.0,1.0,0.0,1.0,1.0,0.25,0.0,1.0,1.0,1.0,0.75,0.0,0.83,0.83,1.0,0.5,0.83,0.17,0.67,0.5,0.75,0.75,0.5,0.5,0.5,0.5,0.5
5413,1.0,0.0,1.0,1.0,0.0,0.0,0.0,0.0,1.0,1.0,0.0,0.0,1.0,0.75,0.0,0.25,1.0,0.0,1.0,1.0,0.0,1.0,1.0,1.0,0.0,0.0,0.0,0.0,1.0,1.0,0.0,1.0,0.0,1.0,1.0,1.0,0.25,0.0,1.0,0.0,0.0,0.0,0.0,0.25,1.0,0.75,0.0,1.0,0.0,1.0,1.0,1.0,1.0,0.75,0.0,0.75,1.0,0.0,0.0,0.0,0.0,1.0,0.0,0.0,1.0,0.33,0.0,0.0,1.0,0.5,0.75,1.0,1.0,1.0,0.0
5420,0.75,0.75,1.0,1.0,0.75,0.25,0.0,0.25,0.25,0.0,0.25,0.0,0.75,0.75,0.0,0.75,0.75,0.25,0.25,0.0,0.0,0.25,0.25,0.0,0.0,0.75,0.0,1.0,1.0,1.0,0.75,0.75,1.0,0.75,1.0,0.75,1.0,0.75,0.75,0.75,0.0,0.25,0.75,1.0,1.0,0.75,0.75,0.0,0.0,0.0,0.75,1.0,1.0,0.75,0.0,1.0,0.0,0.75,0.0,0.0,0.67,0.33,0.67,0.5,0.33,0.5,0.83,0.5,0.75,0.25,0.75,0.75,0.75,0.75,0.5
5445,0.0,1.0,0.75,0.0,1.0,1.0,0.0,0.75,0.0,0.0,0.75,1.0,0.0,1.0,1.0,1.0,0.0,1.0,1.0,1.0,1.0,1.0,0.0,1.0,1.0,1.0,1.0,1.0,0.0,0.25,1.0,0.0,1.0,0.0,1.0,0.0,1.0,0.25,0.25,1.0,1.0,1.0,1.0,1.0,1.0,1.0,1.0,0.0,1.0,0.0,0.0,0.0,1.0,1.0,0.0,1.0,0.25,1.0,0.0,0.0,0.0,0.17,1.0,0.0,0.83,0.0,1.0,1.0,0.75,0.5,1.0,0.0,0.5,0.5,0.75
5459,0.0,1.0,1.0,0.25,1.0,1.0,0.25,0.75,0.0,0.0,1.0,1.0,0.0,1.0,1.0,1.0,0.0,1.0,1.0,1.0,1.0,1.0,0.0,1.0,1.0,1.0,1.0,1.0,0.0,0.75,1.0,0.0,1.0,0.75,1.0,0.0,1.0,0.75,0.25,1.0,1.0,1.0,1.0,1.0,1.0,1.0,1.0,0.0,1.0,0.0,0.0,0.75,0.0,1.0,0.0,0.75,0.0,1.0,0.0,0.0,0.5,0.17,1.0,0.17,0.83,0.0,0.83,0.75,0.75,0.5,0.75,0.25,0.5,0.25,1.0
5460,0.75,0.75,0.75,0.25,1.0,0.75,0.25,0.75,1.0,0.25,1.0,0.25,0.25,0.75,0.75,1.0,0.25,1.0,1.0,1.0,0.75,1.0,0.25,1.0,1.0,0.75,0.75,0.75,1.0,0.75,0.75,0.25,1.0,0.25,1.0,0.25,1.0,0.75,0.25,1.0,1.0,1.0,1.0,0.75,1.0,1.0,1.0,0.0,1.0,1.0,0.0,1.0,0.75,0.25,0.0,0.75,0.75,0.75,0.25,0.0,0.67,0.5,0.5,0.17,1.0,0.33,0.67,0.5,0.75,0.25,0.75,0.25,0.5,0.5,0.5
5462,0.0,1.0,1.0,0.0,1.0,1.0,1.0,1.0,0.0,0.25,1.0,0.75,1.0,1.0,0.0,0.75,0.0,0.0,1.0,0.0,0.0,1.0,1.0,1.0,0.0,0.75,1.0,0.75,0.0,0.0,1.0,1.0,0.0,1.0,0.0,0.25,1.0,0.75,0.0,1.0,1.0,1.0,0.75,1.0,1.0,1.0,1.0,1.0,0.0,0.25,1.0,1.0,1.0,0.75,0.75,1.0,0.25,1.0,0.0,0.0,0.83,0.17,0.83,0.0,0.17,0.83,0.33,0.25,1.0,0.75,0.75,0.75,0.75,0.75,1.0
5465,0.25,1.0,1.0,0.75,0.25,0.75,0.25,0.25,0.25,0.0,1.0,0.25,0.75,1.0,0.25,1.0,0.0,0.75,0.25,0.0,0.25,0.25,0.0,0.0,1.0,1.0,0.25,1.0,0.75,0.75,0.75,0.75,0.25,0.25,0.75,0.0,0.75,0.25,0.25,0.75,0.75,1.0,1.0,0.75,0.75,0.75,1.0,0.75,0.75,0.25,0.75,0.25,0.25,0.75,0.0,0.75,0.0,1.0,0.0,0.25,1.0,0.33,0.33,0.5,0.67,0.17,0.33,0.5,0.75,0.5,0.5,0.5,0.5,0.5,0.5
5483,0.25,1.0,1.0,1.0,1.0,0.75,0.75,0.75,0.25,0.0,1.0,0.75,0.25,1.0,0.0,0.75,0.0,0.25,0.25,0.0,0.25,0.25,1.0,1.0,0.25,0.75,0.25,1.0,0.75,0.0,1.0,0.25,0.25,0.25,0.25,0.25,1.0,0.75,0.25,0.25,0.75,0.75,1.0,0.75,0.25,0.75,1.0,0.0,0.25,0.25,0.0,0.0,0.25,0.25,0.0,0.75,0.0,1.0,0.0,0.25,0.83,0.67,0.67,0.0,0.5,0.33,0.67,0.5,0.75,0.5,0.75,0.5,0.75,0.5,0.5
5484,0.25,0.75,0.75,0.25,0.0,1.0,0.75,1.0,0.0,0.0,0.75,0.25,0.25,1.0,0.25,0.75,1.0,0.75,1.0,1.0,1.0,1.0,0.25,1.0,1.0,0.25,1.0,1.0,1.0,1.0,1.0,0.75,1.0,1.0,0.75,0.0,0.75,0.25,0.0,1.0,1.0,1.0,1.0,1.0,1.0,1.0,1.0,0.0,1.0,1.0,0.25,1.0,1.0,0.25,0.0,1.0,0.75,1.0,0.0,0.0,0.83,0.83,0.5,0.17,0.83,0.67,0.83,0.5,0.75,0.25,0.75,0.5,0.5,0.75,0.75
5486,0.0,1.0,0.25,0.0,1.0,1.0,0.25,1.0,0.0,0.0,1.0,1.0,0.25,1.0,1.0,1.0,0.0,1.0,1.0,1.0,1.0,1.0,0.0,1.0,1.0,1.0,1.0,1.0,0.0,0.0,1.0,0.0,1.0,0.75,0.0,0.0,1.0,1.0,0.0,1.0,1.0,1.0,1.0,1.0,1.0,1.0,1.0,0.0,1.0,1.0,0.0,0.0,0.0,1.0,0.0,1.0,0.0,1.0,0.0,0.25,1.0,0.17,0.83,0.17,0.33,0.0,0.67,0.75,0.75,0.5,1.0,0.25,0.5,0.0,0.75
5501,0.75,1.0,1.0,0.75,0.75,0.75,0.25,1.0,0.25,0.25,0.75,0.25,1.0,0.75,0.0,0.25,0.75,0.0,0.0,0.0,0.0,0.0,0.0,0.25,1.0,0.75,0.25,1.0,0.25,0.25,0.75,0.75,0.75,0.75,0.75,0.0,0.75,0.75,0.25,0.75,0.75,0.75,1.0,0.75,0.75,0.75,1.0,1.0,0.75,0.75,1.0,0.25,1.0,0.75,0.75,0.0,0.25,1.0,0.75,0.25,1.0,0.33,0.67,1.0,0.83,0.33,0.67,0.25,0.5,0.5,0.5,0.5,0.75,0.75,0.75
5508,1.0,0.0,0.0,1.0,0.0,0.0,0.0,0.0,1.0,1.0,0.0,0.25,1.0,0.0,0.0,1.0,1.0,0.0,1.0,1.0,0.0,1.0,1.0,1.0,0.0,0.0,0.0,0.0,1.0,1.0,0.0,1.0,0.0,1.0,1.0,1.0,0.0,0.0,0.75,0.0,0.0,0.0,0.0,0.0,1.0,0.0,0.0,1.0,0.25,1.0,1.0,0.0,1.0,1.0,1.0,0.0,1.0,0.0,1.0,1.0,0.0,1.0,0.0,0.5,1.0,0.33,0.0,0.0,0.0,0.0,0.0,0.75,0.0,0.5,0.0
5514,1.0,0.0,0.25,0.75,0.0,0.0,0.0,0.0,1.0,1.0,0.0,0.0,0.25,0.0,1.0,1.0,0.0,1.0,1.0,1.0,0.75,1.0,1.0,1.0,0.0,0.0,0.0,0.0,1.0,1.0,0.0,1.0,0.0,1.0,0.75,1.0,0.0,0.75,1.0,0.25,0.0,0.0,0.0,0.0,0.75,0.0,0.0,1.0,0.75,1.0,0.25,0.75,1.0,1.0,0.0,0.25,1.0,0.0,0.0,1.0,0.0,1.0,0.0,0.5,1.0,0.83,0.0,0.0,0.0,0.0,0.0,0.0,0.75,0.75,0.0
5521,1.0,0.0,0.75,1.0,0.0,0.0,0.0,0.0,1.0,0.75,0.0,0.25,0.75,0.75,0.0,0.25,1.0,0.0,1.0,1.0,0.0,1.0,1.0,1.0,0.0,0.0,0.0,0.25,1.0,1.0,0.0,0.75,0.0,1.0,0.75,1.0,0.0,0.0,0.75,0.25,0.25,0.25,0.0,0.25,1.0,0.75,0.25,1.0,0.0,0.75,1.0,1.0,1.0,0.75,0.0,0.75,1.0,0.0,0.0,0.0,0.0,1.0,0.0,0.0,1.0,1.0,0.0,0.0,0.75,0.0,0.0,0.75,0.75,1.0,0.0
5522,0.75,1.0,0.75,0.25,1.0,1.0,0.0,0.25,0.0,0.0,0.75,1.0,0.0,1.0,1.0,1.0,0.0,1.0,0.75,0.75,1.0,1.0,0.75,1.0,1.0,1.0,1.0,1.0,1.0,0.25,1.0,0.0,0.25,0.25,0.75,0.0,0.75,1.0,0.0,1.0,1.0,1.0,0.75,1.0,0.75,0.25,0.25,0.25,1.0,0.75,0.0,0.25,0.0,0.75,0.0,1.0,0.25,1.0,0.0,0.0,0.33,0.17,1.0,0.17,0.5,0.0,1.0,0.75,0.75,0.25,0.75,0.25,0.5,0.25,0.75
5526,0.0,1.0,0.75,0.0,1.0,1.0,0.25,0.75,0.0,0.0,0.75,1.0,0.0,1.0,1.0,0.75,0.0,1.0,1.0,0.0,1.0,1.0,0.0,1.0,1.0,1.0,1.0,1.0,0.0,0.25,1.0,0.0,1.0,0.0,0.75,0.0,1.0,0.25,0.25,1.0,1.0,1.0,1.0,1.0,1.0,1.0,1.0,0.0,1.0,0.0,0.0,0.75,1.0,1.0,0.0,1.0,0.0,1.0,0.0,0.0,0.0,0.0,1.0,0.0,0.83,0.0,1.0,1.0,1.0,0.5,1.0,0.0,0.5,0.0,1.0
5535,0.25,0.75,1.0,0.25,1.0,0.75,0.75,0.25,0.25,0.25,0.25,0.25,0.25,1.0,0.25,0.75,0.25,1.0,0.75,0.25,0.75,1.0,0.25,0.75,0.75,0.75,1.0,0.75,0.75,0.25,1.0,0.25,1.0,0.75,0.75,0.0,0.75,0.75,0.25,0.75,1.0,1.0,1.0,1.0,0.25,0.25,0.75,0.25,0.75,0.75,0.0,0.0,0.25,1.0,0.0,1.0,0.25,1.0,0.25,0.25,0.83,0.67,0.0,0.0,0.33,0.17,1.0,1.0,1.0,0.5,1.0,0.25,0.25,1.0,0.5
5541,0.25,0.75,1.0,0.75,1.0,1.0,0.25,0.25,0.25,0.25,0.75,0.75,0.75,1.0,0.25,0.75,0.25,0.75,0.0,0.25,0.0,0.75,0.0,0.25,1.0,0.75,0.75,0.75,0.25,0.25,0.25,0.25,1.0,0.25,0.75,0.25,0.75,0.25,0.25,0.75,0.75,0.75,0.75,0.75,0.75,0.75,1.0,0.25,0.25,0.25,0.25,0.75,1.0,1.0,0.0,0.75,0.25,1.0,0.0,0.0,0.83,0.5,0.83,0.67,0.83,0.33,0.83,0.5,0.75,0.25,0.5,0.5,0.5,0.5,0.75
5544,0.0,0.25,1.0,0.75,0.25,0.25,0.75,1.0,0.0,0.25,0.25,0.25,0.0,1.0,0.0,0.75,1.0,0.25,0.0,0.75,0.0,0.75,0.75,0.75,0.0,0.75,0.75,1.0,0.25,0.25,0.0,1.0,1.0,0.25,0.0,0.75,1.0,0.0,0.25,1.0,0.75,0.75,1.0,1.0,1.0,1.0,1.0,0.0,0.0,0.25,1.0,0.75,1.0,0.25,0.0,0.75,1.0,1.0,0.25,0.0,1.0,0.5,0.67,0.5,1.0,0.5,0.83,0.5,0.75,0.25,0.75,0.5,0.75,0.75,0.25
5555,0.75,1.0,1.0,0.75,0.75,0.25,0.0,0.75,0.75,0.0,0.25,0.25,0.75,0.75,0.0,0.75,0.0,0.25,0.25,0.25,0.0,0.75,0.75,0.0,1.0,0.75,0.0,1.0,0.75,1.0,0.75,0.75,0.75,0.75,1.0,0.25,1.0,0.25,0.75,0.75,0.75,0.25,1.0,1.0,1.0,0.75,1.0,0.0,0.25,0.0,0.75,1.0,1.0,0.75,0.0,0.75,0.75,0.25,0.0,0.0,0.83,0.83,0.5,0.17,0.83,0.17,0.83,0.75,0.75,0.25,0.75,0.5,0.5,0.75,0.5
5558,0.0,0.0,0.0,1.0,0.0,0.0,0.0,0.0,1.0,1.0,0.0,0.0,1.0,0.25,0.0,0.0,1.0,0.0,0.0,0.25,0.0,0.0,1.0,1.0,0.0,0.0,0.0,0.0,1.0,1.0,0.0,1.0,0.0,1.0,0.0,1.0,1.0,0.0,1.0,0.0,0.0,0.0,0.0,0.0,1.0,0.0,0.0,1.0,0.0,1.0,1.0,0.0,0.0,0.0,1.0,0.0,1.0,0.0,1.0,1.0,0.83,1.0,0.0,0.83,1.0,1.0,0.0,0.25,0.5,0.5,0.25,0.5,0.75,0.75,0.0
5560,1.0,0.0,1.0,1.0,0.25,0.0,0.0,0.0,1.0,0.75,1.0,0.75,1.0,1.0,0.75,1.0,1.0,0.75,1.0,1.0,0.75,1.0,1.0,1.0,0.0,0.0,0.0,0.75,1.0,1.0,0.25,1.0,0.25,1.0,1.0,1.0,0.25,0.0,0.25,0.25,0.25,0.0,0.25,1.0,1.0,1.0,0.25,1.0,0.0,1.0,0.25,0.75,0.75,1.0,0.0,0.75,1.0,0.25,0.0,0.25,0.0,1.0,0.33,0.0,0.83,0.0,0.33,0.25,1.0,0.0,0.5,0.5,0.25,0.25,0.25
5562,0.75,0.0,0.75,0.25,0.0,0.0,0.0,0.0,0.25,0.25,0.25,0.25,1.0,0.25,0.0,0.25,1.0,0.0,1.0,1.0,0.0,1.0,1.0,0.75,0.0,0.0,0.25,0.25,1.0,1.0,0.0,1.0,0.0,1.0,1.0,1.0,0.75,0.0,0.75,0.0,0.25,0.0,0.0,0.75,1.0,0.25,0.75,1.0,0.0,1.0,1.0,0.25,0.0,0.25,0.75,0.0,1.0,0.0,0.75,0.75,0.67,1.0,0.17,0.33,1.0,0.33,0.17,0.0,0.75,0.5,0.25,0.75,1.0,0.75,0.25
5565,0.0,0.0,1.0,0.0,0.0,0.0,0.0,0.0,0.0,1.0,0.0,0.25,0.0,0.25,0.0,0.25,0.0,0.0,0.0,0.0,0.0,0.25,0.75,1.0,0.75,0.25,0.75,0.75,1.0,0.25,0.75,0.25,0.0,1.0,0.0,0.75,1.0,0.0,0.25,0.75,0.25,0.75,0.25,0.75,0.0,0.0,0.0,1.0,0.0,1.0,0.25,0.0,0.0,1.0,0.75,0.0,0.75,0.75,0.75,1.0,0.17,0.67,0.17,0.5,0.0,0.5,0.5,0.25,0.75,0.5,0.5,0.75,0.25,0.5,0.5
5567,0.75,0.75,1.0,1.0,1.0,0.25,0.0,0.25,0.75,0.0,0.25,0.25,1.0,1.0,0.25,0.75,0.0,0.0,0.0,1.0,0.25,1.0,0.0,0.0,0.25,0.0,0.0,0.75,0.75,0.75,0.75,0.75,0.0,0.75,0.75,0.25,1.0,0.25,0.25,0.75,0.75,0.75,0.75,1.0,1.0,1.0,0.75,0.0,0.0,0.0,1.0,0.75,1.0,1.0,0.0,1.0,1.0,0.0,0.0,0.0,0.67,0.83,0.83,0.5,1.0,0.33,0.5,0.75,0.75,0.5,0.75,0.5,0.5,0.75,0.5
5569,1.0,1.0,1.0,0.0,1.0,1.0,0.0,1.0,0.0,0.0,1.0,0.75,1.0,1.0,1.0,1.0,0.0,1.0,1.0,0.0,1.0,1.0,0.0,0.0,1.0,1.0,1.0,1.0,0.0,1.0,1.0,0.0,1.0,0.0,1.0,0.0,1.0,0.0,0.0,1.0,1.0,1.0,1.0,1.0,1.0,1.0,1.0,0.0,1.0,0.0,0.0,0.0,1.0,1.0,0.0,1.0,0.0,1.0,0.0,0.0,0.67,0.17,1.0,0.0,0.67,0.0,1.0,0.75,1.0,0.25,1.0,0.0,0.25,0.0,0.75
5570,1.0,0.25,1.0,1.0,0.0,0.0,0.75,0.0,0.0,0.0,0.25,0.0,0.75,0.25,0.75,1.0,1.0,0.25,1.0,1.0,1.0,1.0,0.25,1.0,0.0,0.0,0.0,0.25,1.0,1.0,0.0,0.0,0.0,1.0,1.0,1.0,0.25,0.0,0.75,0.25,0.0,0.0,0.0,0.0,0.25,0.0,0.25,0.0,0.0,0.75,0.0,0.75,0.75,0.75,0.0,0.75,0.25,0.0,0.25,0.25,0.33,1.0,0.17,0.0,1.0,0.33,0.0,0.25,0.75,0.0,0.25,0.25,0.5,0.25,0.5
5575,0.0,1.0,0.0,0.0,1.0,1.0,1.0,0.0,0.0,0.0,1.0,1.0,0.0,1.0,1.0,1.0,0.0,1.0,1.0,1.0,1.0,1.0,0.0,1.0,1.0,1.0,1.0,1.0,0.0,0.0,1.0,0.0,1.0,0.0,1.0,0.0,1.0,0.0,0.0,1.0,1.0,1.0,1.0,1.0,1.0,1.0,1.0,0.0,1.0,0.0,0.0,0.0,0.25,1.0,0.0,1.0,0.0,1.0,0.0,0.0,0.0,0.0,1.0,0.0,1.0,0.0,1.0,1.0,1.0,0.5,1.0,0.0,0.0,0.0,1.0
5581,1.0,0.75,1.0,0.0,1.0,1.0,0.0,0.0,0.0,1.0,1.0,1.0,1.0,1.0,0.0,0.0,0.0,0.0,1.0,0.0,0.0,0.0,0.0,1.0,1.0,0.0,0.0,1.0,0.0,0.0,0.0,0.0,0.0,0.75,1.0,0.0,1.0,1.0,1.0,0.0,0.0,0.0,1.0,1.0,1.0,1.0,0.0,1.0,0.0,0.0,0.0,0.0,0.0,1.0,0.0,1.0,1.0,1.0,1.0,1.0,0.0,0.17,0.67,0.83,0.17,0.17,0.83,0.75,1.0,0.25,0.75,0.25,0.5,0.5,1.0
5593,0.25,0.75,0.25,0.75,1.0,0.75,0.0,0.0,0.25,0.25,0.75,0.75,0.0,1.0,1.0,0.25,0.0,1.0,1.0,0.75,0.75,1.0,0.75,1.0,0.0,0.0,0.0,0.75,0.75,0.25,0.75,0.25,0.75,0.75,0.75,0.0,0.75,0.75,0.25,0.75,0.75,1.0,1.0,0.75,1.0,1.0,1.0,0.0,1.0,1.0,0.0,0.75,1.0,1.0,0.0,1.0,1.0,1.0,0.0,0.0,0.33,1.0,0.67,0.0,0.83,0.33,0.67,0.5,0.75,0.25,0.5,0.25,0.5,0.5,0.5
5594,1.0,0.75,1.0,0.75,1.0,0.75,0.25,0.0,0.25,0.25,0.75,1.0,0.25,1.0,1.0,0.75,0.0,1.0,1.0,1.0,1.0,1.0,0.25,1.0,0.75,1.0,0.0,0.75,0.75,1.0,0.75,0.0,0.75,0.75,1.0,0.0,0.75,0.75,0.25,0.75,1.0,0.75,0.75,1.0,1.0,1.0,0.75,0.0,1.0,1.0,0.0,1.0,1.0,1.0,0.0,1.0,1.0,1.0,0.0,0.0,0.67,0.83,0.67,0.0,0.83,0.17,0.83,0.5,0.75,0.25,1.0,0.25,0.5,0.5,0.75
5597,0.25,0.75,1.0,1.0,1.0,0.25,0.25,0.0,0.25,0.0,0.25,0.25,0.75,0.75,0.0,0.25,0.0,0.25,0.75,0.75,0.0,1.0,0.25,0.0,0.25,0.75,0.75,1.0,0.25,0.75,1.0,0.25,0.75,0.75,0.75,0.0,1.0,0.75,0.75,0.25,0.0,0.75,1.0,1.0,1.0,0.75,0.75,0.0,0.75,0.0,0.75,1.0,1.0,0.25,0.0,0.75,0.25,0.75,0.0,0.0,0.83,0.5,0.5,0.5,0.67,0.5,0.67,0.75,0.5,0.5,0.5,0.5,0.5,0.75,0.5
5598,1.0,0.75,0.0,1.0,0.75,0.25,0.25,0.0,1.0,0.0,0.75,0.75,0.0,1.0,1.0,1.0,0.25,0.75,1.0,0.75,1.0,1.0,0.0,1.0,0.25,0.75,0.0,0.25,1.0,1.0,0.75,0.25,1.0,0.75,0.75,0.0,0.75,0.75,0.0,0.75,0.75,1.0,1.0,0.75,1.0,1.0,0.75,0.0,1.0,1.0,0.0,1.0,0.75,0.75,0.0,1.0,1.0,0.75,0.0,0.0,0.67,1.0,0.5,0.0,0.83,0.33,0.67,0.5,0.75,0.25,0.5,0.25,0.5,0.25,0.5
5603,0.25,1.0,1.0,1.0,1.0,0.25,0.25,0.75,0.75,0.0,0.25,1.0,1.0,0.75,0.25,0.75,0.0,0.0,1.0,1.0,0.75,1.0,0.25,0.25,0.25,0.25,0.75,1.0,0.25,1.0,0.75,0.75,0.0,0.25,1.0,0.0,1.0,0.25,1.0,0.25,0.25,0.25,0.75,1.0,1.0,1.0,1.0,0.0,0.75,0.0,1.0,1.0,1.0,0.75,0.0,0.75,0.75,0.75,0.0,0.0,0.83,0.83,0.67,0.17,0.83,0.5,1.0,0.75,0.5,0.5,1.0,0.5,0.75,0.75,0.5
5605,1.0,0.0,1.0,1.0,0.0,0.0,0.0,0.0,1.0,1.0,0.0,1.0,0.0,0.0,0.0,0.0,0.75,0.0,1.0,0.75,0.0,1.0,1.0,1.0,0.0,0.0,0.0,0.75,1.0,0.75,0.0,1.0,0.0,1.0,0.75,1.0,0.75,0.0,0.75,0.0,0.0,0.0,0.0,0.0,1.0,0.0,0.25,1.0,0.0,1.0,1.0,0.0,0.75,1.0,0.0,0.0,1.0,0.0,0.0,1.0,0.0,1.0,0.17,0.67,0.5,0.17,0.67,0.0,0.0,0.0,0.0,0.0,0.0,0.75,0.5
5609,0.25,1.0,1.0,0.0,1.0,1.0,0.25,0.75,0.0,0.0,0.75,0.75,0.0,1.0,1.0,1.0,0.0,1.0,1.0,1.0,1.0,1.0,0.0,1.0,1.0,1.0,1.0,1.0,0.25,0.25,1.0,0.0,0.75,0.0,0.75,0.0,1.0,0.75,0.0,1.0,1.0,1.0,0.75,1.0,1.0,1.0,1.0,0.0,1.0,0.0,0.0,0.75,0.0,1.0,0.0,1.0,0.0,1.0,0.0,0.0,0.0,0.17,1.0,0.0,0.83,0.17,1.0,1.0,0.75,0.5,1.0,0.0,0.25,0.0,0.75
5614,0.0,1.0,1.0,0.25,0.75,1.0,0.0,0.0,0.25,0.0,0.25,0.25,0.75,1.0,0.0,0.25,0.0,0.25,0.75,0.25,0.25,0.75,0.25,0.75,0.75,0.75,0.25,1.0,0.25,0.25,0.75,0.25,0.75,0.75,0.75,0.25,1.0,0.75,0.25,0.25,0.25,0.75,0.75,1.0,0.75,0.75,1.0,0.0,0.0,0.0,0.75,1.0,0.75,0.75,0.25,0.75,0.25,0.75,0.0,0.0,0.67,0.33,0.67,0.17,0.5,0.5,0.83,0.5,0.75,0.5,0.5,0.5,0.5,0.75,0.5
5624,0.75,0.0,0.0,0.75,0.0,0.0,0.0,0.0,1.0,1.0,0.0,0.0,1.0,0.0,0.0,0.0,1.0,0.0,0.0,0.25,0.0,0.75,1.0,0.25,0.0,0.0,0.0,0.25,0.75,1.0,0.0,1.0,0.0,1.0,0.25,1.0,0.75,0.75,1.0,0.0,0.0,0.0,0.25,0.0,1.0,0.25,0.0,1.0,0.0,1.0,1.0,0.0,0.0,0.0,1.0,0.0,1.0,0.0,1.0,1.0,0.83,1.0,0.0,0.83,1.0,1.0,0.0,0.25,0.5,0.5,0.5,0.5,0.75,0.75,0.0
5628,0.75,1.0,1.0,1.0,0.75,1.0,1.0,0.75,0.25,0.0,1.0,0.25,0.75,1.0,0.25,0.75,0.0,1.0,0.25,0.25,0.25,0.25,0.0,0.0,1.0,1.0,0.25,1.0,0.25,0.75,0.75,0.25,0.25,0.25,0.75,0.25,0.75,0.25,1.0,0.25,0.75,0.75,0.75,1.0,0.75,0.75,1.0,0.0,0.25,0.25,0.75,0.75,1.0,0.0,0.0,0.75,0.0,1.0,0.0,0.0,0.67,0.33,0.67,0.5,0.17,0.17,0.67,0.5,0.5,0.75,0.5,0.25,0.75,0.5,0.75
5643,0.0,0.75,0.75,0.0,0.75,1.0,0.0,0.0,0.0,0.0,0.25,0.75,0.75,0.75,0.0,0.25,1.0,0.0,1.0,1.0,0.0,0.75,1.0,1.0,0.0,0.75,1.0,0.0,1.0,0.25,0.25,0.75,0.0,0.0,0.0,1.0,0.75,0.0,0.0,0.25,0.75,0.75,0.75,0.0,0.0,0.0,0.0,1.0,0.0,1.0,0.75,0.0,0.0,1.0,1.0,0.0,0.25,0.25,1.0,1.0,0.0,0.83,0.17,0.33,0.67,0.83,0.33,0.25,1.0,0.75,0.75,0.75,0.75,0.75,0.25
5644,0.0,0.25,1.0,0.0,1.0,0.75,0.75,0.0,0.75,0.0,1.0,0.0,0.0,0.75,1.0,0.25,1.0,1.0,1.0,0.75,0.25,1.0,0.75,1.0,0.25,0.75,1.0,1.0,1.0,1.0,0.25,1.0,0.0,1.0,1.0,0.75,0.25,0.0,0.0,1.0,0.75,0.75,0.0,0.0,1.0,1.0,0.75,1.0,0.0,0.75,0.25,1.0,1.0,0.0,0.0,1.0,1.0,1.0,0.0,0.0,0.67,0.83,0.5,0.0,0.83,0.17,0.33,0.5,0.5,0.25,0.5,0.5,0.5,0.75,0.25
5647,1.0,0.75,0.25,1.0,0.75,0.0,0.25,0.25,0.75,0.0,0.75,0.25,0.25,1.0,0.75,1.0,0.0,1.0,1.0,0.75,0.25,1.0,0.0,0.75,0.25,0.75,0.0,0.75,1.0,0.75,0.75,0.25,1.0,0.75,0.75,0.25,0.75,0.75,0.0,0.75,0.75,0.75,0.75,1.0,1.0,1.0,1.0,0.0,0.75,0.75,0.25,1.0,1.0,0.75,0.0,1.0,1.0,0.75,0.0,0.0,0.5,1.0,0.33,0.0,0.83,0.17,0.83,0.5,0.75,0.25,0.5,0.25,0.5,0.5,0.5
5654,0.25,0.25,1.0,0.75,1.0,1.0,0.25,0.25,0.25,0.0,0.75,0.75,0.25,0.75,1.0,1.0,0.25,1.0,1.0,0.25,0.75,1.0,0.25,1.0,0.25,0.75,0.25,0.75,1.0,0.75,0.75,0.25,1.0,0.25,0.75,0.25,0.75,0.25,0.0,0.75,0.25,0.25,1.0,0.25,0.75,1.0,0.25,0.25,0.75,0.25,0.25,0.75,0.75,0.75,0.0,1.0,1.0,0.75,0.0,0.0,0.33,0.5,0.67,0.0,0.5,0.0,0.67,0.75,0.5,0.25,0.75,0.5,0.5,0.5,0.5
5655,1.0,0.25,0.75,1.0,0.75,0.0,0.0,0.0,1.0,0.75,0.0,0.25,1.0,1.0,0.0,0.75,0.75,0.0,1.0,1.0,0.0,1.0,1.0,1.0,0.0,0.0,0.0,0.75,1.0,1.0,0.0,1.0,0.0,1.0,1.0,0.75,0.25,0.25,0.0,0.25,0.75,0.25,0.75,0.75,1.0,1.0,0.75,1.0,0.0,0.0,1.0,0.75,0.75,0.75,0.0,0.75,1.0,0.0,0.0,0.0,0.0,1.0,0.0,0.5,1.0,0.67,0.67,0.25,1.0,0.5,0.75,0.75,0.5,0.75,0.25
5657,0.0,1.0,1.0,0.0,1.0,1.0,0.25,1.0,0.0,0.25,0.75,1.0,0.0,1.0,1.0,1.0,0.0,1.0,1.0,1.0,1.0,1.0,0.0,1.0,1.0,1.0,1.0,1.0,0.0,0.25,1.0,0.0,1.0,0.0,0.25,0.0,1.0,1.0,0.0,1.0,1.0,1.0,1.0,1.0,0.75,1.0,1.0,0.0,1.0,0.0,0.0,0.0,0.0,1.0,0.0,1.0,0.0,1.0,0.0,0.0,0.0,0.0,1.0,0.0,0.83,0.0,1.0,1.0,1.0,0.5,1.0,0.0,0.25,0.0,1.0
5658,0.75,0.75,0.25,0.0,0.25,0.75,0.0,0.0,0.0,1.0,0.75,0.25,0.25,0.75,0.0,0.75,0.25,0.0,0.75,0.0,0.0,0.75,0.25,1.0,0.0,0.75,1.0,0.75,1.0,0.25,1.0,0.75,0.0,0.75,0.75,0.25,0.75,0.25,0.75,0.25,0.25,0.75,1.0,0.75,0.75,0.25,0.25,0.75,0.0,0.75,0.25,0.25,0.0,0.75,0.25,0.25,0.25,1.0,0.25,0.25,0.83,0.67,0.33,0.83,0.5,0.17,0.33,0.5,0.75,0.5,0.75,0.5,0.5,0.5,0.5
5670,0.0,1.0,1.0,0.0,1.0,1.0,0.0,1.0,0.0,0.25,0.0,1.0,0.0,1.0,1.0,1.0,0.0,1.0,1.0,0.75,1.0,1.0,0.25,0.0,1.0,1.0,1.0,1.0,0.0,0.0,1.0,0.25,1.0,0.0,0.0,0.0,1.0,0.75,0.0,1.0,1.0,1.0,1.0,1.0,0.25,0.75,1.0,0.25,1.0,1.0,0.0,0.0,0.0,1.0,0.0,0.0,0.0,1.0,0.0,1.0,0.0,0.0,1.0,0.0,0.67,0.17,1.0,1.0,1.0,1.0,1.0,0.25,0.25,0.0,1.0
5673,0.75,0.25,0.0,0.25,0.25,0.25,0.75,0.0,1.0,0.0,1.0,0.25,0.75,1.0,0.0,0.75,0.75,0.0,1.0,1.0,0.0,1.0,1.0,1.0,0.0,0.25,0.0,0.75,1.0,1.0,0.0,0.75,0.0,0.75,0.25,1.0,0.25,0.0,1.0,0.0,0.25,0.25,0.25,0.75,1.0,1.0,0.0,1.0,0.25,0.0,1.0,0.75,0.25,0.75,0.0,1.0,1.0,0.0,0.0,0.75,1.0,1.0,0.17,0.17,1.0,0.33,0.5,0.25,1.0,0.25,0.75,0.75,0.75,0.5,0.5
5675,0.0,0.75,1.0,1.0,0.75,0.25,0.0,0.25,0.25,0.0,0.25,0.75,0.75,0.75,0.25,0.75,0.0,0.25,1.0,0.75,0.25,1.0,0.25,0.0,0.25,0.75,0.0,1.0,0.25,1.0,0.75,0.75,0.25,0.75,0.75,0.0,1.0,0.25,0.75,0.25,0.0,0.25,0.75,1.0,1.0,0.75,0.75,0.0,0.75,0.0,1.0,1.0,1.0,0.75,0.0,0.75,0.25,0.75,0.0,0.0,0.83,0.67,0.67,0.5,0.83,0.33,0.67,0.75,0.75,0.5,0.75,0.5,0.5,0.75,0.5
5680,1.0,0.0,0.75,1.0,0.0,0.0,0.0,0.0,1.0,1.0,0.75,0.0,1.0,0.0,0.0,0.25,1.0,0.0,0.0,0.0,0.0,0.0,1.0,1.0,0.0,1.0,0.0,0.75,0.0,1.0,0.0,0.25,0.0,1.0,0.75,1.0,0.75,0.0,1.0,0.0,0.0,0.0,0.75,0.75,0.25,0.25,0.75,1.0,0.0,1.0,1.0,0.0,0.0,0.75,1.0,0.25,0.0,0.0,0.0,1.0,0.67,0.33,0.0,1.0,0.67,0.83,0.0,0.25,0.5,0.5,0.25,0.25,0.5,0.75,0.25
5682,1.0,0.25,1.0,0.75,0.25,0.0,0.75,0.0,0.0,1.0,0.0,0.75,1.0,0.75,0.0,1.0,0.25,0.0,1.0,1.0,0.0,1.0,1.0,1.0,0.0,0.25,0.0,0.25,1.0,1.0,0.75,1.0,0.0,1.0,0.25,1.0,1.0,0.75,0.0,0.75,1.0,0.25,1.0,1.0,1.0,0.0,1.0,1.0,0.0,1.0,1.0,1.0,1.0,1.0,0.0,0.75,1.0,0.75,0.0,0.0,0.83,1.0,0.0,0.83,0.67,0.17,0.0,0.0,0.75,0.75,1.0,0.75,1.0,0.75,0.0
5684,0.0,1.0,0.25,0.0,1.0,1.0,0.0,1.0,0.0,0.25,0.25,0.75,0.0,1.0,1.0,0.75,0.0,1.0,0.75,1.0,1.0,1.0,0.0,1.0,1.0,0.75,1.0,1.0,0.0,0.25,1.0,0.0,1.0,0.0,0.75,0.0,1.0,0.25,0.0,1.0,1.0,1.0,1.0,1.0,0.0,0.75,1.0,0.25,1.0,0.25,0.0,0.25,0.0,0.75,0.0,1.0,0.0,1.0,0.0,0.0,0.0,0.0,0.83,0.0,0.17,0.0,1.0,1.0,1.0,0.25,1.0,0.0,0.75,0.0,1.0
5687,0.0,1.0,0.75,0.0,1.0,1.0,1.0,0.75,0.0,0.0,0.75,1.0,0.0,1.0,1.0,1.0,0.0,1.0,1.0,1.0,1.0,1.0,0.0,1.0,1.0,1.0,1.0,1.0,0.0,0.0,1.0,0.0,1.0,0.0,0.25,0.0,1.0,1.0,0.0,1.0,1.0,1.0,1.0,1.0,1.0,1.0,1.0,0.0,1.0,0.25,0.0,0.25,1.0,1.0,0.0,1.0,0.0,1.0,0.0,0.0,0.0,0.0,1.0,0.0,0.83,0.0,1.0,1.0,1.0,0.75,1.0,0.0,0.5,0.0,1.0
5692,0.75,0.75,0.25,0.75,1.0,0.75,0.75,1.0,0.25,0.0,0.75,0.75,0.75,1.0,0.25,0.75,0.25,1.0,0.75,0.75,0.75,0.75,0.75,0.75,0.75,0.75,1.0,1.0,0.75,0.75,0.75,0.25,0.75,0.25,0.75,0.0,1.0,0.75,0.75,1.0,0.75,0.75,0.75,1.0,0.25,1.0,0.75,0.25,1.0,0.25,0.25,0.75,0.75,0.75,0.0,0.75,0.25,1.0,0.0,0.0,0.83,0.0,0.83,0.67,0.67,0.17,0.83,0.75,0.75,0.5,0.75,0.25,0.75,0.5,0.75
5694,0.0,1.0,1.0,0.0,1.0,1.0,0.0,0.75,1.0,0.25,0.75,0.75,0.0,1.0,1.0,1.0,0.0,1.0,0.75,1.0,1.0,1.0,0.0,0.75,1.0,1.0,1.0,1.0,0.0,0.75,1.0,0.0,1.0,0.0,0.0,0.0,1.0,1.0,0.0,1.0,1.0,1.0,1.0,1.0,0.0,1.0,1.0,0.0,1.0,0.0,0.0,0.0,0.0,1.0,0.0,1.0,0.0,1.0,0.0,0.0,0.0,0.0,1.0,0.0,0.67,0.0,1.0,1.0,1.0,0.5,1.0,0.0,0.0,0.0,1.0
5696,0.0,1.0,0.75,0.0,1.0,1.0,0.75,0.0,0.0,0.0,1.0,0.75,0.25,1.0,1.0,1.0,0.0,1.0,0.75,0.0,1.0,1.0,0.0,1.0,1.0,1.0,1.0,1.0,0.0,0.0,1.0,0.0,1.0,0.0,0.25,0.0,1.0,0.75,0.0,0.75,1.0,1.0,1.0,1.0,0.25,1.0,1.0,0.0,1.0,0.0,0.0,0.25,0.75,1.0,0.0,0.75,0.0,1.0,0.0,0.0,0.0,0.0,1.0,0.0,0.67,0.0,0.83,1.0,0.75,0.5,0.75,0.25,0.5,0.25,0.75
5700,0.0,1.0,1.0,0.25,1.0,0.75,0.75,0.75,0.25,0.0,0.75,0.75,0.25,1.0,0.0,0.75,0.0,0.25,0.25,0.0,0.75,0.25,0.0,0.0,1.0,1.0,0.75,1.0,0.25,0.75,0.75,0.25,0.75,0.75,0.75,0.0,0.75,0.25,0.25,0.75,0.75,0.75,0.75,1.0,0.75,0.75,1.0,0.0,0.0,0.25,0.25,0.75,0.75,0.25,0.0,0.75,0.0,1.0,0.0,0.0,0.67,0.33,0.67,0.17,0.5,0.33,0.83,0.5,0.5,0.5,0.75,0.25,0.5,0.5,0.5
5704,0.75,0.75,1.0,0.25,1.0,0.25,1.0,0.25,0.25,0.0,0.25,1.0,0.0,1.0,0.75,1.0,0.75,1.0,0.75,1.0,1.0,1.0,0.0,1.0,1.0,0.25,1.0,0.75,1.0,0.25,0.75,0.25,1.0,0.25,0.75,0.0,1.0,1.0,0.25,0.75,1.0,1.0,0.75,1.0,1.0,1.0,1.0,0.0,0.75,0.75,1.0,1.0,1.0,1.0,0.0,1.0,1.0,1.0,0.0,0.0,0.33,0.83,0.17,0.0,0.83,0.0,0.67,0.5,0.75,0.5,0.75,0.25,0.5,0.5,0.5
5708,0.0,1.0,0.25,0.0,0.75,0.75,0.75,0.75,0.0,0.0,0.75,0.75,0.25,1.0,0.75,1.0,0.0,1.0,1.0,1.0,0.75,0.75,0.25,0.75,1.0,0.75,1.0,1.0,0.75,0.75,1.0,0.0,1.0,1.0,0.25,0.0,1.0,1.0,0.0,1.0,1.0,1.0,1.0,1.0,0.0,1.0,1.0,0.0,0.75,1.0,0.25,1.0,1.0,1.0,0.0,1.0,1.0,1.0,0.0,0.0,0.0,0.17,1.0,0.17,0.33,0.17,1.0,0.75,1.0,0.5,1.0,0.0,0.75,0.25,1.0
5716,0.75,0.25,1.0,0.75,0.25,0.0,0.0,0.0,0.0,1.0,0.0,0.75,0.0,1.0,0.0,0.75,1.0,0.0,0.0,0.0,0.0,0.25,0.75,0.25,0.0,0.25,0.0,0.75,1.0,1.0,1.0,1.0,0.0,1.0,0.0,1.0,0.75,0.0,1.0,0.25,0.75,0.25,0.75,1.0,0.75,0.0,0.75,1.0,0.0,1.0,1.0,1.0,1.0,1.0,0.75,0.25,0.75,0.75,0.0,0.75,0.67,1.0,0.0,0.83,0.5,0.5,0.5,0.5,0.5,0.5,0.5,0.5,0.5,0.75,0.5
5730,1.0,1.0,1.0,0.25,0.0,0.0,0.0,0.0,0.75,1.0,0.25,0.25,1.0,0.25,0.0,0.25,0.75,0.0,0.25,0.0,0.0,0.0,1.0,1.0,0.0,0.25,0.0,0.0,0.75,0.25,0.0,0.75,0.0,1.0,0.0,1.0,0.0,0.25,0.75,0.0,0.0,0.0,0.25,0.0,0.0,0.0,0.75,1.0,0.0,0.75,1.0,0.0,0.25,1.0,1.0,0.75,0.25,0.25,0.75,0.75,0.33,0.83,0.17,1.0,0.0,0.67,0.33,0.25,0.5,0.5,0.25,0.5,0.5,0.75,0.0
5733,0.0,0.0,0.0,1.0,0.0,0.0,0.0,0.0,1.0,1.0,0.0,0.0,1.0,0.75,0.0,0.0,1.0,0.0,0.75,0.75,0.0,0.0,1.0,0.75,0.0,0.0,0.0,0.0,1.0,1.0,0.0,1.0,0.0,1.0,0.0,1.0,0.75,0.0,0.25,0.0,0.75,0.0,0.0,0.0,1.0,0.0,0.0,1.0,0.0,1.0,1.0,0.0,0.75,0.0,1.0,0.0,1.0,0.0,0.75,1.0,0.83,1.0,0.17,0.67,0.83,1.0,0.17,0.25,0.5,0.5,0.5,0.75,0.75,0.75,0.25
5742,0.0,1.0,1.0,0.0,1.0,1.0,0.0,1.0,0.0,0.0,0.75,0.75,0.25,1.0,1.0,1.0,0.25,1.0,0.75,0.75,1.0,1.0,0.0,1.0,1.0,1.0,1.0,1.0,0.0,0.75,1.0,0.25,0.75,0.25,0.25,0.0,1.0,0.75,0.25,0.75,1.0,1.0,1.0,1.0,0.75,0.75,1.0,0.0,0.0,1.0,0.0,0.75,0.75,1.0,0.0,1.0,0.0,1.0,0.0,0.75,0.17,0.17,1.0,0.0,0.5,0.17,0.83,1.0,1.0,0.5,1.0,0.5,0.5,0.25,0.5
5744,0.25,1.0,1.0,0.75,1.0,1.0,0.25,1.0,0.25,0.25,0.75,0.75,0.75,1.0,0.75,0.75,0.0,1.0,0.0,0.0,0.75,0.75,0.25,0.25,1.0,1.0,0.75,1.0,0.0,0.75,1.0,0.0,0.75,0.0,0.75,0.0,1.0,0.75,0.75,0.75,0.25,1.0,1.0,1.0,0.75,0.75,1.0,0.0,0.75,0.75,0.75,0.75,0.75,1.0,0.0,0.75,0.0,1.0,0.0,0.0,0.67,0.33,0.67,0.33,0.33,0.33,1.0,0.5,0.5,0.5,0.75,0.25,0.5,0.5,0.5
5747,0.25,1.0,1.0,0.0,1.0,1.0,0.25,0.75,0.0,0.25,0.25,1.0,0.0,1.0,1.0,1.0,0.0,1.0,1.0,0.75,1.0,1.0,0.0,1.0,1.0,1.0,1.0,1.0,0.0,0.0,1.0,0.0,1.0,0.0,0.25,0.0,1.0,1.0,0.0,1.0,1.0,1.0,1.0,1.0,0.75,1.0,0.75,0.0,1.0,0.0,0.0,0.75,1.0,1.0,0.0,1.0,0.0,1.0,0.0,0.0,0.0,0.33,1.0,0.0,0.83,0.17,1.0,0.75,0.75,0.5,1.0,0.0,0.5,0.0,0.75
5753,1.0,0.0,0.75,1.0,0.0,0.0,0.0,0.0,1.0,0.75,0.0,0.0,0.25,0.75,0.0,1.0,1.0,0.0,1.0,1.0,0.0,1.0,1.0,1.0,0.0,0.0,0.0,0.25,1.0,1.0,0.0,1.0,0.0,1.0,0.25,1.0,0.25,0.0,1.0,0.25,0.0,0.0,0.25,0.0,1.0,1.0,0.0,0.25,0.0,1.0,0.25,1.0,1.0,0.25,0.25,0.75,1.0,0.0,0.25,0.0,0.33,1.0,0.0,0.0,1.0,0.67,0.0,0.0,0.75,0.25,0.5,0.75,0.75,0.75,0.25
5758,0.25,0.25,0.75,0.25,0.75,0.75,1.0,0.25,0.25,0.25,0.25,0.25,0.25,1.0,0.75,0.75,0.25,0.75,1.0,0.75,0.25,1.0,0.75,1.0,0.25,0.25,0.75,0.75,0.25,0.75,0.25,0.75,0.25,0.75,0.75,0.25,0.75,0.25,0.25,0.25,0.75,0.25,0.75,1.0,1.0,0.75,1.0,0.25,0.25,0.25,0.25,1.0,1.0,1.0,0.0,0.75,0.75,0.75,0.0,0.0,0.0,0.83,0.17,0.17,0.83,0.0,0.17,0.75,1.0,0.25,0.75,0.75,0.25,0.25,0.25
5760,0.75,0.75,1.0,1.0,0.25,0.25,0.25,0.25,0.75,0.25,0.25,0.25,0.75,1.0,0.25,0.75,0.0,0.25,0.25,0.0,0.0,0.25,0.75,0.75,0.0,0.25,0.25,0.25,0.75,1.0,0.25,0.75,0.25,0.75,0.75,0.25,0.75,0.25,0.75,0.25,0.75,0.75,0.75,0.25,1.0,0.75,0.75,0.0,0.0,0.25,0.75,0.25,0.75,1.0,0.0,0.75,0.75,0.75,0.0,0.25,0.33,0.83,0.67,0.67,1.0,0.67,0.33,0.5,0.75,0.5,0.5,0.5,0.5,0.75,0.5
5763,0.25,1.0,1.0,0.0,1.0,1.0,0.0,1.0,0.25,0.0,0.25,1.0,0.0,1.0,1.0,1.0,0.0,0.75,1.0,1.0,1.0,1.0,0.25,1.0,1.0,0.75,1.0,1.0,0.25,0.0,1.0,0.0,1.0,0.0,0.0,0.0,1.0,1.0,0.0,1.0,1.0,0.75,1.0,1.0,0.75,1.0,1.0,0.0,1.0,0.75,0.0,0.75,0.0,1.0,0.0,1.0,0.75,1.0,0.0,0.0,0.17,0.0,0.5,0.0,0.33,0.0,1.0,0.75,0.75,0.75,0.75,0.0,0.5,0.0,0.75
5770,0.0,1.0,0.75,0.0,1.0,1.0,0.75,0.75,0.0,0.75,0.75,1.0,0.75,1.0,0.0,0.75,0.0,1.0,1.0,1.0,0.0,1.0,0.0,0.25,1.0,1.0,1.0,1.0,0.0,0.0,1.0,0.75,0.0,0.25,1.0,1.0,1.0,1.0,0.75,0.75,1.0,1.0,1.0,1.0,0.75,0.0,1.0,0.0,0.25,0.25,1.0,0.0,1.0,1.0,0.0,0.75,0.25,1.0,0.0,1.0,0.0,0.17,1.0,0.83,0.67,0.33,1.0,0.75,0.75,0.75,0.75,0.75,0.75,0.75,1.0
5771,1.0,0.0,1.0,1.0,0.0,0.0,0.0,0.0,0.75,0.75,0.0,0.25,1.0,1.0,0.0,0.0,0.75,0.25,1.0,1.0,0.25,1.0,1.0,1.0,0.0,0.0,0.0,0.25,1.0,1.0,0.0,1.0,0.0,1.0,0.75,1.0,0.25,0.0,1.0,0.0,0.0,0.0,0.0,0.25,1.0,0.25,0.0,1.0,0.25,0.75,1.0,0.25,1.0,1.0,0.0,0.75,1.0,0.0,0.0,0.25,0.0,1.0,0.17,0.33,1.0,0.67,0.0,0.25,0.75,0.5,0.5,0.5,0.75,0.75,0.25
5778,0.25,1.0,0.75,0.0,1.0,1.0,1.0,1.0,0.0,0.0,1.0,1.0,0.0,1.0,1.0,1.0,0.0,1.0,1.0,1.0,1.0,1.0,0.0,1.0,1.0,1.0,1.0,1.0,0.0,0.0,1.0,0.0,1.0,0.0,1.0,0.0,1.0,1.0,0.0,1.0,1.0,1.0,1.0,1.0,1.0,1.0,1.0,0.0,1.0,1.0,0.0,1.0,1.0,1.0,0.0,1.0,1.0,1.0,0.0,0.0,0.0,0.0,1.0,0.17,1.0,0.0,1.0,1.0,1.0,0.5,1.0,0.0,0.25,0.0,1.0
5782,0.75,0.75,0.75,0.0,0.25,0.75,0.0,0.25,0.25,0.0,0.25,0.75,0.25,0.75,0.25,0.25,0.75,0.25,0.25,0.25,0.0,0.0,0.75,0.25,1.0,0.25,0.25,0.75,0.25,0.75,0.25,0.75,0.0,1.0,0.25,0.75,0.75,0.25,0.0,0.75,0.25,0.25,0.75,0.75,0.25,0.25,1.0,0.75,0.0,0.25,0.75,0.25,0.25,1.0,0.75,0.25,0.25,1.0,0.25,0.75,0.83,0.67,0.83,1.0,0.5,0.33,0.5,0.75,0.5,0.75,0.75,0.75,0.75,0.5,0.5
5784,0.0,1.0,1.0,0.75,0.75,1.0,0.25,0.75,0.0,0.75,0.0,0.25,0.0,0.75,0.0,0.0,0.0,0.75,0.0,0.0,0.0,0.0,0.0,0.0,0.0,0.0,0.75,1.0,0.25,0.75,1.0,1.0,0.75,0.0,1.0,0.0,1.0,1.0,1.0,0.0,0.75,0.75,1.0,1.0,0.0,0.0,0.75,0.0,0.0,0.0,1.0,0.75,0.75,1.0,0.0,1.0,0.75,1.0,0.0,0.25,1.0,1.0,0.67,0.67,0.33,0.83,0.67,0.75,1.0,0.5,1.0,0.5,0.5,0.5,0.5
5790,0.0,1.0,0.75,0.0,1.0,1.0,0.25,0.25,0.0,0.25,0.75,1.0,0.0,1.0,1.0,1.0,0.0,1.0,1.0,0.75,1.0,1.0,0.0,1.0,1.0,1.0,1.0,1.0,0.25,0.75,1.0,0.0,0.75,0.0,0.75,0.0,1.0,0.25,0.0,0.75,1.0,1.0,1.0,1.0,1.0,0.75,1.0,0.0,1.0,0.25,0.0,0.75,1.0,1.0,0.0,1.0,0.75,1.0,0.0,0.0,0.0,0.5,1.0,0.0,0.5,0.0,0.67,1.0,1.0,0.25,1.0,0.0,0.5,0.25,1.0
5800,1.0,0.75,1.0,0.25,1.0,0.75,0.75,0.25,0.75,0.0,0.75,0.75,0.75,0.25,0.75,1.0,0.0,0.25,1.0,0.75,0.25,1.0,0.25,1.0,0.75,0.75,0.75,1.0,0.25,0.75,0.75,0.25,0.75,0.25,1.0,1.0,1.0,0.75,0.75,0.25,0.75,0.25,0.75,1.0,0.75,0.75,0.25,0.25,1.0,0.75,0.75,1.0,1.0,0.75,0.0,0.75,0.0,0.75,0.0,0.0,0.83,0.67,0.17,1.0,1.0,0.17,0.67,0.75,0.75,0.25,0.75,0.0,0.5,0.75,0.75
5801,0.0,1.0,1.0,0.25,1.0,1.0,0.75,0.75,0.0,0.0,0.75,0.75,0.0,1.0,1.0,1.0,0.0,1.0,0.75,0.25,1.0,1.0,0.0,1.0,1.0,1.0,1.0,1.0,0.25,0.75,1.0,0.25,0.75,0.0,0.25,0.0,0.75,0.75,0.0,0.75,0.75,0.75,0.75,1.0,1.0,1.0,1.0,0.0,1.0,0.25,0.0,0.75,0.0,1.0,0.0,1.0,0.0,1.0,0.0,0.25,0.83,0.0,1.0,0.17,0.83,0.17,1.0,1.0,1.0,0.25,0.75,0.25,0.5,0.0,1.0
5806,0.75,1.0,1.0,1.0,1.0,1.0,0.0,0.0,0.25,0.0,0.75,1.0,0.25,1.0,0.75,0.75,0.0,1.0,1.0,1.0,1.0,1.0,0.0,0.25,0.75,0.25,1.0,1.0,1.0,0.75,1.0,0.0,1.0,0.0,1.0,0.0,1.0,0.25,0.25,0.75,1.0,1.0,1.0,1.0,1.0,0.75,0.75,0.0,1.0,0.0,0.25,1.0,1.0,0.25,0.0,1.0,1.0,1.0,0.0,0.0,0.17,0.33,0.83,0.0,1.0,0.0,0.83,0.75,1.0,0.5,1.0,0.25,0.5,0.75,0.5
5812,0.75,0.25,1.0,0.25,1.0,0.75,0.0,1.0,0.0,0.25,0.0,0.75,0.75,0.75,1.0,1.0,0.0,1.0,1.0,0.75,0.75,1.0,0.0,1.0,1.0,0.75,0.75,0.75,0.75,0.0,1.0,0.0,1.0,0.0,0.25,0.0,0.75,0.75,0.0,0.75,1.0,0.75,1.0,1.0,0.75,0.75,1.0,0.25,1.0,1.0,0.0,0.75,0.25,1.0,0.0,1.0,0.75,1.0,0.0,0.0,1.0,0.33,1.0,0.0,0.83,0.0,0.67,0.75,0.75,0.25,0.75,0.0,0.25,0.0,0.75
5814,1.0,0.75,0.25,0.25,0.0,0.75,0.0,1.0,0.25,0.75,0.75,0.75,0.25,1.0,0.0,0.25,0.25,0.0,0.75,0.0,0.0,0.0,0.25,0.0,0.75,0.75,1.0,0.75,0.75,0.75,1.0,0.75,0.0,1.0,0.75,1.0,1.0,0.75,0.75,0.0,0.0,0.25,0.75,0.75,0.0,0.75,0.75,1.0,0.75,1.0,0.75,0.75,0.0,1.0,0.75,0.25,0.75,1.0,0.25,1.0,0.83,0.83,0.83,0.67,0.67,0.33,0.33,0.75,0.75,0.75,0.5,0.25,0.75,0.25,0.25
5816,0.0,1.0,1.0,0.0,1.0,1.0,1.0,1.0,0.0,0.0,0.0,1.0,0.0,1.0,1.0,1.0,0.0,1.0,1.0,0.75,1.0,1.0,0.25,0.0,1.0,1.0,1.0,1.0,0.0,0.0,1.0,0.25,1.0,0.0,0.0,0.25,1.0,1.0,0.0,1.0,1.0,1.0,1.0,1.0,0.75,0.75,1.0,0.0,1.0,1.0,0.0,0.0,0.0,1.0,0.0,0.0,0.0,1.0,0.0,1.0,0.0,0.0,1.0,0.0,0.5,0.0,1.0,1.0,1.0,1.0,1.0,0.25,0.25,0.0,1.0
5817,1.0,0.25,0.75,1.0,0.0,0.0,0.0,0.0,0.75,0.75,0.0,0.25,0.75,1.0,0.0,0.25,0.25,0.75,1.0,0.25,0.0,1.0,1.0,1.0,0.0,0.0,0.0,1.0,1.0,1.0,0.0,1.0,0.0,1.0,0.75,0.25,0.25,0.0,0.25,0.75,0.25,0.25,0.0,0.25,1.0,0.75,0.75,1.0,0.0,0.25,0.75,0.75,1.0,0.75,0.0,0.75,1.0,0.0,0.0,0.0,0.0,1.0,0.0,0.0,1.0,0.0,0.0,0.25,0.75,0.5,0.5,0.5,0.75,0.5,0.25
5820,1.0,0.75,0.75,0.25,0.75,1.0,0.25,0.25,0.25,0.0,0.25,0.75,0.25,1.0,0.75,1.0,0.25,0.0,0.25,1.0,0.75,1.0,0.25,0.75,0.25,0.75,0.0,0.75,0.0,0.25,1.0,0.25,0.75,0.0,1.0,0.75,0.75,1.0,0.0,0.75,0.75,0.0,0.25,1.0,1.0,0.25,1.0,0.25,0.0,0.25,0.0,0.25,1.0,0.25,0.0,1.0,0.75,0.75,0.0,0.0,0.33,0.67,1.0,0.0,0.83,0.0,1.0,0.75,0.75,0.25,0.75,0.0,0.5,0.5,0.75
5823,0.75,0.75,0.75,0.0,1.0,0.75,0.0,1.0,0.0,0.0,0.0,1.0,1.0,1.0,0.0,1.0,0.75,1.0,1.0,1.0,0.0,0.0,0.75,0.75,0.75,0.75,1.0,0.75,1.0,0.25,0.0,1.0,0.25,0.75,0.75,0.0,0.75,1.0,1.0,1.0,1.0,1.0,0.75,1.0,0.25,0.25,1.0,1.0,0.0,0.0,1.0,0.75,0.75,1.0,0.0,0.0,0.25,0.75,0.25,0.75,0.5,0.67,0.5,0.67,1.0,0.5,1.0,0.5,1.0,0.5,0.75,0.5,0.5,0.5,0.75
5829,1.0,0.75,0.75,0.75,1.0,0.25,0.75,0.75,1.0,0.25,0.75,0.75,0.75,0.75,0.75,0.75,0.25,1.0,1.0,1.0,1.0,1.0,0.25,1.0,0.25,0.75,0.0,0.75,1.0,1.0,1.0,0.0,1.0,1.0,0.75,0.0,0.25,0.75,0.0,1.0,1.0,0.75,0.75,0.75,1.0,1.0,0.75,1.0,1.0,0.75,0.25,1.0,1.0,1.0,0.0,0.75,1.0,0.75,0.25,0.25,0.83,0.83,0.5,0.0,0.83,0.5,1.0,0.5,0.75,0.25,0.5,0.25,0.5,0.25,0.75
5832,0.0,1.0,0.75,0.0,1.0,1.0,1.0,0.0,0.0,0.25,1.0,1.0,0.0,1.0,1.0,1.0,0.0,1.0,1.0,1.0,1.0,1.0,0.0,1.0,1.0,1.0,1.0,1.0,0.0,0.25,1.0,0.0,1.0,0.0,0.25,0.0,1.0,0.25,0.0,1.0,1.0,1.0,1.0,1.0,1.0,1.0,1.0,0.0,1.0,0.0,0.0,0.0,0.75,1.0,0.0,0.25,0.0,1.0,0.25,0.0,0.0,0.0,1.0,0.0,0.5,0.0,1.0,1.0,1.0,0.5,1.0,0.0,0.0,0.0,0.75
5844,1.0,0.75,0.75,1.0,1.0,0.25,0.25,0.25,1.0,0.0,0.75,0.25,0.25,0.75,1.0,0.75,0.0,0.25,0.75,1.0,0.75,1.0,0.25,1.0,0.25,0.75,0.25,0.75,1.0,1.0,0.75,0.25,1.0,0.75,1.0,0.0,0.75,1.0,0.75,1.0,0.75,1.0,0.75,0.75,1.0,1.0,0.75,0.25,0.75,0.75,0.0,1.0,1.0,1.0,0.0,1.0,1.0,1.0,0.0,0.0,0.17,0.83,0.67,0.0,0.83,0.17,0.83,0.5,1.0,0.25,0.5,0.25,0.5,0.5,0.5
5847,0.0,1.0,1.0,0.0,1.0,1.0,0.75,0.75,0.0,0.25,0.75,1.0,0.0,1.0,1.0,1.0,0.0,1.0,1.0,1.0,1.0,1.0,0.0,1.0,1.0,1.0,1.0,1.0,0.0,0.0,1.0,0.0,1.0,0.0,0.0,0.0,1.0,1.0,0.0,1.0,1.0,1.0,1.0,1.0,0.75,1.0,1.0,0.0,1.0,0.75,0.0,0.0,0.0,1.0,0.0,1.0,0.0,1.0,0.0,0.0,0.0,0.0,1.0,0.0,0.67,0.0,1.0,1.0,1.0,0.5,1.0,0.0,0.25,0.0,1.0
5848,0.0,1.0,1.0,0.0,1.0,1.0,0.0,0.0,0.0,0.25,0.75,1.0,0.0,1.0,1.0,1.0,0.0,0.75,0.75,0.75,1.0,1.0,0.0,1.0,1.0,0.75,1.0,1.0,0.0,0.0,1.0,0.0,1.0,0.0,0.75,0.0,1.0,1.0,0.0,0.25,1.0,0.75,1.0,1.0,0.75,1.0,1.0,0.0,0.0,0.75,0.0,0.0,0.0,0.75,0.0,1.0,0.0,1.0,0.0,0.0,0.0,0.0,1.0,0.0,1.0,0.5,1.0,0.75,1.0,0.25,1.0,0.0,0.5,0.25,1.0
5855,0.0,0.75,1.0,0.0,1.0,1.0,0.0,0.0,0.25,1.0,0.0,1.0,0.25,1.0,0.0,0.25,0.0,0.0,0.0,0.75,0.0,0.75,0.75,1.0,1.0,1.0,1.0,1.0,1.0,0.75,1.0,1.0,0.0,1.0,0.0,0.75,1.0,1.0,0.75,0.0,1.0,1.0,1.0,1.0,1.0,0.25,0.75,1.0,0.0,0.75,1.0,0.75,0.0,1.0,1.0,0.25,0.25,0.75,0.75,1.0,0.5,0.83,0.5,0.67,0.67,0.33,0.67,0.75,0.5,1.0,0.75,0.5,1.0,0.75,0.75
5862,0.0,1.0,1.0,0.0,1.0,1.0,1.0,0.75,0.0,0.0,0.75,1.0,0.0,1.0,1.0,1.0,0.0,1.0,1.0,1.0,1.0,1.0,0.0,1.0,1.0,1.0,1.0,1.0,0.0,0.0,1.0,0.0,1.0,0.0,0.0,0.0,1.0,0.25,0.0,1.0,1.0,1.0,1.0,1.0,1.0,1.0,1.0,0.0,1.0,0.75,0.0,0.25,0.75,1.0,0.0,1.0,0.0,1.0,0.0,0.0,0.0,0.0,1.0,0.0,0.67,0.0,1.0,1.0,1.0,0.75,1.0,0.0,0.25,0.0,0.5
5884,0.75,0.0,0.75,0.25,0.0,0.0,0.0,0.0,0.75,1.0,0.25,0.0,0.25,0.25,0.0,0.0,0.75,0.0,0.0,0.0,0.0,0.0,0.75,1.0,0.25,0.25,0.0,1.0,0.75,0.75,0.0,1.0,0.0,0.75,0.25,1.0,0.75,0.75,0.75,0.0,0.0,0.0,0.75,0.25,0.75,0.0,0.0,1.0,0.0,1.0,1.0,0.0,0.0,0.75,1.0,0.0,0.25,0.75,0.25,1.0,0.83,1.0,0.0,0.83,0.83,0.83,0.33,0.0,0.75,0.75,0.25,0.75,0.75,0.75,0.25
5887,0.0,1.0,1.0,0.0,1.0,1.0,1.0,1.0,0.0,0.0,0.75,1.0,0.0,1.0,1.0,1.0,0.0,1.0,1.0,0.75,1.0,1.0,0.0,1.0,1.0,1.0,1.0,1.0,0.0,0.0,1.0,0.0,1.0,0.0,1.0,0.0,0.25,1.0,0.0,1.0,1.0,1.0,1.0,1.0,0.25,1.0,1.0,0.0,1.0,1.0,0.0,0.0,1.0,1.0,0.0,1.0,0.0,1.0,0.0,0.0,0.67,0.0,1.0,0.0,0.17,0.17,1.0,1.0,1.0,0.25,1.0,0.0,0.5,0.25,1.0
5888,0.0,0.25,1.0,0.25,0.75,0.25,0.25,0.25,0.0,0.25,0.25,0.25,0.0,1.0,0.25,0.0,0.0,0.0,0.0,0.0,0.0,0.75,0.0,0.25,0.25,0.25,0.75,0.75,0.75,0.75,0.75,0.75,0.25,0.75,1.0,0.25,0.75,0.25,0.25,0.75,0.25,0.75,1.0,0.75,1.0,1.0,1.0,1.0,0.0,0.0,1.0,0.75,1.0,1.0,0.25,0.75,1.0,1.0,0.25,0.0,0.83,0.67,0.5,0.33,0.5,0.33,0.5,0.5,0.75,0.5,0.5,0.5,0.5,1.0,0.5
5899,0.75,0.75,1.0,0.75,1.0,0.25,0.25,0.75,0.75,0.0,0.75,0.75,0.75,1.0,0.25,0.25,0.0,0.0,0.0,0.25,0.75,1.0,0.25,0.75,0.0,0.75,0.25,1.0,0.75,0.75,1.0,0.75,0.75,0.25,0.75,0.25,1.0,0.25,0.75,0.25,0.25,0.25,0.75,1.0,1.0,0.75,0.75,0.25,0.25,0.25,0.75,1.0,1.0,0.75,0.0,1.0,0.75,0.75,0.0,0.0,0.83,0.67,0.5,0.17,0.67,0.17,0.83,0.25,0.5,0.5,0.5,0.5,0.5,0.5,0.5
5905,0.0,0.75,1.0,0.75,0.75,0.25,0.0,0.0,0.25,0.25,0.75,1.0,0.75,0.75,0.0,0.25,0.0,0.0,1.0,0.75,0.75,1.0,0.75,0.0,0.0,0.75,1.0,1.0,1.0,1.0,0.75,1.0,0.25,1.0,0.75,0.25,1.0,0.75,0.25,0.75,0.75,0.75,1.0,1.0,1.0,1.0,0.25,0.0,0.0,0.75,0.25,0.25,0.75,0.75,0.0,0.75,0.25,1.0,0.0,0.25,1.0,0.83,0.17,0.5,1.0,0.33,0.33,0.25,0.75,0.25,0.75,0.5,0.5,0.25,0.25
5906,0.0,1.0,0.25,0.25,0.75,0.75,0.0,0.75,0.0,0.0,0.25,0.75,0.75,0.75,0.0,1.0,0.0,0.0,0.75,1.0,0.0,0.75,0.75,0.75,0.25,0.25,0.25,1.0,0.25,0.25,1.0,0.25,0.75,0.0,1.0,0.0,0.25,1.0,0.0,0.75,1.0,1.0,1.0,0.75,0.75,0.75,1.0,0.75,0.75,0.75,0.25,0.75,0.0,1.0,0.0,0.75,0.0,1.0,0.0,0.25,0.83,0.33,0.67,0.17,0.33,0.17,0.83,0.75,0.75,0.75,0.75,0.25,0.75,0.0,0.5
5908,0.75,0.25,0.0,1.0,0.25,0.0,0.0,0.0,1.0,0.0,1.0,0.75,0.75,0.75,0.25,0.75,0.25,0.25,1.0,1.0,0.75,1.0,0.75,0.75,0.0,0.25,0.0,0.25,1.0,1.0,0.25,0.25,0.25,0.75,0.75,0.0,0.25,0.25,0.0,0.75,0.75,0.75,0.75,0.75,1.0,1.0,0.75,0.75,1.0,1.0,0.0,0.75,0.25,0.25,0.0,1.0,1.0,0.75,0.0,0.75,0.33,0.83,0.5,0.17,1.0,0.33,0.67,0.25,0.5,0.0,0.5,0.25,0.5,0.25,0.25
5912,0.75,0.0,1.0,0.25,0.0,0.0,0.0,0.0,1.0,1.0,0.0,0.25,1.0,0.0,0.0,0.0,0.25,0.0,0.0,0.0,0.0,0.0,0.0,0.0,0.0,0.0,0.0,0.25,0.75,0.0,0.0,1.0,0.0,0.75,0.0,1.0,0.25,0.0,0.75,0.0,0.0,0.25,0.0,0.0,0.75,0.0,0.0,1.0,0.0,0.25,1.0,0.0,0.0,1.0,1.0,0.0,1.0,0.25,1.0,1.0,0.33,0.83,0.0,1.0,0.17,0.83,0.0,0.5,0.5,0.5,0.5,0.5,0.5,1.0,0.5
5915,0.75,0.0,0.75,0.75,0.0,0.0,0.0,0.0,0.75,0.75,0.25,0.0,0.75,0.25,0.25,0.75,0.75,0.0,0.75,0.75,0.0,0.75,1.0,0.75,0.0,0.0,0.0,0.25,1.0,1.0,0.0,1.0,0.0,0.75,0.75,1.0,0.75,0.0,1.0,0.0,0.0,0.0,0.0,0.0,0.75,0.25,0.25,1.0,0.0,0.75,1.0,0.25,0.0,0.25,0.75,0.25,0.0,0.25,0.75,0.75,0.17,1.0,0.0,0.83,0.67,0.83,0.0,0.0,0.25,0.75,0.25,0.75,0.75,0.75,0.0
5918,0.75,0.75,1.0,0.75,0.75,0.0,0.0,1.0,0.75,0.75,0.0,0.75,0.25,0.75,0.25,1.0,1.0,0.25,1.0,0.75,1.0,1.0,0.75,1.0,0.75,0.25,0.0,0.25,1.0,1.0,0.25,0.75,0.0,1.0,0.75,1.0,1.0,0.0,0.25,0.25,0.25,0.25,0.25,0.75,1.0,0.75,0.75,0.25,0.0,0.75,0.25,0.25,0.75,0.75,0.25,0.25,1.0,0.75,0.25,0.25,0.33,0.83,0.67,0.33,0.67,0.33,0.33,0.5,0.75,0.25,0.5,0.5,0.5,0.5,0.75
5921,1.0,0.75,0.75,1.0,1.0,0.25,0.0,0.0,0.25,0.0,0.25,0.75,0.75,0.75,0.75,0.75,0.0,0.0,0.75,0.25,0.75,1.0,0.25,0.25,0.25,0.75,0.25,1.0,0.25,0.0,0.75,0.75,1.0,0.0,0.75,0.0,1.0,0.25,1.0,0.75,1.0,0.75,0.75,1.0,1.0,1.0,1.0,0.25,0.25,0.0,0.25,1.0,1.0,0.75,0.0,1.0,0.25,1.0,0.0,0.0,1.0,0.33,0.5,0.0,0.83,0.17,1.0,0.75,0.75,0.25,0.25,0.5,0.5,0.75,0.5
5922,0.0,1.0,1.0,0.0,1.0,1.0,0.0,1.0,0.0,0.25,0.25,1.0,0.0,1.0,1.0,1.0,0.0,1.0,1.0,0.75,1.0,1.0,0.0,1.0,1.0,1.0,1.0,1.0,0.0,0.25,1.0,0.0,1.0,0.0,0.0,0.0,1.0,1.0,0.0,1.0,1.0,1.0,1.0,1.0,0.25,1.0,1.0,0.0,1.0,0.0,0.0,0.0,0.0,1.0,0.0,1.0,0.0,1.0,0.0,0.0,0.0,0.0,1.0,0.0,0.5,0.0,1.0,0.75,1.0,0.5,1.0,0.0,0.5,0.0,1.0
5923,0.0,1.0,0.75,0.0,1.0,1.0,1.0,0.0,0.0,0.25,0.75,1.0,0.0,1.0,1.0,1.0,0.0,1.0,1.0,0.75,1.0,1.0,0.0,1.0,1.0,1.0,1.0,1.0,0.0,0.0,1.0,0.0,1.0,0.0,0.0,0.0,1.0,0.25,0.0,1.0,1.0,1.0,1.0,1.0,1.0,1.0,1.0,0.0,1.0,0.0,0.0,0.0,0.75,1.0,0.0,0.75,0.0,1.0,0.0,0.0,0.0,0.0,1.0,0.0,0.83,0.0,1.0,1.0,1.0,1.0,1.0,0.0,0.0,0.0,0.75
