voter,32214,32215,32216,32217,32218,32219,32220,32221,32222,32223,32224,32225,32226,32227,32228,32229,32230,32231,32232,32233,32234,32235,32236,32237,32238,32239,32240,32241,32242,32243,32244,32245,32246,32247,32248,32249,32250,32251,32252,32253,32254,32255,32256,32257,32258,32259,32260,32261,32262,32263,32264,32265,32266,32267,32268,32269,32270,32271,32272,32273,32274,32275,32276,32277,32278,32279,32280,32281,32282,32283,32284,32285,32286,32287,32288
3613,1.0,0.0,0.75,0.25,0.0,0.0,0.0,0.0,0.25,1.0,1.0,0.0,1.0,0.25,0.0,0.0,1.0,0.0,0.25,0.75,0.0,0.75,0.75,0.75,0.0,0.25,0.0,0.75,0.25,0.0,0.0,0.75,0.0,1.0,0.75,1.0,0.75,0.75,1.0,0.25,0.75,0.75,0.75,0.0,0.25,0.25,0.25,1.0,0.0,0.75,0.25,0.0,0.0,0.75,1.0,0.0,0.75,0.25,1.0,0.75,0.83,0.83,0.5,0.67,0.5,1.0,0.33,0.25,0.5,0.5,0.5,0.5,0.5,0.5,0.0
3664,0.0,1.0,0.75,0.0,1.0,1.0,1.0,1.0,0.25,0.25,1.0,0.75,0.0,1.0,1.0,0.0,0.25,1.0,0.25,0.75,1.0,1.0,0.25,0.25,0.0,0.75,0.75,1.0,0.0,1.0,1.0,0.25,0.25,0.25,1.0,1.0,0.0,0.75,0.75,1.0,0.25,0.75,0.75,0.75,1.0,1.0,1.0,0.0,0.75,0.0,0.25,0.75,0.75,1.0,0.0,1.0,1.0,1.0,0.75,0.25,0.83,0.33,0.67,0.0,0.83,0.83,0.67,0.75,0.75,0.0,0.75,0.25,0.75,0.0,0.5
5899,0.0,1.0,1.0,0.0,0.0,0.75,0.25,0.25,0.75,0.25,0.0,1.0,0.75,1.0,0.0,0.0,1.0,0.0,0.75,1.0,0.0,0.25,1.0,1.0,0.0,1.0,0.75,1.0,1.0,0.75,1.0,0.75,0.0,0.75,1.0,0.0,1.0,0.25,0.75,0.25,1.0,1.0,1.0,0.75,0.75,0.75,0.75,1.0,0.0,0.75,0.75,0.25,0.75,0.25,1.0,0.0,0.75,1.0,0.75,0.75,1.0,0.83,0.67,1.0,0.67,0.67,0.33,0.75,0.75,0.75,0.75,0.5,0.75,0.5,0.5
9268,0.75,0.75,1.0,0.75,0.75,0.0,1.0,0.75,0.0,0.0,1.0,0.25,1.0,0.75,0.0,0.0,1.0,0.0,1.0,0.25,0.0,0.0,0.25,1.0,0.0,0.0,0.0,1.0,0.75,1.0,0.0,1.0,0.0,1.0,1.0,1.0,1.0,0.25,1.0,0.25,0.0,1.0,0.75,0.0,1.0,0.75,0.75,1.0,0.0,0.0,1.0,0.25,0.0,1.0,0.0,0.0,0.0,0.0,0.0,0.75,0.5,0.67,0.33,0.0,0.67,0.83,0.0,0.5,0.75,0.5,0.25,1.0,0.75,0.75,1.0
10160,1.0,0.75,1.0,0.0,0.0,0.0,0.0,0.0,0.0,1.0,0.75,1.0,0.75,1.0,0.0,1.0,1.0,0.0,1.0,1.0,0.0,0.75,0.0,1.0,0.75,0.0,0.0,0.25,1.0,1.0,0.0,1.0,0.0,1.0,0.75,1.0,1.0,1.0,0.0,1.0,1.0,1.0,1.0,1.0,1.0,1.0,1.0,1.0,0.0,0.75,1.0,1.0,1.0,1.0,1.0,0.0,1.0,0.0,1.0,0.0,1.0,1.0,0.0,0.0,1.0,0.33,0.33,0.5,1.0,0.5,1.0,1.0,1.0,1.0,1.0
10641,1.0,1.0,0.0,0.0,1.0,1.0,1.0,1.0,1.0,0.0,1.0,0.25,1.0,1.0,1.0,1.0,0.0,1.0,1.0,1.0,1.0,1.0,0.0,0.0,1.0,1.0,1.0,1.0,0.0,0.0,1.0,0.0,1.0,0.0,0.0,0.0,1.0,1.0,0.75,1.0,1.0,1.0,1.0,1.0,0.75,1.0,1.0,0.0,1.0,0.25,0.0,0.75,1.0,0.75,0.0,1.0,0.25,1.0,0.0,0.0,0.67,0.0,1.0,0.0,0.67,0.17,1.0,1.0,1.0,0.25,1.0,0.0,0.25,0.0,1.0
12453,1.0,0.0,0.25,0.0,0.0,0.0,0.0,0.0,0.0,1.0,1.0,1.0,0.0,0.0,0.0,1.0,0.0,0.0,0.0,1.0,0.0,0.0,1.0,0.0,0.0,1.0,0.0,0.0,1.0,0.0,0.0,0.0,0.0,1.0,0.0,1.0,0.25,1.0,1.0,0.0,1.0,0.0,1.0,0.0,1.0,1.0,1.0,1.0,0.0,1.0,1.0,1.0,1.0,0.0,0.0,1.0,1.0,0.0,1.0,1.0,1.0,1.0,1.0,0.17,0.0,0.0,1.0,1.0,1.0,1.0,1.0,0.0,1.0,1.0,0.0
15191,1.0,0.75,1.0,0.25,0.75,0.75,1.0,0.75,0.25,0.0,1.0,1.0,0.75,1.0,0.75,1.0,0.0,1.0,0.25,1.0,1.0,1.0,0.25,1.0,0.75,0.75,1.0,0.75,1.0,0.25,1.0,0.25,1.0,1.0,0.75,0.0,0.75,0.75,0.25,1.0,1.0,1.0,1.0,0.75,1.0,1.0,0.75,0.75,1.0,0.25,0.0,1.0,1.0,0.75,0.0,1.0,1.0,1.0,0.0,0.0,0.67,1.0,0.33,0.0,1.0,0.17,0.83,0.75,1.0,0.25,0.5,0.5,0.75,0.0,0.75
17215,0.75,0.0,1.0,0.0,0.0,0.0,0.0,0.0,1.0,1.0,0.0,0.0,1.0,0.0,0.0,0.75,1.0,0.0,0.0,1.0,0.0,1.0,1.0,0.0,1.0,0.0,1.0,1.0,0.0,0.0,0.0,0.0,0.0,1.0,1.0,0.0,1.0,1.0,1.0,0.0,0.0,0.0,0.75,1.0,1.0,0.0,1.0,1.0,0.0,1.0,1.0,1.0,0.0,0.0,0.0,0.0,0.0,1.0,0.0,1.0,0.83,0.67,0.17,0.83,0.67,0.17,0.67,0.25,0.5,0.5,0.5,0.25,0.5,0.5,0.25
17409,0.0,1.0,0.75,0.0,0.25,1.0,0.75,0.25,0.25,0.0,0.0,0.25,0.75,1.0,0.75,0.75,0.0,0.75,0.25,0.25,0.0,1.0,0.0,0.75,1.0,1.0,1.0,1.0,0.75,0.0,1.0,0.0,1.0,0.0,0.25,0.0,1.0,0.75,0.25,0.75,0.75,0.75,1.0,0.75,0.0,0.75,1.0,0.0,0.0,0.0,0.25,0.25,0.75,1.0,0.0,0.75,0.0,1.0,0.0,0.25,0.83,0.17,0.83,0.67,0.0,0.17,1.0,1.0,0.75,0.25,1.0,0.0,0.5,0.5,0.75
17872,1.0,0.0,1.0,0.0,0.0,0.25,0.75,0.75,1.0,0.25,0.75,0.0,0.0,0.75,0.0,0.75,0.25,0.75,0.75,0.75,0.75,1.0,1.0,1.0,0.0,1.0,0.25,0.75,0.0,0.25,0.25,0.75,0.25,0.25,0.75,0.75,1.0,0.0,0.25,0.25,1.0,1.0,0.75,1.0,1.0,0.75,0.75,1.0,0.25,0.75,0.75,0.75,0.25,0.25,0.25,1.0,0.75,1.0,0.25,0.25,1.0,0.17,0.83,0.17,0.83,0.17,0.83,0.75,0.75,0.5,0.75,0.5,0.75,0.25,0.5
18433,0.0,0.25,1.0,0.0,0.0,0.75,0.75,0.25,0.25,0.25,0.25,0.25,0.25,0.75,0.0,0.25,0.25,0.0,1.0,1.0,0.0,0.75,0.75,0.75,0.25,0.25,1.0,1.0,1.0,0.25,0.25,1.0,0.0,0.75,0.25,1.0,1.0,0.25,0.75,0.75,0.75,0.75,1.0,0.75,0.25,0.25,0.25,0.75,0.0,0.25,0.75,0.0,0.75,0.0,0.75,0.0,0.25,0.75,0.25,0.25,0.83,0.83,0.67,0.67,0.67,0.67,0.67,0.75,1.0,0.75,0.5,0.5,0.75,0.75,0.25
18465,0.75,0.75,0.75,0.25,0.75,0.25,1.0,0.0,0.75,0.0,0.75,0.0,1.0,0.0,0.0,0.25,1.0,0.0,0.25,0.75,0.0,0.25,0.75,0.75,0.75,0.25,0.0,0.75,1.0,1.0,0.0,0.75,0.0,1.0,0.75,0.75,0.75,0.25,0.25,0.25,0.0,0.0,0.0,0.75,0.75,0.75,0.75,0.0,0.0,0.75,0.25,0.25,0.75,0.25,0.25,0.25,0.25,0.75,0.25,0.75,0.67,0.83,0.17,0.67,0.67,0.83,0.17,0.5,1.0,0.5,0.5,0.5,0.5,0.25,0.0
19274,1.0,0.0,1.0,0.75,0.0,0.75,0.0,0.0,1.0,1.0,0.75,0.25,1.0,0.75,0.0,1.0,1.0,0.0,0.75,0.75,0.0,1.0,1.0,1.0,0.0,0.75,0.25,1.0,0.75,0.25,0.0,1.0,0.0,1.0,0.0,1.0,1.0,0.75,0.25,0.25,0.75,0.75,1.0,1.0,0.0,0.25,0.25,0.25,0.0,1.0,1.0,0.0,1.0,0.25,1.0,0.0,1.0,0.25,1.0,1.0,0.83,1.0,0.5,0.5,0.33,0.5,0.33,0.25,0.5,0.5,0.5,0.5,0.75,1.0,0.5
19775,0.75,0.0,0.75,0.0,0.0,0.0,0.75,1.0,0.75,0.25,0.75,0.0,0.75,0.75,0.0,0.25,1.0,0.75,0.75,0.75,0.0,0.0,0.0,1.0,0.0,0.75,0.75,1.0,0.25,0.25,1.0,0.75,0.25,0.0,0.0,0.0,0.75,1.0,0.0,1.0,1.0,1.0,1.0,1.0,0.75,1.0,1.0,1.0,0.0,0.25,0.25,1.0,1.0,0.0,0.0,1.0,0.75,1.0,0.25,0.0,0.83,0.83,0.83,0.0,0.83,0.67,1.0,0.0,1.0,0.25,0.75,0.25,0.75,0.5,0.5
20702,0.0,1.0,1.0,0.0,1.0,1.0,0.0,0.75,0.75,1.0,0.0,0.25,0.75,0.75,0.75,0.25,0.25,1.0,1.0,1.0,0.0,1.0,0.75,1.0,1.0,0.25,0.75,1.0,1.0,0.25,0.75,0.75,0.0,0.75,0.0,0.0,1.0,0.0,0.25,1.0,1.0,0.0,1.0,0.75,0.0,0.0,0.75,1.0,0.0,1.0,0.0,0.0,0.0,1.0,0.25,0.0,0.0,1.0,0.25,1.0,0.0,0.0,0.83,0.17,0.0,0.17,1.0,0.75,0.75,0.75,0.75,0.25,0.25,0.25,0.75
21631,0.75,1.0,0.25,0.25,1.0,0.75,1.0,0.75,0.25,0.25,0.75,0.75,0.25,1.0,1.0,1.0,0.0,1.0,1.0,0.75,1.0,1.0,0.75,0.25,0.25,0.75,0.75,0.75,0.25,0.25,1.0,0.25,1.0,0.25,1.0,0.75,1.0,0.75,0.75,0.75,0.25,1.0,1.0,1.0,0.75,1.0,1.0,0.25,1.0,0.75,0.25,1.0,0.0,0.25,0.0,1.0,0.75,1.0,0.0,0.25,0.67,0.67,0.83,0.0,1.0,0.0,1.0,1.0,1.0,1.0,1.0,0.0,0.75,0.25,1.0
21847,1.0,0.25,0.75,0.25,0.25,0.0,0.0,0.0,0.25,1.0,0.75,0.25,0.75,0.0,0.0,0.75,1.0,0.0,0.25,0.75,0.0,0.75,0.75,1.0,0.0,0.0,0.25,0.25,1.0,1.0,0.75,1.0,0.0,1.0,0.25,1.0,0.25,0.0,0.75,0.25,0.75,0.0,0.0,0.25,1.0,0.75,0.75,1.0,0.0,1.0,0.75,0.0,0.0,0.25,1.0,0.0,1.0,0.0,1.0,1.0,0.17,1.0,0.0,0.67,0.83,1.0,0.0,0.0,0.75,0.25,0.25,1.0,1.0,0.75,0.0
25622,1.0,0.25,0.75,1.0,0.0,0.25,0.25,0.75,0.0,0.25,1.0,0.0,0.25,0.75,0.0,0.0,1.0,0.0,0.0,1.0,0.25,0.0,0.25,0.0,0.0,0.0,0.0,0.75,0.75,0.75,0.0,1.0,0.0,0.25,0.75,1.0,0.0,0.0,1.0,0.0,0.25,0.25,0.75,0.75,1.0,1.0,0.75,0.25,0.0,0.25,1.0,1.0,1.0,0.0,0.0,0.75,0.75,0.25,0.25,0.0,1.0,1.0,0.17,0.17,0.83,0.83,0.17,0.25,0.75,0.25,0.5,0.5,0.75,0.75,0.5
29012,0.75,0.0,1.0,0.0,0.0,0.0,0.0,0.0,0.75,1.0,0.25,0.25,0.75,0.75,0.0,0.0,1.0,0.0,0.75,0.0,0.0,0.0,0.25,1.0,0.0,1.0,0.0,0.25,1.0,1.0,0.25,0.75,0.0,0.25,1.0,1.0,0.0,0.75,0.75,1.0,0.0,0.0,0.75,0.75,0.75,0.0,0.75,1.0,0.0,1.0,0.75,0.0,0.0,1.0,1.0,0.0,0.75,0.75,1.0,1.0,0.83,0.67,0.17,1.0,0.67,0.33,0.17,0.0,0.75,0.25,0.0,0.5,0.25,0.25,0.0
30499,1.0,1.0,0.25,0.0,1.0,1.0,0.0,0.0,0.75,0.0,1.0,0.75,0.0,1.0,1.0,0.75,0.0,1.0,1.0,0.0,1.0,1.0,0.0,1.0,0.0,0.75,1.0,1.0,0.0,0.0,0.75,0.0,1.0,0.0,0.0,1.0,0.75,0.0,0.0,1.0,1.0,1.0,0.0,1.0,0.0,0.0,0.75,0.0,0.25,0.75,0.0,0.75,0.75,0.25,0.0,0.75,0.0,1.0,0.0,0.0,0.17,0.0,1.0,0.0,0.5,0.17,1.0,0.75,0.75,0.25,0.5,0.0,0.5,0.5,0.5
30520,0.75,1.0,1.0,1.0,1.0,1.0,0.25,0.75,0.75,0.25,1.0,0.25,0.75,0.75,0.75,0.75,0.25,1.0,0.25,0.25,0.0,0.0,0.25,1.0,0.0,0.25,1.0,1.0,0.75,0.75,0.25,0.75,0.75,0.25,0.75,0.0,0.75,0.25,0.25,0.25,0.25,0.75,0.75,0.75,0.75,1.0,1.0,0.25,0.75,0.25,0.75,1.0,1.0,1.0,0.0,1.0,1.0,1.0,0.0,0.0,0.67,0.5,0.83,0.17,0.67,0.17,0.83,0.75,1.0,0.25,0.75,0.25,0.75,0.75,0.75
30626,0.75,0.25,0.25,0.25,1.0,1.0,0.25,1.0,0.0,0.0,1.0,1.0,0.0,1.0,0.25,0.75,0.25,0.25,1.0,1.0,1.0,1.0,0.25,1.0,1.0,1.0,1.0,0.75,0.0,0.75,0.75,0.75,0.75,0.75,1.0,0.25,1.0,0.75,0.25,0.25,0.75,0.75,0.75,0.75,1.0,1.0,0.75,0.25,0.75,0.25,0.25,0.25,0.25,0.25,0.0,0.75,0.25,1.0,0.0,0.0,0.83,0.17,1.0,0.0,0.67,0.17,1.0,0.5,0.75,0.75,0.75,0.5,0.5,0.5,0.75
31296,0.0,1.0,0.75,0.0,0.0,0.75,0.0,0.0,0.0,0.0,1.0,0.25,0.75,1.0,0.0,0.75,0.0,1.0,1.0,1.0,0.0,1.0,0.25,1.0,1.0,0.75,0.75,1.0,1.0,0.25,0.75,0.25,0.0,1.0,0.25,1.0,0.75,0.25,0.0,0.75,0.75,0.75,0.75,1.0,0.25,1.0,1.0,0.0,0.0,0.75,1.0,1.0,1.0,1.0,0.25,0.0,0.75,1.0,0.0,0.0,1.0,0.33,0.0,0.83,0.67,0.0,1.0,0.75,1.0,0.25,1.0,0.25,0.5,0.5,0.75
33074,0.75,0.75,0.25,0.75,1.0,0.75,0.75,1.0,0.25,0.0,0.75,0.75,0.25,0.75,0.75,1.0,0.0,1.0,0.25,0.75,0.75,1.0,0.25,1.0,0.75,0.75,1.0,0.25,1.0,0.75,1.0,0.75,0.75,0.25,1.0,0.25,1.0,0.25,1.0,0.75,1.0,0.75,1.0,1.0,1.0,0.75,1.0,0.25,0.75,0.75,0.25,0.25,0.75,1.0,0.0,0.75,0.75,1.0,0.0,0.25,0.83,0.67,1.0,0.5,0.67,0.0,1.0,0.75,0.75,0.5,0.75,0.25,0.5,0.0,0.75
35160,0.75,0.25,1.0,0.75,0.25,0.0,0.75,0.0,0.0,0.0,0.75,0.0,1.0,0.75,0.25,0.75,0.25,0.25,0.75,0.75,0.75,0.75,0.75,1.0,0.0,0.25,0.0,1.0,0.75,0.0,0.75,0.25,0.25,0.0,1.0,1.0,0.75,0.75,0.25,0.25,1.0,0.25,1.0,1.0,0.75,0.75,1.0,0.75,0.75,0.75,0.75,0.75,0.0,1.0,0.0,0.0,0.0,0.25,0.0,0.0,0.67,0.33,0.67,0.0,0.83,0.0,0.83,0.5,0.5,0.75,0.75,0.25,0.5,0.5,0.5
39221,1.0,0.25,1.0,0.75,0.75,0.25,0.25,0.75,0.75,0.75,0.75,0.75,1.0,0.75,0.25,0.75,0.75,1.0,0.75,1.0,0.25,0.75,0.0,1.0,0.0,0.25,0.25,0.25,0.75,0.25,0.25,0.25,1.0,1.0,0.75,1.0,1.0,0.75,0.25,1.0,1.0,1.0,0.75,0.75,1.0,1.0,1.0,1.0,0.25,0.25,0.75,1.0,1.0,1.0,0.0,1.0,0.75,0.75,0.0,0.25,0.17,1.0,0.67,0.0,1.0,0.33,0.33,0.25,1.0,0.25,0.5,0.25,0.5,0.5,0.5
42509,0.25,1.0,1.0,1.0,1.0,0.0,1.0,1.0,1.0,0.0,0.0,0.75,0.0,0.25,0.0,0.0,0.0,0.0,0.0,0.75,0.75,1.0,0.0,1.0,0.0,1.0,1.0,1.0,0.0,1.0,1.0,0.0,0.25,0.0,0.25,0.0,1.0,0.25,0.0,1.0,1.0,1.0,1.0,1.0,1.0,0.0,1.0,0.0,0.0,0.0,0.75,0.0,0.0,1.0,0.0,0.0,0.0,1.0,0.0,0.75,0.17,0.67,0.67,0.17,0.83,0.33,1.0,0.75,0.75,0.75,1.0,0.0,0.75,0.5,0.5
44546,0.25,0.75,1.0,0.25,0.25,0.75,0.75,0.0,0.75,0.75,0.75,0.75,0.75,0.75,0.0,0.75,1.0,0.0,0.0,0.75,0.0,1.0,1.0,1.0,1.0,0.75,0.0,1.0,0.75,0.25,1.0,1.0,0.0,0.75,0.75,1.0,0.25,0.0,0.0,0.0,1.0,0.25,0.75,1.0,1.0,0.75,1.0,1.0,0.0,1.0,0.25,0.25,0.0,0.75,1.0,0.0,0.75,1.0,0.75,0.75,1.0,0.67,0.33,0.17,0.67,1.0,0.5,0.0,0.75,0.5,0.75,0.5,1.0,0.5,0.25
45054,0.0,1.0,1.0,0.0,0.75,1.0,1.0,1.0,0.0,0.25,0.75,0.75,0.25,1.0,0.25,0.75,0.25,0.75,0.25,1.0,0.0,0.25,1.0,1.0,0.75,0.75,1.0,1.0,0.75,0.75,1.0,0.0,1.0,0.0,1.0,0.0,0.75,1.0,0.0,1.0,1.0,1.0,1.0,1.0,0.75,0.75,0.75,1.0,0.25,0.75,0.0,0.25,1.0,1.0,0.75,0.25,0.25,1.0,0.25,0.0,1.0,0.33,0.83,0.17,0.67,0.67,1.0,0.75,1.0,0.75,0.75,0.25,0.75,0.25,0.75
45497,0.0,0.75,1.0,0.0,1.0,0.25,0.0,0.25,0.0,1.0,1.0,0.0,0.75,0.75,0.25,0.25,0.0,0.0,0.75,1.0,0.0,0.25,0.75,1.0,0.25,0.75,0.75,1.0,0.0,0.75,0.25,0.75,0.75,1.0,0.0,1.0,1.0,0.75,0.0,0.0,1.0,0.25,0.0,1.0,1.0,0.75,0.25,1.0,0.0,0.75,0.0,0.0,0.0,1.0,0.0,0.75,0.25,0.75,0.0,1.0,0.0,0.83,0.67,0.17,0.83,0.0,0.5,0.75,1.0,0.5,0.5,0.75,0.5,0.25,0.5
45660,0.75,0.25,0.25,0.75,1.0,1.0,0.75,0.25,0.75,0.25,0.75,0.75,0.0,0.75,0.25,0.75,0.25,0.75,1.0,0.25,0.25,0.75,0.0,0.25,0.25,1.0,0.75,1.0,0.75,0.0,1.0,0.25,1.0,0.75,1.0,0.0,1.0,0.75,0.25,1.0,1.0,0.75,1.0,0.75,1.0,1.0,0.75,0.25,0.75,0.25,0.75,0.75,1.0,0.25,0.0,1.0,0.75,1.0,0.0,0.0,0.83,0.33,0.67,0.0,0.83,0.33,0.83,0.75,0.75,0.25,0.75,0.0,0.5,0.5,0.5
54593,0.0,0.75,1.0,0.0,1.0,0.75,1.0,0.75,0.0,0.0,0.75,0.0,0.75,0.25,0.0,0.25,1.0,0.0,1.0,1.0,0.0,1.0,0.75,1.0,0.25,0.25,0.25,1.0,1.0,0.75,1.0,0.0,0.25,0.75,1.0,0.0,0.25,1.0,0.25,1.0,1.0,1.0,0.75,1.0,0.75,1.0,0.75,0.75,0.0,1.0,0.25,0.75,0.75,0.75,0.25,0.25,0.75,0.75,0.0,0.75,0.17,0.67,0.17,0.0,0.67,0.83,0.67,0.25,1.0,0.75,1.0,0.0,0.75,0.5,0.0
56576,0.25,1.0,1.0,0.25,0.25,0.25,0.0,0.0,0.0,1.0,1.0,0.0,1.0,0.75,0.0,0.75,1.0,0.0,1.0,1.0,0.0,0.0,1.0,0.0,0.0,0.75,0.75,0.75,0.0,0.75,0.0,1.0,0.0,1.0,0.0,1.0,1.0,0.0,1.0,0.0,0.25,1.0,0.0,1.0,1.0,1.0,1.0,1.0,0.0,1.0,1.0,0.0,0.0,1.0,0.0,0.75,1.0,0.0,0.0,1.0,0.83,0.83,0.0,0.0,0.17,0.0,1.0,0.5,0.75,1.0,1.0,1.0,1.0,0.75,0.25
59271,0.25,0.75,0.0,0.75,1.0,1.0,0.75,1.0,0.0,0.0,1.0,0.25,0.0,1.0,1.0,1.0,0.75,1.0,1.0,1.0,0.0,1.0,0.0,1.0,1.0,1.0,1.0,1.0,0.75,1.0,1.0,1.0,0.0,0.0,0.25,0.0,1.0,1.0,1.0,0.25,0.75,0.75,0.0,1.0,1.0,1.0,1.0,0.0,0.75,0.75,0.0,1.0,1.0,0.75,0.0,1.0,1.0,1.0,0.0,0.0,1.0,0.0,1.0,0.0,0.5,0.17,1.0,1.0,0.75,0.25,1.0,0.0,0.75,0.0,0.75
60489,0.75,0.0,1.0,0.75,1.0,0.0,0.0,0.0,1.0,0.0,1.0,0.0,1.0,0.0,0.0,0.75,0.75,0.0,1.0,1.0,0.0,0.0,1.0,1.0,0.0,0.0,0.0,0.0,1.0,1.0,0.0,1.0,0.0,1.0,1.0,1.0,0.0,0.0,0.0,1.0,0.0,0.0,0.0,0.0,1.0,1.0,0.0,1.0,0.0,0.0,1.0,1.0,1.0,0.0,0.0,1.0,1.0,0.25,1.0,0.0,0.67,1.0,0.0,0.0,1.0,0.33,0.33,0.0,1.0,0.0,0.25,0.75,0.75,1.0,0.75
62104,0.0,0.0,0.0,0.0,0.0,0.25,0.0,1.0,0.0,0.75,0.75,1.0,0.75,1.0,0.25,1.0,0.0,0.75,0.0,1.0,0.0,1.0,1.0,1.0,0.0,0.25,1.0,1.0,0.75,0.25,0.75,1.0,0.0,0.75,0.25,1.0,1.0,0.25,0.75,0.0,0.0,1.0,1.0,0.75,0.75,0.75,1.0,1.0,0.0,1.0,0.75,0.0,0.0,1.0,0.0,0.25,0.75,0.75,0.25,0.75,0.83,0.67,0.33,0.83,1.0,0.33,0.83,0.5,1.0,0.75,1.0,1.0,1.0,0.5,0.5
64363,0.25,0.25,0.25,0.25,1.0,0.75,0.25,0.25,0.75,0.75,0.75,0.75,0.25,0.75,0.0,0.25,1.0,0.0,0.25,0.75,0.0,0.25,0.75,1.0,0.75,0.25,0.25,0.75,0.25,0.25,0.25,0.75,0.0,0.75,0.75,0.25,0.25,0.75,0.75,0.25,0.75,0.75,0.75,0.75,0.75,0.75,0.75,0.75,0.25,0.75,0.75,0.0,0.75,0.75,0.25,0.25,0.25,0.75,0.25,0.75,0.83,0.5,0.67,0.5,0.67,0.67,0.67,0.5,0.5,0.5,0.5,0.75,0.75,0.5,0.5
64422,1.0,0.0,1.0,0.0,0.0,0.0,0.25,0.0,1.0,1.0,0.0,0.25,1.0,0.0,0.0,0.25,1.0,0.0,0.0,0.75,0.0,0.0,1.0,0.0,0.0,0.0,0.0,0.75,0.75,1.0,0.0,1.0,0.0,1.0,0.25,1.0,0.25,0.0,0.0,0.75,0.75,0.25,0.25,0.75,0.75,0.75,1.0,1.0,0.0,1.0,1.0,0.0,0.0,0.0,1.0,0.0,1.0,0.0,1.0,1.0,0.67,1.0,0.0,0.83,0.67,1.0,0.17,0.0,0.5,0.5,0.75,0.75,0.75,0.75,0.25
65021,0.0,1.0,1.0,0.0,1.0,1.0,0.0,0.25,0.0,0.75,0.75,1.0,0.75,1.0,0.25,0.25,0.0,1.0,0.25,1.0,1.0,1.0,0.25,1.0,1.0,1.0,1.0,1.0,0.0,0.0,1.0,0.0,0.75,0.25,0.25,0.0,0.75,0.75,0.75,1.0,1.0,1.0,1.0,1.0,0.75,1.0,1.0,0.75,0.75,0.25,0.0,0.75,0.75,1.0,0.0,0.75,0.0,1.0,0.25,0.25,0.83,0.0,1.0,0.0,0.67,0.5,1.0,0.75,0.75,0.5,1.0,0.25,0.5,0.25,1.0
65394,0.0,1.0,1.0,0.0,1.0,1.0,1.0,0.0,0.0,0.0,0.25,0.25,0.0,1.0,1.0,0.75,0.0,1.0,0.75,1.0,1.0,1.0,1.0,1.0,0.75,0.25,0.0,1.0,1.0,0.0,1.0,1.0,0.0,0.0,0.75,0.25,1.0,1.0,0.0,1.0,1.0,1.0,0.25,1.0,1.0,0.75,1.0,0.0,0.0,1.0,0.0,1.0,1.0,1.0,0.0,1.0,1.0,1.0,0.0,0.0,0.83,0.67,0.67,0.5,0.5,0.67,1.0,1.0,1.0,0.5,1.0,0.5,0.5,0.25,0.75
66953,0.25,0.0,1.0,0.0,1.0,0.75,0.0,1.0,0.0,1.0,0.75,0.75,1.0,1.0,0.0,0.75,0.0,0.0,1.0,1.0,0.25,1.0,0.25,1.0,0.25,1.0,1.0,1.0,0.25,0.25,1.0,0.25,0.0,0.25,0.0,0.75,0.25,0.75,0.0,0.75,0.75,1.0,1.0,1.0,0.0,0.75,0.75,1.0,0.0,0.75,0.0,0.0,0.0,1.0,0.0,0.0,0.0,1.0,0.0,0.0,0.0,0.83,0.17,0.0,0.5,0.33,1.0,0.75,1.0,0.75,0.25,0.25,0.75,0.25,0.75
69918,0.75,0.0,0.25,0.75,0.0,0.0,0.25,0.0,0.75,0.0,0.75,0.25,0.75,0.0,0.75,0.75,0.0,1.0,0.25,0.0,0.0,1.0,1.0,1.0,0.0,0.75,0.0,1.0,1.0,1.0,0.0,0.75,0.0,1.0,0.75,0.75,0.75,1.0,0.0,0.0,0.75,0.0,0.0,1.0,1.0,1.0,1.0,0.0,1.0,0.0,0.75,1.0,1.0,0.0,0.0,0.75,0.75,0.0,0.0,0.0,1.0,0.83,0.0,0.17,0.67,0.0,0.17,0.5,0.75,0.25,0.75,0.5,0.5,0.75,0.5
71001,0.0,1.0,1.0,0.0,0.0,0.75,0.0,0.25,0.0,0.0,0.75,0.0,1.0,0.75,0.0,0.0,1.0,0.0,0.75,1.0,0.0,0.0,1.0,1.0,0.0,0.25,1.0,1.0,1.0,0.75,0.75,0.0,0.0,1.0,0.0,0.0,1.0,0.75,1.0,0.25,0.75,1.0,1.0,1.0,1.0,1.0,1.0,1.0,0.0,0.75,0.0,1.0,1.0,1.0,1.0,0.75,0.0,0.75,0.0,0.0,0.83,0.5,0.83,1.0,0.17,0.67,0.83,0.5,0.75,0.5,0.5,0.5,0.5,0.0,0.5
71117,0.0,1.0,1.0,0.25,1.0,0.75,1.0,0.25,0.0,0.25,0.0,1.0,1.0,1.0,0.25,0.0,0.0,1.0,0.0,0.0,0.0,1.0,1.0,1.0,1.0,1.0,1.0,1.0,1.0,0.0,1.0,1.0,0.0,1.0,1.0,0.0,0.0,0.0,0.0,1.0,1.0,1.0,1.0,1.0,1.0,0.75,1.0,1.0,0.0,0.75,1.0,1.0,1.0,1.0,0.0,0.75,0.75,1.0,0.0,0.0,0.67,0.17,0.67,0.67,1.0,0.17,1.0,0.75,1.0,0.25,0.25,0.25,1.0,1.0,1.0
74346,1.0,1.0,1.0,0.0,1.0,0.0,0.0,0.0,1.0,1.0,1.0,0.0,1.0,1.0,0.0,0.0,1.0,0.0,1.0,1.0,0.0,1.0,1.0,1.0,0.0,0.0,0.0,1.0,1.0,0.0,0.25,1.0,0.0,1.0,0.0,1.0,0.75,1.0,0.0,1.0,1.0,1.0,0.25,1.0,0.25,0.25,0.0,1.0,0.0,1.0,0.0,0.0,0.0,0.75,1.0,0.0,0.25,0.0,1.0,1.0,0.83,0.83,0.67,0.17,0.67,1.0,1.0,0.5,0.5,0.25,0.75,0.5,0.75,0.25,0.0
82059,0.0,0.0,1.0,1.0,0.0,0.0,0.0,0.0,1.0,1.0,0.0,0.25,1.0,0.25,0.0,0.0,1.0,0.0,1.0,0.0,0.0,0.0,1.0,0.0,0.0,0.25,0.0,0.75,0.0,0.0,0.0,1.0,0.0,1.0,0.0,1.0,1.0,0.75,1.0,0.25,0.75,0.0,0.75,0.25,1.0,0.25,0.0,1.0,0.0,1.0,0.75,0.0,0.0,0.75,1.0,0.0,0.0,0.0,1.0,1.0,0.17,0.83,0.33,1.0,0.83,1.0,0.17,0.0,0.75,0.75,0.5,1.0,0.75,0.5,0.0
83444,0.75,1.0,0.25,0.25,1.0,1.0,0.75,0.75,0.0,0.0,0.75,0.75,0.0,1.0,0.75,0.25,0.0,1.0,0.75,0.75,0.25,1.0,0.25,0.25,1.0,0.75,1.0,1.0,0.0,0.25,1.0,0.75,0.75,0.0,0.75,0.0,0.75,0.75,0.75,0.75,1.0,0.75,1.0,1.0,0.75,1.0,1.0,0.25,1.0,0.75,0.25,0.25,0.25,1.0,0.0,1.0,0.25,1.0,0.0,0.25,0.83,0.0,0.83,0.0,0.33,0.33,0.83,0.5,1.0,0.5,0.75,0.25,0.5,0.25,0.5
86668,1.0,0.25,0.0,0.0,0.0,0.0,0.75,0.0,0.25,0.25,0.25,0.25,0.75,1.0,0.0,0.25,0.75,0.0,0.0,0.25,0.0,0.75,0.75,1.0,0.75,0.25,0.0,1.0,1.0,1.0,0.0,1.0,0.0,1.0,1.0,1.0,0.75,0.0,0.25,0.25,0.75,0.25,0.25,0.75,1.0,0.25,0.75,1.0,0.0,0.75,0.75,0.25,0.75,1.0,0.25,0.75,1.0,0.75,0.25,0.25,1.0,1.0,0.0,0.67,0.83,0.83,0.33,0.25,0.75,0.5,0.75,0.75,0.5,0.75,0.5
86839,1.0,1.0,1.0,0.0,1.0,1.0,1.0,1.0,0.0,0.0,1.0,0.0,1.0,1.0,0.25,0.0,1.0,0.0,1.0,1.0,0.0,0.0,1.0,1.0,1.0,0.0,1.0,1.0,0.0,0.0,1.0,1.0,1.0,0.0,1.0,1.0,1.0,1.0,0.0,1.0,1.0,1.0,1.0,1.0,1.0,1.0,1.0,0.0,0.0,0.0,1.0,1.0,1.0,0.0,0.0,1.0,1.0,1.0,0.0,0.0,1.0,1.0,1.0,0.0,1.0,0.0,1.0,1.0,1.0,0.0,1.0,0.0,1.0,1.0,1.0
91026,0.0,1.0,0.75,0.0,1.0,1.0,0.75,1.0,0.25,0.0,0.75,0.25,0.25,1.0,0.75,0.25,0.0,1.0,0.75,1.0,0.75,1.0,0.0,0.75,0.75,0.75,0.75,1.0,1.0,0.75,1.0,0.0,1.0,0.0,0.75,0.0,1.0,0.75,0.0,0.75,1.0,1.0,0.75,1.0,0.25,0.25,1.0,0.0,0.75,0.75,0.25,0.75,1.0,0.25,0.0,1.0,0.25,1.0,0.0,0.0,0.67,0.67,0.5,0.0,0.17,0.33,1.0,0.75,0.75,0.5,1.0,0.0,0.5,0.5,0.75
91389,1.0,1.0,0.25,0.25,1.0,1.0,0.0,1.0,0.0,0.25,0.75,0.75,0.25,1.0,0.25,0.25,0.25,1.0,1.0,0.75,1.0,1.0,0.0,1.0,1.0,0.0,1.0,1.0,0.25,0.25,0.75,0.0,1.0,0.0,0.0,0.0,1.0,0.75,0.75,1.0,1.0,1.0,1.0,1.0,0.25,0.75,1.0,0.0,0.75,0.25,0.0,1.0,0.25,1.0,0.0,1.0,1.0,1.0,0.0,0.25,0.33,0.0,1.0,0.83,0.17,0.33,1.0,0.75,0.5,0.5,0.75,0.0,0.5,0.25,0.5
91729,0.75,0.75,1.0,0.25,0.75,1.0,0.0,0.75,0.75,0.25,0.75,0.75,0.75,1.0,0.25,0.75,0.25,0.75,1.0,1.0,1.0,1.0,0.25,1.0,0.75,0.25,0.75,0.25,0.75,0.0,0.75,0.25,1.0,0.25,0.75,0.0,0.75,0.75,0.0,0.75,1.0,0.75,1.0,0.75,0.75,0.75,0.75,0.0,0.25,0.75,0.25,0.25,1.0,0.75,0.0,0.75,0.75,0.75,0.0,0.25,0.5,0.67,0.5,0.0,0.83,0.17,0.5,0.75,0.75,0.75,0.75,0.5,0.5,0.25,0.75
91922,0.75,0.75,0.75,0.25,0.75,1.0,0.75,1.0,0.25,0.25,0.75,0.75,0.25,0.25,1.0,0.75,0.25,1.0,1.0,1.0,0.75,1.0,0.25,1.0,0.75,0.25,0.75,0.75,0.25,0.75,0.25,0.0,0.75,0.25,1.0,0.75,0.25,0.75,0.25,0.25,0.75,1.0,0.75,1.0,1.0,0.75,0.75,1.0,1.0,0.75,0.75,1.0,1.0,0.75,0.0,1.0,0.25,1.0,0.0,0.25,0.0,0.67,0.83,0.67,0.67,0.17,0.67,0.25,0.75,0.0,1.0,0.0,0.5,0.75,0.5
93706,0.0,0.25,1.0,0.0,0.75,1.0,0.0,0.75,0.75,0.0,0.75,0.0,0.25,0.25,0.0,0.0,0.25,0.0,0.25,0.75,0.0,1.0,0.25,1.0,1.0,1.0,0.75,0.75,0.75,0.0,0.25,0.0,0.75,0.75,0.25,0.0,1.0,1.0,1.0,0.75,1.0,0.75,0.75,1.0,0.25,0.75,0.75,0.25,0.0,0.75,0.25,0.25,0.75,0.0,0.25,0.25,0.25,1.0,0.0,0.0,0.5,0.5,0.67,0.33,0.33,0.17,0.83,0.5,0.5,0.5,0.5,0.5,0.5,0.5,0.5
94875,0.0,0.75,1.0,0.25,1.0,1.0,0.0,1.0,0.0,0.25,1.0,1.0,0.75,1.0,0.25,0.75,0.0,0.75,1.0,1.0,1.0,1.0,1.0,1.0,1.0,0.25,1.0,1.0,0.25,0.75,1.0,0.0,0.0,0.75,0.75,0.0,0.75,1.0,0.0,1.0,1.0,0.75,1.0,1.0,0.25,0.75,1.0,0.75,0.75,1.0,0.25,0.75,0.0,0.75,0.0,0.75,0.75,1.0,0.0,0.25,0.17,0.17,0.67,0.0,0.67,0.0,0.83,1.0,0.75,0.75,1.0,0.0,0.25,0.0,0.5
95844,0.75,0.75,1.0,1.0,1.0,0.75,0.25,1.0,0.75,0.25,0.75,0.25,0.75,0.75,0.0,0.75,0.25,0.0,0.0,1.0,0.0,1.0,0.25,1.0,0.25,0.75,1.0,1.0,1.0,0.25,1.0,0.75,0.75,0.0,0.25,0.25,1.0,0.75,0.75,0.75,0.75,1.0,0.75,0.75,1.0,0.75,1.0,0.75,0.0,0.75,1.0,0.75,0.75,0.75,0.75,0.75,0.25,1.0,0.75,0.75,1.0,0.83,1.0,1.0,0.83,0.67,0.83,0.75,0.75,0.5,0.75,0.5,0.75,1.0,0.75
96406,0.0,0.0,1.0,0.0,1.0,0.75,0.0,0.0,0.0,1.0,0.25,0.0,0.0,1.0,0.0,0.0,1.0,0.0,0.0,0.0,0.0,0.0,0.75,0.75,0.75,0.75,0.75,1.0,1.0,0.0,0.0,1.0,0.0,1.0,0.0,0.75,0.75,0.0,0.0,0.0,0.25,0.75,1.0,1.0,0.0,1.0,0.0,1.0,0.0,0.75,1.0,0.0,1.0,1.0,1.0,0.0,1.0,0.0,1.0,1.0,0.0,1.0,0.0,1.0,0.17,0.83,0.0,0.0,0.75,0.75,0.5,0.75,0.75,0.75,0.25
98291,0.25,0.25,0.25,0.0,0.0,0.0,0.75,0.0,0.75,0.75,0.25,0.75,0.75,0.75,0.0,0.25,1.0,0.25,0.0,0.75,0.0,0.75,0.0,0.25,0.75,0.25,0.25,0.75,0.0,0.75,0.75,0.75,0.25,0.75,1.0,0.75,0.25,0.75,1.0,0.0,0.25,0.25,0.75,0.75,0.75,1.0,0.25,0.25,0.0,0.25,0.0,0.25,0.75,0.75,0.75,0.75,0.75,0.75,0.25,0.25,0.83,0.83,0.17,0.83,0.33,0.67,0.17,0.25,0.25,0.5,0.75,0.75,0.5,0.75,0.5
99471,0.75,0.75,1.0,0.25,1.0,1.0,0.0,0.0,0.75,0.25,0.75,0.75,0.25,1.0,1.0,0.75,0.0,1.0,0.75,0.25,0.75,1.0,0.25,1.0,1.0,0.75,1.0,1.0,0.25,0.25,0.75,0.0,0.75,1.0,0.75,0.0,0.75,0.75,0.25,1.0,0.75,1.0,0.75,1.0,0.25,0.75,1.0,0.25,0.25,0.25,0.0,1.0,0.0,1.0,0.0,1.0,0.75,1.0,0.0,0.0,1.0,0.5,0.83,0.17,0.5,0.33,0.83,0.75,1.0,0.5,0.75,0.25,0.5,0.5,0.75
103330,0.25,0.75,0.25,0.75,0.75,1.0,0.25,0.75,0.25,0.25,0.75,0.75,0.25,0.75,0.75,0.75,0.25,0.75,0.75,1.0,0.75,1.0,0.25,0.75,1.0,0.25,1.0,0.75,0.75,0.75,0.75,0.25,0.75,0.75,0.75,0.25,0.75,0.25,0.25,0.75,0.75,0.75,0.75,0.75,0.75,0.75,0.75,0.25,0.25,0.25,0.25,0.75,0.75,0.75,0.25,0.75,0.75,0.75,0.25,0.25,0.83,0.83,0.83,0.33,0.83,0.33,0.83,0.75,0.75,0.25,1.0,0.0,0.75,0.5,0.75
103938,0.0,0.0,1.0,0.0,0.25,0.25,0.75,0.25,0.25,1.0,0.25,0.75,0.25,0.25,0.0,0.75,0.25,0.0,0.0,0.25,0.25,0.25,0.75,0.25,0.75,0.75,0.25,1.0,0.75,0.0,1.0,0.75,0.0,1.0,0.75,0.25,0.75,0.25,0.75,0.25,1.0,0.75,0.25,0.75,0.75,0.75,0.75,0.75,0.0,0.25,1.0,0.75,0.0,1.0,0.0,0.25,1.0,0.75,0.25,0.75,0.83,0.67,0.17,0.33,0.83,0.67,0.17,0.75,0.75,0.25,0.75,0.75,1.0,1.0,0.75
105894,0.25,1.0,1.0,0.0,0.75,1.0,1.0,1.0,0.0,0.25,0.25,0.25,1.0,1.0,0.75,0.75,0.0,1.0,0.25,0.75,1.0,1.0,0.25,1.0,0.75,1.0,1.0,1.0,0.75,0.25,0.75,0.0,0.75,0.0,0.75,0.0,1.0,0.75,0.25,0.75,1.0,0.75,1.0,0.75,0.75,0.75,0.75,0.0,1.0,0.75,0.0,0.25,0.25,0.75,0.25,0.25,0.25,1.0,0.75,0.0,0.33,0.67,0.83,0.0,0.83,0.0,1.0,0.75,0.75,0.75,0.25,0.25,0.75,0.0,0.75
105954,1.0,0.25,0.75,0.25,0.75,1.0,0.0,1.0,0.0,1.0,1.0,0.25,0.0,1.0,0.0,1.0,0.0,0.25,1.0,1.0,0.0,1.0,0.25,1.0,0.75,0.75,1.0,1.0,0.75,0.75,1.0,0.75,0.25,0.0,1.0,0.0,0.25,0.75,1.0,1.0,0.75,0.25,1.0,1.0,0.25,0.25,0.75,0.25,1.0,0.25,1.0,0.75,1.0,0.0,0.75,0.75,0.75,1.0,0.25,0.25,1.0,0.67,0.17,0.17,0.33,0.67,0.17,0.25,0.75,0.75,1.0,0.25,0.5,1.0,0.25
106076,0.75,1.0,0.75,0.25,1.0,1.0,0.75,0.75,0.0,0.0,0.75,0.75,0.0,1.0,1.0,1.0,0.0,1.0,1.0,1.0,1.0,1.0,0.25,1.0,1.0,1.0,1.0,1.0,0.25,0.75,1.0,0.0,1.0,0.0,0.75,0.0,1.0,0.75,0.0,1.0,1.0,1.0,1.0,1.0,1.0,1.0,1.0,0.0,1.0,0.25,0.0,1.0,0.75,1.0,0.0,1.0,0.75,1.0,0.0,0.0,0.17,0.0,1.0,0.0,1.0,0.0,1.0,0.75,0.75,0.5,0.75,0.0,0.5,0.25,0.75
108274,0.0,1.0,1.0,0.0,1.0,0.25,1.0,1.0,0.75,0.75,1.0,0.25,1.0,1.0,0.75,1.0,0.0,1.0,0.75,0.75,0.0,0.75,0.75,1.0,0.25,0.0,0.75,0.75,0.75,0.75,1.0,0.75,0.75,1.0,0.75,0.25,0.75,0.25,0.75,0.75,0.75,1.0,1.0,1.0,1.0,1.0,0.75,0.0,0.75,0.25,0.75,0.75,1.0,1.0,0.0,0.75,0.75,1.0,0.0,0.0,0.83,1.0,0.83,0.33,0.83,0.5,0.83,0.75,1.0,0.25,0.75,0.5,0.75,0.75,1.0
111029,0.0,0.75,1.0,0.0,0.75,0.75,0.0,1.0,0.0,0.25,0.75,0.25,0.75,1.0,0.75,0.0,0.25,0.25,1.0,0.75,0.25,1.0,0.0,1.0,1.0,0.75,0.75,1.0,0.0,0.25,1.0,0.0,1.0,0.0,1.0,0.0,1.0,0.75,0.0,1.0,1.0,1.0,1.0,1.0,0.0,1.0,1.0,0.25,0.0,0.75,0.0,1.0,1.0,1.0,0.0,1.0,0.25,1.0,0.0,0.0,1.0,0.17,0.67,0.17,0.33,0.17,1.0,0.75,1.0,0.0,0.75,0.0,0.5,0.0,0.75
112047,1.0,1.0,1.0,0.75,0.25,1.0,0.0,1.0,1.0,1.0,1.0,0.0,1.0,1.0,0.0,0.0,1.0,0.0,0.0,0.0,0.0,0.0,0.0,1.0,0.0,1.0,0.0,1.0,0.0,0.25,0.0,1.0,0.0,0.75,0.75,1.0,0.75,0.75,0.75,0.0,0.0,0.25,0.25,0.75,0.0,0.75,0.75,0.75,0.0,0.75,1.0,0.25,0.25,1.0,1.0,0.75,0.25,0.75,0.75,0.75,0.0,0.33,0.33,1.0,0.0,0.5,0.5,0.5,0.5,1.0,0.5,0.5,0.75,1.0,0.5
117539,0.75,0.75,0.25,0.0,0.75,0.0,0.0,0.75,0.25,0.25,0.25,0.25,0.25,0.75,0.25,0.75,0.25,0.25,0.25,0.75,0.25,0.75,0.25,0.75,0.75,0.25,0.75,0.75,0.75,0.25,1.0,0.75,0.75,0.0,1.0,0.25,0.75,0.75,0.25,0.75,0.75,0.75,0.75,0.75,0.25,0.75,0.75,0.25,0.25,0.25,0.25,0.75,0.75,0.25,0.25,0.75,0.75,0.75,0.25,0.25,0.67,0.67,0.67,0.67,0.67,0.83,0.83,0.75,0.75,0.5,0.75,0.5,0.5,0.5,0.5
119328,0.75,0.75,1.0,0.0,0.75,0.75,0.75,1.0,0.0,0.0,0.0,0.75,0.75,1.0,0.0,0.75,0.75,0.0,0.75,1.0,0.75,1.0,0.0,1.0,1.0,0.25,0.0,1.0,1.0,0.0,0.75,0.75,0.75,0.75,0.75,0.0,0.75,1.0,0.75,0.75,0.75,1.0,0.75,0.75,1.0,1.0,0.75,0.75,0.0,0.25,0.25,1.0,1.0,0.0,0.0,1.0,0.75,0.75,0.0,0.0,1.0,0.83,1.0,0.17,0.83,0.33,0.83,0.75,0.75,0.25,0.75,0.75,0.75,0.75,0.75
120992,0.0,0.75,0.75,0.0,1.0,0.75,0.25,0.75,0.25,0.0,0.75,0.0,0.75,1.0,1.0,0.75,0.0,1.0,1.0,1.0,0.25,1.0,0.0,1.0,0.75,0.0,1.0,0.75,0.75,1.0,1.0,0.25,1.0,0.75,1.0,0.25,1.0,0.25,0.0,1.0,0.75,0.75,0.75,0.75,1.0,1.0,1.0,0.25,0.75,0.0,0.0,0.25,1.0,0.25,0.0,1.0,1.0,1.0,0.0,0.0,0.83,0.67,0.5,0.0,0.83,0.17,0.83,0.75,0.75,0.5,0.75,0.5,0.5,0.25,0.5
121210,0.75,0.75,0.25,0.25,1.0,1.0,0.0,1.0,0.25,0.0,0.75,0.75,0.0,1.0,1.0,1.0,0.0,1.0,0.75,0.25,0.75,1.0,0.0,0.75,1.0,1.0,1.0,1.0,0.25,0.25,1.0,0.0,1.0,0.0,0.75,0.0,1.0,1.0,0.0,0.75,0.75,0.75,1.0,1.0,0.75,1.0,0.75,0.0,0.25,0.0,0.0,0.75,0.75,0.75,0.0,1.0,0.75,1.0,0.0,0.0,0.33,0.17,0.67,0.17,0.83,0.0,1.0,1.0,1.0,0.25,0.75,0.0,0.0,0.25,1.0
122880,0.0,1.0,0.0,0.0,1.0,1.0,0.75,1.0,1.0,0.0,0.75,1.0,0.25,1.0,1.0,1.0,0.0,1.0,1.0,1.0,0.75,1.0,0.25,0.75,1.0,0.25,1.0,1.0,1.0,0.0,0.75,0.0,1.0,0.25,0.75,0.0,0.25,0.75,0.25,1.0,1.0,1.0,1.0,1.0,1.0,0.25,0.75,0.0,1.0,1.0,0.0,1.0,1.0,1.0,0.0,1.0,0.75,1.0,0.0,0.0,0.83,0.0,1.0,0.0,0.83,0.0,1.0,1.0,1.0,0.25,1.0,0.0,0.25,0.0,1.0
124064,1.0,0.25,0.75,1.0,0.0,0.0,0.0,0.0,1.0,0.75,0.75,0.0,1.0,0.25,0.0,0.0,1.0,0.0,0.75,1.0,0.0,0.75,1.0,0.75,0.0,0.0,0.0,0.0,0.75,1.0,0.0,1.0,0.0,1.0,1.0,1.0,0.75,0.0,1.0,0.0,0.0,0.0,0.0,0.0,1.0,0.25,0.0,1.0,0.0,1.0,0.75,0.0,0.0,0.75,1.0,0.0,1.0,0.0,0.75,1.0,0.17,1.0,0.0,0.0,0.67,0.83,0.0,0.0,0.25,0.5,0.5,0.75,0.5,0.5,0.25
125346,0.0,0.25,0.25,0.0,0.25,1.0,0.75,0.0,0.25,0.75,0.75,0.25,0.25,1.0,0.0,0.75,0.0,0.0,0.25,1.0,0.0,0.75,0.0,1.0,1.0,1.0,1.0,1.0,0.0,0.75,0.75,1.0,0.0,1.0,0.25,0.25,1.0,0.0,0.25,1.0,1.0,0.75,1.0,1.0,0.25,0.0,1.0,1.0,0.0,1.0,1.0,1.0,1.0,1.0,0.0,0.75,0.75,1.0,0.25,0.0,0.67,0.0,1.0,0.33,0.17,0.5,0.17,1.0,1.0,0.5,0.75,0.5,1.0,0.75,0.5
126757,0.25,0.75,1.0,0.0,0.75,0.25,0.0,0.0,0.25,0.0,1.0,1.0,0.25,0.75,0.75,0.25,0.25,1.0,0.75,0.25,1.0,1.0,0.25,1.0,0.75,0.75,1.0,0.75,0.75,0.75,1.0,0.25,0.25,0.75,0.75,0.25,0.75,0.75,0.25,0.75,0.75,0.75,0.75,0.75,0.75,0.75,1.0,0.0,0.0,0.25,0.75,1.0,1.0,0.0,0.0,1.0,0.75,1.0,0.0,0.0,0.67,0.67,0.83,0.33,0.33,0.17,0.83,0.75,0.75,0.75,0.75,0.25,0.75,0.75,0.75
129480,1.0,1.0,1.0,0.0,0.0,0.25,0.75,0.25,1.0,0.25,1.0,0.0,0.75,0.0,0.0,1.0,1.0,0.0,0.25,1.0,0.0,0.75,0.75,1.0,1.0,1.0,0.0,0.75,1.0,1.0,0.25,1.0,0.0,0.75,1.0,0.0,0.75,0.75,0.0,0.75,0.75,0.0,0.75,0.75,1.0,0.25,0.75,1.0,0.0,0.0,1.0,1.0,1.0,0.0,0.75,0.25,1.0,1.0,0.75,0.25,0.83,0.83,0.33,0.67,0.83,0.33,0.67,0.5,0.75,0.25,0.5,0.5,0.5,0.75,0.75
130119,0.25,0.75,1.0,0.0,1.0,0.75,0.0,0.75,0.75,0.25,0.0,0.75,0.0,0.75,0.75,1.0,0.75,1.0,0.25,1.0,0.75,1.0,0.25,1.0,1.0,0.25,1.0,1.0,0.25,0.25,1.0,0.75,0.75,0.75,0.75,0.75,1.0,1.0,0.25,0.75,0.25,0.0,0.75,0.75,1.0,1.0,1.0,0.0,0.25,0.75,0.25,0.75,0.0,0.75,0.25,1.0,0.75,1.0,0.0,0.25,0.67,0.83,0.33,0.0,1.0,0.0,1.0,0.75,1.0,0.75,0.75,0.75,0.75,0.25,1.0
132127,0.75,0.75,0.75,0.0,1.0,0.75,0.75,0.75,0.25,0.0,1.0,0.25,0.75,0.75,1.0,1.0,0.0,0.75,0.75,1.0,0.25,1.0,0.25,0.75,0.75,0.75,1.0,1.0,1.0,0.75,0.75,1.0,0.75,0.75,0.75,1.0,1.0,0.25,0.0,1.0,1.0,1.0,0.75,0.75,1.0,1.0,1.0,0.0,0.75,0.0,0.25,0.75,0.75,0.25,0.0,1.0,0.75,1.0,0.0,0.0,1.0,0.67,0.83,0.0,0.67,0.33,0.83,0.75,1.0,0.25,0.75,0.5,0.75,0.5,0.5
135110,1.0,1.0,0.0,0.0,0.0,1.0,0.0,1.0,1.0,0.25,1.0,1.0,1.0,1.0,1.0,1.0,0.75,1.0,1.0,1.0,0.0,0.0,0.0,1.0,1.0,1.0,1.0,1.0,0.0,1.0,1.0,0.0,0.25,1.0,1.0,0.0,0.25,1.0,1.0,1.0,1.0,1.0,1.0,1.0,0.0,1.0,1.0,0.0,0.0,0.25,0.0,1.0,1.0,0.0,0.0,1.0,1.0,1.0,0.0,0.0,1.0,0.5,0.83,0.0,0.5,0.0,1.0,0.75,0.5,0.25,0.75,0.25,0.75,0.25,0.75
136444,0.0,1.0,0.75,0.75,0.0,0.75,0.0,1.0,0.25,1.0,0.25,1.0,0.0,1.0,0.25,0.25,0.75,0.0,1.0,0.75,0.0,1.0,0.75,0.75,0.0,1.0,0.25,1.0,1.0,0.25,1.0,1.0,1.0,0.75,1.0,0.0,0.25,1.0,0.0,1.0,1.0,1.0,1.0,1.0,0.25,0.75,0.75,0.75,0.0,1.0,0.0,0.0,0.0,1.0,0.75,0.0,0.25,0.75,0.25,0.0,1.0,0.5,0.0,1.0,0.33,0.67,0.83,0.75,0.75,0.75,1.0,0.75,1.0,0.75,1.0
139175,0.0,1.0,1.0,0.0,1.0,1.0,0.75,1.0,0.25,0.75,1.0,0.25,0.75,1.0,0.75,0.75,0.0,1.0,0.75,0.75,1.0,1.0,0.25,0.75,0.75,0.75,1.0,1.0,0.75,0.0,1.0,0.0,0.75,0.25,0.75,0.0,1.0,0.25,0.0,1.0,1.0,1.0,1.0,1.0,0.75,1.0,1.0,0.0,0.25,0.75,0.0,0.25,0.75,0.25,0.0,1.0,0.75,1.0,0.0,0.0,0.83,0.33,0.83,0.33,0.33,0.33,0.83,1.0,1.0,0.25,1.0,0.25,0.5,0.0,0.75
140119,0.25,1.0,0.75,0.75,1.0,1.0,0.25,1.0,0.25,0.25,0.75,0.75,0.75,1.0,0.75,1.0,0.0,0.75,1.0,1.0,1.0,1.0,0.25,1.0,1.0,1.0,0.75,1.0,0.25,0.75,1.0,0.0,1.0,0.0,0.25,0.0,0.75,0.25,1.0,1.0,1.0,1.0,1.0,1.0,0.75,1.0,1.0,0.25,1.0,0.25,0.0,0.25,1.0,0.25,0.0,1.0,0.75,1.0,0.0,0.0,1.0,0.33,1.0,0.0,0.83,0.0,1.0,0.75,0.75,0.5,1.0,0.25,0.5,0.25,0.75
140898,1.0,0.0,1.0,0.25,0.0,0.25,0.75,0.0,1.0,0.0,0.75,0.0,0.75,0.25,0.0,1.0,1.0,0.0,1.0,1.0,0.0,1.0,1.0,1.0,0.0,0.0,0.75,0.0,0.75,1.0,0.0,1.0,0.0,0.75,0.75,1.0,0.75,0.0,0.75,0.25,0.0,0.75,0.25,0.0,1.0,0.25,1.0,1.0,0.0,0.25,0.75,0.75,1.0,0.75,1.0,0.0,1.0,0.25,0.75,0.75,1.0,1.0,0.0,0.17,0.67,0.83,0.17,0.25,0.5,0.5,0.5,0.5,0.75,0.5,0.5
141041,1.0,0.0,0.0,0.0,0.0,0.0,0.0,0.0,1.0,0.0,0.0,0.0,0.0,0.0,0.0,0.25,1.0,0.0,0.0,0.0,0.0,0.0,1.0,1.0,0.0,1.0,0.0,0.0,1.0,1.0,0.0,1.0,0.0,1.0,1.0,1.0,0.75,0.0,1.0,0.0,0.0,0.0,1.0,1.0,1.0,1.0,0.0,1.0,0.0,1.0,1.0,0.0,0.0,0.0,1.0,0.0,1.0,0.0,1.0,1.0,1.0,1.0,0.0,0.67,1.0,1.0,0.0,0.25,0.75,0.75,0.0,1.0,0.0,1.0,0.0
141057,0.0,1.0,1.0,0.0,1.0,1.0,1.0,0.25,0.0,0.0,0.0,1.0,0.25,1.0,1.0,1.0,0.0,1.0,1.0,1.0,1.0,1.0,0.0,1.0,1.0,1.0,1.0,1.0,0.0,0.0,1.0,0.0,1.0,0.0,0.25,0.0,0.75,1.0,0.0,1.0,1.0,1.0,1.0,1.0,0.0,0.25,1.0,0.0,1.0,0.0,0.0,1.0,1.0,1.0,0.0,1.0,0.0,1.0,0.0,0.0,0.0,0.0,1.0,0.0,0.33,0.0,1.0,1.0,1.0,0.25,0.75,0.0,0.25,0.25,0.75
141224,0.0,0.25,1.0,0.75,1.0,0.75,1.0,1.0,0.75,0.25,0.75,0.0,0.25,0.75,0.25,0.75,1.0,0.0,0.75,1.0,0.0,1.0,0.25,0.75,0.75,0.25,0.25,0.75,0.75,0.0,0.25,0.0,1.0,0.25,0.0,0.0,0.75,1.0,0.75,1.0,1.0,1.0,1.0,1.0,0.25,0.75,1.0,0.0,0.0,0.25,0.75,0.75,0.75,0.25,0.25,0.75,0.75,1.0,0.0,0.0,1.0,0.5,0.67,0.0,0.67,0.83,1.0,0.5,0.75,0.75,0.75,0.25,0.5,0.5,0.75
144926,1.0,0.0,0.0,1.0,0.25,0.25,0.75,1.0,1.0,0.0,0.75,0.25,0.75,0.75,0.75,0.75,0.25,0.75,1.0,0.75,0.0,1.0,0.75,1.0,0.75,0.0,0.25,0.25,0.75,0.25,0.25,0.75,1.0,0.75,1.0,0.0,1.0,0.75,0.0,1.0,0.75,0.75,1.0,0.75,1.0,0.25,0.75,0.0,0.0,0.25,0.75,0.75,1.0,1.0,0.0,1.0,0.75,1.0,0.0,0.0,1.0,1.0,0.83,0.67,0.83,0.5,0.67,0.5,0.75,0.25,0.75,0.5,0.5,0.5,0.5
148578,0.25,0.75,1.0,0.25,1.0,0.75,0.0,0.75,0.75,0.25,0.75,0.75,0.75,0.75,0.25,0.25,0.75,0.25,0.75,0.75,0.0,0.75,0.25,0.75,0.75,0.75,0.75,1.0,0.75,0.25,0.75,0.75,0.25,0.25,1.0,0.75,0.25,0.25,0.25,0.0,0.0,0.0,0.25,0.75,0.25,0.75,0.75,0.75,0.75,0.25,0.25,0.75,0.75,0.75,0.0,0.75,0.25,1.0,0.75,0.25,0.83,0.67,0.83,0.83,0.67,0.33,0.5,0.5,0.75,0.5,0.5,0.5,0.5,0.75,0.75
150640,0.0,1.0,1.0,0.25,1.0,0.75,0.75,1.0,0.75,0.25,0.75,0.75,0.75,0.75,0.75,0.75,0.25,1.0,1.0,0.0,0.75,1.0,0.25,1.0,0.75,0.25,1.0,1.0,0.25,0.25,1.0,0.25,1.0,0.25,0.25,0.0,0.75,0.75,0.0,0.75,0.75,0.75,0.75,0.75,0.0,0.25,0.75,0.75,1.0,0.25,0.25,0.75,0.0,0.75,0.25,0.75,0.25,0.75,0.25,0.25,0.83,0.17,0.67,0.17,0.5,0.17,0.83,0.5,0.75,0.5,0.75,0.25,0.25,0.25,0.5
150691,0.0,0.0,1.0,0.0,0.0,1.0,1.0,1.0,1.0,0.0,1.0,0.0,1.0,1.0,0.0,0.75,0.0,0.0,1.0,1.0,0.0,1.0,0.0,1.0,0.0,1.0,1.0,1.0,0.0,0.0,0.0,0.0,1.0,0.0,0.0,0.0,1.0,1.0,0.0,1.0,0.0,1.0,1.0,1.0,0.0,1.0,1.0,1.0,0.0,1.0,0.0,0.0,0.0,1.0,0.0,0.0,0.0,1.0,0.75,1.0,0.83,0.0,1.0,0.67,0.17,0.83,1.0,0.5,1.0,1.0,1.0,0.0,0.75,0.5,0.5
151161,0.25,1.0,1.0,0.0,0.75,1.0,0.75,0.0,0.0,0.0,1.0,0.25,0.0,0.75,1.0,0.75,0.0,0.25,1.0,1.0,0.75,1.0,0.0,1.0,0.75,0.25,0.75,0.75,0.0,0.25,1.0,0.0,0.75,0.75,0.75,0.25,1.0,0.0,0.0,0.25,0.25,0.25,1.0,0.75,1.0,1.0,0.0,0.0,1.0,0.25,0.25,1.0,0.75,0.75,0.0,1.0,0.75,0.75,0.0,0.0,0.33,0.67,0.83,0.17,1.0,0.33,0.5,1.0,1.0,0.5,1.0,0.5,0.5,0.5,0.5
151869,0.0,0.75,1.0,0.0,0.0,0.0,0.0,0.0,0.25,0.0,0.0,0.25,0.75,0.0,0.0,0.0,1.0,0.0,1.0,1.0,0.0,1.0,1.0,1.0,1.0,0.75,0.0,0.75,0.25,0.75,0.0,1.0,0.0,1.0,1.0,1.0,0.25,0.25,0.0,0.0,1.0,0.25,0.25,0.75,0.25,0.0,1.0,1.0,0.0,1.0,0.0,0.0,1.0,0.0,1.0,0.0,0.0,0.0,1.0,1.0,0.83,0.83,0.17,1.0,0.17,1.0,0.17,0.0,0.0,0.0,0.25,0.75,1.0,0.0,0.0
152734,0.25,0.75,0.25,0.0,0.25,0.75,0.25,0.75,0.25,0.25,0.25,0.25,0.75,0.75,0.25,0.75,0.25,0.0,0.25,0.25,0.75,1.0,0.25,1.0,1.0,0.75,0.75,0.75,0.75,0.25,1.0,0.75,0.25,0.75,0.75,0.75,0.75,0.25,0.25,0.25,0.75,0.75,0.75,0.75,0.75,0.75,0.75,0.25,0.0,0.25,0.25,0.25,0.25,0.75,0.75,0.25,0.25,0.75,0.0,0.25,0.67,0.5,0.67,0.33,0.5,0.67,0.67,0.5,0.5,0.5,0.75,0.75,0.75,0.5,0.5
153791,1.0,0.25,1.0,0.0,0.75,0.75,0.75,0.25,1.0,1.0,0.75,0.25,0.75,1.0,0.0,1.0,0.0,0.0,1.0,0.0,0.0,1.0,0.0,1.0,0.0,0.0,1.0,0.0,1.0,1.0,0.0,1.0,0.0,1.0,1.0,0.25,1.0,0.75,1.0,0.75,1.0,1.0,0.0,0.75,1.0,0.75,0.75,1.0,0.0,1.0,0.75,0.0,0.0,1.0,0.25,0.0,0.75,0.25,0.0,0.25,0.67,1.0,0.17,0.17,0.67,0.17,0.33,0.5,0.75,0.5,0.5,0.5,0.5,0.5,0.5
157152,0.75,0.75,0.25,0.75,0.75,0.75,0.75,0.0,0.75,0.0,0.75,0.75,0.25,0.75,0.75,0.75,0.25,0.75,0.75,0.75,0.75,1.0,0.25,0.25,0.75,0.25,0.75,0.25,1.0,0.25,0.25,0.25,0.75,0.25,0.75,0.75,0.75,0.75,0.0,0.25,0.25,0.75,0.0,0.25,1.0,0.75,0.25,0.25,0.75,0.0,0.0,0.75,0.75,0.0,0.0,0.75,0.75,0.75,0.0,0.0,0.83,0.83,0.67,0.17,1.0,0.33,0.67,0.5,0.75,0.25,0.75,0.25,0.75,0.5,0.5
160838,0.0,0.75,0.75,0.0,1.0,1.0,0.25,0.0,0.0,0.0,1.0,1.0,0.0,1.0,1.0,0.0,0.25,1.0,1.0,0.75,1.0,1.0,0.0,1.0,1.0,0.0,1.0,1.0,0.0,0.75,1.0,0.0,1.0,0.0,0.75,0.0,0.75,0.75,0.0,1.0,1.0,1.0,1.0,0.75,0.0,0.0,1.0,0.0,0.0,0.0,0.0,0.75,1.0,0.75,0.0,1.0,0.0,1.0,0.0,0.0,0.67,0.33,0.67,0.0,0.67,0.17,0.83,0.5,0.5,0.25,0.75,0.0,0.5,0.0,1.0
161351,0.25,0.75,1.0,0.0,0.25,0.75,0.0,0.25,0.25,0.0,0.0,0.75,0.25,0.75,0.0,0.75,0.0,1.0,0.75,0.75,0.25,0.75,0.0,1.0,0.0,0.25,1.0,1.0,0.25,0.0,1.0,0.75,0.75,0.0,0.25,0.0,1.0,0.75,0.0,1.0,0.75,1.0,1.0,0.75,0.75,0.75,1.0,0.75,0.0,0.0,1.0,0.75,0.75,0.75,0.25,0.75,0.0,1.0,0.25,0.0,0.67,0.17,0.83,0.0,0.5,0.83,1.0,0.75,0.5,0.5,0.75,0.5,0.75,0.75,0.5
161733,1.0,0.75,0.0,1.0,1.0,1.0,0.75,1.0,0.75,0.25,0.75,0.75,1.0,1.0,0.75,1.0,0.25,0.75,1.0,1.0,0.75,1.0,0.25,1.0,1.0,0.75,1.0,1.0,0.75,0.0,1.0,0.0,1.0,0.0,0.75,0.0,1.0,1.0,0.0,1.0,1.0,1.0,1.0,1.0,0.0,0.0,1.0,0.25,1.0,1.0,0.0,0.25,0.0,0.75,0.0,1.0,0.25,1.0,0.0,0.0,1.0,0.0,1.0,0.33,0.5,0.17,1.0,1.0,1.0,0.5,1.0,0.0,0.0,0.0,1.0
162562,0.0,0.75,0.75,0.0,1.0,0.75,0.75,1.0,0.25,1.0,0.25,0.75,0.75,1.0,0.25,0.25,0.75,0.25,0.75,0.25,0.25,0.25,0.75,0.25,0.25,0.75,1.0,0.75,0.25,0.25,1.0,0.75,0.25,0.25,0.75,0.0,0.75,0.75,0.25,0.75,0.75,0.75,1.0,1.0,0.25,0.75,0.75,1.0,0.0,0.75,0.75,0.75,0.0,1.0,0.75,0.75,0.75,1.0,0.25,0.75,0.67,0.67,0.67,0.67,0.33,0.67,0.83,0.75,0.5,0.5,0.5,0.5,0.75,0.25,0.5
167467,1.0,0.25,0.25,1.0,0.0,0.0,0.25,0.0,1.0,0.25,0.75,0.0,0.75,0.0,0.0,0.75,1.0,0.25,0.75,0.75,0.0,0.0,0.25,0.0,0.0,0.25,0.0,0.0,0.25,1.0,0.0,0.75,0.0,0.75,0.75,1.0,0.75,0.75,1.0,0.0,0.0,0.0,0.0,0.25,0.25,0.75,0.75,1.0,0.0,0.25,1.0,0.25,0.25,0.0,0.75,0.0,0.75,0.0,0.75,0.75,1.0,0.83,0.0,0.83,0.5,0.67,0.33,0.0,0.5,0.75,0.5,0.5,0.75,0.75,0.5
168800,0.25,1.0,1.0,0.25,1.0,1.0,0.0,0.75,0.0,0.25,0.0,0.75,1.0,1.0,0.75,1.0,0.0,1.0,0.75,1.0,1.0,1.0,1.0,1.0,1.0,0.75,1.0,0.75,0.0,0.25,1.0,0.0,0.0,0.0,1.0,0.75,1.0,0.25,0.25,1.0,1.0,1.0,0.0,1.0,0.75,0.25,0.75,1.0,1.0,1.0,0.0,0.75,0.75,1.0,0.0,1.0,0.0,1.0,0.0,0.25,0.5,0.33,0.83,0.33,0.5,0.17,1.0,1.0,1.0,0.75,1.0,0.25,0.25,0.25,0.5
170034,0.75,0.25,0.25,0.75,0.25,0.25,0.25,0.75,0.75,0.75,0.75,0.25,0.75,0.25,0.25,0.25,0.75,0.25,0.75,0.25,0.25,0.75,0.75,0.75,0.25,0.25,0.25,0.75,0.75,0.25,0.75,0.75,0.25,0.75,0.25,0.75,0.75,0.75,0.25,0.25,0.75,0.25,0.25,0.75,0.75,0.75,0.75,0.75,0.25,0.25,0.75,0.75,0.75,0.75,0.25,0.25,0.75,0.75,0.75,0.25,0.67,0.67,0.33,0.33,0.33,0.33,0.33,0.5,0.5,0.25,0.5,0.5,0.5,0.75,0.5
172307,1.0,1.0,1.0,0.75,0.0,0.75,0.75,0.0,0.75,0.25,1.0,0.0,1.0,0.75,0.0,0.0,1.0,0.0,0.0,0.75,0.0,0.25,0.75,1.0,0.25,0.75,0.0,0.75,1.0,0.75,0.75,1.0,0.0,1.0,0.75,1.0,1.0,0.25,0.75,1.0,1.0,0.75,1.0,1.0,0.75,0.75,1.0,1.0,0.0,0.75,1.0,0.75,0.25,0.0,0.0,0.25,0.75,0.75,0.75,0.75,1.0,0.83,0.67,1.0,0.67,1.0,0.33,0.5,0.5,0.25,0.75,0.75,1.0,1.0,0.5
172774,0.75,1.0,0.75,0.0,1.0,1.0,0.75,1.0,0.0,0.0,0.75,0.75,0.75,1.0,1.0,0.75,0.25,0.75,0.75,1.0,1.0,1.0,1.0,1.0,1.0,1.0,1.0,1.0,0.25,1.0,1.0,0.75,1.0,0.0,0.25,0.0,0.75,0.75,0.25,0.75,1.0,1.0,1.0,1.0,0.0,1.0,1.0,0.0,0.0,0.75,0.0,1.0,0.75,0.75,0.0,1.0,0.25,1.0,0.0,0.0,0.83,0.17,1.0,0.0,0.33,0.0,1.0,1.0,0.75,0.5,0.75,0.25,0.5,0.25,0.75
172881,0.75,0.75,0.75,0.0,1.0,1.0,0.0,0.75,0.25,1.0,0.0,1.0,0.75,0.75,0.75,0.75,0.0,1.0,1.0,0.75,0.0,0.75,0.0,0.75,1.0,0.75,1.0,1.0,0.0,0.75,0.75,0.25,0.25,0.25,0.25,0.25,1.0,1.0,0.25,0.75,0.75,0.75,1.0,1.0,0.0,0.0,1.0,0.0,0.75,1.0,0.0,0.0,0.0,0.75,0.75,0.0,0.0,0.75,0.75,1.0,0.0,0.0,0.83,0.5,0.0,0.17,0.83,0.5,0.5,0.5,0.5,0.25,0.5,0.0,0.75
175373,0.75,0.0,0.0,1.0,0.0,0.0,0.0,0.0,0.75,1.0,0.75,0.25,1.0,0.0,0.0,0.25,1.0,0.0,0.0,0.75,0.0,1.0,0.75,0.0,0.75,0.75,0.25,1.0,0.0,0.75,0.0,1.0,0.0,1.0,0.0,1.0,0.75,0.25,0.0,0.75,0.25,0.0,0.0,0.25,1.0,1.0,0.0,1.0,0.0,0.75,1.0,0.25,1.0,0.0,1.0,0.0,0.75,0.75,1.0,0.75,0.83,0.67,0.67,0.67,0.67,1.0,0.0,0.0,0.25,0.5,0.5,1.0,1.0,0.75,0.0
175845,1.0,0.75,0.25,0.25,1.0,1.0,0.75,1.0,1.0,0.25,0.75,0.25,0.75,1.0,1.0,0.75,0.25,1.0,0.75,1.0,0.25,0.75,0.25,0.75,1.0,1.0,0.25,1.0,1.0,0.75,1.0,0.25,1.0,0.0,1.0,0.0,0.75,1.0,0.75,1.0,0.75,0.75,0.75,1.0,1.0,0.75,1.0,0.25,0.25,0.75,0.25,1.0,1.0,0.75,0.25,1.0,0.75,1.0,0.0,0.0,0.83,0.83,0.83,0.0,0.83,0.17,0.83,0.75,1.0,0.25,0.75,0.25,0.75,0.25,0.75
178063,0.0,1.0,0.0,0.0,1.0,1.0,0.75,1.0,0.0,0.0,1.0,0.75,0.0,1.0,0.75,0.75,0.0,1.0,0.75,1.0,1.0,1.0,0.25,1.0,1.0,1.0,0.75,1.0,0.75,0.75,1.0,0.0,1.0,0.0,0.75,0.0,0.75,0.75,0.25,1.0,1.0,1.0,1.0,1.0,0.75,1.0,1.0,0.0,1.0,0.25,0.0,0.25,1.0,0.25,0.0,0.75,0.0,1.0,0.0,0.0,0.67,0.0,1.0,0.0,0.17,0.17,1.0,0.75,1.0,0.75,1.0,0.0,0.25,0.0,0.5
178587,0.0,1.0,0.0,0.0,1.0,1.0,0.75,0.75,0.0,0.0,0.25,1.0,0.75,1.0,1.0,1.0,0.0,1.0,1.0,1.0,1.0,1.0,1.0,1.0,1.0,1.0,1.0,1.0,1.0,1.0,1.0,0.0,0.75,1.0,0.25,0.0,1.0,0.25,0.0,0.75,1.0,1.0,1.0,1.0,1.0,1.0,0.75,0.75,1.0,1.0,0.0,1.0,1.0,0.75,0.25,1.0,0.75,1.0,0.0,0.0,0.17,1.0,0.0,0.0,1.0,0.17,1.0,1.0,1.0,0.5,1.0,0.0,0.25,0.0,0.75
181403,0.0,1.0,1.0,0.0,0.75,0.0,0.0,0.0,0.25,0.75,0.75,0.0,1.0,0.25,0.0,0.0,1.0,0.0,0.75,1.0,0.0,0.0,1.0,1.0,0.0,0.75,0.0,1.0,1.0,0.75,0.0,1.0,0.0,1.0,0.25,1.0,0.75,1.0,0.0,0.25,1.0,1.0,0.0,0.25,1.0,0.75,0.25,1.0,0.0,0.0,1.0,1.0,1.0,0.25,0.75,1.0,1.0,0.25,0.25,0.0,1.0,0.33,0.0,0.33,0.67,1.0,0.67,0.0,0.5,0.75,0.0,1.0,1.0,1.0,0.25
181854,0.25,0.75,1.0,0.25,1.0,0.75,0.75,0.0,0.75,0.0,0.75,0.25,0.75,0.75,0.25,0.75,0.75,0.25,1.0,1.0,0.0,1.0,0.75,0.75,0.0,0.75,0.75,0.75,0.75,0.25,0.75,1.0,0.0,1.0,1.0,1.0,0.75,0.25,0.25,0.25,0.75,0.75,0.75,0.75,1.0,0.25,1.0,0.75,1.0,0.0,1.0,1.0,1.0,0.25,0.0,0.75,0.75,0.75,0.25,0.75,1.0,0.83,0.17,0.83,0.83,0.33,0.67,0.75,0.75,0.75,0.25,0.75,0.75,0.75,0.75
182534,0.25,0.75,0.75,0.0,1.0,0.75,0.0,0.75,0.75,1.0,0.25,0.25,0.75,1.0,0.0,0.0,0.75,0.75,0.75,0.25,0.25,0.75,0.75,0.75,0.75,0.75,1.0,0.25,1.0,0.25,1.0,0.75,0.0,1.0,0.75,0.75,1.0,1.0,0.25,0.25,0.25,0.75,1.0,1.0,0.75,0.25,1.0,0.75,0.25,1.0,0.25,0.0,0.0,0.75,0.75,0.75,0.75,0.75,0.25,1.0,0.83,0.67,0.67,0.33,0.67,0.5,0.5,0.75,1.0,0.75,1.0,0.5,0.5,0.25,0.75
183137,0.75,0.75,0.75,0.0,0.25,0.0,0.0,1.0,1.0,0.0,1.0,0.0,1.0,1.0,1.0,1.0,1.0,1.0,1.0,1.0,0.0,1.0,1.0,1.0,0.75,0.0,1.0,1.0,1.0,0.0,1.0,0.0,0.0,1.0,0.0,1.0,1.0,1.0,1.0,1.0,0.0,0.0,0.0,0.0,1.0,1.0,0.0,1.0,0.0,1.0,1.0,1.0,1.0,1.0,0.0,1.0,0.25,0.75,0.0,0.0,0.5,0.67,0.67,0.0,0.83,0.5,1.0,0.5,0.5,0.5,0.5,0.25,0.5,0.75,0.0
185582,0.0,0.75,0.75,0.75,1.0,1.0,1.0,0.0,0.25,0.0,1.0,0.75,0.25,1.0,0.75,0.25,1.0,0.75,1.0,0.75,0.75,1.0,0.0,1.0,1.0,1.0,0.0,1.0,0.0,0.0,0.75,0.0,1.0,0.0,0.0,0.0,1.0,1.0,0.0,1.0,1.0,1.0,1.0,1.0,1.0,1.0,1.0,0.0,0.75,0.0,1.0,1.0,1.0,1.0,0.0,1.0,0.25,1.0,0.25,0.0,0.0,0.17,1.0,0.0,0.33,0.67,1.0,1.0,0.75,0.0,1.0,0.0,0.25,0.5,0.5
185663,0.25,0.75,0.75,0.0,0.0,0.75,0.0,0.0,0.25,1.0,0.75,0.25,0.0,0.75,0.25,1.0,0.75,0.0,1.0,1.0,0.0,1.0,1.0,1.0,0.75,0.25,0.75,0.75,0.25,1.0,0.0,1.0,0.0,1.0,1.0,1.0,1.0,0.25,1.0,0.0,1.0,0.75,0.0,0.75,1.0,0.75,1.0,0.75,0.0,0.75,0.25,0.25,0.0,0.0,0.0,0.75,0.0,0.75,0.0,1.0,0.0,0.83,0.17,0.0,0.83,0.17,0.17,0.5,0.5,0.5,0.75,1.0,0.75,0.5,0.5
186888,0.0,1.0,1.0,0.0,0.75,0.75,0.75,0.75,0.0,0.0,0.25,0.0,0.0,0.75,0.0,0.0,0.25,0.0,0.0,1.0,0.0,1.0,1.0,1.0,0.25,0.0,1.0,1.0,1.0,1.0,0.75,0.75,0.25,0.75,0.25,0.25,1.0,0.75,0.0,1.0,0.75,0.75,0.25,0.25,0.75,0.25,0.75,1.0,0.0,1.0,1.0,0.0,1.0,0.75,0.0,0.0,0.75,1.0,0.25,0.25,1.0,1.0,0.0,0.83,0.33,0.33,0.5,0.0,0.75,0.25,0.5,0.5,0.75,0.75,0.25
188247,0.0,0.0,0.0,0.0,1.0,1.0,1.0,1.0,0.0,1.0,1.0,0.0,0.0,1.0,1.0,1.0,1.0,1.0,0.0,1.0,0.0,0.0,1.0,1.0,1.0,1.0,1.0,1.0,0.0,1.0,1.0,1.0,0.25,1.0,1.0,0.25,1.0,1.0,1.0,0.0,1.0,1.0,1.0,1.0,1.0,1.0,1.0,1.0,1.0,1.0,1.0,1.0,1.0,1.0,0.0,1.0,1.0,1.0,1.0,1.0,1.0,1.0,1.0,0.0,0.83,1.0,0.17,0.25,1.0,0.0,0.25,1.0,0.75,0.75,1.0
188563,0.0,1.0,0.75,0.0,1.0,0.75,0.75,0.0,0.0,0.0,0.25,0.75,0.25,1.0,0.75,0.75,0.0,1.0,0.75,0.25,0.75,1.0,0.25,0.75,1.0,0.25,1.0,1.0,0.25,0.0,1.0,0.0,0.75,0.0,0.0,0.0,0.75,0.25,0.0,0.75,0.75,0.75,1.0,0.75,1.0,1.0,0.75,0.0,0.75,0.75,0.25,0.25,0.0,0.75,0.25,0.75,0.0,1.0,0.0,0.75,0.67,0.33,0.67,0.17,0.67,0.33,1.0,0.75,1.0,0.75,0.75,0.0,0.5,0.25,0.5
190243,0.25,0.0,0.75,0.0,1.0,0.0,1.0,0.0,0.0,0.0,0.75,0.75,0.25,0.0,0.0,1.0,0.25,0.25,0.0,0.75,0.0,1.0,0.25,0.75,0.0,0.0,1.0,0.25,0.25,0.0,1.0,0.75,0.25,0.75,0.75,0.25,0.25,0.0,0.25,0.75,1.0,0.75,0.75,0.75,0.75,0.75,0.75,0.25,0.0,0.75,0.75,0.0,0.0,0.75,1.0,0.0,0.25,0.75,0.25,1.0,0.67,0.17,0.0,0.0,0.83,0.17,0.17,0.25,0.5,0.5,0.75,0.75,0.75,0.5,0.5
191163,1.0,0.25,0.75,0.25,1.0,0.75,0.75,1.0,0.75,0.0,0.75,0.75,1.0,0.75,0.0,1.0,1.0,0.0,0.25,1.0,0.0,1.0,1.0,1.0,0.0,0.75,0.25,0.75,0.25,1.0,0.0,0.75,1.0,0.75,1.0,1.0,0.75,0.0,0.0,0.75,1.0,0.75,0.25,0.75,1.0,1.0,0.0,1.0,0.0,1.0,0.75,0.75,0.75,0.25,0.0,0.25,1.0,0.75,0.0,0.0,0.17,0.83,0.67,0.17,1.0,0.67,0.67,0.25,1.0,0.5,0.5,0.5,0.5,0.75,0.0
191439,1.0,0.0,0.0,1.0,0.0,0.0,0.0,0.0,1.0,0.75,0.75,0.0,1.0,0.75,0.0,1.0,1.0,0.0,1.0,1.0,0.0,1.0,1.0,1.0,0.0,0.0,0.0,0.0,1.0,1.0,0.0,1.0,0.0,1.0,1.0,1.0,0.0,0.0,0.75,0.75,0.75,0.25,0.0,0.0,1.0,0.0,0.25,1.0,0.25,1.0,0.0,0.25,1.0,0.75,0.0,0.75,1.0,0.0,0.0,0.75,0.17,1.0,0.0,0.17,1.0,0.67,0.17,0.0,0.25,0.0,0.0,0.25,0.25,0.25,0.0
192964,0.0,1.0,1.0,0.0,1.0,1.0,1.0,0.75,0.0,0.0,0.75,0.75,0.25,1.0,1.0,1.0,0.0,1.0,1.0,0.75,1.0,1.0,0.75,0.75,1.0,1.0,1.0,0.75,0.75,1.0,1.0,0.25,1.0,0.0,1.0,0.25,1.0,0.75,0.0,0.75,1.0,1.0,0.75,1.0,1.0,1.0,1.0,0.0,0.25,1.0,0.0,0.75,1.0,0.25,0.0,1.0,0.75,0.75,0.0,0.0,1.0,0.17,1.0,0.0,0.33,0.0,0.83,1.0,1.0,0.25,1.0,0.25,0.5,0.25,1.0
193574,0.0,0.0,1.0,0.0,0.0,0.0,0.0,0.0,0.0,0.0,0.0,0.0,1.0,0.0,0.0,0.0,1.0,0.0,1.0,1.0,0.0,1.0,0.75,1.0,0.0,1.0,1.0,1.0,1.0,0.0,0.0,1.0,0.0,1.0,0.0,1.0,1.0,0.0,0.0,0.0,1.0,1.0,0.0,0.0,1.0,1.0,0.0,1.0,0.0,1.0,0.0,0.0,0.0,0.0,1.0,0.0,0.0,1.0,1.0,1.0,0.83,0.83,0.33,0.67,0.67,0.83,0.33,0.25,0.75,0.75,0.75,0.75,1.0,0.25,0.0
193675,0.25,0.0,1.0,1.0,0.0,0.0,0.25,0.0,0.75,0.0,0.0,0.0,0.0,0.0,0.0,0.75,1.0,0.0,0.0,0.75,0.0,0.25,1.0,1.0,0.0,0.25,0.0,0.25,0.75,0.25,0.0,1.0,0.0,1.0,0.25,1.0,0.25,0.25,0.75,0.75,0.25,0.0,0.0,0.0,1.0,0.75,0.25,1.0,0.0,1.0,1.0,0.0,0.0,0.0,1.0,0.0,0.75,0.0,0.75,1.0,0.17,0.83,0.33,1.0,0.67,0.67,0.17,0.25,0.75,0.25,0.25,0.75,1.0,1.0,0.0
193751,0.0,0.75,1.0,0.0,1.0,1.0,0.75,1.0,0.0,0.0,1.0,0.25,0.75,0.75,0.75,0.75,0.25,0.75,0.75,0.75,0.75,1.0,0.25,1.0,0.25,0.0,0.75,0.75,0.25,0.0,1.0,0.0,1.0,0.25,0.25,0.0,0.75,0.75,0.0,1.0,0.75,1.0,1.0,1.0,0.25,0.75,0.75,0.75,0.75,0.25,0.25,0.25,0.0,0.75,0.25,0.0,0.25,1.0,0.25,0.75,0.83,0.33,0.67,0.17,0.67,0.5,1.0,0.5,0.75,0.25,1.0,0.0,0.75,0.5,0.5
193926,0.0,0.75,0.75,0.0,0.75,0.75,0.25,0.0,0.0,0.25,0.75,0.75,0.75,0.75,0.0,0.25,0.75,0.25,0.0,0.75,0.0,0.75,0.75,0.0,1.0,0.75,0.25,0.25,0.25,0.75,0.0,0.75,0.0,0.75,0.25,1.0,0.25,0.75,0.25,0.0,0.75,0.75,0.0,0.75,0.75,0.75,0.75,0.25,0.0,0.25,0.25,0.25,0.25,0.75,0.25,0.25,0.25,0.25,0.25,0.75,0.83,0.33,0.17,1.0,0.67,0.83,0.17,0.25,0.75,0.5,0.5,0.75,0.75,0.5,0.5
194995,0.75,0.25,0.25,0.75,0.0,0.25,0.25,0.75,1.0,0.75,1.0,0.0,1.0,1.0,0.75,1.0,0.0,0.75,0.75,0.75,0.0,1.0,1.0,1.0,0.0,0.75,1.0,0.25,0.25,0.75,0.75,0.75,0.25,1.0,1.0,1.0,0.25,1.0,0.0,1.0,1.0,1.0,0.75,0.0,1.0,1.0,1.0,1.0,0.0,0.25,0.75,1.0,1.0,0.75,0.0,0.75,0.75,0.75,0.0,0.0,0.5,0.5,0.5,0.5,0.5,0.5,0.5,0.5,0.5,0.5,0.75,0.5,0.5,0.5,0.5
197133,0.0,0.75,1.0,0.0,1.0,1.0,0.25,0.75,0.25,0.0,0.75,0.75,0.75,1.0,0.75,1.0,0.0,1.0,1.0,1.0,0.75,1.0,0.25,1.0,1.0,1.0,0.75,0.75,1.0,0.25,1.0,0.75,0.25,0.75,1.0,0.0,0.75,0.25,0.25,0.75,1.0,1.0,1.0,0.75,0.75,0.75,1.0,1.0,0.0,1.0,0.0,0.75,0.25,0.25,0.0,0.75,0.75,1.0,0.0,0.0,0.83,0.33,0.83,0.0,0.67,0.33,0.83,1.0,1.0,0.5,0.25,0.25,0.75,0.25,0.75
197490,0.75,0.25,0.25,0.75,0.0,0.25,0.25,0.25,0.75,0.25,0.75,0.0,1.0,0.25,0.0,0.75,1.0,0.0,0.0,0.75,0.0,1.0,0.25,1.0,0.75,0.0,0.0,0.0,1.0,0.75,0.25,1.0,0.0,0.75,0.0,1.0,0.25,0.75,0.75,0.75,0.75,0.75,0.75,0.75,0.75,0.75,0.25,1.0,0.0,0.75,0.75,0.25,0.75,0.75,1.0,0.0,0.75,0.25,0.75,1.0,0.17,0.83,0.0,0.67,0.67,0.5,0.67,0.25,0.75,0.25,0.25,0.75,0.75,0.75,0.0
197692,0.25,1.0,0.0,0.25,1.0,1.0,0.25,1.0,0.75,0.25,0.75,0.75,1.0,0.75,0.75,0.75,0.0,1.0,1.0,1.0,0.75,1.0,0.75,0.75,1.0,0.75,1.0,1.0,1.0,0.75,1.0,0.75,0.25,0.75,0.75,0.25,1.0,1.0,0.0,0.25,0.75,0.75,0.75,1.0,0.25,0.75,1.0,0.25,0.75,0.75,0.25,0.0,0.25,0.75,0.25,0.75,0.75,0.75,0.25,0.25,0.0,0.0,0.17,0.67,0.67,0.17,0.83,0.75,1.0,0.25,0.75,0.25,0.75,0.25,0.75
199630,0.75,0.25,1.0,0.0,0.75,0.75,0.25,0.75,0.75,0.75,0.0,0.0,0.75,0.25,0.0,0.25,0.75,0.75,0.0,1.0,0.0,0.75,0.25,1.0,1.0,0.25,0.75,1.0,1.0,0.0,0.0,0.0,0.0,0.0,0.0,1.0,1.0,0.75,0.25,0.25,1.0,1.0,1.0,1.0,0.75,0.25,0.75,1.0,0.0,0.0,0.25,0.75,0.25,1.0,0.75,0.75,0.75,1.0,0.75,1.0,0.5,0.17,0.67,0.0,0.17,0.5,0.83,0.75,1.0,0.25,0.5,0.25,0.5,0.5,0.5
201019,0.25,0.75,1.0,0.0,0.75,1.0,0.75,1.0,0.0,0.0,0.75,1.0,0.25,0.75,0.25,0.75,0.25,1.0,1.0,1.0,0.75,1.0,0.0,1.0,1.0,1.0,1.0,1.0,0.0,0.75,1.0,0.0,1.0,0.0,1.0,0.0,0.75,0.75,0.0,0.75,1.0,0.75,1.0,1.0,1.0,1.0,1.0,0.25,0.75,0.75,0.0,1.0,1.0,1.0,0.0,1.0,0.75,1.0,0.75,0.0,0.17,0.17,0.83,0.17,0.83,0.17,1.0,0.75,0.75,0.5,0.75,0.0,0.5,0.0,0.75
204017,0.25,0.75,1.0,0.25,1.0,1.0,0.0,1.0,0.0,0.0,0.75,0.75,0.0,1.0,1.0,0.0,0.0,1.0,0.75,1.0,0.75,1.0,0.25,1.0,1.0,0.0,1.0,1.0,0.0,0.0,1.0,0.0,1.0,0.0,0.25,0.0,1.0,1.0,1.0,1.0,1.0,1.0,1.0,1.0,0.25,0.75,1.0,0.0,1.0,0.75,0.0,0.75,0.0,1.0,0.0,1.0,0.75,1.0,0.25,0.0,0.17,0.17,1.0,0.0,0.5,0.0,1.0,1.0,1.0,0.5,1.0,0.0,0.25,0.0,0.5
207500,0.0,1.0,0.0,0.0,0.0,1.0,1.0,1.0,0.0,0.0,0.75,0.0,1.0,1.0,0.75,0.25,0.0,1.0,1.0,1.0,0.75,1.0,0.0,0.0,1.0,1.0,1.0,1.0,1.0,0.0,1.0,0.75,0.0,0.0,0.0,1.0,1.0,0.75,0.0,0.75,1.0,1.0,1.0,1.0,1.0,1.0,0.75,0.0,0.0,0.25,0.25,0.0,0.0,0.75,0.0,1.0,0.0,1.0,0.0,0.75,0.17,0.0,1.0,0.33,0.67,0.0,0.67,0.75,1.0,0.25,1.0,0.5,1.0,0.5,0.5
208035,0.75,0.75,1.0,0.0,0.0,1.0,1.0,0.75,1.0,1.0,0.0,0.0,0.25,0.75,0.0,0.0,0.75,0.0,0.75,1.0,0.0,1.0,0.25,0.25,0.75,1.0,1.0,1.0,0.0,0.75,1.0,0.25,0.25,0.75,0.75,0.25,0.75,0.0,0.25,0.0,0.75,0.0,1.0,1.0,0.75,0.75,1.0,0.25,0.0,0.25,1.0,0.75,0.25,0.0,0.75,0.75,1.0,1.0,1.0,1.0,1.0,0.67,0.67,0.83,0.17,0.5,0.67,0.5,0.5,0.5,0.75,0.5,0.75,0.75,0.25
208224,1.0,0.0,1.0,0.0,0.0,0.0,1.0,0.0,0.25,0.75,0.75,0.0,1.0,0.75,0.0,0.75,1.0,0.0,0.0,1.0,0.0,0.75,1.0,1.0,0.0,0.0,0.25,1.0,1.0,1.0,0.75,1.0,0.0,1.0,0.25,1.0,1.0,0.25,0.0,1.0,1.0,0.0,1.0,1.0,1.0,1.0,1.0,1.0,0.0,1.0,1.0,1.0,1.0,1.0,0.0,0.75,1.0,1.0,0.0,0.0,0.83,1.0,0.0,1.0,0.0,0.17,1.0,0.0,0.75,0.0,0.0,1.0,0.0,1.0,0.0
210080,0.0,1.0,0.75,0.0,1.0,1.0,1.0,0.75,0.0,0.0,0.75,0.75,0.0,1.0,1.0,1.0,0.0,1.0,1.0,0.0,1.0,1.0,0.0,1.0,1.0,1.0,1.0,1.0,0.0,0.25,1.0,0.0,1.0,0.0,0.75,0.0,1.0,1.0,0.0,1.0,1.0,1.0,0.75,1.0,1.0,1.0,1.0,0.0,1.0,0.25,0.0,0.0,0.0,1.0,0.0,1.0,0.0,1.0,0.0,0.75,0.0,0.0,1.0,0.0,0.83,0.0,0.83,1.0,1.0,0.5,1.0,0.0,0.0,0.0,1.0
210620,1.0,0.75,1.0,0.75,0.25,0.75,0.75,1.0,0.75,0.75,1.0,0.25,0.75,0.75,0.0,0.75,1.0,0.75,0.75,0.75,0.0,0.0,0.0,1.0,0.0,0.25,0.75,0.75,1.0,0.75,0.75,1.0,1.0,1.0,0.75,1.0,0.25,0.75,1.0,0.75,0.75,0.25,0.75,0.75,1.0,1.0,1.0,1.0,0.25,0.25,0.75,0.75,1.0,0.25,0.0,0.75,0.75,0.75,0.25,0.0,0.33,0.83,0.0,0.67,0.83,0.5,0.83,0.5,0.75,0.25,0.5,0.5,0.75,0.5,0.25
213672,0.25,1.0,1.0,0.0,1.0,1.0,0.75,0.75,0.0,0.0,0.25,0.25,0.75,1.0,1.0,0.25,0.0,0.75,0.25,1.0,1.0,1.0,0.25,1.0,1.0,0.25,1.0,1.0,0.25,0.0,1.0,0.25,1.0,0.0,1.0,1.0,1.0,0.25,0.75,0.25,1.0,1.0,0.25,1.0,1.0,1.0,1.0,0.0,1.0,0.75,0.0,1.0,0.75,1.0,0.0,1.0,0.25,1.0,0.0,0.0,0.17,0.0,1.0,0.17,0.33,0.0,1.0,1.0,1.0,0.5,1.0,0.25,0.25,0.0,0.75
214762,0.75,0.75,0.75,0.75,1.0,1.0,0.75,1.0,0.75,0.0,0.75,0.75,0.0,1.0,1.0,1.0,0.0,1.0,1.0,0.75,0.25,1.0,0.25,1.0,0.25,0.75,0.75,1.0,1.0,0.0,1.0,0.25,1.0,0.25,0.75,0.0,0.75,0.75,0.0,0.75,1.0,1.0,1.0,1.0,1.0,1.0,1.0,0.0,0.25,0.25,0.25,1.0,0.75,0.75,0.0,1.0,0.75,1.0,0.25,0.0,0.17,0.33,0.67,0.17,0.67,0.0,1.0,0.5,0.75,0.5,0.5,0.5,0.5,0.5,0.5
215500,0.0,1.0,1.0,0.0,1.0,1.0,0.0,0.0,0.0,0.0,0.0,1.0,0.0,1.0,0.0,0.0,1.0,0.0,1.0,0.0,0.0,0.0,1.0,1.0,0.0,1.0,1.0,0.0,1.0,1.0,0.0,1.0,0.0,0.75,0.0,0.75,0.0,0.0,1.0,0.0,0.0,0.0,0.0,1.0,0.0,0.0,0.0,1.0,0.0,1.0,0.0,0.0,0.0,1.0,1.0,0.0,0.0,0.0,1.0,1.0,1.0,1.0,1.0,1.0,0.67,1.0,0.0,1.0,0.75,1.0,0.75,0.75,1.0,0.0,0.25
215647,1.0,0.0,1.0,1.0,0.0,0.0,0.0,0.0,1.0,1.0,0.0,1.0,0.75,0.25,0.0,1.0,1.0,0.0,1.0,0.25,0.75,0.25,1.0,1.0,0.0,0.0,0.0,0.0,1.0,0.75,0.0,0.25,0.0,1.0,0.0,1.0,0.25,0.0,0.25,0.25,0.0,0.75,0.0,0.0,1.0,0.25,0.0,1.0,0.0,1.0,1.0,0.25,0.0,1.0,0.75,0.0,1.0,0.0,1.0,0.75,0.17,1.0,0.0,0.5,0.33,0.5,0.17,0.0,0.5,0.25,0.5,0.5,0.5,1.0,0.25
215737,0.75,0.75,1.0,1.0,0.25,0.0,0.75,1.0,0.25,0.25,0.75,0.25,0.25,0.75,0.75,1.0,0.25,0.75,0.25,1.0,0.75,1.0,0.25,1.0,0.0,0.75,0.75,0.25,0.25,1.0,0.75,0.25,0.25,0.75,1.0,0.0,0.25,0.75,1.0,0.75,0.25,0.75,0.75,0.25,1.0,1.0,0.25,0.25,0.25,0.25,1.0,1.0,1.0,0.25,0.0,1.0,0.75,0.75,0.0,0.0,0.83,1.0,0.67,0.0,1.0,0.33,0.67,0.5,1.0,0.5,0.5,0.5,0.75,0.5,0.5
220216,0.0,1.0,0.0,0.0,0.0,0.75,0.0,0.0,0.0,1.0,0.0,0.0,1.0,1.0,0.0,0.0,1.0,0.0,0.0,1.0,0.0,1.0,1.0,1.0,0.0,0.75,1.0,0.75,1.0,0.75,0.75,1.0,0.0,1.0,0.0,1.0,0.75,0.25,0.0,0.0,0.0,1.0,0.75,1.0,0.75,0.75,0.0,1.0,0.0,1.0,0.0,0.0,0.0,1.0,1.0,0.0,0.0,0.0,1.0,1.0,0.17,0.83,0.0,1.0,1.0,1.0,0.0,0.0,1.0,0.75,1.0,1.0,1.0,0.0,0.0
220220,0.75,0.25,1.0,0.25,0.25,0.25,0.0,1.0,0.0,0.25,0.25,0.75,0.25,1.0,0.75,0.75,0.0,1.0,0.75,0.75,1.0,1.0,0.25,1.0,1.0,0.25,1.0,1.0,1.0,0.25,1.0,0.0,0.25,0.75,0.25,0.25,1.0,1.0,0.25,1.0,1.0,1.0,1.0,1.0,0.75,0.75,1.0,0.75,0.25,1.0,0.0,0.0,0.75,1.0,0.0,0.75,0.75,1.0,0.25,0.0,0.67,0.83,0.83,0.0,0.83,0.0,1.0,1.0,0.75,0.25,1.0,0.0,0.75,0.0,0.25
224010,1.0,1.0,1.0,0.0,1.0,1.0,1.0,0.75,0.25,0.0,0.25,1.0,1.0,1.0,1.0,0.25,0.0,1.0,0.75,1.0,0.75,1.0,0.75,0.75,0.0,0.75,1.0,1.0,0.75,0.75,1.0,0.25,1.0,0.0,1.0,0.0,1.0,1.0,0.75,1.0,1.0,1.0,1.0,1.0,0.75,0.75,1.0,0.25,0.25,0.25,0.75,1.0,1.0,0.75,0.0,1.0,0.25,0.75,0.0,0.0,0.17,0.67,0.83,0.67,0.67,0.0,1.0,0.75,1.0,0.5,1.0,0.0,0.25,0.75,1.0
224021,0.75,0.75,1.0,0.25,1.0,0.25,0.75,1.0,0.0,0.25,0.75,1.0,0.0,1.0,0.0,0.75,0.75,0.25,0.25,0.25,1.0,1.0,0.75,1.0,0.25,0.25,0.0,0.75,1.0,1.0,1.0,0.75,1.0,0.25,0.75,0.25,0.75,0.25,0.0,1.0,1.0,1.0,1.0,0.75,0.25,0.75,1.0,1.0,0.0,0.75,0.75,1.0,0.25,0.75,0.75,1.0,0.25,1.0,0.25,0.25,0.83,0.67,0.17,0.0,1.0,0.67,1.0,0.75,1.0,0.25,0.5,0.5,0.75,0.5,0.0
224571,0.0,1.0,0.75,0.25,1.0,1.0,0.25,1.0,0.75,0.0,0.75,1.0,0.25,1.0,1.0,1.0,0.0,1.0,1.0,1.0,1.0,1.0,0.25,0.75,0.75,0.75,1.0,1.0,0.75,1.0,1.0,0.25,0.75,0.75,1.0,0.0,0.75,0.75,0.25,0.75,1.0,1.0,1.0,1.0,0.75,1.0,0.75,0.0,1.0,0.75,0.0,0.0,0.75,0.75,0.0,1.0,0.75,1.0,0.0,0.0,1.0,0.83,1.0,0.0,0.83,0.0,0.17,1.0,1.0,0.75,0.25,0.25,0.25,0.0,0.75
224760,0.0,1.0,0.75,0.0,0.75,1.0,0.75,1.0,0.0,0.0,1.0,0.75,0.0,1.0,0.75,0.25,0.0,1.0,0.25,1.0,0.75,1.0,0.0,1.0,1.0,1.0,1.0,1.0,0.75,0.0,1.0,0.0,0.25,0.75,0.0,0.0,1.0,1.0,0.25,1.0,1.0,0.75,1.0,1.0,0.0,1.0,1.0,0.25,0.25,1.0,0.0,0.75,0.75,0.0,0.0,1.0,0.0,1.0,0.0,0.0,1.0,0.83,0.83,0.17,0.17,0.67,1.0,0.75,1.0,0.5,1.0,0.5,0.5,0.25,1.0
225894,0.0,1.0,1.0,0.0,1.0,0.75,0.25,0.0,0.25,0.75,0.25,0.0,0.25,0.75,0.0,0.0,0.25,0.0,0.25,0.0,0.0,0.0,0.75,0.75,0.75,0.25,0.75,0.25,1.0,0.25,0.0,0.75,0.0,1.0,0.0,1.0,0.75,0.0,0.75,0.0,0.25,0.25,0.25,0.75,0.75,0.25,0.0,0.75,0.0,0.75,0.75,0.25,0.25,1.0,0.75,0.0,1.0,0.25,0.75,0.75,0.0,0.67,0.33,1.0,0.67,0.33,0.33,0.5,0.75,0.5,0.5,0.5,0.5,0.5,0.5
226015,0.25,1.0,1.0,0.0,0.75,0.25,1.0,1.0,0.75,0.0,0.25,0.25,0.75,0.75,0.0,0.0,1.0,0.0,1.0,0.75,0.0,0.75,0.75,1.0,0.0,0.25,0.0,1.0,0.0,1.0,0.0,0.75,1.0,0.75,1.0,0.25,0.75,0.75,0.0,1.0,0.75,0.75,0.75,1.0,0.75,0.75,0.75,1.0,0.0,0.0,1.0,0.75,0.0,1.0,1.0,0.25,0.0,1.0,0.75,1.0,0.67,0.17,0.67,1.0,0.67,0.33,1.0,0.75,1.0,0.25,1.0,0.25,1.0,0.75,0.0
226324,0.25,0.0,1.0,0.0,1.0,0.25,0.75,0.75,0.25,0.75,0.25,0.0,0.25,0.75,0.0,0.0,0.0,1.0,0.75,1.0,0.25,1.0,0.25,0.75,0.25,0.25,0.0,0.25,0.25,1.0,0.75,0.25,0.75,1.0,0.75,1.0,0.75,0.25,0.75,0.75,0.75,0.25,0.75,0.75,0.25,0.25,0.75,0.75,0.0,0.25,0.25,0.75,0.75,1.0,0.0,0.75,0.0,0.75,0.0,0.0,0.17,0.83,0.67,0.0,0.17,0.17,0.0,0.75,0.75,0.5,0.75,0.0,0.5,0.75,0.75
229816,0.0,1.0,0.25,0.0,1.0,1.0,1.0,0.75,0.0,0.0,1.0,0.75,0.25,1.0,1.0,1.0,0.0,1.0,1.0,1.0,1.0,1.0,0.0,1.0,1.0,0.75,1.0,1.0,0.25,0.25,1.0,0.0,0.75,0.0,1.0,0.0,0.75,1.0,0.0,0.75,1.0,0.75,0.75,1.0,1.0,1.0,1.0,0.0,0.75,0.75,0.0,1.0,1.0,0.25,0.0,1.0,0.25,1.0,0.0,0.0,0.67,0.0,1.0,0.0,1.0,0.17,1.0,0.75,1.0,0.25,1.0,0.0,0.25,0.0,0.75
230236,0.0,1.0,1.0,0.0,0.75,0.25,0.0,0.75,1.0,0.0,1.0,0.75,0.0,1.0,0.0,0.0,1.0,0.0,0.75,0.75,0.0,1.0,0.75,1.0,1.0,0.75,0.75,1.0,1.0,0.25,1.0,1.0,0.0,0.25,0.75,0.0,0.75,0.25,0.0,0.0,1.0,0.25,0.75,1.0,1.0,0.75,1.0,1.0,0.0,0.0,0.75,0.0,1.0,0.25,0.75,0.25,0.0,1.0,0.75,0.25,0.83,0.67,0.17,0.17,0.33,0.67,0.67,0.75,1.0,0.75,0.75,0.75,0.75,0.75,0.25
231839,1.0,0.0,0.75,0.0,0.25,0.0,0.75,1.0,0.25,0.0,0.75,0.75,0.0,0.0,0.25,1.0,0.25,0.75,0.0,1.0,0.25,0.75,0.75,1.0,0.0,0.75,0.0,0.0,1.0,1.0,0.75,1.0,0.0,1.0,1.0,0.25,0.25,0.0,0.0,1.0,1.0,0.75,0.0,0.75,1.0,1.0,0.25,1.0,0.25,0.0,0.0,0.75,1.0,0.25,0.0,0.75,0.75,1.0,0.0,0.25,0.83,1.0,0.17,0.0,1.0,0.67,0.33,0.25,1.0,0.25,0.75,0.75,0.5,0.25,0.5
235088,0.25,0.75,0.25,0.25,0.25,0.75,0.75,0.75,0.75,0.0,0.25,0.25,0.75,0.75,1.0,1.0,0.75,1.0,0.75,1.0,0.0,1.0,0.25,1.0,0.25,0.25,0.75,0.75,0.75,0.75,0.75,1.0,0.0,0.25,1.0,0.25,0.75,0.25,0.75,0.75,1.0,0.25,0.25,0.75,1.0,1.0,1.0,0.0,0.75,0.0,0.75,1.0,1.0,0.25,0.0,1.0,1.0,1.0,0.0,0.0,0.83,1.0,0.33,0.33,1.0,0.33,0.67,0.25,1.0,0.75,0.75,0.25,1.0,0.75,0.75
237024,0.25,0.75,0.75,0.0,0.75,1.0,0.75,0.75,0.0,0.0,0.75,0.75,0.0,1.0,1.0,0.75,0.25,0.75,1.0,0.75,1.0,1.0,0.0,1.0,1.0,0.25,0.75,1.0,0.0,0.75,0.75,0.0,1.0,0.0,1.0,0.0,0.75,1.0,0.25,0.75,0.75,1.0,1.0,1.0,1.0,1.0,0.75,0.0,1.0,0.25,0.25,0.75,1.0,1.0,0.0,1.0,0.25,1.0,0.0,0.0,0.33,0.17,0.83,0.0,0.67,0.17,0.83,0.75,0.75,0.25,0.75,0.0,0.75,0.5,0.5
237298,1.0,1.0,0.25,0.25,0.75,1.0,0.0,1.0,0.0,0.0,0.75,1.0,0.25,1.0,0.25,0.75,0.75,0.75,0.25,0.75,1.0,1.0,0.25,1.0,0.75,0.75,0.75,1.0,0.75,0.25,0.75,0.25,0.25,0.25,0.75,0.25,0.75,0.75,0.0,0.25,0.75,0.75,0.75,0.75,0.75,0.75,0.75,0.25,0.25,0.25,0.75,0.75,0.75,0.75,0.0,0.75,0.25,1.0,0.0,0.25,1.0,0.33,0.67,0.0,0.83,0.0,0.83,0.75,0.5,0.5,0.5,0.5,0.5,0.5,0.5
237954,0.75,0.75,0.25,0.0,1.0,1.0,1.0,1.0,1.0,0.0,1.0,0.75,0.25,1.0,0.75,0.75,0.0,1.0,1.0,1.0,1.0,1.0,0.0,1.0,0.75,1.0,1.0,1.0,0.25,0.0,0.75,0.0,1.0,0.0,0.75,0.0,1.0,1.0,0.0,1.0,1.0,1.0,0.75,0.25,1.0,1.0,1.0,0.0,1.0,0.75,0.0,1.0,1.0,0.0,0.0,1.0,0.75,1.0,0.0,0.0,0.33,0.67,0.67,0.0,1.0,0.17,0.83,0.5,1.0,0.5,0.75,0.25,0.5,0.25,0.5
238614,1.0,0.25,1.0,0.75,0.0,0.0,1.0,0.0,0.75,0.0,0.75,0.0,0.75,0.0,0.0,1.0,1.0,0.25,0.0,1.0,0.0,0.0,1.0,1.0,0.0,0.0,0.0,1.0,0.75,1.0,0.0,1.0,0.0,1.0,1.0,1.0,0.0,0.25,1.0,1.0,0.0,0.0,0.0,0.0,1.0,1.0,0.25,1.0,0.0,0.0,1.0,1.0,1.0,0.0,0.0,1.0,1.0,0.0,0.0,0.0,0.83,1.0,0.0,1.0,1.0,0.83,0.0,0.0,1.0,0.0,0.5,0.75,1.0,1.0,0.0
238915,0.0,1.0,1.0,0.0,1.0,1.0,0.0,1.0,0.0,0.0,1.0,1.0,0.25,1.0,1.0,0.75,1.0,1.0,0.75,1.0,1.0,1.0,0.25,1.0,1.0,0.75,1.0,1.0,0.0,0.75,0.75,0.0,1.0,0.0,0.0,0.0,1.0,0.25,0.0,0.75,1.0,1.0,1.0,1.0,0.75,1.0,1.0,0.25,0.25,0.75,0.0,0.75,1.0,0.75,0.0,1.0,0.25,1.0,0.0,0.0,0.17,0.17,0.83,0.0,1.0,0.5,1.0,0.75,1.0,0.5,1.0,0.25,0.75,0.25,0.75
239455,0.25,0.75,0.25,0.0,0.0,0.75,1.0,0.0,0.0,0.0,0.75,1.0,0.25,1.0,0.0,0.75,0.25,1.0,0.0,0.0,0.0,1.0,1.0,1.0,0.75,0.75,1.0,1.0,1.0,1.0,1.0,1.0,0.0,1.0,1.0,0.0,1.0,1.0,0.0,1.0,1.0,1.0,0.25,1.0,0.0,0.75,1.0,1.0,1.0,1.0,0.0,0.25,0.25,0.0,0.0,0.25,0.25,1.0,0.25,0.25,1.0,0.83,0.67,0.17,0.67,0.5,0.5,0.75,0.5,0.5,0.25,0.75,0.75,0.0,0.75
239564,0.0,1.0,0.75,0.25,0.0,0.25,0.25,0.75,0.0,0.0,0.75,0.75,0.0,1.0,0.0,0.25,0.25,0.0,1.0,1.0,0.0,1.0,1.0,0.75,0.25,0.75,0.75,0.75,0.25,0.0,0.75,1.0,0.25,1.0,0.25,1.0,0.75,0.0,0.0,0.25,0.25,0.75,0.75,0.75,0.75,0.75,1.0,1.0,0.0,0.75,0.75,0.75,0.25,0.25,0.25,0.0,1.0,0.75,0.75,0.75,1.0,0.83,1.0,0.83,0.67,1.0,0.67,0.5,0.75,0.5,0.5,0.5,0.5,0.5,0.25
239912,0.25,0.75,0.25,0.25,0.75,0.75,0.75,0.75,0.75,0.0,0.75,0.75,1.0,0.75,0.25,0.75,0.0,0.75,1.0,0.75,0.0,1.0,0.75,1.0,1.0,0.75,1.0,1.0,0.75,0.75,0.25,0.0,1.0,0.0,1.0,0.0,0.75,0.75,0.25,1.0,1.0,1.0,0.75,1.0,0.75,0.75,1.0,0.75,0.75,0.75,0.75,0.75,1.0,1.0,0.0,0.75,0.25,1.0,0.0,0.0,0.33,0.67,0.83,0.17,0.83,0.33,1.0,0.5,1.0,0.0,0.5,0.25,0.5,0.5,0.5
240615,0.25,0.25,0.75,1.0,0.0,0.0,0.0,0.0,1.0,1.0,0.25,0.25,0.0,0.75,0.0,0.0,1.0,0.0,0.75,0.75,0.0,0.75,1.0,0.75,0.0,0.0,0.75,0.75,0.75,1.0,0.0,1.0,0.0,1.0,0.75,1.0,0.75,0.0,0.75,0.0,0.75,0.0,0.0,0.0,0.75,0.0,0.0,1.0,0.0,1.0,0.25,0.25,0.25,0.75,0.75,0.0,0.75,0.25,0.75,1.0,0.17,1.0,0.17,0.5,0.83,0.83,0.17,0.25,0.5,0.5,0.5,0.75,0.5,0.5,0.25
241265,0.0,0.0,1.0,1.0,0.0,0.75,1.0,1.0,0.0,0.0,1.0,0.75,0.75,1.0,0.0,0.25,1.0,1.0,1.0,1.0,1.0,1.0,0.0,1.0,0.0,1.0,1.0,1.0,1.0,0.0,1.0,1.0,0.75,0.0,1.0,0.0,1.0,1.0,0.0,0.25,1.0,1.0,1.0,1.0,1.0,0.25,1.0,1.0,1.0,0.75,1.0,1.0,1.0,0.25,0.0,1.0,0.25,1.0,0.25,0.25,0.5,1.0,0.5,0.0,0.67,0.5,1.0,0.5,0.75,0.5,0.5,0.5,0.75,0.75,0.5
242392,0.0,0.75,1.0,0.0,1.0,0.0,1.0,1.0,0.0,0.0,1.0,0.0,0.0,1.0,0.0,0.0,1.0,0.0,1.0,1.0,0.0,1.0,1.0,1.0,1.0,0.0,1.0,1.0,0.0,0.0,1.0,1.0,1.0,0.0,0.0,0.0,0.0,1.0,0.0,1.0,0.0,1.0,1.0,1.0,0.25,0.0,0.0,1.0,0.0,1.0,0.0,0.0,1.0,0.0,1.0,0.0,0.0,1.0,0.75,1.0,1.0,0.0,0.0,0.83,1.0,1.0,1.0,1.0,1.0,0.25,0.75,0.25,0.5,0.0,0.0
243742,0.0,0.25,0.25,0.25,0.0,0.25,0.0,0.0,0.0,0.25,0.0,0.25,0.0,0.0,0.0,0.0,1.0,1.0,1.0,0.75,0.0,0.0,0.75,1.0,0.0,0.25,1.0,1.0,1.0,0.0,1.0,1.0,1.0,0.75,1.0,1.0,1.0,0.75,0.0,0.0,0.75,0.0,1.0,0.25,0.0,0.0,1.0,0.0,0.0,0.25,1.0,0.75,1.0,0.0,0.75,0.0,0.0,1.0,0.0,1.0,0.83,0.33,0.17,0.67,0.33,0.33,0.67,0.5,0.5,0.5,0.5,0.25,0.75,0.75,0.75
244958,1.0,0.0,1.0,0.0,1.0,1.0,0.75,1.0,0.75,0.0,0.25,0.75,0.0,1.0,0.0,0.0,0.0,0.0,0.75,0.75,0.75,1.0,0.0,1.0,0.75,0.75,0.75,1.0,0.0,0.0,0.75,0.75,1.0,0.75,0.25,0.75,0.25,0.25,0.0,1.0,1.0,1.0,0.75,0.75,0.75,0.25,0.75,0.0,0.0,0.75,0.25,1.0,1.0,1.0,0.0,1.0,0.25,1.0,0.0,0.0,0.17,0.67,0.17,1.0,0.83,0.17,1.0,0.5,1.0,0.5,0.5,0.5,0.75,0.5,0.5
245085,0.25,0.0,0.75,0.75,0.0,0.0,0.0,0.0,0.75,1.0,0.0,0.0,0.75,0.75,0.0,0.25,1.0,0.0,0.0,0.25,0.0,0.25,1.0,0.75,0.0,0.0,0.0,0.75,0.75,0.75,0.0,0.75,0.0,1.0,0.75,1.0,0.25,0.25,1.0,0.0,0.0,0.0,0.0,0.0,0.75,0.0,0.0,1.0,0.0,1.0,1.0,0.0,0.75,0.25,1.0,0.0,0.75,0.0,1.0,0.75,0.67,0.83,0.17,0.83,0.67,0.67,0.33,0.25,0.25,0.5,0.5,0.75,0.75,0.75,0.0
246118,0.0,1.0,1.0,0.0,1.0,1.0,1.0,0.0,1.0,1.0,1.0,0.0,1.0,1.0,0.0,0.0,1.0,1.0,0.0,0.0,0.0,1.0,1.0,1.0,1.0,1.0,1.0,1.0,1.0,0.0,1.0,0.75,0.0,1.0,0.0,0.0,1.0,0.0,0.0,1.0,1.0,1.0,1.0,1.0,1.0,1.0,1.0,1.0,0.0,0.0,1.0,1.0,1.0,0.0,1.0,1.0,1.0,1.0,0.0,0.0,1.0,1.0,0.0,0.0,1.0,1.0,1.0,0.5,0.5,0.5,0.5,0.5,0.75,0.75,0.0
247284,0.25,0.75,1.0,0.0,1.0,0.75,0.25,0.75,0.0,0.0,0.25,0.0,0.25,0.75,0.0,0.0,1.0,0.0,0.0,0.25,0.75,1.0,0.0,1.0,1.0,0.75,1.0,1.0,0.25,0.0,1.0,0.25,1.0,0.75,0.0,0.0,0.75,0.75,0.0,1.0,1.0,1.0,1.0,1.0,0.75,0.75,1.0,0.0,0.0,0.25,0.25,0.75,0.75,0.25,0.0,0.25,0.25,1.0,0.25,0.25,0.67,0.17,0.83,0.67,0.5,0.17,1.0,0.75,0.75,0.5,0.75,0.25,0.5,0.5,0.5
252526,0.0,0.0,0.0,0.0,1.0,1.0,0.0,0.0,0.0,0.0,1.0,0.75,0.0,0.0,0.0,1.0,1.0,1.0,0.0,0.0,0.0,0.0,0.0,1.0,1.0,0.0,0.0,1.0,1.0,0.0,0.25,0.0,1.0,0.0,1.0,0.0,0.0,1.0,0.0,1.0,1.0,1.0,0.75,0.0,0.0,0.0,1.0,1.0,0.0,0.0,0.0,0.0,1.0,0.0,0.0,1.0,1.0,1.0,0.0,0.0,0.33,0.67,0.67,0.33,0.67,0.5,1.0,0.25,0.5,0.25,1.0,0.25,0.5,0.5,0.5
253205,1.0,0.25,0.25,1.0,0.25,0.25,0.75,0.0,1.0,0.75,0.0,0.25,0.75,0.75,0.25,0.75,0.75,1.0,0.25,0.75,0.0,1.0,0.75,1.0,0.0,0.75,0.0,1.0,1.0,1.0,0.25,0.75,0.25,0.75,1.0,0.75,0.75,0.0,0.25,0.25,0.75,0.75,0.75,1.0,1.0,0.25,1.0,1.0,0.0,0.75,1.0,1.0,1.0,0.75,0.0,1.0,0.75,0.25,0.0,0.0,0.83,0.83,0.33,0.0,0.67,0.67,0.5,0.5,0.75,0.0,0.5,0.75,0.75,1.0,0.5
253517,0.0,1.0,0.75,0.0,1.0,1.0,0.75,1.0,0.0,0.0,1.0,1.0,0.75,1.0,1.0,0.75,0.0,1.0,0.75,0.75,0.75,0.75,0.0,1.0,1.0,0.75,1.0,1.0,0.25,0.75,1.0,0.25,1.0,0.25,0.75,0.0,1.0,0.75,0.0,1.0,1.0,1.0,1.0,1.0,1.0,1.0,1.0,0.0,0.75,0.25,0.0,1.0,1.0,0.25,0.0,1.0,0.75,1.0,0.0,0.0,1.0,0.17,1.0,0.17,0.83,0.0,1.0,1.0,1.0,0.0,1.0,0.0,0.5,0.25,1.0
255333,0.25,0.25,0.25,0.0,0.25,1.0,0.25,1.0,0.25,0.25,0.75,0.25,1.0,0.75,0.0,0.0,1.0,0.0,0.75,1.0,0.75,1.0,0.25,1.0,0.75,1.0,1.0,1.0,0.25,0.0,1.0,0.0,1.0,0.0,0.25,0.0,0.75,0.75,0.0,1.0,1.0,1.0,1.0,1.0,0.0,1.0,1.0,0.25,0.0,0.75,1.0,0.75,0.75,1.0,0.75,0.0,0.25,1.0,1.0,0.25,1.0,0.17,0.83,0.67,0.17,0.33,0.0,0.5,0.5,0.75,1.0,0.0,0.75,0.75,0.0
255420,1.0,0.75,0.25,0.75,0.25,0.75,0.75,0.0,0.25,0.25,0.75,0.0,0.75,1.0,0.0,0.75,1.0,0.25,0.25,0.75,0.0,0.25,0.75,1.0,0.75,0.0,0.0,0.75,1.0,0.75,0.25,1.0,1.0,0.25,1.0,0.0,0.75,0.25,1.0,0.0,0.0,0.0,0.75,0.75,0.75,0.75,0.75,0.75,0.0,0.75,0.75,0.75,0.75,0.0,0.75,0.0,0.25,0.75,0.75,0.75,0.83,0.5,0.67,0.17,0.83,0.83,0.67,0.25,0.5,1.0,0.25,1.0,0.75,0.75,0.5
255514,1.0,0.75,0.25,0.0,0.75,0.75,0.0,0.0,0.25,0.0,0.75,0.0,0.75,0.25,0.0,0.75,1.0,0.0,0.25,0.75,0.0,0.0,0.25,0.25,1.0,0.75,1.0,0.25,0.25,0.75,0.75,0.75,0.25,0.75,0.75,0.0,0.75,0.25,0.75,0.75,0.25,0.75,1.0,0.75,0.75,0.25,0.25,0.75,1.0,0.0,0.75,0.25,0.0,1.0,0.25,0.25,0.75,0.75,0.0,0.75,0.5,0.83,0.17,0.67,0.83,0.83,0.83,0.25,1.0,0.5,0.5,0.5,0.75,1.0,0.75
255673,0.25,0.25,0.25,0.25,0.0,0.0,0.25,0.25,1.0,0.75,0.25,0.25,0.25,0.75,0.0,0.0,1.0,0.25,0.0,0.75,0.0,0.75,0.75,1.0,0.0,0.25,0.0,0.75,0.75,0.75,0.25,1.0,0.0,0.75,0.75,1.0,0.75,0.0,0.75,0.25,0.25,0.25,0.0,0.0,1.0,0.75,0.25,0.75,0.0,0.25,1.0,0.25,0.75,0.0,0.25,0.25,0.75,0.0,0.25,0.25,0.83,0.83,0.33,1.0,0.67,0.83,0.17,0.5,0.75,0.75,0.5,0.75,0.5,0.75,0.5
257506,0.25,0.75,1.0,0.25,1.0,1.0,0.75,0.75,0.0,0.75,1.0,0.0,0.75,0.75,0.75,0.75,0.0,1.0,0.75,0.75,0.25,1.0,0.25,1.0,1.0,0.25,0.75,1.0,1.0,0.75,0.75,0.25,0.75,0.25,0.25,0.25,0.75,0.75,0.25,0.25,0.75,0.75,1.0,1.0,0.75,0.75,0.75,0.0,0.25,0.75,0.0,0.25,0.75,0.0,0.25,0.75,0.75,1.0,0.0,0.0,0.83,0.33,0.67,0.33,0.67,0.17,0.67,0.75,1.0,0.25,0.75,0.25,0.5,0.0,0.75
261048,0.0,0.25,1.0,0.0,0.0,0.25,0.0,0.0,0.0,1.0,1.0,0.0,0.0,1.0,0.0,0.0,0.75,0.0,1.0,1.0,0.0,0.0,0.75,0.75,0.25,0.75,1.0,0.75,0.75,1.0,0.75,0.75,0.0,0.75,1.0,1.0,0.75,0.0,1.0,0.0,0.75,0.75,1.0,0.75,1.0,0.75,0.25,1.0,1.0,0.75,0.0,0.75,0.25,0.75,0.75,0.0,0.75,0.75,0.75,0.75,0.67,0.67,0.5,0.83,0.83,1.0,0.33,0.5,0.75,0.75,0.5,0.75,0.75,0.25,0.5
261501,0.0,0.25,1.0,0.0,0.75,0.25,0.0,0.75,0.25,1.0,0.25,0.0,1.0,1.0,0.0,0.0,1.0,0.0,0.75,0.75,0.0,0.0,0.75,0.75,0.25,0.75,1.0,1.0,0.25,0.75,0.25,0.75,0.0,0.75,0.0,1.0,0.75,0.75,1.0,0.25,0.75,0.25,0.75,0.75,0.75,0.25,0.25,1.0,0.0,1.0,0.75,0.0,0.0,0.75,1.0,0.0,0.25,0.75,1.0,1.0,0.33,0.5,0.5,1.0,0.5,1.0,0.5,0.5,0.75,0.75,0.25,0.75,0.5,0.75,0.0
264569,0.75,0.75,1.0,0.75,0.75,0.25,1.0,0.75,0.75,0.0,0.75,0.75,0.25,1.0,0.75,0.75,0.0,1.0,0.25,0.25,1.0,1.0,0.75,0.75,0.75,0.75,0.75,0.75,0.25,0.75,0.75,0.75,0.75,0.0,1.0,0.25,0.25,0.0,0.75,0.75,1.0,0.75,0.75,0.25,0.75,0.25,0.75,1.0,1.0,0.0,0.25,1.0,0.75,0.75,0.0,1.0,1.0,1.0,0.25,0.0,0.5,0.5,0.67,0.0,0.83,0.5,0.5,0.5,0.75,0.0,0.75,0.25,0.5,0.5,0.75
264946,0.75,1.0,0.75,0.25,1.0,1.0,0.75,0.75,0.0,0.25,0.75,0.75,0.75,0.75,1.0,1.0,0.0,1.0,1.0,0.25,0.75,1.0,0.75,1.0,1.0,1.0,1.0,1.0,0.25,0.75,1.0,0.0,1.0,0.0,0.75,0.25,1.0,0.25,0.25,0.75,0.75,1.0,0.25,1.0,0.75,0.75,1.0,0.0,0.75,0.75,0.25,0.75,0.75,1.0,0.0,1.0,0.25,1.0,0.0,0.0,0.17,0.17,1.0,0.0,0.67,0.33,0.83,1.0,1.0,0.75,1.0,0.0,0.25,0.25,0.75
268788,1.0,0.25,1.0,1.0,0.75,0.75,0.25,0.25,0.25,0.75,0.25,0.25,0.75,0.25,0.0,1.0,0.75,0.0,1.0,0.75,0.0,1.0,0.75,1.0,0.0,0.25,0.0,0.75,1.0,0.25,0.25,1.0,0.0,0.75,0.75,0.75,0.75,0.75,0.25,0.25,0.25,0.25,0.25,0.75,1.0,0.75,0.25,0.75,0.0,0.0,0.25,0.75,0.25,0.75,0.0,1.0,1.0,0.0,0.0,0.25,0.33,1.0,0.67,0.17,1.0,0.33,0.33,0.25,0.75,0.5,0.75,0.5,0.5,0.25,0.5
270124,1.0,0.25,0.25,0.25,1.0,0.75,0.0,0.75,0.75,0.0,0.25,0.25,0.75,0.25,0.0,0.25,1.0,0.0,0.0,1.0,0.0,0.0,0.0,0.25,0.75,0.0,0.0,0.75,0.75,0.0,0.0,1.0,0.0,0.25,0.75,1.0,0.25,0.25,0.0,0.75,1.0,1.0,0.75,0.75,0.75,0.75,0.75,0.75,0.0,0.0,1.0,0.75,0.25,0.25,1.0,0.0,0.75,0.75,0.75,0.25,0.83,0.67,0.33,0.33,0.67,0.83,0.67,0.25,0.75,0.5,0.5,0.75,0.75,0.75,0.0
271504,1.0,1.0,1.0,0.25,1.0,1.0,1.0,1.0,0.0,0.0,1.0,0.75,0.75,1.0,1.0,1.0,0.0,1.0,1.0,1.0,1.0,1.0,0.25,1.0,1.0,0.75,1.0,1.0,0.0,0.75,1.0,0.0,1.0,0.0,0.75,0.0,1.0,1.0,0.0,0.25,1.0,1.0,1.0,1.0,1.0,1.0,1.0,0.0,1.0,0.0,0.0,1.0,0.25,1.0,0.0,1.0,0.25,1.0,0.0,0.0,0.83,0.33,1.0,0.17,0.17,0.0,1.0,0.5,0.75,0.75,1.0,0.0,0.5,0.25,0.75
272053,0.0,1.0,0.75,0.0,0.75,1.0,1.0,1.0,0.0,0.0,0.75,0.75,0.0,1.0,1.0,0.75,0.0,0.75,0.75,1.0,1.0,1.0,0.0,1.0,1.0,0.75,1.0,1.0,0.0,0.25,1.0,0.25,0.75,0.0,0.25,0.0,1.0,0.75,0.0,1.0,0.75,1.0,0.75,1.0,0.75,1.0,1.0,0.0,0.75,0.0,0.25,0.75,1.0,0.25,0.0,1.0,0.75,1.0,0.0,0.0,0.67,0.0,1.0,0.0,0.33,0.0,1.0,1.0,1.0,0.25,0.75,0.0,0.25,0.25,0.75
272054,0.25,0.25,0.75,0.0,0.75,0.75,0.25,0.75,0.25,0.0,0.25,0.75,0.25,0.75,0.75,0.25,0.25,1.0,1.0,0.75,0.0,1.0,0.75,1.0,0.75,0.0,1.0,1.0,1.0,0.0,1.0,0.75,0.0,1.0,1.0,0.0,0.25,0.75,0.25,0.75,1.0,0.75,0.0,0.75,0.75,0.75,0.75,0.25,0.75,1.0,0.75,0.75,1.0,0.25,0.0,0.25,0.0,0.75,0.0,0.0,0.67,0.67,0.5,0.0,0.5,0.67,0.83,0.75,0.75,0.25,0.5,0.5,0.75,0.5,0.5
274114,0.75,0.0,1.0,0.0,0.0,0.0,0.0,0.0,1.0,0.0,0.75,0.0,0.0,1.0,0.0,0.0,1.0,1.0,1.0,0.0,0.0,1.0,1.0,1.0,0.75,0.0,0.0,0.75,1.0,1.0,0.0,1.0,0.0,0.75,1.0,0.75,1.0,0.0,1.0,0.0,0.25,1.0,1.0,0.0,0.0,1.0,1.0,0.0,0.0,0.0,0.0,0.0,0.0,1.0,0.0,0.0,0.0,0.0,0.0,0.0,0.83,1.0,0.33,0.17,1.0,0.83,1.0,0.75,0.75,0.5,0.75,0.75,0.75,0.5,0.0
277992,0.25,0.75,1.0,0.0,1.0,1.0,0.25,0.75,0.75,0.0,0.75,0.25,0.0,1.0,1.0,0.75,0.0,1.0,0.25,0.75,0.75,1.0,0.75,1.0,1.0,0.0,1.0,1.0,0.75,0.0,1.0,0.25,1.0,0.75,0.25,0.0,1.0,1.0,0.25,0.75,1.0,0.75,1.0,0.75,0.25,1.0,1.0,0.25,1.0,0.0,0.25,1.0,1.0,1.0,0.0,0.75,0.25,1.0,0.0,0.0,0.33,0.17,0.83,0.0,0.17,0.33,0.83,0.75,0.75,0.25,0.75,0.25,0.5,0.25,0.75
278904,1.0,0.0,1.0,0.75,0.0,0.0,1.0,0.0,0.0,1.0,1.0,0.0,1.0,0.0,0.0,0.0,1.0,0.0,1.0,1.0,0.0,1.0,1.0,1.0,0.0,1.0,0.0,1.0,1.0,1.0,0.0,1.0,0.0,1.0,0.0,1.0,1.0,0.0,0.0,1.0,1.0,1.0,0.0,0.75,1.0,1.0,0.0,0.0,0.0,1.0,0.0,0.0,1.0,0.0,0.0,1.0,1.0,1.0,0.25,0.0,0.67,1.0,0.0,0.83,0.83,0.67,0.17,0.0,0.75,0.5,0.25,1.0,0.75,0.5,0.25
279013,0.25,0.75,0.75,0.75,0.25,0.0,0.0,0.75,0.25,1.0,0.25,0.25,0.25,0.25,0.0,0.0,1.0,0.0,0.0,0.75,0.0,0.0,1.0,1.0,0.0,0.0,0.0,0.75,1.0,0.0,0.0,1.0,0.0,1.0,0.0,1.0,0.0,0.0,1.0,0.0,0.25,0.0,0.25,0.25,0.25,0.25,0.0,1.0,0.0,1.0,0.0,0.0,0.0,1.0,0.75,0.0,0.0,0.25,1.0,1.0,0.0,0.83,0.0,0.67,0.33,0.83,0.0,0.0,0.5,0.5,0.25,0.75,0.75,0.5,0.0
279133,1.0,0.25,0.0,1.0,0.0,0.0,1.0,0.0,0.75,0.75,0.25,0.0,0.75,0.0,0.0,0.0,1.0,0.0,1.0,0.75,0.0,0.25,1.0,1.0,0.0,0.0,0.0,0.75,1.0,0.75,0.0,1.0,0.0,1.0,0.25,1.0,0.75,0.0,0.75,0.0,0.75,0.0,0.0,0.25,1.0,0.75,0.25,1.0,0.0,0.75,0.75,0.75,0.75,1.0,0.25,0.25,1.0,0.0,0.75,0.25,0.5,0.83,0.5,0.67,0.83,0.5,0.33,0.25,0.5,0.25,0.5,0.5,0.5,0.75,0.0
279567,0.0,1.0,0.75,0.0,0.75,0.25,0.0,1.0,1.0,1.0,0.0,0.75,1.0,1.0,0.0,0.0,0.0,0.0,1.0,0.75,0.0,0.25,1.0,0.0,0.0,0.0,0.25,1.0,1.0,0.75,0.75,1.0,0.0,1.0,0.0,1.0,0.25,0.75,0.75,0.75,1.0,1.0,1.0,1.0,0.0,0.0,1.0,1.0,0.0,1.0,0.0,0.0,0.0,1.0,1.0,0.0,1.0,1.0,1.0,1.0,1.0,0.83,0.67,0.83,0.33,1.0,0.5,1.0,0.5,0.75,0.5,0.5,1.0,0.75,0.75
280143,1.0,0.75,0.25,0.75,1.0,0.75,0.25,0.75,0.75,0.25,0.25,0.25,0.25,1.0,0.75,0.25,0.0,0.75,0.75,0.75,0.75,1.0,0.0,0.25,0.25,0.75,0.25,0.75,0.0,0.25,1.0,0.0,0.75,0.0,0.75,0.25,1.0,0.75,0.25,0.75,0.75,1.0,1.0,1.0,0.75,0.75,1.0,0.0,0.75,0.25,0.25,1.0,1.0,0.25,0.0,1.0,0.25,0.25,0.25,0.0,0.83,0.5,1.0,0.0,0.67,0.33,0.83,0.5,1.0,0.5,0.75,0.5,0.75,0.5,0.75
280693,0.25,0.25,0.0,0.25,0.25,1.0,0.75,0.25,0.25,0.0,0.25,0.75,0.25,0.75,0.25,0.25,0.75,0.75,0.25,1.0,0.0,0.75,0.25,0.25,0.75,0.25,0.75,0.75,0.25,0.75,0.25,0.75,0.0,0.75,0.75,0.25,1.0,0.25,0.25,0.25,0.25,0.25,0.25,0.25,1.0,1.0,1.0,0.75,0.25,0.25,0.25,1.0,1.0,0.25,0.0,0.75,1.0,0.25,0.0,0.0,0.83,1.0,0.33,0.83,0.5,0.67,0.67,0.75,0.75,0.5,0.75,0.75,0.5,0.5,0.5
280785,1.0,0.75,1.0,1.0,0.25,0.75,1.0,1.0,0.25,0.25,0.75,0.25,0.25,1.0,0.75,0.75,0.0,1.0,0.75,0.75,0.0,0.0,0.75,0.75,1.0,0.75,0.75,0.75,1.0,0.75,0.25,0.0,0.0,0.25,0.75,0.75,0.75,0.75,0.75,1.0,1.0,1.0,0.25,0.75,1.0,1.0,1.0,0.75,0.0,0.75,1.0,1.0,1.0,1.0,0.0,1.0,1.0,1.0,0.25,0.0,0.0,0.67,0.5,0.5,0.67,0.17,1.0,0.75,0.75,0.0,0.75,0.0,1.0,1.0,0.5
284602,1.0,0.0,0.75,0.25,1.0,0.0,0.0,0.0,0.0,0.0,0.0,0.25,0.0,1.0,0.0,0.0,0.75,1.0,0.75,1.0,1.0,1.0,1.0,1.0,0.0,0.0,0.0,1.0,1.0,1.0,0.0,1.0,1.0,0.0,1.0,1.0,0.75,0.0,0.0,1.0,0.0,0.25,1.0,1.0,1.0,1.0,1.0,1.0,0.0,0.0,0.0,1.0,1.0,0.0,0.0,1.0,1.0,1.0,0.0,0.0,1.0,1.0,1.0,0.0,0.83,0.17,0.83,0.5,0.5,0.25,0.75,0.5,0.75,0.5,0.75
288321,1.0,0.0,1.0,0.0,0.0,1.0,1.0,1.0,0.0,0.0,0.0,1.0,0.0,1.0,0.0,0.0,1.0,1.0,0.0,1.0,0.0,1.0,0.0,1.0,0.0,0.0,1.0,0.0,0.0,0.0,1.0,0.0,1.0,0.0,0.0,0.0,1.0,1.0,0.0,1.0,1.0,1.0,1.0,1.0,0.0,1.0,1.0,0.0,1.0,0.0,1.0,1.0,1.0,0.0,0.0,1.0,1.0,0.0,0.0,0.0,1.0,0.0,0.33,0.0,0.33,0.0,0.67,0.5,0.75,0.5,0.75,0.25,1.0,1.0,0.25
289442,0.75,0.25,0.75,0.25,0.25,0.75,1.0,0.75,0.25,0.0,0.75,0.75,0.25,0.75,0.25,0.75,0.25,0.75,0.75,0.75,0.75,1.0,0.0,1.0,1.0,0.0,1.0,1.0,0.25,0.25,1.0,0.0,1.0,1.0,0.25,0.0,1.0,0.75,0.75,0.75,0.75,1.0,0.75,1.0,1.0,1.0,0.75,0.0,0.25,0.25,0.75,1.0,1.0,0.75,0.0,1.0,0.0,1.0,0.25,0.0,0.33,0.17,0.67,0.0,0.67,0.33,1.0,0.5,1.0,0.5,1.0,0.0,0.5,0.75,0.5
290314,0.0,1.0,0.0,0.0,1.0,1.0,0.0,0.0,1.0,0.0,1.0,0.0,0.0,1.0,1.0,1.0,0.0,1.0,1.0,0.0,1.0,1.0,0.0,1.0,1.0,0.0,1.0,1.0,1.0,0.0,1.0,0.0,1.0,1.0,1.0,0.0,1.0,1.0,1.0,0.0,1.0,1.0,1.0,1.0,1.0,0.0,1.0,0.0,1.0,1.0,1.0,1.0,1.0,0.0,0.0,1.0,0.0,1.0,0.0,0.0,1.0,1.0,0.67,0.0,1.0,0.33,0.83,0.5,1.0,0.5,0.75,0.0,0.5,0.25,0.75
292663,0.0,1.0,0.25,0.0,1.0,1.0,0.75,0.75,0.25,0.0,0.75,0.75,0.25,1.0,1.0,0.75,0.0,1.0,1.0,1.0,1.0,1.0,0.0,1.0,1.0,1.0,1.0,1.0,0.75,0.0,1.0,0.0,1.0,0.0,0.75,0.0,1.0,0.75,0.25,0.75,1.0,1.0,1.0,1.0,1.0,0.75,1.0,0.0,1.0,0.25,0.0,0.75,0.75,0.75,0.0,0.75,0.75,1.0,0.0,0.0,0.33,0.17,0.83,0.0,0.67,0.33,1.0,1.0,0.75,0.5,1.0,0.0,0.5,0.0,0.75
293323,1.0,0.0,1.0,0.25,0.0,0.75,1.0,0.75,0.0,0.75,0.75,1.0,0.75,1.0,0.75,0.75,0.0,1.0,1.0,1.0,1.0,1.0,1.0,1.0,1.0,0.25,1.0,1.0,0.0,1.0,1.0,1.0,0.0,0.75,0.75,1.0,0.75,0.25,1.0,0.75,1.0,1.0,1.0,1.0,0.75,0.25,0.25,0.75,1.0,0.75,0.75,0.75,1.0,0.25,0.0,1.0,0.75,1.0,0.0,0.0,0.5,1.0,1.0,0.0,0.83,0.0,0.33,1.0,1.0,0.75,0.75,0.75,0.75,0.75,1.0
293883,1.0,0.75,1.0,0.0,0.0,0.25,0.0,0.0,0.75,1.0,0.0,0.0,1.0,0.75,0.0,1.0,1.0,0.0,1.0,1.0,0.0,1.0,0.0,1.0,0.0,0.0,0.0,1.0,1.0,0.0,0.0,0.25,0.0,1.0,1.0,1.0,1.0,1.0,0.75,0.0,1.0,1.0,1.0,1.0,0.0,0.0,0.0,1.0,0.0,1.0,1.0,0.0,1.0,1.0,1.0,0.0,1.0,0.0,1.0,0.75,0.0,1.0,0.0,0.83,0.0,0.83,0.67,0.25,1.0,1.0,0.5,0.5,0.5,1.0,0.0
294052,0.0,0.0,1.0,0.0,0.0,0.0,0.0,0.0,1.0,0.0,0.0,0.0,1.0,1.0,0.0,0.0,1.0,0.0,0.0,1.0,0.0,1.0,1.0,1.0,0.0,0.0,0.0,0.0,1.0,1.0,0.0,1.0,0.0,1.0,1.0,1.0,1.0,0.0,1.0,0.0,0.0,0.0,1.0,1.0,1.0,0.0,0.0,1.0,0.0,1.0,1.0,1.0,1.0,0.0,0.0,1.0,1.0,0.0,0.0,0.0,1.0,1.0,0.17,0.17,0.83,0.83,0.33,0.5,0.75,0.5,0.5,0.5,0.5,0.75,0.5
296410,0.0,0.75,1.0,0.0,1.0,1.0,0.25,0.75,0.0,0.0,0.75,0.75,0.0,1.0,1.0,1.0,0.0,1.0,1.0,1.0,1.0,1.0,0.25,1.0,1.0,1.0,1.0,1.0,0.75,0.25,1.0,0.25,1.0,0.0,0.75,0.0,1.0,1.0,0.0,0.75,1.0,1.0,1.0,1.0,0.75,1.0,1.0,0.75,1.0,0.0,0.0,0.0,0.0,1.0,0.0,1.0,0.75,1.0,0.0,0.0,0.67,0.33,1.0,0.17,0.67,0.0,1.0,0.75,0.75,0.25,0.5,0.25,0.5,0.25,0.75
299031,1.0,0.0,0.0,0.0,0.0,0.0,1.0,0.25,1.0,0.0,1.0,0.0,0.25,0.25,0.0,1.0,0.75,0.25,0.0,0.75,0.0,0.0,0.25,1.0,0.0,0.75,1.0,1.0,1.0,0.25,1.0,0.75,0.75,1.0,0.75,1.0,1.0,0.75,0.75,0.75,0.25,0.25,1.0,0.75,1.0,1.0,1.0,0.0,0.0,0.0,1.0,1.0,1.0,0.0,0.0,1.0,0.25,0.75,0.0,0.0,1.0,1.0,0.17,0.67,1.0,0.67,0.33,0.5,0.5,0.5,0.75,0.75,0.75,1.0,0.5
299255,1.0,0.0,1.0,1.0,1.0,0.0,1.0,0.0,0.75,0.0,0.75,0.0,0.25,0.25,0.25,0.75,0.0,0.0,0.25,1.0,0.0,1.0,1.0,0.0,0.0,0.25,0.0,1.0,0.25,0.75,0.0,0.75,0.25,1.0,0.0,0.0,0.75,0.0,0.0,1.0,1.0,1.0,0.0,0.0,1.0,0.75,0.75,0.25,0.0,0.25,0.0,1.0,1.0,0.0,0.0,1.0,1.0,0.75,0.0,0.0,0.83,0.83,0.5,0.5,0.83,0.5,0.5,0.5,0.75,0.5,0.5,0.5,0.5,0.5,0.5
299786,0.75,0.25,0.25,0.75,0.0,0.75,1.0,0.0,0.75,0.25,0.25,0.0,0.25,0.75,0.0,0.75,0.75,0.0,0.0,0.75,0.0,1.0,0.75,0.0,0.25,0.25,0.25,0.25,0.75,0.75,0.0,0.75,0.75,1.0,0.75,1.0,0.0,0.25,0.75,0.75,0.75,0.75,0.25,0.75,1.0,1.0,0.25,0.25,0.0,0.75,0.75,0.75,0.75,0.75,0.25,0.75,0.75,0.25,0.25,0.0,0.83,1.0,0.17,0.67,1.0,0.33,0.67,0.25,0.75,0.5,0.5,0.25,0.75,0.75,0.5
301828,1.0,0.25,1.0,0.0,0.0,0.0,0.75,0.0,0.25,0.25,0.25,0.0,1.0,0.0,0.0,0.0,0.0,0.0,0.0,0.0,0.0,0.0,0.25,1.0,0.25,0.0,1.0,1.0,1.0,1.0,0.25,1.0,0.0,1.0,0.25,0.0,0.25,1.0,0.75,0.0,0.75,0.25,0.75,1.0,1.0,0.25,0.75,0.75,0.0,0.0,1.0,0.25,0.0,1.0,1.0,0.0,0.25,1.0,0.0,0.75,0.67,0.33,0.67,0.67,0.17,0.67,0.17,0.25,1.0,1.0,0.0,1.0,1.0,0.75,0.0
301962,0.25,0.0,1.0,0.75,0.0,0.25,1.0,1.0,0.25,0.0,0.25,0.75,0.75,0.75,0.25,0.75,0.25,0.25,0.25,0.75,0.75,0.0,0.25,1.0,0.25,0.75,1.0,0.75,0.75,0.0,1.0,0.75,1.0,1.0,0.25,0.75,1.0,0.75,0.25,0.75,0.75,0.75,1.0,1.0,1.0,1.0,1.0,0.0,0.25,0.0,1.0,0.75,1.0,0.25,0.0,0.75,0.75,1.0,0.25,0.25,1.0,0.5,0.5,1.0,0.67,0.33,0.83,0.5,0.75,0.75,0.75,0.5,0.5,0.5,0.75
305864,0.0,1.0,0.0,0.0,0.75,1.0,0.75,1.0,0.25,0.0,0.75,0.75,0.25,1.0,0.25,0.75,0.0,1.0,0.0,1.0,0.75,1.0,0.0,1.0,1.0,1.0,1.0,1.0,0.75,0.0,1.0,0.25,0.75,0.75,0.25,0.0,1.0,1.0,0.25,1.0,1.0,1.0,1.0,1.0,0.25,1.0,1.0,0.25,0.25,1.0,0.0,0.75,0.75,0.0,0.0,0.75,0.0,1.0,0.0,0.0,1.0,0.67,0.5,0.17,0.33,0.67,0.83,0.75,1.0,0.5,1.0,0.5,0.5,0.0,0.75
306085,0.25,0.0,1.0,0.25,0.0,0.0,0.0,0.0,0.0,1.0,0.0,0.0,1.0,0.75,0.0,0.0,1.0,0.0,0.0,0.0,0.0,0.0,1.0,0.25,0.0,0.0,0.0,0.0,1.0,0.25,0.0,1.0,0.0,1.0,0.0,1.0,1.0,1.0,0.0,0.0,0.0,1.0,0.75,0.0,0.75,0.0,0.0,1.0,0.0,1.0,1.0,0.0,0.0,1.0,1.0,0.0,1.0,0.0,1.0,1.0,0.33,1.0,0.0,1.0,0.33,1.0,0.17,0.25,0.75,0.75,0.75,0.75,0.75,0.75,0.5
308436,0.25,0.0,1.0,0.25,0.0,0.0,0.75,0.0,0.75,0.75,0.75,0.0,1.0,0.0,0.0,0.0,1.0,0.0,0.0,0.0,0.0,0.0,1.0,1.0,0.75,0.75,0.75,0.75,0.75,0.75,0.0,0.75,0.75,0.75,0.25,0.75,0.75,0.75,1.0,0.75,0.75,0.75,0.75,0.75,0.75,0.75,0.75,1.0,0.0,0.75,0.75,0.75,0.75,0.25,1.0,0.25,0.75,0.75,1.0,0.75,1.0,0.67,0.5,0.83,0.67,1.0,0.67,0.25,0.5,0.5,0.5,0.5,1.0,0.75,0.25
308834,0.25,0.25,1.0,0.0,1.0,0.0,0.75,0.75,0.0,0.0,0.0,0.25,0.75,0.75,0.0,0.0,0.75,0.0,0.25,0.75,0.0,1.0,1.0,1.0,1.0,0.75,0.75,0.25,0.0,0.0,1.0,0.75,0.75,0.25,0.75,0.0,1.0,0.25,0.25,1.0,1.0,1.0,1.0,0.75,0.75,0.75,0.75,1.0,0.0,0.0,1.0,1.0,0.0,0.0,1.0,0.75,0.0,1.0,0.75,0.25,1.0,0.17,0.17,1.0,0.83,0.83,0.83,0.25,0.75,0.75,0.75,0.75,1.0,1.0,0.25
308969,0.75,0.75,0.75,0.25,1.0,1.0,0.75,0.25,0.0,0.0,0.25,0.25,0.25,1.0,1.0,0.75,0.0,1.0,1.0,0.75,1.0,1.0,0.75,0.75,1.0,0.25,1.0,0.75,0.25,0.0,1.0,0.0,0.75,1.0,0.75,0.25,0.75,1.0,0.0,1.0,1.0,1.0,1.0,1.0,0.75,0.75,1.0,0.25,1.0,0.75,0.0,1.0,0.75,1.0,0.0,1.0,0.25,1.0,0.25,0.0,0.0,0.0,0.83,0.0,0.83,0.0,1.0,0.75,0.75,0.5,0.75,0.0,0.5,0.0,0.75
309360,0.0,1.0,1.0,0.25,1.0,1.0,1.0,0.75,0.25,0.25,1.0,0.75,1.0,1.0,0.75,1.0,0.25,1.0,1.0,1.0,0.0,1.0,0.0,1.0,1.0,0.75,0.75,1.0,0.25,0.25,0.75,0.0,0.75,0.25,0.0,0.25,0.75,0.75,0.25,1.0,1.0,0.75,1.0,1.0,1.0,1.0,1.0,0.75,0.75,0.75,0.0,1.0,1.0,1.0,0.0,0.75,0.75,1.0,0.0,0.0,0.17,0.0,1.0,0.83,0.67,0.17,0.83,1.0,1.0,0.5,0.75,0.0,0.25,0.0,0.5
309712,0.0,0.25,0.75,0.75,1.0,0.0,0.25,0.0,1.0,0.0,0.75,0.25,1.0,0.75,0.0,0.0,1.0,0.0,0.75,0.75,0.0,1.0,0.75,0.75,0.0,0.75,0.0,0.75,1.0,0.25,0.25,1.0,0.0,0.25,0.75,1.0,0.75,0.0,0.75,0.75,0.75,0.75,0.0,0.75,1.0,1.0,1.0,1.0,0.0,0.75,0.75,0.75,0.25,0.0,1.0,0.25,1.0,0.0,1.0,0.75,1.0,1.0,0.0,0.67,1.0,0.83,0.17,0.5,0.75,0.5,0.75,0.75,1.0,0.75,0.0
312052,1.0,1.0,0.75,0.75,1.0,1.0,1.0,0.75,1.0,0.75,1.0,0.25,0.25,0.75,0.75,0.25,0.25,1.0,1.0,1.0,0.25,1.0,0.25,1.0,1.0,1.0,0.75,1.0,0.75,1.0,0.75,0.25,1.0,0.75,0.75,1.0,1.0,0.75,0.25,0.25,0.75,0.25,1.0,1.0,1.0,1.0,1.0,0.0,1.0,1.0,1.0,1.0,1.0,0.0,0.0,1.0,1.0,0.75,0.25,0.0,0.67,0.83,1.0,0.33,0.67,0.0,0.83,0.75,0.75,0.75,0.75,0.25,0.5,0.5,1.0
313682,0.25,1.0,0.75,0.0,0.25,1.0,0.0,1.0,0.0,0.0,0.75,0.0,0.0,0.25,0.75,0.25,0.25,0.25,0.0,0.0,0.0,0.0,0.0,0.75,0.25,0.25,1.0,0.75,0.0,0.75,0.75,0.25,0.25,0.75,0.75,0.0,0.75,0.25,0.75,0.25,0.25,0.75,0.75,0.75,1.0,0.75,0.75,0.75,0.0,0.25,0.0,0.25,0.0,0.75,0.25,0.25,0.75,0.75,0.25,0.25,0.83,0.33,0.83,0.17,0.5,0.0,0.33,0.75,0.75,0.25,0.75,0.0,0.5,0.5,0.75
314079,0.25,0.25,1.0,0.0,0.25,0.75,0.25,0.75,0.0,0.0,0.25,0.0,0.75,0.25,0.0,0.0,0.75,0.0,0.0,1.0,0.0,0.25,0.0,1.0,0.0,0.25,1.0,1.0,1.0,0.0,0.75,1.0,0.0,0.75,0.75,0.25,0.75,0.25,0.25,0.75,0.75,0.75,1.0,1.0,0.25,0.75,0.75,1.0,0.0,0.25,0.75,0.75,1.0,1.0,0.75,0.25,1.0,0.75,0.75,0.75,0.83,0.83,0.17,1.0,0.33,0.83,0.67,0.5,0.5,0.5,0.5,0.5,0.75,0.5,0.0
314951,1.0,0.75,0.75,0.0,0.75,1.0,1.0,0.25,0.25,1.0,1.0,1.0,1.0,1.0,1.0,1.0,0.0,1.0,0.75,0.75,1.0,1.0,0.0,1.0,1.0,1.0,1.0,1.0,0.0,0.0,1.0,0.75,0.25,0.25,0.75,0.75,0.75,1.0,0.0,1.0,1.0,1.0,0.75,1.0,1.0,1.0,1.0,0.0,1.0,0.25,1.0,1.0,1.0,0.0,0.0,1.0,1.0,0.75,0.0,0.0,1.0,0.5,1.0,1.0,1.0,0.5,0.67,0.75,1.0,0.75,1.0,0.75,1.0,1.0,0.5
318833,0.25,0.75,1.0,0.25,0.25,0.75,1.0,0.0,1.0,0.25,0.25,0.0,1.0,0.75,0.0,0.75,1.0,0.0,0.0,0.75,0.0,0.0,0.75,1.0,0.0,0.75,0.25,0.75,0.75,1.0,0.25,1.0,0.0,0.25,0.75,1.0,1.0,0.0,1.0,0.0,0.75,0.0,0.25,0.75,1.0,0.75,0.25,0.25,0.0,0.75,1.0,1.0,1.0,0.0,0.25,0.25,1.0,0.0,0.0,0.0,0.83,1.0,0.17,0.67,0.83,1.0,0.33,0.5,0.75,0.25,0.5,0.75,1.0,1.0,0.0
325973,0.25,0.25,0.75,0.25,0.75,0.25,0.25,0.25,0.75,0.0,0.0,0.25,0.25,0.75,1.0,1.0,0.25,1.0,0.0,0.75,1.0,1.0,0.25,1.0,0.75,1.0,0.75,0.75,0.0,0.75,0.75,0.0,0.25,0.0,1.0,0.25,0.75,0.75,1.0,0.75,0.25,0.75,0.25,0.75,1.0,0.75,0.75,0.0,1.0,0.25,1.0,1.0,1.0,0.25,0.0,1.0,0.75,0.25,0.0,0.0,0.33,0.33,0.67,0.17,0.5,0.33,0.67,0.5,0.75,0.25,0.75,0.0,0.75,0.5,0.5
326030,0.0,1.0,1.0,0.0,0.75,1.0,1.0,0.25,0.0,0.0,1.0,1.0,0.0,1.0,0.75,1.0,0.0,1.0,1.0,1.0,0.0,1.0,0.75,0.0,0.75,0.25,1.0,1.0,1.0,1.0,1.0,1.0,0.0,0.75,1.0,0.0,0.75,0.75,0.0,1.0,1.0,0.0,0.75,0.0,1.0,0.0,0.75,1.0,0.25,0.75,0.75,1.0,0.75,0.0,0.0,1.0,0.75,1.0,0.0,0.0,1.0,1.0,0.33,0.0,1.0,0.17,0.83,0.5,0.75,0.25,0.75,0.75,0.5,0.5,0.5
326828,1.0,0.0,0.75,1.0,0.75,0.25,0.0,0.0,1.0,0.25,0.75,0.0,0.75,0.0,0.25,0.75,0.25,0.0,0.0,0.75,0.0,1.0,0.75,1.0,0.0,0.0,0.25,0.75,0.75,0.25,0.0,1.0,0.25,1.0,0.75,0.75,0.75,0.0,0.0,0.75,0.75,0.25,0.0,0.25,0.75,0.75,0.0,0.25,0.0,0.75,0.25,0.0,1.0,0.25,0.0,0.75,1.0,0.0,0.0,0.0,0.67,0.83,0.17,0.67,0.67,0.83,0.17,0.25,0.75,0.25,0.5,0.75,0.5,0.5,0.25
327142,1.0,0.25,1.0,0.0,0.0,0.75,0.0,0.0,0.0,1.0,1.0,0.75,1.0,0.75,0.0,0.0,1.0,0.0,1.0,1.0,0.0,0.0,1.0,1.0,0.25,0.0,1.0,1.0,1.0,1.0,1.0,1.0,1.0,0.75,1.0,1.0,1.0,0.25,0.0,0.75,1.0,1.0,1.0,0.75,1.0,1.0,0.75,1.0,0.0,1.0,1.0,0.0,1.0,1.0,1.0,0.0,0.0,0.0,1.0,1.0,0.0,1.0,0.67,0.83,0.17,0.0,0.83,0.0,0.0,0.25,0.75,0.75,0.75,0.75,0.5
330733,0.0,0.75,1.0,0.0,0.75,0.75,0.0,0.0,0.0,1.0,0.25,0.25,0.25,0.25,0.25,0.0,0.25,0.25,0.25,0.25,0.0,1.0,0.75,0.25,0.75,0.75,0.75,0.75,0.0,0.0,0.25,0.75,0.0,1.0,0.0,0.75,1.0,0.0,0.0,0.25,1.0,1.0,0.0,0.0,0.0,0.0,0.0,1.0,0.0,1.0,0.0,0.0,0.0,1.0,1.0,0.0,0.0,0.25,0.75,1.0,0.5,0.0,0.83,1.0,0.0,1.0,0.17,0.25,0.75,0.75,0.75,0.75,0.5,0.0,0.0
332107,0.0,1.0,1.0,0.0,0.75,0.75,0.0,0.75,0.0,1.0,0.75,0.0,1.0,0.75,0.0,0.75,1.0,0.75,0.0,1.0,0.0,0.25,0.75,0.0,0.75,0.75,1.0,0.75,1.0,0.25,0.75,0.25,0.0,0.75,0.25,1.0,0.25,0.75,0.0,0.0,0.75,1.0,0.25,1.0,0.0,0.75,1.0,0.25,0.0,0.25,1.0,0.25,0.0,1.0,0.75,0.75,0.0,1.0,0.75,1.0,0.83,0.5,0.83,0.17,0.0,0.83,1.0,0.75,0.75,1.0,1.0,0.5,0.75,0.75,0.5
333167,0.0,0.75,1.0,0.0,0.25,0.75,0.0,1.0,0.25,1.0,0.75,0.25,1.0,0.75,0.0,0.0,1.0,0.0,1.0,1.0,0.0,1.0,0.0,1.0,1.0,0.0,1.0,1.0,0.75,0.25,0.25,0.75,0.0,1.0,1.0,1.0,0.75,0.75,0.75,0.75,1.0,1.0,0.75,0.75,0.25,0.25,1.0,1.0,0.0,1.0,1.0,1.0,1.0,1.0,1.0,0.0,0.0,1.0,1.0,0.75,0.83,0.0,0.67,1.0,0.17,1.0,0.0,0.25,0.25,0.0,1.0,0.75,1.0,1.0,0.25
333437,0.0,1.0,1.0,0.0,1.0,1.0,0.0,0.75,0.0,0.0,0.75,1.0,0.0,1.0,0.75,0.75,0.0,1.0,1.0,1.0,0.75,1.0,0.25,1.0,1.0,1.0,1.0,1.0,0.25,0.75,1.0,0.25,1.0,0.0,1.0,0.75,1.0,0.75,0.0,1.0,1.0,1.0,1.0,1.0,0.75,0.75,1.0,1.0,1.0,0.75,0.0,0.75,0.25,0.75,0.0,1.0,0.75,1.0,0.0,0.0,0.83,0.17,1.0,0.0,0.17,0.0,1.0,0.75,0.75,0.5,0.75,0.0,0.25,0.0,0.5
334076,0.0,1.0,1.0,0.25,1.0,0.75,0.75,0.25,0.0,0.25,0.75,0.75,0.25,1.0,1.0,0.25,0.25,1.0,1.0,1.0,0.75,1.0,1.0,1.0,0.25,1.0,1.0,1.0,0.0,1.0,1.0,0.0,0.75,0.25,1.0,0.0,1.0,0.25,1.0,1.0,1.0,0.25,0.25,1.0,1.0,1.0,1.0,0.0,0.0,0.25,0.0,0.0,0.0,0.25,0.0,0.75,0.25,1.0,0.25,0.0,0.83,0.83,0.83,0.17,0.83,0.33,0.83,0.75,0.75,0.5,0.75,0.5,0.5,0.25,0.75
335458,0.0,1.0,1.0,0.0,0.75,0.75,0.25,0.75,0.0,0.0,0.25,0.75,1.0,1.0,0.0,0.0,1.0,0.0,0.25,1.0,0.75,1.0,0.75,1.0,1.0,0.75,1.0,1.0,0.75,0.75,1.0,1.0,0.0,0.75,0.25,1.0,1.0,0.75,0.75,0.25,1.0,1.0,1.0,1.0,0.25,0.75,1.0,0.75,0.0,1.0,1.0,0.0,0.0,1.0,0.25,0.25,0.0,0.75,0.25,1.0,0.83,0.83,0.33,0.83,0.67,0.67,0.33,0.25,0.75,0.25,0.75,0.75,0.75,0.75,0.5
336556,0.0,1.0,1.0,0.0,1.0,0.75,0.75,0.75,0.75,0.0,0.75,0.75,0.75,1.0,0.75,0.75,0.75,1.0,1.0,1.0,0.0,1.0,0.75,1.0,0.0,0.25,1.0,1.0,0.75,1.0,1.0,0.25,0.75,0.25,0.75,0.75,1.0,0.75,0.75,1.0,1.0,1.0,1.0,1.0,0.75,1.0,1.0,0.25,0.0,0.25,0.0,0.75,1.0,1.0,0.0,0.75,0.0,1.0,0.0,0.25,0.83,0.5,1.0,0.0,0.67,0.5,0.67,0.75,0.75,1.0,1.0,0.25,0.75,0.25,0.25
337455,0.0,1.0,1.0,0.25,1.0,1.0,1.0,0.25,0.0,1.0,1.0,1.0,0.0,1.0,1.0,1.0,0.0,1.0,1.0,1.0,1.0,1.0,0.0,1.0,1.0,1.0,1.0,1.0,0.25,0.25,1.0,0.0,1.0,0.0,0.75,0.0,1.0,0.75,0.75,1.0,1.0,1.0,0.75,1.0,1.0,0.75,1.0,0.0,0.0,1.0,0.0,0.25,1.0,0.75,0.0,1.0,0.25,1.0,0.0,0.0,0.0,0.0,1.0,0.0,0.83,0.0,1.0,1.0,1.0,0.0,1.0,0.0,0.5,0.0,1.0
337655,0.0,1.0,0.75,0.0,0.0,1.0,1.0,0.25,0.0,1.0,1.0,0.0,1.0,1.0,0.0,0.0,0.0,0.0,0.0,0.0,0.0,0.0,1.0,1.0,1.0,0.75,1.0,1.0,0.0,0.75,0.75,0.25,0.0,0.25,0.75,0.0,1.0,0.75,0.0,1.0,0.75,0.75,1.0,0.25,1.0,1.0,1.0,0.75,0.0,0.75,1.0,0.75,0.75,0.25,0.0,0.75,0.75,1.0,0.25,0.25,0.83,0.33,0.33,0.33,0.67,0.67,0.83,0.75,0.75,0.25,0.75,0.75,0.75,0.75,0.75
338144,0.0,0.0,1.0,1.0,0.0,0.75,0.0,0.0,0.0,0.25,0.0,0.0,0.0,1.0,0.0,0.0,0.75,0.0,0.0,1.0,0.0,1.0,0.75,0.75,0.0,0.0,1.0,0.75,0.0,0.0,1.0,1.0,0.0,1.0,0.0,0.75,0.75,0.0,0.0,0.0,0.75,0.25,0.25,0.75,0.25,0.0,1.0,0.25,0.0,0.25,0.25,0.25,0.75,0.25,0.0,0.75,1.0,0.75,0.0,0.25,0.33,0.5,0.0,0.17,0.5,0.67,0.33,0.25,0.5,0.25,0.75,0.75,0.75,0.5,0.25
340739,1.0,0.0,1.0,1.0,0.0,0.0,0.0,0.0,1.0,0.0,0.0,0.0,1.0,0.0,0.0,0.0,1.0,0.0,0.0,0.0,0.0,0.0,1.0,1.0,0.0,1.0,0.0,0.0,0.0,1.0,0.0,1.0,0.0,1.0,1.0,1.0,1.0,1.0,1.0,0.0,0.0,0.0,0.0,0.0,1.0,0.0,0.0,1.0,0.0,0.0,1.0,1.0,1.0,0.0,1.0,0.0,1.0,0.0,1.0,0.0,1.0,1.0,0.0,0.5,0.67,1.0,0.0,0.0,0.75,0.5,0.5,0.75,0.75,1.0,0.0
342051,0.25,0.25,0.75,0.25,0.0,0.25,0.25,0.0,0.0,1.0,0.75,0.25,0.75,0.25,0.0,0.0,1.0,0.0,0.75,0.0,0.0,0.25,1.0,0.0,0.0,0.75,0.0,0.75,0.75,0.75,0.0,1.0,0.0,1.0,0.0,1.0,0.75,0.0,0.25,0.0,0.0,1.0,0.0,0.25,0.75,0.25,1.0,0.75,0.0,0.75,1.0,0.75,0.0,0.75,0.75,0.0,0.25,0.0,0.75,0.75,0.83,0.83,0.17,1.0,0.5,0.67,0.17,0.0,0.5,0.5,0.25,0.75,0.75,1.0,0.0
342212,1.0,0.25,0.0,1.0,0.0,0.0,0.75,0.0,0.0,0.0,0.0,0.25,1.0,1.0,0.75,0.0,0.0,0.25,0.75,1.0,0.0,0.0,0.0,0.25,0.0,0.75,0.0,0.75,0.0,0.0,0.75,0.0,1.0,0.0,0.0,0.0,1.0,0.25,0.0,1.0,1.0,1.0,0.75,1.0,1.0,0.75,0.75,0.0,0.0,1.0,1.0,1.0,1.0,0.75,0.0,1.0,0.25,0.75,0.0,0.25,0.83,0.67,0.67,0.0,0.67,0.33,1.0,0.5,0.75,0.25,0.75,0.0,0.5,0.75,0.75
343497,1.0,0.75,1.0,0.25,0.75,0.75,0.25,0.0,0.25,0.0,1.0,0.75,0.25,0.75,0.75,0.75,0.25,1.0,0.75,0.75,1.0,1.0,0.75,0.75,0.75,0.75,1.0,0.75,0.75,0.25,0.75,0.75,0.25,0.75,1.0,0.75,1.0,0.25,0.0,0.25,0.25,0.75,0.75,1.0,1.0,1.0,1.0,0.25,1.0,0.25,0.25,0.25,0.75,0.25,0.0,0.25,0.25,0.75,0.0,0.25,0.83,0.5,0.67,0.17,0.83,0.0,0.83,0.75,1.0,0.5,0.5,0.25,0.75,0.5,0.5
343568,0.75,0.75,1.0,0.25,1.0,1.0,0.0,0.25,0.25,0.0,1.0,0.25,0.0,1.0,1.0,0.75,0.0,0.75,0.75,0.75,0.75,1.0,1.0,1.0,0.75,1.0,0.75,0.25,0.75,0.75,1.0,1.0,1.0,0.25,0.75,0.0,0.75,0.75,0.25,1.0,1.0,1.0,1.0,0.75,1.0,1.0,1.0,0.25,0.75,0.0,0.0,0.75,0.75,0.25,0.0,1.0,0.25,0.75,0.0,0.0,1.0,1.0,0.67,0.0,0.67,0.17,0.83,0.5,0.75,0.5,0.5,0.5,0.5,0.5,0.5
343894,0.25,0.25,0.75,0.25,0.0,0.25,1.0,0.0,0.0,0.0,0.75,0.0,1.0,0.75,0.0,0.25,0.75,0.0,0.0,0.0,0.0,0.0,0.75,0.0,0.25,0.75,0.0,0.25,0.75,0.0,0.25,1.0,0.25,1.0,0.25,0.25,0.0,0.25,0.75,0.25,0.25,0.25,0.75,0.25,0.75,1.0,0.75,1.0,0.0,0.25,0.25,0.25,0.25,0.75,1.0,0.0,0.25,0.25,0.25,1.0,0.83,0.67,0.17,0.83,0.67,0.5,0.33,0.5,0.75,0.25,0.5,0.5,0.75,0.5,0.5
343918,1.0,0.0,1.0,1.0,0.0,0.0,1.0,0.0,0.0,1.0,0.0,0.0,1.0,0.0,0.0,0.0,1.0,0.0,1.0,1.0,0.0,1.0,0.0,1.0,0.0,1.0,1.0,1.0,1.0,1.0,0.0,1.0,0.0,1.0,0.0,1.0,1.0,0.0,1.0,1.0,0.0,0.0,1.0,0.0,1.0,1.0,1.0,1.0,0.0,1.0,1.0,1.0,1.0,1.0,1.0,1.0,1.0,1.0,1.0,0.0,0.33,0.83,0.5,0.83,0.67,0.67,0.67,0.25,1.0,0.25,0.5,0.75,1.0,1.0,0.0
350589,1.0,0.25,1.0,0.25,0.0,0.75,0.0,0.25,0.75,1.0,0.25,1.0,0.75,1.0,0.0,0.75,0.25,0.0,0.0,0.25,0.25,1.0,1.0,1.0,0.25,0.25,0.25,0.25,1.0,0.75,0.0,1.0,0.0,1.0,0.75,0.25,0.75,0.0,0.75,0.75,0.75,0.25,0.0,0.25,1.0,1.0,0.0,0.25,0.0,0.0,0.0,0.25,0.75,1.0,0.0,1.0,0.75,0.75,0.0,0.0,0.0,1.0,0.33,0.0,1.0,0.17,0.17,0.5,0.75,0.5,0.5,0.5,0.5,0.25,0.75
352103,0.25,1.0,1.0,0.75,0.75,1.0,0.25,0.75,0.0,0.0,0.75,0.25,0.0,1.0,0.75,0.75,0.0,1.0,0.75,0.75,0.75,0.75,0.25,1.0,1.0,1.0,1.0,1.0,0.75,0.75,0.75,0.75,0.25,0.75,0.75,0.25,1.0,0.75,0.75,0.25,0.75,1.0,0.75,0.75,0.75,1.0,1.0,0.0,1.0,0.25,0.75,1.0,1.0,0.25,0.0,1.0,0.75,1.0,0.0,0.0,1.0,0.17,1.0,0.17,0.67,0.0,1.0,0.75,0.75,0.5,0.75,0.5,0.75,0.5,0.75
352937,0.0,1.0,0.75,0.25,0.25,1.0,0.75,0.75,0.25,0.0,0.25,0.25,0.75,1.0,0.0,0.0,0.0,0.0,0.75,1.0,0.25,0.25,0.0,1.0,0.75,0.75,1.0,1.0,1.0,0.25,1.0,0.0,1.0,0.0,1.0,0.0,1.0,0.75,1.0,0.25,1.0,1.0,1.0,1.0,0.0,1.0,1.0,0.0,0.0,1.0,0.75,0.75,1.0,1.0,0.0,0.75,0.25,0.25,0.75,0.0,0.83,0.17,0.83,0.67,0.67,0.33,0.83,0.75,1.0,0.75,0.75,0.0,0.75,0.5,0.75
353009,0.0,0.75,1.0,0.25,0.25,0.75,0.0,0.0,0.0,1.0,0.75,0.0,0.0,0.25,0.75,0.25,0.0,1.0,0.0,0.0,0.0,0.0,0.75,0.75,0.75,1.0,1.0,0.25,0.75,1.0,0.75,0.75,0.0,1.0,1.0,0.75,0.25,0.75,0.75,0.0,0.0,0.0,0.75,0.75,0.0,0.0,0.75,0.75,0.0,0.25,0.25,0.0,0.25,1.0,0.0,0.0,0.0,0.75,0.0,0.75,0.83,0.5,0.83,1.0,0.33,0.17,0.5,0.5,0.5,0.75,0.5,0.5,0.5,0.5,0.5
353096,0.0,0.0,0.0,1.0,1.0,0.75,0.0,1.0,1.0,0.0,0.25,0.25,0.75,0.0,0.0,0.25,0.75,0.75,0.75,1.0,0.75,1.0,0.0,1.0,1.0,0.75,1.0,1.0,0.0,0.75,1.0,0.0,1.0,0.25,0.25,0.0,0.75,0.75,0.25,1.0,0.75,0.25,0.75,1.0,0.25,0.25,1.0,0.0,0.0,0.0,0.0,0.0,0.0,1.0,0.0,0.75,0.0,1.0,0.0,0.0,0.83,0.67,0.67,0.33,0.33,0.33,1.0,0.25,0.75,0.5,0.75,0.25,0.5,0.0,0.5
353621,0.75,1.0,1.0,0.0,0.25,1.0,0.25,0.25,0.0,0.0,1.0,0.25,0.75,0.75,1.0,1.0,0.0,1.0,1.0,1.0,0.25,1.0,0.25,1.0,0.75,1.0,1.0,1.0,0.0,0.75,0.75,0.0,1.0,0.0,0.75,0.75,1.0,1.0,0.25,1.0,1.0,1.0,0.0,1.0,0.75,1.0,1.0,0.0,0.75,0.25,1.0,1.0,1.0,0.75,0.0,1.0,0.25,0.75,0.0,0.0,0.67,0.17,0.83,0.0,0.5,0.33,0.83,0.75,0.75,0.25,0.75,0.25,0.5,0.5,0.75
353783,0.25,0.25,0.75,0.25,0.25,0.75,1.0,0.75,0.25,0.0,1.0,0.25,0.25,1.0,0.0,0.25,0.25,0.0,0.25,1.0,0.25,1.0,0.25,0.75,0.0,0.75,1.0,1.0,0.75,0.25,1.0,0.75,0.75,0.75,0.75,0.25,1.0,0.0,0.25,0.25,1.0,0.75,1.0,0.75,0.75,0.75,0.75,1.0,0.0,1.0,1.0,1.0,1.0,0.0,0.75,0.0,0.25,1.0,0.75,0.25,1.0,0.5,0.17,0.67,0.5,0.67,0.33,0.75,0.75,0.25,0.75,0.75,0.75,1.0,0.5
353994,0.0,0.0,0.0,0.0,0.0,0.0,0.0,0.0,0.0,0.0,1.0,0.0,0.0,0.75,0.0,0.0,1.0,0.0,0.0,1.0,0.0,0.75,0.0,1.0,0.0,0.0,0.0,1.0,1.0,0.0,1.0,0.0,0.0,0.75,0.0,0.0,1.0,0.75,0.0,0.0,1.0,1.0,1.0,1.0,0.0,0.0,1.0,0.0,0.0,1.0,1.0,0.75,0.0,1.0,0.75,0.0,0.25,1.0,1.0,1.0,0.0,1.0,0.0,0.0,0.0,1.0,0.67,0.0,1.0,1.0,0.75,0.75,1.0,1.0,1.0
354100,0.25,1.0,1.0,0.25,0.25,1.0,0.75,0.75,0.25,0.25,0.75,0.25,0.75,1.0,0.25,0.25,0.0,0.75,1.0,0.75,0.25,0.25,0.25,0.25,0.75,0.75,0.25,0.75,0.25,0.75,0.75,0.75,0.75,0.25,0.75,0.0,0.75,0.75,0.75,0.75,0.75,0.75,0.75,0.75,0.75,0.75,0.75,0.0,0.25,0.25,0.75,0.75,0.75,0.75,0.0,0.75,0.75,0.75,0.0,0.0,0.67,0.33,0.67,0.67,0.5,0.5,0.83,0.75,0.75,0.25,0.75,0.5,0.75,0.5,0.75
355438,0.0,1.0,1.0,0.0,0.75,0.0,0.0,0.25,0.0,1.0,0.0,1.0,0.0,0.75,0.25,0.25,1.0,0.75,0.0,0.75,0.0,1.0,1.0,1.0,0.25,0.25,0.75,0.75,1.0,0.0,0.75,1.0,0.0,1.0,0.0,1.0,1.0,0.0,0.0,1.0,1.0,1.0,1.0,1.0,0.0,0.0,0.0,0.75,0.0,1.0,0.0,0.0,0.0,1.0,0.75,0.0,0.0,1.0,0.75,1.0,0.0,1.0,0.33,1.0,0.33,0.17,1.0,1.0,1.0,0.25,0.75,0.75,0.25,0.0,0.25
357360,0.0,0.75,1.0,0.0,0.0,0.75,1.0,0.0,0.25,1.0,0.75,0.0,0.75,0.0,0.0,0.25,0.25,0.0,0.75,0.75,0.0,1.0,0.25,0.75,0.0,0.25,1.0,0.75,0.75,0.25,0.75,1.0,0.0,0.75,0.75,0.75,0.0,0.0,0.0,0.75,1.0,0.75,0.75,0.75,0.75,0.0,0.75,0.75,0.0,0.75,0.75,1.0,1.0,0.0,0.25,0.25,1.0,1.0,0.0,0.0,0.83,0.83,0.17,0.0,0.5,0.33,0.67,0.25,0.75,0.5,0.75,0.75,0.75,0.75,0.5
358807,0.75,0.0,0.75,0.0,0.0,0.0,0.0,0.75,0.0,0.0,0.0,1.0,1.0,0.0,0.0,0.0,1.0,0.0,0.0,0.25,0.0,0.0,0.75,1.0,0.0,0.0,0.0,0.75,1.0,0.25,0.75,1.0,0.0,1.0,1.0,1.0,0.0,0.0,1.0,0.0,0.25,0.0,1.0,0.0,1.0,0.0,1.0,1.0,0.0,0.0,1.0,0.25,0.0,1.0,1.0,0.25,1.0,0.0,0.75,1.0,0.83,1.0,0.0,0.17,0.17,0.83,0.83,0.0,0.75,0.75,0.75,1.0,1.0,1.0,0.0
359701,0.25,1.0,1.0,0.25,1.0,1.0,0.25,0.0,0.0,0.0,0.0,0.25,0.0,1.0,0.75,1.0,0.0,1.0,0.25,0.75,1.0,1.0,0.0,1.0,1.0,0.25,0.0,1.0,1.0,1.0,1.0,1.0,1.0,1.0,1.0,0.0,1.0,0.0,1.0,0.0,0.0,1.0,1.0,1.0,1.0,1.0,1.0,0.0,0.25,1.0,0.0,0.25,0.75,1.0,0.0,0.25,0.75,1.0,0.0,0.25,0.83,0.67,0.83,0.0,0.67,0.0,0.67,0.75,0.75,1.0,0.5,0.5,0.75,0.0,0.75
360425,0.75,0.0,1.0,0.75,0.0,1.0,0.75,0.0,0.0,0.0,0.75,0.0,0.75,0.75,0.0,0.25,0.75,0.75,0.0,0.0,0.0,0.0,0.0,0.75,0.25,0.0,1.0,1.0,0.0,0.75,0.75,0.25,0.25,0.25,0.75,1.0,0.75,1.0,0.0,0.75,0.75,0.75,1.0,1.0,0.75,0.75,1.0,0.75,0.0,0.25,1.0,0.75,0.25,0.25,0.75,0.25,0.25,1.0,0.75,0.0,1.0,0.67,0.67,0.83,0.5,0.83,0.83,0.5,0.75,0.5,1.0,0.5,0.75,0.75,0.5
360593,1.0,0.75,0.75,0.0,0.0,0.75,0.0,0.75,0.75,0.25,0.75,0.75,1.0,1.0,0.25,0.25,0.75,0.0,1.0,0.75,0.0,0.75,1.0,1.0,0.75,0.75,0.0,0.75,1.0,0.75,0.75,1.0,0.25,0.75,0.75,0.75,1.0,0.25,1.0,0.25,0.75,0.25,0.0,0.25,0.75,0.75,0.75,1.0,0.0,0.75,0.25,0.75,0.25,0.25,0.75,0.0,0.25,0.25,0.75,0.75,0.83,0.67,0.83,0.33,0.67,0.83,0.67,0.75,0.75,0.75,0.75,0.75,0.75,0.75,0.75
364253,0.25,0.25,0.75,0.0,0.25,0.75,0.25,0.75,0.25,0.0,0.0,0.0,0.25,0.25,0.25,0.75,0.25,0.25,0.25,1.0,0.25,0.75,0.25,1.0,0.25,0.75,1.0,0.75,0.75,0.25,0.75,0.75,1.0,0.75,0.75,0.25,0.75,0.75,0.25,0.25,0.75,0.75,1.0,1.0,0.75,0.75,1.0,0.75,0.0,0.25,0.75,0.75,0.75,0.0,0.0,0.75,0.75,1.0,0.25,0.25,0.83,0.83,0.5,0.0,0.67,0.5,0.5,0.5,0.75,0.75,0.75,0.75,0.75,0.5,0.5
365348,0.0,1.0,1.0,0.0,0.0,0.0,0.0,0.0,0.0,0.0,1.0,0.25,0.75,0.75,0.75,0.0,1.0,0.0,0.0,0.75,0.0,1.0,1.0,0.0,0.0,0.0,1.0,1.0,1.0,0.0,0.0,1.0,0.0,1.0,0.0,1.0,1.0,0.0,0.0,0.0,1.0,0.0,0.0,0.0,0.0,0.0,0.0,1.0,0.0,1.0,1.0,0.0,1.0,0.0,1.0,0.0,0.0,1.0,1.0,1.0,1.0,1.0,0.0,1.0,1.0,1.0,0.83,0.75,1.0,0.0,0.25,1.0,0.75,0.75,0.0
365721,0.75,0.0,1.0,0.0,0.0,0.0,0.0,0.0,0.25,1.0,0.25,1.0,0.25,0.0,0.0,0.0,1.0,0.0,0.0,0.75,0.0,0.25,1.0,1.0,0.0,0.75,0.25,0.0,0.75,0.75,0.0,1.0,0.0,1.0,0.25,0.75,0.75,0.25,0.0,0.25,0.25,0.25,0.25,0.25,1.0,1.0,0.0,1.0,0.0,1.0,0.25,0.0,0.0,0.75,1.0,0.0,1.0,0.0,1.0,1.0,0.83,0.83,0.17,0.5,0.83,0.67,0.17,0.0,0.75,0.25,0.25,0.75,0.75,0.75,0.5
367407,1.0,0.75,0.75,1.0,1.0,0.75,0.75,0.0,0.0,0.0,0.75,0.75,0.25,1.0,0.25,0.75,0.25,1.0,0.75,1.0,0.0,1.0,0.0,1.0,0.75,0.25,0.0,0.25,1.0,0.25,1.0,0.0,1.0,0.0,1.0,1.0,0.75,1.0,0.75,1.0,0.75,1.0,1.0,1.0,0.25,0.75,1.0,0.25,0.0,0.25,0.0,1.0,1.0,1.0,0.0,1.0,0.25,0.75,0.25,0.25,0.33,0.17,0.67,0.0,0.67,0.17,1.0,0.75,0.5,0.5,1.0,0.0,0.5,0.5,0.5
367551,0.75,1.0,1.0,0.0,0.75,1.0,0.75,1.0,0.0,0.0,0.75,1.0,0.75,1.0,1.0,1.0,0.75,1.0,1.0,1.0,0.75,1.0,0.0,1.0,1.0,1.0,1.0,1.0,1.0,0.0,1.0,0.0,1.0,0.25,1.0,0.0,0.75,0.75,0.0,1.0,1.0,1.0,1.0,1.0,0.75,1.0,1.0,0.0,0.25,0.0,0.0,1.0,1.0,1.0,0.0,1.0,0.0,1.0,0.0,0.0,1.0,0.0,1.0,0.5,0.0,0.0,1.0,0.5,1.0,0.0,1.0,0.0,1.0,0.0,1.0
368694,0.0,1.0,1.0,0.75,1.0,1.0,0.75,1.0,0.75,0.0,1.0,0.75,0.75,0.75,0.75,0.75,0.25,1.0,0.75,0.75,0.75,0.75,0.0,1.0,1.0,0.75,1.0,1.0,0.75,0.75,1.0,0.0,0.75,0.0,0.75,0.0,0.75,0.75,0.0,1.0,0.75,0.75,1.0,0.75,0.75,0.75,0.75,0.0,1.0,0.25,0.25,0.75,1.0,0.75,0.25,1.0,0.25,1.0,0.0,0.0,0.83,0.5,0.67,0.0,0.5,0.33,1.0,0.75,0.75,0.25,0.75,0.25,0.5,0.5,0.75
374607,0.0,1.0,0.0,0.0,0.0,1.0,1.0,1.0,0.0,0.0,0.0,0.0,0.0,1.0,0.0,1.0,0.0,1.0,0.0,0.0,1.0,1.0,0.0,1.0,1.0,0.75,1.0,1.0,0.0,0.0,1.0,0.0,0.0,0.0,0.0,0.25,0.25,1.0,0.75,1.0,1.0,0.75,1.0,1.0,0.25,1.0,1.0,0.0,0.0,0.0,0.0,1.0,1.0,1.0,0.0,1.0,0.0,1.0,0.0,0.0,0.67,0.0,0.5,0.0,0.5,0.67,1.0,0.5,0.5,0.5,1.0,0.25,0.5,0.25,0.75
376340,0.75,1.0,1.0,0.0,1.0,1.0,0.25,0.75,0.0,0.0,0.75,0.75,0.25,1.0,1.0,0.75,0.0,1.0,1.0,1.0,1.0,1.0,0.25,1.0,0.75,1.0,1.0,1.0,1.0,0.25,1.0,0.0,1.0,0.0,0.75,0.0,0.75,0.75,0.25,1.0,1.0,0.75,1.0,1.0,1.0,0.75,0.75,1.0,1.0,0.25,0.0,0.75,0.75,1.0,0.0,1.0,1.0,1.0,0.0,0.0,0.17,0.33,1.0,0.0,1.0,0.0,1.0,0.75,0.75,0.25,1.0,0.0,0.25,0.5,0.5
377391,0.0,0.75,0.75,0.25,1.0,1.0,0.75,1.0,0.0,0.0,0.75,0.75,0.75,1.0,1.0,1.0,0.0,1.0,1.0,1.0,1.0,1.0,0.75,1.0,1.0,0.75,1.0,1.0,0.0,0.0,1.0,0.25,0.75,0.0,0.0,0.0,0.25,1.0,0.0,0.75,1.0,1.0,1.0,1.0,0.75,1.0,1.0,0.0,1.0,0.0,0.0,0.0,0.0,1.0,0.0,1.0,0.0,1.0,0.0,0.0,0.17,0.0,0.83,0.17,0.83,0.0,1.0,0.75,0.75,0.5,0.5,0.0,0.25,0.0,0.75
379219,0.75,0.25,1.0,1.0,0.25,0.25,0.25,0.0,0.75,0.25,0.75,0.25,0.75,0.25,0.0,0.75,0.75,0.25,0.0,1.0,0.0,0.0,1.0,0.0,0.0,0.75,0.75,0.0,0.0,1.0,0.75,1.0,0.0,1.0,0.25,0.75,1.0,0.0,0.0,0.25,0.75,0.25,0.75,0.75,0.25,0.75,1.0,0.25,0.0,0.0,1.0,1.0,1.0,1.0,0.25,0.75,1.0,1.0,0.25,0.0,0.83,1.0,0.17,0.67,0.83,1.0,0.5,0.25,1.0,0.75,0.5,0.5,0.75,1.0,0.5
381729,0.75,0.75,0.25,0.25,0.75,0.25,0.75,0.25,0.25,0.75,0.75,0.75,0.25,0.75,0.25,0.25,0.25,0.75,0.25,0.75,0.0,0.0,0.75,0.75,0.25,0.25,0.25,0.25,0.25,0.75,0.0,0.25,0.75,0.25,0.25,0.25,0.25,0.75,0.25,0.25,0.25,0.25,0.75,0.75,0.75,0.75,0.25,0.25,0.25,0.25,0.25,0.75,0.25,0.75,0.75,0.25,0.25,0.25,0.25,0.25,0.33,0.67,0.67,0.33,0.67,0.33,0.33,0.75,0.75,0.25,0.25,0.25,0.75,0.75,0.75
383820,0.0,0.75,0.75,0.25,1.0,1.0,0.25,0.25,0.25,0.25,0.25,0.75,0.75,0.75,0.75,0.75,0.0,1.0,1.0,0.75,1.0,1.0,0.75,0.75,1.0,0.75,0.75,1.0,0.75,0.25,1.0,0.0,1.0,0.0,0.75,0.0,0.75,0.75,0.0,0.75,1.0,1.0,1.0,0.75,0.75,0.25,0.75,0.25,0.75,0.75,0.25,0.75,0.75,1.0,0.0,1.0,0.25,1.0,0.0,0.25,0.33,0.5,0.5,0.0,0.33,0.17,0.67,0.75,0.75,0.5,0.75,0.25,0.5,0.5,0.5
385106,0.75,0.75,1.0,0.0,1.0,0.0,0.0,1.0,0.0,0.0,0.75,0.0,0.25,1.0,0.0,1.0,0.0,0.0,1.0,1.0,1.0,1.0,0.0,0.75,1.0,0.25,0.25,0.0,0.75,0.25,0.0,0.75,0.25,0.25,0.0,0.75,0.75,0.0,0.0,1.0,1.0,0.25,1.0,0.0,1.0,0.75,0.75,0.25,1.0,0.25,0.75,0.75,1.0,0.0,0.0,0.25,0.75,0.75,0.0,0.0,0.17,0.67,0.83,0.0,0.83,0.0,0.67,0.75,1.0,0.5,0.75,0.5,0.75,0.5,0.5
385857,0.75,1.0,1.0,0.0,1.0,1.0,0.25,0.25,0.75,1.0,1.0,1.0,0.75,0.75,0.0,0.75,1.0,0.0,1.0,1.0,0.0,1.0,1.0,1.0,0.25,1.0,1.0,1.0,1.0,0.25,1.0,1.0,0.75,1.0,1.0,0.0,1.0,0.75,0.25,0.0,1.0,0.75,1.0,1.0,1.0,1.0,1.0,1.0,0.0,1.0,1.0,1.0,1.0,0.25,0.75,1.0,1.0,0.75,0.0,0.0,0.83,0.67,0.33,0.67,0.67,0.33,0.33,0.75,0.75,0.25,0.75,0.75,0.75,1.0,0.25
387477,0.75,0.25,1.0,0.25,0.25,0.25,0.75,0.75,0.75,0.0,0.75,0.25,0.25,0.75,0.25,0.75,0.75,0.25,0.25,0.75,0.75,0.25,0.75,1.0,0.75,0.25,0.25,0.75,0.25,0.25,0.75,0.25,0.75,0.25,0.75,0.25,0.75,0.75,0.25,0.75,1.0,0.75,0.75,0.75,0.75,0.75,0.75,0.25,0.25,0.75,0.25,0.75,0.75,0.25,0.25,0.75,0.75,0.75,0.0,0.0,0.67,0.5,0.17,0.0,0.83,0.5,0.67,0.5,0.75,0.25,0.75,0.25,0.5,0.5,0.5
391703,1.0,0.0,1.0,1.0,1.0,0.25,0.0,0.0,1.0,1.0,0.0,1.0,1.0,1.0,0.0,0.0,1.0,0.0,0.75,0.75,0.0,0.0,1.0,1.0,0.0,0.0,0.75,0.25,1.0,1.0,0.75,1.0,0.0,1.0,1.0,1.0,0.0,0.0,1.0,0.0,0.0,0.0,0.0,0.0,1.0,0.0,1.0,1.0,0.0,1.0,1.0,0.0,0.0,1.0,1.0,0.0,1.0,0.0,1.0,1.0,0.83,1.0,0.0,0.67,0.83,0.83,0.0,0.25,1.0,0.75,0.75,1.0,0.75,1.0,0.0
393187,0.25,0.25,0.0,0.25,0.25,0.75,0.0,0.0,0.25,0.0,0.25,1.0,0.0,0.0,0.75,0.75,0.0,0.0,1.0,1.0,0.75,1.0,0.25,0.0,1.0,0.25,0.75,0.75,0.0,0.0,0.75,0.25,0.25,0.25,0.0,0.0,0.75,0.75,0.0,0.25,0.75,0.25,0.75,0.75,0.75,1.0,1.0,0.0,0.0,0.0,0.0,0.75,0.25,1.0,0.0,1.0,0.0,0.75,0.0,0.0,0.0,0.67,0.67,0.33,0.5,0.0,0.5,0.5,0.75,0.25,0.5,0.25,0.5,0.25,0.5
397166,0.25,1.0,0.0,0.0,0.0,0.75,0.0,0.25,0.25,0.25,0.75,0.25,0.25,0.0,0.0,0.25,0.25,0.25,0.25,0.75,0.0,0.0,0.25,0.25,0.25,0.25,0.75,0.75,0.75,0.75,0.25,0.75,0.25,0.75,0.75,1.0,0.75,0.25,0.75,0.75,0.75,0.75,0.25,0.0,0.25,0.25,0.75,1.0,0.0,0.25,0.25,0.25,0.25,0.25,0.75,0.0,0.75,0.25,0.75,0.75,0.83,0.5,0.5,0.83,0.5,0.83,0.5,0.5,0.5,0.5,0.75,0.75,0.75,0.75,0.25
397332,0.75,0.25,0.25,0.75,0.75,0.0,0.25,0.75,0.75,0.25,0.25,0.25,0.25,0.75,0.75,0.75,0.75,0.75,0.75,1.0,0.75,1.0,0.75,1.0,1.0,0.75,0.0,1.0,0.75,1.0,0.75,0.0,0.25,0.75,0.75,0.25,1.0,0.25,0.25,0.75,1.0,1.0,1.0,1.0,1.0,0.75,1.0,0.25,0.25,0.75,1.0,1.0,1.0,1.0,0.0,0.75,0.75,0.75,0.0,0.0,0.83,0.67,0.67,0.0,0.67,0.33,0.83,0.5,0.5,0.25,0.5,0.0,0.5,0.5,0.5
398864,1.0,1.0,0.0,0.75,1.0,1.0,0.0,0.0,0.0,1.0,0.0,0.0,0.25,1.0,0.0,0.0,0.75,0.0,1.0,1.0,0.0,1.0,1.0,1.0,0.0,0.25,0.0,0.0,1.0,0.75,0.25,1.0,0.0,0.0,0.75,1.0,0.75,0.0,0.0,1.0,0.75,0.25,0.0,1.0,1.0,1.0,0.0,1.0,0.0,0.0,0.0,1.0,0.25,1.0,0.0,1.0,0.0,1.0,0.0,0.75,0.83,1.0,0.33,0.0,1.0,0.0,0.33,0.25,1.0,0.25,1.0,0.75,0.75,0.0,0.25
398876,0.0,0.0,1.0,0.25,0.75,0.25,0.25,0.0,0.75,0.75,0.25,0.0,0.75,0.75,0.0,0.25,0.75,0.0,0.75,0.75,0.75,0.25,1.0,0.75,0.0,1.0,0.0,0.75,0.75,1.0,0.0,0.75,0.25,0.75,0.0,0.75,0.25,0.0,0.0,0.75,1.0,0.25,0.75,0.25,0.75,0.75,0.25,1.0,0.0,0.25,1.0,1.0,1.0,1.0,0.75,0.75,0.75,0.25,1.0,0.0,0.0,0.83,0.0,0.67,0.67,0.83,0.67,0.0,0.75,0.25,0.25,0.5,1.0,1.0,0.5
400611,1.0,0.25,1.0,1.0,1.0,0.25,0.75,1.0,0.0,0.0,1.0,0.75,0.25,1.0,1.0,1.0,0.0,0.75,1.0,1.0,0.75,1.0,1.0,1.0,0.75,0.0,0.0,0.0,0.75,0.25,0.0,1.0,0.0,0.75,1.0,1.0,0.25,0.25,0.0,1.0,0.75,1.0,0.0,0.75,1.0,1.0,0.75,0.25,0.25,0.75,0.0,1.0,1.0,0.75,0.0,1.0,1.0,0.25,0.0,0.0,0.33,1.0,0.67,0.17,1.0,0.17,0.33,0.75,1.0,0.0,0.25,0.25,0.25,0.25,0.5
400981,0.25,0.75,1.0,1.0,1.0,1.0,0.75,0.75,0.25,0.0,0.0,0.0,0.75,0.75,0.75,1.0,0.0,1.0,1.0,0.25,0.75,1.0,0.0,1.0,0.25,0.75,0.0,0.75,1.0,0.25,1.0,0.75,0.75,0.75,0.75,0.25,1.0,0.75,0.25,0.75,0.75,0.75,1.0,1.0,1.0,0.25,1.0,0.75,1.0,0.25,0.25,0.75,0.75,0.75,0.0,1.0,0.25,1.0,0.0,0.0,1.0,1.0,0.0,0.0,1.0,0.33,0.33,1.0,1.0,0.75,1.0,0.25,0.25,0.25,0.25
401907,0.0,0.25,0.25,0.25,1.0,0.75,0.25,1.0,0.25,0.0,0.75,0.25,0.75,0.75,0.25,0.75,0.75,0.75,1.0,0.75,0.75,1.0,0.25,1.0,1.0,0.75,0.75,1.0,0.25,0.75,0.75,0.0,0.75,0.75,0.75,0.0,0.25,0.75,0.0,0.75,0.75,0.75,0.75,1.0,1.0,1.0,1.0,0.0,0.25,0.75,0.0,0.25,0.75,0.75,0.0,0.75,0.25,0.75,0.0,0.25,0.33,0.33,0.67,0.17,1.0,0.17,0.83,0.5,0.75,0.5,0.75,0.25,0.5,0.25,0.5
402496,0.25,0.0,1.0,1.0,0.0,0.25,0.75,0.0,0.0,0.0,0.0,0.25,0.75,0.75,1.0,1.0,0.25,1.0,0.0,0.25,0.25,1.0,0.25,0.75,0.25,0.25,0.0,0.0,0.75,0.75,0.0,0.75,0.0,0.75,0.75,0.25,1.0,0.25,0.0,0.25,0.75,0.75,0.25,0.25,1.0,0.75,0.25,0.25,0.0,0.0,0.75,1.0,0.75,0.0,0.25,0.25,0.0,0.75,0.0,0.25,0.83,0.83,0.17,0.0,0.67,0.33,0.33,0.75,0.75,0.75,0.75,0.75,0.5,0.5,0.5
403242,0.0,1.0,0.25,0.0,1.0,1.0,0.0,1.0,0.25,0.0,0.25,1.0,0.25,1.0,1.0,1.0,0.0,1.0,1.0,1.0,0.75,1.0,1.0,1.0,0.0,0.0,1.0,1.0,1.0,0.75,0.75,1.0,1.0,1.0,1.0,0.0,1.0,1.0,0.0,0.0,1.0,1.0,1.0,1.0,0.75,1.0,1.0,0.0,0.75,0.0,0.0,1.0,1.0,0.0,0.0,1.0,1.0,1.0,0.0,0.0,0.67,0.67,0.67,0.67,0.33,0.33,0.67,0.75,0.75,0.25,0.75,0.75,0.25,0.25,0.75
405064,1.0,1.0,1.0,0.0,0.0,0.0,0.0,0.0,0.0,0.0,0.0,1.0,1.0,1.0,0.0,0.0,1.0,0.0,0.0,1.0,0.0,1.0,1.0,1.0,0.0,0.0,0.0,1.0,1.0,1.0,1.0,1.0,0.0,0.75,1.0,1.0,1.0,0.0,0.75,1.0,1.0,0.75,1.0,1.0,1.0,0.75,1.0,1.0,0.0,1.0,0.25,0.75,0.75,0.75,1.0,0.0,0.75,1.0,1.0,1.0,0.83,0.83,0.17,0.67,0.83,1.0,0.33,0.0,0.75,0.0,0.75,1.0,0.75,0.25,0.25
407264,0.0,1.0,1.0,0.0,0.0,0.0,0.25,0.0,0.0,0.0,0.0,0.0,1.0,1.0,0.0,0.0,1.0,0.0,0.0,1.0,0.0,1.0,1.0,1.0,0.0,0.0,0.75,1.0,0.0,0.0,0.0,0.0,0.0,1.0,0.25,1.0,0.75,0.75,0.75,0.25,0.75,1.0,0.75,0.75,0.25,0.75,0.0,0.75,0.0,0.25,1.0,0.25,0.0,1.0,1.0,0.25,0.25,0.75,0.25,1.0,0.83,0.33,0.33,0.67,0.0,1.0,0.5,0.25,0.75,0.75,1.0,0.0,0.75,1.0,0.0
407578,1.0,0.25,1.0,1.0,1.0,0.25,1.0,0.0,1.0,0.75,0.75,0.0,0.25,0.25,0.25,1.0,1.0,0.75,0.25,1.0,0.0,0.75,1.0,1.0,0.0,0.0,0.0,0.0,1.0,1.0,0.25,0.75,0.0,1.0,1.0,1.0,0.75,0.75,0.75,0.75,0.75,0.25,0.25,0.0,1.0,1.0,0.75,1.0,0.0,1.0,0.25,0.75,1.0,0.75,1.0,0.25,1.0,0.25,1.0,0.25,0.83,1.0,0.0,0.33,0.83,1.0,0.0,0.25,0.75,0.25,0.75,0.75,0.75,0.75,0.25
408342,0.75,1.0,1.0,0.0,1.0,1.0,0.75,1.0,0.75,0.0,1.0,1.0,0.25,1.0,0.75,1.0,0.0,1.0,1.0,1.0,0.75,1.0,0.0,1.0,1.0,0.75,1.0,1.0,1.0,0.75,1.0,0.25,0.75,0.0,0.75,0.0,1.0,1.0,0.25,1.0,1.0,1.0,1.0,1.0,0.75,1.0,1.0,0.25,0.75,0.75,0.25,0.75,0.75,0.0,0.0,1.0,0.25,1.0,0.0,0.25,0.83,0.0,1.0,0.0,0.67,0.17,1.0,1.0,1.0,0.0,0.25,0.25,0.25,0.25,0.75
409008,1.0,0.75,1.0,0.25,0.75,1.0,0.75,1.0,1.0,0.0,1.0,0.75,0.75,0.75,0.75,1.0,0.75,1.0,1.0,1.0,1.0,1.0,0.25,1.0,1.0,0.75,1.0,1.0,1.0,1.0,0.25,0.0,1.0,0.0,1.0,0.0,0.75,1.0,0.25,0.75,0.75,0.75,1.0,1.0,1.0,0.75,1.0,0.25,0.25,0.25,0.25,0.75,1.0,0.25,0.25,0.75,0.75,1.0,0.25,0.25,0.33,0.83,0.5,0.0,0.83,0.0,0.83,0.5,0.75,0.5,1.0,0.0,0.5,0.5,0.5
409606,0.0,1.0,1.0,0.0,1.0,1.0,0.25,0.75,0.0,0.25,1.0,1.0,0.0,1.0,0.75,0.75,0.0,1.0,0.25,1.0,0.0,1.0,0.0,1.0,0.25,1.0,0.0,1.0,0.25,1.0,1.0,0.0,0.25,0.0,0.25,0.0,1.0,1.0,1.0,1.0,1.0,1.0,1.0,0.25,0.0,0.75,1.0,0.0,1.0,0.0,0.0,0.0,0.0,0.0,0.0,1.0,0.0,1.0,0.0,0.0,0.67,0.0,1.0,0.0,0.0,0.17,1.0,1.0,1.0,0.0,1.0,0.0,0.0,0.0,1.0
410359,1.0,0.25,0.75,0.75,0.0,0.25,0.75,0.0,1.0,0.25,1.0,0.0,1.0,1.0,0.75,1.0,1.0,0.75,1.0,1.0,0.0,1.0,1.0,1.0,0.75,0.75,1.0,0.0,1.0,1.0,0.25,1.0,0.0,1.0,0.75,1.0,1.0,0.75,0.75,0.75,0.75,0.75,0.75,0.75,1.0,1.0,1.0,1.0,0.25,0.75,1.0,0.75,0.25,0.25,0.0,0.75,1.0,0.75,0.0,0.75,0.17,0.83,0.5,0.33,0.83,0.0,0.17,0.25,0.75,0.25,0.75,0.5,0.75,0.75,0.75
410488,1.0,0.0,1.0,0.25,0.0,0.0,0.25,0.25,0.25,0.0,0.0,0.0,1.0,0.0,0.0,0.0,0.25,0.0,0.75,0.25,0.0,0.25,0.0,1.0,0.0,0.75,0.75,1.0,0.75,0.0,0.75,0.0,0.25,0.75,0.0,0.75,0.25,0.75,0.0,0.25,0.75,0.75,1.0,1.0,1.0,0.25,0.75,0.25,0.0,1.0,1.0,0.25,0.0,1.0,1.0,0.0,0.0,1.0,0.25,0.25,0.0,0.33,0.33,0.5,0.33,0.5,0.5,0.25,0.5,1.0,0.75,0.0,0.5,0.5,0.25
410713,1.0,1.0,0.0,0.0,0.25,1.0,0.0,0.25,0.0,0.0,0.25,0.75,0.0,1.0,1.0,0.25,0.75,1.0,1.0,0.0,0.0,1.0,0.0,1.0,1.0,0.25,1.0,1.0,0.0,0.75,1.0,0.0,0.25,1.0,1.0,0.0,0.25,1.0,0.75,0.75,1.0,0.75,1.0,1.0,1.0,0.75,0.75,0.0,0.75,0.0,0.0,1.0,1.0,0.75,0.0,1.0,0.25,1.0,0.0,0.0,0.17,0.17,0.5,0.67,0.5,0.17,0.83,0.75,0.75,0.25,1.0,0.0,0.75,0.0,0.75
411469,0.25,1.0,1.0,0.0,1.0,0.75,0.25,0.75,0.25,0.25,0.75,0.0,0.0,0.75,0.0,0.25,0.25,1.0,0.0,0.0,0.0,0.0,1.0,1.0,1.0,0.75,1.0,0.75,0.75,0.0,1.0,0.75,0.75,0.25,0.25,0.25,0.75,0.75,1.0,0.0,0.0,0.25,0.75,0.75,0.25,0.75,1.0,1.0,0.25,0.25,1.0,0.25,0.0,1.0,0.25,0.25,0.0,1.0,0.25,0.25,1.0,0.67,0.67,1.0,0.17,0.33,0.67,0.25,1.0,1.0,1.0,0.5,0.75,0.5,0.5
415079,0.25,0.75,1.0,0.25,1.0,0.75,0.75,1.0,1.0,0.0,0.75,0.25,0.75,0.75,0.25,0.25,0.75,1.0,0.75,0.75,0.75,1.0,0.75,1.0,1.0,0.75,0.75,1.0,1.0,0.25,1.0,0.25,0.75,0.25,0.75,0.0,0.25,1.0,0.0,1.0,1.0,1.0,1.0,1.0,0.25,0.75,0.75,0.75,0.75,0.75,0.0,0.75,0.0,0.75,0.0,0.75,0.25,1.0,0.0,0.25,0.83,0.83,0.83,0.33,0.83,0.17,1.0,0.5,0.75,0.75,0.75,0.25,0.75,0.25,0.75
415158,0.75,1.0,1.0,0.75,1.0,0.75,0.25,0.25,0.75,0.0,0.25,1.0,0.0,1.0,1.0,1.0,0.0,1.0,1.0,1.0,1.0,1.0,0.25,1.0,0.25,0.25,0.25,0.75,0.25,1.0,1.0,0.0,1.0,0.25,0.75,0.0,1.0,1.0,0.0,1.0,1.0,1.0,1.0,1.0,1.0,0.75,1.0,0.0,1.0,0.75,0.0,0.75,1.0,1.0,0.0,1.0,0.75,1.0,0.0,0.0,0.17,0.67,1.0,0.0,0.67,0.17,1.0,0.75,1.0,0.25,0.75,0.0,0.5,0.0,0.5
417097,0.75,1.0,0.25,0.0,1.0,1.0,0.75,0.75,0.75,0.75,1.0,0.25,0.75,1.0,0.75,0.25,0.25,0.25,0.75,0.75,0.75,1.0,0.0,0.25,1.0,0.75,1.0,1.0,0.25,0.75,1.0,0.75,1.0,0.0,1.0,0.0,0.75,1.0,0.25,1.0,1.0,1.0,1.0,1.0,1.0,1.0,1.0,0.0,0.25,0.25,0.25,0.75,1.0,0.25,0.0,1.0,0.75,1.0,0.0,0.0,0.83,0.5,0.83,0.17,0.67,0.17,1.0,0.75,0.75,0.25,0.75,0.25,0.5,0.5,0.75
417606,0.25,0.75,0.75,0.75,1.0,0.75,0.75,0.0,0.75,0.0,1.0,1.0,1.0,1.0,0.75,0.25,0.25,1.0,0.0,0.0,0.0,0.25,0.25,0.75,1.0,0.75,1.0,1.0,1.0,0.25,1.0,0.75,0.25,1.0,0.0,0.0,1.0,0.25,0.25,0.0,0.75,1.0,1.0,1.0,1.0,0.75,1.0,0.25,0.75,0.25,0.75,0.75,0.75,1.0,0.0,1.0,0.25,0.0,0.0,0.25,1.0,1.0,0.5,0.33,0.17,0.0,1.0,0.75,1.0,0.5,1.0,0.75,0.75,0.5,0.75
418776,0.25,0.25,1.0,0.0,0.25,0.25,0.75,0.75,0.0,0.25,0.75,0.0,0.0,0.75,0.0,0.25,0.75,0.0,0.0,0.75,0.0,0.25,0.25,0.75,0.0,0.25,0.25,0.75,0.75,0.75,1.0,1.0,0.75,0.25,0.25,0.25,0.75,0.75,0.25,0.75,0.75,0.75,0.75,0.75,0.75,0.75,1.0,1.0,0.0,0.25,0.25,0.75,0.75,1.0,0.0,0.75,0.25,1.0,0.0,0.25,0.17,0.33,0.17,0.0,0.5,0.83,0.67,0.75,0.75,0.25,0.75,0.5,0.5,0.5,0.5
418866,0.0,1.0,1.0,0.0,0.75,1.0,0.0,0.75,0.0,0.75,0.75,0.75,0.25,1.0,1.0,1.0,0.0,1.0,0.75,1.0,0.75,0.75,0.0,0.75,1.0,0.75,1.0,0.75,0.75,0.25,1.0,0.0,0.25,0.25,0.75,0.0,1.0,0.75,0.25,0.75,0.75,1.0,0.75,1.0,0.25,0.75,1.0,0.0,0.0,0.25,0.0,0.0,0.0,1.0,0.0,1.0,0.25,1.0,0.0,0.0,0.33,0.17,0.83,0.17,0.33,0.17,0.83,1.0,0.75,0.5,1.0,0.0,0.5,0.0,1.0
418960,0.75,0.0,0.75,0.25,0.0,0.0,0.25,1.0,0.75,0.75,0.0,0.0,0.75,0.75,0.0,0.0,1.0,0.0,0.0,1.0,0.0,0.0,0.0,1.0,0.0,0.25,0.0,0.25,0.0,0.0,0.0,0.75,0.0,1.0,0.0,1.0,0.75,0.0,0.25,0.75,1.0,1.0,1.0,0.75,0.75,0.75,0.0,1.0,0.0,0.0,0.75,0.75,0.0,0.0,0.0,0.75,0.25,0.0,0.0,1.0,0.83,0.83,0.0,0.5,1.0,0.83,0.67,0.25,0.25,0.5,0.5,0.5,0.75,0.75,0.5
419742,0.75,0.25,0.75,0.75,0.75,0.25,0.25,0.25,0.75,0.25,0.25,0.75,0.25,0.25,0.75,0.75,0.25,0.75,0.75,0.75,1.0,1.0,0.75,0.75,0.0,0.25,0.75,0.25,0.75,1.0,0.25,0.75,0.25,0.75,0.75,0.25,0.75,0.25,0.75,0.75,0.75,0.25,0.75,0.75,0.75,0.25,0.75,0.25,0.75,0.25,0.75,0.75,1.0,0.75,0.0,1.0,1.0,0.75,0.0,0.0,0.83,0.83,0.17,0.0,0.5,0.33,0.67,0.25,1.0,0.25,0.5,0.5,0.5,0.5,0.75
420546,1.0,0.0,1.0,1.0,0.0,0.0,0.0,0.0,1.0,0.0,0.0,1.0,1.0,0.0,0.0,0.0,1.0,0.0,0.0,0.0,0.0,0.0,1.0,1.0,0.0,0.0,0.0,0.0,0.0,1.0,0.0,1.0,0.0,1.0,1.0,1.0,0.0,1.0,1.0,0.0,0.0,0.0,0.0,0.0,1.0,0.0,0.0,1.0,0.0,1.0,1.0,0.0,0.0,0.0,1.0,0.0,0.0,1.0,0.0,1.0,1.0,1.0,0.0,1.0,1.0,0.0,0.0,0.0,1.0,1.0,0.0,1.0,1.0,1.0,0.0
421017,0.75,0.0,1.0,0.25,0.0,0.0,0.0,1.0,0.75,0.75,0.75,0.75,0.25,0.75,0.0,0.25,1.0,0.0,0.0,0.75,0.0,0.75,0.0,1.0,0.75,0.75,0.0,1.0,0.25,0.25,0.75,0.75,0.0,1.0,0.75,1.0,1.0,0.75,0.75,0.0,0.25,0.75,0.75,0.75,0.25,0.0,0.75,0.75,0.0,0.0,1.0,1.0,1.0,0.0,0.75,0.25,1.0,0.25,0.25,0.25,1.0,0.83,0.83,0.83,0.17,0.83,0.33,0.5,0.5,0.75,0.75,0.75,1.0,1.0,0.5
421155,0.25,0.0,1.0,1.0,0.75,0.75,1.0,0.25,1.0,0.0,1.0,0.0,0.0,0.25,1.0,1.0,0.0,1.0,0.25,1.0,0.75,1.0,0.25,1.0,0.0,0.25,0.75,1.0,0.0,0.75,0.75,1.0,0.75,0.0,0.25,1.0,0.25,0.0,0.25,1.0,0.75,0.75,1.0,0.0,0.0,1.0,1.0,0.0,1.0,0.0,0.0,1.0,1.0,0.25,0.0,1.0,0.25,0.25,0.0,0.0,0.0,0.33,0.33,0.0,0.33,0.67,0.17,0.5,0.5,0.25,0.5,0.25,0.5,0.5,0.75
421205,0.0,1.0,1.0,0.0,1.0,1.0,0.25,1.0,0.25,1.0,0.75,0.25,0.0,1.0,1.0,1.0,0.0,1.0,1.0,1.0,1.0,1.0,0.0,1.0,0.25,1.0,1.0,1.0,0.25,0.0,1.0,0.0,1.0,0.25,0.25,0.0,1.0,1.0,0.0,0.75,1.0,1.0,1.0,1.0,0.0,0.75,1.0,0.0,1.0,0.75,0.0,0.25,1.0,0.75,0.0,0.75,0.25,1.0,0.0,0.0,0.17,0.17,1.0,0.33,0.33,0.17,1.0,1.0,1.0,0.75,1.0,0.0,0.5,0.5,0.75
421630,0.75,1.0,1.0,0.0,1.0,1.0,0.0,1.0,0.25,1.0,1.0,0.75,0.75,0.75,0.0,0.75,0.75,0.75,0.0,1.0,0.25,1.0,0.25,1.0,1.0,0.75,1.0,0.25,1.0,0.75,0.75,0.25,1.0,0.0,1.0,0.0,1.0,0.25,0.0,1.0,1.0,1.0,0.75,1.0,0.75,1.0,1.0,1.0,0.0,0.75,0.75,1.0,1.0,0.75,0.25,1.0,1.0,1.0,0.25,0.0,0.17,0.83,0.0,0.0,0.83,0.17,0.83,0.25,0.75,0.25,0.75,0.25,0.5,0.5,0.75
422479,0.75,0.25,0.75,0.25,0.25,0.75,1.0,0.75,1.0,0.0,1.0,0.25,0.75,0.25,0.0,0.25,0.75,0.0,0.25,0.75,0.0,1.0,1.0,1.0,1.0,0.25,0.0,0.75,1.0,1.0,0.25,0.75,0.0,0.25,0.75,0.75,1.0,1.0,1.0,1.0,1.0,0.75,1.0,0.75,1.0,1.0,1.0,1.0,0.0,0.75,1.0,0.75,0.75,0.0,0.75,0.75,1.0,0.75,0.75,0.75,1.0,0.67,0.33,0.67,0.33,0.33,0.33,0.25,0.75,0.0,0.75,0.75,1.0,1.0,0.25
423013,1.0,0.0,1.0,0.0,0.75,0.0,1.0,0.0,1.0,1.0,1.0,0.0,0.0,0.0,0.0,1.0,1.0,0.0,0.25,0.0,0.0,0.75,1.0,1.0,0.0,0.75,0.0,0.0,1.0,0.0,0.0,1.0,0.0,1.0,0.0,1.0,0.75,0.0,0.0,1.0,1.0,1.0,0.0,0.0,1.0,0.75,0.0,0.0,0.0,0.75,0.25,0.25,0.25,0.0,1.0,0.75,1.0,0.75,0.0,1.0,0.83,1.0,0.0,0.0,0.83,1.0,0.0,0.0,0.25,0.0,0.0,1.0,1.0,0.75,0.0
425218,0.75,1.0,0.75,0.75,1.0,1.0,0.0,0.0,0.0,0.25,0.0,1.0,0.0,0.75,1.0,1.0,0.0,1.0,1.0,0.0,0.0,1.0,0.75,0.75,0.25,0.75,1.0,0.75,0.25,0.0,1.0,0.75,0.25,1.0,0.0,0.0,0.75,0.25,0.0,0.25,0.75,0.75,1.0,1.0,0.25,0.75,1.0,1.0,1.0,0.25,0.0,0.75,0.25,0.25,0.75,0.75,0.25,0.75,0.25,0.25,0.17,0.33,0.67,0.0,0.17,0.17,0.67,0.25,0.75,0.75,0.75,0.75,1.0,0.75,0.25
428208,0.75,0.0,1.0,0.75,0.0,0.0,0.0,0.0,0.0,1.0,0.0,0.0,0.75,0.25,0.0,1.0,1.0,0.0,1.0,0.0,0.0,1.0,1.0,1.0,0.0,0.0,0.0,0.75,1.0,1.0,0.0,1.0,0.0,1.0,0.25,1.0,0.0,0.0,1.0,0.0,0.0,0.0,0.0,0.25,0.0,0.25,0.75,1.0,0.0,1.0,0.0,0.0,0.0,1.0,0.25,0.0,1.0,0.25,0.25,1.0,1.0,1.0,0.0,0.83,0.67,0.67,0.0,0.0,0.25,0.25,0.0,0.25,0.25,0.25,0.0
428607,0.25,0.25,0.25,0.0,0.0,0.25,1.0,0.75,0.75,0.0,1.0,0.75,0.75,0.75,0.25,1.0,0.0,0.0,0.0,1.0,1.0,1.0,0.75,1.0,1.0,0.25,0.75,1.0,0.25,0.75,0.0,0.0,1.0,0.0,0.0,0.0,0.25,1.0,0.0,1.0,0.75,1.0,1.0,1.0,1.0,0.25,1.0,0.0,0.0,0.0,0.75,1.0,1.0,1.0,0.0,1.0,0.0,1.0,0.0,0.0,0.33,0.67,0.83,0.0,1.0,0.5,1.0,0.0,1.0,0.0,0.75,0.0,0.75,0.75,0.25
432449,1.0,0.0,0.0,1.0,0.0,0.0,0.0,0.0,1.0,1.0,1.0,0.0,0.0,1.0,0.0,0.0,1.0,0.0,0.0,0.0,0.0,0.0,1.0,1.0,0.0,0.0,0.0,0.0,1.0,1.0,0.0,1.0,0.0,1.0,1.0,1.0,0.0,0.0,1.0,0.0,0.0,0.0,0.0,0.0,1.0,1.0,0.0,1.0,0.0,1.0,1.0,0.0,0.0,1.0,1.0,0.0,1.0,0.0,1.0,1.0,0.0,1.0,0.0,0.5,0.5,0.5,0.0,0.0,0.75,0.5,0.5,0.75,0.75,0.75,0.0
433002,0.0,1.0,0.25,0.0,1.0,1.0,1.0,1.0,0.0,0.0,1.0,0.75,0.25,1.0,1.0,1.0,0.0,1.0,1.0,0.75,1.0,1.0,0.0,1.0,1.0,1.0,1.0,1.0,0.0,0.0,1.0,0.0,1.0,0.0,1.0,0.0,1.0,1.0,0.0,1.0,1.0,1.0,1.0,1.0,1.0,1.0,1.0,0.0,1.0,0.0,0.0,0.0,0.0,0.0,0.0,1.0,1.0,1.0,0.0,0.0,0.33,0.0,1.0,0.0,0.83,0.0,1.0,1.0,1.0,0.25,1.0,0.0,0.5,0.0,1.0
438855,1.0,1.0,0.25,0.75,0.25,1.0,0.0,1.0,0.0,0.0,1.0,1.0,0.25,0.75,0.25,0.75,0.0,1.0,0.75,1.0,1.0,1.0,0.0,1.0,1.0,0.25,0.25,0.75,0.75,0.75,1.0,0.75,0.25,0.75,0.75,0.0,1.0,0.75,0.75,0.75,0.75,0.75,1.0,0.25,1.0,1.0,0.75,0.0,0.25,0.75,0.0,0.75,0.75,0.0,0.0,1.0,0.75,0.75,0.0,0.0,0.83,0.83,0.33,0.0,1.0,0.17,0.83,0.75,1.0,0.5,0.5,0.5,0.75,0.5,0.5
441155,0.0,1.0,1.0,0.0,1.0,1.0,1.0,0.0,0.0,0.0,0.0,1.0,1.0,1.0,0.0,1.0,0.0,0.0,0.0,0.0,0.0,0.0,1.0,1.0,1.0,0.0,1.0,1.0,1.0,0.0,0.0,1.0,0.0,0.25,0.0,0.0,0.25,0.75,0.0,0.0,0.0,0.75,0.0,1.0,0.0,1.0,1.0,1.0,0.0,1.0,0.25,0.0,0.0,1.0,0.25,0.0,0.0,1.0,0.0,1.0,0.83,0.83,0.83,1.0,0.67,1.0,0.0,0.0,1.0,1.0,1.0,1.0,1.0,0.0,0.25
444210,1.0,0.25,1.0,1.0,0.0,0.0,0.75,0.0,1.0,0.0,0.75,0.0,1.0,0.75,0.0,0.75,1.0,0.75,0.0,0.0,0.0,0.0,1.0,1.0,0.0,0.75,0.0,0.25,1.0,1.0,0.0,1.0,0.0,1.0,1.0,1.0,0.25,0.25,1.0,0.25,0.0,0.75,0.75,0.25,0.75,0.75,1.0,1.0,0.0,1.0,1.0,1.0,1.0,0.75,0.0,0.75,1.0,0.25,0.0,0.0,0.5,0.67,0.33,0.17,0.67,0.5,0.0,0.0,1.0,0.25,0.5,0.5,0.5,1.0,0.0
444435,1.0,0.25,0.25,0.0,0.0,0.25,1.0,0.75,0.75,0.25,0.75,0.75,0.25,0.25,0.0,0.25,1.0,0.0,0.25,0.75,0.0,0.25,0.75,0.75,1.0,0.75,1.0,0.25,0.75,0.75,0.25,0.75,0.0,0.75,0.25,0.25,0.75,0.75,0.0,0.75,0.75,0.75,0.0,0.75,1.0,1.0,0.25,0.75,0.0,0.0,1.0,0.75,0.75,0.25,0.75,0.25,0.75,1.0,0.75,0.75,0.83,0.67,0.17,0.17,0.83,0.83,0.17,0.0,0.25,0.75,0.25,0.75,1.0,1.0,0.75
446890,0.0,0.75,1.0,0.25,1.0,1.0,0.75,1.0,0.0,0.0,1.0,0.75,0.25,1.0,0.0,1.0,0.25,1.0,1.0,1.0,1.0,1.0,0.25,1.0,0.25,0.75,1.0,1.0,1.0,0.0,1.0,0.25,0.75,0.25,0.75,0.25,1.0,0.75,0.0,0.75,1.0,0.75,1.0,1.0,0.75,1.0,1.0,0.0,1.0,0.0,0.0,0.75,0.0,0.0,0.0,1.0,1.0,1.0,0.0,0.0,0.83,0.83,0.83,0.0,0.67,0.0,0.83,0.5,0.75,0.5,0.75,0.25,0.5,0.25,0.75
447638,0.0,1.0,1.0,0.0,1.0,0.0,0.0,0.0,0.0,0.0,0.0,0.0,0.0,1.0,0.0,0.0,1.0,0.0,0.0,1.0,0.0,1.0,1.0,1.0,0.0,1.0,1.0,1.0,1.0,0.0,1.0,1.0,0.0,1.0,0.25,1.0,1.0,0.0,0.0,1.0,1.0,1.0,0.0,1.0,1.0,1.0,1.0,1.0,0.0,1.0,1.0,0.0,1.0,0.0,1.0,0.0,0.0,1.0,0.0,1.0,1.0,0.67,1.0,1.0,0.0,1.0,0.5,0.0,1.0,1.0,1.0,1.0,1.0,1.0,0.5
448754,0.75,0.25,0.75,0.75,0.25,0.0,0.75,0.25,0.25,0.75,0.25,0.25,0.75,0.25,0.25,0.25,0.25,0.25,0.75,0.25,0.0,0.75,0.75,0.25,0.0,0.25,0.0,0.25,0.25,0.25,0.25,0.0,0.25,1.0,0.75,1.0,1.0,0.0,0.25,0.25,0.75,0.75,0.0,0.25,1.0,0.25,0.25,0.25,0.25,0.25,0.75,0.75,0.25,0.25,0.25,0.0,0.25,0.25,0.0,0.75,0.67,0.83,0.33,0.33,0.83,0.67,0.67,0.5,0.75,0.5,0.75,0.25,0.5,0.5,0.25
451468,0.0,1.0,0.75,0.0,0.0,1.0,0.0,0.0,0.0,0.0,0.0,0.25,1.0,1.0,0.0,0.0,0.25,0.75,1.0,1.0,0.0,0.0,1.0,1.0,0.0,1.0,1.0,1.0,1.0,1.0,1.0,0.0,0.0,0.75,1.0,1.0,1.0,0.0,1.0,0.0,1.0,1.0,0.75,1.0,1.0,0.0,0.0,0.0,1.0,1.0,0.0,0.0,0.0,1.0,1.0,0.0,1.0,0.25,1.0,1.0,0.33,0.17,1.0,1.0,0.17,1.0,0.17,0.75,1.0,1.0,1.0,1.0,0.5,0.0,0.25
451888,0.25,0.25,0.25,0.0,0.0,0.0,0.0,0.75,1.0,1.0,0.0,0.25,0.75,0.25,0.0,0.25,1.0,0.25,1.0,1.0,0.0,0.75,0.25,0.25,0.75,0.25,0.25,1.0,0.75,0.75,0.0,0.75,0.0,0.75,0.25,0.25,0.0,0.75,1.0,0.25,0.25,0.0,0.75,0.75,0.25,0.0,0.0,0.75,0.0,0.75,0.0,0.0,0.0,1.0,1.0,0.0,0.0,0.25,0.75,1.0,0.33,0.0,0.33,1.0,0.33,0.67,0.33,0.0,0.5,0.75,0.75,0.75,0.25,0.0,0.25
452757,0.25,0.75,1.0,0.75,0.25,0.25,0.0,0.25,0.75,1.0,0.0,1.0,1.0,0.25,0.0,0.25,1.0,0.25,0.25,0.75,0.0,1.0,0.25,0.0,0.0,1.0,0.0,1.0,1.0,1.0,1.0,1.0,0.0,1.0,0.75,1.0,0.0,0.0,0.75,0.75,0.75,0.75,0.0,0.25,1.0,1.0,1.0,1.0,0.0,0.0,1.0,0.75,0.25,0.25,1.0,0.75,1.0,0.75,1.0,0.25,0.33,0.67,0.33,0.67,0.33,0.33,0.0,0.25,0.5,0.75,0.75,1.0,1.0,1.0,0.25
459253,0.75,0.25,1.0,0.75,1.0,0.25,0.0,0.0,0.0,0.25,0.25,1.0,0.75,0.25,0.0,0.0,0.0,0.0,0.75,0.0,0.0,1.0,0.25,1.0,0.25,0.25,0.75,0.75,0.75,0.75,0.25,0.75,0.0,0.75,0.0,0.25,0.75,0.0,0.25,0.0,0.25,0.75,0.75,0.25,1.0,0.25,1.0,0.75,0.0,0.25,0.25,0.25,0.0,0.75,0.0,0.25,0.75,0.75,0.25,0.0,0.17,0.83,0.17,0.0,0.67,0.0,0.67,0.5,0.5,0.5,0.75,0.75,0.5,0.5,0.25
459553,0.0,0.75,0.0,0.0,1.0,1.0,1.0,0.75,1.0,0.0,1.0,0.0,0.0,1.0,0.0,0.25,0.25,0.0,0.0,1.0,1.0,1.0,0.0,1.0,1.0,0.0,1.0,1.0,0.75,0.0,1.0,0.75,1.0,0.0,1.0,1.0,1.0,0.75,0.0,1.0,1.0,0.75,1.0,1.0,1.0,1.0,1.0,0.0,0.0,0.75,1.0,1.0,1.0,0.0,0.75,0.0,1.0,1.0,0.0,0.25,0.0,0.33,0.83,0.33,1.0,0.67,0.83,0.75,1.0,0.75,1.0,0.25,0.75,1.0,0.0
462798,1.0,0.75,1.0,0.75,0.75,1.0,0.75,0.75,0.75,0.25,1.0,0.0,0.75,1.0,0.25,0.75,0.25,1.0,0.0,1.0,1.0,1.0,0.75,1.0,1.0,1.0,1.0,1.0,0.0,0.0,1.0,0.0,1.0,0.25,0.75,0.0,0.75,1.0,0.25,1.0,1.0,0.75,1.0,0.75,0.75,0.75,1.0,0.25,0.0,0.75,0.75,0.75,0.75,1.0,0.25,0.75,0.75,1.0,0.0,0.25,0.83,0.33,1.0,0.83,0.33,0.33,1.0,0.25,0.75,0.75,0.75,0.25,0.75,0.75,0.25
464907,0.0,1.0,0.75,0.25,1.0,1.0,0.25,0.25,0.0,0.25,0.75,1.0,0.0,1.0,1.0,1.0,0.0,0.75,1.0,1.0,1.0,1.0,1.0,1.0,1.0,1.0,1.0,1.0,1.0,1.0,1.0,1.0,0.0,0.25,0.75,0.0,0.75,0.25,0.25,0.75,1.0,1.0,1.0,1.0,0.75,0.25,0.75,1.0,1.0,0.75,0.0,0.75,0.0,0.75,0.0,1.0,0.0,1.0,0.0,0.25,0.17,0.17,0.83,0.83,0.83,0.17,1.0,1.0,1.0,0.75,1.0,0.25,0.0,0.0,1.0
469090,0.25,1.0,1.0,0.25,0.75,1.0,0.25,0.75,0.0,0.75,0.75,1.0,0.0,1.0,1.0,0.75,0.0,1.0,1.0,1.0,0.75,1.0,0.25,0.75,1.0,0.0,1.0,1.0,1.0,0.25,0.75,0.25,0.75,0.0,0.75,0.0,0.75,0.75,0.25,0.75,1.0,0.75,0.75,1.0,1.0,0.75,1.0,0.0,0.75,0.25,0.25,1.0,1.0,1.0,0.0,1.0,1.0,1.0,0.0,0.0,0.33,0.33,0.83,0.17,0.83,0.17,0.67,0.75,0.75,0.25,0.75,0.25,0.25,0.0,0.75
470575,0.75,1.0,0.75,0.25,0.25,1.0,0.0,0.25,0.75,0.25,0.0,1.0,0.0,1.0,0.25,0.75,0.75,0.75,0.25,0.75,0.25,0.75,0.75,0.25,0.0,1.0,0.25,0.75,0.0,0.75,0.75,1.0,0.25,0.25,1.0,0.75,1.0,0.25,1.0,0.0,0.25,0.0,0.25,0.75,1.0,0.75,1.0,0.0,0.0,0.75,0.25,0.75,0.0,0.25,0.0,1.0,1.0,0.25,0.0,0.25,0.67,0.83,0.67,0.33,0.83,0.17,0.5,0.5,0.75,0.5,1.0,0.75,0.75,0.5,0.5
470973,0.25,0.0,1.0,0.25,0.25,0.0,0.0,0.0,0.75,1.0,0.25,0.25,0.75,0.0,0.0,0.25,1.0,0.0,0.75,0.75,0.0,0.75,1.0,0.75,1.0,0.0,0.75,1.0,1.0,1.0,1.0,1.0,0.0,1.0,0.25,0.75,0.75,0.75,0.75,0.75,0.75,0.25,0.0,0.75,0.25,0.75,0.0,1.0,0.0,0.25,1.0,0.75,1.0,0.0,1.0,0.0,0.75,0.75,1.0,0.75,0.83,0.67,0.33,0.67,0.83,0.83,0.67,0.25,0.75,0.25,0.25,0.75,0.75,0.75,0.0
471014,0.0,1.0,1.0,0.0,0.0,0.0,0.0,0.0,1.0,1.0,0.0,0.0,0.0,0.0,0.0,0.0,1.0,0.0,0.0,1.0,0.0,0.0,1.0,1.0,0.0,1.0,0.0,1.0,1.0,1.0,0.0,1.0,0.0,1.0,0.0,1.0,1.0,0.0,1.0,0.0,0.0,0.0,0.0,1.0,0.0,0.0,1.0,1.0,0.0,1.0,1.0,0.0,0.0,1.0,1.0,0.0,1.0,0.0,1.0,1.0,0.0,1.0,0.0,1.0,0.0,1.0,0.0,0.0,1.0,1.0,0.0,1.0,1.0,1.0,0.0
471912,0.25,0.25,1.0,0.0,0.0,0.0,0.0,0.25,0.25,1.0,0.25,0.25,0.0,0.25,0.0,0.25,1.0,0.0,0.0,0.0,0.0,0.25,1.0,0.0,0.0,0.25,0.25,0.75,0.25,0.0,1.0,0.25,0.0,1.0,0.25,0.75,1.0,0.75,0.75,0.75,0.25,0.75,1.0,0.75,0.0,0.25,0.25,1.0,0.0,0.75,1.0,0.0,0.0,1.0,1.0,0.0,0.25,0.25,1.0,1.0,0.67,0.67,0.33,0.17,0.0,0.33,0.83,0.25,0.75,0.75,0.75,0.25,0.5,0.75,0.5
472579,0.75,1.0,1.0,0.25,0.25,1.0,0.25,1.0,0.75,0.0,0.75,0.25,0.75,1.0,0.75,0.75,0.0,1.0,0.75,1.0,0.75,1.0,1.0,1.0,1.0,0.25,0.75,1.0,1.0,0.75,1.0,0.75,1.0,1.0,1.0,0.0,0.25,1.0,0.25,0.75,0.75,0.75,1.0,1.0,0.75,1.0,1.0,0.0,0.0,0.75,0.0,0.25,0.75,1.0,0.0,1.0,0.75,1.0,0.0,0.0,1.0,1.0,0.33,0.17,0.83,0.83,1.0,0.75,0.75,0.25,1.0,0.25,0.75,0.25,0.75
473116,0.0,1.0,0.0,0.0,1.0,1.0,0.0,1.0,0.0,0.25,1.0,1.0,0.25,1.0,1.0,0.75,0.0,1.0,1.0,1.0,1.0,1.0,0.0,0.75,1.0,1.0,1.0,1.0,0.0,0.0,1.0,0.0,1.0,0.0,0.75,0.0,1.0,1.0,0.0,0.75,1.0,1.0,1.0,1.0,0.75,0.75,1.0,1.0,1.0,0.75,0.0,0.0,0.0,1.0,0.0,1.0,0.0,1.0,0.0,0.0,0.0,0.0,1.0,0.33,0.83,0.0,1.0,0.75,1.0,0.5,1.0,0.0,0.0,0.0,1.0
474016,1.0,0.25,0.0,1.0,0.0,0.0,1.0,0.0,1.0,0.0,1.0,0.25,0.75,0.75,0.25,1.0,1.0,0.0,1.0,1.0,0.0,1.0,1.0,0.0,0.0,0.0,0.0,0.0,1.0,1.0,0.75,1.0,0.0,1.0,1.0,1.0,0.75,0.0,0.75,0.25,1.0,0.25,0.75,0.75,1.0,1.0,1.0,1.0,0.0,1.0,0.75,0.75,1.0,0.25,0.0,0.75,1.0,0.25,0.0,0.0,0.17,1.0,0.33,0.67,0.83,0.33,0.17,0.25,0.75,0.25,0.5,0.5,0.75,0.75,0.75
474767,0.25,0.25,0.75,0.0,0.25,0.75,0.0,0.0,0.75,0.0,0.0,0.0,0.0,0.0,0.0,0.25,1.0,0.0,1.0,0.75,0.0,1.0,0.0,0.75,0.25,0.0,0.0,0.75,1.0,0.25,0.75,0.25,0.0,0.0,0.0,0.75,1.0,0.0,0.0,0.0,0.0,0.0,0.0,0.25,0.0,0.0,0.0,0.75,0.0,1.0,0.25,0.0,0.0,1.0,0.75,0.0,0.0,0.75,0.25,1.0,0.0,0.17,0.17,0.67,0.17,0.5,0.17,0.25,0.75,0.75,0.75,0.5,0.5,0.5,0.0
475588,1.0,0.25,0.75,0.75,0.75,0.75,0.0,1.0,0.75,1.0,0.75,0.25,0.75,0.75,0.0,0.25,0.75,0.75,0.75,0.75,0.25,1.0,0.25,1.0,0.75,0.25,0.25,1.0,0.0,0.25,0.0,0.25,0.0,0.75,0.0,0.75,1.0,0.75,0.0,1.0,1.0,0.75,0.75,1.0,0.0,0.25,0.25,0.25,0.25,0.75,0.75,0.0,0.0,1.0,0.0,0.75,0.0,1.0,0.0,1.0,0.33,0.5,0.5,0.33,0.5,0.5,0.67,0.5,0.5,0.5,0.5,0.25,0.5,0.5,0.5
476368,0.0,0.75,0.25,0.0,0.25,1.0,0.75,0.75,0.25,0.25,0.75,0.0,0.25,0.75,0.0,0.75,1.0,0.0,0.0,1.0,0.0,0.75,1.0,1.0,0.25,0.75,0.25,1.0,0.75,1.0,1.0,1.0,0.0,0.75,0.75,0.75,1.0,0.25,0.25,0.75,0.75,1.0,1.0,1.0,0.75,0.75,1.0,1.0,0.0,0.75,1.0,0.75,1.0,0.0,0.75,0.75,1.0,0.0,0.75,0.0,1.0,0.83,0.67,0.67,0.83,0.67,0.83,0.0,1.0,0.5,0.75,0.75,1.0,0.75,0.5
479479,0.25,0.75,1.0,0.0,0.0,0.0,0.0,0.0,0.0,1.0,0.75,0.0,0.75,0.75,0.0,1.0,1.0,0.0,0.0,0.25,0.0,0.0,1.0,1.0,0.0,0.75,0.25,0.75,0.0,1.0,0.0,1.0,0.0,1.0,1.0,1.0,1.0,0.75,0.0,0.0,0.25,0.25,0.0,1.0,1.0,1.0,0.0,1.0,0.0,1.0,1.0,0.0,1.0,1.0,1.0,0.75,0.75,0.0,0.25,0.75,0.17,0.83,0.17,1.0,0.83,0.83,0.17,0.75,1.0,0.25,0.75,0.75,0.75,0.75,0.25
482126,0.25,0.75,0.75,0.25,0.25,0.75,0.0,0.75,0.25,0.25,0.75,1.0,0.0,1.0,0.25,0.25,1.0,1.0,0.0,0.0,0.0,0.75,0.75,0.75,0.25,0.75,1.0,0.25,0.25,0.25,1.0,0.25,0.75,0.75,0.0,0.0,0.0,1.0,1.0,0.75,0.75,1.0,1.0,0.75,0.25,0.25,1.0,0.75,0.75,0.25,0.75,0.0,0.25,0.75,0.75,0.25,0.75,0.75,0.25,0.25,1.0,0.5,0.67,0.33,0.67,0.33,0.67,0.5,0.75,1.0,0.75,0.25,0.75,0.5,0.5
485504,0.0,1.0,1.0,0.0,1.0,1.0,0.0,0.0,0.0,0.0,0.0,0.0,0.0,1.0,1.0,0.0,0.25,1.0,1.0,1.0,0.0,1.0,0.25,1.0,0.25,0.75,1.0,1.0,1.0,1.0,0.75,1.0,0.0,1.0,0.0,0.0,1.0,0.75,0.0,0.75,1.0,1.0,1.0,0.25,0.0,0.0,0.25,1.0,0.0,1.0,0.0,0.0,0.0,1.0,0.25,0.0,0.75,0.75,0.25,0.75,0.0,0.5,0.67,0.17,0.33,0.33,0.67,0.75,0.5,0.5,0.75,0.5,0.5,0.0,1.0
485518,0.25,0.75,1.0,0.0,0.0,0.0,0.75,0.0,0.0,0.0,0.75,0.0,0.75,0.75,0.0,1.0,0.75,0.75,1.0,1.0,0.0,1.0,0.75,1.0,0.25,1.0,0.0,1.0,1.0,0.75,0.0,0.75,0.0,1.0,0.75,1.0,1.0,0.75,1.0,0.0,0.25,0.0,0.0,0.75,1.0,1.0,0.0,1.0,0.0,1.0,0.25,0.0,0.0,0.25,1.0,0.0,0.75,0.0,1.0,1.0,1.0,1.0,0.0,0.5,1.0,1.0,0.0,0.25,0.5,0.5,0.5,0.75,0.75,0.25,0.0
485758,0.25,0.25,1.0,0.0,1.0,0.0,0.75,1.0,0.75,0.0,1.0,0.25,1.0,1.0,0.0,0.0,1.0,0.0,0.0,0.75,0.0,1.0,0.0,1.0,1.0,0.0,1.0,0.75,1.0,0.25,1.0,1.0,1.0,0.0,1.0,0.75,0.0,1.0,0.25,0.75,1.0,0.25,1.0,0.25,1.0,1.0,1.0,0.25,0.0,0.0,1.0,0.75,1.0,0.0,0.75,0.0,0.0,0.25,1.0,0.25,1.0,0.67,0.0,0.17,1.0,0.83,0.83,0.25,0.75,0.25,0.75,0.5,1.0,1.0,0.0
487555,0.75,1.0,1.0,0.75,1.0,0.75,0.75,1.0,0.25,0.0,0.25,1.0,1.0,1.0,0.75,1.0,0.25,0.75,1.0,1.0,1.0,1.0,0.75,1.0,0.25,0.25,0.25,0.25,1.0,0.75,0.75,0.75,0.75,1.0,0.75,0.0,1.0,1.0,0.25,1.0,1.0,1.0,0.75,0.75,1.0,0.75,0.75,1.0,0.75,0.75,0.25,0.75,0.75,1.0,0.0,1.0,0.75,1.0,0.0,0.75,0.67,0.67,0.17,0.0,0.83,0.0,1.0,0.75,1.0,0.25,0.75,0.25,0.25,0.25,0.25
488184,0.25,1.0,0.75,0.0,1.0,1.0,1.0,1.0,0.25,0.25,0.75,0.25,0.75,1.0,0.25,0.75,0.25,0.25,0.75,1.0,0.0,0.75,0.75,1.0,1.0,0.25,1.0,1.0,0.25,0.0,1.0,0.0,0.75,0.0,0.75,0.0,1.0,1.0,0.25,1.0,0.75,1.0,1.0,1.0,0.0,0.75,1.0,0.0,0.0,0.75,0.0,0.75,0.75,1.0,0.0,1.0,0.25,1.0,0.25,0.0,0.83,0.67,1.0,0.0,0.17,0.67,0.83,0.75,0.75,0.75,1.0,0.0,0.75,0.0,0.75
490879,0.0,0.0,1.0,0.0,0.0,0.25,1.0,1.0,0.0,1.0,1.0,0.75,0.0,1.0,0.75,1.0,0.0,1.0,1.0,1.0,0.0,1.0,1.0,1.0,0.0,1.0,1.0,1.0,1.0,1.0,1.0,0.0,1.0,0.0,1.0,1.0,1.0,0.0,1.0,1.0,1.0,1.0,1.0,1.0,1.0,1.0,1.0,1.0,1.0,1.0,1.0,1.0,1.0,0.0,0.0,1.0,1.0,1.0,1.0,0.0,1.0,0.83,1.0,0.17,0.67,1.0,1.0,0.25,0.75,0.25,1.0,0.0,1.0,0.75,0.25
492152,0.0,0.75,1.0,0.25,0.25,0.25,0.25,0.25,0.25,1.0,0.75,0.0,0.75,0.75,0.0,0.75,0.75,0.25,0.25,1.0,0.0,0.25,1.0,0.75,0.25,0.75,1.0,1.0,1.0,0.0,0.0,0.0,0.25,0.25,0.0,0.0,1.0,0.0,0.25,0.75,0.75,0.75,1.0,0.75,0.75,0.0,0.0,1.0,0.0,0.0,1.0,1.0,1.0,1.0,0.0,0.75,0.0,1.0,1.0,0.0,0.17,0.83,0.33,0.83,0.83,0.83,1.0,0.25,0.5,0.5,1.0,0.25,0.5,0.5,0.25
493646,1.0,0.0,0.0,1.0,0.0,0.0,0.0,0.0,1.0,0.0,0.0,0.0,0.0,1.0,1.0,1.0,0.75,1.0,1.0,1.0,0.0,1.0,0.0,1.0,0.0,1.0,0.0,0.0,1.0,1.0,0.0,1.0,0.0,1.0,0.0,1.0,1.0,0.0,0.0,1.0,1.0,0.75,1.0,1.0,0.0,0.0,1.0,0.0,0.0,0.0,1.0,1.0,1.0,0.25,0.0,1.0,1.0,0.25,0.0,0.0,0.33,0.83,0.17,0.5,0.67,0.17,0.33,0.25,1.0,0.0,0.75,0.0,0.75,1.0,0.5
500824,1.0,0.0,0.0,1.0,0.0,0.0,0.75,0.75,0.75,0.25,0.0,1.0,1.0,0.0,0.0,0.75,1.0,0.0,0.0,0.75,0.0,0.75,1.0,0.75,0.25,0.0,0.0,0.0,1.0,1.0,0.0,1.0,0.0,0.75,1.0,1.0,0.25,0.0,0.75,0.25,0.75,0.0,0.0,0.25,1.0,1.0,0.25,1.0,0.75,1.0,0.25,0.75,0.25,0.25,0.25,0.0,1.0,0.0,0.25,0.75,1.0,1.0,0.17,0.83,0.83,0.67,0.0,0.25,0.75,0.0,0.25,1.0,0.75,0.25,0.0
500881,0.0,0.25,0.0,0.0,0.0,0.75,0.75,0.25,1.0,0.0,0.75,0.0,0.0,1.0,0.0,0.0,0.0,0.0,1.0,0.25,0.75,1.0,0.0,0.75,0.0,1.0,1.0,0.25,0.0,0.0,1.0,0.0,0.75,0.75,0.75,0.0,0.25,0.75,0.25,1.0,0.75,0.75,0.25,0.25,0.25,0.75,0.75,0.25,0.0,0.0,0.25,1.0,1.0,0.0,0.0,1.0,0.75,0.75,0.25,0.0,1.0,0.67,0.17,0.0,0.83,0.67,0.83,0.25,1.0,0.25,0.75,0.25,0.75,0.25,0.75
503529,0.75,0.25,0.25,0.75,0.25,0.75,0.75,0.75,1.0,0.75,0.25,0.75,0.25,1.0,0.75,0.25,0.25,0.75,1.0,0.25,0.0,0.25,0.75,0.25,0.25,0.75,0.75,0.25,0.25,0.75,0.75,0.75,0.25,0.75,0.25,0.75,0.25,0.75,0.25,0.75,0.75,0.25,0.25,0.75,0.75,0.25,0.75,1.0,0.75,0.25,0.75,0.75,0.25,0.25,0.0,0.25,1.0,0.75,0.75,0.0,0.33,0.67,0.33,0.33,0.67,0.33,0.67,0.25,0.75,0.25,0.75,0.25,0.75,0.25,0.75
504973,0.0,0.0,0.25,0.0,0.0,0.0,0.75,0.75,0.25,0.0,0.75,0.25,0.75,0.25,0.0,0.0,1.0,0.0,0.75,0.75,0.0,0.0,0.75,0.75,0.0,0.75,0.25,0.75,0.75,0.25,0.75,1.0,0.0,0.75,0.25,1.0,0.75,0.75,0.75,0.25,0.25,0.25,0.25,0.75,0.75,0.75,1.0,0.75,0.0,0.75,0.75,0.75,0.75,0.25,0.25,0.25,0.75,0.25,0.75,0.25,0.67,0.83,0.0,0.33,0.33,0.83,0.33,0.25,0.5,0.5,0.5,0.75,0.75,0.75,0.5
509847,0.25,0.75,0.25,0.0,1.0,0.75,1.0,0.0,0.25,0.0,1.0,1.0,0.0,0.75,0.25,0.25,0.25,1.0,0.25,0.0,0.75,1.0,0.25,1.0,0.0,0.25,1.0,0.75,0.75,0.25,1.0,0.75,0.75,0.0,0.75,0.0,0.75,0.0,0.0,0.75,1.0,0.75,1.0,1.0,0.25,0.75,1.0,0.0,0.75,0.25,0.75,1.0,1.0,1.0,0.0,1.0,0.75,1.0,0.0,0.0,0.83,0.5,0.33,0.0,0.67,0.33,0.67,1.0,1.0,0.5,1.0,0.5,0.75,0.75,0.5
510278,0.75,1.0,0.75,0.0,1.0,1.0,0.75,1.0,0.75,0.0,0.75,0.75,1.0,1.0,1.0,1.0,0.0,1.0,0.75,0.75,1.0,1.0,0.0,1.0,1.0,0.25,1.0,1.0,0.0,0.0,1.0,0.0,1.0,0.0,0.0,0.0,0.75,1.0,0.25,1.0,1.0,1.0,1.0,1.0,0.25,0.75,1.0,0.0,0.75,1.0,0.0,0.75,1.0,1.0,0.0,1.0,0.0,1.0,0.0,0.0,0.0,0.0,0.83,0.0,0.33,0.0,1.0,0.75,0.75,0.5,0.75,0.0,0.5,0.0,0.75
511137,0.25,0.75,1.0,0.0,0.0,0.75,0.0,0.75,1.0,1.0,0.25,0.25,0.75,0.75,0.0,0.25,0.75,0.0,0.25,0.0,0.0,0.0,0.75,1.0,0.75,0.75,0.0,1.0,1.0,1.0,0.75,1.0,0.0,0.75,0.75,1.0,0.75,0.25,0.75,0.0,0.25,1.0,0.25,0.0,0.25,0.0,1.0,1.0,0.25,0.75,0.75,0.75,0.0,0.75,1.0,0.0,0.75,0.75,1.0,1.0,0.83,0.67,0.17,1.0,0.5,0.5,0.33,0.0,0.5,0.75,0.25,0.75,0.75,0.75,0.5
511745,0.25,0.75,0.75,0.25,1.0,1.0,0.25,0.75,0.25,0.25,0.75,0.75,0.75,1.0,0.25,0.75,0.25,1.0,0.25,0.75,0.25,1.0,0.75,0.75,0.75,0.75,0.75,0.75,0.75,0.75,1.0,0.25,0.75,0.25,0.25,0.25,1.0,0.75,0.75,0.75,1.0,0.75,1.0,1.0,0.25,0.75,1.0,1.0,0.25,0.75,0.25,0.75,0.75,1.0,0.25,1.0,1.0,1.0,0.75,0.25,0.83,1.0,1.0,0.17,0.33,0.33,0.83,0.75,1.0,0.75,1.0,0.25,0.75,0.25,0.75
512030,0.25,0.75,0.75,0.25,0.25,1.0,0.75,0.75,0.25,0.25,0.75,0.0,0.0,1.0,0.75,0.25,0.0,0.75,0.0,1.0,1.0,1.0,0.0,1.0,0.25,0.25,0.25,0.75,0.25,0.75,0.75,0.75,1.0,0.0,1.0,0.0,0.75,0.25,0.0,1.0,1.0,1.0,1.0,0.75,1.0,1.0,1.0,1.0,0.0,0.25,0.25,1.0,1.0,0.0,0.25,1.0,0.25,1.0,0.0,0.0,0.17,0.17,0.33,0.0,0.33,0.5,1.0,0.75,0.75,0.75,0.5,0.5,0.5,0.5,0.75
514957,1.0,0.25,1.0,0.75,0.75,0.75,1.0,0.0,0.0,0.0,0.25,0.25,0.25,0.25,0.25,1.0,0.75,0.25,0.75,0.75,0.25,0.0,0.75,1.0,0.0,0.75,0.25,1.0,0.25,0.75,0.0,0.25,0.0,0.25,0.75,1.0,0.75,0.75,0.0,0.75,0.75,0.25,1.0,1.0,0.75,0.25,1.0,1.0,0.0,0.75,0.25,1.0,1.0,1.0,0.25,0.75,0.75,0.25,0.25,0.25,0.83,0.5,0.17,0.67,0.5,0.5,0.5,0.25,0.75,0.25,0.5,0.5,0.75,0.75,0.25
516615,0.75,0.75,0.75,0.25,0.75,0.25,0.25,0.0,0.25,0.0,0.25,0.75,0.25,0.75,0.75,1.0,0.0,1.0,0.25,0.75,0.75,1.0,0.25,0.75,0.75,1.0,0.75,0.75,0.25,0.25,0.75,0.0,1.0,0.0,0.75,0.75,1.0,0.75,0.75,1.0,0.75,1.0,0.0,0.75,1.0,1.0,1.0,0.0,0.75,0.0,0.25,0.75,1.0,0.75,0.0,1.0,0.25,1.0,0.0,0.0,0.33,0.17,1.0,0.0,0.67,0.0,0.83,0.75,0.75,0.25,0.75,0.25,0.75,0.5,0.5
518723,0.0,0.0,0.0,0.0,0.0,0.0,0.0,0.0,0.0,1.0,0.75,0.75,0.75,0.25,0.0,0.0,1.0,0.0,0.0,0.0,0.0,0.0,0.0,0.0,0.0,0.0,0.0,1.0,0.0,0.75,0.0,1.0,0.0,1.0,1.0,1.0,0.0,0.0,1.0,0.0,1.0,0.0,0.0,0.0,1.0,1.0,0.0,0.75,0.0,1.0,1.0,1.0,1.0,0.0,1.0,0.0,1.0,0.0,1.0,1.0,1.0,0.83,0.17,1.0,0.83,1.0,0.0,0.0,0.5,0.5,0.25,1.0,0.75,0.75,0.0
518858,0.0,1.0,1.0,0.0,1.0,1.0,0.0,1.0,1.0,0.0,1.0,0.0,0.0,0.0,0.0,0.0,1.0,0.0,1.0,1.0,1.0,1.0,0.25,1.0,1.0,0.0,1.0,1.0,0.0,0.0,1.0,0.0,0.75,0.25,0.0,0.0,0.75,0.75,0.0,1.0,1.0,1.0,1.0,1.0,0.0,1.0,1.0,0.0,0.0,0.75,0.75,0.75,0.75,1.0,0.25,0.75,0.25,0.25,0.25,0.25,0.17,0.67,1.0,0.0,0.5,0.0,1.0,0.5,1.0,0.25,0.75,0.25,0.5,0.5,0.5
519245,0.25,0.25,0.75,0.25,1.0,0.75,0.25,0.0,0.0,0.0,1.0,1.0,0.0,0.75,0.25,1.0,1.0,0.0,0.0,0.0,1.0,0.25,0.25,1.0,1.0,0.0,0.75,1.0,0.75,0.0,0.75,0.0,0.0,0.25,1.0,0.0,1.0,0.75,0.25,0.25,0.75,1.0,0.75,0.75,0.75,1.0,0.75,0.75,1.0,0.0,0.75,1.0,0.0,1.0,0.0,1.0,0.75,1.0,0.25,0.0,0.67,0.67,1.0,0.17,0.33,0.0,1.0,0.5,0.75,0.25,0.75,0.25,0.5,0.75,0.5
519898,0.75,0.25,1.0,0.25,0.75,0.75,0.75,0.75,0.25,0.0,1.0,0.25,0.25,0.75,0.75,0.75,0.25,0.75,0.75,0.75,0.75,1.0,0.25,1.0,0.75,0.25,1.0,1.0,0.75,0.25,1.0,0.25,1.0,0.0,0.75,0.25,0.75,1.0,0.0,0.75,0.75,0.75,0.75,1.0,0.75,0.75,1.0,0.0,0.25,0.25,0.25,0.75,0.75,0.25,0.25,0.75,0.25,1.0,0.25,0.25,0.67,0.17,0.67,0.0,0.67,0.5,1.0,0.5,0.75,0.25,0.75,0.0,0.5,0.5,0.75
520323,0.25,0.25,1.0,0.75,0.25,1.0,0.0,0.0,0.0,0.0,0.25,0.25,0.0,0.0,0.75,0.25,0.25,1.0,0.75,0.25,0.75,1.0,0.25,1.0,0.75,0.75,1.0,1.0,1.0,0.75,1.0,0.25,0.25,0.75,1.0,0.75,1.0,0.25,0.0,1.0,1.0,0.75,1.0,0.75,0.25,1.0,1.0,0.0,0.0,0.25,1.0,1.0,1.0,1.0,0.0,1.0,0.75,1.0,0.0,0.0,0.33,0.5,0.33,0.0,0.33,0.5,0.67,0.5,0.5,0.25,0.75,0.5,0.75,0.5,0.5
521978,1.0,0.75,1.0,0.0,0.75,0.75,1.0,0.0,0.25,0.25,0.0,0.75,1.0,1.0,0.0,1.0,0.25,0.75,0.0,0.25,0.0,1.0,1.0,1.0,0.0,0.75,0.75,0.75,0.75,1.0,1.0,0.75,0.25,0.75,0.75,0.25,1.0,0.75,1.0,0.75,0.75,0.0,0.25,0.75,1.0,1.0,1.0,0.0,0.75,1.0,1.0,1.0,0.75,0.75,0.25,1.0,0.75,1.0,0.0,0.25,0.67,0.83,0.17,0.0,0.67,0.33,0.67,0.25,1.0,0.75,1.0,0.75,0.75,0.75,0.5
523086,1.0,0.0,0.0,1.0,0.0,0.0,0.75,0.75,1.0,0.75,0.25,0.25,1.0,0.25,0.0,0.75,0.75,0.25,0.25,0.75,0.0,0.75,1.0,1.0,0.25,0.25,0.0,0.25,0.25,1.0,0.75,1.0,0.25,0.75,0.75,0.75,0.75,0.75,0.75,0.75,0.75,0.75,0.25,0.25,1.0,0.75,0.75,1.0,0.25,1.0,1.0,0.25,0.75,0.75,0.75,0.25,1.0,0.75,0.75,0.25,0.83,1.0,0.17,0.67,0.83,0.83,0.17,0.0,0.75,0.5,0.5,0.75,0.75,0.75,0.0
523495,0.75,0.75,1.0,0.25,0.75,0.75,0.0,0.75,0.75,1.0,0.0,0.0,1.0,0.75,0.0,0.25,1.0,0.75,0.75,0.75,0.0,0.75,0.0,0.25,0.75,0.25,0.25,0.75,0.25,0.25,0.25,0.0,0.25,1.0,0.25,0.25,0.75,0.75,0.25,0.75,0.75,0.75,0.75,0.25,0.25,0.0,0.25,1.0,0.25,0.75,0.25,0.0,0.0,1.0,0.75,0.25,0.25,0.75,0.75,1.0,0.17,0.67,0.67,0.33,0.67,0.33,0.33,0.5,0.75,0.5,0.75,0.25,0.5,0.0,0.5
523897,1.0,0.0,0.0,1.0,0.0,0.0,0.0,0.0,1.0,1.0,0.0,0.0,1.0,0.0,0.0,0.0,1.0,0.0,0.0,1.0,0.0,0.0,1.0,1.0,0.0,0.0,0.0,0.0,1.0,1.0,0.0,1.0,0.0,1.0,0.0,1.0,1.0,0.0,1.0,0.0,0.0,0.75,0.0,0.0,1.0,0.0,0.0,1.0,0.0,1.0,1.0,0.0,0.0,0.75,1.0,0.0,0.0,0.0,1.0,1.0,0.33,1.0,0.0,1.0,0.67,1.0,0.0,0.0,0.25,0.5,0.25,0.75,1.0,1.0,0.0
524642,0.0,0.75,1.0,0.25,1.0,0.25,0.0,0.75,0.0,0.25,1.0,0.0,1.0,0.75,0.0,0.75,1.0,0.0,1.0,0.0,0.0,0.0,0.75,1.0,0.0,1.0,0.25,0.25,0.75,0.75,0.0,1.0,0.0,0.75,0.0,1.0,0.75,0.0,0.0,0.75,0.75,1.0,0.0,0.75,1.0,1.0,0.25,1.0,0.0,0.75,1.0,0.75,0.0,0.75,0.25,0.75,1.0,0.0,0.25,1.0,0.17,0.17,0.0,0.83,1.0,0.0,0.0,0.5,0.75,0.5,0.75,0.5,0.25,1.0,0.25
528092,1.0,1.0,1.0,0.75,0.75,0.25,0.25,0.25,0.25,0.0,1.0,0.0,1.0,0.75,0.25,0.75,0.25,0.75,0.75,1.0,0.0,0.25,0.75,1.0,1.0,0.25,0.25,1.0,1.0,0.75,0.75,0.0,0.0,1.0,1.0,1.0,1.0,1.0,0.0,0.75,1.0,0.75,0.0,1.0,0.75,0.75,0.75,0.25,0.0,0.0,0.0,0.25,0.0,0.0,1.0,0.0,0.75,0.75,0.25,0.0,0.33,0.83,0.5,0.0,0.0,0.83,0.33,0.5,0.5,0.75,1.0,0.0,0.75,0.5,0.75
528515,0.75,0.75,0.75,0.25,0.0,0.0,0.75,0.0,0.75,0.75,0.25,0.25,0.75,0.25,0.0,0.25,0.75,0.0,0.0,0.75,0.0,0.25,0.25,1.0,0.25,0.25,0.0,0.75,0.75,0.75,0.75,1.0,0.0,0.75,0.75,0.75,0.25,0.25,0.25,0.75,0.75,0.25,0.75,0.25,0.75,0.25,0.75,1.0,0.0,0.75,0.75,0.25,0.25,0.0,0.75,0.0,1.0,0.75,1.0,0.75,1.0,0.67,0.17,0.33,0.5,1.0,0.33,0.25,0.5,0.5,0.5,0.75,0.75,0.5,0.25
531205,0.75,1.0,0.25,0.25,1.0,1.0,0.0,0.0,0.0,0.75,0.75,0.25,0.25,0.25,1.0,0.75,0.0,1.0,1.0,0.25,0.0,1.0,0.25,1.0,0.0,1.0,1.0,1.0,1.0,0.25,0.0,0.0,0.0,0.0,0.0,0.0,1.0,1.0,0.0,1.0,1.0,1.0,0.0,1.0,0.75,0.0,1.0,0.25,0.0,0.75,1.0,1.0,1.0,1.0,0.0,1.0,1.0,1.0,0.0,0.0,0.0,0.0,0.83,0.0,0.0,0.0,1.0,1.0,0.75,0.25,1.0,0.0,0.5,0.5,1.0
531792,1.0,0.25,0.75,0.25,0.0,0.25,0.25,1.0,0.25,0.25,0.25,0.25,0.75,1.0,0.0,0.0,0.25,0.0,0.0,0.0,0.0,0.0,0.25,0.0,1.0,0.75,0.25,1.0,0.25,0.75,0.25,0.25,0.0,1.0,0.75,1.0,0.25,1.0,0.25,0.25,0.75,0.25,0.75,0.75,0.25,0.75,0.75,0.25,0.25,0.75,1.0,0.25,0.25,0.75,1.0,0.0,0.25,0.75,1.0,1.0,0.83,0.83,0.83,1.0,0.5,0.83,0.33,0.25,0.5,0.5,0.5,0.5,0.75,0.75,0.5
534906,0.0,1.0,0.75,0.0,0.75,0.75,0.75,0.0,0.75,1.0,0.75,0.0,0.25,1.0,0.0,0.25,1.0,0.0,0.0,0.75,0.0,1.0,1.0,1.0,0.0,0.75,0.75,1.0,0.75,0.25,0.75,1.0,0.0,0.75,0.25,1.0,1.0,0.25,0.25,0.75,0.75,0.25,0.25,1.0,1.0,0.75,0.75,1.0,0.0,1.0,1.0,0.25,0.0,0.25,0.25,0.0,0.75,0.0,0.25,0.75,0.83,0.83,0.17,0.67,0.83,1.0,0.17,0.25,1.0,0.25,1.0,1.0,0.75,1.0,0.0
535248,0.25,0.75,0.25,0.0,1.0,1.0,0.75,1.0,0.75,0.25,1.0,0.75,0.0,1.0,0.75,0.75,0.0,0.25,0.75,0.0,1.0,1.0,0.25,1.0,1.0,0.75,0.75,1.0,0.75,0.0,1.0,0.25,1.0,0.0,0.25,0.0,1.0,1.0,0.0,1.0,1.0,1.0,0.75,1.0,0.25,0.25,1.0,0.75,0.0,0.25,0.0,0.25,0.75,0.75,0.25,0.75,0.75,1.0,0.0,0.25,0.33,0.17,0.83,0.17,0.67,0.17,1.0,0.75,0.75,0.75,0.75,0.25,0.75,0.25,0.75
537961,1.0,0.25,1.0,0.0,0.0,0.0,1.0,0.0,1.0,0.0,0.0,0.0,0.75,0.25,0.0,0.0,1.0,0.75,0.0,0.25,0.0,0.0,1.0,1.0,0.0,0.0,0.0,0.0,1.0,0.0,0.0,0.75,0.0,0.75,0.75,1.0,1.0,1.0,0.0,0.0,0.0,0.25,0.75,0.0,0.75,0.25,0.0,1.0,0.75,0.0,1.0,0.75,0.0,0.0,0.0,0.25,0.75,0.25,1.0,0.75,1.0,1.0,0.0,0.33,0.83,1.0,0.33,0.0,1.0,0.75,0.75,0.25,0.75,0.75,0.5
542422,0.75,1.0,0.75,0.0,0.0,0.75,0.0,0.0,0.0,1.0,0.25,0.25,0.25,1.0,0.75,0.75,0.75,0.75,0.75,0.75,0.0,0.25,0.75,0.25,0.75,0.25,1.0,1.0,1.0,1.0,1.0,1.0,0.25,1.0,0.75,0.0,0.75,0.25,0.75,0.75,1.0,0.75,0.75,0.75,0.0,0.0,0.25,1.0,1.0,1.0,0.0,0.0,0.0,1.0,0.25,0.25,0.75,1.0,0.25,0.25,0.0,0.33,0.67,0.67,0.33,0.0,0.67,0.75,0.5,0.5,0.5,0.75,0.5,0.0,0.75
543009,1.0,0.25,0.0,0.75,0.0,0.0,0.0,0.0,0.75,1.0,1.0,0.0,1.0,1.0,0.0,0.0,1.0,0.0,0.0,0.0,0.0,0.0,1.0,0.75,0.0,0.0,0.0,0.0,1.0,1.0,0.0,1.0,0.0,1.0,0.25,1.0,0.25,0.75,0.0,0.75,1.0,0.25,0.25,0.75,1.0,0.0,0.0,1.0,0.0,1.0,1.0,0.0,0.0,1.0,1.0,0.0,1.0,0.0,1.0,1.0,0.17,0.83,0.0,0.67,0.67,0.83,0.0,0.0,0.75,0.0,0.75,1.0,1.0,1.0,0.0
544143,0.75,0.75,1.0,0.0,1.0,0.75,1.0,1.0,0.75,0.0,0.0,0.25,1.0,1.0,0.75,0.75,0.25,0.25,0.75,1.0,1.0,0.25,1.0,1.0,1.0,0.75,0.25,1.0,1.0,1.0,1.0,0.75,1.0,1.0,1.0,0.0,1.0,0.75,0.75,1.0,1.0,0.25,1.0,1.0,0.75,1.0,1.0,0.75,1.0,0.75,0.75,1.0,1.0,0.75,0.0,1.0,0.75,1.0,0.75,0.0,0.5,0.67,0.67,0.17,0.67,0.17,0.83,0.75,0.75,0.25,0.25,0.25,0.75,0.5,0.75
551734,1.0,1.0,0.0,0.25,1.0,1.0,0.25,1.0,1.0,0.0,0.25,0.25,0.25,1.0,0.0,1.0,0.75,0.75,0.0,1.0,1.0,1.0,0.75,0.75,0.0,1.0,0.75,1.0,1.0,0.0,1.0,0.75,1.0,0.0,0.0,0.0,0.75,0.75,0.0,1.0,1.0,1.0,1.0,1.0,0.75,0.75,1.0,0.25,0.25,0.25,0.75,0.75,1.0,0.75,0.0,0.75,0.75,1.0,0.25,0.0,0.67,0.33,0.33,0.0,0.83,0.17,1.0,0.75,1.0,0.5,1.0,0.25,0.75,0.75,0.75
552146,0.75,0.25,0.0,0.0,0.75,0.75,0.75,0.0,0.0,0.0,0.0,0.75,0.75,1.0,0.0,0.0,0.25,0.0,1.0,1.0,0.0,1.0,0.0,0.75,0.0,0.75,1.0,1.0,0.0,0.25,0.25,0.75,1.0,0.0,0.0,0.25,0.0,0.0,0.0,0.0,1.0,0.0,1.0,0.75,0.0,0.25,1.0,0.0,0.0,0.0,1.0,1.0,0.75,0.0,0.0,0.75,0.0,1.0,0.0,0.0,1.0,0.83,0.0,0.17,0.83,1.0,0.17,0.25,0.75,0.75,0.75,0.75,1.0,1.0,0.25
553221,0.0,0.0,1.0,0.0,0.0,1.0,0.25,0.75,0.0,0.0,0.25,0.25,0.75,0.0,0.0,0.25,0.75,0.0,0.0,0.0,0.0,0.0,0.75,1.0,0.25,1.0,0.0,1.0,0.75,1.0,1.0,0.0,0.0,0.25,0.0,0.0,0.25,1.0,1.0,0.75,1.0,1.0,1.0,0.75,0.0,0.0,1.0,1.0,0.0,0.25,0.25,0.0,1.0,0.75,0.75,0.25,0.0,1.0,0.25,0.25,1.0,1.0,0.17,0.33,0.33,1.0,0.67,0.25,0.75,0.75,0.25,0.25,0.75,0.75,0.75
554658,0.0,1.0,1.0,0.0,1.0,1.0,0.25,0.25,0.0,0.0,1.0,0.0,1.0,1.0,0.0,0.75,1.0,0.0,0.25,1.0,0.0,1.0,1.0,0.25,1.0,1.0,1.0,1.0,0.0,0.0,1.0,0.0,0.25,1.0,0.0,1.0,0.25,0.25,1.0,0.25,0.75,0.25,1.0,1.0,0.25,1.0,1.0,0.75,0.0,0.75,1.0,1.0,1.0,0.75,1.0,0.25,0.0,1.0,1.0,0.25,0.83,0.83,0.5,0.17,0.67,0.67,0.83,0.5,0.75,0.75,0.75,0.5,0.75,0.75,0.5
555069,0.0,1.0,0.75,0.25,1.0,1.0,0.25,0.25,0.25,0.25,0.75,0.0,0.75,0.75,1.0,0.75,0.0,0.75,0.25,0.75,0.75,1.0,0.25,0.75,0.75,0.75,1.0,0.75,0.25,0.25,0.75,0.25,0.75,0.25,0.25,0.25,0.75,0.75,0.25,0.75,1.0,0.75,0.25,0.75,0.75,0.75,0.75,0.25,0.0,0.75,0.25,0.25,0.25,0.75,0.0,0.75,0.25,0.75,0.0,0.0,0.17,0.33,0.83,0.33,0.67,0.33,0.67,0.75,0.75,0.5,0.75,0.25,0.5,0.25,0.75
555522,1.0,0.75,0.75,0.25,0.75,1.0,0.75,0.0,0.75,0.0,0.25,0.25,0.75,1.0,0.0,1.0,0.0,0.75,1.0,0.75,0.25,1.0,0.25,1.0,0.0,0.75,0.75,0.75,0.75,0.75,1.0,0.75,0.75,0.75,0.75,0.75,0.75,0.25,0.25,0.75,0.75,0.75,1.0,0.75,0.25,0.25,0.75,0.75,0.0,0.25,0.75,1.0,0.75,0.25,0.0,0.75,0.75,0.75,0.0,0.0,0.83,0.83,0.17,0.0,0.67,0.33,0.5,0.75,0.75,0.5,0.5,0.5,0.75,0.75,0.75
557547,0.0,1.0,0.0,0.0,1.0,1.0,0.25,1.0,0.0,0.0,1.0,0.75,0.25,1.0,1.0,0.75,0.0,1.0,1.0,1.0,1.0,1.0,0.25,1.0,1.0,1.0,1.0,1.0,0.0,0.75,1.0,0.0,1.0,0.25,1.0,0.0,1.0,0.75,0.0,1.0,1.0,0.75,1.0,1.0,1.0,1.0,1.0,0.0,1.0,0.25,0.0,0.0,0.75,1.0,0.0,1.0,0.25,1.0,0.0,0.25,0.17,0.33,0.83,0.17,0.33,0.0,0.83,0.75,1.0,0.25,1.0,0.0,0.25,0.0,0.5
558139,0.0,1.0,1.0,0.0,1.0,1.0,1.0,0.75,0.0,0.0,1.0,0.0,0.0,1.0,0.0,0.75,0.0,0.0,1.0,0.0,1.0,1.0,0.0,1.0,1.0,0.75,0.75,1.0,0.0,0.0,0.75,0.75,0.75,0.25,0.25,0.0,1.0,1.0,0.75,1.0,1.0,1.0,1.0,1.0,1.0,1.0,1.0,0.0,1.0,1.0,1.0,1.0,1.0,0.0,0.0,1.0,0.75,1.0,0.0,0.0,0.67,0.17,1.0,0.0,0.5,0.33,0.67,0.75,0.75,0.0,1.0,0.5,0.75,0.75,0.75
561729,1.0,0.75,0.75,0.25,0.75,1.0,1.0,0.25,0.75,0.0,0.25,0.25,0.25,0.75,0.25,0.25,0.75,0.0,1.0,0.25,0.0,0.75,1.0,1.0,1.0,0.25,0.75,1.0,0.75,0.75,0.75,1.0,0.25,1.0,1.0,0.75,0.75,0.75,1.0,0.75,0.25,0.25,0.75,0.75,1.0,0.75,1.0,0.75,0.0,0.0,0.75,0.75,1.0,0.75,1.0,0.25,1.0,0.75,0.75,0.0,0.67,0.67,0.5,0.33,0.17,0.67,0.5,0.25,0.75,0.75,0.5,0.75,0.75,0.5,0.75
563464,0.75,1.0,1.0,0.0,0.25,1.0,1.0,0.75,0.0,0.75,1.0,0.75,1.0,0.75,0.75,1.0,0.25,0.75,1.0,1.0,0.0,1.0,1.0,1.0,0.25,0.75,1.0,1.0,0.25,0.25,0.75,0.75,0.0,0.0,0.75,1.0,0.25,0.75,0.25,1.0,0.75,1.0,1.0,1.0,0.75,0.75,1.0,0.25,1.0,0.75,0.0,0.75,0.75,1.0,0.0,0.25,0.75,1.0,0.0,0.0,1.0,0.33,0.33,0.17,0.67,0.0,0.83,0.5,0.75,0.25,0.75,0.5,0.75,0.25,0.5
566862,1.0,0.75,1.0,0.0,1.0,0.25,1.0,0.75,0.25,1.0,1.0,1.0,1.0,0.25,0.25,0.25,0.25,0.75,0.75,1.0,1.0,1.0,0.0,0.75,1.0,0.25,0.75,1.0,1.0,0.0,0.75,0.0,1.0,0.25,0.25,0.0,0.75,1.0,0.0,1.0,1.0,1.0,1.0,1.0,0.75,0.75,1.0,0.0,0.25,0.0,0.75,0.75,0.25,1.0,0.75,0.75,0.75,0.25,0.0,0.25,0.83,0.83,0.33,0.17,0.67,0.33,0.33,0.75,1.0,0.75,0.75,0.0,0.75,0.75,0.75
568661,0.0,0.75,1.0,1.0,0.75,1.0,0.75,0.0,0.25,0.0,0.25,0.0,0.0,0.0,0.0,0.25,1.0,0.0,0.75,1.0,0.0,1.0,0.0,0.0,0.25,0.75,1.0,0.25,0.25,0.25,0.0,1.0,0.0,1.0,1.0,1.0,1.0,0.0,1.0,0.0,1.0,0.25,1.0,1.0,1.0,1.0,1.0,0.0,0.0,0.75,0.25,1.0,1.0,0.0,0.0,0.75,0.25,0.25,0.25,0.0,1.0,0.67,0.67,0.83,0.67,1.0,0.33,0.25,1.0,0.25,0.5,0.5,1.0,0.5,0.0
568770,1.0,0.25,0.25,1.0,0.25,0.0,0.25,0.0,0.0,0.0,0.0,0.75,1.0,0.75,1.0,0.0,0.0,0.0,0.75,1.0,0.0,0.25,0.0,0.0,0.0,0.75,0.0,0.75,0.0,0.25,0.75,0.0,1.0,0.0,0.25,0.0,0.75,0.75,0.25,1.0,1.0,1.0,0.75,0.75,1.0,1.0,1.0,0.0,0.0,1.0,1.0,0.75,1.0,0.75,0.0,1.0,0.25,0.75,0.0,0.0,0.83,0.83,0.67,0.0,0.33,0.33,1.0,0.5,0.75,0.5,1.0,0.0,0.5,0.75,1.0
573220,0.0,1.0,1.0,0.0,1.0,0.75,1.0,0.75,0.0,0.0,0.75,1.0,0.0,1.0,1.0,1.0,0.0,1.0,0.25,1.0,0.75,1.0,0.25,1.0,1.0,1.0,1.0,1.0,0.25,0.75,1.0,0.25,1.0,0.0,1.0,0.0,0.75,0.75,0.0,1.0,1.0,1.0,1.0,1.0,0.75,1.0,0.75,0.0,1.0,1.0,0.0,1.0,0.0,0.75,0.0,0.75,0.25,1.0,0.0,0.0,0.83,0.17,1.0,0.0,0.83,0.0,1.0,1.0,0.75,0.5,1.0,0.25,0.5,0.0,0.75
576833,0.0,1.0,0.75,0.0,0.75,1.0,0.0,0.25,0.0,0.25,0.75,0.25,0.25,0.75,1.0,0.75,0.25,1.0,1.0,1.0,1.0,1.0,0.25,1.0,0.75,0.75,1.0,1.0,0.25,0.75,1.0,0.25,1.0,0.25,0.75,0.0,0.75,0.25,0.25,1.0,1.0,0.75,1.0,0.75,0.75,1.0,1.0,0.75,0.25,0.25,0.0,0.75,1.0,0.75,0.0,0.75,0.25,1.0,0.0,0.0,0.5,0.0,0.5,0.0,0.67,0.5,0.83,0.5,0.5,0.25,0.75,0.25,0.75,0.0,0.75
577892,0.75,1.0,1.0,0.0,0.0,1.0,1.0,0.0,0.0,0.0,0.75,1.0,1.0,1.0,1.0,1.0,0.25,1.0,1.0,1.0,1.0,1.0,0.0,1.0,1.0,1.0,1.0,1.0,0.0,1.0,0.0,0.0,0.0,0.75,1.0,0.75,1.0,1.0,0.0,1.0,1.0,1.0,1.0,1.0,1.0,1.0,0.75,0.0,1.0,0.75,0.0,1.0,1.0,1.0,0.0,1.0,0.0,1.0,0.25,0.0,0.17,0.17,1.0,0.0,0.5,0.0,1.0,0.75,0.5,0.5,1.0,0.0,0.5,0.0,1.0
579403,0.75,0.25,1.0,0.0,1.0,0.25,0.75,0.75,0.25,1.0,1.0,0.25,1.0,1.0,0.0,0.25,1.0,0.0,0.75,1.0,0.0,1.0,0.0,1.0,0.0,0.0,0.25,0.75,0.0,0.25,0.25,1.0,0.0,0.25,0.25,0.75,1.0,0.75,0.25,1.0,0.75,0.25,0.25,0.75,1.0,0.75,0.75,0.25,0.0,0.0,0.75,0.75,0.75,0.0,0.75,0.75,0.25,0.25,0.0,0.25,1.0,0.67,0.17,0.0,0.67,0.33,0.33,0.25,1.0,0.75,0.75,0.75,1.0,0.75,0.0
581813,0.25,0.0,1.0,1.0,0.0,0.0,0.0,1.0,0.75,1.0,1.0,0.75,0.25,0.75,0.0,0.75,0.75,1.0,1.0,1.0,0.0,1.0,0.75,0.0,0.75,0.75,0.75,0.75,0.75,0.75,0.25,1.0,0.0,0.75,0.75,0.25,0.75,0.25,0.25,0.75,0.75,1.0,0.25,1.0,1.0,1.0,0.25,0.25,0.0,0.0,0.0,0.0,0.0,1.0,0.0,0.75,0.75,0.75,0.25,0.25,0.67,0.17,0.83,0.17,0.83,0.17,0.67,0.5,0.75,0.0,1.0,0.5,0.5,0.0,0.75
585869,0.0,0.75,0.25,0.25,1.0,1.0,0.25,1.0,0.0,0.25,1.0,0.75,1.0,1.0,1.0,0.75,0.0,1.0,1.0,0.75,0.75,1.0,0.0,1.0,1.0,0.75,1.0,1.0,0.75,0.25,1.0,0.25,1.0,0.25,0.75,0.0,1.0,1.0,0.25,1.0,0.75,0.75,0.75,0.75,0.75,0.75,1.0,0.0,0.75,0.75,0.0,0.75,1.0,0.25,0.0,1.0,0.25,1.0,0.0,0.0,0.0,0.17,0.83,0.0,0.67,0.17,0.83,0.5,0.5,0.25,0.75,0.25,0.5,0.25,0.75
588988,1.0,1.0,0.75,0.25,1.0,0.75,0.0,0.75,0.75,1.0,0.75,1.0,1.0,0.75,0.25,0.75,0.75,0.25,0.75,1.0,0.25,1.0,1.0,0.75,0.25,0.75,0.75,0.75,1.0,0.75,1.0,1.0,0.25,0.75,0.75,0.0,0.75,0.75,0.25,1.0,0.75,0.75,0.75,1.0,1.0,0.75,1.0,1.0,0.25,1.0,1.0,0.75,0.25,1.0,0.0,0.25,0.75,1.0,0.25,0.75,0.67,0.83,0.33,0.83,0.67,0.17,0.83,0.75,0.75,0.75,0.75,0.25,0.75,0.75,1.0
589026,0.25,0.25,0.0,0.0,0.0,0.0,0.0,0.25,0.75,0.0,0.0,0.0,0.25,0.0,0.0,0.0,1.0,0.0,0.25,0.75,0.0,0.0,0.75,0.25,0.0,0.25,0.0,0.75,0.75,0.75,0.75,1.0,0.0,0.75,0.0,1.0,0.75,0.25,0.25,0.75,0.25,0.75,0.0,0.75,0.0,0.0,0.0,1.0,0.0,1.0,1.0,0.0,0.0,1.0,1.0,0.25,0.75,0.0,0.75,1.0,0.0,1.0,0.0,0.67,0.0,1.0,0.0,0.0,0.25,0.75,0.25,0.75,1.0,1.0,0.0
589170,1.0,0.25,0.25,0.25,0.75,0.0,1.0,0.0,0.25,0.25,1.0,0.0,1.0,0.25,0.25,0.25,0.75,0.0,0.75,1.0,0.0,1.0,1.0,0.0,0.0,0.25,0.0,0.0,1.0,0.75,0.0,0.75,0.0,1.0,0.75,1.0,0.75,0.0,0.25,0.25,0.0,0.0,0.0,0.25,0.75,0.75,0.25,1.0,0.0,0.75,1.0,0.25,0.0,0.0,0.75,0.0,0.75,0.0,0.25,1.0,1.0,0.83,0.0,0.83,0.83,1.0,0.17,0.25,1.0,0.5,0.5,0.5,0.75,0.25,0.25
592771,1.0,0.75,1.0,0.75,1.0,0.75,1.0,0.25,0.75,0.0,0.75,0.75,0.75,1.0,0.25,0.75,0.25,0.75,0.0,0.75,0.75,1.0,1.0,1.0,0.75,0.75,1.0,0.25,0.75,0.25,1.0,0.0,1.0,0.0,1.0,0.0,1.0,0.75,0.0,1.0,1.0,1.0,1.0,1.0,1.0,0.75,0.25,0.25,0.25,0.75,0.25,0.25,0.0,0.25,0.25,0.75,0.75,0.75,0.25,0.25,1.0,0.83,0.67,0.0,0.83,0.17,0.83,0.5,0.75,0.5,0.75,0.25,0.5,0.5,0.5
593146,1.0,0.25,1.0,0.75,1.0,0.25,0.0,1.0,0.0,0.0,0.0,0.25,0.75,1.0,0.75,0.75,0.25,1.0,0.75,0.75,0.25,1.0,0.25,0.75,0.25,0.75,0.75,0.25,0.75,1.0,0.75,0.25,0.75,0.25,1.0,0.25,1.0,1.0,0.75,0.25,0.25,0.75,0.75,1.0,0.75,0.75,1.0,0.75,0.25,0.75,1.0,1.0,1.0,0.25,0.0,0.75,0.75,1.0,0.0,0.0,0.67,0.67,0.83,0.33,0.33,0.17,0.33,0.5,1.0,1.0,0.75,1.0,1.0,1.0,0.5
594888,0.0,0.25,1.0,0.0,0.0,0.0,0.0,0.75,1.0,1.0,0.75,0.25,1.0,0.25,0.0,0.0,1.0,0.0,0.75,1.0,0.0,1.0,1.0,1.0,0.0,0.0,0.0,0.75,0.0,1.0,0.0,1.0,0.0,1.0,0.0,1.0,1.0,1.0,0.0,0.0,0.75,0.25,1.0,1.0,0.75,0.75,1.0,1.0,0.0,1.0,1.0,0.25,0.0,0.25,1.0,0.0,0.75,0.25,1.0,1.0,0.67,0.83,0.0,0.67,0.33,1.0,0.0,0.0,1.0,0.75,0.25,0.75,1.0,0.75,0.25
595424,1.0,0.0,0.25,1.0,0.0,0.0,0.0,0.0,1.0,0.75,0.25,0.0,0.75,0.75,0.0,0.25,1.0,0.0,0.75,0.75,0.0,0.75,0.75,0.75,0.0,0.0,0.0,0.25,1.0,1.0,0.0,1.0,0.0,1.0,0.25,1.0,0.0,0.0,0.75,0.25,0.75,0.0,0.0,0.0,1.0,0.25,0.25,1.0,0.25,0.75,0.75,0.75,1.0,0.75,0.25,0.25,1.0,0.0,0.0,0.0,0.83,1.0,0.0,0.17,0.83,0.67,0.0,0.25,0.75,0.0,0.75,0.75,1.0,0.75,0.0
596589,0.75,1.0,0.25,0.0,0.25,0.25,0.75,0.0,0.0,0.0,0.75,0.0,0.75,0.25,0.75,0.75,0.25,0.75,0.0,1.0,0.0,0.75,0.75,1.0,1.0,0.25,1.0,1.0,0.0,0.25,1.0,1.0,0.75,0.0,1.0,0.25,1.0,0.75,0.25,0.25,0.75,0.75,0.75,1.0,0.75,0.75,0.75,0.25,0.25,0.0,0.25,0.75,1.0,0.25,0.0,1.0,1.0,0.0,0.0,0.0,1.0,0.83,0.5,1.0,0.83,0.33,1.0,0.5,0.75,0.75,1.0,0.25,0.75,0.5,0.5
600177,1.0,1.0,1.0,0.25,1.0,1.0,0.75,0.0,0.75,0.25,1.0,1.0,0.75,1.0,0.25,1.0,0.25,1.0,0.75,0.0,1.0,1.0,1.0,1.0,1.0,1.0,1.0,1.0,1.0,1.0,1.0,0.25,0.75,1.0,1.0,0.0,0.75,1.0,0.0,1.0,1.0,1.0,1.0,1.0,0.75,1.0,1.0,0.0,1.0,1.0,0.75,1.0,1.0,0.75,0.0,1.0,1.0,1.0,0.0,0.0,0.5,0.5,0.5,0.5,0.5,0.5,0.5,0.5,0.5,0.5,0.5,0.5,0.5,0.5,0.5
601606,0.0,0.0,1.0,0.0,0.0,0.0,0.0,1.0,1.0,1.0,0.25,0.25,0.25,0.0,0.0,0.25,0.25,0.0,1.0,1.0,0.0,0.0,0.0,0.0,0.0,0.0,1.0,0.25,0.0,1.0,0.75,1.0,0.0,0.75,0.75,1.0,1.0,1.0,0.0,0.25,0.75,1.0,0.0,1.0,1.0,0.25,0.25,1.0,0.0,0.25,0.25,0.0,0.0,1.0,0.0,0.0,0.0,1.0,0.0,0.25,0.83,0.5,0.17,0.33,0.33,0.83,0.17,0.0,0.75,0.75,0.5,0.75,0.75,0.5,0.5
601746,0.0,1.0,1.0,0.25,0.0,0.0,0.0,0.25,0.0,1.0,0.0,1.0,1.0,0.75,0.0,0.75,0.0,0.25,0.0,0.0,0.0,0.0,0.25,0.75,1.0,0.0,0.25,0.75,1.0,0.0,0.25,1.0,0.0,0.0,0.75,1.0,1.0,0.0,0.0,0.0,0.0,0.25,0.0,1.0,0.75,0.75,0.0,0.0,0.0,0.75,1.0,0.0,0.0,0.75,1.0,0.0,0.0,1.0,0.0,1.0,0.83,0.17,0.33,1.0,0.17,0.33,0.17,0.5,0.75,0.75,0.25,0.75,0.5,0.75,0.25
602055,0.25,0.75,0.75,0.0,0.0,1.0,0.25,0.25,0.25,0.25,0.25,0.0,0.0,1.0,0.25,0.25,0.25,0.75,0.25,1.0,0.25,1.0,0.75,0.75,0.25,0.25,0.25,0.75,0.75,0.75,0.75,0.25,0.25,0.75,0.25,0.0,0.75,0.75,0.25,0.75,0.75,0.75,1.0,0.75,0.25,0.75,0.75,0.25,0.75,0.75,0.75,0.75,0.75,0.75,0.25,0.75,0.25,1.0,0.25,0.25,0.67,0.67,0.67,0.33,0.67,0.67,0.67,0.5,0.75,0.75,0.5,0.5,0.75,0.5,0.75
609082,1.0,0.0,1.0,0.0,0.0,0.0,1.0,0.0,0.75,0.25,0.0,1.0,0.0,0.0,0.0,0.0,0.0,1.0,1.0,1.0,0.0,1.0,1.0,1.0,0.0,0.25,1.0,0.75,1.0,1.0,0.75,1.0,0.0,1.0,1.0,1.0,0.25,0.75,0.75,0.0,0.0,0.0,0.0,0.0,1.0,1.0,0.0,1.0,0.0,1.0,0.0,1.0,1.0,0.0,0.0,1.0,1.0,1.0,0.0,0.0,1.0,1.0,0.0,0.0,1.0,0.83,0.33,0.25,0.75,0.75,0.75,1.0,1.0,1.0,1.0
609531,1.0,0.25,0.0,1.0,0.0,0.0,0.25,0.0,1.0,0.75,0.75,0.0,1.0,0.75,0.25,1.0,1.0,0.75,0.0,1.0,0.0,1.0,1.0,0.75,0.25,0.0,0.25,0.25,1.0,1.0,0.0,1.0,0.0,1.0,0.75,1.0,1.0,0.25,1.0,0.25,0.25,0.0,0.0,0.75,1.0,0.75,0.25,1.0,0.0,0.75,0.75,0.25,1.0,0.75,0.75,0.0,1.0,0.0,1.0,0.75,0.83,1.0,0.83,0.17,0.83,0.67,0.0,0.25,0.5,0.5,0.75,1.0,1.0,0.75,0.0
610339,0.75,1.0,1.0,0.0,0.0,0.0,0.0,1.0,0.0,1.0,1.0,0.0,1.0,1.0,0.0,1.0,1.0,0.0,0.0,1.0,0.0,0.0,0.75,1.0,1.0,1.0,1.0,1.0,1.0,0.0,0.0,1.0,0.0,1.0,1.0,1.0,1.0,0.0,1.0,1.0,1.0,1.0,1.0,1.0,0.0,1.0,1.0,1.0,0.0,1.0,1.0,1.0,1.0,1.0,1.0,0.0,1.0,1.0,1.0,0.25,0.67,0.17,1.0,0.67,0.0,1.0,1.0,0.75,0.75,0.25,0.0,1.0,0.75,1.0,0.0
611006,0.75,0.25,1.0,0.0,1.0,0.75,1.0,0.75,0.25,0.25,0.75,1.0,0.0,0.75,0.25,0.25,0.25,0.75,0.75,0.75,0.75,0.75,0.25,1.0,0.25,0.0,0.75,1.0,0.75,0.25,1.0,0.75,0.0,0.75,0.75,1.0,0.25,0.75,0.75,0.75,0.75,0.25,0.25,1.0,1.0,0.75,0.75,1.0,0.25,0.75,1.0,1.0,1.0,0.0,0.25,0.25,0.25,0.75,0.0,0.0,0.67,0.67,0.17,0.0,0.83,0.33,0.83,0.5,0.75,0.0,0.75,0.5,0.5,0.75,0.5
611607,1.0,0.75,1.0,0.0,1.0,0.75,0.75,0.75,0.75,0.75,0.25,0.25,1.0,0.25,0.25,1.0,0.75,0.0,1.0,1.0,0.0,1.0,0.75,1.0,0.0,0.25,0.0,0.75,0.75,0.0,1.0,1.0,0.0,0.25,0.0,1.0,1.0,0.0,1.0,0.25,1.0,0.75,0.0,0.75,1.0,0.25,0.0,1.0,0.0,0.75,0.25,0.0,0.0,0.0,0.0,0.0,1.0,0.0,0.0,1.0,0.17,1.0,0.67,0.17,0.0,0.0,0.67,0.5,1.0,0.5,0.75,0.75,0.5,0.5,0.5
613367,1.0,0.25,0.25,0.75,0.25,1.0,0.75,0.25,0.75,0.0,1.0,0.75,0.75,0.75,0.75,1.0,0.25,1.0,0.75,0.75,0.0,1.0,0.25,1.0,0.75,0.75,0.25,1.0,1.0,1.0,1.0,0.25,1.0,0.0,0.75,0.0,1.0,0.75,0.0,0.0,0.0,1.0,0.75,0.25,0.25,0.75,1.0,0.25,0.75,0.0,0.75,0.75,1.0,0.25,0.0,0.75,0.75,0.75,0.0,0.0,0.33,0.67,0.67,0.0,0.67,0.67,0.67,0.5,0.75,0.5,0.75,0.25,0.5,0.75,0.75
614499,0.0,1.0,0.75,0.25,1.0,1.0,0.0,0.75,0.25,0.25,0.75,1.0,0.25,0.75,1.0,0.75,0.0,1.0,0.75,0.75,0.75,1.0,0.0,1.0,1.0,0.75,1.0,0.75,0.25,0.75,1.0,0.0,1.0,0.0,0.25,0.0,0.75,1.0,0.75,0.75,0.75,1.0,0.75,1.0,0.25,0.75,0.75,0.25,1.0,0.75,0.0,0.75,0.75,0.75,0.0,1.0,0.25,1.0,0.0,0.25,0.33,0.67,1.0,0.17,0.33,0.33,0.83,0.75,0.75,0.75,0.75,0.0,0.25,0.25,0.75
616728,0.25,0.75,0.0,0.75,1.0,0.75,0.0,0.25,0.0,0.0,1.0,0.0,0.0,1.0,0.75,0.75,0.75,0.75,0.25,0.0,0.0,1.0,0.0,1.0,1.0,0.0,1.0,1.0,1.0,0.0,1.0,0.75,0.75,0.0,0.75,0.0,0.25,0.25,0.0,0.75,0.75,1.0,0.75,0.75,1.0,1.0,1.0,1.0,0.75,1.0,0.0,0.75,1.0,0.0,0.0,1.0,0.75,0.25,0.0,0.0,0.83,0.83,0.83,0.0,0.83,0.5,0.67,0.75,1.0,0.75,0.75,0.5,0.75,0.5,0.5
617538,1.0,0.0,1.0,0.75,0.75,0.25,0.25,0.25,1.0,1.0,0.75,0.0,0.75,1.0,0.0,0.25,0.75,0.0,0.25,1.0,0.0,1.0,0.75,1.0,0.25,0.25,0.25,0.25,0.75,0.75,1.0,1.0,0.25,0.75,1.0,1.0,0.75,0.0,0.75,0.25,0.75,0.25,0.0,0.25,1.0,0.75,0.25,1.0,0.0,0.75,1.0,0.75,0.75,0.25,0.75,0.0,1.0,0.25,0.75,0.25,0.83,0.83,0.67,0.0,0.83,0.67,0.33,0.25,0.75,0.5,0.75,1.0,1.0,0.75,0.25
617832,1.0,0.0,1.0,0.0,1.0,0.0,1.0,1.0,1.0,1.0,0.0,0.0,0.75,1.0,0.0,0.0,0.75,1.0,0.0,0.0,0.0,1.0,0.0,0.0,0.0,0.0,1.0,1.0,1.0,0.0,1.0,1.0,0.0,0.75,0.75,1.0,0.25,0.0,0.25,1.0,0.75,0.25,1.0,0.25,0.75,0.75,0.75,0.0,0.0,0.75,1.0,1.0,1.0,0.25,0.0,1.0,0.0,1.0,0.0,0.0,1.0,1.0,0.33,0.0,0.83,0.0,0.67,0.25,1.0,0.75,0.75,0.75,1.0,1.0,0.75
618257,0.75,0.0,0.25,0.25,0.25,0.0,0.75,0.75,0.75,0.0,1.0,0.0,0.75,0.25,0.0,1.0,1.0,0.0,0.25,0.75,0.0,1.0,0.25,1.0,0.25,0.75,0.0,0.75,1.0,1.0,0.0,1.0,0.25,0.75,1.0,0.75,0.75,0.25,0.25,0.75,0.75,0.25,0.75,0.25,1.0,1.0,1.0,0.75,0.0,0.0,0.75,1.0,1.0,0.25,0.0,0.75,1.0,0.0,0.0,0.25,0.83,0.83,0.0,0.33,0.83,0.33,0.67,0.25,1.0,0.0,0.75,0.75,0.75,0.75,0.0
619330,0.0,1.0,1.0,0.25,1.0,1.0,0.75,1.0,0.0,0.0,0.75,0.75,0.75,1.0,1.0,0.75,0.0,1.0,0.75,1.0,1.0,1.0,0.25,1.0,1.0,0.75,1.0,1.0,0.75,0.25,1.0,0.25,1.0,0.75,1.0,0.0,1.0,0.25,0.0,1.0,1.0,1.0,1.0,1.0,1.0,1.0,1.0,0.0,0.25,0.75,0.0,0.75,0.75,0.75,0.0,1.0,0.25,1.0,0.0,0.25,1.0,0.33,1.0,0.0,1.0,0.0,0.83,1.0,1.0,0.25,1.0,0.0,0.25,0.25,0.75
619602,0.75,0.75,0.75,0.25,0.25,0.0,0.0,0.75,0.25,0.0,0.75,1.0,0.75,0.25,0.25,0.75,0.25,0.25,1.0,0.75,0.25,1.0,0.0,0.75,0.0,0.75,0.0,0.25,0.75,0.75,0.25,0.75,0.75,0.25,1.0,0.0,0.75,0.25,0.25,0.0,0.25,0.0,0.25,0.75,1.0,0.75,0.75,0.0,0.75,0.0,1.0,0.75,1.0,1.0,0.0,0.25,1.0,0.75,0.0,0.0,0.67,0.83,0.67,0.67,1.0,0.17,1.0,0.5,0.75,0.25,0.75,0.5,0.5,0.75,0.25
619846,0.75,0.0,0.75,0.25,0.0,0.0,0.75,0.25,1.0,0.25,1.0,0.0,0.75,0.25,0.0,0.25,1.0,0.0,0.75,1.0,0.0,0.0,1.0,1.0,0.0,1.0,0.75,1.0,0.75,0.75,0.25,1.0,0.0,1.0,0.25,1.0,0.25,0.25,0.75,0.25,0.25,0.25,0.25,0.75,1.0,1.0,0.75,1.0,0.0,0.25,1.0,0.75,0.25,1.0,0.25,0.0,0.75,0.25,0.25,0.75,0.83,0.67,0.0,0.83,0.67,0.67,0.17,0.25,0.75,0.5,0.25,1.0,1.0,1.0,0.0
620387,0.25,0.75,1.0,0.0,1.0,1.0,0.0,0.0,1.0,0.0,0.0,1.0,0.0,0.25,0.0,0.0,0.0,0.0,1.0,0.0,0.75,1.0,0.25,1.0,0.0,0.75,0.0,0.0,0.75,0.25,1.0,0.75,0.75,0.0,0.75,0.0,0.0,1.0,0.0,0.0,0.75,0.0,1.0,0.0,0.75,0.0,0.25,0.25,0.0,0.0,0.25,0.75,0.25,0.25,0.0,0.0,0.25,0.75,0.0,0.25,0.83,0.67,0.17,0.0,0.83,0.83,0.83,0.25,1.0,0.75,0.5,0.75,0.5,0.5,0.75
620488,0.25,0.75,1.0,0.25,1.0,1.0,0.25,0.75,0.25,0.0,0.75,0.75,0.75,1.0,0.75,0.75,0.75,1.0,0.75,0.75,0.75,1.0,0.75,1.0,1.0,0.25,1.0,1.0,0.25,0.75,1.0,0.75,1.0,1.0,0.75,0.25,1.0,1.0,1.0,1.0,1.0,1.0,1.0,1.0,1.0,1.0,1.0,1.0,0.25,1.0,1.0,0.75,0.0,0.75,0.75,0.75,0.75,1.0,0.75,0.75,1.0,0.67,0.83,0.0,0.83,0.17,0.83,0.5,0.75,0.75,0.5,0.25,0.25,0.0,0.25
621064,1.0,0.75,1.0,1.0,1.0,0.75,0.0,0.25,0.25,0.0,1.0,0.25,0.25,1.0,0.75,0.75,0.25,1.0,0.75,0.25,0.75,1.0,0.25,1.0,1.0,0.25,0.75,0.75,0.75,0.75,0.75,0.75,1.0,0.0,1.0,0.25,0.75,0.0,0.75,0.75,0.75,0.75,0.75,0.75,1.0,0.75,1.0,0.0,0.25,0.25,0.75,1.0,1.0,1.0,0.0,1.0,0.75,1.0,0.0,0.0,0.5,0.67,1.0,0.0,0.83,0.33,1.0,0.75,0.75,0.25,0.5,0.5,0.5,0.75,0.5
625195,1.0,0.25,1.0,0.75,0.0,0.0,1.0,1.0,1.0,0.0,1.0,0.0,1.0,0.25,0.0,0.0,1.0,0.0,0.0,0.0,0.0,0.0,0.25,1.0,0.0,0.0,0.0,1.0,1.0,1.0,0.0,1.0,0.0,1.0,1.0,1.0,1.0,1.0,0.0,1.0,0.75,0.0,0.0,0.0,1.0,1.0,1.0,1.0,0.0,0.75,1.0,0.75,1.0,1.0,0.75,0.0,0.75,1.0,1.0,0.25,1.0,1.0,0.0,0.67,0.33,1.0,0.33,0.25,0.25,0.25,0.5,1.0,0.75,1.0,0.25
625495,0.0,0.0,1.0,0.0,0.0,0.25,1.0,0.0,0.75,0.0,0.75,0.75,1.0,0.25,0.0,0.0,1.0,0.0,0.75,0.75,0.0,1.0,1.0,1.0,0.75,0.0,0.0,1.0,0.25,0.25,0.25,1.0,0.25,1.0,0.25,1.0,1.0,0.75,1.0,0.75,0.75,0.75,0.25,0.75,1.0,0.75,0.75,1.0,0.0,1.0,0.75,0.25,0.0,0.25,0.75,0.0,1.0,1.0,0.75,0.75,0.83,0.67,0.0,0.5,0.67,1.0,0.17,0.5,0.75,0.5,0.5,0.5,1.0,0.5,0.25
625849,0.0,0.75,0.75,0.0,1.0,1.0,1.0,1.0,0.25,0.25,1.0,1.0,1.0,1.0,1.0,1.0,0.0,1.0,1.0,1.0,0.25,1.0,0.0,1.0,1.0,0.75,1.0,1.0,0.0,0.0,1.0,0.25,1.0,0.0,0.75,0.25,1.0,1.0,0.25,1.0,0.75,1.0,1.0,1.0,0.25,0.75,1.0,0.0,0.0,0.75,0.0,0.0,1.0,1.0,0.0,0.75,0.0,1.0,0.0,0.25,0.0,0.0,1.0,0.0,0.17,0.0,1.0,0.5,0.75,0.75,0.75,0.25,0.25,0.25,0.5
625850,0.25,0.0,0.0,0.0,0.25,0.0,0.0,0.0,0.75,0.25,0.75,0.75,1.0,1.0,0.0,0.0,1.0,0.25,0.0,0.0,0.0,0.75,0.25,1.0,0.0,0.0,0.25,0.75,0.0,0.25,0.0,0.0,0.0,0.75,0.0,0.25,0.25,0.75,0.0,0.75,1.0,0.25,0.75,0.75,0.75,0.0,0.0,1.0,0.0,0.75,0.0,0.0,0.0,0.25,1.0,0.0,0.25,0.75,0.25,0.75,1.0,0.83,0.0,0.0,1.0,1.0,0.83,0.25,0.5,0.25,0.0,0.5,0.75,0.25,0.25
626283,1.0,0.25,0.0,1.0,0.75,0.25,0.25,1.0,0.25,0.25,0.75,0.0,0.25,0.75,0.75,0.75,0.0,0.75,0.0,1.0,1.0,1.0,0.0,1.0,0.0,0.25,1.0,0.75,1.0,0.0,1.0,1.0,0.75,0.25,1.0,0.0,0.75,0.75,0.75,1.0,1.0,1.0,1.0,1.0,0.75,1.0,1.0,0.0,1.0,0.25,1.0,1.0,0.75,1.0,0.25,1.0,0.75,1.0,0.0,0.0,0.0,0.5,0.67,0.0,0.67,0.0,1.0,0.5,1.0,0.25,0.5,0.5,0.5,0.75,0.75
626759,0.0,1.0,0.0,1.0,1.0,1.0,1.0,1.0,0.0,0.0,1.0,1.0,0.75,1.0,0.0,1.0,0.25,0.0,1.0,0.0,0.0,1.0,0.0,1.0,1.0,0.0,1.0,1.0,1.0,0.75,1.0,0.0,1.0,0.25,0.75,0.0,0.0,0.25,0.0,0.25,0.25,0.25,1.0,1.0,0.0,1.0,1.0,0.0,0.0,0.0,0.0,1.0,1.0,0.25,0.25,1.0,0.75,0.75,0.0,0.0,1.0,0.83,1.0,0.0,0.67,0.5,1.0,1.0,1.0,0.75,0.0,0.0,0.5,0.0,1.0
628564,0.25,0.0,1.0,0.25,0.0,0.0,0.25,0.0,0.75,0.25,0.25,1.0,0.75,0.75,0.0,1.0,1.0,0.0,0.75,0.75,0.0,1.0,1.0,0.75,0.0,1.0,0.0,0.0,0.75,0.75,0.25,1.0,0.0,0.75,0.0,1.0,1.0,0.0,1.0,0.0,0.0,0.0,0.0,0.0,1.0,0.75,0.0,1.0,0.0,1.0,1.0,0.0,0.25,1.0,1.0,0.0,1.0,0.25,1.0,0.75,1.0,1.0,0.0,0.67,0.83,0.67,0.0,0.25,0.75,0.5,0.75,0.75,0.25,0.75,0.0
629316,0.0,1.0,0.25,0.0,1.0,0.75,0.0,1.0,1.0,0.0,1.0,0.0,1.0,1.0,0.0,0.0,0.75,1.0,0.0,1.0,0.0,1.0,0.0,1.0,1.0,0.0,1.0,1.0,0.0,0.0,1.0,0.0,1.0,0.0,0.75,0.0,1.0,1.0,0.0,1.0,1.0,1.0,1.0,1.0,0.0,0.75,1.0,0.0,0.0,0.25,0.0,0.0,0.0,1.0,0.75,0.0,0.0,1.0,0.25,0.25,1.0,0.17,1.0,0.33,0.17,0.67,1.0,0.75,0.75,0.25,0.75,0.0,0.75,0.0,0.75
630122,0.0,1.0,1.0,1.0,0.0,0.0,0.0,0.0,0.75,0.0,0.75,0.25,1.0,0.75,0.0,1.0,1.0,0.0,0.0,0.0,0.0,0.25,1.0,1.0,0.0,1.0,0.75,0.75,1.0,1.0,0.0,1.0,0.0,1.0,1.0,1.0,0.75,0.0,1.0,0.0,0.0,0.0,0.75,0.0,1.0,0.0,0.0,1.0,0.0,1.0,1.0,0.0,0.0,0.25,1.0,0.0,1.0,0.0,1.0,1.0,1.0,1.0,0.0,0.5,0.67,1.0,0.33,0.5,0.75,0.5,0.75,0.75,1.0,1.0,0.25
630665,0.25,1.0,0.25,0.0,1.0,1.0,0.0,0.75,0.25,0.25,0.75,0.75,0.75,1.0,1.0,0.75,0.0,1.0,0.75,1.0,1.0,1.0,0.25,1.0,1.0,0.25,1.0,1.0,0.25,0.0,1.0,0.0,1.0,0.0,0.75,0.25,1.0,0.75,0.25,1.0,1.0,1.0,1.0,1.0,0.75,0.75,1.0,0.0,1.0,0.25,0.0,0.75,0.75,1.0,0.0,1.0,0.0,1.0,0.0,0.0,0.17,0.17,1.0,0.0,0.67,0.0,1.0,1.0,1.0,0.5,1.0,0.0,0.25,0.0,1.0
631288,1.0,0.75,1.0,1.0,0.75,0.75,0.75,1.0,0.25,0.25,1.0,0.75,0.75,0.75,0.25,0.0,0.25,0.75,1.0,1.0,0.75,0.25,0.25,1.0,1.0,0.25,0.25,1.0,1.0,1.0,0.75,0.75,1.0,0.75,1.0,0.75,0.75,0.75,0.25,0.75,0.75,0.75,1.0,1.0,1.0,1.0,1.0,0.0,0.25,0.25,1.0,0.75,1.0,0.75,0.0,1.0,0.25,1.0,0.0,0.0,0.67,0.17,0.67,0.0,0.33,0.17,0.83,0.75,0.75,0.5,0.5,0.25,0.5,0.75,0.75
631893,0.0,1.0,1.0,0.0,0.25,1.0,0.75,0.0,0.0,0.25,0.0,1.0,0.0,1.0,0.0,0.25,1.0,0.25,0.0,0.75,0.0,0.0,0.25,0.0,1.0,1.0,1.0,0.75,0.25,0.25,1.0,0.0,0.0,1.0,1.0,0.75,1.0,0.0,1.0,0.0,0.0,0.0,0.0,1.0,0.75,0.75,1.0,1.0,0.0,1.0,1.0,0.75,1.0,0.0,0.75,0.25,0.75,0.75,0.75,0.25,0.67,0.33,0.83,0.83,0.17,1.0,0.67,0.5,0.5,0.75,1.0,0.75,0.75,0.75,0.5
632550,0.0,0.0,0.25,0.25,0.25,0.0,0.0,0.25,1.0,0.75,0.75,0.0,0.75,0.25,0.0,0.25,0.75,0.0,0.25,1.0,0.0,0.0,0.75,0.0,0.0,0.75,0.75,1.0,1.0,0.75,0.0,0.75,0.25,0.0,1.0,0.75,0.25,0.75,0.75,0.25,0.25,0.75,1.0,1.0,0.0,1.0,0.75,1.0,0.0,0.0,0.25,1.0,1.0,0.0,0.0,0.25,0.25,0.75,0.25,0.0,0.17,0.33,0.33,0.83,0.5,0.5,0.67,0.0,0.5,0.5,0.5,0.5,0.5,0.5,0.5
636652,0.25,0.0,0.25,1.0,0.0,0.25,0.75,0.75,1.0,0.25,0.25,0.0,0.75,0.75,0.0,0.25,0.75,0.0,0.0,0.75,0.0,0.25,0.0,0.25,0.75,0.75,0.0,1.0,0.0,0.75,0.0,0.0,0.25,0.0,0.0,0.75,0.25,0.25,0.75,0.25,0.75,0.75,1.0,1.0,0.25,0.0,1.0,1.0,0.0,0.75,1.0,1.0,1.0,1.0,0.25,0.25,0.75,0.25,0.25,0.0,0.5,0.17,0.5,0.83,0.17,0.5,0.83,0.5,0.5,0.5,0.5,0.25,0.5,0.75,0.5
636849,1.0,0.0,0.75,0.25,0.0,0.25,0.75,0.0,1.0,0.0,0.25,0.75,1.0,0.0,0.0,0.0,0.75,0.0,0.75,0.75,0.0,0.0,0.75,1.0,0.0,0.75,0.0,0.75,0.25,1.0,0.0,1.0,0.0,1.0,1.0,0.75,0.75,0.0,0.0,0.25,0.0,0.0,0.25,0.25,1.0,0.0,0.75,0.75,0.0,0.25,0.75,0.75,0.75,0.0,0.75,0.75,0.75,0.25,0.25,0.0,0.83,0.67,0.0,0.67,0.67,0.83,0.67,0.5,0.5,0.5,0.5,0.5,0.5,0.75,0.25
647196,0.0,1.0,0.75,0.0,1.0,1.0,0.25,1.0,0.25,0.0,0.25,0.0,0.0,0.75,1.0,1.0,0.0,0.75,1.0,0.75,1.0,1.0,0.0,1.0,1.0,0.25,1.0,1.0,0.25,0.0,1.0,0.25,1.0,0.0,0.75,0.0,1.0,1.0,0.25,1.0,1.0,1.0,1.0,1.0,0.25,1.0,1.0,0.0,0.75,0.25,0.0,0.25,1.0,1.0,0.0,1.0,0.25,1.0,0.0,0.0,0.0,0.0,1.0,0.0,0.5,0.0,1.0,1.0,1.0,0.25,0.75,0.0,0.25,0.0,0.75
647497,0.25,0.0,1.0,1.0,1.0,0.0,0.25,1.0,1.0,0.0,0.25,0.75,0.0,0.25,0.0,0.0,0.75,0.0,0.0,0.75,0.0,0.75,0.75,1.0,0.75,0.0,0.0,1.0,1.0,1.0,0.25,0.75,0.25,0.0,1.0,0.0,0.75,1.0,0.25,0.25,0.75,0.75,1.0,1.0,0.75,1.0,1.0,0.0,0.0,1.0,0.25,0.0,1.0,1.0,0.25,0.0,0.75,1.0,0.25,0.0,1.0,0.17,0.0,0.17,0.67,0.33,1.0,0.5,1.0,0.25,0.5,0.5,0.75,0.5,0.5
649268,0.0,0.0,1.0,1.0,0.0,0.75,1.0,0.0,0.0,0.75,0.0,0.0,1.0,0.75,0.0,1.0,1.0,0.0,0.0,1.0,0.0,1.0,1.0,0.75,0.0,0.75,0.25,1.0,1.0,1.0,0.0,0.75,0.0,1.0,0.0,1.0,0.75,0.25,0.75,0.0,0.0,0.25,0.25,1.0,0.25,0.75,0.75,0.25,0.0,1.0,0.75,0.25,1.0,1.0,1.0,0.25,0.25,1.0,1.0,0.25,1.0,0.17,0.17,1.0,0.17,0.0,0.0,0.25,0.25,0.75,0.75,1.0,0.25,0.75,0.25
652034,1.0,0.25,0.25,1.0,0.25,0.0,0.25,0.0,0.25,0.75,1.0,0.0,0.25,0.25,1.0,0.0,0.0,1.0,1.0,1.0,0.25,1.0,0.75,1.0,0.0,0.25,0.25,0.75,1.0,1.0,0.0,0.75,0.0,0.75,1.0,1.0,0.25,0.25,1.0,1.0,0.75,0.25,0.25,0.25,1.0,1.0,0.25,1.0,0.0,1.0,1.0,1.0,1.0,0.25,0.0,1.0,1.0,0.25,0.25,0.0,0.17,1.0,0.67,0.17,1.0,0.33,0.67,0.5,0.75,0.0,0.75,0.25,0.5,1.0,0.25
655145,0.75,0.75,1.0,1.0,0.25,0.75,1.0,0.75,0.0,0.0,1.0,1.0,1.0,1.0,0.0,1.0,0.0,0.0,0.25,0.75,0.0,0.75,0.0,0.0,0.0,1.0,0.0,1.0,0.25,1.0,1.0,1.0,0.75,1.0,1.0,0.0,1.0,0.75,1.0,0.25,1.0,0.75,1.0,1.0,0.75,1.0,1.0,0.0,0.0,0.0,0.75,1.0,1.0,0.75,0.0,1.0,1.0,0.25,0.0,0.0,0.83,0.5,0.0,0.0,0.33,0.33,0.67,0.5,0.75,0.5,0.5,0.5,0.5,0.5,0.5
655999,0.75,1.0,1.0,0.25,0.75,0.75,1.0,0.0,0.0,1.0,0.75,1.0,1.0,0.75,0.0,0.0,0.0,0.0,0.0,0.25,0.0,0.25,0.0,0.0,1.0,1.0,0.25,1.0,0.0,0.75,0.0,0.25,0.0,1.0,0.0,1.0,1.0,0.25,1.0,0.75,0.25,0.75,1.0,1.0,0.0,0.0,0.25,1.0,0.0,1.0,0.75,0.0,0.0,1.0,1.0,0.0,0.0,0.25,1.0,1.0,0.83,0.17,0.67,1.0,0.17,0.67,0.83,0.75,1.0,1.0,0.75,0.25,0.75,0.25,0.0
657863,1.0,0.75,0.75,0.25,0.0,0.25,0.75,0.25,0.75,0.0,0.75,0.25,0.75,0.0,0.0,0.75,0.25,0.25,0.0,0.75,0.25,0.25,0.0,1.0,0.0,1.0,0.0,0.25,0.75,1.0,0.25,1.0,0.0,0.75,1.0,1.0,0.75,0.75,1.0,0.75,0.75,0.0,0.75,0.25,0.75,0.75,0.25,0.0,0.0,0.0,0.75,0.75,1.0,0.0,0.0,1.0,1.0,0.0,0.0,0.0,0.83,0.83,0.0,0.17,0.67,0.33,0.0,0.5,0.75,0.5,0.5,0.5,0.5,0.5,0.5
658498,0.0,0.75,1.0,0.25,0.75,0.25,0.75,1.0,0.25,0.75,0.25,0.25,0.25,0.75,0.75,0.75,0.25,0.75,0.25,0.0,0.0,0.0,0.25,0.0,0.75,0.75,0.75,0.75,0.75,0.75,0.25,0.75,0.75,0.75,0.75,0.0,0.75,0.75,0.25,1.0,0.75,0.75,0.75,0.75,0.75,0.75,0.25,0.0,0.75,0.25,0.25,0.75,0.75,0.75,0.0,1.0,0.75,1.0,0.0,0.25,0.67,0.67,0.67,0.17,0.67,0.33,0.67,0.5,0.75,0.25,0.75,0.25,0.25,0.25,1.0
658981,0.25,1.0,1.0,0.0,1.0,1.0,0.25,0.75,0.0,0.0,1.0,1.0,0.0,1.0,1.0,1.0,0.0,1.0,0.75,0.75,1.0,1.0,1.0,1.0,1.0,0.75,1.0,1.0,0.0,0.25,1.0,0.0,1.0,0.25,1.0,0.0,1.0,0.25,0.0,1.0,1.0,1.0,1.0,0.75,1.0,0.75,0.75,0.0,1.0,0.25,0.0,1.0,1.0,0.25,0.0,1.0,0.75,1.0,0.0,0.0,0.33,0.33,1.0,0.0,0.83,0.0,1.0,1.0,1.0,0.0,1.0,0.0,0.0,0.0,1.0
660691,0.25,0.0,0.25,0.25,0.0,0.0,0.75,0.0,0.0,0.75,0.25,0.0,1.0,0.0,0.0,0.0,1.0,0.0,0.25,0.25,0.0,0.75,1.0,0.75,0.0,0.25,0.0,0.25,0.75,0.75,0.0,1.0,0.0,1.0,0.75,1.0,0.75,0.0,1.0,0.0,0.25,0.0,0.0,0.25,1.0,0.0,0.0,1.0,0.0,0.75,1.0,1.0,1.0,0.25,0.75,0.0,0.75,0.0,0.75,0.25,0.83,0.83,0.17,0.67,0.17,1.0,0.0,0.25,0.5,0.5,0.0,1.0,0.75,1.0,0.0
662182,1.0,0.25,0.25,1.0,1.0,0.0,1.0,0.25,1.0,0.25,0.75,1.0,0.25,0.75,0.25,1.0,0.0,1.0,1.0,0.75,0.0,1.0,0.0,1.0,0.0,0.25,0.0,1.0,1.0,0.25,1.0,1.0,1.0,0.25,0.75,0.75,0.0,0.25,0.0,0.75,0.75,0.0,0.75,0.25,0.75,1.0,0.25,1.0,1.0,1.0,1.0,1.0,1.0,0.25,0.0,0.75,0.75,0.75,0.0,0.0,0.83,1.0,0.33,0.0,0.83,0.33,0.67,0.25,0.75,0.25,0.5,0.75,0.5,0.75,0.25
666407,0.75,0.25,1.0,0.25,0.0,0.0,1.0,0.75,1.0,0.0,0.75,0.0,0.75,0.75,0.0,0.0,0.75,0.25,0.0,1.0,0.0,0.75,0.25,0.25,1.0,0.75,0.0,1.0,0.0,0.75,0.75,0.25,0.25,0.25,0.0,0.75,1.0,1.0,0.75,0.75,0.0,0.75,1.0,1.0,0.25,0.75,1.0,0.25,0.0,0.0,0.75,0.25,1.0,0.25,0.25,0.25,0.0,0.75,0.25,0.75,1.0,0.33,0.5,0.67,0.33,0.67,1.0,0.5,0.75,0.5,0.5,0.25,0.5,0.75,0.5
667301,1.0,0.0,0.0,0.0,1.0,1.0,0.0,0.75,1.0,1.0,0.25,0.75,1.0,0.25,0.0,1.0,0.75,0.75,1.0,1.0,0.0,0.75,0.75,1.0,0.25,0.75,0.75,0.0,1.0,1.0,0.25,1.0,0.75,0.75,0.25,0.75,1.0,1.0,0.75,0.25,0.75,0.75,1.0,0.75,1.0,0.25,0.75,0.75,0.75,0.25,0.25,0.75,0.75,0.75,0.25,0.75,0.75,0.75,0.25,0.75,0.17,0.83,0.33,0.0,0.83,0.17,0.83,0.75,0.75,0.75,1.0,0.75,0.25,0.0,0.5
668221,0.25,1.0,1.0,0.0,0.75,1.0,0.25,1.0,0.75,0.0,0.75,0.25,0.0,1.0,1.0,0.75,0.25,1.0,1.0,1.0,0.0,1.0,0.0,1.0,1.0,0.0,0.25,1.0,0.0,0.0,0.75,0.0,1.0,0.25,0.75,0.0,0.75,0.75,0.0,0.75,1.0,1.0,1.0,1.0,0.25,1.0,1.0,0.0,0.25,0.75,0.0,0.0,1.0,0.25,0.0,1.0,0.75,1.0,0.0,0.0,0.83,0.33,0.83,0.0,0.67,0.17,1.0,0.75,1.0,0.25,0.75,0.0,0.5,0.25,0.75
670056,0.75,0.25,0.25,0.25,0.75,0.0,0.75,0.0,0.75,0.25,0.75,0.0,1.0,0.25,0.0,0.25,1.0,0.0,0.25,0.75,0.0,1.0,1.0,0.0,0.0,0.25,0.0,0.0,1.0,0.75,0.0,1.0,0.0,1.0,0.75,1.0,0.75,0.0,0.25,0.75,0.0,0.25,0.0,0.0,0.75,0.75,0.75,0.75,0.0,0.25,1.0,0.0,0.25,0.25,0.75,0.0,0.75,0.0,0.75,1.0,0.83,0.83,0.0,0.67,0.83,0.83,0.17,0.25,0.75,0.5,0.5,0.5,0.75,0.25,0.25
671042,0.25,0.75,0.0,0.75,1.0,1.0,0.75,1.0,0.25,0.0,1.0,0.75,0.25,1.0,0.75,1.0,0.25,1.0,1.0,1.0,1.0,1.0,0.0,1.0,1.0,1.0,1.0,1.0,0.25,0.25,1.0,0.25,1.0,0.25,0.75,0.75,1.0,1.0,0.0,1.0,1.0,1.0,1.0,1.0,1.0,1.0,1.0,0.25,0.75,0.75,0.25,1.0,1.0,1.0,0.0,1.0,0.75,0.75,0.0,0.0,0.0,0.0,1.0,0.17,0.67,0.17,0.83,1.0,1.0,0.25,1.0,0.0,0.0,0.25,0.5
672348,0.0,1.0,1.0,0.0,0.25,0.25,0.25,0.25,0.0,1.0,0.75,0.75,0.75,1.0,0.0,0.0,1.0,0.0,0.0,0.75,0.0,1.0,1.0,1.0,0.0,0.75,1.0,1.0,1.0,1.0,1.0,1.0,0.0,0.75,0.75,1.0,0.75,0.0,0.0,0.75,1.0,0.25,1.0,0.75,1.0,0.75,1.0,1.0,0.0,0.75,0.75,0.25,0.25,0.0,0.75,0.25,0.25,1.0,0.25,0.25,0.83,0.67,0.67,0.33,0.83,0.17,0.67,0.25,0.75,0.75,0.75,0.5,0.5,0.5,0.5
673229,0.0,0.25,1.0,0.0,0.25,0.75,1.0,0.0,0.0,0.75,0.0,0.0,0.75,0.75,0.0,0.0,1.0,0.0,0.0,0.0,0.0,0.25,0.25,0.75,0.0,0.0,0.25,0.75,0.75,0.0,0.0,0.25,0.0,0.75,0.25,0.25,1.0,1.0,0.25,0.25,0.25,0.75,0.25,0.25,0.25,0.75,0.75,0.75,0.0,0.75,0.75,0.75,0.0,0.25,0.25,0.25,1.0,0.25,0.75,0.75,0.83,0.67,0.33,1.0,0.33,0.83,0.67,0.5,0.75,0.75,0.75,0.5,0.75,0.5,0.75
674934,0.0,1.0,1.0,0.0,0.25,1.0,0.0,1.0,0.25,1.0,0.0,0.0,1.0,1.0,0.0,0.0,1.0,0.0,1.0,0.25,0.0,0.0,1.0,1.0,0.0,0.25,0.0,1.0,1.0,1.0,0.0,1.0,0.0,1.0,1.0,0.75,0.75,0.0,1.0,0.0,0.0,1.0,1.0,1.0,0.25,0.75,1.0,1.0,0.0,1.0,1.0,0.0,0.0,1.0,0.75,0.75,0.25,0.25,0.75,0.75,1.0,0.67,0.33,1.0,0.67,0.67,0.33,0.25,0.75,1.0,0.25,1.0,1.0,1.0,1.0
675407,0.75,1.0,0.0,0.25,1.0,1.0,0.0,1.0,0.0,1.0,1.0,1.0,1.0,1.0,0.75,0.75,1.0,1.0,1.0,1.0,1.0,1.0,0.25,0.25,1.0,1.0,1.0,1.0,1.0,1.0,1.0,0.25,0.0,0.75,1.0,0.25,1.0,1.0,0.25,1.0,1.0,1.0,1.0,1.0,0.25,0.0,1.0,0.0,1.0,1.0,0.0,0.75,0.0,1.0,0.0,1.0,0.0,1.0,0.0,0.25,0.0,0.0,1.0,1.0,0.17,0.17,1.0,1.0,0.75,0.25,1.0,0.25,0.5,0.25,0.75
675940,0.0,1.0,0.75,0.25,1.0,1.0,0.25,0.25,0.0,0.25,1.0,0.25,0.75,1.0,0.0,0.25,1.0,0.25,0.0,0.25,0.0,0.0,0.25,0.0,0.0,0.75,1.0,0.25,1.0,1.0,0.0,1.0,0.0,0.75,1.0,1.0,1.0,0.0,0.25,1.0,0.75,0.25,0.25,0.25,1.0,1.0,1.0,1.0,0.0,1.0,1.0,0.0,0.0,1.0,1.0,0.0,1.0,1.0,0.25,1.0,0.83,0.67,0.0,1.0,0.67,1.0,0.0,0.25,1.0,1.0,1.0,1.0,1.0,0.25,1.0
679017,0.25,1.0,1.0,0.25,0.0,1.0,0.0,0.0,0.0,1.0,0.0,1.0,0.25,0.75,0.25,0.75,0.75,0.0,0.25,0.75,0.0,1.0,1.0,0.25,0.0,0.75,0.0,1.0,0.75,0.25,0.25,0.25,0.0,0.25,0.25,0.0,1.0,0.0,0.75,0.25,0.75,0.75,0.75,0.75,0.0,0.25,1.0,1.0,0.0,1.0,0.0,0.25,0.25,1.0,0.0,0.75,0.75,1.0,0.0,0.25,0.0,0.5,0.17,0.5,0.33,0.5,0.5,0.75,0.75,0.75,0.75,0.25,0.5,0.25,0.5
679629,0.75,1.0,0.25,0.25,1.0,1.0,0.25,0.25,0.0,0.75,0.25,0.75,0.0,1.0,0.75,0.75,0.25,1.0,0.75,0.0,0.75,1.0,1.0,1.0,0.75,0.75,1.0,1.0,0.75,0.75,1.0,0.0,1.0,0.75,0.75,0.0,0.75,0.75,0.25,0.75,1.0,1.0,1.0,1.0,0.25,0.25,0.75,0.75,1.0,1.0,0.0,0.0,0.25,0.75,0.25,0.75,0.0,1.0,0.25,0.25,0.67,0.67,1.0,0.83,0.83,0.17,0.83,1.0,0.25,0.75,0.75,0.0,0.5,0.25,0.75
684338,1.0,0.75,1.0,0.75,0.0,0.75,0.75,0.0,0.75,0.0,0.75,0.25,0.75,1.0,0.75,1.0,0.75,0.75,0.25,1.0,0.0,1.0,0.25,1.0,0.25,0.75,0.75,1.0,1.0,1.0,0.75,1.0,0.25,1.0,0.75,0.0,0.75,0.0,0.25,0.0,0.25,0.75,0.25,1.0,1.0,0.0,0.75,0.0,0.25,0.0,0.25,1.0,1.0,0.25,0.0,1.0,0.75,0.75,0.0,0.0,0.83,0.67,0.67,0.0,0.83,0.67,0.83,0.5,0.75,0.5,0.75,0.25,0.5,0.75,0.5
689426,0.0,1.0,1.0,0.0,1.0,1.0,0.75,0.25,0.0,0.0,0.75,0.75,0.0,1.0,1.0,0.75,0.0,1.0,1.0,1.0,1.0,1.0,0.0,1.0,1.0,0.75,1.0,1.0,0.0,0.75,1.0,0.0,0.75,0.0,0.25,0.0,1.0,1.0,0.0,0.75,0.75,1.0,0.75,1.0,1.0,0.75,0.75,0.0,1.0,0.0,0.0,0.75,0.75,1.0,0.0,1.0,0.0,1.0,0.0,0.0,0.83,0.33,0.67,0.0,0.67,0.17,1.0,0.75,0.75,0.5,1.0,0.0,0.5,0.0,0.75
689995,0.75,0.0,1.0,0.25,0.0,0.0,1.0,0.25,1.0,0.0,1.0,0.0,0.25,0.75,0.0,0.25,1.0,0.0,0.25,1.0,0.0,0.75,0.25,1.0,0.25,0.75,0.0,0.75,1.0,0.75,0.75,1.0,0.0,0.75,0.75,0.75,0.25,0.75,0.0,0.75,0.75,0.0,0.25,0.0,1.0,0.0,0.75,1.0,0.0,0.25,0.75,0.75,0.0,0.0,0.75,0.25,0.25,0.75,0.75,1.0,1.0,0.67,0.83,1.0,0.5,1.0,0.0,0.25,0.5,0.0,0.5,0.5,1.0,0.5,0.25
690932,0.0,0.25,0.75,0.0,0.0,0.75,0.0,0.0,0.0,0.0,0.25,1.0,0.75,1.0,0.0,0.25,0.75,0.0,1.0,1.0,0.0,1.0,1.0,1.0,1.0,0.25,0.0,1.0,0.75,0.25,1.0,0.75,0.0,1.0,0.75,0.25,0.75,1.0,1.0,0.0,0.75,0.75,0.25,0.75,0.75,0.0,0.75,1.0,0.25,0.25,0.25,0.25,0.75,1.0,0.75,0.0,0.75,0.75,0.75,0.75,0.83,0.17,0.0,0.67,0.5,0.67,0.17,0.0,0.75,0.5,0.75,0.75,0.75,0.5,0.5
691307,0.0,0.0,1.0,0.75,0.75,0.0,0.0,1.0,0.0,0.0,0.75,0.25,0.0,0.75,0.0,0.25,0.0,0.25,0.25,0.0,0.75,1.0,0.75,1.0,0.25,1.0,1.0,1.0,1.0,0.0,1.0,0.75,1.0,0.0,0.0,0.0,1.0,1.0,0.75,1.0,1.0,0.75,1.0,1.0,0.0,1.0,1.0,0.0,0.0,0.0,0.0,1.0,1.0,1.0,0.0,1.0,0.75,1.0,0.0,0.0,0.67,0.83,0.0,0.0,0.17,0.33,1.0,0.5,0.5,0.5,0.5,0.5,0.75,0.5,0.75
692073,0.0,0.0,0.0,0.0,0.0,0.0,0.0,0.0,1.0,1.0,0.0,1.0,0.75,0.75,0.0,0.0,1.0,0.0,0.0,0.0,0.0,0.0,0.75,0.0,0.75,0.75,0.25,0.75,0.0,1.0,0.0,1.0,0.0,1.0,1.0,1.0,0.75,1.0,1.0,0.25,0.25,0.0,0.75,0.75,1.0,1.0,1.0,1.0,0.0,0.75,1.0,0.25,0.75,1.0,0.75,0.0,0.0,1.0,0.75,0.75,1.0,1.0,0.33,1.0,0.67,1.0,0.0,0.75,0.75,0.75,1.0,1.0,0.75,0.75,0.75
692289,0.25,0.0,1.0,0.75,0.0,0.0,0.0,0.0,0.75,1.0,0.0,0.0,1.0,0.75,0.0,0.75,1.0,0.0,0.0,0.0,0.0,0.0,1.0,1.0,0.0,0.0,0.25,1.0,0.75,1.0,1.0,1.0,0.0,1.0,0.0,1.0,0.75,0.75,0.25,0.25,0.75,0.75,0.0,0.0,1.0,0.0,0.0,1.0,0.0,1.0,1.0,0.0,0.0,1.0,1.0,0.0,0.75,0.75,1.0,1.0,0.83,1.0,0.17,1.0,0.67,0.83,0.33,0.0,0.0,0.5,0.75,1.0,0.75,1.0,0.0
693548,0.0,1.0,0.0,0.0,0.25,1.0,0.0,0.0,1.0,0.0,0.0,0.0,0.0,1.0,0.0,0.0,0.0,0.0,0.0,0.0,0.0,0.0,1.0,0.0,0.0,0.0,0.0,0.0,1.0,1.0,0.0,1.0,0.0,0.0,1.0,0.0,1.0,0.0,1.0,1.0,0.0,0.0,0.0,0.0,0.0,0.0,0.0,1.0,0.0,0.0,0.0,0.0,0.0,1.0,1.0,0.0,0.0,1.0,1.0,1.0,0.83,0.83,0.0,0.83,0.83,0.67,0.67,0.25,0.75,0.75,0.75,0.75,0.75,0.25,0.75
695354,0.75,0.75,0.75,0.25,0.0,1.0,0.0,0.75,0.25,0.0,0.25,0.25,1.0,0.75,0.0,0.25,0.75,1.0,0.0,0.0,0.0,0.0,0.25,0.0,0.75,1.0,0.75,0.75,0.75,0.25,1.0,0.75,0.0,0.0,0.0,0.75,1.0,0.25,0.25,1.0,0.0,0.75,0.75,1.0,0.25,0.25,1.0,0.75,0.0,0.75,0.25,0.25,0.0,0.25,0.75,0.0,0.25,0.75,0.25,1.0,0.17,0.33,0.5,1.0,0.33,0.67,0.67,0.75,0.0,0.75,0.75,0.5,0.5,0.25,0.5
697581,0.75,0.75,0.75,0.25,0.0,0.75,1.0,0.75,0.75,0.0,1.0,0.0,0.25,0.25,0.0,0.75,1.0,0.0,0.0,1.0,0.0,0.25,1.0,1.0,0.0,0.0,1.0,1.0,1.0,0.25,0.0,0.25,0.0,0.75,0.75,0.75,0.0,0.25,0.25,1.0,1.0,0.75,1.0,0.75,1.0,0.75,1.0,1.0,0.0,0.75,0.75,1.0,1.0,0.25,0.25,0.25,0.75,1.0,0.75,0.0,0.83,0.83,0.0,0.5,0.83,0.83,0.5,0.25,1.0,0.5,0.75,0.5,0.75,0.75,0.25
698059,0.75,1.0,0.25,0.25,0.75,0.75,0.75,0.75,0.25,0.0,0.25,0.25,0.0,1.0,0.75,0.75,0.0,1.0,0.75,1.0,0.25,1.0,0.25,0.75,0.25,0.25,1.0,0.75,0.75,0.75,0.75,0.25,0.75,0.0,1.0,0.25,0.75,0.25,0.75,1.0,0.75,1.0,1.0,1.0,0.75,0.75,1.0,0.0,0.75,0.75,1.0,1.0,1.0,0.75,0.0,1.0,1.0,1.0,0.0,0.0,0.33,0.33,0.33,0.17,0.67,0.5,1.0,1.0,1.0,0.25,1.0,0.25,1.0,0.75,1.0
699810,0.0,1.0,1.0,0.25,0.75,1.0,0.0,0.0,1.0,0.25,1.0,0.0,1.0,0.0,0.0,0.0,1.0,0.0,0.0,0.0,0.0,1.0,1.0,0.0,1.0,0.0,0.0,1.0,1.0,0.0,1.0,1.0,0.25,1.0,0.0,0.0,1.0,0.0,0.0,1.0,1.0,1.0,1.0,0.0,1.0,0.0,1.0,1.0,0.0,1.0,0.0,0.0,0.0,1.0,1.0,0.0,0.0,1.0,1.0,0.25,0.67,0.17,0.17,1.0,0.17,1.0,1.0,0.25,1.0,0.75,1.0,0.25,0.5,0.25,0.0
701883,0.75,0.0,0.25,0.25,0.0,0.0,0.0,0.0,1.0,1.0,0.25,0.0,0.75,0.0,0.0,0.25,1.0,0.0,0.25,0.75,0.0,0.0,1.0,0.25,0.0,0.0,0.0,0.0,0.25,1.0,0.0,1.0,0.0,1.0,0.0,1.0,0.75,0.0,0.25,0.0,0.25,0.0,0.0,0.0,1.0,0.25,0.0,1.0,0.0,1.0,1.0,0.0,0.0,0.75,1.0,0.0,0.75,0.0,1.0,1.0,0.17,1.0,0.17,0.83,0.67,1.0,0.0,0.25,0.25,0.75,0.25,1.0,0.75,0.75,0.0
701973,0.25,0.0,1.0,0.0,0.75,0.75,1.0,0.75,0.25,0.0,0.25,1.0,0.75,1.0,0.25,0.75,0.25,1.0,1.0,1.0,1.0,1.0,0.25,1.0,1.0,0.25,1.0,1.0,0.75,0.25,1.0,1.0,1.0,1.0,1.0,0.0,1.0,0.75,0.25,0.75,1.0,1.0,1.0,1.0,1.0,1.0,1.0,0.25,0.75,0.75,0.75,0.75,1.0,0.25,0.0,0.75,0.75,1.0,0.0,0.25,1.0,0.5,0.83,0.0,1.0,0.17,0.83,0.75,0.75,0.5,0.75,0.5,0.5,0.5,0.75
702190,0.25,1.0,0.75,1.0,0.75,0.75,1.0,1.0,0.0,0.0,0.25,0.75,0.75,1.0,0.75,1.0,1.0,1.0,1.0,1.0,0.0,1.0,0.25,1.0,0.75,0.75,1.0,0.25,0.75,0.0,0.75,1.0,1.0,0.25,1.0,1.0,1.0,0.75,1.0,0.75,0.75,0.75,0.25,1.0,0.75,0.75,0.75,0.0,1.0,0.25,0.75,0.75,0.25,1.0,0.0,0.75,1.0,0.75,0.0,0.25,0.83,0.67,0.83,0.17,0.83,0.17,0.5,0.75,1.0,0.25,0.75,0.5,0.5,0.5,0.5
702626,1.0,1.0,0.25,1.0,1.0,0.25,0.25,0.75,0.75,0.0,1.0,0.75,0.0,0.75,1.0,0.75,0.25,1.0,1.0,1.0,0.75,1.0,0.0,1.0,0.25,0.75,0.25,0.75,1.0,1.0,1.0,0.0,0.75,0.75,1.0,0.25,0.75,0.25,0.0,1.0,0.75,0.0,0.25,0.75,1.0,0.75,0.25,0.0,1.0,0.25,0.0,0.0,0.75,0.25,0.0,1.0,0.75,0.75,0.0,0.25,0.17,0.67,0.67,0.0,0.67,0.0,0.67,0.75,0.75,0.0,0.75,0.25,0.5,0.0,0.75
703034,1.0,0.25,1.0,1.0,0.25,0.0,0.0,0.0,0.75,0.75,0.75,0.0,1.0,0.75,0.75,1.0,0.75,0.0,0.75,0.25,0.25,1.0,1.0,1.0,0.0,0.25,0.0,0.25,1.0,0.75,0.0,0.75,0.25,1.0,1.0,1.0,0.75,0.0,0.75,0.75,0.0,0.25,0.0,0.75,1.0,1.0,0.25,1.0,0.0,0.75,0.75,0.75,0.25,0.75,0.25,0.0,1.0,0.0,0.25,0.75,0.0,1.0,0.0,0.5,1.0,0.33,0.17,0.0,1.0,0.0,0.75,0.5,0.5,0.75,0.0
703837,0.0,0.25,1.0,0.0,0.75,0.0,1.0,0.0,0.0,1.0,0.0,0.0,0.0,0.0,0.0,0.0,0.0,0.0,1.0,0.0,0.0,0.0,0.75,0.75,0.0,0.25,0.25,0.75,1.0,0.0,0.0,0.0,0.0,1.0,1.0,0.75,0.75,0.0,1.0,0.0,0.0,0.0,0.0,0.0,1.0,0.0,0.25,1.0,0.0,0.0,0.25,0.0,0.25,1.0,0.25,0.0,0.0,1.0,0.0,0.25,1.0,1.0,0.0,0.67,0.67,0.83,0.67,0.5,0.75,0.5,0.5,0.5,0.5,0.5,0.5
704183,0.75,0.75,0.75,0.25,1.0,0.0,0.0,0.0,0.75,0.75,0.75,0.0,1.0,0.75,0.25,0.0,1.0,0.0,0.0,1.0,0.0,0.75,1.0,1.0,0.75,1.0,0.0,0.75,1.0,0.25,0.25,1.0,0.0,1.0,0.75,1.0,0.75,1.0,0.25,0.75,0.25,0.75,0.0,0.25,1.0,0.75,0.75,1.0,0.0,1.0,1.0,1.0,0.0,0.0,0.75,0.25,0.75,0.0,0.75,1.0,1.0,0.67,0.83,1.0,0.83,1.0,0.17,0.25,0.5,0.75,0.25,1.0,1.0,0.75,0.75
704224,0.25,0.75,0.75,0.75,0.25,0.25,0.0,0.0,1.0,0.0,0.75,0.75,0.75,0.75,0.0,0.0,0.75,0.0,0.0,0.25,0.0,0.75,0.25,0.25,1.0,0.75,0.0,1.0,0.0,0.75,0.0,0.0,0.75,0.25,0.25,0.25,1.0,0.25,1.0,0.0,0.0,0.0,0.75,0.75,0.75,0.75,1.0,0.25,0.0,0.75,1.0,0.0,0.25,0.75,1.0,0.0,0.0,1.0,0.75,0.75,0.83,0.5,0.67,0.5,0.67,0.83,0.83,0.25,0.5,0.75,0.5,0.5,0.5,0.75,0.25
704325,1.0,1.0,1.0,0.75,0.25,1.0,0.25,0.75,0.25,0.25,0.25,0.75,1.0,1.0,1.0,0.75,0.0,1.0,1.0,0.75,1.0,1.0,0.25,0.75,1.0,0.75,1.0,0.75,0.25,0.75,0.75,0.25,1.0,0.25,0.75,0.25,1.0,1.0,0.25,0.75,1.0,1.0,1.0,1.0,0.75,0.75,1.0,0.25,0.0,1.0,0.0,1.0,1.0,0.25,0.0,1.0,0.75,1.0,0.25,0.0,1.0,0.67,1.0,0.0,0.83,0.17,0.83,0.25,0.75,0.75,1.0,0.25,0.5,0.0,0.75
706365,1.0,1.0,0.75,0.75,0.25,1.0,1.0,0.75,0.25,0.0,1.0,0.75,0.25,1.0,0.75,1.0,0.75,0.75,0.75,1.0,0.25,0.25,0.25,1.0,0.25,0.25,1.0,1.0,0.25,0.75,0.75,0.0,1.0,0.0,1.0,0.25,0.75,0.0,0.75,0.25,0.25,0.25,1.0,1.0,0.75,1.0,0.75,0.75,0.25,0.25,0.75,1.0,1.0,0.25,0.0,1.0,1.0,0.75,0.0,0.0,1.0,0.33,0.67,0.33,1.0,0.17,0.83,0.5,0.75,0.5,1.0,0.0,0.5,0.75,0.5
706533,0.0,1.0,0.75,0.25,1.0,0.25,1.0,1.0,0.25,0.25,0.75,0.75,0.25,0.75,1.0,0.25,0.0,1.0,1.0,1.0,0.25,0.75,0.25,1.0,1.0,0.75,1.0,0.75,0.25,0.25,0.25,0.0,0.25,0.0,0.25,0.25,0.75,1.0,0.25,1.0,1.0,1.0,1.0,0.75,0.75,0.75,0.75,0.25,1.0,0.75,0.0,0.25,0.75,0.75,0.0,0.75,0.25,0.75,0.0,0.0,0.5,0.17,1.0,0.33,0.5,0.0,1.0,1.0,0.75,0.5,0.5,0.25,0.5,0.5,0.75
706821,0.25,0.75,0.25,0.25,0.75,1.0,0.0,0.75,0.25,0.0,0.75,0.25,0.75,0.75,0.0,0.0,0.0,0.75,0.75,1.0,0.75,1.0,0.25,0.25,1.0,0.75,1.0,1.0,0.25,0.0,0.75,0.25,0.75,0.25,0.75,0.0,1.0,1.0,0.75,1.0,1.0,1.0,1.0,1.0,0.25,1.0,1.0,0.0,1.0,0.0,0.25,1.0,1.0,1.0,0.0,0.75,0.0,1.0,0.25,0.0,0.83,0.33,0.67,0.0,0.67,0.83,1.0,0.75,0.75,0.5,1.0,0.5,0.75,0.5,1.0
708229,0.75,0.75,1.0,0.75,1.0,1.0,1.0,0.75,0.0,0.0,0.25,0.75,0.75,1.0,1.0,1.0,0.25,1.0,1.0,0.25,1.0,1.0,0.0,1.0,1.0,0.75,1.0,1.0,0.25,0.75,0.75,0.25,1.0,0.0,0.75,0.25,0.25,0.75,0.0,1.0,1.0,1.0,0.75,1.0,1.0,1.0,1.0,0.0,1.0,0.75,0.0,0.0,0.25,0.75,0.0,1.0,0.0,1.0,0.0,0.0,0.83,0.33,1.0,0.0,0.83,0.33,0.67,0.75,0.75,0.25,1.0,0.0,0.25,0.0,0.5
709068,0.75,0.0,1.0,0.25,1.0,0.0,0.25,0.25,0.25,0.0,0.25,0.0,0.75,0.0,0.0,0.75,1.0,0.0,0.25,0.75,0.0,1.0,0.75,1.0,0.0,0.25,0.25,0.25,0.25,1.0,0.75,1.0,0.0,0.75,0.75,1.0,1.0,0.0,0.75,0.25,0.75,0.0,0.0,0.75,1.0,0.75,0.25,0.0,0.0,0.25,1.0,0.75,0.75,0.25,1.0,0.0,0.25,0.25,0.75,0.25,1.0,0.83,0.0,0.0,0.83,0.83,0.67,0.0,0.75,0.5,0.75,0.75,1.0,1.0,0.0
710559,0.0,0.0,0.0,0.0,0.25,1.0,1.0,0.0,0.0,0.0,1.0,0.25,0.0,1.0,0.0,0.0,0.0,0.0,0.0,1.0,0.75,1.0,0.25,1.0,1.0,0.25,1.0,1.0,0.25,0.75,1.0,0.75,0.25,1.0,1.0,0.0,0.75,0.75,0.75,1.0,0.75,0.75,0.75,0.25,0.75,0.75,1.0,0.25,0.0,0.0,0.25,1.0,1.0,0.75,0.0,1.0,0.25,0.75,0.0,0.0,0.17,0.0,0.67,0.0,0.17,0.67,0.67,0.5,0.75,0.5,0.5,0.5,0.75,0.75,0.5
710994,0.25,1.0,0.25,0.0,0.0,0.75,0.25,0.25,0.0,0.25,0.75,0.25,0.25,0.25,0.75,0.75,0.75,1.0,0.75,0.75,0.25,1.0,0.25,1.0,1.0,0.75,1.0,1.0,0.25,0.75,1.0,0.25,0.75,1.0,0.0,0.25,0.75,0.75,0.25,0.75,1.0,1.0,1.0,1.0,1.0,1.0,0.25,1.0,0.25,0.25,0.25,0.0,0.0,0.75,0.25,0.75,0.0,0.75,0.25,0.75,0.67,0.0,0.83,0.17,0.67,0.17,0.83,0.25,1.0,0.25,0.75,0.25,0.75,0.25,1.0
711016,0.75,0.0,1.0,0.0,0.0,0.0,0.75,0.25,0.75,1.0,0.75,0.25,0.75,0.25,0.0,0.75,1.0,0.0,0.75,1.0,0.0,0.25,0.75,1.0,0.0,0.25,1.0,0.75,0.75,0.75,0.25,1.0,0.0,1.0,0.75,0.75,1.0,0.0,0.0,0.0,0.75,0.75,0.0,0.75,1.0,0.25,0.25,1.0,0.0,0.0,1.0,1.0,1.0,0.75,0.25,0.25,1.0,0.25,0.25,0.25,1.0,0.83,0.0,0.67,0.67,1.0,0.0,0.0,0.75,0.75,0.75,1.0,1.0,1.0,0.0
714390,0.25,1.0,0.75,0.0,1.0,1.0,1.0,0.75,0.25,0.0,1.0,0.25,0.75,1.0,1.0,1.0,0.0,1.0,1.0,0.75,0.75,1.0,0.25,0.75,1.0,0.75,1.0,1.0,0.25,0.75,1.0,0.75,1.0,0.0,0.75,0.75,0.75,1.0,0.25,1.0,0.75,0.75,1.0,1.0,1.0,1.0,1.0,0.0,0.0,1.0,0.25,0.75,0.75,0.75,0.0,0.75,0.75,1.0,0.0,0.0,0.33,0.33,0.83,0.17,0.83,0.0,1.0,0.5,0.75,0.0,1.0,0.25,0.75,0.25,0.75
718749,0.75,0.0,1.0,0.0,1.0,0.25,0.0,1.0,0.0,0.25,0.75,0.75,0.25,0.75,0.75,0.75,1.0,0.75,0.0,0.75,0.0,1.0,0.25,1.0,0.25,1.0,1.0,1.0,0.0,0.0,1.0,0.0,1.0,0.0,0.75,0.25,1.0,0.75,0.75,0.25,1.0,0.75,1.0,1.0,0.25,0.25,1.0,0.75,0.75,0.75,0.0,0.0,0.25,0.25,0.0,0.75,0.25,1.0,0.25,0.25,0.83,0.0,1.0,1.0,0.83,0.0,0.67,0.75,0.75,0.75,0.75,0.0,0.75,0.0,0.25
720086,0.75,0.75,1.0,0.25,1.0,1.0,0.0,1.0,0.25,0.25,0.75,0.75,0.0,1.0,1.0,1.0,0.0,1.0,1.0,1.0,0.75,1.0,0.0,1.0,1.0,0.75,1.0,1.0,0.25,0.75,1.0,0.0,1.0,0.0,1.0,0.0,0.75,1.0,0.25,1.0,1.0,1.0,1.0,1.0,0.75,0.75,1.0,0.25,0.75,0.75,0.0,0.25,0.0,0.75,0.0,1.0,0.25,1.0,0.0,0.0,0.67,0.0,1.0,0.0,0.83,0.0,1.0,0.75,0.75,0.5,0.75,0.0,0.0,0.0,0.5
720142,0.25,0.75,0.75,0.25,1.0,1.0,0.0,0.75,0.25,1.0,0.75,0.75,0.25,1.0,0.75,1.0,0.0,0.0,1.0,1.0,1.0,1.0,1.0,1.0,1.0,0.75,1.0,1.0,1.0,0.25,1.0,0.25,1.0,0.0,0.25,0.0,1.0,0.75,0.0,1.0,1.0,1.0,1.0,1.0,0.0,0.75,1.0,0.75,0.25,0.75,0.0,0.25,1.0,1.0,0.25,0.25,0.0,1.0,0.25,1.0,0.83,0.67,1.0,0.67,0.67,0.0,1.0,1.0,1.0,0.75,1.0,0.0,0.5,0.0,0.75
726725,0.0,0.25,0.25,0.0,0.0,0.0,0.75,1.0,0.0,0.0,1.0,1.0,1.0,1.0,0.0,0.25,1.0,1.0,1.0,1.0,0.0,1.0,0.75,0.0,1.0,0.75,1.0,1.0,0.25,0.25,1.0,0.0,0.25,0.0,0.0,0.0,1.0,0.75,0.0,1.0,1.0,1.0,1.0,1.0,0.0,0.25,1.0,0.0,1.0,0.75,0.25,1.0,1.0,1.0,0.0,1.0,0.75,0.75,0.25,0.0,1.0,0.17,1.0,0.83,0.83,0.67,1.0,0.75,0.75,0.25,0.75,0.0,0.5,0.5,0.75
730033,1.0,0.0,1.0,1.0,0.0,0.0,0.25,0.0,0.75,0.0,0.25,0.0,1.0,0.0,0.0,0.0,1.0,0.0,0.0,0.25,0.0,0.0,1.0,0.0,0.0,0.0,0.0,0.0,1.0,0.0,0.25,1.0,0.0,1.0,0.0,1.0,1.0,0.75,1.0,0.0,0.0,0.75,0.25,0.75,0.0,0.75,0.75,1.0,0.0,1.0,1.0,0.75,0.75,0.0,0.25,0.0,1.0,0.25,0.75,0.25,0.83,1.0,0.33,0.5,0.83,1.0,0.33,0.0,0.5,0.5,0.5,0.75,1.0,1.0,0.0
734497,1.0,0.75,1.0,0.75,0.0,0.25,0.25,0.25,0.75,0.0,1.0,0.0,0.75,0.75,0.0,0.75,0.25,0.0,0.75,1.0,0.0,1.0,0.75,1.0,0.25,0.25,0.0,0.75,1.0,0.75,0.25,1.0,0.0,0.75,0.75,0.75,0.75,0.25,0.75,0.75,0.75,0.75,0.75,0.25,1.0,1.0,1.0,0.0,0.0,0.0,0.75,0.75,0.25,0.25,0.0,0.25,0.75,0.25,0.25,0.25,0.83,0.83,0.67,0.17,0.83,0.5,0.67,0.5,0.75,0.25,0.5,0.5,0.5,0.5,0.75
734774,1.0,0.75,0.0,0.0,1.0,0.75,0.0,1.0,0.25,0.0,0.0,0.0,0.0,1.0,0.75,0.75,1.0,1.0,1.0,1.0,1.0,1.0,0.25,0.75,1.0,1.0,1.0,1.0,1.0,0.0,1.0,0.0,1.0,0.0,1.0,0.0,1.0,1.0,0.0,1.0,1.0,1.0,1.0,1.0,0.75,1.0,1.0,1.0,0.25,0.75,0.0,0.0,0.25,1.0,0.0,0.75,1.0,1.0,0.0,0.0,0.33,0.33,0.67,0.0,0.33,0.33,1.0,0.25,1.0,0.75,1.0,0.0,0.0,0.0,1.0
735020,0.25,0.75,0.75,0.25,0.75,1.0,0.0,0.75,0.75,0.0,0.75,1.0,0.25,0.75,0.25,0.75,0.25,0.75,0.0,1.0,0.75,1.0,0.25,1.0,0.0,0.75,0.75,0.75,0.25,0.75,1.0,0.75,0.25,0.75,0.25,0.25,1.0,0.75,0.25,0.25,1.0,1.0,1.0,0.75,0.25,0.25,0.75,0.25,1.0,0.25,0.75,0.75,0.75,0.25,0.0,0.25,0.75,0.75,0.0,0.25,0.33,0.67,0.17,0.17,0.33,0.33,0.17,0.75,0.75,0.5,0.5,0.25,0.75,0.5,0.5
735145,0.25,0.0,1.0,0.25,1.0,0.75,0.25,0.0,0.75,0.75,0.25,0.25,0.75,0.75,0.0,0.75,1.0,0.25,0.75,1.0,0.0,0.25,1.0,1.0,0.0,0.25,0.25,0.75,0.75,0.75,0.0,1.0,0.0,1.0,0.75,1.0,0.75,0.0,0.25,0.25,1.0,1.0,0.25,0.75,1.0,0.75,0.75,1.0,0.0,0.75,1.0,0.75,0.75,0.25,1.0,0.75,1.0,0.25,1.0,0.75,0.83,0.83,0.33,1.0,0.83,0.83,0.5,0.25,0.75,0.5,0.5,1.0,0.75,1.0,0.25
738212,0.75,1.0,0.75,0.25,1.0,1.0,0.75,0.25,0.25,0.0,0.25,0.75,0.25,1.0,1.0,1.0,0.0,0.75,0.75,0.75,1.0,1.0,0.0,1.0,1.0,0.25,1.0,1.0,0.25,0.25,1.0,0.0,0.75,0.0,0.25,0.0,1.0,1.0,0.25,1.0,1.0,1.0,0.25,1.0,1.0,1.0,1.0,0.0,0.75,0.25,0.75,1.0,1.0,1.0,0.0,1.0,0.75,1.0,0.0,0.0,0.33,0.67,0.83,0.0,0.83,0.0,1.0,0.75,0.75,0.5,0.75,0.0,0.5,0.75,0.5
738666,0.0,1.0,1.0,0.0,1.0,0.75,0.0,0.0,1.0,1.0,0.75,1.0,0.75,1.0,0.0,0.0,1.0,0.0,0.0,1.0,0.0,0.0,1.0,0.75,0.25,1.0,1.0,0.25,1.0,1.0,0.25,1.0,0.0,1.0,0.0,1.0,1.0,0.25,0.0,0.25,1.0,1.0,0.0,0.25,1.0,1.0,1.0,1.0,0.0,1.0,0.0,0.0,0.0,1.0,1.0,0.0,0.75,1.0,1.0,1.0,0.0,0.67,0.17,1.0,0.5,1.0,0.33,0.25,0.75,0.75,0.75,0.75,0.75,0.25,0.5
738793,0.75,0.0,1.0,0.0,0.75,0.0,0.0,1.0,1.0,1.0,0.25,0.75,0.0,0.25,0.0,1.0,1.0,0.0,0.0,0.25,0.0,1.0,0.75,1.0,0.0,0.75,0.0,0.0,0.0,1.0,0.0,1.0,0.0,0.75,0.0,1.0,0.25,0.0,0.0,0.75,0.75,0.75,1.0,0.0,1.0,0.75,0.0,1.0,0.0,0.0,1.0,0.0,0.0,0.25,1.0,0.0,1.0,0.75,1.0,1.0,0.83,1.0,0.0,0.67,0.67,0.5,0.5,0.0,0.75,0.5,0.0,1.0,0.75,1.0,0.25
739880,1.0,1.0,0.75,0.25,0.25,0.75,0.25,1.0,0.25,0.25,0.75,0.0,0.75,0.75,0.25,0.25,0.75,0.25,0.25,0.75,0.0,0.0,0.75,1.0,1.0,1.0,0.75,0.75,0.25,0.75,0.75,0.75,0.75,0.75,1.0,0.75,0.25,0.75,0.75,0.75,0.75,0.25,0.75,0.75,0.75,0.75,0.75,1.0,0.25,0.75,0.75,1.0,0.75,0.25,0.25,0.75,0.75,0.75,0.75,0.0,0.83,0.67,0.67,0.5,0.67,0.67,0.5,0.75,0.75,0.5,1.0,0.5,0.5,0.5,0.5
740844,1.0,1.0,1.0,0.0,1.0,1.0,0.0,1.0,1.0,0.0,0.25,0.0,0.0,0.75,0.0,0.25,0.25,0.0,0.0,0.0,0.0,0.0,0.25,1.0,1.0,1.0,0.0,0.25,1.0,0.0,1.0,0.75,0.0,1.0,0.75,1.0,1.0,0.75,0.25,0.0,0.75,0.75,1.0,1.0,0.0,0.25,0.75,0.75,0.0,0.75,1.0,0.0,0.0,1.0,0.0,0.0,0.0,1.0,0.75,1.0,1.0,0.83,0.67,0.17,0.33,1.0,0.67,0.75,0.75,0.75,0.75,0.75,1.0,1.0,0.75
741461,0.25,1.0,1.0,0.0,1.0,1.0,1.0,0.25,0.0,0.25,1.0,0.0,0.75,1.0,0.75,0.75,0.0,0.25,1.0,0.75,0.0,0.75,0.0,0.25,1.0,0.75,1.0,1.0,0.0,1.0,0.25,0.0,0.75,0.25,1.0,0.25,1.0,1.0,0.0,1.0,1.0,0.75,1.0,1.0,1.0,1.0,0.75,0.25,0.25,1.0,0.0,0.0,0.0,1.0,0.0,0.75,0.25,1.0,0.25,0.75,0.0,0.0,0.83,0.33,0.67,0.17,0.83,1.0,1.0,0.25,1.0,0.25,0.0,0.0,0.75
742636,0.25,0.75,1.0,0.25,1.0,1.0,0.0,0.0,0.0,0.0,1.0,0.75,0.75,1.0,1.0,1.0,0.0,1.0,1.0,0.0,1.0,1.0,0.0,1.0,1.0,0.0,1.0,1.0,1.0,0.0,1.0,0.0,0.25,0.0,0.75,0.0,0.75,1.0,0.75,0.75,0.75,1.0,1.0,1.0,0.0,1.0,1.0,0.0,1.0,0.25,0.75,1.0,1.0,1.0,0.0,1.0,1.0,1.0,0.0,0.0,0.67,0.33,0.83,0.0,0.33,0.17,0.83,0.5,0.75,0.5,0.75,0.25,0.5,0.5,0.75
744166,0.0,1.0,0.75,1.0,1.0,0.75,0.75,0.75,0.0,0.0,0.75,0.75,0.75,1.0,0.25,1.0,0.0,1.0,1.0,1.0,1.0,1.0,1.0,1.0,1.0,0.0,0.75,1.0,1.0,0.0,1.0,0.75,0.75,0.75,1.0,0.0,0.75,0.75,0.0,1.0,1.0,1.0,1.0,1.0,1.0,1.0,1.0,1.0,1.0,0.75,0.0,1.0,0.75,1.0,0.0,0.75,0.25,1.0,0.0,0.0,0.17,0.0,1.0,0.0,1.0,0.67,1.0,1.0,1.0,0.25,1.0,0.25,0.75,0.25,0.25
746681,0.0,1.0,0.25,0.0,0.0,0.75,0.0,0.0,0.0,0.75,1.0,0.0,0.75,0.0,0.0,0.0,1.0,0.0,0.25,0.0,0.0,0.75,0.0,0.0,1.0,0.0,1.0,0.75,0.25,1.0,0.25,1.0,0.0,1.0,1.0,1.0,0.75,0.0,1.0,0.0,0.25,0.25,0.0,1.0,1.0,1.0,0.25,1.0,0.0,1.0,0.0,0.0,0.75,1.0,1.0,0.0,0.25,0.0,1.0,0.75,0.0,0.33,1.0,1.0,0.17,0.83,0.0,1.0,0.0,0.75,0.25,1.0,0.75,0.25,0.0
749194,1.0,0.25,0.75,0.75,0.0,0.75,0.0,0.0,0.0,1.0,1.0,0.25,0.75,0.75,0.0,0.0,1.0,0.0,0.0,0.75,0.25,0.75,1.0,1.0,0.0,0.25,0.25,1.0,0.25,0.75,0.0,0.25,0.25,0.25,0.0,1.0,0.25,0.0,0.0,0.75,0.75,1.0,1.0,0.75,0.25,1.0,1.0,0.0,0.0,0.75,0.75,1.0,1.0,0.25,1.0,0.25,0.75,0.25,1.0,0.25,0.67,0.83,0.17,0.33,0.67,0.33,1.0,0.25,1.0,0.25,0.25,0.25,0.25,0.75,0.5
749265,0.75,0.0,1.0,0.25,0.0,0.0,1.0,0.0,1.0,0.0,0.75,0.25,0.75,0.0,0.0,0.75,1.0,0.0,0.75,0.75,0.0,1.0,0.0,1.0,0.25,0.25,0.25,1.0,0.75,0.75,0.0,1.0,1.0,0.0,0.75,0.25,0.75,0.25,1.0,1.0,1.0,0.25,0.25,1.0,0.75,1.0,1.0,0.25,0.0,0.0,1.0,1.0,1.0,1.0,0.0,1.0,0.75,0.0,0.0,0.0,0.67,0.83,0.17,0.83,0.5,0.83,0.5,0.25,0.75,0.25,0.5,0.5,0.75,0.75,0.25
750609,0.0,1.0,0.75,0.0,1.0,1.0,0.75,1.0,0.0,0.0,0.75,0.25,0.75,1.0,1.0,1.0,0.0,1.0,0.75,0.75,0.75,1.0,0.0,1.0,1.0,1.0,1.0,1.0,0.0,0.25,1.0,0.25,0.75,0.0,0.75,0.0,1.0,0.75,0.0,1.0,1.0,1.0,1.0,1.0,0.75,1.0,1.0,0.0,0.75,0.0,0.25,0.75,0.75,1.0,0.0,1.0,0.25,1.0,0.0,0.0,0.17,0.0,1.0,0.0,0.0,0.0,0.83,1.0,1.0,0.25,1.0,0.0,0.5,0.25,0.75
757436,0.0,1.0,1.0,0.0,0.75,1.0,0.0,0.0,0.0,0.0,0.75,0.0,0.25,1.0,0.75,0.75,0.25,0.75,1.0,1.0,0.25,1.0,1.0,1.0,0.75,0.75,1.0,0.75,0.0,0.75,0.25,1.0,0.0,0.75,1.0,0.0,0.75,0.0,0.75,0.25,0.75,0.25,0.75,0.0,1.0,1.0,0.25,0.0,0.25,0.0,0.25,0.25,1.0,0.25,0.0,1.0,0.25,0.25,0.0,0.0,0.83,0.83,0.67,0.17,1.0,0.33,0.67,0.5,0.75,0.5,0.75,0.5,0.75,0.75,0.5
758652,1.0,0.75,0.75,0.75,1.0,1.0,0.75,1.0,1.0,0.0,1.0,0.25,0.0,0.75,0.0,0.25,0.0,0.0,1.0,1.0,0.75,1.0,1.0,1.0,1.0,0.25,1.0,0.75,1.0,1.0,1.0,0.75,0.75,0.25,0.75,0.25,1.0,0.75,0.25,1.0,1.0,1.0,1.0,1.0,1.0,1.0,1.0,0.0,1.0,0.75,0.0,1.0,1.0,0.75,0.0,1.0,0.75,1.0,0.0,0.0,0.83,0.83,0.33,0.0,0.83,0.67,0.33,0.25,0.75,0.5,0.75,0.25,0.5,0.5,0.5
760556,1.0,0.0,1.0,1.0,0.0,0.0,0.0,0.75,0.25,0.0,1.0,0.25,1.0,1.0,0.0,1.0,0.75,0.0,1.0,1.0,1.0,1.0,0.25,1.0,0.25,0.0,1.0,1.0,1.0,1.0,0.25,0.0,1.0,1.0,1.0,0.0,1.0,1.0,0.75,1.0,0.75,0.75,1.0,1.0,1.0,1.0,1.0,0.25,0.0,1.0,0.75,1.0,1.0,1.0,0.0,0.75,0.75,1.0,0.0,0.0,0.0,0.83,0.67,0.0,1.0,0.17,0.83,0.5,0.75,0.25,0.5,0.0,0.75,0.75,0.5
761020,0.75,1.0,0.75,0.25,1.0,1.0,0.75,1.0,0.25,0.25,0.75,1.0,0.75,1.0,1.0,1.0,0.0,1.0,0.25,0.75,0.75,1.0,0.25,1.0,1.0,0.75,1.0,1.0,0.25,0.0,1.0,0.0,1.0,0.0,0.25,0.0,1.0,1.0,0.75,1.0,1.0,1.0,0.25,1.0,0.75,0.75,1.0,0.0,0.75,0.25,0.25,0.75,1.0,1.0,0.0,1.0,0.0,1.0,0.0,0.0,0.17,0.33,1.0,0.0,0.67,0.0,1.0,0.75,0.75,0.25,0.5,0.0,0.5,0.5,1.0
761220,0.0,0.0,0.0,1.0,0.0,0.0,0.0,0.0,0.0,1.0,0.0,0.25,0.75,0.0,0.0,0.0,1.0,0.25,0.0,0.0,0.0,0.0,0.0,0.0,0.0,0.0,0.0,0.75,0.75,0.25,0.0,0.75,0.0,1.0,0.0,1.0,1.0,0.75,0.75,0.25,0.0,0.75,0.0,0.25,0.0,0.0,0.0,1.0,0.0,1.0,1.0,0.0,0.0,0.75,1.0,0.0,0.25,0.25,1.0,1.0,0.17,0.33,0.0,0.83,0.67,0.17,0.33,0.25,0.25,0.25,0.5,0.5,0.5,0.75,0.25
761349,0.75,1.0,0.75,0.25,1.0,1.0,0.0,1.0,0.75,0.0,1.0,0.25,0.25,1.0,1.0,0.75,0.25,1.0,1.0,1.0,1.0,1.0,0.0,1.0,1.0,0.75,1.0,1.0,1.0,0.0,1.0,0.0,1.0,0.0,0.25,0.0,0.25,0.75,0.25,1.0,1.0,1.0,1.0,1.0,0.75,1.0,1.0,0.0,1.0,0.25,0.0,1.0,1.0,0.75,0.0,1.0,0.25,1.0,0.0,0.0,0.0,0.33,1.0,0.0,0.83,0.0,1.0,0.75,1.0,0.25,1.0,0.0,0.25,0.25,1.0
763604,0.75,0.25,0.75,1.0,0.0,0.25,0.25,0.75,0.75,1.0,1.0,0.25,0.0,1.0,0.75,0.75,0.0,0.75,1.0,0.75,0.0,1.0,1.0,0.75,0.0,0.25,0.0,0.75,0.75,0.75,0.25,1.0,0.75,1.0,0.75,1.0,0.25,0.25,0.75,0.25,0.25,0.25,0.25,0.75,0.75,0.25,0.25,1.0,0.0,0.75,0.75,0.75,0.75,0.25,0.25,0.25,0.75,0.25,0.75,0.75,0.33,1.0,0.17,0.17,0.83,0.5,0.17,0.25,0.5,0.25,0.5,0.75,0.5,0.75,0.5
768088,0.25,1.0,0.75,0.0,0.25,1.0,1.0,1.0,0.25,0.0,1.0,0.25,1.0,1.0,1.0,0.75,0.0,1.0,1.0,1.0,1.0,1.0,0.25,1.0,1.0,1.0,1.0,1.0,1.0,0.75,1.0,0.0,1.0,0.0,0.75,0.0,1.0,1.0,0.0,1.0,1.0,1.0,1.0,1.0,0.75,1.0,1.0,0.0,0.0,1.0,0.0,0.75,1.0,0.75,0.0,1.0,0.25,1.0,0.0,0.0,0.67,0.33,0.83,0.17,0.33,0.67,1.0,0.75,0.75,0.0,0.75,0.0,0.75,0.25,0.75
769229,1.0,1.0,0.75,0.25,1.0,0.75,0.25,0.0,0.25,0.0,0.25,1.0,0.25,0.75,0.25,0.0,0.25,0.75,0.75,1.0,0.25,1.0,0.75,0.75,0.25,0.75,1.0,0.25,0.25,0.75,1.0,0.25,0.75,0.75,0.75,0.0,0.75,0.75,0.25,0.75,0.75,0.75,0.75,1.0,0.75,0.75,0.75,0.25,1.0,0.25,0.25,0.75,0.75,0.25,0.25,0.25,0.75,0.75,0.0,0.25,0.83,0.67,0.67,0.33,0.83,0.17,0.5,0.5,0.75,0.75,0.75,0.25,0.5,0.5,0.5
769804,0.0,0.75,0.75,0.0,1.0,1.0,0.25,0.75,0.25,0.0,0.75,0.75,0.25,0.75,0.75,0.75,0.0,1.0,1.0,1.0,1.0,1.0,0.25,1.0,1.0,0.75,1.0,1.0,0.0,0.0,1.0,0.0,0.75,0.75,0.0,0.0,0.75,0.25,0.25,0.75,1.0,1.0,0.75,0.75,1.0,0.75,0.75,0.0,0.75,0.0,0.0,0.25,0.75,0.75,0.0,1.0,0.25,1.0,0.0,0.0,0.17,0.17,0.83,0.0,0.33,0.17,0.83,0.75,0.75,0.25,0.75,0.25,0.25,0.0,0.75
771443,0.25,1.0,1.0,0.0,1.0,1.0,0.75,1.0,0.0,0.0,0.75,1.0,0.0,1.0,1.0,1.0,0.0,1.0,0.75,0.25,1.0,1.0,0.0,1.0,1.0,0.75,1.0,1.0,1.0,0.0,1.0,0.0,1.0,0.0,0.75,0.0,1.0,1.0,0.25,1.0,1.0,1.0,1.0,1.0,1.0,0.75,1.0,0.0,1.0,0.75,0.0,0.75,1.0,1.0,0.0,1.0,0.25,1.0,0.0,0.0,0.67,0.0,0.83,0.0,0.67,0.0,1.0,1.0,1.0,0.25,0.75,0.0,0.5,0.25,0.75
771708,0.25,0.25,1.0,0.75,1.0,1.0,1.0,1.0,1.0,0.0,1.0,0.25,0.25,1.0,0.75,0.75,0.0,1.0,0.25,0.75,0.25,1.0,0.25,1.0,1.0,0.75,0.75,1.0,0.25,0.75,1.0,0.25,1.0,0.0,0.25,0.25,1.0,1.0,0.75,0.75,1.0,1.0,1.0,1.0,0.75,1.0,1.0,0.0,0.25,0.0,0.75,1.0,1.0,1.0,0.0,1.0,0.25,1.0,0.0,0.0,0.0,0.0,1.0,0.17,0.33,0.17,1.0,1.0,1.0,0.25,1.0,0.0,0.75,0.5,0.75
773981,1.0,0.0,0.0,1.0,0.0,0.0,0.75,0.0,0.0,0.75,1.0,0.25,1.0,0.0,0.0,1.0,1.0,0.0,1.0,0.75,0.0,1.0,1.0,1.0,0.0,0.0,0.25,0.25,0.75,1.0,0.0,1.0,0.25,1.0,1.0,1.0,0.25,0.75,1.0,0.0,0.0,0.0,0.25,0.75,1.0,1.0,0.0,1.0,0.0,1.0,1.0,0.0,0.0,0.0,1.0,0.0,0.75,0.0,1.0,1.0,1.0,1.0,0.0,0.83,0.83,1.0,0.0,0.0,0.5,0.75,0.75,0.5,1.0,1.0,0.0
776548,0.25,1.0,1.0,0.75,1.0,0.25,0.75,0.75,0.75,0.25,1.0,0.0,0.75,0.75,0.0,0.75,0.25,1.0,0.75,1.0,0.25,1.0,0.75,1.0,1.0,0.0,1.0,1.0,0.75,1.0,1.0,1.0,1.0,0.75,0.0,0.75,1.0,1.0,0.25,1.0,0.75,1.0,0.75,0.25,0.75,1.0,1.0,0.75,0.0,0.75,0.25,0.75,0.25,0.75,0.75,0.75,0.75,1.0,0.25,0.75,0.83,0.83,0.67,0.17,0.83,0.17,0.33,0.5,0.75,0.5,0.75,0.5,0.75,0.25,0.25
776872,0.0,0.75,1.0,0.0,1.0,1.0,0.0,1.0,0.0,0.75,1.0,1.0,0.0,1.0,1.0,1.0,0.0,1.0,1.0,1.0,1.0,1.0,0.0,1.0,1.0,1.0,1.0,1.0,1.0,0.0,1.0,0.0,1.0,1.0,1.0,0.0,1.0,1.0,0.0,1.0,1.0,1.0,1.0,1.0,0.0,1.0,1.0,0.0,1.0,1.0,0.0,1.0,1.0,1.0,0.0,1.0,0.0,1.0,0.0,0.0,0.83,0.17,1.0,0.17,0.5,0.0,1.0,0.75,1.0,0.25,1.0,0.0,0.5,0.0,1.0
777650,0.0,0.0,1.0,1.0,0.75,0.0,0.25,0.75,0.0,0.0,0.0,0.0,0.0,0.0,0.0,1.0,0.0,0.0,1.0,1.0,0.0,0.0,0.0,1.0,0.0,0.0,0.25,0.0,1.0,0.0,0.0,0.0,0.0,0.75,0.75,0.25,0.0,0.25,0.0,0.25,1.0,0.75,0.75,0.25,0.0,1.0,1.0,0.25,0.0,0.75,0.0,0.0,0.0,0.75,1.0,0.0,0.0,1.0,0.75,0.25,0.67,0.67,0.0,0.67,0.83,0.17,0.83,0.0,0.75,0.75,0.0,0.75,0.5,0.0,0.5
779144,1.0,0.75,1.0,1.0,0.0,0.0,0.75,0.0,1.0,0.75,1.0,0.25,0.0,0.0,0.25,0.75,0.75,0.25,0.25,0.75,0.0,1.0,1.0,1.0,0.75,0.75,0.0,0.25,1.0,0.75,0.25,0.25,0.75,0.75,1.0,0.25,0.25,0.0,1.0,0.75,1.0,0.75,1.0,0.25,0.75,1.0,1.0,0.75,0.0,0.0,1.0,1.0,1.0,0.25,0.0,0.75,1.0,0.75,0.0,0.0,0.5,0.83,0.0,0.5,0.5,0.67,0.33,0.5,0.75,0.5,0.5,0.5,0.75,0.75,0.5
779196,0.0,0.75,1.0,0.0,1.0,0.75,0.0,0.75,0.0,0.0,0.25,0.25,0.25,1.0,0.0,0.75,0.0,0.0,0.25,0.25,1.0,1.0,0.75,1.0,0.25,0.75,1.0,0.75,0.75,0.0,1.0,0.75,0.0,0.25,0.25,0.25,1.0,0.0,0.0,1.0,1.0,1.0,0.25,0.75,0.75,1.0,1.0,0.0,0.0,0.25,0.0,0.75,0.25,0.75,0.0,0.25,0.75,1.0,0.0,0.75,0.17,0.33,0.67,0.17,0.5,0.17,0.5,0.75,0.75,0.75,0.75,0.75,0.75,0.25,0.5
781796,0.0,1.0,1.0,0.0,1.0,1.0,0.0,0.75,0.0,0.0,0.75,1.0,0.0,1.0,1.0,1.0,0.75,0.75,0.75,1.0,1.0,1.0,0.75,1.0,1.0,0.75,0.75,0.75,0.75,0.25,1.0,0.25,0.75,0.75,0.75,0.0,1.0,0.75,0.75,0.75,1.0,0.75,0.75,1.0,0.75,0.75,0.75,0.25,1.0,1.0,0.0,1.0,1.0,0.25,0.0,1.0,1.0,0.75,0.0,0.0,0.83,0.83,1.0,0.0,1.0,0.17,1.0,1.0,1.0,0.75,1.0,0.25,0.25,0.25,1.0
785428,1.0,1.0,0.75,0.75,0.75,0.75,0.25,0.75,0.25,0.25,0.75,0.0,0.25,1.0,0.25,0.75,0.0,0.25,0.0,0.25,0.25,0.75,0.25,0.75,0.25,0.25,0.75,0.75,0.75,0.25,0.75,1.0,0.75,1.0,0.0,1.0,1.0,0.25,0.0,1.0,1.0,1.0,0.75,1.0,1.0,0.75,1.0,0.0,0.25,0.25,0.75,0.75,1.0,0.75,0.0,0.75,0.75,1.0,0.0,0.0,0.83,0.83,0.5,0.17,0.83,0.0,1.0,0.75,0.25,0.5,0.75,0.5,0.75,0.25,0.5
785712,0.0,1.0,1.0,0.0,1.0,1.0,0.75,0.75,0.0,0.0,0.75,0.75,0.0,1.0,0.0,0.0,0.25,1.0,1.0,1.0,0.0,1.0,0.75,1.0,0.25,0.75,1.0,1.0,1.0,0.0,1.0,1.0,0.0,0.25,0.0,0.0,0.75,0.0,0.0,1.0,1.0,1.0,1.0,0.75,1.0,0.75,1.0,1.0,0.0,0.75,1.0,1.0,1.0,1.0,0.0,0.75,0.0,1.0,0.0,1.0,1.0,0.0,0.83,0.17,0.5,0.33,1.0,0.5,0.75,0.25,0.5,0.75,0.25,1.0,0.5
786153,1.0,0.25,1.0,0.25,0.25,0.75,0.75,0.75,0.75,0.25,1.0,0.25,0.75,0.75,0.0,0.75,0.0,0.25,0.0,0.0,0.0,0.0,0.0,1.0,0.75,0.25,0.25,0.75,0.75,0.75,0.75,0.75,1.0,0.25,1.0,0.25,0.75,0.25,1.0,0.0,0.75,0.75,1.0,1.0,1.0,0.75,1.0,0.25,0.0,0.25,1.0,0.75,0.75,0.25,0.25,0.0,0.25,1.0,0.0,0.25,0.83,0.67,0.5,1.0,0.33,0.0,0.17,0.75,0.75,0.5,0.75,0.5,0.75,0.75,0.75
787285,0.75,1.0,0.25,0.0,0.75,1.0,0.75,1.0,0.75,0.25,0.25,0.0,0.75,1.0,0.0,0.75,0.75,0.0,0.75,0.75,0.25,1.0,1.0,1.0,1.0,0.75,1.0,1.0,0.25,0.25,1.0,1.0,1.0,0.0,1.0,0.0,1.0,1.0,0.75,1.0,1.0,1.0,1.0,1.0,1.0,1.0,0.75,0.0,0.0,0.25,0.25,0.0,0.0,0.25,0.25,0.75,0.0,1.0,0.0,0.75,1.0,0.67,0.83,0.0,1.0,0.67,1.0,0.75,1.0,0.5,0.5,0.5,0.5,0.5,0.75
787409,1.0,0.75,1.0,1.0,0.25,0.75,1.0,0.25,0.75,0.25,0.75,0.25,0.75,0.75,0.25,0.75,1.0,0.25,0.25,0.75,0.0,0.25,0.75,0.75,0.0,0.75,1.0,0.75,1.0,1.0,0.75,0.75,1.0,1.0,1.0,0.75,0.75,0.75,0.25,0.0,0.75,0.25,0.75,0.25,0.75,0.75,1.0,0.0,0.25,0.75,0.75,0.75,1.0,0.25,0.0,1.0,1.0,0.25,0.0,0.0,1.0,1.0,0.0,0.0,0.67,0.33,1.0,0.5,0.75,0.25,0.5,0.5,0.75,0.75,0.5
788328,0.0,0.25,0.75,0.25,0.0,0.25,0.25,0.0,1.0,0.75,0.75,0.25,1.0,0.25,0.0,0.75,0.75,0.0,0.75,1.0,0.0,0.75,0.75,0.0,0.0,0.0,0.0,0.0,1.0,1.0,0.0,0.75,0.0,0.75,0.75,0.75,0.25,0.75,0.75,0.0,0.0,0.25,0.0,0.0,1.0,0.75,0.25,0.75,0.0,0.75,0.25,0.25,0.75,0.25,0.25,0.25,0.75,0.25,0.25,0.25,0.67,0.83,0.17,0.67,0.83,0.83,0.33,0.25,0.25,0.25,0.25,0.75,0.5,0.5,0.25
792514,0.0,1.0,1.0,0.0,0.0,0.0,0.0,0.0,0.0,1.0,1.0,0.0,1.0,0.0,0.0,0.0,1.0,0.0,1.0,1.0,0.0,0.0,1.0,0.0,0.0,0.25,1.0,0.75,1.0,1.0,0.0,1.0,0.0,1.0,0.0,1.0,0.75,0.0,0.25,0.0,0.0,0.0,0.0,0.75,1.0,0.0,0.0,1.0,0.0,1.0,1.0,0.0,0.0,1.0,1.0,0.0,0.0,0.0,1.0,1.0,0.17,0.83,0.0,1.0,0.67,0.33,0.67,0.25,0.75,0.5,0.0,1.0,1.0,1.0,0.0
792891,0.75,0.0,0.25,0.75,0.0,0.0,0.0,0.0,0.75,1.0,0.75,0.0,0.75,0.0,1.0,0.25,0.75,0.25,1.0,1.0,0.0,1.0,1.0,0.25,0.0,0.0,0.0,0.0,0.75,1.0,0.0,1.0,0.0,1.0,1.0,0.0,0.75,0.0,0.25,0.0,0.75,0.75,0.25,0.75,0.75,0.75,0.25,1.0,0.0,0.75,0.25,0.25,0.75,0.25,1.0,0.75,0.75,0.0,1.0,0.75,0.83,1.0,0.17,0.0,1.0,1.0,0.67,0.0,0.25,0.25,0.25,0.5,0.75,0.0,0.0
792976,0.25,0.75,1.0,0.25,1.0,0.75,0.75,0.75,0.0,0.0,0.25,0.75,0.0,1.0,0.75,0.75,0.0,1.0,0.75,0.75,0.75,1.0,0.0,1.0,1.0,0.75,1.0,1.0,0.75,0.75,1.0,0.0,1.0,0.25,0.25,0.0,0.75,1.0,0.0,0.75,0.75,0.75,0.75,1.0,0.75,0.75,1.0,0.0,0.75,0.0,0.25,1.0,1.0,1.0,0.0,1.0,0.75,1.0,0.0,0.0,0.17,0.17,0.83,0.0,0.5,0.17,0.83,0.75,0.75,0.5,0.75,0.25,0.5,0.5,0.75
793360,0.25,1.0,0.75,0.25,1.0,1.0,0.75,0.0,0.25,0.25,0.25,0.75,0.75,1.0,0.25,0.75,1.0,0.25,0.75,0.75,0.0,1.0,0.25,0.75,0.25,0.75,1.0,1.0,0.75,0.75,1.0,0.75,1.0,0.25,0.25,0.0,1.0,1.0,1.0,1.0,1.0,1.0,0.75,1.0,0.75,0.75,1.0,0.75,0.25,1.0,0.25,0.75,1.0,1.0,0.0,0.75,0.25,1.0,0.0,0.25,0.33,0.17,0.33,0.17,0.33,0.67,0.83,0.75,1.0,0.25,0.75,0.75,0.25,0.25,1.0
798069,0.0,1.0,0.75,0.0,0.0,0.25,1.0,0.0,0.25,1.0,0.0,0.0,0.75,0.0,1.0,1.0,0.75,1.0,0.0,0.75,0.0,0.75,1.0,0.0,0.0,0.25,1.0,1.0,0.75,0.75,0.0,1.0,0.0,1.0,0.75,1.0,1.0,0.25,0.0,1.0,0.0,1.0,0.0,1.0,0.75,0.25,0.25,0.75,0.0,1.0,1.0,0.0,0.0,1.0,0.0,0.25,1.0,0.25,0.0,0.75,1.0,0.67,0.17,1.0,0.33,0.83,0.17,0.25,1.0,1.0,0.5,0.5,1.0,1.0,0.75
798325,0.0,1.0,1.0,0.0,1.0,1.0,0.75,0.0,0.75,0.25,0.75,0.75,0.75,0.75,0.25,0.25,0.75,0.75,0.75,0.75,0.0,0.25,0.25,0.75,0.75,0.75,0.75,1.0,1.0,0.25,0.75,0.0,1.0,0.25,0.75,0.0,0.75,0.75,0.0,0.75,0.75,0.75,0.75,0.75,0.25,0.25,0.75,0.0,0.75,0.75,0.0,0.75,0.75,0.75,0.0,1.0,1.0,0.75,0.0,0.0,0.33,0.17,0.67,0.0,0.33,0.17,0.67,0.5,0.5,0.25,0.75,0.0,0.25,0.0,0.5
799292,0.25,0.75,1.0,0.25,0.75,1.0,1.0,0.25,0.0,0.25,0.75,0.75,1.0,0.75,0.25,0.75,0.0,1.0,1.0,0.25,0.0,1.0,1.0,1.0,0.25,0.25,1.0,0.25,0.25,0.75,0.25,1.0,0.25,0.75,0.75,1.0,0.75,0.0,0.75,0.75,0.75,0.75,0.25,0.75,1.0,1.0,0.75,0.25,0.0,1.0,0.75,0.75,0.25,1.0,0.0,0.75,1.0,0.75,0.0,0.25,1.0,1.0,0.83,0.67,1.0,0.67,0.67,0.75,0.75,0.5,0.75,0.75,0.5,0.75,0.75
799494,1.0,0.75,0.75,0.75,0.25,1.0,1.0,1.0,0.0,0.0,0.75,0.75,1.0,1.0,0.25,0.25,0.75,0.75,1.0,0.75,0.0,0.75,0.25,0.75,1.0,0.75,1.0,1.0,0.25,0.75,0.75,0.25,0.25,0.75,0.25,0.25,0.75,0.25,0.75,0.25,0.25,0.25,0.75,0.75,1.0,1.0,1.0,0.25,0.25,0.25,0.25,0.75,0.75,0.75,0.25,1.0,1.0,1.0,0.0,0.25,0.83,0.5,0.83,0.33,0.83,0.17,0.83,0.5,1.0,0.5,0.75,0.25,0.5,0.75,0.75
799849,0.0,1.0,0.0,0.25,0.0,1.0,0.0,0.0,1.0,1.0,0.0,1.0,0.75,0.75,0.0,0.0,0.75,0.0,0.0,0.0,0.0,0.0,1.0,1.0,0.75,0.0,1.0,1.0,0.75,0.0,1.0,0.0,1.0,0.0,1.0,0.0,0.75,1.0,0.0,1.0,1.0,1.0,1.0,1.0,0.25,0.75,0.0,1.0,0.0,1.0,0.0,0.0,0.0,1.0,1.0,0.0,0.75,0.75,1.0,1.0,0.83,0.83,0.67,0.0,0.67,0.33,1.0,0.25,0.0,0.0,1.0,0.0,0.5,0.0,1.0
800951,1.0,0.75,1.0,0.75,1.0,0.25,1.0,0.25,0.75,0.75,0.75,0.25,1.0,0.75,0.25,0.75,0.25,0.25,0.25,0.25,0.75,0.75,0.25,1.0,0.25,0.25,0.25,0.25,0.25,0.75,0.25,0.75,0.25,0.75,0.75,0.75,0.75,0.25,0.75,0.75,0.75,0.75,0.75,0.25,0.75,1.0,1.0,0.25,0.0,0.25,0.75,0.75,0.75,0.0,0.0,0.25,0.75,0.75,0.0,0.0,0.33,0.83,0.0,0.0,0.83,0.17,0.67,0.75,0.75,0.25,0.75,0.25,0.75,0.75,0.75
803086,0.0,0.25,1.0,0.0,1.0,0.75,1.0,0.25,0.25,0.75,0.25,0.0,0.75,0.75,0.25,0.0,0.25,0.75,0.75,0.25,0.25,0.75,0.75,0.25,0.75,0.75,1.0,1.0,0.25,0.75,1.0,1.0,0.25,0.75,1.0,0.75,1.0,1.0,0.25,0.75,1.0,0.75,1.0,0.75,1.0,0.75,1.0,0.75,0.0,0.25,0.75,1.0,0.75,0.25,0.75,0.75,0.75,0.25,0.25,0.0,0.17,0.83,0.83,0.67,0.5,0.17,0.83,0.75,1.0,0.5,1.0,0.75,0.75,0.75,0.25
803300,0.0,1.0,1.0,0.75,1.0,1.0,0.0,1.0,1.0,0.0,0.75,0.75,0.0,1.0,0.0,0.0,1.0,0.0,0.75,0.0,0.0,0.75,1.0,0.75,0.25,1.0,1.0,1.0,1.0,1.0,1.0,1.0,0.0,0.25,0.75,0.75,0.75,0.75,0.75,1.0,0.75,1.0,0.75,0.75,0.0,0.0,0.25,1.0,0.0,0.75,0.25,0.0,0.25,1.0,1.0,0.0,0.25,0.75,0.75,0.75,0.5,0.67,0.67,0.67,0.5,0.83,0.67,0.75,0.75,0.75,0.25,0.75,1.0,0.75,0.75
803355,1.0,0.0,1.0,0.75,0.0,0.75,1.0,0.75,1.0,1.0,0.0,0.0,0.0,1.0,0.0,0.75,1.0,1.0,1.0,1.0,0.0,0.0,1.0,1.0,0.0,0.25,0.0,0.0,1.0,1.0,1.0,0.75,1.0,0.0,1.0,0.0,0.75,1.0,1.0,1.0,0.0,0.75,0.75,0.0,1.0,0.0,1.0,1.0,0.25,0.25,0.0,0.0,1.0,1.0,0.0,0.0,0.25,0.25,0.0,0.25,1.0,1.0,0.33,0.0,0.83,0.67,0.67,0.0,1.0,0.0,0.75,0.5,0.75,0.5,0.0
805111,0.75,0.75,0.25,0.25,1.0,1.0,0.0,1.0,0.75,0.0,0.75,0.75,1.0,0.75,0.0,0.75,0.0,1.0,0.75,0.75,0.0,1.0,0.25,1.0,0.75,0.25,0.75,1.0,1.0,0.0,1.0,0.0,1.0,0.75,0.0,0.0,0.75,1.0,0.0,1.0,1.0,1.0,1.0,1.0,0.25,0.75,1.0,0.25,0.0,0.75,0.0,1.0,1.0,1.0,0.75,0.25,0.25,1.0,1.0,0.0,0.5,0.5,0.83,0.0,0.33,0.17,1.0,0.5,0.75,0.0,0.75,0.0,0.5,0.0,0.75
805358,0.75,0.0,1.0,0.0,1.0,0.0,1.0,0.75,0.25,0.25,1.0,0.25,0.75,1.0,1.0,1.0,0.25,1.0,0.75,1.0,0.25,1.0,0.25,1.0,1.0,0.25,1.0,1.0,1.0,0.0,1.0,0.75,1.0,0.25,0.25,0.75,0.75,0.75,0.0,1.0,1.0,1.0,0.75,0.25,1.0,1.0,1.0,0.0,0.25,1.0,0.75,1.0,1.0,1.0,0.0,0.75,0.75,0.75,0.25,0.0,1.0,0.83,1.0,0.17,0.5,0.33,0.67,0.25,0.75,0.5,0.5,0.5,0.75,0.5,0.75
808254,1.0,0.25,0.25,1.0,0.75,0.0,0.0,1.0,0.75,0.0,1.0,0.0,1.0,1.0,0.75,0.75,0.75,1.0,1.0,1.0,0.0,1.0,0.0,0.75,0.0,1.0,1.0,1.0,1.0,1.0,0.75,0.25,1.0,1.0,0.25,1.0,1.0,0.25,0.0,1.0,1.0,1.0,0.75,1.0,0.75,1.0,1.0,0.25,0.75,1.0,1.0,1.0,1.0,1.0,0.0,1.0,0.25,1.0,0.0,0.0,0.33,0.33,0.67,0.83,0.33,0.83,0.83,0.25,1.0,0.0,0.75,0.25,0.5,0.75,0.75
808648,0.25,0.25,1.0,0.25,0.25,0.75,0.75,0.75,0.0,0.25,1.0,0.0,0.25,0.75,0.0,0.0,1.0,0.0,0.0,0.25,0.0,0.75,0.0,0.75,0.75,0.75,1.0,1.0,0.75,0.25,0.75,0.75,0.0,0.75,0.75,0.25,0.75,0.75,0.75,0.75,0.25,0.75,1.0,0.75,0.75,1.0,1.0,0.75,0.0,0.25,0.25,0.75,0.75,1.0,0.75,0.0,0.25,0.75,0.75,0.25,0.83,0.33,0.83,0.83,0.33,0.5,0.67,0.25,1.0,0.5,0.75,0.75,0.75,0.25,0.25
810071,0.25,1.0,0.75,0.25,1.0,1.0,0.0,0.75,0.0,0.0,1.0,1.0,0.0,1.0,1.0,1.0,0.0,1.0,0.75,1.0,1.0,1.0,0.0,0.75,1.0,0.75,1.0,1.0,0.25,0.25,1.0,0.25,0.25,0.0,1.0,0.0,0.25,0.0,0.0,0.25,0.75,1.0,0.75,1.0,0.75,1.0,1.0,0.25,1.0,1.0,0.25,0.75,0.25,1.0,0.0,0.75,0.25,1.0,0.0,0.0,0.17,0.17,0.67,0.17,0.0,0.0,0.83,0.75,0.75,0.25,0.75,0.25,0.25,0.25,0.5
811601,0.25,0.25,0.25,0.0,0.25,0.0,0.75,1.0,0.75,0.0,1.0,0.75,0.75,0.75,0.25,0.75,0.75,0.75,0.75,0.75,0.0,1.0,1.0,1.0,1.0,0.25,0.0,1.0,1.0,1.0,0.25,1.0,1.0,1.0,1.0,0.0,0.25,0.75,0.75,1.0,0.75,1.0,1.0,0.75,1.0,0.75,1.0,0.0,0.0,0.0,0.75,0.75,1.0,0.0,0.0,1.0,0.0,1.0,0.0,0.0,0.83,0.83,0.83,0.17,0.67,0.67,0.67,0.25,1.0,0.0,0.75,0.75,0.75,0.75,0.75
812169,0.0,1.0,1.0,0.0,1.0,1.0,0.75,0.75,0.25,0.0,1.0,0.75,0.25,1.0,0.75,0.75,0.0,1.0,1.0,0.75,0.75,1.0,0.0,1.0,1.0,0.75,1.0,1.0,0.25,0.25,1.0,0.25,0.75,0.25,0.75,0.0,0.75,1.0,0.25,0.75,1.0,0.75,1.0,1.0,1.0,1.0,1.0,0.0,0.75,0.75,0.0,1.0,1.0,1.0,0.0,1.0,0.25,1.0,0.0,0.0,0.17,0.0,0.83,0.0,0.83,0.17,1.0,1.0,1.0,0.25,1.0,0.0,0.25,0.25,0.75
814012,0.0,1.0,1.0,0.75,0.25,0.75,0.75,0.75,0.75,0.75,0.75,0.25,0.25,0.75,0.75,0.75,0.0,0.75,0.75,0.25,1.0,1.0,0.25,1.0,1.0,0.75,1.0,0.75,1.0,0.75,0.75,0.0,1.0,1.0,0.75,0.0,0.75,1.0,0.25,1.0,1.0,1.0,1.0,1.0,0.75,1.0,1.0,0.0,0.25,0.0,0.0,1.0,1.0,0.75,0.0,1.0,0.0,1.0,0.25,0.0,0.17,0.0,0.83,0.17,0.83,0.17,0.83,0.5,0.75,0.25,0.75,0.0,0.5,0.5,0.75
820542,0.0,0.0,0.75,0.25,0.0,0.0,0.0,0.0,0.25,0.0,0.0,0.0,1.0,0.0,0.0,0.0,0.0,0.0,0.0,1.0,0.0,1.0,0.0,1.0,0.0,1.0,0.0,1.0,0.0,0.0,0.75,0.0,1.0,1.0,1.0,0.0,1.0,1.0,0.0,0.75,0.75,1.0,0.25,1.0,0.25,0.0,0.75,1.0,0.25,0.0,0.25,0.25,0.25,0.0,1.0,0.25,0.0,0.75,1.0,0.25,0.67,0.33,0.33,0.0,0.83,0.83,1.0,0.25,0.75,0.25,1.0,0.0,0.25,0.25,0.0
820617,0.0,1.0,1.0,0.0,1.0,0.75,0.25,0.25,0.0,0.0,1.0,0.25,0.0,1.0,0.0,0.75,0.0,0.0,0.0,0.75,0.75,1.0,1.0,1.0,1.0,1.0,1.0,1.0,1.0,0.0,1.0,0.75,0.75,0.25,0.25,0.0,0.25,0.0,0.0,0.75,1.0,1.0,1.0,0.75,0.25,1.0,0.75,1.0,0.0,1.0,1.0,1.0,1.0,1.0,1.0,0.25,0.75,1.0,0.0,0.75,0.67,0.17,0.0,0.0,0.0,0.17,1.0,0.75,0.25,0.75,0.25,0.75,0.75,0.75,0.25
821243,0.75,0.0,0.25,0.0,0.0,0.0,0.25,0.0,0.0,1.0,0.25,0.25,1.0,0.0,0.0,0.25,1.0,0.0,0.0,1.0,0.0,0.75,1.0,1.0,0.0,1.0,0.0,0.75,1.0,0.75,0.75,1.0,0.0,1.0,0.75,1.0,0.75,0.0,1.0,0.0,0.0,0.0,0.0,0.25,1.0,0.0,0.25,1.0,0.0,1.0,0.75,0.75,1.0,1.0,0.25,0.75,0.75,0.0,0.0,0.75,0.67,1.0,0.17,0.5,0.67,0.83,0.0,0.25,0.25,0.25,0.0,0.5,0.5,0.5,0.25
823090,1.0,0.0,1.0,0.25,0.75,0.0,0.0,0.75,0.0,0.0,0.75,1.0,0.0,0.75,0.0,1.0,0.25,0.25,0.75,0.0,0.0,0.0,0.25,0.75,0.25,0.25,0.25,0.75,0.75,0.75,0.25,0.75,0.0,1.0,0.75,0.75,0.75,0.0,0.25,0.0,0.25,0.25,0.0,0.75,0.75,0.25,0.75,1.0,0.0,0.75,0.75,0.75,0.75,0.25,0.25,0.25,0.75,1.0,0.25,0.0,0.83,1.0,0.83,0.17,0.83,0.67,0.17,0.5,0.5,0.5,0.5,0.5,0.5,0.5,0.5
826591,1.0,0.0,1.0,0.75,0.0,0.0,0.0,0.0,0.75,0.25,0.75,0.0,1.0,0.0,0.0,0.25,0.75,0.0,0.0,0.0,0.0,0.0,1.0,1.0,0.0,0.0,0.0,0.0,1.0,0.75,0.0,1.0,0.0,0.75,1.0,1.0,0.25,0.75,1.0,0.0,0.25,0.25,0.75,0.0,1.0,0.25,0.25,1.0,0.0,1.0,0.75,1.0,1.0,1.0,0.25,0.25,1.0,0.0,0.25,0.0,0.0,1.0,0.17,1.0,0.83,0.83,0.17,0.5,0.5,0.5,0.5,0.5,0.75,0.75,0.25
829937,0.0,1.0,1.0,0.0,0.75,1.0,0.25,1.0,0.25,0.25,0.75,1.0,0.75,1.0,1.0,0.75,0.0,1.0,1.0,1.0,0.25,0.75,0.0,0.75,1.0,0.75,1.0,1.0,0.75,0.25,1.0,0.0,1.0,0.25,0.0,0.0,1.0,1.0,0.0,1.0,1.0,1.0,1.0,1.0,0.0,1.0,1.0,0.0,0.75,1.0,0.0,0.0,0.75,1.0,1.0,0.75,0.25,1.0,0.25,0.0,0.17,0.17,0.83,0.17,0.0,0.17,1.0,0.75,0.75,0.75,0.75,0.0,0.0,0.0,0.75
830656,0.75,1.0,1.0,0.0,1.0,1.0,1.0,0.75,0.0,0.0,1.0,0.25,1.0,1.0,1.0,1.0,0.0,1.0,1.0,1.0,1.0,1.0,0.0,1.0,1.0,1.0,1.0,1.0,1.0,0.0,1.0,0.0,0.75,0.0,1.0,0.0,1.0,0.75,0.0,1.0,0.0,0.75,1.0,1.0,1.0,1.0,1.0,0.0,1.0,0.25,0.0,1.0,1.0,1.0,0.0,1.0,0.25,1.0,0.0,0.0,0.17,0.0,1.0,0.5,0.83,0.0,1.0,1.0,1.0,0.25,1.0,0.0,0.25,0.0,1.0
832529,0.0,1.0,1.0,0.0,1.0,1.0,0.75,0.25,0.75,0.0,1.0,1.0,0.25,1.0,0.75,0.75,0.0,1.0,1.0,0.75,0.0,1.0,0.25,1.0,1.0,1.0,1.0,1.0,0.75,0.25,1.0,0.25,1.0,0.25,0.75,0.0,1.0,0.75,0.75,0.75,0.75,0.75,0.75,1.0,1.0,1.0,1.0,0.0,0.75,0.25,0.0,0.75,0.25,1.0,0.0,1.0,0.25,1.0,0.0,0.0,0.83,0.17,1.0,0.0,1.0,0.17,1.0,0.75,0.75,0.25,0.75,0.25,0.5,0.0,0.75
835380,1.0,0.0,1.0,0.25,0.25,0.0,1.0,0.75,0.25,1.0,0.25,0.0,0.75,0.0,0.0,1.0,1.0,0.0,0.0,1.0,0.0,0.75,1.0,1.0,0.0,0.0,0.25,0.75,1.0,0.75,0.25,1.0,0.0,1.0,0.0,1.0,0.25,0.75,0.25,1.0,0.25,0.75,1.0,1.0,1.0,0.0,1.0,1.0,0.0,1.0,1.0,1.0,1.0,1.0,0.0,1.0,1.0,0.25,0.0,0.0,0.83,1.0,0.0,0.33,0.83,0.83,0.17,0.25,0.5,0.0,0.0,0.5,0.75,0.75,0.25
835485,0.25,0.75,0.75,0.75,0.25,0.75,0.25,0.0,0.75,0.75,0.75,0.25,1.0,0.0,0.0,0.0,1.0,0.0,0.75,0.0,0.0,0.75,1.0,0.25,0.0,0.0,0.0,0.25,1.0,0.75,0.0,1.0,0.0,1.0,0.75,1.0,0.0,0.75,0.75,0.0,0.25,0.25,0.25,0.0,0.25,0.25,0.0,1.0,0.0,1.0,0.0,0.0,0.0,0.75,1.0,0.0,1.0,0.0,0.75,1.0,0.33,0.83,0.5,0.67,0.5,0.67,0.0,0.5,0.5,0.5,0.5,1.0,0.5,0.5,0.25
836849,0.0,1.0,0.0,0.0,0.0,1.0,0.0,0.0,0.0,1.0,0.0,1.0,1.0,1.0,0.0,1.0,1.0,0.0,0.0,1.0,0.0,0.0,1.0,1.0,0.0,1.0,0.0,1.0,1.0,1.0,0.0,1.0,0.0,1.0,0.0,1.0,1.0,0.0,0.0,0.0,0.0,1.0,1.0,0.0,0.0,1.0,0.0,1.0,0.0,1.0,1.0,0.0,0.0,1.0,1.0,0.0,1.0,0.0,1.0,1.0,0.0,1.0,0.0,1.0,0.0,1.0,0.0,0.0,1.0,1.0,1.0,1.0,1.0,1.0,0.0
837495,1.0,0.75,1.0,0.25,0.0,0.75,1.0,0.0,0.25,0.0,0.25,0.0,0.75,0.75,0.0,0.25,0.75,0.25,0.0,0.25,0.0,0.0,0.75,1.0,0.25,0.75,0.25,0.75,0.25,1.0,0.75,0.75,0.0,0.75,0.75,0.75,1.0,0.25,0.75,0.25,0.25,0.25,0.75,0.75,0.75,0.75,0.75,0.0,0.0,0.25,1.0,0.75,0.75,1.0,0.25,0.25,0.75,0.75,0.25,0.25,0.67,0.67,0.67,1.0,0.67,0.67,0.33,0.5,0.5,0.75,0.75,0.5,0.75,1.0,0.5
837597,0.0,0.75,1.0,0.0,0.75,0.0,0.0,0.0,0.25,0.25,0.75,0.0,0.0,1.0,1.0,1.0,0.0,1.0,1.0,1.0,1.0,1.0,0.75,1.0,0.75,0.75,0.25,1.0,1.0,1.0,0.75,0.75,0.25,1.0,0.75,1.0,1.0,1.0,0.25,0.75,0.75,0.75,0.75,1.0,1.0,0.0,0.0,1.0,1.0,0.25,0.0,0.0,0.75,1.0,0.0,0.75,1.0,0.75,0.0,0.0,0.0,0.67,0.83,0.0,0.67,0.0,0.83,0.75,0.75,0.25,0.75,0.25,0.0,0.0,0.5
838393,0.0,1.0,0.75,0.0,0.75,1.0,0.25,0.0,0.25,0.75,0.25,0.75,0.75,1.0,1.0,0.75,0.25,1.0,0.75,0.75,0.75,1.0,0.25,1.0,0.75,0.25,1.0,1.0,0.25,0.75,1.0,0.25,0.25,0.75,0.75,0.0,0.75,0.75,0.75,0.75,0.75,0.75,1.0,0.75,0.25,0.25,0.75,0.0,0.25,0.25,0.25,0.25,0.75,0.75,0.0,1.0,0.75,0.75,0.25,0.75,0.67,0.5,0.17,0.0,0.67,0.17,1.0,0.5,0.75,0.5,0.75,0.25,0.5,0.25,0.5
838422,1.0,0.0,0.75,1.0,0.0,0.0,0.0,0.0,0.0,0.25,1.0,0.0,0.0,0.75,0.0,1.0,1.0,0.0,1.0,1.0,0.0,1.0,1.0,1.0,0.0,0.25,0.0,0.0,1.0,1.0,0.0,1.0,0.0,0.75,0.25,1.0,1.0,0.0,0.75,0.25,0.0,0.25,0.0,0.75,1.0,1.0,0.0,1.0,0.0,1.0,0.75,0.75,0.75,1.0,0.75,0.0,0.75,0.0,1.0,1.0,0.67,1.0,0.0,0.17,0.83,0.67,0.17,0.25,0.75,0.5,0.25,0.75,0.75,0.75,0.5
838427,1.0,1.0,0.75,0.0,1.0,1.0,0.75,1.0,0.0,0.0,1.0,0.75,1.0,1.0,0.75,1.0,0.25,1.0,1.0,1.0,0.75,1.0,0.0,1.0,0.75,0.0,1.0,1.0,1.0,1.0,1.0,1.0,1.0,0.75,1.0,1.0,0.25,0.0,0.0,1.0,0.75,1.0,1.0,0.75,1.0,1.0,0.75,0.0,0.0,0.0,0.25,1.0,1.0,0.0,0.0,1.0,1.0,1.0,0.0,0.0,0.17,0.5,0.83,0.33,1.0,0.0,1.0,1.0,1.0,0.0,1.0,0.25,0.5,0.25,0.5
838484,0.75,0.25,1.0,0.25,1.0,0.25,0.75,1.0,0.25,0.25,1.0,0.0,1.0,0.25,0.0,0.25,1.0,0.0,0.25,1.0,0.0,1.0,0.75,1.0,0.0,0.25,0.75,0.25,0.25,0.0,0.75,0.0,0.25,0.75,0.0,1.0,0.75,0.75,1.0,0.75,0.75,0.75,1.0,0.75,0.25,0.75,1.0,1.0,0.0,0.75,0.0,0.0,1.0,0.0,0.75,0.25,0.25,0.25,0.75,0.25,0.83,0.67,0.0,0.17,0.33,0.83,0.67,0.25,0.75,0.25,1.0,0.0,0.75,0.25,0.25
839620,1.0,0.25,0.0,1.0,0.0,0.25,0.0,0.0,0.75,0.75,0.25,0.75,0.25,0.25,0.0,0.0,1.0,0.0,0.25,1.0,0.0,0.75,0.75,0.25,0.0,0.25,0.0,0.25,0.25,0.75,0.0,1.0,0.25,0.75,0.75,1.0,0.75,0.0,1.0,0.75,0.25,0.0,0.0,0.0,1.0,0.75,0.25,0.0,0.0,0.0,1.0,0.25,0.0,0.0,0.75,0.0,0.0,0.25,1.0,1.0,0.83,0.83,0.17,0.17,1.0,0.33,0.0,0.25,0.5,0.75,0.5,0.75,0.75,1.0,0.25
844402,0.0,0.75,1.0,0.0,0.0,0.25,0.25,0.25,0.25,0.0,0.75,0.0,0.25,0.75,0.0,0.75,0.75,0.0,1.0,1.0,0.0,1.0,0.25,1.0,0.25,0.0,0.75,0.75,1.0,0.25,1.0,0.75,0.25,0.75,0.75,0.75,0.25,0.75,0.25,0.25,0.75,0.75,0.75,0.75,0.75,0.75,0.75,0.25,0.0,0.25,0.75,0.75,0.0,0.75,0.0,0.25,1.0,0.25,0.0,0.25,0.83,0.67,0.5,0.0,0.33,0.33,0.67,0.5,0.75,0.5,0.75,0.25,0.75,0.75,0.25
847967,1.0,0.0,0.75,0.75,0.75,0.75,0.75,0.75,0.0,0.25,0.75,0.25,0.75,0.25,0.0,0.75,1.0,0.0,1.0,0.0,0.0,1.0,0.25,1.0,1.0,0.0,0.0,0.75,1.0,1.0,0.0,0.25,1.0,1.0,1.0,0.75,1.0,1.0,0.75,1.0,1.0,0.75,0.25,0.75,1.0,1.0,1.0,0.75,0.0,0.0,0.0,0.0,0.0,0.0,1.0,0.75,0.0,1.0,0.0,0.0,0.17,0.67,0.33,0.17,1.0,0.83,0.33,0.25,0.75,0.0,0.75,0.25,0.25,0.0,0.75
848197,0.25,0.75,1.0,0.25,1.0,0.25,0.75,0.25,0.25,0.0,0.25,0.25,0.0,0.75,0.75,0.75,0.75,0.25,0.75,0.75,0.25,0.75,0.75,1.0,0.0,0.0,1.0,0.75,1.0,0.75,0.75,0.75,0.25,0.75,1.0,0.25,0.75,0.75,0.25,0.75,0.75,0.25,0.75,0.75,1.0,1.0,0.75,0.0,0.25,0.25,0.25,0.75,0.75,0.25,0.0,1.0,1.0,0.75,0.0,0.0,0.33,0.83,0.33,0.0,1.0,0.33,0.67,0.25,0.75,0.5,0.75,0.75,0.5,0.75,0.75
849384,0.0,1.0,1.0,0.0,1.0,0.75,0.0,0.75,0.25,0.75,0.25,0.25,0.25,1.0,0.75,0.75,0.25,0.75,1.0,0.75,1.0,1.0,1.0,1.0,1.0,0.75,1.0,0.75,0.25,0.75,0.75,0.25,1.0,0.25,0.25,0.0,1.0,0.75,0.25,1.0,1.0,0.75,1.0,1.0,1.0,0.75,0.75,0.0,0.75,0.25,0.25,1.0,1.0,1.0,0.0,1.0,0.25,1.0,0.0,0.0,0.0,0.33,0.83,0.0,0.67,0.33,0.83,0.75,0.75,0.75,0.75,0.25,0.5,0.5,0.75
850578,0.75,0.25,1.0,0.75,0.75,0.25,0.25,0.0,0.0,0.0,0.25,0.75,0.25,0.75,0.25,0.25,0.25,0.0,0.75,0.75,0.25,1.0,0.25,1.0,0.75,0.25,0.25,1.0,0.75,0.0,0.25,0.75,0.0,0.0,0.25,0.75,0.75,0.75,0.0,0.0,0.75,0.75,0.0,0.75,0.75,1.0,0.75,0.25,0.25,0.75,0.25,0.25,0.25,1.0,0.25,0.25,0.25,1.0,0.25,0.0,0.67,0.5,0.67,0.5,0.83,0.33,0.83,0.5,0.5,0.75,0.5,0.5,0.5,0.25,0.5
853505,0.0,0.25,0.75,0.0,0.75,0.0,0.0,0.0,0.0,1.0,0.0,0.25,1.0,0.0,0.0,0.0,0.75,0.0,0.0,0.0,0.0,0.0,0.75,0.0,0.0,0.0,0.25,0.25,0.25,0.75,0.0,1.0,0.0,1.0,0.0,1.0,0.75,0.0,0.25,0.0,0.25,0.0,0.0,1.0,0.0,0.0,0.0,1.0,0.0,1.0,0.75,0.0,0.0,1.0,0.75,0.0,0.25,0.25,0.75,1.0,0.33,0.83,0.0,1.0,0.17,0.5,0.17,0.0,0.5,1.0,0.5,1.0,0.5,0.75,0.5
855230,0.25,0.25,1.0,0.75,1.0,1.0,1.0,1.0,0.25,0.0,0.75,0.75,0.75,1.0,0.75,0.75,0.0,1.0,0.75,0.75,1.0,1.0,0.0,1.0,1.0,0.0,1.0,1.0,1.0,1.0,1.0,0.0,1.0,0.0,1.0,0.0,1.0,1.0,0.0,1.0,1.0,1.0,1.0,1.0,1.0,1.0,1.0,0.0,1.0,0.75,0.0,1.0,0.75,1.0,0.0,1.0,0.25,1.0,0.0,0.0,0.0,0.0,1.0,0.0,0.83,0.17,1.0,1.0,1.0,0.25,1.0,0.0,0.0,0.0,1.0
855485,0.75,0.75,0.75,0.0,1.0,1.0,1.0,1.0,0.75,0.0,1.0,0.25,0.0,1.0,0.75,0.75,0.0,1.0,1.0,1.0,0.75,1.0,0.25,1.0,0.75,0.0,1.0,1.0,0.75,0.0,1.0,0.0,1.0,0.0,0.75,0.0,0.75,0.25,0.25,1.0,1.0,1.0,1.0,1.0,0.25,1.0,1.0,0.25,1.0,0.25,0.0,0.0,1.0,0.75,0.0,1.0,0.75,0.75,0.0,0.0,0.5,0.67,0.83,0.0,0.67,0.17,0.83,0.5,1.0,0.25,0.75,0.0,0.5,0.25,0.75
856696,1.0,0.0,1.0,0.0,1.0,0.0,0.75,0.0,0.0,1.0,1.0,0.75,1.0,0.0,0.0,0.0,1.0,1.0,1.0,1.0,0.0,0.75,1.0,1.0,1.0,0.75,1.0,1.0,1.0,0.0,1.0,1.0,0.0,1.0,0.0,0.0,1.0,0.0,0.0,1.0,1.0,0.25,1.0,1.0,1.0,1.0,1.0,1.0,0.0,1.0,1.0,1.0,0.25,0.0,1.0,0.25,1.0,1.0,1.0,0.25,0.33,0.67,0.83,1.0,0.67,0.67,0.67,0.0,0.75,0.25,0.75,0.75,1.0,1.0,0.25
856790,1.0,0.25,0.75,0.75,1.0,0.25,0.75,0.75,0.75,0.25,0.75,0.0,0.75,0.25,0.75,0.75,0.25,0.75,0.0,0.25,0.0,1.0,0.25,1.0,0.0,0.25,0.25,0.75,0.25,0.75,0.75,0.75,0.25,0.75,0.25,0.75,0.25,0.75,0.75,0.75,0.75,0.75,0.25,0.25,0.75,0.75,0.75,0.75,0.25,0.25,0.75,0.75,1.0,0.25,0.25,0.75,0.75,0.75,0.25,0.25,0.67,0.67,0.33,0.67,0.5,0.17,0.5,0.5,0.5,0.5,0.5,0.5,0.5,0.5,0.5
857270,1.0,0.75,1.0,0.25,0.0,0.75,0.0,0.25,0.75,0.25,0.75,0.25,0.75,0.75,0.0,0.0,1.0,0.0,0.25,1.0,0.0,0.25,0.0,0.25,0.75,0.25,0.75,1.0,0.25,0.75,0.0,1.0,0.0,1.0,0.75,0.25,0.75,0.0,0.25,0.75,1.0,0.25,0.75,0.75,1.0,1.0,1.0,0.0,0.0,0.25,1.0,0.25,0.75,0.0,0.25,0.25,0.25,0.25,0.75,0.25,1.0,0.67,0.67,1.0,0.83,0.5,0.67,0.5,0.75,0.25,0.75,1.0,0.75,1.0,0.5
857425,0.25,0.25,0.75,0.0,0.0,0.0,0.0,0.75,0.25,0.75,0.25,0.0,0.75,0.0,0.0,0.25,1.0,0.0,0.0,0.75,0.0,1.0,0.75,0.0,0.25,0.75,0.25,0.25,0.75,0.25,0.0,0.75,0.0,1.0,0.75,0.25,0.0,0.25,0.0,0.0,0.0,0.0,0.0,0.25,0.25,0.0,0.75,0.75,0.0,0.75,0.75,0.25,0.0,0.25,1.0,0.0,0.0,0.75,0.75,1.0,1.0,1.0,0.0,1.0,0.67,1.0,0.0,0.0,0.75,0.75,0.5,0.5,0.75,0.75,0.25
857872,0.0,0.75,1.0,0.25,0.25,1.0,0.25,0.75,0.75,0.0,0.75,0.25,0.25,0.25,0.0,0.75,0.0,0.75,0.75,0.0,0.0,1.0,0.0,1.0,0.75,0.75,0.75,0.75,1.0,1.0,1.0,0.25,1.0,0.75,0.0,0.75,1.0,0.75,0.75,0.75,1.0,0.25,0.75,0.75,0.75,0.75,0.75,0.0,0.0,0.25,0.25,1.0,0.25,0.25,0.75,0.75,0.75,0.75,0.0,0.25,0.67,0.67,0.67,0.0,0.67,0.33,0.67,0.75,1.0,0.5,0.75,0.25,1.0,0.75,1.0
858632,1.0,0.0,1.0,0.0,0.0,1.0,0.0,0.0,0.0,0.0,1.0,0.75,0.0,0.0,0.0,0.0,1.0,1.0,0.0,0.25,0.0,1.0,0.25,1.0,1.0,0.0,0.0,0.0,1.0,0.0,1.0,1.0,0.25,1.0,1.0,0.0,0.0,0.75,0.0,1.0,1.0,1.0,1.0,1.0,0.75,1.0,1.0,0.25,0.75,0.0,0.25,0.25,1.0,0.25,0.25,0.75,0.75,0.75,0.0,0.0,1.0,1.0,0.17,0.0,1.0,0.17,1.0,0.25,0.75,0.0,0.75,0.5,0.5,0.5,0.25
860555,1.0,0.75,1.0,0.0,0.0,0.25,1.0,0.0,0.75,0.75,0.0,0.25,1.0,0.0,0.0,0.75,1.0,0.0,0.25,0.75,0.0,0.75,0.75,1.0,0.0,0.75,0.0,0.0,1.0,1.0,0.0,1.0,0.0,1.0,0.25,1.0,0.25,0.0,1.0,0.25,1.0,0.25,0.25,0.0,1.0,0.0,0.75,1.0,0.0,0.0,0.75,0.75,0.75,0.0,0.25,0.0,0.75,0.75,0.75,0.25,1.0,1.0,0.0,0.67,0.67,1.0,0.17,0.25,0.75,0.5,0.5,0.75,0.75,0.75,0.5
860855,0.0,1.0,0.75,0.0,1.0,1.0,0.25,1.0,0.25,0.0,0.75,0.0,0.75,1.0,1.0,1.0,0.0,1.0,0.25,1.0,1.0,1.0,0.0,1.0,1.0,0.75,1.0,1.0,1.0,0.0,1.0,0.0,1.0,0.0,0.75,0.0,0.75,0.75,0.25,1.0,1.0,0.75,1.0,1.0,0.75,0.75,1.0,0.0,0.75,0.75,0.0,1.0,0.75,1.0,0.0,1.0,0.25,1.0,0.0,0.0,1.0,0.17,1.0,0.0,0.33,0.17,0.83,1.0,0.75,0.0,0.75,0.0,0.25,0.0,1.0
860909,0.0,0.75,0.25,0.0,0.75,0.75,1.0,0.0,0.0,0.0,0.75,0.0,0.0,0.75,0.0,0.0,0.75,0.0,0.0,0.0,0.0,1.0,0.75,0.0,0.0,0.0,1.0,1.0,1.0,0.0,0.25,1.0,0.75,0.25,1.0,0.25,0.25,0.75,0.25,0.25,0.25,0.75,1.0,1.0,0.75,0.75,1.0,1.0,0.0,0.25,1.0,0.0,0.0,1.0,0.25,0.25,0.25,1.0,0.0,0.75,0.83,0.5,0.67,0.67,0.33,0.67,0.83,0.75,0.75,0.75,0.75,0.75,1.0,1.0,0.25
863756,1.0,0.75,0.25,0.75,1.0,0.75,1.0,0.75,0.75,0.0,0.75,0.25,0.0,0.75,0.0,1.0,0.25,1.0,1.0,1.0,0.0,0.0,0.0,1.0,0.75,0.75,1.0,1.0,1.0,0.25,0.0,0.25,0.75,0.0,1.0,0.25,1.0,0.75,0.75,0.25,0.25,0.25,1.0,0.0,0.75,1.0,1.0,0.0,0.0,0.0,1.0,1.0,1.0,0.75,0.0,1.0,0.25,0.25,0.0,0.0,1.0,0.33,0.83,0.33,0.83,0.17,1.0,0.5,0.75,0.5,0.75,0.5,0.5,0.75,0.5
864626,0.75,0.75,1.0,0.75,0.0,0.75,0.75,0.0,0.0,0.0,0.25,0.0,0.75,0.75,0.0,0.75,0.75,0.0,0.0,0.0,0.0,0.25,1.0,0.75,0.25,0.0,0.0,0.75,0.75,0.75,0.75,0.75,0.0,1.0,0.75,0.75,1.0,0.0,0.75,0.75,1.0,0.75,0.25,0.75,0.25,0.75,0.75,0.75,0.0,0.75,0.75,0.75,0.75,1.0,0.25,0.25,0.75,0.25,0.75,0.75,0.83,0.83,0.17,1.0,0.17,0.83,0.33,0.75,1.0,0.75,0.75,0.75,1.0,0.75,0.25
865495,0.0,1.0,0.0,0.0,0.0,0.75,1.0,0.25,0.0,0.0,0.75,0.0,0.0,1.0,0.0,0.75,0.0,1.0,0.75,0.0,0.0,0.25,0.25,0.75,0.25,0.25,0.75,1.0,0.25,0.0,1.0,0.25,0.75,0.25,0.25,0.0,0.75,0.0,0.0,0.25,1.0,1.0,1.0,1.0,1.0,0.25,1.0,1.0,0.0,1.0,0.0,0.25,0.25,1.0,0.0,0.75,0.25,1.0,0.0,0.0,0.67,0.0,0.83,0.0,0.83,0.83,0.67,0.5,0.75,0.75,0.75,0.25,0.75,0.5,0.5
867091,0.75,0.75,1.0,0.0,0.25,0.0,0.0,0.0,1.0,1.0,0.0,1.0,1.0,0.75,0.0,1.0,1.0,0.0,0.75,0.75,0.0,0.25,1.0,1.0,0.0,0.0,0.0,0.0,1.0,0.0,0.0,1.0,0.0,1.0,0.0,1.0,0.0,0.0,1.0,0.0,0.0,0.0,0.0,0.0,1.0,0.0,0.0,1.0,0.0,1.0,1.0,0.0,0.0,1.0,1.0,0.0,1.0,0.0,1.0,1.0,0.0,1.0,0.0,1.0,0.5,0.5,0.0,0.0,0.5,0.75,0.75,0.75,0.75,1.0,0.0
867520,0.0,0.75,0.0,0.0,0.0,0.0,1.0,0.0,0.0,0.0,1.0,0.0,1.0,0.75,0.0,0.0,1.0,0.0,1.0,0.0,0.0,0.0,0.75,0.0,0.0,0.0,0.25,0.0,0.75,0.0,0.25,1.0,0.0,0.75,1.0,1.0,0.75,0.0,0.0,0.0,0.0,1.0,0.0,1.0,1.0,0.75,0.75,0.25,0.0,0.0,1.0,0.0,0.0,1.0,1.0,0.25,0.0,0.25,1.0,1.0,0.83,0.17,0.0,0.83,0.33,0.83,0.0,0.25,0.75,0.75,0.25,0.75,0.25,0.75,0.25
869575,0.0,1.0,0.0,0.0,0.0,0.0,0.0,1.0,0.0,1.0,0.0,0.0,0.0,1.0,0.0,0.25,1.0,1.0,0.0,1.0,0.0,1.0,0.0,1.0,0.0,0.0,1.0,1.0,1.0,0.0,0.0,0.0,0.0,1.0,0.0,1.0,1.0,0.0,1.0,0.0,1.0,0.0,1.0,1.0,0.0,0.0,0.0,1.0,0.0,1.0,0.0,0.0,0.0,1.0,1.0,0.0,1.0,0.75,1.0,1.0,0.5,0.5,0.0,0.0,0.0,0.5,0.17,0.75,1.0,0.75,0.75,0.5,0.75,0.5,0.0
871375,0.75,0.75,1.0,0.25,1.0,0.75,1.0,0.25,0.25,0.25,1.0,0.75,1.0,1.0,0.0,1.0,0.25,1.0,0.75,1.0,1.0,1.0,0.25,1.0,1.0,1.0,1.0,1.0,0.75,0.25,1.0,0.0,0.25,1.0,0.75,0.0,0.75,1.0,0.25,0.75,0.75,1.0,0.75,1.0,1.0,1.0,1.0,0.75,0.0,0.75,0.0,0.75,1.0,0.25,0.0,1.0,0.25,0.75,0.0,0.0,0.83,0.5,0.83,0.0,0.67,0.17,0.83,0.75,0.75,0.25,1.0,0.0,0.5,0.5,0.5
871679,1.0,0.0,0.0,0.75,0.25,0.0,0.25,0.75,1.0,0.25,0.25,0.75,1.0,0.25,0.0,0.25,0.75,0.0,0.75,0.75,0.0,0.75,1.0,0.25,0.0,0.25,0.0,1.0,1.0,1.0,0.0,1.0,0.0,1.0,1.0,0.0,0.25,0.0,0.0,1.0,1.0,0.75,0.75,0.0,0.75,0.0,0.25,1.0,0.0,0.75,1.0,0.75,0.25,1.0,1.0,0.0,1.0,0.25,0.75,0.75,0.17,0.83,0.17,0.33,0.33,0.5,0.33,0.0,0.25,0.25,0.25,1.0,0.75,0.5,0.25
874595,0.0,1.0,1.0,0.75,0.25,1.0,0.25,1.0,0.0,0.0,1.0,0.75,0.75,0.75,0.75,0.25,0.0,1.0,1.0,0.25,0.75,1.0,0.0,1.0,1.0,0.75,0.25,1.0,0.25,0.75,0.75,0.0,1.0,0.25,0.75,0.0,1.0,0.75,0.75,1.0,1.0,0.75,1.0,0.75,0.75,1.0,1.0,0.0,0.0,0.0,0.75,1.0,1.0,0.75,0.0,1.0,0.25,1.0,0.0,0.0,0.83,0.17,1.0,0.0,0.67,0.0,1.0,0.75,0.75,0.25,0.75,0.25,0.75,0.75,0.75
877356,0.25,1.0,1.0,0.0,0.0,0.75,0.25,0.75,1.0,0.0,0.75,0.25,0.0,1.0,0.25,0.25,0.25,0.75,0.75,1.0,0.0,1.0,0.0,1.0,0.0,0.75,0.25,0.75,1.0,1.0,1.0,1.0,0.0,0.25,1.0,0.0,0.75,0.0,0.75,0.75,1.0,0.0,0.75,0.75,0.25,1.0,1.0,1.0,0.0,0.25,0.0,0.25,1.0,0.75,0.0,1.0,0.75,1.0,0.0,0.0,0.83,0.83,0.33,0.67,0.33,0.67,0.67,0.5,0.75,0.5,0.75,0.5,0.75,0.25,0.5
877441,0.0,0.0,1.0,0.0,0.0,0.0,1.0,0.0,0.0,1.0,1.0,0.0,1.0,0.0,0.0,0.0,1.0,0.0,0.0,1.0,0.0,1.0,1.0,1.0,0.0,0.0,0.0,0.0,1.0,0.0,0.0,1.0,0.0,1.0,0.0,1.0,0.0,1.0,0.0,0.0,1.0,1.0,1.0,1.0,1.0,1.0,0.0,1.0,0.0,0.0,0.0,1.0,1.0,1.0,0.0,0.0,1.0,0.0,0.0,0.0,1.0,0.83,0.0,0.83,1.0,0.83,0.0,0.0,1.0,0.0,0.0,1.0,1.0,0.0,0.0
879503,0.25,0.25,0.0,0.25,0.75,0.75,0.0,0.75,0.25,0.0,0.25,1.0,1.0,0.25,0.0,0.25,0.0,0.75,0.75,1.0,0.25,1.0,0.0,0.0,0.0,1.0,0.25,0.25,0.0,0.25,0.25,0.0,1.0,0.25,0.0,0.75,1.0,0.0,0.25,0.0,0.25,0.75,1.0,1.0,1.0,1.0,1.0,0.0,0.25,0.0,0.75,0.75,0.75,1.0,0.0,0.75,0.0,1.0,0.0,0.25,0.83,0.5,0.83,0.83,0.83,0.67,0.83,0.5,0.5,1.0,1.0,0.25,0.5,0.5,0.75
880679,0.0,0.75,0.75,0.0,0.25,1.0,0.0,0.75,0.0,0.0,0.25,0.75,0.25,0.75,0.0,0.75,0.75,0.0,0.75,0.25,0.25,0.75,0.25,0.75,0.75,0.75,1.0,1.0,1.0,0.25,0.75,0.25,0.75,0.75,0.75,0.25,0.75,1.0,0.25,1.0,0.75,0.75,0.75,1.0,0.75,0.75,1.0,1.0,0.0,0.75,0.25,0.75,0.75,0.25,0.0,0.25,0.0,0.75,0.25,0.25,0.83,0.67,0.67,0.33,0.67,0.67,0.33,0.5,0.75,0.75,0.75,0.5,0.5,0.5,0.5
885882,1.0,1.0,0.0,0.0,0.0,1.0,0.0,1.0,1.0,0.0,1.0,1.0,1.0,1.0,1.0,1.0,0.25,1.0,1.0,1.0,0.0,0.0,0.0,1.0,1.0,1.0,1.0,1.0,0.0,1.0,1.0,0.0,0.75,0.0,1.0,0.0,0.75,1.0,1.0,1.0,1.0,1.0,1.0,1.0,0.0,1.0,1.0,0.25,0.0,1.0,0.0,1.0,1.0,0.0,0.0,1.0,1.0,1.0,0.0,0.0,0.83,0.33,0.5,0.0,0.33,0.0,1.0,0.5,0.75,0.0,0.75,0.0,0.75,0.0,0.75
886376,1.0,0.75,0.75,0.25,0.0,0.75,0.75,0.25,0.75,0.25,1.0,0.0,0.25,0.75,0.25,0.25,0.75,0.75,0.75,0.25,0.0,0.75,0.25,0.75,0.0,0.0,0.75,0.75,0.75,0.0,0.25,0.75,0.25,0.75,0.25,0.75,0.25,0.25,0.75,0.75,0.75,0.75,0.75,0.75,0.75,0.75,1.0,0.25,0.0,0.25,0.25,0.75,0.75,1.0,0.25,0.0,0.75,0.75,0.75,0.25,0.17,0.67,0.17,0.67,0.5,0.5,0.67,0.5,0.5,0.25,0.5,0.5,0.5,0.75,0.5
889560,0.0,0.75,0.0,0.0,0.0,1.0,0.75,1.0,0.25,0.25,0.25,0.25,0.25,0.75,0.0,0.75,0.25,0.75,1.0,0.75,0.25,0.25,1.0,0.75,1.0,0.75,0.25,1.0,1.0,0.0,1.0,0.25,1.0,0.0,0.75,0.0,0.75,1.0,0.0,0.75,1.0,1.0,1.0,1.0,0.25,0.75,1.0,0.75,0.0,1.0,0.25,0.25,0.75,0.75,0.75,0.75,0.25,1.0,0.75,0.25,1.0,0.17,1.0,0.67,0.5,0.67,1.0,0.5,0.75,0.5,1.0,0.25,0.75,0.5,0.75
890679,0.0,0.25,1.0,0.25,0.25,0.25,0.0,0.0,0.75,1.0,0.0,0.25,0.75,0.25,0.0,0.0,1.0,0.0,0.75,0.75,0.0,0.25,1.0,0.25,0.0,0.0,0.0,1.0,1.0,0.75,0.0,1.0,0.0,1.0,0.25,1.0,0.75,0.0,0.75,0.0,0.0,0.75,0.75,1.0,0.75,0.0,0.25,1.0,0.0,1.0,1.0,0.0,0.75,1.0,1.0,0.0,1.0,0.0,1.0,1.0,0.0,1.0,0.0,1.0,0.0,0.17,0.67,0.0,0.75,0.5,0.0,1.0,0.75,1.0,0.0
892998,1.0,1.0,1.0,0.0,1.0,0.25,0.0,0.25,0.75,0.25,0.75,1.0,0.25,1.0,1.0,1.0,0.0,0.75,1.0,0.75,1.0,1.0,0.25,1.0,1.0,0.75,0.75,0.75,1.0,0.25,0.75,1.0,0.25,0.75,0.75,0.25,0.75,0.75,0.0,0.75,1.0,1.0,0.25,1.0,0.75,1.0,0.75,0.75,0.0,0.25,0.0,0.75,1.0,1.0,0.0,1.0,0.75,0.75,0.0,0.0,0.67,0.83,1.0,0.0,1.0,0.33,0.83,1.0,1.0,0.25,1.0,0.25,0.25,0.0,0.75
894188,0.25,0.75,0.25,0.0,1.0,1.0,0.25,0.75,0.25,0.0,0.75,0.25,0.0,0.75,0.0,0.25,0.0,1.0,0.75,0.75,0.75,1.0,1.0,0.75,0.75,0.75,1.0,0.75,0.75,0.0,1.0,0.0,1.0,0.0,0.0,0.0,0.75,0.75,0.25,1.0,1.0,1.0,1.0,0.75,0.75,0.75,0.75,0.0,0.75,0.0,0.0,0.0,0.75,0.25,0.0,0.75,0.25,0.75,0.0,0.0,1.0,0.67,1.0,0.0,0.67,0.33,1.0,1.0,1.0,0.25,0.75,0.0,0.5,0.25,0.75
895559,1.0,0.25,1.0,0.25,1.0,1.0,0.25,0.25,0.25,0.0,1.0,0.25,0.25,1.0,1.0,1.0,0.0,1.0,0.0,1.0,1.0,1.0,0.25,1.0,1.0,1.0,1.0,1.0,0.0,0.0,1.0,0.75,0.25,0.25,1.0,0.25,1.0,1.0,0.0,0.75,1.0,1.0,1.0,1.0,1.0,1.0,0.75,0.25,1.0,0.25,0.25,0.75,0.0,1.0,0.0,1.0,0.25,1.0,0.0,0.0,1.0,0.0,0.33,0.0,0.67,0.33,1.0,0.5,0.75,0.25,0.75,0.5,0.5,0.5,0.5
897548,0.75,0.75,0.75,1.0,0.75,0.25,0.25,0.25,0.75,0.25,0.25,0.75,0.0,0.75,0.75,0.75,0.25,0.75,0.75,0.75,0.0,1.0,0.25,1.0,0.25,0.75,1.0,0.75,0.75,0.75,0.75,0.25,0.75,0.75,0.75,0.0,0.75,0.0,0.75,0.75,0.0,0.25,0.25,0.75,1.0,1.0,0.75,0.0,0.75,0.0,0.0,0.75,0.75,0.25,0.0,1.0,0.75,0.75,0.0,0.0,0.33,0.67,0.33,0.0,0.83,0.33,0.67,0.5,0.75,0.25,0.75,0.5,0.5,0.5,0.5
898171,0.75,1.0,1.0,0.25,1.0,1.0,0.25,1.0,0.25,0.25,0.75,1.0,0.75,1.0,0.75,0.75,0.0,0.25,1.0,1.0,1.0,1.0,0.75,1.0,0.75,0.75,1.0,1.0,0.75,0.25,1.0,0.0,1.0,0.25,0.75,0.0,0.75,0.75,0.25,0.75,1.0,1.0,1.0,0.75,0.75,0.75,0.75,0.75,1.0,0.75,0.0,0.75,0.25,0.25,0.75,0.75,0.25,1.0,0.0,0.25,0.83,0.67,0.83,0.17,0.83,0.17,0.83,0.75,1.0,0.75,1.0,0.25,0.75,0.25,0.75
899251,0.0,0.25,1.0,0.0,0.75,0.25,1.0,0.0,0.0,1.0,0.25,0.25,0.75,1.0,0.0,0.0,1.0,0.0,1.0,0.75,0.0,1.0,1.0,1.0,0.0,0.25,1.0,0.75,1.0,0.0,1.0,0.75,0.0,0.0,0.75,1.0,1.0,0.0,0.0,1.0,0.0,0.75,0.75,1.0,1.0,1.0,1.0,1.0,0.0,1.0,0.0,0.0,0.0,0.25,0.75,0.0,0.0,0.75,0.75,1.0,0.83,0.67,0.67,0.33,0.83,0.5,0.67,0.25,1.0,1.0,0.75,0.5,0.75,0.0,0.0
903128,0.0,1.0,1.0,0.0,0.75,1.0,0.0,0.25,0.0,0.0,1.0,1.0,0.25,0.25,0.0,0.25,0.0,0.75,0.25,1.0,0.0,1.0,0.25,0.25,0.75,0.75,1.0,1.0,1.0,0.0,1.0,0.0,1.0,0.25,0.75,0.0,0.75,0.75,0.0,1.0,0.75,0.75,0.75,1.0,0.75,1.0,1.0,0.75,0.0,0.0,0.0,0.75,0.75,0.25,0.0,1.0,0.75,1.0,0.0,0.0,0.17,0.33,0.67,0.0,0.5,0.17,1.0,0.75,0.75,0.25,0.5,0.0,0.5,0.0,0.5
903979,0.25,0.75,1.0,0.25,1.0,1.0,0.0,0.0,0.25,0.0,1.0,0.75,0.25,0.25,0.0,0.0,1.0,0.0,0.25,0.75,0.25,1.0,0.75,1.0,1.0,0.25,0.0,0.75,1.0,1.0,0.75,1.0,0.25,1.0,0.75,0.75,0.75,0.25,0.25,0.75,0.75,0.75,0.0,0.25,0.75,0.75,0.75,1.0,0.25,0.25,0.0,0.25,0.25,0.25,1.0,0.25,0.75,0.25,0.75,0.25,0.67,0.67,0.17,0.33,1.0,0.33,0.67,0.5,0.5,0.0,0.5,0.5,0.5,0.25,0.0
913236,0.0,1.0,1.0,0.0,1.0,1.0,0.75,0.25,0.0,0.25,1.0,0.75,0.25,1.0,1.0,0.75,0.0,1.0,1.0,0.75,1.0,1.0,0.75,1.0,1.0,0.75,1.0,1.0,0.25,0.75,1.0,0.25,1.0,0.25,0.25,0.75,1.0,0.25,0.0,0.75,1.0,0.75,0.75,1.0,1.0,0.75,1.0,0.25,0.75,0.75,0.0,0.0,1.0,0.75,0.0,0.75,0.75,1.0,0.0,0.0,0.67,0.17,1.0,0.17,0.67,0.0,0.83,1.0,1.0,0.75,1.0,0.25,0.25,0.0,0.75
913645,1.0,0.75,1.0,0.75,0.0,0.75,0.75,0.75,0.75,0.75,0.75,0.25,0.75,0.75,0.0,1.0,0.75,0.0,0.0,1.0,0.25,0.75,1.0,1.0,0.75,0.75,0.75,1.0,1.0,1.0,0.0,1.0,0.75,1.0,1.0,0.75,0.0,0.0,1.0,0.75,1.0,0.75,1.0,1.0,1.0,1.0,1.0,0.75,0.0,0.75,1.0,1.0,1.0,0.0,0.0,1.0,1.0,0.75,0.25,0.0,1.0,0.83,0.17,0.83,0.83,0.17,0.67,0.75,0.75,0.25,0.75,0.75,0.75,0.75,0.5
914774,0.0,1.0,0.25,1.0,0.0,1.0,1.0,1.0,0.25,0.75,1.0,1.0,1.0,1.0,0.25,0.75,0.25,1.0,1.0,0.0,1.0,1.0,1.0,1.0,0.25,1.0,1.0,0.75,0.0,1.0,1.0,0.0,0.25,0.0,0.0,0.0,1.0,0.0,0.0,1.0,1.0,1.0,1.0,1.0,1.0,1.0,1.0,1.0,0.0,0.75,0.25,0.0,1.0,0.0,1.0,0.0,0.0,0.0,0.0,1.0,1.0,0.67,0.83,1.0,0.33,0.83,1.0,0.75,0.75,0.75,1.0,0.75,1.0,0.75,1.0
915484,0.0,0.75,1.0,0.25,1.0,0.75,1.0,1.0,0.0,0.75,1.0,0.25,0.0,1.0,0.75,0.75,0.0,1.0,0.25,0.75,0.25,1.0,0.25,1.0,0.75,1.0,1.0,1.0,0.25,0.25,1.0,0.25,0.75,0.25,0.75,0.0,1.0,1.0,0.0,1.0,1.0,1.0,1.0,1.0,1.0,0.75,1.0,0.25,0.75,0.75,0.0,0.75,0.75,0.25,0.0,1.0,0.0,1.0,0.0,0.75,0.17,0.17,1.0,0.0,1.0,0.17,1.0,1.0,1.0,0.5,0.5,0.0,0.0,0.0,1.0
916941,0.0,0.25,0.25,0.25,0.0,1.0,0.0,1.0,1.0,1.0,1.0,1.0,0.75,0.0,0.0,0.0,1.0,0.0,1.0,1.0,0.0,0.0,0.75,1.0,1.0,0.75,0.75,0.75,1.0,1.0,0.25,0.75,0.0,1.0,0.25,1.0,1.0,0.0,0.0,0.25,1.0,1.0,1.0,1.0,0.0,1.0,1.0,1.0,0.0,1.0,0.0,0.0,1.0,0.25,1.0,0.0,1.0,0.25,1.0,1.0,1.0,0.83,0.33,0.0,0.0,0.0,1.0,0.0,1.0,0.0,1.0,1.0,1.0,0.75,0.75
918385,0.75,0.75,0.25,0.25,0.0,0.75,0.75,0.75,0.75,0.25,0.75,0.75,0.75,0.75,0.25,0.75,0.25,0.25,0.25,1.0,0.0,1.0,0.75,1.0,1.0,0.25,0.0,1.0,0.75,0.75,0.75,1.0,1.0,0.25,0.25,0.75,0.75,0.0,0.0,0.75,1.0,1.0,0.75,1.0,1.0,1.0,0.75,0.75,0.0,0.75,1.0,0.75,0.75,0.25,0.25,0.75,0.25,0.75,0.25,0.25,0.67,0.67,0.67,0.5,1.0,0.67,0.83,0.75,0.75,0.25,0.75,0.75,0.75,0.75,0.25
919431,0.75,1.0,0.75,0.75,1.0,1.0,1.0,1.0,0.25,0.0,0.75,0.75,0.25,1.0,1.0,1.0,0.0,1.0,1.0,1.0,1.0,1.0,0.0,1.0,1.0,0.75,1.0,1.0,0.0,0.0,1.0,0.0,1.0,0.0,0.75,0.0,0.75,0.75,0.0,1.0,1.0,1.0,0.75,1.0,1.0,1.0,1.0,0.0,0.75,0.25,0.0,1.0,1.0,0.25,0.0,1.0,0.25,1.0,0.0,0.0,0.0,0.0,0.83,0.0,0.83,0.0,1.0,1.0,1.0,0.0,1.0,0.0,0.5,0.0,1.0
919859,1.0,0.0,0.0,0.25,1.0,0.75,1.0,0.75,1.0,0.0,0.25,1.0,0.75,1.0,1.0,1.0,0.0,1.0,0.75,0.75,1.0,1.0,0.0,1.0,0.0,0.0,0.25,0.25,0.25,1.0,1.0,0.25,0.25,1.0,1.0,1.0,1.0,1.0,0.75,1.0,1.0,1.0,1.0,1.0,1.0,0.25,1.0,1.0,1.0,0.75,1.0,0.75,1.0,1.0,0.0,1.0,0.75,1.0,0.0,0.0,0.67,0.83,0.83,0.5,1.0,0.0,0.67,0.5,0.75,0.5,1.0,0.0,0.5,0.25,0.75
921488,0.0,0.25,1.0,0.0,0.25,0.0,0.0,0.75,1.0,1.0,0.75,0.0,1.0,0.25,0.0,0.0,1.0,0.0,0.75,1.0,0.0,0.0,1.0,1.0,1.0,1.0,1.0,1.0,0.75,0.75,0.0,0.0,0.25,0.25,0.0,0.75,1.0,1.0,0.0,0.25,1.0,1.0,1.0,1.0,0.25,0.25,0.25,0.25,0.0,1.0,0.75,0.25,0.75,0.75,1.0,0.0,0.25,1.0,1.0,0.75,0.67,0.5,0.67,0.83,0.33,1.0,1.0,0.0,0.75,0.75,0.5,0.5,0.5,0.5,0.0
922618,1.0,0.25,0.75,1.0,0.0,0.0,0.75,0.0,0.0,0.0,0.0,0.25,0.75,1.0,1.0,0.0,0.0,0.0,0.75,1.0,0.0,0.25,0.25,0.0,0.0,0.75,0.0,0.75,0.25,0.0,0.75,0.0,1.0,0.0,0.25,0.0,0.75,0.75,0.0,1.0,1.0,1.0,0.75,0.75,1.0,0.0,0.75,0.0,0.0,1.0,1.0,1.0,1.0,0.75,0.0,1.0,0.25,0.75,0.0,0.0,0.83,0.67,0.5,0.0,0.67,0.5,1.0,0.5,0.75,0.25,0.75,0.0,0.5,0.5,0.75
925001,1.0,0.75,0.75,0.75,0.75,0.75,0.25,0.25,0.75,0.25,0.75,0.75,0.75,0.75,0.75,0.75,0.0,0.75,0.75,0.75,0.75,0.75,0.25,1.0,0.75,0.25,0.75,0.75,0.75,0.25,1.0,0.25,0.75,0.25,0.75,0.0,0.75,1.0,0.75,0.75,1.0,0.75,0.75,0.75,0.75,0.75,0.75,0.25,0.75,0.25,0.0,0.75,1.0,0.25,0.0,1.0,0.75,1.0,0.0,0.0,0.17,0.17,0.67,0.5,0.67,0.33,0.83,0.75,0.75,0.75,0.75,0.25,0.75,0.0,0.75
925868,0.0,1.0,1.0,0.0,0.0,0.0,0.0,0.0,0.0,1.0,0.25,0.0,0.25,0.0,0.0,0.0,0.75,1.0,1.0,1.0,0.0,0.0,1.0,0.0,0.0,0.0,1.0,1.0,0.0,1.0,0.75,0.75,0.0,1.0,0.0,1.0,1.0,0.0,0.25,0.0,0.75,0.0,1.0,0.25,0.0,0.0,0.0,1.0,0.0,1.0,0.0,0.0,0.0,1.0,1.0,0.0,0.0,1.0,0.25,1.0,0.67,0.17,0.33,0.83,0.0,1.0,0.0,0.25,0.75,0.75,1.0,0.5,0.75,0.5,0.5
928059,0.0,1.0,0.25,0.0,1.0,1.0,0.75,0.75,0.0,0.0,0.75,0.75,0.0,1.0,1.0,1.0,0.0,1.0,1.0,0.75,1.0,1.0,0.0,1.0,1.0,0.0,1.0,1.0,0.25,1.0,1.0,0.0,1.0,0.0,0.75,0.0,0.75,1.0,0.25,0.75,1.0,1.0,1.0,1.0,1.0,1.0,0.75,0.0,1.0,1.0,0.0,0.75,0.0,0.0,0.0,1.0,0.75,1.0,0.0,0.0,0.33,0.0,1.0,0.0,1.0,0.17,1.0,1.0,1.0,0.25,1.0,0.0,0.25,0.0,1.0
928364,1.0,0.75,1.0,0.25,0.25,0.25,0.0,0.0,0.25,1.0,0.25,0.25,0.0,0.75,0.0,0.0,0.75,0.25,0.75,0.75,0.0,0.25,0.75,1.0,0.0,0.25,0.0,0.25,0.25,0.25,0.0,1.0,0.0,0.25,0.75,0.75,0.75,0.75,1.0,0.0,0.25,0.0,0.25,0.0,0.25,0.75,1.0,0.75,0.0,0.75,0.75,0.0,0.0,1.0,1.0,0.25,0.75,0.25,0.25,0.75,1.0,0.67,0.33,0.17,0.67,0.17,0.67,0.25,0.75,0.75,0.25,0.25,0.75,0.75,0.75
929276,0.75,0.75,0.25,0.75,1.0,0.75,0.75,0.25,0.25,0.75,0.75,0.25,0.75,1.0,0.75,1.0,0.75,1.0,0.75,1.0,1.0,1.0,0.0,1.0,0.75,0.0,0.75,1.0,0.75,0.75,1.0,0.0,1.0,0.0,1.0,0.0,1.0,0.75,0.25,1.0,1.0,1.0,1.0,0.75,0.25,0.75,1.0,0.0,1.0,0.25,0.0,1.0,0.25,0.75,0.0,1.0,0.75,1.0,0.0,0.0,0.83,0.5,0.83,0.0,0.67,0.0,1.0,0.75,1.0,0.75,0.75,0.0,0.75,0.0,0.75
929336,0.75,1.0,0.75,1.0,0.0,0.25,0.75,0.0,1.0,0.0,1.0,0.0,0.0,0.0,0.0,1.0,1.0,1.0,1.0,1.0,1.0,1.0,1.0,1.0,1.0,0.0,0.0,1.0,1.0,1.0,0.0,1.0,1.0,0.25,1.0,1.0,0.75,1.0,0.75,1.0,0.0,0.0,1.0,0.0,1.0,0.0,1.0,1.0,1.0,1.0,1.0,1.0,1.0,0.0,0.25,0.75,1.0,0.75,1.0,0.0,1.0,0.33,0.33,1.0,1.0,0.33,0.0,0.75,1.0,0.0,1.0,0.75,0.75,0.5,0.0
931136,0.25,0.0,0.75,1.0,0.0,0.0,0.0,0.75,0.0,1.0,0.0,0.25,0.75,0.75,0.0,0.0,1.0,0.0,0.75,0.75,0.0,1.0,0.75,0.75,0.0,0.25,0.75,0.75,0.75,0.25,0.0,0.75,0.0,1.0,0.0,1.0,1.0,0.75,0.25,0.75,0.75,0.75,0.25,0.0,0.0,0.0,0.75,0.25,0.0,0.75,0.75,0.0,0.0,1.0,0.75,0.25,0.0,0.25,0.75,0.75,0.0,0.67,0.17,0.33,0.5,0.67,0.67,0.75,0.75,0.5,0.5,0.5,0.5,0.75,0.5
931381,0.75,0.75,0.75,1.0,0.0,0.0,0.75,1.0,1.0,0.0,0.75,0.0,1.0,0.75,0.75,0.75,1.0,0.25,0.25,1.0,0.25,1.0,0.75,1.0,0.75,0.25,0.75,1.0,0.25,0.75,0.0,1.0,0.0,0.0,1.0,1.0,0.75,0.75,0.0,0.75,1.0,1.0,1.0,1.0,1.0,1.0,1.0,0.25,0.0,0.25,0.25,0.75,1.0,1.0,0.0,0.75,0.0,0.75,0.0,0.0,0.67,0.83,0.67,0.67,1.0,0.33,0.83,0.25,0.75,0.25,0.75,0.5,0.75,0.75,0.25
932773,0.75,0.75,1.0,0.25,1.0,1.0,0.75,1.0,0.25,0.25,0.75,0.75,0.25,1.0,1.0,1.0,0.0,1.0,1.0,1.0,0.25,1.0,0.75,0.0,1.0,0.25,1.0,1.0,0.75,1.0,1.0,0.0,1.0,0.75,1.0,0.0,1.0,0.75,0.75,0.75,1.0,1.0,1.0,1.0,0.75,0.75,1.0,0.75,1.0,1.0,0.0,0.75,0.75,1.0,0.0,1.0,0.25,1.0,0.0,0.0,1.0,0.17,1.0,0.5,0.5,0.0,1.0,1.0,1.0,1.0,1.0,0.0,0.75,0.0,1.0
934436,0.0,1.0,1.0,0.0,0.0,0.0,0.75,0.0,0.0,0.75,0.0,0.0,0.75,0.0,0.0,0.25,1.0,0.0,0.0,1.0,0.0,0.0,0.25,1.0,1.0,0.75,0.75,1.0,0.0,0.0,0.25,1.0,0.75,0.25,0.25,1.0,1.0,0.25,0.0,0.25,0.75,0.75,1.0,0.75,0.75,0.75,1.0,1.0,0.0,1.0,1.0,1.0,1.0,0.0,1.0,0.25,0.75,0.75,0.75,0.0,1.0,0.83,0.67,1.0,0.33,1.0,0.67,0.5,0.5,0.75,0.5,0.5,0.75,0.75,0.0
935594,0.75,1.0,1.0,0.0,0.0,0.0,1.0,0.25,0.0,0.75,0.75,0.0,0.0,0.25,0.0,0.25,1.0,0.0,0.0,0.75,0.0,0.0,0.0,1.0,0.0,0.25,0.0,0.0,0.25,0.75,0.0,1.0,0.25,1.0,0.75,0.75,0.25,0.0,0.0,0.25,1.0,0.75,0.75,1.0,1.0,1.0,1.0,1.0,0.0,0.0,1.0,1.0,1.0,0.0,0.75,0.0,1.0,0.25,1.0,0.0,0.83,0.67,0.0,0.83,0.5,0.83,0.33,0.5,0.75,0.5,0.75,0.75,0.75,0.75,0.5
935950,0.0,0.0,1.0,0.0,0.25,0.25,0.75,0.0,0.0,0.25,0.0,0.0,0.75,0.25,0.0,0.0,1.0,0.0,0.0,0.0,0.0,0.75,0.0,1.0,0.0,0.25,1.0,0.0,0.75,0.75,0.25,1.0,1.0,1.0,0.75,1.0,0.0,0.0,1.0,0.0,0.75,0.0,0.75,0.75,1.0,0.0,1.0,0.0,0.0,0.0,1.0,1.0,1.0,0.0,1.0,0.75,1.0,0.0,0.75,0.0,1.0,0.67,0.0,0.67,0.5,0.67,0.5,0.25,0.5,0.5,0.5,0.75,0.75,1.0,0.75
939185,0.25,0.75,0.75,0.25,1.0,0.75,0.0,0.75,0.75,0.25,1.0,0.0,0.0,0.75,0.75,0.75,0.25,1.0,0.25,1.0,0.75,1.0,0.25,1.0,0.25,0.75,1.0,0.75,0.75,0.75,0.75,0.75,0.75,0.0,0.75,0.0,0.75,0.75,0.25,1.0,0.75,0.75,0.75,1.0,0.75,1.0,1.0,0.25,0.75,0.25,0.0,1.0,1.0,0.75,0.0,1.0,0.75,1.0,0.0,0.0,0.67,0.17,0.5,0.17,0.67,0.33,0.83,0.5,0.75,0.25,0.75,0.25,0.5,0.25,0.5
939236,1.0,0.25,0.25,0.25,1.0,0.25,0.0,0.75,0.75,0.0,0.75,0.75,0.0,1.0,0.25,1.0,0.0,0.75,0.0,1.0,0.0,1.0,1.0,1.0,1.0,1.0,0.0,0.25,1.0,0.75,0.75,1.0,0.75,0.0,0.75,0.25,0.75,1.0,0.25,1.0,0.25,0.75,1.0,0.0,1.0,1.0,0.75,1.0,0.25,0.0,1.0,1.0,1.0,1.0,0.25,0.25,1.0,0.25,0.25,0.0,0.67,0.83,0.67,0.17,0.83,0.33,0.83,0.25,0.75,0.0,0.5,0.25,0.75,1.0,0.5
939424,0.75,0.75,1.0,0.25,0.75,1.0,0.75,1.0,0.25,0.25,0.25,0.75,0.75,1.0,1.0,1.0,0.0,1.0,0.75,1.0,0.75,1.0,1.0,1.0,0.75,0.75,1.0,0.0,1.0,0.75,1.0,0.25,0.25,0.25,1.0,0.0,1.0,0.75,0.75,0.0,0.75,1.0,1.0,1.0,0.75,0.75,0.75,0.25,1.0,0.25,0.25,0.75,1.0,0.75,0.0,1.0,0.25,1.0,0.0,0.0,0.17,0.33,0.67,0.0,0.83,0.0,1.0,0.75,1.0,0.5,0.75,0.0,0.5,0.25,0.5
942993,0.75,0.0,0.0,0.0,0.0,0.75,0.25,0.0,1.0,0.0,0.75,0.0,0.25,1.0,0.0,1.0,1.0,0.75,0.75,1.0,0.0,0.75,1.0,1.0,1.0,0.75,0.75,1.0,0.75,1.0,0.75,1.0,0.0,0.75,1.0,1.0,1.0,0.25,0.0,0.0,1.0,0.25,0.0,1.0,1.0,1.0,1.0,1.0,0.0,1.0,1.0,0.25,1.0,0.0,1.0,0.0,1.0,0.75,1.0,0.0,1.0,0.67,1.0,0.33,0.67,0.33,0.17,0.25,0.75,0.75,1.0,1.0,1.0,1.0,0.0
945072,1.0,0.75,1.0,1.0,0.0,0.0,0.0,0.0,0.0,0.0,1.0,0.0,1.0,1.0,0.0,1.0,1.0,1.0,1.0,1.0,0.0,1.0,0.0,1.0,1.0,0.75,1.0,0.25,1.0,1.0,0.0,0.0,1.0,1.0,1.0,1.0,1.0,1.0,0.0,1.0,1.0,1.0,1.0,0.0,1.0,1.0,1.0,1.0,0.0,1.0,1.0,1.0,1.0,0.0,0.0,1.0,1.0,0.0,0.0,0.0,1.0,1.0,0.0,0.0,1.0,0.33,1.0,0.75,1.0,0.0,1.0,0.25,1.0,1.0,0.5
948172,0.25,0.25,0.75,1.0,0.25,0.75,0.75,0.25,0.25,0.25,0.75,0.0,0.25,0.0,0.0,0.25,0.75,0.0,0.25,0.75,0.25,0.75,1.0,0.25,0.0,0.25,0.25,0.75,0.75,0.25,0.25,1.0,0.25,0.75,0.25,0.75,1.0,0.25,0.75,0.25,0.0,0.75,0.75,0.25,0.75,0.75,0.75,1.0,0.0,1.0,0.25,0.75,0.75,0.25,0.25,0.75,0.75,0.25,0.25,0.25,0.83,0.83,0.17,0.0,0.83,1.0,0.83,0.5,0.5,0.5,0.5,0.75,0.75,0.5,0.25
950010,0.0,1.0,1.0,0.0,1.0,0.75,0.25,0.75,0.25,0.25,1.0,0.75,0.25,1.0,1.0,1.0,0.0,1.0,1.0,1.0,0.0,1.0,1.0,1.0,1.0,1.0,1.0,1.0,0.75,0.75,1.0,0.75,0.0,1.0,0.75,0.25,1.0,0.0,0.25,0.75,1.0,1.0,0.25,1.0,1.0,0.75,1.0,1.0,0.25,0.75,0.25,0.75,0.25,1.0,0.0,1.0,0.75,0.75,0.0,0.25,0.33,0.5,0.67,0.0,0.5,0.33,0.83,0.75,1.0,1.0,0.25,0.5,0.5,0.5,1.0
953965,0.75,1.0,1.0,0.0,1.0,1.0,0.25,0.25,0.0,0.25,0.75,0.75,0.25,1.0,1.0,1.0,0.0,1.0,0.75,1.0,0.75,1.0,0.25,1.0,1.0,0.75,1.0,1.0,0.75,0.0,1.0,0.0,1.0,0.0,1.0,0.0,1.0,0.25,0.25,0.75,0.75,0.75,1.0,1.0,0.25,0.25,1.0,0.25,0.75,1.0,0.0,0.25,0.75,1.0,0.25,0.75,0.25,1.0,0.25,0.25,0.17,0.0,1.0,0.33,0.33,0.0,1.0,0.75,0.5,0.5,0.5,0.0,0.25,0.0,0.5
955592,0.75,1.0,0.75,0.0,1.0,1.0,0.0,0.75,0.25,0.25,0.25,1.0,0.75,1.0,1.0,1.0,0.0,1.0,0.75,1.0,1.0,1.0,0.0,1.0,1.0,1.0,1.0,1.0,0.25,0.25,1.0,0.0,1.0,0.0,0.25,0.0,0.75,0.25,0.25,0.75,1.0,1.0,1.0,1.0,0.75,0.75,1.0,0.0,1.0,1.0,0.0,0.25,0.25,1.0,0.0,1.0,0.0,1.0,0.0,0.0,0.83,0.0,1.0,0.0,0.67,0.0,1.0,1.0,1.0,0.5,1.0,0.0,0.25,0.0,1.0
956775,0.0,1.0,1.0,0.0,0.75,0.75,1.0,0.75,0.25,0.75,0.25,0.75,0.25,0.75,0.0,0.75,0.0,0.75,0.75,1.0,0.0,0.75,0.75,1.0,0.0,0.25,1.0,0.75,0.25,0.25,1.0,1.0,0.25,1.0,0.75,0.0,0.75,0.75,0.25,0.75,0.0,0.75,0.25,0.75,0.75,0.75,0.75,1.0,0.0,1.0,0.75,0.75,0.25,0.25,0.25,0.0,0.0,0.75,0.0,1.0,1.0,0.33,1.0,0.17,0.83,1.0,0.17,1.0,1.0,0.75,1.0,0.75,0.75,1.0,0.75
957096,0.25,1.0,1.0,0.25,1.0,0.0,0.75,0.75,0.0,1.0,0.75,0.75,0.75,0.25,0.0,0.0,0.75,0.0,0.0,0.0,0.0,0.0,0.25,0.25,1.0,0.25,1.0,1.0,0.75,0.25,1.0,0.75,0.0,1.0,0.75,1.0,1.0,0.75,0.25,0.0,0.75,0.0,0.25,1.0,0.75,0.75,0.75,1.0,1.0,0.75,1.0,0.0,0.0,1.0,0.75,0.25,0.0,0.75,1.0,0.25,0.67,0.67,0.83,1.0,0.67,0.33,0.17,0.5,0.5,0.5,0.5,0.75,1.0,0.75,0.0
957393,1.0,0.75,0.0,0.75,0.0,0.0,0.25,0.0,0.75,0.25,0.0,0.0,1.0,0.0,0.0,0.25,1.0,0.0,0.0,0.75,0.0,0.25,0.25,0.25,0.25,0.25,1.0,0.75,0.0,0.75,0.0,1.0,0.0,0.75,1.0,0.25,0.0,0.25,0.0,0.0,0.0,0.0,0.0,0.75,1.0,0.25,0.25,1.0,0.0,0.25,0.25,0.25,1.0,0.0,0.75,0.0,0.75,0.25,0.75,0.75,1.0,0.83,0.17,0.67,0.83,1.0,0.0,0.0,1.0,0.75,1.0,0.75,0.75,0.5,0.25
959648,0.25,0.75,0.25,0.25,0.25,0.75,0.75,0.75,0.75,0.25,0.75,0.25,0.75,1.0,0.25,0.25,0.75,0.25,0.75,1.0,0.0,0.75,0.25,0.25,1.0,0.75,0.25,0.75,0.25,0.25,0.0,0.75,0.75,0.75,0.25,0.25,0.75,0.75,0.75,0.75,0.75,0.75,0.75,0.75,0.75,0.75,0.75,0.75,0.75,0.75,0.25,0.75,0.75,0.25,0.25,0.75,0.75,0.75,0.25,0.25,0.5,0.5,0.5,0.5,0.83,0.5,0.5,0.5,0.5,0.5,0.75,0.75,0.75,0.5,0.75
963256,0.75,0.75,1.0,0.25,1.0,1.0,0.25,0.75,0.25,0.25,0.25,0.25,0.75,0.75,0.25,0.25,0.25,0.25,0.25,0.75,0.75,1.0,0.25,0.75,1.0,0.25,0.75,1.0,0.25,0.75,1.0,0.25,0.0,0.25,0.75,0.25,0.75,0.25,0.75,1.0,0.75,1.0,0.25,0.75,0.75,0.75,1.0,0.0,0.0,0.75,0.75,0.75,0.25,1.0,0.75,0.75,0.75,0.75,0.25,0.75,0.67,0.33,0.67,0.17,0.67,0.5,0.67,0.5,0.5,0.5,0.5,0.25,0.5,0.5,0.5
963647,0.25,1.0,0.75,0.0,1.0,1.0,1.0,1.0,0.25,0.25,0.75,1.0,0.25,1.0,1.0,1.0,0.0,1.0,0.75,0.75,1.0,1.0,0.75,0.75,1.0,1.0,1.0,1.0,1.0,1.0,1.0,1.0,0.75,0.25,0.75,0.0,1.0,0.25,0.25,0.75,1.0,1.0,1.0,1.0,1.0,0.75,1.0,1.0,0.75,0.25,0.25,0.75,0.75,0.75,0.0,1.0,1.0,1.0,0.0,0.0,0.67,0.83,0.83,0.17,0.83,0.0,0.67,1.0,1.0,1.0,1.0,0.25,0.75,0.5,1.0
964510,0.75,1.0,0.75,0.75,0.75,1.0,0.25,0.75,0.75,0.25,1.0,0.75,0.25,1.0,0.75,0.75,0.25,1.0,0.75,0.25,0.75,0.75,0.25,1.0,1.0,1.0,1.0,1.0,0.75,0.75,0.75,0.25,0.75,0.75,0.25,0.0,0.25,0.75,0.25,0.75,0.75,0.75,0.75,0.75,0.75,1.0,0.75,0.0,0.75,0.25,0.75,1.0,1.0,0.75,0.0,1.0,0.25,0.75,0.0,0.0,0.67,0.33,0.83,0.17,0.83,0.17,0.67,0.75,0.75,0.25,0.75,0.0,0.5,0.75,0.75
969891,1.0,0.75,1.0,0.0,0.0,0.25,0.75,0.0,0.0,0.25,0.25,0.0,0.75,0.75,0.0,0.75,0.75,0.0,0.0,0.0,0.0,0.0,0.25,1.0,0.25,0.75,0.75,1.0,0.0,0.75,0.75,0.25,0.0,1.0,1.0,1.0,1.0,0.75,0.0,0.25,0.75,1.0,0.25,1.0,1.0,0.0,1.0,0.0,0.0,0.75,1.0,1.0,0.75,1.0,0.25,0.75,0.75,1.0,0.25,0.25,0.83,0.17,0.17,0.83,0.17,1.0,0.0,0.0,0.75,0.75,1.0,0.25,0.75,1.0,0.75
970786,0.75,1.0,0.25,0.25,1.0,0.25,0.25,0.25,0.75,0.0,0.0,0.75,0.25,0.25,0.0,0.25,0.0,0.25,0.75,1.0,0.75,1.0,0.75,0.75,0.25,0.75,0.75,0.25,0.25,0.25,1.0,0.25,0.75,1.0,0.75,0.0,0.75,0.75,0.0,0.75,1.0,0.75,0.75,1.0,1.0,0.25,0.25,0.25,1.0,0.25,0.25,0.25,0.75,0.25,0.0,0.0,0.75,0.75,0.0,0.25,0.67,0.67,0.67,0.0,0.67,0.17,0.67,0.5,0.75,0.75,0.75,0.25,0.5,0.5,0.5
973793,0.75,0.75,0.25,0.75,0.75,0.75,0.75,0.75,0.25,0.0,1.0,0.25,0.75,1.0,0.75,0.75,0.25,0.75,0.75,1.0,0.75,1.0,0.25,1.0,0.25,0.25,0.25,0.75,0.75,0.75,0.75,0.75,0.75,0.25,0.75,0.0,1.0,1.0,0.25,0.75,1.0,0.75,0.75,1.0,1.0,1.0,0.75,0.0,0.25,0.25,0.75,1.0,1.0,0.75,0.0,1.0,0.75,0.25,0.0,0.0,0.17,0.83,0.83,0.0,0.67,0.17,0.67,0.75,1.0,0.25,1.0,0.5,1.0,0.75,0.75
975600,1.0,0.0,1.0,1.0,0.0,0.0,0.0,0.0,1.0,0.75,0.0,0.0,1.0,1.0,0.0,1.0,1.0,0.0,0.75,1.0,0.0,1.0,1.0,1.0,0.0,0.75,0.0,0.0,1.0,1.0,0.0,0.75,0.0,0.75,0.25,1.0,1.0,0.0,0.25,0.0,0.75,0.0,0.0,0.25,1.0,0.0,0.0,1.0,0.0,0.25,0.75,0.75,0.0,0.0,0.0,0.0,1.0,0.0,0.0,1.0,1.0,1.0,0.17,0.0,0.83,0.17,0.83,0.0,0.75,0.5,0.25,0.25,0.75,0.5,0.0
976134,0.25,1.0,1.0,0.0,1.0,1.0,0.25,0.75,0.25,0.25,0.75,0.75,1.0,1.0,1.0,1.0,0.0,1.0,1.0,0.75,1.0,1.0,0.75,1.0,1.0,0.75,1.0,1.0,0.75,0.75,1.0,0.0,1.0,0.0,0.75,0.0,0.75,0.75,0.25,1.0,1.0,1.0,1.0,1.0,0.0,0.75,0.75,0.25,0.75,0.75,0.0,0.25,0.0,0.75,0.0,0.75,0.75,1.0,0.0,0.25,0.17,0.17,1.0,0.0,0.17,0.17,1.0,1.0,1.0,0.0,1.0,0.0,0.0,0.0,1.0
977300,0.25,1.0,0.75,0.25,1.0,1.0,0.75,0.75,0.25,0.25,0.75,0.75,0.75,1.0,0.25,0.25,0.25,0.25,1.0,1.0,0.75,1.0,0.25,1.0,0.75,0.75,1.0,1.0,0.25,0.25,1.0,0.25,0.75,0.75,0.75,0.0,0.75,0.75,0.25,0.75,0.75,0.75,0.75,1.0,0.75,0.75,1.0,0.25,0.75,0.75,0.25,0.0,0.25,0.75,0.25,0.75,0.25,0.75,0.75,0.75,0.17,0.33,0.5,0.17,0.67,0.0,0.83,0.75,0.75,0.5,0.75,0.5,0.5,0.25,0.75
978631,0.25,0.75,0.75,0.0,0.75,0.75,0.0,0.0,0.25,0.0,0.75,0.75,0.25,1.0,0.25,0.25,0.25,0.75,0.75,0.0,0.0,0.0,0.75,1.0,0.0,0.75,0.25,0.25,0.25,0.75,0.0,0.75,0.0,1.0,1.0,1.0,0.75,1.0,0.75,0.75,0.25,0.75,0.25,0.25,1.0,0.75,0.25,1.0,0.25,0.25,0.75,0.25,0.25,0.75,0.0,0.75,0.25,0.75,0.25,0.25,0.33,1.0,0.5,0.0,0.67,0.0,0.0,0.5,0.75,0.5,0.75,0.5,0.75,0.75,0.5
979086,0.0,0.75,1.0,0.0,0.0,1.0,0.75,0.75,0.0,0.0,1.0,0.75,0.75,1.0,1.0,1.0,0.75,1.0,1.0,1.0,1.0,1.0,0.75,1.0,1.0,1.0,1.0,1.0,1.0,1.0,1.0,0.25,1.0,0.0,0.75,0.0,1.0,0.25,0.0,1.0,1.0,1.0,1.0,1.0,1.0,1.0,1.0,0.25,0.75,1.0,0.0,1.0,1.0,1.0,0.0,1.0,0.75,1.0,0.0,0.0,0.33,0.17,1.0,1.0,1.0,0.33,1.0,1.0,0.75,0.25,0.75,0.5,0.5,0.5,0.75
980182,0.0,0.25,0.75,0.0,0.0,0.75,1.0,0.25,0.75,0.0,1.0,1.0,0.0,1.0,1.0,1.0,0.0,1.0,0.75,1.0,0.0,1.0,0.0,0.75,1.0,0.75,1.0,1.0,0.0,0.0,1.0,0.0,0.0,0.0,0.0,0.75,1.0,1.0,0.0,1.0,1.0,1.0,1.0,1.0,1.0,0.25,1.0,0.0,0.75,0.75,0.0,1.0,1.0,1.0,0.0,1.0,0.0,1.0,0.0,0.0,1.0,0.17,1.0,0.67,1.0,0.0,1.0,0.5,0.75,0.0,1.0,0.0,0.5,0.0,0.75
982097,0.75,1.0,1.0,0.0,1.0,0.75,1.0,0.0,0.0,1.0,0.25,0.25,0.75,1.0,0.0,0.0,1.0,0.75,1.0,1.0,0.0,1.0,1.0,1.0,0.75,1.0,1.0,1.0,1.0,0.0,1.0,1.0,0.75,1.0,0.75,1.0,1.0,0.75,0.25,0.0,0.75,1.0,0.25,0.75,1.0,1.0,1.0,1.0,1.0,1.0,1.0,1.0,0.0,1.0,0.0,0.75,1.0,0.0,0.25,0.0,0.83,0.83,0.83,0.33,0.83,0.17,0.33,1.0,1.0,0.5,0.75,0.25,0.5,0.25,0.5
985646,0.25,1.0,1.0,0.0,1.0,1.0,0.25,0.75,0.25,0.0,0.75,1.0,0.75,1.0,0.75,0.75,0.25,1.0,0.25,1.0,1.0,1.0,1.0,1.0,1.0,0.75,1.0,0.75,1.0,0.25,1.0,0.75,1.0,0.0,1.0,0.0,1.0,0.75,0.25,0.75,1.0,0.75,1.0,0.75,1.0,1.0,0.25,0.0,1.0,0.25,0.0,1.0,0.75,0.25,0.0,1.0,0.75,1.0,0.0,0.0,0.83,0.5,1.0,0.0,1.0,0.5,1.0,1.0,1.0,0.75,0.75,0.25,0.5,0.0,0.75
990365,1.0,0.0,0.0,1.0,0.0,0.0,0.75,0.0,1.0,0.0,0.25,0.0,1.0,0.0,0.0,1.0,1.0,0.0,0.0,1.0,0.0,1.0,1.0,1.0,0.0,0.0,0.0,0.0,1.0,1.0,0.0,1.0,0.0,1.0,1.0,1.0,1.0,0.0,1.0,0.0,0.0,0.0,0.0,0.0,1.0,0.0,0.0,1.0,0.0,1.0,1.0,0.0,0.0,0.0,0.75,0.25,1.0,0.0,0.75,1.0,1.0,1.0,0.0,0.67,0.83,1.0,0.0,0.0,0.5,0.25,0.5,0.5,0.5,0.75,0.0
990375,1.0,0.75,0.25,1.0,0.75,0.75,1.0,1.0,0.75,0.0,0.75,1.0,1.0,1.0,1.0,0.75,0.0,1.0,0.0,1.0,1.0,1.0,0.0,1.0,0.75,0.0,0.75,1.0,0.75,1.0,1.0,0.25,1.0,0.0,0.75,0.0,1.0,1.0,1.0,1.0,1.0,1.0,0.75,1.0,0.75,1.0,1.0,0.0,0.75,1.0,1.0,0.0,0.0,1.0,0.0,1.0,0.75,1.0,0.0,0.0,0.67,0.83,1.0,0.0,0.67,0.0,1.0,0.75,1.0,0.5,0.75,0.5,0.5,0.5,0.75
994099,0.75,1.0,1.0,0.0,1.0,1.0,0.0,1.0,0.75,0.0,0.0,1.0,0.25,0.75,1.0,1.0,0.0,1.0,1.0,1.0,1.0,1.0,0.0,1.0,1.0,1.0,1.0,1.0,0.0,0.0,1.0,0.0,1.0,0.25,1.0,0.0,1.0,1.0,0.25,1.0,1.0,1.0,1.0,1.0,0.0,0.75,1.0,0.0,1.0,0.25,1.0,0.75,1.0,1.0,0.0,1.0,0.0,1.0,0.0,0.25,0.33,0.0,1.0,0.0,0.33,0.0,1.0,1.0,0.75,0.25,0.75,0.0,0.75,0.25,0.75
995001,0.75,0.25,0.75,0.75,0.0,0.0,0.0,0.0,0.75,1.0,1.0,0.25,0.75,0.25,0.0,0.25,0.25,0.0,0.0,0.75,0.0,1.0,0.25,1.0,0.0,0.25,0.0,0.25,0.0,1.0,0.0,1.0,0.0,1.0,1.0,1.0,1.0,0.75,1.0,0.0,0.0,0.0,0.0,0.75,1.0,0.25,0.0,1.0,0.0,0.25,1.0,0.25,0.0,1.0,0.25,0.0,0.0,0.0,0.25,0.25,0.33,0.67,0.67,0.0,0.33,0.17,0.33,0.5,0.25,0.5,0.25,0.75,0.5,0.5,0.5
998795,0.75,0.75,1.0,0.0,0.0,1.0,0.25,0.0,0.0,0.0,0.25,0.75,1.0,0.75,0.75,1.0,0.75,1.0,0.75,1.0,0.75,0.25,0.0,1.0,1.0,0.75,0.25,0.75,0.25,0.25,0.25,1.0,0.75,0.25,1.0,0.75,0.25,0.75,0.75,0.75,0.75,0.25,0.0,0.25,0.75,0.25,0.75,0.0,0.0,0.75,1.0,1.0,0.75,1.0,0.75,1.0,0.25,0.75,0.0,0.75,0.83,0.67,0.67,0.0,0.17,0.5,0.83,0.5,0.5,0.5,0.5,0.5,0.5,0.75,0.75
1000077,0.25,0.0,0.75,0.25,0.25,0.25,0.25,0.25,0.25,0.75,0.75,0.25,0.75,0.75,0.25,0.75,0.75,0.0,0.75,0.75,0.0,0.75,0.25,0.75,0.25,0.25,0.25,0.25,0.75,0.25,0.25,1.0,0.0,0.75,0.75,0.75,0.75,0.25,0.75,0.25,0.25,0.0,0.0,0.75,0.75,0.75,0.25,1.0,0.0,0.75,0.75,0.25,0.0,0.75,0.75,0.25,0.75,0.25,0.25,1.0,0.67,0.83,0.17,0.5,0.67,0.67,0.33,0.25,0.75,0.75,0.5,1.0,0.5,0.25,0.5
1002106,0.0,1.0,0.75,0.75,1.0,1.0,1.0,1.0,0.0,0.0,0.25,1.0,1.0,1.0,1.0,0.75,0.0,1.0,0.75,0.0,0.75,1.0,0.0,0.75,1.0,1.0,1.0,1.0,0.0,0.0,1.0,1.0,1.0,0.0,1.0,0.0,1.0,1.0,1.0,0.75,1.0,1.0,1.0,0.75,0.75,0.25,1.0,0.0,1.0,1.0,0.0,1.0,1.0,1.0,0.0,1.0,0.75,1.0,0.0,0.0,0.33,0.0,1.0,0.17,0.17,0.17,1.0,1.0,0.75,1.0,1.0,0.25,0.5,0.0,1.0
1004337,1.0,0.0,0.25,0.25,0.25,0.25,0.25,0.25,0.75,0.0,0.75,0.25,0.75,0.75,0.25,0.25,0.0,0.0,0.0,0.25,0.0,1.0,0.25,0.75,0.0,0.0,0.75,0.75,0.25,0.0,1.0,0.25,1.0,0.75,0.75,0.75,0.25,1.0,0.0,0.75,1.0,0.75,1.0,1.0,0.0,0.0,1.0,0.0,0.0,0.0,1.0,1.0,1.0,1.0,0.25,0.75,0.0,1.0,0.25,0.0,0.67,0.83,0.0,0.0,0.5,0.5,0.83,0.5,0.5,0.5,0.25,0.25,0.5,0.75,0.5
1006538,1.0,1.0,0.75,0.0,0.25,0.75,0.25,1.0,0.25,0.0,0.25,1.0,0.75,1.0,0.0,0.25,1.0,0.75,0.0,1.0,0.75,1.0,0.25,1.0,1.0,1.0,1.0,1.0,1.0,0.25,1.0,0.0,0.0,1.0,0.25,0.25,1.0,0.75,0.25,0.75,1.0,0.75,1.0,1.0,1.0,1.0,1.0,0.0,0.75,0.75,1.0,0.75,0.75,1.0,1.0,0.25,0.25,1.0,1.0,0.25,0.83,0.5,0.83,0.33,0.33,0.67,0.83,0.75,0.75,0.25,0.75,0.25,0.75,0.5,0.5
1007111,1.0,0.25,0.75,0.0,0.0,0.75,0.75,0.75,1.0,0.0,0.25,0.0,1.0,0.25,0.0,0.0,0.75,0.0,0.25,1.0,0.0,0.75,0.75,0.75,0.25,0.0,0.0,1.0,1.0,0.25,0.75,1.0,0.0,1.0,0.25,0.75,0.75,0.0,0.0,0.0,0.25,0.75,0.75,0.75,0.75,0.75,0.75,1.0,0.0,0.75,0.0,0.25,0.25,0.25,1.0,0.75,0.75,0.25,1.0,1.0,0.67,1.0,0.33,0.17,0.67,0.33,0.17,0.5,0.75,0.75,0.25,1.0,0.75,0.25,0.5
1007988,1.0,1.0,1.0,0.25,1.0,1.0,0.0,1.0,0.0,0.0,0.75,1.0,0.0,1.0,1.0,1.0,0.0,1.0,1.0,1.0,1.0,1.0,0.25,1.0,1.0,0.75,0.75,1.0,1.0,0.25,1.0,0.75,1.0,0.0,1.0,0.0,1.0,1.0,0.0,1.0,1.0,1.0,1.0,1.0,1.0,1.0,1.0,0.0,1.0,0.25,0.0,0.75,1.0,1.0,0.0,1.0,0.75,1.0,0.0,0.0,0.17,0.17,0.67,0.17,0.67,0.0,1.0,1.0,1.0,0.25,1.0,0.0,0.25,0.0,0.75
1007997,0.25,0.75,1.0,0.0,0.75,1.0,0.0,1.0,1.0,1.0,0.75,0.25,0.0,0.75,0.75,0.75,0.0,1.0,1.0,1.0,0.0,1.0,1.0,1.0,1.0,1.0,0.0,1.0,1.0,0.25,1.0,0.0,0.75,1.0,0.75,0.0,0.25,1.0,0.0,1.0,1.0,1.0,1.0,1.0,0.0,0.75,0.0,1.0,0.0,0.75,0.0,0.25,0.25,1.0,0.0,0.25,1.0,1.0,0.0,0.0,0.83,0.83,0.33,0.83,0.33,0.33,0.83,0.75,0.75,0.0,0.75,0.0,0.0,0.0,0.75
1009939,0.75,1.0,1.0,0.25,1.0,1.0,1.0,0.25,0.0,0.0,0.75,0.0,0.75,1.0,0.75,0.75,1.0,1.0,1.0,0.25,0.75,1.0,0.25,1.0,1.0,1.0,1.0,1.0,0.0,0.0,0.75,0.0,0.0,0.0,0.25,0.0,1.0,0.75,0.0,1.0,0.75,1.0,1.0,1.0,0.25,1.0,1.0,0.0,0.0,0.0,1.0,1.0,0.75,1.0,0.0,0.25,0.25,1.0,1.0,0.0,0.83,0.0,1.0,0.33,0.5,0.67,0.83,1.0,1.0,0.25,0.75,0.25,0.5,0.5,0.75
1010310,1.0,0.0,1.0,0.0,0.0,0.0,0.25,1.0,1.0,0.75,0.25,0.0,1.0,1.0,0.0,1.0,1.0,0.25,0.0,1.0,0.0,1.0,1.0,1.0,0.0,1.0,0.0,0.25,1.0,1.0,1.0,1.0,0.0,1.0,0.75,0.75,0.75,0.75,0.25,0.75,0.75,1.0,1.0,1.0,1.0,1.0,1.0,1.0,0.0,0.75,1.0,0.75,1.0,1.0,0.0,1.0,1.0,0.0,0.0,0.0,0.0,1.0,0.0,0.33,0.67,0.83,0.33,0.75,1.0,0.25,0.75,0.5,0.75,0.75,0.5
1011860,1.0,0.75,1.0,0.0,1.0,1.0,1.0,1.0,0.25,1.0,1.0,1.0,1.0,1.0,1.0,1.0,0.75,1.0,1.0,1.0,1.0,1.0,0.25,1.0,0.25,1.0,1.0,1.0,1.0,1.0,1.0,0.75,1.0,1.0,1.0,0.25,0.25,1.0,0.0,0.75,1.0,1.0,1.0,1.0,0.75,1.0,1.0,0.0,1.0,1.0,0.0,0.25,0.0,1.0,0.0,1.0,0.75,1.0,0.0,0.25,0.17,0.83,0.67,0.17,0.83,0.0,0.83,0.75,1.0,0.5,0.5,0.5,0.5,0.5,0.5
1012322,0.25,0.25,0.75,0.25,0.25,0.0,0.25,0.0,0.0,0.25,0.25,0.25,0.0,0.75,0.0,0.25,0.25,0.25,1.0,0.75,0.0,0.25,0.25,0.75,0.25,0.25,0.0,0.75,0.25,0.75,1.0,0.75,0.0,0.25,0.75,0.75,0.75,0.25,0.75,0.25,0.25,0.75,0.75,0.0,0.75,0.75,0.75,0.75,0.0,0.75,0.75,0.0,0.25,0.75,0.25,0.25,0.25,0.75,0.25,0.75,0.67,0.67,0.17,0.17,0.83,0.33,0.33,0.25,0.75,0.75,0.75,0.25,0.75,0.75,0.0
1012358,0.25,0.75,0.25,0.75,1.0,1.0,0.75,0.25,0.75,0.25,0.25,0.25,0.25,1.0,0.75,1.0,0.75,0.75,0.25,0.75,1.0,1.0,0.25,0.75,0.25,0.75,1.0,0.25,0.25,0.75,1.0,0.75,1.0,0.25,1.0,0.0,1.0,1.0,0.25,1.0,1.0,0.75,1.0,0.75,0.75,0.75,0.75,0.75,1.0,0.75,0.25,0.25,0.25,0.75,0.25,0.75,0.75,1.0,0.25,0.0,0.83,0.83,0.83,0.17,0.67,0.5,1.0,0.75,0.75,0.25,1.0,0.25,0.75,0.5,0.75
1014046,0.75,0.75,0.75,0.25,0.75,1.0,0.75,0.0,0.25,0.0,0.75,0.75,0.75,1.0,0.25,1.0,0.0,0.25,0.75,1.0,1.0,1.0,0.25,0.75,1.0,0.75,1.0,1.0,0.25,0.0,0.75,0.0,0.25,0.0,0.25,0.0,1.0,0.75,0.25,1.0,1.0,0.75,0.25,0.25,0.25,0.75,0.25,0.25,0.25,0.25,0.0,0.75,0.75,0.25,0.0,1.0,1.0,1.0,0.0,0.0,0.17,0.33,0.67,0.0,0.17,0.17,0.83,0.75,0.75,0.0,0.5,0.25,0.25,0.0,0.5
1016440,1.0,0.25,0.75,0.75,1.0,0.25,0.25,0.75,0.25,0.0,0.25,0.75,0.75,0.25,0.25,0.75,0.25,1.0,0.75,0.75,0.0,1.0,0.25,1.0,0.75,0.75,0.0,0.0,0.75,0.75,0.25,0.0,0.25,0.25,0.75,0.25,1.0,0.75,0.75,0.25,1.0,0.75,1.0,1.0,0.75,0.75,0.75,0.0,0.25,0.25,0.25,0.75,0.75,0.25,0.0,1.0,0.75,0.75,0.0,0.0,0.33,0.83,0.67,0.0,0.67,0.17,1.0,0.5,0.75,0.5,1.0,0.25,0.5,0.5,0.5
1017320,0.0,0.75,0.25,0.25,0.0,0.25,0.0,0.0,0.25,0.25,0.75,0.75,0.75,0.25,0.0,0.25,0.75,0.0,0.0,0.75,0.0,1.0,0.75,0.75,0.25,0.25,0.0,0.25,0.0,1.0,0.25,1.0,0.0,1.0,0.0,1.0,0.75,0.25,0.75,0.75,0.0,0.75,0.0,0.0,1.0,0.25,0.75,0.75,0.0,0.25,0.75,0.75,0.0,0.75,0.75,0.75,0.25,1.0,0.75,0.75,1.0,0.67,0.67,0.83,0.67,1.0,0.0,0.25,0.5,0.5,0.5,0.75,0.5,0.5,0.5
1019148,1.0,0.0,1.0,0.0,0.0,0.75,1.0,1.0,1.0,0.0,1.0,0.25,0.0,0.0,0.0,0.0,1.0,0.0,1.0,1.0,0.75,1.0,0.0,1.0,0.0,0.0,1.0,1.0,1.0,0.0,0.25,0.25,0.0,0.25,0.0,1.0,0.25,0.0,0.0,1.0,1.0,1.0,1.0,1.0,1.0,1.0,1.0,0.0,0.0,0.0,1.0,1.0,1.0,0.25,1.0,0.0,0.0,1.0,1.0,0.25,1.0,0.5,0.67,0.5,1.0,1.0,1.0,0.25,1.0,0.75,0.5,0.5,0.5,0.75,0.5
1019229,0.0,1.0,1.0,0.0,1.0,1.0,0.75,0.75,0.0,0.0,0.75,0.75,0.0,0.75,0.75,0.75,0.25,0.75,1.0,1.0,0.25,1.0,0.25,1.0,0.75,0.75,0.75,1.0,0.25,0.75,1.0,0.0,0.75,0.75,0.75,1.0,0.75,0.75,0.75,0.75,1.0,0.75,1.0,1.0,1.0,0.75,0.75,1.0,0.75,0.25,0.25,0.25,0.0,1.0,0.0,0.75,0.25,1.0,0.0,0.0,0.17,0.17,0.83,0.0,1.0,0.83,0.5,0.75,1.0,0.5,1.0,0.5,0.5,0.25,0.75
1020141,1.0,0.75,0.0,0.25,1.0,1.0,1.0,1.0,0.75,0.0,1.0,0.0,0.75,1.0,0.75,0.0,0.0,1.0,0.25,1.0,1.0,1.0,0.0,1.0,1.0,0.0,1.0,1.0,0.25,1.0,1.0,0.0,0.0,0.0,1.0,0.0,0.75,1.0,0.25,0.25,1.0,0.75,1.0,1.0,0.25,0.25,1.0,0.0,0.0,1.0,0.75,1.0,1.0,1.0,0.75,1.0,1.0,1.0,1.0,0.0,0.33,0.0,0.5,0.0,0.5,0.5,1.0,0.75,0.5,0.5,0.75,0.0,0.5,0.75,1.0
1020900,0.0,0.25,1.0,0.0,0.0,0.0,0.0,0.75,0.0,0.0,0.0,0.0,1.0,0.0,0.0,0.75,1.0,0.0,0.0,1.0,0.0,0.0,0.75,1.0,0.0,0.25,0.0,0.75,1.0,0.25,1.0,0.75,0.0,0.25,0.25,0.75,1.0,0.75,0.25,0.75,1.0,0.25,0.25,1.0,0.75,0.75,1.0,1.0,0.0,0.75,0.25,0.75,0.25,0.75,0.75,0.75,0.75,0.75,0.0,1.0,0.33,0.67,0.0,0.67,0.0,0.83,0.67,0.0,0.75,0.5,0.0,0.75,0.5,0.25,0.5
1026571,0.0,1.0,0.75,0.25,1.0,0.75,1.0,0.75,0.0,0.25,0.75,0.25,0.25,1.0,0.75,0.25,0.25,1.0,0.25,0.0,1.0,1.0,0.25,0.25,1.0,0.75,0.25,1.0,0.25,0.25,1.0,0.75,1.0,0.25,0.75,0.25,0.75,0.75,0.25,0.75,0.75,1.0,0.75,0.75,0.25,0.75,1.0,0.75,0.75,0.75,0.75,0.0,0.25,0.75,0.25,0.25,0.25,0.75,0.75,0.75,0.83,0.67,0.67,1.0,0.33,0.0,0.83,0.5,0.75,0.5,0.75,0.25,0.5,0.75,0.75
1027483,0.25,0.75,0.0,0.75,1.0,1.0,0.75,1.0,0.0,0.0,1.0,0.25,0.0,1.0,1.0,1.0,0.75,1.0,1.0,1.0,0.0,1.0,0.0,1.0,1.0,1.0,1.0,1.0,0.75,1.0,1.0,1.0,0.0,0.0,0.25,0.0,1.0,1.0,1.0,0.25,0.75,0.75,0.0,1.0,1.0,1.0,1.0,0.0,0.75,0.75,0.0,1.0,1.0,0.75,0.0,1.0,1.0,1.0,0.0,0.0,1.0,0.0,1.0,0.0,0.5,0.17,1.0,1.0,0.75,0.25,1.0,0.0,0.75,0.0,0.75
1027955,0.25,0.75,0.75,0.0,1.0,1.0,0.75,0.75,0.75,0.25,0.75,0.75,0.25,1.0,1.0,1.0,0.25,1.0,0.75,1.0,1.0,1.0,0.25,0.75,1.0,0.75,1.0,1.0,0.25,0.75,1.0,0.25,0.75,0.25,0.75,0.0,0.75,0.75,0.25,0.75,1.0,1.0,1.0,1.0,0.25,0.75,1.0,0.0,0.75,0.25,0.75,0.75,0.75,1.0,0.0,1.0,0.25,0.75,0.0,0.25,0.17,0.0,0.83,0.17,0.5,0.0,0.17,0.75,0.75,0.5,1.0,0.5,0.5,0.5,0.25
1031791,0.75,0.75,0.25,0.25,1.0,0.75,0.75,1.0,0.0,0.0,1.0,0.25,0.25,0.25,1.0,0.75,0.25,1.0,0.75,0.75,0.75,1.0,0.25,1.0,0.25,0.75,1.0,1.0,0.25,0.25,1.0,0.25,0.75,0.75,0.75,0.0,1.0,0.75,0.0,0.75,1.0,0.75,0.75,1.0,0.75,0.75,0.75,0.0,0.0,0.25,0.25,0.75,0.75,0.25,0.0,0.75,0.25,1.0,0.0,0.0,0.5,0.5,0.83,0.0,0.67,0.17,1.0,0.75,0.75,0.75,0.75,0.25,0.75,0.5,0.75
1034056,1.0,0.75,0.0,1.0,0.25,0.0,0.0,0.0,1.0,0.0,1.0,0.0,0.0,0.25,0.0,0.75,1.0,0.0,0.75,0.0,0.0,0.0,0.25,0.0,0.25,0.0,0.0,0.25,0.0,1.0,0.0,1.0,0.0,1.0,1.0,0.75,0.75,0.75,0.75,0.25,0.75,0.75,0.25,0.25,0.75,0.75,0.75,0.75,0.0,0.0,0.25,0.25,1.0,0.75,0.0,0.25,0.75,0.25,0.75,0.25,0.83,0.67,0.17,0.83,0.67,0.67,0.67,0.5,0.75,0.25,0.75,0.75,0.5,0.75,0.25
1035573,0.75,0.0,1.0,1.0,0.0,0.0,0.0,0.75,1.0,1.0,0.75,0.25,0.75,0.0,0.0,0.0,1.0,0.0,0.0,0.75,0.0,0.0,1.0,1.0,0.0,0.0,0.25,0.0,1.0,1.0,0.0,1.0,0.0,1.0,0.25,1.0,0.75,0.25,1.0,0.25,0.25,0.0,0.75,0.75,1.0,1.0,0.75,1.0,0.0,1.0,0.75,0.75,0.0,1.0,1.0,0.25,1.0,0.0,0.75,0.75,0.83,1.0,0.0,0.67,0.83,0.33,0.0,0.0,0.5,0.25,0.5,1.0,0.75,0.75,0.0
1036477,0.75,0.25,1.0,0.25,1.0,0.75,0.0,1.0,0.25,0.25,0.25,0.0,1.0,1.0,0.0,0.75,1.0,0.25,0.0,0.0,0.0,0.0,0.75,0.0,0.0,0.25,0.0,0.0,0.75,0.25,0.0,0.25,0.75,1.0,0.75,0.0,0.0,0.25,0.0,0.75,0.75,0.75,1.0,0.0,0.0,0.0,0.25,0.25,0.0,0.0,1.0,0.0,1.0,1.0,0.0,0.75,0.0,0.75,0.0,1.0,0.67,1.0,0.17,1.0,0.67,0.0,0.17,0.25,0.75,0.75,0.75,0.25,1.0,1.0,0.25
1037685,0.0,1.0,1.0,0.25,0.25,0.25,1.0,1.0,1.0,0.0,1.0,0.25,0.75,0.25,0.75,0.0,0.75,0.0,0.75,1.0,0.75,0.0,0.0,0.75,1.0,1.0,0.25,1.0,1.0,0.25,1.0,0.75,1.0,0.0,0.75,0.0,0.25,1.0,0.75,1.0,1.0,0.75,0.75,0.75,0.25,1.0,1.0,0.75,0.0,0.75,0.0,1.0,1.0,1.0,0.75,1.0,0.25,1.0,0.0,0.0,0.83,0.33,0.83,0.67,1.0,0.83,1.0,0.75,0.75,0.0,0.75,0.0,0.75,0.0,0.75
1039268,0.0,0.75,0.0,0.25,1.0,0.75,0.75,0.0,0.75,0.0,1.0,1.0,0.75,1.0,0.0,0.75,1.0,0.75,0.75,0.75,0.0,0.75,0.75,0.75,0.75,0.75,0.0,0.0,0.0,0.75,0.75,1.0,0.0,0.75,0.75,1.0,1.0,0.0,0.0,0.75,1.0,0.75,1.0,0.75,1.0,1.0,0.25,1.0,0.25,0.0,0.0,0.0,0.0,0.0,0.0,0.25,1.0,0.75,0.0,0.0,0.83,1.0,0.83,0.83,1.0,0.33,0.67,0.75,1.0,0.25,0.5,0.75,0.5,0.5,0.5
1039634,0.0,1.0,1.0,0.0,1.0,1.0,0.0,0.75,0.75,1.0,1.0,1.0,0.75,1.0,0.0,0.0,0.0,0.75,1.0,0.25,0.0,1.0,0.25,0.75,1.0,0.0,1.0,1.0,1.0,0.0,1.0,0.25,0.25,0.25,0.25,0.0,0.75,0.0,0.0,1.0,1.0,1.0,1.0,1.0,0.25,0.25,0.75,0.75,0.25,0.75,0.0,0.0,0.0,1.0,0.75,0.25,0.25,1.0,0.0,0.0,0.83,0.83,0.83,0.17,0.67,0.0,1.0,1.0,1.0,1.0,0.75,0.5,0.5,0.5,0.5
1040028,1.0,0.0,1.0,0.25,0.25,0.0,0.25,0.0,0.25,0.0,0.25,0.25,0.25,0.0,0.75,1.0,1.0,0.75,1.0,1.0,0.0,1.0,1.0,1.0,0.0,0.75,0.75,0.0,1.0,1.0,0.0,1.0,1.0,0.25,0.75,0.75,0.75,0.25,1.0,0.75,0.25,0.25,0.25,0.25,0.75,0.75,0.75,0.75,0.25,0.0,1.0,0.75,0.75,0.25,0.25,0.25,0.75,0.25,0.25,0.25,0.67,0.67,0.17,0.17,0.83,0.33,0.17,0.5,0.75,0.25,0.75,0.5,0.75,0.75,0.25
1040203,0.0,1.0,1.0,1.0,1.0,0.75,0.75,1.0,0.0,0.0,1.0,0.75,0.75,1.0,0.0,1.0,0.75,1.0,1.0,0.75,0.25,0.25,1.0,1.0,0.0,0.75,1.0,1.0,0.75,0.25,0.25,1.0,1.0,0.75,1.0,0.0,0.25,0.75,0.0,1.0,1.0,0.25,1.0,1.0,1.0,1.0,0.75,0.25,0.75,0.0,0.0,0.75,0.75,0.25,0.0,1.0,0.75,1.0,0.0,0.25,0.83,0.83,0.17,0.67,0.83,0.67,0.83,0.5,0.75,0.25,0.75,0.75,0.75,0.75,0.75
1042200,1.0,0.25,0.0,0.25,1.0,1.0,0.75,0.25,1.0,0.0,1.0,0.0,0.25,0.25,0.0,0.75,0.75,0.25,0.25,0.75,0.0,0.75,0.0,1.0,1.0,0.25,1.0,1.0,0.0,0.75,0.25,0.0,1.0,0.25,0.75,0.0,1.0,0.75,0.0,1.0,1.0,0.75,1.0,1.0,0.75,1.0,1.0,0.0,0.0,0.0,1.0,1.0,1.0,1.0,0.0,1.0,1.0,1.0,0.25,0.0,0.5,0.5,0.83,0.0,0.17,0.17,0.83,0.5,1.0,0.5,0.5,0.25,0.5,1.0,0.5
1042295,0.0,0.75,0.75,0.25,1.0,0.25,1.0,1.0,0.25,0.25,0.25,0.25,0.25,0.75,0.0,0.0,1.0,0.0,1.0,0.75,0.0,0.0,1.0,0.75,0.0,0.75,0.0,0.25,0.75,0.75,0.0,0.75,0.0,0.75,1.0,0.75,1.0,0.75,0.0,0.25,0.0,0.75,0.75,0.75,1.0,0.75,0.75,1.0,0.0,0.75,1.0,0.25,0.0,1.0,0.25,0.25,0.75,0.75,0.25,1.0,0.17,0.67,0.5,1.0,0.67,0.33,0.83,0.5,0.75,0.5,0.75,0.5,0.5,0.75,0.5
1045766,1.0,0.75,0.75,0.25,1.0,1.0,0.75,0.75,0.75,0.0,0.75,0.25,0.75,1.0,0.75,0.75,0.0,0.25,0.25,0.75,1.0,1.0,0.25,0.75,0.25,0.0,1.0,1.0,0.75,0.75,1.0,0.25,1.0,0.75,0.75,0.0,1.0,1.0,0.0,0.75,0.75,0.75,0.75,1.0,1.0,1.0,1.0,0.0,0.75,0.25,0.25,0.75,0.75,0.75,0.0,0.75,0.25,0.75,0.0,0.0,0.17,0.17,0.67,0.0,0.67,0.0,0.83,0.75,1.0,0.25,1.0,0.0,0.5,0.5,0.75
1047579,0.25,0.25,1.0,0.75,0.25,0.75,0.75,1.0,0.75,0.25,0.75,0.25,0.0,0.25,0.0,0.75,1.0,0.25,0.75,1.0,0.75,0.75,1.0,0.75,0.0,0.25,0.75,0.75,1.0,0.75,1.0,0.75,0.25,0.75,1.0,0.75,0.75,0.75,1.0,0.25,0.75,0.75,1.0,1.0,0.75,0.25,0.75,0.25,0.0,0.0,0.75,0.75,1.0,0.25,0.75,0.75,0.75,0.25,0.75,0.0,0.33,0.33,0.5,0.67,0.83,0.67,0.83,0.5,0.5,0.5,0.5,0.5,0.75,0.75,0.5
1048062,0.0,1.0,0.75,0.0,1.0,1.0,0.0,1.0,0.0,0.0,1.0,0.25,0.75,1.0,1.0,0.25,0.0,1.0,1.0,1.0,1.0,1.0,0.0,1.0,1.0,1.0,1.0,1.0,0.0,0.75,1.0,0.0,1.0,0.0,1.0,0.0,1.0,0.75,0.75,1.0,1.0,1.0,1.0,1.0,0.75,1.0,1.0,0.0,1.0,0.75,0.0,0.75,0.75,1.0,0.0,1.0,0.0,1.0,0.0,0.0,0.5,0.0,1.0,0.67,0.33,0.0,1.0,1.0,1.0,0.5,1.0,0.0,0.5,0.0,0.5
1048089,1.0,0.75,0.75,1.0,1.0,0.25,0.25,0.25,1.0,0.25,1.0,0.25,0.25,0.75,0.25,0.75,0.75,1.0,1.0,0.75,0.0,0.75,0.25,1.0,0.0,0.75,0.25,0.75,0.25,0.75,0.25,0.25,1.0,0.25,1.0,0.25,0.75,0.25,0.25,0.75,0.75,0.75,0.75,0.75,1.0,1.0,1.0,0.25,0.25,0.25,0.25,1.0,1.0,0.75,0.0,0.75,0.75,0.25,0.0,0.0,0.17,1.0,0.5,0.17,0.83,0.0,0.83,0.5,0.75,0.25,0.75,0.25,0.5,0.5,0.5
1049386,0.0,0.75,1.0,0.0,0.0,0.75,1.0,0.75,0.25,0.25,0.75,0.0,0.75,0.75,0.25,0.25,1.0,0.25,0.75,0.25,0.0,1.0,0.75,1.0,0.25,0.75,0.75,0.75,0.75,0.0,1.0,0.25,1.0,0.75,0.25,0.25,0.75,0.25,0.25,1.0,1.0,1.0,1.0,1.0,1.0,1.0,1.0,1.0,0.0,0.75,1.0,0.75,1.0,1.0,0.75,0.25,0.75,1.0,1.0,0.75,1.0,0.67,0.17,0.0,0.33,0.67,0.83,0.5,0.75,0.75,0.75,0.25,0.75,0.75,0.25
1049698,0.25,0.75,1.0,0.0,1.0,0.25,0.0,1.0,0.0,1.0,0.0,0.0,1.0,0.75,0.0,0.0,1.0,0.0,0.0,0.25,0.0,0.0,0.25,1.0,0.75,0.75,1.0,1.0,1.0,1.0,0.0,1.0,0.0,1.0,1.0,0.75,1.0,0.25,1.0,1.0,0.0,0.75,0.0,1.0,1.0,0.25,0.75,1.0,0.0,0.75,0.0,0.75,0.0,0.75,1.0,0.0,1.0,1.0,1.0,1.0,1.0,0.17,0.83,1.0,0.83,1.0,0.0,0.25,0.75,0.75,0.75,1.0,0.75,1.0,0.0
1049832,0.25,0.75,0.25,0.0,0.75,0.75,0.0,0.75,1.0,1.0,0.25,0.0,0.75,1.0,0.0,0.0,1.0,0.0,0.75,1.0,0.0,0.75,1.0,1.0,1.0,0.75,1.0,0.75,0.25,0.0,0.75,1.0,0.0,0.75,0.75,0.25,1.0,0.75,0.0,0.25,0.75,0.75,0.25,1.0,0.75,0.25,0.75,1.0,0.0,1.0,0.25,0.75,0.0,1.0,1.0,0.25,0.75,0.0,0.75,1.0,0.83,0.67,0.67,0.17,0.33,0.33,0.17,0.75,0.75,0.75,0.5,0.75,0.25,0.25,0.5
1051030,0.25,0.75,0.25,0.0,1.0,1.0,0.25,0.75,0.25,0.0,0.25,0.25,0.25,1.0,0.0,0.75,0.0,0.75,0.75,0.75,1.0,1.0,0.0,0.75,1.0,1.0,1.0,1.0,0.25,0.0,1.0,0.0,1.0,0.0,0.75,0.0,1.0,0.75,0.25,1.0,0.75,0.75,0.75,1.0,0.75,0.75,1.0,0.0,0.75,0.75,0.0,0.75,0.0,0.25,0.0,0.75,0.25,1.0,0.0,0.0,0.83,0.0,1.0,0.0,0.17,0.0,1.0,0.75,1.0,0.25,1.0,0.0,0.5,0.0,1.0
1051490,0.25,0.75,0.75,0.25,1.0,0.25,0.0,0.75,0.25,0.25,0.25,1.0,0.0,1.0,0.75,0.75,0.0,1.0,0.25,1.0,1.0,1.0,0.75,0.75,0.0,0.75,0.75,1.0,1.0,0.75,1.0,0.75,0.0,1.0,0.75,0.0,1.0,0.25,1.0,0.75,0.25,0.75,0.25,1.0,1.0,0.75,1.0,0.25,1.0,0.75,0.25,0.75,1.0,0.75,0.0,0.75,1.0,1.0,0.0,0.0,0.33,0.83,0.67,0.0,0.67,0.17,0.5,0.75,0.75,0.5,0.5,0.5,0.5,0.5,0.5
1052438,0.0,0.75,0.75,0.0,1.0,0.75,0.25,0.75,0.0,0.25,0.25,0.75,0.0,1.0,0.75,0.75,0.75,0.75,1.0,0.75,0.75,1.0,0.25,0.75,0.75,0.75,0.75,1.0,0.25,0.0,0.75,0.25,0.75,0.75,0.25,0.25,0.75,0.0,0.25,0.75,0.75,0.75,1.0,0.75,0.75,0.75,0.75,0.75,0.25,0.75,0.0,0.75,0.0,0.75,0.0,1.0,0.25,1.0,0.25,0.25,0.5,0.0,1.0,0.0,0.5,0.0,0.33,1.0,1.0,0.5,0.75,0.5,0.5,0.25,0.5
1052588,0.25,1.0,1.0,0.0,1.0,1.0,0.75,0.25,0.25,0.0,0.75,0.75,0.75,1.0,0.75,0.75,0.0,1.0,0.75,0.25,1.0,1.0,0.0,0.75,1.0,0.0,1.0,1.0,0.25,0.25,1.0,0.0,1.0,0.0,0.75,0.0,0.75,1.0,0.0,0.75,0.75,0.75,0.75,1.0,0.75,0.75,1.0,0.0,1.0,0.0,0.0,0.75,0.25,1.0,0.0,1.0,1.0,1.0,0.0,0.0,0.17,0.17,0.83,0.0,0.67,0.0,0.83,0.75,0.75,0.5,0.75,0.25,0.5,0.25,0.75
1052779,0.0,0.75,0.25,0.0,0.0,0.75,0.0,0.25,0.75,0.0,1.0,0.75,0.75,0.75,0.0,0.0,0.0,0.0,1.0,1.0,0.0,1.0,0.25,0.75,1.0,1.0,1.0,1.0,1.0,0.25,1.0,0.25,1.0,0.25,0.75,0.75,0.75,0.75,0.0,0.25,0.75,0.75,0.75,0.75,0.75,0.75,0.75,0.25,0.0,0.25,1.0,1.0,1.0,1.0,0.75,0.25,0.25,1.0,0.75,0.0,0.83,0.67,0.67,0.67,0.83,0.33,0.83,0.25,0.75,0.25,0.75,0.25,0.75,0.75,0.75
1053598,0.75,1.0,0.75,0.25,0.25,1.0,0.0,1.0,0.75,1.0,1.0,0.0,0.25,1.0,0.0,1.0,0.25,0.0,1.0,1.0,1.0,1.0,1.0,0.75,1.0,1.0,1.0,1.0,0.25,1.0,1.0,1.0,0.0,1.0,0.0,0.25,0.25,0.75,0.0,0.75,1.0,0.25,1.0,1.0,0.0,0.75,1.0,1.0,0.0,1.0,0.25,0.25,1.0,0.0,0.0,1.0,0.25,1.0,0.0,0.75,0.67,0.33,0.83,0.83,0.67,0.0,0.67,0.5,0.75,0.25,0.5,0.5,0.75,0.5,1.0
1056676,0.25,0.75,0.75,0.0,0.0,0.25,0.75,0.0,0.25,0.25,0.25,0.25,0.25,0.25,0.0,0.25,1.0,0.0,0.0,0.75,0.0,0.0,0.75,0.75,0.25,0.0,0.75,0.75,0.75,0.75,0.25,1.0,0.0,1.0,0.75,1.0,0.75,0.25,0.0,0.25,0.25,0.0,0.25,0.25,1.0,0.75,0.25,0.75,0.0,0.0,0.75,0.25,0.75,0.25,0.75,0.25,0.75,0.75,0.25,0.25,0.67,0.83,0.17,0.5,0.67,0.5,0.33,0.25,0.5,0.5,0.5,0.5,0.75,0.75,0.25
1057887,0.75,0.25,0.25,0.75,0.25,0.25,0.0,0.25,0.75,0.25,0.75,0.25,0.75,0.75,0.25,0.25,0.75,0.75,0.75,1.0,0.25,0.75,0.75,0.75,0.75,0.75,0.75,0.75,0.75,0.75,0.75,0.75,0.25,0.75,0.75,0.75,0.25,0.75,0.25,1.0,0.75,0.75,0.75,0.25,0.25,0.75,0.25,0.75,0.25,0.75,0.75,0.25,0.75,0.25,0.25,0.75,0.25,0.75,0.25,0.25,0.83,0.83,0.17,0.33,0.83,0.33,0.33,0.25,0.75,0.0,0.75,0.75,0.75,0.25,0.75
1057988,0.75,1.0,0.25,0.25,0.75,0.75,1.0,0.0,0.0,0.0,1.0,1.0,0.75,1.0,0.75,0.75,0.0,1.0,1.0,1.0,0.0,1.0,0.25,0.75,1.0,1.0,0.25,0.75,1.0,0.0,0.25,1.0,0.25,0.25,0.75,1.0,0.75,0.75,0.0,0.25,1.0,0.25,0.75,1.0,1.0,0.75,0.25,0.0,0.0,0.0,0.0,1.0,1.0,0.25,0.0,1.0,0.75,1.0,0.0,0.0,0.17,0.83,1.0,0.0,0.0,0.0,0.67,0.75,1.0,0.25,0.75,0.75,0.25,0.25,0.5
1059037,0.0,0.75,0.75,0.0,1.0,1.0,0.0,0.75,0.0,1.0,0.0,1.0,0.0,1.0,1.0,0.75,0.0,1.0,1.0,0.75,0.75,1.0,0.0,1.0,1.0,1.0,1.0,1.0,0.0,0.0,1.0,0.25,0.0,0.25,0.0,0.0,1.0,0.25,0.0,0.75,0.25,1.0,1.0,1.0,0.0,0.75,0.0,1.0,1.0,1.0,0.0,0.0,0.0,1.0,0.25,0.25,0.0,1.0,0.0,1.0,0.17,0.17,1.0,0.67,0.33,0.0,0.83,0.75,1.0,0.75,0.75,0.25,0.25,0.0,1.0
1059966,0.0,1.0,1.0,0.0,1.0,1.0,0.0,0.25,0.25,1.0,0.0,0.0,1.0,0.0,0.0,0.0,1.0,1.0,1.0,1.0,0.0,1.0,1.0,1.0,0.0,0.0,1.0,0.0,1.0,0.0,1.0,1.0,0.0,1.0,0.0,1.0,0.25,1.0,0.25,1.0,0.25,1.0,1.0,0.25,0.75,1.0,0.0,1.0,0.25,1.0,1.0,0.0,0.0,1.0,1.0,0.0,0.0,1.0,1.0,1.0,1.0,1.0,0.0,1.0,0.67,1.0,0.83,0.0,0.75,0.75,0.0,1.0,0.0,1.0,0.0
1062707,0.25,1.0,0.25,0.0,1.0,1.0,0.25,1.0,0.0,0.75,1.0,0.0,0.0,1.0,0.75,0.75,0.25,1.0,1.0,1.0,0.75,1.0,0.25,0.75,1.0,1.0,1.0,1.0,1.0,0.0,1.0,0.75,1.0,1.0,0.0,0.0,1.0,0.0,0.0,1.0,1.0,1.0,1.0,1.0,1.0,0.75,1.0,1.0,0.75,1.0,0.0,0.25,0.0,1.0,0.0,0.75,0.75,1.0,0.75,0.25,0.83,0.33,0.83,0.17,0.83,0.17,1.0,0.75,1.0,1.0,1.0,0.5,0.5,0.25,0.75
1063835,1.0,0.0,1.0,1.0,0.0,0.0,0.0,0.25,1.0,0.0,1.0,0.25,0.75,0.75,0.0,0.75,0.25,0.25,1.0,1.0,0.0,0.75,1.0,0.75,0.0,0.25,0.25,0.0,1.0,1.0,0.0,1.0,0.0,1.0,1.0,1.0,0.75,0.25,0.25,0.75,0.25,0.75,0.75,0.25,1.0,0.75,0.75,0.0,0.0,0.0,1.0,1.0,1.0,0.75,0.0,1.0,1.0,0.25,0.0,0.0,0.83,1.0,0.17,0.83,0.83,0.67,0.83,0.5,0.75,0.25,0.5,0.75,0.5,0.75,0.5
1066279,0.75,1.0,1.0,0.75,1.0,0.25,0.75,0.75,0.75,0.25,0.75,0.25,0.25,0.25,0.0,0.0,0.25,0.0,1.0,1.0,0.0,1.0,0.75,1.0,0.0,1.0,0.25,0.0,0.75,0.25,0.75,0.25,0.25,0.75,0.25,0.75,0.75,0.25,0.25,0.75,0.75,0.25,0.75,0.75,0.75,0.75,1.0,0.0,0.0,0.25,0.75,0.75,0.25,0.75,0.25,0.75,0.75,0.75,0.0,0.25,1.0,0.83,0.83,0.0,0.67,0.67,0.83,0.25,0.75,0.0,0.75,0.25,0.75,0.75,0.5
1066290,0.25,0.25,1.0,0.0,0.75,0.25,0.75,0.75,1.0,0.0,0.0,0.75,0.25,0.25,0.75,1.0,0.25,1.0,1.0,1.0,0.25,1.0,0.25,1.0,0.25,0.0,0.75,0.25,1.0,1.0,0.75,0.75,0.75,0.75,0.75,0.75,0.0,0.75,0.0,1.0,0.75,0.75,0.25,0.25,0.75,1.0,0.75,1.0,0.25,0.0,0.25,1.0,1.0,0.75,0.0,1.0,1.0,0.0,0.0,0.0,0.67,0.83,0.67,0.17,1.0,0.17,0.17,0.25,0.75,0.25,0.75,0.25,0.25,0.25,0.25
1068975,1.0,1.0,1.0,1.0,0.75,1.0,0.75,0.0,0.25,0.75,1.0,0.25,1.0,1.0,0.75,0.75,0.0,1.0,1.0,1.0,1.0,0.0,0.25,1.0,0.75,1.0,1.0,1.0,1.0,0.75,1.0,0.75,0.75,0.25,0.75,0.25,1.0,0.25,0.0,0.75,1.0,1.0,0.75,0.75,0.75,1.0,1.0,1.0,0.75,1.0,0.75,0.75,1.0,0.75,0.0,0.75,0.75,1.0,0.25,0.25,1.0,0.67,0.83,0.5,0.83,0.5,0.67,1.0,1.0,0.5,1.0,0.75,1.0,0.75,0.75
1069507,0.0,1.0,0.25,0.0,1.0,1.0,1.0,0.0,0.0,0.0,0.25,1.0,0.0,1.0,1.0,0.0,0.0,1.0,1.0,1.0,0.75,1.0,0.0,1.0,1.0,0.25,1.0,1.0,0.0,0.0,0.75,0.0,0.75,0.0,1.0,0.0,1.0,1.0,0.0,1.0,1.0,0.75,0.75,0.75,0.75,1.0,1.0,0.0,1.0,0.0,0.0,0.0,0.25,0.75,0.0,1.0,0.0,1.0,0.0,0.25,0.17,0.0,1.0,0.0,0.83,0.0,0.83,1.0,1.0,0.0,0.75,0.0,0.0,0.0,1.0
1069633,0.0,0.75,0.25,0.0,0.0,1.0,0.0,0.0,0.0,0.0,0.25,0.0,0.0,1.0,0.0,0.0,1.0,0.0,1.0,0.0,0.0,1.0,0.25,1.0,1.0,0.75,0.75,1.0,0.0,0.0,1.0,0.0,0.0,0.0,1.0,0.0,1.0,0.25,0.0,1.0,1.0,1.0,1.0,1.0,0.75,0.0,1.0,0.0,0.0,0.25,0.25,0.25,0.75,0.25,0.25,0.75,0.25,1.0,0.25,0.0,1.0,0.5,0.17,0.5,0.17,0.5,1.0,0.5,1.0,0.75,1.0,0.0,0.75,0.5,0.75
1070003,1.0,0.25,1.0,0.75,0.0,0.0,1.0,0.0,0.75,0.0,0.75,0.0,0.75,0.0,0.0,1.0,1.0,0.25,0.0,1.0,0.0,0.0,1.0,1.0,0.0,0.0,0.0,1.0,0.75,1.0,0.0,1.0,0.0,1.0,1.0,1.0,0.0,0.25,1.0,1.0,0.0,0.0,0.0,0.0,1.0,1.0,0.25,1.0,0.0,0.0,1.0,1.0,1.0,0.0,0.0,1.0,1.0,0.0,0.0,0.0,0.83,1.0,0.0,1.0,1.0,0.83,0.0,0.0,1.0,0.0,0.5,0.75,1.0,1.0,0.0
1070250,0.0,0.25,1.0,0.25,0.75,0.0,1.0,0.0,0.0,0.0,0.25,0.0,0.75,1.0,0.0,0.0,0.0,0.0,0.0,0.75,0.25,0.0,0.25,0.25,0.0,0.25,1.0,1.0,1.0,0.0,0.75,0.75,0.25,0.75,0.75,0.0,0.75,0.25,0.75,0.25,0.75,0.75,0.75,0.75,0.75,0.25,1.0,0.25,0.0,0.0,1.0,0.25,0.75,1.0,0.75,0.75,0.75,1.0,0.75,0.75,0.67,0.67,0.33,0.67,0.5,0.67,0.83,0.5,0.75,0.5,0.5,0.5,0.5,0.75,0.5
1070527,0.0,1.0,1.0,0.0,1.0,1.0,0.0,1.0,0.0,0.0,0.25,0.25,0.75,1.0,0.0,1.0,0.25,0.25,1.0,1.0,1.0,1.0,1.0,1.0,1.0,0.25,1.0,0.75,1.0,0.75,1.0,0.75,1.0,0.0,1.0,0.25,0.75,0.75,0.0,0.75,1.0,1.0,1.0,1.0,0.75,1.0,1.0,0.75,1.0,0.0,0.0,1.0,0.75,0.75,0.0,1.0,0.75,0.75,0.0,0.0,0.67,0.67,0.67,0.0,0.83,0.33,0.83,0.75,0.75,0.25,0.75,0.0,0.75,0.0,0.75
1072765,0.25,0.25,1.0,0.0,0.0,0.75,0.0,0.0,1.0,1.0,0.25,0.25,1.0,0.25,0.0,0.25,1.0,0.0,0.0,0.0,0.0,0.0,1.0,1.0,0.25,0.25,0.0,1.0,1.0,0.25,0.0,0.75,0.0,1.0,0.25,1.0,0.25,0.0,0.75,0.25,0.0,0.25,0.25,0.75,0.75,0.25,0.25,1.0,0.0,1.0,1.0,0.0,0.0,1.0,1.0,0.0,1.0,0.25,1.0,1.0,0.0,0.83,0.0,0.5,0.67,0.33,0.17,0.25,0.75,0.75,0.75,0.75,0.75,1.0,0.0
1074282,0.75,0.0,0.75,0.25,0.0,0.0,0.0,0.25,0.75,1.0,0.75,0.0,0.75,0.25,0.0,0.25,1.0,0.0,0.75,0.75,0.0,0.75,0.75,0.25,0.75,0.0,0.0,1.0,0.75,0.75,0.25,0.75,0.0,1.0,0.75,0.75,0.25,0.0,1.0,0.0,0.0,0.0,0.0,0.25,0.0,0.0,1.0,1.0,0.0,0.25,0.75,0.0,0.0,1.0,0.75,0.0,0.0,0.25,0.75,0.75,0.83,0.83,0.33,1.0,0.67,0.67,0.0,0.0,0.5,0.75,0.25,0.5,0.5,0.75,0.0
1084884,0.0,1.0,1.0,1.0,0.0,1.0,1.0,1.0,0.0,0.0,1.0,0.0,0.75,0.75,0.75,0.25,0.0,1.0,0.25,0.0,0.0,0.0,0.75,1.0,0.75,0.0,1.0,1.0,1.0,1.0,1.0,0.0,0.75,0.0,1.0,0.0,0.75,0.75,0.25,1.0,1.0,1.0,0.75,0.75,0.25,1.0,1.0,0.0,0.0,0.0,0.0,1.0,1.0,0.0,0.0,1.0,1.0,1.0,0.0,0.0,1.0,0.17,0.17,0.17,0.83,0.67,0.67,0.75,0.75,0.0,1.0,0.0,1.0,0.0,0.75
1084938,1.0,0.25,0.25,1.0,1.0,0.25,1.0,0.25,0.25,0.0,1.0,0.75,0.75,0.75,0.25,1.0,0.75,0.75,1.0,0.75,1.0,1.0,0.0,0.75,1.0,0.25,0.75,0.75,0.25,0.75,0.75,0.75,1.0,0.0,0.75,1.0,0.25,0.25,0.0,1.0,1.0,0.75,0.75,1.0,1.0,1.0,0.25,0.25,0.0,1.0,0.25,0.75,0.75,0.25,0.0,1.0,0.75,1.0,0.0,0.0,0.83,0.83,0.83,0.0,0.83,0.17,0.83,0.75,0.75,0.25,0.75,0.25,0.25,0.25,1.0
1092385,0.0,0.25,1.0,0.0,0.0,0.0,1.0,0.75,0.25,0.0,1.0,1.0,0.0,1.0,0.0,1.0,0.0,0.0,0.0,1.0,0.0,1.0,0.0,1.0,0.25,1.0,1.0,0.75,0.0,1.0,1.0,1.0,0.0,1.0,1.0,0.75,0.0,0.75,0.75,1.0,0.0,1.0,0.0,1.0,0.75,1.0,0.75,0.25,0.75,0.75,0.25,0.75,0.0,0.25,0.25,0.25,0.25,0.0,0.25,0.75,0.83,1.0,0.83,0.5,0.67,0.0,0.33,0.5,0.75,0.5,0.75,0.5,0.5,0.5,0.5
1093736,1.0,0.0,0.0,1.0,0.0,0.0,0.0,0.0,0.0,0.25,0.0,0.0,1.0,0.75,0.0,1.0,1.0,0.0,0.25,0.75,0.0,0.0,1.0,0.25,0.25,0.25,0.25,0.0,0.75,1.0,0.0,1.0,0.0,1.0,0.75,1.0,1.0,0.0,0.25,0.25,0.25,0.25,0.75,0.25,1.0,0.75,0.25,1.0,0.0,0.0,1.0,0.75,1.0,0.75,0.75,0.0,0.75,0.25,0.0,0.25,0.67,0.67,0.33,0.5,0.67,0.5,0.5,0.5,0.75,0.5,0.75,0.75,0.75,0.75,0.5
1095193,0.0,0.0,0.0,0.0,0.0,0.0,1.0,1.0,0.0,0.0,0.0,1.0,0.0,0.0,0.0,1.0,1.0,0.0,0.0,1.0,0.0,0.0,0.0,0.0,0.0,1.0,0.0,1.0,0.0,1.0,0.0,1.0,0.0,1.0,1.0,0.0,1.0,1.0,1.0,0.0,0.0,0.0,1.0,0.0,1.0,0.0,1.0,1.0,0.0,0.0,1.0,0.75,0.0,1.0,0.0,0.0,0.75,1.0,0.0,1.0,0.83,0.83,0.17,0.67,0.67,0.67,0.17,0.0,0.75,0.5,0.75,0.75,0.75,1.0,0.0
1096437,0.0,1.0,1.0,0.0,1.0,1.0,0.75,0.75,0.0,0.0,1.0,1.0,0.0,1.0,1.0,1.0,0.0,1.0,1.0,1.0,1.0,1.0,0.0,1.0,1.0,0.0,1.0,1.0,0.0,0.0,1.0,0.0,0.0,0.0,1.0,0.0,0.75,1.0,0.0,0.0,1.0,1.0,1.0,1.0,1.0,1.0,1.0,0.0,1.0,0.0,0.0,1.0,1.0,1.0,0.0,1.0,0.75,1.0,0.0,0.0,0.0,0.0,1.0,0.0,0.5,0.0,0.83,1.0,1.0,0.75,1.0,0.25,0.5,0.0,1.0
1098379,1.0,0.0,0.25,0.0,0.0,0.25,1.0,1.0,0.0,0.0,0.75,0.0,1.0,0.25,0.0,0.75,0.0,0.0,0.0,0.75,0.0,0.75,0.0,0.0,0.75,0.0,0.0,1.0,0.0,0.0,0.0,0.0,0.0,0.25,0.75,0.75,0.75,0.75,0.0,0.0,0.75,1.0,0.75,0.75,1.0,0.75,0.75,0.0,1.0,0.0,0.0,0.0,0.75,1.0,0.0,0.75,0.75,0.75,0.0,0.25,0.67,0.5,0.5,0.0,0.5,0.0,1.0,1.0,0.75,0.5,1.0,0.0,0.5,0.5,0.5
1099535,0.25,0.25,0.0,0.0,1.0,0.75,0.25,0.0,0.0,0.25,0.75,0.75,0.0,1.0,0.75,0.25,0.0,0.75,0.25,1.0,1.0,1.0,0.25,1.0,1.0,1.0,1.0,0.25,0.75,0.0,1.0,1.0,0.75,1.0,1.0,0.0,0.75,1.0,0.25,0.75,1.0,1.0,1.0,1.0,0.75,0.75,0.75,0.25,0.0,0.0,0.0,1.0,1.0,0.75,0.0,1.0,1.0,1.0,1.0,0.0,0.83,0.83,0.33,0.0,0.67,0.33,0.83,0.75,1.0,0.25,1.0,0.75,0.5,0.0,0.5
1105498,0.0,1.0,0.0,1.0,0.75,0.75,0.0,0.0,0.0,1.0,0.0,0.0,1.0,1.0,0.0,0.75,0.25,0.75,0.25,0.25,0.0,0.0,0.75,0.0,0.0,0.0,0.0,0.25,1.0,0.25,0.0,1.0,0.0,0.0,0.0,1.0,0.75,0.0,0.0,0.0,0.0,0.0,0.0,0.0,1.0,0.0,0.25,1.0,0.0,0.25,0.0,0.0,0.0,1.0,0.75,0.0,0.75,0.0,0.75,1.0,0.0,0.67,0.17,1.0,0.67,0.67,0.17,0.25,0.75,0.75,0.75,0.75,0.75,0.5,0.75
1108954,1.0,0.0,0.75,1.0,0.75,0.0,0.25,0.0,1.0,0.75,1.0,0.0,0.25,0.0,0.75,1.0,0.75,0.75,1.0,1.0,0.75,0.75,1.0,0.75,0.25,0.75,0.0,0.75,1.0,1.0,0.25,0.75,0.0,0.0,0.75,1.0,0.25,0.0,0.0,1.0,0.25,0.25,0.25,0.75,1.0,0.0,0.75,0.25,0.75,0.25,1.0,1.0,1.0,0.75,0.0,1.0,0.75,0.0,0.0,0.0,0.67,0.83,0.33,0.17,1.0,0.33,0.67,0.25,0.75,0.25,0.5,0.5,0.5,1.0,0.5
1111116,1.0,0.75,1.0,0.75,0.75,0.25,0.75,0.0,1.0,0.0,0.75,0.0,0.75,0.25,0.25,0.75,0.75,0.75,1.0,0.75,0.0,1.0,1.0,1.0,0.0,0.25,0.25,0.0,1.0,1.0,0.25,1.0,0.0,1.0,0.75,0.75,0.25,0.25,0.25,1.0,0.75,0.25,0.25,0.0,1.0,1.0,0.75,1.0,0.25,0.75,0.75,0.75,0.75,0.0,0.0,0.75,1.0,0.0,0.0,0.25,0.83,0.83,0.0,0.33,0.83,0.5,0.17,0.25,0.75,0.0,0.75,0.75,0.75,0.5,0.25
1113138,0.25,0.25,0.75,0.0,0.0,0.25,0.0,1.0,0.75,0.0,1.0,0.25,0.0,0.75,0.25,0.25,1.0,0.0,0.0,0.0,0.0,0.25,0.25,1.0,1.0,0.0,0.75,1.0,0.75,0.0,1.0,1.0,0.25,0.25,0.75,1.0,1.0,1.0,1.0,0.75,1.0,1.0,0.75,1.0,0.25,1.0,0.75,0.0,0.0,1.0,1.0,1.0,0.75,1.0,0.0,1.0,0.75,1.0,0.0,0.25,1.0,0.33,0.67,0.67,0.33,0.17,1.0,0.5,0.5,0.25,0.5,0.5,0.5,0.25,0.5
1114169,1.0,1.0,1.0,0.0,1.0,0.75,1.0,0.25,0.0,0.0,0.0,0.25,1.0,0.75,0.75,0.75,0.25,0.75,0.0,1.0,0.0,1.0,0.75,1.0,0.75,0.0,0.75,0.75,1.0,0.0,0.75,0.75,0.75,0.75,0.0,0.0,0.75,0.75,0.0,1.0,1.0,0.0,0.75,1.0,1.0,1.0,1.0,1.0,0.0,0.0,0.0,1.0,0.0,1.0,0.0,1.0,0.25,1.0,0.0,1.0,0.83,0.67,0.83,0.5,0.83,0.17,0.83,0.75,1.0,0.5,0.75,0.25,0.25,0.0,1.0
1114685,1.0,0.25,0.25,1.0,0.0,0.0,1.0,0.25,0.75,0.0,0.0,0.0,0.75,0.75,0.25,0.75,0.0,0.75,0.25,1.0,0.0,0.25,0.75,1.0,0.0,0.0,0.0,0.75,0.75,1.0,0.0,0.75,0.0,0.25,0.0,1.0,0.25,0.0,0.25,0.75,1.0,0.75,0.25,0.0,1.0,0.75,0.75,1.0,0.0,0.75,1.0,1.0,1.0,0.0,0.0,0.75,0.75,0.25,0.0,0.0,0.83,0.83,0.0,0.0,0.67,0.67,0.67,0.5,0.75,0.0,0.5,0.5,0.5,0.75,0.0
1116217,0.0,1.0,1.0,0.0,1.0,1.0,0.25,0.75,0.25,0.0,0.75,0.75,0.75,1.0,0.75,0.75,0.0,1.0,0.75,0.0,1.0,1.0,0.0,0.75,1.0,1.0,1.0,1.0,0.25,0.75,1.0,0.0,1.0,0.75,0.75,0.0,1.0,0.75,0.0,0.75,1.0,1.0,1.0,0.75,0.75,0.75,1.0,0.0,1.0,0.75,0.0,0.75,0.25,0.25,0.0,1.0,0.75,1.0,0.0,0.0,0.33,0.17,0.83,0.0,0.67,0.17,1.0,0.75,1.0,0.25,1.0,0.25,0.75,0.0,1.0
1116401,0.75,0.25,1.0,0.25,1.0,0.75,0.75,0.0,0.25,0.25,0.75,0.25,0.25,0.75,1.0,0.75,0.75,1.0,1.0,0.75,0.75,1.0,0.75,0.0,1.0,0.75,1.0,0.75,1.0,0.75,0.25,1.0,1.0,0.25,1.0,0.75,1.0,1.0,0.25,0.75,0.25,0.75,1.0,1.0,1.0,1.0,1.0,1.0,0.75,0.75,0.0,0.75,0.75,1.0,0.0,1.0,0.75,1.0,0.0,0.0,0.17,1.0,1.0,0.67,0.83,0.5,1.0,0.5,0.5,0.5,0.5,0.5,0.5,0.25,0.5
1118648,0.75,1.0,1.0,0.0,1.0,1.0,1.0,1.0,0.75,0.0,1.0,0.75,0.75,1.0,1.0,1.0,0.0,0.75,0.0,0.0,0.75,1.0,0.0,1.0,1.0,1.0,1.0,1.0,0.0,1.0,1.0,0.0,1.0,0.75,0.75,0.75,1.0,0.25,1.0,0.75,0.75,1.0,1.0,1.0,1.0,1.0,1.0,0.0,1.0,0.0,0.0,1.0,1.0,1.0,0.0,1.0,0.75,1.0,0.0,0.0,0.33,0.67,0.33,0.0,0.5,0.0,1.0,0.75,0.75,0.5,0.75,0.25,0.75,0.25,0.5
1120317,0.0,0.75,0.0,0.0,0.0,0.0,0.75,0.25,1.0,0.75,0.25,0.75,1.0,0.75,0.0,0.75,0.75,0.0,0.0,0.0,0.0,0.0,0.0,1.0,0.0,0.25,0.75,0.0,1.0,0.0,1.0,1.0,1.0,1.0,1.0,0.0,1.0,1.0,0.75,0.75,1.0,1.0,1.0,1.0,1.0,1.0,1.0,1.0,0.75,0.25,1.0,1.0,0.0,0.0,1.0,0.0,0.25,1.0,1.0,1.0,1.0,0.33,0.17,0.0,0.83,0.67,0.17,1.0,1.0,0.75,0.25,0.75,0.75,0.75,0.25
1124467,1.0,0.75,0.0,0.0,0.0,1.0,0.0,1.0,1.0,1.0,1.0,0.0,1.0,0.75,0.0,1.0,0.0,1.0,1.0,1.0,0.0,1.0,0.0,1.0,1.0,1.0,0.0,1.0,1.0,0.0,1.0,1.0,0.0,1.0,0.0,0.0,1.0,1.0,1.0,1.0,1.0,1.0,1.0,1.0,0.0,0.0,1.0,1.0,0.0,1.0,1.0,1.0,0.75,1.0,1.0,0.0,0.0,1.0,1.0,0.75,0.83,1.0,0.17,0.5,0.33,0.5,0.83,0.5,0.75,0.5,0.5,0.5,0.5,0.75,0.75
1125046,1.0,0.75,0.75,0.25,1.0,0.0,1.0,0.75,0.0,1.0,0.0,0.25,0.25,0.25,0.25,0.25,1.0,0.25,1.0,0.75,0.0,1.0,0.0,1.0,1.0,0.75,1.0,0.75,1.0,0.75,1.0,1.0,0.0,1.0,0.75,0.75,1.0,1.0,0.0,0.25,1.0,1.0,0.75,1.0,1.0,0.75,0.75,0.25,0.0,1.0,0.75,0.0,0.0,0.75,0.25,0.0,0.75,1.0,0.25,1.0,0.83,0.33,0.17,0.0,0.83,1.0,0.17,0.5,0.5,0.5,0.5,0.5,0.5,0.75,0.5
1125285,1.0,0.25,0.25,1.0,1.0,0.0,0.75,0.25,0.75,0.0,0.0,0.75,0.75,0.25,0.25,0.75,0.75,0.0,1.0,1.0,0.75,1.0,1.0,1.0,0.0,0.25,0.0,0.0,0.75,1.0,0.75,0.75,0.25,1.0,1.0,0.75,0.75,0.75,0.75,0.25,0.75,0.25,0.75,0.0,1.0,0.75,0.75,0.25,0.0,0.0,1.0,0.75,1.0,0.25,0.0,0.75,1.0,0.25,0.0,0.0,0.33,1.0,0.17,0.17,1.0,0.67,0.33,0.5,0.75,0.5,0.75,0.5,0.75,0.75,0.5
1130573,0.0,1.0,0.25,0.0,1.0,1.0,1.0,1.0,0.0,0.0,1.0,0.25,0.0,1.0,1.0,1.0,0.0,1.0,1.0,0.75,1.0,1.0,0.0,0.75,1.0,1.0,1.0,1.0,1.0,0.25,1.0,0.0,1.0,0.0,0.75,0.0,0.75,1.0,0.0,1.0,1.0,1.0,1.0,1.0,0.0,1.0,1.0,0.0,1.0,1.0,0.0,0.75,1.0,1.0,0.0,0.75,0.0,1.0,0.0,0.0,0.17,0.0,1.0,0.0,0.0,0.0,1.0,1.0,1.0,0.5,1.0,0.0,0.5,0.25,1.0
1131096,1.0,0.0,1.0,0.0,1.0,0.0,1.0,0.0,1.0,0.0,1.0,0.0,0.0,1.0,1.0,1.0,0.0,1.0,0.0,1.0,1.0,1.0,1.0,1.0,0.0,0.0,0.0,1.0,1.0,0.0,1.0,1.0,1.0,1.0,0.0,0.0,1.0,1.0,0.0,1.0,1.0,1.0,1.0,0.0,1.0,1.0,1.0,1.0,0.0,0.0,0.0,1.0,1.0,0.0,0.0,1.0,1.0,1.0,0.0,0.0,1.0,1.0,1.0,0.0,1.0,0.33,0.33,0.75,1.0,0.25,0.25,0.25,0.75,0.0,0.0
1132731,0.0,1.0,1.0,0.0,1.0,1.0,1.0,1.0,0.0,0.25,1.0,0.25,1.0,1.0,1.0,1.0,0.0,1.0,1.0,1.0,0.0,1.0,1.0,1.0,1.0,1.0,1.0,1.0,0.75,0.0,1.0,0.0,0.25,1.0,1.0,0.0,1.0,1.0,1.0,0.25,0.75,1.0,1.0,1.0,1.0,1.0,1.0,0.0,0.0,1.0,0.0,1.0,1.0,1.0,0.0,1.0,0.25,1.0,0.0,0.0,0.33,0.17,1.0,0.17,1.0,0.0,0.83,0.75,1.0,0.75,1.0,0.0,0.25,0.0,0.25
1135512,1.0,1.0,0.0,1.0,1.0,1.0,1.0,1.0,0.25,0.0,0.75,0.75,1.0,1.0,1.0,1.0,0.25,1.0,1.0,1.0,0.75,1.0,0.25,1.0,1.0,1.0,1.0,0.75,0.75,0.25,1.0,0.0,0.75,0.25,0.75,0.0,0.75,1.0,0.0,1.0,1.0,1.0,1.0,0.75,1.0,1.0,0.75,0.0,0.75,0.0,0.75,1.0,0.25,0.75,0.0,1.0,0.75,0.25,0.0,0.0,0.17,0.83,1.0,0.0,1.0,0.0,0.83,0.75,1.0,0.0,0.75,0.0,0.75,0.5,0.5
1136452,0.25,1.0,0.25,0.0,1.0,0.75,0.75,0.75,0.0,0.75,1.0,0.75,0.0,1.0,0.75,0.75,0.25,0.75,0.0,0.0,0.0,0.0,1.0,0.0,0.75,0.75,1.0,0.75,0.75,0.0,0.75,0.25,0.75,0.75,0.25,0.0,0.75,0.75,0.25,0.75,1.0,1.0,1.0,1.0,0.75,0.75,0.75,1.0,0.75,0.75,0.0,0.25,0.25,1.0,0.0,0.75,0.75,1.0,0.0,0.75,0.83,0.5,0.67,0.67,0.5,0.5,0.67,0.75,0.75,0.5,0.75,0.25,0.75,0.5,0.75
1136591,0.75,1.0,0.25,0.0,0.75,1.0,0.75,0.0,0.0,0.25,0.25,0.25,0.0,0.75,0.0,0.25,0.0,0.0,0.75,0.75,0.75,1.0,1.0,1.0,0.75,0.25,0.75,1.0,1.0,1.0,1.0,1.0,0.25,0.75,0.75,0.0,0.75,0.25,0.0,1.0,1.0,1.0,1.0,0.75,0.75,0.75,0.75,0.25,0.75,0.25,0.25,0.75,0.75,0.75,0.25,0.75,0.75,1.0,0.25,0.0,1.0,0.83,0.67,0.0,0.17,0.5,0.67,0.75,0.75,0.25,0.25,0.25,0.75,0.75,0.75
1137748,0.25,0.25,0.0,0.75,0.0,0.25,0.0,0.25,0.75,1.0,0.25,0.0,0.25,0.75,0.0,0.75,1.0,0.0,0.75,1.0,0.0,1.0,0.75,0.75,0.0,0.25,0.75,0.75,0.75,0.75,0.75,0.75,0.0,1.0,0.25,1.0,1.0,0.25,0.25,0.25,0.25,0.25,0.25,0.75,0.75,0.25,0.75,1.0,0.0,0.75,0.75,0.0,0.0,1.0,0.25,0.25,0.75,0.0,0.25,1.0,0.83,0.83,0.17,0.67,0.67,0.83,0.17,0.25,0.75,0.5,0.75,0.75,0.75,0.75,0.25
1137860,1.0,0.25,0.25,1.0,0.25,0.25,0.75,0.0,0.25,0.0,1.0,0.0,0.25,0.75,0.25,1.0,0.75,0.0,1.0,1.0,0.0,0.75,0.0,0.75,1.0,1.0,1.0,1.0,0.75,1.0,0.0,1.0,0.25,0.75,1.0,0.75,0.25,0.75,0.25,0.25,0.75,0.25,0.75,0.25,1.0,1.0,0.75,0.0,0.0,0.75,0.75,1.0,1.0,0.75,0.0,1.0,0.75,0.75,0.0,0.0,1.0,0.83,0.17,0.67,0.83,0.83,0.17,0.5,0.5,0.25,0.75,0.75,0.75,0.5,0.5
1138167,0.0,0.75,0.75,0.25,0.0,0.0,0.0,0.0,0.0,0.0,0.25,0.25,0.25,0.75,0.0,0.25,0.25,0.25,0.25,0.75,0.0,1.0,0.75,0.75,0.75,0.75,0.25,1.0,0.75,0.0,0.75,0.0,0.0,1.0,0.75,0.25,1.0,0.25,1.0,0.0,0.0,0.25,1.0,0.25,0.0,0.0,0.25,1.0,0.0,0.0,0.0,0.0,0.0,0.0,0.0,0.75,0.0,0.25,0.0,0.25,0.83,0.33,0.17,0.33,0.83,0.33,0.67,0.25,0.75,0.25,0.25,0.25,0.75,0.5,0.25
1142334,0.25,1.0,1.0,0.0,0.75,1.0,0.75,1.0,0.25,0.0,0.75,0.75,0.0,1.0,1.0,1.0,0.0,1.0,1.0,1.0,1.0,1.0,0.0,1.0,1.0,0.0,1.0,1.0,0.0,0.75,1.0,0.0,1.0,0.25,0.75,0.0,1.0,1.0,0.0,0.75,1.0,1.0,1.0,1.0,0.75,1.0,1.0,0.0,0.75,1.0,0.0,0.75,1.0,1.0,0.0,1.0,0.25,1.0,0.0,0.0,1.0,0.17,0.83,0.0,0.67,0.5,1.0,1.0,1.0,0.5,1.0,0.25,0.75,0.25,1.0
1147899,0.75,0.75,0.75,0.25,1.0,1.0,0.25,1.0,0.75,0.0,1.0,1.0,0.0,1.0,0.75,0.75,0.0,1.0,0.0,0.0,0.75,1.0,0.75,1.0,1.0,0.75,0.75,0.75,0.75,0.0,1.0,0.75,0.75,0.25,0.75,0.0,1.0,0.75,0.25,1.0,1.0,0.75,1.0,1.0,0.25,0.75,0.75,0.75,0.75,0.75,0.0,0.25,0.25,0.25,0.0,0.25,0.75,1.0,0.0,0.25,0.5,0.83,0.83,0.5,0.5,0.33,0.83,0.75,0.75,0.25,1.0,0.75,0.75,0.25,0.75
1148669,0.25,1.0,1.0,1.0,0.25,1.0,0.75,1.0,1.0,0.0,0.75,0.75,1.0,1.0,0.75,0.75,0.75,1.0,0.75,1.0,0.75,1.0,0.25,1.0,1.0,1.0,1.0,1.0,0.25,0.25,0.75,0.0,0.25,0.0,0.25,0.25,0.75,0.25,0.25,0.25,0.0,0.0,0.25,0.75,1.0,1.0,0.0,0.75,0.25,0.25,0.0,0.75,0.75,1.0,0.0,0.75,0.75,1.0,0.0,0.0,0.33,0.67,0.67,0.67,0.83,0.0,0.33,0.75,0.75,0.0,0.5,0.25,0.25,0.0,0.5
1148913,1.0,0.0,0.25,0.0,0.0,0.25,0.0,1.0,1.0,0.75,0.25,0.0,0.75,0.25,0.25,0.0,0.75,1.0,0.0,1.0,0.0,1.0,0.75,1.0,1.0,1.0,0.75,1.0,0.75,0.75,1.0,0.0,1.0,0.0,1.0,0.75,0.0,1.0,0.0,1.0,0.75,1.0,1.0,0.75,1.0,1.0,1.0,0.75,0.25,0.75,0.25,0.75,0.75,0.75,0.0,1.0,0.75,1.0,0.0,0.0,0.17,0.83,0.0,0.0,0.5,0.67,1.0,0.0,1.0,0.0,1.0,0.0,0.75,0.5,0.0
1151593,0.0,0.25,1.0,0.0,0.0,0.0,0.75,0.75,0.25,1.0,0.75,0.75,1.0,0.75,0.0,0.0,1.0,0.0,0.0,1.0,0.0,1.0,0.75,0.75,1.0,1.0,0.75,1.0,1.0,0.75,0.75,1.0,0.0,1.0,0.75,1.0,0.75,0.25,0.75,1.0,1.0,1.0,0.25,0.75,0.75,0.25,1.0,1.0,0.0,0.25,1.0,1.0,1.0,0.25,1.0,0.0,1.0,1.0,1.0,0.0,0.83,0.83,1.0,0.67,0.67,1.0,0.0,0.0,0.75,0.75,0.75,1.0,1.0,1.0,0.0
1154013,1.0,0.0,1.0,0.75,0.0,0.0,0.25,0.0,0.75,0.75,0.0,0.0,0.75,0.25,0.0,0.25,1.0,0.25,0.0,1.0,0.0,1.0,0.0,1.0,0.0,0.0,0.0,0.75,1.0,0.0,0.0,0.25,0.0,1.0,0.0,1.0,1.0,0.75,0.0,1.0,1.0,0.75,0.75,0.75,0.75,0.75,0.75,1.0,0.0,0.0,1.0,1.0,1.0,1.0,0.0,0.25,0.25,0.25,0.0,0.0,0.83,0.83,0.17,0.33,0.67,0.67,0.83,0.25,0.5,0.25,0.5,0.25,1.0,1.0,0.0
1156700,0.0,1.0,1.0,0.0,1.0,1.0,0.0,0.75,0.0,0.0,0.75,0.25,0.25,1.0,0.25,0.75,0.0,0.75,1.0,0.75,0.75,1.0,0.0,0.0,0.75,0.75,1.0,1.0,0.0,0.0,1.0,0.0,0.75,0.25,0.25,0.0,1.0,0.75,0.75,1.0,1.0,1.0,1.0,0.75,0.25,0.75,1.0,0.0,0.25,0.75,0.0,0.25,0.75,1.0,0.25,0.25,0.0,1.0,0.25,0.0,0.67,0.0,1.0,0.0,0.17,0.17,1.0,1.0,0.75,0.75,1.0,0.0,0.25,0.0,0.75
1157156,1.0,0.0,1.0,1.0,0.0,0.0,0.75,0.0,1.0,0.75,0.25,0.25,0.75,0.75,0.25,0.75,0.75,0.0,0.0,0.25,0.0,0.75,0.75,1.0,0.0,0.25,0.25,0.75,0.75,0.0,0.25,0.75,0.25,1.0,0.25,0.75,0.75,0.0,1.0,0.75,0.75,0.75,0.25,0.75,0.75,0.75,0.75,0.75,0.0,0.0,1.0,1.0,1.0,0.0,0.0,1.0,0.75,1.0,0.0,0.0,1.0,1.0,0.0,0.0,0.83,0.83,0.17,0.25,0.75,0.5,0.5,0.5,0.5,0.75,0.5
1158604,1.0,1.0,1.0,0.0,1.0,1.0,1.0,1.0,0.25,0.0,1.0,1.0,0.0,1.0,0.0,0.25,0.0,0.0,1.0,1.0,1.0,1.0,1.0,1.0,0.0,0.0,1.0,0.0,1.0,1.0,0.0,1.0,0.75,1.0,1.0,1.0,1.0,1.0,0.0,0.25,0.0,0.0,0.0,0.0,1.0,0.0,0.0,0.0,0.0,0.0,1.0,1.0,1.0,1.0,1.0,0.25,0.25,0.0,1.0,1.0,0.17,1.0,0.5,0.33,1.0,0.0,0.0,1.0,1.0,0.25,0.5,0.75,0.75,0.75,1.0
1158755,0.25,0.25,1.0,0.0,0.25,0.25,0.25,0.0,0.0,0.0,0.0,0.0,0.25,0.75,0.0,0.75,0.25,0.25,0.0,0.0,0.0,0.0,0.25,0.25,0.25,0.75,0.75,0.75,0.75,0.75,0.25,1.0,0.0,1.0,0.0,1.0,1.0,1.0,1.0,0.0,1.0,0.75,0.0,0.75,0.25,0.75,1.0,0.75,0.0,0.0,1.0,0.0,1.0,0.75,1.0,0.0,0.25,0.0,1.0,1.0,0.83,1.0,0.0,1.0,0.83,1.0,0.0,0.25,1.0,1.0,1.0,1.0,1.0,1.0,0.25
1160462,0.0,1.0,0.25,0.0,1.0,1.0,0.0,0.75,0.0,0.25,0.75,0.75,0.75,1.0,1.0,1.0,0.0,1.0,1.0,0.75,1.0,1.0,0.0,1.0,1.0,0.0,1.0,1.0,0.0,0.0,1.0,0.0,1.0,0.0,0.0,0.0,1.0,0.75,1.0,1.0,1.0,1.0,1.0,1.0,1.0,1.0,1.0,0.0,1.0,1.0,0.0,0.25,0.25,1.0,0.0,1.0,0.0,1.0,0.0,0.25,0.17,0.0,1.0,0.5,0.67,0.0,1.0,1.0,1.0,0.75,1.0,0.0,0.5,0.0,1.0
1162830,1.0,0.0,1.0,1.0,0.25,0.0,0.0,0.0,0.75,0.0,0.0,0.25,1.0,1.0,0.25,0.75,0.75,0.75,1.0,1.0,0.0,1.0,1.0,1.0,0.0,0.0,0.0,0.0,1.0,1.0,0.0,1.0,0.25,1.0,0.75,1.0,0.25,0.25,0.0,1.0,0.25,0.25,0.0,0.0,1.0,1.0,0.25,0.75,0.0,0.0,1.0,1.0,1.0,0.0,0.0,0.75,1.0,0.0,0.0,0.0,0.17,1.0,0.0,0.0,1.0,0.0,0.0,0.0,0.75,0.0,0.75,0.75,0.5,1.0,0.0
1163033,0.25,1.0,1.0,0.0,1.0,1.0,0.25,0.75,0.0,0.0,0.75,1.0,0.25,1.0,0.25,0.75,0.0,0.75,1.0,0.75,1.0,1.0,0.25,1.0,1.0,0.0,1.0,1.0,0.25,0.0,1.0,0.25,1.0,0.25,0.25,0.0,1.0,0.75,0.25,0.75,1.0,1.0,1.0,1.0,1.0,1.0,1.0,0.25,0.75,0.25,0.0,1.0,1.0,0.75,0.0,1.0,0.0,1.0,0.0,0.0,0.17,0.33,1.0,0.0,0.67,0.0,1.0,0.75,0.75,0.75,1.0,0.0,0.5,0.25,0.75
1164799,1.0,0.75,1.0,0.0,0.0,0.25,0.25,0.25,0.25,0.0,0.25,0.25,0.25,0.75,0.0,0.25,0.25,0.0,0.25,0.25,0.0,1.0,0.25,0.75,1.0,0.0,0.0,1.0,0.0,0.0,1.0,0.0,0.0,0.25,0.25,0.75,1.0,0.25,0.0,0.0,0.75,0.75,0.75,0.75,0.75,0.0,0.75,0.0,0.0,0.0,0.75,0.75,0.25,0.25,0.25,0.25,0.25,0.25,0.25,0.25,0.5,0.17,0.67,0.0,0.67,0.67,0.83,0.75,0.75,1.0,0.5,0.5,0.75,0.75,0.75
1165214,0.0,1.0,1.0,0.0,0.75,1.0,0.75,1.0,0.75,0.0,1.0,0.25,0.75,1.0,0.0,0.25,0.25,0.25,0.75,1.0,0.25,1.0,0.75,1.0,1.0,0.75,1.0,1.0,0.75,0.75,1.0,0.75,0.25,0.25,0.75,0.25,0.75,1.0,0.0,1.0,1.0,1.0,1.0,0.75,0.0,0.75,1.0,0.0,0.0,0.75,0.75,0.75,1.0,1.0,0.0,0.25,0.75,1.0,0.25,0.0,0.83,0.17,0.83,0.0,0.67,0.33,0.67,0.75,1.0,0.0,0.75,0.25,1.0,0.75,0.5
1165285,1.0,0.75,0.25,0.25,0.25,0.25,0.25,0.75,0.75,0.0,1.0,0.25,0.25,0.75,0.0,0.75,0.75,0.25,0.25,0.25,0.0,0.75,0.25,1.0,0.0,0.25,0.25,0.25,0.25,0.75,0.25,0.75,0.0,0.25,1.0,1.0,0.25,0.0,1.0,0.25,0.25,0.25,0.25,0.25,1.0,0.25,0.75,0.25,0.75,0.25,0.75,0.75,1.0,0.75,0.0,0.75,0.75,0.25,0.0,0.0,0.67,0.33,0.0,0.0,0.33,0.33,0.17,0.5,0.75,0.5,0.75,0.5,0.5,0.75,0.5
1166102,0.75,0.0,1.0,1.0,1.0,0.0,1.0,1.0,0.25,0.0,1.0,0.25,0.0,0.75,0.75,0.0,0.25,0.25,0.75,1.0,0.0,1.0,0.0,1.0,0.0,0.0,0.0,0.25,1.0,1.0,1.0,1.0,1.0,0.0,1.0,1.0,0.0,0.0,1.0,1.0,0.25,0.0,1.0,1.0,1.0,1.0,1.0,0.0,1.0,0.0,0.75,1.0,1.0,0.75,0.0,1.0,1.0,1.0,0.0,0.0,1.0,0.83,0.0,0.0,1.0,0.17,0.67,0.25,0.75,0.25,0.5,0.5,0.75,0.5,0.5
1166855,0.0,0.75,1.0,0.0,0.0,1.0,0.0,0.25,0.0,0.0,0.75,1.0,0.0,0.75,0.0,0.25,1.0,0.0,1.0,0.75,0.0,1.0,1.0,1.0,0.0,0.75,1.0,0.75,1.0,1.0,0.75,1.0,0.0,1.0,0.25,1.0,1.0,0.0,0.0,0.0,1.0,1.0,1.0,1.0,0.75,0.75,0.25,1.0,0.0,1.0,1.0,0.0,0.0,1.0,1.0,0.25,0.75,1.0,1.0,1.0,0.67,0.67,0.5,1.0,0.5,0.5,0.67,0.75,0.75,0.75,0.75,0.75,0.75,0.75,0.5
1168055,1.0,0.0,0.75,0.75,0.75,0.75,0.25,0.0,1.0,0.25,0.25,0.75,0.75,0.25,0.75,0.75,0.0,0.0,0.25,0.75,0.25,1.0,0.0,0.25,0.0,0.25,1.0,0.75,0.25,0.25,0.0,0.75,0.0,0.75,0.75,1.0,0.75,0.75,0.25,0.75,1.0,0.75,0.75,0.75,1.0,0.75,0.75,0.0,0.0,0.25,0.75,1.0,0.75,0.0,0.0,0.25,0.75,0.75,0.0,0.75,0.83,0.83,0.33,0.0,0.67,0.17,1.0,0.5,1.0,0.25,0.75,0.5,0.75,0.75,0.75
1168225,0.0,0.25,0.75,0.0,1.0,0.25,0.0,1.0,0.25,0.0,0.25,0.25,0.0,1.0,0.25,1.0,0.25,0.0,1.0,0.75,0.75,1.0,0.25,1.0,0.75,0.75,1.0,0.75,1.0,0.25,1.0,0.0,1.0,0.0,0.75,0.25,1.0,0.25,0.0,0.75,1.0,1.0,1.0,1.0,0.75,1.0,1.0,0.25,0.75,0.25,0.25,0.25,1.0,1.0,0.0,1.0,0.75,1.0,0.0,0.0,0.83,0.5,0.5,0.0,0.33,0.17,1.0,0.75,1.0,0.5,1.0,0.0,0.5,0.5,0.75
1171773,0.75,0.25,0.75,0.25,1.0,0.75,0.75,0.25,1.0,0.25,1.0,0.75,0.75,1.0,0.75,0.75,1.0,0.75,0.25,1.0,0.75,1.0,1.0,1.0,1.0,0.25,0.75,0.25,1.0,0.75,0.75,0.25,0.75,0.0,1.0,0.0,0.75,0.75,0.75,1.0,0.75,1.0,1.0,0.75,1.0,1.0,1.0,0.25,0.0,0.0,0.25,1.0,1.0,0.25,0.25,1.0,1.0,0.75,0.25,0.25,0.33,1.0,0.67,0.0,1.0,0.5,0.67,0.5,0.75,0.25,0.5,0.5,0.5,0.5,0.5
1171974,1.0,1.0,0.25,0.0,0.0,0.0,0.0,0.0,0.75,0.0,0.25,0.75,1.0,0.75,0.0,0.0,1.0,0.0,0.0,0.75,0.0,0.0,0.0,1.0,0.0,0.25,0.0,0.0,0.75,1.0,0.0,0.25,0.0,1.0,0.25,1.0,0.75,0.0,1.0,0.0,1.0,0.0,0.0,0.75,0.75,0.75,0.75,1.0,0.0,0.75,1.0,0.0,0.0,1.0,1.0,0.0,0.0,0.0,1.0,1.0,1.0,1.0,0.0,0.67,0.83,0.33,0.33,0.0,0.75,1.0,0.0,0.75,0.5,1.0,0.0
1172041,0.75,1.0,1.0,0.0,0.0,1.0,0.75,1.0,0.75,0.0,0.75,0.75,1.0,1.0,0.0,0.75,0.75,1.0,1.0,1.0,0.75,1.0,0.0,1.0,0.75,0.25,1.0,0.75,0.25,0.0,1.0,0.25,1.0,0.0,1.0,0.75,1.0,1.0,0.75,1.0,0.75,1.0,1.0,1.0,0.75,0.75,1.0,0.0,1.0,1.0,0.75,1.0,1.0,0.75,0.0,1.0,0.75,0.75,0.25,0.25,0.33,0.17,0.83,0.0,0.33,0.0,1.0,0.5,0.75,0.5,0.75,0.25,0.5,0.5,0.5
1172284,1.0,0.0,1.0,0.25,1.0,0.75,0.0,1.0,0.25,1.0,0.0,1.0,0.0,0.75,1.0,1.0,0.0,1.0,1.0,0.25,0.0,0.75,0.75,1.0,1.0,1.0,1.0,1.0,1.0,0.0,0.25,0.0,0.0,1.0,0.0,0.75,1.0,1.0,0.75,1.0,1.0,1.0,0.75,1.0,0.0,0.0,0.0,1.0,0.75,1.0,1.0,0.0,0.0,1.0,1.0,0.0,0.0,0.75,0.25,1.0,0.17,0.33,0.67,1.0,0.33,0.0,0.17,0.75,0.75,1.0,0.75,0.5,0.75,0.5,0.5
1172806,0.75,0.75,1.0,0.25,0.25,0.0,0.0,0.75,1.0,1.0,0.25,0.25,0.75,0.75,0.25,0.75,0.25,0.0,0.75,0.75,0.25,0.75,1.0,1.0,0.0,1.0,1.0,1.0,1.0,0.75,1.0,0.75,0.0,1.0,0.75,0.0,1.0,0.75,1.0,0.0,0.75,0.25,0.75,0.75,0.75,0.75,1.0,0.75,0.0,1.0,0.75,0.25,0.25,1.0,0.25,0.0,0.75,0.75,0.25,0.75,0.83,0.67,0.0,0.33,0.17,0.67,0.67,0.5,1.0,1.0,0.75,0.75,0.75,0.75,0.75
1173830,0.0,1.0,1.0,0.0,1.0,1.0,1.0,1.0,0.0,0.25,0.75,0.75,0.0,1.0,1.0,1.0,0.0,1.0,0.25,0.75,0.75,1.0,0.0,1.0,1.0,0.75,1.0,1.0,1.0,0.25,1.0,0.0,1.0,0.0,1.0,1.0,1.0,1.0,0.0,1.0,1.0,1.0,1.0,1.0,1.0,1.0,1.0,0.0,0.0,0.0,0.0,1.0,1.0,1.0,0.0,1.0,1.0,1.0,0.0,0.0,0.33,0.33,0.83,0.33,0.83,0.17,1.0,1.0,1.0,0.75,1.0,0.0,0.5,0.25,0.5
1174509,0.75,0.25,1.0,0.0,0.0,0.25,0.25,0.0,0.25,0.0,0.0,0.0,0.25,0.75,0.0,1.0,1.0,0.25,0.25,1.0,0.25,1.0,1.0,1.0,0.0,1.0,1.0,1.0,1.0,1.0,1.0,1.0,0.0,1.0,1.0,1.0,0.25,0.0,1.0,0.75,0.75,0.0,0.0,0.0,1.0,1.0,1.0,1.0,0.0,0.0,0.25,1.0,1.0,0.0,0.0,1.0,1.0,0.0,0.0,0.0,1.0,1.0,0.0,0.17,1.0,0.17,0.17,0.0,1.0,0.0,1.0,1.0,1.0,0.25,0.75
1174944,0.0,0.75,1.0,0.0,0.25,0.75,0.0,0.0,0.0,0.0,0.75,0.75,0.25,0.75,0.0,0.0,0.75,0.25,1.0,0.75,0.75,1.0,0.75,1.0,1.0,0.25,0.0,1.0,0.25,0.0,1.0,0.0,0.0,0.25,1.0,0.0,0.75,0.75,0.0,0.25,0.75,0.75,0.75,0.0,0.25,0.75,1.0,0.0,0.0,0.25,0.0,0.75,1.0,0.25,0.0,1.0,0.75,1.0,0.0,0.0,0.67,1.0,0.5,0.0,0.5,0.5,0.83,0.75,0.75,0.5,0.5,0.5,0.5,0.25,0.5
1176833,1.0,0.0,0.75,1.0,1.0,0.0,0.0,1.0,1.0,0.0,0.0,0.25,1.0,1.0,0.0,0.0,1.0,0.0,1.0,1.0,0.0,0.0,1.0,0.25,1.0,0.25,0.0,1.0,1.0,0.0,0.0,0.0,0.0,1.0,0.0,1.0,1.0,1.0,0.25,0.75,1.0,1.0,1.0,1.0,0.0,0.0,0.0,1.0,0.0,1.0,0.0,0.0,0.0,1.0,1.0,0.0,0.75,0.75,1.0,1.0,0.0,0.17,0.83,0.5,1.0,0.5,0.5,0.0,1.0,0.0,1.0,0.0,0.5,0.5,0.75
1176899,1.0,0.0,1.0,1.0,0.0,0.75,0.0,0.0,0.0,0.75,0.25,0.0,0.75,0.75,0.0,0.25,1.0,0.75,1.0,0.75,0.0,0.75,1.0,1.0,0.0,0.75,0.0,0.75,0.0,0.0,0.75,1.0,0.0,0.75,0.0,1.0,0.75,1.0,0.75,0.25,0.75,0.75,0.0,0.0,1.0,0.25,0.75,1.0,0.0,1.0,1.0,0.75,0.75,0.25,0.25,0.75,0.25,0.0,0.25,0.25,0.67,0.5,0.17,0.17,0.83,0.67,0.67,0.25,0.75,0.25,1.0,0.25,0.5,0.75,0.5
1177109,0.0,0.25,0.25,0.0,0.0,0.25,1.0,0.0,0.0,0.0,0.75,0.0,1.0,1.0,0.0,0.25,1.0,0.0,1.0,1.0,0.0,1.0,0.75,0.25,0.25,0.75,1.0,0.75,1.0,0.0,1.0,0.25,0.0,0.75,0.75,0.0,0.75,0.75,0.0,0.25,1.0,1.0,0.75,0.25,0.25,0.75,0.25,1.0,0.0,1.0,0.25,0.25,0.0,0.0,0.25,0.25,0.75,1.0,0.0,0.25,1.0,0.33,0.83,0.67,0.33,1.0,0.67,0.25,0.75,0.75,0.75,0.25,1.0,0.75,0.75
1177461,0.0,0.25,0.25,0.0,0.75,1.0,0.75,0.0,1.0,0.25,0.25,0.75,0.0,0.75,0.0,0.0,0.0,0.0,0.25,1.0,0.75,1.0,1.0,1.0,0.75,0.0,1.0,1.0,1.0,0.0,1.0,0.0,0.0,1.0,1.0,0.0,0.25,0.0,0.0,1.0,1.0,1.0,0.75,1.0,0.0,0.0,1.0,1.0,0.0,1.0,0.75,0.75,0.0,0.75,1.0,0.25,0.75,1.0,0.75,0.75,0.83,0.83,0.33,0.0,0.0,1.0,0.67,0.5,0.75,0.5,0.5,0.5,0.75,0.5,0.5
1177648,0.75,1.0,1.0,0.0,1.0,0.25,1.0,0.25,0.75,0.0,1.0,0.0,0.0,0.75,0.0,1.0,1.0,0.75,0.0,0.25,0.0,1.0,0.75,0.25,0.25,1.0,1.0,1.0,0.75,0.25,0.75,0.75,0.75,0.25,0.25,0.25,0.75,0.75,0.0,0.25,0.75,0.75,0.75,1.0,0.75,0.75,0.25,0.75,0.75,0.75,1.0,1.0,0.75,0.75,1.0,0.25,0.75,1.0,0.75,0.25,0.83,0.33,0.17,0.33,0.67,0.67,0.33,0.25,0.75,0.75,0.75,0.5,0.75,0.75,0.25
1177933,0.0,1.0,1.0,0.0,1.0,1.0,0.0,0.0,0.0,0.0,1.0,0.75,0.0,1.0,1.0,0.75,0.0,1.0,0.75,0.75,1.0,1.0,0.0,1.0,1.0,0.75,1.0,1.0,0.0,0.25,1.0,0.0,0.75,0.0,0.25,0.0,0.75,0.75,0.0,1.0,1.0,1.0,0.75,1.0,1.0,1.0,1.0,0.0,1.0,0.75,0.0,1.0,1.0,1.0,0.0,1.0,0.75,1.0,0.0,0.0,0.17,0.0,0.83,0.0,0.67,0.0,0.83,1.0,1.0,0.25,0.75,0.0,0.5,0.25,1.0
1178230,1.0,0.0,1.0,1.0,0.0,0.25,1.0,0.25,1.0,0.75,0.0,0.0,1.0,0.0,0.0,1.0,1.0,1.0,1.0,1.0,1.0,1.0,1.0,1.0,0.0,0.25,0.0,0.25,1.0,1.0,0.0,0.75,0.25,1.0,1.0,1.0,0.25,1.0,0.25,1.0,1.0,0.75,1.0,1.0,1.0,0.25,1.0,1.0,1.0,1.0,0.0,1.0,1.0,0.0,0.0,1.0,1.0,0.75,1.0,0.0,0.83,1.0,0.0,0.83,0.83,0.83,0.67,0.25,0.75,0.0,0.5,0.5,0.5,0.25,0.75
1179284,0.75,1.0,0.75,0.25,1.0,0.25,0.75,1.0,0.25,0.0,0.75,0.75,0.25,0.75,0.25,0.75,0.75,0.75,1.0,1.0,0.75,1.0,0.25,0.25,1.0,1.0,0.75,0.75,0.25,0.75,0.25,1.0,0.75,0.0,1.0,1.0,0.75,0.75,0.75,1.0,1.0,0.75,0.75,1.0,1.0,1.0,1.0,0.0,1.0,0.25,0.0,0.25,1.0,0.25,0.0,1.0,0.25,1.0,0.25,0.0,0.67,0.17,1.0,0.67,0.83,0.0,1.0,1.0,1.0,0.5,1.0,0.75,0.25,0.25,0.25
1181771,0.75,0.75,0.25,0.0,0.0,0.0,0.25,0.25,1.0,0.25,0.25,0.75,1.0,0.25,0.0,0.25,1.0,0.0,0.0,1.0,0.0,0.75,1.0,1.0,1.0,0.25,0.75,1.0,0.25,1.0,0.75,0.75,0.0,1.0,1.0,1.0,0.25,0.75,0.75,0.75,0.25,0.25,0.75,1.0,0.0,0.25,0.25,0.75,0.0,0.25,0.75,1.0,0.25,0.0,1.0,0.0,0.25,0.75,0.0,0.75,0.83,0.17,0.67,0.17,0.33,0.33,0.67,0.25,0.75,1.0,0.75,0.25,0.75,1.0,0.75
1183480,0.0,0.0,1.0,0.0,0.0,0.0,0.0,0.0,0.0,0.0,0.0,0.0,0.0,0.0,0.0,1.0,1.0,0.0,1.0,1.0,0.0,0.0,1.0,0.0,0.0,0.0,0.0,0.0,0.0,1.0,0.0,1.0,0.0,1.0,0.0,1.0,0.0,0.0,1.0,0.0,0.0,0.0,0.0,0.0,0.0,0.0,0.0,1.0,0.0,1.0,1.0,0.0,1.0,1.0,1.0,0.0,1.0,0.0,1.0,1.0,1.0,1.0,0.0,1.0,0.0,1.0,0.0,0.0,0.0,0.0,0.0,1.0,0.0,1.0,0.0
1183843,0.25,0.75,0.25,0.25,0.0,1.0,0.75,0.75,0.25,0.25,0.75,0.75,0.75,0.75,0.25,0.0,0.75,0.25,0.75,1.0,0.0,0.75,0.0,0.75,1.0,1.0,0.75,0.75,1.0,0.0,0.25,0.0,0.75,0.25,0.75,1.0,0.75,0.75,1.0,0.75,1.0,0.75,0.75,0.75,0.75,0.75,0.75,0.0,0.75,0.75,0.0,1.0,1.0,0.25,0.0,1.0,0.0,1.0,0.75,0.0,1.0,0.33,1.0,0.17,0.67,0.83,0.83,0.5,0.25,0.0,0.75,0.0,0.5,0.0,0.5
1184947,1.0,0.0,1.0,0.25,0.0,0.0,0.75,0.0,0.25,0.25,0.0,0.25,1.0,0.25,0.0,1.0,0.0,0.25,0.25,1.0,0.0,1.0,1.0,1.0,0.0,0.0,0.0,0.75,0.75,0.75,1.0,0.75,0.75,0.75,0.75,0.75,0.25,0.75,0.25,1.0,1.0,0.0,0.25,0.0,1.0,1.0,0.25,1.0,0.0,0.0,0.0,0.25,0.25,1.0,0.0,1.0,1.0,0.25,0.0,0.0,0.83,1.0,0.17,0.0,1.0,0.67,0.67,0.5,0.75,0.5,0.75,0.5,0.5,0.0,0.5
1185450,0.0,0.25,0.75,0.25,0.75,0.25,0.75,0.0,0.75,0.0,0.75,0.0,0.25,0.0,0.0,0.0,0.75,0.0,0.0,0.75,0.0,0.0,0.75,0.0,0.0,0.75,0.0,0.75,0.25,1.0,0.25,1.0,0.0,0.25,0.75,0.75,0.75,0.25,0.25,0.25,0.25,0.25,0.0,0.0,1.0,0.75,0.25,0.25,0.0,0.0,0.25,0.0,0.0,0.75,0.0,0.0,0.25,0.25,0.25,0.25,0.83,0.5,0.17,0.67,0.5,0.83,0.17,0.0,0.75,0.75,1.0,1.0,0.75,0.5,0.25
1187264,1.0,0.0,0.25,0.75,0.0,0.0,1.0,0.75,1.0,0.75,0.75,0.0,0.75,0.75,0.0,0.75,0.75,1.0,0.0,0.75,0.0,0.75,0.25,0.75,0.25,0.25,0.0,1.0,0.25,0.75,0.0,0.0,0.25,1.0,1.0,1.0,0.25,1.0,1.0,0.75,0.0,0.75,0.25,0.75,0.75,1.0,0.75,0.75,0.0,0.75,1.0,1.0,1.0,0.0,0.0,0.75,0.75,0.25,0.0,0.0,0.83,1.0,0.5,0.33,0.67,0.17,0.17,0.25,0.75,0.25,0.5,0.25,0.5,0.75,0.25
1191369,0.0,0.25,1.0,0.0,0.25,0.25,0.0,0.75,0.0,0.75,0.75,0.0,0.75,0.25,0.0,0.25,1.0,0.0,0.0,1.0,0.0,1.0,1.0,1.0,1.0,0.0,1.0,1.0,0.75,0.25,0.75,0.75,0.0,1.0,0.0,1.0,0.75,0.75,0.25,0.75,0.25,0.25,1.0,0.75,0.25,0.0,0.0,1.0,0.0,1.0,0.25,0.0,0.0,0.75,1.0,0.0,0.25,0.75,1.0,1.0,0.33,0.33,0.17,1.0,0.83,1.0,0.67,0.0,0.75,0.25,0.75,0.5,0.75,0.25,0.0
1193214,0.0,1.0,1.0,0.0,0.25,0.75,0.25,0.0,0.0,0.0,0.25,0.25,0.0,0.25,0.0,0.0,1.0,0.25,0.0,0.25,0.0,0.0,0.75,0.25,0.25,0.0,1.0,0.0,0.75,0.75,0.0,0.25,0.0,1.0,0.75,0.75,0.25,0.0,0.0,0.25,0.75,0.25,0.0,0.0,1.0,0.25,0.0,1.0,0.0,1.0,1.0,0.25,0.0,0.75,0.0,0.0,0.75,0.0,0.0,0.25,1.0,0.83,0.5,0.5,0.67,0.83,0.17,1.0,0.75,0.5,0.5,0.5,0.5,0.75,0.5
1195072,0.75,0.75,0.25,0.75,0.75,0.75,0.25,0.25,0.25,0.0,0.75,1.0,0.25,0.25,0.25,0.75,0.25,0.75,0.75,0.75,0.75,0.75,0.25,1.0,0.75,0.25,0.75,0.75,0.25,0.25,1.0,0.75,1.0,0.25,0.75,0.25,1.0,0.75,0.25,0.25,0.75,0.25,0.75,0.75,0.75,0.75,0.75,0.0,0.75,0.75,0.75,0.75,0.75,0.75,0.75,0.75,0.75,0.75,0.0,0.25,0.17,0.17,0.83,0.17,0.67,0.17,0.67,0.75,0.75,0.25,0.75,0.25,0.75,0.5,0.5
1195692,0.0,0.0,0.0,0.0,0.0,0.0,0.0,0.0,1.0,1.0,0.75,0.0,1.0,0.75,0.0,0.25,1.0,0.0,1.0,1.0,0.0,0.25,1.0,1.0,1.0,0.25,0.25,1.0,0.0,0.75,0.0,1.0,0.0,1.0,0.0,0.75,0.75,1.0,0.0,0.25,0.75,0.75,0.25,0.75,0.75,0.25,0.75,1.0,0.0,1.0,0.75,0.0,0.0,1.0,1.0,0.0,0.75,0.75,0.75,1.0,0.17,0.17,0.67,1.0,0.83,1.0,0.83,0.25,0.75,0.25,0.75,0.75,1.0,0.75,0.0
1195951,1.0,0.75,1.0,0.75,0.25,0.25,0.75,1.0,0.25,0.25,0.75,0.75,0.75,0.75,0.75,0.75,0.75,1.0,1.0,0.75,0.75,1.0,0.75,1.0,0.25,0.75,0.75,0.25,1.0,1.0,0.25,1.0,1.0,0.0,1.0,0.25,0.75,0.25,0.75,0.75,0.75,0.75,0.25,0.75,1.0,0.75,0.25,0.25,0.75,0.75,0.75,0.75,0.75,0.25,0.0,0.75,1.0,1.0,0.0,0.0,0.17,0.67,0.83,0.0,0.83,0.0,0.67,0.5,0.75,0.25,0.5,0.75,0.5,0.5,0.5
1195960,1.0,0.0,1.0,0.0,0.0,0.0,0.0,0.0,1.0,1.0,0.0,0.0,0.75,0.0,0.0,1.0,1.0,0.0,0.75,0.75,0.0,0.75,1.0,1.0,0.0,0.25,0.0,0.25,1.0,0.25,0.0,1.0,0.0,1.0,0.0,1.0,1.0,0.0,1.0,0.0,0.0,0.0,0.0,0.0,1.0,0.0,0.0,1.0,0.0,1.0,1.0,0.0,0.75,0.25,1.0,0.0,0.75,0.0,1.0,1.0,0.5,1.0,0.0,0.5,0.83,1.0,0.0,0.25,0.5,0.25,0.5,0.75,1.0,0.75,0.0
1198168,1.0,0.75,0.0,1.0,0.25,0.75,0.25,0.0,0.75,0.25,1.0,0.25,0.25,0.25,0.25,0.75,0.75,0.25,0.0,0.75,0.0,0.75,0.75,1.0,1.0,0.75,0.25,1.0,1.0,0.0,0.25,0.0,0.25,0.0,0.25,0.75,0.0,0.0,0.25,1.0,0.75,0.75,0.25,0.25,0.25,0.75,0.75,0.75,0.0,0.25,0.0,0.75,0.25,0.75,0.0,0.75,0.75,0.25,0.0,0.0,0.83,0.67,0.83,0.5,0.83,0.67,0.67,0.5,0.75,0.25,0.5,0.25,0.5,0.25,0.75
1198468,0.0,1.0,0.75,0.0,1.0,1.0,0.75,0.0,0.0,0.0,0.75,1.0,0.75,0.75,0.75,0.75,0.0,0.75,0.75,1.0,0.75,0.75,0.0,0.75,0.75,0.75,1.0,1.0,0.0,0.75,0.25,0.0,0.75,0.0,0.75,0.0,1.0,1.0,0.0,1.0,0.25,1.0,1.0,1.0,0.0,0.75,0.75,0.0,0.25,0.0,0.0,1.0,1.0,0.25,0.0,1.0,0.75,0.75,0.0,0.0,0.67,0.33,0.83,0.17,0.17,0.33,0.83,0.75,1.0,0.0,1.0,0.0,0.0,0.0,0.75
1198592,0.0,0.0,0.0,1.0,1.0,0.75,0.25,0.0,0.0,0.25,0.0,0.0,0.25,0.0,1.0,0.0,0.75,0.0,0.75,0.75,0.0,1.0,0.0,0.75,0.0,0.0,1.0,0.25,0.25,1.0,0.0,1.0,0.0,0.75,0.75,0.75,1.0,0.0,0.75,0.0,0.75,0.0,1.0,0.75,0.75,0.25,0.75,0.75,0.0,0.0,0.75,0.25,0.0,1.0,0.0,1.0,0.75,0.0,0.0,0.25,0.0,0.83,0.0,0.67,0.0,0.33,0.83,0.5,0.5,0.5,0.5,0.75,0.75,0.25,0.5
1199270,0.25,0.25,1.0,0.25,0.25,0.0,1.0,0.25,0.25,1.0,0.75,0.0,0.75,0.25,1.0,1.0,0.25,1.0,0.75,0.75,0.0,0.0,1.0,0.25,0.0,0.25,0.0,0.0,0.0,1.0,0.0,1.0,0.25,1.0,0.25,1.0,0.75,0.25,1.0,0.0,0.75,0.25,0.0,0.25,1.0,0.25,0.25,1.0,0.0,0.75,0.0,0.0,0.0,1.0,0.25,0.0,1.0,0.25,0.25,0.25,0.33,0.83,0.0,1.0,1.0,0.17,0.17,0.5,0.75,0.75,0.75,1.0,0.25,0.0,0.5
1199294,0.25,1.0,0.25,0.75,1.0,0.75,0.75,0.75,0.25,0.25,1.0,0.25,0.75,1.0,0.75,0.75,0.0,1.0,0.75,1.0,0.25,1.0,0.0,1.0,0.75,0.75,1.0,1.0,0.25,0.75,0.75,0.25,1.0,0.75,0.75,0.0,0.75,0.75,0.25,0.75,0.75,0.25,1.0,0.75,0.75,0.75,0.75,0.0,0.25,0.0,0.75,1.0,1.0,1.0,0.0,1.0,0.75,0.75,0.0,0.0,0.83,0.5,0.83,0.17,0.5,0.17,0.83,0.75,0.75,0.5,0.75,0.5,0.5,0.75,1.0
1201570,1.0,0.25,0.75,0.25,1.0,0.75,0.75,0.75,0.25,0.0,0.75,0.75,0.75,0.75,0.25,0.25,0.25,0.75,0.75,0.75,0.75,1.0,0.25,0.75,0.75,0.75,0.75,1.0,0.0,0.25,1.0,0.25,0.25,0.25,0.75,0.75,1.0,1.0,0.75,1.0,1.0,0.75,0.75,0.75,1.0,1.0,1.0,0.75,0.25,0.25,0.75,0.75,1.0,0.75,0.0,0.75,0.75,0.75,0.0,0.0,0.67,0.67,0.67,0.33,0.83,0.5,1.0,0.5,0.75,0.5,0.5,0.25,0.5,0.75,0.5
1210442,1.0,0.75,0.0,0.0,0.75,0.75,0.0,1.0,1.0,0.0,0.75,0.25,0.75,1.0,0.0,0.0,0.75,0.0,0.75,1.0,0.0,1.0,0.25,0.25,0.25,0.75,1.0,1.0,0.25,0.0,1.0,0.0,0.75,0.25,0.25,0.0,1.0,0.75,0.0,1.0,1.0,1.0,1.0,1.0,0.0,0.75,1.0,0.75,0.0,0.0,0.75,0.25,0.0,1.0,0.0,0.25,0.25,1.0,0.25,0.75,0.83,0.17,0.83,0.17,0.67,0.33,1.0,0.75,1.0,0.25,0.75,0.25,0.75,0.75,0.75
1211533,1.0,0.75,1.0,0.25,0.75,0.0,0.25,0.25,0.75,0.0,1.0,0.75,0.75,1.0,0.75,0.75,0.0,0.75,1.0,0.75,0.75,1.0,0.0,1.0,1.0,0.25,0.25,1.0,0.75,0.75,0.75,0.25,1.0,0.0,0.75,0.0,0.75,1.0,1.0,0.75,0.25,1.0,1.0,0.25,1.0,0.75,1.0,0.25,0.75,0.75,0.25,1.0,1.0,0.75,0.0,0.75,0.75,1.0,0.25,0.0,0.33,0.67,0.83,0.0,0.83,0.17,1.0,0.5,0.75,0.25,0.5,0.25,0.75,0.5,0.5
1215569,1.0,0.0,1.0,0.0,0.0,0.75,1.0,0.25,0.75,0.0,0.75,0.0,0.0,0.25,0.0,0.75,0.25,0.0,1.0,1.0,1.0,1.0,0.0,1.0,0.0,0.0,1.0,1.0,1.0,0.25,1.0,0.75,0.75,0.75,1.0,0.0,0.25,0.25,0.0,0.75,1.0,0.25,1.0,0.75,1.0,1.0,1.0,1.0,0.0,0.0,1.0,1.0,1.0,0.0,0.25,1.0,0.75,0.75,0.0,0.0,0.5,0.83,0.0,0.0,0.5,0.0,0.5,0.0,0.75,0.25,0.75,0.5,0.5,0.5,0.5
1216841,0.25,1.0,1.0,0.25,1.0,1.0,1.0,1.0,0.0,0.25,0.25,1.0,0.0,1.0,1.0,1.0,0.0,0.0,1.0,0.0,1.0,1.0,0.0,1.0,1.0,1.0,1.0,0.0,0.0,0.0,1.0,1.0,1.0,1.0,0.0,0.75,1.0,1.0,0.0,1.0,1.0,1.0,1.0,1.0,1.0,1.0,0.75,1.0,1.0,1.0,0.0,0.0,0.0,1.0,0.0,0.0,0.0,1.0,0.0,0.0,0.0,0.67,0.67,0.0,1.0,0.0,1.0,0.75,0.75,0.25,0.75,0.25,0.75,0.25,0.25
1217963,1.0,0.75,1.0,1.0,0.75,0.75,0.25,0.25,0.0,0.0,1.0,1.0,0.75,0.75,0.75,0.75,0.0,1.0,1.0,0.75,0.75,1.0,0.0,1.0,1.0,0.75,0.0,1.0,1.0,1.0,0.25,0.25,0.0,0.75,1.0,0.25,1.0,0.75,0.25,0.25,0.25,0.75,1.0,1.0,1.0,0.25,1.0,0.0,1.0,0.0,0.75,0.75,1.0,1.0,0.0,1.0,0.75,0.75,0.0,0.0,0.17,0.83,0.83,0.0,0.83,0.17,0.67,0.5,0.75,0.25,1.0,0.0,0.5,0.75,0.75
1220428,0.0,1.0,1.0,0.0,1.0,0.0,0.0,0.25,0.0,1.0,0.0,0.0,0.75,0.75,0.0,0.25,0.0,0.0,0.0,0.0,0.0,0.0,0.25,0.25,0.75,0.75,0.75,0.75,0.25,0.75,0.75,0.75,0.0,0.75,0.25,1.0,0.25,0.25,0.0,0.25,0.0,0.25,0.0,0.75,0.75,0.75,0.75,0.75,0.0,0.75,0.25,0.0,0.0,0.75,0.25,0.0,0.25,0.75,0.75,1.0,0.67,1.0,0.5,0.83,0.33,0.17,0.17,0.5,0.5,0.75,0.5,0.5,0.5,0.5,0.75
1220633,0.75,0.75,0.25,0.0,0.0,0.0,0.0,0.0,1.0,0.0,0.25,0.0,0.25,0.0,0.0,0.0,1.0,0.0,1.0,0.0,0.0,0.0,0.25,0.0,0.0,0.25,0.0,0.0,0.0,0.75,0.0,0.25,0.0,1.0,0.0,1.0,0.25,0.75,1.0,0.0,0.25,0.25,0.75,0.25,0.0,0.0,0.25,1.0,0.0,0.75,1.0,0.0,0.0,1.0,1.0,0.0,0.75,0.25,1.0,1.0,0.83,0.83,0.17,0.83,0.0,0.83,0.0,0.25,0.25,0.75,0.5,0.5,0.75,1.0,0.5
1220695,0.75,0.25,1.0,0.0,0.25,0.0,0.0,0.75,0.0,0.75,1.0,0.0,0.25,0.25,0.0,0.0,1.0,0.0,0.0,0.75,0.75,1.0,0.0,1.0,0.0,0.0,0.25,0.75,0.75,0.25,1.0,1.0,0.0,0.25,0.75,0.0,0.75,0.75,0.0,1.0,1.0,0.75,1.0,1.0,0.75,0.75,1.0,1.0,0.0,0.75,0.25,0.75,0.75,0.75,0.25,0.75,0.75,1.0,1.0,0.25,1.0,0.5,0.0,0.17,0.67,1.0,0.83,0.0,0.75,0.0,0.75,0.5,0.75,0.25,0.5
1221700,0.0,0.75,1.0,0.0,1.0,0.75,1.0,0.75,0.25,0.25,0.25,0.25,0.25,1.0,1.0,1.0,0.0,1.0,0.25,0.75,1.0,1.0,0.75,1.0,0.0,0.75,1.0,1.0,0.75,0.25,1.0,0.75,0.75,0.25,0.25,0.25,0.25,0.75,0.75,0.75,0.75,0.25,0.75,0.75,0.75,0.25,1.0,0.0,0.0,1.0,0.0,0.25,0.25,1.0,0.0,1.0,1.0,1.0,0.0,1.0,0.17,0.67,0.67,0.0,0.33,0.33,0.67,0.5,0.5,0.5,0.5,0.25,0.5,0.25,0.5
1223160,0.0,1.0,0.75,0.25,0.0,0.25,0.0,0.25,0.0,1.0,0.0,0.0,0.0,0.75,0.0,0.0,1.0,0.75,0.25,0.75,0.0,0.0,1.0,1.0,0.25,0.75,0.75,1.0,1.0,1.0,1.0,1.0,0.0,1.0,0.75,1.0,0.25,0.25,0.25,0.25,0.75,0.75,0.25,0.25,0.75,0.0,0.75,1.0,0.75,1.0,0.0,0.0,0.0,0.75,0.75,0.25,0.0,0.25,0.75,1.0,0.67,0.83,0.33,0.83,0.33,1.0,0.33,0.75,1.0,1.0,0.25,1.0,1.0,0.25,0.75
1225414,1.0,0.25,0.75,0.25,0.0,0.75,0.0,1.0,1.0,0.0,1.0,0.0,1.0,1.0,0.0,0.75,1.0,0.0,0.75,1.0,0.0,0.0,0.75,1.0,1.0,0.0,0.0,0.0,1.0,0.75,0.0,1.0,0.0,0.0,0.75,1.0,0.75,0.75,1.0,0.0,0.0,0.0,0.0,0.75,0.75,1.0,1.0,1.0,0.0,1.0,1.0,1.0,1.0,1.0,0.25,0.0,0.75,0.0,0.75,0.75,0.33,0.83,0.0,0.67,0.83,0.33,0.67,0.5,0.75,0.25,0.75,0.75,0.75,0.75,0.25
1225429,1.0,0.75,0.0,0.75,0.25,0.75,0.75,0.0,0.25,0.0,0.75,0.75,1.0,0.0,0.0,0.75,0.0,0.0,0.75,1.0,0.0,0.75,0.0,0.75,0.75,0.75,0.75,0.75,0.25,0.75,0.25,0.75,0.25,0.75,0.75,0.75,0.75,0.25,1.0,0.75,1.0,0.75,1.0,0.25,0.75,0.25,1.0,0.0,0.0,0.25,1.0,1.0,1.0,0.25,0.0,1.0,1.0,0.25,0.25,0.0,0.83,0.83,0.17,0.17,0.33,0.17,0.17,0.25,0.75,0.0,0.5,0.25,0.25,0.75,0.75
1225810,0.0,0.75,1.0,0.0,1.0,0.25,0.0,0.25,0.25,0.0,0.25,0.25,0.25,1.0,0.75,0.75,0.0,0.0,0.25,0.75,1.0,1.0,0.25,1.0,0.25,0.25,0.25,0.25,0.25,1.0,1.0,0.75,0.75,0.0,0.75,0.0,0.75,0.75,0.0,1.0,1.0,1.0,1.0,0.75,0.75,0.25,0.75,0.75,0.0,0.75,0.0,0.25,0.0,0.0,0.0,0.25,0.75,1.0,0.0,0.25,1.0,0.83,0.67,0.0,1.0,0.83,1.0,0.5,1.0,0.75,0.75,0.75,0.75,0.25,1.0
1229632,0.0,0.75,1.0,0.0,1.0,0.25,1.0,1.0,0.75,0.75,1.0,0.25,0.0,1.0,0.0,0.0,0.75,0.0,0.0,1.0,0.0,0.75,0.25,1.0,0.75,0.75,1.0,1.0,1.0,1.0,1.0,1.0,1.0,1.0,1.0,0.0,0.75,0.75,0.75,0.75,0.25,0.75,1.0,1.0,0.75,1.0,1.0,1.0,0.0,0.75,1.0,0.0,0.75,0.25,0.0,0.75,1.0,1.0,1.0,0.25,0.67,0.0,0.83,0.17,0.33,1.0,0.83,0.75,1.0,0.25,0.75,0.75,1.0,0.5,0.0
1230521,0.75,0.75,0.75,0.0,0.25,0.75,0.0,0.75,0.0,1.0,0.0,0.0,0.25,0.75,0.25,0.25,1.0,0.75,0.0,0.0,0.0,0.25,0.75,0.25,0.25,0.25,1.0,1.0,1.0,0.0,0.75,0.0,0.0,1.0,0.0,1.0,1.0,1.0,1.0,1.0,1.0,0.75,0.75,0.75,0.0,0.25,0.0,1.0,0.75,1.0,0.0,0.0,0.0,0.0,1.0,0.0,0.75,1.0,1.0,0.75,0.17,0.83,0.67,0.83,0.67,0.67,1.0,0.5,0.75,0.5,1.0,0.0,0.75,0.25,0.25
1234920,0.75,0.25,1.0,0.75,0.25,0.25,0.75,0.25,0.75,0.0,0.25,0.75,1.0,0.25,0.25,0.25,0.25,0.25,1.0,0.75,0.0,0.75,0.25,1.0,0.75,0.25,0.75,0.75,0.75,0.25,0.25,0.25,0.0,0.75,0.25,1.0,0.75,0.75,0.25,0.25,0.75,0.25,0.25,0.75,0.75,0.75,0.0,0.75,0.0,0.75,0.75,0.75,0.75,0.75,0.25,0.25,0.25,0.75,0.25,0.75,0.67,0.33,0.67,0.17,0.17,0.0,0.67,0.75,0.5,0.75,1.0,0.25,0.5,0.5,0.5
1237073,0.0,0.75,1.0,0.25,1.0,0.75,0.25,0.25,0.25,0.25,0.75,0.25,0.75,1.0,0.25,0.25,0.75,0.75,1.0,0.25,0.75,1.0,0.75,1.0,0.75,0.75,1.0,1.0,0.75,0.25,1.0,0.75,0.75,0.0,0.75,0.0,0.75,0.75,0.25,1.0,0.75,0.75,0.75,0.75,1.0,1.0,1.0,0.25,0.25,0.25,0.0,0.75,0.75,1.0,0.0,1.0,0.0,1.0,0.0,0.0,0.17,0.33,0.67,0.0,0.83,0.17,0.83,0.5,0.75,0.0,0.75,0.25,0.5,0.25,0.5
1237470,0.75,0.25,1.0,0.0,0.0,0.75,1.0,0.25,0.25,0.0,0.25,0.75,0.75,0.75,0.0,0.75,0.75,0.25,0.75,0.75,0.75,1.0,0.75,1.0,0.75,0.25,0.75,0.75,0.75,0.25,1.0,1.0,0.25,0.25,0.75,0.75,0.75,0.75,0.0,0.25,1.0,0.75,1.0,0.75,1.0,0.75,0.75,0.75,0.0,0.75,0.25,0.75,1.0,0.25,0.0,0.25,0.75,1.0,0.0,0.25,0.83,0.83,0.83,0.5,0.67,0.67,0.67,0.25,0.75,0.75,0.75,0.75,0.75,0.5,0.75
1239273,1.0,0.75,1.0,0.25,0.75,0.75,1.0,0.25,0.0,0.75,1.0,0.75,0.0,0.75,0.0,0.25,0.0,0.0,0.0,0.0,0.0,1.0,1.0,1.0,1.0,0.75,0.75,1.0,0.75,0.25,1.0,1.0,0.75,0.75,0.75,0.0,0.75,0.25,0.25,0.25,1.0,1.0,0.25,0.75,1.0,0.75,1.0,0.0,0.0,1.0,0.25,0.75,0.0,0.75,0.75,0.25,1.0,1.0,0.75,0.25,1.0,0.67,0.17,0.17,0.83,0.33,0.67,0.0,0.75,0.75,1.0,0.75,1.0,0.5,0.75
1242994,0.25,1.0,1.0,0.25,1.0,1.0,0.75,1.0,0.75,0.0,0.75,1.0,0.75,1.0,1.0,1.0,0.0,1.0,1.0,0.75,1.0,1.0,0.0,1.0,1.0,1.0,1.0,1.0,0.25,0.75,1.0,0.0,1.0,0.0,1.0,0.25,1.0,1.0,0.0,1.0,1.0,1.0,0.75,1.0,0.25,0.75,1.0,0.0,1.0,0.25,0.0,0.75,0.75,0.75,0.0,1.0,0.25,1.0,0.0,0.0,0.5,0.0,1.0,0.0,0.33,0.0,1.0,1.0,1.0,0.25,1.0,0.0,0.5,0.0,0.5
1244640,1.0,0.25,0.25,0.75,0.0,0.0,0.25,0.0,0.75,0.75,0.75,0.0,0.25,0.25,0.0,0.75,1.0,0.0,1.0,1.0,0.25,0.75,1.0,0.25,0.0,0.75,0.0,0.0,1.0,1.0,0.25,1.0,0.0,1.0,0.75,1.0,0.25,0.0,0.0,0.25,0.25,0.25,0.0,0.0,1.0,0.25,0.0,1.0,0.75,0.25,0.75,0.25,0.25,0.75,1.0,0.25,0.75,0.25,1.0,1.0,0.67,0.83,0.17,0.5,0.83,0.67,0.17,0.0,0.75,0.25,0.25,0.75,0.25,0.75,0.0
1245670,0.75,0.75,0.75,0.75,1.0,0.25,1.0,1.0,0.25,0.0,0.75,1.0,0.25,1.0,0.75,1.0,0.0,0.75,1.0,1.0,1.0,1.0,0.25,1.0,0.75,0.75,1.0,1.0,0.0,0.0,1.0,0.25,1.0,0.25,0.75,0.25,0.75,0.75,0.0,0.75,1.0,0.75,1.0,0.75,1.0,1.0,0.25,1.0,1.0,0.0,0.0,0.75,1.0,0.25,0.0,1.0,0.75,0.75,0.0,0.0,0.17,0.33,1.0,0.0,0.83,0.0,1.0,0.75,0.75,0.5,1.0,0.25,0.5,0.25,0.75
1247644,0.0,0.75,1.0,0.0,0.75,0.75,0.0,1.0,0.0,0.0,0.25,0.25,0.0,0.75,0.0,0.25,0.25,0.25,0.75,1.0,0.0,1.0,0.25,0.75,1.0,0.0,0.75,1.0,1.0,0.0,1.0,0.25,0.75,0.25,0.75,0.0,0.75,0.75,0.0,1.0,1.0,0.75,1.0,1.0,0.25,0.75,0.75,0.25,0.0,0.25,0.0,0.25,0.25,1.0,0.0,0.25,0.25,1.0,0.0,0.25,0.83,0.17,0.5,0.0,0.67,0.33,0.83,0.5,0.75,0.5,0.5,0.25,0.5,0.5,0.75
1248316,0.75,0.75,0.25,0.25,0.0,0.25,0.25,0.0,0.75,0.75,0.25,0.25,0.75,0.25,0.0,0.25,1.0,0.0,0.0,0.75,0.0,0.0,1.0,0.75,0.25,0.75,0.25,0.75,0.0,1.0,0.25,1.0,0.0,0.75,0.75,1.0,0.75,0.25,0.25,0.75,0.25,0.0,0.25,0.25,1.0,0.75,0.75,0.75,0.0,0.25,1.0,0.25,0.0,0.75,1.0,0.0,0.75,0.25,1.0,1.0,1.0,0.67,0.33,1.0,0.17,0.0,0.17,0.25,0.75,0.75,0.25,1.0,1.0,1.0,0.25
1250596,0.75,0.75,1.0,0.75,1.0,1.0,0.0,0.75,0.25,0.25,0.75,0.25,0.25,1.0,0.75,0.75,0.25,0.75,1.0,0.75,1.0,1.0,0.25,1.0,0.75,0.75,0.75,1.0,0.75,0.75,1.0,0.0,1.0,0.0,0.75,0.0,1.0,0.75,0.25,0.75,0.75,0.75,1.0,1.0,0.75,0.75,1.0,0.25,0.75,0.25,0.75,0.75,0.75,0.75,0.0,1.0,0.0,0.75,0.25,0.0,0.67,0.33,0.83,0.0,0.67,0.0,1.0,0.75,0.5,0.25,1.0,0.0,0.5,0.75,0.5
1250979,0.0,0.0,0.0,0.0,0.0,0.75,0.0,0.0,0.0,0.25,0.0,0.25,0.75,0.0,0.0,0.0,1.0,0.75,0.0,1.0,0.25,1.0,1.0,0.0,0.0,0.25,0.0,1.0,0.25,0.75,0.75,1.0,0.0,0.75,0.75,1.0,0.25,0.75,0.0,0.0,0.0,0.0,0.0,0.75,1.0,0.75,0.0,0.25,0.0,0.0,0.25,0.75,1.0,0.25,0.25,0.75,0.75,0.25,0.25,0.25,0.83,0.67,0.33,0.67,0.83,0.83,0.17,0.75,0.25,0.75,0.75,0.75,0.75,0.0,0.25
1251988,0.0,0.75,1.0,0.0,1.0,1.0,0.0,0.75,0.0,0.25,1.0,1.0,0.75,1.0,0.75,0.75,0.0,1.0,1.0,1.0,1.0,1.0,0.0,1.0,1.0,0.75,1.0,1.0,1.0,0.75,1.0,0.25,0.75,0.75,1.0,0.0,1.0,1.0,0.0,0.25,0.75,0.75,1.0,1.0,0.0,0.75,1.0,0.25,0.0,0.75,0.0,0.75,0.75,1.0,0.0,1.0,0.75,1.0,0.0,0.75,1.0,0.67,1.0,0.0,0.5,0.17,1.0,1.0,1.0,0.5,1.0,0.5,0.5,0.0,1.0
1253946,0.0,1.0,0.25,0.0,1.0,1.0,0.75,1.0,1.0,0.0,1.0,0.25,0.25,1.0,1.0,1.0,0.0,1.0,1.0,1.0,1.0,1.0,0.25,1.0,1.0,1.0,1.0,1.0,0.25,0.25,1.0,0.0,1.0,0.75,0.75,0.0,0.75,1.0,0.0,1.0,1.0,1.0,1.0,1.0,0.75,1.0,1.0,0.25,1.0,0.25,0.0,0.75,1.0,0.75,0.0,1.0,0.75,1.0,0.0,0.0,1.0,0.17,0.83,0.0,0.33,0.0,1.0,1.0,1.0,0.5,1.0,0.0,0.5,0.0,1.0
1262168,0.0,0.0,1.0,0.0,0.0,1.0,1.0,1.0,1.0,0.0,0.75,1.0,1.0,0.0,0.0,0.0,1.0,0.0,1.0,1.0,0.0,0.25,0.0,0.0,1.0,0.75,1.0,1.0,1.0,1.0,0.0,1.0,0.0,1.0,1.0,1.0,1.0,1.0,0.0,0.0,0.0,1.0,1.0,1.0,1.0,0.0,1.0,0.0,0.0,1.0,1.0,1.0,1.0,0.0,0.75,0.25,1.0,1.0,1.0,0.0,0.83,0.83,0.83,0.83,0.83,1.0,0.83,0.5,0.5,0.5,0.5,0.25,0.75,0.75,0.5
1262616,0.75,0.0,0.25,0.75,0.75,0.75,1.0,0.0,0.75,0.75,1.0,0.75,1.0,0.75,0.75,0.75,0.25,1.0,0.75,1.0,0.75,1.0,0.0,1.0,0.75,0.75,0.75,0.25,1.0,0.0,0.25,0.25,1.0,0.0,0.0,0.25,0.75,1.0,0.0,1.0,1.0,1.0,0.75,1.0,0.75,1.0,0.75,0.75,1.0,0.25,0.25,1.0,0.75,1.0,0.0,0.75,0.25,0.75,0.0,0.25,0.67,0.83,0.67,0.0,0.83,0.17,0.83,0.5,0.5,0.25,0.75,0.25,0.5,0.5,0.75
1264288,0.25,1.0,0.75,0.25,0.75,0.75,0.25,1.0,0.75,0.25,0.25,1.0,0.25,1.0,1.0,0.25,0.0,1.0,0.75,0.75,1.0,1.0,0.0,1.0,0.75,1.0,1.0,1.0,0.0,0.25,1.0,0.0,1.0,0.0,0.75,0.0,1.0,1.0,0.0,1.0,1.0,1.0,1.0,1.0,0.0,1.0,1.0,0.0,0.75,1.0,0.0,0.25,0.75,0.75,0.0,1.0,0.0,1.0,0.0,0.0,0.33,0.0,0.83,0.33,0.67,0.17,1.0,0.75,1.0,1.0,1.0,0.0,0.0,0.0,1.0
1264809,0.25,0.25,0.75,0.0,0.0,0.0,1.0,0.0,0.75,0.0,0.0,0.0,0.75,0.25,0.75,0.75,1.0,1.0,0.25,1.0,0.0,1.0,1.0,1.0,0.0,0.0,1.0,1.0,1.0,1.0,1.0,1.0,0.0,1.0,1.0,0.0,0.75,0.0,0.25,0.25,1.0,0.25,0.25,0.25,1.0,1.0,1.0,1.0,0.0,0.75,0.25,1.0,1.0,0.75,0.0,1.0,0.25,1.0,0.0,0.0,0.0,0.83,0.17,0.0,0.83,0.83,0.33,0.5,0.75,0.25,0.5,0.75,0.5,0.5,0.75
1268942,1.0,0.0,0.25,0.75,0.0,0.0,1.0,1.0,0.75,0.0,1.0,0.0,1.0,0.75,0.25,0.75,0.25,0.0,1.0,1.0,0.0,1.0,1.0,1.0,0.25,0.25,1.0,1.0,0.25,0.0,0.25,0.25,0.75,0.75,0.75,1.0,0.0,0.75,0.0,1.0,0.75,1.0,0.0,1.0,1.0,0.75,1.0,0.25,0.0,0.25,0.75,0.75,0.75,0.25,0.0,0.75,0.25,0.75,0.0,0.0,0.33,0.67,0.67,0.0,0.83,0.0,0.67,0.5,0.75,0.5,0.5,0.5,0.5,0.5,0.5
1270751,0.0,0.75,1.0,0.25,0.0,0.75,0.75,0.75,1.0,0.0,1.0,1.0,1.0,1.0,0.25,1.0,0.25,1.0,1.0,1.0,0.75,1.0,1.0,1.0,1.0,1.0,1.0,1.0,0.25,1.0,1.0,0.0,0.25,1.0,0.75,1.0,1.0,1.0,0.0,1.0,1.0,1.0,1.0,1.0,1.0,1.0,1.0,1.0,0.0,1.0,0.0,1.0,1.0,0.0,0.0,1.0,1.0,1.0,0.0,0.0,0.67,0.67,0.67,0.33,0.67,0.5,0.67,0.5,0.75,0.25,0.75,0.25,0.75,0.25,0.5
1272059,0.0,1.0,0.75,0.25,1.0,1.0,0.25,0.75,0.0,0.0,1.0,1.0,0.25,1.0,1.0,1.0,0.0,1.0,1.0,1.0,1.0,1.0,1.0,1.0,1.0,1.0,1.0,1.0,0.75,1.0,1.0,0.75,1.0,0.75,1.0,0.0,1.0,1.0,1.0,0.75,1.0,1.0,1.0,1.0,1.0,1.0,1.0,0.0,1.0,1.0,0.0,0.0,0.0,0.25,0.25,1.0,0.25,1.0,0.0,0.0,0.17,0.17,0.83,0.0,0.83,0.0,1.0,0.75,1.0,0.5,0.75,0.5,0.25,0.0,0.75
1273742,1.0,0.25,0.25,1.0,0.25,0.25,0.75,0.75,1.0,0.25,1.0,0.25,0.75,0.75,1.0,1.0,0.0,1.0,0.25,0.25,0.0,0.75,0.75,1.0,1.0,0.75,0.75,1.0,1.0,0.25,0.25,0.75,0.75,0.75,0.25,1.0,0.25,0.75,0.0,1.0,0.75,1.0,0.75,0.75,1.0,1.0,0.75,0.25,0.0,0.0,0.75,0.75,1.0,0.25,0.0,1.0,0.75,0.25,0.0,0.0,0.67,0.83,0.5,0.17,0.83,0.33,0.33,0.25,0.5,0.0,0.75,0.5,0.5,0.5,0.75
1275129,1.0,0.0,1.0,1.0,0.0,0.0,0.0,0.0,1.0,1.0,0.75,0.0,0.75,0.0,0.75,1.0,0.75,0.0,1.0,1.0,0.0,1.0,1.0,1.0,0.0,0.0,0.0,0.0,1.0,1.0,0.0,1.0,0.0,1.0,0.75,1.0,0.0,0.25,0.0,0.0,0.0,0.0,0.0,0.0,1.0,0.0,0.0,1.0,0.0,1.0,0.25,0.0,0.0,1.0,0.0,0.25,1.0,0.0,0.0,0.75,0.0,1.0,0.0,0.0,1.0,0.5,0.0,0.0,0.0,0.0,0.0,0.5,0.25,0.5,0.0
1276469,0.25,0.0,1.0,1.0,0.0,0.0,0.0,1.0,1.0,1.0,0.0,0.0,0.0,1.0,0.0,1.0,1.0,0.0,1.0,1.0,0.0,1.0,1.0,1.0,1.0,1.0,0.0,0.75,1.0,1.0,0.0,1.0,0.0,1.0,0.0,1.0,0.0,1.0,0.0,0.0,0.0,0.0,0.0,0.0,1.0,0.0,1.0,1.0,0.0,1.0,0.0,0.0,1.0,0.0,1.0,0.0,1.0,0.0,1.0,1.0,0.67,1.0,0.67,0.83,0.67,1.0,0.0,0.0,0.75,0.5,0.5,1.0,0.75,0.5,0.0
1278008,0.25,1.0,0.25,0.25,1.0,1.0,0.0,0.75,0.25,0.25,0.25,0.0,0.0,0.75,0.0,1.0,0.25,0.0,0.75,1.0,0.0,1.0,0.75,0.0,1.0,0.75,1.0,0.75,0.0,0.0,1.0,1.0,0.0,0.0,0.75,0.0,1.0,1.0,1.0,0.0,1.0,1.0,1.0,0.75,0.25,0.75,1.0,0.0,0.25,0.75,0.75,1.0,1.0,0.75,0.0,1.0,0.0,1.0,0.0,1.0,0.33,1.0,0.83,0.67,0.83,0.83,0.17,1.0,1.0,0.75,0.75,0.75,0.25,0.0,0.25
1278739,0.25,0.25,1.0,0.0,0.0,0.0,0.75,1.0,0.75,0.0,0.75,0.0,0.25,0.25,0.0,0.25,1.0,0.0,0.25,0.25,0.0,1.0,0.75,1.0,0.0,1.0,0.75,0.25,1.0,0.25,1.0,1.0,0.25,0.0,0.25,0.75,0.75,0.0,0.75,0.75,1.0,0.75,0.75,1.0,0.75,1.0,1.0,0.25,0.0,0.75,1.0,1.0,0.75,0.75,0.75,0.75,1.0,0.0,0.0,0.0,0.17,0.83,0.0,0.0,0.83,0.5,0.5,0.25,0.5,0.25,0.5,0.5,0.75,0.75,0.25
1281392,0.0,0.75,0.25,0.25,0.75,0.75,0.25,1.0,0.75,1.0,0.25,0.75,0.75,1.0,0.75,0.75,0.0,1.0,0.75,0.25,1.0,1.0,0.25,0.25,1.0,0.75,1.0,1.0,0.75,0.25,1.0,0.0,1.0,0.0,0.25,0.0,1.0,0.75,0.0,1.0,1.0,1.0,0.75,1.0,0.75,1.0,1.0,0.25,0.75,0.75,0.0,0.0,0.0,0.75,0.0,0.75,0.0,1.0,0.25,0.0,0.17,0.33,0.67,0.0,0.33,0.33,1.0,0.75,1.0,0.75,0.75,0.0,0.75,0.0,0.75
1281488,1.0,0.25,0.25,0.0,0.75,0.25,0.0,0.0,0.75,1.0,0.75,0.0,0.0,0.25,0.0,0.0,1.0,0.0,0.25,1.0,0.0,0.0,0.75,1.0,0.75,0.0,0.75,1.0,1.0,1.0,0.75,1.0,0.0,1.0,0.75,1.0,0.75,0.0,1.0,0.0,0.0,0.0,0.0,0.75,1.0,0.75,1.0,1.0,0.0,0.75,1.0,0.25,0.0,0.25,1.0,0.0,0.75,0.75,1.0,1.0,1.0,0.67,0.17,0.67,0.67,0.83,0.0,0.25,0.75,0.75,0.25,0.75,0.75,0.75,0.0
1284322,0.25,0.75,1.0,0.0,1.0,1.0,0.75,0.25,0.0,0.25,0.75,0.75,0.0,1.0,1.0,0.75,0.0,1.0,0.75,0.75,1.0,1.0,0.0,0.75,1.0,0.75,0.75,0.75,0.0,0.25,1.0,0.0,1.0,0.0,0.75,0.0,1.0,1.0,0.25,1.0,1.0,1.0,0.75,1.0,0.75,0.75,0.75,0.0,1.0,0.25,0.0,0.75,0.75,0.25,0.0,1.0,0.0,1.0,0.0,0.0,0.5,0.33,1.0,0.0,0.67,0.0,1.0,0.75,1.0,0.5,1.0,0.0,0.5,0.25,0.75
1284625,1.0,0.0,1.0,0.0,0.0,0.25,0.0,1.0,0.75,1.0,0.0,1.0,1.0,1.0,0.0,0.25,1.0,0.0,1.0,0.0,0.0,1.0,1.0,1.0,0.0,0.0,0.0,0.0,1.0,1.0,0.0,1.0,0.0,1.0,1.0,1.0,1.0,0.0,0.0,1.0,0.0,0.0,0.75,1.0,1.0,0.0,0.0,1.0,0.0,1.0,1.0,1.0,0.0,1.0,0.0,1.0,1.0,0.0,0.0,1.0,0.83,1.0,0.33,1.0,1.0,0.83,0.33,0.25,0.75,0.25,0.75,0.75,0.5,0.75,0.25
1288354,0.25,1.0,0.0,1.0,0.25,0.0,0.75,0.0,0.0,0.75,0.0,0.75,0.25,0.25,0.0,0.75,0.75,0.75,0.75,0.75,0.0,1.0,0.0,0.0,0.75,0.75,1.0,0.75,0.0,0.75,0.25,0.75,0.75,0.0,0.75,1.0,0.75,0.25,1.0,0.75,0.25,0.0,0.0,0.0,1.0,0.0,0.25,0.75,0.25,0.75,0.0,0.75,1.0,0.75,0.25,1.0,1.0,0.0,0.0,0.0,0.5,0.67,0.83,0.0,0.83,0.67,0.5,0.5,0.5,0.25,0.5,0.25,0.25,0.25,0.25
1291286,0.0,0.75,1.0,0.25,1.0,1.0,0.75,0.75,0.25,0.25,0.25,0.75,0.75,0.75,0.75,0.75,0.25,0.75,0.75,0.75,0.75,1.0,0.25,1.0,0.75,0.75,0.75,1.0,0.75,0.25,1.0,0.25,0.25,0.25,0.75,0.75,1.0,0.75,0.25,0.75,0.75,0.75,0.75,1.0,1.0,0.75,1.0,0.25,0.25,0.25,0.0,0.75,0.75,0.75,0.0,0.75,0.75,1.0,0.25,0.0,0.67,0.67,0.67,0.17,0.83,0.33,1.0,0.75,1.0,0.25,0.75,0.25,0.5,0.0,0.5
1292129,0.0,0.75,0.75,0.0,0.25,1.0,0.0,1.0,0.25,0.0,0.75,0.25,0.75,0.25,0.0,0.75,0.75,0.0,0.0,0.0,0.0,0.0,0.25,1.0,1.0,0.25,1.0,1.0,0.0,0.0,1.0,0.75,0.0,0.75,0.75,0.75,0.75,0.75,0.25,0.0,0.0,0.75,0.75,1.0,0.0,0.75,1.0,1.0,0.0,1.0,0.0,0.0,0.0,1.0,1.0,0.0,0.0,1.0,0.75,1.0,0.0,0.67,0.83,0.83,0.67,0.67,0.33,0.75,0.5,0.5,0.5,0.5,0.75,0.0,0.5
1294109,0.25,1.0,0.75,0.0,1.0,1.0,0.75,1.0,0.25,0.25,0.25,0.75,0.75,0.75,0.75,0.75,0.25,0.75,1.0,0.75,0.75,1.0,1.0,0.75,0.75,0.75,1.0,1.0,1.0,0.75,1.0,0.75,0.75,0.75,0.75,0.25,0.25,0.25,0.0,0.75,0.75,0.75,0.75,1.0,1.0,0.75,0.25,1.0,0.0,1.0,0.0,0.75,0.75,1.0,0.0,0.25,0.75,1.0,0.0,0.25,0.17,0.67,0.83,0.33,0.17,0.5,0.67,0.75,0.75,0.75,0.5,0.75,0.25,0.0,0.75
1295624,0.75,0.75,0.75,0.25,1.0,1.0,1.0,0.75,0.75,0.25,0.75,0.0,0.0,1.0,0.25,0.25,0.25,0.0,0.75,1.0,0.75,1.0,0.75,0.75,0.75,0.0,1.0,0.25,0.25,0.25,1.0,1.0,1.0,0.25,1.0,0.0,1.0,0.75,0.0,1.0,1.0,1.0,1.0,1.0,0.75,0.75,0.25,0.75,0.75,0.75,0.25,0.25,0.25,0.75,0.25,0.75,0.25,1.0,0.25,0.75,1.0,0.5,0.83,0.0,0.33,0.33,1.0,1.0,1.0,1.0,1.0,0.25,0.75,0.25,0.75
1296523,1.0,0.75,0.0,0.25,0.25,0.75,0.25,0.75,0.75,0.25,0.75,0.75,1.0,1.0,0.75,0.75,0.25,1.0,1.0,1.0,0.25,1.0,0.25,1.0,1.0,0.25,1.0,1.0,1.0,1.0,0.75,0.75,1.0,0.75,1.0,0.0,0.75,0.75,0.25,1.0,1.0,0.75,0.75,1.0,1.0,1.0,1.0,0.0,0.75,0.75,0.75,0.75,0.75,1.0,0.25,0.75,0.75,0.75,0.25,0.0,0.83,0.33,0.83,0.17,0.67,0.0,0.83,0.75,0.75,0.25,0.5,0.5,0.5,0.75,0.75
1302777,0.75,0.75,0.25,0.0,0.25,0.75,0.75,0.75,0.25,0.25,0.75,0.75,0.25,1.0,0.25,0.25,0.75,0.0,1.0,0.25,0.25,1.0,0.75,0.25,0.25,0.75,1.0,0.75,0.75,0.25,0.75,0.75,0.25,0.25,0.75,0.75,0.75,0.25,0.25,0.25,0.75,0.75,1.0,0.75,0.75,0.25,0.75,1.0,0.0,0.75,0.75,0.75,0.75,0.75,0.25,0.75,1.0,0.75,0.25,0.25,0.5,0.5,0.5,0.5,0.5,0.17,0.5,0.5,0.75,0.5,0.5,0.5,0.75,0.5,0.5
1303126,0.25,0.75,1.0,0.0,1.0,0.75,1.0,0.75,0.25,0.75,0.75,0.0,0.25,0.75,0.0,0.0,1.0,0.75,0.25,1.0,1.0,1.0,0.75,0.75,1.0,0.75,1.0,1.0,0.75,0.25,1.0,0.75,1.0,0.0,0.75,0.0,0.75,1.0,0.25,1.0,1.0,0.75,1.0,1.0,0.75,0.75,0.75,0.0,0.0,0.75,0.0,0.75,0.75,0.75,0.25,0.75,0.25,1.0,0.75,0.25,0.5,0.0,0.67,0.0,1.0,0.5,1.0,1.0,1.0,0.5,1.0,0.25,0.5,0.0,0.75
1303925,0.0,1.0,1.0,0.25,1.0,1.0,0.25,0.25,0.0,0.0,0.0,0.25,0.25,1.0,1.0,0.75,0.0,1.0,0.75,1.0,1.0,1.0,0.0,1.0,1.0,0.75,1.0,1.0,0.0,0.0,1.0,0.0,1.0,0.0,0.25,0.0,1.0,1.0,0.0,1.0,1.0,1.0,1.0,1.0,0.75,1.0,1.0,0.0,1.0,0.75,0.0,0.75,0.75,0.75,0.0,1.0,0.0,1.0,0.0,0.0,0.0,0.0,1.0,0.0,0.5,0.0,1.0,0.5,1.0,1.0,1.0,0.0,0.0,0.0,1.0
1304653,0.0,0.0,0.0,0.0,1.0,0.0,1.0,0.0,0.0,1.0,1.0,1.0,1.0,0.0,0.0,0.0,0.0,1.0,1.0,1.0,0.0,1.0,1.0,0.0,0.0,0.0,1.0,0.0,1.0,1.0,1.0,0.0,1.0,1.0,1.0,0.0,1.0,0.0,0.25,1.0,1.0,1.0,1.0,1.0,0.25,1.0,1.0,1.0,0.0,1.0,0.0,1.0,0.0,0.0,0.0,1.0,1.0,1.0,1.0,0.0,1.0,1.0,0.17,0.33,0.67,1.0,1.0,0.75,0.75,1.0,0.75,0.0,0.75,0.25,0.0
1304733,0.0,0.0,1.0,0.0,0.0,1.0,1.0,1.0,1.0,0.0,1.0,0.0,0.0,1.0,0.0,1.0,0.0,0.0,1.0,0.0,0.0,1.0,0.0,1.0,1.0,0.0,0.0,1.0,0.0,0.0,0.75,0.0,1.0,0.0,1.0,0.0,1.0,1.0,1.0,0.0,1.0,0.0,1.0,0.0,0.0,0.0,1.0,0.0,0.0,1.0,0.0,1.0,1.0,0.0,0.0,1.0,1.0,1.0,0.0,0.0,0.67,0.83,0.17,0.17,0.17,0.17,0.67,0.75,0.75,0.25,0.75,0.75,0.75,0.75,0.75
1304979,0.75,0.25,0.25,0.75,0.25,0.25,0.75,0.0,0.75,0.0,0.75,0.0,0.75,0.0,0.0,0.75,1.0,0.0,1.0,0.25,0.0,1.0,0.25,0.25,1.0,0.75,0.25,1.0,0.0,1.0,0.0,0.75,0.0,0.25,1.0,1.0,0.75,0.25,0.0,0.25,0.25,0.75,0.0,0.75,1.0,1.0,0.0,1.0,0.0,0.0,1.0,0.0,1.0,0.0,1.0,0.25,0.75,0.75,0.75,0.0,0.17,0.83,0.33,0.0,0.83,0.67,0.83,0.25,0.75,0.25,0.75,0.5,1.0,1.0,0.0
1306679,0.0,1.0,1.0,0.0,0.0,1.0,0.75,0.25,1.0,0.75,0.0,0.0,0.0,1.0,0.0,0.75,1.0,0.25,0.0,1.0,0.0,1.0,1.0,1.0,0.0,0.0,1.0,1.0,1.0,0.75,1.0,1.0,0.0,1.0,0.0,0.0,0.75,1.0,0.0,1.0,1.0,0.0,0.0,1.0,1.0,1.0,0.25,0.0,1.0,1.0,1.0,1.0,0.0,1.0,0.0,1.0,1.0,0.75,1.0,1.0,0.5,0.67,0.67,0.67,0.67,0.67,0.67,0.75,0.75,0.75,0.75,0.75,0.75,0.75,0.75
1307098,0.25,1.0,1.0,0.25,0.75,1.0,0.25,1.0,0.25,0.0,0.75,0.25,0.25,1.0,0.25,0.75,0.0,0.25,0.0,1.0,0.0,1.0,0.25,1.0,1.0,0.25,0.75,1.0,0.75,0.25,1.0,0.25,1.0,0.25,0.25,0.25,0.75,0.75,0.0,1.0,1.0,1.0,1.0,1.0,0.25,0.75,0.75,0.75,0.75,0.75,0.25,1.0,1.0,1.0,0.0,1.0,0.25,1.0,0.0,0.0,0.67,0.33,0.83,0.17,0.83,0.17,1.0,0.75,1.0,0.25,0.5,0.0,0.75,0.5,0.75
1307610,0.75,0.75,1.0,0.25,0.75,0.75,0.75,0.75,0.75,0.0,0.75,0.25,0.25,0.75,1.0,1.0,0.0,0.75,0.75,1.0,0.75,1.0,0.0,1.0,0.75,1.0,0.75,1.0,0.25,0.75,1.0,0.0,1.0,0.0,0.75,0.0,1.0,1.0,0.25,1.0,0.75,1.0,0.75,0.75,1.0,0.75,0.75,0.0,0.25,0.25,0.25,0.75,0.75,0.25,0.0,1.0,0.75,1.0,0.0,0.0,0.67,0.33,0.67,0.17,0.83,0.0,1.0,0.75,0.75,0.25,1.0,0.0,0.5,0.25,0.75
1309432,1.0,0.25,0.75,1.0,0.0,0.25,0.25,0.75,0.0,0.25,1.0,0.0,0.25,0.75,0.0,0.0,1.0,0.0,0.0,1.0,0.25,0.0,0.25,0.0,0.0,0.0,0.0,0.75,0.75,0.75,0.0,1.0,0.0,0.25,0.75,1.0,0.0,0.0,1.0,0.0,0.25,0.25,0.75,0.75,1.0,1.0,0.75,0.25,0.0,0.25,1.0,1.0,1.0,0.0,0.0,0.75,0.75,0.25,0.25,0.0,1.0,1.0,0.17,0.17,0.83,0.83,0.17,0.25,0.75,0.25,0.5,0.5,0.75,0.75,0.5
1310018,0.0,1.0,0.25,0.0,1.0,1.0,0.0,0.75,0.0,0.0,1.0,0.75,0.0,1.0,1.0,0.25,0.0,1.0,1.0,1.0,0.75,1.0,0.0,1.0,1.0,1.0,1.0,1.0,0.0,0.0,0.75,0.0,1.0,0.25,0.25,0.0,0.25,1.0,0.25,1.0,1.0,1.0,1.0,0.75,0.0,0.75,1.0,0.25,0.75,0.75,0.0,0.75,0.75,0.0,0.0,1.0,0.0,1.0,0.0,0.25,1.0,0.0,1.0,0.0,0.5,0.0,1.0,1.0,0.75,0.25,0.75,0.0,0.5,0.0,0.75
1310739,0.0,1.0,1.0,0.0,0.25,1.0,1.0,1.0,0.75,0.0,1.0,0.0,1.0,1.0,1.0,0.75,0.0,1.0,0.0,1.0,0.0,1.0,0.0,1.0,1.0,0.75,1.0,1.0,1.0,1.0,1.0,0.25,1.0,1.0,1.0,0.0,0.25,1.0,1.0,1.0,1.0,1.0,1.0,1.0,1.0,1.0,1.0,0.0,0.0,0.0,0.0,0.75,1.0,0.0,0.0,1.0,1.0,1.0,0.0,0.0,0.33,0.33,0.67,0.67,0.67,0.67,0.67,0.5,0.75,0.25,0.75,0.25,0.75,0.5,0.5
1313141,1.0,0.75,1.0,0.0,0.75,1.0,1.0,0.0,0.25,0.75,0.0,1.0,0.0,1.0,1.0,0.75,0.0,1.0,1.0,0.75,1.0,1.0,0.0,1.0,1.0,0.75,1.0,0.75,0.0,0.25,1.0,0.25,1.0,0.0,0.25,0.0,0.75,0.75,0.25,0.25,1.0,0.75,1.0,1.0,0.75,0.75,1.0,0.0,0.0,0.0,0.0,0.25,0.0,0.25,0.0,1.0,0.75,1.0,0.0,0.25,0.33,0.5,0.83,0.0,0.67,0.0,0.33,1.0,0.75,0.75,0.75,0.25,0.5,0.0,0.75
1314373,0.0,1.0,0.0,0.0,1.0,0.75,0.0,0.0,0.0,1.0,0.0,0.25,0.0,0.0,0.0,0.0,0.0,1.0,1.0,1.0,0.0,1.0,0.0,1.0,1.0,1.0,1.0,1.0,1.0,1.0,1.0,0.0,0.0,1.0,0.0,0.0,1.0,1.0,0.0,1.0,1.0,1.0,1.0,1.0,0.0,1.0,1.0,1.0,1.0,0.0,0.0,0.0,1.0,0.0,0.0,1.0,1.0,1.0,0.0,0.0,0.17,0.17,0.67,0.17,0.83,0.83,0.83,0.0,0.25,0.0,0.75,0.25,0.25,0.0,0.75
1314557,0.75,1.0,1.0,0.0,1.0,1.0,0.75,1.0,0.0,0.0,0.75,0.75,0.0,1.0,1.0,1.0,0.0,1.0,0.25,1.0,1.0,1.0,0.0,1.0,1.0,0.75,1.0,1.0,0.0,0.25,1.0,0.0,1.0,0.0,0.75,0.0,1.0,1.0,0.0,1.0,1.0,1.0,1.0,1.0,0.75,1.0,1.0,0.0,1.0,0.25,0.25,1.0,1.0,0.75,0.0,1.0,0.0,1.0,0.0,0.0,0.83,0.0,0.83,0.0,0.83,0.33,1.0,1.0,1.0,0.25,1.0,0.0,0.5,0.5,1.0
1315054,0.25,0.75,0.0,0.25,0.0,0.25,0.25,0.75,0.25,0.75,0.25,0.75,0.75,0.75,0.0,0.0,0.75,0.0,0.75,0.75,0.0,0.75,0.75,1.0,0.75,0.25,0.75,0.75,0.75,0.75,0.75,0.75,0.0,0.75,0.75,1.0,0.75,0.25,0.75,0.25,0.75,0.25,0.75,0.75,0.75,0.25,0.25,0.75,0.25,0.75,0.75,0.75,0.25,0.75,0.75,0.25,0.25,0.75,0.25,0.75,0.67,0.67,0.17,0.83,0.33,0.67,0.33,0.25,0.75,0.5,0.5,0.5,0.5,0.75,0.5
1317040,0.0,1.0,0.75,0.25,1.0,0.75,0.0,0.25,0.0,0.25,0.75,0.0,0.75,0.75,0.0,0.0,1.0,0.0,0.75,0.25,0.0,0.0,0.75,0.25,0.25,0.25,1.0,0.0,0.0,1.0,0.75,1.0,0.75,0.75,1.0,0.0,1.0,0.25,0.75,0.0,1.0,1.0,0.75,1.0,1.0,0.75,0.75,0.25,0.25,0.75,1.0,0.25,0.0,0.0,0.75,0.75,0.25,0.75,0.25,0.25,1.0,0.67,0.33,0.17,0.83,0.83,0.17,0.25,1.0,1.0,0.75,1.0,1.0,1.0,0.25
1322435,1.0,0.75,0.25,0.25,0.0,0.25,0.75,0.0,0.25,0.25,0.0,0.0,1.0,0.75,0.0,0.75,1.0,0.0,0.25,0.0,0.0,0.0,0.25,0.25,0.75,0.75,0.75,0.75,0.75,0.75,0.75,0.75,0.0,0.75,1.0,0.75,0.75,0.75,1.0,0.25,0.25,1.0,1.0,0.75,0.75,0.75,1.0,1.0,0.0,0.75,1.0,1.0,1.0,0.0,1.0,0.75,0.75,0.25,0.75,0.75,1.0,1.0,0.67,1.0,0.17,0.33,0.67,0.75,0.75,0.75,0.75,0.25,1.0,1.0,0.25
1326251,0.0,1.0,0.75,0.0,1.0,1.0,0.25,0.75,0.25,0.0,1.0,0.75,0.25,1.0,0.75,1.0,0.0,1.0,0.75,1.0,0.75,0.75,0.0,1.0,1.0,0.75,0.75,1.0,0.25,0.0,1.0,0.0,1.0,0.0,0.25,0.0,1.0,0.75,0.0,1.0,1.0,1.0,1.0,1.0,0.75,1.0,1.0,0.0,0.75,0.75,0.25,1.0,1.0,0.0,1.0,1.0,1.0,1.0,0.0,0.0,1.0,0.33,1.0,0.17,1.0,0.0,1.0,1.0,1.0,0.0,1.0,0.0,0.5,0.5,0.75
1327477,0.25,0.75,1.0,1.0,1.0,1.0,0.75,1.0,0.25,0.0,1.0,0.75,0.25,1.0,0.25,0.75,0.25,1.0,0.75,1.0,0.75,1.0,0.75,1.0,1.0,0.0,1.0,0.75,0.75,0.75,1.0,0.75,1.0,0.0,0.75,0.0,0.75,0.75,0.75,1.0,0.75,0.75,1.0,1.0,0.75,0.75,1.0,0.25,0.25,0.0,0.0,0.75,0.25,0.75,0.0,1.0,1.0,1.0,0.0,0.0,1.0,0.67,0.67,0.0,0.83,0.0,1.0,0.75,0.75,0.25,0.75,0.25,0.25,0.25,0.75
1337441,0.25,1.0,1.0,0.0,1.0,1.0,1.0,0.25,0.0,0.75,1.0,0.75,0.25,0.75,0.25,0.75,0.25,1.0,0.25,0.0,0.75,1.0,0.25,0.25,0.75,1.0,1.0,1.0,1.0,0.25,1.0,0.0,1.0,0.25,0.75,0.0,1.0,1.0,0.25,0.75,1.0,1.0,1.0,1.0,1.0,1.0,0.75,1.0,1.0,1.0,0.75,0.75,0.25,0.25,0.0,0.75,0.75,1.0,0.0,0.25,0.67,0.83,0.83,0.0,1.0,0.67,1.0,0.75,1.0,0.25,1.0,0.0,1.0,0.5,1.0
1338528,0.75,1.0,0.75,0.25,0.75,0.75,0.0,0.75,0.25,0.75,0.75,0.25,0.75,0.75,0.25,0.0,0.25,0.75,0.0,0.0,0.0,0.0,0.25,0.0,0.75,1.0,1.0,1.0,0.25,0.75,0.75,0.25,0.0,0.75,0.25,0.75,1.0,0.75,0.25,0.25,0.75,0.25,0.75,1.0,0.0,0.25,1.0,0.75,0.0,0.25,0.25,0.25,0.75,1.0,0.25,0.25,0.25,0.75,0.75,0.25,0.83,0.33,0.83,1.0,0.5,0.0,0.67,0.75,0.5,0.5,0.5,0.5,0.5,0.5,0.5
1341161,0.75,1.0,0.0,0.0,1.0,1.0,0.25,0.75,0.25,0.75,0.75,1.0,1.0,1.0,1.0,1.0,0.75,1.0,1.0,1.0,1.0,1.0,1.0,1.0,1.0,1.0,1.0,1.0,0.25,0.25,1.0,0.0,1.0,0.0,1.0,0.0,0.75,1.0,0.0,0.75,1.0,1.0,1.0,1.0,0.25,0.75,1.0,0.75,0.25,0.75,0.0,0.0,0.0,1.0,0.25,1.0,0.75,1.0,0.25,0.0,0.33,0.17,0.67,0.33,0.5,0.0,1.0,0.75,0.75,0.75,0.75,0.0,0.5,0.0,0.75
1341401,0.0,1.0,0.75,0.0,1.0,1.0,1.0,1.0,0.0,0.25,0.75,1.0,0.25,1.0,1.0,0.75,0.0,1.0,1.0,0.75,1.0,1.0,0.0,0.75,1.0,0.75,1.0,1.0,0.25,0.0,1.0,0.0,1.0,0.0,0.75,0.25,0.75,1.0,0.0,1.0,1.0,1.0,1.0,1.0,0.25,1.0,1.0,0.0,1.0,0.75,0.0,1.0,1.0,1.0,0.0,1.0,0.25,1.0,0.0,0.0,0.33,0.0,1.0,0.0,0.83,0.17,1.0,1.0,1.0,0.5,1.0,0.0,0.25,0.25,1.0
1343143,0.0,0.0,1.0,0.0,1.0,1.0,0.0,1.0,0.0,0.25,1.0,0.25,0.0,1.0,0.0,1.0,0.75,1.0,0.75,0.75,0.75,1.0,0.0,1.0,0.0,0.25,0.75,1.0,1.0,0.75,0.75,0.75,1.0,0.25,0.25,0.0,0.75,0.75,0.0,1.0,1.0,1.0,0.75,1.0,0.25,0.25,1.0,1.0,0.75,0.75,0.25,0.75,0.0,0.25,0.0,0.25,0.0,1.0,0.0,1.0,0.83,0.67,1.0,0.0,0.83,0.0,1.0,1.0,1.0,0.5,0.75,0.25,0.25,0.25,0.5
1344618,0.75,1.0,0.75,0.25,1.0,1.0,0.25,0.75,0.25,0.25,0.75,0.75,0.25,0.75,0.75,0.75,0.0,1.0,1.0,0.75,1.0,1.0,0.0,0.75,1.0,1.0,0.75,1.0,0.0,0.0,1.0,0.0,0.75,0.0,0.0,0.0,0.75,1.0,0.0,0.75,1.0,1.0,1.0,1.0,0.25,1.0,1.0,0.0,0.75,0.75,0.0,0.0,0.0,0.75,0.0,0.75,0.0,1.0,0.0,0.0,0.17,0.17,1.0,0.17,0.5,0.17,1.0,0.75,0.75,0.5,0.75,0.25,0.5,0.25,0.5
1346210,0.0,0.0,1.0,0.0,1.0,0.75,1.0,1.0,0.0,1.0,0.25,0.75,1.0,0.25,0.25,1.0,1.0,0.0,1.0,1.0,0.75,1.0,0.0,0.0,1.0,0.25,1.0,1.0,1.0,0.0,1.0,1.0,0.25,0.25,1.0,1.0,1.0,0.0,1.0,0.25,0.25,1.0,0.25,0.75,1.0,1.0,0.75,0.0,1.0,0.0,1.0,0.0,1.0,0.0,0.25,1.0,1.0,1.0,0.0,0.0,0.33,0.33,0.0,0.67,0.67,0.83,0.0,0.5,1.0,0.5,0.5,0.5,1.0,1.0,0.25
1350266,1.0,0.25,0.75,1.0,0.25,0.75,1.0,1.0,1.0,0.75,1.0,0.0,1.0,0.75,0.75,0.75,0.0,0.75,0.75,0.25,0.75,1.0,0.25,1.0,0.0,0.75,0.25,0.75,0.0,1.0,1.0,0.75,0.75,0.25,1.0,0.0,1.0,0.75,1.0,0.75,0.75,0.25,1.0,1.0,0.75,1.0,1.0,0.0,0.0,0.0,0.75,1.0,1.0,1.0,0.0,1.0,0.75,0.25,0.0,0.0,0.83,0.83,0.17,0.0,0.83,0.67,0.67,0.5,0.75,0.25,0.75,0.25,0.75,0.75,0.75
1350649,0.75,0.25,1.0,0.75,0.0,1.0,0.25,0.75,0.75,0.25,1.0,1.0,0.25,1.0,0.75,0.75,0.0,1.0,1.0,1.0,0.75,1.0,0.0,1.0,1.0,1.0,1.0,1.0,1.0,0.75,1.0,0.0,1.0,0.0,0.75,0.0,1.0,0.75,0.0,1.0,1.0,0.75,0.25,0.75,1.0,0.75,0.75,0.25,0.75,0.75,0.0,1.0,0.75,0.75,0.0,0.75,0.25,1.0,0.0,0.0,0.17,0.0,1.0,0.0,0.83,0.0,1.0,0.75,0.75,0.25,1.0,0.0,0.0,0.0,1.0
1354247,0.25,0.75,1.0,0.25,0.25,0.0,0.25,0.0,0.25,0.75,0.25,0.0,0.0,0.75,0.0,0.25,0.75,0.0,0.0,0.75,0.0,0.0,0.25,0.75,0.0,0.25,0.0,0.75,0.25,1.0,0.0,0.75,0.0,1.0,1.0,0.75,1.0,0.0,1.0,0.25,0.75,0.25,0.75,0.25,1.0,0.75,0.75,0.75,0.0,0.0,0.75,0.25,1.0,0.75,0.25,0.0,0.25,0.25,0.75,0.25,0.83,0.83,0.83,0.33,0.67,0.67,0.33,0.5,0.75,0.25,0.5,0.5,0.5,0.5,0.5
1363116,0.25,1.0,0.75,0.75,0.75,0.75,0.25,0.75,0.75,0.0,1.0,0.75,1.0,0.75,1.0,1.0,0.0,0.75,1.0,0.0,0.0,1.0,0.25,1.0,0.75,0.75,0.75,1.0,1.0,0.75,1.0,0.25,1.0,0.25,0.75,0.0,1.0,1.0,0.25,0.75,0.75,1.0,1.0,0.25,1.0,1.0,0.75,0.25,0.25,0.75,0.25,1.0,1.0,0.25,0.0,1.0,0.25,0.25,0.0,0.0,0.67,0.67,0.83,0.33,1.0,0.0,0.83,0.75,1.0,0.25,0.75,0.25,0.75,0.75,0.75
1363194,0.25,0.75,0.25,0.25,0.75,0.75,0.25,0.75,0.0,0.0,1.0,0.25,0.75,1.0,1.0,0.25,0.0,1.0,0.75,0.25,1.0,1.0,0.25,1.0,0.75,0.25,1.0,1.0,0.75,0.75,1.0,0.25,1.0,0.0,0.75,0.25,0.75,0.75,0.0,1.0,1.0,0.75,1.0,1.0,0.75,0.75,1.0,0.25,0.75,0.25,0.25,0.75,1.0,0.75,0.0,1.0,0.75,1.0,0.0,0.0,0.5,0.17,0.67,0.0,0.5,0.33,0.83,0.5,0.75,0.5,0.5,0.25,0.75,0.5,0.75
1364079,0.0,0.0,1.0,0.0,1.0,0.0,0.0,1.0,0.0,1.0,0.0,0.0,1.0,1.0,0.0,1.0,0.0,0.0,1.0,0.0,0.0,1.0,0.75,1.0,0.0,0.0,0.0,0.0,1.0,1.0,0.0,0.0,0.0,1.0,0.0,1.0,0.0,1.0,0.0,0.0,1.0,1.0,0.0,1.0,1.0,0.0,0.0,1.0,0.0,1.0,1.0,0.0,0.0,1.0,0.0,0.0,0.0,0.0,0.0,1.0,1.0,1.0,0.17,0.0,0.5,0.83,0.5,0.0,1.0,1.0,0.75,0.75,0.75,0.75,0.5
1365206,0.25,1.0,1.0,0.25,1.0,1.0,0.25,1.0,0.0,0.0,1.0,0.25,0.0,1.0,1.0,1.0,0.25,1.0,0.75,0.75,1.0,1.0,0.25,1.0,0.75,0.75,1.0,0.75,0.75,0.25,1.0,0.75,0.75,0.25,0.75,0.0,0.75,0.25,0.25,0.75,0.75,0.75,1.0,1.0,1.0,1.0,1.0,0.0,0.0,0.0,0.25,1.0,1.0,0.25,0.0,1.0,0.25,0.75,0.0,0.0,0.83,0.33,1.0,0.0,0.67,0.0,1.0,0.75,0.5,0.25,0.75,0.25,0.5,0.5,0.75
1365967,0.25,1.0,1.0,0.25,1.0,1.0,0.25,0.75,1.0,0.25,1.0,1.0,0.75,1.0,0.75,0.75,0.0,1.0,0.75,1.0,0.25,1.0,0.0,1.0,1.0,0.0,1.0,1.0,1.0,1.0,1.0,1.0,1.0,0.25,0.75,1.0,1.0,1.0,0.75,1.0,1.0,1.0,1.0,1.0,0.75,1.0,1.0,0.0,0.25,1.0,0.0,0.25,1.0,0.25,0.0,1.0,1.0,1.0,0.0,0.0,1.0,0.83,1.0,0.33,0.33,0.17,1.0,0.75,1.0,0.25,0.75,0.5,0.5,0.25,0.75
1366302,1.0,1.0,0.25,0.0,1.0,1.0,0.75,1.0,0.75,0.25,1.0,1.0,0.25,1.0,1.0,1.0,0.25,1.0,0.75,1.0,0.75,1.0,0.0,1.0,1.0,1.0,1.0,0.75,0.25,0.75,1.0,1.0,1.0,0.25,1.0,0.25,1.0,0.0,0.75,1.0,1.0,1.0,0.75,1.0,0.25,1.0,1.0,0.0,1.0,1.0,0.0,0.0,1.0,1.0,0.25,1.0,0.75,1.0,0.0,0.25,0.0,0.5,1.0,0.0,0.83,0.17,1.0,1.0,1.0,0.25,1.0,0.25,0.5,0.0,1.0
1369291,1.0,0.0,1.0,0.0,0.0,0.75,0.0,0.0,1.0,1.0,0.0,0.0,1.0,0.0,0.0,0.25,1.0,0.0,0.0,0.75,0.0,0.0,1.0,1.0,0.0,0.25,0.0,1.0,1.0,1.0,0.75,1.0,0.0,1.0,0.0,1.0,0.0,1.0,0.25,1.0,0.75,0.0,0.75,0.0,1.0,0.0,0.0,1.0,0.0,1.0,1.0,0.0,0.0,0.0,0.75,0.0,0.75,0.0,1.0,1.0,1.0,1.0,0.0,0.0,1.0,1.0,0.0,0.0,1.0,0.0,0.0,1.0,1.0,1.0,0.0
1372822,0.0,1.0,1.0,0.0,0.0,0.0,0.0,0.0,0.0,1.0,0.0,1.0,1.0,0.0,0.0,0.0,1.0,0.0,0.0,1.0,0.0,1.0,1.0,0.0,0.0,0.0,1.0,1.0,0.0,0.0,1.0,1.0,0.0,0.0,0.0,0.0,1.0,1.0,0.0,0.0,1.0,1.0,1.0,0.0,0.0,0.0,0.0,1.0,0.0,1.0,1.0,0.0,0.0,1.0,1.0,0.0,1.0,1.0,0.0,0.0,0.83,0.67,0.83,0.83,0.17,0.83,0.17,0.25,0.75,1.0,0.75,0.75,0.75,0.75,0.0
1373149,0.75,0.75,1.0,0.75,1.0,0.75,1.0,0.75,0.25,0.0,0.75,0.0,0.75,0.25,0.0,0.0,0.75,0.0,1.0,0.75,0.0,1.0,0.25,0.75,0.75,0.75,1.0,0.75,0.25,0.25,0.25,0.75,0.75,0.0,1.0,0.25,0.25,0.75,0.0,0.75,0.75,1.0,1.0,0.75,1.0,1.0,1.0,0.0,0.0,0.25,0.0,0.25,1.0,1.0,0.0,0.25,0.0,1.0,0.0,0.0,0.33,0.17,0.67,0.0,0.83,0.67,1.0,0.25,0.75,0.25,1.0,0.75,0.5,0.0,0.75
1373246,1.0,0.0,1.0,0.0,0.0,0.0,0.25,0.0,1.0,1.0,0.25,0.0,0.75,0.25,0.0,0.75,1.0,0.0,0.25,0.25,0.0,0.0,0.0,1.0,1.0,0.0,0.0,0.0,0.75,0.25,0.0,1.0,0.0,0.75,0.75,0.75,0.25,0.0,0.75,0.25,0.75,0.25,0.25,0.25,1.0,1.0,0.75,0.0,0.0,0.25,0.25,0.75,0.0,0.0,1.0,0.25,0.25,0.25,1.0,1.0,1.0,1.0,0.67,0.83,0.83,1.0,0.17,0.0,0.75,0.25,0.25,0.75,0.75,0.25,0.75
1375370,1.0,0.25,1.0,1.0,1.0,0.75,0.75,0.75,0.25,0.0,1.0,0.75,0.75,0.75,0.25,0.25,0.0,0.75,1.0,1.0,0.25,1.0,0.25,1.0,0.75,0.75,1.0,0.75,0.25,0.25,0.75,0.25,1.0,0.0,1.0,0.0,0.75,1.0,0.0,1.0,1.0,1.0,0.0,0.75,0.75,0.75,0.75,0.25,1.0,0.0,0.0,1.0,1.0,1.0,0.0,0.75,1.0,0.75,0.0,0.0,0.0,0.67,0.67,0.0,0.83,0.0,1.0,0.5,0.5,0.25,0.75,0.0,0.25,0.75,0.5
1375722,0.0,0.75,1.0,0.25,0.75,1.0,0.0,0.75,0.0,0.0,0.75,0.75,0.75,0.25,0.25,0.25,0.0,0.75,0.0,0.0,0.0,0.0,0.25,0.0,1.0,0.75,0.75,1.0,0.0,0.0,1.0,0.0,1.0,0.0,0.25,0.0,1.0,1.0,0.0,1.0,0.75,0.75,0.75,1.0,0.0,0.25,0.75,0.0,0.0,1.0,0.0,0.0,0.0,1.0,0.0,0.75,0.0,1.0,0.0,0.0,0.33,0.17,0.83,0.83,0.33,0.0,1.0,0.75,0.5,0.25,0.75,0.0,0.5,0.0,1.0
1376133,0.75,0.75,0.75,0.25,0.75,0.75,0.0,0.0,0.0,0.0,0.25,0.25,0.25,0.25,0.25,0.75,0.25,0.25,0.25,0.75,0.75,0.75,0.25,1.0,0.0,0.25,0.75,0.25,0.75,0.75,0.25,0.75,0.75,0.25,0.75,0.25,0.25,0.25,0.25,0.75,0.75,0.25,0.75,0.75,0.25,0.25,0.75,0.25,0.25,0.25,0.25,0.75,0.75,0.25,0.25,0.25,0.75,0.75,0.25,0.25,1.0,0.5,0.5,0.0,0.67,0.67,0.5,0.5,0.5,0.5,0.5,0.5,0.5,0.5,0.5
1376146,0.0,1.0,1.0,0.0,1.0,1.0,1.0,1.0,0.0,0.75,1.0,0.75,0.0,1.0,1.0,1.0,0.0,1.0,1.0,1.0,1.0,1.0,0.0,1.0,1.0,1.0,1.0,1.0,1.0,0.0,1.0,0.0,1.0,0.0,0.0,0.0,1.0,1.0,0.0,1.0,1.0,1.0,1.0,1.0,1.0,1.0,1.0,0.0,1.0,1.0,0.0,1.0,1.0,1.0,0.0,1.0,1.0,1.0,0.0,0.0,0.17,0.17,0.83,0.0,0.83,0.0,1.0,1.0,1.0,0.25,1.0,0.0,0.25,0.0,1.0
1376729,0.75,0.25,1.0,0.75,0.25,0.0,1.0,0.0,0.75,0.25,0.0,0.0,1.0,0.75,0.0,1.0,0.75,0.0,1.0,0.75,0.0,1.0,1.0,1.0,0.0,0.0,0.0,0.25,1.0,1.0,0.0,1.0,0.0,0.75,0.25,1.0,0.75,0.25,0.0,0.75,1.0,0.75,0.25,0.0,1.0,0.0,0.75,1.0,0.0,1.0,1.0,1.0,1.0,0.75,0.75,0.0,1.0,0.0,1.0,0.0,0.83,1.0,0.17,1.0,1.0,0.67,0.5,0.0,1.0,0.0,0.75,1.0,1.0,1.0,0.5
1378542,0.25,1.0,0.75,0.25,1.0,1.0,0.75,0.0,1.0,0.0,0.25,0.0,1.0,1.0,0.0,1.0,0.75,0.0,0.0,0.75,0.75,0.25,0.75,1.0,0.75,0.25,1.0,1.0,0.75,0.75,1.0,1.0,0.0,1.0,0.75,1.0,1.0,0.0,0.0,0.25,1.0,0.0,0.0,1.0,1.0,0.75,1.0,0.0,1.0,0.0,0.0,1.0,1.0,1.0,0.0,0.75,1.0,1.0,0.0,0.0,0.67,0.67,1.0,0.17,0.67,0.67,0.67,0.75,1.0,0.5,0.5,1.0,0.5,0.25,0.25
1381463,0.0,0.25,1.0,0.0,0.0,0.25,0.0,0.0,0.0,1.0,0.0,0.25,1.0,0.75,0.0,0.0,1.0,0.0,0.75,0.0,0.0,0.0,1.0,0.25,0.25,0.75,0.75,1.0,1.0,0.75,0.25,1.0,0.0,1.0,0.75,1.0,0.75,0.0,1.0,0.0,0.0,0.75,0.0,0.75,0.75,0.75,0.25,1.0,0.0,1.0,0.75,0.25,0.0,0.0,1.0,0.0,0.75,0.0,1.0,1.0,0.83,0.83,0.33,1.0,0.67,1.0,0.0,1.0,0.75,1.0,0.25,1.0,0.75,0.75,0.0
1381502,0.25,0.0,1.0,0.0,0.75,0.0,0.0,0.0,1.0,1.0,0.0,0.0,1.0,0.0,0.0,0.0,1.0,0.0,0.0,0.75,0.0,0.75,1.0,1.0,0.0,0.0,0.0,0.0,1.0,1.0,0.0,0.0,0.0,0.75,0.0,1.0,0.75,0.0,0.0,0.25,0.75,0.25,0.75,0.75,1.0,0.25,0.0,1.0,0.0,1.0,1.0,0.0,0.0,1.0,1.0,0.0,1.0,0.0,1.0,1.0,0.0,1.0,0.0,0.83,1.0,1.0,0.33,0.0,0.75,0.5,0.25,0.25,0.75,0.5,0.0
1382402,0.75,0.75,0.75,0.25,1.0,1.0,0.75,1.0,0.25,0.0,1.0,0.75,0.25,1.0,0.75,1.0,0.25,1.0,1.0,1.0,0.75,1.0,0.0,1.0,1.0,1.0,0.75,0.75,0.25,0.75,0.75,0.0,0.25,0.0,0.75,0.25,1.0,1.0,0.75,0.25,0.75,1.0,0.75,1.0,1.0,0.25,1.0,0.0,0.75,0.25,0.0,0.75,0.75,0.75,0.0,0.75,0.25,1.0,0.0,0.0,0.67,0.17,1.0,0.17,0.83,0.17,1.0,0.75,0.75,0.5,1.0,0.0,0.5,0.25,0.75
1382827,0.0,1.0,0.75,0.0,1.0,1.0,0.75,0.25,0.0,0.0,0.75,1.0,0.0,1.0,1.0,0.75,0.0,1.0,1.0,1.0,1.0,1.0,0.25,1.0,1.0,0.75,1.0,1.0,0.0,0.0,1.0,0.25,1.0,0.0,0.75,0.0,1.0,1.0,0.0,0.75,1.0,1.0,1.0,1.0,1.0,1.0,1.0,0.0,0.25,0.0,0.25,0.0,0.0,0.25,0.0,0.75,0.25,1.0,0.0,0.0,0.33,0.0,1.0,0.0,0.67,0.0,1.0,1.0,1.0,0.5,1.0,0.25,0.5,0.0,0.75
1383230,0.0,1.0,1.0,0.0,1.0,1.0,1.0,1.0,0.0,0.0,1.0,0.0,0.0,1.0,1.0,1.0,0.0,1.0,1.0,1.0,0.0,1.0,0.0,1.0,0.0,1.0,1.0,1.0,0.0,1.0,1.0,0.0,1.0,0.0,1.0,0.0,1.0,0.0,0.0,1.0,1.0,1.0,1.0,1.0,1.0,1.0,1.0,0.0,1.0,1.0,1.0,1.0,1.0,1.0,0.0,1.0,1.0,1.0,0.0,0.0,1.0,0.83,1.0,1.0,1.0,0.67,1.0,1.0,1.0,0.25,0.75,0.5,0.75,0.75,1.0
1383262,0.75,0.75,0.25,0.0,0.25,1.0,0.0,1.0,0.25,0.25,0.25,0.75,0.25,1.0,0.25,0.25,0.75,0.25,0.0,0.75,1.0,1.0,1.0,0.75,1.0,1.0,1.0,1.0,1.0,0.75,0.75,0.25,0.25,0.75,0.25,0.75,0.75,0.75,0.25,1.0,1.0,1.0,0.0,1.0,1.0,0.25,1.0,1.0,0.0,0.75,0.0,0.25,0.0,0.25,0.25,0.75,0.75,1.0,0.0,0.0,0.67,0.83,0.83,0.17,0.67,0.33,0.67,0.75,1.0,0.25,0.75,0.25,0.75,0.0,0.75
1383888,0.0,0.0,1.0,0.0,0.0,0.0,0.0,0.0,1.0,0.0,0.25,0.25,0.25,0.0,0.0,0.0,1.0,0.0,0.0,1.0,0.0,0.0,1.0,1.0,0.0,0.75,0.0,0.0,1.0,0.0,0.75,0.75,0.0,1.0,0.0,1.0,1.0,0.0,0.0,0.0,0.75,0.0,0.0,0.0,0.0,1.0,0.0,1.0,0.0,1.0,1.0,0.0,0.0,1.0,1.0,0.0,1.0,0.0,1.0,1.0,0.67,1.0,0.17,0.67,0.33,1.0,0.0,0.0,0.0,0.75,0.75,0.75,1.0,1.0,0.0
1384082,1.0,0.0,0.75,0.25,0.0,0.0,0.0,0.0,1.0,1.0,0.0,0.0,1.0,0.0,0.0,0.0,1.0,0.0,0.0,1.0,0.0,0.0,1.0,1.0,0.0,0.25,0.0,0.25,0.75,0.75,0.0,1.0,0.0,1.0,0.0,1.0,1.0,0.0,1.0,0.0,0.0,0.0,0.25,0.75,0.0,0.0,0.25,1.0,0.0,1.0,0.75,0.0,0.0,1.0,1.0,0.0,0.0,0.25,1.0,1.0,0.0,0.83,0.0,1.0,0.17,0.83,0.0,0.0,0.5,1.0,0.0,1.0,0.5,0.5,0.0
1384101,0.25,0.25,0.25,0.25,0.25,0.25,0.0,0.0,0.0,1.0,0.25,0.75,0.75,0.25,0.0,0.0,1.0,0.0,1.0,0.25,0.0,0.75,1.0,0.75,0.25,0.75,0.0,0.75,1.0,0.75,0.0,1.0,0.0,1.0,0.0,1.0,0.75,0.0,1.0,0.0,0.25,0.25,0.0,0.0,0.75,0.25,0.75,1.0,0.0,0.75,0.75,0.0,0.0,1.0,0.75,0.0,0.0,0.25,1.0,1.0,1.0,1.0,0.33,1.0,0.17,0.33,0.17,0.0,0.75,0.75,0.5,0.5,0.5,0.5,0.5
1385273,0.25,1.0,1.0,0.25,1.0,1.0,0.25,0.75,1.0,0.25,1.0,1.0,0.75,1.0,0.75,0.75,0.0,1.0,0.75,1.0,0.25,1.0,0.0,1.0,1.0,0.0,1.0,1.0,1.0,1.0,1.0,1.0,1.0,0.25,0.75,1.0,1.0,1.0,0.75,1.0,1.0,1.0,1.0,1.0,0.75,1.0,1.0,0.0,0.25,1.0,0.0,0.25,1.0,0.25,0.0,1.0,1.0,1.0,0.0,0.0,1.0,0.83,1.0,0.33,0.33,0.17,1.0,0.75,1.0,0.25,0.75,0.5,0.5,0.25,0.75
1386019,0.25,0.75,0.75,0.25,0.25,0.25,0.0,0.0,0.75,1.0,0.0,0.25,0.0,0.75,0.25,0.75,0.75,1.0,1.0,1.0,0.75,1.0,1.0,1.0,0.75,0.0,0.0,1.0,1.0,1.0,0.25,1.0,0.0,1.0,0.75,0.25,1.0,0.0,0.75,0.75,1.0,0.75,0.25,0.75,0.25,0.0,0.25,1.0,0.75,1.0,0.75,0.25,0.25,1.0,0.25,0.75,0.75,1.0,0.0,0.75,0.0,1.0,0.83,0.0,0.5,0.17,0.67,0.25,0.5,0.0,0.5,0.75,0.25,0.5,0.5
1389656,1.0,0.75,0.25,0.25,0.75,0.75,0.0,0.25,0.25,0.75,0.75,1.0,0.0,0.75,0.0,0.25,0.25,0.0,0.75,0.75,0.75,0.75,0.25,0.75,0.75,0.25,1.0,0.75,0.75,0.75,1.0,1.0,0.25,0.75,0.75,0.75,0.75,0.75,0.25,0.75,0.75,0.25,0.75,0.25,1.0,0.75,0.75,1.0,0.0,0.25,0.25,1.0,0.75,0.0,0.75,0.25,0.25,0.75,0.0,0.75,0.83,0.83,0.83,0.17,0.67,0.33,0.67,0.75,0.75,0.75,1.0,0.0,0.5,0.25,0.75
1391984,0.0,0.25,0.75,0.0,0.0,0.25,0.0,0.25,1.0,1.0,0.25,0.25,0.75,0.25,0.0,0.0,1.0,0.0,0.0,0.0,0.0,0.0,1.0,1.0,0.0,0.25,0.0,1.0,1.0,0.25,0.0,1.0,0.0,1.0,1.0,1.0,1.0,0.0,1.0,0.0,0.0,0.0,1.0,0.0,0.75,0.0,0.25,1.0,0.0,1.0,1.0,0.0,0.25,0.75,1.0,0.0,1.0,0.25,1.0,1.0,0.17,0.67,0.33,0.83,0.67,0.67,0.0,0.25,0.75,0.75,0.75,0.75,0.75,0.75,0.25
1392956,0.0,1.0,1.0,0.0,1.0,1.0,0.0,0.75,0.25,1.0,0.75,0.75,0.25,1.0,0.75,0.75,0.0,0.75,1.0,1.0,0.75,1.0,0.75,1.0,0.0,0.25,1.0,0.75,1.0,1.0,1.0,0.0,1.0,0.75,0.75,0.0,0.75,1.0,1.0,0.75,1.0,1.0,1.0,0.75,0.0,0.75,1.0,0.75,0.25,1.0,0.0,0.0,0.25,1.0,0.0,1.0,0.25,1.0,0.0,0.25,0.33,0.67,0.83,0.0,0.0,0.0,1.0,1.0,1.0,0.75,0.75,0.0,0.0,0.0,1.0
1393947,0.75,0.75,0.0,0.25,0.25,0.75,0.0,0.0,0.25,1.0,0.25,0.25,0.75,0.75,0.0,0.25,0.75,0.0,0.0,0.0,0.0,0.25,0.25,0.0,0.75,0.75,0.0,1.0,1.0,0.0,0.75,0.25,0.0,1.0,0.75,0.75,0.75,0.75,0.75,0.75,0.75,0.0,0.25,1.0,0.0,0.75,1.0,1.0,0.0,1.0,0.75,0.0,0.0,1.0,0.75,0.0,0.0,1.0,0.75,0.75,0.83,0.17,0.67,1.0,0.67,0.67,0.33,0.5,0.5,0.5,0.5,0.5,0.75,0.5,0.25
1395227,0.25,0.75,0.25,0.25,0.0,0.0,0.0,1.0,0.25,1.0,0.0,0.25,1.0,0.0,0.0,0.0,1.0,0.0,0.0,0.75,0.0,1.0,1.0,0.25,0.75,0.75,0.0,0.75,1.0,0.25,1.0,1.0,0.0,1.0,0.75,0.75,0.25,0.75,0.25,0.75,1.0,1.0,0.75,0.75,0.0,0.25,0.75,1.0,0.0,0.75,1.0,0.0,0.0,0.0,0.75,0.0,0.75,1.0,0.25,0.75,0.83,0.83,0.17,0.33,0.33,1.0,0.33,0.25,0.75,0.75,0.25,0.75,1.0,1.0,0.25
1396495,1.0,0.25,0.0,1.0,0.0,0.0,0.0,0.0,0.75,0.0,0.75,0.25,1.0,0.0,0.0,0.75,0.75,0.0,0.25,1.0,0.0,0.75,0.75,1.0,0.0,0.0,0.0,1.0,1.0,0.75,0.0,1.0,0.0,0.75,0.75,1.0,1.0,0.75,1.0,0.0,0.25,0.0,0.25,0.0,1.0,1.0,0.25,1.0,0.0,0.0,1.0,1.0,1.0,0.25,0.0,0.75,1.0,0.0,0.25,0.0,0.83,1.0,0.0,0.17,0.83,0.67,0.33,0.0,0.5,0.25,0.5,0.5,0.5,0.75,0.5
1396508,0.0,0.75,1.0,0.0,1.0,0.75,1.0,0.75,0.0,0.25,0.75,0.0,1.0,0.75,0.0,0.0,1.0,0.0,1.0,1.0,0.0,1.0,0.25,1.0,0.75,0.25,0.25,0.75,0.75,0.25,0.0,0.75,0.0,1.0,0.75,1.0,0.75,0.75,0.25,0.75,0.75,1.0,0.25,1.0,1.0,0.75,0.75,1.0,0.0,0.25,0.0,0.75,0.0,0.75,1.0,0.25,0.25,0.75,1.0,0.75,1.0,0.83,0.67,0.83,0.83,0.83,0.67,0.75,0.75,0.75,0.75,0.75,0.75,0.25,0.75
1399283,0.0,1.0,1.0,0.0,1.0,1.0,0.75,0.75,0.0,0.25,0.75,1.0,0.25,1.0,1.0,1.0,0.0,1.0,0.75,1.0,1.0,1.0,0.25,1.0,1.0,0.25,1.0,1.0,1.0,0.25,1.0,0.25,0.75,0.25,0.75,0.0,0.75,0.75,0.75,1.0,1.0,1.0,1.0,1.0,0.75,0.75,1.0,0.0,1.0,1.0,0.0,0.25,0.25,1.0,0.0,0.75,0.25,1.0,0.0,0.0,0.17,0.0,1.0,0.0,0.33,0.17,0.83,1.0,1.0,0.5,0.75,0.25,0.5,0.5,0.5
1399421,1.0,0.25,1.0,1.0,0.75,0.0,0.0,0.25,1.0,1.0,0.0,0.75,0.25,0.25,0.0,0.75,0.75,1.0,1.0,1.0,0.0,0.75,0.25,1.0,0.75,0.75,0.0,0.75,1.0,0.75,0.75,1.0,0.25,1.0,1.0,1.0,0.75,0.75,1.0,0.25,0.25,0.25,0.75,0.75,1.0,1.0,0.75,1.0,0.0,1.0,0.25,1.0,0.75,1.0,0.0,0.75,1.0,0.75,0.0,0.75,0.83,1.0,0.5,0.17,1.0,0.33,0.5,0.5,0.75,0.5,0.5,0.5,0.75,0.5,0.5
1401001,1.0,0.0,0.0,0.0,0.0,0.0,0.0,0.0,1.0,1.0,0.0,0.25,0.75,0.0,0.0,0.0,0.75,0.0,0.75,1.0,0.0,1.0,0.0,1.0,0.75,0.25,0.25,0.75,0.25,0.75,0.0,1.0,0.0,1.0,0.0,1.0,0.25,0.25,0.75,0.25,0.75,0.25,0.25,0.75,1.0,1.0,1.0,1.0,0.0,1.0,0.0,0.0,0.0,0.0,1.0,0.0,0.75,0.75,1.0,1.0,1.0,1.0,0.5,0.33,0.67,1.0,0.0,0.5,0.5,0.5,0.5,0.75,0.75,0.5,0.5
1402556,0.25,0.25,1.0,0.75,0.75,0.25,1.0,1.0,1.0,0.0,1.0,0.25,0.25,0.75,0.0,0.0,1.0,0.0,0.75,1.0,0.25,1.0,0.25,0.75,0.0,0.75,0.75,1.0,1.0,1.0,0.75,0.25,1.0,0.0,1.0,0.0,0.25,1.0,0.25,0.75,0.75,1.0,1.0,1.0,1.0,1.0,1.0,0.0,0.25,0.0,0.75,1.0,1.0,0.75,0.75,0.25,0.25,0.75,1.0,0.0,1.0,0.67,0.5,0.0,0.67,0.5,1.0,0.75,1.0,0.25,0.75,0.25,0.75,0.75,0.5
1404145,0.25,0.25,0.0,0.25,0.0,0.0,0.75,0.0,0.75,0.0,0.25,0.25,0.0,0.0,0.0,1.0,0.0,0.25,0.0,0.75,0.0,1.0,0.75,1.0,0.25,0.25,0.0,0.0,1.0,1.0,0.25,0.75,0.75,0.75,0.75,0.25,1.0,0.75,1.0,0.25,0.75,0.25,0.25,0.75,0.75,0.25,0.75,0.75,0.0,0.25,0.75,0.75,1.0,0.75,0.0,0.0,0.25,0.75,0.0,0.25,1.0,1.0,0.17,0.83,0.83,0.5,0.83,0.25,0.75,0.75,0.75,0.5,0.75,0.75,0.5
1406014,0.0,0.0,0.0,0.0,0.0,0.0,1.0,0.25,1.0,0.25,1.0,0.25,0.75,0.0,0.0,0.0,0.75,0.0,0.25,0.75,0.0,0.75,0.75,0.75,0.75,0.0,1.0,0.75,1.0,0.75,0.25,1.0,0.25,0.75,1.0,0.75,0.0,0.75,0.0,0.25,0.75,0.25,0.75,0.25,0.0,1.0,0.25,1.0,0.0,1.0,0.0,0.75,1.0,0.0,0.75,0.0,0.75,0.75,1.0,0.0,0.83,1.0,0.17,0.67,0.5,0.67,0.33,0.0,0.5,0.0,0.25,0.5,0.5,0.25,0.0
1406090,0.25,0.75,1.0,0.0,1.0,1.0,0.25,0.75,0.25,0.0,1.0,0.25,0.75,1.0,0.75,0.75,0.25,1.0,1.0,0.75,0.75,0.75,1.0,1.0,1.0,0.25,1.0,1.0,1.0,0.75,1.0,1.0,1.0,0.0,0.75,0.0,1.0,0.75,0.0,0.75,1.0,1.0,1.0,1.0,1.0,1.0,0.75,0.0,0.25,0.25,0.75,0.75,0.75,0.75,0.0,1.0,0.25,1.0,0.0,0.0,0.83,0.33,0.83,0.83,1.0,0.33,1.0,0.75,0.75,0.25,0.5,0.75,0.5,0.5,0.75
1413543,1.0,0.25,0.25,0.25,1.0,0.25,0.25,0.25,0.25,0.25,0.25,0.75,0.75,0.75,0.0,0.75,0.75,0.75,0.0,0.25,0.25,1.0,0.25,1.0,0.75,0.25,0.25,0.75,0.75,0.25,0.75,0.75,0.25,0.25,0.75,0.25,0.75,0.25,0.25,0.75,0.25,0.75,0.75,0.75,0.75,0.75,0.75,0.25,0.0,0.75,0.75,0.75,0.75,0.25,0.25,0.75,0.75,0.75,0.0,0.25,0.67,0.83,0.67,0.17,1.0,0.17,0.67,0.5,0.75,0.5,0.5,0.5,0.75,0.75,0.5
1416598,0.0,1.0,1.0,0.0,0.75,0.75,0.0,0.0,0.25,0.25,1.0,0.75,0.75,0.75,0.0,0.0,1.0,0.0,0.25,1.0,0.0,1.0,0.0,1.0,0.75,1.0,1.0,1.0,0.0,1.0,0.0,0.25,0.0,1.0,1.0,1.0,0.75,1.0,0.75,1.0,0.25,1.0,0.75,1.0,0.0,1.0,1.0,1.0,0.0,0.75,0.0,0.0,1.0,1.0,0.0,0.0,0.75,1.0,0.75,0.0,0.17,0.17,0.83,0.5,0.17,0.67,1.0,0.75,0.75,0.5,0.5,0.25,0.5,0.25,0.75
1417485,1.0,0.0,0.75,0.0,0.0,0.0,0.75,0.75,0.25,0.25,0.0,1.0,1.0,0.0,0.0,0.25,1.0,0.0,0.25,1.0,0.0,0.75,1.0,1.0,0.0,0.25,0.0,0.25,1.0,1.0,0.25,1.0,0.0,0.75,0.75,1.0,0.25,0.0,0.75,1.0,0.25,0.25,0.75,0.75,1.0,1.0,0.75,1.0,0.75,0.75,1.0,0.25,0.0,1.0,0.0,0.0,0.75,0.0,0.0,0.75,1.0,1.0,0.0,1.0,1.0,0.67,0.33,0.25,0.75,0.5,0.75,1.0,0.75,0.5,0.75
1419216,0.0,1.0,1.0,0.75,1.0,1.0,0.0,0.75,1.0,0.0,1.0,0.0,1.0,1.0,0.0,1.0,0.0,1.0,1.0,1.0,1.0,0.75,0.0,1.0,1.0,1.0,1.0,1.0,0.75,0.25,1.0,0.0,1.0,0.0,0.75,0.0,0.25,1.0,0.25,1.0,1.0,1.0,1.0,1.0,0.75,0.75,1.0,0.0,1.0,1.0,0.0,0.75,0.75,0.25,0.0,1.0,0.25,1.0,0.0,0.0,1.0,0.67,0.83,0.0,0.83,0.0,1.0,0.5,0.75,0.5,1.0,0.0,0.5,0.25,1.0
1420317,0.25,0.75,1.0,0.0,0.25,0.75,0.0,1.0,0.25,0.0,0.25,0.75,0.25,1.0,0.25,0.25,0.0,0.75,0.25,0.0,0.0,0.25,0.75,0.75,1.0,1.0,0.75,0.75,0.25,0.25,0.0,0.75,0.25,0.75,0.75,0.25,0.25,1.0,0.0,0.75,0.25,0.75,1.0,0.0,0.0,0.25,1.0,0.0,0.25,0.25,0.75,0.75,0.0,0.75,0.75,0.25,0.0,1.0,0.25,1.0,0.5,0.33,0.67,0.17,0.17,0.17,0.33,0.5,0.5,0.75,0.75,0.5,0.75,0.5,0.5
1421279,1.0,0.25,1.0,0.75,0.0,0.0,0.75,0.75,0.75,0.0,1.0,0.25,0.75,0.25,0.0,0.75,0.75,0.75,0.25,0.0,0.0,0.0,0.25,0.75,0.25,0.0,0.75,0.75,0.75,0.0,0.25,0.25,0.25,1.0,0.25,0.25,1.0,0.75,1.0,0.75,0.75,0.25,0.75,1.0,1.0,0.75,1.0,0.0,0.0,0.0,1.0,0.75,0.75,0.75,0.0,0.75,0.25,0.75,0.25,0.0,0.17,0.17,0.0,0.0,0.5,0.0,0.83,0.5,0.75,0.0,0.5,0.25,0.5,0.75,0.5
1421427,1.0,0.0,1.0,0.0,0.0,0.0,0.0,0.0,0.0,1.0,0.0,0.0,1.0,0.0,0.0,1.0,1.0,0.0,1.0,0.0,1.0,1.0,1.0,1.0,0.0,0.0,0.0,0.25,1.0,0.0,0.0,1.0,0.0,1.0,0.0,1.0,1.0,0.0,1.0,1.0,1.0,1.0,0.0,1.0,1.0,1.0,0.0,1.0,0.0,1.0,0.0,1.0,0.0,1.0,1.0,0.0,1.0,0.0,0.25,1.0,0.0,1.0,0.67,1.0,1.0,0.0,0.33,0.25,1.0,0.0,1.0,0.75,1.0,0.25,0.0
1422509,0.25,0.25,0.25,0.75,0.75,0.75,0.0,1.0,0.75,1.0,0.75,0.0,0.25,1.0,0.0,0.75,0.25,0.25,0.75,0.75,0.0,1.0,0.25,1.0,0.25,0.0,1.0,0.0,1.0,1.0,0.25,1.0,0.0,1.0,0.25,0.75,0.75,1.0,0.0,0.0,0.25,0.0,0.0,0.75,0.25,1.0,1.0,1.0,0.25,1.0,0.75,0.0,0.0,0.75,0.25,0.0,0.25,0.25,0.75,1.0,0.83,0.83,0.33,0.5,0.17,0.33,0.0,0.5,0.5,0.75,0.25,0.5,0.5,0.25,0.5
1425518,0.25,0.75,1.0,0.25,1.0,0.75,0.75,0.75,0.25,0.0,0.25,0.0,0.0,1.0,0.0,0.25,0.25,1.0,0.0,0.25,0.0,1.0,1.0,1.0,0.25,0.0,1.0,1.0,0.25,0.25,1.0,1.0,0.75,0.0,0.75,0.0,1.0,1.0,0.0,0.25,1.0,1.0,0.75,1.0,0.75,0.25,1.0,0.25,0.0,0.75,0.0,0.25,0.0,1.0,0.25,0.25,0.25,1.0,0.0,0.0,1.0,0.67,0.67,0.33,0.67,1.0,0.67,0.75,0.75,0.5,0.5,0.5,0.5,0.5,0.75
1426974,0.25,0.25,0.75,0.0,0.75,0.0,0.0,0.25,0.25,0.0,0.75,0.25,0.25,0.25,0.0,0.25,1.0,0.0,0.25,0.75,0.0,0.0,0.75,0.25,0.75,0.75,0.75,0.75,1.0,1.0,0.0,1.0,0.0,1.0,0.75,1.0,0.75,0.25,0.75,0.75,0.75,0.75,0.0,0.75,0.75,0.25,0.75,1.0,0.0,0.25,1.0,1.0,0.0,0.75,1.0,0.0,0.75,0.75,1.0,1.0,0.5,0.83,0.0,0.67,0.67,1.0,0.17,0.5,0.75,0.75,0.5,1.0,0.75,0.75,0.5
1429020,0.25,0.75,0.25,0.0,1.0,1.0,1.0,0.75,0.25,0.0,0.75,1.0,1.0,1.0,0.75,0.75,0.0,1.0,1.0,0.75,0.0,0.75,1.0,0.25,0.0,1.0,1.0,1.0,0.75,1.0,0.75,1.0,0.75,0.25,0.25,0.0,0.75,0.25,0.0,0.75,1.0,1.0,0.75,0.75,0.75,0.75,0.25,1.0,0.0,0.25,0.0,0.0,0.0,1.0,0.25,0.75,0.0,0.75,0.0,0.25,0.17,0.5,0.67,0.83,0.5,0.0,0.67,0.5,0.75,0.75,0.75,0.75,0.5,0.25,0.75
1430017,0.0,1.0,1.0,0.0,1.0,1.0,1.0,1.0,0.0,0.0,1.0,0.0,0.75,1.0,0.75,1.0,0.0,0.75,0.0,0.0,0.75,0.75,1.0,1.0,0.0,0.0,1.0,1.0,0.0,0.0,1.0,1.0,0.0,1.0,0.0,0.0,1.0,1.0,0.0,1.0,1.0,1.0,1.0,1.0,0.75,1.0,1.0,1.0,0.0,1.0,1.0,1.0,1.0,0.0,0.0,1.0,1.0,1.0,0.0,0.0,1.0,1.0,1.0,1.0,1.0,1.0,0.33,1.0,1.0,0.25,0.75,0.75,1.0,1.0,0.75
1430098,1.0,1.0,0.25,0.25,1.0,1.0,1.0,0.75,0.0,0.25,0.75,1.0,0.25,1.0,1.0,1.0,0.0,1.0,1.0,1.0,1.0,1.0,0.25,0.75,1.0,0.75,1.0,1.0,0.75,0.0,1.0,0.0,1.0,0.0,1.0,0.0,1.0,1.0,0.0,1.0,1.0,1.0,1.0,1.0,0.25,0.75,1.0,0.25,1.0,0.75,0.0,0.75,1.0,1.0,0.0,1.0,0.25,1.0,0.0,0.25,0.0,0.0,0.83,0.83,0.5,0.0,1.0,1.0,1.0,0.0,1.0,0.0,0.0,0.0,1.0
1431639,1.0,0.0,1.0,1.0,0.0,0.0,0.0,0.0,1.0,1.0,0.0,0.0,1.0,0.0,0.0,1.0,1.0,0.0,1.0,1.0,0.0,0.0,1.0,0.75,0.0,0.0,0.0,0.0,1.0,1.0,0.0,1.0,0.0,1.0,0.0,1.0,0.0,0.0,1.0,0.0,0.0,0.0,0.0,0.0,1.0,0.0,0.25,1.0,0.0,1.0,0.25,0.0,0.0,1.0,1.0,0.0,1.0,0.0,1.0,1.0,0.0,1.0,0.0,0.83,0.83,0.5,0.0,0.0,0.25,0.0,0.0,0.5,0.25,0.25,0.0
1432653,0.0,1.0,1.0,0.0,0.0,0.0,0.0,0.0,0.75,1.0,0.0,0.0,1.0,0.0,0.0,0.0,1.0,0.0,0.0,0.0,0.0,0.0,1.0,1.0,1.0,1.0,0.0,1.0,1.0,1.0,1.0,1.0,0.0,1.0,0.0,1.0,1.0,0.25,0.0,0.0,0.25,1.0,1.0,0.0,0.0,0.0,1.0,1.0,0.0,1.0,1.0,0.0,0.0,1.0,1.0,1.0,1.0,0.0,1.0,1.0,1.0,0.0,0.0,1.0,0.0,1.0,0.0,0.25,0.75,0.75,0.75,0.75,0.75,1.0,0.75
1434151,0.0,1.0,0.75,0.0,1.0,1.0,0.25,0.75,0.0,0.0,0.0,0.75,0.25,1.0,1.0,0.75,0.0,1.0,1.0,1.0,1.0,1.0,0.75,0.75,1.0,0.75,1.0,1.0,0.25,0.25,1.0,0.25,0.75,0.25,1.0,0.0,0.75,0.25,0.25,0.75,0.75,0.75,0.75,0.75,1.0,0.25,0.75,0.25,0.75,0.75,0.0,0.75,0.25,0.75,0.0,0.75,0.25,0.75,0.0,0.25,0.17,0.17,0.67,0.17,0.83,0.0,0.83,1.0,1.0,0.75,1.0,0.0,0.5,0.0,0.75
1437662,0.25,0.25,1.0,0.25,0.75,0.75,0.25,1.0,0.0,0.25,0.25,0.0,0.25,0.75,0.25,0.25,0.25,0.25,0.25,0.75,0.75,0.75,0.25,1.0,1.0,0.75,0.0,1.0,0.25,0.25,0.75,0.25,1.0,0.75,0.75,0.0,1.0,0.25,0.75,0.25,1.0,0.75,0.75,0.75,0.75,1.0,1.0,0.0,0.0,0.0,1.0,0.75,0.25,0.25,0.25,0.75,0.25,0.75,0.0,0.25,1.0,1.0,0.17,0.17,0.83,0.83,1.0,0.75,1.0,0.25,0.75,0.5,0.75,0.75,0.75
1437810,0.75,0.75,1.0,0.0,1.0,0.75,0.75,1.0,0.75,0.25,1.0,0.25,0.75,0.75,0.25,0.0,0.25,0.75,0.25,0.75,0.25,0.75,0.25,1.0,0.25,0.75,1.0,1.0,1.0,0.0,1.0,0.25,1.0,0.0,0.25,0.0,0.25,0.75,0.25,0.75,0.75,1.0,1.0,1.0,0.25,1.0,1.0,1.0,0.25,1.0,0.0,0.25,0.25,0.75,0.75,1.0,0.25,1.0,0.0,0.75,1.0,0.83,0.33,0.17,0.67,0.33,0.67,0.75,0.75,0.5,0.75,0.25,0.5,0.25,0.5
1437873,0.25,1.0,1.0,0.0,1.0,1.0,0.25,1.0,0.0,0.0,0.75,0.75,0.75,0.75,0.75,0.75,0.0,1.0,1.0,1.0,1.0,1.0,0.0,1.0,1.0,1.0,1.0,1.0,0.0,0.0,1.0,0.0,1.0,0.25,0.75,0.0,0.75,0.75,0.0,0.75,1.0,1.0,1.0,1.0,0.25,1.0,0.75,0.0,0.25,0.0,1.0,0.0,1.0,1.0,0.0,1.0,0.25,0.75,0.0,0.0,1.0,0.0,0.83,0.0,0.67,0.17,0.83,0.5,0.75,0.75,0.5,0.5,0.5,0.5,0.5
1439284,0.25,1.0,1.0,0.0,1.0,0.75,0.25,0.0,0.25,0.0,0.75,0.75,0.25,1.0,0.75,0.75,0.25,1.0,0.0,0.0,0.0,1.0,0.25,0.75,0.75,0.75,1.0,0.75,1.0,0.25,1.0,0.0,1.0,0.75,0.75,0.0,1.0,0.75,0.0,1.0,1.0,0.75,1.0,0.75,1.0,1.0,1.0,0.75,0.25,0.25,0.0,1.0,0.25,0.25,0.0,1.0,0.25,1.0,0.0,0.25,1.0,0.83,0.83,1.0,1.0,0.0,1.0,1.0,1.0,0.5,0.75,0.0,1.0,0.25,0.5
1441136,0.0,0.75,0.75,0.0,0.0,0.0,1.0,0.75,0.75,0.75,0.75,0.25,0.25,0.25,0.0,0.0,1.0,0.0,0.25,0.75,0.0,0.0,0.75,0.0,0.0,0.0,0.0,1.0,0.75,0.75,0.75,0.75,0.0,1.0,0.75,1.0,1.0,0.75,0.75,0.25,0.25,0.75,0.75,0.75,0.25,0.75,0.75,1.0,0.0,0.75,1.0,0.0,0.0,0.0,1.0,0.0,0.75,0.75,1.0,1.0,0.83,0.83,0.17,0.83,0.67,1.0,0.83,0.75,0.75,0.75,0.75,1.0,1.0,1.0,0.25
1442048,1.0,0.25,0.75,1.0,0.75,0.0,1.0,0.75,0.75,0.0,0.75,0.0,0.25,0.75,1.0,0.75,0.0,0.75,0.75,0.75,0.25,1.0,0.75,1.0,0.0,0.25,0.0,0.25,0.75,1.0,0.75,0.75,0.75,0.75,0.75,1.0,0.75,0.75,0.75,0.75,0.25,0.0,0.75,0.25,1.0,0.75,0.75,0.25,0.0,0.0,0.0,0.75,1.0,0.25,0.0,0.75,0.75,1.0,0.0,0.0,0.83,0.17,0.33,0.0,0.67,0.0,0.0,0.5,1.0,0.0,1.0,0.25,0.5,0.0,0.75
1444629,0.75,0.75,0.25,0.0,1.0,1.0,0.75,1.0,0.75,0.0,0.75,0.75,0.25,1.0,0.25,1.0,1.0,0.0,0.75,1.0,0.75,0.75,0.0,1.0,1.0,0.25,0.25,1.0,0.0,0.75,1.0,0.25,1.0,0.25,0.25,0.0,1.0,1.0,0.75,0.75,1.0,1.0,1.0,1.0,0.75,0.75,1.0,0.25,0.25,0.25,0.25,0.75,0.75,0.25,0.0,1.0,0.25,1.0,0.0,0.0,0.67,0.33,1.0,0.17,0.83,0.33,1.0,0.75,1.0,0.25,0.25,0.25,0.75,0.75,1.0
1446175,0.0,1.0,1.0,0.0,1.0,1.0,0.75,1.0,0.0,0.0,0.75,0.75,0.0,1.0,0.0,1.0,0.0,0.25,0.0,1.0,1.0,1.0,0.0,0.75,1.0,1.0,1.0,1.0,0.25,0.0,1.0,0.0,1.0,0.0,0.0,0.0,1.0,1.0,0.0,1.0,1.0,1.0,1.0,1.0,0.75,1.0,1.0,0.0,0.25,0.25,0.0,0.75,1.0,1.0,0.0,1.0,0.0,1.0,0.0,0.0,0.5,0.17,1.0,0.33,0.33,0.17,1.0,0.75,1.0,0.75,1.0,0.0,0.75,0.25,0.75
1448233,1.0,0.25,1.0,1.0,1.0,0.0,0.25,0.75,0.75,0.25,0.75,0.75,1.0,1.0,0.0,1.0,0.25,0.0,1.0,1.0,1.0,1.0,1.0,1.0,1.0,0.0,0.0,0.0,0.25,1.0,0.75,0.25,0.75,0.75,0.75,1.0,0.75,1.0,0.25,1.0,1.0,0.25,0.75,0.75,1.0,0.75,0.75,1.0,0.0,1.0,0.25,1.0,0.25,1.0,0.0,0.75,1.0,1.0,0.0,0.75,0.0,1.0,0.67,0.0,1.0,0.0,0.33,0.5,0.75,0.25,0.75,0.25,0.5,0.5,0.5
1448479,0.0,0.25,1.0,0.0,0.0,1.0,0.0,1.0,0.0,0.0,1.0,1.0,0.0,1.0,0.0,0.0,1.0,0.0,1.0,0.0,0.0,0.0,0.0,1.0,1.0,0.0,1.0,1.0,1.0,1.0,1.0,1.0,0.0,0.0,0.0,0.0,1.0,1.0,1.0,1.0,1.0,1.0,1.0,1.0,1.0,1.0,1.0,1.0,0.0,1.0,0.0,1.0,1.0,0.0,0.0,1.0,1.0,1.0,0.0,0.0,0.83,0.83,0.0,1.0,0.83,1.0,0.67,0.25,0.75,0.25,0.25,0.75,0.75,1.0,0.75
1448882,0.25,1.0,1.0,0.0,1.0,1.0,0.75,0.25,0.0,0.0,0.25,0.75,0.25,1.0,0.75,0.75,0.0,1.0,1.0,0.75,0.25,1.0,0.75,0.75,1.0,0.75,1.0,1.0,0.75,0.25,1.0,0.0,1.0,0.0,1.0,0.0,0.25,0.0,0.0,1.0,1.0,1.0,1.0,1.0,1.0,1.0,1.0,0.0,1.0,0.25,0.0,0.0,0.0,0.25,0.0,0.75,0.0,1.0,0.0,0.0,0.83,0.17,1.0,0.0,0.67,0.0,1.0,1.0,1.0,0.25,0.5,0.0,0.0,0.0,0.75
1448968,0.25,0.75,0.0,1.0,0.25,1.0,1.0,0.75,0.25,0.25,0.75,0.25,1.0,1.0,0.0,0.75,1.0,0.0,0.75,1.0,0.0,1.0,0.0,1.0,1.0,0.25,1.0,1.0,0.25,0.75,0.75,0.25,0.25,1.0,0.75,0.75,0.75,0.75,0.25,0.75,1.0,1.0,1.0,1.0,0.75,1.0,1.0,1.0,0.0,0.0,1.0,1.0,1.0,0.25,0.75,0.75,0.75,0.25,0.75,0.0,0.83,0.5,0.83,0.17,0.17,0.67,0.67,0.75,0.75,0.75,0.75,0.5,0.75,0.75,0.25
1449512,1.0,0.0,0.25,1.0,0.75,0.0,0.0,0.75,1.0,1.0,0.75,0.0,0.25,0.75,0.0,0.25,1.0,0.25,0.75,1.0,0.0,1.0,1.0,0.25,0.75,0.75,0.25,0.75,0.75,0.75,0.0,0.25,0.75,1.0,0.25,0.0,0.75,0.75,1.0,1.0,1.0,0.75,0.75,1.0,0.0,0.75,0.0,1.0,0.25,1.0,0.75,0.0,0.0,1.0,0.25,0.0,0.75,0.0,0.25,1.0,0.17,0.83,0.5,0.33,0.67,0.67,0.33,0.0,0.5,0.25,0.5,0.0,0.75,0.5,0.0
1451418,1.0,0.25,1.0,0.25,0.75,0.75,0.25,1.0,0.75,0.25,1.0,0.0,0.25,1.0,0.25,0.25,0.75,0.0,0.25,0.75,0.25,0.75,0.0,0.25,1.0,1.0,0.75,1.0,0.75,0.75,0.75,0.75,0.75,1.0,1.0,0.75,0.75,0.75,1.0,1.0,0.75,0.25,0.75,0.75,0.75,0.75,0.75,0.0,0.0,0.75,0.75,0.75,1.0,0.0,0.0,1.0,0.75,0.75,0.0,0.25,0.83,0.17,0.83,0.5,0.33,0.67,0.83,0.75,0.25,0.25,0.75,0.75,0.75,0.75,0.25
1456140,0.0,1.0,0.25,0.25,1.0,1.0,0.0,0.75,0.0,1.0,0.75,1.0,0.0,1.0,1.0,0.75,0.0,0.25,1.0,1.0,0.75,1.0,0.25,1.0,1.0,0.25,1.0,1.0,0.0,0.25,1.0,0.0,0.25,0.25,0.0,0.0,0.25,0.75,0.0,1.0,1.0,1.0,1.0,0.75,0.0,0.25,0.0,0.0,1.0,1.0,0.0,0.0,0.0,1.0,0.0,0.25,0.25,1.0,0.0,0.75,0.0,0.0,0.67,0.17,0.33,0.17,1.0,0.75,0.75,0.75,0.75,0.0,0.25,0.0,0.5
1456597,0.25,0.75,0.75,0.0,1.0,1.0,0.75,1.0,0.0,0.0,1.0,1.0,0.75,1.0,0.75,1.0,0.0,1.0,1.0,0.75,1.0,1.0,0.0,1.0,1.0,0.75,1.0,1.0,0.0,0.75,1.0,0.0,1.0,0.25,0.75,0.25,1.0,1.0,0.25,1.0,1.0,1.0,1.0,1.0,1.0,0.75,0.75,0.0,0.75,0.25,0.0,0.0,0.25,1.0,0.0,0.75,0.0,1.0,0.0,0.25,0.17,0.0,1.0,0.0,0.67,0.0,1.0,1.0,1.0,0.75,0.75,0.0,0.75,0.0,0.75
1456735,0.0,0.75,0.75,0.0,0.0,0.25,0.0,0.0,0.0,1.0,0.25,0.25,0.75,0.75,0.0,0.0,1.0,0.0,0.25,0.75,0.0,0.75,0.75,0.75,0.0,0.25,1.0,1.0,0.25,1.0,0.25,0.75,0.0,1.0,0.0,1.0,1.0,0.0,0.25,0.25,0.0,0.0,0.0,0.75,0.0,0.0,0.0,1.0,0.0,0.75,0.25,0.0,0.0,1.0,1.0,0.0,0.0,0.0,0.75,1.0,0.0,0.67,0.0,0.83,0.17,0.83,0.0,0.5,0.75,0.5,0.5,0.5,0.75,0.5,0.25
1457495,0.75,0.0,1.0,0.25,0.25,0.75,0.0,0.75,1.0,0.75,0.75,0.25,0.75,0.0,0.0,0.25,1.0,0.0,0.75,0.75,0.0,0.75,1.0,1.0,0.25,0.75,0.0,0.25,1.0,0.0,0.0,1.0,0.0,1.0,0.75,1.0,0.0,0.75,0.0,1.0,1.0,0.25,0.75,0.75,1.0,1.0,0.25,1.0,0.0,0.75,0.25,1.0,0.75,1.0,0.75,0.0,0.75,0.0,1.0,1.0,0.0,0.83,0.33,0.17,1.0,0.17,0.17,0.0,0.25,0.25,0.0,1.0,0.5,0.5,0.75
1458391,0.0,1.0,0.75,0.0,1.0,1.0,0.75,1.0,0.0,0.0,0.75,1.0,0.0,1.0,1.0,1.0,0.0,1.0,1.0,1.0,1.0,1.0,0.0,1.0,1.0,1.0,1.0,1.0,0.0,0.0,1.0,0.0,1.0,0.0,0.75,0.0,1.0,1.0,0.0,0.75,1.0,1.0,1.0,1.0,1.0,1.0,1.0,0.0,1.0,0.0,0.0,0.75,0.75,0.75,0.0,1.0,0.75,1.0,0.0,0.0,0.17,0.33,1.0,0.0,0.83,0.17,1.0,1.0,1.0,0.75,1.0,0.25,0.25,0.0,1.0
1459454,0.25,0.25,0.75,0.25,0.25,0.25,0.25,0.25,0.75,1.0,0.25,0.0,0.25,0.75,0.0,0.25,1.0,0.0,0.25,0.75,0.0,1.0,0.25,1.0,0.75,0.75,0.25,0.75,0.25,0.25,0.75,1.0,0.0,1.0,0.75,0.25,0.75,0.75,0.75,0.0,0.75,0.75,0.0,0.75,0.75,0.25,0.75,0.75,0.25,0.25,0.75,0.75,0.75,0.75,0.75,0.25,0.75,0.75,0.75,0.25,0.83,0.67,0.83,0.5,0.33,0.67,0.67,0.25,0.75,0.5,0.75,0.75,0.75,0.75,0.75
1459761,0.25,0.0,1.0,0.0,0.0,0.0,0.0,0.0,0.75,1.0,1.0,0.0,0.0,0.75,0.0,0.0,0.0,0.0,0.0,0.0,0.0,0.75,1.0,1.0,0.0,0.25,0.0,0.75,1.0,0.75,0.0,1.0,0.0,1.0,0.0,0.75,0.75,0.0,0.0,0.0,0.25,0.75,0.0,0.0,1.0,0.0,0.0,1.0,0.0,1.0,1.0,0.0,0.0,1.0,0.25,0.75,1.0,0.0,0.0,0.75,0.0,1.0,0.0,0.33,1.0,0.33,0.0,0.25,0.75,0.25,0.25,0.75,1.0,0.75,0.0
1460476,0.0,1.0,1.0,0.0,1.0,1.0,1.0,1.0,0.25,0.0,1.0,0.75,0.25,1.0,1.0,1.0,0.75,0.75,1.0,1.0,1.0,1.0,0.0,0.75,1.0,0.25,1.0,1.0,0.75,0.0,1.0,0.0,1.0,0.25,0.25,0.0,0.75,0.75,0.0,0.75,1.0,1.0,1.0,1.0,1.0,1.0,1.0,0.0,0.75,0.25,0.25,1.0,1.0,0.75,0.0,1.0,0.0,1.0,0.0,0.0,0.67,0.17,1.0,0.17,0.83,0.33,1.0,1.0,1.0,0.5,0.75,0.0,0.5,0.5,0.5
1461253,1.0,0.0,0.75,0.25,1.0,1.0,0.0,0.75,0.0,0.0,0.25,0.25,1.0,0.75,0.75,0.75,0.75,1.0,0.75,1.0,1.0,1.0,0.0,1.0,1.0,0.0,1.0,0.25,1.0,1.0,1.0,1.0,0.0,1.0,1.0,1.0,1.0,0.25,0.75,0.0,1.0,0.75,1.0,1.0,0.0,0.75,0.0,0.0,1.0,1.0,1.0,1.0,1.0,0.0,1.0,0.0,1.0,0.75,1.0,0.25,0.83,0.67,0.33,0.0,0.83,0.0,0.67,0.25,0.5,0.75,0.75,0.5,0.75,1.0,0.25
1465002,0.75,0.0,0.0,0.0,0.0,0.0,0.0,0.75,1.0,1.0,0.0,0.75,1.0,0.0,0.0,0.0,1.0,0.0,1.0,0.0,0.0,0.75,0.0,1.0,0.0,1.0,0.0,0.25,1.0,0.0,0.0,1.0,0.0,0.0,1.0,0.0,1.0,0.0,1.0,1.0,1.0,1.0,1.0,1.0,0.0,1.0,1.0,0.25,0.0,0.0,0.75,0.0,0.0,1.0,1.0,0.0,0.0,0.0,0.0,1.0,0.17,0.33,0.83,0.83,0.33,0.33,0.33,0.25,0.75,0.75,0.75,0.75,0.75,0.75,0.25
1465360,0.25,0.25,0.25,0.0,1.0,1.0,0.0,0.25,1.0,1.0,0.25,1.0,0.0,1.0,0.25,0.25,0.0,1.0,1.0,1.0,1.0,1.0,0.25,0.75,1.0,1.0,1.0,1.0,0.75,0.75,1.0,0.75,0.0,1.0,0.25,0.75,0.75,1.0,0.0,1.0,1.0,1.0,0.25,1.0,0.0,0.75,1.0,0.0,1.0,1.0,0.0,0.0,0.0,1.0,0.0,0.25,0.25,1.0,0.0,1.0,0.33,0.67,0.83,0.67,0.33,0.17,0.83,0.5,0.25,0.25,0.75,0.5,0.25,0.25,0.5
1467813,0.25,1.0,1.0,0.0,1.0,0.75,0.75,0.75,0.0,0.25,0.25,0.75,0.25,0.25,0.75,1.0,0.0,1.0,1.0,0.75,1.0,1.0,0.25,1.0,0.25,1.0,1.0,1.0,0.75,0.0,1.0,0.0,0.25,0.25,0.25,0.0,1.0,1.0,0.25,0.75,0.75,1.0,1.0,1.0,1.0,0.75,1.0,0.25,1.0,0.75,0.25,0.75,1.0,0.75,0.0,0.75,1.0,1.0,0.25,0.0,0.83,0.67,0.67,0.33,0.33,0.33,0.83,0.75,0.75,0.5,0.75,0.25,0.5,0.5,0.75
1468353,0.25,1.0,0.0,0.25,0.25,1.0,0.25,0.75,0.0,0.25,0.25,1.0,0.0,1.0,0.75,0.75,0.0,0.25,0.0,0.0,0.0,0.25,0.0,0.0,1.0,0.75,1.0,1.0,0.75,0.0,0.25,0.25,1.0,0.25,0.0,0.25,1.0,0.0,0.0,1.0,0.75,0.75,1.0,1.0,0.25,1.0,1.0,0.0,0.75,0.75,1.0,1.0,1.0,1.0,0.0,0.75,0.25,1.0,0.0,0.0,1.0,0.17,0.33,0.67,0.33,0.33,0.67,0.75,0.75,0.5,0.75,0.25,0.5,0.75,1.0
1470087,0.25,0.25,1.0,0.0,0.0,0.75,0.75,0.25,0.0,0.75,0.25,0.25,0.75,0.75,0.0,0.25,1.0,0.0,1.0,0.75,0.0,0.25,0.75,1.0,0.75,0.75,0.75,1.0,1.0,0.75,1.0,1.0,0.25,0.75,0.75,0.75,0.25,0.25,0.25,0.25,0.75,0.0,0.0,0.25,0.75,0.75,0.75,1.0,0.0,0.75,0.75,0.25,0.75,1.0,0.0,0.0,0.75,0.75,0.0,0.75,1.0,0.33,0.33,0.67,0.33,0.83,0.17,0.75,0.75,0.25,0.25,0.75,0.75,0.75,0.0
1473065,1.0,0.75,0.75,0.25,1.0,0.25,0.25,0.25,0.0,0.0,1.0,0.75,0.25,0.75,0.25,0.75,0.0,0.25,0.25,0.25,0.75,1.0,0.25,0.75,0.25,0.25,0.75,0.75,0.25,0.25,0.75,0.75,0.25,0.75,0.0,0.75,0.75,0.0,0.25,0.75,0.75,0.75,0.75,0.75,1.0,0.75,0.75,0.0,0.0,0.75,0.25,0.25,0.75,0.25,0.0,0.75,0.75,0.75,0.0,0.25,0.83,0.33,0.67,0.0,0.67,0.33,0.83,0.75,0.75,0.5,0.75,0.5,0.5,0.25,0.75
1475893,0.75,0.75,0.75,0.0,1.0,0.25,0.75,1.0,0.75,0.25,0.75,0.25,1.0,0.75,0.75,0.25,0.75,1.0,0.0,1.0,0.0,1.0,0.25,1.0,1.0,0.25,1.0,1.0,0.25,0.25,0.25,0.75,0.25,0.75,0.25,1.0,1.0,0.25,0.75,0.25,0.75,1.0,1.0,1.0,1.0,1.0,1.0,1.0,0.75,0.75,0.25,0.75,1.0,1.0,0.75,1.0,0.75,1.0,0.25,0.0,0.83,0.83,0.17,0.0,0.83,0.33,0.67,0.75,1.0,0.5,1.0,0.25,0.5,0.0,0.5
1477745,1.0,0.25,0.75,1.0,0.75,0.75,0.75,0.25,0.0,0.25,0.25,0.25,0.0,0.25,0.0,0.25,0.0,0.0,0.25,1.0,0.0,1.0,0.0,1.0,0.25,0.25,0.75,0.75,0.75,1.0,0.25,1.0,0.0,1.0,1.0,0.75,1.0,0.25,0.0,1.0,1.0,0.25,0.75,0.25,0.75,1.0,1.0,0.25,0.0,0.0,0.25,0.75,1.0,0.25,0.25,0.75,0.75,0.75,0.0,0.0,0.5,0.5,0.33,0.5,0.33,0.33,0.67,0.5,0.75,0.0,0.5,0.75,0.75,0.5,0.5
1479017,0.75,1.0,1.0,0.0,0.75,1.0,1.0,0.25,0.75,0.75,1.0,0.75,0.25,1.0,0.25,0.25,0.25,0.0,0.25,0.75,0.75,0.75,0.75,0.75,0.0,0.75,1.0,1.0,1.0,1.0,1.0,0.25,0.25,1.0,0.25,0.0,0.75,0.25,1.0,0.25,0.75,0.75,1.0,1.0,0.25,1.0,1.0,1.0,1.0,1.0,0.75,1.0,0.25,0.75,0.25,0.75,1.0,1.0,0.0,0.25,0.67,0.67,0.83,0.33,0.33,0.67,0.33,0.75,0.75,0.25,0.75,0.5,0.75,0.5,0.5
1480931,0.0,1.0,1.0,0.0,1.0,1.0,0.25,0.25,0.0,0.0,1.0,1.0,0.75,1.0,0.75,1.0,0.0,1.0,1.0,1.0,1.0,1.0,0.25,1.0,1.0,0.75,0.75,1.0,0.25,0.0,1.0,0.0,0.75,0.25,0.75,0.0,1.0,0.75,0.0,1.0,1.0,1.0,1.0,1.0,0.75,0.75,1.0,0.0,1.0,0.25,0.0,0.0,0.25,1.0,0.0,0.75,0.0,1.0,0.0,0.0,0.83,0.17,0.83,0.17,0.5,0.0,1.0,0.75,1.0,0.75,1.0,0.0,0.5,0.0,0.75
1481131,0.25,0.75,0.75,0.0,0.0,1.0,0.0,0.25,0.75,0.75,0.0,0.0,1.0,0.75,0.0,0.0,1.0,0.25,0.0,0.0,0.0,0.0,0.25,0.0,0.75,0.25,0.25,1.0,0.75,0.0,0.0,1.0,1.0,0.75,0.75,0.25,1.0,0.75,0.0,0.25,1.0,0.75,0.75,0.25,0.25,0.25,0.75,0.0,0.0,0.75,1.0,0.25,0.0,1.0,1.0,0.25,0.25,1.0,1.0,0.75,0.83,0.67,0.17,1.0,0.33,0.83,0.67,0.75,0.75,0.25,0.75,0.75,0.75,0.75,0.75
1481178,1.0,1.0,1.0,0.75,0.75,0.75,1.0,1.0,0.75,0.25,0.75,0.75,1.0,1.0,0.25,0.25,0.75,0.75,0.75,0.75,0.75,1.0,1.0,1.0,0.75,0.75,0.75,1.0,0.75,1.0,0.75,0.25,0.25,0.25,1.0,0.75,0.75,1.0,0.75,0.75,0.75,0.75,0.75,1.0,1.0,1.0,1.0,1.0,0.75,1.0,0.25,0.75,0.75,1.0,0.0,1.0,0.75,1.0,0.0,0.0,0.33,0.67,0.67,0.67,0.83,0.17,1.0,0.5,0.75,0.25,0.5,0.25,0.75,0.5,0.5
1481447,0.75,1.0,0.25,0.0,1.0,1.0,0.25,1.0,0.25,0.0,0.75,0.75,0.0,1.0,1.0,0.75,0.0,1.0,0.75,1.0,1.0,1.0,1.0,1.0,1.0,0.75,0.75,1.0,0.25,0.75,1.0,0.0,1.0,0.0,0.0,0.0,1.0,0.75,0.0,1.0,0.75,1.0,1.0,1.0,0.75,0.75,1.0,0.0,0.75,0.25,0.0,0.75,1.0,0.75,0.25,0.75,0.25,1.0,0.25,0.25,0.33,0.0,0.83,0.0,0.83,0.17,1.0,1.0,0.75,0.25,1.0,0.0,0.25,0.25,0.75
1481463,0.25,0.75,0.0,0.0,0.0,0.0,0.0,0.75,1.0,1.0,0.0,0.25,1.0,1.0,0.0,0.25,0.75,1.0,0.25,0.0,0.0,0.0,0.75,0.25,1.0,0.0,1.0,1.0,0.25,1.0,1.0,1.0,0.0,0.0,0.0,0.0,0.25,0.0,0.75,0.0,0.0,1.0,0.0,0.75,0.0,0.0,0.0,1.0,0.0,1.0,0.25,0.0,0.0,1.0,0.0,0.0,0.0,1.0,0.75,1.0,0.0,0.33,0.17,0.0,0.17,0.83,0.0,0.5,0.5,0.75,0.5,0.5,0.0,0.25,0.5
1482082,1.0,0.75,1.0,0.25,0.75,0.75,0.25,0.75,0.75,0.0,0.25,0.75,0.25,1.0,0.75,1.0,0.0,1.0,1.0,1.0,0.75,1.0,0.0,1.0,0.75,0.0,0.75,0.25,0.75,1.0,0.25,0.0,1.0,0.0,1.0,0.75,0.75,0.75,0.25,1.0,0.75,0.75,0.75,0.75,0.75,1.0,0.25,0.0,0.0,0.0,0.0,0.0,1.0,0.75,0.0,1.0,1.0,0.25,0.0,0.0,1.0,0.83,0.83,0.33,1.0,0.5,1.0,0.5,0.75,0.0,0.75,0.0,0.5,0.0,1.0
1485567,0.75,0.75,0.75,1.0,0.0,0.75,1.0,1.0,0.75,0.0,1.0,0.0,0.75,0.75,0.25,0.0,0.75,0.25,0.75,1.0,0.0,1.0,0.25,1.0,0.75,0.0,0.75,0.75,0.75,0.0,0.25,0.75,0.75,0.25,0.75,0.0,0.25,1.0,0.75,1.0,1.0,1.0,1.0,0.75,1.0,1.0,1.0,0.0,0.25,0.75,0.75,0.75,0.75,0.25,0.25,1.0,0.25,0.75,0.25,0.0,0.83,0.67,0.33,0.0,0.5,0.33,0.83,0.5,0.5,0.75,0.5,0.5,0.5,0.75,0.75
1486473,1.0,0.25,1.0,0.75,0.0,0.0,0.0,0.0,1.0,1.0,0.0,0.0,0.25,0.0,0.0,0.75,1.0,0.0,0.75,0.75,0.0,0.0,1.0,1.0,0.0,0.25,0.0,0.0,1.0,1.0,0.0,1.0,0.0,1.0,0.25,1.0,0.75,0.0,0.75,0.0,0.25,0.75,0.0,0.0,1.0,0.0,0.0,1.0,0.0,0.75,1.0,0.0,0.0,0.75,1.0,0.0,1.0,0.0,1.0,1.0,0.5,1.0,0.0,1.0,1.0,1.0,0.0,0.0,0.25,0.5,0.0,1.0,0.75,0.75,0.0
1487857,1.0,0.75,1.0,1.0,0.75,0.75,0.0,0.0,0.25,0.25,0.75,0.25,0.75,1.0,0.25,0.75,0.75,0.75,1.0,1.0,0.75,1.0,0.0,1.0,1.0,0.25,0.75,0.75,1.0,0.75,0.25,0.0,1.0,0.75,0.75,0.0,0.75,0.75,0.75,1.0,0.75,1.0,1.0,1.0,1.0,1.0,0.75,0.75,0.75,0.25,0.25,1.0,0.25,1.0,0.0,1.0,0.75,1.0,0.25,0.0,0.33,0.0,0.67,0.0,0.67,0.0,0.67,0.5,0.5,0.25,0.75,0.25,0.5,0.5,0.5
1490759,1.0,0.25,0.25,0.75,0.25,0.25,0.0,0.0,0.75,0.25,0.75,0.75,0.75,1.0,0.0,1.0,0.75,0.75,0.75,0.75,0.0,0.75,0.25,0.75,0.0,0.25,0.25,0.25,0.75,1.0,0.25,0.75,0.75,0.75,0.75,0.75,0.75,0.75,0.75,0.75,0.75,0.75,0.75,0.75,1.0,0.25,0.75,0.25,0.0,0.0,0.25,0.75,1.0,0.75,0.0,1.0,0.25,0.0,0.25,0.25,0.67,0.17,0.17,0.33,0.17,0.33,0.33,0.5,0.75,0.25,0.75,0.5,0.25,0.5,0.5
1490991,1.0,0.75,0.25,0.0,0.0,0.75,0.75,0.25,0.75,0.25,0.75,1.0,0.75,1.0,0.75,0.75,0.0,1.0,1.0,1.0,0.75,1.0,0.25,1.0,1.0,1.0,1.0,1.0,1.0,0.75,1.0,0.25,0.75,1.0,1.0,0.0,1.0,0.75,0.75,0.75,1.0,1.0,1.0,0.75,0.75,0.75,1.0,1.0,0.75,0.75,0.75,0.75,0.0,0.25,0.25,0.25,0.25,1.0,0.0,0.75,1.0,1.0,0.5,0.0,0.5,0.0,0.33,0.5,0.5,0.5,0.5,0.5,0.5,0.5,0.5
1491026,0.25,1.0,0.75,0.25,1.0,1.0,1.0,0.75,0.0,0.0,0.75,1.0,0.0,1.0,1.0,1.0,0.0,1.0,1.0,1.0,1.0,1.0,0.0,0.75,1.0,1.0,1.0,1.0,0.25,0.25,1.0,0.0,1.0,0.0,0.75,0.0,1.0,0.75,0.0,1.0,1.0,1.0,1.0,1.0,1.0,0.75,0.75,0.0,0.25,0.25,0.0,1.0,0.25,0.75,0.0,1.0,0.75,1.0,0.0,0.0,0.0,0.0,0.83,0.17,0.5,0.0,1.0,1.0,1.0,0.5,1.0,0.0,0.0,0.0,0.75
1491126,0.25,0.0,0.0,0.75,0.0,0.0,0.75,0.0,0.0,0.0,1.0,0.25,0.75,0.75,0.0,0.0,0.75,0.0,0.0,0.75,0.0,0.0,0.75,1.0,1.0,0.25,1.0,0.75,1.0,1.0,0.0,1.0,0.0,0.25,1.0,1.0,0.75,0.0,0.0,0.0,1.0,0.75,0.75,0.75,0.0,0.25,0.75,0.75,0.0,1.0,1.0,1.0,1.0,0.25,0.0,0.0,1.0,1.0,1.0,0.25,1.0,0.67,0.17,1.0,0.5,0.67,0.83,0.25,0.25,0.0,0.5,0.75,0.75,1.0,0.5
1491442,0.0,0.75,1.0,1.0,1.0,1.0,1.0,0.0,1.0,0.0,0.25,0.0,0.25,1.0,1.0,0.75,1.0,1.0,1.0,1.0,0.25,1.0,0.25,1.0,0.0,1.0,1.0,1.0,0.25,0.75,1.0,0.75,0.25,0.75,0.75,0.0,1.0,0.75,0.0,0.75,0.75,1.0,1.0,1.0,0.0,0.25,1.0,0.25,0.0,0.25,0.25,1.0,1.0,0.25,0.25,1.0,1.0,1.0,0.25,0.0,1.0,1.0,0.5,0.67,1.0,0.67,1.0,0.5,0.75,0.75,0.5,0.5,0.75,0.5,0.75
1493887,0.75,0.75,1.0,0.25,1.0,0.75,1.0,1.0,0.75,0.0,1.0,0.25,0.0,1.0,0.25,0.75,0.25,0.75,1.0,1.0,0.75,0.75,0.25,1.0,1.0,1.0,1.0,1.0,1.0,0.25,1.0,0.25,1.0,0.25,0.25,0.0,0.75,1.0,1.0,1.0,1.0,1.0,1.0,0.75,1.0,1.0,0.75,0.0,0.25,0.75,0.0,0.25,0.0,0.0,0.25,0.75,0.75,1.0,0.0,0.0,1.0,0.67,1.0,0.0,1.0,0.33,1.0,0.75,1.0,0.0,1.0,0.0,0.75,0.0,0.75
1494200,0.0,1.0,1.0,0.0,0.75,1.0,0.0,1.0,0.0,0.0,1.0,0.0,0.0,1.0,1.0,1.0,0.0,1.0,1.0,1.0,1.0,1.0,0.0,1.0,1.0,0.0,1.0,1.0,1.0,1.0,1.0,1.0,1.0,1.0,1.0,0.0,1.0,1.0,0.75,1.0,1.0,1.0,1.0,1.0,1.0,1.0,1.0,0.0,1.0,0.25,0.25,1.0,1.0,1.0,0.0,1.0,0.0,1.0,0.0,0.0,1.0,0.17,0.17,0.0,0.0,0.0,1.0,1.0,1.0,0.25,1.0,0.0,0.75,0.25,0.75
1494453,1.0,0.75,1.0,1.0,0.0,0.0,0.75,0.0,0.0,0.75,0.25,0.0,0.75,0.75,0.0,0.75,1.0,0.0,1.0,1.0,0.0,1.0,0.75,1.0,0.25,0.25,0.25,0.0,0.75,1.0,0.25,1.0,0.0,1.0,1.0,1.0,0.0,0.75,0.75,0.0,0.75,0.0,0.25,0.75,1.0,1.0,0.0,0.75,0.0,0.25,0.25,0.25,1.0,0.0,0.25,0.25,1.0,0.0,0.25,0.25,1.0,1.0,0.0,0.67,1.0,1.0,0.17,0.0,0.5,0.25,0.5,1.0,0.75,0.5,0.0
1496614,1.0,0.25,0.25,0.0,0.25,0.75,0.25,0.75,0.25,0.0,0.75,0.75,0.75,1.0,0.25,0.75,0.25,0.25,1.0,1.0,0.75,1.0,0.25,0.75,1.0,0.75,1.0,1.0,0.75,0.75,1.0,0.0,1.0,0.0,0.75,0.0,0.75,1.0,0.75,1.0,1.0,1.0,1.0,1.0,0.75,0.75,1.0,0.0,0.75,0.25,1.0,1.0,1.0,1.0,0.0,1.0,0.75,1.0,0.0,0.0,0.5,0.5,0.33,0.5,0.5,0.17,0.5,0.5,1.0,0.5,0.75,0.5,0.5,0.5,0.5
1497054,0.0,1.0,1.0,0.25,1.0,0.75,0.0,0.0,0.25,1.0,1.0,0.75,1.0,1.0,0.0,0.0,1.0,0.0,1.0,1.0,0.0,0.25,1.0,1.0,0.0,0.75,0.75,0.75,1.0,1.0,0.75,1.0,0.0,1.0,0.25,1.0,1.0,0.25,0.75,0.25,1.0,0.75,0.0,0.0,1.0,0.25,0.0,1.0,0.0,1.0,1.0,0.0,0.0,1.0,1.0,0.0,1.0,0.0,0.75,1.0,0.17,0.83,0.17,1.0,0.5,0.33,0.17,0.25,0.75,0.75,0.75,0.75,0.75,0.75,0.75
1497835,0.25,0.75,1.0,0.75,0.75,1.0,0.0,0.75,0.25,0.0,0.75,0.25,0.0,0.75,0.25,0.75,0.75,1.0,1.0,0.75,0.75,0.75,0.25,1.0,1.0,0.75,1.0,1.0,1.0,0.25,1.0,0.0,1.0,0.25,0.0,0.25,0.75,0.75,0.25,0.75,1.0,1.0,1.0,1.0,0.25,0.75,1.0,0.0,0.0,0.25,0.25,1.0,1.0,0.75,0.0,1.0,0.25,1.0,0.0,0.0,0.0,0.17,0.67,0.17,0.67,0.17,1.0,0.75,1.0,0.5,1.0,0.25,0.5,0.5,0.75
1499703,1.0,0.25,1.0,0.0,0.0,0.25,1.0,1.0,0.75,1.0,0.25,0.75,1.0,0.75,0.25,0.25,0.25,0.75,0.75,0.25,1.0,1.0,0.25,0.25,1.0,0.75,0.0,0.75,0.75,0.0,0.75,0.0,1.0,0.25,0.75,0.25,0.75,1.0,0.25,1.0,1.0,1.0,0.75,0.75,1.0,0.75,1.0,0.0,0.0,0.0,0.75,0.75,0.25,1.0,0.25,0.75,0.75,0.25,0.0,0.25,0.83,0.83,0.17,0.17,0.33,0.33,0.33,0.75,0.75,0.75,0.75,0.0,0.75,0.75,0.25
1500668,1.0,0.75,1.0,0.0,0.75,0.75,0.0,0.0,0.25,0.25,0.25,0.75,0.0,1.0,1.0,0.75,0.25,1.0,0.75,1.0,0.75,1.0,0.25,1.0,0.75,0.75,1.0,1.0,1.0,0.75,0.25,0.0,0.75,0.25,0.25,0.25,0.75,0.75,0.25,0.75,1.0,0.75,0.25,0.25,0.75,0.75,0.75,0.75,1.0,0.25,0.25,1.0,0.75,0.75,0.0,1.0,0.75,0.25,0.0,0.25,0.67,0.67,0.17,0.0,0.83,0.17,0.67,0.75,0.75,0.25,0.5,0.25,0.5,0.5,0.5
1500711,0.75,1.0,0.75,0.0,1.0,1.0,0.75,0.75,0.25,0.0,1.0,0.75,0.75,1.0,0.75,0.75,0.25,0.75,0.25,1.0,1.0,1.0,0.25,0.75,1.0,0.75,1.0,1.0,1.0,1.0,1.0,0.25,0.25,0.0,0.25,0.0,0.75,0.75,0.0,0.75,1.0,1.0,0.0,1.0,1.0,0.75,1.0,0.75,0.25,0.75,0.25,0.75,1.0,0.0,0.0,1.0,0.75,0.75,0.0,0.0,0.83,0.0,1.0,0.0,0.33,0.17,1.0,0.75,1.0,0.25,0.75,0.0,0.75,0.0,0.75
1501223,0.0,1.0,1.0,0.0,1.0,1.0,0.0,0.25,0.0,0.0,0.25,0.0,0.25,0.75,0.0,0.25,0.75,0.75,0.25,1.0,0.0,1.0,0.0,1.0,1.0,0.25,1.0,0.75,1.0,1.0,1.0,1.0,0.0,1.0,1.0,1.0,0.75,0.25,0.0,0.25,0.25,0.75,0.0,0.75,0.75,0.75,0.75,1.0,0.75,0.25,0.0,1.0,1.0,0.25,0.25,0.75,0.25,0.75,0.25,0.75,1.0,0.67,1.0,0.0,1.0,0.17,0.0,0.75,0.75,0.25,0.25,0.75,0.25,0.25,0.25
1507073,0.0,1.0,0.75,0.25,0.75,1.0,0.25,0.0,0.0,0.25,0.75,0.75,0.25,0.75,0.75,0.75,0.0,1.0,0.75,0.75,0.75,1.0,0.0,0.75,0.75,0.75,1.0,1.0,0.25,0.75,0.75,0.0,0.75,0.75,0.75,0.0,0.75,0.75,0.25,0.75,1.0,0.75,0.0,1.0,0.75,0.75,0.75,0.0,0.25,0.75,0.25,0.75,1.0,0.75,0.0,1.0,0.25,1.0,0.0,0.0,0.17,0.33,0.83,0.0,0.67,0.33,0.33,0.75,0.75,0.25,0.75,0.25,0.5,0.5,0.5
1510396,0.25,0.25,0.75,0.25,0.0,0.75,0.25,0.0,0.75,0.25,0.25,0.0,0.0,0.75,0.0,0.25,0.25,0.75,0.25,0.75,0.25,1.0,0.75,1.0,0.0,0.25,0.25,0.75,0.75,0.75,1.0,0.25,0.75,0.75,0.75,0.0,1.0,0.25,0.0,0.75,0.75,0.75,0.75,0.25,0.25,0.75,0.75,0.75,0.0,0.25,0.25,0.25,0.25,0.75,0.25,0.75,0.75,1.0,0.25,0.25,0.67,0.67,0.33,0.33,0.33,0.33,0.67,0.5,0.75,0.5,0.5,0.5,0.75,0.5,0.5
1512567,0.75,1.0,0.0,0.75,1.0,1.0,1.0,1.0,0.25,1.0,1.0,1.0,0.75,1.0,1.0,1.0,0.0,1.0,0.0,0.0,1.0,1.0,0.0,0.75,1.0,1.0,1.0,1.0,0.0,0.0,1.0,0.0,1.0,0.0,0.25,0.0,1.0,1.0,0.0,1.0,1.0,1.0,1.0,1.0,0.75,1.0,1.0,0.0,1.0,1.0,0.25,1.0,1.0,0.0,0.0,1.0,0.25,1.0,0.0,0.0,0.83,0.17,0.83,0.0,0.83,0.0,1.0,0.75,0.75,0.5,0.75,0.0,0.5,0.5,0.75
1512952,0.75,0.75,0.75,0.0,1.0,1.0,0.75,0.75,0.25,1.0,1.0,1.0,0.0,1.0,0.75,1.0,0.0,1.0,1.0,0.75,0.25,1.0,0.25,0.0,1.0,1.0,1.0,1.0,1.0,0.0,1.0,0.25,1.0,0.0,1.0,0.0,0.0,0.0,1.0,0.75,1.0,1.0,1.0,0.75,0.0,0.75,1.0,1.0,1.0,0.25,0.0,0.75,0.0,1.0,0.0,1.0,0.75,1.0,0.0,0.0,1.0,0.33,1.0,0.0,0.83,0.0,1.0,1.0,1.0,0.75,1.0,0.25,0.5,0.0,0.75
1515989,0.0,0.0,0.25,1.0,0.75,0.25,0.0,1.0,0.25,0.75,1.0,0.75,0.75,1.0,1.0,1.0,0.0,0.75,1.0,1.0,0.75,1.0,0.25,1.0,1.0,0.25,0.75,0.75,1.0,1.0,0.75,0.75,0.75,0.25,1.0,1.0,0.25,0.0,0.25,0.75,1.0,0.75,1.0,0.25,1.0,0.75,0.75,0.0,0.0,0.0,0.75,1.0,1.0,0.75,0.0,0.75,0.25,0.75,0.0,0.0,0.83,0.83,0.5,0.0,0.83,0.17,0.5,0.5,0.75,0.5,0.75,0.5,0.5,0.75,0.25
1516663,0.25,0.75,0.75,0.0,1.0,1.0,0.75,0.75,0.25,0.0,0.75,0.0,0.0,1.0,0.25,0.75,0.0,0.75,1.0,0.75,1.0,1.0,0.25,1.0,0.75,0.75,1.0,1.0,1.0,0.75,1.0,1.0,1.0,0.25,1.0,0.0,0.25,0.75,0.75,0.75,1.0,0.75,0.75,0.75,0.25,0.75,1.0,0.75,0.75,0.75,0.25,0.75,1.0,1.0,0.0,1.0,0.75,1.0,0.0,0.0,0.67,0.5,0.17,0.17,0.17,0.17,0.83,0.5,1.0,0.5,0.75,0.25,0.5,0.75,0.75
1517826,0.0,0.25,0.0,0.0,0.0,0.25,0.0,0.0,0.75,1.0,0.25,0.75,0.25,0.25,0.0,0.25,1.0,0.0,1.0,1.0,0.0,0.75,1.0,1.0,0.0,0.75,0.0,1.0,1.0,0.75,0.75,1.0,0.0,1.0,0.75,0.75,1.0,0.0,0.0,0.25,0.75,0.75,0.0,0.75,0.0,0.0,0.0,1.0,0.0,1.0,0.25,0.0,0.0,1.0,0.75,0.0,0.25,0.75,0.75,1.0,0.0,0.67,0.5,0.67,0.17,0.0,1.0,0.25,0.25,0.75,0.75,1.0,0.25,0.5,0.5
1517876,0.25,1.0,1.0,0.25,1.0,1.0,0.25,0.75,0.0,0.0,1.0,1.0,0.0,1.0,1.0,1.0,0.0,1.0,1.0,1.0,0.75,1.0,0.25,0.75,1.0,0.75,1.0,1.0,0.0,0.75,1.0,0.0,1.0,0.0,0.75,0.0,0.75,0.75,0.25,0.75,1.0,0.75,1.0,1.0,0.75,0.75,0.75,0.75,1.0,0.25,0.0,0.25,0.25,1.0,0.0,1.0,0.0,1.0,0.0,0.0,0.0,0.0,0.83,0.0,0.83,0.0,0.83,1.0,0.75,0.25,1.0,0.0,0.0,0.0,1.0
1518014,0.0,0.25,1.0,0.0,0.0,0.25,0.25,0.0,0.75,0.25,0.75,0.0,1.0,0.75,0.0,1.0,0.25,0.0,1.0,1.0,0.0,1.0,0.75,1.0,0.25,0.75,1.0,1.0,0.75,0.25,0.0,1.0,0.0,1.0,0.75,1.0,0.75,1.0,0.0,1.0,1.0,0.25,0.0,1.0,0.75,0.75,0.75,0.0,0.0,0.75,0.75,1.0,1.0,0.25,0.25,0.0,0.0,0.75,0.0,0.0,0.67,0.83,0.0,0.33,0.67,1.0,0.17,0.0,0.75,0.25,0.75,0.75,0.75,0.75,0.25
1518189,0.75,0.25,1.0,0.25,0.25,0.0,0.0,0.75,0.75,0.0,0.75,0.0,0.75,0.25,0.0,0.25,0.75,0.0,0.25,0.75,0.0,0.0,0.25,1.0,0.0,0.25,0.0,0.75,0.25,0.25,0.75,0.75,0.0,1.0,1.0,0.75,1.0,0.0,0.75,0.25,0.25,0.25,0.25,0.25,0.0,0.25,1.0,1.0,0.0,1.0,1.0,0.0,0.0,1.0,0.25,0.25,0.0,0.25,0.25,1.0,1.0,1.0,0.0,0.83,0.33,0.0,0.33,0.25,0.75,0.5,0.5,0.5,0.75,0.5,0.25
1519212,1.0,0.25,0.25,0.25,0.75,0.25,1.0,1.0,1.0,0.25,1.0,0.0,0.0,0.75,1.0,0.75,0.75,0.25,0.0,1.0,0.0,1.0,0.75,1.0,0.0,0.0,0.0,0.25,1.0,0.75,0.75,0.75,0.75,0.75,0.75,0.75,0.75,0.75,0.75,0.75,0.75,0.75,0.75,0.25,0.75,0.25,0.75,0.75,1.0,0.75,1.0,1.0,1.0,0.75,0.0,0.75,0.75,1.0,0.0,0.0,1.0,1.0,0.0,0.0,0.83,0.83,0.67,0.5,1.0,0.0,0.5,0.5,1.0,1.0,0.75
1521016,0.75,0.75,1.0,0.0,0.75,1.0,0.75,1.0,0.0,0.0,0.0,0.25,1.0,1.0,0.0,1.0,0.75,0.0,1.0,1.0,0.0,1.0,1.0,1.0,0.0,0.0,1.0,1.0,1.0,1.0,1.0,1.0,0.0,1.0,1.0,1.0,1.0,0.0,1.0,0.75,1.0,0.75,1.0,1.0,1.0,1.0,1.0,1.0,1.0,1.0,0.75,0.75,0.25,0.75,0.0,0.0,0.75,1.0,0.25,0.25,0.83,0.83,0.17,0.0,0.67,0.17,0.83,0.75,0.75,0.25,0.75,0.75,1.0,0.25,0.0
1522023,0.0,1.0,1.0,0.0,1.0,0.0,1.0,0.0,0.0,1.0,0.0,0.0,0.0,0.75,1.0,1.0,1.0,1.0,1.0,1.0,0.0,0.0,1.0,1.0,1.0,1.0,1.0,1.0,1.0,1.0,0.0,1.0,0.0,1.0,1.0,1.0,1.0,0.0,0.0,1.0,0.0,0.0,0.0,0.0,1.0,1.0,0.0,1.0,1.0,0.0,1.0,1.0,1.0,1.0,0.0,1.0,1.0,0.0,0.0,0.0,0.17,0.33,1.0,0.67,0.83,1.0,0.0,1.0,1.0,0.0,0.75,1.0,0.75,0.75,0.0
1522961,1.0,0.0,1.0,0.25,0.0,0.25,0.25,0.25,0.25,0.25,0.75,0.25,0.25,0.75,0.0,1.0,0.75,0.0,1.0,0.75,0.25,1.0,0.75,1.0,0.75,0.25,0.0,0.25,1.0,1.0,0.25,1.0,1.0,0.25,0.75,0.0,0.25,0.75,0.75,0.75,0.75,0.75,0.25,0.25,1.0,1.0,0.0,1.0,0.0,0.25,0.0,0.75,0.0,0.75,0.0,1.0,1.0,0.75,0.0,0.75,1.0,1.0,0.17,0.0,1.0,0.67,0.33,0.5,0.75,0.25,0.5,0.5,0.5,0.25,0.5
1524288,0.0,0.75,0.75,0.25,0.75,0.25,0.0,0.75,0.25,1.0,0.0,0.25,0.75,0.75,0.0,0.25,0.75,0.75,0.0,0.75,0.0,0.0,1.0,1.0,1.0,0.75,0.75,1.0,1.0,0.75,1.0,0.75,0.0,0.75,0.75,0.25,0.25,0.75,0.25,0.0,0.25,0.25,0.75,0.75,0.75,0.25,1.0,1.0,0.25,0.75,0.0,0.75,0.0,1.0,0.75,0.25,0.75,0.25,0.75,1.0,0.67,0.33,0.33,0.83,0.33,0.83,0.33,0.25,0.75,0.75,0.25,0.75,0.75,0.25,0.0
1524292,0.0,1.0,0.25,0.0,1.0,0.25,0.75,0.25,0.0,0.0,0.25,1.0,0.0,1.0,1.0,1.0,0.0,1.0,0.75,0.25,1.0,1.0,1.0,1.0,1.0,0.75,1.0,1.0,0.25,0.0,1.0,0.0,0.75,0.25,0.75,0.0,1.0,0.75,1.0,0.25,1.0,0.75,0.75,1.0,1.0,0.75,1.0,0.25,1.0,0.75,0.0,1.0,0.0,0.75,0.0,1.0,0.25,1.0,0.0,0.0,0.17,0.17,0.83,0.0,0.83,0.0,0.83,1.0,1.0,0.75,1.0,0.25,0.25,0.0,1.0
1527871,1.0,0.0,1.0,1.0,1.0,0.0,0.0,1.0,1.0,0.0,1.0,0.75,0.0,0.75,1.0,0.25,0.25,1.0,1.0,1.0,0.0,1.0,0.0,1.0,1.0,1.0,1.0,1.0,0.0,0.0,0.0,0.0,1.0,0.0,1.0,0.25,0.25,0.75,1.0,0.75,1.0,1.0,1.0,1.0,0.0,1.0,1.0,0.0,0.0,0.0,1.0,1.0,1.0,0.0,0.0,1.0,0.0,0.75,0.0,0.0,0.0,0.0,0.67,0.17,0.67,0.0,1.0,0.75,0.75,0.25,0.75,0.25,0.75,0.75,0.75
1528105,0.25,1.0,1.0,0.25,1.0,0.25,1.0,0.0,0.0,0.25,0.0,0.25,0.75,0.75,0.0,0.25,0.25,0.75,0.75,0.0,0.25,1.0,1.0,1.0,0.0,0.0,0.75,0.75,1.0,0.0,1.0,0.75,0.0,0.0,0.75,1.0,1.0,1.0,0.25,0.75,0.75,1.0,1.0,1.0,1.0,0.25,1.0,1.0,0.0,1.0,0.0,0.25,1.0,1.0,0.0,1.0,1.0,1.0,0.0,0.0,1.0,0.83,0.33,0.0,1.0,0.17,0.83,0.75,1.0,1.0,1.0,0.5,0.75,0.25,0.75
1528529,0.75,1.0,1.0,0.25,1.0,0.75,0.75,1.0,0.0,0.75,0.75,0.75,0.75,1.0,1.0,0.75,0.0,1.0,0.25,0.75,1.0,1.0,1.0,1.0,1.0,0.75,1.0,1.0,0.75,0.0,1.0,0.25,1.0,0.25,0.25,0.25,1.0,0.75,0.25,0.75,1.0,0.75,1.0,0.75,1.0,1.0,1.0,0.0,0.75,0.0,0.25,0.75,0.75,0.0,0.0,1.0,0.75,1.0,0.0,0.0,0.67,0.67,1.0,0.0,0.83,0.0,0.83,0.75,0.75,0.25,0.75,0.0,0.5,0.5,0.75
1530957,0.75,1.0,0.75,0.0,0.0,0.25,0.0,0.0,0.0,0.0,0.25,0.75,0.25,0.0,0.0,0.0,0.75,0.0,0.0,0.75,0.0,0.75,1.0,0.0,1.0,0.75,1.0,0.0,0.75,0.75,0.0,1.0,0.0,1.0,1.0,1.0,1.0,0.25,0.75,0.0,0.25,0.0,0.0,0.75,0.25,0.25,1.0,0.75,0.0,0.0,1.0,0.25,0.0,1.0,0.75,0.25,0.25,0.75,0.75,0.75,1.0,0.83,0.0,0.0,0.5,0.5,0.0,0.25,0.5,0.5,0.5,1.0,1.0,1.0,0.25
1531793,0.0,1.0,1.0,0.0,1.0,1.0,1.0,1.0,0.0,0.0,0.75,0.0,0.0,1.0,0.75,0.75,0.0,1.0,0.75,1.0,1.0,1.0,0.0,1.0,1.0,1.0,1.0,1.0,1.0,0.25,1.0,0.0,1.0,0.25,0.25,0.0,1.0,0.25,0.0,1.0,0.25,0.75,1.0,1.0,0.75,1.0,1.0,0.0,1.0,1.0,0.0,1.0,1.0,1.0,0.0,0.75,0.25,1.0,0.0,0.0,0.17,0.0,1.0,0.0,0.33,0.17,1.0,1.0,0.75,0.5,0.75,0.25,0.5,0.25,0.75
1532178,1.0,0.75,1.0,0.25,0.0,0.75,0.75,0.0,0.25,0.0,1.0,0.0,1.0,0.75,0.75,0.25,1.0,1.0,0.75,0.25,0.0,1.0,1.0,1.0,1.0,0.75,0.75,1.0,0.25,0.0,1.0,0.75,0.25,1.0,1.0,0.25,1.0,0.75,1.0,0.75,1.0,0.25,1.0,0.0,1.0,1.0,1.0,0.0,0.0,0.0,1.0,0.75,1.0,1.0,0.0,1.0,0.25,0.75,0.0,0.0,1.0,0.17,1.0,0.67,0.67,0.67,1.0,0.25,0.25,0.75,0.75,0.75,0.75,1.0,0.75
1532244,0.75,0.25,1.0,0.75,0.75,0.75,0.75,0.25,0.0,1.0,0.75,0.75,0.75,1.0,0.25,0.75,0.75,0.25,1.0,1.0,0.75,1.0,1.0,1.0,0.75,0.0,1.0,0.75,1.0,0.75,1.0,0.75,1.0,0.25,0.75,0.0,0.75,0.25,1.0,1.0,0.75,0.25,1.0,0.75,0.75,0.75,1.0,0.75,1.0,0.25,0.25,1.0,1.0,1.0,0.0,1.0,0.75,0.75,0.0,0.0,0.17,0.67,0.0,0.0,0.83,0.17,0.67,0.25,0.5,0.0,0.5,0.5,0.5,0.5,0.5
1532377,1.0,0.75,1.0,0.25,1.0,1.0,0.75,0.75,1.0,0.0,0.75,0.25,1.0,0.75,1.0,0.25,0.25,1.0,1.0,1.0,0.75,1.0,0.0,1.0,1.0,0.25,1.0,1.0,0.0,0.0,1.0,0.25,1.0,0.0,1.0,0.75,0.25,0.75,0.25,1.0,1.0,1.0,0.75,0.75,0.75,0.75,1.0,0.0,0.75,0.0,0.0,1.0,1.0,1.0,0.0,1.0,0.0,1.0,0.0,0.0,1.0,0.17,0.83,0.0,0.5,0.0,1.0,0.75,0.75,0.0,1.0,0.0,0.5,0.0,0.75
1534876,1.0,0.25,0.75,0.25,0.0,0.0,1.0,0.0,1.0,0.75,0.0,0.0,1.0,0.0,0.0,1.0,1.0,0.0,0.0,1.0,0.0,0.25,1.0,1.0,0.0,0.75,0.75,0.25,1.0,1.0,0.0,1.0,0.25,1.0,1.0,1.0,0.25,0.75,0.0,0.0,0.75,0.0,0.75,0.0,1.0,0.25,0.75,1.0,0.0,1.0,0.75,1.0,1.0,0.0,1.0,0.0,1.0,0.0,1.0,0.0,1.0,1.0,0.0,0.83,0.83,1.0,0.17,0.0,0.75,0.75,0.25,1.0,0.75,0.75,0.0
1535138,0.25,0.25,1.0,0.0,1.0,1.0,0.0,0.25,0.75,0.25,0.75,0.25,1.0,1.0,0.25,0.75,0.0,1.0,1.0,0.75,0.75,1.0,1.0,1.0,1.0,0.25,1.0,1.0,0.75,0.0,1.0,0.0,1.0,0.0,1.0,1.0,1.0,1.0,0.0,0.75,1.0,1.0,1.0,0.25,0.75,0.75,1.0,1.0,0.25,0.75,0.0,0.75,0.0,1.0,0.0,0.25,0.25,1.0,0.25,0.25,0.83,0.67,1.0,0.0,1.0,0.0,1.0,0.75,1.0,0.5,0.5,0.25,0.5,0.0,0.75
1537970,1.0,0.25,1.0,0.0,0.0,0.75,1.0,0.0,0.0,0.25,1.0,0.0,0.75,1.0,0.0,1.0,0.0,0.0,0.0,1.0,0.0,0.0,1.0,1.0,0.25,0.75,0.0,1.0,1.0,0.75,1.0,1.0,0.0,1.0,0.25,1.0,1.0,0.75,0.0,1.0,0.25,0.75,1.0,1.0,0.25,1.0,1.0,1.0,0.0,1.0,1.0,1.0,1.0,1.0,0.25,0.75,1.0,0.0,1.0,0.25,0.33,0.33,0.67,0.33,0.33,0.33,0.67,0.75,0.75,0.75,1.0,0.75,0.75,1.0,0.25
1539004,1.0,0.75,1.0,0.25,0.75,0.75,0.25,0.25,0.75,0.25,0.75,0.0,0.75,1.0,0.25,0.75,0.25,0.75,1.0,1.0,0.75,1.0,0.25,1.0,0.75,0.25,0.75,0.75,0.75,0.75,1.0,0.25,0.75,0.75,1.0,1.0,0.25,0.0,0.75,0.25,0.75,0.75,0.75,1.0,0.75,0.75,0.25,0.75,0.0,0.0,0.75,0.75,0.75,1.0,0.0,0.75,0.75,0.75,0.0,0.0,0.17,0.67,0.67,0.0,0.83,0.33,0.5,0.5,0.75,0.25,0.75,0.25,0.75,0.75,0.25
1539085,0.0,1.0,0.75,0.0,1.0,1.0,0.75,1.0,0.0,0.0,0.75,0.75,0.0,1.0,0.75,1.0,0.0,1.0,1.0,0.75,1.0,1.0,0.0,1.0,1.0,0.25,1.0,1.0,1.0,0.25,1.0,0.0,1.0,0.0,0.75,0.0,1.0,1.0,0.75,1.0,1.0,1.0,1.0,1.0,0.25,0.75,1.0,0.0,1.0,0.25,0.0,0.25,1.0,1.0,0.0,1.0,0.25,1.0,0.0,0.0,0.0,0.0,1.0,0.33,0.17,0.0,1.0,1.0,1.0,0.75,1.0,0.0,0.0,0.0,1.0
1540653,0.25,0.75,1.0,0.0,0.25,0.0,0.0,0.0,1.0,0.0,1.0,0.0,0.0,0.25,0.0,0.0,1.0,0.0,1.0,1.0,0.0,0.75,0.0,0.0,0.0,0.0,0.75,0.75,1.0,0.0,1.0,1.0,0.0,1.0,0.25,1.0,1.0,0.0,0.0,0.0,0.0,0.0,0.0,0.0,1.0,0.75,0.25,1.0,0.75,1.0,1.0,0.75,0.0,0.0,1.0,0.0,1.0,0.0,1.0,1.0,1.0,0.17,0.0,0.0,0.5,0.5,0.5,0.0,0.5,0.5,0.0,1.0,1.0,1.0,0.0
1540858,1.0,0.25,0.25,0.25,0.0,0.25,0.75,0.25,0.75,0.25,0.25,0.25,0.75,0.25,0.0,0.25,0.75,0.0,0.25,0.75,0.0,1.0,0.75,1.0,0.75,0.25,0.25,0.75,0.25,0.25,0.75,1.0,0.25,0.75,0.25,0.75,0.25,0.25,1.0,0.25,0.75,0.75,0.25,0.25,0.75,0.25,0.75,0.25,0.0,0.75,0.75,0.75,0.75,0.0,0.25,0.75,0.75,0.75,0.25,0.25,0.83,0.83,0.0,0.17,0.67,0.67,0.33,0.0,0.75,0.75,0.75,0.25,0.75,0.75,0.25
1541024,0.25,0.25,0.75,0.0,0.0,0.75,0.0,0.75,0.75,0.0,1.0,1.0,1.0,1.0,0.75,1.0,0.0,1.0,1.0,1.0,0.0,1.0,0.25,1.0,0.0,1.0,0.75,1.0,0.25,0.25,1.0,0.0,1.0,0.0,0.75,0.25,1.0,1.0,0.75,1.0,1.0,0.75,1.0,1.0,0.75,1.0,1.0,0.0,1.0,0.0,0.0,1.0,1.0,0.75,0.0,1.0,0.75,0.75,0.0,0.0,1.0,0.67,0.5,0.0,0.83,0.0,0.83,0.75,0.75,0.5,0.75,0.25,0.5,0.5,0.75
1542230,1.0,0.75,0.75,0.25,1.0,0.75,0.75,0.75,0.75,0.0,0.25,0.25,0.75,1.0,0.75,0.75,0.0,1.0,0.75,1.0,0.0,1.0,0.0,0.75,1.0,0.25,0.75,1.0,0.0,0.25,1.0,0.0,1.0,0.75,0.25,0.25,1.0,1.0,0.75,1.0,1.0,1.0,1.0,1.0,0.75,0.75,1.0,0.0,0.25,0.75,0.25,1.0,1.0,0.75,0.0,1.0,0.25,1.0,0.0,0.0,0.83,0.67,0.67,0.0,0.33,0.0,1.0,0.5,1.0,0.5,0.75,0.0,0.5,0.5,0.5
1542294,0.75,0.25,0.25,0.75,0.0,0.0,0.25,0.0,0.75,1.0,0.75,0.0,0.75,0.0,0.0,0.25,1.0,0.0,0.75,0.25,0.0,0.75,1.0,0.25,0.0,0.0,0.0,0.25,0.0,0.75,0.0,1.0,0.0,0.75,0.75,1.0,0.75,0.25,1.0,0.0,0.25,0.0,0.0,0.25,1.0,0.75,0.25,1.0,0.0,0.75,1.0,0.0,0.0,0.25,1.0,0.0,1.0,0.25,0.75,0.75,0.83,1.0,0.5,0.83,0.83,0.67,0.0,0.25,0.5,0.5,0.5,0.75,0.5,0.75,0.25
1542465,0.0,1.0,1.0,0.25,1.0,0.75,0.0,0.75,0.0,0.75,1.0,0.0,0.75,1.0,1.0,1.0,0.0,1.0,0.75,0.75,0.75,0.25,0.0,1.0,0.75,0.75,1.0,1.0,0.25,0.0,1.0,0.0,1.0,0.0,0.0,0.0,0.75,0.75,0.0,1.0,0.75,1.0,1.0,1.0,0.25,0.75,1.0,1.0,0.75,1.0,0.0,0.0,0.0,1.0,0.0,1.0,0.0,1.0,0.0,0.75,0.83,0.17,0.67,0.67,0.67,0.33,1.0,0.75,1.0,0.75,0.75,0.0,0.25,0.0,0.75
1543275,0.75,1.0,0.75,0.75,1.0,1.0,0.25,1.0,0.0,0.0,1.0,0.75,0.75,1.0,1.0,1.0,0.0,0.75,1.0,1.0,1.0,1.0,0.0,1.0,1.0,0.0,1.0,0.25,0.0,0.0,0.75,0.0,0.75,0.0,0.75,0.0,1.0,1.0,0.0,0.75,1.0,1.0,1.0,1.0,0.75,1.0,1.0,0.0,1.0,0.0,0.25,1.0,1.0,1.0,0.0,0.75,0.0,1.0,0.0,0.0,0.17,0.0,0.83,0.0,0.83,0.0,0.83,0.75,1.0,0.75,1.0,0.5,0.75,0.75,0.5
1543283,0.0,1.0,1.0,0.0,1.0,1.0,1.0,0.0,0.0,0.0,0.75,0.75,0.75,1.0,1.0,1.0,0.0,1.0,0.75,1.0,0.75,0.75,0.0,1.0,1.0,1.0,1.0,1.0,0.25,0.0,1.0,0.0,1.0,0.0,0.75,0.0,1.0,0.75,0.0,1.0,1.0,1.0,1.0,1.0,0.75,0.75,1.0,0.0,1.0,0.0,0.0,0.0,0.75,1.0,0.0,1.0,0.25,1.0,0.0,0.0,0.0,0.0,1.0,0.17,0.67,0.0,0.83,1.0,1.0,0.0,1.0,0.0,0.0,0.0,0.5
1551272,1.0,0.25,0.75,0.75,1.0,0.0,0.25,0.75,0.75,0.25,0.75,0.25,0.25,0.75,0.0,0.75,0.25,0.0,0.75,1.0,0.0,1.0,0.25,1.0,0.75,0.75,0.0,0.75,0.75,1.0,0.75,0.25,0.75,0.75,1.0,0.25,1.0,0.75,0.75,0.75,1.0,1.0,0.0,0.25,0.0,0.25,1.0,1.0,0.25,0.75,0.25,0.75,0.25,0.25,0.0,0.75,0.75,1.0,0.0,0.25,0.83,0.67,0.67,0.33,0.67,0.33,0.67,0.5,0.75,0.5,0.75,0.5,0.5,0.5,0.5
1554566,0.75,0.75,1.0,0.25,1.0,0.25,0.0,0.75,0.25,0.25,1.0,0.75,0.25,0.75,0.25,0.75,0.25,1.0,0.75,0.75,0.75,1.0,0.25,1.0,0.75,0.75,0.75,0.75,0.75,0.25,1.0,0.25,0.75,0.25,1.0,0.0,0.75,1.0,0.25,1.0,1.0,1.0,1.0,0.75,0.0,1.0,0.75,0.75,0.75,0.25,0.0,0.75,0.0,1.0,0.0,0.75,0.25,0.75,0.0,0.75,0.83,0.83,0.5,0.17,1.0,0.17,1.0,0.5,1.0,0.75,0.5,0.5,0.5,0.25,0.5
1556170,0.0,1.0,1.0,0.0,1.0,1.0,0.0,0.75,0.0,0.0,1.0,0.75,0.0,1.0,0.0,0.25,0.0,0.0,0.25,0.0,0.75,1.0,0.25,1.0,1.0,0.75,0.0,1.0,0.75,0.25,1.0,1.0,1.0,0.75,0.75,0.0,0.75,0.75,0.0,1.0,0.75,1.0,1.0,0.75,0.75,1.0,1.0,1.0,1.0,0.25,0.75,1.0,0.25,0.25,0.0,0.75,1.0,1.0,0.0,0.0,0.83,0.83,0.5,0.0,0.33,0.5,0.83,0.75,1.0,0.5,0.5,0.75,1.0,0.75,0.75
1558491,1.0,0.0,1.0,0.0,0.0,0.0,0.0,0.0,1.0,1.0,1.0,0.0,0.75,0.0,0.0,0.75,1.0,0.0,0.0,0.0,0.0,0.0,1.0,1.0,0.0,0.0,0.0,0.25,1.0,0.25,0.0,0.25,0.0,1.0,0.25,1.0,0.25,0.0,0.75,0.0,0.0,0.25,0.25,0.25,0.75,0.75,0.25,1.0,0.0,1.0,1.0,0.0,0.0,1.0,1.0,0.0,1.0,0.0,0.75,1.0,1.0,1.0,0.17,1.0,1.0,0.83,0.17,0.0,0.5,0.5,0.25,0.5,0.75,0.75,0.25
1561573,1.0,0.0,0.75,1.0,0.0,0.25,0.25,0.25,1.0,0.0,1.0,0.0,0.75,1.0,0.75,1.0,0.0,1.0,1.0,1.0,1.0,1.0,1.0,0.75,1.0,0.0,0.25,0.75,1.0,0.25,0.0,0.75,0.75,0.0,0.25,0.75,0.25,0.25,0.25,1.0,1.0,1.0,0.75,1.0,1.0,0.75,0.75,1.0,0.75,1.0,0.25,1.0,1.0,0.75,0.0,1.0,1.0,0.75,0.0,0.0,0.17,0.67,0.67,0.17,0.67,0.33,0.67,0.25,0.75,0.0,0.75,0.25,0.5,0.75,0.25
1563302,0.0,1.0,1.0,0.0,0.0,0.75,0.0,0.75,1.0,1.0,0.75,0.75,1.0,0.75,0.0,0.0,1.0,0.0,0.75,1.0,0.0,0.75,0.75,1.0,0.75,0.25,0.0,1.0,1.0,0.25,0.25,0.75,0.25,0.75,0.25,0.0,0.75,0.75,0.0,0.75,0.25,0.75,0.25,0.75,0.75,0.75,0.75,1.0,0.0,0.75,0.25,0.75,0.25,0.25,1.0,0.0,0.75,0.25,0.25,0.75,0.83,0.83,0.33,0.0,1.0,0.33,0.17,0.25,0.75,0.5,0.75,0.5,0.75,0.5,0.25
1563348,0.0,1.0,1.0,0.0,1.0,1.0,1.0,1.0,0.0,0.0,1.0,1.0,0.0,1.0,1.0,1.0,0.0,1.0,1.0,1.0,1.0,1.0,0.0,1.0,1.0,1.0,1.0,1.0,0.0,1.0,1.0,0.0,1.0,0.0,1.0,0.0,1.0,1.0,0.0,1.0,1.0,1.0,1.0,1.0,1.0,1.0,1.0,0.0,1.0,1.0,0.0,0.0,1.0,1.0,0.0,1.0,0.0,1.0,0.0,0.0,1.0,0.0,1.0,0.0,1.0,0.0,1.0,1.0,1.0,0.5,1.0,0.0,0.5,0.0,1.0
1563843,0.0,1.0,0.75,0.75,0.75,0.75,0.75,0.75,0.25,0.0,1.0,0.25,0.25,0.75,0.75,0.75,0.0,0.75,0.75,0.75,0.75,1.0,0.0,0.75,1.0,0.25,1.0,1.0,0.75,0.25,0.75,0.25,0.25,0.75,1.0,0.0,0.75,0.75,0.75,0.75,0.75,0.75,0.75,0.75,0.75,0.75,1.0,0.0,0.25,0.0,0.75,0.75,0.75,0.75,0.0,1.0,0.25,0.75,0.0,0.0,0.5,0.33,0.67,0.33,0.33,0.5,0.67,0.75,0.75,0.5,0.75,0.5,0.75,0.5,0.75
1564275,0.0,0.25,0.0,0.0,0.25,0.75,0.75,0.0,0.0,0.75,0.25,0.0,0.75,0.25,0.0,0.0,1.0,0.0,1.0,1.0,0.0,0.75,0.75,0.25,0.75,0.0,0.25,1.0,0.0,1.0,0.75,1.0,1.0,1.0,0.25,1.0,0.75,1.0,0.25,0.0,0.75,0.75,0.0,0.25,1.0,0.25,0.0,1.0,0.0,0.25,1.0,0.0,0.75,1.0,1.0,0.0,0.0,0.75,1.0,1.0,0.83,0.67,0.17,0.67,0.67,0.33,0.17,0.0,0.5,0.5,0.75,1.0,0.75,0.75,0.25
1567627,1.0,1.0,1.0,0.25,1.0,1.0,1.0,1.0,0.0,0.0,1.0,1.0,0.0,1.0,1.0,1.0,0.0,1.0,0.0,1.0,1.0,1.0,0.0,0.75,1.0,0.25,1.0,1.0,0.75,0.25,1.0,0.75,1.0,0.0,0.25,0.0,0.75,1.0,0.25,1.0,1.0,1.0,1.0,1.0,1.0,1.0,1.0,0.25,0.25,0.0,0.25,1.0,1.0,0.75,0.0,1.0,1.0,1.0,0.0,0.0,0.5,0.0,0.83,0.0,0.83,0.33,0.83,1.0,1.0,0.0,1.0,0.25,0.75,0.5,0.75
1568001,0.75,0.75,0.75,0.25,0.75,0.0,0.75,1.0,1.0,0.0,0.75,0.25,1.0,0.25,0.0,0.0,1.0,0.0,0.0,0.0,0.0,0.75,0.75,1.0,0.0,0.75,1.0,0.75,0.25,0.25,1.0,0.25,0.25,0.75,0.25,0.75,1.0,0.75,0.25,1.0,1.0,0.25,0.75,0.75,0.75,0.75,0.75,1.0,0.25,0.25,0.75,0.25,0.75,0.0,0.75,0.0,0.75,1.0,0.75,0.25,1.0,0.83,0.0,0.17,0.0,0.17,0.67,0.5,0.75,0.5,0.5,0.5,0.75,0.5,0.25
1570152,1.0,0.0,1.0,0.75,0.75,0.25,1.0,0.0,0.0,0.0,0.0,0.0,0.0,0.25,0.75,0.75,0.25,0.25,0.25,0.75,0.25,0.75,0.75,0.75,0.25,0.0,0.0,0.25,0.75,0.25,1.0,1.0,0.25,0.75,0.25,0.0,0.75,0.25,1.0,0.75,0.75,0.25,0.25,0.75,0.75,0.75,0.75,0.0,0.75,0.0,0.25,1.0,0.75,0.0,0.0,0.75,0.25,0.75,0.0,0.0,0.83,0.83,1.0,0.17,1.0,0.17,0.17,0.25,0.75,0.5,0.5,0.75,0.75,0.5,0.75
1573517,1.0,0.0,1.0,1.0,0.0,0.0,0.0,0.25,0.25,0.0,1.0,0.0,1.0,0.0,0.0,0.75,1.0,0.0,0.0,1.0,0.0,0.0,1.0,1.0,0.0,0.25,0.0,0.75,1.0,1.0,0.0,1.0,0.0,0.75,0.75,1.0,0.0,1.0,1.0,0.0,0.25,0.0,0.0,0.0,1.0,1.0,0.0,1.0,0.0,0.0,0.75,0.0,0.0,0.0,1.0,0.0,1.0,0.0,1.0,1.0,0.83,0.83,0.0,1.0,1.0,1.0,0.0,0.0,0.75,0.75,0.25,1.0,0.75,0.75,0.0
1575171,0.0,1.0,0.25,0.0,1.0,1.0,0.25,0.25,0.0,0.0,0.75,0.75,0.0,1.0,0.75,0.75,0.0,1.0,1.0,0.75,1.0,1.0,0.0,0.75,1.0,1.0,1.0,1.0,0.25,0.75,1.0,0.25,1.0,0.0,0.75,0.0,1.0,0.25,0.0,1.0,1.0,1.0,0.75,1.0,0.75,0.75,1.0,0.25,1.0,0.75,0.0,0.75,0.75,1.0,0.0,0.75,0.75,1.0,0.0,0.25,0.17,0.0,0.83,0.17,0.5,0.33,1.0,0.75,0.75,0.25,1.0,0.25,0.5,0.0,0.75
1575774,0.75,0.25,1.0,0.0,0.75,0.25,1.0,0.75,0.25,0.0,0.75,0.0,0.0,0.0,0.0,0.0,1.0,0.0,0.0,0.75,0.0,1.0,1.0,1.0,0.0,0.0,1.0,0.75,0.25,0.0,1.0,1.0,0.25,0.25,0.0,0.25,1.0,0.0,0.0,0.25,0.25,1.0,1.0,0.25,1.0,0.75,0.75,0.25,0.0,1.0,0.75,0.0,0.0,0.0,1.0,0.0,0.25,1.0,1.0,0.75,1.0,0.33,0.67,0.17,1.0,1.0,0.17,0.5,0.5,0.5,0.5,0.75,1.0,0.75,0.0
1580219,1.0,1.0,1.0,0.0,0.0,1.0,0.75,0.0,0.0,1.0,0.25,0.0,0.75,1.0,0.0,0.75,0.25,0.0,0.0,0.0,0.0,0.0,0.25,0.0,0.25,0.25,0.25,1.0,0.75,1.0,0.0,1.0,0.0,1.0,0.0,0.75,0.75,0.0,0.0,0.0,0.0,0.0,0.0,0.75,0.25,0.25,1.0,1.0,0.0,0.75,0.75,0.25,1.0,0.75,0.25,0.25,0.75,0.0,0.75,0.75,0.67,0.33,0.17,1.0,0.0,0.33,0.0,0.5,0.25,0.75,0.75,1.0,0.75,0.75,0.25
1581724,1.0,0.25,1.0,1.0,0.0,0.0,0.0,0.0,0.0,1.0,0.0,1.0,1.0,1.0,0.0,0.0,1.0,0.0,0.0,1.0,0.0,0.0,0.0,1.0,0.0,0.0,1.0,0.0,0.0,1.0,1.0,1.0,1.0,1.0,1.0,1.0,0.0,1.0,1.0,0.0,0.0,0.0,1.0,1.0,1.0,0.0,1.0,1.0,0.0,0.0,1.0,1.0,1.0,0.0,1.0,0.25,0.0,0.0,0.0,0.0,1.0,1.0,0.17,0.67,1.0,1.0,0.67,0.75,1.0,0.75,1.0,0.75,0.75,1.0,0.75
1583555,0.0,1.0,1.0,0.0,1.0,0.75,0.0,0.75,0.25,1.0,0.0,0.75,0.25,1.0,0.25,0.25,0.0,0.25,1.0,0.75,0.75,1.0,0.25,1.0,0.75,1.0,1.0,1.0,0.25,0.25,1.0,0.0,0.0,1.0,0.0,0.0,1.0,1.0,0.75,0.75,0.75,1.0,1.0,1.0,0.0,0.0,0.0,1.0,0.0,0.75,0.0,0.0,0.0,1.0,0.0,0.0,0.0,1.0,0.0,1.0,0.0,0.0,1.0,0.0,0.0,0.33,0.83,0.75,0.75,0.75,1.0,0.0,0.75,0.25,1.0
1585476,0.0,0.0,1.0,0.0,0.75,0.25,0.75,0.0,0.75,0.75,0.75,0.75,0.75,0.75,0.25,0.25,1.0,0.0,0.25,1.0,0.0,1.0,1.0,1.0,0.0,0.25,0.0,0.75,0.75,0.0,0.75,0.75,0.0,0.75,0.75,1.0,0.75,0.25,0.75,0.25,0.75,0.75,1.0,0.75,1.0,0.75,1.0,1.0,0.25,0.75,1.0,0.75,1.0,1.0,0.0,0.25,0.75,0.75,0.0,0.25,0.67,0.67,0.67,0.17,0.83,0.33,0.67,0.5,0.75,0.5,0.75,0.75,0.75,0.75,0.75
1586152,0.0,1.0,0.75,0.25,1.0,1.0,1.0,1.0,0.0,0.0,1.0,0.75,0.25,1.0,1.0,1.0,0.0,1.0,1.0,1.0,1.0,1.0,0.0,1.0,1.0,1.0,1.0,1.0,0.75,0.0,1.0,0.0,1.0,0.0,0.0,0.25,1.0,1.0,0.0,1.0,1.0,1.0,1.0,1.0,1.0,1.0,1.0,0.0,1.0,1.0,0.0,1.0,1.0,1.0,0.0,1.0,0.75,1.0,0.0,0.0,0.33,0.17,0.83,0.17,0.83,0.17,1.0,1.0,1.0,0.25,1.0,0.0,0.5,0.0,1.0
1586326,1.0,0.0,1.0,1.0,0.0,0.0,0.0,0.0,1.0,1.0,0.0,0.0,1.0,0.0,0.0,1.0,1.0,0.0,0.0,0.25,0.0,0.0,0.75,1.0,0.0,0.25,0.25,0.25,1.0,0.75,0.0,1.0,0.0,1.0,0.25,1.0,1.0,0.0,0.0,0.0,0.0,0.0,1.0,0.0,1.0,0.0,0.0,1.0,0.0,1.0,1.0,0.0,0.0,0.0,1.0,0.0,1.0,0.0,1.0,1.0,0.17,0.83,0.0,0.33,0.67,0.67,0.17,0.25,0.75,0.75,0.25,1.0,0.75,1.0,0.25
1586380,0.75,0.0,0.0,1.0,0.0,0.0,0.0,0.75,0.75,0.75,0.75,0.0,0.75,0.75,0.25,0.75,0.75,0.25,0.0,1.0,0.0,0.0,1.0,0.0,0.75,0.0,0.0,1.0,0.75,0.75,0.0,1.0,0.25,0.75,0.25,1.0,0.25,0.0,1.0,0.0,0.25,0.25,0.0,0.25,0.75,0.75,0.0,1.0,0.0,1.0,0.25,0.25,1.0,1.0,0.25,0.0,0.25,0.0,0.75,0.25,0.83,0.83,0.33,1.0,0.17,0.33,0.17,0.5,0.5,0.5,0.5,0.5,0.5,0.75,0.25
1589285,1.0,0.75,1.0,0.25,0.75,0.75,0.25,0.25,0.75,0.25,0.75,0.0,0.75,1.0,0.25,0.75,0.25,0.75,1.0,1.0,0.75,1.0,0.25,1.0,0.75,0.25,0.75,0.75,0.75,0.75,1.0,0.25,0.75,0.75,1.0,1.0,0.25,0.0,0.75,0.25,0.75,0.75,0.75,1.0,0.75,0.75,0.25,0.75,0.0,0.0,0.75,0.75,0.75,1.0,0.0,0.75,0.75,0.75,0.0,0.0,0.17,0.67,0.67,0.0,0.83,0.33,0.5,0.5,0.75,0.25,0.75,0.25,0.75,0.75,0.25
1590273,0.0,0.75,0.25,0.0,1.0,1.0,1.0,0.0,0.0,0.0,0.75,1.0,0.25,1.0,0.0,1.0,1.0,0.75,0.75,1.0,0.0,1.0,0.25,1.0,0.0,0.75,0.75,1.0,0.0,0.75,1.0,1.0,0.0,0.0,1.0,1.0,1.0,0.0,0.0,0.25,0.0,1.0,1.0,1.0,1.0,1.0,0.75,1.0,0.0,0.75,0.75,0.75,1.0,0.75,1.0,0.75,0.25,0.25,0.25,0.0,0.83,0.17,0.83,0.0,0.5,0.83,0.83,0.25,0.5,0.5,0.5,0.75,0.5,0.75,0.5
1592116,0.75,0.25,0.75,1.0,0.25,0.25,0.75,0.0,1.0,0.0,0.75,0.0,0.25,0.0,0.25,0.75,1.0,0.0,0.75,0.75,0.75,1.0,0.25,1.0,0.25,0.0,0.75,0.75,0.0,1.0,0.75,0.25,1.0,1.0,1.0,0.0,0.75,0.75,0.75,0.75,0.0,0.75,1.0,1.0,0.75,1.0,1.0,0.0,0.75,1.0,0.25,0.75,1.0,0.75,0.0,0.75,0.75,0.75,0.0,0.0,0.17,0.67,0.67,0.0,1.0,0.83,1.0,0.5,0.75,0.25,0.75,0.5,0.75,0.75,0.5
1592229,0.0,0.0,1.0,0.0,1.0,0.0,0.0,1.0,1.0,1.0,0.0,0.0,1.0,1.0,0.0,0.0,1.0,0.0,0.0,0.0,0.0,1.0,1.0,0.0,0.0,0.0,1.0,1.0,1.0,0.0,0.0,1.0,0.0,1.0,0.0,1.0,0.0,0.0,0.0,0.75,1.0,1.0,0.0,1.0,0.0,0.0,0.0,1.0,0.0,1.0,1.0,0.0,0.0,1.0,1.0,0.0,1.0,0.0,1.0,1.0,0.17,1.0,0.0,1.0,0.17,0.0,0.0,0.0,0.5,1.0,0.75,0.75,0.25,1.0,0.5
1592299,0.75,1.0,0.75,0.0,1.0,1.0,1.0,1.0,0.0,0.0,1.0,0.25,0.0,1.0,1.0,1.0,0.0,1.0,1.0,1.0,1.0,1.0,1.0,1.0,1.0,0.75,1.0,1.0,1.0,0.25,1.0,0.75,1.0,1.0,0.25,0.0,0.75,1.0,0.0,1.0,1.0,1.0,1.0,1.0,0.75,1.0,1.0,1.0,1.0,0.75,0.0,0.75,1.0,1.0,0.0,1.0,1.0,1.0,0.0,0.0,1.0,1.0,1.0,0.0,1.0,0.17,1.0,1.0,1.0,0.25,1.0,0.5,0.75,0.5,1.0
1611587,0.75,1.0,1.0,1.0,0.75,0.0,0.0,0.75,1.0,0.25,1.0,0.25,1.0,0.75,0.75,1.0,0.0,1.0,1.0,0.0,0.0,1.0,0.25,1.0,0.75,0.0,0.25,0.75,0.75,1.0,0.0,0.25,1.0,0.0,0.75,0.75,1.0,0.75,0.25,0.75,1.0,1.0,1.0,0.0,1.0,0.0,1.0,0.0,0.0,0.25,0.75,0.25,1.0,1.0,0.0,0.75,0.75,1.0,0.0,0.0,0.17,0.33,1.0,0.0,0.5,0.67,0.67,0.75,1.0,0.75,0.5,0.25,0.5,0.5,0.25
1613114,1.0,0.75,1.0,1.0,0.0,0.75,1.0,1.0,1.0,0.0,1.0,0.25,0.75,1.0,1.0,0.0,1.0,0.0,1.0,0.75,0.0,1.0,0.0,1.0,1.0,0.0,0.0,1.0,0.25,0.0,0.75,0.0,1.0,0.0,1.0,1.0,1.0,1.0,0.0,1.0,1.0,1.0,1.0,1.0,0.25,0.75,0.75,0.0,0.0,0.75,0.0,1.0,1.0,0.0,0.0,1.0,0.0,1.0,0.0,0.0,1.0,0.17,0.17,0.17,0.67,0.33,1.0,0.75,0.75,0.25,0.75,0.0,0.5,0.5,0.75
1615439,0.0,1.0,1.0,0.0,0.0,0.75,0.75,0.0,0.75,0.25,0.0,0.0,0.25,0.75,0.0,0.25,1.0,0.0,1.0,0.75,0.25,1.0,1.0,1.0,1.0,0.75,0.0,1.0,1.0,0.0,1.0,1.0,0.0,1.0,0.25,0.0,1.0,0.75,0.25,0.25,1.0,1.0,0.25,0.75,0.0,0.75,1.0,1.0,0.0,1.0,1.0,0.0,0.0,1.0,0.0,0.0,1.0,1.0,0.0,1.0,0.83,0.5,0.5,0.0,0.33,1.0,0.17,0.5,0.5,0.5,0.5,1.0,0.75,0.5,0.5
1615926,1.0,0.75,0.75,1.0,0.25,0.75,0.0,0.0,1.0,0.0,1.0,0.25,0.25,0.75,0.25,0.75,0.25,0.0,0.75,1.0,0.25,0.75,0.0,1.0,0.75,0.25,0.75,0.0,1.0,1.0,0.25,0.25,0.0,0.75,1.0,0.25,0.25,0.75,0.75,0.75,0.25,0.0,0.0,0.25,1.0,0.75,0.25,0.75,0.25,0.0,0.25,0.25,0.25,0.25,0.0,0.75,0.75,0.75,0.25,0.25,0.83,0.83,0.67,0.0,0.83,0.33,0.67,0.5,0.75,0.25,0.5,0.25,0.5,0.25,0.5
1616164,0.25,1.0,1.0,0.75,0.75,1.0,1.0,0.25,0.25,0.0,1.0,0.25,0.0,0.75,0.0,0.25,0.0,0.0,1.0,0.75,0.0,1.0,0.0,1.0,0.0,0.0,1.0,0.0,0.75,0.75,1.0,1.0,0.25,1.0,0.25,0.25,0.25,0.75,0.0,1.0,0.75,1.0,1.0,1.0,1.0,1.0,1.0,1.0,0.0,0.75,1.0,1.0,1.0,0.0,0.25,0.75,0.75,1.0,0.0,0.0,0.83,0.67,0.67,0.17,0.5,0.83,0.67,0.5,0.75,0.5,0.5,0.75,0.75,0.75,0.75
1617713,0.0,0.0,1.0,0.0,0.0,0.0,0.75,0.0,0.25,0.0,0.25,0.0,0.75,0.25,0.0,0.0,1.0,0.0,0.75,1.0,0.0,0.75,0.25,0.0,0.25,0.25,0.25,0.75,1.0,0.75,1.0,1.0,0.75,1.0,1.0,1.0,0.75,0.0,0.0,0.0,0.0,0.25,0.0,0.0,1.0,0.75,0.75,0.75,0.0,0.75,1.0,1.0,1.0,0.25,1.0,1.0,0.75,0.75,0.25,0.25,1.0,0.83,0.17,1.0,0.67,1.0,0.17,0.0,0.75,1.0,0.0,1.0,1.0,1.0,0.75
1619239,1.0,0.0,0.0,0.75,0.25,1.0,0.75,0.0,0.0,1.0,0.75,1.0,1.0,0.75,0.0,0.0,1.0,0.0,1.0,0.75,0.0,1.0,1.0,0.75,0.0,0.25,0.0,0.25,1.0,1.0,0.0,1.0,0.0,1.0,0.25,1.0,1.0,0.75,1.0,0.0,0.0,0.0,0.25,0.0,1.0,0.25,0.25,1.0,0.0,0.75,1.0,0.75,0.0,0.0,1.0,0.0,1.0,0.0,0.25,0.75,0.83,1.0,0.17,0.5,0.83,0.67,0.17,0.25,0.75,0.5,0.75,1.0,0.5,0.25,0.5
1620881,0.75,0.25,1.0,0.25,1.0,0.0,1.0,0.25,0.25,0.0,0.75,0.25,1.0,0.25,1.0,1.0,0.25,0.75,0.25,1.0,0.0,1.0,0.75,1.0,0.0,0.75,0.75,1.0,1.0,1.0,0.25,0.75,0.25,1.0,1.0,0.0,0.25,0.75,0.75,1.0,0.75,0.25,0.0,0.25,1.0,1.0,0.75,0.25,1.0,0.0,0.75,1.0,0.25,0.25,0.25,0.75,0.75,0.75,0.0,0.25,1.0,0.83,0.33,0.0,1.0,0.33,0.33,0.75,1.0,0.0,0.75,0.75,0.5,0.5,0.5
1621777,0.75,1.0,1.0,0.0,0.0,1.0,0.75,0.0,0.25,0.0,0.75,1.0,0.25,0.75,0.0,0.25,1.0,1.0,0.0,0.75,0.0,1.0,0.0,1.0,1.0,0.0,1.0,1.0,0.75,0.0,1.0,0.25,0.75,0.75,1.0,0.0,1.0,0.75,1.0,0.75,1.0,1.0,1.0,1.0,1.0,1.0,1.0,1.0,0.25,0.0,1.0,1.0,1.0,1.0,0.25,1.0,1.0,0.75,1.0,0.0,1.0,1.0,0.17,0.5,0.67,0.0,1.0,0.5,0.75,0.25,0.75,0.25,1.0,0.75,0.25
1622855,0.25,0.75,0.75,0.25,1.0,1.0,0.25,1.0,0.25,0.25,0.25,0.25,0.25,1.0,0.75,0.75,0.25,1.0,0.75,1.0,1.0,1.0,0.75,1.0,0.25,0.75,1.0,1.0,0.75,0.25,1.0,0.25,0.25,0.25,1.0,0.0,0.75,0.75,0.25,1.0,1.0,1.0,1.0,1.0,0.75,0.75,1.0,0.0,0.75,0.75,0.25,0.75,0.75,0.25,0.75,0.75,0.25,1.0,0.25,0.0,1.0,0.67,0.67,0.17,0.67,0.17,0.83,0.75,1.0,0.75,1.0,0.25,0.75,0.25,0.75
1623094,0.25,1.0,0.25,0.25,0.25,1.0,0.25,0.25,0.25,0.25,0.75,0.75,0.75,1.0,0.75,1.0,0.0,1.0,0.75,0.0,1.0,1.0,0.75,0.25,1.0,1.0,1.0,1.0,0.25,0.25,1.0,0.25,0.75,0.75,0.25,0.0,0.25,0.75,0.25,0.25,1.0,1.0,1.0,1.0,0.25,0.75,1.0,0.25,0.25,0.75,0.0,0.0,0.25,1.0,0.0,1.0,0.25,1.0,0.0,0.25,1.0,0.67,0.83,0.33,0.33,0.33,1.0,0.75,0.75,0.75,0.5,0.25,0.5,0.0,1.0
1625577,0.0,1.0,1.0,0.0,0.0,1.0,0.0,0.0,1.0,0.0,1.0,0.25,0.25,1.0,0.0,0.0,1.0,1.0,0.0,1.0,1.0,1.0,1.0,1.0,1.0,0.75,0.0,1.0,0.0,0.75,1.0,1.0,0.0,0.75,0.75,0.0,0.75,0.0,0.0,0.0,0.75,0.75,0.0,0.0,1.0,1.0,0.75,0.0,0.75,0.25,0.0,1.0,1.0,0.0,0.0,1.0,1.0,1.0,0.0,0.0,1.0,0.67,0.83,0.33,1.0,1.0,1.0,0.5,0.5,0.5,0.5,0.5,0.75,0.0,0.5
1627750,1.0,1.0,0.25,0.0,0.0,0.0,0.25,0.0,1.0,1.0,0.25,1.0,1.0,0.25,0.0,0.0,1.0,0.25,1.0,0.25,0.0,0.25,1.0,0.75,0.75,0.75,0.75,1.0,1.0,0.75,0.25,1.0,0.0,0.75,0.25,1.0,1.0,0.75,0.0,0.0,0.25,0.0,0.0,0.0,0.75,0.25,0.75,1.0,0.0,1.0,1.0,0.25,0.75,0.25,1.0,0.0,1.0,0.25,1.0,0.75,1.0,1.0,0.0,0.67,0.67,1.0,0.0,0.25,0.5,0.5,0.5,0.75,1.0,1.0,0.75
1629724,0.75,0.25,0.25,0.25,1.0,0.75,0.25,0.0,0.25,0.25,0.75,0.75,0.75,0.75,0.75,0.75,0.0,0.75,0.25,0.75,1.0,1.0,0.25,0.75,0.25,0.25,0.75,0.75,0.75,0.0,0.75,0.25,0.75,0.75,0.25,0.0,0.75,0.75,0.0,0.75,1.0,0.75,0.75,0.75,0.75,0.75,0.75,0.25,0.25,0.25,0.75,1.0,0.75,0.25,0.0,0.75,0.75,1.0,0.0,0.0,0.5,0.17,0.17,0.0,0.83,0.33,0.83,0.75,0.75,0.5,0.75,0.5,0.75,0.5,0.75
1633363,0.25,0.75,1.0,0.0,1.0,1.0,0.75,0.25,1.0,0.0,1.0,0.25,0.75,1.0,1.0,1.0,0.0,1.0,1.0,1.0,1.0,1.0,0.0,1.0,1.0,0.75,1.0,1.0,0.75,0.0,1.0,0.75,1.0,0.0,1.0,0.75,1.0,0.25,0.25,0.75,1.0,1.0,1.0,1.0,1.0,1.0,1.0,1.0,0.75,0.75,0.0,0.25,0.25,1.0,0.0,1.0,0.0,1.0,0.0,0.0,0.33,0.17,1.0,0.0,0.83,0.0,1.0,0.75,0.75,0.5,0.75,0.25,0.5,0.0,0.75
1633844,1.0,0.25,1.0,0.75,1.0,1.0,0.0,0.75,0.25,0.75,0.75,0.75,0.0,0.75,1.0,1.0,0.0,1.0,1.0,1.0,1.0,1.0,1.0,0.75,1.0,1.0,1.0,1.0,0.25,0.75,1.0,0.0,0.75,0.75,0.75,0.0,0.75,1.0,0.0,0.75,1.0,1.0,1.0,1.0,0.75,0.75,0.75,0.0,1.0,0.75,0.0,0.25,0.0,0.75,0.0,1.0,0.25,1.0,0.0,0.0,1.0,0.67,0.67,0.17,0.67,0.17,1.0,0.5,0.75,0.5,1.0,0.0,0.5,0.0,0.5
1637132,1.0,0.25,1.0,0.25,1.0,0.0,0.25,1.0,0.75,1.0,1.0,1.0,0.25,0.25,0.75,1.0,1.0,1.0,0.25,0.75,1.0,1.0,0.25,1.0,0.25,1.0,0.75,1.0,1.0,0.25,0.0,1.0,0.0,0.0,0.75,0.0,1.0,1.0,0.75,0.25,0.75,1.0,1.0,1.0,0.25,1.0,1.0,1.0,0.75,1.0,0.0,0.75,0.0,0.25,0.0,0.75,0.25,1.0,0.0,0.75,1.0,0.5,0.5,0.0,0.5,0.17,0.67,0.25,0.75,0.5,0.75,0.75,0.5,0.25,0.5
1637582,0.0,0.75,1.0,0.25,1.0,0.75,0.25,0.0,0.0,0.75,1.0,0.0,0.25,1.0,0.0,0.75,0.75,1.0,0.0,0.75,0.0,0.25,1.0,1.0,0.25,0.75,0.0,0.75,0.25,0.0,1.0,0.75,0.0,0.25,0.25,0.0,0.75,0.0,0.25,0.25,1.0,1.0,0.0,0.25,1.0,1.0,0.75,1.0,0.0,0.75,0.0,0.0,0.0,0.75,0.25,0.25,0.75,0.75,0.25,0.75,0.83,0.67,0.67,0.0,0.83,0.83,0.83,0.5,0.75,0.5,0.5,0.5,0.5,0.25,0.5
1638880,0.25,0.75,0.25,0.0,1.0,0.75,0.0,0.75,0.0,1.0,0.75,0.25,1.0,0.25,0.0,0.0,1.0,0.75,0.0,1.0,0.25,0.75,1.0,0.0,0.0,0.75,1.0,0.75,1.0,0.0,0.0,0.75,1.0,0.25,1.0,0.0,0.75,1.0,0.0,1.0,1.0,0.75,1.0,0.25,0.75,0.0,1.0,1.0,0.0,1.0,0.0,0.0,0.25,1.0,0.75,0.0,0.25,1.0,0.25,0.75,1.0,0.83,0.67,1.0,0.33,0.83,1.0,0.75,0.25,0.5,0.75,0.5,1.0,0.25,0.75
1639530,0.75,0.0,1.0,1.0,0.0,0.0,1.0,0.0,0.75,0.0,0.0,0.0,1.0,0.0,0.0,0.75,0.75,0.0,0.0,0.0,0.0,0.0,1.0,0.25,0.0,0.0,0.0,0.0,0.25,0.75,0.0,1.0,0.0,1.0,0.0,1.0,0.75,0.0,0.75,0.0,0.0,0.0,0.0,0.0,1.0,0.0,0.0,1.0,0.0,0.75,1.0,0.0,0.0,0.75,0.25,0.0,1.0,0.0,0.25,1.0,0.17,1.0,0.0,0.17,1.0,1.0,0.0,0.0,0.75,0.75,0.5,0.75,1.0,1.0,0.25
1640641,0.25,0.75,1.0,1.0,1.0,1.0,0.75,0.25,0.25,0.0,0.75,0.75,0.0,1.0,1.0,0.75,0.0,1.0,0.75,1.0,0.75,1.0,0.0,1.0,0.25,0.75,1.0,0.0,0.25,0.75,1.0,1.0,0.75,0.75,0.25,1.0,0.25,0.75,0.0,0.25,0.75,0.25,0.25,1.0,1.0,1.0,1.0,0.25,1.0,0.25,0.25,1.0,1.0,1.0,0.0,1.0,0.75,0.75,0.0,0.0,0.33,0.83,0.17,0.17,0.67,0.33,0.67,0.5,1.0,0.25,0.5,0.5,0.5,0.5,0.75
1643071,0.0,1.0,1.0,0.0,1.0,1.0,0.0,0.0,0.0,0.0,1.0,1.0,0.0,1.0,1.0,1.0,0.0,1.0,1.0,1.0,1.0,1.0,0.0,1.0,1.0,1.0,1.0,1.0,0.0,1.0,1.0,1.0,0.0,1.0,1.0,0.0,1.0,1.0,0.0,1.0,1.0,1.0,1.0,1.0,1.0,1.0,1.0,0.0,1.0,0.0,0.0,1.0,1.0,1.0,0.0,1.0,1.0,1.0,0.0,0.0,0.0,0.0,1.0,0.0,1.0,0.0,1.0,1.0,1.0,1.0,1.0,1.0,0.0,0.0,0.0
1643223,0.75,1.0,0.25,0.25,1.0,1.0,0.75,0.75,0.0,0.0,0.75,0.25,0.0,1.0,0.75,1.0,0.0,1.0,1.0,1.0,1.0,1.0,0.0,1.0,1.0,0.75,1.0,1.0,0.25,0.75,1.0,0.0,1.0,0.0,1.0,0.0,1.0,0.75,0.0,1.0,1.0,1.0,1.0,1.0,1.0,1.0,1.0,0.0,0.75,0.25,0.25,1.0,1.0,1.0,0.0,1.0,0.25,1.0,0.0,0.0,0.83,0.0,0.83,0.0,0.83,0.17,1.0,1.0,1.0,0.75,1.0,0.25,0.5,0.25,0.5
1643537,1.0,0.25,0.75,1.0,0.25,0.25,0.25,0.0,0.0,0.0,0.75,0.0,0.75,0.75,0.0,0.75,0.75,0.75,1.0,0.25,0.0,0.75,1.0,1.0,0.25,0.75,0.25,0.75,1.0,1.0,0.75,0.25,0.0,0.75,0.25,0.75,0.75,0.75,0.75,0.25,0.0,0.25,0.25,0.75,1.0,0.0,0.25,0.75,0.25,0.75,0.75,0.75,1.0,0.25,0.0,0.75,0.25,0.0,0.25,0.75,0.83,0.83,0.67,0.17,0.83,0.5,0.5,0.25,0.75,0.75,0.5,0.5,0.5,0.25,0.25
1644469,1.0,0.0,0.75,1.0,0.0,0.0,0.0,0.0,0.75,0.0,0.25,0.25,0.75,0.0,0.0,0.75,1.0,0.0,0.0,0.0,0.0,1.0,1.0,0.25,0.0,0.75,0.0,0.25,0.75,0.75,0.0,1.0,0.0,1.0,0.75,1.0,0.75,0.0,0.75,0.0,0.25,0.25,0.0,0.25,1.0,0.75,0.75,1.0,0.0,0.25,0.25,0.25,0.75,1.0,0.25,0.25,0.75,0.25,0.25,0.75,0.83,0.83,0.67,0.5,0.83,0.33,0.17,0.25,0.25,0.25,0.25,0.5,0.5,0.5,0.25
1647778,1.0,0.25,0.75,0.25,0.0,0.0,0.0,0.75,0.0,0.0,0.0,0.0,0.0,0.0,0.0,1.0,1.0,0.0,0.0,1.0,0.0,0.0,1.0,1.0,0.0,0.0,0.0,0.0,1.0,0.25,0.0,1.0,0.0,1.0,1.0,1.0,0.25,0.75,1.0,0.0,0.0,0.75,0.25,0.0,1.0,1.0,1.0,1.0,0.0,1.0,1.0,1.0,1.0,0.0,0.0,1.0,1.0,0.0,0.0,0.0,0.17,0.5,0.0,0.67,0.5,0.83,0.17,0.5,0.5,0.25,0.75,0.75,0.5,0.75,0.25
1648004,1.0,0.75,0.75,0.75,0.75,0.0,0.0,0.0,0.75,0.25,0.0,0.0,0.75,0.75,0.25,0.0,1.0,0.0,0.75,0.75,0.0,1.0,1.0,0.75,0.0,0.25,0.0,0.75,1.0,1.0,0.75,1.0,0.25,0.75,1.0,1.0,0.75,0.25,1.0,0.0,0.0,0.0,0.25,0.0,1.0,0.25,0.75,1.0,0.0,0.75,0.25,0.25,0.25,1.0,0.75,0.0,1.0,0.0,0.25,0.75,0.5,1.0,0.33,0.17,0.83,0.17,0.17,0.5,0.75,0.5,0.75,0.5,0.75,0.25,0.5
1649926,0.75,0.0,0.75,1.0,0.0,0.25,1.0,0.25,0.75,0.0,0.25,0.25,0.75,0.0,0.25,0.75,0.75,0.0,0.25,1.0,0.0,0.75,0.25,1.0,0.25,0.25,1.0,0.25,0.0,0.0,0.0,0.25,0.25,1.0,1.0,0.0,0.25,0.75,0.75,0.0,0.75,0.75,1.0,0.0,0.25,0.75,0.0,0.0,0.0,0.25,0.25,0.75,1.0,0.25,0.25,0.25,0.25,0.0,0.0,0.25,1.0,0.83,0.33,0.17,0.83,0.67,0.67,0.25,0.5,0.75,0.5,0.25,0.75,0.5,0.75
1651926,1.0,0.0,0.75,1.0,0.25,0.25,0.75,0.25,1.0,0.0,0.75,0.0,0.75,0.75,0.0,0.25,1.0,0.0,1.0,0.75,0.0,1.0,1.0,1.0,0.25,0.25,0.0,0.25,1.0,1.0,0.0,1.0,0.75,1.0,1.0,1.0,0.75,0.75,0.25,0.75,0.25,0.25,0.25,0.25,1.0,1.0,0.75,0.75,0.25,0.25,1.0,1.0,1.0,0.25,0.0,1.0,1.0,0.25,0.0,0.0,1.0,0.83,0.33,0.0,0.83,0.33,0.33,0.0,0.5,0.5,0.5,0.5,0.75,1.0,0.25
1652237,1.0,0.0,1.0,0.0,0.0,1.0,0.0,0.0,0.0,0.75,1.0,0.75,1.0,0.75,0.0,0.0,0.75,0.0,0.0,1.0,0.0,0.0,0.0,1.0,1.0,0.25,1.0,1.0,1.0,1.0,0.75,0.25,0.25,0.25,1.0,0.75,0.75,0.75,0.75,0.75,1.0,1.0,1.0,0.75,0.0,0.25,1.0,1.0,0.0,0.75,1.0,1.0,1.0,1.0,0.25,0.75,0.75,1.0,0.25,0.0,0.33,0.33,0.67,0.67,0.0,0.67,1.0,0.5,0.75,0.25,0.25,0.25,0.75,0.75,0.5
1653865,0.75,1.0,1.0,0.0,1.0,1.0,0.75,0.0,0.25,0.75,0.75,0.25,0.25,0.25,0.0,0.0,1.0,0.0,0.75,1.0,0.0,1.0,0.75,1.0,0.75,0.25,1.0,1.0,0.0,0.25,0.0,0.75,0.25,0.75,1.0,1.0,1.0,0.25,0.25,0.25,0.75,0.75,0.75,1.0,1.0,1.0,0.75,0.25,0.75,0.75,0.25,0.75,0.0,0.25,0.25,0.0,0.75,0.75,0.25,0.75,1.0,0.67,0.67,0.17,0.67,0.67,0.83,0.75,0.75,0.75,0.75,0.25,0.75,0.75,0.75
1656275,0.0,1.0,1.0,0.0,1.0,1.0,0.75,1.0,0.0,0.0,1.0,0.75,1.0,1.0,1.0,0.25,0.0,1.0,1.0,1.0,1.0,1.0,0.0,1.0,1.0,1.0,1.0,1.0,0.0,0.0,1.0,0.0,1.0,0.0,0.75,0.0,1.0,0.75,0.0,1.0,1.0,1.0,1.0,1.0,0.75,0.75,1.0,0.0,1.0,0.0,0.0,0.75,1.0,1.0,0.0,1.0,0.0,1.0,0.0,0.0,0.0,0.0,1.0,0.17,0.33,0.0,1.0,1.0,1.0,0.75,1.0,0.0,0.0,0.25,1.0
1656814,0.75,0.75,0.75,0.0,0.0,0.0,0.0,0.0,0.75,0.0,0.0,0.25,1.0,0.25,0.0,0.75,0.75,0.0,1.0,1.0,0.0,1.0,0.25,1.0,0.75,0.0,0.0,0.25,1.0,1.0,1.0,1.0,0.0,1.0,0.75,1.0,0.25,1.0,0.75,0.75,0.75,0.25,0.0,0.0,1.0,0.0,0.0,1.0,0.0,0.0,1.0,1.0,1.0,0.0,0.0,0.25,0.75,0.75,0.0,0.0,1.0,0.83,0.0,0.83,0.67,1.0,0.17,0.25,0.75,0.25,0.25,0.75,0.75,0.75,0.5
1658992,1.0,0.25,0.0,1.0,0.0,0.0,0.75,0.0,1.0,0.25,1.0,0.25,0.0,0.75,0.75,1.0,0.25,0.75,1.0,0.75,0.0,1.0,0.25,0.75,0.0,0.25,0.0,0.0,1.0,1.0,0.25,0.25,1.0,1.0,1.0,1.0,0.25,0.75,0.0,0.75,0.75,0.75,0.75,0.75,1.0,1.0,0.25,0.25,0.25,0.75,1.0,1.0,1.0,0.25,0.0,1.0,1.0,0.25,0.0,0.0,0.83,1.0,0.33,0.17,0.83,0.33,0.67,0.5,0.5,0.25,0.5,0.25,0.75,0.75,0.25
1659254,0.0,1.0,0.25,0.0,1.0,1.0,0.0,1.0,1.0,0.0,1.0,0.0,0.0,1.0,0.0,1.0,0.0,0.75,1.0,1.0,0.0,1.0,0.0,1.0,0.0,1.0,1.0,1.0,1.0,0.75,1.0,0.75,1.0,0.25,0.75,0.0,0.75,1.0,0.0,1.0,1.0,1.0,1.0,1.0,0.0,0.75,1.0,0.0,0.0,0.25,0.0,0.25,0.25,0.0,0.25,1.0,0.75,1.0,0.25,0.25,0.83,0.67,1.0,0.0,0.5,0.83,0.83,0.5,1.0,0.5,0.75,0.5,0.75,0.5,0.75
1660253,0.0,1.0,1.0,0.25,1.0,1.0,0.75,0.75,0.0,0.25,0.75,0.75,0.0,1.0,1.0,1.0,0.0,1.0,1.0,1.0,1.0,1.0,0.25,1.0,1.0,1.0,1.0,1.0,0.0,0.0,1.0,0.0,1.0,0.0,0.0,0.0,1.0,0.75,0.0,1.0,1.0,1.0,1.0,1.0,0.0,1.0,1.0,1.0,1.0,0.75,0.0,0.0,1.0,1.0,0.0,1.0,0.75,1.0,0.0,0.0,0.0,0.0,1.0,0.0,0.17,0.0,1.0,1.0,1.0,0.75,1.0,0.0,0.0,0.0,0.75
1660318,0.0,0.75,0.75,0.0,0.75,0.75,1.0,1.0,0.25,0.0,0.75,0.25,0.75,0.75,0.0,0.75,0.0,0.0,1.0,1.0,1.0,1.0,0.75,0.0,1.0,0.75,1.0,1.0,1.0,0.25,0.75,0.0,1.0,0.75,0.0,0.75,1.0,0.75,0.0,1.0,1.0,1.0,0.75,1.0,1.0,0.75,1.0,0.0,0.0,0.75,1.0,1.0,1.0,0.75,0.0,1.0,0.75,1.0,0.0,0.0,1.0,0.17,0.83,0.0,0.83,0.17,1.0,0.75,0.75,0.5,0.75,0.0,0.5,0.75,0.75
