candidateId,0,1,2,3,4,5,6,7,8,9,10,11,12,13,14,15,16,17,18,19,20,21,22,23,24,25,26,27,28,29,30,31,32,33,34,35,36,37,38,39,40,41,42,43,44,45,46,47,48,49,50,51,52,53,54,55,56,57,58,59,60,61,62,63,64,65,66,67,68,69,70,71,72,73,74
6,0.17,0.17,0.83,1.0,1.0,0.0,1.0,1.0,1.0,1.0,1.0,0.0,1.0,1.0,1.0,0.0,1.0,1.0,1.0,0.25,1.0,1.0,1.0,0.0,0.25,0.0,0.0,1.0,0.0,1.0,1.0,0.0,0.0,0.0,1.0,0.0,1.0,0.25,1.0,1.0,0.75,0.0,1.0,1.0,1.0,1.0,0.25,1.0,0.0,1.0,1.0,1.0,1.0,1.0,0.0,1.0,1.0,1.0,0.25,1.0,0.67,0.17,1.0,0.0,0.0,1.0,1.0,1.0,0.0,0.5,0.75,0.75,0.0,1.0,1.0
17,0.5,0.33,0.17,0.0,0.75,0.0,0.33,0.75,0.0,0.25,0.75,0.25,0.0,0.25,1.0,0.25,0.25,0.25,1.0,0.0,0.75,1.0,0.75,0.0,0.25,0.25,0.0,1.0,0.75,1.0,0.75,0.75,0.25,0.75,0.75,0.75,0.0,0.25,0.75,0.25,1.0,0.75,0.25,0.75,0.75,1.0,0.75,0.0,0.25,1.0,0.25,0.25,0.25,0.25,0.75,0.0,0.25,0.25,0.75,1.0,1.0,0.83,0.33,0.0,0.75,0.75,1.0,0.5,0.5,0.75,1.0,0.5,0.75,1.0,0.75
40,1.0,0.67,0.17,0.25,0.75,0.0,0.5,1.0,1.0,0.25,0.75,0.75,0.0,1.0,1.0,0.75,0.0,0.75,0.0,0.0,0.25,0.25,0.0,0.25,0.25,0.75,0.25,1.0,0.25,1.0,0.0,0.25,0.75,1.0,0.75,1.0,0.0,1.0,1.0,0.0,0.25,0.75,0.75,1.0,1.0,1.0,0.25,0.75,0.0,0.75,1.0,1.0,1.0,0.75,0.75,0.0,0.25,1.0,0.75,0.75,0.67,0.5,1.0,0.0,1.0,1.0,1.0,0.5,0.5,0.5,1.0,0.25,0.0,1.0,0.5
41,0.0,0.17,0.33,1.0,1.0,0.0,0.83,0.0,1.0,1.0,0.0,0.0,1.0,0.0,0.25,0.75,0.75,0.0,1.0,0.25,1.0,0.75,1.0,0.0,0.75,0.0,0.0,1.0,0.75,1.0,0.25,0.25,0.0,1.0,0.75,0.0,0.75,0.75,0.0,1.0,1.0,0.0,0.75,1.0,0.75,1.0,0.0,0.75,0.0,1.0,1.0,1.0,1.0,1.0,0.25,1.0,1.0,1.0,0.25,0.25,0.17,0.67,1.0,0.25,0.25,1.0,0.75,0.75,0.25,0.5,1.0,0.75,0.0,1.0,0.75
44,0.17,0.67,0.83,0.25,0.75,0.0,0.17,0.0,1.0,1.0,1.0,0.0,0.0,0.25,1.0,1.0,0.75,0.25,0.25,0.0,1.0,0.75,0.75,0.25,0.0,0.0,0.0,1.0,0.75,1.0,0.0,0.75,0.75,0.75,0.0,1.0,0.75,0.75,0.25,0.75,1.0,1.0,0.25,1.0,0.75,1.0,0.25,0.75,1.0,0.0,1.0,1.0,1.0,0.75,0.25,0.75,1.0,0.75,0.75,0.75,0.33,0.33,1.0,0.25,1.0,1.0,1.0,0.75,0.5,0.5,0.75,0.5,0.0,0.5,0.25
56,0.0,0.0,0.0,1.0,1.0,0.0,1.0,0.0,1.0,1.0,0.0,1.0,1.0,0.0,1.0,1.0,1.0,1.0,1.0,0.75,1.0,1.0,1.0,0.0,1.0,0.0,0.0,1.0,0.75,1.0,1.0,0.0,0.0,1.0,1.0,0.75,1.0,1.0,0.0,1.0,0.75,1.0,1.0,1.0,1.0,1.0,0.0,0.75,0.0,0.0,0.0,1.0,0.75,1.0,0.0,1.0,1.0,0.25,0.0,0.25,0.0,0.83,0.83,0.0,1.0,1.0,1.0,0.75,0.0,0.5,1.0,0.75,0.25,0.75,0.25
91,1.0,0.0,0.0,1.0,0.0,0.0,0.5,0.25,1.0,0.75,0.75,0.0,0.25,1.0,0.0,0.75,0.0,1.0,1.0,1.0,0.0,0.75,0.0,0.0,0.0,0.0,0.0,0.75,0.0,1.0,0.75,0.0,0.25,0.0,0.25,1.0,0.25,1.0,0.75,0.25,0.75,0.0,1.0,1.0,1.0,1.0,0.0,0.0,0.0,1.0,0.25,1.0,1.0,1.0,1.0,1.0,1.0,0.25,0.75,1.0,0.83,0.5,0.67,0.0,1.0,1.0,1.0,0.5,0.25,0.5,0.75,0.5,0.5,0.75,0.5
98,0.67,0.67,0.0,1.0,1.0,0.75,0.33,0.75,1.0,0.75,0.75,0.75,1.0,0.0,1.0,0.75,0.75,1.0,0.25,0.25,1.0,0.25,0.25,0.75,0.75,0.75,0.75,1.0,0.75,1.0,1.0,0.75,0.75,1.0,0.25,1.0,0.75,0.75,1.0,0.75,1.0,1.0,0.75,0.25,0.25,1.0,0.75,0.25,0.25,1.0,0.25,1.0,0.25,0.25,1.0,0.75,0.25,0.0,0.75,0.75,0.33,1.0,0.33,0.0,1.0,0.75,1.0,0.25,0.75,0.75,1.0,0.25,0.75,0.75,0.25
108,0.33,0.17,0.0,0.75,0.75,0.0,1.0,1.0,1.0,1.0,1.0,0.0,1.0,0.25,1.0,1.0,0.25,1.0,1.0,0.0,1.0,1.0,1.0,0.0,0.25,0.75,0.0,1.0,1.0,0.75,1.0,1.0,0.25,1.0,1.0,0.0,1.0,1.0,0.25,1.0,1.0,1.0,1.0,1.0,1.0,1.0,0.0,0.0,1.0,1.0,0.75,1.0,1.0,1.0,1.0,0.0,0.0,0.75,0.0,0.75,0.0,0.17,1.0,0.0,0.0,1.0,0.0,0.75,0.75,0.75,1.0,1.0,0.25,1.0,1.0
149,1.0,0.0,0.83,0.75,0.0,1.0,0.67,0.0,0.75,0.0,0.0,1.0,0.75,0.0,0.25,1.0,0.75,1.0,0.75,0.0,0.75,1.0,0.0,1.0,0.0,1.0,0.0,0.0,0.0,0.25,0.0,0.75,0.0,0.0,0.75,0.0,0.0,1.0,0.0,0.75,1.0,0.25,0.0,0.0,0.0,1.0,1.0,0.0,0.75,0.75,0.0,0.0,0.0,0.0,0.0,0.0,0.0,0.25,1.0,1.0,0.33,0.33,0.17,0.0,0.75,0.75,0.0,0.75,1.0,0.75,0.75,0.25,0.75,0.25,1.0
159,0.0,0.33,0.0,1.0,1.0,0.0,0.83,0.25,1.0,1.0,0.75,0.0,1.0,0.0,1.0,0.75,1.0,0.75,1.0,0.0,1.0,0.25,1.0,0.0,1.0,0.0,0.0,1.0,0.0,1.0,0.0,0.0,0.0,1.0,1.0,0.0,1.0,1.0,0.0,1.0,1.0,0.75,1.0,1.0,1.0,1.0,0.0,1.0,0.0,1.0,1.0,1.0,1.0,1.0,0.0,0.25,1.0,1.0,0.0,0.75,0.17,0.33,1.0,0.0,0.0,1.0,1.0,0.75,0.25,0.5,0.75,0.75,0.0,1.0,0.5
164,0.17,0.0,0.0,1.0,1.0,0.0,1.0,0.0,1.0,1.0,0.0,0.0,1.0,0.0,0.75,0.0,1.0,0.25,1.0,0.0,1.0,1.0,1.0,0.0,1.0,0.0,0.0,1.0,0.25,1.0,1.0,0.0,0.0,1.0,1.0,0.25,1.0,0.75,0.0,1.0,1.0,0.75,1.0,1.0,1.0,1.0,0.0,0.75,0.0,1.0,1.0,1.0,1.0,1.0,0.0,1.0,1.0,1.0,0.0,0.25,0.17,0.67,1.0,1.0,0.0,1.0,1.0,1.0,0.0,0.5,1.0,1.0,0.0,1.0,0.5
188,0.83,0.33,0.0,1.0,1.0,0.0,0.17,1.0,1.0,1.0,0.75,0.0,0.25,0.75,1.0,0.75,0.25,1.0,1.0,0.0,1.0,0.75,1.0,0.0,1.0,0.0,0.0,1.0,0.75,0.75,0.25,0.0,0.0,1.0,0.25,0.0,0.25,0.75,0.75,0.0,0.25,1.0,0.25,1.0,1.0,1.0,0.25,1.0,0.0,0.75,1.0,0.25,0.75,1.0,0.75,0.75,1.0,0.25,0.75,1.0,0.83,1.0,0.67,0.25,1.0,0.75,1.0,0.75,0.25,0.75,1.0,0.5,0.25,0.75,0.5
225,0.17,0.17,0.0,0.25,1.0,0.0,0.83,0.75,1.0,1.0,1.0,0.0,0.25,0.0,0.75,0.0,1.0,1.0,0.75,0.25,0.25,0.75,1.0,0.0,0.75,0.0,0.0,1.0,0.75,0.75,0.0,0.0,0.0,0.0,0.25,1.0,0.0,0.75,1.0,1.0,1.0,1.0,0.0,1.0,0.75,1.0,0.0,0.25,0.25,1.0,0.75,1.0,1.0,1.0,1.0,0.0,1.0,1.0,0.0,0.25,0.33,1.0,0.83,0.0,0.75,1.0,1.0,0.75,0.0,0.5,0.75,0.75,0.25,1.0,0.5
239,0.67,0.0,0.0,0.75,0.25,0.0,0.33,1.0,0.25,0.25,1.0,0.75,0.75,0.75,1.0,0.0,0.25,0.0,1.0,0.0,1.0,0.75,1.0,0.0,0.75,0.25,0.25,1.0,0.25,1.0,1.0,0.75,0.25,1.0,0.0,1.0,0.25,0.25,0.75,1.0,0.75,0.75,0.75,1.0,1.0,1.0,0.25,0.25,0.0,0.0,0.75,1.0,0.25,0.75,0.75,1.0,0.75,0.25,1.0,0.75,0.83,0.83,0.17,0.0,0.75,1.0,1.0,0.25,0.75,0.75,0.75,0.5,0.5,0.75,0.5
246,1.0,0.17,0.0,0.75,1.0,0.0,0.83,0.75,0.75,0.75,1.0,0.25,1.0,0.75,1.0,0.75,0.25,0.75,0.75,0.0,0.75,0.75,0.75,0.0,0.75,0.25,0.25,0.75,0.75,1.0,0.75,0.25,0.0,1.0,0.25,1.0,0.0,0.25,1.0,0.25,0.25,1.0,0.25,1.0,1.0,1.0,0.0,1.0,0.0,1.0,1.0,1.0,0.75,1.0,1.0,0.75,1.0,0.75,0.75,1.0,1.0,0.67,0.83,0.0,1.0,1.0,1.0,0.5,0.25,0.5,0.75,0.5,0.0,0.5,0.0
314,1.0,0.5,0.67,0.75,0.0,0.25,0.5,0.0,0.75,0.0,0.75,0.75,0.25,0.25,0.75,1.0,0.0,1.0,0.25,0.0,0.25,0.25,0.0,0.25,0.0,1.0,0.25,0.25,0.25,0.75,0.75,0.25,0.0,0.25,0.0,0.75,0.0,0.75,0.75,0.75,0.75,1.0,0.75,0.25,0.0,1.0,1.0,0.25,0.0,1.0,0.25,0.0,0.75,0.0,0.75,0.0,0.0,0.0,1.0,1.0,0.83,0.83,0.33,0.0,0.75,0.75,0.75,0.0,0.5,0.75,0.5,0.5,0.75,0.75,0.5
316,0.83,0.5,0.67,1.0,0.25,0.75,0.33,0.25,0.75,0.75,0.0,1.0,0.0,0.0,0.25,1.0,1.0,1.0,0.0,0.0,0.75,0.25,0.0,0.25,0.0,1.0,0.25,1.0,0.75,0.75,1.0,1.0,0.25,0.25,0.25,0.75,0.0,1.0,0.25,1.0,0.75,0.75,1.0,0.75,0.25,1.0,1.0,0.0,0.25,1.0,0.75,0.25,1.0,0.0,0.25,0.0,0.25,0.0,0.75,0.75,0.83,0.83,0.67,0.0,0.25,1.0,1.0,0.0,0.25,0.5,1.0,0.75,0.75,1.0,0.75
317,1.0,0.5,0.33,0.25,0.25,0.0,0.5,0.25,1.0,0.25,1.0,0.0,0.25,0.0,0.75,0.75,0.0,1.0,1.0,0.75,0.75,0.25,0.25,0.0,0.25,0.0,0.0,1.0,1.0,1.0,0.75,0.25,0.25,0.75,0.0,0.75,0.25,1.0,0.0,0.25,1.0,0.75,0.25,1.0,1.0,1.0,0.0,1.0,0.0,1.0,0.75,1.0,1.0,0.75,0.75,0.25,0.75,0.75,0.25,0.75,0.67,0.67,1.0,0.0,0.75,0.75,0.75,0.5,0.25,0.5,0.75,0.5,0.0,1.0,0.75
318,0.17,0.0,0.33,0.75,1.0,0.0,0.67,0.75,1.0,0.75,0.75,0.25,0.75,0.25,1.0,1.0,0.75,0.25,1.0,0.0,1.0,0.25,1.0,0.0,0.25,0.25,0.25,1.0,0.25,0.25,0.75,0.0,0.0,0.75,0.25,0.75,0.75,0.75,0.75,0.75,0.75,0.75,0.25,1.0,0.75,1.0,0.25,0.25,0.25,0.75,0.75,0.75,0.25,0.25,0.25,0.75,0.75,0.0,0.75,0.75,0.83,0.83,0.5,0.0,0.75,1.0,0.25,0.75,0.25,0.75,1.0,0.5,0.25,0.75,0.75
319,0.83,0.0,0.0,1.0,1.0,0.0,0.83,1.0,0.75,1.0,0.75,0.25,1.0,0.75,1.0,0.75,0.75,0.75,0.75,1.0,1.0,0.75,1.0,0.0,1.0,0.0,0.0,1.0,0.75,1.0,1.0,0.25,0.75,0.0,0.25,1.0,1.0,0.75,1.0,0.75,0.75,1.0,1.0,1.0,1.0,1.0,0.75,1.0,0.25,1.0,0.75,0.75,0.75,0.75,0.0,1.0,0.75,0.75,1.0,1.0,0.67,1.0,1.0,0.0,0.0,0.75,1.0,0.75,0.0,0.5,1.0,0.5,0.5,1.0,0.5
320,0.67,0.17,0.17,0.75,1.0,0.0,0.67,1.0,0.75,0.75,0.75,0.25,0.75,0.75,1.0,0.75,0.25,1.0,0.75,0.25,0.75,0.75,1.0,0.0,0.75,0.25,0.25,1.0,0.75,1.0,0.25,0.0,0.0,1.0,0.25,0.25,0.0,0.75,0.75,0.25,0.75,1.0,0.25,1.0,1.0,1.0,0.75,0.25,0.0,0.75,0.75,0.25,1.0,0.75,0.75,0.0,1.0,0.25,1.0,0.75,0.83,0.83,0.83,0.0,0.75,0.75,1.0,0.75,0.5,0.75,0.75,0.5,0.5,0.5,0.5
328,0.17,0.33,0.0,0.75,1.0,0.0,0.67,1.0,1.0,1.0,1.0,0.25,0.25,0.75,1.0,0.75,0.25,0.75,0.75,0.0,0.75,0.75,1.0,0.0,0.75,0.25,0.0,1.0,0.75,0.75,1.0,0.0,0.25,1.0,0.25,1.0,0.25,0.25,0.75,0.0,0.75,1.0,0.75,1.0,1.0,1.0,0.0,0.75,0.0,0.75,1.0,1.0,0.75,1.0,0.0,1.0,1.0,0.75,1.0,0.75,0.83,1.0,1.0,0.25,0.75,0.75,1.0,0.75,0.5,0.5,0.5,0.5,0.0,0.75,0.25
370,0.0,0.33,0.0,0.0,1.0,0.0,0.0,1.0,0.0,0.25,1.0,1.0,0.0,1.0,0.75,0.0,0.0,0.75,0.0,0.0,0.0,1.0,0.0,0.25,0.25,0.75,0.75,1.0,1.0,0.0,1.0,1.0,1.0,1.0,0.0,1.0,0.0,0.0,1.0,0.0,0.0,1.0,0.0,0.75,0.75,0.0,0.0,1.0,0.0,0.0,1.0,0.75,0.0,0.0,0.0,0.0,1.0,0.0,1.0,0.0,1.0,1.0,0.0,0.0,1.0,0.0,0.0,0.0,0.5,0.5,0.5,0.25,0.5,0.5,0.0
385,0.17,0.0,0.0,0.75,1.0,0.0,0.17,1.0,1.0,0.75,1.0,0.0,0.0,1.0,1.0,0.0,0.0,1.0,1.0,0.0,1.0,0.75,1.0,0.0,0.75,0.0,0.0,1.0,1.0,1.0,0.75,1.0,1.0,1.0,0.0,1.0,0.0,0.0,1.0,1.0,0.25,1.0,0.0,1.0,1.0,1.0,0.0,0.75,0.25,1.0,1.0,1.0,0.75,1.0,1.0,0.0,1.0,0.0,0.75,0.75,0.83,1.0,0.83,0.0,1.0,0.25,1.0,0.5,0.0,0.5,1.0,0.5,0.0,0.75,0.25
493,0.0,0.0,0.0,1.0,1.0,0.0,1.0,0.0,1.0,1.0,0.0,0.0,1.0,0.0,0.75,0.75,1.0,0.0,1.0,0.0,1.0,1.0,1.0,0.0,1.0,0.0,0.0,1.0,0.25,1.0,0.75,0.0,0.0,1.0,1.0,0.0,1.0,1.0,0.0,1.0,1.0,0.75,1.0,1.0,1.0,1.0,0.0,0.75,0.0,1.0,1.0,1.0,1.0,1.0,0.0,1.0,1.0,1.0,0.0,0.0,0.0,0.67,1.0,0.75,0.0,1.0,1.0,1.0,0.0,0.0,1.0,1.0,0.0,1.0,0.5
494,0.17,0.0,0.0,1.0,1.0,0.0,1.0,0.25,1.0,1.0,0.0,0.0,1.0,0.0,1.0,0.75,1.0,0.0,1.0,0.0,1.0,1.0,1.0,0.0,1.0,0.0,0.0,1.0,0.75,1.0,0.0,0.0,0.0,1.0,1.0,0.0,1.0,1.0,0.25,1.0,1.0,1.0,1.0,1.0,1.0,1.0,0.0,1.0,0.0,1.0,1.0,1.0,1.0,1.0,0.0,1.0,1.0,1.0,0.0,0.25,0.0,0.67,1.0,1.0,0.25,1.0,1.0,0.75,0.0,0.5,1.0,1.0,0.0,1.0,0.25
495,0.0,0.0,0.0,1.0,1.0,0.0,1.0,0.0,1.0,1.0,0.0,0.0,1.0,0.0,0.25,0.25,1.0,0.0,1.0,0.0,1.0,1.0,1.0,0.0,1.0,0.0,0.0,1.0,0.75,1.0,1.0,0.0,0.0,1.0,1.0,0.25,1.0,1.0,0.0,1.0,1.0,0.75,1.0,1.0,1.0,1.0,0.0,0.75,0.0,0.75,1.0,1.0,1.0,1.0,0.0,1.0,1.0,1.0,0.0,0.25,0.0,0.17,1.0,0.75,0.75,1.0,1.0,1.0,0.0,0.5,1.0,1.0,0.0,1.0,0.25
527,0.5,0.5,0.5,0.25,1.0,0.0,1.0,0.0,1.0,0.25,1.0,0.0,1.0,0.0,1.0,0.0,0.25,1.0,0.75,0.0,1.0,0.25,0.0,0.0,0.25,0.0,0.75,1.0,0.0,0.75,0.0,0.0,0.0,0.0,0.25,0.75,0.0,1.0,0.25,0.75,1.0,1.0,0.75,1.0,0.75,1.0,0.25,0.25,0.0,1.0,0.75,0.25,0.75,0.75,0.0,0.0,0.0,0.25,1.0,0.75,0.33,0.67,0.67,0.0,1.0,0.75,0.75,0.5,0.5,0.5,0.75,0.75,0.5,0.75,0.5
595,1.0,0.83,0.0,0.75,0.0,0.25,0.0,0.0,1.0,1.0,0.25,0.25,0.75,0.0,0.25,1.0,0.75,0.75,1.0,0.75,0.75,0.75,0.0,0.75,0.25,0.25,0.25,1.0,0.0,1.0,0.75,0.75,0.25,0.25,1.0,1.0,0.0,1.0,1.0,1.0,1.0,1.0,0.0,0.25,0.75,1.0,0.75,0.75,0.0,0.75,0.75,0.75,0.25,1.0,1.0,0.0,1.0,0.25,1.0,1.0,1.0,1.0,0.17,0.0,0.75,1.0,0.75,0.25,0.75,0.75,1.0,1.0,0.75,0.75,0.75
613,0.67,0.17,0.33,0.25,0.75,0.0,0.83,0.0,1.0,1.0,0.75,0.0,0.75,0.0,0.25,0.0,0.75,0.75,0.25,1.0,0.75,0.25,1.0,0.0,0.25,0.0,0.0,1.0,0.0,1.0,0.75,0.25,0.25,0.0,0.75,0.25,1.0,1.0,0.0,1.0,1.0,0.0,0.25,0.75,0.75,1.0,0.25,0.25,0.0,1.0,0.75,1.0,1.0,1.0,1.0,1.0,0.75,0.75,0.0,0.75,0.33,0.33,1.0,0.0,0.0,1.0,0.75,0.75,0.25,0.75,1.0,0.75,0.0,1.0,0.75
614,0.17,0.0,0.0,0.75,1.0,0.0,1.0,0.25,1.0,1.0,0.0,0.0,1.0,0.0,0.75,0.25,1.0,0.0,1.0,0.75,1.0,1.0,1.0,0.0,1.0,0.0,0.0,1.0,0.0,1.0,0.75,0.0,0.0,1.0,1.0,0.0,1.0,1.0,0.0,1.0,1.0,0.0,0.75,1.0,1.0,1.0,0.0,1.0,0.0,1.0,1.0,1.0,1.0,1.0,0.75,1.0,1.0,1.0,0.0,0.25,0.0,0.33,1.0,0.25,0.0,1.0,1.0,0.75,0.0,0.25,0.75,0.75,0.0,1.0,0.5
643,0.5,0.5,0.0,1.0,1.0,0.0,0.83,1.0,0.75,0.75,0.0,0.25,1.0,0.0,1.0,1.0,0.75,1.0,1.0,0.25,0.75,0.75,0.0,0.0,0.75,0.25,0.75,1.0,0.25,1.0,1.0,0.0,0.0,1.0,0.0,0.0,0.0,1.0,0.75,0.25,0.75,1.0,0.75,1.0,1.0,1.0,0.0,0.0,0.0,0.75,1.0,1.0,0.75,1.0,0.75,0.0,1.0,0.0,1.0,1.0,0.33,0.83,1.0,0.25,0.75,0.25,1.0,0.5,0.5,0.5,0.75,0.5,0.25,1.0,0.25
649,0.5,0.33,0.33,1.0,1.0,0.0,0.67,0.0,1.0,0.0,0.75,0.0,0.0,0.75,0.75,1.0,0.0,1.0,1.0,0.0,1.0,0.75,1.0,0.0,1.0,0.0,0.0,1.0,0.75,1.0,0.0,0.0,0.0,1.0,0.25,0.0,0.0,1.0,0.75,0.25,0.25,0.25,0.0,1.0,1.0,1.0,0.75,0.75,0.0,1.0,0.0,0.0,1.0,1.0,1.0,1.0,1.0,0.25,1.0,0.75,0.5,0.33,0.67,0.0,1.0,0.75,1.0,0.0,0.75,0.75,0.75,0.75,0.75,0.75,0.75
650,1.0,0.0,0.0,1.0,1.0,0.0,1.0,0.25,1.0,1.0,0.0,0.0,0.75,0.0,1.0,0.25,1.0,1.0,1.0,0.0,1.0,0.75,1.0,0.0,1.0,0.0,0.0,1.0,0.25,1.0,0.25,0.0,0.0,0.75,0.75,0.25,1.0,0.75,0.0,1.0,1.0,0.25,1.0,1.0,1.0,1.0,0.0,0.25,0.75,1.0,0.75,1.0,1.0,1.0,0.75,0.75,1.0,1.0,0.0,0.75,0.17,0.5,0.83,0.0,0.0,1.0,0.75,0.75,0.0,0.5,1.0,0.75,0.25,0.75,0.5
652,0.67,0.5,0.83,0.75,1.0,0.0,0.33,0.75,0.75,0.75,1.0,0.25,0.25,0.75,0.75,1.0,0.75,1.0,1.0,0.25,1.0,0.75,0.0,0.0,1.0,0.25,0.25,0.25,0.25,0.75,0.25,0.75,0.25,0.0,0.0,0.75,0.0,0.0,0.25,0.25,0.25,0.75,0.75,1.0,0.75,1.0,0.0,0.75,0.25,1.0,0.75,0.75,0.25,0.75,1.0,0.25,0.25,1.0,1.0,0.75,1.0,0.83,0.67,0.0,1.0,0.0,1.0,0.5,0.25,0.75,0.75,0.5,0.25,0.75,0.25
653,0.0,0.0,0.17,1.0,1.0,0.0,1.0,0.0,1.0,1.0,0.0,0.0,1.0,0.0,1.0,1.0,1.0,0.25,1.0,0.75,1.0,1.0,1.0,0.0,1.0,0.0,0.0,1.0,1.0,1.0,1.0,0.0,0.0,1.0,1.0,0.0,1.0,1.0,0.0,1.0,1.0,1.0,1.0,1.0,1.0,1.0,0.0,0.75,0.0,1.0,0.75,1.0,1.0,1.0,0.25,1.0,1.0,1.0,0.0,0.75,0.0,0.33,1.0,0.75,0.0,1.0,1.0,1.0,0.0,0.25,1.0,1.0,0.25,1.0,0.75
654,0.0,0.0,0.0,1.0,1.0,0.0,1.0,0.0,1.0,1.0,0.0,0.0,1.0,0.0,0.75,1.0,1.0,0.0,1.0,0.25,1.0,1.0,1.0,0.0,1.0,0.0,0.0,1.0,0.75,1.0,0.75,0.0,0.0,1.0,1.0,0.0,1.0,1.0,0.0,1.0,1.0,1.0,1.0,1.0,1.0,1.0,0.0,0.75,0.0,1.0,1.0,1.0,1.0,1.0,0.25,1.0,1.0,1.0,0.0,0.0,0.0,0.5,1.0,1.0,0.0,1.0,1.0,1.0,0.0,0.25,1.0,1.0,0.0,1.0,0.0
657,0.83,0.67,0.17,0.75,1.0,0.0,0.33,1.0,0.0,0.0,1.0,0.75,0.25,0.75,0.0,1.0,0.0,0.75,0.75,0.0,0.75,0.25,0.0,0.25,0.0,1.0,1.0,1.0,1.0,0.0,1.0,1.0,1.0,1.0,0.0,1.0,0.0,0.0,1.0,0.0,1.0,1.0,0.0,0.0,0.0,0.75,1.0,0.25,1.0,0.0,0.75,0.75,0.25,0.25,0.0,0.0,0.0,0.0,1.0,1.0,0.67,0.83,0.17,0.0,1.0,0.0,0.25,0.0,0.5,0.75,0.75,0.25,0.75,0.75,0.25
658,1.0,1.0,1.0,0.0,0.0,1.0,0.0,1.0,0.0,0.25,1.0,1.0,0.0,1.0,0.0,1.0,0.0,1.0,0.0,0.0,0.0,0.0,0.0,1.0,0.0,1.0,1.0,0.0,0.0,0.0,1.0,1.0,1.0,0.0,0.0,1.0,0.0,1.0,1.0,0.0,0.75,1.0,0.0,0.0,0.0,0.0,1.0,0.0,1.0,0.0,0.0,1.0,0.0,0.0,1.0,0.0,0.0,0.0,1.0,1.0,1.0,0.33,0.0,0.0,1.0,0.0,0.0,0.0,1.0,1.0,0.0,0.0,1.0,0.0,1.0
736,0.0,0.0,0.33,1.0,1.0,0.0,1.0,0.0,1.0,1.0,0.0,0.0,1.0,0.0,1.0,0.75,1.0,0.0,1.0,0.75,1.0,0.75,1.0,0.0,1.0,0.0,0.0,1.0,0.0,1.0,1.0,0.0,0.0,1.0,1.0,0.25,1.0,1.0,0.0,1.0,1.0,1.0,1.0,1.0,1.0,1.0,0.0,0.75,0.0,0.75,0.75,1.0,1.0,1.0,0.75,1.0,1.0,1.0,0.0,0.25,0.0,0.67,1.0,0.75,0.0,1.0,1.0,0.75,0.0,0.5,1.0,1.0,0.0,1.0,0.75
743,0.0,1.0,0.5,0.0,1.0,1.0,0.0,0.25,0.0,0.0,1.0,1.0,0.0,0.75,0.0,0.0,0.25,0.0,0.0,0.0,1.0,0.25,0.0,1.0,0.0,1.0,1.0,0.75,1.0,0.0,1.0,1.0,0.75,1.0,0.0,1.0,0.0,0.25,1.0,0.0,0.75,1.0,0.0,0.0,0.0,0.0,1.0,0.0,1.0,1.0,0.0,0.25,0.0,0.0,0.0,0.0,0.0,0.0,1.0,0.0,1.0,0.83,0.17,0.0,1.0,0.0,0.0,0.0,1.0,0.75,0.75,0.0,0.75,0.25,1.0
750,1.0,0.83,0.5,0.0,0.0,0.0,0.0,1.0,0.25,0.75,1.0,0.75,0.0,1.0,1.0,1.0,0.0,1.0,0.75,0.0,0.25,0.0,0.0,0.25,0.0,0.75,0.75,1.0,1.0,0.0,1.0,0.75,0.25,1.0,0.75,1.0,0.0,0.25,1.0,0.0,0.25,1.0,0.0,0.25,0.25,1.0,1.0,1.0,0.0,0.0,0.25,0.0,0.25,0.0,1.0,0.25,0.0,0.0,1.0,1.0,1.0,1.0,0.17,0.0,1.0,0.0,1.0,0.25,0.75,0.5,0.75,0.25,0.5,0.5,0.0
753,0.0,0.0,0.0,1.0,1.0,0.0,1.0,0.0,1.0,1.0,0.0,0.0,1.0,0.0,0.0,0.0,1.0,0.0,1.0,0.25,1.0,1.0,1.0,0.0,1.0,0.0,0.0,1.0,0.0,1.0,1.0,0.0,0.0,1.0,1.0,0.0,1.0,1.0,0.0,1.0,1.0,0.25,1.0,1.0,1.0,1.0,0.0,1.0,0.0,1.0,1.0,1.0,1.0,1.0,0.25,1.0,1.0,1.0,0.0,0.0,0.0,0.67,1.0,1.0,0.0,1.0,1.0,0.75,0.0,0.0,1.0,1.0,0.0,1.0,0.0
754,0.0,0.0,0.0,0.75,1.0,0.0,1.0,0.0,1.0,1.0,0.0,0.0,0.75,0.0,1.0,1.0,1.0,0.0,1.0,0.0,1.0,1.0,1.0,0.0,1.0,0.0,0.0,1.0,0.75,0.75,1.0,0.0,0.25,1.0,1.0,0.0,1.0,0.75,0.75,1.0,1.0,0.75,1.0,1.0,1.0,1.0,0.0,1.0,0.0,1.0,1.0,1.0,1.0,1.0,0.0,1.0,1.0,1.0,0.0,0.0,0.33,0.67,1.0,1.0,0.25,1.0,1.0,1.0,0.25,0.5,1.0,0.75,0.0,1.0,0.5
760,1.0,0.17,0.0,1.0,1.0,0.0,0.67,1.0,1.0,1.0,1.0,0.0,0.75,0.75,1.0,1.0,0.25,0.75,1.0,0.0,1.0,0.25,1.0,0.0,0.75,0.0,0.0,1.0,1.0,0.25,1.0,0.25,0.25,1.0,0.25,1.0,0.0,0.25,1.0,0.25,0.0,1.0,0.0,1.0,1.0,1.0,0.0,1.0,0.0,0.75,1.0,1.0,1.0,1.0,0.25,1.0,1.0,1.0,0.75,0.25,0.83,1.0,1.0,0.25,0.75,0.75,1.0,0.5,0.25,0.5,0.75,0.5,0.0,0.75,0.0
761,0.0,0.0,0.0,1.0,1.0,0.0,1.0,1.0,1.0,0.75,1.0,0.0,0.25,0.75,1.0,0.75,0.25,0.75,0.25,0.0,1.0,1.0,0.25,0.0,1.0,0.0,0.0,1.0,1.0,1.0,1.0,0.25,1.0,1.0,0.0,1.0,0.0,0.25,1.0,0.0,0.0,1.0,0.0,1.0,1.0,1.0,0.0,1.0,0.0,0.75,1.0,1.0,1.0,1.0,0.0,0.75,1.0,0.25,1.0,0.0,1.0,1.0,0.83,0.0,1.0,0.25,1.0,0.75,0.25,0.5,0.75,0.5,0.0,0.75,0.25
765,0.0,0.0,0.0,1.0,1.0,0.0,1.0,0.0,1.0,1.0,0.0,0.0,1.0,0.0,1.0,0.25,1.0,0.0,1.0,0.0,1.0,1.0,1.0,0.0,1.0,0.0,0.0,1.0,0.75,1.0,1.0,0.0,0.0,1.0,1.0,0.0,1.0,1.0,0.0,1.0,1.0,0.75,1.0,1.0,1.0,1.0,0.0,0.75,0.0,1.0,1.0,1.0,1.0,1.0,0.25,1.0,1.0,1.0,0.0,0.0,0.0,0.67,1.0,0.75,0.0,1.0,1.0,0.75,0.0,0.5,1.0,1.0,0.0,1.0,0.5
772,0.0,0.0,0.0,1.0,1.0,0.0,1.0,0.25,1.0,1.0,0.0,0.0,1.0,0.0,1.0,1.0,1.0,0.25,1.0,0.25,1.0,0.25,1.0,0.0,1.0,0.0,0.0,1.0,0.75,1.0,1.0,0.0,1.0,1.0,1.0,0.0,1.0,1.0,0.0,0.75,1.0,0.25,1.0,1.0,1.0,1.0,0.0,1.0,0.0,1.0,1.0,1.0,1.0,1.0,0.0,1.0,1.0,1.0,0.0,0.0,0.0,0.67,1.0,1.0,0.0,1.0,1.0,1.0,0.0,0.25,1.0,1.0,0.0,0.75,0.25
791,0.0,1.0,0.83,1.0,0.0,0.75,1.0,0.0,1.0,1.0,0.0,1.0,0.75,0.0,0.75,1.0,0.75,1.0,0.0,0.0,0.0,0.75,0.0,0.75,0.0,1.0,1.0,0.0,0.0,1.0,0.0,0.25,0.0,0.75,0.75,1.0,1.0,1.0,1.0,0.75,1.0,0.0,0.25,0.25,0.0,1.0,0.0,0.0,0.0,1.0,1.0,0.0,1.0,0.0,0.0,0.0,0.0,1.0,0.0,1.0,0.83,0.33,0.67,0.0,1.0,0.25,1.0,0.5,0.25,0.75,0.5,0.5,0.5,1.0,0.75
792,0.83,0.0,0.33,1.0,1.0,0.25,0.5,0.25,1.0,0.75,0.75,0.0,0.75,0.0,0.75,0.75,0.75,0.75,1.0,0.25,0.25,0.75,0.75,0.0,0.25,0.0,0.0,1.0,1.0,1.0,0.75,0.25,0.25,0.0,0.25,0.75,0.75,0.75,0.25,0.75,1.0,0.25,0.75,1.0,0.75,1.0,0.25,0.75,0.75,1.0,0.75,0.75,0.75,1.0,0.25,0.25,0.75,1.0,0.0,0.75,0.67,0.67,0.83,0.0,0.75,0.75,0.75,0.5,0.25,0.5,0.75,0.5,0.5,0.75,0.5
795,0.0,0.0,0.0,1.0,1.0,0.0,1.0,0.0,1.0,1.0,0.0,0.0,1.0,0.0,0.75,1.0,1.0,0.0,1.0,0.25,1.0,1.0,1.0,0.0,1.0,0.0,0.0,1.0,0.75,1.0,0.75,0.0,0.0,1.0,1.0,0.0,1.0,1.0,0.0,1.0,1.0,0.75,1.0,1.0,1.0,1.0,0.0,0.75,0.0,1.0,1.0,1.0,1.0,1.0,0.25,1.0,1.0,1.0,0.0,0.0,0.0,0.5,1.0,0.25,0.0,1.0,1.0,0.75,0.0,0.25,1.0,1.0,0.0,1.0,0.5
825,0.17,0.0,0.17,1.0,1.0,0.0,0.83,0.0,1.0,1.0,0.25,0.0,1.0,0.25,0.75,0.75,1.0,0.25,1.0,0.25,0.75,0.75,1.0,0.0,0.75,0.25,0.25,1.0,0.75,1.0,0.75,0.0,0.0,1.0,1.0,0.25,1.0,0.75,0.25,1.0,1.0,0.75,0.75,1.0,1.0,1.0,0.25,0.75,0.25,1.0,0.75,1.0,0.75,1.0,0.75,0.25,0.75,1.0,0.25,0.75,0.33,0.67,1.0,0.25,0.75,1.0,1.0,0.75,0.25,0.75,1.0,0.75,0.25,1.0,0.5
832,0.5,0.0,0.0,1.0,1.0,0.0,1.0,0.0,1.0,1.0,0.25,0.0,1.0,0.0,1.0,0.75,1.0,0.25,1.0,0.25,1.0,1.0,1.0,0.0,1.0,0.0,0.0,1.0,1.0,1.0,1.0,0.0,0.0,1.0,1.0,0.75,1.0,1.0,0.0,1.0,0.75,0.0,1.0,1.0,1.0,1.0,0.0,0.75,0.0,1.0,1.0,1.0,1.0,1.0,1.0,1.0,1.0,1.0,0.0,0.25,0.17,0.83,1.0,0.25,0.25,1.0,1.0,1.0,0.0,0.5,1.0,1.0,0.0,0.75,0.5
854,0.33,0.17,0.17,1.0,0.75,0.0,0.33,1.0,0.75,1.0,1.0,0.25,0.25,0.0,1.0,0.0,0.25,0.75,1.0,0.0,1.0,0.25,1.0,0.0,0.75,0.0,0.25,1.0,0.75,1.0,0.75,0.75,0.75,1.0,0.0,1.0,0.0,0.25,1.0,0.25,0.75,0.25,0.25,1.0,1.0,1.0,0.0,0.25,0.0,1.0,0.75,1.0,0.75,1.0,0.25,0.0,0.75,1.0,0.75,0.75,0.67,0.67,0.67,0.0,0.75,1.0,1.0,0.75,0.5,0.5,0.75,0.5,0.0,0.75,0.5
874,1.0,0.83,0.33,1.0,0.0,0.0,0.67,0.0,1.0,1.0,0.25,0.75,1.0,0.0,0.75,1.0,1.0,1.0,1.0,0.0,0.75,0.0,1.0,0.0,0.0,0.75,0.0,1.0,0.25,0.75,0.75,0.25,0.75,0.25,0.25,0.0,1.0,0.75,1.0,1.0,0.75,1.0,1.0,0.75,0.75,1.0,0.75,0.0,0.0,1.0,0.75,0.0,0.75,0.75,0.75,0.0,1.0,0.25,0.75,1.0,0.67,0.83,0.67,0.0,0.0,0.75,0.75,0.5,0.25,1.0,0.75,0.5,0.5,0.5,0.5
878,0.0,0.0,0.0,1.0,1.0,0.0,1.0,0.25,1.0,1.0,0.0,0.0,1.0,0.0,1.0,1.0,1.0,0.0,1.0,0.25,1.0,1.0,1.0,0.0,1.0,0.0,0.0,1.0,0.75,1.0,1.0,0.0,0.25,1.0,1.0,0.25,1.0,0.75,0.0,1.0,1.0,0.75,1.0,1.0,1.0,1.0,0.0,0.75,0.0,0.25,1.0,1.0,1.0,1.0,0.25,1.0,1.0,1.0,0.0,0.25,0.0,0.67,1.0,0.25,0.0,1.0,0.75,0.75,0.0,0.5,1.0,1.0,0.0,1.0,0.25
883,0.5,0.33,0.5,1.0,0.75,0.0,0.67,0.25,1.0,1.0,0.25,0.0,1.0,0.0,1.0,0.25,1.0,0.0,0.75,0.0,1.0,0.75,1.0,0.25,1.0,0.0,0.0,1.0,0.75,1.0,0.75,0.0,0.0,0.75,1.0,0.75,1.0,1.0,0.0,1.0,1.0,0.75,1.0,1.0,1.0,1.0,0.0,0.75,0.0,1.0,1.0,1.0,1.0,1.0,1.0,1.0,1.0,1.0,0.0,0.75,0.0,0.33,1.0,0.0,0.25,1.0,1.0,0.75,0.25,0.5,0.75,0.75,0.25,0.75,0.5
895,0.0,0.0,0.0,1.0,1.0,0.0,1.0,0.0,1.0,1.0,0.0,0.0,1.0,0.0,1.0,1.0,1.0,0.0,1.0,0.0,1.0,1.0,1.0,0.0,1.0,0.0,0.0,1.0,0.0,1.0,0.75,0.0,0.0,1.0,1.0,0.0,1.0,1.0,0.0,1.0,1.0,0.75,1.0,1.0,1.0,1.0,0.0,1.0,0.0,1.0,1.0,1.0,1.0,1.0,0.0,1.0,1.0,1.0,0.0,0.0,0.0,0.67,1.0,1.0,0.0,1.0,1.0,1.0,0.0,0.25,1.0,0.75,0.0,1.0,0.5
903,0.0,0.17,0.0,1.0,0.25,0.0,1.0,0.0,1.0,1.0,0.0,0.0,1.0,0.0,1.0,0.75,1.0,0.25,1.0,0.25,1.0,0.75,1.0,0.0,1.0,0.0,0.0,1.0,0.75,1.0,0.75,0.0,0.0,1.0,1.0,0.0,1.0,1.0,0.0,1.0,1.0,0.25,0.75,1.0,1.0,1.0,0.0,1.0,0.0,1.0,1.0,1.0,1.0,1.0,0.25,1.0,1.0,1.0,0.0,0.0,0.0,0.67,1.0,0.25,0.0,1.0,1.0,0.75,0.0,0.5,1.0,1.0,0.0,1.0,0.5
913,0.83,0.67,0.33,0.75,0.75,0.25,0.33,0.75,0.75,1.0,0.25,0.25,0.75,0.25,0.75,1.0,0.75,0.75,0.25,0.0,0.25,0.25,0.0,0.25,0.25,0.75,0.75,1.0,1.0,0.75,0.25,0.75,0.25,0.25,0.25,0.75,0.75,0.25,0.75,0.25,0.75,1.0,0.25,0.75,0.25,0.75,1.0,0.0,0.25,0.25,0.75,0.25,0.75,0.25,1.0,0.25,0.25,0.25,1.0,1.0,0.83,0.83,0.67,0.0,0.75,0.75,0.75,0.5,0.75,0.75,0.75,0.5,0.75,0.75,0.5
914,0.5,0.17,0.5,0.75,0.75,0.0,0.33,0.75,0.75,1.0,1.0,0.0,0.25,0.0,1.0,0.75,0.0,1.0,0.75,0.0,0.75,1.0,0.0,0.0,0.75,0.0,0.0,1.0,1.0,0.75,1.0,0.0,0.25,0.0,0.0,0.75,0.25,0.25,0.75,0.75,0.75,0.75,0.75,1.0,1.0,0.75,0.75,0.0,0.25,0.75,0.75,0.25,0.75,0.75,0.0,0.0,1.0,0.25,0.75,1.0,0.83,0.83,0.67,0.0,1.0,0.75,1.0,0.5,0.5,0.5,0.5,0.5,0.5,0.5,0.5
915,0.83,0.33,0.17,1.0,0.25,0.0,0.67,0.0,1.0,0.75,1.0,0.0,0.25,0.0,1.0,0.75,0.0,1.0,0.75,0.0,0.75,0.75,0.0,0.0,0.25,0.0,0.25,1.0,0.25,1.0,0.0,0.0,0.25,0.0,0.25,1.0,0.0,1.0,0.0,0.75,1.0,0.75,1.0,1.0,1.0,1.0,0.25,0.0,0.25,1.0,0.25,0.25,0.25,1.0,0.25,0.0,0.0,0.25,1.0,0.0,0.67,0.83,0.67,0.0,0.75,0.75,1.0,0.5,0.5,0.5,0.75,0.5,0.5,0.5,0.5
916,0.83,0.17,0.0,0.75,0.75,0.0,0.67,1.0,0.75,0.75,0.25,0.25,0.75,0.0,1.0,1.0,1.0,0.75,0.25,0.75,1.0,0.75,1.0,0.0,0.75,0.0,0.0,1.0,0.75,0.75,0.75,0.0,0.75,0.0,0.75,0.25,1.0,0.25,0.0,0.25,0.25,1.0,0.75,0.75,0.75,1.0,1.0,0.75,0.0,0.75,0.75,0.0,0.75,0.75,1.0,0.0,1.0,0.75,0.75,1.0,0.83,1.0,0.83,0.0,0.75,1.0,0.75,0.5,0.5,0.5,0.75,0.75,0.5,0.5,0.5
918,0.17,0.0,0.0,0.75,1.0,0.0,0.67,1.0,1.0,0.0,1.0,0.75,0.0,1.0,1.0,0.0,0.0,1.0,1.0,0.0,0.75,0.25,0.0,0.0,0.0,0.25,0.0,1.0,0.25,0.0,0.25,0.0,0.0,0.25,1.0,0.0,0.0,0.75,0.75,0.0,0.25,1.0,0.0,1.0,0.75,1.0,0.25,0.75,0.25,0.25,1.0,0.75,0.0,1.0,1.0,0.75,1.0,0.75,0.25,1.0,0.83,0.83,1.0,0.75,1.0,0.0,0.0,0.5,0.25,0.25,0.5,0.25,0.25,0.75,0.0
919,0.0,0.17,0.0,1.0,1.0,0.0,1.0,0.0,1.0,1.0,0.0,0.0,1.0,0.0,1.0,1.0,1.0,0.0,1.0,0.25,1.0,1.0,1.0,0.0,1.0,0.0,0.0,1.0,1.0,1.0,0.75,0.25,0.0,1.0,1.0,0.0,1.0,1.0,0.0,1.0,1.0,0.75,1.0,1.0,1.0,1.0,0.0,0.0,0.0,1.0,1.0,1.0,1.0,1.0,0.0,1.0,1.0,1.0,0.0,0.0,0.0,0.5,1.0,0.25,0.0,1.0,1.0,1.0,0.0,0.5,0.5,1.0,0.0,1.0,1.0
920,0.0,0.0,0.0,1.0,1.0,0.0,1.0,0.0,1.0,1.0,0.0,0.0,1.0,0.0,0.25,0.75,1.0,0.0,1.0,0.0,1.0,0.75,1.0,0.0,1.0,0.0,0.0,1.0,0.75,1.0,0.25,0.0,0.0,1.0,1.0,0.0,1.0,1.0,0.0,1.0,1.0,0.75,1.0,1.0,1.0,1.0,0.0,0.75,0.0,1.0,1.0,1.0,1.0,1.0,0.0,1.0,1.0,1.0,0.0,0.25,0.0,0.5,1.0,1.0,0.0,1.0,1.0,1.0,0.0,0.25,1.0,1.0,0.0,1.0,0.25
923,0.0,0.17,0.17,1.0,1.0,0.0,1.0,0.0,1.0,1.0,0.0,0.0,1.0,0.0,1.0,0.75,1.0,0.25,1.0,0.0,1.0,1.0,1.0,0.0,1.0,0.0,0.0,1.0,0.25,1.0,1.0,0.0,0.0,1.0,1.0,0.25,1.0,0.75,0.0,1.0,1.0,0.75,1.0,1.0,1.0,1.0,0.25,1.0,0.25,0.75,1.0,1.0,1.0,1.0,0.25,1.0,1.0,1.0,0.25,0.0,0.17,0.67,1.0,0.0,0.0,1.0,0.75,0.5,0.25,0.5,1.0,0.75,0.25,1.0,0.5
925,0.83,0.5,0.0,0.0,0.75,0.0,0.17,1.0,0.25,0.0,0.75,0.25,0.0,0.75,0.75,1.0,0.0,0.25,0.0,0.0,1.0,0.75,0.0,0.0,0.0,0.25,0.0,1.0,1.0,0.0,0.0,0.25,0.75,1.0,0.0,1.0,0.0,0.0,1.0,0.0,0.0,1.0,0.25,0.25,0.75,0.0,0.25,0.0,0.25,0.25,0.75,0.75,0.25,0.0,0.75,0.0,0.0,0.25,1.0,0.25,1.0,1.0,0.0,0.0,0.75,0.0,1.0,0.5,0.5,0.75,1.0,0.5,0.5,0.5,0.5
931,1.0,1.0,0.83,0.0,0.25,1.0,0.0,1.0,0.0,0.0,0.75,1.0,0.0,0.75,1.0,0.25,0.0,0.25,0.0,0.0,0.0,0.25,0.0,1.0,0.0,1.0,1.0,0.75,0.0,0.0,0.75,1.0,1.0,0.25,0.0,1.0,0.0,0.25,0.0,0.0,1.0,0.75,0.0,0.0,0.0,1.0,1.0,0.0,1.0,0.75,0.0,0.0,0.0,0.0,0.0,0.0,0.0,0.0,1.0,1.0,1.0,0.83,0.0,0.0,0.25,0.0,0.0,0.0,1.0,0.5,0.5,0.0,0.5,0.5,0.5
951,1.0,0.83,0.5,0.0,1.0,0.0,0.0,1.0,0.25,0.75,1.0,0.0,0.0,1.0,0.0,1.0,0.0,0.25,1.0,1.0,1.0,1.0,0.0,0.0,0.75,0.25,0.0,1.0,1.0,0.0,1.0,1.0,1.0,1.0,0.0,1.0,0.0,0.25,1.0,0.0,0.0,1.0,0.0,0.0,1.0,0.25,0.75,0.75,0.0,0.0,1.0,1.0,0.75,1.0,0.0,0.0,1.0,0.0,1.0,0.25,1.0,1.0,0.83,0.0,1.0,0.0,1.0,0.25,0.5,0.5,1.0,0.25,0.5,0.5,0.0
954,0.0,0.0,0.0,1.0,1.0,0.0,1.0,0.0,1.0,1.0,0.0,0.0,1.0,0.0,1.0,0.75,1.0,0.0,1.0,0.25,1.0,1.0,1.0,0.0,1.0,0.0,0.0,1.0,0.75,1.0,1.0,0.0,0.0,1.0,1.0,0.0,1.0,1.0,0.0,1.0,1.0,1.0,1.0,1.0,1.0,1.0,0.0,0.75,0.0,1.0,1.0,1.0,1.0,1.0,0.0,1.0,1.0,1.0,0.0,0.25,0.0,0.17,1.0,0.0,0.0,1.0,0.75,0.75,0.0,0.0,1.0,1.0,0.0,1.0,0.25
955,0.0,0.17,0.17,1.0,1.0,0.0,1.0,0.0,1.0,1.0,0.0,0.0,1.0,0.0,1.0,1.0,1.0,1.0,1.0,0.0,1.0,1.0,1.0,0.0,1.0,0.0,0.0,1.0,0.25,1.0,1.0,0.0,0.0,1.0,1.0,0.25,1.0,0.75,0.0,1.0,0.75,1.0,0.75,1.0,1.0,1.0,0.0,0.0,0.0,0.75,1.0,1.0,1.0,1.0,0.75,0.75,1.0,1.0,0.0,0.25,0.0,0.33,1.0,0.75,0.0,1.0,0.75,1.0,0.0,0.25,1.0,1.0,0.0,1.0,0.75
959,0.0,0.0,0.0,1.0,1.0,0.0,1.0,0.0,1.0,1.0,0.25,0.0,1.0,0.0,0.75,1.0,1.0,0.25,1.0,0.75,1.0,1.0,1.0,0.0,1.0,0.0,0.0,1.0,1.0,1.0,0.75,0.0,0.0,1.0,1.0,0.0,1.0,0.75,0.0,1.0,1.0,0.75,1.0,1.0,1.0,1.0,0.0,1.0,0.0,0.75,1.0,1.0,1.0,1.0,1.0,1.0,1.0,1.0,0.0,0.25,0.0,0.33,1.0,0.75,0.0,1.0,1.0,1.0,0.0,0.0,1.0,1.0,0.0,1.0,0.75
1007,0.0,0.0,0.0,1.0,1.0,0.0,1.0,0.75,1.0,1.0,0.0,0.0,1.0,0.0,1.0,0.0,1.0,0.0,1.0,0.0,1.0,1.0,1.0,0.0,1.0,0.0,0.0,1.0,0.75,1.0,0.75,0.0,0.0,1.0,1.0,0.25,1.0,0.75,1.0,1.0,0.75,0.75,1.0,1.0,1.0,1.0,0.0,1.0,0.0,1.0,1.0,1.0,1.0,1.0,0.75,1.0,1.0,1.0,0.0,0.0,0.17,0.83,1.0,0.25,0.0,1.0,1.0,0.75,0.0,0.5,0.75,0.75,0.0,1.0,0.25
1015,0.5,0.17,0.0,1.0,1.0,0.0,0.83,1.0,1.0,1.0,1.0,0.0,1.0,1.0,1.0,0.0,1.0,0.75,1.0,0.25,1.0,0.25,1.0,0.0,1.0,0.0,0.0,1.0,0.25,1.0,1.0,0.0,0.0,1.0,1.0,0.0,1.0,1.0,0.0,1.0,1.0,0.0,1.0,1.0,1.0,1.0,0.0,1.0,0.0,1.0,1.0,1.0,1.0,1.0,0.75,1.0,1.0,1.0,0.0,1.0,0.0,0.33,1.0,0.0,0.0,1.0,1.0,0.75,0.0,0.5,1.0,0.5,0.0,1.0,0.5
1022,0.0,0.17,0.0,1.0,1.0,0.0,0.83,0.0,1.0,1.0,0.0,0.0,1.0,0.0,0.25,0.75,1.0,0.25,1.0,0.25,1.0,1.0,1.0,0.0,1.0,0.0,0.0,1.0,1.0,1.0,1.0,0.0,0.0,1.0,1.0,0.25,0.75,1.0,0.0,1.0,1.0,0.25,1.0,1.0,1.0,1.0,0.0,0.75,0.0,1.0,1.0,1.0,1.0,1.0,0.75,1.0,1.0,1.0,0.0,0.0,0.0,0.33,1.0,0.75,0.0,1.0,1.0,1.0,0.0,1.0,1.0,1.0,0.0,1.0,0.75
1029,0.83,0.17,0.17,1.0,1.0,0.0,0.83,1.0,1.0,0.75,1.0,0.0,1.0,1.0,1.0,0.75,0.25,0.75,1.0,0.0,1.0,1.0,0.25,0.0,1.0,0.0,0.0,1.0,0.75,1.0,0.75,0.0,0.25,1.0,0.25,1.0,0.0,0.25,0.25,0.25,0.0,0.75,0.25,1.0,1.0,1.0,0.0,0.75,0.0,1.0,1.0,1.0,1.0,1.0,0.25,1.0,1.0,1.0,0.75,0.25,0.83,0.83,1.0,0.0,1.0,0.75,1.0,0.5,0.25,0.5,0.75,0.75,0.0,0.5,0.25
1039,0.83,1.0,0.5,0.75,0.0,0.25,0.17,0.25,1.0,0.25,0.0,1.0,0.75,0.0,0.25,0.25,1.0,1.0,0.75,0.0,1.0,0.25,0.0,0.25,0.0,1.0,1.0,0.0,0.25,0.25,0.0,0.75,0.0,0.25,0.0,0.25,0.0,0.25,0.75,0.75,0.75,0.25,0.25,0.75,0.25,0.75,0.75,0.0,0.75,0.25,0.0,0.25,0.25,0.0,0.75,0.0,0.75,0.25,0.25,0.75,0.83,0.67,0.17,0.0,1.0,0.0,0.75,0.25,0.25,0.75,1.0,0.5,0.5,0.25,0.5
1040,0.83,0.67,0.5,0.25,1.0,0.25,0.33,0.75,0.75,0.25,0.75,0.25,0.25,0.25,0.25,0.25,0.0,1.0,0.75,0.25,0.75,0.25,0.0,0.25,0.0,0.25,0.75,0.75,0.25,0.25,0.0,0.25,0.25,0.0,0.75,0.25,0.0,0.75,1.0,0.25,1.0,0.75,0.25,1.0,0.25,1.0,1.0,0.25,0.75,0.75,0.25,0.25,0.25,0.25,1.0,0.75,0.75,0.75,0.75,0.25,0.83,0.83,0.67,0.0,0.75,0.75,0.75,0.25,0.5,0.5,0.75,0.5,0.75,0.75,0.5
1041,1.0,0.67,0.33,0.75,0.25,0.0,0.5,0.25,0.75,1.0,0.25,0.0,0.75,0.75,0.75,0.0,0.75,0.75,0.75,0.75,0.75,1.0,1.0,0.25,0.25,0.75,0.25,1.0,0.25,1.0,1.0,0.25,1.0,1.0,1.0,0.75,0.25,0.75,1.0,1.0,1.0,0.0,0.75,1.0,0.75,1.0,0.25,1.0,0.25,1.0,1.0,0.75,0.75,1.0,0.25,0.75,0.75,1.0,0.0,0.0,0.67,0.67,1.0,0.0,0.25,0.75,0.75,0.5,0.25,0.5,0.75,0.5,0.75,0.75,0.5
1042,0.0,0.0,0.0,1.0,1.0,0.0,1.0,0.0,1.0,1.0,0.0,0.0,1.0,0.0,0.75,0.75,1.0,0.0,1.0,0.25,1.0,1.0,1.0,0.0,1.0,0.0,0.0,1.0,1.0,1.0,0.75,0.0,0.0,1.0,1.0,0.0,1.0,1.0,0.0,1.0,1.0,0.75,1.0,1.0,1.0,1.0,0.0,1.0,0.0,0.0,1.0,1.0,1.0,1.0,0.75,1.0,1.0,1.0,0.0,0.0,0.0,0.67,1.0,0.25,0.25,1.0,1.0,1.0,0.0,0.0,1.0,1.0,0.0,1.0,0.25
1043,0.0,0.17,0.17,1.0,1.0,0.0,0.67,1.0,1.0,1.0,0.0,0.0,0.75,0.0,0.0,0.75,1.0,0.75,1.0,0.0,1.0,0.25,1.0,0.0,1.0,0.25,0.0,1.0,0.0,0.75,0.0,0.0,0.25,1.0,0.75,1.0,0.0,0.75,0.0,0.0,0.75,1.0,0.75,1.0,1.0,1.0,0.0,0.25,0.0,1.0,0.25,1.0,0.75,1.0,0.75,0.0,1.0,0.75,1.0,0.0,0.17,0.67,0.83,0.0,0.75,1.0,1.0,0.5,0.25,0.5,1.0,0.75,0.25,1.0,0.5
1044,0.0,0.17,0.0,1.0,1.0,0.0,1.0,0.0,1.0,1.0,0.25,0.0,1.0,0.0,0.75,0.75,1.0,0.25,1.0,0.25,1.0,1.0,1.0,0.0,1.0,0.0,0.0,1.0,0.25,1.0,0.75,0.0,0.0,1.0,1.0,0.0,1.0,1.0,0.0,1.0,1.0,0.25,1.0,1.0,1.0,1.0,0.0,0.75,0.0,1.0,1.0,1.0,1.0,1.0,0.25,1.0,1.0,1.0,0.0,0.25,0.17,0.33,1.0,0.75,0.25,1.0,1.0,1.0,0.0,0.25,1.0,1.0,0.0,1.0,0.5
1045,0.17,0.17,0.0,0.75,1.0,0.0,1.0,0.25,1.0,1.0,0.25,0.0,1.0,0.0,1.0,0.75,1.0,0.25,1.0,0.25,1.0,1.0,0.25,0.0,1.0,0.0,0.0,1.0,0.75,1.0,1.0,0.25,0.0,1.0,1.0,0.25,0.75,0.75,0.25,0.75,1.0,0.75,1.0,1.0,1.0,1.0,0.0,0.75,0.0,1.0,1.0,1.0,1.0,1.0,0.0,0.75,0.0,0.75,0.25,0.25,0.5,0.67,1.0,0.25,0.25,1.0,1.0,0.75,0.25,0.5,1.0,0.75,0.0,1.0,0.5
1049,0.17,0.17,0.17,1.0,1.0,0.0,1.0,0.0,1.0,1.0,0.0,0.0,1.0,0.0,1.0,1.0,1.0,0.0,1.0,0.0,1.0,1.0,1.0,0.0,1.0,0.0,0.0,1.0,1.0,1.0,1.0,0.0,0.0,1.0,1.0,0.0,1.0,1.0,0.0,1.0,1.0,0.0,1.0,1.0,1.0,1.0,0.0,1.0,0.0,0.75,1.0,1.0,1.0,1.0,0.25,1.0,1.0,1.0,0.0,0.25,0.17,0.67,1.0,1.0,0.0,1.0,1.0,1.0,0.0,0.25,1.0,1.0,0.0,1.0,0.75
1078,0.83,0.83,0.17,0.75,1.0,0.0,0.67,0.25,1.0,1.0,0.75,0.25,1.0,0.75,1.0,0.75,1.0,1.0,1.0,0.25,1.0,1.0,1.0,0.25,0.75,0.25,0.75,1.0,0.25,1.0,0.75,0.75,0.25,0.75,0.75,0.75,0.75,0.75,0.0,1.0,0.75,0.75,1.0,1.0,0.25,1.0,0.25,0.75,0.0,0.0,0.25,0.75,0.75,1.0,0.75,0.0,0.25,0.25,1.0,1.0,0.83,0.83,0.83,0.0,0.75,0.75,1.0,0.5,0.75,0.75,0.75,0.75,0.5,0.5,0.75
1079,0.0,0.17,0.67,1.0,1.0,0.0,1.0,0.0,1.0,1.0,0.0,0.0,1.0,0.0,0.25,0.25,1.0,0.0,1.0,0.0,1.0,1.0,1.0,0.0,1.0,0.0,0.0,1.0,0.75,1.0,0.75,0.0,0.0,1.0,1.0,0.25,1.0,1.0,0.0,1.0,1.0,1.0,1.0,1.0,1.0,1.0,0.25,0.75,0.0,1.0,0.75,1.0,1.0,1.0,0.75,1.0,1.0,1.0,0.0,0.25,0.17,0.17,1.0,1.0,0.75,1.0,1.0,1.0,0.0,0.5,1.0,1.0,1.0,1.0,0.0
1087,0.83,0.5,0.17,0.75,1.0,1.0,0.67,0.75,1.0,1.0,0.25,0.0,0.75,0.0,0.25,0.75,1.0,0.75,1.0,1.0,0.75,1.0,1.0,0.0,0.75,0.0,0.0,1.0,0.75,0.25,0.75,0.0,0.0,0.75,0.0,0.75,0.75,0.75,1.0,0.75,0.25,0.75,0.0,0.75,0.75,1.0,1.0,0.0,0.0,1.0,0.25,0.75,1.0,0.0,1.0,0.0,0.75,0.25,0.25,0.75,0.33,0.83,0.5,0.0,0.0,0.75,0.75,0.75,0.0,0.25,1.0,0.75,0.5,0.75,0.75
1092,0.83,0.17,0.0,0.75,0.75,0.0,0.33,1.0,0.75,0.75,1.0,0.0,0.0,0.75,1.0,0.75,0.25,0.0,0.75,0.25,0.75,1.0,1.0,0.0,0.25,0.25,0.0,1.0,0.75,1.0,0.75,0.25,0.75,1.0,0.0,0.0,0.0,0.0,1.0,0.0,0.75,1.0,1.0,1.0,1.0,1.0,0.0,0.0,0.0,1.0,0.25,0.75,0.0,0.25,1.0,0.25,0.75,0.25,0.75,1.0,1.0,0.83,0.83,0.0,0.75,0.75,1.0,0.5,0.5,0.5,0.75,0.5,0.75,0.75,0.5
1093,0.67,0.33,0.17,1.0,0.75,0.0,0.83,0.0,0.75,1.0,0.25,0.0,1.0,0.0,1.0,1.0,1.0,0.75,1.0,0.0,1.0,1.0,1.0,0.0,0.75,0.0,0.0,1.0,0.0,1.0,1.0,0.0,0.0,1.0,1.0,0.0,1.0,1.0,0.0,0.75,0.75,0.0,1.0,1.0,1.0,1.0,0.0,1.0,0.0,1.0,1.0,1.0,1.0,1.0,0.0,0.25,1.0,1.0,0.75,0.75,0.0,0.33,1.0,0.25,0.0,1.0,0.75,0.75,0.25,0.5,0.75,0.75,0.0,0.75,0.5
1114,0.83,0.83,0.33,0.0,0.25,0.25,0.17,0.75,0.75,0.75,0.75,0.75,0.25,0.75,0.75,0.75,0.25,0.25,0.25,0.0,1.0,1.0,0.0,0.25,0.0,1.0,1.0,1.0,0.75,0.0,0.75,0.25,0.25,1.0,0.0,0.25,0.0,0.0,0.75,0.0,1.0,1.0,0.0,0.75,0.25,1.0,0.25,0.25,0.0,0.25,0.75,0.75,0.75,0.25,1.0,0.25,0.25,0.75,1.0,0.75,0.67,0.83,0.33,0.0,1.0,0.75,1.0,0.25,0.5,0.5,1.0,0.5,0.25,1.0,0.5
1115,0.33,0.17,0.0,0.75,1.0,0.25,1.0,0.25,1.0,1.0,0.25,0.25,0.75,0.0,1.0,0.75,0.75,0.75,1.0,0.0,1.0,0.25,0.75,0.0,0.75,0.75,0.0,1.0,1.0,1.0,1.0,0.0,0.25,1.0,1.0,0.75,1.0,0.75,0.25,0.75,1.0,0.25,1.0,1.0,0.75,1.0,0.25,0.25,0.25,1.0,0.75,0.75,1.0,1.0,0.75,0.25,1.0,1.0,0.0,0.75,0.33,0.67,0.83,0.25,0.25,0.75,1.0,0.75,0.25,0.75,1.0,0.5,0.25,1.0,0.5
1116,0.67,0.0,0.17,1.0,1.0,0.0,1.0,0.0,1.0,1.0,0.0,0.0,1.0,0.0,1.0,0.75,1.0,1.0,1.0,1.0,1.0,1.0,1.0,0.25,1.0,0.0,0.0,1.0,1.0,1.0,1.0,1.0,0.0,0.75,0.75,1.0,1.0,1.0,0.0,1.0,1.0,0.0,0.25,1.0,1.0,1.0,0.25,0.75,0.0,1.0,1.0,1.0,1.0,1.0,1.0,0.75,1.0,1.0,0.0,0.25,0.17,0.5,1.0,0.0,0.0,1.0,0.75,1.0,0.0,0.5,1.0,1.0,0.5,1.0,1.0
1122,0.67,0.17,0.5,1.0,1.0,0.75,0.17,1.0,0.75,0.25,0.0,0.75,0.0,1.0,1.0,0.25,0.25,1.0,1.0,0.0,0.75,1.0,0.0,0.75,0.75,0.75,1.0,1.0,0.25,0.0,1.0,1.0,0.25,0.25,0.0,0.75,0.0,0.75,0.75,0.75,1.0,0.75,0.25,0.0,0.0,1.0,0.75,0.0,0.25,1.0,1.0,0.25,0.25,1.0,0.0,0.0,0.75,0.0,1.0,1.0,0.83,0.83,0.67,0.0,1.0,1.0,0.0,0.0,0.5,0.5,0.75,0.25,0.5,0.5,0.5
1123,0.17,0.33,0.33,0.75,1.0,0.0,0.5,1.0,0.75,0.25,0.75,0.25,0.25,0.75,0.75,0.25,0.25,0.25,0.75,0.0,0.75,0.75,0.75,0.0,0.75,0.0,0.0,1.0,1.0,0.75,1.0,0.25,0.25,1.0,0.0,1.0,0.25,0.0,1.0,0.25,0.75,1.0,0.25,1.0,1.0,1.0,0.25,0.75,0.25,0.25,0.75,0.75,0.25,0.75,1.0,0.75,0.75,0.25,0.75,0.75,0.5,0.83,0.67,0.0,1.0,0.75,1.0,0.75,0.5,0.5,1.0,0.5,0.75,0.75,0.5
1134,0.0,0.0,0.0,1.0,1.0,0.0,0.83,0.25,1.0,1.0,0.0,0.0,1.0,0.0,1.0,1.0,1.0,0.75,1.0,1.0,1.0,1.0,1.0,0.0,1.0,0.0,0.0,1.0,1.0,1.0,1.0,0.0,0.0,0.75,1.0,0.25,1.0,1.0,0.75,1.0,1.0,0.75,0.75,1.0,1.0,1.0,0.0,1.0,0.0,0.75,1.0,1.0,1.0,1.0,0.75,0.25,1.0,1.0,0.0,0.75,0.0,0.83,1.0,0.75,0.0,1.0,1.0,1.0,0.0,0.5,1.0,1.0,0.0,0.75,0.5
1144,0.0,0.0,0.0,1.0,1.0,0.0,1.0,0.0,1.0,1.0,0.25,0.0,1.0,0.0,1.0,1.0,1.0,0.0,1.0,0.25,1.0,1.0,1.0,0.0,1.0,0.0,0.0,1.0,0.25,1.0,1.0,0.0,0.0,1.0,1.0,0.25,1.0,1.0,0.0,1.0,1.0,0.25,1.0,1.0,1.0,1.0,0.0,1.0,0.0,1.0,1.0,1.0,1.0,1.0,0.25,1.0,1.0,1.0,0.0,0.0,0.0,0.67,1.0,0.25,0.0,1.0,1.0,0.75,0.0,0.25,1.0,0.75,0.0,1.0,0.5
1148,0.83,0.33,0.83,0.75,1.0,0.0,1.0,1.0,0.75,1.0,1.0,0.0,1.0,0.75,1.0,1.0,0.25,1.0,0.75,0.0,1.0,0.75,0.25,0.0,0.25,0.25,0.0,1.0,1.0,1.0,1.0,0.25,0.75,1.0,0.25,1.0,0.25,0.25,1.0,0.25,0.75,0.25,0.25,1.0,1.0,1.0,0.0,0.0,0.0,1.0,1.0,1.0,1.0,1.0,1.0,1.0,0.75,0.25,0.25,1.0,0.83,1.0,1.0,0.0,0.75,0.75,1.0,0.75,0.25,0.5,1.0,0.5,0.0,1.0,0.25
1171,1.0,0.0,0.0,1.0,1.0,0.0,0.67,0.0,0.0,1.0,1.0,0.0,1.0,0.0,1.0,1.0,1.0,1.0,1.0,0.0,1.0,1.0,0.0,0.0,1.0,0.0,0.0,1.0,1.0,1.0,1.0,0.0,0.0,1.0,0.0,1.0,1.0,1.0,1.0,1.0,1.0,1.0,0.0,1.0,1.0,1.0,1.0,1.0,0.0,1.0,1.0,1.0,1.0,1.0,1.0,0.0,1.0,1.0,1.0,1.0,0.5,1.0,0.5,0.0,1.0,1.0,1.0,0.5,0.5,0.5,1.0,0.5,0.25,1.0,0.5
1172,0.83,0.33,0.0,0.75,1.0,0.0,0.33,1.0,0.75,0.75,1.0,0.25,0.25,1.0,1.0,1.0,0.25,1.0,0.25,0.0,1.0,0.75,1.0,0.0,0.25,0.25,0.0,1.0,1.0,0.75,1.0,0.75,0.25,1.0,0.0,1.0,0.0,0.25,1.0,0.0,0.0,1.0,0.25,0.75,1.0,1.0,1.0,0.25,0.0,0.25,1.0,0.25,0.75,0.0,1.0,0.0,0.25,0.0,1.0,1.0,0.83,1.0,0.5,0.0,1.0,0.0,0.75,0.5,0.5,0.5,0.75,0.25,0.5,0.5,0.25
1185,1.0,0.0,1.0,0.0,1.0,0.0,0.0,1.0,1.0,1.0,1.0,1.0,1.0,0.0,1.0,1.0,0.0,1.0,1.0,0.0,0.0,1.0,1.0,0.0,1.0,0.0,0.0,0.0,0.0,0.0,0.0,1.0,1.0,1.0,0.0,1.0,0.0,0.0,1.0,1.0,0.0,1.0,0.0,1.0,1.0,1.0,1.0,1.0,0.0,1.0,1.0,1.0,1.0,1.0,1.0,1.0,0.0,1.0,1.0,1.0,1.0,1.0,1.0,0.0,1.0,1.0,0.0,0.5,0.75,0.25,1.0,0.75,0.25,0.75,0.0
1186,0.83,0.67,0.0,1.0,1.0,0.0,0.67,0.75,1.0,1.0,0.75,0.0,0.0,0.75,1.0,0.75,0.0,1.0,1.0,0.0,1.0,1.0,0.75,0.0,1.0,0.0,0.0,1.0,1.0,1.0,0.0,0.0,0.0,1.0,0.25,0.0,0.0,1.0,0.75,0.0,0.25,1.0,0.0,1.0,1.0,1.0,0.75,0.75,0.0,1.0,0.75,0.0,1.0,1.0,1.0,1.0,1.0,0.25,1.0,0.75,0.67,0.83,0.67,0.0,0.75,0.75,1.0,0.5,0.75,0.75,1.0,0.25,0.5,0.75,0.5
1187,0.17,0.17,0.0,1.0,1.0,0.0,1.0,0.0,1.0,1.0,0.0,0.0,1.0,0.0,1.0,0.75,1.0,0.25,1.0,0.0,1.0,1.0,1.0,0.0,1.0,0.0,0.0,1.0,0.25,1.0,1.0,0.0,0.0,0.25,1.0,0.0,1.0,1.0,0.0,1.0,1.0,0.25,1.0,1.0,1.0,1.0,0.0,0.75,0.0,1.0,0.75,1.0,1.0,1.0,0.25,1.0,1.0,1.0,0.0,0.75,0.33,0.67,1.0,0.25,0.75,1.0,1.0,0.75,0.0,0.5,0.75,0.75,0.25,0.75,0.25
1205,0.83,1.0,0.33,0.0,0.75,1.0,0.0,0.75,0.25,0.0,0.25,1.0,0.0,0.0,1.0,0.75,0.0,1.0,0.0,0.0,1.0,0.25,0.0,1.0,0.0,1.0,1.0,0.75,0.25,0.75,1.0,1.0,0.75,0.75,0.0,1.0,0.0,0.25,1.0,0.0,1.0,0.75,0.0,0.0,0.0,0.75,1.0,0.0,1.0,1.0,0.0,0.0,0.0,0.25,0.25,0.0,0.0,0.25,1.0,1.0,0.83,0.83,0.67,0.0,1.0,0.0,0.0,0.0,1.0,1.0,1.0,0.0,1.0,1.0,1.0
1219,0.17,0.17,0.67,1.0,1.0,0.0,1.0,0.0,1.0,1.0,0.75,0.25,1.0,0.25,1.0,0.25,1.0,0.75,1.0,0.25,1.0,1.0,0.75,0.0,0.75,0.25,0.0,1.0,0.25,1.0,1.0,0.0,1.0,1.0,0.25,0.75,0.25,1.0,0.75,0.75,0.75,0.0,1.0,1.0,0.75,1.0,0.0,0.25,0.0,1.0,1.0,1.0,1.0,1.0,1.0,0.75,1.0,1.0,0.0,0.25,0.0,0.5,1.0,0.25,0.0,1.0,1.0,0.75,0.0,0.5,1.0,0.75,0.0,0.75,0.5
1226,0.17,0.33,0.5,1.0,0.0,0.0,0.83,1.0,0.75,1.0,1.0,0.0,0.75,0.25,0.75,1.0,0.0,1.0,1.0,0.0,0.75,0.75,0.0,0.25,0.25,0.0,0.0,1.0,0.25,0.75,0.0,0.0,0.25,0.0,0.25,0.75,0.0,1.0,0.0,0.75,1.0,1.0,1.0,0.75,1.0,1.0,0.0,0.75,0.75,1.0,0.75,0.75,0.75,0.75,0.0,0.0,0.0,0.75,1.0,1.0,0.67,0.67,1.0,0.0,0.75,1.0,0.75,0.5,0.75,0.5,0.5,0.5,0.25,0.5,0.5
1229,0.5,0.17,0.5,0.75,0.25,0.0,0.83,1.0,1.0,1.0,0.25,0.0,0.75,0.0,0.25,1.0,1.0,0.75,1.0,0.0,0.75,0.25,1.0,0.0,1.0,0.25,0.0,1.0,0.25,1.0,0.0,0.0,0.75,1.0,0.25,0.75,0.75,0.75,0.0,0.75,1.0,0.75,0.75,1.0,0.75,1.0,0.25,0.25,0.0,1.0,0.25,1.0,1.0,1.0,1.0,0.0,1.0,0.25,0.75,0.75,0.67,0.67,0.67,0.25,0.75,0.25,1.0,0.75,0.25,0.75,1.0,0.75,0.5,0.75,0.5
1241,1.0,0.67,0.67,0.25,0.0,1.0,0.33,0.25,0.25,1.0,0.25,0.25,0.0,0.0,1.0,1.0,0.25,1.0,0.0,0.0,0.25,0.75,0.0,0.75,0.0,1.0,1.0,0.75,0.75,1.0,0.75,0.75,0.25,0.75,0.25,1.0,0.0,1.0,1.0,1.0,0.25,1.0,0.25,1.0,0.0,0.75,1.0,0.0,0.0,0.75,0.25,0.0,0.25,0.0,1.0,0.0,0.25,0.25,1.0,1.0,0.67,0.83,0.17,0.0,0.75,0.75,1.0,0.25,0.75,0.5,0.75,0.25,0.5,0.5,0.5
1243,0.67,0.17,0.0,0.75,0.75,0.0,0.67,0.25,0.75,1.0,1.0,0.25,0.0,1.0,1.0,0.75,0.25,0.75,1.0,0.0,1.0,0.25,0.75,0.0,0.25,0.25,0.0,1.0,0.75,1.0,1.0,0.25,0.25,1.0,0.25,1.0,0.0,0.25,1.0,0.25,0.75,0.75,0.25,1.0,1.0,1.0,0.0,0.75,0.0,1.0,0.75,0.75,1.0,1.0,0.25,1.0,1.0,0.75,1.0,0.75,0.83,0.83,0.83,0.25,0.75,0.25,1.0,0.75,0.25,0.5,0.75,0.5,0.25,0.5,0.5
1260,0.17,1.0,0.67,0.0,0.0,1.0,0.0,0.75,0.25,0.0,0.0,1.0,0.0,1.0,0.75,0.0,0.0,0.0,1.0,0.0,0.75,0.25,0.0,0.75,0.0,1.0,1.0,0.0,0.0,0.75,1.0,1.0,0.25,1.0,0.0,1.0,0.0,0.75,1.0,0.0,1.0,0.75,0.0,0.0,0.0,0.75,0.75,0.0,1.0,0.25,0.0,0.0,0.0,1.0,0.0,0.0,0.25,0.0,0.75,0.75,0.83,0.67,0.33,0.0,1.0,0.0,0.0,0.0,0.75,0.75,0.75,0.0,0.75,0.75,0.75
1270,1.0,0.0,0.0,0.75,1.0,0.0,1.0,1.0,0.75,0.75,1.0,1.0,0.0,0.0,0.75,1.0,0.0,0.75,0.25,0.25,0.0,0.0,1.0,0.25,0.75,0.25,0.25,1.0,0.75,1.0,1.0,0.75,0.0,1.0,0.25,1.0,0.25,0.25,1.0,0.25,0.75,1.0,0.0,1.0,0.75,1.0,1.0,0.0,1.0,0.75,0.75,0.25,1.0,1.0,1.0,1.0,1.0,1.0,0.0,1.0,1.0,1.0,0.67,0.25,1.0,0.75,1.0,0.0,0.0,0.75,1.0,0.0,0.75,1.0,0.75
1275,0.17,0.0,0.0,1.0,1.0,0.0,1.0,0.75,1.0,1.0,0.25,0.0,1.0,0.0,1.0,0.75,0.75,0.25,1.0,0.25,0.75,1.0,1.0,0.0,1.0,0.0,0.0,1.0,0.75,1.0,0.75,0.25,0.25,1.0,0.0,0.0,0.75,1.0,0.75,1.0,0.75,0.75,0.75,1.0,1.0,1.0,0.0,1.0,0.0,1.0,1.0,1.0,1.0,1.0,0.25,1.0,1.0,1.0,0.25,0.0,0.17,0.67,1.0,0.25,0.25,1.0,1.0,0.75,0.0,0.25,1.0,0.75,0.25,0.75,0.25
1276,0.67,0.33,0.33,1.0,0.25,0.25,1.0,0.0,1.0,1.0,0.75,0.25,1.0,0.0,1.0,0.25,1.0,0.75,1.0,0.25,1.0,1.0,1.0,0.25,1.0,0.0,0.25,1.0,0.25,1.0,0.75,0.25,0.25,1.0,1.0,0.25,1.0,1.0,0.0,1.0,1.0,0.0,0.75,1.0,1.0,1.0,0.0,0.75,0.0,1.0,0.75,1.0,0.75,1.0,0.75,0.75,1.0,1.0,0.0,0.75,0.0,0.17,1.0,0.25,0.0,1.0,0.25,1.0,0.25,0.5,0.75,0.75,0.0,0.75,0.75
1281,0.0,0.0,0.0,1.0,0.75,0.25,1.0,0.0,1.0,1.0,0.25,0.0,1.0,0.0,0.25,0.25,1.0,0.25,1.0,0.0,1.0,1.0,1.0,0.0,1.0,0.0,0.0,1.0,0.0,1.0,0.0,0.0,0.0,1.0,1.0,0.0,1.0,0.75,0.0,0.25,1.0,0.0,0.75,1.0,1.0,1.0,0.0,1.0,0.25,1.0,1.0,1.0,1.0,1.0,0.25,1.0,1.0,1.0,0.25,0.0,0.0,0.5,1.0,0.0,0.0,1.0,1.0,0.75,0.25,0.5,1.0,1.0,0.0,1.0,0.5
1284,0.83,0.83,0.67,0.0,1.0,0.0,0.5,1.0,0.75,0.25,0.25,1.0,0.0,0.0,1.0,0.25,0.25,0.75,0.75,0.0,1.0,0.25,0.0,0.0,0.0,0.25,0.75,1.0,0.75,1.0,1.0,0.75,0.25,0.25,0.25,1.0,0.75,0.75,1.0,0.25,0.75,0.75,0.75,1.0,0.25,1.0,0.75,0.0,1.0,0.75,0.0,0.75,0.25,0.75,0.0,1.0,1.0,1.0,0.75,0.75,0.83,0.67,0.67,0.0,0.75,0.25,0.25,0.5,0.5,0.5,0.75,0.5,0.5,0.5,0.5
1285,0.17,0.0,0.17,0.75,1.0,0.0,0.67,1.0,0.75,1.0,0.75,0.0,0.75,0.75,1.0,0.0,0.75,0.75,0.25,0.0,0.75,0.25,1.0,0.0,1.0,0.0,0.0,1.0,1.0,0.75,0.25,0.25,0.25,1.0,0.25,1.0,0.0,0.25,0.75,0.25,0.75,1.0,0.25,1.0,1.0,1.0,0.0,1.0,0.0,1.0,1.0,1.0,1.0,1.0,0.25,0.75,1.0,1.0,0.25,0.25,0.83,0.83,1.0,0.25,0.75,0.75,1.0,0.75,0.25,0.25,0.75,0.75,0.25,0.75,0.25
1290,0.17,0.0,0.0,1.0,1.0,0.0,1.0,0.0,1.0,1.0,0.25,0.0,1.0,0.0,1.0,0.25,1.0,0.0,1.0,0.25,1.0,1.0,1.0,0.0,1.0,0.0,0.0,1.0,1.0,1.0,1.0,0.0,0.0,1.0,1.0,0.0,1.0,0.75,0.0,1.0,1.0,0.0,1.0,1.0,1.0,1.0,0.0,1.0,0.0,1.0,1.0,1.0,1.0,1.0,0.25,1.0,1.0,1.0,0.0,0.0,0.17,0.83,1.0,0.75,0.0,1.0,1.0,0.75,0.0,0.5,1.0,0.75,0.0,1.0,0.5
1294,0.33,0.0,0.0,1.0,1.0,0.0,1.0,0.0,1.0,1.0,0.0,0.0,1.0,0.0,1.0,1.0,1.0,0.0,1.0,0.25,1.0,0.75,1.0,0.0,1.0,0.0,0.0,1.0,0.25,1.0,1.0,0.0,0.0,1.0,1.0,0.0,1.0,1.0,0.0,0.75,1.0,0.75,1.0,1.0,1.0,1.0,0.0,0.25,0.0,0.75,1.0,1.0,1.0,1.0,0.25,1.0,1.0,1.0,0.0,0.25,0.0,0.83,1.0,0.25,0.0,1.0,0.75,1.0,0.0,0.75,1.0,0.75,0.0,1.0,0.5
1295,0.83,1.0,1.0,0.25,0.0,1.0,0.33,0.75,0.0,1.0,0.0,1.0,0.0,0.0,1.0,0.0,1.0,1.0,0.75,0.0,1.0,0.25,0.0,1.0,0.0,1.0,1.0,0.25,0.0,1.0,0.0,0.75,0.0,1.0,0.0,1.0,0.0,0.75,0.0,1.0,0.25,0.75,1.0,0.0,0.0,1.0,1.0,0.0,1.0,1.0,0.0,0.0,0.0,1.0,0.0,0.0,0.0,0.0,1.0,0.0,0.0,0.83,0.83,0.0,0.0,0.0,0.0,0.0,0.5,0.75,0.75,0.5,0.5,0.5,1.0
1300,0.83,0.5,0.17,0.25,0.25,0.0,0.17,1.0,0.25,0.0,0.75,1.0,0.0,0.75,0.75,0.25,0.0,0.0,0.25,0.0,1.0,0.75,0.0,0.25,0.0,0.75,0.25,1.0,0.75,0.0,0.25,0.25,0.75,1.0,0.0,1.0,0.0,0.25,0.75,0.25,0.25,1.0,0.25,0.25,0.25,0.75,0.75,0.0,0.25,0.0,0.0,0.25,0.25,0.0,0.75,0.0,0.0,0.25,1.0,1.0,1.0,0.83,0.33,0.0,1.0,0.0,0.75,0.5,0.75,0.75,0.75,0.25,0.75,0.75,0.5
1304,0.67,0.33,0.17,0.75,1.0,0.0,0.17,0.75,1.0,0.75,1.0,0.0,0.0,1.0,0.75,1.0,0.0,1.0,0.75,0.0,1.0,0.0,0.0,0.0,0.0,0.0,1.0,1.0,0.0,0.0,0.75,0.75,1.0,0.0,0.0,1.0,0.0,1.0,0.75,0.0,1.0,1.0,1.0,0.25,1.0,1.0,1.0,0.25,0.25,1.0,1.0,0.0,0.75,0.0,0.0,0.0,0.0,0.0,1.0,0.75,0.83,1.0,0.17,0.0,1.0,0.0,0.0,0.5,0.5,0.5,0.75,0.5,0.5,0.5,0.25
1305,1.0,0.33,0.0,0.25,1.0,0.0,0.17,0.0,1.0,0.0,1.0,0.0,0.25,0.0,0.0,0.0,0.0,1.0,0.75,0.0,0.25,0.0,0.0,0.0,0.0,0.25,0.75,0.75,0.0,0.75,0.0,0.25,1.0,0.0,0.0,1.0,0.0,0.25,0.0,0.25,1.0,0.75,1.0,0.75,0.75,1.0,0.25,0.25,0.75,1.0,0.75,0.75,0.0,0.75,1.0,0.0,0.0,0.0,1.0,0.75,0.67,0.67,0.67,0.0,0.25,0.25,0.25,0.25,0.5,0.5,0.75,0.5,0.5,0.5,0.75
1313,0.83,0.67,0.0,0.75,1.0,0.0,0.83,0.25,1.0,1.0,0.75,0.25,0.0,0.75,1.0,0.25,0.25,1.0,1.0,0.0,0.75,0.75,0.75,0.0,1.0,0.0,0.0,1.0,0.75,1.0,0.0,0.0,0.0,0.75,0.25,0.25,0.25,0.75,0.75,0.25,0.25,0.75,0.0,0.75,0.75,1.0,0.75,0.75,0.0,0.75,0.75,0.25,1.0,1.0,0.75,0.75,0.25,0.75,0.25,0.75,0.67,0.33,0.33,0.0,0.75,0.75,0.75,0.5,0.5,0.5,0.75,0.5,0.25,0.75,0.75
1314,0.0,0.0,0.0,1.0,1.0,0.0,1.0,0.0,1.0,1.0,0.0,0.0,1.0,0.0,0.25,0.25,1.0,0.0,1.0,0.0,1.0,0.75,1.0,0.0,1.0,0.0,0.0,1.0,0.75,1.0,0.75,0.0,0.0,1.0,1.0,0.25,1.0,1.0,0.0,1.0,1.0,0.25,1.0,1.0,1.0,1.0,0.0,0.75,0.0,1.0,0.75,1.0,1.0,1.0,0.75,1.0,1.0,1.0,0.0,0.25,0.17,0.33,1.0,0.75,0.75,1.0,1.0,1.0,0.0,0.5,1.0,1.0,0.0,1.0,0.25
1315,0.0,0.0,0.0,1.0,1.0,0.0,1.0,0.0,1.0,1.0,0.0,0.0,1.0,0.0,0.75,1.0,1.0,0.0,1.0,0.0,1.0,1.0,1.0,0.0,1.0,0.0,0.0,1.0,0.75,1.0,1.0,0.0,0.0,1.0,1.0,0.0,1.0,1.0,0.0,1.0,1.0,0.25,1.0,1.0,1.0,1.0,0.0,0.75,0.0,1.0,0.75,1.0,1.0,1.0,1.0,1.0,1.0,1.0,0.0,0.25,0.0,0.83,1.0,1.0,0.75,1.0,1.0,1.0,0.0,0.5,1.0,1.0,0.0,1.0,0.25
1316,0.0,0.17,0.0,1.0,0.75,0.0,0.83,0.0,1.0,1.0,0.0,0.0,1.0,0.25,0.75,0.25,1.0,0.25,1.0,0.25,1.0,1.0,0.75,0.0,0.75,0.0,0.0,1.0,0.75,1.0,0.25,0.0,0.0,1.0,0.75,0.25,1.0,0.75,0.25,1.0,1.0,0.25,0.75,1.0,1.0,1.0,0.0,0.75,0.25,0.75,0.75,0.75,0.75,1.0,0.75,0.75,1.0,1.0,0.0,0.25,0.17,0.5,0.67,0.75,0.75,1.0,1.0,0.75,0.0,0.5,1.0,0.75,0.25,0.75,0.0
1319,0.0,1.0,0.83,0.0,1.0,1.0,0.0,0.75,0.0,0.0,1.0,1.0,0.0,1.0,0.75,0.0,0.0,0.75,0.0,0.0,0.0,0.0,0.0,1.0,0.0,1.0,1.0,0.75,0.25,0.0,0.0,1.0,1.0,0.0,0.0,1.0,0.0,0.25,1.0,0.0,0.25,1.0,0.0,0.0,0.0,0.25,1.0,0.0,0.75,1.0,0.0,0.0,0.0,0.0,0.0,0.0,0.0,0.0,1.0,1.0,1.0,1.0,0.17,0.0,1.0,0.0,0.0,0.0,0.75,0.5,0.5,0.0,0.75,0.5,0.75
1320,0.83,0.33,0.0,0.25,1.0,0.0,0.33,0.75,0.75,0.75,1.0,0.75,0.25,1.0,1.0,0.75,0.25,0.75,0.0,0.0,0.75,0.0,0.0,0.0,0.75,0.75,0.0,1.0,0.75,0.0,1.0,0.25,0.25,1.0,0.0,1.0,0.0,0.0,1.0,0.0,0.25,1.0,0.0,0.25,0.75,1.0,0.75,1.0,1.0,0.0,1.0,0.0,0.25,0.75,1.0,0.0,0.75,0.25,1.0,1.0,0.83,0.83,0.67,0.0,1.0,0.25,1.0,0.5,0.5,0.5,0.75,0.25,0.5,0.5,0.5
1321,0.5,0.33,0.0,0.75,0.25,0.0,0.33,0.75,0.0,0.0,1.0,0.75,0.0,0.25,0.75,0.0,0.0,0.25,0.25,0.0,1.0,1.0,0.25,0.75,0.25,0.25,0.0,1.0,0.75,0.75,0.25,0.0,0.0,1.0,0.0,1.0,0.0,0.0,1.0,0.0,0.25,1.0,0.25,0.75,0.75,0.25,0.75,0.0,0.0,0.0,0.75,0.75,0.25,0.0,1.0,0.0,1.0,0.0,0.75,1.0,0.83,0.83,0.17,0.0,0.75,0.25,1.0,0.75,0.75,0.75,0.75,0.25,0.75,0.75,0.75
1333,0.0,1.0,1.0,0.0,0.0,1.0,0.0,1.0,0.0,0.0,1.0,1.0,0.0,1.0,0.0,0.0,0.0,0.25,0.0,0.0,0.75,0.0,0.0,1.0,0.0,1.0,1.0,1.0,0.0,0.0,0.0,1.0,1.0,0.0,0.0,1.0,0.0,0.0,1.0,0.0,0.0,1.0,0.0,0.0,0.0,0.0,1.0,0.0,0.25,0.0,0.0,0.0,0.0,0.0,0.0,0.0,0.0,0.0,1.0,1.0,1.0,0.67,0.17,0.0,0.75,0.0,0.0,0.0,1.0,0.75,0.5,0.0,1.0,0.25,0.5
1351,0.67,0.5,0.33,0.25,0.75,0.75,0.83,0.25,1.0,1.0,0.75,0.25,0.0,0.0,0.75,0.0,0.75,0.0,0.75,0.0,1.0,0.75,0.0,0.75,0.25,0.25,0.25,0.0,0.0,0.75,0.75,0.25,0.0,0.75,0.25,0.25,0.75,0.75,0.0,0.25,1.0,0.75,0.25,1.0,0.25,1.0,0.25,0.0,0.0,1.0,1.0,1.0,1.0,1.0,1.0,0.0,0.25,0.25,0.75,1.0,0.33,0.67,0.83,0.0,0.0,0.75,0.25,0.5,0.5,0.5,0.75,0.5,0.5,0.75,0.75
1352,1.0,0.5,0.83,0.25,0.0,0.25,0.5,0.25,0.25,0.75,0.25,0.75,0.25,0.25,1.0,0.75,0.75,0.75,0.75,0.0,1.0,0.75,0.0,1.0,0.0,0.75,0.75,1.0,0.25,1.0,0.0,0.25,0.0,0.0,0.75,0.75,0.25,1.0,0.75,0.75,1.0,0.25,1.0,0.75,0.25,1.0,0.25,0.0,0.25,1.0,0.75,0.75,0.75,0.75,0.0,0.25,0.25,0.25,0.75,1.0,0.0,0.33,0.67,0.0,0.0,0.75,0.75,0.25,0.25,0.75,1.0,0.5,0.5,0.5,0.75
1364,0.67,0.5,0.0,0.75,1.0,0.0,0.33,1.0,0.25,1.0,1.0,0.75,0.25,1.0,1.0,0.0,0.0,0.0,0.25,0.25,0.75,0.75,0.0,0.0,0.25,0.75,0.0,1.0,1.0,0.25,1.0,0.25,0.25,1.0,0.0,1.0,0.0,0.0,1.0,0.0,0.25,1.0,0.0,0.75,0.75,0.75,0.75,0.25,0.25,0.0,0.25,0.25,0.75,0.25,0.25,0.25,0.75,0.25,1.0,1.0,0.83,1.0,0.67,0.0,1.0,0.25,0.75,0.5,0.5,0.75,1.0,0.5,0.75,0.75,0.5
1366,0.5,0.17,0.17,0.75,1.0,0.0,0.67,1.0,1.0,0.75,1.0,0.25,1.0,1.0,1.0,1.0,0.0,1.0,0.75,0.0,1.0,0.25,0.75,0.0,0.75,0.25,0.25,1.0,1.0,0.0,1.0,0.25,0.0,1.0,0.25,1.0,0.0,0.25,1.0,0.0,0.75,1.0,0.25,1.0,1.0,1.0,0.75,1.0,0.75,0.0,1.0,0.75,0.75,1.0,1.0,1.0,1.0,0.0,0.0,0.75,0.83,0.83,0.33,0.0,1.0,0.0,0.75,0.5,0.25,0.5,1.0,0.5,0.25,0.75,0.25
1371,0.33,1.0,0.17,0.25,0.75,1.0,0.33,1.0,0.75,0.25,0.25,0.75,0.0,0.25,0.75,0.0,0.25,0.75,0.75,0.25,0.75,0.25,0.0,0.75,0.0,0.75,0.75,0.25,0.75,0.25,0.25,0.75,0.25,0.25,0.25,0.75,0.0,0.75,1.0,0.25,0.75,0.25,0.25,0.25,0.0,0.75,1.0,0.75,0.25,0.75,0.25,0.75,0.0,0.75,0.25,0.0,0.75,0.0,1.0,0.75,0.83,0.83,0.33,0.0,1.0,0.25,1.0,0.5,0.75,0.75,1.0,0.75,1.0,0.5,0.75
1374,1.0,1.0,1.0,0.0,0.25,1.0,0.83,0.0,0.0,0.0,0.0,0.0,0.0,0.0,0.25,0.25,0.75,0.75,0.75,0.0,0.25,1.0,0.0,1.0,0.0,1.0,1.0,0.0,0.0,0.0,0.0,1.0,0.0,1.0,1.0,1.0,1.0,1.0,0.0,0.0,0.75,0.0,0.0,0.0,0.0,1.0,1.0,0.0,1.0,0.0,0.0,0.0,0.0,1.0,0.0,0.0,0.0,0.0,1.0,1.0,0.17,0.83,1.0,0.0,0.75,0.75,0.0,0.0,1.0,1.0,0.5,0.5,0.75,0.5,1.0
1375,0.17,0.17,0.0,0.25,0.75,1.0,0.67,0.25,0.25,1.0,0.25,0.75,0.75,0.25,0.75,0.25,0.75,0.75,0.25,0.0,1.0,0.75,0.0,1.0,0.25,0.75,1.0,0.75,0.25,1.0,0.75,0.75,0.0,0.75,0.75,0.75,0.0,1.0,1.0,1.0,1.0,0.25,1.0,0.25,0.0,1.0,1.0,0.0,0.75,1.0,0.75,0.25,0.0,0.25,0.25,0.75,0.25,0.0,0.75,1.0,0.83,0.17,0.33,0.0,0.75,0.25,0.75,0.0,0.5,0.75,1.0,0.25,0.75,0.75,0.75
1386,0.0,0.0,0.0,1.0,1.0,0.0,1.0,0.0,1.0,1.0,0.0,0.0,1.0,0.0,1.0,0.75,1.0,0.0,1.0,0.0,1.0,1.0,1.0,0.0,1.0,0.0,0.0,1.0,0.25,1.0,1.0,0.0,0.0,1.0,1.0,0.0,1.0,0.75,0.25,1.0,1.0,0.0,1.0,1.0,1.0,1.0,0.0,1.0,0.0,1.0,1.0,1.0,1.0,1.0,0.0,1.0,1.0,1.0,0.0,0.0,0.0,0.33,1.0,1.0,0.0,1.0,1.0,1.0,0.0,0.0,1.0,1.0,0.0,1.0,0.25
1391,0.33,0.33,0.17,0.75,0.75,0.0,0.67,0.75,0.75,1.0,0.75,0.0,0.25,0.75,0.75,0.75,0.0,0.25,0.75,0.0,0.75,0.75,0.75,0.0,0.25,0.25,0.0,1.0,0.75,0.75,0.75,0.75,0.75,1.0,0.0,1.0,0.0,0.25,0.75,0.75,0.0,0.75,0.0,1.0,1.0,1.0,0.0,1.0,0.0,0.75,1.0,1.0,1.0,0.75,0.25,0.75,1.0,0.75,0.75,0.25,0.83,1.0,0.83,0.25,0.75,0.75,1.0,0.75,0.5,0.5,1.0,0.5,0.0,0.5,0.25
1393,0.67,0.17,0.17,0.75,1.0,0.0,0.83,1.0,1.0,1.0,1.0,0.25,0.75,0.75,1.0,0.0,0.25,0.75,0.75,0.0,0.75,0.25,0.75,0.0,0.75,0.25,0.25,1.0,1.0,1.0,0.75,0.25,0.25,1.0,0.25,1.0,0.0,0.25,1.0,0.25,1.0,0.0,0.25,1.0,1.0,1.0,0.0,1.0,0.0,1.0,1.0,1.0,1.0,1.0,1.0,1.0,1.0,0.75,0.75,0.75,0.83,0.83,1.0,0.0,0.75,0.75,1.0,0.5,0.5,0.5,0.5,0.5,0.0,0.5,0.0
1399,0.0,0.0,0.0,1.0,0.75,0.0,1.0,0.0,1.0,1.0,0.0,0.0,1.0,0.0,0.25,0.75,1.0,0.0,1.0,0.25,1.0,0.75,1.0,0.0,1.0,0.0,0.0,1.0,0.0,1.0,0.25,0.0,0.0,1.0,1.0,0.0,1.0,1.0,0.0,1.0,1.0,0.0,1.0,1.0,1.0,1.0,0.0,1.0,0.0,1.0,1.0,1.0,1.0,1.0,0.0,0.25,1.0,1.0,0.0,0.0,0.0,0.67,1.0,0.75,0.0,1.0,1.0,1.0,0.0,0.5,1.0,0.75,0.0,1.0,0.5
1405,0.17,0.17,0.17,1.0,0.75,0.0,1.0,0.0,1.0,1.0,0.25,0.0,1.0,0.0,0.25,0.25,1.0,0.25,1.0,0.25,0.75,0.75,1.0,0.0,1.0,0.0,0.0,1.0,0.0,1.0,0.75,0.0,0.0,0.25,1.0,0.25,1.0,0.75,0.0,0.25,0.75,0.25,1.0,1.0,1.0,1.0,0.0,0.75,0.0,1.0,1.0,1.0,1.0,1.0,0.0,0.75,1.0,1.0,0.0,0.75,0.0,0.5,1.0,0.25,0.0,1.0,0.75,0.75,0.0,0.5,0.75,0.75,0.0,0.75,0.5
1407,1.0,0.67,0.17,0.75,0.0,0.0,0.67,0.0,1.0,0.0,1.0,1.0,0.0,0.0,1.0,0.0,0.0,1.0,1.0,0.0,0.0,1.0,0.0,0.0,0.25,0.0,0.0,1.0,0.0,1.0,0.0,0.0,0.0,0.0,0.0,1.0,0.0,0.0,0.0,0.75,1.0,0.75,0.75,1.0,1.0,1.0,0.0,0.75,0.25,1.0,0.25,0.0,0.75,1.0,0.75,0.0,0.0,0.75,1.0,0.25,0.67,0.83,0.83,0.0,1.0,0.25,0.75,0.25,0.75,0.75,1.0,0.25,0.25,0.75,0.5
1408,0.0,0.0,0.0,1.0,1.0,0.0,1.0,0.0,1.0,1.0,0.0,0.0,1.0,0.0,0.75,0.25,1.0,0.0,1.0,0.25,1.0,1.0,1.0,0.0,1.0,0.0,0.0,1.0,0.75,1.0,0.75,0.0,0.0,1.0,1.0,0.0,1.0,1.0,0.0,1.0,1.0,0.25,0.75,1.0,1.0,1.0,0.0,1.0,0.0,1.0,1.0,1.0,1.0,1.0,0.25,1.0,1.0,1.0,0.0,0.0,0.0,0.5,1.0,0.75,0.0,1.0,1.0,0.75,0.0,0.5,1.0,0.75,0.0,1.0,0.5
1409,0.83,1.0,0.67,0.0,1.0,0.0,0.33,0.75,0.0,1.0,0.0,1.0,0.0,0.0,0.0,0.0,1.0,0.0,1.0,0.0,0.0,0.0,0.0,0.0,0.0,1.0,0.0,1.0,1.0,0.0,1.0,1.0,0.0,1.0,0.0,1.0,0.75,0.0,0.0,0.75,1.0,0.0,0.0,1.0,0.0,1.0,1.0,0.0,0.75,0.75,0.75,0.25,0.0,0.0,0.25,0.0,0.75,0.0,1.0,0.75,1.0,0.83,1.0,0.0,1.0,0.75,1.0,0.75,0.25,0.75,0.5,0.5,0.5,0.75,0.75
1410,0.17,0.33,0.0,0.0,1.0,0.0,0.17,1.0,0.25,0.25,1.0,0.75,0.0,1.0,1.0,1.0,0.0,0.25,0.0,0.0,0.0,1.0,0.75,0.0,0.0,0.25,0.0,1.0,0.75,0.0,0.75,1.0,0.75,1.0,0.0,1.0,0.0,0.0,1.0,0.0,0.0,1.0,0.0,1.0,1.0,0.25,1.0,1.0,0.25,0.0,1.0,0.25,1.0,0.0,1.0,0.0,0.0,0.25,1.0,1.0,0.83,0.83,0.17,0.0,1.0,0.0,0.0,0.25,0.75,0.5,0.75,0.25,0.5,0.5,0.25
1411,0.67,0.0,0.0,1.0,1.0,0.0,0.33,1.0,1.0,1.0,1.0,0.25,0.0,0.75,1.0,0.75,0.25,0.25,0.25,0.0,0.25,0.0,1.0,0.0,0.75,0.25,0.0,1.0,1.0,1.0,1.0,1.0,1.0,1.0,1.0,1.0,0.25,0.25,1.0,0.25,0.75,1.0,0.75,0.75,0.75,1.0,0.75,0.75,0.25,0.25,1.0,0.25,0.25,0.75,1.0,1.0,0.75,0.25,0.25,0.25,0.83,1.0,0.5,0.0,0.75,0.75,0.75,0.5,0.25,0.75,0.75,0.25,0.5,0.5,0.0
1412,0.83,0.5,0.33,0.75,1.0,0.0,0.17,0.75,0.25,0.0,1.0,0.75,0.0,0.75,0.75,0.0,0.0,0.25,0.25,0.0,0.75,0.75,0.75,0.25,0.0,0.75,0.25,1.0,0.75,0.25,0.25,0.75,0.75,1.0,0.25,1.0,0.25,0.0,1.0,0.25,0.25,1.0,0.0,0.75,0.25,0.75,0.75,0.0,0.25,0.0,0.75,0.25,0.75,0.25,1.0,0.25,0.25,0.25,1.0,1.0,1.0,0.83,0.17,0.0,0.75,0.25,0.75,0.5,0.5,0.75,0.75,0.25,0.5,0.5,0.5
1417,0.5,0.67,0.5,0.25,0.75,0.0,0.5,0.75,1.0,1.0,1.0,0.0,0.75,0.0,0.75,0.25,0.0,1.0,0.75,0.0,0.25,0.75,1.0,0.0,0.75,0.0,0.0,1.0,0.25,1.0,0.75,0.0,0.25,0.25,0.75,0.75,0.25,1.0,0.0,0.75,0.75,1.0,1.0,1.0,0.75,1.0,0.25,0.25,0.0,1.0,0.25,0.25,0.75,0.75,0.75,0.0,1.0,0.75,0.75,0.25,0.33,0.33,0.67,0.0,0.75,1.0,0.75,0.5,0.0,0.5,0.5,0.5,0.25,0.75,0.25
1426,0.0,0.33,0.33,0.75,0.25,0.0,0.33,0.75,1.0,1.0,1.0,0.0,0.25,0.0,0.0,0.0,0.0,1.0,0.0,0.25,0.25,0.75,0.25,0.0,0.25,0.0,0.0,1.0,0.25,0.75,0.25,0.25,0.25,0.0,0.0,0.75,0.0,1.0,0.0,0.75,0.75,1.0,0.75,0.75,1.0,0.75,0.0,0.0,0.75,0.75,0.75,0.75,0.25,0.75,0.75,0.0,1.0,0.75,0.25,0.25,0.67,0.67,0.5,0.0,0.75,0.75,1.0,0.75,0.25,0.5,0.75,0.5,0.25,0.75,0.25
1427,0.17,0.0,0.0,1.0,1.0,0.0,0.83,0.75,0.75,1.0,1.0,0.0,1.0,0.75,1.0,1.0,0.25,0.75,1.0,0.0,1.0,0.75,1.0,0.0,1.0,0.0,0.0,1.0,1.0,0.75,0.75,0.25,0.0,1.0,0.25,1.0,0.25,0.25,1.0,0.25,0.75,1.0,0.0,1.0,1.0,1.0,0.0,1.0,0.0,0.75,1.0,1.0,1.0,1.0,1.0,0.75,1.0,0.75,0.0,0.25,0.83,1.0,1.0,0.75,0.75,0.75,1.0,0.75,0.0,0.5,1.0,0.75,0.0,1.0,0.0
1428,0.0,0.17,0.0,1.0,1.0,0.0,1.0,0.0,1.0,1.0,0.25,0.0,1.0,0.0,1.0,0.75,1.0,0.0,1.0,0.0,1.0,1.0,1.0,0.0,1.0,0.0,0.0,1.0,1.0,1.0,1.0,0.0,0.0,1.0,1.0,0.0,1.0,1.0,0.0,1.0,1.0,0.75,1.0,1.0,1.0,1.0,0.0,0.0,0.0,1.0,1.0,1.0,1.0,1.0,0.0,1.0,1.0,1.0,0.25,0.25,0.0,0.67,1.0,1.0,0.0,1.0,1.0,1.0,0.0,0.5,1.0,1.0,0.0,1.0,0.5
1429,0.0,0.0,0.0,1.0,1.0,0.0,1.0,0.0,1.0,1.0,0.0,0.0,1.0,0.0,0.75,0.75,1.0,0.0,1.0,0.0,1.0,1.0,1.0,0.0,1.0,0.0,0.0,1.0,1.0,1.0,1.0,0.0,0.0,1.0,1.0,0.0,1.0,1.0,0.0,1.0,1.0,0.75,1.0,1.0,1.0,1.0,0.0,0.0,0.0,1.0,1.0,1.0,1.0,1.0,0.0,1.0,1.0,1.0,0.0,0.0,0.0,0.33,1.0,0.25,0.0,1.0,1.0,1.0,0.0,0.25,1.0,1.0,0.0,1.0,0.75
1430,0.17,0.0,0.0,0.75,1.0,0.0,1.0,0.0,1.0,1.0,0.0,0.0,1.0,0.0,1.0,0.75,1.0,0.25,1.0,0.25,1.0,1.0,1.0,0.0,1.0,0.0,0.0,1.0,0.75,1.0,1.0,0.0,0.25,0.75,1.0,0.0,1.0,0.75,0.0,1.0,1.0,0.25,1.0,1.0,1.0,1.0,0.0,1.0,0.0,0.75,0.75,1.0,1.0,1.0,1.0,1.0,1.0,1.0,0.25,0.25,0.0,0.17,1.0,0.25,0.75,1.0,0.75,1.0,0.0,0.5,1.0,1.0,0.0,1.0,1.0
1431,0.5,0.17,0.0,1.0,1.0,0.0,0.83,0.0,1.0,1.0,0.25,0.0,1.0,0.0,0.75,0.75,1.0,0.0,1.0,0.0,1.0,1.0,1.0,0.0,1.0,0.0,0.0,1.0,0.75,1.0,0.75,0.0,0.0,1.0,1.0,0.0,1.0,1.0,0.0,1.0,1.0,0.25,1.0,1.0,1.0,1.0,0.0,0.75,0.0,1.0,0.75,1.0,1.0,1.0,0.75,1.0,1.0,1.0,0.0,0.25,0.17,0.5,0.83,1.0,0.25,1.0,1.0,1.0,0.25,0.25,1.0,1.0,0.25,0.75,0.5
1432,0.0,0.0,0.0,1.0,1.0,0.0,1.0,0.0,1.0,1.0,0.0,0.0,1.0,0.0,0.75,0.75,1.0,0.0,1.0,0.0,1.0,1.0,1.0,0.0,1.0,0.0,0.0,1.0,0.75,1.0,1.0,0.0,0.0,1.0,1.0,0.0,1.0,1.0,0.0,1.0,1.0,1.0,1.0,1.0,1.0,1.0,0.0,1.0,0.0,1.0,0.75,1.0,1.0,1.0,0.75,1.0,1.0,1.0,0.25,0.25,0.0,0.67,1.0,1.0,0.0,1.0,1.0,1.0,0.0,0.5,1.0,1.0,0.0,1.0,0.5
1434,0.67,0.67,0.17,0.0,0.0,0.0,0.17,1.0,0.0,0.0,1.0,0.75,0.0,0.75,0.0,1.0,0.0,0.75,0.0,0.0,0.75,0.25,0.0,0.25,0.0,0.75,0.75,0.25,0.75,0.0,1.0,1.0,0.25,1.0,0.0,1.0,0.0,0.25,1.0,0.0,0.25,1.0,0.0,0.0,0.0,0.25,0.75,0.0,0.0,0.0,0.25,0.25,0.25,0.0,0.0,0.0,0.0,0.0,1.0,0.75,1.0,0.67,0.17,0.0,1.0,0.0,0.75,0.25,0.5,0.5,0.75,0.0,0.5,0.5,0.5
1446,0.33,0.67,0.5,0.75,0.0,0.0,0.67,0.0,1.0,0.25,1.0,0.0,0.25,0.0,0.75,0.75,0.0,1.0,0.75,0.0,0.25,0.25,0.25,0.0,0.25,0.0,0.25,1.0,0.25,1.0,0.25,0.25,0.0,0.0,0.25,0.75,0.25,1.0,0.0,0.75,1.0,0.75,1.0,0.75,0.75,1.0,0.75,0.25,0.25,1.0,0.25,0.25,1.0,1.0,0.75,0.0,0.75,0.25,1.0,1.0,0.33,0.5,0.33,0.0,0.75,0.75,0.75,0.5,0.5,0.5,0.5,0.5,0.5,0.75,0.5
1447,0.17,0.17,0.5,0.75,0.75,0.25,0.5,0.0,1.0,1.0,0.75,0.25,0.75,0.0,0.25,0.25,0.0,1.0,0.75,0.0,0.75,0.0,1.0,0.25,0.25,0.75,0.75,0.75,0.0,0.75,0.25,0.25,0.25,0.0,0.25,0.75,0.0,0.75,0.0,0.75,1.0,0.25,1.0,1.0,1.0,1.0,0.75,0.75,0.25,1.0,1.0,1.0,0.75,0.75,0.0,0.0,0.25,0.25,0.75,0.75,0.33,0.67,0.83,0.0,0.25,0.75,0.75,0.25,0.5,0.5,0.5,0.75,0.25,1.0,0.75
1448,0.33,0.33,0.17,0.25,1.0,0.0,0.5,0.75,0.75,1.0,1.0,0.0,0.75,0.0,0.0,0.0,0.75,1.0,1.0,0.0,0.0,0.25,0.75,0.0,1.0,0.25,0.25,1.0,0.75,1.0,0.75,0.25,0.25,0.25,0.25,1.0,0.25,0.75,0.0,0.25,0.75,0.25,0.25,1.0,0.75,0.75,0.25,0.75,0.75,1.0,0.75,0.25,0.75,0.75,0.75,0.75,1.0,1.0,0.75,0.25,0.67,0.67,0.83,0.25,0.75,1.0,0.75,0.5,0.5,0.5,0.5,0.5,0.5,0.5,0.5
1454,0.17,0.17,0.0,0.75,1.0,0.0,0.17,1.0,0.75,1.0,0.75,0.75,0.25,0.0,1.0,0.75,0.25,0.25,0.0,0.0,0.75,0.25,1.0,0.0,0.0,0.0,0.0,1.0,0.75,0.75,1.0,0.75,0.0,1.0,0.0,1.0,0.0,0.0,1.0,0.0,0.0,1.0,0.0,0.75,0.75,1.0,0.25,0.0,0.75,0.0,0.75,0.25,0.75,0.25,1.0,0.75,1.0,0.75,0.25,0.25,1.0,1.0,0.17,0.0,1.0,0.0,1.0,0.5,0.5,0.75,0.75,0.25,0.5,0.5,0.25
1456,0.0,0.17,0.0,1.0,1.0,0.0,1.0,0.0,1.0,1.0,0.0,0.0,1.0,0.0,0.75,0.0,1.0,0.0,1.0,0.25,1.0,1.0,1.0,0.0,1.0,0.0,0.0,1.0,0.75,1.0,0.75,0.0,0.0,1.0,1.0,0.0,1.0,1.0,0.0,1.0,1.0,0.25,0.75,0.75,1.0,1.0,0.0,0.75,0.0,1.0,1.0,1.0,1.0,1.0,1.0,0.75,1.0,1.0,0.0,0.25,0.17,0.5,0.83,0.25,0.25,1.0,1.0,0.75,0.0,0.5,1.0,1.0,0.25,0.75,0.25
1458,0.0,0.0,0.0,1.0,1.0,0.0,0.83,0.0,1.0,1.0,0.25,0.0,0.75,0.0,1.0,0.25,0.75,1.0,1.0,0.25,0.75,1.0,1.0,0.0,0.75,0.0,0.0,1.0,0.75,1.0,1.0,0.25,0.0,0.25,1.0,0.75,0.75,0.75,0.0,1.0,0.75,0.25,0.25,0.75,0.25,1.0,0.75,0.25,1.0,0.75,0.25,0.25,0.75,1.0,1.0,0.75,0.0,1.0,0.0,0.75,0.33,0.83,0.83,0.25,0.75,1.0,1.0,0.5,0.0,0.25,0.75,0.75,0.5,0.5,0.5
1463,0.67,0.67,0.17,0.75,0.75,0.25,0.33,0.75,1.0,0.75,0.75,0.0,0.25,0.25,1.0,0.25,0.25,0.25,0.75,0.0,1.0,0.75,0.75,0.25,0.25,0.25,0.25,1.0,0.75,0.75,0.75,0.25,0.25,0.75,0.25,0.75,0.0,0.25,0.75,0.25,0.75,0.75,0.25,1.0,1.0,1.0,0.0,0.25,0.25,1.0,0.75,0.75,1.0,0.25,0.75,0.25,0.75,0.25,0.75,1.0,0.67,0.67,0.67,0.25,0.75,1.0,1.0,0.5,0.5,0.5,0.5,0.5,0.5,0.75,0.5
1464,0.33,0.17,0.17,1.0,1.0,0.0,0.83,0.0,1.0,1.0,0.0,0.0,1.0,1.0,1.0,0.0,1.0,1.0,1.0,0.0,1.0,1.0,1.0,0.0,1.0,0.0,0.0,1.0,0.0,1.0,1.0,0.0,0.0,1.0,1.0,1.0,1.0,0.0,0.0,1.0,1.0,0.25,0.0,1.0,1.0,1.0,0.0,1.0,0.0,1.0,1.0,1.0,1.0,1.0,1.0,1.0,1.0,1.0,0.0,1.0,0.67,0.67,1.0,0.0,0.0,1.0,1.0,0.75,0.5,0.5,1.0,1.0,0.25,1.0,0.75
1479,0.0,0.0,0.0,1.0,1.0,0.0,1.0,0.0,1.0,1.0,0.25,0.0,1.0,0.0,1.0,0.75,1.0,1.0,1.0,0.75,1.0,1.0,1.0,0.0,1.0,0.0,0.0,1.0,1.0,1.0,1.0,0.0,0.0,1.0,1.0,1.0,1.0,1.0,0.25,0.75,1.0,1.0,0.75,1.0,1.0,1.0,0.0,1.0,0.0,1.0,1.0,1.0,1.0,1.0,0.0,1.0,1.0,1.0,0.0,0.0,0.0,1.0,1.0,0.0,0.0,1.0,0.25,1.0,0.0,0.25,1.0,1.0,0.0,1.0,1.0
1484,0.5,0.5,0.0,0.0,1.0,0.25,0.0,0.75,0.0,0.0,0.75,1.0,0.0,1.0,1.0,1.0,0.0,1.0,0.0,0.0,0.0,1.0,0.0,1.0,0.0,0.0,0.0,1.0,1.0,0.0,1.0,1.0,0.0,1.0,0.0,1.0,0.0,0.0,1.0,0.0,0.25,1.0,0.0,0.0,0.0,0.75,1.0,0.0,0.25,0.0,0.0,0.0,0.25,0.0,0.0,0.0,1.0,0.75,1.0,1.0,1.0,1.0,0.5,0.0,1.0,0.0,0.0,0.0,0.25,0.5,0.5,0.25,0.5,0.5,0.5
1487,0.0,0.17,0.67,1.0,1.0,0.25,0.83,0.0,1.0,1.0,0.0,0.0,1.0,0.0,1.0,0.75,1.0,0.25,1.0,0.25,1.0,1.0,1.0,0.0,1.0,0.0,0.0,1.0,0.25,1.0,1.0,0.0,0.0,1.0,1.0,1.0,1.0,1.0,0.25,0.75,1.0,0.25,1.0,1.0,1.0,1.0,0.0,0.0,0.0,1.0,0.25,1.0,1.0,1.0,0.0,0.75,1.0,1.0,0.0,0.25,0.0,0.33,1.0,0.0,0.0,1.0,1.0,0.5,0.25,0.25,1.0,0.75,0.25,1.0,1.0
1509,0.0,0.0,0.0,1.0,1.0,0.0,1.0,0.0,1.0,1.0,0.0,0.0,1.0,0.0,1.0,1.0,1.0,0.0,1.0,0.0,1.0,1.0,1.0,0.0,1.0,0.0,0.0,1.0,0.25,1.0,1.0,0.0,0.0,1.0,1.0,0.0,1.0,1.0,0.0,1.0,1.0,0.75,1.0,1.0,1.0,1.0,0.0,1.0,0.0,1.0,1.0,1.0,1.0,1.0,0.75,1.0,1.0,1.0,0.0,0.0,0.0,0.67,1.0,0.75,0.0,1.0,1.0,0.75,0.0,0.5,1.0,0.75,0.0,1.0,0.5
1515,0.0,0.17,0.17,1.0,1.0,0.0,1.0,0.0,1.0,1.0,0.0,0.0,1.0,0.0,1.0,0.25,0.75,0.25,1.0,0.25,1.0,0.75,1.0,0.0,1.0,0.0,0.0,1.0,0.25,1.0,1.0,0.0,0.0,1.0,1.0,0.0,1.0,1.0,0.25,1.0,1.0,0.25,1.0,1.0,1.0,1.0,0.0,1.0,0.0,1.0,1.0,1.0,1.0,1.0,0.75,0.75,1.0,1.0,0.0,0.25,0.0,0.67,1.0,0.75,0.0,1.0,1.0,1.0,0.25,0.5,1.0,0.75,0.25,1.0,0.5
1527,0.0,0.0,0.0,1.0,1.0,0.0,0.83,0.0,1.0,1.0,0.0,0.0,1.0,0.0,1.0,0.75,1.0,0.75,1.0,0.0,1.0,0.75,1.0,0.0,1.0,0.0,0.0,1.0,0.0,1.0,0.75,0.0,0.0,1.0,1.0,0.25,1.0,0.75,0.0,1.0,1.0,0.25,1.0,1.0,1.0,1.0,0.0,1.0,0.25,0.75,1.0,1.0,1.0,1.0,0.75,1.0,1.0,1.0,0.0,0.0,0.0,0.17,1.0,0.75,0.25,1.0,1.0,0.75,0.0,0.5,1.0,1.0,0.0,0.75,0.5
1530,0.0,0.0,0.0,1.0,1.0,0.0,1.0,0.0,1.0,1.0,0.0,0.0,1.0,0.0,1.0,0.25,1.0,0.25,1.0,0.0,1.0,1.0,1.0,0.0,1.0,0.0,0.0,1.0,1.0,1.0,1.0,0.0,0.0,1.0,1.0,0.0,1.0,1.0,0.0,1.0,1.0,0.25,1.0,1.0,1.0,1.0,0.0,1.0,0.0,1.0,1.0,1.0,1.0,1.0,0.25,1.0,1.0,1.0,0.0,0.0,0.0,0.67,1.0,0.25,0.0,1.0,0.75,0.75,0.0,0.75,1.0,0.75,0.0,1.0,0.5
1532,1.0,0.67,0.33,0.0,0.75,0.0,0.33,0.0,0.75,0.25,1.0,0.25,0.25,0.75,1.0,1.0,0.0,1.0,0.75,0.25,0.25,0.25,0.0,0.0,0.25,0.0,0.0,1.0,0.75,0.25,0.75,0.25,0.25,0.75,0.25,1.0,0.0,0.25,0.25,0.25,0.25,1.0,0.75,0.75,0.75,1.0,0.25,0.25,0.25,1.0,0.25,0.25,0.75,0.75,0.75,0.0,0.0,0.75,1.0,0.75,0.67,0.83,0.67,0.0,1.0,0.0,0.75,0.5,0.5,0.5,0.75,0.5,0.5,0.5,0.5
1540,0.17,0.0,0.67,0.75,0.25,0.0,0.67,1.0,1.0,0.75,1.0,0.25,0.0,1.0,1.0,1.0,0.75,1.0,0.0,0.0,1.0,0.75,1.0,0.0,0.0,1.0,0.0,0.75,0.25,0.75,0.25,0.0,0.0,0.0,0.0,0.75,0.0,0.25,0.0,0.0,0.75,1.0,0.75,0.75,1.0,1.0,0.25,1.0,0.75,1.0,0.0,0.75,0.75,0.25,0.0,1.0,1.0,0.25,1.0,1.0,0.67,0.83,0.83,0.0,1.0,0.25,0.75,0.5,0.5,0.5,0.75,0.5,0.25,0.5,0.5
1541,0.83,0.67,0.33,1.0,0.75,0.0,0.17,0.0,1.0,1.0,0.75,0.0,0.0,0.75,1.0,0.0,0.0,1.0,1.0,0.0,0.25,0.25,1.0,0.0,1.0,0.0,0.0,1.0,0.25,1.0,0.75,0.0,0.0,1.0,0.25,0.0,0.0,0.75,0.25,0.25,0.25,1.0,0.0,1.0,1.0,1.0,0.75,0.75,0.0,1.0,0.75,0.0,1.0,1.0,1.0,0.0,1.0,0.25,1.0,0.75,0.83,0.67,0.17,0.0,0.75,0.75,1.0,0.5,0.5,0.75,0.75,0.5,0.5,0.75,0.5
1542,0.33,0.33,0.33,0.25,1.0,0.25,0.67,0.75,0.75,1.0,0.0,0.25,0.25,0.25,1.0,0.75,0.75,0.25,1.0,0.25,0.75,0.75,0.0,0.25,0.75,0.75,0.25,1.0,1.0,1.0,0.75,0.25,0.25,0.25,0.25,0.75,0.0,0.75,1.0,0.75,0.75,0.25,0.75,1.0,0.75,1.0,1.0,0.0,0.0,1.0,0.25,0.25,1.0,1.0,0.25,0.25,1.0,0.0,0.75,0.0,0.67,0.67,0.33,0.0,0.75,0.75,0.75,0.5,0.5,0.5,0.75,0.5,0.75,0.75,0.75
1544,0.33,0.0,0.0,1.0,0.0,0.0,0.83,1.0,1.0,1.0,1.0,0.0,0.75,1.0,1.0,1.0,0.0,1.0,1.0,1.0,1.0,0.75,1.0,0.0,0.0,0.0,0.0,1.0,0.75,1.0,1.0,0.0,0.0,0.0,1.0,1.0,0.0,0.0,1.0,0.0,0.0,1.0,0.0,0.25,1.0,1.0,0.0,1.0,0.0,1.0,0.0,0.0,1.0,1.0,1.0,0.0,1.0,0.0,1.0,0.0,0.67,0.67,0.83,0.0,0.25,0.75,0.0,1.0,0.75,0.75,1.0,0.75,0.0,0.75,0.25
1545,0.83,0.17,0.17,1.0,0.75,0.0,0.83,0.75,1.0,1.0,1.0,0.0,1.0,0.0,1.0,0.0,1.0,0.75,1.0,0.25,1.0,0.75,1.0,0.0,0.75,0.0,0.0,1.0,0.75,1.0,0.0,0.0,0.0,1.0,1.0,0.75,0.75,0.75,0.0,0.75,1.0,0.25,1.0,1.0,1.0,1.0,0.0,1.0,0.0,0.75,1.0,0.75,1.0,1.0,0.75,0.75,1.0,1.0,0.25,1.0,0.33,0.67,1.0,0.75,0.25,1.0,1.0,0.75,0.0,0.5,0.75,0.75,0.0,1.0,0.5
1546,0.67,0.17,0.17,1.0,0.75,0.0,1.0,0.0,1.0,1.0,0.25,0.0,1.0,0.0,1.0,0.25,1.0,1.0,1.0,0.25,1.0,0.75,1.0,0.0,1.0,0.0,0.0,1.0,1.0,1.0,0.75,0.0,0.0,0.25,1.0,0.0,1.0,0.75,0.0,1.0,1.0,0.25,1.0,1.0,1.0,1.0,0.0,0.75,0.0,1.0,0.75,1.0,1.0,1.0,0.0,0.75,0.0,1.0,0.25,0.0,0.17,0.83,1.0,0.25,0.0,1.0,1.0,1.0,0.0,0.75,1.0,1.0,0.25,1.0,0.5
1547,0.0,0.0,0.0,1.0,1.0,0.0,1.0,0.0,1.0,1.0,0.0,0.0,1.0,0.0,1.0,0.75,1.0,0.0,1.0,0.0,1.0,1.0,1.0,0.0,1.0,0.0,0.0,1.0,0.75,1.0,0.75,0.0,0.0,1.0,1.0,0.25,1.0,1.0,0.0,1.0,1.0,0.75,1.0,1.0,1.0,1.0,0.0,0.75,0.0,1.0,0.75,1.0,1.0,1.0,0.75,1.0,1.0,1.0,0.0,0.25,0.17,0.5,1.0,0.75,0.75,1.0,1.0,1.0,0.0,0.5,1.0,1.0,0.0,1.0,0.0
1548,0.33,0.17,0.0,1.0,1.0,0.0,1.0,0.0,1.0,1.0,0.0,0.0,1.0,0.0,1.0,0.25,1.0,0.0,1.0,0.25,1.0,1.0,1.0,0.0,1.0,0.0,0.0,1.0,0.75,1.0,1.0,0.0,0.0,1.0,1.0,0.25,1.0,1.0,0.0,1.0,1.0,0.75,1.0,1.0,1.0,1.0,0.0,0.75,0.0,0.75,0.75,1.0,1.0,1.0,0.25,1.0,1.0,1.0,0.0,0.25,0.17,0.33,1.0,1.0,0.75,1.0,1.0,1.0,0.0,0.5,1.0,1.0,0.0,1.0,0.5
1549,1.0,0.17,0.17,0.25,1.0,0.0,0.17,0.25,0.0,0.0,1.0,0.25,0.0,0.25,1.0,0.75,1.0,0.25,0.25,0.0,0.25,0.75,0.75,0.0,0.0,0.25,0.0,1.0,1.0,1.0,1.0,0.25,0.0,1.0,1.0,1.0,0.25,0.0,0.0,1.0,0.25,0.75,0.0,0.0,0.75,1.0,0.0,0.0,0.25,1.0,0.0,0.25,0.0,0.75,1.0,0.0,0.75,0.0,0.25,0.75,1.0,0.83,0.33,0.0,0.75,1.0,1.0,0.75,0.5,0.5,0.75,0.75,0.5,0.5,0.5
1550,0.33,0.33,0.0,0.75,0.75,0.0,0.83,0.25,1.0,1.0,0.25,0.0,0.75,0.0,0.75,0.25,1.0,0.75,0.75,0.25,1.0,0.25,1.0,0.0,0.75,0.0,0.25,1.0,0.75,1.0,0.75,0.0,0.0,1.0,1.0,0.0,0.75,1.0,0.0,1.0,1.0,0.0,1.0,1.0,1.0,1.0,0.0,1.0,0.0,1.0,0.75,1.0,1.0,1.0,0.25,0.75,1.0,1.0,0.0,0.75,0.17,0.67,1.0,0.0,0.0,1.0,1.0,0.75,0.0,0.5,0.75,0.5,0.25,1.0,0.75
1553,0.83,0.17,0.0,1.0,1.0,0.0,1.0,1.0,1.0,1.0,1.0,0.0,0.75,0.75,1.0,1.0,0.75,0.75,1.0,0.0,1.0,0.25,0.75,0.0,0.75,0.0,0.0,1.0,0.75,0.75,1.0,0.0,0.75,1.0,0.75,1.0,0.25,0.25,1.0,0.25,0.25,1.0,0.25,1.0,1.0,1.0,0.0,1.0,0.0,0.25,0.75,1.0,1.0,1.0,0.0,0.75,1.0,1.0,0.75,0.75,0.5,0.83,1.0,0.0,1.0,1.0,1.0,0.5,0.0,0.75,1.0,0.5,0.0,1.0,0.0
1568,0.83,0.17,0.0,1.0,1.0,0.0,1.0,0.75,1.0,1.0,1.0,0.25,1.0,0.0,1.0,1.0,1.0,0.75,1.0,0.0,0.75,0.75,1.0,0.0,1.0,0.0,0.0,1.0,1.0,1.0,1.0,0.0,0.0,1.0,1.0,1.0,0.75,0.75,1.0,1.0,1.0,0.25,1.0,1.0,1.0,1.0,0.0,1.0,0.0,1.0,0.75,1.0,1.0,1.0,1.0,0.75,1.0,1.0,0.75,1.0,0.0,0.5,1.0,1.0,0.0,1.0,1.0,0.75,0.0,0.75,0.75,1.0,0.0,1.0,0.25
1569,0.67,0.0,0.0,0.75,1.0,0.0,0.17,1.0,0.0,0.25,1.0,0.25,0.0,1.0,0.75,0.0,0.0,0.25,0.0,0.0,1.0,0.75,0.75,0.0,0.0,0.25,0.0,1.0,1.0,0.0,0.0,0.25,0.75,1.0,0.0,1.0,0.0,0.0,1.0,0.0,0.0,1.0,0.0,0.75,1.0,0.75,0.25,0.0,0.25,0.0,0.0,1.0,0.25,0.0,0.75,0.0,0.75,0.0,1.0,1.0,1.0,1.0,0.0,0.0,1.0,0.25,0.75,0.25,0.5,0.75,1.0,0.5,1.0,1.0,0.5
1584,0.0,0.0,0.0,1.0,1.0,0.0,1.0,0.0,1.0,1.0,0.0,0.0,1.0,0.0,0.75,0.75,1.0,0.0,1.0,0.25,1.0,1.0,1.0,0.0,1.0,0.0,0.0,1.0,0.75,1.0,1.0,0.0,0.0,1.0,1.0,0.0,1.0,1.0,0.0,1.0,1.0,0.75,1.0,1.0,1.0,1.0,0.0,1.0,0.0,1.0,0.75,1.0,1.0,1.0,1.0,1.0,1.0,1.0,0.0,0.25,0.0,0.67,1.0,1.0,0.75,1.0,1.0,1.0,0.0,0.0,0.0,1.0,0.0,1.0,0.25
1592,1.0,0.17,0.83,0.25,1.0,0.75,0.83,0.75,0.25,0.75,0.0,0.25,0.75,0.25,1.0,0.0,0.75,1.0,0.75,0.0,0.75,0.25,0.0,0.75,0.0,0.75,0.0,1.0,0.75,0.75,1.0,1.0,0.25,0.75,0.75,1.0,0.25,0.25,1.0,0.25,0.0,1.0,0.25,0.75,0.0,1.0,0.75,0.25,0.25,0.25,1.0,0.25,0.75,1.0,0.75,0.0,0.0,0.0,0.75,1.0,0.67,1.0,0.0,0.0,0.75,1.0,0.25,0.5,0.25,0.75,1.0,0.25,0.75,0.5,0.25
1600,1.0,1.0,1.0,0.25,0.0,0.0,0.83,1.0,0.75,0.75,1.0,0.0,0.25,0.0,0.75,0.75,0.0,1.0,0.75,0.0,0.75,0.25,0.0,0.25,0.0,0.25,0.25,0.75,0.25,0.75,0.75,0.0,0.0,0.0,0.25,1.0,0.25,0.75,0.0,0.25,0.75,0.0,1.0,1.0,0.75,1.0,0.75,0.25,1.0,1.0,0.0,0.25,1.0,0.75,0.25,0.0,0.0,0.0,0.0,1.0,0.33,0.67,0.83,0.0,0.0,1.0,1.0,0.5,0.25,0.5,0.5,0.5,0.5,0.5,0.75
1611,0.67,0.33,0.0,0.75,1.0,0.0,0.83,1.0,1.0,0.75,0.75,0.25,0.0,1.0,1.0,1.0,0.0,0.75,1.0,0.0,0.25,0.0,0.75,0.0,1.0,0.75,0.0,1.0,1.0,1.0,1.0,0.0,0.0,1.0,0.75,1.0,0.0,0.25,0.75,0.0,0.0,1.0,0.0,1.0,1.0,1.0,0.0,1.0,0.0,1.0,1.0,0.75,1.0,1.0,0.0,1.0,1.0,0.75,0.75,1.0,0.83,0.83,0.83,0.0,0.75,0.75,1.0,0.5,0.25,0.5,0.75,0.5,0.5,0.75,0.25
1616,0.17,0.33,0.17,1.0,1.0,0.0,0.83,0.0,1.0,1.0,0.0,0.0,1.0,0.0,0.75,0.25,1.0,0.0,1.0,0.25,1.0,0.25,1.0,0.0,1.0,0.0,0.25,1.0,0.25,0.75,0.75,0.0,0.0,1.0,1.0,0.0,1.0,1.0,0.0,1.0,1.0,0.25,0.75,1.0,1.0,1.0,0.0,1.0,0.0,1.0,1.0,1.0,1.0,1.0,0.25,1.0,1.0,1.0,0.0,0.25,0.17,0.17,1.0,0.25,0.0,1.0,1.0,0.75,0.0,0.5,1.0,0.75,0.25,0.75,0.5
1618,0.0,0.0,0.0,1.0,1.0,0.0,1.0,0.0,1.0,1.0,0.0,0.0,1.0,0.0,1.0,0.25,1.0,0.0,1.0,0.75,1.0,1.0,1.0,0.0,1.0,0.0,0.0,1.0,0.75,1.0,0.75,0.0,0.0,1.0,1.0,0.0,1.0,1.0,0.0,1.0,1.0,0.0,1.0,1.0,1.0,1.0,0.0,1.0,0.0,1.0,1.0,1.0,1.0,1.0,0.0,1.0,1.0,1.0,0.0,0.0,0.0,0.5,1.0,0.75,0.0,1.0,0.25,1.0,0.0,0.25,1.0,1.0,0.0,1.0,0.5
1620,0.83,0.67,0.67,0.25,0.0,0.75,0.5,0.25,0.25,0.0,0.25,0.25,0.25,0.75,0.0,0.0,0.25,0.75,0.75,0.25,0.0,0.75,0.0,0.75,0.0,1.0,1.0,0.0,0.0,0.25,0.0,1.0,0.0,0.75,0.0,0.75,0.0,0.25,0.25,0.25,0.75,0.25,0.25,0.25,0.0,1.0,0.75,0.0,1.0,1.0,0.25,0.0,0.25,0.25,0.25,0.0,0.0,0.25,1.0,1.0,0.67,0.67,0.33,0.0,0.75,0.25,0.0,0.5,0.5,0.5,0.5,0.5,0.5,0.5,0.5
1621,0.0,0.67,0.17,1.0,1.0,0.0,0.5,0.75,1.0,1.0,0.75,0.25,0.0,1.0,0.25,1.0,0.0,0.75,0.75,0.0,0.75,0.75,0.0,0.0,0.75,0.25,0.0,1.0,0.75,0.75,1.0,0.75,0.0,1.0,0.25,0.25,0.0,0.25,0.25,0.25,0.25,1.0,0.75,1.0,1.0,1.0,0.75,0.75,0.25,1.0,0.75,0.75,1.0,1.0,0.0,0.0,1.0,0.75,0.75,0.75,0.83,0.83,0.83,0.0,1.0,0.75,0.75,0.5,0.25,0.5,0.75,0.5,0.5,0.5,0.5
1622,0.17,0.5,0.0,0.75,1.0,0.0,0.5,1.0,0.75,0.75,1.0,0.25,0.25,1.0,0.25,0.0,0.25,0.75,0.25,0.0,0.75,0.75,0.75,0.0,0.25,0.0,0.0,1.0,1.0,0.25,1.0,0.75,0.25,1.0,0.0,1.0,0.0,0.0,1.0,0.0,0.0,1.0,0.25,1.0,1.0,1.0,0.0,1.0,0.0,0.0,1.0,1.0,0.75,0.75,0.75,1.0,1.0,0.25,0.75,0.75,0.83,1.0,0.83,0.0,0.75,0.25,0.75,0.5,0.5,0.5,0.75,0.5,0.0,0.5,0.0
1625,0.17,0.0,0.0,1.0,1.0,0.0,1.0,0.0,1.0,1.0,0.25,0.0,1.0,0.0,1.0,0.25,1.0,0.25,1.0,0.25,1.0,1.0,1.0,0.0,1.0,0.0,0.0,1.0,0.75,1.0,1.0,0.0,0.0,1.0,1.0,0.0,1.0,1.0,0.0,1.0,1.0,0.0,1.0,1.0,1.0,1.0,0.0,1.0,0.0,1.0,1.0,1.0,1.0,1.0,0.25,1.0,1.0,0.0,0.0,0.0,0.0,0.33,1.0,0.25,0.0,1.0,0.75,1.0,0.0,0.5,1.0,1.0,0.0,1.0,0.75
1626,0.83,0.17,0.5,1.0,1.0,0.0,0.83,0.0,1.0,1.0,1.0,0.0,0.25,0.0,0.0,0.25,0.0,1.0,0.75,0.0,0.25,0.75,0.25,0.0,1.0,0.0,0.0,1.0,0.0,1.0,0.75,0.0,0.0,1.0,0.25,0.75,0.25,1.0,0.0,0.75,1.0,0.0,1.0,1.0,1.0,1.0,0.25,0.25,0.0,1.0,0.75,0.25,1.0,1.0,0.75,0.0,1.0,1.0,0.75,0.25,0.67,0.67,1.0,0.0,0.0,1.0,1.0,0.75,0.25,0.5,0.5,0.5,0.5,0.5,0.5
1627,0.83,0.17,0.0,0.25,0.75,0.0,0.33,0.0,1.0,0.75,0.75,0.0,0.25,0.0,1.0,0.75,0.0,1.0,1.0,0.0,0.0,0.25,0.75,0.0,0.0,0.0,0.0,1.0,1.0,0.25,1.0,0.25,0.25,0.0,0.0,1.0,0.0,0.25,1.0,0.25,0.0,1.0,0.0,0.75,0.75,0.75,0.75,0.25,0.75,1.0,0.25,0.25,0.75,0.25,1.0,0.0,0.0,0.75,0.75,0.75,0.67,0.83,0.33,0.0,0.75,0.0,0.75,0.5,0.5,0.5,0.5,0.5,0.5,0.5,0.5
1628,1.0,0.17,0.0,0.25,1.0,0.0,0.17,0.25,1.0,1.0,1.0,0.0,0.75,0.0,1.0,0.0,0.0,1.0,0.75,0.0,0.75,0.75,0.0,0.0,0.25,0.25,0.75,1.0,0.0,0.75,0.25,0.25,1.0,0.25,0.0,0.75,0.25,0.25,0.0,0.75,1.0,0.75,1.0,0.75,1.0,1.0,0.0,0.0,0.75,1.0,0.75,1.0,0.0,1.0,1.0,0.0,0.0,0.0,1.0,0.75,0.67,0.67,0.83,0.0,0.25,0.25,0.25,0.25,0.5,0.5,0.75,0.5,0.5,0.5,0.5
1629,1.0,0.33,0.0,0.75,0.25,0.0,0.67,0.75,1.0,0.75,1.0,0.0,0.75,0.0,1.0,0.75,0.0,1.0,0.75,0.0,0.25,0.25,0.25,0.0,0.25,0.0,0.0,0.75,0.25,1.0,0.75,0.25,0.25,0.0,0.0,0.75,0.0,1.0,0.0,0.75,1.0,0.75,1.0,1.0,1.0,1.0,0.25,0.75,0.75,1.0,0.25,0.25,0.75,0.75,0.25,0.0,0.0,0.75,1.0,0.25,0.67,0.67,0.67,0.0,0.75,1.0,0.75,0.5,0.5,0.5,0.5,0.5,0.5,0.5,0.5
1638,0.83,0.17,0.0,1.0,1.0,0.0,0.67,1.0,0.75,1.0,0.75,0.75,1.0,0.0,1.0,1.0,0.75,0.75,1.0,0.0,1.0,0.75,1.0,0.75,0.75,0.0,0.0,1.0,1.0,1.0,0.75,0.75,0.75,0.75,0.25,1.0,0.75,0.0,1.0,1.0,1.0,1.0,0.75,1.0,1.0,1.0,1.0,0.0,0.75,0.75,0.25,0.0,0.75,1.0,1.0,0.0,0.25,0.25,1.0,1.0,0.33,0.83,0.17,0.0,0.75,1.0,1.0,0.25,0.25,0.5,1.0,0.75,0.75,1.0,1.0
1639,0.0,0.0,0.0,1.0,1.0,0.0,0.83,0.0,1.0,1.0,0.0,0.0,1.0,0.0,0.75,0.75,1.0,0.25,1.0,0.0,1.0,1.0,1.0,0.0,1.0,0.0,0.0,1.0,0.75,1.0,1.0,0.0,0.0,1.0,1.0,0.25,1.0,1.0,0.0,1.0,0.75,0.75,1.0,1.0,1.0,1.0,0.0,0.75,0.0,1.0,1.0,1.0,1.0,1.0,0.75,1.0,1.0,1.0,0.0,0.25,0.0,0.67,1.0,0.75,0.75,1.0,1.0,1.0,0.0,0.5,1.0,0.75,0.0,1.0,0.0
1640,0.17,0.0,0.0,1.0,1.0,0.0,1.0,0.0,1.0,1.0,0.0,0.0,1.0,0.0,1.0,0.25,1.0,0.0,1.0,0.25,1.0,1.0,1.0,0.0,1.0,0.0,0.0,1.0,0.75,1.0,0.75,0.0,0.0,1.0,1.0,0.0,1.0,1.0,0.0,1.0,1.0,0.75,1.0,1.0,1.0,1.0,0.0,1.0,0.0,1.0,0.75,1.0,1.0,1.0,0.75,1.0,1.0,1.0,0.0,0.25,0.0,0.83,1.0,1.0,0.75,1.0,1.0,1.0,0.0,0.5,1.0,1.0,0.0,1.0,0.25
1645,1.0,0.5,0.17,0.25,0.0,0.0,0.5,0.0,0.75,1.0,0.0,0.75,0.75,0.0,0.0,1.0,0.25,0.75,1.0,0.0,1.0,1.0,0.25,0.75,0.0,1.0,0.0,0.75,1.0,1.0,0.25,0.75,0.75,0.25,0.75,0.25,1.0,1.0,0.0,1.0,1.0,0.25,0.75,0.75,0.25,0.75,0.75,0.25,0.75,0.75,0.75,0.25,1.0,0.25,1.0,0.0,0.75,0.25,0.75,0.75,0.5,0.17,0.5,0.0,0.0,0.25,0.25,0.5,0.5,0.75,0.75,0.5,0.5,0.5,0.5
1652,0.5,0.33,0.0,0.75,1.0,0.25,0.33,0.75,1.0,1.0,0.0,0.0,0.25,0.0,1.0,0.25,0.0,1.0,0.75,0.0,0.75,0.75,0.25,0.0,0.25,0.0,0.0,1.0,0.25,1.0,0.25,0.25,0.25,1.0,0.25,0.75,0.25,1.0,0.25,0.75,1.0,0.25,0.25,1.0,0.75,1.0,0.25,0.25,0.25,1.0,0.25,0.75,0.75,1.0,1.0,0.25,1.0,0.75,0.25,0.25,0.5,0.83,0.83,0.25,0.75,1.0,0.75,0.5,0.25,0.5,0.75,0.75,0.5,0.75,0.5
1653,0.83,0.5,0.0,0.75,0.75,0.0,0.83,0.0,1.0,0.75,0.75,0.0,0.25,0.25,1.0,0.0,0.25,1.0,0.75,0.0,0.75,1.0,0.0,0.0,0.25,0.25,0.0,1.0,0.25,0.75,0.0,0.25,0.0,0.25,0.75,0.25,0.0,1.0,0.0,0.75,1.0,0.75,1.0,1.0,0.75,1.0,0.0,0.75,0.75,1.0,0.25,0.0,0.25,1.0,0.25,1.0,1.0,0.25,0.75,1.0,0.67,0.67,0.67,0.0,0.25,0.75,0.75,0.5,0.25,0.5,0.75,0.5,0.25,0.75,0.5
1664,1.0,1.0,1.0,0.0,0.0,1.0,0.17,1.0,0.75,0.0,1.0,1.0,0.0,0.75,1.0,1.0,0.25,0.75,1.0,0.0,0.75,0.25,0.0,1.0,0.0,1.0,1.0,0.0,0.0,0.75,0.0,1.0,0.0,1.0,0.0,1.0,0.75,1.0,1.0,1.0,1.0,1.0,0.75,0.0,0.0,0.75,1.0,0.0,0.25,1.0,0.25,0.25,0.25,0.0,0.25,0.0,0.0,0.0,1.0,1.0,0.17,0.83,0.5,0.0,1.0,0.0,0.0,0.0,1.0,1.0,0.75,0.25,1.0,0.5,1.0
1682,0.0,0.67,1.0,1.0,0.0,1.0,0.67,0.0,0.75,0.0,0.25,1.0,1.0,0.0,0.0,0.0,1.0,1.0,1.0,0.0,1.0,1.0,0.0,1.0,0.0,1.0,1.0,0.0,0.0,1.0,0.0,1.0,0.0,1.0,0.0,0.0,0.0,1.0,0.0,1.0,1.0,0.0,0.75,0.0,0.0,0.75,1.0,0.0,0.0,0.0,1.0,1.0,1.0,0.0,0.0,0.0,0.0,0.0,1.0,1.0,0.0,0.17,0.67,0.0,0.0,1.0,0.0,0.5,0.75,0.75,0.75,0.75,0.75,0.5,0.75
1688,0.5,0.0,0.0,1.0,1.0,0.0,0.67,1.0,1.0,1.0,0.75,0.0,1.0,0.25,1.0,0.75,0.75,1.0,0.75,0.0,1.0,0.75,1.0,0.0,0.75,0.0,0.0,1.0,1.0,1.0,1.0,0.0,0.75,1.0,0.25,1.0,0.75,0.25,1.0,0.75,0.25,0.75,0.75,1.0,1.0,1.0,0.0,1.0,0.0,1.0,1.0,1.0,1.0,1.0,0.0,1.0,1.0,1.0,0.25,0.0,0.83,0.67,0.83,0.75,0.75,0.75,1.0,0.5,0.25,0.5,0.75,0.75,0.0,0.75,0.25
1690,0.0,0.0,0.0,1.0,1.0,0.0,1.0,0.0,1.0,1.0,0.0,0.0,1.0,0.0,0.75,0.75,1.0,0.0,1.0,0.0,1.0,1.0,1.0,0.0,1.0,0.0,0.0,1.0,0.75,1.0,0.75,0.0,0.0,1.0,1.0,0.25,1.0,1.0,0.0,1.0,1.0,0.75,1.0,1.0,1.0,1.0,0.0,0.75,0.0,1.0,0.75,1.0,1.0,1.0,0.75,1.0,1.0,1.0,0.0,0.25,0.17,0.5,1.0,0.75,0.75,1.0,1.0,1.0,0.0,0.5,1.0,1.0,0.0,1.0,0.25
1697,0.67,0.17,0.0,0.75,1.0,0.0,0.83,1.0,1.0,1.0,1.0,0.0,0.25,0.75,1.0,0.75,0.75,0.25,1.0,1.0,0.75,1.0,0.75,0.0,0.75,0.0,0.0,1.0,1.0,0.75,1.0,0.25,0.25,1.0,0.25,1.0,0.0,0.25,1.0,0.0,0.0,1.0,0.25,1.0,1.0,1.0,0.0,1.0,0.0,1.0,1.0,1.0,1.0,1.0,1.0,1.0,1.0,0.75,0.75,0.75,1.0,0.83,0.83,0.0,0.75,1.0,1.0,0.75,0.25,0.5,0.75,0.5,0.25,0.75,0.0
1700,0.0,0.17,0.17,1.0,1.0,0.0,0.83,0.25,1.0,1.0,0.75,0.0,1.0,0.0,1.0,0.75,1.0,0.0,1.0,0.25,1.0,1.0,1.0,0.0,1.0,0.0,0.0,1.0,0.25,1.0,1.0,0.0,0.0,1.0,1.0,0.25,0.75,0.75,0.0,0.75,1.0,0.25,1.0,1.0,1.0,1.0,0.0,0.75,0.0,0.75,1.0,1.0,1.0,1.0,0.25,1.0,1.0,1.0,0.0,0.0,0.17,0.67,1.0,0.75,0.25,1.0,1.0,0.75,0.0,0.5,0.75,0.75,0.25,0.75,0.5
1704,0.17,0.0,0.17,1.0,1.0,0.0,0.83,0.25,1.0,1.0,0.0,0.0,1.0,0.0,1.0,0.75,1.0,0.25,1.0,0.25,1.0,1.0,1.0,0.0,1.0,0.0,0.0,1.0,0.75,0.75,1.0,0.0,0.0,1.0,1.0,0.75,1.0,1.0,0.25,0.75,1.0,0.75,0.75,1.0,1.0,1.0,0.0,1.0,0.0,0.75,1.0,1.0,1.0,1.0,0.25,1.0,1.0,1.0,0.25,0.0,0.17,0.67,1.0,0.75,0.0,1.0,1.0,0.75,0.0,0.5,0.75,0.75,0.25,0.75,0.5
1706,0.83,0.17,0.0,0.75,1.0,0.0,0.67,0.75,1.0,1.0,0.25,0.0,0.75,0.75,1.0,0.25,0.25,1.0,1.0,0.0,1.0,1.0,1.0,0.0,0.75,0.0,0.0,0.75,1.0,1.0,1.0,0.75,0.0,1.0,0.75,0.75,0.0,0.75,0.25,0.75,0.0,0.25,0.0,1.0,1.0,1.0,0.0,1.0,0.0,1.0,1.0,1.0,1.0,1.0,1.0,0.75,1.0,1.0,0.25,0.75,0.83,0.83,1.0,0.25,0.75,1.0,1.0,0.75,0.25,0.5,0.5,0.5,0.0,0.75,0.25
1709,0.83,1.0,0.67,0.25,1.0,1.0,0.83,0.0,0.25,0.0,0.0,0.75,0.25,0.75,0.0,0.0,0.75,0.75,0.25,0.0,0.75,0.0,0.0,1.0,0.0,1.0,1.0,0.0,0.0,0.0,1.0,0.75,0.0,1.0,0.0,1.0,0.0,1.0,1.0,0.25,1.0,0.0,0.75,0.0,0.0,1.0,0.75,0.0,1.0,1.0,0.25,0.0,0.0,0.75,0.0,0.0,0.75,0.75,0.75,1.0,0.67,0.83,0.17,0.0,0.25,1.0,0.0,0.0,0.75,1.0,1.0,0.0,0.75,1.0,1.0
1711,0.0,0.0,0.0,1.0,1.0,0.0,1.0,0.0,1.0,1.0,0.0,0.0,1.0,0.0,1.0,0.0,1.0,0.25,1.0,0.75,1.0,0.75,1.0,0.0,1.0,0.0,0.0,1.0,0.25,1.0,1.0,0.0,0.0,1.0,1.0,0.25,1.0,1.0,0.0,1.0,1.0,0.25,1.0,1.0,1.0,1.0,0.0,1.0,0.0,1.0,1.0,1.0,1.0,1.0,0.25,1.0,1.0,1.0,0.0,0.0,0.0,0.33,0.83,0.25,0.0,1.0,1.0,0.75,0.0,0.25,1.0,1.0,0.0,0.75,0.5
1714,1.0,0.83,0.83,0.0,1.0,1.0,0.17,1.0,0.0,0.0,0.25,0.75,0.0,0.75,1.0,0.75,0.0,1.0,0.25,0.0,0.0,1.0,0.0,1.0,0.0,1.0,1.0,0.75,1.0,0.0,1.0,1.0,0.75,1.0,0.75,1.0,0.0,1.0,1.0,0.75,0.75,1.0,1.0,0.0,0.0,0.75,1.0,0.0,1.0,1.0,0.25,0.0,0.25,0.0,0.0,0.0,0.0,0.0,1.0,1.0,0.17,0.33,0.17,0.0,0.75,0.0,1.0,0.25,1.0,1.0,0.25,0.25,1.0,0.25,0.5
1715,0.83,0.67,0.33,0.25,0.75,0.75,0.5,1.0,0.0,0.0,1.0,1.0,0.0,1.0,0.25,0.0,0.25,0.75,0.25,0.0,0.25,0.25,0.0,0.75,0.0,0.75,0.75,0.75,0.25,0.0,0.75,1.0,0.75,1.0,0.25,0.75,0.0,0.25,1.0,0.25,0.25,0.25,0.25,0.75,0.0,0.25,1.0,0.0,0.75,0.25,0.25,0.75,0.75,0.0,0.25,0.25,0.25,0.25,0.75,0.75,0.83,0.83,0.5,0.0,0.75,0.0,0.0,0.25,0.5,0.75,0.5,0.25,0.75,0.5,0.5
1716,0.33,0.0,0.0,1.0,1.0,0.0,0.83,0.0,1.0,1.0,0.25,0.0,1.0,0.0,1.0,1.0,1.0,0.0,1.0,0.0,1.0,0.75,1.0,0.0,0.75,0.0,0.0,1.0,1.0,1.0,0.75,0.0,0.0,1.0,1.0,0.25,1.0,1.0,0.0,1.0,1.0,0.25,0.75,1.0,1.0,1.0,0.0,1.0,0.0,1.0,0.75,1.0,1.0,1.0,0.75,1.0,1.0,1.0,0.0,0.25,0.17,0.33,1.0,0.25,0.0,1.0,0.75,1.0,0.25,0.5,1.0,0.75,0.25,1.0,0.75
1717,0.5,0.17,0.0,0.0,1.0,0.0,0.5,0.25,0.75,1.0,0.0,1.0,0.75,0.0,0.0,0.75,0.25,0.75,1.0,0.0,1.0,1.0,0.0,0.75,0.0,1.0,1.0,0.75,0.75,0.25,0.25,0.75,0.25,0.75,0.75,1.0,0.25,0.75,0.75,0.75,0.75,1.0,0.0,0.75,0.0,1.0,0.25,0.0,0.75,1.0,0.75,0.75,0.75,1.0,1.0,0.0,0.25,0.75,0.25,0.75,0.83,0.83,0.17,0.0,1.0,0.0,0.75,0.25,0.25,0.5,0.75,0.25,0.5,0.75,0.5
1718,0.5,0.5,0.17,0.25,1.0,0.0,0.5,1.0,0.75,0.25,1.0,0.25,0.0,1.0,0.0,0.0,0.0,0.0,1.0,0.0,0.75,0.75,0.75,0.0,0.25,0.25,0.0,1.0,0.75,0.25,0.75,0.25,0.25,1.0,0.0,1.0,0.0,0.25,1.0,0.0,0.25,1.0,0.25,0.0,0.75,0.25,0.75,0.25,0.25,0.25,0.25,0.75,0.75,0.0,1.0,0.0,0.25,0.25,0.25,0.75,0.83,0.83,0.67,0.0,1.0,0.75,1.0,0.5,0.25,0.5,0.75,0.5,0.75,0.75,0.5
1719,0.17,0.17,0.0,1.0,1.0,0.0,0.33,1.0,0.75,0.0,1.0,0.25,0.0,1.0,1.0,0.25,0.0,0.0,1.0,0.25,1.0,0.75,0.0,0.0,0.0,0.25,0.0,1.0,1.0,0.75,1.0,0.75,0.25,1.0,0.75,0.75,0.0,0.25,1.0,0.0,0.25,1.0,0.25,1.0,1.0,1.0,0.75,0.25,0.25,0.0,0.75,0.75,1.0,1.0,0.75,0.25,0.25,0.75,1.0,1.0,1.0,1.0,0.5,0.0,1.0,0.25,1.0,0.25,0.5,0.5,1.0,0.5,0.5,0.75,0.25
1721,0.0,0.0,0.0,1.0,1.0,0.0,1.0,0.0,1.0,1.0,0.0,0.0,1.0,0.0,0.0,0.0,1.0,0.0,1.0,0.25,1.0,0.75,1.0,0.0,1.0,0.0,0.0,1.0,0.75,1.0,0.75,0.0,0.0,1.0,1.0,0.0,1.0,1.0,0.0,1.0,1.0,0.0,1.0,1.0,1.0,1.0,0.0,1.0,0.0,1.0,1.0,1.0,1.0,1.0,0.0,1.0,1.0,1.0,0.0,0.0,0.0,0.33,1.0,0.0,0.0,1.0,1.0,1.0,0.0,0.5,1.0,1.0,0.0,1.0,0.5
1727,0.33,0.67,0.5,0.75,0.0,0.0,0.5,0.0,0.75,0.75,1.0,0.0,0.75,0.0,1.0,0.25,0.0,1.0,0.75,0.0,0.25,0.75,0.0,0.0,0.25,0.0,0.0,1.0,0.25,0.75,1.0,0.25,1.0,0.0,0.0,1.0,0.0,1.0,0.0,0.25,1.0,0.75,0.25,1.0,1.0,1.0,0.25,0.25,0.25,1.0,0.25,0.75,0.75,1.0,0.0,0.0,0.0,1.0,0.75,0.75,0.5,0.67,0.33,0.0,0.75,0.25,1.0,0.5,0.5,0.5,0.5,0.5,0.5,0.5,0.5
1728,0.67,0.5,0.17,0.75,1.0,0.0,0.5,1.0,1.0,1.0,0.75,0.0,0.0,1.0,0.25,1.0,0.0,1.0,0.75,0.0,0.75,0.75,0.0,0.0,0.0,0.0,0.0,1.0,0.25,1.0,0.75,0.0,0.0,1.0,0.25,0.25,0.0,1.0,0.75,0.25,0.25,0.75,0.0,1.0,0.25,1.0,0.75,0.25,0.25,1.0,0.75,0.25,0.75,1.0,0.25,0.75,1.0,0.25,1.0,0.75,0.67,0.83,0.67,0.0,0.75,0.25,1.0,0.5,0.5,0.5,0.75,0.25,0.5,0.5,0.5
1729,0.67,0.5,0.0,1.0,0.75,0.0,0.33,0.0,1.0,1.0,0.25,0.0,0.0,0.75,1.0,0.25,0.0,1.0,1.0,0.0,1.0,1.0,0.0,0.0,1.0,0.0,0.0,1.0,1.0,1.0,0.0,0.0,0.0,1.0,0.0,0.0,0.0,1.0,0.75,0.75,0.25,1.0,0.0,1.0,1.0,1.0,0.75,0.75,0.0,1.0,1.0,0.0,1.0,1.0,1.0,0.0,1.0,0.25,1.0,0.75,0.83,0.83,0.83,0.0,1.0,0.75,1.0,0.5,0.5,0.5,0.75,0.5,0.5,0.5,0.75
1730,1.0,0.5,0.5,0.0,0.75,0.0,0.17,1.0,1.0,1.0,0.25,0.75,0.0,1.0,1.0,1.0,0.0,0.75,1.0,0.0,1.0,0.0,0.0,0.0,1.0,0.0,0.75,1.0,1.0,0.75,1.0,0.0,0.0,1.0,0.25,0.75,0.0,0.25,0.75,1.0,0.25,1.0,0.75,1.0,1.0,1.0,0.25,0.0,0.0,0.0,0.75,0.75,0.75,1.0,0.75,1.0,1.0,0.0,1.0,1.0,0.83,0.83,0.5,0.0,1.0,0.75,1.0,0.5,0.75,0.5,0.75,0.5,0.5,0.75,0.5
1731,0.0,0.0,0.0,1.0,1.0,0.0,1.0,0.0,1.0,1.0,0.25,0.0,1.0,0.0,1.0,0.25,1.0,0.0,1.0,0.0,1.0,1.0,1.0,0.0,1.0,0.0,0.0,1.0,1.0,1.0,0.75,0.0,0.0,1.0,1.0,0.25,1.0,1.0,0.25,1.0,1.0,0.25,1.0,1.0,1.0,1.0,0.0,0.0,0.0,1.0,0.75,1.0,1.0,1.0,0.75,1.0,1.0,1.0,0.0,0.25,0.17,0.67,1.0,0.0,0.75,1.0,1.0,0.5,0.0,0.5,1.0,1.0,0.0,1.0,0.5
1732,0.0,0.0,0.0,1.0,1.0,0.0,1.0,0.0,1.0,1.0,0.0,0.0,1.0,0.0,0.75,0.75,1.0,0.0,1.0,0.0,1.0,0.75,1.0,0.0,1.0,0.0,0.0,1.0,0.75,1.0,0.75,0.0,0.0,1.0,1.0,0.0,1.0,1.0,0.0,1.0,1.0,0.75,1.0,1.0,1.0,1.0,0.0,0.75,0.0,1.0,1.0,1.0,1.0,1.0,0.25,1.0,1.0,1.0,0.0,0.25,0.17,0.5,1.0,0.75,0.25,1.0,1.0,1.0,0.0,0.5,1.0,1.0,0.0,1.0,0.25
1733,0.0,0.0,0.0,1.0,1.0,0.0,1.0,0.0,1.0,1.0,0.0,0.0,1.0,0.0,0.25,0.0,1.0,0.0,1.0,0.0,1.0,1.0,1.0,0.0,1.0,0.0,0.0,1.0,0.25,1.0,0.75,0.0,0.0,1.0,1.0,0.75,1.0,1.0,0.0,1.0,1.0,0.0,1.0,1.0,1.0,1.0,0.0,1.0,0.0,1.0,1.0,1.0,1.0,1.0,0.25,1.0,1.0,1.0,0.0,0.25,0.0,0.67,1.0,0.25,0.25,1.0,1.0,1.0,0.0,0.5,1.0,1.0,0.0,1.0,0.25
1734,0.17,0.17,0.5,1.0,0.75,0.0,1.0,0.0,1.0,1.0,0.0,0.0,1.0,0.0,1.0,0.75,1.0,0.0,1.0,0.0,1.0,1.0,1.0,0.0,0.75,0.0,0.0,1.0,0.75,1.0,0.75,0.0,0.0,1.0,1.0,0.0,1.0,1.0,0.0,1.0,1.0,0.25,1.0,1.0,0.75,1.0,0.0,0.25,0.0,1.0,0.75,0.75,0.75,1.0,0.0,0.0,1.0,1.0,0.0,0.25,0.17,0.67,1.0,0.0,0.0,1.0,0.0,0.75,0.0,0.75,1.0,1.0,0.5,1.0,0.5
1735,0.33,0.17,0.0,1.0,1.0,0.0,1.0,0.0,1.0,1.0,0.25,0.0,1.0,0.0,1.0,1.0,1.0,0.0,1.0,0.0,1.0,0.75,1.0,0.0,1.0,0.0,0.0,1.0,0.0,1.0,0.75,0.0,0.25,1.0,0.0,0.0,0.75,0.75,0.0,1.0,1.0,0.75,1.0,1.0,1.0,1.0,0.0,1.0,0.0,1.0,1.0,1.0,1.0,1.0,1.0,1.0,1.0,1.0,0.25,1.0,0.17,0.67,1.0,1.0,1.0,1.0,1.0,1.0,0.25,0.5,1.0,0.75,0.25,1.0,0.0
1736,0.17,0.17,0.0,1.0,0.75,0.0,1.0,0.0,1.0,1.0,0.0,0.0,1.0,0.0,1.0,0.25,1.0,0.0,1.0,0.0,1.0,1.0,1.0,0.0,1.0,0.0,0.0,1.0,0.75,1.0,0.25,0.0,0.0,1.0,1.0,0.0,1.0,1.0,0.0,1.0,1.0,0.25,1.0,1.0,1.0,1.0,0.0,0.25,0.25,1.0,0.75,1.0,0.75,1.0,0.75,1.0,1.0,1.0,0.0,0.25,0.0,0.33,1.0,0.25,0.0,1.0,1.0,1.0,0.0,0.5,1.0,1.0,0.25,1.0,0.5
1737,0.67,0.67,0.83,0.0,0.25,1.0,0.33,0.75,0.0,0.0,1.0,1.0,0.0,0.75,0.0,0.25,0.0,0.0,0.0,0.0,0.0,0.25,0.0,1.0,0.0,1.0,1.0,0.75,0.0,0.0,0.0,1.0,1.0,0.0,0.0,0.25,0.0,0.25,1.0,0.0,0.0,1.0,0.0,0.0,0.0,0.0,1.0,0.0,1.0,1.0,0.0,0.25,0.0,0.0,0.0,0.0,0.0,0.0,1.0,1.0,0.33,0.5,0.33,0.0,0.75,0.25,0.0,0.0,0.5,0.75,0.5,0.25,0.5,0.5,0.5
1739,0.17,0.17,0.0,0.25,1.0,0.0,0.5,0.75,1.0,0.75,1.0,0.0,0.75,0.75,1.0,0.75,0.25,0.75,0.75,0.0,0.75,0.75,1.0,0.0,0.75,0.0,0.0,1.0,1.0,1.0,1.0,0.25,0.25,1.0,0.0,1.0,0.0,0.25,1.0,0.25,0.25,1.0,0.25,1.0,1.0,1.0,0.0,1.0,0.0,0.25,1.0,0.75,0.75,1.0,0.0,1.0,1.0,0.75,0.75,1.0,0.83,1.0,0.83,0.25,1.0,1.0,1.0,0.5,0.5,0.5,0.75,0.5,0.0,0.75,0.0
1749,0.0,0.17,0.17,0.75,1.0,0.0,0.5,0.75,1.0,1.0,0.0,0.0,0.75,0.0,1.0,0.75,0.0,1.0,1.0,0.0,1.0,0.75,1.0,0.0,1.0,0.0,0.0,1.0,1.0,1.0,0.25,0.25,0.25,1.0,0.25,1.0,0.25,1.0,0.0,0.75,1.0,0.75,1.0,1.0,1.0,1.0,0.0,0.75,0.0,1.0,0.25,0.25,0.75,1.0,1.0,0.25,1.0,1.0,0.75,0.0,0.33,0.67,0.67,1.0,0.75,1.0,1.0,0.5,0.5,0.5,0.75,0.5,0.5,0.5,0.5
1750,0.0,0.0,0.0,1.0,1.0,0.0,1.0,0.0,1.0,1.0,0.0,0.0,1.0,0.0,0.75,0.75,1.0,0.0,1.0,0.25,1.0,1.0,1.0,0.0,1.0,0.0,0.0,1.0,1.0,1.0,0.25,0.0,0.0,1.0,1.0,0.0,1.0,1.0,0.0,1.0,1.0,0.25,1.0,1.0,1.0,1.0,0.0,1.0,0.0,1.0,1.0,1.0,1.0,1.0,0.75,1.0,1.0,1.0,0.0,0.0,0.0,0.5,1.0,0.75,0.0,1.0,0.75,0.75,0.0,0.5,1.0,0.75,0.0,1.0,0.5
1751,0.17,0.0,0.17,1.0,1.0,0.0,0.83,0.0,1.0,1.0,0.0,0.0,1.0,0.0,0.75,0.0,1.0,0.0,1.0,0.0,1.0,0.75,1.0,0.0,1.0,0.0,0.0,1.0,0.75,1.0,0.75,0.0,0.0,1.0,1.0,0.25,1.0,1.0,0.0,0.75,1.0,0.75,1.0,1.0,1.0,1.0,0.0,0.25,0.0,1.0,1.0,0.75,0.75,1.0,0.75,1.0,1.0,1.0,0.0,0.25,0.17,0.67,0.83,0.25,0.75,1.0,1.0,1.0,0.0,0.75,1.0,1.0,0.25,1.0,0.5
1753,0.0,1.0,0.17,0.0,1.0,1.0,0.67,0.75,0.25,0.75,0.0,0.25,0.0,0.0,0.0,0.0,0.0,1.0,0.0,0.0,0.25,0.0,0.0,1.0,0.0,1.0,1.0,0.0,0.75,0.25,0.75,0.0,0.25,0.0,1.0,1.0,0.75,0.0,0.25,0.25,1.0,0.0,0.0,0.25,0.0,1.0,1.0,0.0,0.0,0.25,0.25,0.0,0.25,0.75,0.0,0.0,0.0,0.75,1.0,0.0,0.5,1.0,0.67,0.0,0.0,0.0,0.25,0.0,0.5,0.75,1.0,0.25,0.5,0.5,0.25
1754,0.67,0.67,0.17,0.75,0.25,0.0,0.17,1.0,0.75,0.75,1.0,0.25,0.25,1.0,1.0,0.75,0.0,0.25,0.25,0.0,1.0,0.25,0.25,0.0,0.0,0.75,0.0,1.0,1.0,0.75,0.25,0.25,0.25,1.0,0.0,1.0,0.0,0.25,1.0,0.0,0.25,1.0,0.25,0.75,0.75,0.75,0.75,0.75,0.75,0.0,0.25,1.0,0.25,0.0,0.25,0.0,0.75,0.25,1.0,1.0,1.0,1.0,0.17,0.0,0.75,0.25,1.0,0.5,0.5,0.75,1.0,0.5,0.75,0.75,0.5
1757,0.83,0.5,0.17,0.25,0.75,0.0,0.17,1.0,0.75,0.0,1.0,0.25,0.0,0.25,0.0,0.25,0.0,0.0,0.0,0.0,0.75,0.75,0.0,0.25,0.0,0.75,0.0,0.75,0.25,0.25,0.0,0.25,0.25,1.0,0.0,1.0,0.0,0.25,0.75,0.0,0.75,0.25,0.0,0.75,0.25,0.75,1.0,0.0,0.0,0.75,0.25,0.75,0.75,0.0,0.75,0.0,0.0,0.0,1.0,1.0,1.0,0.83,0.17,0.0,1.0,0.25,0.75,0.25,0.75,0.75,0.75,0.25,0.5,0.5,0.5
1758,0.83,0.83,0.5,0.0,0.25,1.0,0.17,0.75,0.25,0.25,0.75,0.75,0.25,0.75,0.75,1.0,0.0,0.75,0.25,0.0,0.75,0.25,0.0,1.0,0.0,1.0,1.0,0.25,0.75,0.25,0.75,0.75,0.25,0.75,0.25,0.75,0.0,0.75,0.75,0.25,0.75,1.0,0.75,0.25,0.0,0.75,0.75,0.0,0.25,0.75,0.25,0.25,0.25,0.0,0.75,0.25,0.25,0.0,0.75,0.75,0.67,0.83,0.33,0.0,0.75,0.0,0.0,0.25,0.75,0.75,0.5,0.5,0.75,0.5,0.75
1759,1.0,0.17,0.5,0.0,1.0,0.0,0.67,1.0,0.25,0.25,1.0,0.0,1.0,1.0,1.0,0.0,1.0,0.75,0.75,0.0,0.25,0.75,0.25,0.0,0.25,0.0,0.0,1.0,0.25,0.75,1.0,0.0,0.0,0.0,0.75,0.75,0.0,0.75,1.0,0.75,0.25,0.75,0.75,0.75,1.0,0.75,0.75,1.0,0.25,0.25,0.25,0.25,0.75,1.0,0.75,0.0,1.0,0.0,1.0,1.0,0.83,0.67,0.83,0.0,1.0,0.25,0.0,0.5,0.75,0.75,0.75,0.5,0.5,0.5,0.25
1765,0.33,0.0,0.17,0.75,1.0,0.0,0.5,1.0,0.75,0.75,1.0,0.25,0.0,0.75,1.0,1.0,0.75,0.75,0.75,0.0,0.75,1.0,0.75,0.0,1.0,0.0,0.0,1.0,1.0,1.0,1.0,0.25,0.75,1.0,0.25,1.0,0.0,0.0,0.75,0.0,0.25,1.0,0.25,1.0,1.0,1.0,0.25,1.0,0.0,0.0,1.0,0.75,1.0,0.75,0.75,0.75,1.0,1.0,0.75,1.0,0.83,1.0,0.83,0.0,1.0,1.0,1.0,0.75,0.25,0.5,1.0,0.5,0.0,0.5,0.0
1767,0.17,0.83,0.33,0.25,1.0,0.25,0.83,1.0,0.0,0.0,1.0,1.0,1.0,1.0,0.0,0.0,0.0,1.0,0.75,0.0,0.25,1.0,0.0,0.25,0.25,0.75,0.75,0.25,0.0,0.75,1.0,0.25,0.0,0.75,0.75,0.25,0.25,0.75,0.0,0.0,0.25,0.0,0.75,0.75,0.75,1.0,0.0,0.75,0.0,1.0,1.0,1.0,1.0,1.0,0.25,0.0,0.25,0.25,0.0,0.25,0.33,0.33,0.83,0.0,0.0,0.75,0.0,0.25,0.25,0.75,0.75,0.25,0.5,0.5,0.5
1769,0.17,0.17,0.5,1.0,1.0,0.0,1.0,0.0,1.0,1.0,0.0,0.0,1.0,0.0,1.0,0.25,1.0,1.0,1.0,0.25,1.0,0.75,1.0,0.0,1.0,0.0,0.0,1.0,0.75,1.0,0.25,0.25,0.0,1.0,1.0,0.0,1.0,0.75,0.25,1.0,1.0,0.25,0.75,1.0,1.0,1.0,0.0,0.75,0.0,1.0,1.0,1.0,1.0,1.0,0.75,1.0,1.0,1.0,0.0,0.0,0.33,0.5,1.0,0.25,0.0,1.0,1.0,1.0,0.0,0.25,1.0,1.0,0.25,1.0,1.0
1779,0.67,0.17,0.0,0.75,1.0,0.0,0.67,0.75,1.0,1.0,1.0,0.0,1.0,0.75,1.0,0.75,0.25,1.0,0.75,0.0,1.0,0.75,0.75,0.0,0.75,0.0,0.0,1.0,1.0,0.75,0.75,0.25,0.25,1.0,0.25,1.0,0.0,0.25,0.75,0.25,0.0,1.0,0.0,1.0,1.0,1.0,0.0,1.0,0.0,0.75,1.0,0.75,0.75,1.0,0.75,0.75,1.0,0.0,0.0,0.75,1.0,1.0,1.0,0.75,1.0,1.0,1.0,0.75,0.25,0.25,0.75,0.5,0.0,0.5,0.0
1780,0.83,0.17,0.0,0.25,1.0,0.0,0.33,1.0,1.0,1.0,1.0,0.0,0.25,0.75,1.0,0.25,0.25,0.75,0.75,0.0,0.75,0.25,0.75,0.0,0.75,0.0,0.0,1.0,0.75,1.0,1.0,0.75,0.25,1.0,0.25,1.0,0.0,0.25,1.0,0.25,0.0,1.0,0.25,1.0,1.0,1.0,0.75,0.75,0.0,1.0,1.0,0.75,1.0,1.0,1.0,0.25,1.0,0.75,0.25,1.0,0.83,1.0,1.0,0.0,0.75,1.0,1.0,0.5,0.25,0.25,0.75,0.5,0.5,0.5,0.25
1781,0.0,0.17,0.17,0.25,1.0,0.0,0.67,1.0,1.0,0.75,0.75,0.0,1.0,0.75,0.25,0.75,0.25,1.0,0.75,0.0,0.75,0.0,0.25,0.25,0.25,0.0,0.0,1.0,0.75,0.75,1.0,0.0,0.75,1.0,0.25,1.0,0.25,0.25,1.0,0.25,0.75,0.75,0.75,1.0,1.0,1.0,0.25,0.75,0.0,0.25,0.75,0.75,0.75,1.0,0.25,0.25,0.25,0.75,0.75,0.25,0.83,0.5,0.83,0.0,0.75,0.75,0.75,0.5,0.5,0.5,0.75,0.5,0.5,0.75,0.25
1785,0.33,0.33,0.17,1.0,1.0,0.0,0.83,0.0,1.0,1.0,0.0,0.0,1.0,0.0,1.0,0.75,0.75,0.25,1.0,0.0,1.0,1.0,1.0,0.0,1.0,0.0,0.0,1.0,1.0,1.0,1.0,0.0,0.0,1.0,1.0,0.0,1.0,1.0,0.25,0.75,0.75,0.0,1.0,1.0,1.0,1.0,0.0,1.0,0.0,1.0,0.25,1.0,1.0,1.0,0.0,1.0,1.0,1.0,0.25,1.0,0.33,0.83,1.0,0.0,0.0,1.0,0.0,0.75,0.0,0.5,0.75,1.0,0.25,1.0,0.75
1786,1.0,0.67,0.0,0.0,0.0,0.25,0.67,1.0,0.75,1.0,0.75,0.75,0.25,0.75,1.0,1.0,0.0,0.75,0.75,0.0,0.75,0.0,0.0,0.25,0.25,1.0,0.0,1.0,0.75,1.0,1.0,1.0,0.0,0.75,0.0,1.0,0.0,1.0,1.0,0.75,1.0,1.0,1.0,0.25,0.75,0.75,1.0,0.75,1.0,0.25,0.25,0.25,0.25,0.75,1.0,0.0,0.25,0.0,1.0,0.75,0.83,0.83,0.33,0.0,1.0,0.25,0.0,0.0,0.25,0.75,0.75,0.25,0.75,0.5,0.75
1787,1.0,0.0,0.5,1.0,1.0,0.0,1.0,1.0,1.0,1.0,1.0,0.0,1.0,1.0,1.0,1.0,1.0,1.0,1.0,0.0,1.0,0.0,1.0,0.0,1.0,1.0,0.0,1.0,1.0,1.0,1.0,0.0,0.0,1.0,0.0,1.0,0.0,0.0,1.0,1.0,1.0,1.0,0.0,1.0,1.0,1.0,0.0,1.0,0.0,1.0,1.0,1.0,1.0,1.0,1.0,0.0,1.0,0.0,0.0,1.0,1.0,0.5,1.0,0.0,1.0,1.0,1.0,0.0,0.0,1.0,1.0,1.0,1.0,1.0,0.0
1788,0.67,0.33,0.17,0.25,1.0,0.0,0.67,0.75,1.0,1.0,1.0,0.25,0.75,1.0,1.0,0.75,0.25,0.75,0.75,0.0,1.0,0.75,1.0,0.0,1.0,0.0,0.0,1.0,1.0,0.75,0.75,0.25,0.25,1.0,0.25,1.0,0.0,0.25,0.75,0.25,0.25,0.75,0.0,1.0,1.0,1.0,0.25,0.75,0.0,1.0,0.75,0.75,0.75,1.0,0.75,1.0,1.0,0.75,0.25,0.25,0.67,0.83,0.67,0.75,1.0,0.25,1.0,0.75,0.25,0.25,0.75,0.25,0.25,0.75,0.0
1790,0.0,0.17,0.0,0.75,1.0,0.0,0.0,1.0,0.25,0.25,1.0,0.0,0.0,0.75,0.0,0.25,0.0,0.0,0.75,0.0,0.75,0.75,0.0,0.0,0.25,0.0,0.0,1.0,1.0,0.0,0.25,1.0,1.0,1.0,0.0,1.0,0.0,0.0,1.0,0.0,0.25,1.0,0.0,1.0,1.0,0.25,0.25,0.25,0.0,0.0,0.25,0.75,0.25,0.0,0.0,0.0,1.0,0.0,1.0,0.25,1.0,1.0,0.17,0.0,1.0,0.0,0.0,0.25,0.25,0.5,0.5,0.25,0.25,0.25,0.25
1791,0.83,0.17,0.17,0.75,0.75,0.0,0.33,0.25,1.0,0.75,0.75,0.0,0.25,0.25,1.0,0.75,0.0,1.0,1.0,0.0,0.75,0.75,0.0,0.0,0.75,0.0,0.0,1.0,0.75,0.75,1.0,0.25,0.25,0.0,0.0,0.75,0.75,1.0,0.0,0.75,1.0,0.25,1.0,1.0,0.75,1.0,0.25,0.25,0.75,1.0,0.75,0.25,1.0,1.0,0.75,0.0,0.75,1.0,1.0,1.0,0.5,0.83,1.0,0.0,0.75,1.0,1.0,0.5,0.25,0.5,0.5,0.5,0.5,0.75,0.5
1792,0.33,0.5,0.0,0.25,0.0,0.0,0.67,0.75,0.75,0.25,0.25,0.25,0.25,0.75,1.0,0.75,0.25,0.75,1.0,0.0,0.75,0.75,0.25,0.0,0.75,0.25,0.25,0.75,0.0,1.0,0.25,0.25,0.0,1.0,0.25,0.25,0.25,0.75,0.75,0.25,0.75,0.75,0.75,0.75,0.75,1.0,0.0,0.25,1.0,1.0,0.75,0.0,0.0,0.75,1.0,0.25,0.75,0.25,0.75,0.25,0.67,0.83,0.5,0.0,0.0,1.0,0.75,0.5,0.25,0.5,1.0,0.5,0.25,0.75,0.5
1798,1.0,1.0,0.83,0.75,0.0,0.75,0.5,0.0,1.0,1.0,0.25,0.0,0.75,0.0,0.75,0.0,1.0,1.0,1.0,0.0,1.0,0.75,0.0,0.25,0.0,0.75,0.75,0.0,0.0,1.0,0.25,1.0,0.0,1.0,1.0,1.0,1.0,1.0,0.0,1.0,1.0,0.0,1.0,0.25,0.0,1.0,1.0,0.25,0.0,1.0,0.75,1.0,1.0,0.75,1.0,0.0,0.75,0.75,1.0,1.0,0.83,0.67,0.67,0.0,0.25,1.0,1.0,0.5,1.0,1.0,0.75,0.25,0.75,1.0,0.75
1800,0.83,0.33,0.0,0.25,0.75,0.0,0.5,0.75,1.0,1.0,1.0,0.25,0.25,0.25,1.0,1.0,0.75,1.0,0.75,0.0,0.75,0.75,1.0,0.0,0.75,0.25,0.0,1.0,0.25,1.0,0.75,0.0,0.25,0.0,0.75,0.75,0.25,0.75,0.75,0.75,0.25,1.0,0.75,0.75,0.75,1.0,0.25,0.75,0.75,1.0,0.25,0.75,0.75,0.75,0.75,0.25,0.25,0.25,1.0,0.75,0.67,1.0,0.5,0.0,0.75,0.75,1.0,0.5,0.5,0.5,0.75,0.5,0.5,0.5,0.25
1801,0.17,0.33,0.0,1.0,1.0,0.0,0.83,1.0,1.0,1.0,0.25,0.0,0.75,0.25,0.25,0.75,1.0,0.25,1.0,0.25,1.0,0.75,0.75,0.0,1.0,0.0,0.0,1.0,0.25,1.0,1.0,0.0,0.25,1.0,0.75,0.25,0.75,0.75,0.25,0.75,0.75,0.75,1.0,1.0,0.75,1.0,0.25,0.75,0.25,1.0,0.75,0.75,1.0,1.0,0.75,0.75,1.0,1.0,0.0,0.25,0.33,0.5,1.0,0.25,0.25,0.75,0.75,0.75,0.0,0.5,0.75,0.75,0.25,1.0,0.5
1802,0.0,0.0,0.17,1.0,1.0,0.0,1.0,0.0,1.0,1.0,0.0,0.0,1.0,0.0,0.75,0.25,1.0,0.0,1.0,0.75,1.0,1.0,1.0,0.0,1.0,0.0,0.0,1.0,0.75,1.0,0.75,0.0,0.0,1.0,1.0,0.0,1.0,1.0,0.0,1.0,1.0,0.75,1.0,1.0,1.0,1.0,0.0,0.75,0.0,1.0,0.75,0.75,1.0,1.0,0.75,1.0,1.0,1.0,0.0,0.0,0.0,0.83,1.0,1.0,0.0,1.0,1.0,1.0,0.0,0.0,1.0,1.0,0.0,1.0,0.25
1803,0.0,0.17,0.0,1.0,1.0,0.0,1.0,0.0,1.0,1.0,0.25,0.0,1.0,0.0,0.75,0.25,1.0,0.0,1.0,0.0,1.0,1.0,1.0,0.0,1.0,0.0,0.0,1.0,1.0,1.0,1.0,0.0,0.0,1.0,1.0,0.0,1.0,1.0,0.0,1.0,1.0,0.75,1.0,1.0,1.0,1.0,0.0,0.0,0.0,1.0,1.0,1.0,1.0,1.0,0.0,1.0,1.0,1.0,0.75,0.75,0.17,0.83,1.0,0.75,0.0,1.0,1.0,1.0,0.0,0.5,1.0,1.0,0.25,1.0,0.5
1804,0.0,0.0,0.0,1.0,1.0,0.0,1.0,0.0,1.0,1.0,0.0,0.0,1.0,0.0,0.75,0.0,1.0,0.0,1.0,0.0,1.0,1.0,1.0,0.0,1.0,0.0,0.0,1.0,0.25,1.0,0.0,0.0,0.0,1.0,1.0,0.0,1.0,1.0,0.0,1.0,1.0,0.25,1.0,1.0,1.0,1.0,0.0,1.0,0.0,1.0,1.0,1.0,1.0,1.0,0.75,1.0,1.0,1.0,0.0,0.0,0.0,0.0,0.67,1.0,0.0,1.0,1.0,1.0,0.0,0.0,1.0,1.0,0.0,1.0,0.0
1805,0.0,0.17,0.0,1.0,0.75,0.0,1.0,0.0,1.0,1.0,0.0,0.0,1.0,0.0,1.0,0.75,1.0,0.0,1.0,0.0,1.0,0.75,1.0,0.0,0.75,0.0,0.0,1.0,0.75,1.0,0.75,0.0,0.0,1.0,1.0,0.0,1.0,0.75,0.0,1.0,1.0,0.25,0.75,1.0,0.75,1.0,0.0,0.75,0.0,1.0,0.75,1.0,0.75,1.0,0.75,1.0,1.0,1.0,0.25,0.25,0.17,0.83,1.0,0.25,0.25,1.0,0.75,1.0,0.0,0.5,1.0,1.0,0.25,1.0,0.5
1806,0.0,0.0,0.0,1.0,1.0,0.0,1.0,0.0,1.0,1.0,0.0,0.0,1.0,0.0,1.0,0.75,1.0,0.0,1.0,0.0,1.0,1.0,1.0,0.0,1.0,0.0,0.0,1.0,1.0,1.0,0.75,0.0,0.0,1.0,1.0,0.25,1.0,1.0,0.0,1.0,1.0,0.25,1.0,1.0,1.0,1.0,0.0,0.25,0.0,1.0,0.75,1.0,1.0,1.0,1.0,1.0,1.0,1.0,0.0,0.25,0.17,0.5,1.0,0.25,0.75,1.0,1.0,1.0,0.0,0.5,1.0,1.0,0.0,1.0,0.25
1807,0.33,0.17,0.33,1.0,1.0,0.0,1.0,0.0,1.0,1.0,0.25,0.0,1.0,0.0,0.75,0.75,1.0,0.0,1.0,0.0,1.0,0.75,1.0,0.0,1.0,0.0,0.0,1.0,0.75,1.0,0.25,0.0,0.0,1.0,1.0,0.0,1.0,0.25,0.25,1.0,1.0,0.75,1.0,1.0,1.0,1.0,0.0,0.75,0.0,1.0,0.75,1.0,1.0,1.0,0.75,1.0,1.0,1.0,0.0,0.25,0.33,0.83,0.83,1.0,1.0,1.0,1.0,0.75,0.0,0.5,1.0,0.75,0.0,1.0,0.0
1808,0.17,0.83,0.83,1.0,1.0,0.0,1.0,0.25,1.0,1.0,0.25,0.0,1.0,0.0,1.0,0.75,1.0,0.75,1.0,0.0,1.0,1.0,1.0,0.0,1.0,0.0,0.0,1.0,1.0,1.0,0.0,0.0,0.25,1.0,1.0,1.0,1.0,1.0,0.0,0.75,1.0,1.0,1.0,1.0,1.0,1.0,0.0,1.0,0.0,1.0,1.0,1.0,1.0,1.0,1.0,1.0,1.0,1.0,0.25,0.25,0.83,1.0,1.0,1.0,0.0,1.0,1.0,0.75,0.25,0.75,1.0,1.0,0.25,1.0,0.75
1809,0.17,0.17,0.0,1.0,1.0,0.0,1.0,0.0,1.0,1.0,0.0,0.0,1.0,0.0,1.0,0.75,1.0,0.25,1.0,0.0,1.0,1.0,1.0,0.0,1.0,0.0,0.0,1.0,0.75,1.0,0.25,0.0,0.0,1.0,1.0,0.75,1.0,1.0,0.0,1.0,1.0,0.25,0.75,1.0,1.0,1.0,0.0,0.75,0.0,1.0,0.75,1.0,1.0,1.0,1.0,1.0,1.0,1.0,0.0,0.75,0.17,0.5,1.0,0.75,0.75,1.0,1.0,1.0,0.0,0.5,1.0,1.0,0.0,1.0,0.5
1810,0.17,0.17,0.5,0.75,0.0,0.0,0.17,0.75,0.25,0.75,0.75,0.75,0.0,0.25,1.0,0.75,0.25,0.25,0.0,0.0,0.75,0.75,0.25,0.0,0.25,0.0,0.0,0.75,0.0,0.0,0.0,0.0,0.25,0.75,0.0,0.75,0.0,0.0,1.0,0.25,0.75,0.75,0.75,1.0,1.0,0.75,0.25,0.75,0.0,1.0,0.75,0.75,0.25,0.25,1.0,0.0,0.25,0.0,0.75,0.25,0.83,0.83,0.17,0.0,0.75,0.25,1.0,0.5,0.5,0.5,0.75,0.75,0.75,0.75,0.75
1811,0.0,0.83,0.67,0.0,0.0,0.75,0.17,0.0,0.0,0.0,0.75,1.0,0.0,0.75,0.0,0.25,0.0,0.0,0.0,0.0,0.0,0.0,0.0,1.0,0.0,1.0,1.0,0.0,0.0,0.0,1.0,1.0,1.0,0.0,0.0,1.0,0.0,0.25,0.0,0.0,0.0,0.75,0.25,0.0,0.0,0.25,1.0,0.0,1.0,1.0,0.0,0.0,0.0,0.0,0.25,0.0,0.0,0.0,1.0,0.75,0.83,0.83,0.17,0.0,1.0,0.0,0.0,0.0,1.0,0.5,0.5,0.0,0.75,0.5,0.75
1813,0.83,0.67,0.33,0.75,0.25,0.75,0.17,1.0,0.75,0.75,0.25,0.75,0.25,0.75,1.0,0.75,0.75,0.75,0.75,0.0,0.75,1.0,0.75,0.75,0.25,0.75,1.0,1.0,0.25,0.75,0.75,0.25,0.75,1.0,0.75,0.75,0.25,1.0,1.0,0.25,0.75,0.75,1.0,0.75,0.25,1.0,0.75,0.0,0.0,0.25,0.25,1.0,1.0,0.25,0.75,0.0,0.25,0.25,0.75,0.75,0.83,0.67,1.0,0.25,0.75,1.0,0.75,0.75,0.75,0.75,0.75,0.75,0.75,0.75,0.75
1816,0.0,0.33,0.0,0.25,1.0,0.0,0.0,1.0,1.0,0.75,1.0,0.75,0.0,0.75,0.75,0.75,0.0,0.0,0.25,0.0,0.75,1.0,0.0,0.0,0.0,0.25,0.0,1.0,1.0,0.25,1.0,1.0,0.25,1.0,0.0,1.0,0.0,0.0,1.0,0.0,0.25,1.0,0.0,0.0,0.75,0.75,0.75,0.0,0.25,0.0,0.75,0.25,0.25,0.25,0.25,0.0,0.0,0.0,1.0,0.75,1.0,1.0,0.17,0.0,1.0,0.0,1.0,0.5,0.5,0.75,0.75,0.25,0.5,0.5,0.5
1817,0.17,0.83,0.0,1.0,0.75,0.0,0.83,0.75,1.0,1.0,0.0,0.0,0.75,0.75,1.0,0.75,0.75,0.75,1.0,0.0,0.75,1.0,0.75,0.0,0.75,0.0,0.0,1.0,0.0,1.0,0.25,0.0,0.25,1.0,0.25,1.0,0.25,0.25,0.0,0.75,0.0,0.0,1.0,1.0,1.0,1.0,0.0,1.0,0.0,1.0,1.0,1.0,1.0,1.0,0.25,1.0,1.0,1.0,0.75,0.0,0.83,0.83,1.0,0.0,1.0,1.0,1.0,0.75,0.25,0.75,0.75,0.75,0.0,0.75,0.25
1818,0.0,0.33,0.0,0.25,1.0,0.0,0.67,0.75,1.0,1.0,1.0,0.0,0.75,0.75,0.25,0.25,0.25,0.75,0.75,0.0,0.75,1.0,1.0,0.0,0.75,0.0,0.25,1.0,1.0,1.0,1.0,0.0,0.25,1.0,0.25,1.0,0.0,0.25,1.0,0.0,0.75,0.75,0.0,1.0,1.0,1.0,0.0,1.0,0.0,1.0,1.0,1.0,0.75,1.0,0.0,1.0,1.0,1.0,0.75,0.0,0.83,1.0,0.67,0.75,1.0,1.0,1.0,0.5,0.75,0.5,0.75,0.5,0.0,0.5,0.0
1819,0.83,0.67,0.0,0.0,0.75,0.0,0.0,0.75,0.75,1.0,1.0,0.25,0.0,1.0,1.0,1.0,0.25,0.75,1.0,0.0,0.25,0.25,0.0,0.0,0.0,0.25,0.0,1.0,1.0,0.0,0.75,1.0,0.25,1.0,0.25,1.0,0.0,0.0,1.0,0.0,0.0,1.0,0.0,1.0,1.0,1.0,0.25,0.75,0.0,1.0,1.0,0.25,0.75,1.0,1.0,0.75,1.0,1.0,0.25,1.0,1.0,1.0,0.83,0.0,1.0,1.0,0.75,0.5,0.25,0.5,0.75,0.25,0.25,0.5,0.0
1821,0.0,0.33,0.17,1.0,1.0,0.0,0.33,0.75,1.0,1.0,0.75,0.25,0.75,0.75,1.0,0.0,0.0,0.75,1.0,0.0,1.0,0.75,1.0,0.0,0.25,0.0,0.0,1.0,0.75,0.75,0.75,0.75,0.75,1.0,0.0,1.0,0.0,0.0,1.0,0.25,0.75,1.0,0.0,1.0,1.0,1.0,0.0,0.75,0.0,1.0,0.75,0.75,0.75,0.75,1.0,0.75,1.0,1.0,0.25,0.75,0.67,1.0,0.67,0.0,0.0,1.0,1.0,1.0,0.25,0.5,1.0,0.5,0.25,1.0,0.75
1825,0.33,0.17,0.17,0.75,1.0,0.0,0.5,1.0,0.25,0.25,1.0,0.25,0.0,1.0,0.75,0.25,0.0,0.25,0.75,0.0,0.75,0.25,0.75,0.0,0.0,0.75,0.25,1.0,0.75,0.25,0.75,0.25,0.75,1.0,0.0,1.0,0.0,0.0,1.0,0.0,0.25,0.75,0.25,0.75,0.75,0.75,0.75,0.25,0.25,0.0,0.25,0.75,0.75,0.0,0.75,0.0,0.25,0.75,1.0,0.75,1.0,0.83,0.33,0.0,1.0,0.25,0.75,0.5,0.5,0.75,0.75,0.5,0.5,0.5,0.5
1827,0.67,0.67,0.83,0.0,0.25,0.75,0.83,0.75,0.25,0.75,0.25,0.25,0.0,0.0,0.0,0.0,0.75,0.0,0.0,0.0,0.25,1.0,0.75,1.0,0.0,0.75,0.75,0.25,0.25,0.0,1.0,0.75,0.0,0.0,0.75,1.0,0.0,1.0,0.25,0.0,0.25,0.75,1.0,0.25,0.0,0.75,0.75,0.0,1.0,1.0,0.0,0.0,0.25,1.0,0.0,0.0,1.0,0.25,0.75,0.75,0.0,0.5,0.33,0.0,0.75,0.75,0.0,0.5,0.75,0.5,0.5,0.5,0.75,0.5,0.75
1831,0.33,0.67,0.0,0.75,0.25,1.0,0.5,0.75,0.25,0.75,0.75,1.0,0.25,0.0,0.25,0.25,0.0,0.25,0.25,0.0,0.0,1.0,0.0,1.0,0.0,1.0,1.0,0.75,0.25,1.0,0.0,0.25,0.75,0.75,0.0,1.0,0.0,0.75,0.0,1.0,0.0,0.75,0.25,0.25,0.0,0.75,0.75,0.0,0.25,0.25,0.0,0.0,0.0,0.0,0.75,0.0,0.0,0.25,1.0,0.25,0.67,0.33,0.33,0.0,0.75,0.75,0.75,0.5,0.5,0.75,0.75,0.0,0.75,0.75,0.5
1834,0.0,0.0,0.0,1.0,1.0,0.0,1.0,0.0,1.0,1.0,0.0,0.0,1.0,0.0,1.0,0.25,1.0,0.25,1.0,0.0,1.0,1.0,0.75,0.0,1.0,0.0,0.0,1.0,1.0,1.0,1.0,0.0,0.0,1.0,1.0,0.0,1.0,1.0,0.0,1.0,1.0,0.25,0.75,1.0,1.0,1.0,0.0,1.0,0.0,1.0,1.0,1.0,1.0,1.0,0.25,0.25,1.0,1.0,0.0,0.25,0.0,0.33,1.0,0.0,0.0,1.0,0.75,0.75,0.0,0.0,1.0,0.75,0.0,1.0,0.25
1838,0.67,0.33,0.0,0.75,1.0,0.0,0.67,1.0,0.75,1.0,1.0,0.25,1.0,0.75,0.75,0.75,0.0,1.0,0.25,0.0,0.75,0.25,0.75,0.0,0.75,0.25,0.25,1.0,1.0,0.75,0.75,1.0,1.0,1.0,0.25,1.0,0.0,0.25,1.0,0.0,0.25,1.0,0.0,1.0,1.0,1.0,0.0,1.0,0.0,0.75,1.0,0.75,1.0,1.0,0.75,1.0,1.0,0.75,0.75,0.75,1.0,1.0,1.0,0.75,1.0,0.75,1.0,0.5,0.5,0.5,0.5,0.5,0.0,0.75,0.25
1840,0.0,0.0,0.0,1.0,0.25,0.0,1.0,0.0,1.0,1.0,0.0,0.0,1.0,0.0,0.75,0.75,1.0,0.0,1.0,0.0,1.0,0.75,1.0,0.0,1.0,0.0,0.0,1.0,0.75,1.0,0.75,0.0,0.0,1.0,1.0,0.25,1.0,1.0,0.0,1.0,1.0,0.75,1.0,1.0,1.0,1.0,0.75,0.75,0.0,1.0,0.75,1.0,1.0,1.0,0.75,1.0,1.0,1.0,0.0,0.25,1.0,0.5,1.0,0.75,0.75,1.0,1.0,1.0,0.0,0.5,1.0,1.0,0.0,1.0,0.0
1847,0.33,0.17,0.33,1.0,1.0,0.0,0.67,0.75,0.75,0.75,0.25,0.25,0.25,0.0,1.0,0.75,0.25,0.25,0.25,0.0,0.25,0.25,0.75,0.0,0.75,0.25,0.25,1.0,0.25,0.75,0.75,0.25,0.25,0.0,0.25,0.0,0.25,0.25,0.75,0.25,1.0,0.75,0.75,0.25,0.75,0.75,1.0,0.25,0.75,1.0,0.75,1.0,0.75,1.0,0.75,0.25,0.0,0.25,1.0,1.0,0.33,0.67,0.5,0.25,0.75,0.75,0.0,0.75,1.0,0.5,0.5,0.5,0.25,0.75,0.75
1849,0.67,0.67,0.17,0.0,0.75,1.0,0.0,0.75,0.75,0.0,0.25,1.0,0.0,0.25,0.0,0.25,0.0,0.75,0.0,0.0,0.75,0.25,0.0,1.0,0.0,1.0,0.75,1.0,0.75,0.75,0.75,1.0,0.25,0.75,0.75,1.0,0.25,0.75,0.75,0.25,1.0,1.0,0.25,0.0,0.0,0.75,0.75,0.0,1.0,1.0,0.0,0.0,0.0,0.75,0.25,0.25,0.25,0.25,1.0,1.0,0.83,0.83,0.5,0.0,1.0,0.0,0.0,0.0,0.75,1.0,0.75,0.0,1.0,0.75,0.75
1850,0.67,0.33,0.0,1.0,1.0,0.0,1.0,0.25,1.0,1.0,0.25,0.0,1.0,0.0,1.0,0.75,1.0,0.0,1.0,0.0,1.0,1.0,1.0,0.0,1.0,0.0,0.0,1.0,1.0,1.0,1.0,0.0,0.0,1.0,1.0,0.25,1.0,0.75,0.0,0.75,1.0,0.75,1.0,1.0,1.0,1.0,0.0,0.75,0.0,1.0,0.75,1.0,1.0,1.0,1.0,1.0,1.0,1.0,0.0,1.0,0.17,0.67,1.0,0.75,0.25,1.0,1.0,1.0,0.25,0.5,1.0,0.75,0.0,1.0,0.5
1858,0.83,0.0,0.0,1.0,1.0,0.0,1.0,0.75,1.0,1.0,0.0,0.0,1.0,0.0,1.0,0.75,1.0,0.0,1.0,0.25,1.0,0.75,1.0,0.0,1.0,0.0,0.0,1.0,1.0,1.0,1.0,0.0,0.0,1.0,1.0,0.0,1.0,0.75,0.0,1.0,0.75,0.0,0.75,1.0,1.0,1.0,0.0,1.0,0.0,1.0,1.0,1.0,1.0,1.0,0.75,1.0,1.0,1.0,0.0,0.75,0.17,0.83,1.0,0.75,0.0,1.0,1.0,0.75,0.25,0.5,0.75,0.75,0.0,0.75,0.25
1860,0.83,0.33,0.17,0.75,0.75,0.0,0.67,0.75,0.75,0.25,0.0,0.25,0.25,0.25,1.0,1.0,0.25,0.25,0.25,1.0,0.25,0.75,0.25,0.25,1.0,0.75,0.25,1.0,0.25,0.75,1.0,0.25,0.75,0.75,0.75,0.25,0.0,0.25,0.0,0.75,0.75,0.25,0.75,0.25,0.75,1.0,0.75,0.0,0.25,1.0,0.75,0.75,0.25,1.0,1.0,0.0,1.0,0.75,0.75,1.0,0.67,0.67,0.67,0.0,0.75,0.75,1.0,0.75,0.5,0.5,1.0,0.5,0.25,0.75,0.5
1862,0.33,0.17,0.67,0.0,1.0,0.0,1.0,0.0,0.75,0.25,0.25,0.25,0.75,1.0,1.0,1.0,0.0,0.0,1.0,0.0,1.0,0.75,1.0,0.75,1.0,0.0,0.0,1.0,0.0,1.0,1.0,0.75,0.25,1.0,0.25,1.0,0.75,0.25,0.0,0.75,0.0,0.25,0.0,1.0,1.0,1.0,0.0,1.0,0.0,1.0,1.0,1.0,1.0,1.0,0.25,1.0,1.0,1.0,0.25,0.75,0.67,1.0,1.0,0.0,0.25,1.0,0.25,0.75,0.0,0.5,0.5,0.5,0.0,0.5,0.25
1863,0.17,0.0,0.0,1.0,1.0,0.0,1.0,0.0,1.0,1.0,0.0,0.0,1.0,0.0,1.0,0.0,1.0,0.25,1.0,0.0,1.0,0.75,1.0,0.0,1.0,0.0,0.0,1.0,0.25,1.0,1.0,0.0,0.0,0.75,1.0,0.25,1.0,1.0,0.0,0.75,1.0,0.25,1.0,1.0,1.0,1.0,0.0,1.0,0.0,1.0,1.0,1.0,1.0,1.0,0.25,1.0,1.0,1.0,0.0,0.0,0.0,0.33,1.0,0.25,0.0,1.0,0.75,0.5,0.0,0.5,1.0,0.75,0.0,1.0,0.5
1864,0.17,0.33,0.33,0.75,1.0,0.0,0.83,0.0,0.75,1.0,0.25,0.0,0.75,0.0,0.75,0.75,1.0,1.0,1.0,0.0,0.75,0.75,1.0,0.0,1.0,0.0,0.0,1.0,0.25,0.75,1.0,0.0,1.0,0.75,1.0,0.75,1.0,0.75,0.25,0.25,0.75,0.25,0.75,1.0,1.0,1.0,0.0,1.0,0.0,0.25,1.0,1.0,1.0,1.0,0.25,0.75,1.0,1.0,0.25,0.25,0.33,0.5,1.0,0.25,0.0,1.0,0.75,0.75,0.5,0.75,0.75,0.75,0.25,0.75,0.25
1866,0.67,0.5,0.33,0.75,0.25,0.0,0.67,0.75,1.0,0.75,0.25,0.25,0.75,0.0,0.75,0.75,0.75,0.25,1.0,0.0,0.75,1.0,1.0,0.0,1.0,0.75,0.75,0.75,0.25,1.0,0.0,0.25,1.0,0.25,0.75,1.0,0.75,1.0,0.25,1.0,1.0,1.0,1.0,0.75,0.0,1.0,0.75,0.0,0.75,1.0,0.75,1.0,0.75,1.0,1.0,0.25,0.25,1.0,0.75,1.0,0.67,0.67,0.67,0.0,1.0,1.0,1.0,0.75,0.5,0.5,0.75,0.5,0.5,0.5,0.5
1867,0.83,1.0,0.0,0.0,0.75,0.0,0.17,1.0,0.75,0.75,1.0,0.75,0.25,0.75,1.0,0.75,0.0,1.0,0.75,0.0,0.75,0.75,0.0,0.0,0.25,0.75,0.0,1.0,0.75,0.25,0.75,0.75,0.25,0.75,0.25,1.0,0.0,0.25,0.75,0.25,0.75,0.75,0.25,0.75,0.25,1.0,1.0,0.75,1.0,0.75,0.25,0.25,0.25,0.75,0.75,0.0,0.25,0.0,1.0,1.0,0.67,0.67,0.83,0.0,1.0,0.75,0.75,0.25,0.5,0.75,0.75,0.25,0.75,0.5,0.5
1868,0.67,0.33,0.0,0.75,0.75,0.0,0.67,0.75,1.0,1.0,0.25,0.0,0.75,0.75,1.0,0.75,1.0,1.0,0.25,0.0,0.25,0.0,1.0,0.0,0.75,0.25,0.0,1.0,0.75,1.0,0.75,0.0,0.25,1.0,0.75,0.0,1.0,0.75,0.75,0.75,0.0,0.75,0.75,1.0,1.0,1.0,0.0,1.0,0.0,1.0,1.0,1.0,1.0,1.0,1.0,0.25,1.0,1.0,0.0,1.0,0.67,0.83,1.0,0.0,0.75,1.0,1.0,0.75,0.25,0.5,0.75,0.5,0.0,1.0,0.0
1869,0.17,0.17,0.0,0.75,0.75,0.0,0.83,1.0,1.0,1.0,0.75,0.0,0.75,0.25,0.75,0.75,0.75,0.75,0.75,0.25,0.75,0.25,1.0,0.0,1.0,0.0,0.0,1.0,0.25,1.0,0.75,0.0,0.25,0.75,0.75,0.75,0.75,0.25,0.25,0.25,0.25,0.75,0.75,1.0,1.0,0.75,0.0,0.75,0.25,0.75,0.75,0.75,0.75,1.0,1.0,0.75,0.75,1.0,0.25,0.25,0.5,0.67,0.83,0.75,0.75,1.0,1.0,0.75,0.25,0.25,0.75,0.75,0.0,0.75,0.5
1872,0.5,0.83,0.0,0.0,0.25,0.75,0.17,1.0,0.0,0.0,1.0,1.0,0.0,1.0,1.0,0.75,0.0,0.75,0.75,0.0,0.25,0.0,0.0,0.75,0.0,0.75,1.0,0.25,0.25,0.0,1.0,0.75,0.75,1.0,0.25,0.75,0.0,0.75,0.0,0.0,0.0,0.0,0.25,0.0,0.0,0.75,1.0,0.0,1.0,1.0,0.0,0.0,0.75,0.0,0.0,0.0,0.25,0.75,1.0,1.0,0.83,0.83,0.67,0.0,0.0,0.0,0.0,0.0,0.75,0.75,0.5,0.0,0.25,0.25,0.75
1874,0.5,0.0,0.0,1.0,1.0,0.0,0.5,1.0,1.0,1.0,1.0,0.0,0.25,0.25,1.0,0.25,0.0,0.0,1.0,0.0,1.0,1.0,1.0,0.0,0.25,0.0,0.0,1.0,1.0,1.0,1.0,0.75,0.0,1.0,0.25,1.0,0.0,0.0,1.0,0.25,0.0,1.0,0.0,0.75,0.75,1.0,0.25,0.0,0.0,0.0,0.75,1.0,1.0,0.75,1.0,0.75,1.0,0.75,0.25,1.0,1.0,1.0,0.67,0.0,1.0,0.75,1.0,0.5,0.25,0.5,1.0,0.5,0.5,0.75,0.25
1875,1.0,0.83,0.0,0.0,0.0,0.0,0.0,1.0,0.0,0.0,1.0,1.0,0.0,1.0,1.0,0.0,0.0,0.0,0.0,0.0,1.0,1.0,0.0,0.0,0.0,1.0,0.0,1.0,1.0,0.0,1.0,0.0,0.0,1.0,0.0,1.0,0.0,0.0,1.0,0.0,0.0,1.0,0.0,0.0,0.0,0.0,1.0,0.0,0.0,1.0,1.0,0.0,1.0,0.0,0.0,1.0,0.0,0.0,1.0,1.0,1.0,0.83,0.33,0.0,1.0,0.0,1.0,0.0,1.0,1.0,0.75,0.25,1.0,0.75,0.25
1878,0.5,0.5,0.0,0.25,0.25,0.0,0.83,0.75,0.75,1.0,0.75,0.0,0.25,0.25,1.0,0.75,0.0,1.0,1.0,0.0,0.75,0.25,0.0,0.0,0.25,0.0,0.0,1.0,0.25,0.25,0.25,0.75,0.25,0.0,0.75,0.25,0.25,0.75,0.0,0.25,1.0,0.75,0.75,0.75,0.75,0.75,0.25,0.25,0.0,1.0,0.25,0.25,0.75,0.75,0.25,0.75,0.25,0.75,0.75,1.0,0.17,0.67,0.33,0.0,0.75,1.0,0.25,0.5,0.5,0.5,0.5,0.5,0.5,0.5,0.5
1879,0.83,0.83,0.17,1.0,0.25,0.0,0.67,0.75,1.0,0.75,0.75,0.25,0.25,0.75,1.0,0.75,0.0,1.0,1.0,0.0,1.0,1.0,0.0,0.25,0.25,0.25,0.25,0.25,0.25,1.0,0.25,0.75,0.0,0.0,0.0,0.25,0.25,1.0,0.0,0.75,1.0,0.75,1.0,0.75,1.0,1.0,0.25,0.75,0.75,1.0,0.25,0.25,0.75,0.75,0.25,0.25,0.75,0.75,1.0,0.25,0.17,1.0,1.0,0.0,0.25,1.0,0.75,0.75,0.25,0.5,0.75,0.75,0.5,1.0,0.75
1883,0.83,0.67,0.83,0.25,0.25,0.0,0.67,0.25,0.75,0.0,1.0,1.0,0.0,0.75,1.0,0.0,0.0,1.0,0.75,0.0,0.0,0.25,0.0,0.0,0.0,0.0,0.25,0.75,0.0,0.0,1.0,0.25,0.0,0.0,0.25,0.25,0.25,1.0,0.0,0.0,1.0,1.0,1.0,0.75,0.25,1.0,0.75,0.25,0.75,0.75,0.0,0.0,0.75,0.75,0.75,0.0,0.0,0.25,1.0,1.0,0.83,0.83,0.67,0.0,0.0,1.0,1.0,0.5,0.5,0.5,0.5,0.5,0.5,0.5,0.5
1884,0.83,0.17,0.67,0.75,0.75,0.25,0.83,0.75,1.0,1.0,1.0,0.25,0.25,0.25,1.0,0.0,0.0,1.0,0.75,0.0,1.0,0.75,0.0,0.0,0.75,0.25,0.25,1.0,0.75,0.75,0.0,0.25,0.0,1.0,0.75,0.0,0.25,1.0,0.25,0.25,0.25,1.0,0.75,0.25,1.0,1.0,0.75,0.75,0.0,1.0,0.75,0.75,1.0,1.0,0.75,0.75,0.75,0.0,1.0,0.75,0.83,0.83,0.67,0.0,0.75,0.75,1.0,0.25,0.5,0.75,1.0,0.5,0.5,0.25,0.25
1885,0.33,0.17,0.17,1.0,0.75,0.0,1.0,0.0,1.0,1.0,0.25,0.0,1.0,0.0,0.75,1.0,1.0,0.75,1.0,0.25,1.0,1.0,1.0,0.25,1.0,0.0,0.0,1.0,1.0,1.0,1.0,0.0,0.75,0.75,1.0,0.0,1.0,0.75,0.0,1.0,1.0,0.25,1.0,1.0,1.0,1.0,0.75,1.0,0.0,1.0,0.75,1.0,1.0,1.0,1.0,1.0,1.0,1.0,0.25,0.75,0.0,0.67,0.67,0.75,0.0,1.0,1.0,0.75,0.0,0.5,0.75,1.0,0.0,1.0,0.5
1887,0.33,0.33,0.0,0.75,0.75,0.0,0.5,0.75,1.0,1.0,1.0,0.0,0.75,0.75,1.0,0.75,0.25,1.0,0.75,0.0,0.75,0.75,1.0,0.0,0.75,0.0,0.0,1.0,1.0,0.75,1.0,0.25,0.75,1.0,0.25,0.75,0.0,0.25,1.0,0.25,0.0,1.0,0.25,1.0,1.0,0.75,0.0,1.0,0.0,0.25,1.0,0.75,1.0,1.0,0.75,1.0,1.0,0.25,0.75,0.25,0.67,0.67,0.67,0.25,1.0,0.75,1.0,0.75,0.25,0.5,0.75,0.5,0.0,0.75,0.0
1889,1.0,0.17,0.17,1.0,0.25,0.0,0.33,1.0,0.75,0.75,0.75,0.0,0.75,0.25,1.0,1.0,0.75,0.75,1.0,0.25,1.0,1.0,1.0,0.0,1.0,0.0,0.0,1.0,1.0,0.75,1.0,0.25,0.25,1.0,0.75,1.0,0.75,0.75,1.0,0.25,0.0,1.0,0.0,1.0,1.0,1.0,1.0,0.0,0.25,1.0,1.0,0.75,1.0,1.0,1.0,0.75,1.0,1.0,0.0,1.0,1.0,1.0,0.67,0.0,1.0,0.75,1.0,0.75,0.25,0.5,1.0,0.5,0.75,0.5,0.0
1890,0.83,0.83,0.17,0.75,0.75,0.0,0.33,1.0,0.75,1.0,0.75,0.0,1.0,1.0,0.75,0.0,0.75,0.0,1.0,0.0,0.75,0.75,0.25,0.0,0.75,0.0,0.0,0.75,0.0,0.75,0.25,0.0,0.0,1.0,1.0,1.0,0.25,0.25,0.0,0.0,1.0,1.0,1.0,1.0,1.0,1.0,0.0,0.75,0.0,0.75,0.75,1.0,0.75,1.0,0.0,1.0,1.0,0.25,1.0,1.0,0.33,0.67,0.83,0.0,1.0,1.0,0.0,0.5,0.5,0.5,0.75,0.75,0.25,0.75,0.5
1891,0.83,0.17,0.0,0.75,0.75,0.0,0.5,0.0,1.0,0.25,0.75,0.0,0.75,0.0,0.75,0.75,0.0,1.0,0.75,0.25,0.75,0.75,0.75,0.0,0.25,0.0,0.0,1.0,0.75,0.75,0.25,0.25,0.0,0.75,0.25,0.75,0.25,0.75,0.75,0.75,1.0,0.75,0.75,1.0,0.75,1.0,0.25,0.75,0.25,1.0,0.25,0.75,0.75,0.75,0.25,1.0,0.25,0.75,1.0,0.75,0.67,0.67,0.67,0.0,0.75,0.75,0.75,0.5,0.5,0.5,0.75,0.5,0.5,0.75,0.5
1892,0.67,0.33,0.0,0.25,0.75,0.0,0.67,0.25,1.0,1.0,0.25,0.0,0.25,0.0,1.0,0.25,1.0,1.0,0.75,0.0,1.0,0.75,0.75,0.0,1.0,0.0,0.0,1.0,0.75,1.0,0.75,0.25,0.25,0.75,0.25,0.75,0.25,0.75,0.0,0.75,0.75,0.25,0.75,0.75,0.75,1.0,0.75,0.0,0.0,1.0,0.75,0.25,0.75,1.0,0.75,0.25,1.0,0.25,0.75,0.25,0.67,0.83,0.83,0.25,0.25,0.75,0.75,0.5,0.5,0.75,1.0,1.0,0.5,0.5,0.5
1895,0.67,0.5,0.0,0.25,0.0,0.0,0.33,0.0,1.0,0.75,0.25,0.25,0.75,0.0,1.0,0.25,0.0,1.0,0.25,0.0,0.75,0.75,0.75,0.25,0.25,0.25,0.25,0.75,0.25,1.0,0.25,0.25,0.0,0.0,0.75,0.75,0.0,0.75,0.0,0.25,0.75,0.25,0.75,0.75,0.25,0.75,0.25,0.0,0.75,1.0,0.0,0.0,0.25,0.75,0.75,0.75,0.75,0.75,0.75,0.75,0.5,0.67,0.67,0.0,0.25,0.75,0.75,0.5,0.5,0.5,0.75,0.75,0.5,0.75,0.5
1896,0.17,0.33,0.5,1.0,1.0,0.0,1.0,0.0,1.0,1.0,0.0,0.0,1.0,0.0,1.0,1.0,1.0,0.75,1.0,0.0,1.0,1.0,1.0,0.0,1.0,0.0,0.0,1.0,0.25,1.0,1.0,0.0,0.0,0.0,1.0,1.0,1.0,1.0,0.0,1.0,1.0,1.0,1.0,1.0,1.0,1.0,0.0,0.0,0.0,1.0,1.0,1.0,1.0,1.0,1.0,1.0,1.0,1.0,0.0,1.0,0.17,1.0,1.0,0.0,0.0,1.0,0.25,0.5,0.0,0.75,1.0,0.75,0.25,1.0,0.0
1897,0.0,0.17,0.0,1.0,1.0,0.0,1.0,0.0,1.0,1.0,0.0,0.0,1.0,0.0,1.0,0.25,1.0,0.25,1.0,0.0,1.0,1.0,1.0,0.0,1.0,0.0,0.0,1.0,0.75,1.0,1.0,0.0,0.0,1.0,1.0,0.0,1.0,1.0,0.0,1.0,1.0,0.75,1.0,1.0,1.0,1.0,0.0,0.25,0.0,1.0,1.0,1.0,1.0,1.0,0.75,1.0,1.0,1.0,0.0,0.0,0.17,0.5,1.0,0.25,0.0,1.0,1.0,1.0,0.0,0.0,1.0,0.75,0.0,1.0,0.25
1898,0.0,0.17,0.0,0.75,1.0,0.0,0.83,0.0,1.0,1.0,0.0,0.0,1.0,0.0,1.0,1.0,1.0,1.0,1.0,1.0,1.0,1.0,1.0,0.0,1.0,0.0,0.0,1.0,1.0,1.0,1.0,0.0,1.0,1.0,0.0,0.25,1.0,0.75,1.0,0.25,0.75,1.0,0.75,1.0,1.0,1.0,0.75,0.75,0.0,0.75,0.75,0.25,1.0,1.0,1.0,1.0,1.0,0.75,0.25,0.75,0.17,0.33,1.0,0.25,0.75,1.0,1.0,0.75,0.25,0.5,0.75,0.75,0.5,0.75,0.5
1899,0.67,0.33,0.5,0.25,0.25,0.25,0.17,0.75,0.75,0.75,0.75,0.75,0.25,0.0,0.25,0.75,0.0,1.0,0.75,0.25,1.0,0.25,1.0,0.0,0.25,0.25,0.0,0.75,0.75,1.0,0.25,0.25,0.75,0.25,0.0,1.0,0.25,0.25,1.0,0.25,0.75,0.75,0.25,0.75,0.25,1.0,0.25,0.25,0.25,0.25,0.25,0.75,0.75,0.25,0.75,1.0,0.25,0.25,0.75,1.0,0.83,0.83,0.5,0.25,1.0,0.0,1.0,0.5,0.5,0.5,0.5,0.5,0.5,0.5,0.5
1900,0.33,0.0,0.0,1.0,1.0,0.0,0.83,0.0,1.0,1.0,0.0,0.0,1.0,0.0,1.0,0.0,1.0,1.0,1.0,0.0,1.0,0.25,1.0,0.0,1.0,0.0,0.0,1.0,1.0,1.0,1.0,0.0,0.0,0.0,0.25,0.0,1.0,1.0,0.0,0.75,0.75,1.0,1.0,1.0,1.0,1.0,0.25,0.75,0.0,1.0,1.0,0.25,1.0,1.0,1.0,0.75,1.0,1.0,0.0,1.0,0.33,1.0,1.0,0.0,0.0,1.0,1.0,0.75,0.0,0.75,0.75,1.0,0.25,0.5,0.25
1902,0.83,0.67,0.17,0.25,0.25,0.0,0.5,0.25,0.25,0.75,1.0,0.25,0.25,0.75,1.0,0.25,0.25,0.75,0.75,0.0,1.0,0.75,1.0,0.0,0.0,0.25,0.25,0.75,0.75,1.0,1.0,0.25,0.25,1.0,0.25,0.75,0.0,0.25,1.0,0.0,1.0,1.0,0.25,1.0,1.0,1.0,0.25,0.25,0.75,1.0,0.25,0.75,0.25,0.75,1.0,0.25,0.25,0.25,0.25,1.0,0.83,0.67,0.17,0.0,0.75,1.0,1.0,0.75,0.5,0.5,1.0,0.5,0.5,0.75,0.5
1905,0.0,0.17,0.0,1.0,1.0,0.0,0.67,0.75,1.0,1.0,1.0,0.0,1.0,0.25,1.0,1.0,1.0,1.0,1.0,0.0,1.0,1.0,1.0,0.0,1.0,0.0,0.0,1.0,1.0,0.75,1.0,0.0,0.0,1.0,0.0,1.0,0.75,0.25,1.0,0.0,0.0,1.0,0.0,1.0,1.0,1.0,0.0,1.0,0.0,0.75,1.0,1.0,1.0,1.0,1.0,1.0,1.0,0.75,0.75,0.0,0.5,0.5,1.0,0.0,1.0,1.0,1.0,0.75,0.25,0.5,0.75,0.5,0.0,0.75,0.25
1911,0.83,0.67,0.5,0.0,1.0,0.0,0.0,1.0,0.0,0.0,1.0,1.0,0.0,1.0,1.0,0.75,0.0,0.0,0.0,0.0,0.25,0.0,0.0,0.0,0.0,1.0,1.0,1.0,1.0,0.0,0.75,1.0,1.0,0.25,0.0,1.0,0.0,0.0,1.0,0.0,0.25,1.0,0.0,0.75,0.0,0.0,1.0,0.25,0.75,0.0,0.0,0.25,0.75,0.0,1.0,0.0,0.0,0.0,1.0,1.0,1.0,1.0,0.0,0.0,1.0,0.0,0.0,0.25,0.5,0.75,1.0,0.25,1.0,1.0,0.25
1912,0.83,0.33,0.5,0.25,1.0,0.0,0.67,1.0,1.0,1.0,0.25,0.75,0.75,0.75,1.0,1.0,0.25,1.0,0.75,0.0,0.75,0.75,1.0,0.0,1.0,0.0,0.0,1.0,0.25,0.25,1.0,0.0,0.0,1.0,0.25,1.0,0.75,0.75,1.0,0.0,0.0,0.75,0.75,1.0,1.0,1.0,1.0,0.25,0.0,0.75,1.0,0.0,1.0,1.0,1.0,1.0,0.25,0.25,1.0,1.0,0.83,0.83,1.0,1.0,1.0,1.0,1.0,0.5,0.5,0.5,0.5,0.5,0.5,0.75,0.5
1922,0.0,0.0,0.0,1.0,1.0,0.0,1.0,0.0,1.0,1.0,0.0,0.0,1.0,0.0,1.0,0.0,1.0,0.0,1.0,0.0,1.0,1.0,1.0,0.0,1.0,0.0,0.0,1.0,1.0,1.0,1.0,0.0,0.0,1.0,1.0,0.0,1.0,1.0,0.0,1.0,1.0,0.0,1.0,1.0,1.0,1.0,0.0,0.0,0.0,1.0,1.0,1.0,1.0,1.0,0.0,1.0,1.0,1.0,0.0,0.0,0.0,0.0,1.0,1.0,0.0,1.0,1.0,1.0,0.0,0.5,1.0,1.0,0.0,1.0,0.5
1928,1.0,1.0,0.67,0.25,1.0,0.75,0.17,0.75,0.25,0.0,0.25,1.0,0.0,1.0,0.75,1.0,0.0,0.75,0.25,0.0,0.75,0.25,0.0,0.75,0.0,1.0,0.75,0.75,1.0,0.25,0.75,0.75,0.75,1.0,0.25,0.75,0.25,0.25,1.0,0.25,0.75,1.0,0.25,0.0,0.0,0.75,1.0,0.0,0.25,0.25,0.25,0.25,0.25,0.0,0.25,0.0,0.25,0.25,1.0,1.0,0.83,0.83,0.33,0.0,1.0,0.25,0.0,0.0,0.5,0.75,0.75,0.25,0.75,0.5,0.5
1929,0.17,0.0,0.0,1.0,1.0,0.0,1.0,0.0,1.0,1.0,0.0,0.0,1.0,0.25,1.0,1.0,1.0,0.25,1.0,0.0,1.0,0.25,1.0,0.0,1.0,0.0,0.0,1.0,0.75,1.0,1.0,0.0,0.0,1.0,0.75,0.75,1.0,1.0,0.75,1.0,1.0,0.75,1.0,1.0,1.0,1.0,0.25,0.75,0.0,0.75,1.0,0.75,1.0,1.0,0.25,0.75,1.0,1.0,0.0,0.75,0.17,0.5,1.0,0.75,0.0,1.0,1.0,1.0,0.0,0.25,1.0,1.0,0.25,1.0,0.5
1933,0.67,0.83,0.17,0.75,1.0,0.25,0.67,0.75,1.0,0.75,0.75,0.75,0.75,1.0,1.0,1.0,0.75,1.0,0.75,0.0,0.75,0.75,0.25,0.75,0.25,0.75,0.25,1.0,0.75,1.0,0.25,0.75,0.75,1.0,0.75,1.0,0.75,0.75,0.0,0.75,0.75,0.0,0.25,0.75,0.75,1.0,0.0,0.75,0.25,1.0,0.75,0.75,0.75,1.0,1.0,0.0,1.0,1.0,0.0,1.0,0.67,0.83,0.83,0.0,0.75,0.75,1.0,0.5,0.25,0.5,0.5,0.5,0.0,0.5,0.25
1934,0.33,0.0,0.0,0.75,1.0,0.0,0.83,0.75,1.0,1.0,1.0,0.25,0.75,0.75,1.0,0.25,0.25,0.75,1.0,0.0,1.0,0.75,1.0,0.0,0.75,0.0,0.0,1.0,0.25,0.75,0.25,0.0,0.0,1.0,0.75,0.75,0.0,0.25,0.25,0.0,0.0,1.0,0.25,1.0,1.0,1.0,0.0,1.0,0.25,0.75,1.0,0.75,0.75,1.0,0.75,1.0,1.0,0.75,0.75,0.25,0.83,1.0,1.0,0.75,0.75,0.75,1.0,0.75,0.25,0.5,0.75,0.5,0.0,0.5,0.25
1935,0.0,0.17,0.17,0.75,1.0,0.0,1.0,0.75,1.0,1.0,1.0,0.0,1.0,0.75,1.0,0.75,0.25,0.75,1.0,0.0,1.0,0.75,1.0,0.0,1.0,0.0,0.0,1.0,1.0,1.0,0.75,0.25,0.0,1.0,0.75,1.0,0.25,0.25,1.0,0.25,0.0,1.0,0.25,1.0,1.0,1.0,0.0,1.0,0.0,1.0,1.0,1.0,1.0,1.0,0.25,1.0,1.0,1.0,0.25,0.25,0.83,0.83,0.83,0.75,1.0,1.0,1.0,0.75,0.25,0.5,0.75,0.5,0.0,0.5,0.0
1936,0.17,0.33,0.0,1.0,1.0,0.0,0.83,1.0,0.75,1.0,1.0,0.0,0.75,0.25,1.0,0.75,0.25,0.75,1.0,0.0,0.75,0.25,1.0,0.0,0.75,0.0,0.0,1.0,1.0,0.75,0.75,0.25,0.75,1.0,0.75,1.0,0.0,0.75,1.0,0.25,0.25,0.75,0.25,1.0,1.0,1.0,0.0,1.0,0.0,1.0,1.0,0.75,1.0,1.0,0.25,1.0,1.0,1.0,0.25,1.0,0.83,0.83,0.83,0.25,0.75,1.0,1.0,0.5,0.25,0.5,0.75,0.5,0.0,0.5,0.0
1937,0.17,0.33,0.0,0.75,1.0,0.0,0.83,1.0,1.0,1.0,1.0,0.0,0.75,1.0,1.0,0.75,0.25,1.0,0.75,0.0,1.0,0.75,1.0,0.0,1.0,0.0,0.0,1.0,1.0,1.0,1.0,0.0,0.25,1.0,0.25,1.0,0.25,0.25,1.0,0.25,0.0,1.0,0.0,1.0,1.0,1.0,0.0,1.0,0.0,1.0,1.0,1.0,1.0,1.0,0.75,1.0,1.0,1.0,0.75,0.75,0.83,1.0,1.0,0.25,0.75,1.0,1.0,0.75,0.25,0.5,0.75,0.5,0.0,0.75,0.0
1938,0.17,0.17,0.0,0.25,0.0,0.0,0.17,0.75,0.75,0.75,0.25,0.25,0.75,0.0,0.0,1.0,0.75,0.75,0.75,0.0,0.25,1.0,0.0,0.25,0.0,0.75,0.25,1.0,0.0,0.75,0.75,0.25,0.25,1.0,0.0,1.0,0.25,0.75,1.0,0.25,0.75,1.0,0.75,0.75,1.0,1.0,1.0,0.75,0.0,1.0,1.0,0.25,1.0,1.0,1.0,0.0,1.0,0.0,0.75,0.0,0.83,0.67,0.5,0.0,1.0,0.75,0.75,0.25,0.25,0.5,1.0,0.5,0.25,0.75,0.5
1939,0.0,0.0,0.0,1.0,1.0,0.0,1.0,1.0,1.0,1.0,0.0,0.0,1.0,0.0,1.0,0.75,1.0,0.0,1.0,0.25,1.0,1.0,1.0,0.0,1.0,0.0,0.0,1.0,0.0,1.0,1.0,0.0,0.0,1.0,1.0,0.75,1.0,1.0,0.0,1.0,1.0,1.0,1.0,1.0,1.0,1.0,0.0,1.0,0.0,1.0,1.0,1.0,1.0,1.0,0.25,1.0,1.0,1.0,0.0,0.0,0.0,0.83,1.0,0.25,0.0,1.0,1.0,0.75,0.0,0.5,1.0,0.75,0.0,1.0,0.75
1940,1.0,0.33,0.0,0.25,0.25,0.75,0.67,1.0,0.75,1.0,1.0,0.25,0.75,0.25,0.75,0.25,0.25,0.75,1.0,0.25,0.75,1.0,0.25,0.0,0.25,0.0,0.0,1.0,0.25,0.75,0.75,0.0,0.25,0.25,0.75,0.75,0.25,0.25,0.0,1.0,1.0,0.25,0.75,1.0,0.75,1.0,0.25,0.25,0.25,0.75,0.75,0.25,0.75,1.0,1.0,0.0,0.25,1.0,1.0,1.0,0.33,0.67,0.67,0.0,0.25,0.75,0.75,0.5,0.5,0.75,0.75,0.5,0.5,0.75,0.5
1941,0.83,0.17,0.0,0.25,1.0,0.0,0.17,1.0,1.0,0.75,0.75,0.0,1.0,0.75,1.0,0.75,0.25,0.75,0.75,0.0,0.25,0.75,0.75,0.0,0.75,0.0,0.0,1.0,0.75,0.75,0.75,0.25,0.75,1.0,0.25,1.0,0.0,0.25,1.0,0.0,0.75,1.0,0.25,1.0,1.0,1.0,0.0,1.0,0.0,1.0,0.75,0.25,1.0,1.0,1.0,0.75,1.0,0.75,0.75,1.0,0.83,1.0,1.0,0.25,0.75,1.0,1.0,0.5,0.5,0.5,0.5,0.5,0.0,0.75,0.25
1944,0.67,0.33,0.0,0.75,1.0,0.0,0.67,1.0,1.0,1.0,1.0,0.0,0.75,0.75,1.0,0.75,0.25,0.75,0.75,0.0,1.0,0.75,1.0,0.0,0.75,0.25,0.0,1.0,1.0,0.75,0.75,0.25,0.75,1.0,0.25,1.0,0.0,0.25,1.0,0.25,0.0,1.0,0.25,1.0,1.0,1.0,0.0,1.0,0.0,1.0,1.0,1.0,1.0,1.0,0.75,1.0,1.0,0.25,0.75,0.75,0.83,0.83,0.83,0.75,1.0,0.75,1.0,0.75,0.5,0.5,0.75,0.5,0.0,0.5,0.0
1946,0.67,0.33,0.0,0.75,0.75,0.0,0.67,0.75,1.0,1.0,0.75,0.0,1.0,0.75,0.75,0.25,0.75,0.75,0.75,0.25,1.0,1.0,0.75,0.0,0.75,0.25,0.25,1.0,0.75,1.0,0.75,0.0,0.0,1.0,0.75,0.25,0.25,0.75,0.25,0.0,0.75,0.25,0.75,1.0,0.75,1.0,0.0,1.0,0.0,1.0,1.0,1.0,1.0,1.0,0.25,1.0,0.75,1.0,0.0,0.75,0.67,0.67,0.83,0.0,0.25,1.0,1.0,0.5,0.5,0.5,1.0,0.5,0.25,0.5,0.5
1948,0.67,0.67,0.17,0.25,0.25,0.0,0.33,1.0,0.75,0.25,1.0,0.75,0.75,0.75,1.0,1.0,1.0,1.0,0.75,0.0,0.25,0.25,0.0,0.0,0.25,0.25,0.25,1.0,1.0,0.25,1.0,0.25,0.25,0.25,0.25,1.0,0.25,0.25,1.0,0.25,0.25,0.75,0.25,0.75,0.25,0.75,1.0,0.0,0.75,0.25,0.75,0.25,0.75,1.0,0.75,0.0,0.0,1.0,1.0,1.0,1.0,0.67,0.33,0.0,0.75,0.0,0.25,0.25,0.75,0.75,0.75,0.25,0.75,0.75,0.25
1949,0.0,0.17,0.0,1.0,0.75,0.0,0.83,0.0,1.0,1.0,0.0,0.0,1.0,0.0,1.0,0.75,1.0,0.25,1.0,0.0,1.0,0.75,1.0,0.0,1.0,0.0,0.0,1.0,1.0,1.0,1.0,0.0,0.0,1.0,1.0,0.0,1.0,1.0,0.0,0.75,1.0,0.0,1.0,1.0,1.0,1.0,0.0,1.0,0.0,1.0,1.0,1.0,1.0,1.0,1.0,1.0,1.0,1.0,0.0,1.0,0.17,0.33,1.0,0.0,0.0,1.0,1.0,0.75,0.0,0.5,1.0,1.0,0.25,1.0,0.75
1950,0.0,0.67,0.67,0.0,0.0,1.0,0.67,0.0,0.0,1.0,0.0,1.0,0.0,0.0,1.0,0.75,1.0,1.0,0.75,0.0,1.0,0.25,0.0,1.0,0.0,1.0,1.0,0.75,0.25,0.25,0.25,1.0,0.0,0.25,0.0,0.75,0.0,0.75,0.25,0.75,0.25,0.75,0.25,0.0,0.0,0.75,1.0,0.0,1.0,1.0,0.0,0.0,0.0,0.75,0.25,0.0,0.0,0.0,0.75,0.25,1.0,0.67,0.33,0.0,0.75,0.0,0.0,0.0,0.5,0.75,0.75,0.5,0.5,0.5,0.75
1951,0.17,0.17,0.0,1.0,1.0,0.0,1.0,0.25,1.0,1.0,0.25,0.0,1.0,0.25,1.0,0.0,1.0,0.75,1.0,0.0,1.0,0.75,1.0,0.0,1.0,0.0,0.0,1.0,1.0,1.0,1.0,0.0,0.0,1.0,1.0,0.25,1.0,0.75,0.75,0.75,1.0,0.25,1.0,1.0,1.0,1.0,0.0,1.0,0.0,1.0,1.0,1.0,1.0,1.0,0.25,1.0,1.0,1.0,0.0,0.75,0.17,0.83,1.0,0.0,0.0,1.0,1.0,0.75,0.0,0.25,0.75,0.75,0.0,1.0,0.5
1952,0.83,0.83,0.83,0.0,0.25,0.25,0.0,1.0,0.25,0.0,1.0,1.0,0.0,0.75,0.75,0.75,0.0,0.75,0.0,0.0,0.25,0.25,0.0,0.25,0.0,1.0,1.0,1.0,0.75,0.0,1.0,1.0,0.75,1.0,0.0,1.0,0.0,0.25,1.0,0.0,0.25,0.75,0.0,0.0,0.0,0.0,1.0,0.0,0.75,0.75,0.0,0.25,0.25,0.0,0.25,0.0,0.25,0.0,1.0,1.0,1.0,0.83,0.17,0.0,1.0,0.0,0.0,0.0,0.75,0.75,0.5,0.0,0.75,0.25,0.5
1954,0.83,0.5,0.17,0.0,0.0,0.75,0.17,1.0,0.75,0.25,1.0,1.0,0.0,0.75,0.75,1.0,0.0,0.75,0.25,0.0,0.0,0.0,0.0,0.75,0.0,1.0,1.0,0.75,0.75,0.25,0.75,0.75,0.75,0.25,0.0,1.0,0.0,0.0,0.75,0.25,0.0,0.75,0.25,0.0,0.0,0.25,1.0,0.0,0.0,0.25,0.25,0.75,1.0,0.25,0.75,0.0,1.0,0.0,1.0,1.0,0.83,0.83,0.17,0.0,1.0,0.0,0.0,0.25,0.75,0.75,0.5,0.0,0.5,0.5,0.5
1955,0.83,0.33,0.5,0.25,0.75,0.0,0.17,0.75,0.75,0.25,1.0,0.0,0.25,1.0,1.0,1.0,0.0,0.0,0.75,0.0,1.0,0.75,0.75,0.0,0.0,0.25,0.0,1.0,1.0,0.25,0.25,0.0,0.0,1.0,0.0,1.0,0.0,0.0,1.0,0.0,0.0,1.0,0.25,0.75,0.75,0.25,1.0,0.0,0.75,0.25,0.75,0.75,1.0,0.25,1.0,0.0,0.75,0.0,1.0,1.0,1.0,1.0,0.83,0.0,1.0,0.25,1.0,0.5,0.5,0.75,0.75,0.5,0.5,0.5,0.5
1956,0.0,0.17,0.0,0.25,0.75,0.0,0.17,1.0,0.75,0.0,0.75,0.0,0.0,0.25,0.75,1.0,0.0,0.75,0.75,0.0,0.25,0.25,0.25,0.75,0.25,0.75,0.75,1.0,0.75,0.25,0.0,0.75,0.25,0.75,0.0,1.0,0.0,0.75,0.25,0.0,0.75,0.75,1.0,0.0,0.25,0.75,1.0,0.75,0.0,0.75,1.0,0.75,0.75,0.0,0.0,0.0,0.0,0.25,0.75,0.75,1.0,0.17,0.67,0.0,1.0,0.0,0.0,0.0,0.75,0.5,0.75,0.25,0.5,0.5,0.0
1957,0.83,0.5,0.17,0.25,0.75,0.0,0.17,1.0,0.25,0.0,1.0,1.0,0.0,1.0,0.25,0.25,0.0,0.25,1.0,0.0,0.75,0.0,0.0,0.0,0.0,1.0,0.25,0.75,1.0,0.0,1.0,0.0,0.25,1.0,0.0,1.0,0.0,0.0,1.0,0.0,0.25,1.0,0.0,0.75,0.0,0.0,1.0,0.25,0.0,0.0,0.25,1.0,0.75,0.0,0.75,0.0,0.0,0.0,1.0,0.75,1.0,1.0,0.67,0.0,1.0,0.0,0.75,0.25,1.0,0.75,0.75,0.25,0.75,0.75,0.5
1958,0.17,0.83,0.17,0.0,0.75,0.0,0.0,1.0,0.0,0.0,1.0,0.75,0.0,1.0,0.75,0.0,0.0,0.0,1.0,0.0,0.0,0.0,0.0,0.0,0.0,0.0,0.0,1.0,0.75,0.0,0.0,0.75,0.75,1.0,0.0,1.0,0.0,0.0,1.0,0.0,0.0,0.75,0.0,0.0,0.0,0.0,1.0,0.0,0.0,0.0,1.0,0.25,0.25,0.0,1.0,0.0,0.0,0.0,1.0,1.0,1.0,1.0,0.17,0.0,1.0,0.0,0.0,0.0,0.5,0.75,0.75,0.25,0.5,0.5,0.0
1961,0.0,0.0,0.0,1.0,1.0,0.0,0.83,0.0,1.0,1.0,0.0,0.0,1.0,0.0,1.0,1.0,1.0,0.25,1.0,0.0,1.0,1.0,1.0,0.0,1.0,0.0,0.0,1.0,0.25,1.0,1.0,0.0,0.25,1.0,1.0,0.25,1.0,0.75,0.0,1.0,1.0,0.25,1.0,1.0,1.0,1.0,0.0,1.0,0.0,1.0,1.0,1.0,1.0,1.0,0.25,1.0,1.0,1.0,0.0,0.0,0.33,0.83,1.0,1.0,0.0,1.0,1.0,1.0,0.0,0.5,1.0,1.0,0.0,1.0,0.5
1962,1.0,0.0,0.67,1.0,1.0,0.0,0.33,0.75,1.0,1.0,1.0,0.0,1.0,0.0,1.0,0.75,0.0,1.0,0.75,0.0,1.0,0.25,0.25,0.0,0.75,0.0,0.0,1.0,0.75,1.0,0.75,0.0,0.25,0.0,0.25,0.75,0.0,1.0,0.0,0.75,1.0,0.25,1.0,0.75,1.0,1.0,0.0,0.25,0.0,1.0,1.0,0.25,1.0,1.0,0.25,0.75,1.0,1.0,1.0,0.75,0.67,0.67,1.0,0.0,0.75,1.0,1.0,0.5,0.5,0.5,0.75,0.75,0.5,0.75,0.5
1963,0.17,0.33,0.5,0.0,0.0,0.0,0.67,0.25,1.0,1.0,0.0,0.75,0.0,0.0,0.0,0.0,0.0,1.0,1.0,0.0,0.75,0.0,0.0,0.75,0.0,0.75,0.75,1.0,0.0,0.75,0.25,0.0,0.25,1.0,0.75,0.75,0.0,0.75,0.75,0.25,1.0,0.0,0.75,1.0,0.0,1.0,1.0,0.0,0.75,1.0,0.75,1.0,0.75,1.0,0.0,0.0,1.0,0.75,1.0,0.0,0.67,0.67,0.17,0.0,1.0,0.75,0.0,0.5,0.5,0.75,0.75,0.25,0.75,0.5,0.5
1964,0.83,0.33,0.0,0.75,0.75,0.0,0.33,0.75,1.0,0.75,1.0,0.0,0.75,0.25,1.0,1.0,0.0,1.0,0.75,0.0,0.25,0.25,0.25,0.0,0.75,0.0,0.75,1.0,0.75,0.75,1.0,0.75,1.0,1.0,0.25,0.75,0.25,0.75,1.0,0.25,0.25,1.0,0.25,0.75,0.75,1.0,0.75,0.25,0.25,0.75,0.25,0.25,0.75,0.25,1.0,0.25,0.25,1.0,0.75,0.75,0.83,1.0,0.67,0.25,0.75,0.25,1.0,0.5,0.5,0.75,1.0,0.25,0.5,0.75,0.5
1965,0.17,0.17,0.17,0.25,0.0,0.25,0.17,1.0,0.25,0.0,0.75,0.25,0.25,0.25,1.0,0.75,0.75,0.75,0.75,0.25,0.25,0.75,0.25,0.75,0.0,1.0,0.75,0.75,0.25,0.75,0.75,0.75,0.75,0.0,0.0,1.0,0.0,1.0,0.75,0.25,0.75,0.75,1.0,0.25,0.25,0.75,1.0,0.0,0.0,0.75,0.25,1.0,0.75,0.25,1.0,0.0,0.25,0.0,1.0,1.0,0.83,0.67,0.5,0.0,1.0,0.0,1.0,0.0,0.75,0.75,0.75,0.5,0.75,0.5,0.5
1966,0.83,0.5,0.5,0.75,0.25,0.0,0.0,0.75,0.25,0.0,1.0,0.25,0.25,0.25,1.0,0.0,0.0,0.0,0.25,0.0,1.0,0.75,0.25,0.0,0.0,0.75,0.25,1.0,0.25,0.25,0.25,0.25,0.0,1.0,0.0,1.0,0.0,0.0,0.75,0.0,0.75,1.0,0.25,1.0,0.25,0.25,0.25,0.0,0.25,0.25,0.25,1.0,0.75,0.75,0.75,0.0,1.0,0.0,1.0,0.75,1.0,0.83,0.17,0.0,1.0,0.0,1.0,0.5,0.75,0.75,1.0,0.5,0.75,1.0,0.5
1968,0.17,0.17,0.0,1.0,1.0,0.0,1.0,0.0,1.0,1.0,0.25,0.0,1.0,0.0,1.0,0.75,1.0,0.25,1.0,0.0,1.0,0.75,1.0,0.0,1.0,0.0,0.0,1.0,0.75,1.0,0.75,0.0,0.0,1.0,1.0,0.25,0.75,0.75,0.0,1.0,1.0,0.75,1.0,1.0,1.0,1.0,0.0,1.0,0.0,1.0,0.75,1.0,1.0,1.0,0.75,1.0,1.0,1.0,0.25,0.75,0.17,0.5,1.0,0.75,0.75,1.0,1.0,1.0,0.0,0.5,0.75,0.75,0.0,0.75,0.25
1969,0.0,0.17,0.0,1.0,1.0,0.0,0.83,0.0,1.0,1.0,0.25,0.0,1.0,0.0,1.0,1.0,1.0,0.0,1.0,0.0,1.0,1.0,1.0,0.0,1.0,0.0,0.0,1.0,0.75,1.0,0.25,0.0,0.0,1.0,1.0,0.75,1.0,1.0,0.0,1.0,0.75,0.75,0.75,1.0,1.0,1.0,0.0,1.0,0.0,1.0,0.75,1.0,0.75,1.0,0.75,1.0,1.0,1.0,0.0,0.25,0.17,0.67,1.0,0.75,0.75,1.0,0.75,1.0,0.0,0.5,1.0,1.0,0.0,1.0,0.25
1970,0.5,0.0,0.0,1.0,1.0,0.0,1.0,0.0,1.0,1.0,0.0,0.0,1.0,0.0,1.0,0.25,1.0,0.0,1.0,0.0,1.0,1.0,1.0,0.0,1.0,0.0,0.0,1.0,0.75,1.0,0.25,0.0,0.0,1.0,1.0,0.75,1.0,1.0,0.0,1.0,0.75,0.75,1.0,1.0,1.0,1.0,0.0,0.75,0.25,1.0,1.0,1.0,1.0,1.0,1.0,1.0,1.0,1.0,0.0,0.25,0.33,0.67,1.0,0.75,0.75,1.0,1.0,0.75,0.0,0.25,1.0,1.0,0.0,1.0,0.25
1971,0.17,0.17,0.0,1.0,1.0,0.0,1.0,0.0,1.0,1.0,0.75,0.0,1.0,0.0,0.75,0.75,1.0,0.25,1.0,0.0,1.0,1.0,1.0,0.0,1.0,0.0,0.0,1.0,0.75,1.0,0.75,0.0,0.0,1.0,1.0,0.25,1.0,0.75,0.0,1.0,1.0,0.25,1.0,1.0,1.0,1.0,0.0,1.0,0.0,1.0,1.0,1.0,1.0,1.0,0.25,1.0,1.0,1.0,0.25,0.25,0.33,0.5,0.83,1.0,0.25,1.0,1.0,1.0,0.0,0.5,1.0,0.75,0.25,0.75,0.5
1972,0.17,0.5,0.5,0.75,0.75,0.25,0.67,0.0,1.0,0.75,0.25,0.0,1.0,0.25,1.0,0.25,1.0,0.25,1.0,0.25,1.0,1.0,1.0,0.25,1.0,0.0,0.0,1.0,1.0,1.0,1.0,0.75,0.0,0.75,1.0,0.75,1.0,0.75,0.75,1.0,0.75,0.75,0.75,1.0,0.75,1.0,0.75,0.25,0.0,0.75,0.75,0.75,0.75,1.0,1.0,0.25,1.0,1.0,0.0,0.75,0.33,0.5,0.83,0.25,0.0,1.0,0.75,0.75,0.0,0.75,1.0,0.75,0.75,0.75,0.75
1973,1.0,0.83,0.83,0.0,0.0,0.75,0.67,0.25,0.0,0.75,0.25,1.0,0.0,1.0,0.0,1.0,0.25,1.0,0.0,0.0,0.25,0.0,0.0,1.0,0.0,1.0,1.0,1.0,0.0,0.0,1.0,0.0,0.0,0.25,0.75,0.25,0.0,0.0,0.0,0.0,0.0,1.0,1.0,0.0,0.0,0.25,1.0,0.0,0.25,1.0,0.0,0.75,0.25,0.0,0.25,0.0,0.0,0.0,1.0,1.0,0.83,0.83,0.17,0.0,1.0,0.25,0.0,0.0,0.75,0.75,0.75,0.25,0.75,0.75,0.25
1974,0.17,0.33,0.0,0.25,0.75,0.0,0.17,0.75,1.0,0.25,1.0,0.25,0.0,0.75,0.75,0.75,0.25,0.0,0.25,0.0,0.75,1.0,0.0,0.0,0.25,0.0,0.0,1.0,1.0,0.25,0.75,1.0,0.0,1.0,0.0,1.0,0.0,0.0,0.75,0.0,0.0,1.0,0.0,0.75,0.75,0.75,1.0,0.25,1.0,0.0,0.0,0.0,0.0,0.25,0.75,0.0,0.0,0.0,1.0,1.0,1.0,1.0,0.17,0.0,1.0,0.25,0.75,0.5,0.5,0.5,0.75,0.5,0.75,0.75,0.5
1975,0.83,0.5,0.17,0.0,0.0,0.75,0.0,1.0,0.0,0.0,1.0,1.0,0.0,1.0,0.25,0.25,0.0,0.75,0.0,0.0,0.0,0.0,0.0,0.75,0.0,1.0,1.0,0.25,0.25,0.0,0.0,1.0,0.75,0.75,0.0,1.0,0.0,0.0,0.75,0.0,0.0,1.0,0.0,0.0,0.0,0.0,1.0,0.0,0.0,0.25,0.0,0.0,0.0,0.0,0.0,0.0,0.0,0.0,1.0,1.0,1.0,0.83,0.17,0.0,1.0,0.0,0.0,0.0,0.75,0.5,0.25,0.0,0.5,0.25,0.5
1976,1.0,0.17,0.17,0.0,1.0,0.75,1.0,0.75,0.25,1.0,0.75,0.25,0.25,0.25,0.25,0.0,1.0,0.75,1.0,0.0,0.75,0.75,0.0,0.75,0.0,1.0,0.75,1.0,0.25,1.0,0.75,0.75,0.75,0.0,0.75,0.25,1.0,0.75,0.75,1.0,1.0,0.75,0.25,0.0,0.0,1.0,0.75,0.25,0.75,1.0,1.0,0.75,0.75,0.75,0.75,0.25,0.75,0.75,1.0,1.0,0.83,0.0,0.17,0.0,1.0,0.75,0.75,0.25,0.75,1.0,0.5,0.25,0.75,0.25,0.75
1977,0.33,0.0,0.0,0.75,1.0,0.0,0.5,0.75,1.0,1.0,1.0,0.0,0.25,0.75,1.0,0.75,0.25,0.75,1.0,0.0,1.0,0.75,1.0,0.0,1.0,0.0,0.0,1.0,1.0,0.75,0.75,0.25,0.25,1.0,0.25,1.0,0.0,0.25,1.0,0.0,0.25,1.0,0.25,1.0,1.0,1.0,0.0,1.0,0.0,0.25,1.0,0.75,0.75,1.0,1.0,1.0,1.0,0.75,0.25,0.25,0.83,1.0,1.0,0.25,0.75,0.75,1.0,0.75,0.25,0.5,1.0,0.5,0.0,0.75,0.0
1978,0.5,0.83,0.83,0.75,0.0,0.25,0.67,0.75,0.75,0.25,0.25,0.25,0.75,0.25,0.75,0.75,0.75,0.75,0.75,0.25,0.25,0.25,0.25,0.25,0.25,0.25,0.75,0.75,0.25,0.0,0.75,0.25,0.75,0.0,0.25,1.0,0.0,0.25,1.0,0.0,0.25,1.0,0.0,1.0,1.0,1.0,0.75,1.0,0.25,1.0,1.0,1.0,0.75,0.0,1.0,0.0,0.25,1.0,0.0,1.0,0.67,0.83,0.83,0.0,0.75,1.0,0.75,0.25,0.25,0.75,0.75,0.25,0.25,1.0,0.75
1982,0.0,0.33,0.0,0.75,1.0,0.0,0.0,1.0,0.75,1.0,1.0,0.75,0.0,1.0,0.75,0.0,0.0,0.0,0.75,1.0,0.25,0.25,0.0,0.0,0.0,0.75,0.75,1.0,1.0,0.0,1.0,0.75,1.0,1.0,0.0,1.0,0.0,0.0,1.0,0.0,0.0,1.0,0.25,0.75,1.0,0.75,0.75,0.75,0.75,0.25,0.75,0.75,0.75,0.0,1.0,0.0,0.25,0.75,0.75,1.0,1.0,1.0,0.33,0.0,1.0,0.0,0.0,0.25,0.25,0.5,0.75,0.25,0.25,0.75,0.25
1983,0.83,0.67,0.0,0.0,1.0,0.0,0.0,1.0,0.75,1.0,0.75,0.75,0.25,1.0,1.0,0.75,0.0,0.25,0.0,0.0,0.25,0.25,0.0,0.0,0.0,0.75,0.75,1.0,1.0,0.0,0.75,0.25,1.0,0.75,0.0,1.0,0.0,0.0,1.0,0.0,0.25,1.0,0.0,0.25,0.75,0.75,1.0,0.25,0.0,0.0,1.0,0.25,0.75,0.0,0.75,0.25,0.75,0.0,1.0,1.0,1.0,0.83,0.0,0.0,1.0,0.0,1.0,0.25,0.75,0.75,0.75,0.25,0.5,0.5,0.25
1984,0.83,0.0,0.0,0.75,1.0,0.0,0.5,1.0,1.0,0.25,1.0,0.0,0.25,0.0,1.0,0.75,0.0,1.0,0.75,0.25,0.25,0.75,1.0,0.0,0.75,0.0,0.0,1.0,0.25,1.0,0.0,0.0,0.25,0.0,0.25,0.75,0.0,1.0,0.25,0.25,1.0,1.0,0.75,1.0,1.0,1.0,0.25,0.75,0.25,1.0,0.75,0.25,0.75,0.25,1.0,0.0,0.0,0.75,1.0,1.0,0.67,0.83,0.67,0.0,0.75,0.75,0.75,0.5,0.25,0.5,0.75,0.75,0.5,0.5,0.25
1985,0.83,0.17,0.33,0.25,1.0,0.0,0.67,0.75,1.0,0.75,1.0,0.0,0.75,0.0,0.75,0.25,0.25,0.75,0.25,0.0,0.25,0.75,0.75,0.0,0.75,0.0,0.0,1.0,0.75,0.75,0.75,0.25,0.25,0.25,0.75,0.25,0.0,0.0,0.25,0.0,0.75,1.0,0.25,0.75,0.25,1.0,1.0,0.0,0.0,0.25,0.25,0.0,0.25,1.0,0.0,0.25,0.75,0.0,1.0,0.25,0.17,0.17,0.5,0.0,0.25,0.75,0.75,0.75,0.5,0.5,0.5,0.75,0.5,0.5,0.5
1988,0.67,0.67,0.17,0.75,0.25,0.25,0.33,0.75,0.75,0.75,0.75,0.75,0.75,0.25,1.0,0.75,0.25,0.75,0.75,0.25,0.75,1.0,0.25,0.25,0.75,0.75,0.75,1.0,1.0,0.75,1.0,0.75,0.0,0.75,0.25,0.75,0.25,0.25,0.75,0.75,0.75,0.75,0.25,1.0,0.75,1.0,0.75,0.25,0.25,0.25,0.75,0.75,0.75,0.75,0.75,0.25,0.25,0.25,0.25,0.75,0.67,0.67,0.67,0.75,0.75,0.75,0.75,0.75,0.25,0.75,0.75,0.75,0.75,0.75,0.5
1992,0.67,0.5,0.17,0.25,1.0,0.0,0.83,1.0,0.75,0.75,1.0,0.25,0.75,1.0,1.0,0.25,0.25,0.75,0.75,0.0,0.75,0.0,0.0,0.0,0.0,0.25,0.25,1.0,1.0,0.0,1.0,0.0,0.75,1.0,0.0,1.0,0.0,0.75,1.0,0.0,0.0,1.0,0.25,1.0,1.0,1.0,0.25,1.0,0.0,0.25,1.0,1.0,1.0,1.0,0.0,0.75,0.75,0.25,1.0,1.0,1.0,1.0,1.0,0.0,1.0,1.0,0.0,0.5,0.5,0.5,0.75,0.5,0.0,0.5,0.0
1994,0.5,0.17,0.5,1.0,1.0,0.0,1.0,0.25,1.0,1.0,0.0,0.0,1.0,0.0,1.0,1.0,1.0,0.75,1.0,1.0,1.0,1.0,1.0,0.0,1.0,0.0,0.0,1.0,0.0,1.0,0.75,0.0,0.0,1.0,1.0,0.0,1.0,0.75,0.0,1.0,0.75,1.0,1.0,1.0,1.0,1.0,0.0,1.0,0.0,1.0,1.0,1.0,1.0,1.0,1.0,0.75,1.0,1.0,0.0,0.75,0.0,0.67,1.0,1.0,1.0,1.0,1.0,1.0,0.0,0.5,0.75,0.5,0.0,0.75,0.5
1998,0.0,0.0,0.0,1.0,1.0,0.0,1.0,0.0,1.0,1.0,0.0,0.0,1.0,0.0,1.0,0.75,1.0,0.0,1.0,0.0,1.0,1.0,1.0,0.0,1.0,0.0,0.0,1.0,0.25,1.0,1.0,0.0,0.0,1.0,1.0,0.0,1.0,1.0,0.0,1.0,1.0,0.75,1.0,1.0,1.0,1.0,0.0,0.75,0.0,1.0,1.0,1.0,1.0,1.0,0.25,1.0,1.0,1.0,0.0,0.25,0.0,0.5,1.0,0.25,0.0,1.0,1.0,1.0,0.0,0.5,1.0,1.0,0.0,1.0,0.0
1999,0.83,0.0,0.17,0.25,1.0,0.0,1.0,1.0,0.75,0.75,0.75,0.0,0.0,0.75,0.25,0.75,0.25,0.75,0.75,0.0,0.75,0.75,1.0,0.0,1.0,0.0,0.0,1.0,1.0,1.0,1.0,0.25,0.75,1.0,0.0,1.0,0.0,0.0,1.0,0.0,0.0,0.75,0.0,1.0,1.0,1.0,0.0,1.0,0.0,0.75,1.0,0.75,1.0,1.0,1.0,1.0,1.0,0.75,0.75,0.75,1.0,0.83,1.0,0.25,1.0,1.0,1.0,0.5,0.25,0.5,0.75,0.5,0.5,0.5,0.25
2001,0.33,0.0,1.0,1.0,1.0,0.0,0.67,0.0,1.0,1.0,0.0,0.0,1.0,0.0,1.0,0.25,0.0,1.0,1.0,0.0,1.0,0.75,1.0,0.0,1.0,0.0,0.0,1.0,1.0,1.0,0.25,1.0,1.0,1.0,1.0,0.0,1.0,1.0,0.75,1.0,1.0,0.0,0.0,1.0,1.0,1.0,0.0,0.0,1.0,1.0,1.0,1.0,1.0,1.0,1.0,0.0,0.0,1.0,0.0,1.0,0.33,0.5,1.0,1.0,0.75,1.0,1.0,1.0,0.75,0.75,1.0,1.0,0.75,1.0,1.0
2002,0.0,0.0,0.17,1.0,0.75,0.0,1.0,0.0,1.0,1.0,0.0,0.0,1.0,0.0,1.0,1.0,1.0,1.0,1.0,1.0,1.0,0.75,1.0,0.0,1.0,0.0,0.0,1.0,0.75,1.0,0.75,0.0,0.0,0.0,1.0,0.25,1.0,1.0,0.0,1.0,1.0,0.75,0.75,1.0,1.0,1.0,0.0,1.0,0.0,0.75,1.0,1.0,1.0,1.0,1.0,1.0,1.0,1.0,0.0,0.0,0.0,0.67,1.0,1.0,0.0,1.0,1.0,1.0,0.0,0.25,1.0,1.0,0.0,1.0,0.5
2003,1.0,0.33,0.5,0.75,0.0,0.0,0.83,0.25,1.0,0.75,1.0,0.25,0.25,0.0,0.25,0.75,0.0,1.0,1.0,0.0,0.75,0.25,0.0,0.0,0.75,0.0,0.0,1.0,0.25,0.75,0.0,0.25,0.25,0.75,0.0,1.0,0.0,1.0,0.75,0.75,1.0,1.0,0.25,1.0,1.0,1.0,0.25,0.75,0.75,1.0,0.75,0.75,0.75,1.0,1.0,0.25,1.0,0.75,0.25,1.0,1.0,1.0,1.0,0.0,1.0,0.75,0.25,0.25,0.25,0.5,0.75,0.5,0.5,0.75,0.5
2010,0.0,0.0,0.0,0.75,1.0,0.0,0.67,0.75,0.75,0.75,0.75,0.0,0.0,0.75,1.0,0.75,0.0,0.75,1.0,0.75,0.75,1.0,1.0,0.0,1.0,0.0,0.0,1.0,1.0,0.75,1.0,0.75,0.25,1.0,0.75,1.0,0.0,0.0,1.0,0.25,0.25,1.0,0.25,1.0,1.0,1.0,0.0,1.0,0.25,0.0,0.75,1.0,1.0,0.75,0.75,1.0,1.0,1.0,0.0,0.25,0.83,1.0,0.83,1.0,1.0,1.0,1.0,1.0,0.0,0.5,1.0,0.5,0.0,0.5,0.0
2011,0.67,0.0,0.0,0.75,1.0,0.0,0.67,0.75,0.75,0.75,1.0,0.0,0.75,0.75,1.0,0.75,0.0,0.0,0.75,0.25,1.0,0.75,1.0,0.0,0.75,0.25,0.0,1.0,1.0,1.0,1.0,0.75,0.25,1.0,0.75,1.0,0.0,0.25,1.0,0.0,0.0,1.0,0.0,1.0,1.0,1.0,0.0,1.0,0.0,0.75,1.0,1.0,0.75,1.0,0.75,1.0,1.0,0.75,0.25,1.0,0.83,1.0,1.0,0.0,1.0,0.75,1.0,0.5,0.25,0.5,0.75,0.5,0.0,0.5,0.0
2012,0.17,0.0,0.0,1.0,0.75,0.0,0.83,0.75,1.0,1.0,0.75,0.0,0.75,0.25,1.0,0.75,0.75,0.25,1.0,0.25,1.0,1.0,1.0,0.0,1.0,0.0,0.0,1.0,1.0,1.0,0.75,0.0,0.0,1.0,0.25,1.0,0.75,0.25,0.75,0.75,0.75,1.0,0.75,1.0,1.0,1.0,0.0,1.0,0.0,1.0,1.0,1.0,1.0,1.0,0.75,1.0,1.0,1.0,0.25,0.25,0.67,0.83,1.0,0.75,0.75,1.0,1.0,0.75,0.0,0.5,1.0,0.75,0.0,1.0,0.25
2013,0.17,0.5,0.0,0.25,1.0,0.0,0.5,1.0,1.0,0.75,1.0,0.0,0.0,0.75,1.0,0.75,0.25,0.75,0.75,0.0,0.25,0.75,1.0,0.0,0.75,0.25,0.0,1.0,1.0,0.25,1.0,0.75,0.75,1.0,0.25,1.0,0.0,0.0,1.0,0.0,0.0,1.0,0.0,1.0,1.0,0.75,0.0,1.0,0.0,0.0,1.0,0.75,1.0,0.75,0.25,0.75,1.0,0.75,0.75,0.75,0.83,0.83,0.67,0.75,1.0,0.25,1.0,0.5,0.25,0.5,0.5,0.5,0.0,0.25,0.0
2014,0.33,0.33,0.0,1.0,1.0,0.0,0.67,0.25,1.0,1.0,0.0,0.0,1.0,0.0,0.75,0.25,1.0,0.0,1.0,0.25,1.0,1.0,1.0,0.0,1.0,0.0,0.0,1.0,0.25,1.0,1.0,0.0,0.0,1.0,1.0,0.0,1.0,1.0,0.0,1.0,1.0,0.75,1.0,1.0,1.0,1.0,0.0,1.0,0.0,1.0,1.0,1.0,1.0,1.0,0.25,1.0,1.0,1.0,0.0,0.0,0.17,0.67,1.0,0.75,0.0,1.0,1.0,0.5,0.0,0.5,0.75,0.75,0.0,0.75,0.25
2015,0.0,0.0,0.0,1.0,1.0,0.0,1.0,0.0,1.0,1.0,0.0,0.0,1.0,0.0,1.0,1.0,1.0,0.0,1.0,0.25,1.0,1.0,1.0,0.0,1.0,0.0,0.0,1.0,0.75,1.0,0.75,0.0,0.0,1.0,1.0,0.0,1.0,1.0,0.0,1.0,1.0,0.25,1.0,1.0,1.0,1.0,0.0,1.0,0.0,1.0,1.0,1.0,1.0,1.0,0.25,1.0,1.0,1.0,0.0,0.75,0.0,0.33,1.0,0.0,0.0,1.0,1.0,0.75,0.0,0.5,1.0,0.75,0.0,1.0,0.5
2017,0.67,0.0,0.0,0.75,1.0,0.0,0.67,1.0,1.0,1.0,1.0,0.75,0.25,1.0,1.0,1.0,0.75,1.0,0.75,0.0,1.0,1.0,0.75,0.0,0.25,0.25,0.25,1.0,1.0,1.0,1.0,0.25,0.25,1.0,1.0,1.0,0.75,0.75,1.0,0.0,1.0,1.0,1.0,1.0,1.0,1.0,1.0,1.0,0.25,1.0,1.0,0.75,0.75,1.0,1.0,1.0,0.75,1.0,1.0,1.0,0.67,0.83,0.67,0.0,0.75,1.0,1.0,0.25,0.25,0.5,0.75,0.25,0.5,0.75,0.25
2018,0.33,0.0,0.0,1.0,0.75,0.0,1.0,1.0,1.0,1.0,0.75,0.0,1.0,0.0,1.0,0.25,1.0,1.0,1.0,0.0,1.0,1.0,1.0,0.0,1.0,0.0,0.0,1.0,0.0,0.75,1.0,0.0,0.0,1.0,1.0,0.25,0.75,0.75,0.75,0.25,0.75,1.0,0.25,1.0,1.0,1.0,0.0,1.0,0.0,0.25,1.0,1.0,1.0,1.0,0.75,1.0,1.0,0.75,0.25,0.75,0.17,0.83,1.0,0.25,0.75,1.0,0.75,0.75,0.25,0.5,0.5,0.5,0.5,0.75,0.5
2020,0.17,0.17,0.0,1.0,0.75,0.0,0.83,1.0,1.0,1.0,0.25,0.0,1.0,0.25,0.75,1.0,0.75,0.75,1.0,0.0,1.0,0.75,0.25,0.0,0.75,0.0,0.0,1.0,1.0,0.75,1.0,0.0,0.25,0.25,0.75,1.0,0.75,0.75,1.0,0.25,0.75,1.0,1.0,1.0,1.0,1.0,0.25,0.0,0.0,1.0,1.0,1.0,1.0,1.0,0.25,0.75,1.0,1.0,0.25,0.25,0.83,0.83,0.83,0.75,0.75,1.0,1.0,0.75,0.5,0.5,1.0,0.75,0.25,1.0,0.5
2022,0.0,0.0,0.0,1.0,1.0,0.0,1.0,0.0,1.0,1.0,0.0,0.0,1.0,0.0,1.0,1.0,1.0,0.0,1.0,0.25,1.0,1.0,1.0,0.0,1.0,0.0,0.0,1.0,1.0,1.0,1.0,0.0,0.0,1.0,1.0,0.0,1.0,1.0,0.0,1.0,1.0,0.25,1.0,1.0,1.0,1.0,0.0,1.0,0.0,1.0,1.0,1.0,1.0,1.0,0.75,1.0,1.0,1.0,0.0,0.0,0.0,0.0,1.0,1.0,0.0,1.0,1.0,0.75,0.0,0.5,1.0,0.75,0.0,1.0,0.5
2023,1.0,0.33,0.17,0.25,0.75,0.0,0.83,0.75,0.75,0.75,1.0,0.25,0.25,0.0,0.0,1.0,0.25,0.0,0.0,0.0,0.75,0.75,0.0,0.25,0.0,0.75,0.0,0.75,0.0,0.25,0.0,0.0,0.0,0.25,1.0,0.0,0.0,1.0,0.0,0.75,1.0,1.0,1.0,0.75,1.0,0.25,0.0,0.0,1.0,1.0,0.0,0.0,0.0,1.0,0.25,0.0,0.0,0.0,1.0,1.0,0.67,0.83,0.67,0.0,0.0,0.75,1.0,0.5,0.75,0.5,0.75,0.5,0.25,0.5,0.75
2026,0.33,0.0,0.0,0.75,0.0,0.0,0.33,0.75,1.0,1.0,1.0,0.0,0.25,0.0,0.0,0.75,0.0,1.0,0.75,0.25,0.0,0.75,0.0,0.0,0.75,0.0,0.0,0.75,0.0,1.0,0.0,0.25,0.0,0.25,0.75,0.75,0.0,0.0,0.0,0.0,0.75,1.0,0.75,1.0,1.0,1.0,0.0,0.75,0.75,1.0,0.75,0.75,0.75,1.0,0.0,0.75,0.0,0.75,1.0,0.75,0.83,0.83,1.0,0.25,0.75,0.75,1.0,0.5,0.5,0.5,0.75,0.5,0.25,0.5,0.5
2027,0.17,0.17,0.17,1.0,1.0,0.0,0.83,0.0,1.0,1.0,0.25,0.0,1.0,0.0,1.0,0.75,1.0,0.25,1.0,0.75,1.0,1.0,1.0,0.0,1.0,0.0,0.0,1.0,0.75,1.0,0.25,0.0,0.25,1.0,1.0,0.0,1.0,1.0,0.0,1.0,1.0,0.0,1.0,1.0,1.0,1.0,0.0,1.0,0.0,1.0,1.0,1.0,1.0,1.0,0.25,1.0,1.0,1.0,0.0,0.0,0.0,0.5,1.0,0.75,0.0,1.0,1.0,1.0,0.0,0.5,1.0,0.75,0.25,1.0,0.75
2028,0.83,0.67,0.5,0.0,1.0,0.0,0.5,1.0,0.75,0.0,1.0,1.0,0.0,0.75,0.75,0.0,0.0,0.25,0.0,0.0,1.0,0.25,0.0,0.0,0.0,0.25,0.0,1.0,1.0,0.25,0.0,0.75,0.0,0.75,0.0,1.0,0.25,0.0,1.0,0.0,0.0,1.0,0.0,0.75,0.0,1.0,0.75,0.0,0.25,0.0,0.0,0.0,0.0,0.0,1.0,0.0,0.25,0.0,1.0,1.0,1.0,1.0,0.0,0.0,1.0,0.0,0.75,0.25,0.75,0.5,0.75,0.25,0.75,0.75,0.5
2030,1.0,0.33,0.0,0.75,0.25,0.0,0.5,0.0,1.0,0.0,1.0,0.0,0.25,0.0,1.0,0.75,0.0,1.0,0.75,0.0,0.25,0.75,0.0,0.0,0.0,0.0,0.0,1.0,0.75,1.0,0.75,0.25,0.25,0.0,0.0,0.75,0.0,1.0,0.0,0.25,1.0,1.0,0.75,1.0,0.75,1.0,0.25,0.75,0.75,1.0,0.75,0.25,0.75,0.75,0.75,0.0,0.25,0.75,1.0,0.75,0.83,0.83,0.67,0.0,0.75,0.75,0.75,0.5,0.5,0.5,0.5,0.5,0.5,0.5,0.5
2031,0.33,0.5,0.0,1.0,0.75,0.0,0.67,1.0,1.0,1.0,0.75,0.0,0.25,0.0,0.25,1.0,0.0,1.0,1.0,0.25,0.75,0.25,1.0,0.0,0.75,0.0,0.0,1.0,0.25,0.75,0.25,0.75,0.25,0.25,0.25,0.75,0.75,0.75,0.75,0.25,0.0,0.75,0.75,0.25,0.25,0.75,1.0,0.25,0.25,1.0,0.75,0.25,0.25,1.0,0.75,0.25,0.75,1.0,0.75,0.75,0.67,0.67,0.5,0.25,0.75,0.75,1.0,0.5,0.5,0.5,0.75,0.5,0.75,0.5,0.0
2032,0.67,0.33,0.0,0.0,0.75,0.0,0.83,0.75,1.0,0.25,1.0,0.0,0.0,0.0,0.25,0.25,0.0,1.0,0.75,0.0,0.0,0.75,0.0,0.0,0.25,0.0,0.0,1.0,0.25,1.0,0.75,0.25,0.25,0.0,0.25,1.0,0.0,1.0,0.0,0.75,1.0,1.0,1.0,0.75,0.75,1.0,0.0,0.75,0.75,1.0,0.75,0.75,0.75,1.0,0.75,0.0,0.0,0.25,0.75,0.75,0.83,0.83,0.33,0.0,0.75,0.25,0.75,0.5,0.25,0.5,0.75,0.5,0.5,0.5,0.5
2033,1.0,0.5,0.17,0.75,0.0,0.25,0.5,0.25,1.0,0.25,0.75,0.25,0.25,0.75,0.25,1.0,0.0,1.0,0.25,0.0,0.25,0.25,0.0,0.0,0.25,0.25,0.0,1.0,0.25,1.0,0.25,0.0,0.25,0.25,1.0,0.75,0.0,0.75,0.75,0.75,1.0,0.75,0.75,0.75,0.75,1.0,0.25,0.25,1.0,0.75,0.75,0.25,0.75,0.75,0.75,0.0,0.25,0.75,1.0,0.75,0.5,0.67,0.83,0.0,0.75,1.0,1.0,0.5,0.5,0.5,0.75,0.5,0.5,0.75,0.5
2035,0.33,0.33,0.67,0.75,0.25,0.25,0.33,1.0,0.25,0.25,0.75,0.75,0.25,1.0,1.0,0.75,0.25,1.0,0.25,0.0,0.25,0.0,0.25,0.25,0.0,0.75,0.0,0.75,0.25,0.25,1.0,0.25,0.0,0.25,0.75,0.75,0.0,0.75,0.25,0.25,0.75,1.0,1.0,0.0,0.75,0.75,1.0,0.25,1.0,1.0,0.0,0.0,0.0,0.0,0.75,0.0,0.25,0.0,0.0,1.0,0.17,0.83,0.17,0.0,0.0,0.25,0.0,0.25,0.25,0.25,0.75,0.25,0.75,0.75,0.75
2036,0.0,0.17,0.0,1.0,1.0,0.0,1.0,0.0,1.0,1.0,0.0,0.0,1.0,0.0,0.0,1.0,1.0,0.0,1.0,0.0,1.0,0.75,1.0,0.0,1.0,0.0,0.0,1.0,0.75,1.0,0.25,0.0,0.0,1.0,1.0,0.25,1.0,1.0,0.0,1.0,1.0,1.0,1.0,1.0,1.0,1.0,0.0,0.0,0.0,1.0,1.0,1.0,1.0,1.0,0.25,1.0,1.0,1.0,0.0,0.25,0.0,0.67,0.67,0.25,0.0,1.0,0.75,1.0,0.0,0.0,1.0,1.0,0.0,1.0,0.25
2037,0.17,0.17,0.0,1.0,1.0,0.0,1.0,0.0,1.0,1.0,0.0,0.0,1.0,0.0,1.0,0.75,1.0,0.0,1.0,0.0,1.0,1.0,1.0,0.0,1.0,0.0,0.0,1.0,1.0,1.0,0.75,0.0,0.0,1.0,1.0,0.0,1.0,1.0,0.0,1.0,1.0,0.75,1.0,1.0,1.0,1.0,0.0,0.75,0.0,1.0,0.75,1.0,1.0,1.0,0.0,1.0,1.0,1.0,0.0,0.75,0.0,0.33,0.83,0.25,0.25,1.0,1.0,1.0,0.0,0.5,1.0,1.0,0.0,1.0,0.25
2038,0.67,0.33,0.33,1.0,0.0,0.0,0.83,0.0,1.0,1.0,1.0,0.0,1.0,0.0,1.0,0.75,1.0,1.0,1.0,0.0,1.0,0.75,0.75,0.25,0.75,0.0,0.0,1.0,1.0,1.0,0.0,0.0,0.25,0.25,0.75,1.0,1.0,1.0,0.0,1.0,1.0,0.0,0.0,0.75,0.0,1.0,0.0,0.0,0.0,1.0,0.75,0.25,0.0,1.0,0.75,1.0,0.75,0.75,0.0,1.0,0.33,0.83,0.67,0.0,0.75,1.0,1.0,0.75,0.25,0.75,1.0,1.0,0.25,1.0,1.0
2040,0.83,0.5,0.67,0.25,0.25,0.25,0.5,0.75,0.75,1.0,0.25,0.25,0.75,0.25,0.75,0.75,0.25,0.75,0.75,0.25,0.75,0.25,0.75,0.25,0.25,0.25,0.25,0.75,0.75,0.75,1.0,0.25,0.25,1.0,0.25,1.0,0.75,0.75,0.25,0.75,0.25,0.25,0.25,1.0,1.0,1.0,1.0,0.0,0.0,1.0,1.0,1.0,1.0,0.75,0.75,0.75,0.25,0.0,0.75,1.0,0.5,0.5,0.5,1.0,0.75,0.25,1.0,0.25,0.5,0.5,0.75,0.75,0.5,0.5,0.5
2041,0.5,0.33,0.0,0.75,1.0,0.0,0.83,0.75,0.75,1.0,1.0,0.25,0.25,1.0,0.75,0.25,0.0,1.0,0.75,0.0,0.75,0.75,0.75,0.25,0.25,0.75,0.25,1.0,0.75,0.25,1.0,0.75,0.25,1.0,0.0,1.0,0.0,0.25,0.25,0.0,0.0,0.75,0.75,0.75,1.0,1.0,0.75,1.0,0.0,1.0,1.0,1.0,1.0,0.75,0.25,1.0,0.75,0.25,0.75,1.0,0.83,0.83,0.83,0.0,0.75,0.75,1.0,0.25,0.5,0.5,0.75,0.5,0.25,0.5,0.0
2042,0.17,0.0,0.0,0.25,1.0,0.0,0.67,1.0,1.0,1.0,1.0,0.25,0.0,0.75,1.0,0.0,0.0,1.0,0.0,0.0,0.75,1.0,1.0,0.0,1.0,0.0,0.0,1.0,1.0,0.75,0.0,0.75,0.0,1.0,0.25,1.0,0.0,0.0,0.75,0.0,0.0,0.75,0.75,1.0,1.0,1.0,0.0,1.0,0.0,1.0,1.0,1.0,1.0,1.0,0.25,1.0,1.0,0.25,0.75,0.75,0.83,0.83,1.0,0.0,1.0,1.0,1.0,0.5,0.0,0.5,0.75,0.5,0.0,0.5,0.25
2043,0.67,0.5,0.17,0.75,0.75,0.0,0.33,1.0,1.0,0.75,1.0,0.25,0.0,0.75,1.0,0.75,0.0,0.75,0.75,0.0,1.0,0.75,0.75,0.0,0.75,0.25,0.0,1.0,0.75,0.25,1.0,0.75,0.75,1.0,0.25,1.0,0.0,0.25,1.0,0.0,0.0,1.0,0.0,0.75,1.0,1.0,0.75,0.75,0.0,0.75,1.0,0.75,0.75,0.75,1.0,0.0,1.0,0.25,0.75,0.75,0.83,0.83,0.67,0.75,1.0,0.25,1.0,0.5,0.5,0.5,0.75,0.5,0.25,0.5,0.25
2048,0.17,0.0,0.17,1.0,1.0,0.0,1.0,1.0,1.0,1.0,0.25,0.0,1.0,0.25,1.0,0.25,0.75,1.0,0.75,0.0,1.0,0.75,1.0,0.0,1.0,0.0,0.0,1.0,0.75,1.0,1.0,0.0,0.0,0.25,1.0,0.75,1.0,1.0,0.0,0.25,1.0,0.75,1.0,1.0,1.0,1.0,0.0,1.0,0.0,1.0,0.75,1.0,1.0,1.0,0.25,0.75,1.0,0.75,0.75,0.75,0.67,0.67,1.0,0.75,0.75,0.75,1.0,1.0,0.0,0.5,1.0,0.75,0.0,1.0,0.5
2049,0.83,0.17,0.67,0.25,0.0,0.75,0.0,1.0,0.25,0.0,0.75,1.0,0.0,0.25,0.0,0.75,0.25,1.0,0.75,0.25,0.75,0.75,0.25,1.0,0.0,1.0,0.75,0.0,0.25,0.75,0.0,0.75,0.25,0.0,0.75,1.0,0.0,0.75,0.0,0.75,0.75,0.75,0.75,0.0,0.25,1.0,0.75,0.0,0.75,0.0,0.0,0.25,0.25,0.0,0.25,0.0,0.75,0.75,1.0,1.0,0.5,0.67,0.67,0.0,1.0,1.0,0.75,0.75,0.5,0.75,0.75,0.5,0.5,0.5,0.5
2052,0.0,0.0,0.0,1.0,1.0,0.0,1.0,0.0,1.0,1.0,0.0,0.0,1.0,0.0,1.0,1.0,1.0,0.0,1.0,0.0,1.0,1.0,1.0,0.0,1.0,0.0,0.0,1.0,0.25,1.0,1.0,0.0,0.0,1.0,1.0,0.0,1.0,1.0,0.0,1.0,1.0,0.75,1.0,1.0,1.0,1.0,0.0,0.75,0.0,1.0,0.75,1.0,1.0,1.0,0.25,1.0,1.0,1.0,0.0,0.25,0.17,0.83,1.0,0.75,0.75,1.0,1.0,1.0,0.0,0.5,1.0,1.0,0.0,1.0,0.25
2053,0.33,0.5,0.67,1.0,0.75,0.0,0.83,0.0,1.0,1.0,0.0,0.0,1.0,0.0,0.0,0.75,1.0,0.25,1.0,0.25,1.0,0.75,1.0,0.25,0.75,0.0,0.0,1.0,0.75,1.0,0.75,0.25,0.0,1.0,1.0,0.25,1.0,1.0,0.25,1.0,0.75,1.0,0.75,0.75,0.25,1.0,0.75,0.0,0.0,1.0,0.75,0.75,1.0,1.0,0.75,0.25,0.75,1.0,0.25,0.25,0.33,0.67,0.83,0.25,0.75,1.0,1.0,0.75,0.75,0.5,0.75,1.0,0.5,0.75,0.5
2054,1.0,0.83,0.33,0.25,0.0,1.0,0.0,0.0,0.0,1.0,0.0,1.0,0.0,0.0,0.75,0.25,0.0,1.0,0.75,0.0,1.0,1.0,0.0,1.0,0.0,1.0,1.0,0.75,1.0,0.0,0.0,0.75,0.0,1.0,0.0,0.0,0.0,0.0,1.0,0.0,1.0,1.0,1.0,0.75,0.0,1.0,1.0,0.0,0.0,1.0,0.0,0.25,0.0,0.0,0.0,0.0,0.0,0.0,1.0,1.0,0.83,0.17,0.67,0.0,1.0,0.75,0.75,0.0,1.0,1.0,1.0,0.0,1.0,1.0,1.0
2057,0.67,0.33,1.0,1.0,0.75,0.0,1.0,0.0,0.0,1.0,0.25,0.25,1.0,1.0,0.75,0.75,0.75,1.0,0.75,0.25,0.25,1.0,0.75,0.25,0.25,0.75,0.25,0.75,0.0,0.75,1.0,1.0,1.0,0.0,0.25,0.75,0.75,1.0,0.0,1.0,1.0,1.0,1.0,0.75,0.0,1.0,1.0,0.0,0.75,0.75,0.0,1.0,0.75,1.0,1.0,0.0,0.0,0.0,0.25,1.0,0.67,0.33,0.67,0.0,1.0,0.75,1.0,0.75,0.5,0.75,0.75,0.25,0.75,0.75,0.75
2058,0.33,0.67,0.33,0.75,1.0,0.75,1.0,0.0,1.0,1.0,0.0,0.0,1.0,0.0,0.25,0.0,0.0,1.0,1.0,0.0,1.0,0.75,0.0,0.25,0.0,0.0,0.75,1.0,0.25,1.0,1.0,0.25,1.0,1.0,1.0,1.0,1.0,1.0,0.0,1.0,1.0,0.0,1.0,1.0,0.25,1.0,0.25,0.75,0.0,1.0,1.0,1.0,1.0,1.0,0.0,0.0,1.0,1.0,1.0,1.0,0.0,0.0,1.0,0.0,1.0,1.0,1.0,0.75,1.0,1.0,1.0,1.0,0.0,1.0,0.0
2060,0.0,0.0,0.0,1.0,1.0,0.0,1.0,0.0,1.0,1.0,0.0,0.0,1.0,0.25,1.0,0.25,1.0,0.0,1.0,0.25,1.0,1.0,1.0,0.0,1.0,0.0,0.0,1.0,0.25,1.0,1.0,0.0,0.0,1.0,1.0,0.0,1.0,1.0,0.0,1.0,1.0,0.25,1.0,1.0,1.0,1.0,0.0,1.0,0.0,1.0,1.0,1.0,1.0,1.0,0.75,0.75,1.0,1.0,0.0,0.25,0.0,0.33,1.0,0.0,0.0,1.0,1.0,0.75,0.0,0.0,1.0,0.75,0.0,1.0,0.0
2066,0.83,0.17,0.17,1.0,1.0,0.25,0.67,1.0,1.0,0.75,0.75,0.25,0.75,0.75,0.25,0.0,0.25,1.0,0.75,0.0,0.75,1.0,0.75,0.25,0.0,0.25,0.25,0.75,0.25,0.25,0.0,0.25,1.0,1.0,0.25,1.0,0.25,0.25,0.25,0.25,0.25,0.75,0.25,1.0,0.75,1.0,0.25,0.25,0.0,1.0,1.0,1.0,1.0,0.25,1.0,0.25,0.75,0.25,1.0,1.0,0.67,0.83,0.83,0.0,1.0,1.0,1.0,1.0,0.25,0.75,1.0,0.75,0.25,1.0,0.75
2067,0.33,0.33,0.17,0.25,1.0,0.0,0.17,1.0,1.0,1.0,0.75,0.25,0.25,1.0,1.0,0.0,0.25,0.25,0.75,0.0,1.0,0.75,1.0,0.0,0.75,0.0,0.0,1.0,0.75,0.25,0.75,0.25,0.25,1.0,0.25,1.0,0.0,0.25,1.0,0.0,0.25,0.75,0.75,1.0,1.0,1.0,0.25,1.0,0.0,1.0,1.0,0.75,1.0,1.0,0.0,0.75,1.0,1.0,0.25,0.25,0.83,0.83,0.83,0.25,0.75,0.75,1.0,0.5,0.25,0.5,0.75,0.5,0.25,0.75,0.25
2068,0.67,0.5,0.0,0.25,0.0,0.0,0.83,0.25,1.0,1.0,1.0,0.0,0.75,0.25,0.0,0.75,0.75,0.25,1.0,0.0,1.0,0.75,0.25,0.0,0.25,0.25,0.0,1.0,0.25,0.75,0.75,0.25,0.25,1.0,0.25,1.0,0.75,0.25,0.0,0.75,0.75,0.75,0.25,1.0,1.0,1.0,0.0,1.0,0.0,1.0,1.0,1.0,1.0,1.0,0.25,0.25,1.0,1.0,0.25,0.25,0.83,0.67,1.0,0.25,1.0,0.75,1.0,0.75,0.25,0.5,0.75,0.5,0.0,0.75,0.0
2072,0.17,0.17,0.0,1.0,1.0,0.0,1.0,0.25,1.0,1.0,0.0,0.0,1.0,0.0,0.75,0.25,1.0,0.75,1.0,0.25,1.0,0.75,1.0,0.0,1.0,0.0,0.0,1.0,0.75,1.0,1.0,0.0,0.25,1.0,1.0,0.0,1.0,1.0,0.75,1.0,1.0,1.0,1.0,1.0,1.0,1.0,0.0,0.75,0.0,1.0,1.0,1.0,1.0,1.0,1.0,1.0,1.0,1.0,0.0,0.75,0.17,0.83,1.0,1.0,0.0,1.0,1.0,0.75,0.0,0.5,0.75,0.75,0.0,1.0,0.5
2073,0.0,0.0,0.0,1.0,1.0,0.0,1.0,0.0,1.0,1.0,0.0,0.0,1.0,0.0,1.0,0.25,1.0,0.75,1.0,0.75,1.0,1.0,1.0,0.0,1.0,0.0,0.0,1.0,0.75,1.0,0.75,0.0,0.0,1.0,1.0,0.0,1.0,0.75,0.0,1.0,1.0,0.0,1.0,1.0,1.0,1.0,0.0,1.0,0.0,1.0,1.0,1.0,1.0,1.0,0.75,0.75,1.0,1.0,0.0,0.25,0.0,0.5,0.83,0.0,0.25,1.0,0.75,0.5,0.5,0.5,0.75,0.75,0.0,0.75,0.5
2076,0.83,0.33,0.17,1.0,1.0,0.25,0.83,0.25,0.25,1.0,0.25,0.75,1.0,0.25,1.0,0.0,0.75,0.75,0.75,0.25,0.75,0.75,1.0,0.25,0.75,0.25,0.25,1.0,0.0,1.0,1.0,0.25,0.25,1.0,0.75,0.25,1.0,0.75,0.25,0.25,1.0,0.25,0.75,1.0,1.0,1.0,0.0,1.0,0.25,1.0,1.0,1.0,1.0,1.0,1.0,0.75,1.0,0.75,0.75,1.0,0.33,0.67,1.0,0.0,0.25,1.0,0.75,0.5,0.25,0.25,0.75,0.25,0.0,0.75,0.75
2077,0.83,1.0,1.0,1.0,1.0,0.25,1.0,0.0,1.0,1.0,0.0,0.0,1.0,0.0,0.25,0.0,1.0,0.0,1.0,0.75,1.0,0.0,1.0,0.0,1.0,0.0,0.0,0.25,0.25,1.0,0.0,0.25,0.75,1.0,0.75,0.0,1.0,0.75,0.0,1.0,0.75,0.75,0.75,1.0,0.75,1.0,0.25,0.75,0.25,1.0,1.0,0.75,0.75,1.0,0.25,0.75,0.75,1.0,0.0,1.0,0.67,0.67,1.0,0.75,0.25,1.0,1.0,1.0,0.25,0.5,1.0,0.75,0.5,1.0,1.0
2080,0.33,0.17,0.0,1.0,1.0,0.0,0.83,0.25,1.0,0.75,0.25,0.25,1.0,0.25,1.0,0.25,1.0,0.0,1.0,0.0,0.75,0.25,1.0,0.0,0.75,0.25,0.0,1.0,0.25,1.0,1.0,0.0,0.0,1.0,1.0,0.25,0.75,1.0,0.0,1.0,1.0,0.25,1.0,1.0,1.0,1.0,0.0,1.0,0.25,1.0,0.25,0.75,0.75,1.0,0.25,1.0,1.0,1.0,0.0,0.25,0.17,0.17,0.83,0.25,0.0,1.0,1.0,0.75,0.0,0.5,1.0,0.5,0.0,0.75,0.5
2081,0.33,0.0,0.0,1.0,1.0,0.0,0.83,0.25,1.0,1.0,0.0,0.0,1.0,0.0,0.75,1.0,1.0,0.25,1.0,0.25,1.0,0.75,1.0,0.0,1.0,0.0,0.0,1.0,0.25,1.0,0.0,0.0,0.0,1.0,1.0,0.25,0.75,1.0,0.0,1.0,1.0,0.0,0.75,1.0,1.0,1.0,0.0,1.0,0.0,1.0,1.0,1.0,1.0,1.0,0.25,1.0,1.0,1.0,0.0,0.25,0.17,0.67,1.0,0.75,0.0,1.0,1.0,0.75,0.0,0.5,1.0,0.75,0.0,1.0,0.5
2082,0.0,0.0,0.0,1.0,1.0,0.0,1.0,0.25,1.0,1.0,0.0,0.0,1.0,0.0,0.75,0.25,1.0,0.0,1.0,0.25,1.0,0.75,1.0,0.0,1.0,0.0,0.0,1.0,0.25,1.0,1.0,0.0,0.0,1.0,1.0,0.0,1.0,1.0,0.25,1.0,1.0,0.75,1.0,1.0,1.0,1.0,0.0,1.0,0.0,1.0,1.0,1.0,1.0,1.0,0.25,1.0,1.0,1.0,0.0,0.0,0.0,0.67,1.0,0.0,0.0,1.0,1.0,0.75,0.0,0.5,1.0,0.75,0.0,1.0,0.5
2083,0.17,0.5,0.0,1.0,0.75,0.0,0.5,1.0,1.0,1.0,0.75,0.0,1.0,0.25,1.0,1.0,0.75,0.0,1.0,0.0,1.0,1.0,1.0,0.0,1.0,0.0,0.0,1.0,0.75,1.0,1.0,0.0,0.0,1.0,0.25,1.0,0.75,0.25,1.0,0.0,0.75,1.0,0.25,1.0,1.0,1.0,0.0,1.0,0.0,0.75,1.0,1.0,1.0,1.0,1.0,1.0,1.0,1.0,0.0,0.75,0.67,0.83,1.0,0.25,1.0,1.0,1.0,0.75,0.25,0.5,0.75,0.5,0.0,0.75,0.5
2084,0.67,0.67,0.17,0.0,0.0,0.0,0.33,0.75,1.0,0.75,0.25,0.0,0.25,0.25,0.75,1.0,0.25,0.25,1.0,1.0,0.75,0.75,0.0,0.0,1.0,0.25,0.0,0.25,0.0,1.0,0.0,0.0,0.75,0.25,0.0,0.25,0.25,0.75,0.0,0.75,0.75,1.0,1.0,1.0,0.25,1.0,0.75,0.25,0.75,0.25,0.25,1.0,0.75,0.25,1.0,0.0,0.0,1.0,0.75,1.0,0.33,0.17,0.67,0.0,0.75,1.0,0.75,0.75,0.75,0.75,0.75,0.25,0.5,0.5,0.75
2085,0.83,0.33,0.0,0.75,1.0,0.0,0.17,1.0,0.75,0.75,0.75,0.75,0.25,1.0,1.0,0.75,0.0,0.0,1.0,0.0,0.75,1.0,1.0,0.0,0.75,0.25,0.0,1.0,0.75,0.25,1.0,0.25,0.25,1.0,0.25,1.0,0.0,0.25,1.0,0.0,0.0,1.0,0.25,1.0,1.0,1.0,0.0,1.0,0.0,1.0,1.0,1.0,0.75,1.0,0.25,0.25,1.0,0.75,0.75,0.75,0.83,0.83,1.0,0.0,0.75,0.75,1.0,0.5,0.5,0.5,0.75,0.5,0.0,0.5,0.0
2086,0.83,0.67,0.17,0.25,0.0,0.0,0.67,0.0,1.0,0.25,1.0,0.0,0.25,0.0,1.0,0.75,0.0,1.0,1.0,0.0,0.25,0.25,0.0,0.0,0.25,0.0,0.0,0.75,0.25,0.75,0.75,0.25,0.25,0.0,0.25,0.75,0.0,1.0,0.0,0.75,1.0,0.25,1.0,0.75,0.75,1.0,0.25,0.25,0.75,1.0,0.25,0.25,0.75,0.75,0.25,0.0,0.25,0.25,1.0,1.0,0.33,0.33,0.67,0.0,0.75,0.75,0.75,0.5,0.25,0.5,0.75,0.5,0.5,0.5,0.5
2087,0.17,0.67,0.33,0.0,0.0,0.75,0.17,0.75,0.25,0.0,0.75,1.0,0.0,0.75,0.25,0.0,0.25,1.0,0.0,0.0,0.75,0.25,0.0,0.75,0.0,0.75,1.0,0.25,0.75,0.25,0.25,1.0,0.75,0.25,1.0,1.0,0.0,0.25,1.0,0.0,0.25,1.0,0.75,0.25,0.0,0.25,1.0,0.0,0.25,0.75,0.0,0.25,0.25,0.0,0.0,0.0,0.0,0.0,1.0,0.25,1.0,0.83,0.33,0.0,1.0,0.0,0.0,0.25,0.75,0.5,0.25,0.0,0.75,0.5,0.25
2089,0.67,0.17,0.17,0.25,0.75,0.0,0.17,0.75,0.25,0.0,1.0,0.75,0.0,0.25,1.0,0.0,0.0,0.0,1.0,0.0,1.0,0.75,1.0,0.0,0.25,0.25,0.0,1.0,0.75,0.25,0.25,0.75,0.25,1.0,0.25,1.0,0.0,0.0,0.75,0.25,0.0,1.0,0.25,0.75,0.75,0.25,1.0,0.0,0.0,0.25,0.0,0.75,0.75,0.25,1.0,0.25,0.75,0.0,0.0,0.75,1.0,1.0,0.17,0.0,1.0,0.25,1.0,0.5,0.25,0.5,0.75,0.5,0.75,0.75,0.5
2090,0.83,0.33,0.0,0.75,0.75,0.0,0.17,0.25,1.0,0.75,1.0,0.25,0.0,0.75,0.25,0.75,0.0,1.0,0.25,0.0,1.0,0.75,0.75,0.0,0.75,0.75,0.0,1.0,1.0,0.75,1.0,0.25,0.0,0.25,0.0,0.75,0.0,0.25,0.25,0.0,0.75,1.0,0.25,1.0,1.0,1.0,0.75,0.25,0.25,0.75,0.0,0.0,0.0,1.0,1.0,0.75,0.75,0.25,1.0,1.0,0.67,1.0,0.5,0.0,1.0,0.0,0.25,0.5,0.5,0.5,0.75,0.5,0.5,0.75,0.5
2091,0.33,0.5,0.33,0.75,0.75,0.0,0.83,1.0,1.0,1.0,0.75,0.25,0.25,0.75,0.75,1.0,0.0,1.0,1.0,0.75,0.25,0.0,0.75,0.0,0.75,0.25,0.25,0.75,0.25,0.0,1.0,0.75,0.25,0.0,0.25,1.0,0.0,0.75,1.0,0.25,0.0,0.75,0.25,0.75,0.75,0.75,0.75,0.75,0.0,0.0,0.0,0.25,0.0,1.0,0.0,0.0,0.0,0.0,1.0,0.75,0.67,0.5,0.33,0.75,1.0,0.25,1.0,0.25,0.75,0.5,0.75,0.25,0.5,0.75,0.25
2092,1.0,0.83,1.0,0.25,0.0,0.0,0.5,0.75,1.0,1.0,0.25,1.0,0.75,0.25,1.0,1.0,0.0,1.0,0.75,0.0,1.0,1.0,0.0,0.25,0.0,0.75,0.75,0.0,0.0,0.75,0.0,0.25,0.25,0.0,0.0,0.0,0.25,0.75,0.25,0.75,1.0,1.0,0.75,1.0,0.75,1.0,1.0,0.25,1.0,1.0,0.0,0.25,0.25,0.25,1.0,0.0,0.0,0.0,1.0,1.0,0.83,0.83,0.67,0.0,1.0,0.25,0.0,0.5,0.75,0.75,0.75,0.5,0.5,0.75,0.5
2095,0.83,0.5,0.17,0.25,0.25,0.0,0.67,1.0,0.25,0.25,1.0,0.25,0.25,1.0,0.75,0.25,0.0,0.25,0.75,0.25,1.0,0.25,0.75,0.0,0.25,0.25,0.0,1.0,0.75,0.25,0.25,0.25,0.25,1.0,0.0,1.0,0.0,0.0,1.0,0.0,0.25,1.0,0.0,0.75,0.75,0.75,0.75,0.25,0.0,0.25,0.25,0.25,0.75,0.0,1.0,0.25,0.75,0.0,1.0,1.0,1.0,0.83,0.17,0.0,1.0,0.25,0.75,0.5,0.5,0.75,0.75,0.5,0.75,0.75,0.5
2097,0.67,0.33,0.17,0.75,0.75,0.0,0.67,0.0,1.0,1.0,1.0,0.0,0.0,0.75,0.75,0.75,0.25,1.0,0.25,0.0,0.75,0.75,0.0,0.0,0.75,0.25,0.25,0.75,0.75,0.75,0.0,0.0,0.0,1.0,0.25,0.25,0.0,1.0,0.0,0.0,0.25,0.75,1.0,1.0,1.0,0.75,0.0,0.75,0.0,1.0,0.75,0.25,0.75,1.0,0.0,0.0,1.0,0.25,1.0,0.75,0.83,0.5,0.83,0.0,0.75,0.75,1.0,0.5,0.5,0.75,0.5,0.5,0.25,0.5,0.25
2098,0.17,0.33,0.0,0.75,1.0,0.0,0.67,1.0,1.0,1.0,0.75,0.0,0.75,0.75,0.75,1.0,0.75,0.75,1.0,0.0,0.75,0.75,0.75,0.25,0.75,0.25,0.25,1.0,0.75,1.0,0.25,0.0,0.25,1.0,0.75,0.0,0.75,0.75,0.75,1.0,0.75,1.0,0.25,0.75,0.75,1.0,0.75,0.75,0.0,0.0,0.75,1.0,0.75,1.0,0.0,0.25,0.0,0.25,1.0,0.75,0.5,0.5,0.67,0.75,1.0,1.0,1.0,0.0,0.75,0.75,1.0,0.75,0.25,1.0,0.25
2099,0.67,0.17,0.0,1.0,1.0,0.0,1.0,0.25,1.0,1.0,0.0,0.0,1.0,0.0,1.0,0.0,1.0,0.25,1.0,0.25,1.0,1.0,1.0,0.0,0.75,0.0,0.0,1.0,0.0,1.0,1.0,0.0,1.0,1.0,1.0,0.75,1.0,0.75,0.0,0.75,1.0,0.75,0.75,1.0,1.0,1.0,0.0,1.0,0.0,0.75,0.75,1.0,1.0,1.0,1.0,1.0,1.0,1.0,0.0,0.75,0.17,0.33,0.83,0.75,0.75,1.0,1.0,0.75,0.0,0.75,0.75,0.75,0.0,0.75,0.25
2100,0.0,0.17,0.0,1.0,1.0,0.0,1.0,0.0,1.0,1.0,0.0,0.0,1.0,0.0,1.0,1.0,1.0,0.25,1.0,0.0,1.0,0.75,1.0,0.0,1.0,0.0,0.0,1.0,0.75,1.0,1.0,0.0,0.0,1.0,1.0,0.25,1.0,1.0,0.0,1.0,1.0,0.75,1.0,1.0,1.0,1.0,0.0,0.75,0.0,1.0,1.0,1.0,1.0,1.0,0.75,1.0,1.0,1.0,0.0,0.25,0.17,0.67,1.0,0.75,0.25,1.0,1.0,1.0,0.0,0.25,1.0,1.0,0.0,1.0,0.0
2101,0.17,0.17,0.0,1.0,1.0,0.0,0.83,0.0,1.0,1.0,0.25,0.0,1.0,0.0,1.0,0.75,1.0,0.0,1.0,0.0,1.0,1.0,1.0,0.0,1.0,0.0,0.0,1.0,0.75,1.0,0.25,0.0,0.0,1.0,1.0,0.0,1.0,0.75,0.0,0.75,1.0,0.75,1.0,1.0,0.75,1.0,0.25,0.0,0.25,1.0,0.75,0.75,1.0,1.0,0.75,1.0,1.0,1.0,0.25,0.25,0.17,0.83,0.67,0.25,0.25,1.0,1.0,0.75,0.25,0.75,1.0,1.0,0.5,1.0,0.5
2102,0.0,0.0,0.17,1.0,1.0,0.0,1.0,0.0,1.0,1.0,0.0,0.0,1.0,0.0,1.0,1.0,1.0,0.0,1.0,0.0,1.0,1.0,1.0,0.0,1.0,0.0,0.0,1.0,0.75,1.0,1.0,0.0,0.0,1.0,1.0,0.0,1.0,1.0,0.0,1.0,1.0,0.25,1.0,1.0,1.0,1.0,0.0,0.25,0.0,1.0,0.75,1.0,1.0,1.0,1.0,1.0,1.0,1.0,0.0,0.25,0.0,0.5,0.83,0.25,0.75,1.0,1.0,1.0,0.5,0.5,1.0,1.0,0.25,1.0,0.5
2103,0.0,0.17,0.0,1.0,1.0,0.0,0.83,0.0,1.0,1.0,0.0,0.0,1.0,0.0,0.75,0.75,1.0,0.0,1.0,0.25,1.0,1.0,1.0,0.0,1.0,0.0,0.0,1.0,1.0,1.0,0.25,0.0,0.0,1.0,1.0,0.0,1.0,1.0,0.0,1.0,1.0,0.75,1.0,1.0,1.0,1.0,0.0,0.75,0.0,1.0,1.0,1.0,1.0,1.0,0.25,1.0,1.0,1.0,0.0,0.25,0.17,0.67,1.0,0.75,0.25,1.0,1.0,1.0,0.0,0.0,1.0,1.0,0.0,1.0,0.25
2104,0.0,0.17,0.0,1.0,1.0,0.0,1.0,0.0,1.0,1.0,0.0,0.0,1.0,0.0,0.25,0.0,1.0,0.0,1.0,0.0,1.0,0.75,1.0,0.0,0.75,0.0,0.0,1.0,0.75,1.0,0.75,0.0,0.0,1.0,1.0,0.25,1.0,1.0,0.25,1.0,1.0,0.75,1.0,1.0,1.0,1.0,0.0,0.75,0.0,1.0,0.75,1.0,1.0,1.0,1.0,0.75,1.0,1.0,0.0,0.25,0.17,0.67,1.0,0.25,0.75,1.0,0.75,0.75,0.0,0.5,1.0,0.75,0.25,1.0,0.25
2105,0.0,0.0,0.0,1.0,1.0,0.0,1.0,0.0,1.0,1.0,0.0,0.0,1.0,0.0,1.0,0.75,1.0,0.0,1.0,0.0,1.0,0.75,1.0,0.0,1.0,0.0,0.0,1.0,0.75,1.0,1.0,0.0,0.0,1.0,1.0,0.0,1.0,1.0,0.0,1.0,1.0,0.25,1.0,1.0,1.0,1.0,0.0,1.0,0.0,1.0,1.0,1.0,1.0,1.0,0.75,1.0,1.0,1.0,0.0,0.25,0.17,0.5,1.0,0.25,0.25,1.0,1.0,1.0,0.0,0.5,1.0,1.0,0.0,1.0,0.0
2106,0.0,0.83,0.67,0.0,0.0,1.0,0.0,0.75,0.0,0.0,0.75,1.0,0.0,1.0,0.0,0.0,0.0,0.0,0.0,0.0,0.0,0.25,0.0,1.0,0.0,1.0,1.0,1.0,0.0,0.0,1.0,1.0,1.0,1.0,0.0,1.0,0.0,0.25,1.0,0.0,0.0,1.0,0.0,0.0,0.0,0.75,0.75,0.0,1.0,1.0,0.0,0.0,0.0,0.0,0.0,0.0,0.0,0.0,1.0,1.0,1.0,1.0,0.17,0.0,1.0,0.0,0.0,0.0,0.75,0.75,0.75,0.0,0.75,0.5,0.5
2107,0.5,1.0,0.33,0.0,0.25,0.75,0.33,0.75,0.25,0.0,0.75,1.0,0.25,0.75,0.75,0.0,0.0,0.0,0.25,0.0,0.25,0.75,0.0,1.0,0.0,1.0,1.0,1.0,0.25,0.25,0.0,1.0,1.0,0.25,0.25,1.0,0.0,0.25,0.75,0.0,0.25,1.0,0.25,0.0,0.0,0.25,1.0,0.0,1.0,1.0,0.0,0.0,0.25,0.0,1.0,0.0,0.0,0.0,1.0,1.0,1.0,0.83,0.17,0.0,1.0,0.0,0.0,0.0,0.75,1.0,0.5,0.0,0.75,0.75,0.75
2110,1.0,0.83,0.83,0.0,0.0,0.75,0.0,0.25,0.0,0.0,1.0,1.0,0.0,1.0,0.75,0.25,0.0,0.75,0.0,0.0,0.25,0.0,0.0,1.0,0.0,1.0,1.0,0.75,0.0,0.0,0.75,0.75,0.25,0.75,0.0,0.75,0.0,0.0,1.0,0.0,0.25,1.0,0.25,0.0,0.0,0.0,1.0,0.0,1.0,0.0,0.0,0.0,0.0,0.0,0.0,0.0,0.0,0.0,1.0,1.0,0.83,1.0,0.0,0.0,1.0,0.0,0.0,0.0,0.75,0.75,0.5,0.25,1.0,1.0,0.5
2111,0.0,0.0,0.0,0.75,1.0,0.0,0.83,0.75,1.0,1.0,1.0,0.0,0.25,0.75,1.0,0.0,0.25,0.0,0.75,0.0,1.0,0.75,1.0,0.0,1.0,0.0,0.0,1.0,1.0,1.0,0.75,0.25,0.75,1.0,0.25,1.0,0.0,0.0,1.0,0.25,0.25,1.0,0.25,1.0,1.0,1.0,0.0,1.0,0.0,1.0,1.0,1.0,0.75,1.0,1.0,1.0,1.0,0.75,0.25,0.0,0.83,0.83,0.5,0.0,1.0,1.0,1.0,0.5,0.0,0.5,0.5,0.5,0.0,0.5,0.25
2112,0.33,1.0,0.33,0.0,0.75,1.0,0.67,0.25,0.25,0.25,0.0,0.75,0.0,0.25,0.75,0.0,0.75,0.75,0.75,0.0,0.75,0.25,0.0,1.0,0.0,1.0,1.0,0.75,0.75,0.0,0.0,1.0,0.25,0.25,0.0,1.0,0.25,1.0,0.75,0.75,0.75,0.0,0.25,0.75,0.25,0.25,1.0,0.0,1.0,1.0,0.25,0.0,0.75,1.0,0.0,0.0,0.0,0.25,1.0,1.0,0.67,0.67,0.33,0.0,1.0,0.25,0.0,0.0,0.75,0.75,0.75,0.0,0.5,0.5,0.5
2113,0.17,0.17,0.0,1.0,1.0,0.0,1.0,0.0,1.0,1.0,0.0,0.0,1.0,0.0,0.75,1.0,1.0,0.0,1.0,0.0,1.0,1.0,1.0,0.0,1.0,0.0,0.0,1.0,1.0,1.0,1.0,0.0,0.0,1.0,1.0,0.25,1.0,1.0,0.0,1.0,1.0,0.75,1.0,1.0,1.0,1.0,0.0,0.75,0.0,1.0,0.75,1.0,0.75,1.0,0.75,1.0,1.0,1.0,0.0,0.25,0.17,0.67,1.0,0.75,0.75,1.0,1.0,1.0,0.25,0.75,1.0,0.75,0.0,1.0,0.25
2114,0.83,0.67,0.33,0.25,0.75,0.25,0.33,0.75,0.25,0.25,0.75,0.75,0.0,0.25,0.0,1.0,0.25,0.25,0.25,0.25,0.25,0.0,0.0,0.25,0.0,0.75,0.75,0.75,0.25,0.25,0.25,0.25,1.0,1.0,0.25,0.25,0.0,0.75,0.25,0.25,0.25,0.75,0.25,0.75,0.25,0.25,0.75,0.25,0.25,0.25,0.75,0.75,0.25,0.75,0.0,0.0,0.25,0.0,1.0,1.0,0.83,0.67,0.67,0.0,1.0,0.25,0.0,0.5,1.0,1.0,1.0,0.5,0.5,0.5,0.5
2119,1.0,1.0,0.5,0.25,0.0,1.0,0.0,1.0,0.0,0.0,0.75,1.0,0.0,1.0,0.0,0.75,0.0,0.25,0.25,0.0,0.75,0.75,0.0,1.0,0.0,1.0,1.0,0.0,1.0,0.0,0.0,1.0,0.25,0.0,0.0,0.75,0.0,1.0,1.0,1.0,0.75,0.75,1.0,0.0,0.0,0.75,0.25,0.25,0.75,1.0,0.25,1.0,1.0,0.25,0.0,0.0,0.0,0.0,1.0,1.0,1.0,0.83,0.17,0.0,1.0,0.0,0.0,0.0,0.75,0.75,1.0,0.5,0.25,0.5,0.5
2122,0.83,0.33,0.0,0.25,0.75,0.0,0.5,1.0,0.75,1.0,1.0,0.25,0.25,0.0,1.0,1.0,0.0,1.0,0.75,0.25,0.25,0.25,0.75,0.0,0.25,0.0,0.0,1.0,0.75,1.0,1.0,0.0,0.25,1.0,0.25,1.0,0.25,1.0,1.0,0.25,0.75,0.75,0.75,1.0,1.0,1.0,0.0,0.25,0.0,0.75,0.75,1.0,0.75,1.0,1.0,0.25,0.75,1.0,0.25,1.0,0.67,0.83,0.67,0.0,0.75,0.75,1.0,0.5,0.25,0.5,0.75,0.5,0.5,0.5,0.25
2123,0.17,0.0,0.0,1.0,1.0,0.0,0.67,0.75,1.0,1.0,0.75,0.0,0.75,0.75,1.0,1.0,0.25,0.25,1.0,0.0,1.0,1.0,1.0,0.0,1.0,0.0,0.0,1.0,1.0,1.0,0.75,0.0,0.25,1.0,1.0,1.0,0.0,0.25,0.75,0.25,1.0,0.75,0.75,1.0,1.0,1.0,0.0,1.0,0.0,1.0,1.0,1.0,1.0,1.0,0.0,1.0,1.0,1.0,0.75,0.75,0.67,0.67,1.0,0.0,0.75,1.0,1.0,0.5,0.0,0.5,1.0,1.0,0.0,0.5,0.0
2124,0.67,0.67,0.0,0.75,1.0,0.0,0.67,1.0,1.0,1.0,1.0,0.25,1.0,1.0,1.0,1.0,0.0,1.0,0.0,0.0,1.0,0.25,0.75,0.0,0.0,0.25,0.0,1.0,1.0,0.75,1.0,0.75,0.0,1.0,0.0,1.0,0.25,0.0,0.0,0.75,1.0,1.0,0.0,1.0,1.0,0.75,0.0,1.0,1.0,1.0,1.0,0.25,1.0,1.0,0.0,1.0,1.0,0.75,0.75,0.75,1.0,1.0,0.83,0.0,1.0,1.0,1.0,0.5,0.5,0.5,0.75,0.5,0.5,0.5,0.0
2125,0.67,0.17,0.0,0.75,0.75,0.0,0.67,0.75,1.0,0.75,1.0,0.0,0.75,0.75,1.0,0.75,0.25,1.0,0.75,0.25,0.75,0.75,1.0,0.0,0.75,0.0,0.25,0.75,0.75,0.75,0.75,0.0,0.75,1.0,0.25,1.0,0.25,0.25,0.25,0.25,0.25,0.75,0.25,1.0,1.0,1.0,0.0,1.0,0.0,1.0,1.0,0.75,1.0,1.0,1.0,0.75,1.0,1.0,0.75,0.75,0.67,0.67,0.83,0.25,0.75,0.75,1.0,0.75,0.25,0.5,1.0,0.5,0.0,1.0,0.25
2126,0.0,0.17,0.0,0.25,1.0,0.0,0.67,1.0,1.0,1.0,1.0,0.25,0.25,1.0,1.0,0.75,0.25,0.75,0.75,0.25,0.75,0.0,1.0,0.0,0.75,0.0,0.0,1.0,1.0,0.75,1.0,0.75,0.75,1.0,0.0,0.75,0.0,0.25,1.0,0.25,1.0,1.0,0.75,1.0,1.0,1.0,0.25,1.0,0.0,0.25,0.75,1.0,1.0,1.0,0.0,1.0,1.0,1.0,0.0,0.75,0.83,1.0,1.0,0.0,0.75,0.75,1.0,0.5,0.0,0.5,0.75,0.5,0.25,0.75,0.5
2127,0.33,0.83,0.0,1.0,0.25,0.25,0.33,0.75,1.0,0.0,1.0,0.75,0.0,1.0,0.25,1.0,0.0,0.75,0.0,0.0,1.0,0.0,0.25,0.25,0.0,0.75,0.0,0.25,0.75,0.0,0.0,1.0,1.0,0.0,0.0,1.0,0.0,0.75,1.0,0.25,1.0,0.75,0.0,0.0,0.0,1.0,1.0,0.0,0.75,0.75,0.0,0.0,0.0,0.0,1.0,0.0,0.0,0.0,1.0,1.0,1.0,0.67,0.17,0.0,0.25,0.0,0.75,0.0,1.0,0.75,0.75,0.25,1.0,0.5,0.75
2128,0.67,0.0,0.0,1.0,0.0,0.0,0.67,0.75,1.0,1.0,0.75,0.75,1.0,1.0,1.0,1.0,1.0,0.75,1.0,0.0,0.75,1.0,0.0,0.0,0.75,0.25,0.0,1.0,0.75,1.0,0.75,0.75,0.75,1.0,0.25,0.75,0.25,0.25,0.75,0.0,0.25,1.0,0.25,1.0,1.0,1.0,0.25,1.0,0.25,0.75,1.0,1.0,0.75,1.0,1.0,0.0,0.75,0.25,0.75,0.75,0.67,0.67,0.5,0.0,1.0,1.0,1.0,0.75,0.5,0.5,1.0,0.75,0.75,1.0,0.5
2137,0.83,0.17,0.0,1.0,1.0,0.0,0.67,1.0,1.0,1.0,0.75,0.25,0.25,0.75,1.0,0.75,0.75,1.0,1.0,0.0,1.0,0.25,1.0,0.0,0.75,0.0,0.0,1.0,1.0,1.0,0.75,0.25,0.0,1.0,0.25,1.0,0.25,0.25,1.0,0.75,1.0,0.75,0.25,1.0,1.0,1.0,0.0,1.0,0.0,0.75,0.75,1.0,0.75,1.0,1.0,0.75,1.0,0.75,0.25,1.0,0.67,0.83,1.0,0.75,0.75,1.0,1.0,1.0,0.25,0.5,1.0,0.5,0.0,1.0,1.0
2138,0.17,0.17,0.17,0.25,1.0,0.0,0.67,1.0,1.0,1.0,1.0,0.0,0.25,0.75,0.25,0.25,0.25,0.75,0.75,0.0,0.75,0.75,0.75,0.0,0.75,0.0,0.0,1.0,0.75,0.75,0.25,0.25,0.0,1.0,0.25,1.0,0.0,0.25,0.75,0.0,0.25,0.75,0.25,1.0,1.0,1.0,0.0,1.0,0.0,1.0,1.0,1.0,1.0,1.0,0.25,0.75,1.0,0.75,0.75,0.25,0.67,0.67,0.83,0.0,1.0,1.0,1.0,0.5,0.25,0.5,0.75,0.5,0.0,0.5,0.0
2139,0.83,0.17,0.0,0.75,1.0,0.0,0.67,1.0,1.0,0.75,1.0,0.25,0.25,0.75,0.75,0.0,0.25,0.75,0.75,0.0,0.75,0.75,1.0,0.0,0.25,0.0,0.0,1.0,1.0,0.75,1.0,0.25,0.25,1.0,0.25,1.0,0.25,0.25,1.0,0.0,0.0,0.25,0.25,1.0,1.0,1.0,0.0,1.0,0.0,1.0,1.0,1.0,0.25,1.0,1.0,1.0,1.0,1.0,0.25,0.25,0.67,0.67,0.83,0.0,0.75,0.75,1.0,0.5,0.25,0.5,0.5,0.5,0.0,0.5,0.0
2140,0.83,1.0,0.67,0.0,0.0,1.0,0.67,0.0,0.0,0.0,1.0,1.0,0.0,0.0,0.0,0.0,0.0,1.0,0.0,0.0,0.0,1.0,0.0,1.0,0.0,1.0,1.0,0.0,0.0,0.0,0.75,0.75,1.0,0.0,0.0,0.0,0.0,0.75,0.25,0.75,1.0,0.25,0.75,0.0,0.0,0.0,1.0,0.0,1.0,1.0,0.0,0.25,0.25,0.25,0.0,0.0,0.0,0.25,0.75,0.75,0.83,0.83,0.67,0.0,0.75,0.25,0.0,0.0,0.75,0.75,0.75,0.0,1.0,0.25,0.75
2141,1.0,0.33,0.83,1.0,1.0,0.0,0.67,0.75,0.75,0.75,0.25,0.25,0.75,0.25,1.0,0.75,0.25,0.75,0.75,0.25,0.75,1.0,0.25,0.0,0.25,0.75,0.25,0.75,0.75,1.0,0.75,0.25,0.0,1.0,0.75,1.0,0.25,0.75,0.75,0.25,0.75,1.0,0.75,1.0,0.75,1.0,0.75,0.75,0.0,1.0,0.75,0.75,0.75,1.0,1.0,0.75,0.75,0.25,0.75,1.0,1.0,1.0,0.67,0.0,0.75,0.25,0.75,0.75,0.5,0.75,1.0,0.25,0.5,0.75,0.25
2142,0.17,0.17,0.0,1.0,1.0,0.0,0.83,1.0,1.0,1.0,1.0,0.0,0.25,0.75,1.0,0.75,0.75,0.75,1.0,0.0,1.0,0.75,1.0,0.0,1.0,0.0,0.0,1.0,1.0,1.0,1.0,0.0,0.0,1.0,0.75,1.0,0.75,0.25,1.0,0.0,0.25,1.0,0.75,1.0,1.0,1.0,0.0,1.0,0.0,0.75,1.0,1.0,1.0,1.0,1.0,0.25,1.0,0.75,0.75,0.75,0.5,1.0,1.0,1.0,1.0,1.0,1.0,0.75,0.5,0.5,1.0,0.75,0.25,0.75,0.25
2143,0.0,0.0,0.0,1.0,1.0,0.0,1.0,0.0,1.0,1.0,0.0,0.0,1.0,0.0,0.75,0.25,0.75,0.25,1.0,0.25,1.0,0.75,1.0,0.0,1.0,0.0,0.0,1.0,0.25,1.0,0.75,0.0,0.0,1.0,1.0,0.0,1.0,1.0,0.0,1.0,1.0,0.25,1.0,1.0,1.0,1.0,0.0,1.0,0.0,1.0,1.0,1.0,1.0,1.0,0.75,0.75,1.0,1.0,0.0,0.0,0.0,0.67,1.0,0.25,0.0,1.0,1.0,1.0,0.0,0.5,1.0,0.75,0.0,1.0,0.5
2144,1.0,0.83,1.0,0.25,0.75,1.0,0.67,1.0,0.75,0.75,0.75,0.25,0.75,0.0,0.25,1.0,0.25,1.0,1.0,1.0,1.0,0.75,0.0,1.0,1.0,1.0,1.0,1.0,0.0,0.75,1.0,0.0,1.0,1.0,1.0,1.0,0.25,1.0,0.0,1.0,1.0,0.25,1.0,0.75,0.25,1.0,1.0,0.0,0.0,1.0,0.25,1.0,1.0,1.0,0.0,0.0,0.0,0.0,1.0,1.0,0.67,0.0,0.83,0.0,1.0,1.0,1.0,0.25,0.25,0.75,1.0,0.75,0.75,0.75,0.75
2145,0.83,0.33,0.67,0.25,0.0,0.0,0.67,0.75,0.75,1.0,0.25,0.75,1.0,0.25,0.0,0.0,0.75,0.25,0.75,0.25,0.75,0.0,0.0,0.25,0.25,0.25,0.0,0.0,0.0,1.0,0.75,0.25,0.0,1.0,0.75,0.75,0.0,0.75,0.0,1.0,0.25,0.75,0.75,1.0,0.25,1.0,0.0,0.25,0.0,1.0,1.0,0.0,1.0,1.0,0.0,0.0,0.75,1.0,0.75,1.0,0.17,0.67,0.83,0.0,0.25,1.0,0.75,0.5,0.75,0.5,0.5,0.5,0.25,0.75,0.25
2146,0.67,0.5,0.17,1.0,0.75,0.0,0.67,0.75,1.0,0.75,0.25,0.25,0.25,0.75,0.25,0.75,0.25,1.0,0.75,0.25,1.0,0.25,0.75,0.0,0.25,0.75,0.0,1.0,0.75,1.0,0.75,0.25,0.75,0.25,0.75,0.25,0.25,0.75,1.0,0.0,1.0,0.75,0.75,1.0,0.75,1.0,1.0,0.75,0.0,1.0,0.25,0.75,1.0,1.0,0.75,0.75,0.25,0.0,1.0,0.75,0.5,1.0,1.0,0.0,0.25,0.25,0.75,0.5,0.5,0.5,0.75,0.5,0.5,0.5,0.5
2149,0.0,0.0,0.0,1.0,1.0,0.0,1.0,0.0,1.0,1.0,0.0,0.0,1.0,0.25,1.0,1.0,1.0,0.0,1.0,0.0,1.0,1.0,1.0,0.0,1.0,0.0,0.0,1.0,1.0,1.0,1.0,0.0,0.0,1.0,1.0,0.0,1.0,1.0,0.0,0.75,1.0,0.25,0.75,1.0,1.0,1.0,0.0,1.0,0.0,1.0,1.0,1.0,1.0,1.0,0.0,1.0,1.0,1.0,0.0,0.0,0.0,0.67,1.0,0.25,0.0,1.0,1.0,0.75,0.0,0.5,1.0,0.75,0.0,1.0,0.5
2151,0.5,0.83,0.5,0.0,0.0,1.0,0.0,0.75,0.0,0.0,0.75,1.0,0.0,0.0,0.75,1.0,0.0,1.0,0.0,0.0,0.0,0.0,0.0,1.0,0.0,1.0,1.0,0.25,0.25,0.0,0.0,0.75,0.25,0.75,0.0,1.0,0.0,0.0,0.25,0.0,0.25,0.75,0.75,0.0,0.0,0.0,1.0,0.0,0.75,0.75,0.0,0.0,0.0,0.0,0.0,0.0,0.0,0.0,1.0,1.0,1.0,0.67,0.0,0.0,1.0,0.0,0.0,0.0,0.75,0.75,0.5,0.25,0.75,0.5,0.5
2152,0.17,0.0,0.0,1.0,1.0,0.0,1.0,0.0,1.0,1.0,0.0,0.0,1.0,0.0,1.0,0.25,1.0,0.0,1.0,0.25,1.0,1.0,1.0,0.0,1.0,0.0,0.0,1.0,1.0,1.0,1.0,0.0,0.0,1.0,1.0,0.0,1.0,1.0,0.0,1.0,1.0,0.25,1.0,1.0,1.0,1.0,0.0,1.0,0.0,1.0,1.0,1.0,1.0,1.0,0.25,0.75,1.0,1.0,0.0,0.25,0.0,0.67,1.0,0.25,0.0,1.0,1.0,1.0,0.0,0.25,1.0,1.0,0.0,1.0,0.75
2154,0.83,0.33,0.17,0.75,0.0,0.0,0.33,0.0,0.75,0.0,0.75,1.0,0.75,1.0,0.75,0.25,0.0,0.75,0.25,0.0,0.25,0.75,0.75,0.0,0.75,0.25,0.25,1.0,0.25,0.0,0.75,0.75,0.0,0.25,0.25,0.25,0.75,0.25,1.0,0.0,0.75,0.75,0.75,1.0,0.75,0.75,1.0,1.0,0.0,0.75,0.75,0.75,0.25,0.0,1.0,0.0,0.0,0.0,1.0,0.75,0.83,1.0,0.83,0.0,0.75,0.25,0.0,0.5,0.75,0.5,0.75,0.25,0.5,0.75,0.5
2155,0.83,0.67,0.5,0.25,0.0,0.0,0.17,0.75,0.25,0.0,1.0,1.0,0.0,0.75,0.75,0.25,0.0,0.75,0.75,0.0,0.75,0.25,0.0,0.0,0.0,0.75,0.75,0.75,0.75,0.0,1.0,1.0,0.75,1.0,0.0,1.0,0.0,0.25,1.0,0.0,0.25,1.0,0.0,0.0,0.0,0.0,1.0,0.0,0.0,0.0,0.25,0.25,0.25,0.0,1.0,0.25,0.0,0.25,1.0,0.75,1.0,1.0,0.17,0.0,1.0,0.0,0.75,0.25,0.5,0.5,0.75,0.25,0.75,0.75,0.5
2156,0.83,0.67,0.17,0.25,0.25,0.0,0.67,1.0,0.75,0.25,1.0,0.75,0.0,0.75,0.0,0.75,0.25,0.25,0.75,0.0,0.75,0.75,0.0,0.0,0.0,0.75,0.75,0.75,0.75,0.0,0.0,0.25,0.25,1.0,0.0,1.0,0.0,0.25,0.25,0.0,0.0,1.0,0.25,0.75,0.75,0.25,1.0,0.25,0.25,0.25,0.75,1.0,0.75,0.25,0.75,0.0,0.0,0.0,1.0,1.0,1.0,1.0,0.5,0.0,1.0,0.0,0.0,0.5,0.75,0.5,0.75,0.25,0.5,0.75,0.25
2158,0.83,0.33,0.17,0.75,0.0,0.0,0.5,0.0,1.0,0.25,0.75,0.0,0.25,0.0,1.0,1.0,0.25,1.0,0.75,0.0,0.25,1.0,0.0,0.0,0.25,0.0,0.0,1.0,0.75,0.75,0.75,0.25,0.25,0.25,0.0,0.75,0.0,1.0,0.75,0.75,0.75,0.75,0.25,0.75,0.25,1.0,0.25,0.25,0.25,1.0,0.25,0.25,0.75,0.75,0.75,0.0,0.25,0.75,1.0,1.0,0.67,0.67,0.5,0.0,0.75,0.75,1.0,0.5,0.5,0.5,0.5,0.5,0.5,0.75,0.5
2159,1.0,0.5,0.5,0.75,0.0,0.25,0.83,0.0,1.0,1.0,1.0,0.0,0.75,0.0,1.0,1.0,0.25,1.0,1.0,0.0,1.0,0.75,0.0,0.25,0.25,0.25,1.0,0.75,0.75,1.0,0.0,0.25,0.0,0.0,1.0,0.75,0.25,0.75,0.25,1.0,1.0,0.25,1.0,1.0,0.75,1.0,0.25,0.25,0.75,1.0,0.75,0.25,0.75,1.0,0.25,0.25,0.0,0.25,1.0,0.75,0.67,0.67,0.83,0.0,0.75,1.0,0.75,0.75,0.5,0.5,1.0,0.75,0.5,1.0,0.75
2163,0.5,0.33,0.17,0.25,0.0,0.0,0.33,1.0,0.25,0.0,0.75,0.75,0.0,0.0,1.0,1.0,0.0,1.0,0.75,0.0,0.25,0.0,0.0,0.0,0.0,0.75,0.0,1.0,0.25,0.25,0.75,0.75,1.0,1.0,0.0,0.75,0.0,1.0,1.0,0.0,0.25,1.0,0.25,0.25,0.25,1.0,0.25,0.25,0.25,0.25,0.25,0.75,0.75,0.75,1.0,0.0,0.0,0.75,1.0,1.0,1.0,1.0,0.67,0.0,1.0,0.25,1.0,0.5,0.5,0.5,0.75,0.25,0.5,0.75,0.25
2165,0.83,0.17,0.0,1.0,1.0,0.0,0.67,0.0,1.0,1.0,0.75,0.0,0.25,0.75,1.0,0.0,0.25,0.75,1.0,0.0,1.0,1.0,0.75,0.0,1.0,0.0,0.0,1.0,1.0,1.0,0.0,0.0,0.0,1.0,0.25,0.0,0.25,1.0,0.75,0.25,0.25,1.0,0.0,1.0,1.0,1.0,0.25,0.75,0.0,1.0,0.75,0.0,1.0,1.0,1.0,1.0,1.0,0.75,0.75,0.75,0.67,0.83,0.83,0.0,0.75,0.75,1.0,0.75,0.25,0.5,0.75,0.75,0.5,0.75,0.5
2166,0.0,0.17,0.0,1.0,0.75,0.0,1.0,0.0,1.0,1.0,0.0,0.0,1.0,0.0,1.0,1.0,1.0,0.0,1.0,0.0,1.0,1.0,1.0,0.0,1.0,0.0,0.0,1.0,1.0,1.0,0.0,0.0,0.75,1.0,1.0,0.0,1.0,1.0,0.0,1.0,1.0,0.0,1.0,1.0,1.0,1.0,0.0,0.0,0.0,1.0,1.0,0.0,1.0,1.0,1.0,1.0,1.0,1.0,0.0,0.0,0.0,0.83,1.0,0.0,0.0,1.0,1.0,0.75,0.0,0.25,1.0,1.0,0.0,1.0,0.75
2167,1.0,0.0,0.33,1.0,1.0,0.0,1.0,0.0,1.0,1.0,0.75,0.0,1.0,0.0,0.75,0.25,1.0,0.75,1.0,0.0,1.0,1.0,1.0,0.0,1.0,0.0,0.0,1.0,0.75,1.0,0.25,0.0,0.0,1.0,1.0,0.25,1.0,1.0,0.0,1.0,1.0,0.75,1.0,1.0,1.0,1.0,0.0,0.75,0.0,1.0,0.75,1.0,1.0,1.0,1.0,1.0,1.0,1.0,0.25,0.25,0.33,0.67,1.0,0.75,1.0,1.0,1.0,1.0,0.0,0.5,1.0,0.75,0.0,1.0,0.5
2168,0.0,0.0,0.0,1.0,1.0,0.0,1.0,0.25,1.0,1.0,0.25,0.0,1.0,0.0,0.75,0.25,1.0,0.0,1.0,0.25,1.0,1.0,1.0,0.0,1.0,0.0,0.0,1.0,0.75,1.0,0.75,0.0,0.0,1.0,1.0,0.25,1.0,1.0,0.0,1.0,1.0,0.75,1.0,1.0,1.0,1.0,0.0,1.0,0.0,1.0,0.75,1.0,1.0,1.0,0.75,1.0,1.0,1.0,0.0,0.25,0.33,0.67,1.0,0.75,0.75,1.0,1.0,1.0,0.0,0.5,1.0,1.0,0.0,1.0,0.5
2169,0.33,0.17,0.0,1.0,1.0,0.0,1.0,0.0,1.0,1.0,0.0,0.0,1.0,0.0,1.0,0.25,1.0,0.0,1.0,0.0,1.0,1.0,1.0,0.0,1.0,0.0,0.0,1.0,0.25,1.0,0.25,0.0,0.0,0.25,1.0,0.0,1.0,1.0,0.0,1.0,1.0,0.25,1.0,1.0,1.0,1.0,0.0,1.0,0.0,1.0,1.0,0.75,1.0,1.0,0.75,1.0,1.0,1.0,0.0,0.0,0.0,0.5,1.0,0.75,0.25,1.0,1.0,1.0,0.0,0.5,1.0,1.0,0.0,1.0,0.5
2170,0.67,0.17,0.0,1.0,1.0,0.0,0.83,0.0,1.0,1.0,0.0,0.0,1.0,0.0,0.0,0.0,1.0,1.0,1.0,0.0,1.0,0.75,1.0,0.0,1.0,0.0,0.0,1.0,0.25,1.0,0.75,0.0,0.0,1.0,1.0,0.25,1.0,0.75,0.0,0.75,1.0,0.25,1.0,1.0,1.0,1.0,0.0,1.0,0.0,1.0,1.0,1.0,1.0,1.0,0.0,0.75,1.0,1.0,0.0,1.0,0.5,0.5,1.0,0.0,0.0,1.0,1.0,1.0,0.0,0.5,0.75,0.75,0.0,1.0,0.25
2171,0.33,0.0,0.0,1.0,1.0,0.0,0.83,0.0,1.0,1.0,0.0,0.0,1.0,0.0,1.0,1.0,1.0,0.0,1.0,0.0,1.0,1.0,1.0,0.0,1.0,0.0,0.0,1.0,1.0,1.0,0.0,0.0,0.0,1.0,1.0,1.0,1.0,1.0,0.75,0.75,0.75,1.0,1.0,1.0,1.0,1.0,0.0,0.75,0.0,0.0,1.0,1.0,1.0,1.0,1.0,1.0,1.0,1.0,0.0,0.75,0.33,1.0,0.83,1.0,0.75,1.0,1.0,0.75,0.0,0.5,1.0,1.0,0.25,1.0,0.0
2173,0.5,0.67,0.0,0.0,0.75,0.0,0.17,0.75,0.25,0.75,1.0,1.0,0.0,0.75,1.0,0.25,0.0,0.0,0.0,0.0,0.25,0.75,0.75,0.0,0.25,0.0,0.25,1.0,1.0,0.0,0.75,1.0,1.0,1.0,0.0,0.75,0.0,0.25,1.0,0.0,0.0,0.75,0.0,0.25,1.0,0.75,0.75,0.75,0.0,1.0,0.25,0.75,0.25,0.75,0.75,0.0,0.0,0.25,1.0,0.25,0.83,0.67,0.5,0.0,0.75,0.0,0.75,0.5,0.5,0.5,0.5,0.5,0.5,0.5,0.5
2174,0.83,0.33,1.0,0.25,0.0,1.0,0.17,1.0,0.0,0.0,0.75,1.0,0.0,1.0,0.75,0.0,0.0,1.0,0.0,0.0,0.0,0.0,0.0,1.0,0.0,1.0,0.75,0.75,0.25,0.0,0.0,1.0,1.0,1.0,0.0,1.0,0.0,0.25,0.0,0.0,0.0,0.0,0.25,0.0,0.0,0.25,1.0,0.25,0.0,1.0,1.0,1.0,1.0,0.0,0.0,0.0,0.0,0.75,1.0,1.0,0.83,1.0,0.33,0.0,1.0,0.0,0.0,0.0,0.5,0.5,0.5,0.0,0.75,0.0,0.25
2175,1.0,1.0,1.0,0.0,0.0,1.0,0.0,1.0,0.0,0.0,1.0,1.0,0.0,1.0,0.0,0.0,0.0,1.0,0.0,0.0,0.0,0.0,0.0,1.0,0.0,1.0,1.0,0.0,1.0,0.0,0.0,1.0,1.0,1.0,0.0,1.0,0.0,0.0,1.0,0.0,0.0,1.0,0.0,0.0,0.0,0.0,1.0,0.0,1.0,0.0,0.0,0.0,0.0,0.0,0.0,0.0,0.0,0.0,1.0,1.0,1.0,1.0,0.0,0.0,0.75,0.0,0.0,0.0,1.0,0.75,0.0,0.0,1.0,0.0,0.5
2176,0.33,0.33,0.83,0.25,0.75,0.0,0.83,0.75,1.0,1.0,0.0,0.0,0.25,1.0,1.0,1.0,0.75,0.75,0.25,0.0,0.75,0.25,0.0,0.0,0.0,0.75,0.25,0.25,1.0,0.0,0.75,0.25,0.25,0.75,0.75,0.75,0.0,0.25,0.75,0.75,0.75,1.0,1.0,0.75,0.75,1.0,1.0,0.0,0.0,0.75,0.75,0.75,0.25,0.75,0.75,0.75,0.25,0.25,1.0,1.0,0.83,0.83,0.67,0.0,1.0,0.0,0.25,0.75,0.25,1.0,0.75,0.75,0.25,0.75,0.25
2177,0.5,0.0,0.17,1.0,0.75,0.0,0.33,0.75,1.0,0.75,0.25,0.25,0.25,0.0,1.0,1.0,0.0,1.0,1.0,0.0,1.0,0.75,0.75,0.0,1.0,0.0,0.25,1.0,0.75,1.0,0.75,1.0,0.75,1.0,0.25,0.75,0.25,0.25,1.0,0.25,0.75,0.75,0.25,0.75,0.25,1.0,0.25,0.25,0.25,0.75,0.75,0.25,0.75,0.75,1.0,0.25,0.75,0.25,0.75,0.75,0.83,0.83,0.83,0.25,0.75,1.0,1.0,0.75,0.5,0.75,0.75,0.5,0.5,0.75,0.75
2179,0.0,0.17,0.0,1.0,1.0,0.0,1.0,0.0,1.0,1.0,0.0,0.0,1.0,0.0,0.25,0.75,1.0,0.0,1.0,0.0,1.0,0.75,1.0,0.0,1.0,0.0,0.0,1.0,0.75,1.0,0.75,0.0,0.0,1.0,1.0,0.25,1.0,1.0,0.0,1.0,1.0,0.75,1.0,1.0,1.0,1.0,0.0,0.75,0.0,1.0,1.0,1.0,1.0,1.0,1.0,1.0,1.0,1.0,0.0,0.25,0.17,0.5,1.0,1.0,0.75,1.0,1.0,1.0,0.0,0.5,1.0,1.0,0.0,1.0,0.0
2180,0.83,0.67,0.0,0.0,1.0,0.0,0.0,0.75,0.75,0.25,1.0,0.75,0.0,0.75,1.0,0.75,0.0,0.25,0.25,0.25,0.25,0.75,0.75,0.0,0.75,0.25,0.25,1.0,0.75,0.25,1.0,0.75,1.0,1.0,0.0,1.0,0.0,0.0,0.75,0.0,0.0,1.0,0.25,0.25,0.75,1.0,0.75,0.75,0.0,0.25,0.25,0.25,1.0,0.0,1.0,0.25,0.25,0.25,1.0,0.75,0.83,1.0,0.67,0.0,1.0,0.25,1.0,0.25,0.25,0.75,0.75,0.25,0.75,0.75,0.25
2181,1.0,0.67,0.33,0.25,0.0,1.0,0.67,0.0,0.75,1.0,0.0,0.75,0.75,0.25,1.0,1.0,0.0,1.0,1.0,0.0,1.0,0.0,1.0,0.25,0.75,0.25,0.75,0.75,0.25,1.0,0.25,0.25,0.25,0.25,0.75,0.75,1.0,0.75,0.25,1.0,1.0,0.0,0.75,0.75,1.0,1.0,0.0,1.0,0.25,0.0,1.0,1.0,0.75,1.0,0.25,0.0,0.0,0.75,0.75,1.0,0.67,0.33,0.83,0.0,0.75,0.75,1.0,0.5,0.75,0.75,0.75,0.25,0.25,0.75,0.75
2183,0.33,0.67,0.67,0.25,0.25,0.75,0.17,0.0,0.25,0.0,0.0,0.75,0.25,0.75,0.25,1.0,0.0,0.75,0.75,0.0,0.25,0.25,0.0,0.75,0.25,1.0,0.75,0.25,0.75,0.25,0.0,0.75,0.0,1.0,0.0,0.75,0.0,0.75,1.0,0.75,1.0,1.0,0.0,0.25,0.0,0.25,0.75,0.0,1.0,0.25,0.25,0.0,0.75,0.0,0.25,0.0,0.75,0.25,0.75,1.0,0.83,0.67,0.33,0.0,0.75,0.0,0.0,0.0,0.5,0.5,0.5,0.25,0.5,0.5,0.5
2184,0.17,0.0,0.33,1.0,1.0,0.0,0.83,0.0,1.0,1.0,0.25,0.25,1.0,0.25,0.25,0.25,0.75,0.75,1.0,0.25,0.75,0.75,1.0,0.0,0.75,0.0,0.0,1.0,0.25,1.0,0.75,0.0,0.25,0.75,0.75,0.75,1.0,1.0,0.25,1.0,1.0,0.25,0.75,1.0,1.0,1.0,0.0,1.0,0.25,1.0,0.75,0.75,1.0,1.0,0.75,0.75,1.0,1.0,0.0,0.25,0.0,0.83,0.83,0.25,0.25,0.75,0.75,0.75,0.0,0.25,0.75,0.75,0.25,0.75,0.25
2187,0.0,0.0,0.0,1.0,0.75,0.0,1.0,0.75,1.0,1.0,0.25,0.0,1.0,0.25,0.75,0.75,1.0,0.25,1.0,0.75,1.0,1.0,1.0,0.0,1.0,0.0,0.0,1.0,0.75,1.0,0.75,0.0,0.0,1.0,1.0,0.0,1.0,1.0,0.0,1.0,1.0,0.25,1.0,1.0,1.0,1.0,0.0,1.0,0.0,1.0,1.0,1.0,1.0,1.0,0.25,1.0,1.0,1.0,0.0,0.0,0.0,0.67,1.0,0.75,0.0,1.0,1.0,0.75,0.0,0.5,1.0,0.75,0.0,1.0,0.5
2190,0.5,0.83,0.83,0.75,1.0,0.0,0.17,1.0,0.75,0.0,1.0,0.75,0.0,1.0,1.0,0.0,0.0,0.0,0.0,0.0,1.0,0.25,0.0,0.25,0.0,0.75,0.0,1.0,1.0,0.0,0.75,1.0,1.0,1.0,0.0,1.0,0.0,0.0,1.0,0.0,0.0,1.0,0.25,0.75,1.0,0.0,1.0,0.0,1.0,0.0,0.25,1.0,0.75,0.75,0.0,1.0,1.0,0.0,1.0,1.0,1.0,1.0,0.17,0.0,1.0,0.0,0.0,0.25,0.5,0.75,0.75,0.25,0.75,0.5,0.5
2192,0.33,0.17,0.17,1.0,1.0,0.0,0.67,1.0,1.0,1.0,1.0,0.0,0.75,0.25,1.0,0.25,0.0,0.25,1.0,0.75,1.0,0.25,1.0,0.0,0.75,0.0,0.0,1.0,0.25,0.75,1.0,0.75,0.25,1.0,0.0,1.0,0.25,0.0,1.0,0.0,0.75,1.0,0.0,1.0,1.0,1.0,0.0,1.0,0.0,1.0,1.0,1.0,1.0,1.0,0.25,1.0,1.0,1.0,0.25,0.0,0.83,0.83,0.83,0.25,0.25,1.0,0.75,0.5,0.0,0.5,1.0,0.5,0.25,0.75,0.25
2195,0.67,0.0,0.0,1.0,0.0,0.0,0.17,1.0,0.75,0.75,1.0,0.75,0.0,0.0,1.0,0.75,0.75,0.25,0.0,0.0,1.0,0.75,0.0,0.0,0.25,1.0,0.25,1.0,0.75,0.0,1.0,0.0,0.0,1.0,0.0,0.25,0.25,0.25,1.0,0.25,0.0,1.0,0.75,1.0,1.0,1.0,0.75,0.25,0.75,0.0,0.75,0.0,0.75,0.75,0.0,0.0,0.0,0.0,1.0,1.0,0.83,0.83,0.5,0.0,1.0,0.0,0.0,0.5,0.75,0.75,0.75,0.5,0.75,1.0,0.5
2198,1.0,0.67,0.17,0.25,1.0,0.0,0.5,0.25,0.75,1.0,0.75,0.25,0.25,0.25,1.0,0.75,0.75,0.75,0.75,0.0,0.25,0.0,0.75,0.75,0.25,0.25,0.75,1.0,0.0,0.75,0.75,0.75,0.75,0.75,0.25,1.0,0.0,0.75,0.25,0.25,0.75,0.25,0.75,0.25,0.75,1.0,0.25,0.25,0.25,1.0,0.0,0.75,0.0,1.0,0.75,0.0,0.75,0.75,1.0,1.0,0.5,0.5,0.83,0.0,0.25,0.75,0.25,0.5,0.5,0.5,0.5,0.5,0.5,0.75,0.75
2199,0.83,0.83,0.83,0.0,0.0,1.0,0.17,0.75,0.25,0.25,0.25,0.25,0.75,0.25,1.0,0.75,0.0,0.75,0.0,0.0,0.75,0.75,0.0,1.0,0.0,1.0,1.0,0.0,0.0,0.75,0.75,1.0,0.25,1.0,0.0,0.75,0.0,0.75,1.0,0.0,0.75,1.0,0.75,0.0,0.0,1.0,1.0,0.0,0.75,0.75,0.0,0.0,0.75,0.0,0.25,0.0,0.0,0.25,1.0,0.75,0.67,0.83,0.17,0.0,1.0,0.25,0.0,0.25,0.75,0.75,0.5,0.5,0.75,0.75,0.75
2201,0.83,0.17,0.33,0.75,0.75,0.0,0.83,0.0,0.75,1.0,0.0,0.0,0.75,0.0,0.75,0.25,1.0,0.75,1.0,0.75,0.75,0.75,1.0,0.0,1.0,0.0,0.0,1.0,0.25,1.0,0.75,0.25,0.75,0.75,1.0,0.75,0.75,0.75,0.25,0.75,0.75,0.75,0.75,0.75,1.0,1.0,0.0,0.25,0.0,0.75,0.75,0.75,1.0,1.0,1.0,0.75,0.75,1.0,0.0,1.0,0.33,0.33,0.83,0.0,0.75,1.0,0.75,0.75,0.25,0.75,0.75,0.75,0.25,0.75,0.25
2202,0.0,0.0,0.0,1.0,1.0,0.0,1.0,0.0,1.0,1.0,0.0,0.0,1.0,0.0,0.75,1.0,1.0,0.0,1.0,0.25,1.0,0.75,1.0,0.0,1.0,0.0,0.0,1.0,0.75,1.0,1.0,0.0,0.0,1.0,1.0,0.25,1.0,1.0,0.0,0.75,1.0,1.0,1.0,1.0,0.75,1.0,0.25,0.75,0.0,1.0,0.75,1.0,1.0,1.0,1.0,1.0,1.0,1.0,0.0,0.0,0.17,0.83,1.0,0.25,0.75,1.0,1.0,1.0,0.0,0.5,1.0,1.0,0.25,1.0,0.5
2205,0.0,0.0,0.0,1.0,1.0,0.0,1.0,0.0,1.0,1.0,0.0,0.0,1.0,0.0,1.0,0.25,1.0,0.0,1.0,0.25,1.0,0.75,1.0,0.0,1.0,0.0,0.0,1.0,0.75,1.0,1.0,0.0,0.0,1.0,1.0,0.0,1.0,1.0,0.0,1.0,1.0,0.25,0.75,1.0,1.0,1.0,0.0,1.0,0.0,1.0,1.0,1.0,1.0,1.0,0.25,1.0,1.0,1.0,0.0,0.0,0.0,0.33,1.0,0.25,0.0,1.0,1.0,0.75,0.0,0.0,1.0,0.75,0.0,1.0,0.5
2206,0.33,0.5,0.33,1.0,1.0,0.0,1.0,0.0,1.0,1.0,0.0,0.0,1.0,0.25,0.75,0.25,0.75,0.25,1.0,0.0,0.75,0.75,1.0,0.0,1.0,0.0,0.0,1.0,0.25,1.0,0.25,0.0,0.25,1.0,1.0,0.75,0.75,1.0,0.25,0.75,0.75,0.25,0.75,1.0,1.0,1.0,0.0,1.0,0.0,1.0,1.0,1.0,1.0,1.0,0.25,1.0,1.0,1.0,0.0,0.75,0.33,0.5,1.0,0.25,0.25,1.0,0.25,0.75,0.0,0.5,1.0,0.75,0.0,0.75,0.5
2209,0.0,0.0,0.0,1.0,1.0,0.0,1.0,0.0,1.0,1.0,0.25,0.0,1.0,0.0,1.0,1.0,1.0,0.25,1.0,0.25,1.0,1.0,1.0,0.0,1.0,0.0,0.0,1.0,1.0,1.0,1.0,0.0,0.0,1.0,1.0,0.0,1.0,1.0,0.0,1.0,1.0,0.25,1.0,1.0,1.0,1.0,0.0,1.0,0.0,1.0,1.0,1.0,1.0,1.0,0.75,1.0,1.0,1.0,0.0,0.25,0.0,0.5,1.0,1.0,0.0,1.0,1.0,1.0,0.0,0.5,1.0,0.75,0.0,1.0,0.25
2210,1.0,1.0,1.0,0.0,0.0,1.0,0.0,1.0,0.0,0.0,0.0,1.0,0.0,1.0,0.0,1.0,0.0,1.0,1.0,0.0,1.0,0.0,0.0,1.0,0.0,1.0,1.0,0.0,1.0,0.0,0.0,1.0,1.0,1.0,0.0,0.0,0.0,1.0,0.0,0.0,0.0,1.0,0.0,0.0,0.0,0.0,1.0,0.0,1.0,0.0,0.0,0.0,0.0,0.0,0.0,0.0,0.0,0.0,1.0,1.0,1.0,1.0,0.0,0.0,1.0,0.0,0.0,0.0,1.0,1.0,1.0,0.0,1.0,0.75,1.0
2211,0.67,0.83,0.5,0.0,0.0,0.75,0.17,0.25,0.75,0.25,0.75,1.0,0.0,0.75,0.0,1.0,0.0,0.0,0.0,0.0,0.0,0.75,0.0,0.75,0.0,1.0,1.0,0.25,0.0,0.25,0.0,1.0,0.0,1.0,0.0,0.75,0.0,0.25,0.75,0.25,1.0,0.75,0.25,0.25,0.0,0.75,0.75,0.0,1.0,1.0,0.0,0.0,0.0,0.25,0.0,0.0,0.0,0.0,1.0,1.0,0.83,0.67,0.17,0.0,0.75,0.0,0.0,0.0,0.75,0.75,0.75,0.5,0.75,0.5,0.75
2212,0.0,0.0,0.0,0.0,1.0,0.0,0.33,1.0,1.0,0.0,1.0,0.0,0.75,1.0,1.0,1.0,0.0,1.0,1.0,1.0,1.0,0.25,0.0,0.0,0.25,0.0,0.0,1.0,1.0,1.0,1.0,0.75,1.0,1.0,0.0,1.0,0.0,0.25,0.75,0.0,0.0,0.75,0.25,1.0,1.0,1.0,0.0,1.0,0.0,0.0,1.0,1.0,0.0,1.0,1.0,0.0,1.0,1.0,0.0,1.0,1.0,1.0,1.0,0.0,1.0,0.75,0.0,0.25,0.0,0.25,1.0,0.25,0.0,1.0,0.0
2213,1.0,0.67,0.0,0.0,0.25,1.0,0.0,0.75,0.0,0.25,0.75,0.25,0.25,0.0,1.0,0.25,0.25,0.75,0.75,0.0,0.75,1.0,0.0,1.0,0.0,1.0,1.0,0.75,0.25,0.75,0.75,0.75,0.75,0.0,0.75,0.75,0.25,0.75,0.25,0.75,1.0,0.75,0.75,0.25,0.0,1.0,0.75,0.0,0.0,0.75,0.75,0.75,0.75,0.0,1.0,0.0,0.0,0.0,1.0,1.0,0.67,0.33,0.17,0.0,1.0,1.0,0.25,0.0,1.0,1.0,1.0,0.0,1.0,0.75,0.75
2215,0.33,0.33,0.33,1.0,0.75,0.0,0.67,0.25,0.75,1.0,0.75,0.25,0.75,0.0,1.0,1.0,0.0,0.75,1.0,0.0,1.0,0.75,0.25,0.0,0.75,0.0,0.25,1.0,1.0,0.25,0.75,0.25,0.75,1.0,1.0,0.75,0.25,0.75,0.0,0.25,0.75,0.25,0.75,1.0,1.0,1.0,0.0,1.0,0.0,1.0,1.0,1.0,1.0,1.0,0.75,0.75,1.0,1.0,0.0,0.75,0.67,1.0,1.0,0.0,0.25,0.75,1.0,0.75,0.25,0.5,1.0,0.75,0.0,1.0,0.75
2216,0.83,0.67,0.67,0.25,0.0,0.0,0.67,0.25,0.25,0.0,0.0,0.75,0.25,1.0,1.0,1.0,0.25,0.25,0.25,0.25,0.75,0.75,0.25,0.25,0.25,0.75,0.25,0.25,0.25,0.75,0.75,0.25,0.75,0.25,0.25,0.25,0.25,0.75,0.25,0.25,0.75,0.75,0.25,0.25,0.25,1.0,1.0,0.0,0.25,1.0,0.0,0.25,0.75,0.25,1.0,0.25,0.0,0.25,1.0,1.0,0.5,0.83,0.67,0.0,0.75,0.75,0.75,0.25,0.75,0.75,0.75,0.25,0.75,0.75,0.75
2217,1.0,0.67,0.67,0.0,0.75,0.75,0.67,0.0,0.0,0.25,0.0,0.75,0.25,0.0,1.0,0.0,1.0,0.75,0.75,0.0,0.75,0.75,0.25,1.0,0.0,1.0,1.0,1.0,1.0,1.0,1.0,0.25,1.0,0.25,0.75,0.75,0.25,0.75,1.0,0.75,0.75,0.25,0.75,0.25,0.25,0.75,1.0,0.0,1.0,0.0,0.75,0.25,0.75,0.0,0.0,0.0,1.0,1.0,0.75,1.0,0.0,0.33,0.83,0.0,0.75,0.75,0.0,0.25,0.75,0.5,0.5,0.25,0.75,0.5,0.75
2218,0.67,0.5,0.67,0.75,0.0,0.25,0.67,1.0,0.25,0.25,1.0,0.25,0.0,0.75,0.75,0.75,0.25,0.75,0.75,0.0,1.0,0.25,0.0,0.25,0.0,0.75,0.75,1.0,0.25,0.25,0.75,0.25,0.75,0.75,0.25,0.75,0.0,0.75,1.0,0.0,0.25,0.25,0.75,0.25,0.25,0.25,0.25,0.75,0.75,0.75,0.0,0.75,0.75,0.0,0.25,0.75,0.25,0.0,0.75,0.75,0.83,0.83,0.33,0.0,0.75,0.25,0.75,0.25,0.5,0.75,0.5,0.25,0.75,0.75,0.5
2219,0.83,0.33,0.33,0.75,0.0,0.0,0.5,0.75,1.0,0.0,1.0,0.25,0.25,0.25,0.0,0.75,0.0,1.0,0.75,0.0,0.75,0.0,0.0,0.0,0.0,0.0,0.0,0.0,0.0,0.25,0.0,0.25,0.75,0.0,0.25,0.75,0.0,1.0,0.0,0.75,0.75,0.75,1.0,1.0,0.75,1.0,0.25,0.75,0.75,1.0,0.25,0.25,0.75,0.75,0.75,0.0,0.0,1.0,1.0,0.75,0.5,0.67,0.5,0.0,0.75,0.75,0.75,0.5,0.5,0.5,0.5,0.5,0.5,0.5,0.5
2220,0.67,1.0,0.67,0.0,0.0,1.0,0.67,0.25,0.0,0.0,1.0,1.0,0.0,0.75,0.0,1.0,0.0,0.75,0.0,0.0,0.25,0.0,0.0,1.0,0.0,1.0,1.0,0.25,0.25,0.0,0.0,1.0,0.75,0.25,0.0,1.0,0.0,0.25,0.75,0.25,0.75,0.75,0.25,0.0,0.0,0.25,1.0,0.0,0.25,0.25,0.0,0.0,0.0,0.0,0.0,0.0,0.0,0.0,1.0,1.0,1.0,0.67,0.33,0.0,1.0,0.0,0.0,0.0,0.75,0.75,0.5,0.25,0.75,0.5,0.5
2221,0.33,0.0,0.5,0.75,0.75,0.0,0.67,0.25,0.75,1.0,0.25,0.0,1.0,0.0,1.0,0.0,1.0,0.25,1.0,1.0,1.0,0.75,1.0,0.0,1.0,0.0,0.0,1.0,1.0,1.0,0.25,0.25,0.25,0.25,0.75,0.25,0.75,1.0,0.0,1.0,1.0,0.0,1.0,1.0,1.0,1.0,0.0,0.25,0.0,1.0,1.0,1.0,1.0,1.0,0.0,1.0,1.0,1.0,0.0,0.25,0.0,0.17,1.0,0.25,0.0,1.0,0.75,0.75,0.25,0.5,0.75,0.5,0.25,0.75,0.75
2222,0.83,0.17,0.0,0.75,1.0,0.0,0.33,0.75,0.75,0.25,0.75,0.75,0.0,0.75,1.0,0.25,0.0,0.75,0.0,0.0,0.75,1.0,0.25,0.0,0.25,0.25,0.0,1.0,0.75,0.75,1.0,0.75,0.25,1.0,0.0,1.0,0.0,0.0,1.0,0.0,0.25,1.0,0.0,0.75,1.0,0.75,0.25,0.25,0.0,0.0,0.25,0.25,0.0,0.25,1.0,0.0,0.25,0.0,1.0,0.75,0.83,1.0,0.5,0.0,1.0,0.25,0.75,0.5,0.75,0.5,0.75,0.5,0.5,0.5,0.5
2224,0.67,0.17,0.17,0.0,0.25,0.0,0.67,1.0,0.0,0.0,1.0,1.0,0.0,1.0,0.75,0.0,0.0,0.0,0.0,0.0,1.0,0.75,0.0,0.0,0.0,1.0,0.25,1.0,1.0,0.0,0.75,0.75,0.25,1.0,0.0,1.0,0.0,0.0,1.0,0.0,0.0,1.0,0.0,0.0,0.25,0.0,0.75,0.0,0.25,0.0,0.0,0.0,0.25,0.0,0.75,0.0,0.0,0.0,1.0,1.0,1.0,0.83,0.17,0.0,1.0,0.0,0.75,0.0,0.75,0.5,0.5,0.25,0.5,0.5,0.5
2225,1.0,0.67,0.0,0.0,1.0,0.0,0.0,1.0,0.0,0.0,1.0,1.0,0.0,1.0,0.0,0.0,0.0,0.0,0.0,0.0,1.0,0.0,1.0,0.0,0.0,0.75,1.0,1.0,1.0,0.0,0.0,0.75,0.75,1.0,0.0,1.0,0.0,0.0,1.0,0.0,0.0,1.0,0.0,0.0,0.25,0.0,1.0,0.0,0.0,0.0,0.0,1.0,0.0,0.0,1.0,0.0,1.0,0.0,1.0,1.0,1.0,1.0,0.0,0.0,1.0,0.0,0.25,0.25,0.5,0.75,0.75,0.0,0.25,0.25,0.25
2226,0.0,0.5,0.5,1.0,1.0,0.0,0.0,1.0,0.0,0.0,0.75,1.0,0.0,1.0,1.0,0.75,0.0,0.0,0.0,0.0,0.0,1.0,0.0,0.25,0.0,0.25,0.25,1.0,1.0,0.0,1.0,1.0,1.0,1.0,0.0,1.0,0.0,0.0,1.0,0.0,0.25,1.0,0.0,0.0,0.0,0.0,1.0,0.0,0.0,0.0,0.75,0.0,0.0,1.0,1.0,0.0,1.0,0.0,0.75,0.0,1.0,1.0,0.0,0.0,1.0,0.0,0.0,0.0,0.5,0.5,0.75,0.0,0.75,0.5,0.25
2230,1.0,0.67,0.5,0.25,0.0,0.0,0.67,0.0,1.0,0.0,1.0,0.0,0.75,0.25,0.0,0.0,0.0,1.0,0.75,0.0,0.75,0.25,0.0,0.0,0.0,0.25,0.25,0.0,0.0,0.75,0.0,0.75,0.0,0.0,0.25,0.25,0.0,1.0,0.0,0.75,1.0,1.0,1.0,0.25,0.75,1.0,0.75,0.0,1.0,1.0,0.25,0.0,0.75,0.75,0.75,1.0,0.0,0.25,1.0,1.0,0.67,0.67,0.67,0.0,0.75,0.75,0.75,0.5,0.5,0.75,0.5,0.5,0.5,0.75,0.5
2231,0.17,0.67,0.5,0.75,0.75,0.0,0.67,0.0,1.0,1.0,0.75,0.0,0.75,0.25,1.0,1.0,0.25,1.0,0.75,0.25,0.75,0.75,0.75,0.0,0.25,0.0,0.0,1.0,0.75,0.75,0.25,0.25,0.25,0.0,0.25,1.0,0.25,0.75,0.75,0.75,1.0,1.0,0.25,1.0,1.0,1.0,0.25,0.25,0.25,1.0,0.75,0.75,1.0,0.75,0.25,0.0,0.25,0.75,0.75,0.75,0.67,0.17,0.5,0.0,0.75,0.75,0.75,0.5,0.5,0.5,0.75,0.5,0.25,0.75,0.5
2232,0.0,0.67,0.5,0.25,0.75,0.0,0.5,0.0,1.0,1.0,1.0,0.0,0.25,0.0,1.0,0.75,0.0,1.0,0.75,0.0,0.25,0.25,0.0,0.0,0.25,0.0,0.0,1.0,0.25,0.75,0.75,0.25,0.25,0.0,0.25,0.75,0.25,1.0,0.0,0.0,1.0,0.75,1.0,0.75,0.75,1.0,0.25,0.25,0.25,1.0,0.75,0.25,0.25,0.75,1.0,0.0,0.0,0.25,1.0,0.25,0.33,0.33,0.33,0.0,0.75,0.0,0.75,0.5,0.5,0.5,0.75,0.5,0.5,0.5,0.25
2233,1.0,0.33,0.5,0.75,0.75,0.0,0.5,0.0,1.0,0.25,1.0,0.0,0.25,0.0,0.75,1.0,0.0,1.0,1.0,0.0,0.75,0.75,0.25,0.0,0.25,0.0,0.0,1.0,0.25,0.75,0.75,0.25,0.25,0.0,0.25,0.75,0.0,0.75,0.0,1.0,1.0,0.75,1.0,1.0,0.75,1.0,0.25,0.25,0.75,1.0,0.75,0.25,0.75,0.75,0.25,0.0,0.0,0.25,1.0,0.75,0.67,0.67,0.67,0.0,0.75,0.75,1.0,0.5,0.5,0.5,0.5,0.5,0.5,0.5,0.5
2234,0.83,0.83,0.0,0.25,1.0,0.0,0.67,0.0,1.0,1.0,0.75,0.25,0.25,1.0,1.0,0.25,0.0,1.0,0.75,0.0,0.25,0.75,0.0,0.75,0.75,0.0,0.0,1.0,0.75,1.0,0.75,0.0,0.25,0.75,0.75,0.25,0.25,1.0,0.75,0.0,0.75,0.75,0.0,1.0,1.0,1.0,0.25,1.0,0.0,1.0,1.0,1.0,1.0,1.0,1.0,0.75,1.0,0.25,0.75,1.0,0.17,0.5,1.0,0.0,0.75,1.0,1.0,0.5,0.25,0.5,0.75,0.5,0.5,0.75,0.0
2235,1.0,0.0,0.0,0.25,0.25,0.0,1.0,0.75,1.0,1.0,0.75,0.25,0.75,0.25,0.75,0.0,0.75,1.0,1.0,0.25,1.0,0.25,0.0,0.0,1.0,0.75,0.0,1.0,0.75,1.0,0.25,0.25,0.0,1.0,0.25,1.0,0.0,1.0,1.0,0.0,1.0,1.0,1.0,1.0,0.75,1.0,0.0,0.75,0.75,1.0,1.0,1.0,0.75,1.0,0.25,0.0,0.25,1.0,0.75,0.75,0.5,0.5,0.5,0.0,1.0,1.0,1.0,0.5,0.0,0.75,1.0,0.75,0.25,0.75,0.0
2236,0.83,0.33,0.5,0.75,0.25,0.0,0.67,0.75,0.75,1.0,1.0,0.25,0.0,0.0,1.0,0.75,0.25,0.75,0.75,0.0,0.75,0.75,0.75,0.75,0.25,0.75,0.0,1.0,1.0,1.0,1.0,0.25,0.75,0.0,0.0,0.75,0.25,1.0,0.75,0.75,1.0,0.25,1.0,1.0,0.25,1.0,1.0,0.25,0.0,1.0,1.0,1.0,1.0,1.0,0.0,0.0,0.25,0.0,1.0,1.0,0.33,0.83,0.83,0.0,0.25,0.75,0.0,0.5,0.5,0.5,1.0,0.5,0.5,0.5,0.5
2237,0.67,0.33,0.0,1.0,1.0,0.0,0.83,0.0,1.0,1.0,0.0,0.0,1.0,0.0,0.75,0.25,1.0,0.75,1.0,0.0,1.0,0.75,1.0,0.0,0.75,0.0,0.0,1.0,0.75,1.0,0.75,0.0,0.0,1.0,1.0,0.25,1.0,1.0,0.0,1.0,1.0,0.75,1.0,1.0,1.0,1.0,0.25,0.75,0.25,1.0,0.75,0.75,0.75,1.0,1.0,1.0,0.75,1.0,0.75,0.75,0.17,0.67,1.0,0.25,0.75,1.0,1.0,0.75,0.5,0.75,0.75,0.75,0.25,1.0,0.25
2238,0.0,0.17,0.17,1.0,1.0,0.0,1.0,0.0,1.0,1.0,0.25,0.0,1.0,0.0,1.0,0.25,1.0,0.0,1.0,0.0,1.0,1.0,1.0,0.0,1.0,0.0,0.0,1.0,0.25,1.0,0.0,0.0,0.0,1.0,1.0,0.25,1.0,0.75,0.0,1.0,1.0,0.25,1.0,1.0,0.75,1.0,0.0,0.25,0.0,1.0,0.75,0.75,0.75,1.0,0.75,0.75,1.0,1.0,0.25,0.75,0.33,0.67,1.0,0.75,1.0,1.0,1.0,0.75,0.25,0.5,1.0,1.0,0.25,1.0,0.25
2239,0.0,0.17,0.0,1.0,1.0,0.0,1.0,0.0,1.0,1.0,0.0,0.0,1.0,0.0,1.0,1.0,1.0,0.25,1.0,0.0,1.0,1.0,1.0,0.0,1.0,0.0,0.0,1.0,1.0,1.0,1.0,0.0,0.0,1.0,1.0,0.25,1.0,1.0,0.0,1.0,1.0,0.75,1.0,1.0,1.0,1.0,0.0,0.75,0.0,1.0,1.0,1.0,1.0,1.0,0.25,1.0,1.0,1.0,0.0,0.25,0.0,0.5,1.0,0.25,0.25,1.0,1.0,1.0,0.0,1.0,1.0,1.0,0.0,1.0,1.0
2240,0.67,0.0,0.0,1.0,1.0,0.0,1.0,0.0,1.0,1.0,0.0,0.0,1.0,0.0,1.0,0.75,1.0,0.0,1.0,0.0,1.0,1.0,1.0,0.0,1.0,0.0,0.0,1.0,1.0,1.0,1.0,0.0,0.0,0.75,1.0,0.0,1.0,0.75,0.25,0.75,1.0,1.0,1.0,1.0,1.0,1.0,0.0,1.0,0.0,0.0,0.75,1.0,1.0,1.0,1.0,1.0,1.0,1.0,0.0,0.75,0.17,0.83,0.83,1.0,0.75,1.0,1.0,1.0,0.0,0.5,1.0,1.0,0.0,1.0,0.0
2241,0.67,0.83,0.5,0.25,0.0,1.0,0.17,0.75,0.25,0.25,0.75,1.0,0.0,0.75,0.0,0.75,0.0,0.0,0.0,0.0,0.0,0.25,0.0,1.0,0.0,1.0,1.0,0.25,0.0,0.25,0.0,1.0,1.0,0.75,0.0,1.0,0.25,0.25,1.0,0.25,0.25,0.75,0.0,0.25,0.25,0.25,0.75,0.25,0.25,1.0,0.25,0.25,0.75,0.0,0.0,0.0,0.0,0.25,0.75,1.0,0.67,0.83,0.5,0.0,1.0,0.25,0.0,0.25,0.75,0.75,0.5,0.25,0.75,0.5,0.75
2243,0.67,0.33,0.17,0.0,0.75,0.0,0.17,0.75,0.75,0.25,0.75,0.75,0.25,1.0,1.0,0.0,0.0,0.75,0.25,0.0,1.0,1.0,1.0,0.25,0.25,0.25,0.25,0.75,0.75,0.0,0.75,1.0,1.0,0.75,0.0,0.75,0.25,0.0,0.75,0.0,1.0,1.0,0.75,0.75,0.75,0.75,0.75,0.0,1.0,0.75,0.25,0.25,0.75,0.75,1.0,0.0,1.0,0.25,1.0,1.0,1.0,1.0,0.67,0.0,0.75,0.0,1.0,0.75,0.75,0.75,0.75,0.25,0.75,1.0,0.75
2245,1.0,0.67,0.17,0.25,0.0,0.75,0.67,0.0,1.0,1.0,0.0,0.75,0.25,0.0,0.25,0.25,1.0,0.75,1.0,0.0,0.75,0.25,0.0,1.0,0.75,1.0,1.0,0.25,0.75,1.0,1.0,1.0,0.75,0.25,0.75,0.75,1.0,1.0,0.25,0.75,1.0,0.25,0.75,0.75,0.75,1.0,0.25,0.25,0.25,0.25,0.25,1.0,1.0,0.25,0.75,0.0,0.0,1.0,0.25,1.0,0.5,0.17,1.0,0.0,0.75,1.0,0.75,0.5,0.5,1.0,0.75,0.5,0.5,0.75,1.0
2246,0.83,1.0,0.17,0.0,0.25,1.0,0.0,1.0,0.0,0.0,0.25,1.0,0.0,0.75,0.0,0.25,0.0,0.25,0.0,0.0,0.25,0.0,0.0,1.0,0.0,1.0,1.0,0.75,0.25,0.0,0.25,1.0,0.25,0.25,0.0,0.75,0.0,0.0,0.25,0.0,0.75,1.0,0.25,0.0,0.0,0.0,1.0,0.0,1.0,1.0,0.0,0.0,0.0,0.0,0.0,0.0,0.0,0.0,1.0,1.0,0.67,0.67,0.17,0.0,0.25,0.0,0.0,0.0,1.0,0.75,0.5,0.0,1.0,0.75,0.75
2248,0.0,0.0,0.0,1.0,1.0,0.0,1.0,0.0,1.0,1.0,0.0,0.0,1.0,0.0,1.0,0.75,1.0,0.0,1.0,0.0,1.0,1.0,1.0,0.0,1.0,0.0,0.0,1.0,0.75,1.0,1.0,0.0,0.0,1.0,1.0,0.0,1.0,1.0,0.0,1.0,1.0,0.25,1.0,1.0,1.0,1.0,0.0,0.0,0.0,1.0,1.0,1.0,1.0,1.0,0.25,1.0,1.0,1.0,0.0,0.0,0.0,0.33,1.0,1.0,0.0,1.0,1.0,1.0,0.0,0.5,1.0,1.0,0.0,1.0,0.0
2249,0.83,0.5,0.17,0.75,0.25,0.0,0.33,0.75,0.75,0.25,0.75,0.75,0.25,0.75,1.0,0.25,0.0,0.75,0.75,0.25,0.75,0.75,0.75,0.0,0.0,0.25,0.25,1.0,0.75,0.25,0.25,0.25,0.25,1.0,0.0,1.0,0.0,0.25,1.0,0.25,0.25,1.0,0.0,0.75,0.75,0.25,0.75,0.25,0.25,0.25,0.25,1.0,0.75,0.75,1.0,0.25,0.25,0.25,1.0,0.75,0.83,1.0,0.33,0.25,1.0,0.25,1.0,0.5,0.5,0.5,0.75,0.25,0.5,0.5,0.25
2250,0.5,0.5,0.0,0.25,0.75,0.0,0.83,0.0,1.0,1.0,0.75,0.0,0.25,0.0,1.0,0.75,0.0,1.0,0.75,0.0,1.0,0.25,1.0,0.0,0.25,0.0,0.0,1.0,0.75,0.75,1.0,0.25,0.0,0.0,0.75,0.75,0.25,1.0,0.75,0.75,1.0,1.0,0.75,1.0,1.0,1.0,0.75,0.0,0.0,0.75,0.75,0.75,0.75,1.0,0.75,0.0,1.0,0.25,1.0,0.75,0.83,1.0,0.83,0.25,0.75,1.0,1.0,0.75,0.25,0.5,0.75,0.5,0.5,0.5,0.5
2252,0.83,0.83,0.67,0.0,0.0,1.0,0.33,0.25,0.25,0.0,0.75,1.0,0.0,0.25,1.0,0.75,0.25,1.0,0.25,0.0,0.75,0.75,0.0,1.0,0.0,1.0,1.0,0.75,0.25,0.25,1.0,0.75,0.25,0.75,0.75,0.25,0.75,1.0,0.75,0.75,0.75,0.25,0.75,0.0,0.0,0.75,1.0,0.0,0.75,0.75,0.25,0.75,0.75,0.25,0.25,0.25,0.0,0.0,1.0,1.0,0.33,0.5,0.33,0.0,0.0,0.0,0.0,0.0,0.75,0.75,0.75,0.5,0.75,0.5,0.75
2253,0.17,0.0,0.0,1.0,0.25,0.0,1.0,0.0,1.0,1.0,0.0,0.0,1.0,0.0,1.0,0.25,1.0,0.0,1.0,0.0,1.0,0.75,1.0,0.0,1.0,0.0,0.0,1.0,0.75,1.0,0.75,0.0,0.0,1.0,1.0,0.25,1.0,1.0,0.25,1.0,1.0,0.25,1.0,1.0,1.0,1.0,0.0,0.75,0.0,0.75,1.0,1.0,1.0,1.0,1.0,1.0,1.0,1.0,0.0,0.75,0.0,0.67,0.83,1.0,0.75,1.0,1.0,0.75,0.0,0.75,1.0,1.0,0.0,1.0,0.25
2254,1.0,0.5,0.0,0.0,1.0,0.0,0.0,1.0,1.0,0.0,1.0,0.25,0.0,1.0,1.0,0.0,0.0,0.25,0.0,0.0,1.0,0.0,0.75,0.0,0.0,0.0,0.0,1.0,1.0,0.0,1.0,1.0,1.0,1.0,0.0,1.0,0.0,0.0,1.0,0.0,0.0,1.0,0.0,1.0,1.0,1.0,1.0,0.0,0.0,1.0,1.0,0.0,0.0,0.0,1.0,0.0,0.25,0.0,1.0,1.0,1.0,1.0,0.0,0.0,1.0,0.0,1.0,0.0,0.5,0.5,0.75,0.25,0.5,0.25,0.0
2261,0.17,0.17,0.17,1.0,0.75,0.0,0.83,0.0,1.0,1.0,0.25,0.0,1.0,0.0,0.25,0.75,1.0,0.25,1.0,0.75,1.0,0.75,1.0,0.0,1.0,0.0,0.0,1.0,0.75,1.0,0.25,0.0,0.0,1.0,1.0,0.25,0.75,0.75,0.0,0.75,1.0,0.25,1.0,1.0,1.0,1.0,0.0,0.25,0.0,1.0,1.0,1.0,1.0,1.0,0.75,0.75,1.0,1.0,0.25,0.25,0.17,0.5,0.83,1.0,0.25,0.75,1.0,0.75,0.0,0.25,1.0,1.0,0.0,1.0,0.0
2262,1.0,1.0,0.67,0.0,0.0,0.0,0.33,0.75,0.75,0.0,0.75,0.0,0.0,1.0,0.0,0.25,0.0,1.0,0.0,0.0,0.0,0.0,0.0,0.0,0.0,1.0,0.0,0.25,0.75,0.0,1.0,0.0,1.0,1.0,0.0,0.0,1.0,1.0,1.0,0.0,0.0,1.0,0.0,0.75,0.0,1.0,1.0,0.0,1.0,1.0,0.75,0.0,0.0,0.0,0.75,0.0,0.25,0.0,1.0,1.0,0.83,0.67,0.67,0.0,1.0,0.0,0.75,0.5,0.5,0.75,1.0,0.5,1.0,1.0,0.5
2263,0.67,0.17,0.33,0.75,1.0,0.0,0.33,0.75,0.75,1.0,1.0,0.25,0.25,0.75,0.75,0.75,0.25,0.75,0.25,0.0,1.0,0.75,0.75,0.0,0.75,0.25,0.0,1.0,1.0,0.75,0.75,0.25,0.25,1.0,0.25,1.0,0.75,0.25,1.0,0.25,0.25,0.25,0.0,1.0,1.0,1.0,0.0,1.0,0.0,1.0,1.0,1.0,1.0,1.0,0.25,0.75,1.0,0.75,0.75,0.75,1.0,0.67,1.0,0.0,1.0,0.75,1.0,0.5,0.5,0.5,0.75,0.5,0.0,0.5,0.0
2264,0.83,0.67,0.17,0.0,1.0,0.0,0.67,0.75,0.75,0.75,1.0,0.25,0.25,1.0,1.0,1.0,0.0,0.25,0.25,0.0,1.0,0.25,1.0,0.0,0.0,0.0,0.0,1.0,1.0,0.25,0.75,0.75,0.25,1.0,0.0,1.0,0.0,0.25,1.0,0.0,0.0,1.0,0.0,1.0,1.0,1.0,0.0,1.0,0.0,1.0,1.0,0.75,0.75,1.0,1.0,1.0,1.0,0.25,0.75,0.25,1.0,1.0,0.83,0.25,1.0,0.25,1.0,0.5,0.25,0.5,0.75,0.5,0.0,0.5,0.0
2265,1.0,0.0,0.83,1.0,0.75,0.0,0.83,0.0,1.0,1.0,1.0,0.0,0.0,0.25,0.0,0.0,0.0,0.75,0.0,0.0,1.0,1.0,0.25,0.0,0.25,0.0,0.0,0.75,0.25,0.0,1.0,0.0,0.25,1.0,0.0,1.0,0.0,0.0,1.0,0.25,1.0,0.0,0.0,1.0,1.0,1.0,0.0,1.0,0.0,1.0,1.0,1.0,0.75,1.0,1.0,0.75,1.0,1.0,0.0,0.75,0.5,1.0,1.0,0.0,0.75,1.0,1.0,0.5,0.0,0.0,1.0,0.5,0.0,1.0,0.25
2266,0.67,0.17,0.0,1.0,1.0,0.0,0.67,0.75,1.0,1.0,1.0,0.25,0.25,1.0,0.75,0.0,0.25,1.0,0.75,0.0,1.0,0.75,1.0,0.0,0.75,0.0,0.0,1.0,0.75,1.0,1.0,0.75,0.25,1.0,0.25,1.0,0.0,0.25,0.25,0.25,1.0,0.75,0.25,1.0,1.0,1.0,0.0,1.0,0.75,1.0,0.25,0.0,0.0,1.0,0.75,1.0,1.0,0.75,0.25,0.25,0.67,0.83,0.83,0.75,0.75,0.75,1.0,0.5,0.25,0.5,0.75,0.5,0.25,0.5,0.5
2267,0.83,0.5,0.17,0.75,0.25,0.0,0.67,1.0,0.75,0.25,1.0,0.0,0.75,0.75,1.0,0.75,0.25,1.0,0.75,0.0,0.75,0.25,0.25,0.0,0.25,0.75,0.0,0.25,0.75,0.75,0.75,0.0,0.25,0.25,0.25,1.0,0.0,0.75,0.25,0.0,0.25,0.75,0.75,1.0,1.0,1.0,0.0,1.0,0.0,1.0,1.0,1.0,0.75,1.0,0.75,0.75,0.75,0.25,0.75,1.0,0.83,0.83,1.0,0.0,0.75,0.75,0.75,0.5,0.25,0.5,0.75,0.5,0.25,0.5,0.5
2268,0.83,0.33,0.0,0.25,1.0,0.0,0.33,1.0,1.0,0.75,1.0,0.75,0.0,1.0,1.0,1.0,0.0,0.75,1.0,0.0,0.75,0.25,1.0,0.0,0.25,0.25,0.0,1.0,1.0,0.75,1.0,0.75,0.75,1.0,0.0,1.0,0.0,0.25,1.0,0.0,0.25,1.0,0.0,1.0,1.0,1.0,0.0,1.0,0.25,0.0,1.0,1.0,0.25,1.0,0.75,1.0,1.0,0.25,0.75,0.75,1.0,1.0,0.83,0.75,1.0,0.75,1.0,0.0,0.5,0.5,0.75,0.5,0.25,0.5,0.0
2271,0.83,0.17,0.67,0.75,0.25,0.0,0.83,0.0,1.0,1.0,0.0,0.25,0.75,0.25,0.25,0.75,0.75,0.75,0.75,0.75,0.75,0.75,0.75,0.25,0.25,0.25,0.25,1.0,0.25,1.0,0.75,0.75,0.75,0.25,0.25,0.0,1.0,0.75,0.0,0.25,1.0,0.0,0.0,1.0,1.0,1.0,0.0,0.0,0.0,0.0,0.75,1.0,1.0,1.0,1.0,0.0,0.25,1.0,0.25,1.0,0.5,0.5,1.0,0.25,0.25,0.75,0.25,0.5,0.5,0.75,0.75,0.75,1.0,1.0,1.0
2272,0.0,0.0,0.0,1.0,1.0,0.0,0.83,0.25,1.0,1.0,0.0,0.0,1.0,0.0,1.0,0.75,1.0,0.25,1.0,0.0,1.0,1.0,1.0,0.0,1.0,0.0,0.0,1.0,0.75,1.0,1.0,0.0,0.0,1.0,1.0,0.0,1.0,1.0,0.25,0.75,1.0,1.0,1.0,1.0,1.0,1.0,0.0,1.0,0.0,1.0,1.0,1.0,1.0,1.0,0.25,0.75,1.0,1.0,0.0,0.25,0.17,0.83,1.0,0.0,0.0,1.0,1.0,0.75,0.0,0.5,1.0,0.75,0.0,0.75,0.5
2276,0.67,0.33,0.17,0.25,0.75,0.25,0.67,1.0,0.25,1.0,1.0,0.25,0.25,0.75,1.0,1.0,0.25,0.75,0.75,0.0,0.75,0.25,0.75,0.25,0.75,0.25,0.25,0.75,0.0,0.0,0.25,0.25,0.25,1.0,0.25,1.0,0.0,0.75,0.0,0.25,0.25,1.0,0.75,0.75,1.0,0.75,0.25,0.75,0.75,1.0,1.0,0.75,1.0,1.0,0.75,0.25,1.0,0.25,0.75,0.75,0.5,0.67,1.0,0.0,0.75,0.75,0.0,0.5,0.5,0.5,0.5,0.5,0.5,0.5,0.25
2278,0.5,0.17,0.5,0.75,1.0,0.0,0.83,0.75,1.0,1.0,0.75,0.0,1.0,0.0,0.75,0.75,0.0,1.0,0.75,0.75,0.75,0.75,0.0,0.0,1.0,0.0,0.0,1.0,0.75,1.0,0.0,0.25,0.25,0.75,0.75,0.75,1.0,1.0,0.75,0.75,1.0,0.25,1.0,1.0,1.0,1.0,0.0,1.0,0.0,0.75,1.0,1.0,1.0,0.75,0.25,0.25,1.0,1.0,1.0,0.75,0.17,0.67,1.0,0.0,0.75,1.0,1.0,0.75,0.75,0.5,1.0,0.75,0.25,0.75,0.75
2283,0.17,0.33,0.0,0.75,1.0,0.0,0.67,1.0,1.0,1.0,1.0,0.0,0.75,0.75,0.75,0.25,0.25,0.75,0.75,0.0,1.0,0.75,1.0,0.0,0.75,0.0,0.0,1.0,1.0,1.0,0.75,0.25,0.25,1.0,0.25,1.0,0.0,0.25,1.0,0.0,0.0,0.75,0.25,1.0,1.0,1.0,0.0,1.0,0.0,0.25,1.0,1.0,1.0,1.0,0.75,1.0,1.0,1.0,0.25,0.75,0.83,0.83,1.0,0.75,1.0,0.75,1.0,0.75,0.25,0.5,0.75,0.5,0.0,0.5,0.0
2284,0.67,0.33,0.17,1.0,1.0,0.0,0.83,0.75,1.0,1.0,1.0,0.0,0.75,0.75,0.75,1.0,0.75,0.75,1.0,0.0,1.0,1.0,0.75,0.0,0.75,0.0,0.0,1.0,1.0,1.0,0.75,0.75,0.0,1.0,0.25,1.0,0.75,0.25,1.0,0.25,0.25,0.75,0.0,1.0,1.0,1.0,0.25,1.0,0.0,1.0,1.0,1.0,1.0,1.0,0.75,0.75,1.0,1.0,0.25,0.75,0.83,0.83,1.0,0.0,1.0,1.0,1.0,0.5,0.25,0.5,0.75,0.5,0.25,0.5,0.25
2287,0.17,0.17,0.0,0.25,1.0,0.0,0.67,0.75,1.0,1.0,1.0,0.25,0.75,1.0,0.75,0.25,0.25,0.75,1.0,0.0,1.0,0.25,1.0,0.0,0.25,0.0,0.0,1.0,0.75,0.75,1.0,0.75,1.0,1.0,0.25,1.0,0.0,0.25,1.0,0.25,0.0,1.0,0.25,1.0,1.0,1.0,0.0,1.0,0.0,1.0,1.0,0.75,1.0,0.75,0.75,1.0,1.0,0.25,0.75,0.75,0.5,0.83,1.0,0.0,0.75,0.75,1.0,0.5,0.25,0.5,0.75,0.5,0.25,0.5,0.0
2289,1.0,0.67,0.5,0.0,1.0,0.75,0.0,0.0,0.25,0.0,0.0,1.0,0.0,1.0,1.0,0.0,0.0,1.0,0.0,0.0,0.75,0.0,0.0,1.0,0.0,1.0,1.0,1.0,0.25,0.0,1.0,0.25,0.0,0.0,0.0,1.0,0.0,0.0,1.0,0.25,1.0,1.0,0.75,0.75,0.0,0.75,0.75,0.0,1.0,1.0,0.25,0.25,0.25,0.75,1.0,0.0,0.25,0.25,0.75,0.75,1.0,1.0,0.33,0.0,0.75,0.25,0.25,0.25,0.5,0.5,0.75,0.25,0.75,0.5,0.75
2290,1.0,0.33,0.5,0.75,0.0,0.0,0.5,0.0,1.0,0.0,1.0,0.0,0.25,0.0,0.25,0.75,0.0,1.0,0.75,0.0,0.25,0.25,0.0,0.0,0.25,0.0,0.0,0.75,0.25,0.75,0.25,0.25,0.25,0.0,0.25,0.75,0.0,1.0,0.0,0.75,1.0,1.0,1.0,0.75,0.75,1.0,0.25,0.75,0.75,1.0,0.0,0.25,0.75,0.75,1.0,0.0,0.0,0.75,1.0,0.75,0.67,0.67,0.67,0.0,0.75,0.75,0.75,0.5,0.5,0.5,0.5,0.5,0.5,0.5,0.5
2291,0.33,0.33,0.0,0.75,0.75,0.0,0.17,0.75,0.75,0.0,0.75,0.0,0.25,0.75,0.75,0.25,0.0,0.0,0.75,0.0,0.75,0.75,0.25,0.0,0.25,0.0,0.0,1.0,0.75,0.25,0.75,0.0,0.0,1.0,0.0,1.0,0.0,0.25,1.0,0.0,0.75,1.0,0.25,0.75,0.75,0.75,0.75,0.25,0.0,0.0,0.75,1.0,0.75,0.25,1.0,0.0,0.75,0.75,0.75,1.0,1.0,1.0,0.17,0.0,1.0,0.25,0.75,0.5,0.5,0.5,0.75,0.5,0.5,0.5,0.5
2293,0.67,0.5,0.17,0.25,0.0,0.25,0.17,0.25,0.25,0.0,0.75,0.0,0.0,0.25,1.0,0.25,0.0,0.0,0.25,0.0,0.25,0.75,0.0,0.25,0.0,0.75,0.0,0.75,0.25,0.25,0.0,0.0,0.25,1.0,0.0,1.0,0.0,0.25,0.25,0.0,0.25,0.25,0.75,0.75,0.25,0.75,0.25,0.0,0.25,0.75,0.25,0.75,1.0,0.75,0.75,0.0,0.0,0.25,0.75,1.0,0.83,0.5,0.17,0.0,0.75,0.0,0.75,0.25,0.5,0.75,0.5,0.25,0.5,0.5,0.25
2294,1.0,0.33,0.5,0.25,0.0,0.0,0.83,0.25,1.0,0.0,1.0,0.0,0.25,0.0,1.0,0.25,0.25,1.0,1.0,0.0,0.25,0.75,0.0,0.0,0.25,0.0,0.0,1.0,0.75,0.25,1.0,0.25,0.25,0.75,0.25,0.75,0.0,0.75,0.25,0.75,0.75,1.0,0.75,0.75,0.75,1.0,1.0,0.25,0.25,1.0,0.25,0.25,1.0,0.75,1.0,0.0,0.0,0.75,1.0,1.0,0.83,0.67,0.33,0.0,1.0,0.0,0.75,0.5,0.5,0.5,0.75,0.5,0.5,0.5,0.5
2295,1.0,0.67,0.0,0.25,0.0,0.25,0.67,1.0,1.0,0.75,0.75,0.25,0.75,0.75,0.75,1.0,1.0,1.0,1.0,0.25,0.75,0.75,0.75,0.25,0.75,0.75,0.25,1.0,0.25,1.0,1.0,0.25,0.25,0.25,0.25,0.75,0.0,1.0,0.75,0.75,1.0,0.75,1.0,0.75,1.0,1.0,0.75,0.25,0.75,1.0,0.25,0.25,0.75,1.0,1.0,0.25,0.75,0.75,0.0,1.0,0.67,0.33,0.67,0.25,0.25,0.75,0.75,0.25,0.0,0.5,0.75,0.5,0.25,1.0,0.5
2297,0.17,0.5,0.33,0.75,0.75,0.0,0.5,0.0,0.75,0.25,0.25,0.0,0.25,1.0,1.0,1.0,0.0,1.0,0.75,0.25,0.75,0.75,0.0,0.25,0.75,1.0,0.0,1.0,0.0,0.75,0.0,0.25,0.75,0.25,0.25,0.0,1.0,0.75,0.0,0.25,1.0,0.25,0.25,1.0,1.0,1.0,0.75,0.75,0.25,1.0,0.75,1.0,1.0,0.0,0.25,0.0,0.25,0.75,0.0,0.75,0.0,0.5,0.5,0.0,0.0,1.0,0.25,0.5,0.5,0.75,1.0,0.75,0.5,0.75,0.75
2299,0.0,0.17,0.0,1.0,1.0,0.0,1.0,0.0,1.0,1.0,0.0,0.0,1.0,0.0,1.0,0.75,1.0,0.0,1.0,0.0,1.0,1.0,1.0,0.0,1.0,0.0,0.0,1.0,0.25,1.0,0.75,0.0,0.0,1.0,1.0,0.0,1.0,1.0,0.0,1.0,1.0,0.75,1.0,1.0,1.0,1.0,0.0,0.75,0.0,1.0,0.75,1.0,1.0,1.0,0.0,1.0,1.0,1.0,0.0,0.75,0.17,0.5,1.0,0.75,0.75,1.0,1.0,1.0,0.0,0.5,1.0,1.0,0.0,0.75,0.25
2300,0.67,0.33,0.0,0.0,0.0,0.0,0.33,1.0,1.0,1.0,1.0,0.0,0.0,0.0,0.0,1.0,0.0,1.0,1.0,0.0,1.0,0.0,0.0,0.0,0.75,0.0,0.0,1.0,1.0,1.0,0.0,0.0,0.0,1.0,0.0,1.0,0.0,0.0,0.0,1.0,1.0,1.0,0.0,1.0,1.0,1.0,0.0,1.0,0.0,1.0,1.0,0.0,0.0,1.0,0.0,1.0,0.0,0.0,1.0,0.0,0.67,1.0,0.67,0.0,1.0,0.0,1.0,0.5,0.5,0.5,0.75,0.5,0.5,0.75,0.5
2301,0.0,0.0,0.0,1.0,1.0,0.0,1.0,0.0,1.0,1.0,0.0,0.0,1.0,0.0,0.75,0.75,1.0,0.0,1.0,0.0,1.0,1.0,1.0,0.0,1.0,0.0,0.0,1.0,0.75,1.0,0.25,0.0,0.0,1.0,1.0,0.25,1.0,1.0,0.0,1.0,1.0,0.75,1.0,1.0,1.0,1.0,0.0,0.75,0.0,1.0,0.75,1.0,1.0,1.0,0.75,1.0,1.0,1.0,0.0,0.25,0.17,0.33,1.0,0.75,0.75,1.0,1.0,1.0,0.0,0.5,1.0,1.0,0.0,1.0,0.25
2302,0.17,0.33,0.0,0.75,0.75,0.0,1.0,0.25,1.0,1.0,0.25,0.0,1.0,0.0,1.0,0.75,1.0,1.0,1.0,0.0,1.0,1.0,1.0,0.0,1.0,0.25,0.0,1.0,0.75,1.0,0.75,0.0,0.25,1.0,1.0,0.25,1.0,0.25,0.0,0.25,0.75,0.75,1.0,1.0,1.0,1.0,0.75,1.0,0.0,0.25,1.0,1.0,1.0,1.0,1.0,1.0,1.0,1.0,0.75,0.75,0.0,0.83,0.83,0.25,0.75,1.0,1.0,0.5,0.25,0.75,0.75,0.75,0.5,0.75,0.25
2303,0.17,0.17,0.0,1.0,1.0,0.0,0.83,0.25,1.0,0.75,0.25,0.0,1.0,0.25,1.0,0.0,1.0,0.75,1.0,0.0,0.75,0.75,1.0,0.0,1.0,0.0,0.0,1.0,0.25,1.0,0.75,0.0,0.0,0.75,1.0,0.25,0.25,0.75,0.75,0.75,0.75,0.25,0.75,1.0,1.0,1.0,0.0,1.0,0.25,1.0,0.75,1.0,0.75,1.0,0.75,1.0,1.0,1.0,0.0,0.75,0.5,0.67,0.83,0.25,0.75,1.0,1.0,0.75,0.0,0.25,1.0,0.75,0.0,0.75,0.5
2304,0.5,0.83,0.5,0.25,0.25,1.0,0.17,0.75,0.25,0.25,0.75,0.75,0.25,0.75,0.75,0.25,0.0,0.0,0.25,0.0,0.25,0.25,0.0,1.0,0.0,1.0,1.0,0.75,0.25,0.25,0.75,0.75,0.75,0.75,0.0,0.75,0.25,0.25,0.75,0.25,0.25,0.75,0.25,0.0,0.0,0.25,1.0,0.0,1.0,0.75,0.25,0.25,0.25,0.0,0.0,0.0,0.0,0.25,1.0,1.0,1.0,0.83,0.17,0.0,1.0,0.0,0.0,0.0,0.75,0.75,0.5,0.25,0.5,0.5,0.5
2308,0.5,0.5,0.5,0.25,0.25,0.0,0.17,0.75,0.25,0.0,0.75,0.75,0.0,1.0,0.0,0.25,0.0,0.75,1.0,0.0,0.75,0.75,0.25,0.0,0.0,0.75,0.0,1.0,0.75,0.25,0.25,0.25,0.25,1.0,0.25,1.0,0.0,0.0,1.0,0.25,0.0,0.75,0.25,0.75,0.75,0.75,0.25,0.0,0.25,0.25,0.75,0.75,0.75,0.0,0.75,0.0,0.0,0.0,1.0,0.75,0.83,0.5,0.5,0.0,1.0,0.25,1.0,0.5,0.5,0.75,0.75,0.5,0.5,0.5,0.5
2309,0.83,0.17,0.17,0.0,1.0,0.0,0.67,1.0,0.0,0.25,1.0,0.75,0.0,0.0,1.0,0.25,0.0,0.25,0.75,0.0,1.0,1.0,1.0,0.0,0.75,0.0,0.0,1.0,1.0,1.0,0.75,1.0,0.0,1.0,0.25,1.0,0.0,0.0,0.25,0.25,1.0,1.0,0.0,1.0,1.0,0.75,1.0,0.0,0.25,0.75,0.75,0.0,0.25,0.0,1.0,0.0,0.25,0.0,0.75,1.0,1.0,1.0,0.17,0.0,1.0,0.25,1.0,0.5,0.5,1.0,1.0,0.5,1.0,1.0,0.75
2310,0.17,0.67,0.0,0.25,0.25,0.0,0.17,1.0,1.0,0.25,1.0,0.75,0.75,0.75,1.0,0.75,0.0,0.0,0.75,0.0,1.0,1.0,0.75,0.0,0.25,0.25,0.0,0.75,0.75,0.75,1.0,0.75,0.75,1.0,0.0,1.0,0.0,0.0,1.0,0.25,0.25,0.75,0.75,1.0,0.75,0.25,1.0,0.0,0.25,0.75,0.25,0.0,0.0,0.25,1.0,0.0,0.25,0.25,1.0,0.75,0.83,0.83,0.33,0.0,1.0,0.0,1.0,0.5,0.5,0.75,1.0,0.5,0.5,0.75,0.5
2312,0.17,0.33,0.0,0.75,1.0,0.0,0.67,1.0,1.0,1.0,1.0,0.0,0.75,0.75,0.25,0.0,0.25,0.75,0.75,0.0,1.0,1.0,1.0,0.0,0.75,0.0,0.0,1.0,1.0,1.0,0.75,0.25,0.75,1.0,0.25,1.0,0.0,0.25,1.0,0.25,0.0,0.75,0.0,1.0,1.0,1.0,0.0,1.0,0.0,0.75,1.0,1.0,1.0,1.0,0.75,1.0,1.0,0.75,0.75,0.75,0.83,0.83,1.0,0.25,1.0,0.75,1.0,0.75,0.25,0.5,0.75,0.5,0.0,0.5,0.25
2313,1.0,0.67,0.17,0.0,0.75,0.0,0.17,0.75,0.75,0.0,0.75,0.75,0.0,0.0,1.0,0.75,0.0,1.0,0.75,0.0,0.0,0.75,0.0,0.25,0.0,1.0,0.75,0.25,0.0,0.25,0.75,1.0,0.75,0.0,0.0,0.0,0.25,0.25,1.0,0.25,0.25,1.0,0.0,0.25,0.0,0.25,1.0,0.0,1.0,0.75,0.75,0.0,0.25,0.0,0.75,0.25,0.0,0.0,1.0,1.0,1.0,1.0,0.5,0.0,1.0,0.0,0.75,0.25,0.75,0.75,0.75,0.25,0.5,0.5,0.5
2314,0.67,0.5,0.67,0.0,0.25,0.25,0.17,0.75,0.0,0.0,0.75,1.0,0.25,0.75,0.75,0.75,0.25,0.75,0.0,0.0,0.25,0.25,0.0,1.0,0.0,1.0,1.0,0.25,0.75,0.0,0.0,0.25,0.0,0.75,0.0,0.25,0.0,0.75,0.75,0.0,0.75,1.0,0.75,0.0,0.0,0.0,1.0,0.0,0.75,0.75,0.0,0.0,0.0,0.0,0.0,0.0,0.25,0.0,1.0,1.0,1.0,0.67,0.33,0.0,0.75,0.0,0.25,0.25,0.75,0.75,0.5,0.25,0.5,0.5,0.5
2315,0.83,1.0,0.83,0.0,0.25,1.0,0.17,0.75,0.0,0.0,0.75,1.0,0.0,0.25,0.0,0.25,0.0,0.25,0.0,0.0,0.0,0.25,0.0,1.0,0.0,1.0,1.0,0.25,0.25,0.0,0.25,1.0,0.25,0.25,0.0,0.75,0.0,0.25,0.75,0.25,1.0,0.25,0.25,0.0,0.0,0.25,1.0,0.0,1.0,1.0,0.0,0.0,0.0,0.0,0.0,0.0,0.0,0.0,1.0,1.0,0.83,0.83,0.17,0.0,0.25,0.0,0.0,0.0,1.0,0.75,0.5,0.25,1.0,0.5,0.75
2316,0.0,0.67,0.0,0.0,1.0,0.0,0.0,1.0,0.0,0.25,1.0,0.25,0.0,1.0,0.75,0.0,0.0,0.25,0.0,0.0,0.0,0.75,0.0,0.0,0.0,0.75,0.0,1.0,1.0,0.0,0.75,1.0,1.0,1.0,0.0,1.0,0.0,0.0,1.0,0.0,0.0,1.0,0.0,0.0,1.0,0.0,0.75,0.75,0.25,0.0,0.75,0.75,0.25,0.0,0.25,0.0,0.0,0.0,1.0,0.75,1.0,1.0,0.0,0.0,1.0,0.0,0.75,0.0,0.75,0.5,0.5,0.25,0.5,0.5,0.0
2317,1.0,0.17,0.0,0.75,0.75,0.0,0.17,0.75,0.75,0.75,1.0,0.75,0.0,1.0,1.0,0.0,0.0,0.25,0.25,0.0,1.0,0.25,0.25,0.25,0.0,0.75,0.0,1.0,0.75,0.75,0.25,0.75,0.25,1.0,0.0,1.0,0.75,0.25,0.75,0.0,0.25,0.75,0.25,0.25,0.75,0.75,0.75,0.75,0.25,0.0,0.75,0.0,0.25,0.25,1.0,0.75,0.75,0.75,0.75,0.75,1.0,0.83,0.17,0.0,1.0,0.0,0.75,0.5,0.5,0.5,0.75,0.25,0.5,0.5,0.25
2318,0.83,1.0,0.67,0.0,0.0,1.0,0.17,0.25,0.25,0.25,0.75,0.75,0.25,0.75,0.25,0.75,0.0,0.75,0.25,0.0,0.75,0.25,0.0,1.0,0.0,1.0,1.0,0.25,0.75,0.25,0.25,1.0,0.25,0.75,0.0,1.0,0.0,0.75,0.25,0.25,0.75,1.0,0.75,0.0,0.0,0.25,1.0,0.0,0.75,0.75,0.25,0.25,0.25,0.0,0.0,0.75,0.0,0.0,1.0,0.75,0.83,0.83,0.17,0.0,0.75,0.0,0.0,0.0,0.75,0.75,0.5,0.5,0.75,0.5,0.75
2319,0.83,0.17,0.17,0.25,0.75,0.0,0.83,1.0,0.75,0.75,1.0,0.0,0.0,0.75,1.0,0.75,0.25,0.25,0.75,0.0,1.0,1.0,0.75,0.25,0.25,0.25,0.25,0.25,0.75,0.25,0.75,0.25,0.0,1.0,0.25,0.75,0.25,0.25,0.75,0.0,0.75,1.0,0.25,1.0,1.0,1.0,0.0,0.25,1.0,1.0,0.25,0.75,0.75,0.25,0.75,0.75,0.25,0.25,0.75,1.0,0.83,0.83,0.83,0.0,0.75,0.75,1.0,0.5,0.5,0.5,0.75,0.5,0.5,0.75,0.5
2322,0.0,0.33,0.5,1.0,1.0,0.0,0.67,0.25,1.0,1.0,0.75,0.25,0.75,0.75,0.75,0.25,0.75,1.0,1.0,0.0,1.0,1.0,1.0,0.0,0.25,0.25,0.25,1.0,1.0,1.0,1.0,0.25,0.25,1.0,0.75,1.0,1.0,0.0,1.0,1.0,1.0,1.0,0.25,1.0,1.0,1.0,0.0,0.75,0.0,1.0,1.0,1.0,1.0,1.0,0.0,1.0,1.0,1.0,0.0,1.0,0.67,1.0,0.83,0.75,1.0,1.0,0.75,0.75,0.0,0.5,0.75,0.5,0.25,0.75,0.25
2325,0.83,1.0,0.17,0.25,0.0,1.0,0.0,1.0,0.75,0.25,0.75,0.75,0.0,0.0,0.75,0.75,0.0,0.25,0.75,0.0,0.75,0.25,0.0,1.0,0.0,1.0,0.0,0.25,1.0,1.0,1.0,1.0,0.75,1.0,0.0,0.75,0.0,0.25,1.0,1.0,0.75,0.75,0.75,0.25,0.0,0.75,1.0,0.0,0.0,0.75,0.0,0.25,0.75,0.0,0.75,0.0,0.0,0.0,1.0,0.75,0.67,0.67,0.5,0.0,0.75,0.25,0.0,0.25,1.0,1.0,0.5,0.5,0.75,0.5,0.75
2326,0.67,0.83,0.0,1.0,0.75,0.25,1.0,0.0,1.0,1.0,0.75,0.0,1.0,0.0,0.0,0.0,0.75,0.75,0.75,0.0,0.25,0.25,0.25,0.25,0.25,0.25,0.0,1.0,0.0,1.0,0.25,0.0,0.25,1.0,0.75,1.0,1.0,1.0,0.0,1.0,0.75,0.0,1.0,1.0,1.0,1.0,0.0,1.0,0.0,1.0,1.0,0.0,1.0,1.0,0.0,0.0,0.75,1.0,0.0,0.0,0.17,0.67,1.0,0.0,0.0,1.0,0.75,0.75,0.25,0.5,0.5,0.75,0.5,1.0,0.5
2332,0.67,0.33,0.0,1.0,0.75,0.0,0.67,1.0,1.0,1.0,1.0,0.0,1.0,0.75,1.0,0.75,0.75,0.75,0.75,0.0,1.0,0.75,1.0,0.0,0.75,0.0,0.0,1.0,1.0,1.0,0.75,0.25,0.75,1.0,0.25,0.75,0.25,0.75,0.75,0.0,0.0,0.25,0.25,1.0,1.0,1.0,0.0,1.0,0.0,1.0,1.0,1.0,1.0,1.0,0.25,0.75,1.0,1.0,0.75,0.75,0.67,0.67,1.0,0.75,0.75,1.0,1.0,0.5,0.25,0.5,0.75,0.5,0.0,0.5,0.0
2333,0.83,0.17,0.0,0.75,1.0,0.0,0.5,1.0,1.0,1.0,1.0,0.0,0.0,0.25,0.0,1.0,0.0,1.0,0.25,0.0,1.0,1.0,1.0,0.0,1.0,0.0,0.0,1.0,1.0,0.75,1.0,0.25,0.0,1.0,0.25,1.0,0.0,0.25,1.0,0.0,0.0,1.0,0.0,1.0,1.0,1.0,0.0,1.0,0.0,0.75,0.75,1.0,0.75,1.0,1.0,1.0,1.0,1.0,0.25,1.0,1.0,1.0,0.83,0.75,1.0,0.75,1.0,0.5,0.25,0.5,0.75,0.5,0.0,0.75,0.25
2334,0.17,0.17,0.0,1.0,1.0,0.0,1.0,0.0,1.0,1.0,0.75,0.0,1.0,0.0,1.0,0.25,1.0,0.25,1.0,0.25,1.0,1.0,1.0,0.0,1.0,0.0,0.0,1.0,0.25,1.0,0.25,0.0,0.0,1.0,1.0,0.0,1.0,1.0,0.0,1.0,1.0,0.0,1.0,1.0,1.0,1.0,0.0,1.0,0.0,1.0,1.0,1.0,1.0,1.0,0.25,1.0,1.0,1.0,0.0,0.25,0.0,0.17,1.0,0.75,0.0,1.0,1.0,1.0,0.0,0.5,1.0,0.75,0.0,1.0,0.75
2335,0.17,0.67,0.83,0.25,0.0,1.0,0.0,0.25,0.25,0.25,0.25,0.75,0.0,0.25,0.0,0.25,0.75,0.25,0.75,0.0,0.75,0.75,0.0,1.0,0.0,1.0,0.75,0.25,0.75,0.25,1.0,1.0,1.0,0.75,0.0,0.75,0.25,1.0,0.75,0.25,0.75,0.25,0.0,0.0,0.0,0.75,1.0,0.25,0.25,0.0,0.75,0.0,0.25,0.0,0.0,0.0,0.75,0.0,1.0,0.75,1.0,0.83,0.17,0.0,1.0,0.0,0.0,0.0,0.75,0.75,0.75,0.0,0.75,0.75,0.75
2336,0.83,0.17,0.0,0.75,1.0,0.0,0.0,1.0,0.75,0.25,1.0,0.25,0.75,1.0,1.0,0.25,0.0,1.0,0.75,0.0,0.75,0.25,1.0,0.0,1.0,0.0,0.0,1.0,1.0,0.75,1.0,0.75,0.75,1.0,0.0,1.0,0.0,0.0,1.0,0.0,0.0,1.0,0.0,1.0,1.0,1.0,0.0,1.0,0.0,0.75,1.0,0.75,1.0,1.0,1.0,1.0,1.0,0.75,0.75,1.0,1.0,1.0,0.67,0.75,1.0,0.75,1.0,0.5,0.25,0.5,0.5,0.5,0.25,0.5,0.0
2337,0.67,0.33,0.17,1.0,1.0,0.0,1.0,0.0,1.0,1.0,0.75,0.0,1.0,0.75,0.75,1.0,1.0,1.0,1.0,0.0,1.0,1.0,1.0,0.0,0.75,0.0,0.0,1.0,0.25,1.0,1.0,0.0,0.0,0.25,1.0,0.0,1.0,0.75,0.0,1.0,1.0,0.0,0.75,1.0,1.0,1.0,0.0,0.75,0.0,1.0,1.0,1.0,1.0,1.0,0.75,0.75,0.0,1.0,0.0,0.75,0.0,0.83,1.0,0.75,0.0,1.0,1.0,1.0,0.0,0.5,1.0,0.75,0.0,1.0,0.75
2339,0.83,0.67,0.0,0.25,0.25,0.0,0.17,1.0,1.0,0.75,1.0,0.25,0.25,0.75,0.0,0.75,0.0,0.75,0.75,0.0,1.0,0.25,0.25,0.0,0.0,0.25,0.25,0.25,0.75,0.75,0.25,0.25,0.25,1.0,0.25,1.0,0.0,0.75,0.75,0.25,0.25,0.75,0.0,1.0,1.0,1.0,0.0,1.0,0.0,1.0,1.0,1.0,1.0,1.0,0.75,0.75,1.0,0.75,0.75,1.0,0.83,1.0,1.0,0.0,0.25,1.0,1.0,0.5,0.25,0.5,0.75,0.5,0.0,0.5,0.0
2340,0.83,0.5,1.0,0.0,0.25,0.0,0.33,0.0,1.0,0.25,0.75,0.0,1.0,0.75,1.0,0.75,1.0,1.0,0.75,0.25,0.75,0.75,0.25,0.75,1.0,0.75,0.0,1.0,0.0,1.0,1.0,0.25,0.0,0.75,0.75,0.75,0.0,0.75,0.0,0.75,0.75,0.0,1.0,0.75,0.25,1.0,0.25,0.0,0.0,1.0,0.75,0.75,1.0,1.0,0.75,0.0,0.75,0.0,0.0,1.0,0.33,0.33,0.83,0.0,0.0,1.0,0.75,0.25,0.25,0.75,1.0,0.75,0.75,0.5,0.5
2341,0.0,0.0,0.0,1.0,1.0,0.0,1.0,0.0,1.0,1.0,0.0,0.0,1.0,0.0,1.0,0.25,1.0,0.75,1.0,0.25,1.0,1.0,1.0,0.0,1.0,0.0,0.0,1.0,0.75,1.0,0.75,0.0,0.0,1.0,1.0,0.0,1.0,0.75,0.0,1.0,1.0,0.0,1.0,1.0,1.0,1.0,0.0,0.75,0.0,1.0,1.0,1.0,1.0,1.0,0.0,1.0,1.0,1.0,0.0,0.25,0.0,0.5,1.0,0.25,0.0,1.0,0.25,0.75,0.0,0.5,0.75,0.75,0.0,1.0,0.5
2342,0.67,0.67,0.83,0.0,0.0,1.0,0.67,0.0,0.25,0.0,0.0,0.75,0.25,1.0,0.25,0.75,0.0,0.75,0.75,0.0,0.25,0.75,0.0,1.0,0.0,1.0,1.0,0.75,0.25,0.75,1.0,0.75,0.25,0.0,0.25,1.0,0.0,0.0,0.75,0.0,1.0,0.25,0.25,0.0,0.0,0.25,1.0,0.0,1.0,0.75,0.0,0.0,0.0,0.0,0.75,0.0,0.0,0.0,1.0,1.0,0.83,0.33,0.33,0.0,0.75,0.25,0.0,0.25,1.0,1.0,0.75,0.0,0.75,0.75,0.75
2343,0.17,1.0,1.0,0.0,0.0,1.0,0.67,0.75,0.0,0.0,0.0,0.75,0.25,0.0,0.0,1.0,1.0,1.0,0.75,0.0,0.25,0.0,0.0,1.0,0.0,1.0,1.0,0.0,0.0,0.75,0.25,1.0,1.0,1.0,0.75,1.0,0.0,0.0,0.75,0.0,0.75,0.25,0.0,0.25,0.0,0.75,1.0,0.0,0.75,0.75,0.0,0.25,0.75,0.0,0.0,0.0,0.75,0.75,1.0,1.0,0.5,0.17,0.17,0.0,0.75,0.25,1.0,0.0,0.75,0.75,0.5,0.0,0.75,0.5,0.5
2344,0.0,0.0,0.17,1.0,1.0,0.0,0.83,0.0,1.0,1.0,0.0,0.0,1.0,0.0,1.0,0.25,1.0,0.75,1.0,0.0,1.0,1.0,1.0,0.0,1.0,0.0,0.0,0.75,0.0,1.0,0.0,0.25,0.0,1.0,0.0,1.0,0.75,1.0,0.75,1.0,1.0,0.75,0.0,1.0,1.0,1.0,0.0,1.0,0.0,1.0,1.0,1.0,1.0,1.0,0.75,1.0,1.0,1.0,0.0,0.0,1.0,1.0,1.0,0.0,1.0,1.0,0.0,1.0,0.0,0.25,1.0,0.75,0.0,1.0,0.75
2345,0.83,0.67,0.0,0.25,1.0,0.0,1.0,1.0,1.0,1.0,1.0,0.25,0.0,0.75,1.0,0.0,0.25,0.0,0.75,0.0,0.75,0.25,1.0,0.0,0.75,0.0,0.0,1.0,1.0,1.0,0.75,0.75,0.25,1.0,0.0,1.0,0.0,0.0,1.0,0.0,0.0,1.0,0.25,0.75,0.75,0.25,0.25,0.75,0.0,0.25,0.75,0.75,0.75,0.75,1.0,0.0,0.75,0.75,0.25,1.0,1.0,1.0,0.33,0.0,1.0,0.0,1.0,0.75,0.25,0.5,0.75,0.5,0.5,0.75,0.25
2346,0.17,0.5,0.0,0.0,1.0,0.0,0.0,1.0,0.25,0.25,1.0,0.75,0.0,1.0,1.0,1.0,0.0,0.0,0.0,0.0,0.75,0.75,0.0,0.0,0.25,0.0,0.0,1.0,1.0,0.0,0.75,0.0,0.0,1.0,0.0,1.0,0.0,0.0,1.0,0.0,0.0,1.0,0.0,0.75,0.75,0.0,0.75,0.25,0.75,0.0,1.0,0.0,0.25,0.0,1.0,0.25,0.25,0.0,1.0,1.0,0.83,0.83,0.17,0.0,1.0,0.0,1.0,0.5,0.5,0.75,0.75,0.5,0.5,0.5,0.25
2347,1.0,0.33,0.0,0.0,1.0,0.0,0.17,1.0,0.25,0.0,1.0,0.75,0.0,1.0,1.0,0.0,0.0,0.0,0.0,0.0,1.0,0.0,0.0,0.0,0.0,0.25,0.0,1.0,1.0,0.0,0.75,0.75,1.0,1.0,0.0,1.0,0.0,0.0,1.0,0.0,0.0,1.0,0.0,0.75,1.0,0.25,1.0,0.75,0.75,0.0,0.0,0.75,0.0,0.0,1.0,0.0,0.0,0.0,1.0,1.0,1.0,1.0,0.5,0.0,1.0,0.0,1.0,0.5,0.75,0.75,0.75,0.25,0.5,0.5,0.25
2348,0.17,0.67,0.17,1.0,0.0,0.0,0.83,0.75,0.75,0.25,0.75,0.25,0.75,0.75,0.25,0.25,0.0,1.0,0.75,0.0,0.75,0.25,0.75,0.0,0.75,0.25,0.25,0.75,0.25,0.75,0.75,0.25,0.0,0.75,1.0,0.75,0.75,0.75,0.25,0.25,0.75,0.75,0.75,1.0,0.75,0.75,0.75,0.0,0.25,0.75,0.75,0.75,0.75,1.0,0.75,0.25,0.75,0.75,0.25,0.75,0.17,0.67,0.83,0.25,0.75,0.25,0.75,0.75,0.25,0.25,0.75,0.25,0.75,0.75,0.75
2349,1.0,0.67,0.83,0.75,0.0,0.0,0.5,0.75,0.25,0.0,1.0,1.0,0.0,0.25,0.0,1.0,0.0,1.0,0.75,0.0,0.25,0.0,0.0,0.25,0.0,0.75,0.75,0.0,0.0,0.75,0.0,0.75,0.0,0.0,0.0,0.0,0.0,1.0,0.75,0.75,1.0,0.75,1.0,0.25,0.0,1.0,0.75,0.0,1.0,1.0,0.25,0.0,0.25,1.0,0.25,0.0,0.0,0.25,1.0,0.0,0.83,0.67,0.5,0.0,1.0,0.0,0.75,0.75,0.5,0.25,0.5,0.75,0.25,0.25,0.5
2350,0.33,0.5,0.17,0.75,0.25,0.0,0.5,0.25,0.75,0.25,0.75,0.25,0.25,0.0,0.75,0.75,0.0,1.0,0.75,0.25,1.0,0.25,0.25,0.25,0.25,0.0,0.25,0.75,0.25,0.75,0.25,0.75,0.0,0.25,0.0,0.25,0.0,0.75,0.0,1.0,1.0,0.75,0.75,1.0,0.25,1.0,0.75,0.25,0.75,1.0,0.75,0.0,0.25,0.75,0.25,0.0,0.25,0.25,0.75,0.75,0.17,0.33,0.5,0.0,0.75,0.25,0.25,0.5,0.5,0.5,0.75,0.75,0.5,1.0,0.75
2351,1.0,0.5,0.17,0.0,0.0,0.0,0.5,0.0,1.0,0.0,1.0,0.0,0.25,0.75,1.0,0.75,0.0,1.0,1.0,0.0,0.25,0.75,0.0,0.0,0.0,0.25,0.25,0.75,0.75,1.0,0.25,0.25,0.0,0.0,0.75,0.75,0.75,1.0,0.0,0.75,1.0,0.75,1.0,0.75,0.75,1.0,1.0,0.25,0.25,1.0,1.0,0.25,0.0,0.75,1.0,0.25,0.0,1.0,0.75,1.0,0.83,0.83,0.67,0.0,1.0,0.75,1.0,0.5,0.5,0.5,1.0,0.25,0.75,0.75,0.5
2352,0.83,0.67,0.5,0.0,0.25,0.0,0.67,1.0,0.75,0.0,1.0,0.75,0.0,0.25,0.75,0.25,0.0,1.0,0.25,0.0,0.25,0.25,0.0,0.0,0.0,0.25,0.25,0.75,0.25,0.25,1.0,0.25,0.0,0.0,0.25,0.75,0.0,1.0,0.0,0.0,0.25,0.0,0.75,1.0,1.0,1.0,0.25,0.25,0.75,1.0,0.0,0.0,0.0,0.75,0.25,1.0,0.75,0.75,0.75,0.75,0.17,0.67,0.67,0.0,0.0,0.75,0.75,0.5,0.25,0.5,0.5,0.25,0.5,0.5,0.5
2353,0.0,0.17,0.0,1.0,1.0,0.0,1.0,0.0,1.0,1.0,0.25,0.0,1.0,0.25,1.0,0.25,1.0,0.25,1.0,0.25,1.0,0.75,1.0,0.0,1.0,0.0,0.0,1.0,0.75,1.0,0.75,0.0,0.0,1.0,1.0,0.25,1.0,1.0,0.0,1.0,1.0,0.75,1.0,1.0,1.0,1.0,0.0,0.75,0.0,1.0,1.0,1.0,1.0,1.0,0.25,1.0,1.0,1.0,0.0,0.25,0.17,0.67,1.0,0.75,0.75,1.0,1.0,1.0,0.0,0.5,1.0,1.0,0.0,0.75,0.25
2354,0.0,0.0,0.0,1.0,1.0,0.0,1.0,0.0,1.0,1.0,0.0,0.0,1.0,0.0,0.75,0.75,1.0,0.0,1.0,0.25,1.0,1.0,1.0,0.0,1.0,0.0,0.0,1.0,0.75,1.0,0.75,0.0,0.0,1.0,1.0,0.25,1.0,1.0,0.75,1.0,0.75,0.75,1.0,1.0,1.0,1.0,0.0,1.0,0.0,1.0,1.0,1.0,1.0,1.0,0.75,1.0,1.0,1.0,0.0,0.25,0.17,0.67,1.0,1.0,0.75,1.0,1.0,1.0,0.0,0.5,0.75,1.0,0.0,1.0,0.25
2355,0.0,0.0,0.0,1.0,1.0,0.0,1.0,0.25,1.0,1.0,0.25,0.0,1.0,0.0,0.0,0.75,1.0,0.0,1.0,0.25,1.0,1.0,1.0,0.0,1.0,0.0,0.0,1.0,0.25,1.0,0.75,0.0,0.0,1.0,1.0,0.0,1.0,1.0,0.75,0.75,1.0,0.75,1.0,1.0,1.0,1.0,0.0,0.75,0.0,1.0,1.0,1.0,1.0,1.0,0.0,1.0,1.0,1.0,0.0,0.25,0.17,0.83,1.0,1.0,0.0,1.0,1.0,1.0,0.0,0.75,1.0,1.0,0.0,1.0,0.25
2356,0.0,0.17,0.0,1.0,1.0,0.0,1.0,0.0,1.0,1.0,0.0,0.0,1.0,0.0,1.0,0.25,1.0,0.0,1.0,0.0,1.0,1.0,1.0,0.0,1.0,0.0,0.0,1.0,1.0,1.0,1.0,0.0,0.0,1.0,1.0,0.0,1.0,1.0,0.0,1.0,1.0,0.75,1.0,1.0,1.0,1.0,0.0,0.25,0.0,1.0,0.75,1.0,1.0,1.0,0.75,1.0,1.0,1.0,0.25,0.25,0.17,0.5,1.0,0.25,0.25,1.0,1.0,1.0,0.0,0.5,1.0,1.0,0.25,1.0,0.5
2357,0.0,0.17,0.0,1.0,0.25,0.0,0.83,0.25,1.0,1.0,0.25,0.0,1.0,0.0,1.0,0.75,1.0,0.0,1.0,0.0,1.0,1.0,1.0,0.0,1.0,0.0,0.0,1.0,1.0,1.0,1.0,0.0,0.0,1.0,1.0,0.25,1.0,1.0,0.0,1.0,1.0,0.0,1.0,1.0,1.0,1.0,0.75,0.25,0.25,1.0,0.75,1.0,0.75,1.0,0.75,1.0,1.0,1.0,0.25,0.75,0.17,0.5,1.0,0.75,0.75,1.0,1.0,1.0,0.25,0.5,1.0,1.0,0.5,1.0,0.75
2359,0.83,0.67,0.0,0.75,0.0,0.0,0.17,1.0,0.0,0.25,1.0,1.0,0.25,1.0,0.75,0.0,0.25,1.0,0.25,0.0,0.75,0.75,0.0,0.25,0.0,0.75,0.25,0.75,0.0,0.0,0.75,0.25,1.0,1.0,1.0,0.0,0.0,0.0,0.75,0.0,0.25,0.0,1.0,1.0,1.0,0.25,0.0,0.0,0.0,1.0,0.0,1.0,0.0,0.75,1.0,0.0,0.25,0.75,0.75,1.0,1.0,1.0,0.67,0.0,1.0,1.0,0.75,0.75,0.25,0.75,0.5,0.5,0.5,0.5,0.5
2360,1.0,0.67,0.17,0.75,0.75,0.0,0.67,1.0,0.75,0.0,0.25,1.0,0.0,1.0,0.75,0.75,0.0,0.0,0.0,0.0,1.0,0.75,0.25,0.0,0.25,1.0,0.0,1.0,1.0,0.25,0.0,0.0,1.0,1.0,0.0,1.0,0.25,0.0,1.0,0.0,0.75,1.0,0.25,0.0,0.0,0.25,1.0,0.0,0.0,0.0,0.75,0.25,0.0,0.0,0.0,0.0,0.0,0.0,1.0,1.0,1.0,0.83,0.0,0.0,1.0,0.0,1.0,0.25,0.75,0.75,1.0,0.5,1.0,0.75,0.75
2361,0.33,0.17,0.17,0.75,0.75,0.0,0.17,0.75,0.75,0.0,1.0,0.25,0.0,0.0,0.75,0.0,0.25,0.0,0.75,0.25,1.0,1.0,0.75,0.25,0.25,0.0,0.0,1.0,0.75,0.75,0.25,0.25,0.25,1.0,0.25,1.0,0.25,0.25,1.0,0.25,0.25,1.0,0.25,1.0,1.0,0.75,0.75,0.0,0.0,0.25,0.0,0.75,0.0,0.25,0.75,0.0,0.0,0.0,0.75,1.0,0.83,0.83,0.0,0.0,0.75,0.75,1.0,0.5,0.75,0.75,0.75,0.5,0.75,0.75,0.75
2362,0.17,0.67,0.17,0.75,1.0,0.0,0.67,0.25,1.0,1.0,0.75,0.75,0.75,0.0,1.0,1.0,0.75,0.75,0.75,0.0,0.75,0.25,0.25,0.75,0.25,0.75,0.25,1.0,0.75,0.0,1.0,0.0,0.25,1.0,0.75,0.0,0.75,1.0,0.0,0.25,0.25,0.75,1.0,1.0,1.0,1.0,0.0,1.0,0.0,1.0,1.0,1.0,0.75,1.0,0.25,0.25,1.0,0.75,0.75,0.75,0.67,0.67,1.0,0.0,0.0,1.0,0.25,0.75,0.5,0.5,1.0,0.25,0.0,0.75,0.5
2363,0.83,0.17,0.17,0.75,0.25,0.0,0.67,1.0,0.25,0.25,1.0,0.25,0.25,0.75,0.75,0.0,0.0,1.0,0.25,0.0,0.75,0.25,0.25,0.0,0.25,0.25,0.25,0.75,0.75,0.75,0.75,0.75,0.25,1.0,0.0,1.0,0.0,0.0,0.75,0.0,0.25,1.0,0.25,1.0,1.0,1.0,0.0,1.0,0.0,1.0,1.0,1.0,0.75,0.75,0.75,1.0,0.75,0.0,0.75,0.75,1.0,1.0,1.0,0.0,1.0,1.0,1.0,0.5,0.5,0.5,0.75,0.5,0.0,0.5,0.25
2364,0.67,0.33,0.0,0.75,1.0,0.0,0.33,1.0,0.75,1.0,1.0,0.0,0.25,0.75,1.0,0.75,0.25,0.75,0.75,0.0,1.0,0.25,1.0,0.0,0.25,0.0,0.0,1.0,1.0,1.0,1.0,0.75,0.75,1.0,0.0,0.75,0.0,0.25,1.0,0.0,0.0,1.0,0.0,1.0,1.0,1.0,0.0,0.25,0.0,1.0,0.75,0.75,0.75,0.75,0.75,0.25,0.75,0.75,0.75,1.0,0.83,1.0,0.83,0.25,1.0,0.25,1.0,0.75,0.5,0.5,1.0,0.5,0.25,0.5,0.25
2365,0.83,0.67,0.67,1.0,0.75,0.0,1.0,0.0,1.0,0.0,0.75,0.0,1.0,0.0,1.0,1.0,0.0,1.0,0.75,0.0,0.25,0.25,0.25,0.0,1.0,0.25,0.0,0.75,0.0,1.0,1.0,0.0,0.0,0.0,1.0,0.0,0.0,1.0,0.0,1.0,1.0,0.75,1.0,1.0,1.0,1.0,0.25,1.0,0.0,1.0,1.0,1.0,0.75,0.0,1.0,1.0,0.0,1.0,0.75,1.0,0.17,0.83,0.67,0.0,0.0,1.0,1.0,0.5,0.5,0.75,0.75,0.5,0.25,0.75,0.25
2366,1.0,0.5,0.0,1.0,1.0,0.0,0.0,1.0,1.0,1.0,1.0,1.0,0.0,1.0,1.0,1.0,0.0,1.0,1.0,0.0,0.0,0.0,0.0,0.0,1.0,0.0,0.0,1.0,1.0,0.0,1.0,1.0,1.0,1.0,0.0,1.0,0.0,0.0,1.0,0.0,0.0,1.0,0.0,0.0,1.0,1.0,1.0,1.0,0.0,0.0,1.0,1.0,1.0,1.0,1.0,0.0,0.0,0.0,1.0,1.0,1.0,1.0,0.33,0.0,1.0,0.0,1.0,0.0,0.5,0.75,1.0,0.25,0.75,0.75,0.0
2367,0.5,0.5,0.17,0.75,0.0,0.0,0.5,0.25,1.0,1.0,0.75,0.0,0.75,0.0,1.0,0.75,0.75,1.0,0.75,0.25,1.0,0.75,1.0,0.0,0.75,0.0,0.25,0.75,0.75,1.0,0.0,0.75,0.25,0.0,0.25,0.75,0.25,0.25,0.25,0.75,1.0,0.75,0.75,1.0,1.0,1.0,0.0,0.25,0.25,0.25,0.75,1.0,0.75,1.0,0.75,0.75,0.75,0.25,1.0,0.75,0.83,0.67,0.67,0.75,0.75,0.75,1.0,0.75,0.5,0.5,1.0,0.5,0.25,1.0,0.5
2368,0.83,0.33,0.17,0.75,0.25,0.25,0.67,1.0,0.75,0.75,0.75,0.25,0.25,0.75,1.0,0.75,0.75,1.0,0.75,0.25,0.75,0.75,0.25,0.0,0.25,0.25,0.25,0.75,0.25,0.75,0.75,0.75,0.75,0.75,0.25,0.75,0.25,0.75,0.25,0.75,0.75,0.75,0.75,0.75,0.25,0.75,0.25,0.25,0.75,0.75,0.75,0.75,0.75,0.75,1.0,0.75,0.25,0.0,0.75,0.75,0.83,0.17,0.33,0.0,0.25,0.75,0.75,0.75,0.25,0.5,0.75,0.25,0.25,0.75,0.75
2370,1.0,0.33,0.5,0.25,0.0,0.0,0.5,0.25,0.75,0.75,0.75,0.0,0.25,0.0,0.25,0.75,0.0,1.0,0.75,0.0,0.25,0.75,0.0,0.0,0.25,0.0,0.0,0.75,0.25,1.0,0.25,0.25,0.25,0.25,0.25,0.75,0.0,1.0,0.25,0.75,0.75,0.75,0.75,0.75,0.75,0.75,0.25,0.75,0.75,0.75,0.25,0.25,0.75,0.75,0.25,0.0,0.0,0.25,0.25,0.75,0.83,0.67,0.5,0.0,0.75,0.75,0.75,0.5,0.5,0.5,0.75,0.5,0.25,0.5,0.5
2371,0.83,0.33,0.17,0.75,1.0,0.0,0.33,1.0,0.75,1.0,0.75,0.75,0.0,0.75,1.0,1.0,0.0,0.75,0.75,0.25,0.75,0.25,0.75,0.0,0.25,0.0,0.0,0.75,0.75,0.0,0.0,0.75,0.0,0.0,0.0,1.0,0.0,0.0,0.0,0.0,1.0,0.75,0.25,0.25,0.75,0.75,1.0,1.0,0.0,0.0,0.75,0.75,0.0,0.0,1.0,0.0,0.75,0.0,1.0,1.0,1.0,0.83,0.17,0.25,1.0,0.0,1.0,0.75,0.75,0.75,0.75,0.25,0.75,0.75,0.0
2372,1.0,1.0,1.0,0.0,0.0,1.0,0.83,0.25,0.0,0.0,0.0,0.75,0.0,1.0,0.75,0.0,0.0,0.75,0.25,0.0,0.25,0.0,0.0,1.0,0.0,1.0,1.0,0.75,0.0,0.25,0.25,0.75,0.25,1.0,0.75,0.75,0.0,1.0,1.0,1.0,0.75,1.0,1.0,0.25,0.0,0.0,1.0,0.0,1.0,1.0,0.0,0.0,0.0,1.0,0.0,0.0,0.0,0.0,1.0,1.0,0.5,0.83,0.17,0.0,1.0,0.0,0.75,0.0,1.0,0.75,0.5,0.0,0.75,0.0,0.5
2379,0.33,0.33,0.0,0.25,1.0,0.0,0.0,1.0,1.0,0.25,1.0,0.25,0.0,0.75,0.0,0.75,0.0,0.75,0.25,0.0,0.75,0.75,0.0,0.0,0.75,0.25,0.0,0.75,1.0,1.0,1.0,1.0,1.0,1.0,0.0,1.0,0.0,0.0,1.0,0.0,0.0,1.0,0.0,1.0,1.0,1.0,0.25,0.25,0.25,0.0,1.0,0.75,0.25,0.0,1.0,1.0,1.0,0.0,0.25,0.75,0.83,1.0,0.67,0.0,1.0,0.0,1.0,0.0,0.25,0.75,0.75,0.25,0.75,0.75,0.0
2383,0.83,0.67,0.83,1.0,0.75,0.0,1.0,0.0,1.0,1.0,0.0,0.0,1.0,0.25,0.75,1.0,0.75,0.75,1.0,0.25,1.0,0.75,1.0,0.0,0.75,0.25,0.0,0.75,0.75,0.25,0.75,0.0,0.25,0.25,0.0,0.25,0.75,0.25,0.0,0.75,0.75,0.75,0.75,1.0,1.0,1.0,0.25,0.0,0.25,0.75,0.75,0.75,0.75,0.75,0.75,0.75,1.0,1.0,0.0,0.75,0.0,0.83,1.0,0.75,0.25,1.0,1.0,0.75,0.0,0.75,0.75,0.75,0.25,1.0,0.25
2384,0.5,0.33,0.5,0.75,1.0,0.0,0.17,0.75,0.25,0.25,1.0,0.75,0.25,0.75,1.0,0.25,0.0,0.25,0.75,0.0,1.0,1.0,0.0,0.0,0.25,0.25,0.0,1.0,0.75,0.25,0.25,0.75,0.25,1.0,0.0,0.75,0.0,0.0,0.75,0.0,0.75,1.0,0.25,0.75,0.75,0.75,0.75,0.25,0.25,0.25,0.25,0.25,0.25,0.25,0.75,0.0,0.75,0.25,1.0,0.75,0.83,0.67,0.33,0.0,1.0,0.0,0.25,0.5,0.75,0.75,0.75,0.25,0.75,0.75,0.5
2392,0.0,0.33,0.0,1.0,1.0,0.0,0.33,0.75,1.0,1.0,0.75,0.25,1.0,0.75,1.0,0.0,1.0,1.0,0.75,0.0,0.75,0.75,1.0,0.25,0.75,0.0,0.0,1.0,0.25,0.75,0.75,0.0,0.25,1.0,1.0,0.75,0.75,0.75,0.25,0.25,1.0,0.75,1.0,1.0,1.0,1.0,0.0,1.0,0.0,0.25,0.25,1.0,0.75,1.0,0.0,0.75,1.0,1.0,0.0,0.75,0.0,0.5,1.0,0.25,0.25,1.0,0.75,0.75,0.25,0.75,0.75,0.75,0.25,0.75,0.75
2393,0.83,0.33,0.33,0.25,0.25,0.0,0.83,0.75,0.75,0.25,0.25,0.25,1.0,0.0,0.75,0.75,1.0,0.75,0.75,0.0,1.0,0.75,0.0,0.0,0.25,0.75,0.25,1.0,0.25,0.75,0.25,0.25,0.0,0.25,0.75,0.75,1.0,1.0,0.25,1.0,0.75,0.25,0.25,1.0,0.0,1.0,0.75,0.75,0.0,0.75,0.75,0.75,0.75,1.0,1.0,0.75,0.75,1.0,0.75,0.75,0.83,0.67,0.17,0.0,0.75,0.75,1.0,0.5,0.5,0.5,0.75,0.5,0.5,0.5,0.5
2395,0.17,0.33,0.67,0.75,1.0,0.25,0.33,1.0,0.25,0.75,0.75,0.25,0.25,0.25,0.75,0.25,0.25,0.75,0.75,0.25,0.25,0.75,0.75,0.25,0.75,0.25,0.25,1.0,0.25,0.0,1.0,0.25,0.75,1.0,0.75,1.0,0.0,0.75,1.0,0.25,0.75,1.0,0.25,1.0,1.0,1.0,0.0,1.0,0.0,1.0,1.0,0.0,1.0,1.0,1.0,0.0,1.0,1.0,1.0,0.25,0.33,0.67,1.0,0.0,0.25,1.0,0.75,0.75,0.5,0.25,0.75,0.25,0.0,0.75,0.25
2396,0.0,0.0,0.0,1.0,0.75,0.0,0.67,0.75,1.0,1.0,1.0,0.0,0.75,0.75,0.75,0.25,0.75,1.0,1.0,0.0,1.0,0.75,0.75,0.0,1.0,0.0,0.0,1.0,0.25,1.0,0.75,0.25,0.0,1.0,0.75,1.0,0.75,0.75,0.75,0.0,0.0,0.75,0.75,1.0,1.0,1.0,0.0,1.0,0.0,0.75,1.0,1.0,1.0,1.0,0.25,0.75,1.0,1.0,0.25,0.25,0.83,0.83,1.0,0.25,1.0,1.0,1.0,0.75,0.5,0.5,1.0,0.5,0.0,0.25,0.25
2397,0.83,0.83,0.83,0.0,0.0,1.0,0.17,1.0,0.0,0.0,1.0,1.0,0.0,1.0,0.25,0.75,0.0,0.0,0.0,0.0,0.0,0.25,0.0,1.0,0.0,1.0,1.0,0.25,0.75,0.0,0.25,1.0,0.75,0.25,0.0,0.75,0.0,0.25,0.75,0.0,0.25,0.75,0.25,0.0,0.0,0.0,1.0,0.0,1.0,0.25,0.25,0.25,0.25,0.0,0.25,0.0,0.25,0.0,1.0,0.75,1.0,0.83,0.0,0.0,1.0,0.0,0.0,0.0,0.75,0.75,0.5,0.0,0.5,0.0,0.5
2398,0.83,0.33,0.17,0.25,0.75,0.0,0.83,1.0,0.75,0.75,0.25,0.25,0.75,0.75,1.0,0.75,0.75,1.0,1.0,0.0,1.0,0.25,0.0,0.0,0.75,0.25,0.25,1.0,0.0,0.75,0.75,0.0,0.0,0.75,0.25,1.0,0.0,1.0,0.0,1.0,0.25,0.75,0.75,0.75,0.75,0.75,0.75,0.75,1.0,1.0,0.75,0.75,0.25,0.75,0.75,0.0,0.25,0.25,1.0,0.75,0.67,0.67,0.5,0.0,0.75,1.0,1.0,0.5,0.5,0.5,0.75,0.5,0.5,0.5,0.5
2400,0.0,0.17,0.17,0.0,1.0,0.0,0.67,0.75,1.0,1.0,0.75,0.0,1.0,0.25,1.0,1.0,0.0,0.75,0.75,0.0,0.0,1.0,1.0,0.0,1.0,0.25,0.0,1.0,1.0,0.75,1.0,0.0,0.25,1.0,0.25,1.0,0.0,0.25,1.0,0.0,0.75,1.0,0.75,1.0,1.0,1.0,0.0,1.0,0.0,1.0,1.0,1.0,0.75,1.0,0.0,1.0,1.0,0.25,0.75,0.75,1.0,1.0,0.83,0.0,1.0,0.25,1.0,0.75,0.25,0.5,1.0,0.5,0.0,0.75,0.25
2401,0.17,0.0,0.0,1.0,0.75,0.0,0.83,0.75,1.0,1.0,0.25,0.0,1.0,0.25,0.0,0.75,0.75,0.75,0.75,0.0,1.0,1.0,1.0,0.0,1.0,0.0,0.0,1.0,0.75,1.0,1.0,0.0,0.0,1.0,0.75,0.25,0.75,0.25,0.25,0.25,0.75,0.0,0.75,1.0,1.0,1.0,0.0,1.0,0.0,1.0,1.0,1.0,1.0,1.0,0.75,1.0,1.0,0.75,1.0,0.25,0.67,0.67,1.0,0.25,0.75,1.0,1.0,1.0,0.5,0.5,0.75,0.5,0.0,0.75,0.5
2403,0.17,0.0,0.0,1.0,1.0,0.0,1.0,0.0,1.0,1.0,0.0,0.0,1.0,0.0,1.0,0.75,1.0,0.25,1.0,0.0,1.0,0.75,1.0,0.0,1.0,0.0,0.0,1.0,0.75,1.0,0.75,0.0,0.0,1.0,1.0,0.0,1.0,0.75,0.0,1.0,0.75,0.25,0.75,1.0,1.0,1.0,0.0,1.0,0.0,1.0,1.0,1.0,1.0,1.0,0.0,1.0,1.0,1.0,0.0,0.0,0.0,0.5,1.0,0.25,0.0,1.0,1.0,1.0,0.0,0.5,1.0,1.0,0.0,0.75,0.5
2404,1.0,0.5,0.17,0.0,0.0,0.0,0.5,0.75,1.0,0.75,1.0,0.75,0.0,0.75,0.75,0.75,0.0,1.0,0.25,0.0,0.25,0.25,0.0,0.25,0.0,1.0,1.0,0.0,0.0,0.75,0.0,1.0,0.25,0.0,0.0,0.75,0.0,0.75,0.75,0.0,0.0,1.0,0.75,1.0,1.0,1.0,1.0,0.0,0.25,1.0,0.75,0.25,1.0,1.0,0.75,0.0,0.0,0.25,1.0,1.0,0.83,0.83,0.67,0.0,1.0,0.25,0.75,0.25,0.5,0.75,0.75,0.25,0.5,0.5,0.25
2405,0.67,1.0,0.5,0.0,0.0,1.0,0.5,0.0,0.0,0.0,0.0,1.0,0.0,0.0,0.0,0.0,0.25,1.0,0.75,0.0,0.0,0.25,0.0,1.0,0.0,1.0,1.0,0.0,0.0,0.0,0.0,0.75,0.0,0.25,0.0,0.25,0.0,1.0,0.0,0.0,1.0,0.0,0.0,0.0,0.0,0.25,1.0,0.0,0.75,1.0,0.0,0.0,0.25,0.25,0.0,0.0,0.0,0.25,1.0,1.0,0.67,0.17,0.5,0.0,0.75,0.0,0.0,0.0,0.75,0.75,0.5,0.0,0.5,0.5,0.5
2406,0.33,0.33,0.17,0.75,1.0,0.0,0.67,1.0,1.0,0.25,1.0,0.75,0.25,1.0,0.75,0.25,0.75,0.75,0.25,0.0,0.75,1.0,1.0,0.0,0.75,0.0,0.0,1.0,0.75,0.75,1.0,0.25,0.0,1.0,1.0,0.0,0.0,0.25,1.0,0.25,0.0,0.75,0.25,1.0,1.0,1.0,0.0,1.0,0.0,0.75,1.0,1.0,1.0,0.0,0.75,0.0,1.0,0.0,0.0,1.0,0.67,0.83,0.83,1.0,0.75,0.75,0.75,0.5,0.25,0.5,0.75,0.5,0.5,0.75,0.25
2407,0.83,0.67,0.17,0.75,0.25,0.0,0.67,0.75,1.0,0.0,1.0,0.0,0.25,0.25,0.25,0.75,0.0,1.0,0.75,0.0,0.25,0.75,0.75,0.0,0.25,0.0,0.0,0.75,0.75,1.0,0.25,0.25,0.0,0.75,0.25,0.75,0.25,1.0,0.0,0.75,1.0,0.75,1.0,0.75,0.75,1.0,0.25,0.75,0.75,1.0,0.25,0.75,0.75,1.0,0.25,0.0,0.25,0.75,1.0,0.25,0.33,0.83,0.5,0.0,0.75,0.75,0.75,0.5,0.5,0.5,0.75,0.5,0.5,0.5,0.5
2408,0.83,0.33,0.5,0.25,0.0,0.0,0.5,0.0,0.75,0.0,1.0,1.0,0.25,0.0,0.25,0.75,0.0,1.0,0.75,0.0,0.25,0.75,0.0,0.0,0.25,0.25,0.0,1.0,0.25,0.75,0.75,0.25,0.25,0.0,0.0,0.75,0.0,1.0,0.0,0.75,1.0,0.25,1.0,0.75,0.75,1.0,0.0,0.25,0.75,1.0,0.25,0.25,0.75,0.75,0.25,0.0,0.0,0.0,1.0,0.75,0.83,0.67,0.67,0.0,0.75,0.75,0.75,0.5,0.5,0.5,0.25,0.5,0.5,0.25,0.5
2409,0.83,0.33,0.17,0.25,0.25,0.0,0.67,0.75,1.0,1.0,0.75,0.25,0.75,0.25,0.75,1.0,0.75,1.0,0.25,0.75,0.75,0.75,0.75,0.0,0.25,0.25,0.25,0.75,0.25,0.75,0.25,0.25,0.25,0.75,0.25,1.0,0.25,1.0,0.75,0.25,0.75,0.75,0.75,0.75,0.75,1.0,0.75,1.0,0.25,1.0,0.75,0.75,0.25,0.75,1.0,0.75,0.25,0.25,0.75,1.0,0.83,0.5,0.5,0.25,1.0,0.75,1.0,0.75,0.5,0.5,1.0,0.5,0.5,0.75,0.5
2411,0.83,0.17,0.17,0.75,0.25,0.0,0.17,0.75,1.0,0.75,1.0,0.75,0.0,0.75,1.0,0.0,0.0,0.25,0.75,0.0,1.0,1.0,0.75,0.0,0.0,0.25,0.0,1.0,1.0,1.0,1.0,0.75,0.25,1.0,0.0,1.0,0.0,0.25,1.0,0.0,1.0,1.0,0.0,0.75,0.75,0.25,0.75,0.0,0.25,0.25,0.0,0.0,0.0,0.0,1.0,0.25,1.0,0.0,1.0,1.0,1.0,1.0,0.33,0.0,1.0,0.25,1.0,0.5,0.75,0.75,1.0,0.25,0.75,0.75,0.75
2412,0.33,0.5,0.0,0.75,0.75,0.0,0.5,1.0,1.0,1.0,0.75,0.25,0.25,0.75,0.75,0.25,0.25,0.25,1.0,0.0,0.75,0.25,0.75,0.0,0.25,0.25,0.0,1.0,0.75,0.75,0.75,0.25,0.25,1.0,0.25,0.75,0.25,0.25,0.75,0.25,0.75,0.75,0.25,1.0,1.0,0.75,0.25,0.25,0.25,0.25,0.75,0.75,0.75,0.75,0.75,0.75,0.75,0.25,1.0,0.75,1.0,0.67,0.33,0.75,0.25,0.75,1.0,0.75,0.5,0.5,1.0,0.75,0.5,0.75,0.5
2413,0.5,0.17,0.0,1.0,0.0,0.0,1.0,0.0,1.0,1.0,0.0,0.0,0.75,0.25,0.75,0.25,1.0,0.0,1.0,0.0,1.0,0.75,0.75,0.0,1.0,0.0,0.0,1.0,0.75,1.0,1.0,0.0,0.0,1.0,1.0,0.0,1.0,1.0,0.0,1.0,1.0,0.75,1.0,1.0,1.0,1.0,0.25,0.75,0.0,1.0,0.75,1.0,1.0,1.0,0.75,0.75,1.0,1.0,0.0,0.75,0.67,0.67,1.0,0.75,0.75,1.0,1.0,1.0,0.0,0.75,1.0,1.0,0.25,1.0,0.25
2414,0.17,0.0,0.0,1.0,0.75,0.0,1.0,0.0,1.0,1.0,0.25,0.0,1.0,0.0,1.0,0.0,1.0,0.25,1.0,0.0,1.0,1.0,1.0,0.0,1.0,0.0,0.0,1.0,0.75,1.0,0.75,0.0,0.0,1.0,1.0,0.0,1.0,1.0,0.0,0.75,1.0,0.75,1.0,1.0,1.0,1.0,0.0,0.0,0.0,1.0,1.0,1.0,1.0,1.0,0.0,1.0,1.0,1.0,0.0,0.25,0.0,0.5,0.83,0.75,0.25,1.0,1.0,1.0,0.0,0.5,1.0,1.0,0.25,1.0,0.25
2415,0.17,0.0,0.0,1.0,1.0,0.0,1.0,0.0,1.0,1.0,0.25,0.0,1.0,0.0,1.0,0.75,1.0,0.0,1.0,0.25,1.0,1.0,1.0,0.0,1.0,0.0,0.0,1.0,0.75,1.0,0.75,0.0,0.75,1.0,1.0,0.0,1.0,0.75,0.0,1.0,1.0,0.75,1.0,1.0,1.0,1.0,0.0,1.0,0.0,1.0,0.75,1.0,1.0,1.0,1.0,1.0,1.0,1.0,0.0,0.25,0.17,0.67,1.0,0.0,0.25,1.0,0.0,1.0,0.0,0.5,1.0,1.0,0.0,1.0,0.75
2416,0.67,0.0,0.0,0.75,1.0,0.0,1.0,0.0,1.0,1.0,0.0,0.0,0.75,0.0,1.0,0.75,1.0,0.0,1.0,0.0,1.0,1.0,0.75,0.0,0.75,0.0,0.0,1.0,1.0,1.0,1.0,0.0,0.0,1.0,1.0,0.25,1.0,1.0,0.0,1.0,1.0,1.0,1.0,0.75,0.75,1.0,0.25,1.0,0.0,1.0,0.75,1.0,1.0,1.0,0.75,0.25,1.0,1.0,0.0,0.75,0.67,1.0,0.83,1.0,0.75,1.0,1.0,1.0,0.0,0.75,1.0,1.0,0.25,1.0,0.75
2417,0.0,0.0,0.0,1.0,1.0,0.0,1.0,0.0,1.0,1.0,0.0,0.0,1.0,0.0,1.0,1.0,1.0,0.25,1.0,0.75,1.0,1.0,1.0,0.0,1.0,0.0,0.0,1.0,1.0,1.0,1.0,0.0,0.0,1.0,1.0,0.0,1.0,1.0,0.25,1.0,1.0,0.25,1.0,1.0,1.0,1.0,0.0,1.0,0.0,1.0,1.0,1.0,1.0,1.0,1.0,1.0,1.0,1.0,0.0,0.0,0.0,0.5,1.0,1.0,0.75,1.0,1.0,1.0,0.0,0.0,1.0,1.0,0.0,1.0,0.25
2418,0.33,0.17,0.0,1.0,0.75,0.0,0.83,0.0,1.0,1.0,0.0,0.0,1.0,0.0,0.75,0.75,1.0,0.25,1.0,0.75,1.0,0.75,0.75,0.0,0.75,0.0,0.0,1.0,1.0,0.75,0.75,0.0,0.25,1.0,1.0,0.25,1.0,0.25,0.25,0.75,0.75,0.0,1.0,1.0,0.75,1.0,0.0,0.75,0.0,1.0,0.75,1.0,1.0,1.0,1.0,1.0,1.0,1.0,0.0,0.75,0.0,0.67,1.0,0.75,0.25,1.0,0.75,1.0,0.0,0.25,0.75,0.75,0.25,1.0,0.5
2423,0.67,0.83,0.17,0.25,0.0,0.0,0.17,0.75,0.75,0.25,0.75,1.0,0.25,0.75,1.0,0.25,0.25,0.25,0.75,0.0,1.0,0.75,0.0,0.0,0.0,0.25,0.0,0.75,1.0,0.25,1.0,1.0,0.75,1.0,0.25,1.0,0.0,0.25,1.0,0.25,0.75,1.0,0.25,0.25,0.25,0.75,1.0,0.0,1.0,0.25,0.0,0.25,0.25,0.25,0.25,0.0,0.0,0.25,1.0,1.0,0.83,1.0,0.17,0.0,1.0,0.25,0.75,0.5,0.75,0.75,0.75,0.5,0.5,0.5,0.5
2424,0.17,0.33,0.17,0.75,0.75,0.0,0.67,0.75,1.0,0.75,0.75,0.75,0.75,0.75,1.0,0.75,0.25,0.75,0.75,0.0,0.75,0.75,1.0,0.0,0.75,0.75,0.0,0.75,0.75,0.75,0.75,1.0,0.75,1.0,0.25,1.0,0.0,0.25,1.0,0.25,0.25,0.75,0.75,0.75,0.75,1.0,1.0,0.25,0.25,0.75,0.25,0.25,0.75,0.75,0.75,0.25,0.25,0.0,0.75,0.25,1.0,0.83,0.67,0.0,0.75,0.25,0.25,0.75,0.25,0.5,1.0,0.5,0.75,0.75,0.5
2425,0.0,0.5,0.0,0.75,1.0,0.0,0.67,0.75,0.75,0.75,1.0,0.0,0.75,0.75,0.0,0.0,0.75,0.75,1.0,0.0,0.0,1.0,1.0,0.0,0.25,0.0,0.0,1.0,0.0,0.25,1.0,0.75,1.0,1.0,0.25,1.0,0.0,0.0,1.0,0.0,0.0,0.0,0.0,1.0,1.0,1.0,0.0,1.0,0.0,1.0,1.0,1.0,1.0,1.0,1.0,1.0,1.0,0.75,0.75,0.25,0.83,1.0,0.83,0.0,1.0,1.0,1.0,0.5,0.25,0.5,1.0,0.5,0.0,0.5,0.5
2426,0.83,0.17,0.0,0.75,1.0,0.0,0.17,1.0,0.75,0.75,1.0,0.0,0.25,1.0,1.0,0.75,0.0,0.75,1.0,0.0,0.75,0.75,1.0,0.0,0.75,0.0,0.0,1.0,1.0,1.0,0.75,0.25,0.25,1.0,0.25,1.0,0.0,0.25,1.0,0.0,0.0,1.0,0.0,1.0,1.0,1.0,0.0,1.0,0.0,0.75,1.0,1.0,1.0,0.75,0.75,0.75,1.0,0.25,0.75,0.75,1.0,1.0,0.83,0.0,1.0,0.25,1.0,0.5,0.25,0.5,0.75,0.5,0.0,0.5,0.0
2427,0.83,0.0,0.0,1.0,1.0,0.0,0.67,1.0,1.0,0.75,1.0,0.0,0.75,1.0,1.0,0.25,0.25,0.75,1.0,0.25,0.75,0.75,1.0,0.0,1.0,0.0,0.0,1.0,1.0,1.0,0.25,0.0,0.25,1.0,0.25,1.0,0.75,0.25,1.0,0.75,0.25,0.75,0.25,1.0,1.0,1.0,0.0,1.0,0.25,1.0,0.75,0.75,1.0,1.0,1.0,1.0,1.0,1.0,0.0,1.0,0.67,1.0,0.67,0.75,1.0,0.75,1.0,0.75,0.25,0.5,0.75,0.75,0.0,0.75,0.5
2428,0.83,0.83,0.5,0.0,1.0,0.25,0.17,0.25,0.25,0.0,0.75,1.0,0.0,0.75,0.0,0.25,0.0,0.25,0.0,0.0,0.75,0.25,0.0,1.0,0.0,1.0,0.75,0.75,0.25,0.25,0.25,1.0,0.25,1.0,0.0,0.75,0.0,0.0,0.25,0.0,0.75,0.75,0.25,0.0,0.0,0.25,1.0,0.0,1.0,1.0,0.0,0.0,0.25,0.0,0.0,0.0,0.25,0.25,0.75,1.0,0.83,0.83,0.17,0.0,0.25,0.0,0.0,0.25,0.5,0.5,0.5,0.25,0.75,0.5,0.75
2429,1.0,0.83,0.33,0.0,0.0,0.75,0.0,1.0,0.0,0.0,1.0,0.75,0.0,0.75,0.75,0.25,0.0,0.75,0.0,0.0,1.0,0.0,0.0,0.75,0.0,1.0,1.0,0.75,1.0,0.0,1.0,1.0,0.0,1.0,0.0,1.0,0.0,0.25,1.0,0.0,0.75,1.0,0.0,0.0,0.0,0.75,1.0,0.0,0.75,0.0,0.0,0.0,0.0,0.0,0.0,0.0,0.0,0.0,1.0,1.0,1.0,0.83,0.17,0.0,1.0,0.0,0.0,0.0,0.75,0.75,1.0,0.25,0.75,0.75,0.5
2430,0.83,1.0,0.83,0.0,0.0,1.0,0.17,0.75,0.0,0.0,0.75,1.0,0.0,1.0,0.0,0.25,0.0,0.25,0.0,0.0,0.0,0.25,0.0,1.0,0.0,1.0,1.0,0.0,0.0,0.0,0.0,1.0,1.0,0.25,0.0,1.0,0.0,0.25,0.25,0.0,1.0,0.25,0.0,0.0,0.0,1.0,1.0,0.0,1.0,1.0,0.0,0.0,0.0,0.0,0.0,0.0,0.0,0.0,1.0,1.0,1.0,0.83,0.17,0.0,0.25,0.0,0.0,0.0,1.0,0.5,0.5,0.25,0.5,0.5,0.5
2431,0.67,1.0,0.5,0.25,0.0,0.0,0.0,0.0,1.0,0.0,1.0,0.0,0.0,0.0,0.0,0.75,0.0,1.0,0.75,0.0,0.25,0.0,0.0,0.0,0.0,0.75,0.0,0.0,0.0,0.75,0.0,0.25,0.25,0.0,0.0,0.25,0.0,1.0,0.0,0.75,1.0,1.0,1.0,0.75,0.25,1.0,0.75,0.25,1.0,1.0,0.0,0.0,0.25,0.0,0.0,0.0,0.0,0.75,1.0,1.0,0.83,0.67,0.67,0.0,0.75,0.0,0.0,0.5,0.25,0.25,0.5,0.5,0.5,0.5,0.5
2434,0.67,0.67,0.17,0.0,0.25,0.75,0.0,1.0,0.25,0.0,1.0,0.75,0.25,1.0,0.25,1.0,0.0,0.75,0.0,0.0,0.25,0.0,0.0,1.0,0.0,1.0,0.75,0.25,0.25,0.0,0.75,1.0,0.0,1.0,0.0,1.0,0.0,0.0,1.0,0.0,0.25,0.75,0.25,0.0,0.0,0.75,1.0,0.0,1.0,0.0,0.0,0.0,0.0,0.25,0.0,0.0,0.0,0.0,1.0,1.0,1.0,0.5,0.0,0.0,1.0,0.0,0.0,0.0,1.0,0.75,0.5,0.0,1.0,0.5,0.5
2435,0.67,0.83,0.17,0.25,0.75,0.0,0.17,0.75,0.75,0.75,0.75,0.75,0.25,0.25,0.75,0.75,0.0,1.0,0.75,0.25,1.0,0.75,0.75,0.0,0.0,0.25,0.0,0.75,0.75,0.25,0.25,0.75,0.25,1.0,0.0,1.0,0.0,0.25,1.0,0.75,1.0,1.0,0.25,0.75,0.25,1.0,0.75,0.25,0.25,0.25,0.25,0.75,0.75,0.75,1.0,1.0,0.0,0.25,1.0,1.0,0.83,1.0,0.33,0.25,1.0,0.25,1.0,0.5,0.75,0.75,0.75,0.5,0.5,0.75,0.75
2436,0.0,1.0,0.0,0.75,1.0,0.0,0.83,0.0,1.0,1.0,0.0,0.0,1.0,0.0,0.75,0.75,1.0,0.0,1.0,0.0,1.0,1.0,0.75,0.0,1.0,0.0,0.0,1.0,0.25,1.0,1.0,0.0,0.25,1.0,1.0,0.0,1.0,1.0,0.0,1.0,1.0,0.75,1.0,1.0,1.0,1.0,0.0,0.75,0.0,1.0,0.75,1.0,1.0,1.0,0.75,0.75,1.0,1.0,0.0,0.25,0.17,0.5,0.83,0.25,0.75,1.0,1.0,1.0,0.25,0.5,0.75,0.75,0.0,1.0,0.25
2437,1.0,0.17,0.5,0.75,0.25,0.0,0.5,0.0,1.0,0.75,1.0,0.0,0.25,0.0,0.75,1.0,0.0,1.0,0.75,0.25,0.25,0.75,1.0,0.0,0.75,0.0,0.0,1.0,0.75,1.0,1.0,0.25,0.25,0.75,0.25,0.75,0.25,0.75,0.0,1.0,1.0,1.0,0.75,1.0,0.75,1.0,0.25,0.25,0.25,1.0,0.25,0.25,0.75,1.0,1.0,1.0,0.25,0.25,0.75,0.75,0.67,0.67,0.67,0.0,0.75,0.25,0.75,0.5,0.5,0.5,0.5,0.5,0.5,0.5,0.5
2438,0.17,0.17,0.0,0.75,1.0,0.0,0.17,1.0,0.75,0.25,1.0,0.25,0.25,0.25,1.0,1.0,0.0,0.0,0.25,0.0,0.25,0.25,0.75,0.0,0.0,0.0,0.0,1.0,1.0,0.25,1.0,0.0,1.0,1.0,0.0,1.0,0.0,0.0,1.0,0.0,0.25,1.0,0.0,1.0,0.75,0.75,0.25,0.75,0.25,0.0,0.75,1.0,1.0,0.0,1.0,0.75,0.0,0.0,1.0,1.0,1.0,1.0,0.67,0.0,1.0,0.0,0.75,0.5,0.5,0.5,1.0,0.5,0.5,0.75,0.5
2441,0.83,0.5,1.0,0.0,0.0,1.0,0.33,0.25,0.0,0.0,0.0,0.75,0.25,0.75,0.75,0.75,0.75,0.75,1.0,0.0,0.75,0.25,0.0,1.0,0.0,1.0,1.0,1.0,0.0,1.0,0.75,0.0,0.0,1.0,0.0,0.25,0.75,1.0,0.75,1.0,1.0,0.25,1.0,0.0,0.0,0.75,0.0,0.75,0.0,1.0,0.0,0.0,1.0,0.0,0.0,0.0,1.0,0.25,1.0,1.0,0.0,0.0,0.17,0.0,0.25,0.75,0.0,0.0,0.75,0.75,0.5,0.5,0.5,0.75,1.0
2442,0.67,0.33,0.17,0.25,0.25,0.0,0.33,0.75,1.0,0.75,1.0,0.0,0.0,0.25,0.75,0.25,0.25,0.25,0.75,0.75,1.0,0.75,1.0,0.25,0.25,0.25,0.0,1.0,1.0,0.75,0.25,0.25,0.25,1.0,0.0,0.75,0.25,0.25,0.25,0.0,0.75,0.75,0.25,0.75,0.75,0.75,0.0,0.25,0.25,1.0,0.0,0.75,0.25,0.75,1.0,0.0,0.0,0.25,0.75,1.0,0.5,0.67,0.83,0.0,0.75,0.25,1.0,0.5,0.5,0.5,0.75,0.5,0.5,0.75,0.5
2446,0.33,0.83,0.0,0.75,0.25,0.75,0.83,0.75,1.0,0.0,0.0,0.0,0.75,0.25,1.0,0.75,1.0,1.0,1.0,0.0,0.75,0.25,0.0,0.25,0.25,0.25,0.25,1.0,0.75,1.0,0.75,0.25,0.25,1.0,0.0,0.25,1.0,0.75,1.0,1.0,0.75,1.0,1.0,0.75,0.75,1.0,1.0,0.0,0.75,1.0,1.0,0.75,1.0,1.0,1.0,0.0,0.75,0.25,0.75,1.0,0.33,0.33,0.83,0.0,1.0,0.75,0.25,0.0,0.5,0.75,0.75,0.5,0.75,0.75,0.25
2447,0.83,0.0,0.0,0.75,0.0,0.0,0.5,0.0,1.0,0.25,1.0,0.0,0.25,0.0,0.75,0.25,0.0,1.0,0.75,0.0,0.25,0.25,0.25,0.0,0.25,0.0,0.0,1.0,0.25,1.0,0.75,0.25,0.25,0.0,0.25,0.75,0.0,1.0,0.0,0.75,1.0,0.75,0.75,0.75,0.75,1.0,0.25,0.25,0.75,1.0,0.75,0.25,1.0,0.75,0.75,0.0,0.0,1.0,0.75,0.75,0.83,0.83,0.67,0.0,0.75,0.75,0.75,0.5,0.5,0.5,0.5,0.5,0.5,0.5,0.5
2449,0.67,0.17,0.0,1.0,1.0,0.0,0.67,0.75,1.0,1.0,1.0,0.25,1.0,0.25,0.75,0.0,1.0,0.75,1.0,1.0,1.0,0.75,1.0,0.0,1.0,0.0,0.0,1.0,0.75,1.0,1.0,0.75,0.75,1.0,0.75,1.0,0.75,0.25,1.0,0.25,0.75,1.0,0.25,1.0,1.0,1.0,0.0,0.75,0.25,0.25,1.0,1.0,1.0,1.0,1.0,1.0,0.25,0.75,0.0,0.75,0.67,1.0,1.0,0.75,0.75,1.0,1.0,1.0,0.0,0.75,1.0,0.75,0.25,0.75,0.75
2450,0.67,0.17,0.0,0.75,1.0,0.0,0.67,0.75,0.75,1.0,1.0,0.0,1.0,0.75,1.0,1.0,0.75,0.75,0.75,0.0,0.75,1.0,0.75,0.0,0.75,0.0,0.0,1.0,1.0,0.25,0.75,0.25,0.25,1.0,0.25,1.0,0.0,0.0,1.0,0.0,0.0,0.75,0.25,1.0,1.0,1.0,0.0,1.0,0.0,0.75,1.0,1.0,1.0,1.0,0.25,1.0,1.0,0.75,0.75,0.25,1.0,1.0,1.0,0.75,1.0,0.25,1.0,0.5,0.5,0.5,0.5,0.5,0.0,0.5,0.25
2455,0.5,0.33,0.17,0.75,1.0,0.0,0.33,0.75,0.75,1.0,1.0,0.75,1.0,1.0,0.75,1.0,0.25,1.0,1.0,0.25,1.0,0.75,0.75,0.0,0.25,1.0,0.25,1.0,0.75,0.75,1.0,0.0,0.75,0.0,0.0,1.0,0.75,0.25,0.25,1.0,1.0,1.0,1.0,1.0,1.0,1.0,0.25,0.0,0.0,1.0,0.25,1.0,0.25,1.0,1.0,0.25,0.75,0.75,1.0,0.75,0.67,0.67,0.67,0.0,1.0,0.75,1.0,0.25,0.5,0.5,0.75,0.5,0.5,0.75,0.75
2458,0.83,0.17,0.17,0.75,1.0,0.0,0.33,0.0,1.0,0.0,1.0,0.0,0.0,0.0,1.0,1.0,0.0,1.0,0.75,0.0,0.25,0.25,1.0,0.0,0.0,0.0,0.0,0.0,0.0,0.75,0.25,0.0,0.0,0.0,0.75,0.75,0.0,1.0,0.0,0.25,0.25,0.25,0.75,1.0,1.0,1.0,0.75,1.0,0.25,0.75,0.25,0.0,0.75,0.0,0.75,1.0,0.25,0.75,0.25,0.75,0.67,0.67,0.33,0.0,0.75,0.75,0.75,0.25,0.0,0.75,0.5,0.5,0.25,0.75,0.5
2459,1.0,0.17,0.0,0.75,0.0,0.0,0.67,0.0,1.0,0.0,1.0,0.0,0.25,0.0,1.0,1.0,0.0,1.0,0.75,0.0,0.75,0.0,0.0,0.0,0.0,0.0,0.0,0.75,0.0,1.0,0.0,0.25,0.25,0.0,0.0,0.75,0.25,1.0,0.75,0.25,0.75,0.75,0.75,1.0,0.75,1.0,0.25,0.25,0.0,1.0,1.0,0.25,0.75,0.75,0.75,0.25,0.0,1.0,0.75,1.0,0.83,0.33,0.33,0.25,0.75,0.75,0.75,0.5,0.5,0.5,0.5,0.5,0.5,0.75,0.25
2460,0.67,0.5,0.0,0.75,1.0,0.0,0.0,0.75,0.75,0.0,0.75,0.25,0.0,0.25,1.0,0.0,0.0,0.75,0.75,0.0,1.0,0.75,0.75,0.0,0.25,0.0,0.0,1.0,0.75,0.25,0.75,0.0,0.25,1.0,0.25,1.0,0.0,0.0,1.0,0.0,0.25,1.0,0.0,1.0,1.0,1.0,0.25,1.0,0.75,0.25,0.25,0.75,1.0,1.0,1.0,0.0,0.0,0.75,0.25,1.0,1.0,1.0,0.5,0.0,1.0,0.25,1.0,0.5,0.25,0.5,0.75,0.5,0.5,0.5,0.5
2464,0.83,0.67,0.0,0.75,0.25,0.0,0.5,1.0,1.0,0.75,1.0,0.25,0.25,1.0,1.0,1.0,0.0,1.0,0.25,0.0,1.0,0.25,1.0,0.0,0.25,0.0,0.0,1.0,1.0,1.0,0.75,0.25,0.0,1.0,0.75,1.0,0.0,0.25,1.0,0.0,0.0,1.0,0.25,1.0,1.0,1.0,0.0,1.0,0.0,0.75,1.0,0.75,1.0,1.0,1.0,1.0,0.75,0.25,1.0,1.0,0.83,1.0,1.0,0.0,1.0,0.0,1.0,0.5,0.5,0.5,1.0,0.5,0.25,0.5,0.25
2465,0.67,0.17,0.17,0.0,1.0,0.0,0.17,1.0,0.25,0.75,1.0,1.0,0.0,1.0,1.0,1.0,0.25,0.25,0.25,0.0,0.75,1.0,1.0,0.0,0.25,0.25,0.0,1.0,1.0,0.0,1.0,1.0,0.75,1.0,0.25,1.0,0.0,0.0,1.0,0.0,0.0,1.0,0.0,0.75,1.0,0.25,0.25,0.25,0.25,0.75,1.0,0.0,0.75,1.0,1.0,0.75,1.0,0.75,0.0,1.0,1.0,1.0,0.5,0.0,0.75,0.75,1.0,0.5,0.5,0.25,1.0,0.0,0.25,0.25,0.0
2466,0.33,0.0,0.17,1.0,1.0,0.0,1.0,0.75,1.0,1.0,1.0,0.0,0.25,0.25,0.25,0.0,0.0,0.0,1.0,0.0,0.75,0.75,1.0,0.0,1.0,0.0,0.0,1.0,0.75,0.75,1.0,0.0,0.0,1.0,0.25,1.0,0.0,0.25,1.0,0.0,0.0,0.75,0.0,1.0,1.0,1.0,0.0,1.0,0.0,1.0,1.0,1.0,1.0,1.0,1.0,1.0,1.0,1.0,0.25,1.0,0.83,0.83,0.83,0.75,1.0,0.25,1.0,0.5,0.25,0.5,1.0,0.5,0.0,1.0,0.5
2468,0.0,0.0,0.0,1.0,1.0,0.0,1.0,0.25,1.0,1.0,0.0,0.0,1.0,0.25,0.75,0.75,1.0,0.0,1.0,0.0,1.0,1.0,1.0,0.0,1.0,0.0,0.0,1.0,0.25,1.0,0.75,0.0,0.0,1.0,1.0,0.0,1.0,1.0,0.0,0.75,1.0,0.75,1.0,1.0,1.0,1.0,0.0,1.0,0.0,1.0,1.0,1.0,1.0,1.0,0.75,1.0,1.0,1.0,0.0,0.0,0.17,0.83,1.0,1.0,0.0,1.0,1.0,0.75,0.0,0.5,0.75,0.75,0.0,1.0,0.5
2470,0.67,0.5,0.0,1.0,0.75,0.0,0.0,0.75,0.75,0.25,0.75,0.25,0.0,0.75,0.75,0.0,0.0,0.75,0.75,0.0,0.75,0.25,0.25,0.0,0.25,0.75,0.75,1.0,0.75,0.75,1.0,1.0,0.25,0.75,0.25,1.0,0.0,0.75,1.0,0.0,0.25,0.75,0.0,1.0,0.75,1.0,0.0,0.75,0.0,0.25,1.0,0.0,0.75,1.0,1.0,0.25,0.25,0.25,0.25,1.0,0.83,0.83,0.67,0.25,0.75,0.75,1.0,0.5,0.5,0.5,0.75,0.5,0.5,0.5,0.25
2471,0.0,0.0,0.0,1.0,1.0,0.0,1.0,0.0,1.0,1.0,0.0,0.0,1.0,0.0,0.75,0.75,1.0,0.0,1.0,0.25,1.0,1.0,1.0,0.0,1.0,0.0,0.0,1.0,0.75,1.0,0.75,0.0,0.0,1.0,1.0,0.0,1.0,1.0,0.0,1.0,1.0,0.0,1.0,1.0,1.0,1.0,0.0,1.0,0.0,1.0,1.0,1.0,1.0,1.0,0.25,1.0,1.0,1.0,0.0,0.0,0.0,0.33,1.0,0.75,0.0,1.0,1.0,1.0,0.0,0.25,0.75,1.0,0.0,1.0,0.75
2472,0.83,0.33,0.17,0.75,0.0,0.25,0.83,0.25,0.75,0.75,0.25,0.75,0.0,0.0,0.0,0.75,0.0,0.75,0.25,0.0,0.75,0.0,0.75,0.25,0.25,1.0,0.25,0.0,0.25,0.75,0.75,0.25,0.25,0.25,0.75,0.25,0.75,0.75,0.75,0.75,0.75,0.75,0.25,0.75,0.75,1.0,1.0,0.25,0.25,0.75,0.75,1.0,0.75,0.25,0.75,0.25,0.0,0.25,1.0,0.75,0.83,0.5,0.5,0.0,0.75,0.75,0.75,0.25,0.75,0.75,0.5,0.5,0.5,0.5,0.5
2473,0.83,0.33,0.5,0.25,1.0,0.25,0.5,0.75,1.0,1.0,0.75,0.25,0.75,0.75,1.0,0.0,0.75,0.75,0.75,0.25,0.75,0.75,1.0,0.25,0.75,0.25,0.0,0.75,0.25,0.25,1.0,0.25,0.25,0.75,0.75,1.0,0.0,0.25,0.25,0.75,0.25,0.25,0.25,1.0,1.0,1.0,0.0,0.75,0.0,1.0,1.0,1.0,0.75,1.0,1.0,0.75,0.75,0.75,0.75,0.75,0.67,0.67,0.83,0.0,0.25,0.75,0.25,0.5,0.5,0.5,0.75,0.5,0.25,0.75,0.5
2474,0.67,0.33,0.17,0.75,1.0,0.0,0.67,0.75,0.75,0.75,1.0,0.25,0.25,0.75,1.0,1.0,0.25,0.75,0.75,0.25,0.75,1.0,0.25,0.0,0.75,0.25,0.0,1.0,0.75,0.25,1.0,0.25,0.25,1.0,0.75,0.25,0.25,0.25,1.0,0.25,0.25,0.75,0.75,1.0,1.0,1.0,0.25,0.75,0.25,0.25,0.75,1.0,0.75,0.75,0.75,0.75,0.75,0.75,0.25,0.75,0.67,0.83,0.83,0.75,0.75,0.75,1.0,0.5,0.5,0.5,0.75,0.5,0.5,0.5,0.5
2475,0.33,0.67,0.5,0.0,0.75,0.25,0.33,0.75,0.25,0.0,0.75,0.75,0.0,1.0,0.25,0.75,0.0,0.75,0.0,0.0,0.75,0.25,0.0,0.75,0.0,0.75,0.75,1.0,0.75,0.0,0.75,1.0,0.25,0.75,0.0,1.0,0.0,0.25,1.0,0.0,0.25,0.75,0.25,0.25,0.0,0.75,1.0,0.25,0.75,0.75,0.0,0.75,0.25,0.0,0.25,0.0,0.0,0.0,1.0,1.0,0.83,0.83,0.33,0.0,1.0,0.0,0.25,0.25,0.75,0.75,0.5,0.25,0.5,0.5,0.5
2476,0.0,0.17,0.17,1.0,1.0,0.0,1.0,0.0,1.0,0.75,0.25,0.0,1.0,0.0,1.0,0.75,1.0,0.0,1.0,0.0,1.0,0.25,1.0,0.0,1.0,0.0,0.0,1.0,1.0,1.0,1.0,0.0,0.25,1.0,0.75,0.25,0.0,0.25,0.75,1.0,1.0,0.25,1.0,1.0,1.0,1.0,0.25,1.0,0.25,0.25,0.75,0.75,1.0,1.0,0.0,1.0,1.0,1.0,0.25,1.0,0.33,0.67,0.67,0.0,0.25,1.0,1.0,0.75,0.25,0.5,1.0,0.5,0.5,0.75,0.5
2477,1.0,0.33,0.33,0.25,0.0,0.0,0.5,0.75,1.0,0.25,1.0,0.25,0.0,0.0,0.75,0.75,0.0,1.0,0.75,0.0,0.75,0.25,0.0,0.0,0.25,0.0,0.0,0.75,0.75,0.75,0.25,0.25,0.25,0.0,0.25,0.75,0.0,1.0,0.0,0.75,1.0,0.75,0.75,0.75,0.75,1.0,0.75,0.25,0.75,1.0,0.75,0.25,0.75,0.25,0.25,0.0,0.25,0.25,1.0,0.25,0.67,1.0,0.67,0.0,1.0,0.25,0.75,0.5,0.75,0.5,0.75,0.25,0.5,0.5,0.5
2478,0.17,0.67,0.67,0.75,1.0,0.0,0.83,0.0,0.75,0.0,0.0,0.25,1.0,0.0,1.0,1.0,0.0,1.0,0.75,0.0,0.0,0.75,0.25,0.0,0.75,0.25,0.25,1.0,0.0,1.0,0.0,0.25,0.0,0.0,1.0,0.25,0.75,1.0,0.0,0.75,1.0,0.75,1.0,1.0,1.0,1.0,0.25,0.0,0.25,1.0,1.0,1.0,0.75,0.75,0.75,0.0,0.25,1.0,0.75,0.75,0.17,0.67,0.5,0.0,0.25,0.75,0.75,0.25,0.5,0.5,0.75,0.5,0.5,0.5,0.75
2479,1.0,0.33,0.5,0.75,0.0,0.0,0.5,0.0,1.0,1.0,0.75,0.0,0.25,0.0,0.0,0.75,0.0,1.0,0.75,0.0,0.75,0.75,0.0,0.0,0.25,0.25,0.0,1.0,0.0,1.0,0.0,0.25,0.0,0.0,0.25,1.0,0.25,1.0,0.0,0.25,1.0,0.75,1.0,1.0,0.75,1.0,0.25,0.75,0.25,1.0,0.25,1.0,0.75,0.25,0.25,1.0,0.0,0.25,1.0,1.0,0.67,0.83,0.83,0.0,0.75,0.75,0.75,0.5,0.5,0.5,0.5,0.5,0.5,0.75,0.5
2481,0.17,0.17,0.83,0.75,1.0,0.0,0.33,1.0,0.75,0.0,0.75,0.0,0.25,0.75,1.0,0.0,0.25,1.0,0.25,0.75,0.0,1.0,1.0,0.0,0.25,0.25,0.0,1.0,0.75,0.75,1.0,0.75,0.25,1.0,0.0,1.0,0.0,0.25,0.25,0.0,0.75,1.0,0.25,0.75,0.75,1.0,0.25,0.25,0.25,0.25,0.75,0.0,0.0,0.75,1.0,0.75,1.0,0.0,1.0,0.0,0.83,0.83,0.33,0.0,1.0,0.0,0.25,0.25,0.25,0.25,0.75,0.25,0.25,0.75,0.25
2483,1.0,0.17,0.17,0.75,0.0,0.0,0.67,0.75,1.0,1.0,1.0,0.0,0.75,0.0,1.0,0.75,0.0,1.0,1.0,0.0,0.75,0.75,0.0,0.0,0.75,0.0,0.0,1.0,0.0,1.0,0.0,0.0,0.25,0.25,0.25,0.75,0.0,1.0,0.25,0.75,0.75,0.75,0.25,0.75,0.75,1.0,0.0,0.25,0.75,0.25,0.75,0.25,0.75,1.0,0.25,0.25,0.0,1.0,0.25,1.0,0.5,0.83,0.5,0.0,1.0,0.75,0.25,0.5,0.25,0.5,0.5,0.5,0.5,0.5,0.0
2484,1.0,0.5,0.0,0.0,0.0,0.0,0.67,1.0,0.75,1.0,1.0,0.0,0.0,1.0,1.0,0.0,1.0,0.0,1.0,0.0,0.0,1.0,1.0,0.0,1.0,0.0,0.0,1.0,1.0,1.0,0.0,1.0,1.0,0.0,1.0,1.0,0.0,0.0,1.0,0.0,0.0,1.0,0.0,0.0,1.0,1.0,0.0,0.0,0.0,1.0,1.0,0.0,0.0,0.0,1.0,0.0,1.0,1.0,1.0,1.0,0.67,1.0,0.67,0.0,1.0,0.0,1.0,0.5,0.5,0.5,0.75,0.5,0.5,0.5,0.25
2485,0.83,0.17,0.17,0.0,0.0,0.0,0.33,0.0,1.0,0.0,1.0,0.25,0.25,0.0,0.25,0.75,0.0,1.0,0.75,0.0,0.25,0.25,0.0,0.0,0.25,0.25,0.0,0.75,0.25,0.75,0.25,0.25,0.25,0.25,0.25,0.75,0.0,1.0,0.25,0.25,1.0,1.0,0.75,0.75,0.75,1.0,0.75,0.75,0.75,0.75,0.25,0.25,0.75,0.75,1.0,0.25,0.0,0.25,1.0,0.75,0.83,1.0,0.5,0.0,0.75,0.75,0.75,0.25,0.75,0.75,0.75,0.5,0.5,0.5,0.5
2488,0.33,0.83,0.33,0.0,1.0,0.25,0.17,0.75,1.0,0.75,0.75,1.0,1.0,0.0,1.0,1.0,1.0,1.0,0.0,0.25,0.0,0.25,0.0,1.0,0.75,1.0,0.0,0.0,0.0,1.0,1.0,0.25,1.0,0.0,0.25,0.75,0.0,1.0,0.25,1.0,1.0,0.25,1.0,0.0,1.0,1.0,1.0,0.0,0.0,1.0,0.75,0.0,0.0,0.25,0.75,0.0,0.0,0.0,1.0,0.0,0.17,0.5,0.67,0.0,1.0,0.0,0.0,0.0,1.0,1.0,0.75,0.0,0.75,0.75,0.25
2489,1.0,0.17,0.83,0.0,1.0,0.0,1.0,0.0,1.0,0.0,0.25,0.0,1.0,0.0,1.0,0.25,1.0,1.0,1.0,0.0,1.0,1.0,0.0,0.0,0.0,1.0,0.0,1.0,0.0,1.0,1.0,0.25,0.0,0.75,1.0,1.0,1.0,1.0,1.0,1.0,1.0,0.75,1.0,1.0,0.25,1.0,1.0,0.0,0.0,0.0,1.0,0.25,1.0,1.0,0.75,0.0,0.0,1.0,0.25,1.0,1.0,0.5,1.0,0.0,1.0,1.0,1.0,0.25,0.5,0.75,0.75,0.5,0.75,0.75,0.5
2490,0.0,0.0,0.0,1.0,1.0,0.0,1.0,0.0,1.0,1.0,0.0,0.0,1.0,0.0,1.0,1.0,1.0,0.0,1.0,0.0,1.0,1.0,1.0,0.0,1.0,0.0,0.0,1.0,1.0,1.0,0.25,0.0,0.0,1.0,1.0,0.0,1.0,1.0,0.0,1.0,1.0,0.75,1.0,1.0,1.0,1.0,0.0,1.0,0.0,1.0,1.0,1.0,1.0,1.0,0.75,1.0,1.0,1.0,0.0,0.0,0.0,0.67,1.0,1.0,0.75,1.0,1.0,1.0,0.0,0.5,1.0,1.0,0.0,1.0,0.0
2491,0.17,1.0,0.67,0.25,0.75,1.0,0.17,1.0,0.0,0.0,0.75,0.75,0.0,0.75,0.0,0.25,0.0,0.25,0.25,0.0,0.25,0.25,0.0,1.0,0.0,1.0,1.0,0.75,0.0,0.25,0.75,1.0,1.0,0.0,0.0,1.0,0.0,0.75,0.75,0.0,0.25,0.75,0.25,0.0,0.0,0.25,1.0,0.0,0.75,1.0,0.0,0.25,0.25,0.0,0.0,0.0,0.0,0.0,1.0,1.0,1.0,0.67,0.33,0.0,0.75,0.0,0.0,0.0,0.75,0.75,0.5,0.25,0.75,0.75,0.75
2492,0.33,1.0,0.17,0.0,1.0,0.75,0.17,1.0,0.0,0.0,1.0,1.0,0.0,1.0,0.25,0.25,0.0,0.75,0.0,0.0,0.0,0.0,0.0,1.0,0.0,1.0,1.0,1.0,1.0,0.0,1.0,1.0,1.0,1.0,0.0,1.0,0.0,0.25,1.0,0.0,0.0,1.0,0.0,0.0,0.0,0.0,1.0,0.0,1.0,0.0,0.0,0.0,0.0,0.0,0.0,0.0,1.0,0.0,1.0,1.0,1.0,0.83,0.17,0.0,1.0,0.0,0.0,0.0,0.25,0.25,0.25,0.0,1.0,0.25,0.25
2495,0.67,0.17,0.33,0.25,1.0,0.0,0.17,1.0,0.25,0.0,1.0,0.0,0.0,0.75,1.0,0.0,0.0,0.0,0.75,0.0,0.75,1.0,0.0,0.0,0.0,1.0,0.0,1.0,0.75,0.25,0.0,0.75,1.0,1.0,0.0,1.0,0.0,0.0,1.0,0.0,0.75,1.0,0.25,0.75,1.0,0.25,0.75,0.25,0.25,0.0,0.75,0.75,0.75,0.0,1.0,0.0,0.0,0.0,1.0,1.0,1.0,1.0,0.17,0.0,1.0,0.0,0.75,0.25,0.5,0.75,0.75,0.5,0.5,0.5,0.5
2496,1.0,0.67,0.83,0.0,0.0,0.25,0.17,1.0,0.0,0.75,1.0,1.0,0.0,0.75,0.75,0.75,0.25,0.75,0.25,0.0,0.75,0.0,0.0,1.0,0.0,1.0,1.0,0.25,0.75,0.25,1.0,0.75,0.75,0.25,1.0,0.75,0.0,0.75,1.0,0.25,0.25,1.0,0.75,0.0,0.0,0.75,1.0,0.0,0.75,0.25,0.0,0.0,0.25,0.0,1.0,0.0,0.0,0.0,1.0,1.0,1.0,1.0,0.0,0.0,1.0,0.0,0.25,0.0,1.0,1.0,1.0,0.25,1.0,0.5,0.75
2498,0.17,0.17,0.0,0.75,1.0,0.0,0.67,1.0,1.0,1.0,1.0,0.0,0.0,0.75,1.0,0.75,0.25,0.25,1.0,0.0,1.0,0.75,1.0,0.0,1.0,0.0,0.0,1.0,1.0,1.0,1.0,0.0,0.0,1.0,0.25,1.0,0.0,0.25,1.0,0.25,0.75,1.0,0.0,1.0,1.0,1.0,0.0,1.0,0.0,1.0,1.0,1.0,1.0,1.0,0.25,1.0,1.0,0.75,0.75,0.0,0.83,0.83,0.83,0.25,1.0,0.75,1.0,0.5,0.25,0.5,0.75,0.5,0.0,0.75,0.0
2499,0.17,0.67,0.5,0.0,1.0,0.0,0.5,1.0,0.75,0.25,0.75,0.75,0.0,1.0,0.0,0.25,0.0,0.75,0.25,0.0,0.25,0.25,0.0,0.25,0.0,0.75,0.75,1.0,1.0,0.25,0.0,0.75,0.75,1.0,0.25,1.0,0.0,0.25,0.75,0.0,0.0,1.0,0.0,1.0,1.0,1.0,0.75,0.25,0.0,0.75,0.75,1.0,1.0,0.0,0.0,0.0,0.75,0.25,0.75,0.25,0.83,0.83,0.5,0.0,1.0,0.0,0.0,0.25,0.5,0.5,0.5,0.25,0.5,0.5,0.25
2500,1.0,1.0,1.0,0.0,0.0,1.0,0.0,1.0,0.0,0.0,0.0,1.0,0.0,0.0,0.0,0.0,0.0,1.0,0.0,0.0,0.0,0.0,0.0,1.0,0.0,1.0,1.0,0.0,0.0,0.0,0.0,1.0,0.25,0.75,0.0,1.0,0.0,1.0,1.0,0.0,0.75,0.0,0.0,0.0,0.0,0.0,1.0,0.0,1.0,1.0,0.0,0.75,0.25,0.0,0.0,0.0,0.0,0.0,1.0,1.0,0.67,0.33,0.17,0.0,1.0,0.25,0.0,0.0,0.75,0.75,0.5,0.0,0.5,0.5,0.75
2501,0.67,0.5,0.5,0.75,0.75,0.0,0.83,0.25,1.0,0.25,0.25,0.25,0.25,0.25,1.0,0.75,0.25,1.0,0.75,0.0,0.75,0.75,0.0,0.0,0.75,0.25,0.0,1.0,0.0,1.0,0.75,0.25,0.25,0.75,1.0,0.0,0.75,1.0,1.0,1.0,0.75,0.75,1.0,1.0,1.0,1.0,1.0,0.75,0.0,1.0,0.75,0.75,0.75,0.0,0.0,0.0,0.75,0.0,0.75,0.75,0.67,0.67,0.67,0.25,0.0,1.0,0.75,0.5,0.5,0.5,0.5,0.5,0.5,0.5,0.5
2502,0.17,0.17,0.17,0.75,0.75,0.0,0.33,0.0,1.0,1.0,0.75,0.0,0.75,0.0,1.0,0.75,0.75,1.0,1.0,0.0,1.0,1.0,1.0,0.0,0.25,0.0,0.0,0.75,0.75,0.75,0.25,0.0,0.75,0.0,0.75,0.75,0.0,1.0,0.0,0.75,0.75,0.25,1.0,1.0,1.0,1.0,0.25,0.25,0.25,0.75,0.75,0.75,0.25,1.0,1.0,1.0,0.75,0.75,1.0,1.0,0.67,0.67,0.67,1.0,0.75,0.25,1.0,0.75,0.25,0.25,0.75,0.75,0.25,0.75,0.25
2503,1.0,0.83,0.67,1.0,0.75,0.0,0.83,0.0,1.0,1.0,1.0,0.25,0.25,0.0,1.0,1.0,0.0,1.0,1.0,0.0,1.0,0.75,1.0,0.0,0.25,0.75,0.25,0.75,0.75,1.0,0.75,0.0,1.0,0.75,1.0,0.75,0.0,0.75,0.75,1.0,1.0,0.75,1.0,0.75,0.25,1.0,0.25,0.25,0.75,1.0,0.75,0.75,1.0,1.0,1.0,0.0,0.0,0.0,1.0,1.0,1.0,0.67,1.0,1.0,1.0,1.0,1.0,0.5,0.5,0.75,0.5,0.5,0.5,0.75,0.25
2505,1.0,0.33,0.67,0.75,0.75,0.0,0.67,1.0,0.25,0.0,1.0,0.25,0.25,0.75,0.0,0.0,0.0,0.75,0.75,0.75,0.25,0.75,0.25,0.0,0.75,0.0,0.0,1.0,1.0,0.0,1.0,0.0,0.25,1.0,0.0,1.0,0.0,0.0,1.0,0.0,0.0,1.0,0.75,1.0,1.0,1.0,1.0,0.0,0.25,0.25,1.0,0.75,0.25,0.0,1.0,0.0,0.0,0.75,0.75,1.0,0.83,0.67,0.33,0.0,1.0,0.0,0.0,0.75,0.25,0.25,0.75,0.25,0.25,0.75,0.0
2519,0.5,0.33,0.33,0.0,0.25,0.25,0.5,0.0,0.75,1.0,0.25,0.25,0.75,0.0,0.0,0.75,1.0,0.75,0.75,0.25,0.75,0.75,1.0,0.25,0.0,1.0,0.25,1.0,0.75,1.0,1.0,0.25,0.75,1.0,0.25,1.0,1.0,0.75,0.75,1.0,1.0,1.0,0.0,0.75,0.75,1.0,0.25,0.25,0.0,1.0,0.75,0.75,1.0,0.75,1.0,0.0,0.25,0.75,0.25,1.0,0.5,0.67,0.67,0.0,0.75,0.75,0.75,0.5,0.5,0.75,1.0,0.5,0.5,0.5,0.5
2520,0.83,1.0,0.67,0.25,1.0,0.0,0.67,0.75,0.25,0.25,1.0,0.25,0.0,1.0,0.75,1.0,0.75,0.75,0.75,0.0,0.0,0.75,0.25,0.25,0.75,0.25,0.0,0.25,0.75,0.0,0.75,0.25,0.75,1.0,0.25,1.0,0.25,0.75,1.0,0.25,0.0,1.0,0.0,1.0,1.0,1.0,0.25,1.0,1.0,0.25,0.0,0.75,1.0,1.0,1.0,1.0,0.0,1.0,0.0,1.0,0.83,1.0,0.83,0.0,1.0,1.0,1.0,0.25,0.25,0.5,0.5,0.5,0.25,0.5,0.5
2525,0.0,0.17,0.0,1.0,1.0,0.0,0.83,0.0,1.0,1.0,0.0,0.0,1.0,0.0,1.0,0.75,1.0,0.0,1.0,0.0,1.0,1.0,1.0,0.0,1.0,0.0,0.0,1.0,0.75,1.0,0.75,0.0,0.0,1.0,1.0,0.25,1.0,1.0,0.0,1.0,1.0,0.75,0.75,1.0,1.0,1.0,0.0,0.75,0.0,1.0,0.75,1.0,1.0,1.0,0.75,1.0,1.0,1.0,0.0,0.75,0.33,0.67,1.0,0.25,0.75,1.0,1.0,1.0,0.25,0.75,1.0,1.0,0.25,1.0,0.25
2526,0.67,0.33,0.0,1.0,0.0,0.0,0.0,0.75,1.0,0.25,0.25,0.0,0.25,0.0,0.0,0.0,0.0,1.0,0.0,0.0,1.0,0.0,0.0,0.0,0.75,0.0,0.75,1.0,0.0,0.0,1.0,0.0,1.0,1.0,0.0,0.0,0.75,0.0,1.0,0.0,0.75,1.0,1.0,1.0,0.0,1.0,1.0,0.0,1.0,1.0,1.0,0.75,1.0,0.0,0.0,0.0,0.0,0.25,0.75,1.0,1.0,0.83,0.33,0.0,1.0,0.0,1.0,0.25,0.0,0.75,0.75,0.75,0.5,0.75,0.5
2528,0.83,0.33,0.67,1.0,1.0,0.25,0.5,0.25,0.25,0.25,0.75,0.25,0.75,0.25,0.25,0.75,0.0,1.0,0.75,0.0,0.75,0.75,0.0,0.0,0.25,0.75,0.75,1.0,0.25,0.25,0.0,0.75,0.25,0.0,0.75,0.75,0.75,1.0,0.0,0.75,0.25,0.25,0.75,0.75,0.75,1.0,0.25,0.0,0.0,1.0,1.0,0.75,0.75,1.0,0.0,0.25,0.25,0.25,0.25,0.75,0.5,0.67,0.67,0.0,0.25,0.75,0.75,0.5,0.5,0.5,0.75,0.5,0.25,0.75,0.5
2532,1.0,1.0,0.0,0.0,0.0,0.0,0.5,1.0,0.75,0.75,0.0,0.0,0.0,0.0,0.0,0.75,0.0,1.0,0.0,0.0,0.0,0.0,0.0,1.0,0.0,1.0,1.0,0.75,0.75,0.25,0.0,0.25,0.0,0.0,0.0,0.75,0.0,1.0,0.75,0.0,0.25,0.25,0.0,0.0,0.0,0.75,1.0,0.0,0.0,1.0,0.0,0.0,0.0,1.0,0.0,0.0,0.0,0.0,1.0,1.0,0.67,0.0,0.0,0.0,0.75,0.0,0.0,0.25,0.5,0.75,0.5,0.5,0.75,0.5,0.5
2534,0.83,0.33,0.33,0.25,1.0,0.0,0.67,1.0,0.75,0.75,1.0,0.25,0.75,0.25,1.0,0.75,0.75,0.25,0.75,0.0,1.0,0.75,0.25,0.0,0.75,0.25,0.25,0.75,0.25,0.75,0.25,0.25,0.25,0.75,0.75,1.0,0.0,0.25,1.0,0.25,0.25,1.0,0.75,1.0,1.0,1.0,0.25,1.0,0.0,1.0,0.75,0.75,0.75,1.0,0.25,0.0,0.75,1.0,0.75,0.75,0.83,0.83,1.0,0.0,0.75,0.25,0.75,0.5,0.25,0.5,0.75,0.5,0.25,0.75,0.25
2535,0.83,0.67,0.0,0.25,0.25,0.0,0.83,1.0,1.0,1.0,1.0,0.25,0.25,1.0,0.0,0.25,0.0,1.0,1.0,0.0,0.75,0.25,1.0,0.0,1.0,0.0,0.0,1.0,1.0,0.75,0.25,0.0,0.0,1.0,0.25,0.75,0.0,0.25,0.25,0.0,0.75,1.0,0.25,1.0,1.0,1.0,0.0,1.0,0.0,0.75,1.0,1.0,0.75,1.0,0.0,1.0,0.75,1.0,1.0,1.0,1.0,1.0,1.0,0.25,1.0,0.25,1.0,0.75,0.5,0.5,1.0,0.5,0.0,0.5,0.25
2536,0.17,0.17,0.0,0.75,1.0,0.0,0.17,1.0,1.0,1.0,1.0,0.0,0.25,1.0,1.0,0.75,0.0,0.75,0.75,0.0,0.75,0.75,1.0,0.0,0.75,0.0,0.0,1.0,1.0,1.0,1.0,1.0,0.25,1.0,0.0,1.0,0.0,0.25,1.0,0.25,0.0,1.0,0.0,1.0,1.0,1.0,0.0,1.0,0.0,0.25,1.0,0.75,1.0,1.0,1.0,1.0,1.0,0.75,0.25,0.25,1.0,1.0,0.83,0.75,1.0,0.75,1.0,0.75,0.25,0.5,0.75,0.5,0.0,0.5,0.0
2537,0.0,0.17,0.17,1.0,0.75,0.0,0.67,0.25,1.0,1.0,0.0,0.0,1.0,0.0,1.0,0.25,1.0,0.75,1.0,0.25,1.0,1.0,1.0,0.0,0.75,0.0,0.0,1.0,0.75,1.0,0.25,0.0,0.0,1.0,1.0,0.25,1.0,1.0,0.25,1.0,1.0,0.25,1.0,1.0,1.0,1.0,0.0,1.0,0.0,1.0,1.0,1.0,1.0,1.0,0.25,0.75,1.0,1.0,0.25,0.25,0.17,0.5,1.0,0.0,0.0,1.0,1.0,0.75,0.25,0.5,1.0,0.75,0.25,1.0,0.5
2538,0.5,0.17,0.17,1.0,0.75,0.0,0.83,0.75,1.0,1.0,0.25,0.0,1.0,0.0,0.75,0.0,1.0,0.75,1.0,0.25,0.75,1.0,1.0,0.25,1.0,0.0,0.0,0.75,0.0,1.0,1.0,0.25,0.25,0.75,1.0,1.0,1.0,1.0,0.25,1.0,1.0,0.0,1.0,1.0,1.0,1.0,0.25,1.0,0.0,1.0,0.75,1.0,1.0,1.0,1.0,1.0,1.0,1.0,0.0,0.25,0.33,0.67,1.0,0.75,0.25,1.0,1.0,1.0,0.0,0.25,0.75,0.75,0.0,1.0,0.5
2539,0.0,0.0,0.0,1.0,1.0,0.0,1.0,0.0,1.0,1.0,0.0,0.0,1.0,0.0,0.75,0.25,1.0,0.0,1.0,0.25,1.0,0.75,1.0,0.0,1.0,0.0,0.0,1.0,0.25,1.0,0.75,0.0,0.0,1.0,1.0,0.0,1.0,1.0,0.0,1.0,1.0,0.25,1.0,1.0,1.0,1.0,0.0,1.0,0.0,1.0,1.0,1.0,1.0,1.0,0.25,1.0,1.0,1.0,0.0,0.0,0.0,0.5,1.0,0.75,0.0,1.0,0.75,0.75,0.0,0.5,1.0,0.75,0.0,1.0,0.5
2541,1.0,0.17,0.33,0.75,0.25,0.0,0.67,0.75,1.0,1.0,0.75,0.0,1.0,0.25,1.0,0.0,1.0,1.0,1.0,0.25,1.0,0.75,1.0,0.0,0.75,0.0,0.0,1.0,1.0,1.0,1.0,0.0,0.25,1.0,0.75,0.25,1.0,0.75,0.25,0.75,0.75,0.25,0.75,0.25,0.75,0.75,0.75,0.75,0.25,1.0,1.0,1.0,1.0,1.0,0.75,0.25,1.0,1.0,0.25,0.75,0.33,0.33,0.67,0.25,0.25,1.0,0.75,0.75,0.25,0.75,1.0,0.5,0.5,0.75,0.5
2542,0.67,0.67,0.17,0.0,1.0,0.0,0.67,0.25,0.75,0.75,0.0,0.25,0.25,0.25,0.0,0.0,0.0,0.75,0.0,0.0,0.0,1.0,0.0,0.0,1.0,0.0,0.0,1.0,0.0,1.0,1.0,0.0,0.0,1.0,0.0,1.0,0.0,0.0,0.0,0.0,0.0,0.0,0.0,1.0,1.0,1.0,0.0,0.0,0.0,1.0,1.0,1.0,1.0,1.0,0.0,0.0,1.0,0.0,0.0,1.0,0.33,0.83,0.67,0.0,0.0,1.0,1.0,0.25,0.25,0.75,0.75,0.25,0.75,0.25,0.75
2544,0.83,0.17,0.17,1.0,1.0,0.0,0.5,1.0,1.0,0.0,1.0,1.0,0.0,1.0,1.0,1.0,0.0,0.0,0.0,0.0,1.0,1.0,1.0,0.0,0.0,0.0,0.0,1.0,1.0,1.0,1.0,0.0,1.0,1.0,0.0,1.0,0.0,0.0,1.0,0.0,0.0,1.0,0.0,1.0,1.0,1.0,1.0,1.0,0.0,1.0,1.0,1.0,1.0,0.0,1.0,1.0,1.0,0.0,1.0,1.0,0.83,0.83,0.83,0.0,1.0,0.0,1.0,0.5,0.5,0.5,0.75,0.5,0.5,0.5,0.25
2545,0.67,0.33,0.0,0.75,0.75,0.0,0.67,1.0,1.0,1.0,1.0,0.0,0.75,0.75,1.0,1.0,0.25,0.75,0.75,0.0,1.0,0.75,0.75,0.0,0.25,0.25,0.0,1.0,1.0,1.0,1.0,0.25,0.25,1.0,0.75,1.0,0.25,0.25,1.0,0.0,0.0,0.75,0.25,1.0,1.0,1.0,0.0,1.0,0.0,0.75,1.0,1.0,1.0,1.0,0.75,1.0,1.0,0.75,0.75,1.0,1.0,0.83,1.0,0.75,0.75,0.75,1.0,0.5,0.25,0.5,0.75,0.5,0.0,0.75,0.0
2546,0.67,0.5,0.5,0.25,0.25,0.0,0.5,0.25,1.0,0.75,1.0,0.0,0.75,0.75,0.0,0.25,0.0,1.0,0.0,0.0,0.25,0.75,0.25,0.25,0.75,0.25,0.0,1.0,0.0,0.75,0.25,0.0,0.25,0.25,0.25,0.75,0.0,0.75,0.0,0.25,1.0,0.75,1.0,1.0,1.0,1.0,0.0,0.25,1.0,1.0,0.75,0.25,0.75,1.0,0.25,0.75,0.0,0.75,1.0,0.75,0.33,0.33,0.67,0.0,0.75,0.25,1.0,0.5,0.5,0.5,0.5,0.5,0.5,0.5,0.5
2547,0.67,0.33,0.67,0.0,0.25,0.25,0.67,0.0,1.0,0.25,0.75,0.25,0.75,0.75,0.25,1.0,0.0,1.0,0.0,0.0,0.25,0.0,0.25,0.25,0.0,0.75,0.25,0.75,0.25,0.25,0.25,0.75,0.75,0.0,0.0,0.75,0.25,1.0,0.75,0.75,0.75,1.0,0.25,0.75,0.75,1.0,1.0,0.75,0.25,0.25,0.25,0.75,0.25,0.25,0.25,0.0,0.0,0.0,1.0,1.0,0.83,0.83,0.67,0.0,0.75,0.25,0.25,0.0,1.0,0.75,0.5,0.5,0.5,0.5,0.5
2549,1.0,1.0,0.5,0.0,0.0,1.0,0.5,0.75,0.25,0.0,0.0,1.0,0.0,0.75,0.25,0.75,0.25,0.75,0.25,0.0,0.0,0.0,0.0,1.0,0.0,1.0,1.0,0.0,0.0,0.0,0.0,0.75,1.0,0.0,0.0,0.25,0.0,1.0,0.0,0.25,1.0,1.0,0.25,0.0,0.0,0.75,1.0,0.0,1.0,1.0,0.0,0.0,0.0,0.25,0.0,0.0,0.0,0.0,1.0,1.0,0.5,0.33,0.0,0.0,0.0,0.0,0.0,0.25,1.0,0.75,0.5,0.0,0.75,0.5,1.0
2550,0.5,0.17,0.17,1.0,0.75,0.25,0.83,0.25,1.0,1.0,0.25,0.0,0.75,0.25,0.75,0.25,0.75,0.75,1.0,0.75,1.0,0.25,1.0,0.75,1.0,0.0,0.0,0.75,0.25,1.0,0.75,0.25,0.25,0.75,1.0,0.0,0.75,0.75,0.0,1.0,1.0,0.25,1.0,0.75,1.0,1.0,0.0,0.75,1.0,1.0,0.75,1.0,1.0,1.0,0.75,0.75,1.0,1.0,0.25,0.75,0.0,0.33,1.0,0.25,0.0,1.0,0.75,1.0,0.5,0.5,1.0,0.75,0.0,1.0,1.0
2552,0.67,0.17,0.0,0.75,1.0,0.0,0.17,1.0,0.25,0.25,1.0,0.75,0.25,1.0,1.0,0.25,0.0,0.0,0.75,0.0,0.75,1.0,0.75,0.0,0.25,0.0,0.0,1.0,1.0,1.0,0.75,0.75,0.75,1.0,0.0,1.0,0.0,0.0,1.0,0.0,0.25,1.0,0.0,0.75,0.75,1.0,0.75,0.25,0.25,0.0,0.75,0.75,0.75,0.25,1.0,1.0,0.75,0.0,1.0,1.0,1.0,1.0,0.17,1.0,1.0,0.0,1.0,0.5,0.25,0.5,0.75,0.5,0.5,0.5,0.25
2553,0.67,0.0,0.33,0.25,0.75,0.0,0.33,0.75,0.75,0.0,0.75,0.75,0.0,1.0,1.0,0.0,0.0,0.0,0.0,0.0,0.75,0.75,0.0,0.0,0.0,0.25,0.0,0.75,1.0,0.0,0.0,0.75,0.75,1.0,0.0,1.0,0.0,0.0,1.0,0.0,0.25,1.0,0.25,0.25,0.75,0.75,1.0,0.0,0.25,0.0,0.0,0.25,0.0,0.0,0.75,0.0,0.0,0.0,1.0,0.25,1.0,0.83,0.0,0.0,0.75,0.0,1.0,0.25,0.75,0.5,0.75,0.25,0.5,0.5,0.25
2555,0.67,0.83,0.0,0.75,0.75,0.25,0.17,1.0,0.75,0.25,1.0,0.75,0.0,0.75,1.0,0.75,0.0,0.0,0.75,0.0,1.0,0.25,0.0,0.25,0.0,0.75,0.75,1.0,0.75,0.0,0.0,0.75,0.25,1.0,0.0,1.0,0.0,0.25,1.0,0.0,0.0,1.0,0.0,0.0,0.25,0.25,1.0,0.0,0.25,0.0,0.25,0.75,0.75,0.0,0.75,0.0,0.0,0.0,1.0,1.0,1.0,1.0,0.33,0.0,1.0,0.0,0.0,0.25,1.0,0.75,0.75,0.25,0.75,0.75,0.5
2556,0.83,0.67,0.67,0.25,0.0,0.0,0.5,0.25,0.75,0.25,1.0,0.0,0.25,0.0,1.0,0.25,0.0,1.0,0.75,0.0,0.75,1.0,0.0,0.0,0.25,0.25,0.25,0.25,0.25,0.75,0.25,0.25,0.0,0.0,0.25,0.0,0.0,0.75,0.25,0.25,1.0,0.75,0.75,0.75,0.25,1.0,0.25,0.0,0.75,1.0,0.25,0.25,0.25,1.0,0.0,0.0,0.0,0.25,1.0,0.75,0.83,0.5,0.5,0.0,0.75,0.25,0.25,0.5,0.5,0.5,0.5,0.5,0.5,0.5,0.5
2560,0.5,0.5,0.17,1.0,1.0,0.0,1.0,0.75,1.0,1.0,0.0,0.0,1.0,0.0,1.0,0.75,1.0,0.75,1.0,0.0,1.0,0.75,1.0,0.0,1.0,0.0,0.0,1.0,0.75,1.0,1.0,0.0,0.0,1.0,1.0,0.25,1.0,1.0,0.0,0.75,1.0,0.25,0.75,1.0,1.0,1.0,0.0,0.75,0.0,1.0,0.75,1.0,1.0,1.0,1.0,1.0,0.75,1.0,0.25,0.75,0.17,0.83,0.83,0.25,0.25,1.0,1.0,0.75,0.0,0.5,0.75,1.0,0.0,0.75,0.5
2561,0.0,0.0,0.0,1.0,1.0,0.0,1.0,0.0,1.0,1.0,0.0,0.0,1.0,0.0,1.0,0.75,1.0,0.0,1.0,0.0,1.0,1.0,1.0,0.0,1.0,0.0,0.0,1.0,0.75,1.0,1.0,0.0,0.0,1.0,1.0,0.0,1.0,1.0,0.0,1.0,1.0,0.75,1.0,1.0,1.0,1.0,0.0,1.0,0.0,1.0,1.0,0.75,1.0,1.0,0.75,1.0,1.0,1.0,0.0,0.0,0.0,0.33,1.0,0.75,0.25,1.0,1.0,1.0,0.0,0.25,1.0,1.0,0.0,1.0,0.25
2562,0.17,0.0,0.0,0.75,0.75,0.0,1.0,0.0,1.0,1.0,0.75,0.0,1.0,0.0,0.25,0.0,1.0,1.0,1.0,0.25,0.75,1.0,1.0,0.0,1.0,0.0,0.0,1.0,0.0,0.75,0.0,0.0,0.0,1.0,1.0,0.0,0.75,0.25,0.0,0.0,1.0,0.75,1.0,1.0,1.0,1.0,0.0,0.75,0.0,1.0,1.0,0.25,1.0,1.0,0.25,1.0,1.0,1.0,0.0,0.25,0.33,0.5,1.0,1.0,0.0,1.0,1.0,1.0,0.0,0.5,0.75,0.75,0.0,0.75,0.25
2563,0.17,0.17,0.0,1.0,1.0,0.0,0.83,0.25,1.0,1.0,0.25,0.0,1.0,0.0,1.0,1.0,1.0,0.0,1.0,0.0,1.0,1.0,1.0,0.0,1.0,0.0,0.0,1.0,0.75,1.0,1.0,0.0,0.0,1.0,1.0,0.25,1.0,1.0,0.25,1.0,0.75,0.75,1.0,1.0,1.0,1.0,0.25,0.75,0.0,0.75,1.0,1.0,1.0,1.0,0.25,1.0,1.0,1.0,0.25,0.25,0.33,0.67,1.0,0.75,0.75,1.0,1.0,1.0,0.25,0.75,1.0,1.0,0.25,0.75,0.0
2564,0.33,0.17,0.0,1.0,1.0,0.0,0.67,0.25,1.0,1.0,0.25,0.0,1.0,0.0,1.0,1.0,1.0,0.75,1.0,0.0,1.0,0.75,1.0,0.0,1.0,0.0,0.0,1.0,0.25,1.0,1.0,0.0,0.25,0.75,1.0,0.0,0.75,0.75,0.0,1.0,1.0,0.25,0.25,1.0,0.75,1.0,0.75,1.0,0.0,1.0,0.75,0.75,0.75,1.0,1.0,0.0,1.0,1.0,0.0,0.75,0.17,0.17,0.83,0.25,0.25,0.75,0.25,0.75,0.0,0.5,1.0,0.75,0.25,1.0,0.5
2565,0.17,0.17,0.0,1.0,1.0,0.0,1.0,0.0,1.0,1.0,0.0,0.0,1.0,0.0,1.0,0.75,1.0,0.0,1.0,0.0,1.0,1.0,1.0,0.0,1.0,0.0,0.0,1.0,1.0,1.0,1.0,0.0,0.0,1.0,1.0,0.0,1.0,1.0,0.75,1.0,1.0,0.75,1.0,1.0,1.0,1.0,0.0,1.0,0.0,1.0,1.0,1.0,1.0,1.0,1.0,1.0,1.0,1.0,0.0,0.25,0.0,0.67,1.0,0.25,0.75,1.0,1.0,1.0,0.0,0.5,1.0,1.0,0.0,1.0,0.0
2566,0.0,0.0,0.0,1.0,0.75,0.0,1.0,0.0,1.0,1.0,0.0,0.25,1.0,0.0,0.25,0.25,1.0,0.0,1.0,0.25,1.0,0.75,1.0,0.25,1.0,0.0,0.0,1.0,0.75,1.0,0.75,0.25,0.0,1.0,1.0,0.25,1.0,1.0,0.0,1.0,1.0,0.75,1.0,1.0,1.0,1.0,0.0,1.0,0.0,1.0,0.75,1.0,1.0,1.0,0.75,1.0,1.0,1.0,0.0,0.25,0.33,0.67,1.0,1.0,0.75,1.0,1.0,1.0,0.0,0.5,1.0,0.0,0.0,1.0,0.25
2567,0.33,0.67,0.0,0.75,1.0,0.0,0.83,0.75,1.0,1.0,0.0,0.0,1.0,0.0,0.75,0.75,1.0,0.0,1.0,0.0,1.0,0.25,1.0,0.0,0.75,0.0,0.0,1.0,0.75,1.0,1.0,0.25,0.0,1.0,1.0,0.75,1.0,1.0,0.25,1.0,1.0,0.75,0.75,1.0,1.0,1.0,0.75,0.25,0.0,1.0,0.75,0.75,0.75,1.0,1.0,0.75,1.0,1.0,0.0,1.0,0.17,0.67,0.17,0.75,0.75,1.0,1.0,1.0,0.0,0.5,0.75,0.75,0.5,1.0,0.25
2568,0.0,0.17,0.0,1.0,1.0,0.0,1.0,0.0,1.0,1.0,0.0,0.0,1.0,0.0,0.0,0.25,1.0,0.0,1.0,0.0,1.0,1.0,1.0,0.0,1.0,0.0,0.0,1.0,1.0,1.0,1.0,0.0,0.0,1.0,1.0,0.25,1.0,1.0,0.25,1.0,0.75,1.0,0.75,1.0,1.0,1.0,0.0,1.0,0.0,1.0,1.0,1.0,1.0,1.0,0.25,1.0,1.0,1.0,0.0,0.0,0.33,0.5,1.0,1.0,0.75,1.0,1.0,1.0,0.0,0.5,0.75,0.75,0.0,0.75,0.25
2569,0.17,0.17,0.0,1.0,0.25,0.0,1.0,0.0,1.0,1.0,0.0,0.0,1.0,0.0,0.25,0.25,1.0,0.0,1.0,0.0,1.0,1.0,1.0,0.0,1.0,0.0,0.0,1.0,0.75,1.0,0.25,0.0,0.0,1.0,1.0,0.25,1.0,1.0,0.0,1.0,1.0,0.25,1.0,1.0,1.0,1.0,0.0,0.75,0.0,1.0,0.75,1.0,1.0,1.0,0.75,1.0,1.0,1.0,0.25,0.25,0.17,0.5,1.0,0.75,0.75,1.0,1.0,1.0,0.25,0.5,1.0,1.0,0.0,1.0,0.25
2570,0.33,0.33,0.17,0.0,0.0,0.0,0.17,0.75,0.0,0.0,0.75,0.25,0.0,0.75,1.0,0.25,0.0,0.25,0.75,0.0,0.75,1.0,0.75,0.0,0.25,0.25,0.0,0.25,0.75,0.75,0.75,0.75,0.25,1.0,0.75,0.75,0.0,0.25,0.75,0.0,1.0,0.75,0.75,0.25,0.75,0.75,0.75,0.0,0.25,1.0,0.25,0.25,0.25,0.0,0.75,0.0,0.25,0.25,1.0,0.75,1.0,0.83,0.17,0.0,0.75,0.0,0.75,0.5,0.5,0.75,0.75,0.5,0.75,0.75,0.5
2571,0.17,0.17,0.17,1.0,0.25,0.25,0.67,0.75,0.75,0.75,0.25,0.0,1.0,0.0,0.25,0.75,1.0,0.75,1.0,0.25,1.0,1.0,1.0,0.0,1.0,0.0,0.0,0.75,0.0,1.0,0.0,0.0,0.0,1.0,1.0,0.0,1.0,1.0,0.0,1.0,1.0,0.25,1.0,1.0,1.0,1.0,0.0,0.25,0.0,1.0,1.0,1.0,1.0,1.0,0.0,0.75,1.0,1.0,0.0,0.25,0.0,0.17,1.0,0.0,0.0,1.0,0.75,0.75,0.0,0.5,1.0,0.75,0.0,1.0,0.5
2573,0.17,0.17,0.0,0.75,0.75,0.0,0.83,0.25,1.0,1.0,0.25,0.25,0.75,0.0,0.75,0.75,0.75,0.25,0.75,0.25,1.0,0.75,1.0,0.0,1.0,0.0,0.0,1.0,0.75,1.0,0.75,0.25,0.25,1.0,1.0,0.25,0.75,0.75,0.0,0.75,1.0,0.25,1.0,1.0,0.75,1.0,0.0,0.75,0.0,1.0,1.0,1.0,1.0,1.0,0.25,0.75,1.0,1.0,0.0,0.25,0.17,0.5,0.83,0.75,0.25,1.0,0.75,0.75,0.25,0.5,0.75,0.75,0.0,1.0,0.5
2574,0.17,0.5,0.0,0.25,0.25,0.0,0.33,0.75,0.75,0.75,1.0,0.75,0.25,0.75,1.0,0.25,0.0,0.75,0.75,0.0,1.0,0.75,0.0,0.0,0.0,0.25,0.0,0.75,0.75,0.75,0.75,0.25,0.25,1.0,0.0,0.25,0.0,0.0,0.75,0.25,0.75,1.0,0.75,0.75,0.75,0.75,0.75,0.0,0.25,0.75,0.25,0.25,0.25,0.75,0.75,0.0,0.25,0.0,1.0,0.75,1.0,0.83,0.17,0.0,1.0,0.0,0.75,0.5,0.75,0.75,1.0,0.5,0.75,0.75,0.5
2575,0.83,0.17,0.17,0.75,0.25,0.0,0.5,0.75,0.25,0.25,0.75,0.25,0.25,0.75,1.0,0.75,0.25,0.25,0.75,0.0,1.0,1.0,0.75,0.0,0.0,0.25,0.0,0.75,0.75,0.75,0.0,0.25,0.0,1.0,0.0,0.75,0.25,0.0,1.0,0.25,0.25,0.75,0.25,0.75,0.75,0.75,0.25,0.25,0.0,0.25,0.25,0.25,0.0,0.75,0.75,0.75,0.25,0.25,0.75,0.75,0.67,0.83,0.17,0.0,0.75,0.75,1.0,0.5,0.5,0.5,1.0,0.5,0.5,0.5,0.5
2576,0.17,0.5,0.0,0.75,0.0,0.0,0.33,0.75,0.75,0.25,1.0,0.75,0.0,0.75,1.0,1.0,0.0,0.0,0.75,0.0,0.75,1.0,0.75,0.0,0.75,0.0,0.0,1.0,0.75,0.75,0.75,0.75,0.0,1.0,0.25,1.0,0.0,0.25,0.25,0.25,0.75,0.75,0.75,0.75,1.0,1.0,1.0,0.75,0.0,0.25,0.25,0.75,0.25,0.25,0.75,0.75,0.0,0.25,1.0,0.75,0.83,0.83,0.5,0.0,1.0,0.25,1.0,0.75,0.5,0.75,1.0,0.25,0.5,0.75,0.5
2577,0.67,0.67,0.0,0.75,0.25,0.0,0.33,0.75,1.0,0.0,0.75,0.25,0.75,0.75,1.0,1.0,0.25,0.75,1.0,0.0,0.75,1.0,0.75,0.0,0.75,0.0,0.25,1.0,1.0,1.0,1.0,0.75,0.0,1.0,0.0,1.0,0.25,0.25,0.0,0.75,0.75,0.75,0.25,0.75,0.25,1.0,1.0,0.0,0.25,0.25,0.25,0.75,0.25,0.75,1.0,0.0,0.75,0.25,0.75,1.0,0.83,1.0,0.33,0.0,1.0,1.0,1.0,0.5,0.5,0.5,0.75,0.5,0.5,0.75,0.5
2578,0.17,0.17,0.0,0.75,1.0,0.0,1.0,1.0,0.75,1.0,1.0,0.75,0.0,1.0,0.75,0.75,0.0,0.25,0.25,0.0,0.75,0.75,0.75,0.0,0.75,0.25,0.25,1.0,1.0,0.25,1.0,0.25,0.75,1.0,0.25,1.0,0.0,0.25,1.0,0.25,0.0,1.0,0.0,1.0,1.0,1.0,0.0,1.0,0.0,0.75,1.0,0.75,0.75,0.75,0.75,1.0,1.0,0.25,0.75,0.75,1.0,1.0,0.5,0.25,1.0,0.0,1.0,0.25,0.25,0.5,0.75,0.5,0.0,1.0,0.0
2579,0.0,0.17,0.17,0.75,1.0,0.0,0.67,1.0,0.75,1.0,1.0,0.0,0.75,0.25,1.0,0.75,0.25,0.75,1.0,0.0,1.0,0.75,0.75,0.0,0.75,0.0,0.25,1.0,1.0,0.75,1.0,0.25,0.75,1.0,0.25,1.0,0.0,0.25,1.0,0.25,0.0,1.0,0.0,1.0,1.0,1.0,0.0,1.0,0.0,0.75,1.0,1.0,0.75,1.0,0.0,0.75,1.0,0.75,0.25,0.25,0.83,1.0,0.83,0.0,0.75,0.75,1.0,0.75,0.25,0.5,1.0,0.5,0.0,0.5,0.0
2580,0.17,0.17,0.0,1.0,1.0,0.0,0.5,1.0,1.0,1.0,1.0,0.0,0.25,0.75,1.0,0.25,0.0,0.75,1.0,0.0,1.0,0.75,1.0,0.0,1.0,0.0,0.0,1.0,1.0,1.0,1.0,0.25,0.25,1.0,0.25,1.0,0.0,0.0,1.0,0.0,0.0,1.0,0.0,1.0,1.0,1.0,0.25,1.0,0.0,1.0,1.0,0.75,1.0,1.0,0.75,1.0,1.0,0.25,0.75,0.25,0.83,0.83,1.0,0.25,1.0,0.75,1.0,0.75,0.25,0.5,0.75,0.5,0.0,0.5,0.0
2581,1.0,0.83,0.5,0.0,0.75,0.0,0.17,1.0,0.25,0.0,0.25,1.0,0.0,0.75,1.0,0.25,0.25,1.0,0.25,0.0,0.25,0.75,0.0,1.0,0.0,1.0,1.0,1.0,0.75,0.0,1.0,1.0,1.0,0.75,0.0,1.0,0.75,0.75,1.0,0.75,0.75,1.0,0.0,0.0,0.0,0.75,1.0,0.0,0.0,0.75,0.25,0.75,1.0,0.0,0.25,0.0,0.25,0.0,0.75,1.0,0.83,0.67,0.5,0.0,1.0,0.0,0.0,0.0,0.25,0.75,0.5,0.25,1.0,0.5,0.5
2582,0.83,0.33,0.17,0.25,1.0,0.0,0.67,0.75,1.0,1.0,1.0,0.0,0.75,0.25,1.0,1.0,0.75,0.75,0.75,0.0,1.0,0.25,1.0,0.0,0.75,0.25,0.0,0.75,0.75,1.0,0.75,0.25,0.75,1.0,0.75,1.0,0.75,0.75,0.25,0.75,0.75,0.25,0.25,1.0,1.0,1.0,0.0,1.0,0.0,1.0,1.0,1.0,1.0,1.0,0.25,1.0,1.0,1.0,0.75,0.75,0.5,0.83,1.0,0.25,0.75,1.0,1.0,0.75,0.25,0.5,0.75,0.5,0.0,0.75,0.25
2583,0.17,0.0,0.5,0.0,0.25,0.0,0.0,0.75,0.25,0.0,1.0,0.25,0.0,1.0,0.75,0.75,0.0,0.25,0.75,0.0,0.75,0.25,0.75,0.0,0.25,0.0,0.0,1.0,0.75,0.25,0.75,0.0,1.0,1.0,0.25,0.75,0.0,0.0,0.75,0.0,0.25,1.0,0.75,0.25,1.0,0.75,0.75,0.25,0.25,0.25,0.25,1.0,0.25,0.75,1.0,0.0,0.0,0.0,1.0,1.0,0.83,0.83,0.33,0.0,1.0,0.0,0.25,0.75,0.75,0.75,1.0,0.5,0.5,0.75,0.5
2584,0.17,0.0,0.17,1.0,0.75,0.0,1.0,0.0,1.0,1.0,0.75,0.0,1.0,0.0,1.0,0.75,1.0,0.25,1.0,0.0,1.0,0.75,1.0,0.0,1.0,0.25,0.0,1.0,0.25,1.0,0.75,0.0,0.0,1.0,1.0,0.75,1.0,0.75,0.25,0.75,0.75,1.0,0.75,1.0,1.0,1.0,0.0,0.25,0.0,0.75,0.75,1.0,1.0,1.0,1.0,1.0,1.0,0.75,0.0,0.25,0.5,0.83,0.83,0.75,0.75,0.75,1.0,1.0,0.0,0.5,1.0,0.75,0.25,1.0,0.5
2585,0.17,0.33,0.5,0.75,0.75,0.0,0.5,0.0,1.0,0.25,1.0,0.0,0.75,0.75,1.0,0.75,0.25,1.0,0.75,0.0,0.75,0.75,0.25,0.0,0.25,0.0,0.0,1.0,0.75,0.75,0.75,0.25,0.25,0.0,0.25,0.75,0.0,1.0,0.0,0.75,0.75,1.0,0.25,1.0,1.0,1.0,0.25,0.75,0.25,1.0,0.25,0.25,1.0,0.75,0.25,0.75,0.0,0.25,1.0,0.75,0.83,0.83,0.83,0.0,0.75,0.75,0.75,0.5,0.5,0.5,0.5,0.5,0.5,0.5,0.5
2587,0.0,0.83,1.0,0.0,0.0,1.0,0.0,0.0,0.0,0.0,0.25,0.75,0.0,0.25,0.75,0.0,0.25,0.25,0.25,0.0,0.25,0.0,0.0,1.0,0.0,1.0,1.0,0.0,0.0,0.25,0.0,1.0,1.0,1.0,1.0,0.75,0.0,0.75,0.0,0.25,0.25,0.75,0.75,0.0,0.0,0.25,0.25,0.25,0.25,1.0,0.75,0.75,0.75,0.0,0.25,0.0,0.25,0.25,0.75,1.0,0.67,0.17,0.83,0.0,1.0,0.0,0.0,0.25,0.75,0.75,0.5,0.25,0.5,0.5,0.5
2588,0.83,0.5,0.5,0.25,0.75,1.0,0.5,0.0,0.75,0.25,0.75,0.25,0.75,0.25,0.0,0.0,0.75,0.75,1.0,0.75,0.25,1.0,0.25,1.0,0.0,1.0,1.0,0.0,0.0,0.25,0.0,1.0,1.0,1.0,1.0,1.0,0.0,1.0,0.0,1.0,1.0,0.0,0.25,0.75,0.0,0.75,0.0,0.0,0.25,1.0,0.75,0.0,0.0,1.0,0.0,0.0,0.25,0.75,1.0,0.25,0.83,0.33,0.5,0.0,0.0,1.0,0.75,0.25,0.75,0.75,0.5,0.25,0.25,0.75,0.5
2591,1.0,0.67,0.33,0.0,1.0,0.0,0.67,1.0,0.75,0.75,1.0,0.0,0.0,1.0,1.0,0.25,0.0,0.0,0.75,0.0,0.75,0.75,0.75,0.0,0.0,0.0,0.0,0.75,0.0,0.25,1.0,1.0,0.25,1.0,0.0,1.0,0.0,0.0,0.75,0.0,1.0,1.0,0.0,1.0,1.0,0.25,0.25,0.0,1.0,0.75,0.0,0.0,0.0,0.0,1.0,0.0,0.0,1.0,0.75,1.0,1.0,1.0,0.0,0.0,0.75,0.0,1.0,0.5,0.5,0.5,0.5,0.5,0.5,1.0,0.5
2595,0.83,0.33,0.33,0.75,0.75,0.0,0.33,0.0,1.0,0.25,0.75,0.25,0.25,0.0,0.75,0.75,1.0,1.0,0.75,0.25,0.75,0.25,0.25,0.0,0.75,0.0,0.0,1.0,0.0,0.75,0.0,0.25,0.25,0.25,0.25,0.25,0.25,1.0,0.0,0.75,1.0,0.75,1.0,1.0,1.0,1.0,0.25,0.75,0.0,1.0,0.25,1.0,0.75,0.75,0.25,0.0,0.25,0.25,1.0,0.25,0.83,0.67,0.67,0.0,0.75,0.75,0.75,0.5,0.5,0.5,0.75,0.5,0.25,0.75,0.5
2597,0.83,1.0,0.0,0.0,0.0,0.0,0.17,0.75,1.0,1.0,1.0,0.25,0.0,0.75,1.0,1.0,0.75,0.75,0.25,0.0,0.25,0.0,0.75,0.0,0.25,0.75,0.0,1.0,1.0,1.0,1.0,0.25,0.25,1.0,0.0,1.0,0.0,0.25,1.0,0.0,0.75,0.0,0.0,1.0,1.0,0.25,0.0,1.0,0.75,1.0,1.0,0.0,1.0,1.0,1.0,1.0,1.0,1.0,1.0,1.0,0.83,0.17,1.0,0.0,0.25,1.0,1.0,0.25,0.25,0.75,0.75,0.25,0.25,0.75,0.75
2598,0.33,0.0,0.17,1.0,1.0,0.0,0.67,1.0,1.0,1.0,0.75,0.25,0.75,1.0,1.0,0.0,1.0,0.75,1.0,0.0,1.0,0.75,0.25,0.0,1.0,0.0,0.0,1.0,1.0,1.0,1.0,0.0,0.25,1.0,1.0,0.0,0.75,1.0,1.0,1.0,1.0,0.0,1.0,1.0,1.0,1.0,0.0,1.0,0.25,1.0,1.0,0.25,1.0,1.0,0.25,0.75,1.0,1.0,0.0,0.25,0.33,0.67,1.0,0.25,0.75,1.0,1.0,0.25,0.25,0.5,0.75,0.5,0.25,0.75,0.25
2599,0.83,0.5,0.5,0.75,0.0,0.0,0.83,1.0,0.75,1.0,1.0,0.75,0.0,1.0,1.0,0.0,1.0,0.0,0.75,0.25,0.25,0.75,0.0,0.75,0.0,0.75,0.75,0.0,0.0,0.25,0.0,0.0,1.0,1.0,1.0,0.0,0.0,0.75,1.0,0.0,1.0,1.0,0.0,1.0,1.0,1.0,0.0,0.0,1.0,1.0,0.0,0.0,0.0,1.0,0.25,0.0,1.0,0.75,1.0,1.0,0.0,0.17,0.83,0.0,0.0,1.0,0.0,0.25,0.5,0.75,0.75,0.5,0.25,0.5,0.75
2601,0.17,0.83,0.67,0.0,0.0,0.0,0.67,1.0,0.75,0.25,0.75,1.0,0.75,0.75,0.0,0.25,0.0,0.0,0.0,0.0,0.75,1.0,0.0,0.75,0.0,1.0,1.0,0.0,0.0,0.0,0.0,1.0,0.25,0.75,0.0,0.25,0.0,0.75,0.75,0.75,0.75,0.25,0.75,0.0,0.0,1.0,0.75,0.75,1.0,0.75,0.0,0.0,0.25,0.0,0.75,0.0,0.0,0.0,0.25,0.25,1.0,0.67,0.33,0.0,1.0,0.0,0.0,0.25,0.5,0.75,0.75,0.25,0.75,0.25,0.75
2604,0.0,0.0,0.0,1.0,1.0,0.0,1.0,0.0,1.0,1.0,0.0,0.0,1.0,0.0,1.0,0.0,1.0,0.0,1.0,0.0,1.0,0.75,0.75,0.0,1.0,0.0,0.0,1.0,1.0,1.0,0.75,0.0,0.0,1.0,1.0,1.0,1.0,1.0,0.0,1.0,1.0,0.25,1.0,1.0,1.0,1.0,0.75,0.75,0.0,1.0,1.0,1.0,1.0,1.0,0.75,1.0,1.0,1.0,0.0,0.25,0.17,0.67,1.0,0.25,0.75,1.0,1.0,1.0,0.0,0.25,1.0,0.0,0.25,1.0,0.0
2606,1.0,0.17,0.0,0.25,0.25,0.25,0.5,1.0,0.75,0.25,1.0,0.75,0.75,0.75,0.75,0.75,0.75,1.0,0.25,0.25,0.75,0.25,1.0,0.0,0.75,0.75,0.75,1.0,0.25,0.75,1.0,0.25,1.0,1.0,0.75,0.75,0.75,0.25,0.75,0.25,0.25,0.75,0.25,0.75,1.0,0.75,0.25,1.0,0.25,1.0,1.0,1.0,1.0,0.75,0.75,0.25,0.25,0.75,0.25,0.75,0.83,0.67,0.67,0.0,0.75,0.75,0.75,0.5,0.5,0.5,0.5,0.5,0.25,0.5,0.25
2609,0.17,0.17,0.0,0.75,1.0,0.0,0.67,1.0,1.0,1.0,1.0,0.0,0.25,1.0,1.0,0.75,0.25,0.75,0.25,0.0,0.75,0.75,1.0,0.0,0.25,0.25,0.0,1.0,1.0,1.0,1.0,0.25,0.25,1.0,0.25,1.0,0.75,0.25,0.0,0.0,0.0,0.75,1.0,1.0,1.0,1.0,0.0,0.75,0.0,0.0,1.0,1.0,1.0,0.75,0.0,1.0,1.0,0.25,0.75,0.25,0.67,1.0,0.83,1.0,1.0,0.75,0.0,0.5,0.25,0.5,0.75,0.5,0.25,1.0,0.0
2610,0.83,0.83,0.17,0.25,0.25,0.0,0.0,1.0,0.0,0.0,1.0,0.25,0.0,1.0,0.75,1.0,0.0,0.0,1.0,0.0,1.0,0.75,0.0,0.0,0.25,0.25,1.0,0.75,0.25,1.0,0.75,0.75,0.25,1.0,0.0,1.0,0.0,0.0,1.0,0.75,0.25,1.0,0.0,0.75,0.75,0.25,1.0,1.0,0.0,0.0,0.75,0.75,1.0,0.25,1.0,0.0,0.75,0.0,0.25,1.0,1.0,0.67,0.5,0.0,1.0,0.0,1.0,0.5,0.5,0.75,0.75,0.25,0.75,0.75,0.25
2611,0.33,0.67,0.17,0.75,1.0,0.0,0.17,1.0,0.75,0.25,1.0,0.75,0.0,1.0,1.0,0.75,0.25,0.75,0.75,0.0,1.0,0.75,0.0,0.0,0.25,0.0,0.0,1.0,0.75,0.75,0.75,0.75,0.0,1.0,0.25,1.0,0.25,0.0,1.0,0.0,0.0,1.0,0.25,1.0,1.0,1.0,0.75,0.75,0.25,0.0,0.75,1.0,1.0,0.0,0.0,1.0,0.0,0.75,1.0,0.75,0.67,1.0,0.83,0.25,1.0,0.75,0.75,0.5,0.5,0.5,0.75,0.5,0.5,0.5,0.5
2612,0.83,0.83,0.33,0.25,0.75,0.75,0.67,1.0,0.75,0.75,0.25,0.75,1.0,0.0,0.25,1.0,1.0,1.0,0.25,0.0,0.75,0.0,0.0,0.75,0.0,1.0,1.0,1.0,0.75,1.0,1.0,0.25,0.25,0.75,0.75,1.0,0.25,1.0,0.75,1.0,1.0,0.0,0.75,1.0,0.75,1.0,0.25,0.25,0.25,0.75,1.0,1.0,1.0,0.25,0.75,0.0,0.25,0.0,1.0,1.0,0.67,0.33,0.67,0.0,0.25,1.0,0.75,0.25,0.75,0.75,0.75,0.25,0.5,0.5,0.75
2613,1.0,0.33,0.33,0.25,0.25,0.0,0.5,0.25,0.75,0.25,0.75,0.25,0.25,0.25,0.75,0.75,0.0,1.0,0.75,0.0,0.25,0.75,0.25,0.0,0.25,0.0,0.0,0.75,0.75,0.25,0.25,0.25,0.25,0.25,0.25,0.75,0.0,0.75,0.0,0.25,0.75,0.75,1.0,0.75,1.0,0.75,0.25,0.75,0.25,0.75,0.75,0.25,0.75,0.75,0.75,0.75,0.75,0.75,0.75,0.75,0.83,0.67,0.83,0.0,0.75,0.25,0.0,0.5,0.5,0.5,0.5,0.5,0.5,0.5,0.5
2614,0.67,0.33,0.17,0.75,0.25,0.0,0.67,0.0,1.0,0.0,1.0,0.0,0.25,0.0,0.25,0.75,0.0,1.0,0.75,0.0,0.25,0.25,0.0,0.0,0.25,0.0,0.0,1.0,0.25,1.0,0.75,0.25,0.25,0.0,0.25,0.75,0.0,1.0,0.0,0.75,1.0,0.75,1.0,0.75,0.75,1.0,0.25,0.25,0.75,1.0,0.25,0.25,0.75,0.75,0.25,0.0,0.0,0.75,0.75,0.75,0.33,0.33,0.67,0.0,0.75,0.75,0.75,0.5,0.5,0.5,0.5,0.5,0.5,0.5,0.5
2615,0.17,0.17,0.0,0.75,1.0,0.0,0.67,0.75,0.75,1.0,0.75,0.0,0.75,0.25,1.0,1.0,0.75,0.25,1.0,0.25,0.75,0.75,1.0,0.0,1.0,0.0,0.0,1.0,1.0,1.0,0.75,0.25,0.25,1.0,0.75,1.0,0.75,0.75,0.75,0.0,0.75,0.75,0.0,0.75,1.0,1.0,0.25,0.25,0.0,0.75,0.75,0.75,1.0,1.0,0.25,0.75,1.0,1.0,0.25,0.75,1.0,1.0,0.83,0.25,0.75,0.75,1.0,0.75,0.25,0.5,0.75,0.75,0.25,0.75,0.75
2616,0.83,0.17,0.17,0.75,0.75,0.0,0.83,0.0,0.75,1.0,0.0,0.0,0.75,0.0,1.0,0.75,1.0,1.0,0.75,0.25,0.75,0.75,1.0,0.0,0.75,0.0,0.0,1.0,0.75,1.0,1.0,0.0,0.25,0.75,1.0,0.25,1.0,0.25,0.0,0.75,0.75,0.75,0.75,1.0,1.0,1.0,0.25,0.75,0.0,1.0,1.0,1.0,0.75,1.0,0.75,0.75,1.0,1.0,0.0,1.0,0.17,0.33,0.67,0.25,0.25,1.0,1.0,0.75,0.25,0.5,0.75,0.75,0.25,0.75,0.25
2617,0.67,0.33,0.0,1.0,1.0,0.0,0.83,0.75,1.0,1.0,0.75,0.0,1.0,0.0,1.0,0.75,1.0,1.0,1.0,0.0,1.0,1.0,1.0,0.0,0.75,0.0,0.0,1.0,0.0,1.0,0.75,0.0,0.0,1.0,0.75,0.0,1.0,0.75,0.25,1.0,1.0,0.25,0.75,1.0,1.0,1.0,0.0,1.0,0.0,1.0,1.0,1.0,1.0,1.0,1.0,1.0,1.0,1.0,0.75,0.25,0.67,0.67,0.67,0.0,0.25,1.0,1.0,0.75,0.25,0.75,1.0,0.75,0.0,1.0,0.5
2618,0.0,0.0,0.0,1.0,1.0,0.0,1.0,0.25,1.0,1.0,0.25,0.0,1.0,0.0,1.0,0.75,1.0,0.25,1.0,0.0,1.0,1.0,1.0,0.0,1.0,0.0,0.0,1.0,1.0,1.0,0.75,0.0,0.25,1.0,1.0,0.25,1.0,0.25,0.25,0.25,0.75,1.0,1.0,1.0,1.0,1.0,0.0,1.0,0.0,0.75,1.0,1.0,1.0,0.75,0.0,1.0,1.0,1.0,0.25,0.75,0.33,0.67,0.67,0.75,0.75,1.0,1.0,0.75,0.0,0.5,1.0,1.0,0.0,0.75,0.0
2623,0.83,0.33,0.0,0.25,0.0,0.0,0.17,1.0,0.25,0.0,1.0,0.75,0.0,0.25,0.75,0.25,0.0,0.25,0.0,0.0,0.25,1.0,0.75,0.0,0.0,0.0,0.0,1.0,0.75,0.25,0.75,0.25,0.0,1.0,0.0,1.0,0.0,0.0,1.0,0.0,0.0,0.75,0.75,0.75,0.75,0.75,0.25,0.0,0.25,0.0,0.0,0.0,0.75,0.0,1.0,0.0,0.0,0.25,1.0,1.0,1.0,1.0,0.17,0.0,1.0,0.0,0.75,0.5,0.5,0.75,0.75,0.25,0.5,0.5,0.5
2624,0.67,0.5,0.0,0.25,0.75,0.0,0.5,1.0,0.0,0.0,1.0,0.25,0.0,1.0,1.0,0.0,0.0,0.0,0.75,0.0,1.0,1.0,0.25,0.0,0.0,0.25,0.0,1.0,1.0,0.75,0.0,0.75,0.75,1.0,0.0,1.0,0.0,0.25,1.0,0.0,0.25,1.0,0.0,1.0,1.0,1.0,0.25,0.25,0.0,0.25,0.75,0.75,1.0,0.0,1.0,0.0,0.75,0.75,1.0,1.0,0.83,0.83,0.5,0.0,1.0,0.0,0.75,0.5,0.5,0.75,0.75,0.5,0.5,0.75,0.25
2625,0.83,0.67,0.5,0.25,0.25,0.0,0.0,1.0,0.75,0.75,1.0,0.75,0.25,0.75,0.75,0.25,0.0,0.75,0.25,0.0,1.0,0.75,0.25,0.0,0.0,0.25,0.25,1.0,0.75,0.25,0.75,0.25,0.75,1.0,0.25,0.75,0.0,0.0,1.0,0.25,0.25,1.0,0.0,1.0,0.75,0.75,0.0,0.75,0.75,0.75,0.75,0.75,0.75,0.75,0.75,0.25,0.25,0.25,0.75,1.0,0.67,0.83,0.67,0.0,1.0,0.75,0.75,0.5,0.75,0.5,1.0,0.5,0.75,0.75,0.75
2626,0.67,0.67,0.17,0.75,0.25,0.0,0.67,0.75,1.0,0.25,0.75,0.75,0.25,0.75,1.0,0.75,0.25,0.0,0.25,0.0,1.0,0.75,0.25,0.0,0.0,0.25,0.0,1.0,1.0,1.0,0.75,0.75,0.25,1.0,0.0,1.0,0.0,0.0,1.0,0.0,0.75,1.0,0.0,1.0,1.0,1.0,0.25,0.25,0.0,0.75,0.75,0.75,1.0,0.25,1.0,0.0,0.0,0.0,1.0,1.0,0.67,1.0,1.0,0.0,1.0,0.25,1.0,0.5,0.75,0.75,0.75,0.25,0.5,1.0,0.5
2627,0.17,0.5,0.0,0.75,0.0,0.0,0.33,0.25,1.0,0.75,1.0,0.75,0.75,0.25,1.0,0.25,0.0,0.75,0.75,0.0,1.0,0.25,1.0,0.0,0.75,0.25,0.25,1.0,0.25,0.75,0.75,0.0,0.75,0.75,0.75,0.25,0.0,0.75,0.75,0.75,0.0,1.0,0.75,1.0,0.25,1.0,0.75,0.0,0.25,1.0,0.25,0.25,0.75,0.75,1.0,0.0,0.25,0.75,0.25,0.75,0.67,0.83,0.67,0.0,1.0,0.0,0.75,0.5,0.5,0.5,0.75,0.75,0.5,0.5,0.5
2628,0.17,0.17,0.17,0.25,0.75,0.0,0.17,1.0,1.0,1.0,1.0,0.25,0.0,0.25,1.0,0.75,0.0,0.25,0.25,0.0,0.75,0.75,0.0,0.0,0.75,0.25,0.0,1.0,0.75,0.75,0.0,1.0,0.25,1.0,0.0,1.0,0.0,0.0,1.0,0.25,0.75,1.0,0.25,0.75,0.75,0.25,0.75,0.25,0.75,0.25,0.25,0.0,0.25,0.75,0.75,0.75,0.25,0.25,0.75,0.75,1.0,0.83,0.17,0.25,1.0,0.25,0.75,0.5,0.5,0.5,0.75,0.5,0.5,0.5,0.5
2630,0.83,0.67,0.67,0.75,1.0,0.25,0.67,0.25,0.25,0.25,0.0,0.0,0.75,0.25,0.75,0.0,0.75,1.0,1.0,0.75,1.0,0.75,0.75,0.25,1.0,0.25,0.25,1.0,0.0,0.75,1.0,0.25,0.0,1.0,0.0,1.0,1.0,0.25,0.0,0.25,1.0,0.75,0.75,1.0,1.0,1.0,0.0,0.0,0.75,1.0,1.0,0.75,0.75,0.25,1.0,1.0,1.0,0.75,0.0,0.75,0.67,0.83,0.83,0.0,0.0,0.75,1.0,0.25,0.25,0.75,1.0,0.5,0.25,0.75,0.25
2631,0.17,1.0,0.5,0.25,0.75,0.25,0.0,0.75,0.0,1.0,0.75,0.75,0.0,0.75,0.25,1.0,0.0,0.75,0.25,0.0,0.75,0.25,0.0,0.75,0.25,0.25,0.25,0.75,0.25,0.75,1.0,0.75,0.75,1.0,0.0,0.75,0.0,0.75,0.0,0.0,0.25,0.25,0.25,1.0,1.0,1.0,0.0,0.0,0.0,1.0,0.75,1.0,1.0,0.75,0.0,0.0,0.0,0.25,1.0,1.0,0.67,0.5,1.0,0.0,0.75,0.25,1.0,0.75,0.75,0.5,0.75,0.5,0.0,0.5,0.5
2633,0.83,0.67,0.17,0.0,0.0,1.0,0.0,0.0,0.0,0.0,0.0,1.0,0.0,0.0,1.0,0.75,0.0,1.0,0.0,0.0,0.0,0.0,0.0,1.0,0.0,1.0,1.0,1.0,0.0,0.0,1.0,0.25,1.0,0.0,0.0,1.0,0.0,1.0,1.0,0.0,0.0,1.0,1.0,0.0,0.0,0.0,1.0,0.0,0.0,1.0,0.0,0.0,0.0,0.0,0.0,0.0,0.0,0.0,1.0,1.0,0.83,0.67,0.17,0.0,1.0,0.0,0.0,0.0,0.75,0.75,0.75,0.0,0.75,0.5,0.5
2634,1.0,0.5,0.0,0.25,0.75,0.0,0.5,0.25,0.75,0.75,1.0,0.75,0.0,0.75,1.0,0.0,0.25,0.25,0.0,0.0,1.0,0.75,0.25,0.25,0.0,0.25,0.0,1.0,0.75,0.25,0.25,0.25,0.0,1.0,0.0,0.75,0.0,0.0,0.75,0.25,0.75,0.75,0.75,0.75,0.25,1.0,0.25,0.75,1.0,0.75,0.0,0.0,0.0,0.25,1.0,0.0,0.0,0.25,0.75,1.0,1.0,0.83,0.67,0.0,0.75,0.75,1.0,0.5,0.5,0.75,0.75,0.5,0.5,0.75,0.5
2635,1.0,0.5,0.17,0.0,0.25,0.0,0.0,0.75,0.0,0.0,1.0,0.75,0.0,1.0,1.0,0.0,0.0,0.0,0.0,0.0,0.25,1.0,0.0,0.25,0.0,0.75,1.0,1.0,0.75,0.0,0.0,0.75,1.0,1.0,0.0,1.0,0.0,0.25,0.25,0.0,0.0,1.0,0.25,0.25,1.0,0.75,1.0,0.0,0.75,0.0,1.0,0.75,0.75,0.0,0.0,0.0,0.0,0.0,1.0,1.0,0.83,1.0,0.67,0.0,1.0,0.25,0.25,0.5,0.5,0.5,0.75,0.25,0.5,0.5,0.5
2636,0.67,0.67,0.17,0.0,0.75,0.0,0.0,1.0,0.25,0.0,1.0,0.25,0.0,1.0,0.75,0.25,0.0,0.0,0.75,0.0,0.25,0.0,0.0,0.25,0.0,0.75,0.25,1.0,0.75,0.0,0.25,1.0,0.75,1.0,0.0,1.0,0.0,0.0,1.0,0.0,0.25,1.0,0.25,0.75,0.25,0.0,0.75,0.0,0.0,0.0,0.75,0.75,0.25,0.0,0.25,0.0,0.0,0.0,1.0,0.75,1.0,0.83,0.17,0.0,1.0,0.0,0.0,0.0,0.75,0.75,0.5,0.0,0.75,0.5,0.5
2638,1.0,0.33,0.5,0.75,0.75,0.0,0.5,0.75,1.0,1.0,1.0,0.0,0.75,0.0,0.25,0.0,0.0,1.0,0.75,0.0,0.75,0.75,0.0,0.25,0.25,0.0,0.75,1.0,0.25,0.75,0.25,0.0,0.25,0.0,0.25,0.75,0.25,1.0,0.25,0.75,0.75,1.0,0.75,0.75,0.75,1.0,0.75,0.75,0.75,1.0,0.75,0.25,0.75,0.75,0.75,1.0,0.0,1.0,1.0,1.0,0.67,0.83,0.67,0.0,0.75,0.25,0.75,0.5,0.5,0.5,0.75,0.5,0.5,0.5,0.5
2639,1.0,0.17,0.17,0.75,1.0,0.0,0.0,0.75,0.75,0.0,1.0,0.0,0.25,0.75,1.0,0.75,0.0,1.0,0.75,0.0,0.25,0.75,1.0,0.0,1.0,0.0,0.0,1.0,1.0,0.75,0.75,0.25,0.25,0.0,0.0,0.75,0.0,0.75,1.0,0.75,0.75,1.0,0.0,0.25,0.75,0.75,1.0,0.0,0.75,1.0,0.0,0.0,0.75,1.0,0.75,0.75,0.0,0.0,1.0,0.75,0.83,0.83,0.5,1.0,1.0,0.0,1.0,0.5,0.75,0.5,0.75,0.5,0.75,0.75,0.25
2641,0.5,1.0,1.0,0.0,0.0,1.0,0.17,0.0,0.25,0.25,0.25,1.0,0.25,0.0,0.0,0.0,0.0,1.0,0.25,0.0,0.75,1.0,0.25,1.0,0.0,1.0,0.25,0.25,0.0,1.0,1.0,0.25,0.75,1.0,0.0,1.0,0.0,0.0,0.0,1.0,1.0,0.25,0.25,0.75,0.0,0.75,0.25,0.0,0.0,1.0,0.0,0.0,0.0,0.75,0.25,0.0,0.75,0.0,1.0,0.75,0.83,0.17,0.67,0.0,0.0,0.25,0.0,0.25,0.75,0.5,0.5,0.5,0.5,0.5,0.5
2652,0.83,0.17,0.17,1.0,1.0,0.0,1.0,1.0,1.0,1.0,1.0,0.0,1.0,0.75,0.75,1.0,0.25,1.0,1.0,0.0,1.0,1.0,1.0,0.0,1.0,0.0,0.0,1.0,0.25,1.0,0.25,0.0,0.25,1.0,0.25,1.0,0.25,0.25,0.75,0.75,0.75,0.0,0.25,1.0,1.0,1.0,0.0,1.0,0.0,1.0,1.0,1.0,1.0,1.0,0.75,1.0,1.0,1.0,0.25,0.75,0.83,0.83,1.0,0.0,0.75,1.0,1.0,0.75,0.25,0.5,1.0,0.0,0.0,0.75,0.0
2653,0.33,0.33,0.0,0.75,0.25,0.0,0.67,1.0,0.75,0.25,1.0,0.25,0.75,1.0,0.75,0.75,0.0,1.0,0.75,0.75,0.75,0.25,0.75,0.25,0.25,0.25,0.75,1.0,0.25,0.25,0.25,0.0,0.25,1.0,0.25,1.0,0.25,0.25,0.75,0.25,0.25,0.75,0.25,1.0,1.0,1.0,0.0,1.0,0.0,0.75,1.0,0.75,0.75,1.0,1.0,0.25,0.25,0.75,0.25,0.75,0.83,1.0,0.83,0.75,0.75,0.75,0.75,0.75,0.25,0.75,0.75,0.25,0.0,0.75,0.0
2654,0.67,0.67,0.17,0.25,1.0,0.0,0.67,0.75,0.75,1.0,0.75,0.75,0.25,0.75,0.25,0.75,0.0,0.75,0.25,0.0,0.75,0.25,1.0,0.0,0.75,0.75,0.25,1.0,1.0,0.25,1.0,0.0,1.0,1.0,0.0,1.0,0.0,0.25,1.0,0.75,0.25,1.0,0.25,1.0,1.0,1.0,0.0,1.0,0.0,0.25,1.0,0.75,0.75,1.0,0.0,0.0,1.0,0.0,0.75,1.0,0.83,0.33,0.83,0.0,1.0,0.0,0.75,0.25,0.25,0.5,0.5,0.5,0.0,0.5,0.25
2655,0.5,0.17,0.17,0.25,1.0,0.0,0.67,1.0,0.25,0.75,1.0,0.0,0.25,1.0,0.75,0.25,0.25,0.75,0.75,0.0,0.75,0.75,0.75,0.0,0.75,0.0,0.0,0.75,0.25,0.25,1.0,0.75,0.75,0.75,0.25,1.0,0.25,0.25,1.0,0.0,0.25,1.0,0.25,0.75,1.0,0.75,0.75,0.75,0.0,1.0,1.0,0.25,1.0,1.0,1.0,0.25,1.0,0.75,0.75,0.0,1.0,1.0,0.67,0.25,0.75,0.75,1.0,0.5,0.5,0.5,0.75,0.5,0.25,0.5,0.25
2656,0.0,0.5,0.0,1.0,0.75,0.0,1.0,0.0,1.0,1.0,0.0,0.0,1.0,0.0,0.0,1.0,1.0,1.0,1.0,0.0,0.75,0.25,1.0,0.0,1.0,0.0,0.0,1.0,0.75,1.0,0.75,0.0,0.25,0.75,1.0,0.75,1.0,1.0,0.0,1.0,1.0,1.0,1.0,1.0,1.0,1.0,0.0,0.25,0.0,1.0,0.75,0.75,0.75,1.0,0.75,0.75,1.0,1.0,0.25,0.75,0.0,0.83,0.83,0.75,0.25,1.0,1.0,0.75,0.5,0.5,1.0,0.75,0.5,1.0,0.75
2661,1.0,0.5,0.5,0.0,0.25,1.0,0.67,0.25,1.0,0.0,0.75,0.75,0.25,0.75,0.75,0.75,0.0,0.0,0.0,0.0,1.0,1.0,0.0,1.0,0.0,1.0,1.0,0.0,0.25,0.25,0.0,1.0,0.0,0.0,0.0,0.75,0.0,0.75,0.75,0.25,0.25,1.0,1.0,0.75,0.0,0.75,0.75,0.75,1.0,0.75,0.25,0.25,0.25,0.25,0.0,0.0,0.0,0.0,1.0,1.0,1.0,0.67,0.17,0.0,1.0,0.0,0.0,0.0,0.75,0.75,0.75,0.5,0.75,0.5,0.5
2669,0.83,0.17,0.0,0.75,0.25,0.0,0.17,1.0,1.0,0.75,1.0,0.75,0.75,1.0,1.0,0.75,0.0,0.0,0.75,0.0,0.75,0.75,0.75,0.0,0.75,0.0,0.0,1.0,1.0,1.0,0.75,0.25,0.0,1.0,0.0,1.0,0.0,0.25,0.75,0.0,0.25,1.0,0.25,1.0,0.75,1.0,0.75,0.75,0.75,1.0,0.0,0.75,0.25,1.0,1.0,1.0,1.0,0.0,1.0,1.0,0.83,0.83,0.67,0.0,0.25,0.25,1.0,0.5,0.5,0.5,0.75,0.5,0.5,0.5,0.5
2670,0.67,0.17,0.0,0.75,1.0,0.0,0.67,0.75,1.0,1.0,1.0,0.0,0.25,0.75,1.0,0.25,0.75,0.75,1.0,0.0,0.75,1.0,0.75,0.0,0.75,0.25,0.25,1.0,0.25,1.0,0.75,0.25,0.25,1.0,0.75,1.0,0.25,0.0,0.25,0.75,0.25,0.75,0.25,1.0,1.0,1.0,0.0,1.0,0.0,0.75,0.75,1.0,1.0,1.0,0.75,0.75,1.0,0.75,0.75,0.75,0.83,1.0,0.83,0.0,1.0,0.75,1.0,0.75,0.5,0.5,0.75,0.5,0.0,1.0,0.25
2671,0.5,0.5,0.0,1.0,1.0,0.0,1.0,0.0,1.0,1.0,0.0,0.0,1.0,0.25,1.0,0.0,1.0,0.0,1.0,0.0,1.0,0.75,1.0,0.0,1.0,0.0,0.0,1.0,0.0,1.0,1.0,0.0,0.0,1.0,1.0,0.0,1.0,1.0,0.0,1.0,1.0,0.75,1.0,1.0,1.0,1.0,0.0,1.0,0.0,1.0,1.0,1.0,1.0,1.0,0.75,1.0,1.0,1.0,0.0,0.0,0.0,0.67,1.0,0.0,0.0,1.0,1.0,0.75,0.0,0.5,1.0,0.75,0.0,1.0,0.5
2672,0.5,0.33,0.0,0.25,1.0,0.0,0.5,1.0,0.75,0.75,1.0,0.0,0.25,1.0,1.0,0.75,0.25,0.75,0.75,0.0,1.0,0.75,1.0,0.0,0.75,0.0,0.0,1.0,0.75,0.75,1.0,0.0,0.75,1.0,0.25,1.0,0.0,0.25,1.0,0.0,0.0,1.0,0.0,1.0,1.0,1.0,0.0,1.0,0.0,1.0,1.0,0.75,0.75,1.0,0.75,1.0,1.0,0.75,0.75,0.75,1.0,1.0,1.0,0.0,1.0,0.0,1.0,0.5,0.25,0.5,0.75,0.5,0.0,0.5,0.0
2673,0.17,0.33,0.17,0.75,0.75,0.0,0.5,1.0,0.75,0.75,0.75,0.25,0.25,0.25,0.75,0.75,0.0,0.75,0.25,0.75,0.75,0.75,1.0,0.0,0.75,0.25,0.25,1.0,0.75,0.75,0.75,0.25,0.25,1.0,0.25,0.75,0.0,0.25,0.75,0.25,0.25,0.75,0.75,1.0,1.0,1.0,0.0,1.0,0.0,0.75,0.75,0.75,0.75,1.0,0.75,0.75,1.0,0.75,0.75,0.75,0.17,0.33,1.0,0.25,0.25,0.0,1.0,0.75,0.5,0.5,0.75,0.5,0.0,0.5,0.25
2674,0.83,0.0,0.0,0.75,0.75,0.0,1.0,0.75,1.0,1.0,0.75,0.0,0.25,1.0,1.0,1.0,0.25,1.0,0.75,0.0,0.75,0.25,1.0,0.0,1.0,0.0,0.0,1.0,1.0,1.0,1.0,0.0,0.25,1.0,1.0,1.0,0.25,0.25,1.0,0.0,0.25,1.0,1.0,1.0,1.0,1.0,0.0,1.0,0.25,1.0,1.0,1.0,1.0,1.0,1.0,1.0,1.0,1.0,0.0,1.0,0.83,1.0,1.0,0.25,0.75,1.0,1.0,0.75,0.25,0.5,0.75,0.5,0.0,1.0,0.25
2675,1.0,0.5,0.67,0.25,0.25,1.0,0.17,1.0,0.0,0.0,0.75,0.75,0.0,0.75,0.0,0.25,0.0,0.75,0.25,0.25,0.25,0.0,0.0,1.0,0.25,1.0,1.0,0.0,0.25,0.0,0.0,1.0,1.0,0.25,0.0,1.0,0.0,0.25,0.0,0.0,0.0,0.75,0.25,0.0,0.0,0.0,0.75,0.25,0.75,0.75,0.25,0.75,0.25,0.0,0.25,0.0,0.0,0.0,1.0,0.75,1.0,0.5,0.17,0.0,0.75,0.0,0.0,0.0,1.0,0.5,0.75,0.25,0.75,0.25,0.5
2676,1.0,1.0,1.0,0.0,0.0,0.0,1.0,0.25,0.75,0.0,0.75,0.75,0.25,0.75,1.0,1.0,0.75,0.75,0.25,0.25,0.0,0.75,0.75,0.25,0.25,0.25,0.25,1.0,0.25,0.75,0.75,0.25,0.25,0.25,0.75,1.0,0.25,0.25,0.0,0.75,0.75,0.25,1.0,1.0,1.0,1.0,0.25,0.75,0.0,1.0,0.25,1.0,0.75,1.0,0.25,0.25,0.25,0.75,0.25,1.0,1.0,0.5,0.67,0.25,0.75,0.75,0.75,0.5,0.5,0.75,0.75,0.25,0.5,0.75,0.5
2677,0.17,0.17,0.0,1.0,1.0,0.0,0.83,0.25,1.0,1.0,0.25,0.0,1.0,0.25,1.0,0.75,1.0,0.75,1.0,0.25,1.0,1.0,1.0,0.0,0.75,0.0,0.0,1.0,0.75,1.0,0.25,0.0,0.0,1.0,1.0,0.0,1.0,1.0,0.0,1.0,1.0,0.25,1.0,1.0,0.75,1.0,0.0,1.0,0.25,1.0,0.75,1.0,0.75,1.0,0.75,1.0,1.0,1.0,0.0,0.25,0.17,0.5,1.0,0.0,0.0,1.0,1.0,0.5,0.0,0.5,0.75,0.75,0.0,1.0,0.5
2679,0.33,0.17,0.0,1.0,1.0,0.0,1.0,0.0,1.0,1.0,0.25,0.0,1.0,0.25,0.75,0.75,0.75,0.75,1.0,0.25,0.75,1.0,1.0,0.0,0.75,0.0,0.0,1.0,0.25,0.75,1.0,0.0,0.25,0.75,1.0,1.0,0.75,0.75,0.25,0.25,0.25,0.25,0.75,1.0,1.0,1.0,0.0,0.75,0.0,1.0,1.0,1.0,1.0,1.0,0.75,1.0,1.0,1.0,0.0,0.75,0.33,0.83,1.0,0.75,0.0,1.0,1.0,0.75,0.0,0.5,1.0,0.75,0.0,1.0,0.5
2680,1.0,0.5,0.5,0.25,0.25,0.75,0.83,0.75,0.75,0.25,0.25,0.75,0.25,0.25,0.25,0.75,0.25,0.75,0.25,0.25,0.75,0.25,0.0,0.75,0.25,0.75,0.75,0.75,0.0,0.75,0.25,0.75,0.25,0.0,0.25,0.25,0.25,0.25,0.25,0.25,0.25,1.0,0.75,0.25,0.25,0.75,0.75,0.25,1.0,1.0,0.25,0.25,0.25,0.25,0.75,0.25,0.25,0.75,1.0,1.0,1.0,0.83,0.5,0.0,0.75,0.25,0.0,0.25,0.75,0.75,0.75,0.5,0.75,0.5,0.5
2681,0.83,0.17,0.17,1.0,1.0,0.0,0.83,0.0,1.0,1.0,0.25,0.0,1.0,0.0,0.75,0.75,1.0,0.0,1.0,0.0,1.0,0.75,1.0,0.0,1.0,0.0,0.0,1.0,0.25,1.0,0.25,0.0,0.0,0.0,1.0,0.25,1.0,1.0,0.0,0.75,1.0,0.25,1.0,1.0,1.0,1.0,0.0,1.0,0.0,1.0,1.0,1.0,0.75,1.0,0.25,1.0,1.0,1.0,0.0,0.75,0.33,0.5,1.0,0.0,0.0,1.0,0.75,0.75,0.0,0.75,0.0,0.75,0.0,1.0,0.5
2682,0.0,0.0,0.0,1.0,1.0,0.0,1.0,0.0,1.0,1.0,0.0,0.0,1.0,0.0,1.0,0.25,1.0,0.25,1.0,0.25,1.0,1.0,1.0,0.0,1.0,0.0,0.0,1.0,0.75,1.0,0.75,0.0,0.0,1.0,1.0,0.25,1.0,1.0,0.0,0.75,1.0,0.25,1.0,1.0,1.0,1.0,0.0,1.0,0.0,1.0,0.75,1.0,1.0,1.0,0.25,1.0,1.0,1.0,0.0,0.0,0.0,0.33,1.0,0.75,0.0,1.0,1.0,0.75,0.25,0.5,1.0,0.75,0.25,1.0,0.5
2683,0.0,0.0,0.17,1.0,1.0,0.0,1.0,0.0,1.0,1.0,0.0,0.0,1.0,0.0,0.75,0.75,1.0,0.0,1.0,0.25,1.0,1.0,1.0,0.0,0.75,0.0,0.0,1.0,0.75,1.0,0.75,0.0,0.0,1.0,1.0,0.0,1.0,1.0,0.25,1.0,1.0,0.0,1.0,1.0,1.0,1.0,0.0,1.0,0.0,1.0,1.0,1.0,1.0,1.0,0.25,1.0,1.0,1.0,0.0,0.25,0.0,0.17,1.0,0.25,0.0,1.0,1.0,0.75,0.0,0.5,1.0,1.0,0.25,1.0,0.75
2684,0.83,0.83,0.83,0.0,0.25,0.75,0.67,0.25,0.25,0.0,1.0,1.0,0.0,1.0,0.0,0.75,0.0,1.0,0.75,0.0,0.75,0.25,0.0,0.75,0.0,1.0,1.0,0.0,0.75,0.25,0.75,1.0,0.0,0.75,0.25,0.75,0.0,1.0,1.0,0.25,1.0,1.0,1.0,0.0,0.0,0.75,1.0,0.0,1.0,0.25,0.0,0.0,0.25,0.0,0.75,0.0,0.25,0.0,1.0,1.0,1.0,0.83,0.17,0.0,0.75,0.0,0.0,0.0,0.5,0.5,0.5,0.25,0.5,0.5,0.5
2685,0.67,0.33,0.67,0.0,0.75,0.25,0.17,0.75,0.0,0.0,0.25,0.25,0.0,0.75,0.0,0.0,0.25,0.75,0.75,0.0,0.0,0.75,0.0,0.75,0.0,1.0,1.0,0.75,0.75,0.0,0.25,0.75,0.0,0.0,0.0,0.75,0.0,0.25,0.75,0.25,1.0,0.25,0.25,0.0,0.0,0.25,1.0,0.0,1.0,1.0,0.0,0.0,0.0,0.0,0.0,0.75,0.75,0.25,1.0,0.75,0.67,0.33,0.33,0.0,0.75,0.0,0.0,0.25,0.5,0.5,0.5,0.5,0.5,0.5,0.5
2686,1.0,0.83,0.0,0.75,1.0,0.0,0.67,0.25,1.0,0.75,0.25,0.25,0.75,0.25,0.25,0.75,0.75,0.75,1.0,0.0,0.75,0.25,1.0,0.0,0.75,0.25,0.25,1.0,0.75,0.75,0.25,0.0,0.25,1.0,0.25,1.0,0.75,0.0,1.0,0.25,0.0,1.0,0.0,1.0,1.0,1.0,0.0,0.75,0.25,1.0,1.0,1.0,1.0,1.0,1.0,1.0,1.0,1.0,0.25,0.75,1.0,1.0,1.0,0.0,0.75,0.75,1.0,0.5,0.25,0.5,1.0,0.5,0.0,0.75,0.0
2687,1.0,0.67,0.5,0.0,0.0,0.0,0.17,0.0,1.0,0.0,1.0,0.0,0.0,0.0,0.0,0.0,0.0,1.0,0.0,0.0,0.25,1.0,0.0,0.0,0.0,0.0,0.0,0.0,0.0,0.0,0.0,1.0,0.25,0.0,0.0,1.0,0.0,1.0,0.0,0.25,1.0,1.0,0.75,0.75,0.0,1.0,1.0,0.0,1.0,1.0,0.25,0.0,0.0,0.25,1.0,0.0,0.0,0.0,1.0,1.0,0.83,0.83,0.5,0.0,1.0,0.0,0.75,0.25,0.5,0.75,0.5,0.5,0.5,0.5,0.5
2689,0.0,0.5,0.0,0.0,0.75,0.0,0.0,1.0,0.0,0.25,1.0,0.25,0.0,1.0,0.75,0.0,0.0,0.0,0.25,0.0,1.0,0.75,0.0,0.0,0.0,0.25,0.0,1.0,1.0,0.0,0.0,0.25,0.0,1.0,0.0,1.0,0.0,0.0,1.0,0.0,0.0,0.75,0.0,0.75,0.75,0.0,1.0,0.0,0.0,0.0,0.75,1.0,0.25,0.0,1.0,0.0,0.0,0.0,1.0,1.0,1.0,1.0,0.17,0.0,1.0,0.0,1.0,0.5,0.5,0.75,0.75,0.25,0.5,0.5,0.25
2690,0.83,0.33,0.17,0.0,1.0,0.0,0.5,0.25,0.0,0.0,0.75,0.25,0.25,0.75,0.25,0.25,0.0,0.0,0.75,0.0,0.75,0.25,0.25,0.25,0.0,0.25,0.0,0.75,0.0,1.0,0.25,0.0,0.25,0.75,0.0,1.0,0.75,0.0,0.0,0.25,0.25,0.0,0.25,0.75,0.75,0.75,0.0,0.25,0.25,0.75,0.25,0.25,0.0,0.0,0.25,0.0,0.75,0.25,0.75,1.0,0.67,0.33,0.67,0.0,0.25,0.25,0.75,0.25,0.5,0.5,0.25,0.5,0.25,0.75,0.5
2691,0.83,0.5,0.0,0.75,1.0,0.0,0.33,1.0,0.75,0.75,1.0,0.25,0.0,1.0,1.0,1.0,0.25,1.0,1.0,0.0,1.0,0.75,1.0,0.0,0.0,0.25,0.0,1.0,1.0,0.25,1.0,0.25,0.25,1.0,0.0,1.0,0.25,0.0,1.0,0.0,0.0,1.0,0.0,0.25,1.0,1.0,0.75,0.75,0.0,0.0,0.75,1.0,0.75,1.0,1.0,1.0,0.75,0.75,0.75,1.0,1.0,1.0,0.67,0.0,1.0,0.0,0.75,0.5,0.25,0.5,0.75,0.5,0.5,0.5,0.25
2692,0.0,0.67,0.5,0.25,0.75,0.25,0.0,1.0,0.0,0.0,1.0,0.25,0.25,1.0,1.0,0.25,0.0,1.0,0.0,0.0,0.25,0.0,0.0,0.0,0.0,0.75,1.0,1.0,0.25,0.0,0.75,1.0,0.25,1.0,0.0,1.0,0.0,0.0,0.75,0.0,0.0,1.0,0.0,0.0,0.0,0.0,0.75,0.25,0.25,1.0,0.25,0.75,0.75,0.0,0.0,0.0,0.75,0.0,0.25,1.0,1.0,0.83,0.67,0.0,1.0,0.0,0.0,0.0,0.25,0.5,0.5,0.25,0.25,0.25,0.25
2693,1.0,0.33,0.5,0.75,0.0,0.0,0.5,0.0,1.0,0.75,1.0,0.0,0.25,0.0,0.75,0.75,0.0,1.0,0.75,1.0,0.25,0.75,0.75,0.0,0.25,0.0,0.0,0.75,0.25,0.75,0.25,0.25,0.25,0.0,0.25,0.75,0.25,1.0,0.0,0.75,1.0,0.75,1.0,0.75,0.75,1.0,0.25,0.25,0.75,1.0,0.25,0.25,0.75,0.75,0.75,0.25,0.0,1.0,0.25,0.75,0.67,0.67,0.67,0.75,0.75,0.75,0.75,0.75,0.5,0.5,0.75,0.5,0.5,0.5,0.5
2694,0.0,0.17,0.0,0.25,0.0,0.0,0.5,0.75,1.0,0.0,1.0,0.0,0.0,0.0,1.0,1.0,0.0,1.0,0.75,0.0,0.0,0.75,0.0,0.0,0.75,0.0,0.0,1.0,0.25,0.75,0.0,0.75,0.0,0.25,0.0,1.0,0.0,0.75,0.0,0.75,0.75,1.0,0.75,1.0,1.0,1.0,0.25,1.0,0.0,1.0,0.75,0.75,0.75,1.0,0.75,0.0,0.75,0.0,1.0,0.25,0.67,0.83,0.67,0.0,1.0,0.75,1.0,0.5,0.5,0.5,0.75,0.5,0.5,0.5,0.5
2696,1.0,0.5,0.17,0.25,0.0,0.0,0.5,0.25,1.0,0.75,1.0,0.0,0.25,0.0,0.0,0.75,0.0,1.0,0.75,0.0,0.25,0.75,0.0,0.0,0.25,0.0,0.0,0.25,0.0,1.0,0.75,0.25,0.75,0.0,0.25,0.75,0.0,1.0,0.0,0.75,1.0,0.25,1.0,0.75,0.75,1.0,0.25,0.25,0.75,1.0,0.25,0.25,0.75,0.75,0.25,0.0,0.0,0.75,1.0,1.0,0.67,0.67,0.67,0.0,0.75,0.75,0.75,0.5,0.5,0.5,0.5,0.5,0.5,0.5,0.5
2697,0.83,0.17,0.17,0.25,0.75,0.0,0.17,0.25,1.0,0.25,0.75,0.25,0.25,0.25,1.0,0.25,0.0,1.0,0.25,0.0,0.75,0.75,0.0,0.0,0.25,0.25,0.0,0.75,0.75,0.75,0.75,0.75,0.0,0.0,0.0,0.75,0.0,1.0,0.25,0.75,1.0,0.75,1.0,0.75,0.75,1.0,0.75,0.0,0.75,1.0,0.25,0.25,0.75,0.25,0.75,0.0,0.0,0.25,1.0,1.0,0.83,0.83,0.83,0.25,0.75,0.75,1.0,0.5,0.5,0.5,0.5,0.5,0.5,0.5,0.5
2699,1.0,1.0,0.17,0.0,0.75,0.0,0.5,1.0,0.75,0.0,0.75,0.25,1.0,1.0,0.75,0.75,0.75,1.0,1.0,0.0,0.25,0.25,0.25,0.0,0.75,0.25,0.25,1.0,1.0,0.75,1.0,0.75,0.75,0.75,1.0,1.0,0.0,1.0,1.0,0.25,1.0,0.75,0.0,0.75,0.25,1.0,0.0,0.75,1.0,1.0,0.0,0.0,0.25,1.0,0.75,0.75,0.0,0.25,1.0,1.0,0.17,0.67,0.67,0.25,0.25,1.0,1.0,0.5,0.5,0.5,0.75,0.25,0.25,0.75,0.5
2700,1.0,0.5,0.0,1.0,1.0,0.0,0.5,0.75,1.0,1.0,1.0,0.75,0.25,1.0,1.0,0.0,0.0,1.0,1.0,0.0,1.0,0.75,1.0,0.0,0.75,0.0,0.0,1.0,1.0,0.25,0.0,0.0,0.0,1.0,0.25,0.0,0.25,1.0,1.0,0.0,0.25,1.0,0.0,1.0,1.0,1.0,0.75,0.75,0.0,1.0,0.75,0.0,0.75,1.0,1.0,1.0,1.0,0.25,1.0,1.0,0.83,0.83,0.67,0.0,0.75,0.75,1.0,0.25,0.25,0.5,1.0,0.75,0.25,0.75,0.0
2702,0.33,0.33,0.0,1.0,0.75,0.0,0.67,0.25,1.0,1.0,0.25,0.0,1.0,0.25,0.75,0.75,1.0,0.25,1.0,0.25,1.0,1.0,1.0,0.0,1.0,0.0,0.0,1.0,0.25,1.0,0.75,0.0,0.0,0.75,1.0,0.75,0.75,0.25,0.25,0.75,0.75,0.75,0.75,0.75,1.0,1.0,0.0,0.75,0.0,0.75,0.25,1.0,1.0,1.0,0.75,1.0,1.0,0.75,0.0,1.0,0.17,0.67,0.67,0.75,0.75,0.75,1.0,0.75,0.25,0.5,0.5,0.75,0.25,0.75,0.5
2703,0.0,0.0,0.0,1.0,1.0,0.0,1.0,0.0,1.0,1.0,0.0,0.0,1.0,0.0,1.0,0.75,1.0,0.0,1.0,0.0,1.0,1.0,1.0,0.0,1.0,0.0,0.0,1.0,0.75,1.0,0.75,0.0,0.0,1.0,1.0,0.0,1.0,1.0,0.0,1.0,1.0,1.0,1.0,1.0,1.0,1.0,0.0,0.75,0.0,1.0,1.0,1.0,1.0,1.0,1.0,1.0,1.0,1.0,0.0,0.0,0.0,0.83,1.0,1.0,0.0,1.0,1.0,1.0,0.0,0.25,1.0,1.0,0.0,1.0,0.0
2704,0.0,0.0,0.0,1.0,1.0,0.0,1.0,0.0,1.0,1.0,0.0,0.0,1.0,0.0,1.0,1.0,1.0,0.0,1.0,0.0,1.0,1.0,1.0,0.0,1.0,0.0,0.0,1.0,0.0,1.0,1.0,0.0,0.0,1.0,1.0,0.0,1.0,1.0,0.0,1.0,1.0,0.75,1.0,1.0,1.0,1.0,0.0,1.0,0.0,0.75,1.0,1.0,1.0,1.0,0.25,1.0,1.0,1.0,0.0,0.0,0.0,1.0,1.0,0.75,0.0,1.0,1.0,1.0,0.0,0.0,1.0,1.0,0.0,1.0,0.5
2705,0.0,0.17,0.17,1.0,1.0,0.0,0.83,0.75,1.0,1.0,0.25,0.0,1.0,0.25,1.0,0.0,1.0,0.25,1.0,0.25,1.0,1.0,1.0,0.0,1.0,0.0,0.0,1.0,0.75,1.0,1.0,0.25,0.25,1.0,1.0,0.0,1.0,0.75,1.0,1.0,1.0,0.75,1.0,1.0,1.0,1.0,0.0,0.0,0.0,1.0,0.75,0.75,0.75,1.0,1.0,1.0,1.0,0.75,0.0,0.75,0.33,0.67,0.83,0.75,0.75,1.0,1.0,0.75,0.25,0.5,1.0,1.0,0.25,1.0,0.25
2706,0.83,0.33,0.67,0.75,0.75,0.0,1.0,0.0,1.0,1.0,0.0,0.0,0.75,0.25,0.75,0.75,1.0,0.75,1.0,0.25,0.75,0.75,1.0,0.75,0.75,0.0,0.25,1.0,0.25,1.0,0.75,0.25,0.25,0.25,1.0,0.75,1.0,1.0,0.0,0.75,1.0,1.0,1.0,1.0,0.75,1.0,0.0,0.0,0.75,1.0,0.25,0.75,0.25,1.0,1.0,1.0,0.0,1.0,0.25,0.75,0.17,0.83,0.67,0.75,0.25,1.0,1.0,0.75,0.25,0.75,0.75,0.75,0.25,0.75,0.75
2707,0.83,0.0,0.0,0.75,1.0,0.0,0.83,0.25,1.0,1.0,0.25,0.0,1.0,0.0,0.75,0.75,1.0,1.0,1.0,0.25,0.75,0.75,1.0,0.0,1.0,0.0,0.0,0.25,0.0,1.0,0.25,0.0,0.0,0.75,0.75,0.75,1.0,0.75,0.0,0.75,1.0,0.25,0.75,1.0,1.0,1.0,0.25,0.25,0.0,0.75,0.75,1.0,0.75,1.0,1.0,1.0,1.0,1.0,0.25,0.75,0.67,0.67,1.0,0.0,0.75,1.0,1.0,0.75,0.0,0.5,1.0,0.75,0.25,1.0,0.5
2708,0.33,0.17,0.0,0.75,0.75,0.0,1.0,0.0,1.0,1.0,0.25,0.0,1.0,0.0,0.75,0.25,1.0,0.75,1.0,0.0,1.0,0.75,1.0,0.0,1.0,0.0,0.0,1.0,0.75,1.0,0.75,0.0,0.25,0.75,1.0,0.0,1.0,0.75,0.0,1.0,1.0,0.75,1.0,1.0,1.0,1.0,0.0,0.75,0.0,1.0,0.75,1.0,0.75,1.0,0.0,0.75,1.0,1.0,0.25,0.75,0.17,0.5,1.0,1.0,0.25,1.0,1.0,1.0,0.0,0.75,0.75,0.75,0.0,0.75,0.25
2709,0.0,0.17,0.17,0.75,1.0,0.0,1.0,0.0,1.0,1.0,0.0,0.0,1.0,0.0,1.0,0.75,1.0,0.0,1.0,0.25,1.0,0.75,1.0,0.0,1.0,0.0,0.0,1.0,1.0,1.0,0.25,0.0,0.25,1.0,1.0,0.0,1.0,0.75,0.0,1.0,1.0,0.75,1.0,1.0,0.75,1.0,0.25,0.25,0.0,1.0,0.75,0.75,1.0,1.0,0.75,1.0,1.0,1.0,0.0,0.0,0.0,0.33,0.67,0.25,0.0,1.0,1.0,1.0,0.0,0.5,1.0,1.0,0.25,1.0,0.5
2710,0.33,0.0,0.0,1.0,1.0,0.0,1.0,0.0,1.0,1.0,0.25,0.0,1.0,0.25,0.75,0.25,1.0,0.0,1.0,0.25,1.0,0.75,1.0,0.0,1.0,0.0,0.0,1.0,0.25,1.0,1.0,0.0,0.0,1.0,1.0,0.0,1.0,1.0,0.0,1.0,1.0,0.0,1.0,1.0,1.0,1.0,0.0,1.0,0.0,1.0,1.0,1.0,1.0,1.0,0.75,0.25,1.0,1.0,0.0,0.0,0.0,0.17,1.0,0.25,0.0,1.0,1.0,1.0,0.0,0.5,0.75,0.75,0.0,1.0,0.5
2711,0.83,0.5,0.67,0.0,0.0,1.0,0.0,0.75,0.0,0.0,0.75,1.0,0.0,0.75,0.0,0.25,0.0,0.0,0.0,0.0,0.0,0.0,0.0,1.0,0.0,1.0,1.0,0.0,0.25,0.0,0.0,1.0,1.0,0.0,0.0,1.0,0.0,0.0,1.0,0.0,0.0,1.0,0.0,0.0,0.0,0.0,1.0,0.0,0.0,0.0,0.0,0.0,0.25,0.0,0.0,0.0,0.0,0.0,1.0,1.0,1.0,0.67,0.0,0.0,1.0,0.0,0.0,0.0,1.0,0.0,0.5,0.0,1.0,0.5,0.75
2714,1.0,1.0,0.83,0.0,0.0,1.0,0.0,0.75,0.0,0.0,1.0,1.0,0.0,1.0,0.0,0.0,0.0,0.0,0.0,0.25,0.0,0.0,0.0,1.0,0.0,1.0,1.0,0.0,0.25,0.0,0.0,1.0,1.0,0.25,0.0,1.0,0.0,0.0,1.0,0.0,0.0,1.0,0.0,0.0,0.0,0.0,1.0,0.0,1.0,0.0,0.0,0.0,0.0,0.0,0.0,0.0,1.0,0.0,1.0,1.0,1.0,1.0,0.0,0.0,1.0,0.0,0.0,0.0,1.0,1.0,0.5,0.0,1.0,0.0,0.0
2716,0.83,0.83,0.83,0.0,0.0,1.0,0.17,0.75,0.0,0.0,0.75,1.0,0.25,1.0,0.25,0.25,0.0,0.25,0.0,0.0,0.75,0.0,0.0,1.0,0.0,1.0,1.0,1.0,0.0,0.0,1.0,1.0,0.25,1.0,0.0,1.0,0.0,0.75,1.0,0.25,1.0,1.0,0.0,0.0,0.0,0.25,1.0,1.0,0.75,0.25,0.0,0.0,0.25,0.0,0.0,0.0,0.75,0.0,1.0,1.0,0.83,0.83,0.17,0.0,1.0,0.0,0.25,0.0,0.75,0.75,0.5,0.0,1.0,0.75,0.75
2717,1.0,0.17,0.0,0.75,1.0,0.0,0.0,1.0,0.75,0.0,1.0,1.0,0.0,1.0,1.0,0.0,0.0,0.0,1.0,0.0,1.0,0.25,1.0,0.0,0.0,0.0,0.0,1.0,1.0,0.0,0.0,1.0,0.25,0.75,0.0,1.0,0.0,0.0,1.0,0.0,0.75,1.0,0.0,0.0,0.0,0.75,1.0,0.0,0.0,1.0,0.0,0.75,0.0,0.25,1.0,0.0,0.25,0.0,1.0,1.0,1.0,0.83,0.0,0.0,1.0,0.0,1.0,0.25,0.5,0.5,1.0,0.5,0.5,0.5,0.75
2718,0.83,0.33,0.0,0.25,0.0,0.0,0.0,0.75,1.0,0.0,1.0,0.25,0.0,1.0,0.75,1.0,0.0,0.25,0.25,0.0,1.0,1.0,0.0,0.0,0.0,0.25,0.0,0.75,1.0,0.25,0.0,0.25,0.0,1.0,0.0,1.0,0.0,0.25,1.0,0.25,0.75,1.0,0.0,0.75,0.0,0.0,1.0,0.0,0.75,1.0,0.0,0.0,0.0,0.75,0.75,0.0,0.0,0.0,1.0,1.0,1.0,0.83,0.0,0.0,1.0,0.25,0.75,0.5,0.75,0.75,1.0,0.5,0.75,0.75,0.75
2719,0.5,1.0,0.5,0.0,0.0,1.0,0.0,1.0,0.0,0.0,1.0,1.0,0.0,1.0,0.0,0.0,0.0,0.0,0.0,0.0,0.0,0.0,0.0,1.0,0.0,1.0,1.0,0.75,1.0,0.0,1.0,1.0,1.0,0.0,0.0,1.0,0.0,1.0,0.0,0.0,0.0,0.0,0.0,0.0,0.0,0.0,1.0,0.0,0.0,1.0,1.0,0.0,0.0,0.0,0.0,0.0,0.0,0.0,1.0,1.0,1.0,0.67,0.0,0.0,1.0,0.0,0.0,0.0,0.75,1.0,0.25,0.25,1.0,0.0,0.5
2720,0.83,0.33,0.0,1.0,1.0,0.0,0.83,0.75,1.0,0.75,1.0,0.0,0.75,0.25,1.0,0.75,0.25,0.75,0.75,0.0,1.0,0.75,1.0,0.25,0.75,0.0,0.0,1.0,0.75,1.0,0.75,0.25,0.0,1.0,0.75,1.0,0.25,0.25,1.0,0.25,0.75,0.75,0.25,1.0,1.0,1.0,0.0,1.0,0.0,1.0,1.0,1.0,1.0,1.0,1.0,1.0,1.0,1.0,0.25,1.0,0.83,0.83,1.0,0.75,0.75,1.0,1.0,1.0,0.5,0.5,1.0,0.5,0.0,0.5,0.5
2721,0.67,1.0,0.67,0.0,0.0,1.0,0.17,1.0,0.25,0.0,0.75,1.0,0.25,0.0,0.0,0.0,0.0,0.75,0.75,0.0,0.25,0.75,0.0,1.0,0.0,1.0,1.0,0.75,0.0,0.0,0.75,1.0,0.25,1.0,0.0,0.75,0.0,0.75,0.75,0.25,1.0,0.75,0.25,0.0,0.0,0.0,1.0,0.0,1.0,0.75,0.0,0.0,0.0,0.0,0.0,0.0,0.75,0.0,1.0,1.0,0.17,0.33,0.0,0.0,0.25,0.0,0.0,0.0,0.75,0.75,0.5,0.0,1.0,0.5,1.0
2722,1.0,0.0,0.67,0.75,0.75,1.0,0.67,0.0,1.0,0.0,0.0,0.0,1.0,0.0,0.25,0.75,1.0,1.0,1.0,1.0,1.0,1.0,0.0,0.25,1.0,0.75,1.0,1.0,0.0,1.0,1.0,1.0,1.0,1.0,1.0,1.0,0.25,1.0,0.0,1.0,1.0,0.0,1.0,0.25,0.0,1.0,0.25,1.0,0.0,1.0,1.0,1.0,1.0,1.0,1.0,0.25,0.0,1.0,0.0,1.0,0.67,1.0,0.17,0.0,0.0,0.0,1.0,0.25,0.75,1.0,1.0,0.75,0.75,1.0,0.25
2723,0.17,0.33,0.33,0.25,0.75,0.0,0.67,0.25,0.25,0.75,0.25,0.25,0.75,0.25,0.25,0.25,0.75,0.75,0.75,0.25,0.75,0.75,0.25,0.0,0.75,0.25,0.25,1.0,0.75,0.75,0.75,0.75,0.75,1.0,0.25,0.75,0.25,0.25,0.75,0.75,0.75,0.75,0.25,0.75,0.25,0.75,0.75,0.25,0.25,0.75,0.75,0.25,0.75,0.75,0.75,0.25,0.75,0.25,0.75,0.25,0.33,0.67,0.67,0.25,0.75,0.25,0.75,0.25,0.5,0.5,0.75,0.5,0.5,0.5,0.25
2724,1.0,1.0,0.0,0.25,1.0,0.0,0.0,1.0,0.75,0.75,1.0,1.0,0.0,1.0,1.0,1.0,0.0,0.0,0.0,0.0,1.0,0.25,0.75,0.0,0.0,1.0,0.0,1.0,1.0,0.25,1.0,1.0,1.0,1.0,0.0,1.0,0.0,0.0,1.0,0.0,0.0,1.0,0.0,1.0,1.0,0.75,1.0,1.0,0.0,0.0,1.0,1.0,1.0,1.0,1.0,0.0,0.0,0.0,1.0,1.0,1.0,1.0,0.0,0.0,1.0,0.0,1.0,0.5,0.75,0.75,1.0,0.0,0.5,0.5,0.25
2725,0.67,0.67,0.0,0.0,1.0,0.0,0.0,1.0,0.0,0.0,1.0,0.25,0.0,1.0,0.75,0.0,0.0,0.25,0.25,0.0,0.25,0.75,0.25,0.0,0.0,0.25,0.0,1.0,0.75,0.0,0.75,0.75,1.0,1.0,0.0,1.0,0.0,0.0,1.0,0.0,0.0,1.0,0.0,0.25,1.0,0.75,1.0,0.25,0.0,0.25,0.75,0.75,1.0,0.0,0.75,0.0,0.25,0.0,1.0,0.75,1.0,1.0,0.17,0.0,1.0,0.0,0.75,0.5,0.5,0.5,0.75,0.25,0.5,0.5,0.25
2726,0.83,0.17,0.67,0.75,1.0,0.0,0.67,1.0,0.75,0.25,0.75,0.25,0.75,0.25,0.75,1.0,1.0,1.0,1.0,0.0,1.0,0.25,1.0,0.0,0.75,0.75,0.25,0.75,0.75,1.0,0.75,0.25,0.75,0.75,0.75,0.75,1.0,1.0,0.75,0.25,0.25,0.75,0.75,1.0,1.0,1.0,0.0,1.0,0.25,1.0,1.0,1.0,0.25,1.0,0.75,1.0,0.0,1.0,0.0,0.75,0.33,0.83,1.0,0.75,0.75,1.0,1.0,0.75,0.25,0.25,0.75,0.25,0.0,1.0,0.75
2727,0.83,0.83,0.0,0.0,1.0,0.0,0.17,1.0,1.0,0.25,0.75,0.75,0.0,1.0,1.0,1.0,0.0,1.0,0.25,0.0,1.0,1.0,0.0,0.0,0.25,0.0,0.0,1.0,0.75,0.75,1.0,0.25,0.25,1.0,0.0,1.0,0.0,1.0,1.0,0.0,0.75,1.0,1.0,0.0,0.25,0.75,1.0,0.25,1.0,1.0,0.75,0.25,0.0,0.0,1.0,0.0,0.75,0.0,1.0,1.0,1.0,1.0,0.67,0.0,1.0,0.0,0.75,0.5,0.25,0.5,0.75,0.5,0.5,0.75,0.25
2729,0.17,0.33,0.0,1.0,0.75,0.0,0.67,0.0,1.0,1.0,0.25,0.0,1.0,0.25,1.0,0.25,1.0,0.75,1.0,0.75,1.0,0.75,1.0,0.0,1.0,0.0,0.0,1.0,0.75,1.0,1.0,0.0,0.25,1.0,1.0,0.75,1.0,0.75,0.25,0.75,1.0,0.0,1.0,1.0,1.0,1.0,0.0,1.0,0.0,1.0,1.0,1.0,0.75,1.0,0.25,0.75,0.75,1.0,0.0,0.75,0.33,0.67,0.67,0.25,0.25,1.0,1.0,0.75,0.0,0.75,0.75,0.75,0.0,0.75,0.25
2738,0.83,0.17,0.17,0.75,0.0,0.0,0.83,0.25,0.25,0.75,0.75,0.0,0.75,0.75,1.0,0.0,0.0,1.0,0.75,0.0,0.75,0.75,0.0,0.0,0.75,0.0,0.0,1.0,0.25,0.25,0.0,0.0,0.25,0.75,0.75,0.75,1.0,0.75,0.0,0.75,1.0,0.75,0.75,1.0,1.0,0.75,0.25,0.75,0.25,0.75,0.75,0.75,0.25,1.0,0.75,0.0,0.25,0.25,0.0,1.0,0.67,0.83,0.83,0.0,0.75,0.75,1.0,0.5,0.0,0.5,1.0,0.5,0.25,1.0,0.5
2741,0.0,0.0,0.0,1.0,1.0,0.0,0.67,1.0,1.0,1.0,0.25,0.0,0.75,0.25,1.0,0.75,0.25,0.75,1.0,0.25,0.75,1.0,1.0,0.0,1.0,0.0,0.0,1.0,0.75,0.75,1.0,0.25,0.0,1.0,0.75,1.0,0.25,0.75,1.0,0.25,1.0,1.0,0.25,1.0,1.0,1.0,0.0,1.0,0.0,0.75,1.0,0.75,0.75,1.0,0.0,0.75,1.0,0.75,0.25,0.0,1.0,1.0,1.0,0.75,1.0,1.0,0.75,1.0,0.0,0.25,1.0,0.75,0.0,1.0,0.0
2743,0.33,1.0,0.67,0.0,0.75,0.75,0.33,0.25,0.75,0.0,0.25,0.75,0.0,0.75,0.75,1.0,0.0,0.75,0.25,0.0,0.75,0.25,0.0,0.75,0.0,1.0,1.0,0.75,0.25,0.25,0.75,0.75,0.25,0.25,0.75,1.0,0.0,0.75,0.75,0.0,0.25,1.0,0.25,0.25,0.0,0.75,0.75,0.0,0.75,1.0,0.0,0.25,0.25,0.0,0.0,0.0,0.25,0.0,1.0,1.0,0.83,0.67,0.33,0.0,1.0,0.25,0.25,0.0,0.5,0.75,1.0,0.25,0.5,0.5,0.75
2747,0.0,0.0,0.0,1.0,1.0,0.0,1.0,0.0,1.0,1.0,0.0,0.0,1.0,0.0,1.0,0.0,1.0,0.0,1.0,0.0,1.0,1.0,1.0,0.0,1.0,0.0,0.0,1.0,0.25,1.0,1.0,0.0,0.0,1.0,1.0,0.0,1.0,1.0,0.0,1.0,1.0,0.0,1.0,1.0,1.0,1.0,0.0,1.0,0.0,1.0,1.0,1.0,1.0,1.0,0.75,1.0,1.0,1.0,0.0,0.75,0.0,0.33,1.0,1.0,0.0,1.0,1.0,1.0,0.0,0.5,1.0,1.0,0.0,1.0,0.0
2750,0.17,0.0,0.0,1.0,1.0,0.0,1.0,0.0,1.0,1.0,0.0,0.0,1.0,0.0,0.25,0.75,1.0,0.0,1.0,0.75,1.0,1.0,1.0,0.0,1.0,0.0,0.0,1.0,0.75,1.0,0.25,0.0,0.0,0.75,1.0,0.25,1.0,1.0,0.25,1.0,1.0,0.0,1.0,1.0,1.0,1.0,0.0,0.75,0.0,1.0,0.75,1.0,1.0,1.0,1.0,0.75,1.0,1.0,0.0,0.25,0.17,0.5,1.0,0.75,0.75,1.0,1.0,1.0,0.0,0.5,1.0,1.0,0.0,1.0,0.25
2754,0.0,0.0,0.0,1.0,1.0,0.0,1.0,0.0,1.0,1.0,0.0,0.0,1.0,0.0,1.0,0.75,1.0,0.0,1.0,0.75,1.0,1.0,1.0,0.0,1.0,0.0,0.0,1.0,0.75,1.0,0.75,0.0,0.0,1.0,1.0,0.0,1.0,1.0,0.0,1.0,1.0,0.25,1.0,1.0,1.0,1.0,0.0,1.0,0.0,1.0,1.0,1.0,1.0,1.0,0.0,1.0,1.0,1.0,0.0,0.0,0.0,0.17,1.0,0.25,0.0,1.0,1.0,1.0,0.0,0.5,1.0,0.75,0.0,1.0,0.5
2755,0.0,0.0,0.0,1.0,1.0,0.0,1.0,0.0,1.0,1.0,0.0,0.0,1.0,0.0,0.75,0.25,1.0,0.0,1.0,0.0,1.0,1.0,1.0,0.0,1.0,0.0,0.0,1.0,0.25,1.0,0.75,0.0,0.0,1.0,1.0,0.0,1.0,1.0,0.0,1.0,1.0,0.0,1.0,1.0,1.0,1.0,0.0,0.0,0.0,1.0,1.0,1.0,1.0,1.0,0.75,1.0,1.0,1.0,0.0,0.0,0.5,0.5,1.0,0.75,0.0,1.0,1.0,0.75,0.0,0.5,1.0,0.75,0.0,1.0,0.5
2757,0.17,0.83,0.17,1.0,0.0,0.0,0.83,1.0,1.0,0.0,1.0,1.0,0.0,1.0,1.0,1.0,0.0,1.0,1.0,0.0,1.0,0.0,0.0,0.0,0.0,0.0,0.0,1.0,0.0,0.0,1.0,1.0,1.0,1.0,0.0,1.0,1.0,0.0,1.0,0.0,1.0,1.0,0.0,1.0,1.0,1.0,1.0,0.0,0.0,1.0,1.0,0.0,0.0,0.0,1.0,1.0,1.0,0.0,1.0,1.0,0.83,1.0,0.83,0.0,1.0,0.0,1.0,0.5,0.5,0.25,1.0,0.5,0.5,0.5,0.5
2759,0.5,0.5,0.0,0.25,1.0,0.0,1.0,1.0,0.75,1.0,1.0,0.25,0.25,0.75,1.0,0.25,0.0,0.25,0.75,0.0,0.25,0.75,0.75,0.0,0.75,0.25,0.0,1.0,1.0,0.75,1.0,0.25,0.25,1.0,0.25,1.0,0.0,0.0,1.0,0.0,0.0,1.0,0.0,1.0,1.0,1.0,0.0,1.0,0.0,1.0,1.0,1.0,1.0,1.0,1.0,0.75,1.0,1.0,0.75,0.25,1.0,1.0,1.0,0.25,1.0,0.25,1.0,0.5,0.5,0.5,0.75,0.5,0.25,0.5,0.0
2760,0.0,0.17,0.17,0.75,1.0,0.0,0.67,0.0,1.0,1.0,0.25,0.0,0.75,0.0,0.25,0.25,0.75,0.25,0.75,0.0,1.0,0.25,0.75,0.0,0.75,0.25,0.25,1.0,0.75,0.75,0.75,0.25,0.0,1.0,0.75,1.0,0.0,0.25,1.0,0.25,0.75,1.0,0.25,1.0,1.0,1.0,0.25,0.75,0.0,1.0,0.75,0.75,0.75,1.0,0.0,0.75,1.0,1.0,0.75,0.25,0.67,0.83,1.0,0.25,0.25,1.0,1.0,0.5,0.25,0.5,1.0,0.5,0.0,0.75,0.25
2761,0.83,0.67,0.83,0.0,0.25,1.0,0.17,0.0,0.0,0.0,1.0,1.0,0.0,0.0,0.0,0.75,1.0,1.0,0.0,0.0,0.25,0.0,0.0,1.0,0.0,1.0,1.0,0.75,0.0,0.0,0.0,1.0,1.0,1.0,0.0,1.0,0.0,1.0,0.75,0.0,0.0,0.75,0.0,0.0,0.0,0.0,1.0,0.0,0.25,0.75,0.0,0.0,0.0,0.75,0.0,0.0,0.0,0.0,1.0,1.0,1.0,0.5,0.17,0.0,1.0,0.0,0.0,0.0,0.75,1.0,0.5,0.5,0.75,0.5,0.5
2762,1.0,0.17,1.0,0.0,1.0,0.0,0.67,0.75,0.75,1.0,0.25,0.75,0.75,1.0,1.0,0.75,0.25,0.75,1.0,0.0,0.0,1.0,0.0,0.0,0.25,1.0,0.0,1.0,1.0,1.0,0.75,0.0,0.0,1.0,0.75,1.0,0.0,0.25,1.0,0.0,0.75,1.0,1.0,1.0,1.0,1.0,1.0,0.75,0.0,1.0,1.0,1.0,0.75,1.0,1.0,0.75,0.0,0.25,0.75,1.0,0.83,1.0,0.83,0.0,0.75,0.25,1.0,0.5,0.25,0.5,1.0,0.25,0.5,0.75,0.25
2765,0.67,0.17,0.0,0.75,1.0,0.0,1.0,0.25,1.0,1.0,0.25,0.0,1.0,0.0,1.0,0.75,1.0,0.75,1.0,0.0,1.0,0.75,1.0,0.0,1.0,0.0,0.0,1.0,0.25,1.0,0.75,0.0,0.0,1.0,1.0,0.25,1.0,0.75,0.0,1.0,0.75,1.0,1.0,1.0,1.0,1.0,0.0,1.0,0.0,1.0,1.0,1.0,1.0,1.0,0.0,1.0,1.0,1.0,0.0,0.25,0.0,0.33,1.0,0.0,0.0,1.0,1.0,0.75,0.0,0.5,1.0,0.75,0.0,1.0,0.25
2766,0.83,0.33,0.0,0.25,1.0,0.0,0.33,0.75,1.0,0.75,1.0,0.25,0.75,0.75,1.0,0.75,0.25,0.75,1.0,0.0,1.0,0.25,0.75,0.0,1.0,0.0,0.0,1.0,1.0,1.0,1.0,0.25,1.0,1.0,0.25,1.0,0.0,0.25,1.0,0.0,0.25,1.0,0.0,1.0,1.0,1.0,0.0,1.0,0.0,0.75,1.0,1.0,0.75,1.0,0.75,1.0,1.0,1.0,0.75,0.25,1.0,1.0,0.83,0.0,1.0,0.75,1.0,0.5,0.25,0.5,0.75,0.5,0.0,0.75,0.0
2768,0.17,0.0,0.0,0.75,1.0,0.0,0.67,0.75,1.0,1.0,1.0,0.0,0.75,0.75,0.75,0.25,0.25,1.0,1.0,0.0,1.0,0.75,1.0,0.0,1.0,0.0,0.0,1.0,0.75,0.75,1.0,0.0,0.25,1.0,0.75,1.0,0.75,0.25,1.0,0.25,0.75,0.25,0.25,1.0,1.0,1.0,0.0,1.0,0.0,1.0,1.0,1.0,1.0,1.0,0.75,1.0,1.0,1.0,0.0,0.75,0.67,0.67,1.0,0.25,0.75,1.0,1.0,0.75,0.25,0.5,0.75,0.5,0.0,0.5,0.0
2769,1.0,0.67,0.0,1.0,1.0,0.0,0.67,0.75,0.25,0.25,1.0,0.25,0.0,1.0,0.0,0.75,0.0,0.25,0.75,0.0,0.75,0.25,0.0,0.25,1.0,0.75,0.25,1.0,0.0,1.0,1.0,0.0,0.25,1.0,0.0,0.75,0.25,1.0,1.0,0.25,0.75,0.75,0.0,1.0,1.0,0.75,0.0,1.0,0.0,0.75,1.0,1.0,1.0,1.0,1.0,1.0,0.0,0.75,0.75,1.0,0.0,1.0,0.83,0.0,1.0,1.0,0.25,0.25,0.25,0.75,1.0,0.5,0.0,0.0,0.75
2770,0.83,0.33,0.0,0.75,1.0,0.0,0.67,0.75,1.0,1.0,1.0,0.0,0.75,0.75,1.0,1.0,0.0,0.75,1.0,0.0,1.0,0.75,1.0,0.0,0.25,0.25,0.25,1.0,1.0,0.25,0.75,0.75,0.25,0.75,0.25,1.0,0.0,0.25,1.0,0.0,0.0,0.75,0.25,1.0,1.0,1.0,0.0,0.75,0.0,0.75,1.0,1.0,1.0,1.0,1.0,1.0,1.0,0.0,0.75,1.0,1.0,1.0,1.0,0.25,0.75,0.75,1.0,0.75,0.25,0.5,1.0,0.5,0.25,0.5,0.25
2771,1.0,0.67,0.0,0.25,0.25,0.0,0.17,1.0,0.75,0.25,1.0,0.75,0.0,1.0,1.0,0.75,0.0,1.0,0.25,0.0,0.75,0.75,0.0,0.0,0.25,0.75,0.25,1.0,0.75,0.75,0.75,0.75,0.75,0.0,0.75,1.0,0.0,0.25,1.0,0.25,0.75,1.0,0.0,1.0,1.0,1.0,1.0,0.75,0.75,1.0,0.25,0.25,0.75,0.75,0.75,1.0,0.0,0.25,1.0,1.0,0.67,0.83,0.67,0.0,0.75,0.75,1.0,0.5,0.5,0.75,0.75,0.5,0.25,0.5,0.5
2772,0.67,0.67,1.0,0.25,0.75,0.25,0.67,0.25,0.25,0.0,0.25,0.75,0.25,0.25,0.0,0.25,0.25,0.25,0.75,0.0,0.25,1.0,0.0,0.75,0.0,1.0,0.75,1.0,0.0,0.75,0.75,0.75,0.25,0.75,0.25,0.75,0.75,0.75,0.0,0.75,0.75,0.75,0.75,0.75,0.25,0.75,0.25,0.25,1.0,0.75,0.25,0.25,0.25,0.25,1.0,0.25,0.25,0.75,0.75,0.75,0.67,0.83,0.33,0.75,0.75,0.25,0.25,0.25,0.75,0.75,0.75,0.25,0.75,1.0,0.75
2774,0.83,0.83,0.0,0.75,1.0,0.0,0.5,1.0,0.75,1.0,1.0,0.0,0.75,0.75,0.75,0.75,0.25,0.75,1.0,0.0,0.75,0.75,0.75,0.0,0.75,0.0,0.0,1.0,1.0,1.0,1.0,0.25,0.25,1.0,0.25,1.0,0.25,0.75,1.0,0.25,1.0,0.75,0.0,1.0,1.0,1.0,0.0,1.0,0.0,0.75,1.0,1.0,1.0,1.0,1.0,1.0,1.0,0.25,0.75,0.75,1.0,0.83,1.0,0.75,0.75,0.75,1.0,0.75,0.5,0.5,0.75,0.5,0.0,0.75,0.5
2775,1.0,0.67,0.33,0.0,0.25,0.25,0.0,1.0,0.0,0.0,0.0,0.75,0.0,1.0,0.0,0.0,0.25,0.25,0.0,0.0,0.75,0.25,0.0,0.0,0.0,0.75,0.25,1.0,1.0,0.0,1.0,0.75,0.25,0.25,0.75,0.75,0.0,0.25,1.0,0.0,0.25,1.0,0.75,0.25,0.0,0.75,1.0,0.0,0.75,0.75,0.0,0.25,0.0,0.0,1.0,0.0,0.0,0.25,1.0,1.0,0.67,0.67,0.5,0.0,1.0,0.0,0.75,0.25,0.5,0.5,0.5,0.25,0.75,0.75,0.5
2776,0.83,0.17,0.0,0.25,1.0,0.0,0.0,1.0,0.25,0.0,1.0,0.25,0.0,1.0,1.0,0.0,0.0,0.25,0.25,0.25,1.0,0.0,1.0,0.0,0.75,0.25,0.0,1.0,0.75,0.0,1.0,0.25,0.75,1.0,0.0,1.0,0.0,0.0,1.0,0.0,0.25,0.75,0.0,0.75,0.75,1.0,0.25,0.25,0.0,0.25,0.25,0.75,0.75,0.0,1.0,0.0,0.75,0.75,0.75,0.25,1.0,1.0,0.67,0.0,1.0,0.0,0.75,0.25,0.25,0.25,0.75,0.25,0.25,0.75,0.25
2777,0.5,0.17,0.0,0.25,0.75,0.0,0.17,1.0,1.0,0.75,1.0,0.0,0.0,1.0,1.0,0.75,0.0,0.0,0.75,0.0,1.0,0.25,0.0,0.0,0.0,0.75,0.0,1.0,1.0,0.25,0.75,0.75,0.25,1.0,0.0,1.0,0.0,0.0,1.0,0.0,0.0,1.0,0.75,0.75,1.0,0.75,0.75,0.25,0.0,0.25,0.25,1.0,0.25,1.0,0.75,0.0,1.0,0.25,1.0,1.0,0.83,1.0,0.67,0.0,1.0,0.0,0.75,0.5,0.5,0.5,0.75,0.25,0.5,0.5,0.25
2778,1.0,0.5,0.0,0.0,0.75,0.0,0.33,1.0,0.0,0.0,0.0,1.0,0.0,1.0,1.0,0.75,0.0,0.0,0.0,0.0,0.25,0.75,0.0,0.0,0.0,0.25,0.0,1.0,0.25,0.0,0.0,1.0,1.0,1.0,0.0,1.0,0.0,0.0,1.0,0.0,0.0,1.0,0.25,0.75,0.75,1.0,1.0,0.0,0.75,0.25,0.0,0.0,0.0,0.0,0.25,0.0,0.0,0.0,1.0,1.0,0.83,0.83,0.0,0.0,1.0,0.0,0.0,0.25,0.5,0.75,1.0,0.5,0.5,0.5,0.5
2780,0.83,0.5,1.0,0.75,0.0,0.0,0.67,0.0,0.75,0.75,0.25,0.0,0.75,0.25,0.25,0.25,0.75,1.0,0.75,0.0,0.75,0.75,0.0,0.0,0.75,0.25,0.25,0.0,0.0,1.0,0.0,0.0,0.25,0.0,0.25,1.0,0.75,1.0,0.0,0.25,0.75,0.75,0.75,0.75,0.75,1.0,0.75,0.0,0.0,1.0,0.25,0.75,1.0,1.0,0.25,0.75,0.0,0.25,1.0,1.0,0.67,0.5,0.67,0.0,0.75,1.0,0.0,0.75,1.0,1.0,0.75,0.75,0.25,0.75,0.5
2781,0.67,0.67,0.83,0.75,0.25,0.25,0.67,0.75,0.75,0.0,0.75,0.75,0.25,0.75,0.75,0.75,1.0,0.75,0.25,0.25,0.75,0.75,0.25,0.25,0.25,0.75,0.25,0.25,0.25,0.25,0.25,0.75,0.25,0.0,0.0,0.75,0.0,0.75,0.75,0.25,1.0,1.0,0.25,0.25,0.0,0.75,1.0,0.0,1.0,0.25,0.25,0.0,0.25,1.0,0.75,0.75,1.0,0.25,0.75,1.0,0.83,0.83,0.33,0.0,0.75,0.0,0.25,0.5,0.5,0.5,0.5,0.25,0.5,0.5,0.5
2784,0.67,0.33,0.33,0.75,0.75,0.25,0.33,1.0,1.0,0.25,0.75,0.75,0.25,0.75,0.75,0.25,0.25,0.75,0.75,0.25,0.75,0.25,0.75,0.25,0.25,0.75,0.25,0.75,0.75,0.75,0.25,0.75,0.25,0.75,0.75,0.75,0.25,0.75,0.75,0.75,0.75,0.25,0.75,0.75,0.25,0.75,0.25,0.25,0.25,0.75,0.75,0.25,0.75,0.75,0.75,0.25,0.25,0.25,0.25,0.75,0.83,0.33,0.33,0.75,0.75,0.75,0.75,0.25,0.25,0.75,1.0,0.5,0.25,0.75,0.25
2788,0.83,0.17,0.67,1.0,1.0,0.0,0.83,0.25,1.0,0.75,1.0,0.25,0.0,1.0,0.75,1.0,0.75,1.0,1.0,0.0,1.0,0.25,1.0,0.25,1.0,0.25,0.0,1.0,0.25,0.75,1.0,0.0,0.0,1.0,0.0,1.0,1.0,0.75,0.25,1.0,1.0,0.75,0.75,1.0,1.0,1.0,0.25,1.0,0.0,1.0,1.0,1.0,0.75,1.0,0.75,0.75,1.0,0.75,0.75,1.0,0.83,0.83,0.67,0.0,1.0,1.0,1.0,0.75,0.25,1.0,1.0,0.25,0.25,1.0,0.0
2789,0.83,0.83,0.67,0.75,1.0,0.0,0.33,0.75,0.25,0.75,0.25,1.0,0.0,0.75,0.0,0.75,0.75,1.0,0.75,0.25,0.75,1.0,0.0,0.25,0.0,0.75,1.0,0.75,0.25,1.0,0.75,0.25,0.25,0.0,0.25,1.0,0.25,0.75,1.0,0.75,1.0,0.25,0.25,0.75,0.75,1.0,0.0,0.75,0.0,1.0,1.0,1.0,0.75,0.25,0.75,0.0,0.75,0.0,0.75,1.0,0.67,0.83,1.0,0.0,0.75,1.0,1.0,0.5,0.5,1.0,0.75,0.25,0.5,0.75,0.75
2790,0.0,0.0,0.0,1.0,1.0,0.0,1.0,0.0,1.0,1.0,1.0,0.0,1.0,0.0,0.0,0.0,1.0,1.0,1.0,0.0,1.0,0.25,1.0,0.25,0.25,0.25,0.0,1.0,1.0,1.0,1.0,0.25,0.0,0.0,1.0,1.0,1.0,1.0,0.0,1.0,1.0,0.0,1.0,1.0,1.0,1.0,0.0,0.0,1.0,1.0,0.0,1.0,1.0,1.0,1.0,0.0,1.0,1.0,0.0,1.0,0.0,0.67,1.0,0.0,0.0,1.0,1.0,0.75,0.25,0.25,1.0,1.0,0.0,1.0,0.25
2791,0.33,0.17,0.0,1.0,0.75,0.0,1.0,0.0,1.0,1.0,0.25,0.0,1.0,0.0,0.25,0.25,1.0,0.25,1.0,0.0,1.0,0.75,1.0,0.0,1.0,0.0,0.0,1.0,0.25,1.0,0.75,0.0,0.25,1.0,1.0,0.25,1.0,1.0,0.25,1.0,1.0,0.75,1.0,1.0,1.0,1.0,0.0,0.75,0.0,1.0,0.75,1.0,1.0,1.0,0.75,0.75,1.0,1.0,0.0,0.75,0.17,0.67,1.0,0.0,0.25,1.0,1.0,1.0,0.0,0.5,0.75,0.75,0.0,1.0,0.25
2792,0.0,0.0,0.0,1.0,1.0,0.0,1.0,0.0,1.0,1.0,0.0,0.0,1.0,0.0,0.0,0.25,1.0,0.0,1.0,0.0,1.0,1.0,1.0,0.0,1.0,0.0,0.0,1.0,0.75,1.0,0.25,0.0,0.0,1.0,1.0,0.0,1.0,1.0,0.0,1.0,1.0,0.25,1.0,1.0,1.0,1.0,0.0,0.75,0.0,1.0,1.0,1.0,1.0,1.0,0.75,1.0,1.0,1.0,0.0,0.25,0.17,0.5,1.0,0.75,0.75,1.0,1.0,1.0,0.0,0.5,1.0,1.0,0.0,1.0,0.0
2793,0.17,0.17,0.0,0.75,0.25,0.0,0.83,0.0,0.75,1.0,0.25,0.0,1.0,0.0,0.75,0.75,1.0,0.0,1.0,0.0,1.0,0.75,0.75,0.0,0.75,0.0,0.0,0.75,0.25,1.0,0.25,0.0,0.0,1.0,1.0,0.25,1.0,1.0,0.0,1.0,0.75,0.0,1.0,1.0,1.0,1.0,0.25,0.25,0.25,1.0,0.75,1.0,0.25,1.0,0.75,1.0,1.0,1.0,0.25,0.75,0.17,0.67,1.0,0.0,0.75,1.0,0.75,0.75,0.25,0.5,1.0,0.75,0.25,1.0,0.5
2794,0.83,0.17,0.17,1.0,0.75,0.0,0.83,0.75,1.0,1.0,0.25,0.0,1.0,0.0,1.0,0.75,1.0,0.75,1.0,1.0,1.0,0.75,1.0,0.0,1.0,0.25,0.0,1.0,0.25,1.0,0.75,0.0,1.0,0.75,0.75,0.25,0.75,0.75,0.0,1.0,1.0,0.75,1.0,1.0,1.0,1.0,0.25,1.0,0.0,1.0,0.75,1.0,0.75,1.0,0.75,1.0,0.0,1.0,0.25,0.75,0.33,0.67,0.67,1.0,0.75,1.0,0.75,0.75,0.0,0.25,1.0,1.0,0.25,1.0,0.25
2795,0.0,0.83,0.33,0.0,0.0,0.75,0.0,1.0,0.0,0.0,1.0,1.0,0.0,0.75,0.0,0.25,0.0,0.0,0.0,0.0,0.0,0.0,0.0,1.0,0.0,1.0,1.0,0.0,0.0,0.0,0.75,1.0,1.0,0.75,0.0,1.0,0.0,0.25,1.0,0.0,0.0,1.0,0.0,0.0,0.0,0.0,1.0,0.0,1.0,0.25,0.0,0.0,0.0,0.0,0.0,0.0,0.0,0.0,1.0,1.0,1.0,1.0,0.0,0.0,1.0,0.0,0.0,0.0,1.0,0.5,0.5,0.0,1.0,0.5,0.5
2796,1.0,0.83,1.0,0.0,0.0,0.75,0.33,1.0,0.0,0.0,0.25,1.0,0.0,1.0,0.0,0.25,0.75,1.0,1.0,0.0,0.0,0.0,0.0,0.25,0.0,1.0,1.0,0.25,0.25,0.25,0.25,0.75,1.0,1.0,0.75,0.25,0.0,0.0,0.75,0.25,0.25,0.75,0.0,0.75,0.0,0.75,0.75,0.75,0.75,0.75,0.25,0.25,0.75,0.0,0.75,0.0,0.25,0.75,1.0,1.0,0.83,0.83,0.17,0.0,0.75,0.75,0.75,0.0,0.75,0.75,0.75,0.25,0.5,0.75,0.5
2798,0.0,1.0,0.83,0.0,0.75,1.0,0.0,1.0,0.0,0.0,1.0,1.0,0.0,0.75,0.0,0.25,0.0,0.0,0.0,0.0,0.0,0.0,0.0,1.0,0.0,1.0,1.0,0.0,0.0,0.0,0.0,1.0,1.0,0.0,0.0,1.0,0.0,0.25,1.0,0.0,0.0,1.0,0.0,0.0,0.0,0.0,1.0,0.0,1.0,0.75,0.0,0.0,0.0,0.0,0.0,0.0,0.0,0.0,1.0,1.0,1.0,1.0,0.0,0.0,1.0,0.0,0.0,0.0,1.0,0.75,0.5,0.0,1.0,0.5,0.5
2799,0.83,0.33,0.0,1.0,0.75,0.25,0.67,1.0,0.25,0.75,1.0,1.0,0.0,1.0,1.0,0.0,0.75,1.0,0.25,0.0,1.0,0.25,0.25,0.0,0.0,0.0,0.0,0.25,0.25,0.75,0.0,0.25,0.25,1.0,0.0,1.0,0.75,0.75,0.25,0.0,0.0,1.0,0.0,1.0,1.0,0.75,1.0,0.0,0.0,0.75,0.25,0.75,0.25,0.25,1.0,0.25,0.0,0.25,1.0,1.0,0.83,0.67,0.5,0.0,1.0,0.75,1.0,0.5,1.0,1.0,0.5,0.5,0.5,0.75,0.5
2803,1.0,0.83,0.0,0.25,1.0,0.0,0.33,1.0,0.25,0.25,1.0,1.0,0.75,0.0,1.0,0.75,1.0,0.75,1.0,0.0,0.25,0.75,0.0,0.75,0.0,0.25,0.0,0.75,0.25,1.0,0.25,0.0,0.75,0.0,0.0,1.0,1.0,0.0,0.25,0.25,1.0,1.0,0.0,0.75,0.75,0.75,0.25,0.25,0.0,0.0,0.25,0.25,0.25,0.0,1.0,0.0,0.0,0.0,1.0,1.0,0.83,0.67,1.0,0.0,0.75,1.0,1.0,0.25,0.75,0.75,0.5,0.5,0.25,0.75,0.75
2804,0.33,0.0,0.0,0.75,0.0,0.0,0.17,0.75,0.75,0.25,0.75,0.75,0.25,0.25,0.75,0.75,0.0,0.25,0.75,0.25,1.0,0.75,0.0,0.25,0.0,0.25,0.0,1.0,0.75,0.75,0.75,1.0,0.75,1.0,0.0,0.75,0.25,0.0,1.0,0.0,0.75,1.0,0.25,0.75,0.75,1.0,1.0,0.75,0.25,0.25,0.25,1.0,0.25,0.75,0.75,0.75,0.25,0.0,1.0,0.75,0.83,0.83,0.83,0.0,1.0,0.25,0.25,0.5,0.75,0.75,0.75,0.5,0.5,0.5,0.5
2805,0.67,0.83,1.0,0.0,0.0,1.0,0.5,0.75,0.0,0.0,0.75,1.0,0.0,0.75,0.25,0.25,0.0,0.75,0.0,0.0,0.0,0.0,0.0,1.0,0.0,1.0,1.0,0.0,0.0,0.0,0.0,0.25,1.0,0.0,0.0,0.75,0.0,0.75,0.0,0.25,0.75,0.0,0.25,0.0,0.0,0.25,0.75,0.0,1.0,1.0,0.0,0.75,0.0,0.0,0.0,0.0,0.0,0.25,1.0,0.75,0.83,0.17,0.67,0.0,0.25,0.0,0.0,0.0,0.75,0.5,0.5,0.25,0.5,0.25,0.75
2806,0.33,0.17,0.0,1.0,1.0,0.0,0.67,0.75,0.75,1.0,0.75,0.0,0.75,0.75,1.0,0.75,0.25,0.75,1.0,0.25,1.0,0.25,1.0,0.0,0.75,0.0,0.0,1.0,1.0,1.0,1.0,0.25,0.75,1.0,0.25,0.25,0.0,0.25,1.0,0.25,0.0,0.75,0.25,1.0,1.0,1.0,0.0,1.0,0.0,1.0,1.0,1.0,1.0,1.0,0.75,1.0,1.0,1.0,0.25,1.0,0.83,0.83,0.5,0.0,1.0,0.75,0.75,0.5,0.5,0.5,0.75,0.5,0.0,0.75,0.5
2807,0.67,0.33,0.0,1.0,1.0,0.0,0.83,0.75,1.0,0.75,1.0,0.0,1.0,0.75,0.75,0.75,0.75,0.75,1.0,0.0,1.0,1.0,1.0,0.0,0.75,0.0,0.0,1.0,0.75,1.0,0.75,0.25,0.25,1.0,0.75,1.0,0.75,0.25,1.0,0.25,0.75,0.75,0.25,1.0,1.0,1.0,0.0,1.0,0.0,0.75,1.0,0.75,1.0,1.0,1.0,1.0,1.0,1.0,0.25,0.75,0.17,0.83,1.0,0.75,0.75,1.0,1.0,0.75,0.25,0.5,1.0,0.75,0.0,0.75,0.0
2808,0.67,0.0,0.0,1.0,1.0,0.0,0.67,1.0,0.75,1.0,1.0,0.25,0.75,1.0,0.0,0.0,0.0,1.0,1.0,0.25,0.25,1.0,1.0,0.75,1.0,0.0,0.25,1.0,0.0,0.75,1.0,0.0,0.25,1.0,0.25,1.0,0.75,0.75,0.25,0.25,0.75,0.0,0.25,1.0,1.0,1.0,0.0,1.0,0.0,1.0,1.0,1.0,1.0,1.0,0.75,1.0,1.0,1.0,0.25,1.0,0.83,0.83,1.0,0.0,1.0,1.0,0.75,1.0,0.5,0.5,0.5,0.5,0.5,0.5,0.5
2809,0.83,0.83,0.17,0.0,0.25,0.25,0.33,1.0,0.75,0.0,1.0,1.0,0.0,0.75,1.0,0.75,0.0,0.25,0.0,0.0,0.75,0.25,0.0,0.75,0.0,0.75,0.25,0.0,0.0,0.0,0.75,0.75,0.25,1.0,0.0,0.75,0.0,0.75,0.75,0.0,0.75,0.75,0.0,0.0,0.0,1.0,0.25,0.0,1.0,1.0,0.0,0.0,0.0,0.0,0.0,0.0,0.75,0.25,1.0,1.0,0.83,0.83,0.17,0.0,0.25,0.0,0.0,0.25,0.5,0.75,0.75,0.25,0.5,0.5,0.75
2810,1.0,0.0,0.0,0.75,1.0,0.0,0.0,0.75,0.75,1.0,1.0,0.25,0.0,0.75,0.75,0.75,0.25,0.75,0.75,0.0,1.0,0.25,1.0,0.0,0.25,0.25,0.25,1.0,1.0,1.0,1.0,0.75,0.75,1.0,0.0,0.75,0.0,0.25,1.0,0.0,0.25,0.75,0.0,1.0,1.0,1.0,0.0,0.25,0.0,1.0,0.75,0.25,0.75,0.75,0.0,1.0,0.75,0.75,0.75,0.75,1.0,1.0,1.0,0.0,0.75,0.0,1.0,1.0,0.5,0.5,1.0,0.5,0.0,0.5,0.5
2812,1.0,0.33,0.83,1.0,0.75,1.0,1.0,0.25,1.0,1.0,0.75,0.0,1.0,0.0,1.0,0.25,1.0,0.75,1.0,0.25,0.75,0.75,1.0,0.0,0.75,0.0,0.0,0.0,0.0,1.0,0.75,0.25,0.25,1.0,1.0,0.25,1.0,1.0,0.0,1.0,1.0,0.0,1.0,1.0,0.25,1.0,0.75,0.0,0.25,1.0,1.0,0.25,1.0,1.0,1.0,1.0,1.0,1.0,0.0,1.0,0.0,0.67,1.0,0.0,1.0,1.0,1.0,0.75,0.75,0.75,0.75,0.75,0.75,0.75,0.75
2814,0.67,0.33,0.67,0.75,0.75,0.0,0.33,0.75,0.75,0.75,1.0,1.0,0.25,1.0,1.0,0.75,0.25,0.75,0.25,0.25,0.25,0.75,0.0,0.25,0.25,0.75,0.75,0.75,0.75,0.25,0.25,0.75,1.0,0.25,0.25,1.0,1.0,0.0,1.0,0.25,1.0,1.0,0.0,0.75,0.25,0.75,1.0,0.25,1.0,0.75,1.0,0.0,0.75,0.25,1.0,0.0,1.0,0.0,1.0,1.0,0.83,0.83,0.33,0.25,1.0,0.75,1.0,0.5,0.75,0.5,0.75,0.5,0.5,0.5,0.5
2816,0.0,0.67,0.33,0.0,1.0,0.0,0.5,0.75,1.0,0.75,1.0,0.0,0.0,0.0,1.0,0.75,0.0,1.0,0.75,0.0,0.25,0.25,0.0,0.0,0.25,0.0,0.0,1.0,0.25,0.75,0.75,0.25,0.25,0.25,0.25,0.75,0.0,0.75,0.75,0.25,0.75,1.0,1.0,0.75,0.75,1.0,1.0,0.25,0.75,1.0,0.25,0.25,0.75,0.75,0.75,0.0,0.0,0.25,1.0,0.75,0.67,0.67,0.5,0.0,0.75,0.0,0.75,0.5,0.5,0.5,0.5,0.5,0.5,0.5,0.5
2823,0.83,0.5,0.17,0.25,1.0,0.25,0.17,0.75,0.25,0.0,0.75,0.75,0.0,1.0,0.25,0.0,0.0,0.25,0.0,0.0,0.25,0.25,0.25,0.0,0.25,0.75,0.25,1.0,1.0,0.0,1.0,1.0,1.0,0.75,0.25,1.0,0.0,0.0,1.0,0.0,0.25,1.0,0.0,0.0,0.0,0.0,1.0,0.0,0.25,0.75,0.75,0.25,0.75,0.75,0.75,0.25,0.25,0.25,0.25,0.25,1.0,0.83,0.17,0.25,1.0,0.0,1.0,0.25,0.25,0.25,0.5,0.25,1.0,0.75,0.5
2825,0.83,0.33,0.0,1.0,0.75,0.0,0.67,1.0,0.75,0.25,0.75,0.25,0.25,0.75,1.0,0.25,0.25,0.75,0.75,0.25,0.75,0.75,1.0,0.0,0.75,0.0,0.0,1.0,0.75,0.75,0.75,0.25,0.75,1.0,0.25,0.75,0.25,0.25,1.0,0.25,0.25,1.0,0.25,0.75,1.0,0.25,0.75,0.75,0.25,0.25,0.75,0.75,0.75,0.25,1.0,0.75,1.0,0.25,0.25,0.75,0.67,0.83,0.33,0.25,1.0,0.25,1.0,0.5,0.25,0.5,0.75,0.5,0.5,0.75,0.25
2827,0.67,0.5,0.0,0.75,0.25,0.25,0.33,0.75,0.25,0.25,0.75,0.75,0.0,0.75,0.75,0.75,0.0,0.0,0.0,0.0,0.25,0.75,0.0,0.75,0.25,0.25,0.25,0.75,0.0,0.25,0.25,0.75,0.0,1.0,0.75,0.75,0.0,0.0,1.0,0.0,0.75,1.0,0.25,0.25,0.25,0.25,0.25,0.25,0.75,0.75,0.25,0.25,0.0,0.75,0.75,0.0,0.25,0.25,1.0,1.0,0.67,0.83,0.17,0.0,1.0,0.25,0.25,0.5,0.75,0.75,0.75,0.5,0.75,0.75,0.5
2829,0.17,0.0,0.5,1.0,1.0,0.0,0.5,0.75,1.0,0.75,0.75,1.0,0.75,0.0,0.75,0.25,0.75,0.75,1.0,0.0,1.0,0.75,1.0,0.0,0.0,0.25,0.25,1.0,0.75,0.75,0.75,0.25,0.0,0.75,1.0,1.0,0.75,0.75,1.0,1.0,1.0,0.75,0.75,0.75,0.75,1.0,0.0,0.25,1.0,1.0,0.75,0.75,0.75,1.0,1.0,0.75,1.0,1.0,0.75,0.75,0.5,0.5,0.5,0.0,0.0,1.0,0.0,0.5,0.75,0.75,1.0,0.5,0.5,1.0,0.75
2831,0.0,0.0,0.0,1.0,1.0,0.0,1.0,0.0,1.0,1.0,0.0,0.0,1.0,0.0,1.0,0.0,1.0,0.0,1.0,0.0,1.0,1.0,1.0,0.0,1.0,0.0,0.0,1.0,0.25,1.0,1.0,0.0,0.0,1.0,1.0,0.0,1.0,1.0,0.0,1.0,1.0,0.0,1.0,1.0,1.0,1.0,0.0,1.0,0.0,1.0,1.0,1.0,1.0,1.0,0.75,1.0,1.0,1.0,0.0,0.75,0.0,0.33,1.0,1.0,0.0,1.0,1.0,1.0,0.0,0.5,1.0,1.0,0.0,1.0,0.0
2834,1.0,0.17,0.0,0.75,1.0,0.0,0.5,0.0,1.0,1.0,1.0,0.0,0.75,0.0,0.25,0.75,0.25,1.0,1.0,0.25,0.25,0.75,0.25,0.0,0.75,0.0,0.0,1.0,0.75,1.0,0.75,0.25,0.25,0.0,0.25,1.0,0.0,0.75,0.0,0.75,1.0,0.25,0.75,1.0,1.0,1.0,0.25,1.0,0.25,0.75,1.0,1.0,0.75,1.0,0.75,0.0,0.0,1.0,1.0,0.75,0.17,0.67,1.0,0.0,0.75,1.0,1.0,0.5,0.5,0.5,0.25,0.5,0.0,1.0,0.5
2842,0.67,0.0,0.17,1.0,1.0,0.0,0.83,0.75,1.0,1.0,0.0,0.0,1.0,0.0,0.25,0.75,1.0,0.0,1.0,0.0,1.0,1.0,1.0,0.0,1.0,0.0,0.0,1.0,0.0,1.0,1.0,0.0,0.25,0.0,1.0,1.0,1.0,1.0,0.0,1.0,1.0,1.0,1.0,1.0,1.0,1.0,0.0,1.0,0.0,1.0,1.0,1.0,0.75,1.0,0.0,1.0,1.0,1.0,0.0,1.0,0.33,0.83,1.0,0.0,0.0,1.0,1.0,0.75,0.0,0.5,1.0,0.75,0.25,0.75,0.5
2846,0.83,0.83,0.17,0.25,1.0,0.0,0.33,0.75,1.0,0.75,1.0,0.75,0.25,1.0,1.0,0.75,0.0,0.25,0.25,0.0,0.25,1.0,0.0,0.0,0.0,0.75,0.25,1.0,1.0,0.25,0.75,0.25,0.0,1.0,0.25,1.0,0.0,0.25,1.0,0.25,0.0,0.75,0.25,1.0,1.0,1.0,0.0,1.0,1.0,1.0,1.0,0.75,0.75,1.0,0.25,1.0,1.0,0.0,0.75,0.75,1.0,1.0,0.83,0.0,0.75,0.25,1.0,0.5,0.25,0.75,0.75,0.25,0.0,0.75,0.0
2847,0.33,0.67,0.67,0.75,1.0,0.0,0.83,0.25,1.0,1.0,0.25,0.0,1.0,0.75,1.0,0.0,1.0,0.75,1.0,0.75,1.0,0.75,1.0,0.0,1.0,0.0,0.0,0.75,0.75,1.0,1.0,0.0,0.0,1.0,1.0,0.75,0.75,0.75,0.0,1.0,1.0,0.0,1.0,1.0,1.0,1.0,0.0,0.75,0.0,1.0,1.0,1.0,1.0,1.0,0.0,1.0,1.0,1.0,0.0,0.75,0.17,0.67,1.0,0.25,0.0,1.0,0.75,1.0,0.0,0.75,1.0,1.0,0.0,1.0,0.75
2848,1.0,0.83,0.83,0.0,0.75,1.0,0.33,0.75,0.0,0.0,0.75,0.75,0.0,1.0,0.0,0.75,0.25,0.75,0.25,0.0,0.75,0.0,0.0,0.75,0.0,1.0,0.75,1.0,0.0,0.0,0.0,1.0,1.0,0.75,0.0,1.0,0.0,0.75,1.0,0.25,0.0,1.0,0.0,0.0,0.0,0.25,1.0,0.0,1.0,0.0,0.0,0.0,0.0,0.0,0.0,0.0,0.0,0.0,1.0,0.75,1.0,0.83,0.0,0.0,1.0,0.0,0.0,0.0,0.75,0.75,0.25,0.25,0.75,0.25,0.25
2849,0.83,0.17,0.83,0.25,0.75,0.0,0.67,0.25,0.75,0.75,0.25,0.75,0.75,0.25,0.25,0.75,0.75,0.75,0.75,0.0,0.25,0.25,0.25,0.25,0.0,0.75,0.75,0.75,0.25,0.75,0.25,0.25,0.25,1.0,0.75,0.25,0.75,0.75,0.0,0.75,0.75,0.75,0.75,0.75,0.75,0.75,0.75,0.25,0.25,0.75,0.75,1.0,0.75,1.0,1.0,0.25,0.25,1.0,0.25,0.75,0.17,0.33,0.67,0.0,0.25,0.75,0.75,0.25,0.75,0.75,0.75,0.25,0.25,0.75,0.25
2850,0.83,0.83,0.5,0.25,0.25,0.75,0.67,0.75,0.75,0.25,0.25,1.0,0.25,0.25,1.0,0.25,0.75,1.0,0.0,0.0,1.0,0.25,0.0,0.75,0.0,0.75,0.75,0.25,0.0,0.75,0.25,1.0,1.0,0.0,0.25,0.25,0.25,0.25,0.75,0.25,1.0,1.0,0.0,0.0,0.0,1.0,0.25,0.0,1.0,1.0,0.0,0.0,0.0,0.25,1.0,0.75,0.25,0.25,0.75,0.25,0.5,0.83,0.5,0.0,0.75,0.75,0.75,0.25,0.5,0.5,0.75,0.5,0.5,0.5,1.0
2851,0.83,0.67,1.0,0.25,1.0,0.75,0.5,0.25,0.25,0.0,0.0,0.75,0.75,1.0,1.0,0.25,0.0,1.0,1.0,0.0,0.75,0.0,0.0,0.75,0.0,1.0,1.0,0.25,0.0,1.0,1.0,0.25,0.75,0.75,0.25,0.75,0.0,1.0,0.75,1.0,1.0,0.25,1.0,0.25,1.0,0.25,1.0,0.75,0.75,0.0,0.75,0.25,0.25,0.0,0.75,0.0,0.25,0.75,1.0,1.0,1.0,0.33,0.5,0.0,0.75,0.75,0.75,0.25,0.75,0.75,0.5,0.25,0.75,0.5,0.5
2852,1.0,0.83,0.67,0.0,0.0,0.75,0.0,0.0,0.0,0.0,1.0,1.0,0.0,0.25,0.0,0.75,0.0,0.0,0.0,0.0,0.0,0.25,0.0,0.75,0.0,1.0,1.0,0.0,0.0,0.0,0.0,1.0,0.0,0.0,0.0,0.75,0.0,0.75,1.0,0.0,1.0,0.25,1.0,0.0,0.0,0.75,1.0,0.0,1.0,1.0,0.0,0.0,0.0,0.0,0.0,0.0,0.0,0.0,1.0,1.0,1.0,0.33,0.33,0.0,0.25,0.0,0.0,0.0,0.75,0.75,0.5,0.25,0.75,0.75,0.75
2853,1.0,0.83,1.0,0.25,0.0,0.75,0.5,0.25,0.0,0.0,0.25,0.75,0.25,0.0,1.0,1.0,0.25,0.0,1.0,0.25,0.75,1.0,0.0,0.75,0.0,0.0,0.0,0.75,0.25,0.75,1.0,0.75,0.25,1.0,0.25,1.0,0.0,1.0,0.75,0.75,0.75,0.75,0.75,0.25,0.25,1.0,1.0,0.75,1.0,0.75,0.0,0.0,0.0,0.0,0.25,0.0,0.25,0.75,0.25,1.0,1.0,0.83,0.67,0.0,0.75,0.75,0.25,0.25,0.5,0.75,0.75,0.25,0.75,0.5,0.5
2854,0.0,0.0,0.0,0.75,1.0,0.0,1.0,0.25,1.0,0.75,0.75,0.0,0.75,0.25,0.25,0.0,0.25,0.75,1.0,0.0,1.0,1.0,1.0,0.0,1.0,0.0,0.0,1.0,1.0,1.0,0.25,0.25,0.0,1.0,0.75,1.0,0.25,0.25,1.0,1.0,0.25,0.75,0.25,1.0,1.0,1.0,0.0,1.0,0.0,1.0,1.0,1.0,1.0,1.0,1.0,1.0,1.0,1.0,0.0,0.75,0.5,0.83,1.0,0.0,0.75,1.0,1.0,1.0,0.0,0.25,0.75,0.5,0.0,0.5,0.0
2855,0.17,0.67,0.0,1.0,0.75,0.0,1.0,0.0,1.0,1.0,0.25,0.0,1.0,0.25,1.0,0.25,1.0,0.25,0.75,0.0,0.75,0.75,1.0,0.0,1.0,0.0,0.0,1.0,0.25,1.0,0.25,0.0,0.0,1.0,0.75,0.25,0.75,0.75,0.0,0.75,0.75,0.0,1.0,1.0,1.0,1.0,0.0,1.0,0.0,1.0,0.75,0.75,1.0,1.0,0.75,1.0,1.0,1.0,0.0,0.25,0.17,0.67,1.0,0.75,0.0,1.0,0.75,0.75,0.0,0.5,1.0,0.5,0.0,0.75,0.5
2856,0.17,0.17,0.0,0.25,0.75,0.0,0.83,0.0,0.75,1.0,0.0,0.75,1.0,0.75,0.0,0.0,0.25,0.25,1.0,0.0,1.0,0.75,1.0,0.0,0.75,0.25,0.0,1.0,0.0,1.0,0.0,0.0,0.0,1.0,1.0,0.0,1.0,1.0,0.0,1.0,1.0,0.0,1.0,1.0,1.0,1.0,0.0,0.25,0.0,1.0,1.0,1.0,1.0,1.0,0.25,1.0,1.0,0.75,0.0,0.25,0.0,0.33,1.0,0.25,0.0,1.0,0.75,0.75,0.0,0.5,1.0,0.75,0.25,1.0,0.5
2857,0.33,0.5,0.0,0.25,0.0,0.0,0.17,1.0,0.75,0.0,0.75,0.25,0.0,0.75,0.75,0.0,0.0,0.75,0.0,0.25,0.75,0.25,0.25,0.25,0.0,0.25,0.25,1.0,1.0,0.25,0.75,1.0,0.75,1.0,0.0,1.0,0.0,0.25,1.0,0.25,0.25,1.0,0.0,0.25,0.75,0.75,1.0,0.25,0.75,0.0,0.0,0.0,0.75,0.0,1.0,0.0,0.0,0.0,1.0,0.75,1.0,0.83,0.17,0.0,1.0,0.0,1.0,0.25,0.5,0.75,0.5,0.5,0.5,0.5,0.5
2858,0.33,0.33,0.33,1.0,1.0,0.0,0.67,0.25,1.0,1.0,0.75,0.0,1.0,0.0,1.0,0.25,1.0,0.75,1.0,0.25,1.0,1.0,1.0,0.0,1.0,0.0,0.0,1.0,0.75,1.0,0.75,0.0,0.0,1.0,1.0,0.25,1.0,0.75,0.25,1.0,1.0,0.25,1.0,1.0,1.0,1.0,0.0,1.0,0.0,1.0,1.0,1.0,1.0,1.0,0.75,1.0,1.0,1.0,0.0,0.25,0.33,0.67,0.67,0.75,0.0,1.0,1.0,0.75,0.0,0.5,1.0,0.75,0.0,1.0,0.5
2859,0.67,0.33,0.0,0.0,1.0,0.0,0.0,0.75,1.0,0.0,1.0,0.75,0.0,1.0,0.75,1.0,0.0,0.0,0.0,0.0,0.75,0.75,0.0,0.0,0.0,0.0,0.0,0.75,0.75,0.0,0.75,0.75,0.0,0.0,0.0,1.0,0.0,0.0,1.0,0.0,0.0,1.0,0.0,0.25,0.75,0.25,0.75,0.75,0.0,1.0,0.75,0.0,0.0,0.0,1.0,0.0,0.0,0.0,1.0,1.0,1.0,1.0,0.17,0.0,1.0,0.0,0.0,0.75,0.75,0.75,0.75,0.5,0.5,0.5,0.5
2860,0.83,0.17,0.0,0.25,0.75,0.0,0.17,1.0,0.75,0.0,1.0,0.0,0.0,1.0,0.75,0.25,0.0,0.25,0.0,0.0,0.75,1.0,0.25,0.0,0.0,0.25,0.0,1.0,0.75,0.75,0.25,0.0,0.0,1.0,0.0,1.0,0.0,0.0,0.75,0.0,0.25,1.0,0.0,0.75,0.75,0.75,0.75,0.0,0.25,0.25,0.25,0.25,0.25,0.0,1.0,0.25,0.0,0.0,1.0,1.0,1.0,0.83,0.17,0.0,1.0,0.25,0.75,0.5,0.5,0.5,0.75,0.5,0.5,0.5,0.5
2861,0.83,0.83,0.0,1.0,0.75,0.0,0.17,1.0,1.0,1.0,0.0,1.0,0.75,0.0,0.0,1.0,0.25,1.0,0.75,0.0,1.0,0.0,0.0,0.0,0.0,1.0,0.75,0.25,0.25,0.25,0.75,1.0,1.0,0.75,0.0,0.0,0.0,0.25,1.0,0.0,0.75,1.0,1.0,1.0,1.0,0.75,0.75,0.0,0.0,1.0,0.75,0.25,0.25,0.25,1.0,0.0,1.0,0.25,1.0,1.0,1.0,1.0,0.17,0.0,0.75,0.0,0.0,0.0,0.75,1.0,0.75,0.25,0.25,0.75,0.25
2862,1.0,0.83,0.17,1.0,0.0,0.0,0.67,0.0,1.0,0.0,1.0,0.0,0.75,0.0,0.0,1.0,0.0,1.0,1.0,0.0,0.25,0.25,0.0,0.0,0.0,0.0,0.0,1.0,0.0,1.0,0.0,0.25,0.0,0.0,0.25,1.0,0.0,1.0,0.0,1.0,1.0,1.0,0.75,1.0,1.0,1.0,0.0,1.0,0.75,1.0,0.75,0.25,1.0,1.0,1.0,0.0,0.0,1.0,1.0,1.0,0.5,1.0,0.83,0.0,0.0,0.75,1.0,0.5,0.75,0.75,0.75,0.5,0.5,0.5,0.25
2863,0.83,0.67,0.83,0.25,0.25,0.25,0.67,0.25,0.0,0.0,1.0,0.25,0.75,0.75,0.0,0.75,0.0,1.0,0.25,0.75,0.25,0.0,0.0,0.25,0.0,0.75,0.0,0.0,0.0,0.0,0.0,0.75,0.25,0.0,0.75,0.25,0.0,1.0,0.75,0.75,0.75,0.75,0.75,0.75,0.75,1.0,0.75,0.25,0.75,0.75,0.25,0.25,0.25,0.75,1.0,0.0,0.0,0.25,1.0,0.75,0.83,0.5,0.67,0.0,0.75,0.25,0.75,0.25,0.75,0.75,0.5,0.5,0.5,0.5,0.5
2864,0.83,0.33,0.0,0.25,0.25,0.0,0.67,0.0,0.75,0.75,0.25,0.25,0.0,0.0,0.25,0.75,0.0,1.0,0.75,0.0,0.75,0.0,0.0,0.0,0.25,0.0,0.0,1.0,0.25,1.0,0.75,0.25,0.0,0.25,0.25,1.0,0.0,0.75,0.75,0.75,1.0,1.0,1.0,0.75,0.75,1.0,0.25,0.25,0.75,1.0,0.75,0.25,0.75,0.75,0.75,0.0,0.25,0.75,1.0,0.75,0.5,1.0,0.5,0.0,0.75,0.75,0.75,0.5,0.25,0.5,0.75,0.5,0.5,0.75,0.25
2869,0.67,0.33,0.33,0.75,0.75,0.0,0.67,1.0,0.25,0.0,1.0,0.0,0.0,0.75,1.0,1.0,0.0,0.75,0.25,0.25,0.0,1.0,0.75,0.0,0.25,0.0,0.0,1.0,0.25,0.0,0.25,0.25,0.25,0.0,0.0,0.0,0.0,0.0,0.0,0.0,0.0,0.75,0.25,0.25,1.0,0.75,0.75,1.0,0.25,1.0,1.0,0.75,0.75,0.0,0.25,0.0,0.0,0.0,1.0,0.75,0.83,0.33,0.67,0.0,0.75,0.0,0.75,0.5,0.5,0.5,0.5,0.5,0.25,0.75,0.25
2870,0.67,0.67,0.83,0.75,0.25,0.0,0.33,0.75,1.0,0.25,0.75,0.75,1.0,0.75,0.0,0.0,0.0,1.0,0.75,0.75,0.75,0.75,0.25,0.0,0.75,0.25,0.25,0.75,0.25,0.25,0.75,0.25,0.25,0.25,0.25,0.75,0.25,0.75,0.75,0.75,0.75,0.25,0.75,0.25,0.25,1.0,0.75,0.25,1.0,1.0,0.0,0.0,0.0,0.25,0.25,0.25,0.25,0.25,0.75,0.75,0.83,0.33,0.17,0.0,0.75,0.25,0.75,0.25,0.25,0.75,0.75,0.25,0.75,0.75,0.75
2871,0.67,0.5,0.5,1.0,0.25,0.0,0.83,0.75,0.25,0.75,0.25,0.0,0.25,0.25,0.0,0.0,0.75,0.0,1.0,0.0,0.75,0.25,0.0,0.0,0.75,0.25,0.25,0.25,0.25,0.75,0.75,0.25,0.25,0.25,0.75,0.75,0.0,0.75,0.25,0.75,0.75,0.25,0.75,0.75,0.25,1.0,0.75,1.0,0.25,0.75,0.75,0.25,0.75,1.0,0.25,0.75,0.25,0.75,0.75,0.75,0.83,0.5,0.5,0.25,0.75,0.75,0.25,0.5,0.5,0.75,0.75,0.5,0.5,0.75,0.5
2872,0.17,0.17,0.17,1.0,1.0,0.0,0.83,0.25,1.0,1.0,0.25,0.0,1.0,1.0,1.0,0.25,0.75,1.0,1.0,0.0,1.0,0.75,0.25,0.0,0.75,0.0,0.0,1.0,0.75,1.0,1.0,0.0,0.0,1.0,0.75,0.75,1.0,0.75,0.75,0.75,0.75,1.0,0.25,0.75,1.0,1.0,0.75,0.25,0.0,1.0,1.0,1.0,1.0,1.0,1.0,1.0,0.75,0.0,0.75,0.75,0.5,1.0,0.67,0.25,0.75,1.0,1.0,0.75,0.5,0.5,1.0,0.75,0.5,0.75,0.5
2873,0.0,0.0,0.0,1.0,1.0,0.0,1.0,0.0,1.0,1.0,0.0,0.0,1.0,0.0,1.0,0.75,1.0,0.0,1.0,0.0,1.0,1.0,1.0,0.0,1.0,0.0,0.0,1.0,1.0,1.0,1.0,0.0,0.0,1.0,1.0,0.25,1.0,1.0,0.0,1.0,0.75,1.0,1.0,1.0,1.0,1.0,0.0,1.0,0.0,1.0,0.75,1.0,1.0,1.0,1.0,1.0,1.0,1.0,0.0,0.25,0.17,0.67,1.0,1.0,1.0,1.0,1.0,1.0,0.0,0.5,1.0,1.0,0.0,1.0,0.0
2874,0.67,0.17,0.0,0.75,0.75,0.0,0.83,0.75,1.0,1.0,0.0,0.0,1.0,0.0,0.75,0.75,1.0,1.0,1.0,0.75,1.0,0.75,1.0,0.25,0.75,0.0,0.0,1.0,0.25,1.0,1.0,0.25,0.75,0.75,0.75,0.75,0.75,0.75,0.75,1.0,0.75,0.75,0.75,1.0,1.0,1.0,0.0,1.0,0.25,1.0,1.0,1.0,1.0,1.0,0.75,0.75,1.0,1.0,0.0,0.75,0.33,0.83,0.83,1.0,0.25,1.0,1.0,0.75,0.0,0.5,1.0,0.75,0.0,1.0,0.5
2875,0.5,0.17,0.17,1.0,0.75,0.0,0.83,0.0,1.0,1.0,0.0,0.0,1.0,0.0,0.75,0.25,1.0,0.25,1.0,0.25,1.0,0.75,1.0,0.0,1.0,0.0,0.0,1.0,0.0,1.0,0.75,0.0,0.0,1.0,1.0,0.0,1.0,1.0,0.0,1.0,1.0,0.0,1.0,1.0,1.0,1.0,0.0,0.25,0.0,1.0,0.75,1.0,0.75,1.0,0.75,1.0,0.75,1.0,0.75,1.0,0.17,0.5,1.0,0.0,0.75,1.0,1.0,0.75,0.5,0.5,0.75,0.75,0.25,0.75,0.5
2876,0.0,0.0,0.0,1.0,1.0,0.0,1.0,0.0,1.0,1.0,0.0,0.0,1.0,0.0,1.0,0.75,1.0,0.0,1.0,0.0,1.0,1.0,1.0,0.0,1.0,0.0,0.0,1.0,1.0,1.0,1.0,0.0,0.0,1.0,1.0,0.0,1.0,1.0,0.0,1.0,1.0,0.75,1.0,1.0,1.0,1.0,0.0,0.25,0.0,1.0,0.75,1.0,1.0,1.0,0.75,1.0,1.0,1.0,0.0,0.25,0.0,0.5,1.0,0.75,0.0,1.0,1.0,1.0,0.0,0.5,1.0,1.0,0.25,1.0,0.5
2877,0.67,0.33,0.0,1.0,1.0,0.0,0.83,0.25,1.0,1.0,0.0,0.0,1.0,0.0,1.0,0.75,1.0,0.75,1.0,0.0,1.0,1.0,1.0,0.0,1.0,0.0,0.25,1.0,0.75,1.0,1.0,0.0,0.0,0.75,0.75,0.75,1.0,1.0,0.25,1.0,1.0,0.75,0.25,1.0,1.0,1.0,0.75,0.75,0.0,1.0,0.75,0.75,0.75,1.0,0.75,1.0,1.0,1.0,0.25,0.75,0.5,0.67,0.83,0.0,1.0,1.0,1.0,0.75,0.0,0.5,0.75,0.75,0.0,1.0,0.5
2878,0.17,0.5,0.0,1.0,1.0,0.0,1.0,0.25,1.0,1.0,0.25,0.0,1.0,0.0,0.25,0.25,1.0,0.25,1.0,0.0,1.0,1.0,1.0,0.0,1.0,0.0,0.0,1.0,0.25,1.0,0.25,0.0,0.0,1.0,1.0,0.25,1.0,1.0,0.25,0.75,1.0,0.75,1.0,1.0,1.0,1.0,0.0,0.75,0.0,1.0,1.0,1.0,0.75,1.0,1.0,1.0,1.0,1.0,0.25,0.75,0.17,0.5,1.0,0.75,0.75,1.0,1.0,1.0,0.25,0.5,1.0,1.0,0.0,1.0,0.5
2879,0.67,0.33,0.0,1.0,0.75,0.0,1.0,0.25,1.0,1.0,0.25,0.0,1.0,0.0,0.75,0.25,1.0,0.75,1.0,0.0,0.75,1.0,1.0,0.0,1.0,0.0,0.0,1.0,0.75,1.0,0.75,0.0,0.0,1.0,1.0,0.0,0.75,1.0,0.0,0.75,1.0,0.25,0.75,1.0,1.0,1.0,0.0,1.0,0.0,1.0,1.0,1.0,1.0,1.0,0.75,0.75,1.0,1.0,0.0,0.75,0.0,0.5,1.0,0.25,0.0,1.0,1.0,0.75,0.25,0.5,1.0,0.75,0.0,1.0,0.75
2880,0.17,1.0,0.83,0.0,0.25,1.0,0.0,1.0,0.0,0.0,0.75,0.75,0.0,1.0,0.25,0.25,0.0,0.0,0.0,0.0,0.0,0.0,0.0,1.0,0.0,1.0,1.0,1.0,0.25,0.0,0.75,1.0,1.0,0.75,0.0,1.0,0.0,0.25,0.75,0.0,0.25,0.75,0.0,0.0,0.0,0.0,1.0,0.0,1.0,1.0,0.0,0.0,0.0,0.0,0.0,0.0,0.0,0.0,1.0,1.0,1.0,0.67,0.17,0.0,1.0,0.0,0.0,0.0,1.0,0.75,0.5,0.0,1.0,0.5,0.75
2884,0.17,0.17,0.0,0.75,0.0,0.0,0.0,1.0,0.25,0.25,0.75,0.25,0.25,0.25,0.75,0.75,0.0,1.0,0.75,0.75,1.0,0.75,0.25,0.0,0.25,0.25,0.25,0.75,0.75,0.75,0.75,1.0,1.0,0.75,0.0,1.0,0.0,0.0,1.0,0.0,0.75,0.75,0.25,0.0,1.0,1.0,1.0,0.0,0.25,0.0,0.0,0.0,0.0,0.0,1.0,0.25,1.0,0.0,0.25,1.0,0.83,0.83,0.67,0.0,1.0,0.0,0.25,0.25,0.25,0.5,1.0,0.5,0.75,0.75,0.25
2885,0.17,0.67,0.17,0.0,0.0,0.0,0.67,0.75,0.75,1.0,1.0,0.0,0.25,1.0,0.75,0.25,0.0,1.0,0.75,0.25,1.0,0.25,0.75,0.0,0.25,0.0,0.0,0.75,0.0,1.0,0.25,0.25,0.25,0.25,0.0,0.0,0.0,0.25,0.25,0.25,0.25,0.75,0.75,1.0,1.0,1.0,0.25,0.25,0.25,0.75,0.75,0.0,0.25,0.75,0.25,0.25,0.0,0.0,1.0,1.0,0.67,0.83,0.83,0.0,0.75,0.75,0.0,0.75,0.5,0.5,1.0,0.5,0.25,0.75,0.5
2886,0.83,0.33,0.0,0.75,1.0,0.0,0.67,0.75,0.75,0.75,1.0,0.25,0.25,0.25,0.0,0.75,0.25,0.25,0.75,0.0,0.75,0.75,0.25,0.0,0.75,0.25,0.0,1.0,0.75,0.75,0.25,0.25,0.25,1.0,0.25,1.0,0.25,0.25,0.75,0.25,0.0,0.75,0.25,1.0,1.0,1.0,0.0,0.75,0.0,1.0,1.0,0.75,0.75,1.0,0.75,0.75,1.0,0.75,0.75,0.75,0.83,0.83,1.0,0.0,1.0,0.75,1.0,0.5,0.25,0.5,0.75,0.5,0.0,0.5,0.0
2887,0.0,0.5,0.0,0.75,0.75,0.0,0.67,1.0,0.75,0.75,1.0,0.0,0.25,0.75,0.0,0.0,0.75,0.75,0.75,0.25,0.75,0.25,0.75,0.0,0.25,0.0,0.0,1.0,1.0,0.25,1.0,0.25,0.75,1.0,0.25,1.0,0.0,0.25,1.0,0.0,0.25,1.0,0.0,1.0,1.0,1.0,0.0,1.0,0.0,1.0,1.0,1.0,1.0,1.0,0.25,1.0,1.0,0.75,0.75,0.25,0.83,1.0,0.83,0.0,1.0,0.25,1.0,0.5,0.5,0.5,1.0,0.5,0.0,0.5,0.0
2888,0.67,0.33,0.0,0.25,0.75,0.0,0.17,0.75,1.0,1.0,0.75,0.25,0.25,0.75,1.0,0.75,0.25,0.75,0.75,0.0,1.0,0.25,0.75,0.0,0.25,0.25,0.25,1.0,1.0,1.0,1.0,0.75,0.75,1.0,0.25,1.0,0.0,0.25,1.0,0.25,0.0,0.75,0.25,1.0,1.0,1.0,0.0,0.75,0.25,0.75,0.75,0.75,0.75,0.75,1.0,0.25,0.75,1.0,0.75,0.75,0.83,0.83,0.67,0.0,0.75,0.25,1.0,0.5,0.5,0.5,0.75,0.5,0.25,0.5,0.5
2891,0.33,0.0,0.0,0.0,1.0,0.0,0.83,1.0,0.0,1.0,1.0,0.0,0.0,1.0,0.0,0.0,0.0,0.0,0.0,0.0,0.0,0.0,1.0,0.25,0.0,0.0,0.0,1.0,1.0,0.0,0.0,0.0,1.0,1.0,0.0,1.0,0.0,0.0,1.0,0.0,0.0,1.0,0.0,1.0,1.0,0.0,1.0,1.0,0.0,0.0,0.75,0.0,0.0,0.0,0.0,0.0,0.0,0.0,1.0,1.0,1.0,1.0,0.67,0.0,1.0,0.0,0.0,0.0,1.0,0.5,0.75,0.5,0.75,0.75,0.5
2892,0.83,0.5,0.33,1.0,0.75,0.25,0.5,1.0,0.75,1.0,0.75,0.25,0.25,0.75,0.75,0.75,0.0,0.0,0.75,0.25,1.0,0.75,0.25,0.25,0.25,0.75,0.75,0.75,0.75,0.75,0.75,0.75,0.75,0.75,0.0,1.0,0.25,0.25,0.75,0.25,0.75,0.75,0.0,0.75,0.75,0.75,0.75,0.25,0.75,0.0,0.75,0.75,1.0,0.25,0.75,0.25,0.25,0.25,1.0,1.0,1.0,0.83,0.5,0.0,1.0,0.25,0.75,0.5,0.5,0.5,1.0,0.5,0.5,0.5,0.5
2893,1.0,0.17,0.0,0.0,0.0,0.0,0.83,0.0,1.0,0.0,1.0,0.0,0.25,0.0,0.75,0.75,0.0,1.0,1.0,0.0,1.0,0.25,1.0,0.0,0.25,0.0,0.0,0.0,0.0,1.0,0.0,0.25,0.0,1.0,0.25,0.75,0.0,1.0,0.75,0.25,0.75,0.75,0.75,1.0,1.0,1.0,0.0,1.0,0.75,1.0,1.0,1.0,1.0,1.0,0.0,0.0,0.0,0.75,1.0,1.0,0.67,0.83,1.0,0.75,1.0,1.0,1.0,0.75,0.5,0.5,0.5,0.25,0.5,0.5,0.5
2896,0.83,0.83,0.0,0.0,0.0,0.0,0.33,1.0,1.0,0.25,1.0,0.0,1.0,1.0,0.25,0.0,0.25,0.0,0.0,0.0,1.0,0.75,0.0,0.0,0.25,0.0,0.0,1.0,0.75,0.25,1.0,0.75,1.0,1.0,0.0,1.0,0.0,0.75,1.0,0.0,1.0,0.25,0.25,0.0,0.0,0.75,0.75,0.0,0.0,1.0,1.0,0.0,1.0,0.0,1.0,0.25,0.0,0.0,0.75,0.75,0.67,0.5,0.5,0.0,0.75,0.75,0.0,0.5,0.5,0.5,0.75,0.5,0.5,0.75,0.25
2898,0.5,0.17,0.0,0.25,0.75,0.0,0.17,1.0,0.75,1.0,0.75,0.0,0.25,1.0,0.75,0.0,0.0,0.75,1.0,0.0,1.0,1.0,1.0,0.0,0.25,0.25,0.0,1.0,0.75,1.0,0.75,0.25,0.25,1.0,0.0,0.75,0.0,0.25,0.25,0.25,1.0,0.25,0.25,1.0,1.0,1.0,0.75,0.0,0.0,1.0,1.0,1.0,0.75,0.75,0.75,0.25,0.0,1.0,0.25,0.75,0.83,0.83,1.0,0.0,0.25,0.75,1.0,0.5,0.25,0.5,1.0,0.75,0.5,1.0,1.0
2899,0.5,0.0,0.33,0.75,0.75,0.25,0.67,0.75,0.75,0.75,0.75,0.25,0.25,0.75,1.0,0.75,0.25,0.75,0.75,0.25,0.75,0.75,0.75,0.25,0.75,0.25,0.75,0.75,0.25,0.75,0.25,0.25,0.25,0.75,0.75,0.75,0.25,0.75,0.75,0.75,0.75,0.75,0.25,1.0,1.0,1.0,0.25,1.0,0.25,0.25,1.0,1.0,1.0,0.75,1.0,0.25,0.25,0.75,0.25,0.75,0.33,0.83,1.0,0.75,0.25,1.0,1.0,0.75,0.25,0.5,0.75,0.5,0.0,1.0,0.75
2904,0.83,0.33,0.0,0.75,0.0,0.0,0.5,0.25,1.0,1.0,0.75,0.0,0.25,0.75,0.0,0.0,0.0,1.0,0.75,0.0,0.25,0.75,0.0,0.25,0.25,0.0,0.0,0.75,0.25,1.0,0.0,0.25,0.25,1.0,0.25,0.75,0.25,0.75,0.0,0.75,1.0,0.75,0.75,0.75,1.0,1.0,0.25,0.75,0.25,1.0,0.75,0.25,1.0,0.75,0.75,0.25,1.0,0.75,0.75,0.75,0.67,0.67,0.83,0.0,0.75,0.75,1.0,0.5,0.5,0.5,0.75,0.5,0.5,0.5,0.5
2905,1.0,1.0,0.33,0.25,0.75,0.75,0.83,0.75,0.25,0.0,0.0,0.25,0.0,0.0,0.75,0.75,0.75,1.0,0.0,0.0,0.25,1.0,0.0,1.0,0.0,0.25,0.75,0.75,0.0,1.0,0.75,0.25,0.0,0.0,0.25,0.25,0.75,1.0,0.75,0.75,0.75,0.25,0.75,1.0,0.25,1.0,0.75,0.0,0.25,1.0,0.75,0.75,0.25,0.25,0.75,0.0,0.25,0.75,1.0,1.0,0.67,0.83,0.5,0.0,0.75,1.0,0.25,0.5,0.5,0.75,0.75,0.5,0.5,0.5,0.5
2908,0.17,0.0,0.0,1.0,1.0,0.0,0.83,0.75,1.0,1.0,1.0,0.0,0.25,0.75,1.0,0.75,0.25,0.25,0.75,0.0,0.75,1.0,1.0,0.0,1.0,0.0,0.0,1.0,1.0,0.75,1.0,0.0,0.75,1.0,0.25,1.0,0.25,0.0,1.0,0.0,0.0,1.0,0.0,1.0,1.0,1.0,0.0,1.0,0.0,0.25,1.0,1.0,1.0,1.0,1.0,1.0,1.0,1.0,0.25,0.25,0.83,1.0,1.0,1.0,1.0,1.0,1.0,0.75,0.0,0.5,0.75,0.5,0.0,1.0,0.0
2909,0.83,0.17,0.67,0.75,0.75,0.25,0.83,0.75,0.75,1.0,0.75,0.25,1.0,0.25,1.0,0.0,1.0,1.0,1.0,0.0,1.0,0.75,0.75,0.25,0.75,0.25,0.25,1.0,0.25,1.0,0.75,0.25,0.25,1.0,0.25,0.75,0.75,0.25,0.25,0.75,1.0,0.0,0.25,1.0,1.0,1.0,0.0,0.75,0.25,1.0,1.0,1.0,1.0,1.0,1.0,1.0,1.0,1.0,0.25,1.0,0.67,0.33,1.0,0.0,0.0,1.0,1.0,0.75,0.25,0.5,1.0,1.0,0.25,0.75,0.75
2910,0.33,0.33,0.67,0.75,1.0,0.0,0.67,0.0,1.0,1.0,0.25,0.25,0.75,0.0,1.0,0.0,1.0,1.0,1.0,1.0,1.0,1.0,1.0,0.0,0.75,0.0,0.0,1.0,0.0,1.0,1.0,1.0,0.75,0.0,0.75,1.0,1.0,0.75,1.0,1.0,1.0,0.0,1.0,1.0,1.0,1.0,0.0,0.25,0.0,1.0,1.0,1.0,1.0,1.0,1.0,0.0,1.0,1.0,0.0,1.0,0.67,0.83,0.33,1.0,0.25,1.0,1.0,1.0,0.0,0.5,1.0,0.5,0.75,1.0,0.75
2911,0.83,0.67,0.67,0.75,0.75,0.0,0.17,1.0,0.75,1.0,1.0,0.0,0.75,0.75,0.75,0.75,0.25,0.75,0.25,0.0,0.75,0.0,0.75,0.0,0.25,0.0,0.0,0.75,0.25,0.25,1.0,0.75,0.25,0.0,0.25,1.0,0.25,0.75,0.75,0.0,0.75,0.25,0.25,1.0,1.0,1.0,0.75,0.75,0.0,1.0,1.0,0.75,1.0,1.0,0.75,1.0,1.0,0.25,0.75,1.0,0.67,0.67,0.67,0.25,0.75,0.75,0.25,0.5,0.5,0.5,0.5,0.5,0.25,0.5,0.5
2912,0.83,0.33,0.17,0.75,1.0,0.0,0.83,1.0,1.0,1.0,1.0,0.0,0.75,0.25,1.0,0.75,0.25,0.25,0.75,0.0,1.0,0.0,1.0,0.0,0.75,0.0,0.0,1.0,1.0,1.0,1.0,0.0,0.75,1.0,0.25,1.0,0.0,0.25,1.0,0.25,0.25,0.75,0.25,1.0,1.0,1.0,0.0,1.0,0.0,0.75,1.0,1.0,1.0,1.0,1.0,1.0,1.0,1.0,0.0,1.0,0.83,0.83,1.0,0.75,0.75,1.0,1.0,0.75,0.0,0.5,0.75,0.5,0.0,0.75,0.0
2913,0.67,0.17,0.0,0.25,0.75,0.0,0.67,1.0,0.75,0.75,1.0,0.0,0.25,0.75,0.25,0.75,0.25,1.0,0.75,0.25,0.75,1.0,1.0,0.0,0.75,0.0,0.0,1.0,0.75,0.75,0.25,0.0,0.75,1.0,0.25,0.75,0.75,0.75,0.0,1.0,0.25,1.0,1.0,1.0,1.0,1.0,0.0,1.0,0.0,1.0,1.0,1.0,1.0,1.0,0.25,1.0,1.0,0.75,0.75,1.0,0.67,1.0,0.83,0.25,0.75,1.0,1.0,0.5,0.5,0.5,0.5,0.5,0.0,0.75,0.25
2916,0.67,0.33,0.17,0.25,0.75,1.0,0.33,0.0,1.0,0.75,0.0,0.25,0.75,0.0,1.0,1.0,0.0,1.0,1.0,0.0,1.0,1.0,0.0,1.0,0.75,0.75,0.75,1.0,1.0,1.0,0.75,1.0,1.0,0.0,0.25,1.0,0.0,0.75,0.0,0.75,1.0,0.25,1.0,0.0,0.25,1.0,0.75,0.0,0.0,1.0,0.75,0.75,1.0,1.0,0.25,0.0,0.25,0.25,1.0,1.0,0.67,0.17,0.67,0.0,0.75,0.75,0.25,0.75,0.5,0.5,1.0,1.0,0.75,0.75,1.0
2918,0.0,0.0,0.0,1.0,1.0,0.0,1.0,0.0,1.0,1.0,0.0,0.0,1.0,0.0,0.75,0.0,1.0,0.0,1.0,0.0,1.0,1.0,1.0,0.0,1.0,0.0,0.0,1.0,0.75,1.0,1.0,0.0,0.0,1.0,1.0,0.75,1.0,0.75,1.0,1.0,1.0,0.25,0.75,1.0,1.0,1.0,0.0,1.0,0.0,1.0,1.0,1.0,1.0,1.0,1.0,1.0,1.0,1.0,0.0,0.25,0.67,0.67,1.0,0.75,0.25,1.0,1.0,1.0,0.0,0.25,1.0,1.0,0.0,1.0,0.25
2920,1.0,0.83,0.33,0.75,0.25,0.25,0.0,1.0,0.25,0.0,1.0,0.25,0.25,0.75,0.25,0.25,0.0,0.0,0.0,0.0,1.0,0.75,0.0,0.0,0.0,0.25,0.75,0.0,0.0,0.0,0.0,1.0,0.0,1.0,0.0,0.25,0.25,1.0,1.0,0.25,0.75,0.25,0.75,0.75,0.75,0.0,0.75,1.0,0.75,1.0,0.75,0.25,0.75,0.0,0.75,0.0,0.75,0.0,1.0,1.0,0.83,0.83,0.0,0.0,0.75,0.0,0.75,0.25,0.75,1.0,1.0,0.75,0.75,0.75,0.25
2921,0.83,0.0,0.5,1.0,0.75,0.25,0.83,0.25,0.75,1.0,0.0,0.0,1.0,1.0,0.0,0.0,1.0,1.0,1.0,0.25,0.75,1.0,1.0,0.25,1.0,0.25,0.25,1.0,0.25,0.75,0.25,0.25,0.25,0.25,0.75,0.75,0.75,0.75,0.25,0.75,1.0,0.0,0.75,1.0,1.0,1.0,0.0,1.0,0.0,0.75,0.75,1.0,1.0,1.0,0.75,0.75,1.0,1.0,0.0,0.75,0.17,0.33,1.0,0.75,0.25,0.75,0.75,0.5,0.0,0.5,0.5,1.0,0.25,0.75,0.5
2922,1.0,0.17,0.0,0.75,0.25,0.0,1.0,1.0,1.0,0.0,1.0,1.0,0.0,1.0,0.0,0.0,0.0,1.0,0.0,0.0,1.0,0.25,0.0,0.0,0.25,0.0,0.0,1.0,0.75,1.0,1.0,0.25,0.75,0.0,0.0,0.75,0.0,1.0,0.0,0.25,1.0,0.75,1.0,0.75,0.75,1.0,0.25,0.25,0.75,1.0,0.25,0.25,0.75,0.75,0.75,0.0,0.0,0.0,1.0,1.0,1.0,1.0,0.67,0.0,1.0,0.0,0.75,0.25,0.5,0.5,0.5,0.5,0.5,0.5,0.5
2929,0.67,0.17,0.0,0.75,0.75,0.0,0.5,0.75,1.0,0.75,1.0,0.0,0.25,1.0,0.75,0.0,0.0,1.0,1.0,0.0,0.75,0.75,1.0,0.0,1.0,0.0,0.0,1.0,0.0,0.0,0.75,0.0,0.0,1.0,0.25,1.0,0.0,0.0,0.0,0.25,0.0,1.0,0.0,1.0,1.0,1.0,0.0,1.0,0.0,1.0,1.0,0.25,0.25,1.0,1.0,1.0,0.75,1.0,1.0,0.75,1.0,1.0,1.0,0.0,1.0,0.75,1.0,0.5,0.5,0.5,0.75,0.5,0.0,0.5,0.5
2930,0.0,0.0,0.0,1.0,1.0,0.0,1.0,0.0,1.0,1.0,0.0,0.0,1.0,0.0,0.75,0.75,1.0,0.0,1.0,0.0,1.0,1.0,1.0,0.0,1.0,0.0,0.0,1.0,0.25,1.0,0.75,0.0,0.0,1.0,1.0,0.0,1.0,1.0,0.0,1.0,1.0,0.25,1.0,1.0,1.0,1.0,0.0,1.0,0.0,1.0,1.0,1.0,1.0,1.0,0.25,1.0,1.0,1.0,0.0,0.0,0.0,0.0,1.0,1.0,0.0,1.0,1.0,1.0,0.0,0.25,1.0,1.0,0.0,1.0,0.25
2932,0.0,0.17,0.0,0.75,1.0,0.0,0.33,0.75,0.75,1.0,1.0,0.0,0.75,0.75,1.0,0.0,0.25,1.0,1.0,0.0,0.75,0.75,1.0,0.0,1.0,0.0,0.0,1.0,1.0,0.75,1.0,0.25,0.75,1.0,0.25,1.0,0.0,0.0,1.0,0.25,0.75,1.0,0.0,1.0,1.0,1.0,0.0,1.0,0.0,1.0,1.0,1.0,1.0,1.0,1.0,1.0,1.0,0.75,0.75,1.0,0.83,0.83,1.0,0.0,1.0,1.0,1.0,0.75,0.25,0.5,0.75,0.5,0.0,1.0,0.25
2933,0.83,0.67,0.0,0.25,1.0,0.0,0.5,0.75,1.0,1.0,1.0,0.0,0.75,0.75,0.25,0.0,0.25,1.0,0.75,0.0,1.0,0.75,0.25,0.0,0.0,0.0,0.0,1.0,0.25,0.25,0.25,0.25,1.0,1.0,0.25,1.0,0.0,0.25,1.0,0.25,0.0,0.75,0.0,1.0,1.0,1.0,0.0,1.0,0.0,1.0,1.0,1.0,1.0,0.75,0.25,0.75,1.0,0.75,0.75,0.75,1.0,1.0,1.0,0.0,0.75,1.0,1.0,0.5,0.25,0.5,0.75,0.5,0.0,0.75,0.0
2934,1.0,0.0,0.67,0.75,1.0,0.0,0.17,1.0,1.0,0.0,0.0,0.75,0.0,1.0,1.0,0.0,0.75,1.0,0.25,0.0,0.0,0.25,1.0,0.0,1.0,0.0,0.0,1.0,0.75,1.0,1.0,1.0,0.0,1.0,0.0,0.75,0.0,0.0,1.0,0.25,1.0,0.75,0.0,1.0,1.0,1.0,0.25,1.0,0.25,1.0,0.0,0.0,0.25,0.75,1.0,1.0,0.0,0.0,1.0,1.0,0.5,1.0,0.5,0.0,0.75,1.0,1.0,0.75,0.5,0.5,1.0,0.5,0.5,0.75,0.5
2936,0.0,0.17,0.83,1.0,0.25,0.0,1.0,0.0,0.75,1.0,0.0,0.0,1.0,0.75,1.0,0.0,1.0,0.25,1.0,0.0,1.0,0.25,0.25,0.0,0.75,0.25,0.0,0.0,0.75,1.0,0.0,0.25,0.0,0.0,0.0,1.0,1.0,1.0,1.0,1.0,1.0,0.75,1.0,1.0,1.0,1.0,1.0,0.0,0.0,1.0,0.0,1.0,0.75,0.75,1.0,0.25,0.0,0.25,1.0,0.75,0.17,0.83,0.67,0.25,1.0,1.0,1.0,0.75,0.75,0.75,1.0,0.75,1.0,1.0,1.0
2937,1.0,0.0,0.5,0.25,0.0,0.0,0.33,0.0,0.25,0.0,0.0,0.25,0.0,1.0,1.0,1.0,0.75,0.25,0.75,0.0,0.25,1.0,0.0,0.0,0.75,0.0,0.0,0.0,0.0,0.75,0.25,0.25,0.25,0.0,0.0,0.0,0.0,0.75,0.0,0.0,1.0,1.0,1.0,0.0,0.75,1.0,0.75,0.0,1.0,1.0,0.75,0.75,0.75,1.0,0.75,0.0,1.0,1.0,0.75,1.0,0.0,0.33,0.33,0.0,0.0,1.0,1.0,0.25,0.5,0.75,0.75,0.5,0.75,0.75,0.25
2939,0.67,0.17,0.0,0.75,0.75,0.0,1.0,0.0,1.0,1.0,0.25,0.0,1.0,0.0,1.0,0.75,0.75,0.25,1.0,0.25,1.0,1.0,1.0,0.0,1.0,0.0,0.0,1.0,0.25,1.0,0.75,0.0,0.0,1.0,0.75,0.0,1.0,0.75,0.75,0.75,1.0,0.75,0.75,1.0,1.0,1.0,0.0,1.0,0.0,1.0,1.0,1.0,1.0,1.0,0.25,1.0,1.0,1.0,0.0,0.25,0.17,0.83,1.0,0.75,0.25,1.0,0.75,0.75,0.0,0.5,1.0,0.75,0.0,1.0,0.5
2940,0.67,0.33,0.33,1.0,1.0,0.0,1.0,0.0,1.0,1.0,0.0,0.0,1.0,0.0,0.75,0.0,1.0,1.0,1.0,0.25,1.0,0.75,1.0,0.0,1.0,0.0,0.0,1.0,0.25,1.0,1.0,0.0,0.0,1.0,1.0,0.0,1.0,0.75,0.0,1.0,1.0,0.0,1.0,1.0,1.0,1.0,0.0,1.0,0.0,1.0,1.0,1.0,1.0,1.0,1.0,1.0,1.0,1.0,0.0,1.0,0.33,0.67,1.0,1.0,0.0,1.0,0.0,1.0,0.0,0.75,0.75,0.75,0.25,1.0,0.25
2941,0.83,0.33,0.0,0.75,1.0,0.0,1.0,0.75,1.0,0.25,0.75,0.25,0.25,1.0,0.0,1.0,0.25,1.0,0.0,0.0,1.0,0.75,0.0,0.0,0.0,0.0,0.75,0.0,0.25,1.0,0.0,0.25,0.0,0.75,0.25,0.25,0.25,1.0,0.0,0.25,0.75,0.75,1.0,1.0,1.0,1.0,0.25,0.25,0.0,1.0,0.25,1.0,0.75,0.0,0.25,0.0,1.0,0.75,0.75,1.0,0.0,0.67,0.83,0.25,0.25,0.25,0.0,0.75,0.25,0.75,0.5,0.25,0.5,0.75,0.5
2942,1.0,0.5,0.5,0.25,0.75,0.0,0.5,0.0,1.0,0.0,0.75,0.0,0.25,0.0,0.0,0.0,0.0,1.0,1.0,0.0,0.75,0.75,0.0,0.0,0.25,0.0,0.0,0.75,0.0,1.0,0.0,0.75,0.25,0.0,0.25,0.75,0.0,1.0,0.0,0.75,1.0,0.75,1.0,0.75,0.75,1.0,0.25,0.25,0.75,1.0,0.25,0.75,0.75,0.75,0.25,0.0,0.0,1.0,1.0,0.75,0.67,0.67,0.5,0.0,0.75,0.25,0.75,0.5,0.5,0.5,0.75,0.5,0.5,0.5,0.5
2943,0.5,0.67,0.17,0.75,0.0,0.0,0.83,0.0,1.0,0.0,1.0,0.0,0.25,0.0,0.0,0.75,0.25,1.0,0.75,0.0,0.25,0.25,0.0,0.0,0.25,0.0,0.0,0.75,0.25,0.75,0.0,0.0,0.0,0.0,0.75,0.75,0.25,1.0,0.0,1.0,1.0,0.75,1.0,1.0,1.0,1.0,0.0,0.25,0.75,1.0,0.75,0.75,0.75,1.0,0.75,0.0,0.0,1.0,1.0,0.25,0.33,0.33,0.83,0.0,0.75,0.75,0.75,0.5,0.5,0.5,0.5,0.75,0.0,0.75,0.5
2944,0.83,0.83,0.17,1.0,0.75,0.0,0.83,0.75,0.75,0.0,1.0,0.75,0.0,1.0,0.75,1.0,0.0,0.75,1.0,0.0,0.75,0.75,0.0,0.0,0.25,0.25,0.0,1.0,1.0,0.25,0.75,1.0,0.25,1.0,0.0,1.0,0.0,0.0,1.0,0.0,0.0,1.0,0.0,0.75,0.75,0.75,1.0,0.0,0.0,0.0,0.75,0.25,1.0,0.0,0.0,0.0,0.0,0.0,1.0,0.75,0.83,1.0,0.67,0.0,1.0,0.25,1.0,0.5,0.5,0.5,0.75,0.25,0.5,0.5,0.25
2946,0.83,0.33,0.0,0.25,1.0,0.0,1.0,0.75,0.75,0.25,0.75,0.0,0.75,0.75,1.0,0.0,0.25,0.0,0.75,0.0,0.75,0.75,1.0,0.0,0.75,0.0,0.0,1.0,1.0,0.25,1.0,0.75,0.75,1.0,0.0,1.0,0.0,0.0,1.0,0.0,0.0,1.0,0.25,1.0,1.0,0.75,0.25,1.0,0.0,0.25,0.75,1.0,0.75,0.75,1.0,0.75,0.75,0.25,0.75,0.75,1.0,1.0,0.17,0.0,1.0,0.25,0.75,0.5,0.25,0.5,0.75,0.5,0.5,0.5,0.25
2947,0.5,0.5,0.67,0.75,0.75,0.0,0.0,1.0,0.75,0.0,0.75,1.0,0.0,1.0,0.75,1.0,0.0,0.25,0.75,0.0,0.75,0.75,0.25,0.0,0.0,0.75,0.25,0.75,0.75,0.0,0.0,1.0,1.0,1.0,0.0,1.0,0.0,0.25,0.25,0.0,0.0,1.0,0.0,0.75,0.75,1.0,1.0,0.0,0.0,0.0,1.0,0.75,1.0,1.0,1.0,0.0,0.0,0.25,1.0,1.0,1.0,1.0,0.5,0.25,1.0,0.25,1.0,0.5,1.0,0.5,0.5,0.0,0.5,0.25,0.25
2948,0.67,0.67,0.33,0.0,0.25,0.0,0.67,0.25,0.75,0.0,1.0,0.0,0.0,0.0,0.0,0.75,0.0,1.0,0.75,0.0,0.25,0.25,0.0,0.0,0.25,0.0,0.0,0.25,0.0,0.75,0.25,0.0,0.0,0.0,0.0,0.75,0.0,1.0,0.0,0.75,0.0,1.0,1.0,1.0,0.75,1.0,0.25,0.0,0.75,1.0,0.25,0.25,0.75,0.25,1.0,0.0,0.0,0.75,1.0,0.75,0.67,1.0,0.33,0.0,1.0,0.25,1.0,0.5,0.5,0.5,0.5,0.5,0.5,0.5,0.5
2949,0.5,0.17,0.0,1.0,1.0,0.0,1.0,0.0,1.0,1.0,0.0,0.0,0.0,0.0,1.0,1.0,1.0,1.0,0.25,0.0,1.0,1.0,0.75,0.0,1.0,0.0,0.0,1.0,1.0,1.0,1.0,0.0,0.0,1.0,1.0,1.0,1.0,0.25,0.25,1.0,1.0,0.75,1.0,1.0,1.0,1.0,0.75,1.0,1.0,1.0,1.0,0.25,1.0,1.0,0.75,0.75,1.0,1.0,0.75,1.0,0.67,1.0,1.0,0.75,0.75,1.0,0.75,1.0,0.0,0.5,1.0,1.0,0.75,1.0,0.75
2951,0.0,0.67,0.5,0.25,0.0,0.0,0.5,0.0,1.0,0.75,1.0,0.0,0.25,0.0,0.0,0.75,0.0,1.0,0.75,0.0,0.25,0.75,0.0,0.0,0.25,0.0,0.0,1.0,0.0,0.75,0.75,0.25,0.25,1.0,0.25,0.75,0.0,1.0,0.0,0.75,1.0,0.75,1.0,0.75,0.75,1.0,0.25,0.25,0.75,1.0,0.25,0.25,0.75,0.75,0.25,0.0,0.0,0.25,1.0,0.75,0.33,0.33,0.33,0.0,0.75,0.75,0.75,0.5,0.5,0.5,0.5,0.5,0.5,0.5,0.5
2953,1.0,0.33,0.5,0.75,0.0,0.0,0.5,0.0,1.0,0.0,1.0,0.0,0.25,0.0,0.75,0.75,0.0,1.0,0.25,0.0,0.25,0.25,0.0,0.0,0.25,0.0,0.0,0.75,0.0,0.75,0.75,0.25,0.25,0.0,0.25,0.75,0.0,1.0,0.0,0.75,1.0,0.75,1.0,0.75,0.75,1.0,0.0,0.25,0.75,1.0,0.0,0.25,0.75,0.75,0.75,0.0,0.0,0.75,0.25,0.75,0.67,0.67,0.67,0.0,0.75,0.75,0.75,0.5,0.25,0.5,0.5,0.5,0.5,0.75,0.5
2954,1.0,0.17,0.5,0.75,0.75,0.25,0.67,0.75,0.25,1.0,0.75,0.25,0.25,0.75,0.0,0.0,0.25,0.75,0.75,0.0,0.25,0.75,0.0,0.25,0.75,0.75,0.75,0.25,0.0,0.75,0.75,0.25,0.25,0.25,0.25,0.75,0.0,0.75,0.75,0.25,0.75,0.25,0.75,1.0,0.75,0.75,1.0,1.0,0.25,1.0,1.0,1.0,0.0,1.0,0.0,0.75,0.75,1.0,1.0,1.0,0.83,0.83,0.5,0.0,0.75,1.0,0.75,0.75,0.75,0.5,0.5,0.5,0.5,0.5,0.5
2955,1.0,0.33,0.67,1.0,1.0,0.0,1.0,0.25,1.0,1.0,0.75,0.0,1.0,0.0,0.75,1.0,1.0,0.75,1.0,1.0,1.0,0.75,1.0,0.0,1.0,0.0,0.0,1.0,1.0,1.0,1.0,0.0,0.0,1.0,1.0,1.0,1.0,1.0,0.0,1.0,1.0,0.0,1.0,1.0,1.0,1.0,0.0,1.0,1.0,1.0,1.0,1.0,1.0,1.0,1.0,0.75,0.0,1.0,0.25,1.0,0.17,0.67,1.0,0.75,0.75,1.0,1.0,1.0,0.25,1.0,0.75,0.75,0.0,1.0,0.25
2956,1.0,0.67,0.5,1.0,0.0,0.0,1.0,0.75,1.0,1.0,0.75,0.0,0.75,0.0,0.75,0.75,1.0,0.75,1.0,0.25,1.0,0.75,1.0,0.0,0.75,0.0,0.75,1.0,0.0,1.0,0.75,0.25,0.0,0.0,1.0,1.0,1.0,1.0,0.0,1.0,1.0,0.0,1.0,1.0,1.0,1.0,0.25,0.25,0.0,0.75,0.75,1.0,1.0,1.0,0.25,0.25,1.0,1.0,0.0,1.0,0.67,0.33,1.0,0.25,0.75,1.0,1.0,0.75,0.0,0.75,0.75,0.75,0.5,1.0,1.0
2957,1.0,0.17,0.83,0.0,0.0,0.25,1.0,1.0,1.0,0.0,0.25,0.25,1.0,0.25,0.25,0.75,1.0,1.0,1.0,0.75,0.75,0.0,0.75,0.0,1.0,0.25,0.25,0.0,0.0,1.0,0.25,0.25,0.75,0.75,0.75,1.0,1.0,1.0,0.0,1.0,1.0,0.25,0.75,0.75,0.75,1.0,0.0,0.75,0.75,1.0,1.0,0.75,0.75,1.0,0.0,0.0,0.25,0.75,0.25,0.75,1.0,0.67,0.83,0.0,0.25,1.0,1.0,0.75,0.25,0.75,0.75,0.75,0.25,0.75,0.25
2958,0.17,0.0,0.0,1.0,1.0,0.0,1.0,0.0,1.0,1.0,0.0,0.0,1.0,0.0,1.0,1.0,1.0,0.0,1.0,0.0,1.0,1.0,1.0,0.0,1.0,0.0,0.0,1.0,1.0,1.0,1.0,0.0,0.0,1.0,1.0,0.0,1.0,0.75,0.0,1.0,0.75,0.75,1.0,1.0,1.0,1.0,0.0,0.75,0.0,1.0,1.0,1.0,1.0,1.0,1.0,1.0,1.0,1.0,0.75,0.25,0.33,0.67,1.0,1.0,1.0,1.0,1.0,1.0,0.0,0.5,1.0,0.75,0.0,0.75,0.5
2959,0.17,0.17,0.17,1.0,0.75,0.0,0.83,0.0,0.75,0.75,0.0,0.0,0.75,0.25,1.0,0.75,1.0,0.0,0.75,0.0,1.0,0.75,1.0,0.0,0.75,0.0,0.25,1.0,0.25,0.75,1.0,0.0,0.0,1.0,0.75,0.25,1.0,1.0,0.25,0.75,1.0,0.25,1.0,1.0,1.0,1.0,0.25,0.75,0.25,0.75,0.75,1.0,0.75,1.0,0.75,0.75,1.0,1.0,0.25,0.25,0.33,0.5,0.67,0.75,0.25,1.0,1.0,1.0,0.25,0.5,0.75,0.75,0.25,0.75,0.25
2960,0.83,0.83,0.83,0.0,0.0,0.75,0.17,0.25,0.25,0.0,0.75,0.75,0.25,0.75,1.0,0.75,0.25,0.75,0.0,0.0,0.25,0.25,0.0,0.75,0.0,1.0,1.0,0.75,0.25,0.25,0.75,1.0,0.75,0.0,0.75,0.75,0.0,0.75,0.75,0.25,0.25,0.75,0.25,0.75,0.0,0.75,0.75,0.0,0.75,0.75,0.25,0.25,0.25,0.0,0.75,0.0,0.0,0.25,1.0,1.0,0.83,0.83,0.33,0.0,1.0,0.75,0.0,0.25,0.75,0.75,0.75,0.0,0.75,0.75,0.25
2962,1.0,0.83,0.0,1.0,0.75,0.0,0.0,1.0,0.75,0.0,1.0,0.75,0.0,0.75,0.75,0.0,0.0,0.0,0.0,0.0,1.0,0.25,0.0,0.0,0.0,0.25,0.0,1.0,1.0,0.0,0.75,1.0,1.0,1.0,0.0,1.0,0.0,0.0,1.0,0.0,0.0,1.0,0.0,0.0,0.0,0.75,1.0,0.0,1.0,0.0,0.25,0.0,0.0,0.0,0.25,0.0,0.0,0.0,1.0,1.0,1.0,1.0,0.0,0.0,1.0,0.0,0.0,0.25,0.5,0.5,0.75,0.5,0.75,0.75,0.25
2964,0.83,0.83,0.17,0.0,0.75,0.75,0.17,0.25,0.25,0.0,1.0,0.75,0.0,0.0,0.0,0.0,0.0,0.25,0.25,0.0,0.0,0.25,0.0,1.0,0.0,1.0,1.0,0.75,0.0,0.0,0.75,1.0,0.25,1.0,0.0,0.75,0.0,1.0,0.25,0.25,1.0,0.0,0.25,0.0,0.0,0.25,0.75,0.0,0.75,1.0,0.25,0.75,0.0,0.0,0.0,0.0,0.0,0.0,1.0,1.0,1.0,0.5,0.17,0.0,1.0,0.25,0.0,0.0,0.75,0.5,0.5,0.0,0.5,0.5,0.5
2965,0.0,0.33,0.33,0.0,0.25,0.75,0.33,0.75,0.0,0.0,0.75,1.0,0.25,1.0,0.0,0.75,0.0,0.75,0.75,0.0,0.25,0.75,0.0,1.0,0.0,1.0,0.75,0.75,0.25,0.0,0.25,1.0,1.0,0.0,0.0,0.75,0.0,1.0,1.0,0.25,0.25,1.0,0.75,0.0,0.0,0.0,1.0,0.0,0.75,0.25,0.75,0.0,0.75,0.0,0.0,0.0,0.0,0.25,1.0,1.0,1.0,1.0,0.17,0.0,0.75,0.0,0.0,0.0,0.75,0.75,0.75,0.0,0.75,0.25,0.75
2966,0.83,0.67,0.17,0.75,1.0,0.0,0.67,0.75,1.0,0.75,1.0,0.25,0.25,0.75,0.75,0.0,0.25,1.0,0.25,0.0,0.75,0.75,0.75,0.0,0.75,0.25,0.25,1.0,0.75,1.0,1.0,0.25,1.0,1.0,0.25,1.0,0.0,0.25,1.0,0.0,0.0,0.75,0.0,1.0,1.0,1.0,0.0,1.0,0.0,1.0,1.0,1.0,1.0,0.75,0.25,1.0,1.0,1.0,0.75,0.75,0.67,0.83,1.0,0.0,0.75,0.75,1.0,0.5,0.25,0.5,0.5,0.5,0.0,0.5,0.25
2967,0.83,0.83,0.83,0.0,0.75,0.75,0.17,0.75,0.0,0.0,0.75,1.0,0.25,0.0,0.0,0.25,0.75,1.0,0.0,0.0,0.0,0.0,0.0,1.0,0.0,1.0,1.0,0.25,0.0,0.0,1.0,1.0,0.25,1.0,0.0,0.25,0.0,1.0,0.25,0.0,1.0,0.25,0.25,0.0,0.0,0.75,0.25,0.25,1.0,1.0,0.0,0.0,0.0,0.0,0.0,0.0,0.0,0.0,1.0,0.75,0.83,0.67,0.17,0.0,0.0,0.0,0.0,0.0,0.75,0.5,0.5,0.0,0.75,0.0,0.75
2968,1.0,0.33,0.83,0.75,0.0,0.75,1.0,0.25,1.0,1.0,0.75,0.25,0.75,0.0,0.75,0.25,0.75,0.25,1.0,0.0,1.0,0.75,0.25,0.75,0.25,1.0,0.75,0.75,0.75,0.75,0.25,1.0,0.25,0.0,0.75,0.75,1.0,1.0,0.25,1.0,0.75,1.0,0.25,0.75,0.75,1.0,0.25,0.75,0.25,0.25,1.0,0.75,0.25,0.75,0.25,0.25,0.75,0.25,1.0,1.0,1.0,0.67,1.0,0.25,0.75,1.0,1.0,0.75,1.0,1.0,0.75,0.75,0.75,0.5,1.0
2969,1.0,0.0,0.0,0.0,0.0,0.0,0.5,1.0,0.0,0.0,1.0,1.0,0.0,1.0,1.0,0.0,0.0,1.0,0.0,0.0,1.0,1.0,0.0,0.75,0.0,1.0,0.0,1.0,0.0,1.0,1.0,1.0,1.0,1.0,0.0,1.0,0.0,0.0,1.0,0.0,0.0,0.75,0.0,0.0,0.0,1.0,0.0,0.0,1.0,1.0,0.0,0.0,0.0,0.0,1.0,0.0,0.0,0.0,1.0,1.0,0.0,0.67,0.0,0.0,0.0,1.0,1.0,0.25,0.5,0.75,0.5,0.25,0.5,0.5,0.5
2970,0.83,1.0,0.67,0.0,0.0,0.25,0.0,1.0,0.0,0.0,0.75,1.0,0.0,1.0,0.25,1.0,0.0,0.0,0.0,0.0,0.0,0.0,0.0,1.0,0.0,1.0,1.0,0.0,0.75,0.0,0.75,1.0,0.75,0.75,1.0,1.0,0.0,0.75,0.75,0.0,0.75,0.75,0.0,0.0,0.0,1.0,1.0,0.0,1.0,0.0,0.0,0.0,0.0,0.0,0.0,0.0,0.0,0.0,0.75,1.0,0.67,0.67,0.33,0.0,0.75,1.0,0.0,0.0,1.0,1.0,0.75,0.0,1.0,0.0,0.25
2971,0.83,0.33,0.0,0.25,1.0,0.0,0.17,0.75,1.0,1.0,1.0,0.25,0.75,0.25,0.25,1.0,0.0,0.75,0.0,0.0,1.0,0.75,1.0,0.0,0.0,0.0,0.0,1.0,1.0,1.0,0.0,0.75,0.75,1.0,0.0,1.0,1.0,0.75,0.75,0.0,0.25,0.75,0.0,1.0,1.0,1.0,0.0,0.0,0.0,1.0,1.0,1.0,1.0,0.75,0.25,1.0,1.0,0.75,0.75,1.0,0.83,0.67,0.83,0.0,0.75,0.0,1.0,0.75,0.5,0.5,0.75,0.5,0.0,0.5,0.5
2972,0.83,0.33,0.5,0.25,0.25,0.0,0.67,0.75,1.0,0.25,1.0,0.0,0.25,0.25,1.0,0.0,0.0,1.0,0.75,0.0,0.75,0.25,0.0,0.0,0.25,0.0,0.0,0.75,0.0,0.75,0.0,0.25,0.25,0.0,0.25,1.0,0.0,1.0,0.0,0.75,1.0,0.25,0.75,1.0,1.0,1.0,0.25,0.75,0.75,1.0,0.25,0.25,0.25,0.75,0.0,0.25,0.0,1.0,1.0,1.0,0.5,0.83,0.83,0.0,0.25,0.75,0.75,0.5,0.5,0.5,0.75,0.5,0.5,0.5,0.5
2973,0.83,0.83,0.5,0.0,0.0,1.0,0.17,1.0,0.0,0.0,1.0,0.25,0.0,1.0,0.0,1.0,0.0,1.0,0.0,0.0,0.0,0.75,0.0,0.25,0.0,0.25,0.0,0.0,0.0,0.0,1.0,1.0,1.0,0.0,0.0,1.0,0.0,1.0,0.0,0.0,0.0,1.0,0.0,0.0,1.0,0.0,1.0,0.0,1.0,0.0,1.0,1.0,0.0,0.0,0.0,0.0,1.0,0.0,1.0,1.0,1.0,1.0,0.67,0.0,1.0,0.0,0.0,0.0,0.75,0.75,1.0,0.25,0.25,0.25,0.5
2974,1.0,0.33,0.67,0.75,0.0,0.75,0.33,0.0,0.0,0.0,0.75,1.0,0.0,0.75,0.0,1.0,0.0,1.0,0.0,0.0,1.0,0.0,0.0,0.75,0.0,1.0,1.0,1.0,0.75,0.0,1.0,0.75,0.25,1.0,0.0,0.75,0.75,1.0,0.75,0.75,1.0,0.75,0.75,0.75,0.0,1.0,1.0,0.0,0.0,0.75,0.25,0.0,1.0,0.0,1.0,0.0,0.25,0.0,1.0,1.0,0.83,1.0,0.33,0.0,1.0,0.75,0.75,0.25,0.5,0.75,0.75,0.25,1.0,0.75,0.5
2975,0.17,0.17,0.0,0.25,1.0,0.0,0.17,1.0,0.25,0.0,1.0,0.25,0.0,1.0,1.0,0.0,0.0,0.0,0.75,0.0,1.0,0.25,0.0,0.0,0.25,0.75,0.0,1.0,1.0,0.0,0.75,1.0,0.25,1.0,0.0,1.0,0.0,0.0,1.0,0.25,0.75,1.0,0.0,1.0,1.0,0.75,0.25,1.0,0.25,0.0,1.0,1.0,1.0,0.75,0.0,0.0,0.75,0.25,1.0,1.0,1.0,1.0,0.67,0.0,1.0,0.0,0.0,0.5,0.5,0.5,0.75,0.5,0.25,0.5,0.5
2976,1.0,0.67,0.67,0.75,0.25,0.25,0.83,0.75,0.75,1.0,0.75,1.0,0.75,0.25,0.75,1.0,0.75,0.75,1.0,0.25,1.0,1.0,0.75,0.25,0.25,0.25,0.25,0.75,0.25,0.75,0.0,0.0,0.0,0.75,0.75,0.25,0.25,1.0,0.25,1.0,1.0,0.75,1.0,1.0,0.75,1.0,0.25,0.0,1.0,1.0,1.0,1.0,1.0,1.0,1.0,1.0,0.75,0.75,0.25,0.75,0.83,1.0,0.67,0.0,0.25,1.0,1.0,0.5,0.5,0.5,1.0,0.75,0.5,0.75,1.0
2977,0.83,0.83,0.83,0.75,0.75,0.0,0.67,1.0,0.75,0.0,0.25,0.75,0.75,1.0,0.75,0.0,0.75,1.0,0.75,0.0,0.25,0.25,0.0,0.0,0.25,0.25,0.25,0.75,0.25,0.25,0.75,0.25,0.75,0.25,0.25,1.0,0.25,0.25,1.0,0.25,0.75,0.25,0.75,0.25,0.25,0.75,0.75,0.75,1.0,0.75,0.75,0.25,0.75,0.0,1.0,0.0,0.75,0.25,0.75,0.75,0.83,0.67,0.17,0.0,0.75,1.0,1.0,0.25,0.5,0.5,0.75,0.25,0.5,0.5,0.25
2978,0.83,0.5,0.17,0.25,0.0,0.0,0.0,0.75,1.0,0.25,1.0,0.25,0.0,0.75,0.75,0.25,0.0,1.0,0.75,0.25,0.75,0.25,0.0,0.25,0.0,0.75,0.75,0.25,0.25,0.25,0.25,0.75,0.75,0.0,0.0,1.0,0.0,0.25,0.25,0.0,0.25,1.0,0.25,0.0,0.25,0.25,1.0,0.25,0.75,0.25,0.25,0.25,0.25,0.25,0.25,0.0,0.0,0.25,1.0,0.75,0.83,1.0,0.17,0.0,1.0,0.0,0.75,0.75,1.0,0.75,0.5,0.5,0.5,0.5,0.0
2979,0.83,0.0,0.0,0.75,1.0,0.25,0.67,1.0,0.75,1.0,0.25,0.0,1.0,0.25,1.0,0.25,1.0,1.0,0.75,0.0,0.75,0.75,0.0,0.25,0.75,0.25,0.75,1.0,1.0,1.0,0.25,0.25,0.25,0.75,1.0,1.0,0.25,1.0,0.75,1.0,1.0,1.0,0.25,0.25,0.25,1.0,0.25,1.0,0.0,1.0,0.75,1.0,0.75,0.75,1.0,0.25,1.0,0.75,0.0,1.0,0.83,1.0,0.67,0.0,0.0,0.75,0.75,0.5,0.0,0.5,0.75,0.75,0.25,0.75,0.75
2980,0.67,0.17,0.33,0.25,1.0,0.0,0.5,0.75,1.0,0.75,1.0,0.0,0.25,0.0,0.25,0.75,0.0,1.0,0.75,0.0,0.25,1.0,0.0,0.0,0.25,0.0,0.0,1.0,0.0,0.75,0.0,0.25,0.25,0.0,0.25,0.75,0.0,1.0,0.0,0.75,0.75,0.25,0.25,1.0,0.75,1.0,0.0,0.25,0.75,1.0,0.75,0.75,0.25,0.25,0.75,0.25,0.0,1.0,1.0,0.75,0.33,0.67,0.67,0.0,0.75,0.25,0.75,0.5,0.5,0.5,0.5,0.5,0.5,0.5,0.5
2981,0.83,0.67,0.83,0.75,0.0,0.75,0.5,0.75,0.75,0.75,0.75,0.75,0.25,0.25,0.75,0.75,0.75,0.75,0.75,0.0,0.75,0.75,0.0,0.75,0.25,1.0,0.75,0.0,0.0,0.75,0.75,0.75,0.25,0.25,0.25,1.0,0.25,0.75,0.75,0.25,0.75,0.75,0.75,0.25,0.25,0.75,0.75,0.25,0.75,0.25,0.0,0.0,0.25,0.75,0.0,0.0,0.25,0.0,1.0,0.75,1.0,0.5,0.5,0.0,0.75,0.25,0.0,0.25,0.75,0.75,0.75,0.5,0.75,0.75,0.75
2982,0.83,0.5,0.17,0.75,1.0,0.0,0.67,1.0,0.75,0.75,1.0,0.0,0.0,0.75,1.0,0.0,0.0,1.0,0.75,0.25,1.0,0.75,0.75,0.25,0.0,0.25,0.0,1.0,0.25,1.0,1.0,0.0,1.0,1.0,0.0,0.75,0.25,0.75,0.75,0.0,0.0,0.75,0.25,1.0,1.0,1.0,0.25,0.75,0.0,0.25,0.0,0.75,0.25,0.75,0.25,1.0,1.0,0.75,1.0,1.0,0.83,0.83,0.67,0.0,1.0,0.25,1.0,0.5,0.5,0.5,0.5,0.5,0.5,0.5,0.5
2992,0.5,0.33,0.0,1.0,0.75,0.0,0.67,1.0,0.75,1.0,1.0,0.0,0.75,0.25,1.0,0.75,0.25,0.75,1.0,0.0,0.75,0.25,1.0,0.0,0.75,0.25,0.0,1.0,1.0,0.25,1.0,0.25,0.75,1.0,0.0,1.0,0.25,0.0,0.75,0.0,0.25,1.0,0.0,1.0,1.0,1.0,1.0,1.0,0.25,0.25,1.0,0.75,0.75,0.75,1.0,1.0,1.0,0.75,0.75,1.0,1.0,1.0,0.67,1.0,1.0,0.75,1.0,0.75,0.5,0.75,0.75,0.5,0.25,0.25,0.25
2993,0.17,0.67,0.0,0.75,1.0,0.0,0.67,1.0,0.75,0.75,1.0,0.25,0.25,1.0,0.75,0.75,0.75,1.0,0.75,0.0,0.75,0.25,0.75,0.0,1.0,0.25,0.25,1.0,0.25,0.25,1.0,0.25,0.0,1.0,1.0,0.75,1.0,0.25,0.75,0.75,0.25,0.75,0.25,1.0,1.0,0.75,0.25,1.0,0.25,1.0,1.0,1.0,1.0,0.75,1.0,0.0,1.0,0.25,0.0,0.75,0.67,1.0,0.83,0.25,1.0,1.0,1.0,0.75,0.5,0.5,0.75,0.5,0.25,0.75,0.25
2994,0.83,0.83,0.67,1.0,0.75,0.0,0.67,0.25,0.75,1.0,0.25,0.0,0.75,0.75,0.0,0.0,0.75,1.0,1.0,0.0,1.0,0.0,0.25,0.0,0.0,0.75,0.0,0.75,0.0,1.0,1.0,0.25,0.75,1.0,0.75,1.0,0.0,1.0,0.0,0.75,0.75,0.0,0.75,1.0,1.0,1.0,0.0,1.0,0.0,1.0,1.0,1.0,1.0,1.0,0.0,0.25,0.25,0.75,0.0,1.0,0.67,0.5,1.0,0.0,0.0,1.0,1.0,0.25,0.25,0.5,0.75,0.25,0.25,0.75,0.25
2995,0.83,0.83,0.0,0.75,1.0,0.0,0.67,1.0,1.0,1.0,1.0,0.0,0.75,0.75,1.0,0.25,0.0,1.0,1.0,0.0,1.0,0.0,0.0,0.0,0.75,0.25,0.75,1.0,0.25,1.0,1.0,0.25,0.25,1.0,0.75,1.0,0.0,0.75,0.25,1.0,0.75,0.75,1.0,1.0,1.0,1.0,0.25,1.0,0.0,1.0,0.25,1.0,1.0,1.0,1.0,0.25,1.0,1.0,1.0,1.0,0.83,1.0,0.67,0.0,0.75,1.0,0.0,0.25,0.25,0.75,0.75,0.5,0.5,0.75,0.5
2996,0.67,0.67,0.0,0.75,0.25,0.25,0.67,0.75,1.0,1.0,0.25,0.0,1.0,0.25,0.75,0.75,0.75,0.75,1.0,0.0,1.0,0.75,0.0,0.0,0.75,0.25,0.75,1.0,0.75,1.0,0.25,0.0,0.0,0.75,1.0,1.0,0.75,1.0,0.0,1.0,0.75,0.0,1.0,1.0,1.0,1.0,0.25,0.75,0.25,1.0,1.0,1.0,1.0,1.0,0.75,0.25,1.0,0.75,1.0,1.0,0.0,0.67,1.0,0.25,0.0,1.0,1.0,0.75,0.75,0.75,1.0,0.75,0.5,0.75,0.5
2999,0.33,0.33,0.67,0.75,0.0,0.75,0.67,0.25,0.75,0.25,0.75,0.75,0.25,0.25,0.75,0.75,0.75,1.0,1.0,0.0,1.0,1.0,0.75,0.75,0.25,1.0,0.75,0.25,0.25,0.75,0.25,0.25,0.25,0.25,0.75,0.75,0.25,1.0,0.75,0.75,0.75,0.25,0.75,0.75,0.25,1.0,0.75,0.75,1.0,1.0,0.75,1.0,0.75,1.0,0.75,0.25,0.75,1.0,0.75,1.0,0.17,0.33,0.67,0.25,0.25,0.75,0.75,0.75,0.75,0.75,0.75,0.75,0.75,0.5,0.5
3001,0.17,0.0,0.17,1.0,0.75,0.0,1.0,0.0,1.0,1.0,0.0,0.0,1.0,0.0,1.0,0.75,1.0,0.0,1.0,0.0,1.0,1.0,1.0,0.0,1.0,0.0,0.0,1.0,1.0,1.0,0.75,0.0,0.0,1.0,1.0,0.25,1.0,1.0,0.75,1.0,1.0,1.0,1.0,1.0,1.0,1.0,0.0,1.0,0.0,1.0,1.0,1.0,1.0,1.0,1.0,1.0,1.0,1.0,0.0,0.25,0.33,0.67,1.0,0.75,0.25,1.0,1.0,0.75,0.0,0.5,1.0,1.0,0.0,1.0,0.25
3003,0.5,0.5,0.5,0.75,0.0,0.25,0.33,1.0,0.25,0.0,1.0,0.75,0.25,1.0,0.75,0.25,0.75,1.0,0.75,0.25,0.75,0.75,0.25,0.0,0.25,0.25,0.25,1.0,1.0,1.0,1.0,0.25,0.0,1.0,1.0,0.25,0.0,1.0,0.25,0.0,0.25,0.0,1.0,1.0,0.25,0.75,0.75,0.25,1.0,1.0,0.0,0.0,0.0,0.0,0.0,0.0,0.25,0.25,0.75,1.0,1.0,0.67,0.5,0.25,0.0,0.75,0.25,0.5,0.5,0.5,0.75,0.5,0.5,0.5,1.0
3008,0.83,0.5,0.0,0.75,1.0,0.0,0.33,1.0,0.75,0.75,1.0,0.0,0.0,1.0,0.75,0.75,0.0,0.25,0.25,0.0,0.75,0.75,1.0,0.0,0.75,0.0,0.0,1.0,1.0,0.25,1.0,0.0,0.0,1.0,0.25,1.0,0.0,0.25,1.0,0.0,0.0,1.0,0.0,1.0,1.0,1.0,0.0,1.0,0.0,0.75,1.0,0.75,1.0,0.75,1.0,1.0,1.0,1.0,0.75,1.0,1.0,1.0,1.0,0.0,1.0,0.75,1.0,0.75,0.25,0.5,0.75,0.5,0.0,0.5,0.0
3009,0.0,0.0,0.0,1.0,1.0,0.0,1.0,0.0,1.0,1.0,0.0,0.0,1.0,0.0,0.0,0.0,1.0,0.0,1.0,0.0,1.0,1.0,1.0,0.0,1.0,0.0,0.0,1.0,0.0,1.0,1.0,0.0,0.0,1.0,1.0,0.0,1.0,1.0,0.25,1.0,1.0,0.0,1.0,1.0,1.0,1.0,0.0,1.0,0.0,1.0,1.0,1.0,1.0,1.0,0.25,1.0,1.0,1.0,0.0,0.0,0.0,0.5,1.0,1.0,0.0,1.0,1.0,0.75,0.0,0.5,1.0,0.75,0.25,1.0,0.5
3011,0.5,0.33,1.0,0.25,1.0,0.25,0.67,0.0,0.75,0.25,0.25,0.75,1.0,1.0,0.25,0.25,0.25,1.0,1.0,0.0,0.75,0.25,0.75,0.25,0.75,0.75,0.25,0.75,1.0,1.0,1.0,0.25,0.25,0.75,0.25,1.0,0.75,0.25,0.25,1.0,0.75,0.25,0.75,1.0,0.25,1.0,0.75,0.75,0.75,1.0,0.75,1.0,0.75,0.75,1.0,1.0,0.75,0.75,0.75,0.75,0.67,0.33,0.83,0.25,0.75,0.75,0.75,0.5,0.5,0.5,0.75,0.5,0.5,0.75,0.5
3012,0.17,0.17,0.0,0.75,1.0,0.0,0.67,0.75,1.0,0.75,0.75,0.0,0.75,1.0,1.0,0.75,0.25,1.0,0.75,0.0,1.0,0.25,0.25,0.0,0.0,0.25,0.0,1.0,0.75,0.75,1.0,0.75,1.0,1.0,0.0,1.0,0.75,0.25,1.0,0.25,0.0,1.0,0.0,1.0,1.0,1.0,0.0,1.0,0.0,1.0,1.0,1.0,0.75,1.0,1.0,1.0,1.0,1.0,0.75,1.0,1.0,0.83,0.83,0.0,1.0,0.25,1.0,0.5,0.25,0.5,1.0,0.5,0.25,0.5,0.0
3014,1.0,0.83,1.0,0.0,0.0,1.0,0.0,0.0,0.0,0.0,0.0,1.0,0.0,0.0,0.0,0.75,0.0,1.0,0.0,0.0,0.0,0.0,0.0,1.0,0.0,1.0,1.0,0.0,0.0,0.0,0.0,1.0,0.0,0.0,0.75,0.75,0.0,1.0,0.0,0.0,1.0,0.0,1.0,0.0,0.0,0.75,1.0,0.0,1.0,1.0,0.0,0.75,0.0,1.0,0.0,0.0,0.0,0.75,1.0,1.0,0.5,0.17,0.67,0.0,1.0,0.75,0.0,0.0,1.0,1.0,0.5,0.0,0.75,0.5,1.0
3015,0.0,0.0,0.0,1.0,1.0,0.0,1.0,0.0,1.0,1.0,0.0,0.0,1.0,0.0,1.0,0.25,1.0,0.0,1.0,0.25,1.0,1.0,1.0,0.0,1.0,0.0,0.0,1.0,0.75,1.0,0.75,0.0,0.0,1.0,1.0,0.0,1.0,1.0,0.0,1.0,1.0,0.0,1.0,1.0,1.0,1.0,0.0,1.0,0.0,1.0,1.0,1.0,1.0,1.0,0.25,1.0,1.0,1.0,0.0,0.0,0.0,0.33,1.0,0.75,0.0,1.0,1.0,0.75,0.0,0.5,1.0,0.75,0.0,1.0,0.5
3016,0.83,0.67,0.17,0.0,0.0,0.0,0.5,1.0,0.25,0.0,0.0,0.25,0.25,0.0,1.0,1.0,0.0,0.75,1.0,0.0,0.75,0.0,0.75,0.0,0.0,1.0,0.0,1.0,0.75,1.0,1.0,0.75,1.0,1.0,1.0,1.0,0.0,0.75,0.0,1.0,0.25,0.75,0.75,1.0,0.75,0.25,0.75,0.0,0.0,1.0,0.75,1.0,0.75,0.75,1.0,0.0,0.0,0.25,1.0,1.0,0.0,0.83,0.83,0.0,0.75,1.0,1.0,0.75,0.5,0.75,0.75,0.5,0.5,0.5,0.5
3017,0.5,0.33,0.0,1.0,1.0,0.0,0.67,0.25,1.0,1.0,0.75,0.0,0.75,0.25,0.75,0.75,0.0,0.75,1.0,0.25,1.0,0.75,1.0,0.0,1.0,0.0,0.0,1.0,1.0,1.0,1.0,0.0,0.25,1.0,0.25,1.0,0.25,0.25,0.75,0.25,0.25,0.25,0.25,1.0,1.0,1.0,0.0,1.0,0.0,1.0,1.0,1.0,0.75,1.0,0.25,1.0,0.0,1.0,0.75,0.75,0.67,0.83,1.0,1.0,0.75,1.0,1.0,0.75,0.5,0.5,0.75,0.5,0.0,0.75,0.25
3018,0.67,0.5,0.17,0.0,0.75,0.0,0.33,1.0,0.75,0.25,1.0,0.25,0.0,1.0,1.0,0.75,0.0,0.75,0.75,0.0,0.25,1.0,0.75,0.0,0.25,0.0,0.0,1.0,1.0,0.0,1.0,0.75,0.0,1.0,0.0,1.0,0.0,0.0,1.0,0.0,0.0,1.0,0.0,1.0,1.0,0.75,0.25,0.75,0.0,0.25,1.0,0.75,0.75,1.0,0.25,0.75,1.0,0.0,1.0,0.75,1.0,0.83,0.67,0.0,1.0,0.0,1.0,0.75,0.5,0.5,1.0,0.5,0.25,0.5,0.25
3019,0.17,0.17,0.0,1.0,0.75,0.0,1.0,0.0,1.0,1.0,0.0,0.0,1.0,0.0,0.75,1.0,1.0,0.0,1.0,0.25,1.0,1.0,1.0,0.0,1.0,0.0,0.0,1.0,0.75,1.0,0.25,0.0,0.0,1.0,1.0,0.0,1.0,1.0,0.25,1.0,1.0,0.25,1.0,1.0,1.0,1.0,0.0,1.0,0.0,1.0,1.0,1.0,1.0,1.0,0.25,1.0,1.0,1.0,0.0,0.0,0.17,0.5,1.0,0.25,0.0,1.0,0.75,1.0,0.25,0.5,1.0,0.75,0.25,1.0,0.5
3020,0.83,0.67,0.17,0.25,0.75,0.25,0.33,0.75,0.75,0.0,1.0,0.75,0.25,0.25,0.25,0.25,0.25,0.75,0.25,0.25,0.75,0.25,0.25,0.25,0.25,0.25,0.25,0.25,0.75,0.0,0.75,0.25,0.75,1.0,0.0,0.75,0.0,0.75,0.75,0.0,0.25,0.25,0.75,0.25,0.25,0.75,0.75,0.0,0.75,0.25,0.25,0.25,0.25,0.25,0.25,0.25,0.75,0.25,1.0,0.75,0.83,0.83,0.17,0.25,1.0,0.0,0.25,0.5,0.75,0.75,0.75,0.5,0.75,0.5,0.5
3021,0.17,0.5,0.0,0.0,1.0,0.0,0.0,1.0,0.0,0.0,1.0,1.0,0.0,1.0,0.75,0.75,0.0,0.25,0.0,0.0,0.75,0.25,0.25,0.0,0.0,1.0,0.25,1.0,1.0,0.75,0.0,1.0,0.25,1.0,0.0,1.0,0.0,0.0,1.0,0.0,0.0,1.0,0.75,0.25,0.25,0.25,1.0,0.0,0.0,0.0,0.25,0.75,0.25,0.0,1.0,0.0,0.0,0.0,1.0,1.0,1.0,1.0,0.0,0.0,1.0,0.0,1.0,0.5,0.5,0.5,0.5,0.25,0.75,0.5,0.5
3023,0.67,0.5,0.67,1.0,1.0,0.0,0.0,0.75,1.0,0.0,1.0,0.25,0.0,1.0,0.75,0.0,0.0,0.0,1.0,0.0,1.0,0.25,0.0,0.0,0.0,1.0,0.0,1.0,0.0,0.75,0.0,0.0,0.0,1.0,0.0,1.0,0.0,0.0,1.0,0.0,0.0,0.0,0.0,1.0,1.0,1.0,0.0,0.75,0.0,1.0,0.0,0.0,0.25,0.0,1.0,0.0,0.25,0.0,1.0,0.75,1.0,1.0,0.0,0.0,1.0,0.0,0.25,0.5,0.5,0.5,0.75,0.5,0.25,0.75,0.5
3024,0.83,0.17,0.17,0.25,0.0,0.0,0.67,0.75,1.0,0.25,0.75,0.0,0.75,0.0,0.75,0.25,0.25,1.0,0.75,0.0,0.25,0.25,0.25,0.0,0.25,0.0,0.0,1.0,0.25,1.0,0.75,0.25,0.25,0.0,0.25,0.25,0.0,1.0,0.25,0.25,1.0,0.75,1.0,1.0,0.75,1.0,0.0,0.25,0.25,1.0,0.75,0.75,0.75,0.75,0.75,0.0,0.0,1.0,1.0,1.0,0.67,0.5,0.83,0.25,0.75,0.75,1.0,0.5,0.5,0.5,0.5,0.5,0.5,0.75,0.5
3025,1.0,0.5,0.33,0.0,0.25,0.0,0.67,0.75,0.25,0.25,1.0,0.25,0.25,0.75,0.75,0.75,0.25,1.0,0.75,0.0,0.25,0.25,0.0,0.0,0.0,0.25,0.0,1.0,0.0,0.0,0.0,0.25,0.25,0.0,0.25,0.0,0.25,1.0,0.25,0.75,0.25,1.0,0.25,0.75,1.0,1.0,0.0,0.25,0.0,1.0,0.75,0.75,0.75,0.75,0.75,0.0,0.0,0.75,0.75,0.75,0.67,0.67,0.67,0.0,0.25,1.0,0.25,0.5,0.5,0.5,0.75,0.25,0.25,0.75,0.5
3026,0.67,0.0,0.0,0.25,0.25,0.0,0.5,0.75,1.0,1.0,1.0,0.0,0.25,0.0,0.75,0.75,0.75,1.0,1.0,0.0,0.25,1.0,0.75,0.0,1.0,0.0,0.0,1.0,1.0,1.0,1.0,1.0,0.0,1.0,1.0,1.0,1.0,0.25,0.75,0.25,0.75,1.0,0.25,1.0,0.75,1.0,0.25,1.0,1.0,0.0,1.0,0.25,1.0,1.0,1.0,0.0,1.0,1.0,0.0,1.0,0.83,1.0,1.0,0.0,1.0,1.0,1.0,0.5,0.25,0.5,0.75,0.5,0.5,0.5,0.25
3027,1.0,0.5,0.67,0.75,0.0,0.0,0.5,0.0,0.75,0.0,1.0,0.75,0.0,1.0,1.0,0.75,0.0,1.0,1.0,0.0,0.25,1.0,0.0,0.0,0.0,0.75,0.25,1.0,0.75,1.0,0.75,0.0,0.0,0.0,0.25,1.0,0.0,1.0,0.75,0.75,1.0,0.0,1.0,0.75,0.25,1.0,0.75,0.0,1.0,0.75,0.0,0.0,0.25,1.0,1.0,0.0,0.25,0.0,1.0,1.0,0.5,0.5,0.67,0.0,0.0,0.75,0.75,0.25,0.5,0.5,0.5,0.5,0.5,0.5,0.5
3028,1.0,0.33,0.5,0.25,0.0,0.0,0.5,0.0,1.0,0.25,1.0,0.25,0.25,0.0,0.25,0.75,0.0,1.0,0.75,0.0,0.75,0.75,0.0,0.0,0.25,0.0,0.0,0.75,0.25,0.75,0.0,0.25,0.25,0.0,0.25,0.75,0.25,1.0,0.0,1.0,1.0,0.75,1.0,0.75,0.75,1.0,0.25,0.0,0.75,1.0,0.25,0.25,0.75,0.75,0.25,0.0,0.0,0.75,1.0,0.75,0.67,0.5,0.67,0.0,0.75,0.25,0.75,0.5,0.5,0.5,0.5,0.5,0.5,0.5,0.5
3030,0.83,0.67,0.67,0.75,0.75,0.25,0.83,0.0,1.0,0.0,0.25,0.0,1.0,1.0,1.0,1.0,0.75,1.0,1.0,0.25,1.0,1.0,0.25,0.25,0.25,0.75,0.75,0.75,0.25,0.75,0.75,0.75,1.0,0.75,0.25,1.0,0.25,0.75,0.75,1.0,1.0,0.25,0.75,1.0,0.0,0.75,0.75,0.0,1.0,1.0,0.0,0.0,0.0,0.0,0.0,0.0,0.25,0.0,1.0,1.0,0.17,0.33,0.17,0.0,0.25,0.75,0.75,0.25,0.75,0.75,0.75,0.25,0.75,0.75,1.0
3031,1.0,0.67,0.0,0.75,0.0,0.0,0.5,0.0,1.0,0.0,1.0,0.0,0.75,0.75,0.25,0.0,0.0,1.0,0.75,0.0,0.75,0.75,0.0,0.0,0.0,0.75,0.25,0.75,0.25,1.0,1.0,0.75,1.0,0.0,0.0,0.25,0.25,1.0,0.25,0.75,1.0,0.75,0.75,1.0,1.0,1.0,0.25,0.75,0.75,1.0,0.75,0.0,0.75,1.0,0.0,0.0,0.0,0.0,1.0,1.0,0.83,0.83,1.0,0.0,0.75,0.25,0.75,0.5,0.75,0.75,0.75,0.5,0.5,0.75,0.5
3032,0.83,0.67,0.17,0.75,0.25,0.0,0.17,1.0,0.75,0.0,1.0,0.75,0.0,0.75,0.25,0.75,0.25,0.25,0.25,0.0,1.0,0.75,0.75,0.0,0.25,0.25,0.25,0.75,1.0,0.25,0.75,0.75,0.0,1.0,0.0,1.0,0.0,0.25,0.25,0.0,0.75,0.75,0.75,0.25,0.25,0.25,0.75,0.0,1.0,0.75,0.25,0.25,0.0,0.25,1.0,0.0,0.0,0.0,1.0,1.0,0.83,0.83,0.33,0.0,1.0,0.0,1.0,0.5,0.5,0.75,1.0,0.5,0.75,0.75,0.5
3033,0.83,0.5,0.67,0.75,0.0,0.0,0.0,1.0,0.75,0.0,1.0,1.0,0.0,1.0,0.0,1.0,0.0,0.75,0.75,0.0,0.75,0.75,0.0,0.0,0.0,1.0,1.0,1.0,1.0,0.0,0.0,0.25,0.25,0.0,0.0,0.75,0.0,1.0,0.25,0.0,1.0,0.25,0.0,0.25,0.75,1.0,1.0,1.0,0.25,0.75,0.75,0.25,0.75,0.0,1.0,0.0,0.0,0.25,1.0,0.0,1.0,0.33,0.67,0.0,0.75,0.25,1.0,0.5,0.75,0.75,0.75,0.25,0.75,0.75,0.5
3034,0.83,0.67,0.0,0.25,0.75,0.25,0.17,0.0,1.0,0.75,0.25,0.75,0.25,0.0,0.0,0.25,0.75,1.0,1.0,0.0,0.25,0.0,0.25,0.25,0.0,0.25,0.25,1.0,0.25,1.0,1.0,0.25,0.25,0.75,0.75,0.75,0.25,0.75,0.75,1.0,1.0,0.75,0.25,1.0,0.75,1.0,0.75,0.75,0.0,0.75,0.75,0.75,0.75,1.0,0.75,0.75,1.0,0.0,1.0,0.75,0.67,1.0,1.0,0.25,0.75,0.25,1.0,0.0,0.75,0.75,1.0,0.5,0.25,0.75,0.5
3036,0.33,0.33,0.0,1.0,1.0,0.0,0.83,0.25,1.0,1.0,0.25,0.0,1.0,0.0,0.75,0.75,1.0,0.0,1.0,0.0,1.0,0.75,1.0,0.0,0.75,0.0,0.0,1.0,1.0,1.0,1.0,0.25,0.0,1.0,0.75,0.75,0.75,0.25,0.25,1.0,1.0,1.0,1.0,1.0,1.0,1.0,0.0,0.75,0.0,1.0,1.0,1.0,1.0,1.0,1.0,0.75,1.0,1.0,0.25,1.0,0.33,0.5,1.0,0.75,1.0,1.0,1.0,0.75,0.0,0.5,1.0,0.75,0.25,0.75,0.5
3037,0.0,0.0,0.0,1.0,1.0,0.0,1.0,0.0,1.0,1.0,0.0,0.0,1.0,0.0,1.0,0.75,1.0,0.0,1.0,0.0,1.0,1.0,1.0,0.0,1.0,0.0,0.0,1.0,0.75,0.75,1.0,0.0,0.0,1.0,1.0,0.75,1.0,1.0,0.25,0.75,0.75,0.75,0.75,1.0,1.0,1.0,0.0,0.75,0.0,1.0,0.75,0.75,1.0,1.0,0.75,1.0,1.0,1.0,0.75,0.25,0.67,0.67,1.0,1.0,0.75,0.75,1.0,0.75,0.0,0.25,1.0,0.75,0.25,0.75,0.5
3038,0.17,0.0,0.0,1.0,0.25,0.0,1.0,0.0,1.0,1.0,0.0,0.0,1.0,0.0,0.0,1.0,1.0,1.0,1.0,0.0,1.0,1.0,1.0,0.0,1.0,0.0,0.0,1.0,0.25,1.0,0.75,0.75,0.0,1.0,1.0,1.0,1.0,1.0,0.0,0.75,1.0,0.0,1.0,1.0,1.0,1.0,0.75,0.0,0.25,1.0,0.75,1.0,1.0,1.0,1.0,0.25,1.0,1.0,0.75,1.0,0.67,0.67,0.0,0.0,0.75,1.0,1.0,1.0,0.25,0.25,1.0,0.75,0.25,0.75,0.5
3039,0.0,0.0,0.0,1.0,1.0,0.0,0.67,0.0,1.0,1.0,0.25,0.0,1.0,0.25,0.75,1.0,1.0,0.75,1.0,0.0,1.0,0.75,1.0,0.0,1.0,0.0,0.0,1.0,0.75,1.0,0.75,0.0,1.0,0.25,1.0,0.25,1.0,0.75,0.0,1.0,1.0,0.75,0.75,1.0,1.0,1.0,0.0,0.75,0.0,0.75,0.75,0.75,1.0,1.0,0.25,0.75,1.0,1.0,0.0,0.75,0.33,0.67,0.67,0.75,0.75,1.0,1.0,1.0,0.0,0.5,1.0,1.0,0.25,1.0,0.5
3040,0.17,0.17,0.0,1.0,1.0,0.0,1.0,0.0,1.0,1.0,0.0,0.0,1.0,0.0,1.0,0.75,1.0,0.0,1.0,0.0,1.0,1.0,1.0,0.0,1.0,0.0,0.0,1.0,0.25,1.0,1.0,0.0,0.0,1.0,1.0,0.0,1.0,1.0,0.0,1.0,1.0,1.0,1.0,1.0,1.0,1.0,0.0,0.0,0.0,1.0,1.0,1.0,1.0,1.0,1.0,1.0,1.0,1.0,0.0,0.25,0.17,0.83,1.0,1.0,0.75,1.0,1.0,1.0,0.0,0.5,1.0,1.0,0.0,1.0,0.5
3041,0.17,0.0,0.0,1.0,1.0,0.0,1.0,0.0,0.75,1.0,0.75,0.0,1.0,0.0,1.0,0.25,1.0,0.75,1.0,0.0,1.0,0.75,1.0,0.0,1.0,0.0,0.0,1.0,0.0,1.0,1.0,0.0,0.0,1.0,1.0,0.0,0.75,1.0,0.0,1.0,1.0,0.0,1.0,1.0,1.0,1.0,0.0,1.0,0.0,1.0,1.0,1.0,1.0,1.0,0.75,0.75,1.0,1.0,0.0,0.75,0.17,0.5,1.0,0.25,0.0,1.0,1.0,0.5,0.0,0.25,0.75,0.75,0.0,1.0,0.5
3044,0.0,0.83,0.67,0.0,0.25,0.0,0.0,1.0,0.0,0.0,1.0,1.0,0.0,1.0,0.0,0.25,0.0,0.0,0.0,0.25,0.0,0.0,0.0,1.0,0.0,1.0,1.0,1.0,0.75,0.0,0.75,1.0,0.75,0.75,0.0,1.0,0.0,0.75,1.0,0.0,0.75,0.75,0.0,0.0,0.25,0.25,1.0,0.0,1.0,0.25,0.0,0.0,0.0,0.0,0.0,0.0,0.0,0.0,1.0,0.75,1.0,1.0,0.17,0.0,1.0,0.0,0.0,0.0,1.0,0.75,0.5,0.0,0.75,0.5,0.5
3045,1.0,0.33,0.17,0.75,0.25,0.0,0.33,0.25,0.25,0.0,0.75,0.75,0.25,0.75,0.75,0.0,0.0,0.25,0.25,0.0,1.0,0.75,0.25,0.25,0.25,0.75,0.25,0.75,0.25,0.25,0.25,0.25,0.75,0.75,0.0,0.75,0.0,0.25,0.25,0.75,0.25,0.75,0.75,0.75,0.75,1.0,0.25,0.25,0.0,0.25,0.0,0.25,0.25,0.25,0.25,0.25,0.25,0.25,1.0,1.0,0.83,0.83,0.33,0.0,0.75,0.25,1.0,0.5,0.5,0.75,0.75,0.5,0.5,0.75,0.5
3046,0.33,0.5,0.17,0.75,0.25,0.0,0.33,0.75,1.0,0.75,0.75,0.75,0.25,0.75,1.0,0.25,0.0,0.0,0.25,0.0,1.0,0.75,0.25,0.0,0.25,0.0,0.0,1.0,0.75,0.75,0.25,0.75,0.75,0.75,0.0,1.0,0.0,0.0,0.75,0.25,0.25,0.25,0.25,1.0,0.75,1.0,0.25,0.0,0.25,0.75,0.0,0.25,0.25,0.25,0.25,0.0,0.25,0.25,1.0,1.0,0.67,0.67,0.17,0.0,0.75,0.0,1.0,0.5,0.5,0.5,1.0,0.5,0.5,0.75,0.5
3047,1.0,1.0,1.0,0.0,0.0,1.0,0.0,0.0,0.0,0.0,0.0,1.0,0.0,0.0,0.0,0.0,0.0,0.0,1.0,0.0,0.0,0.0,0.0,1.0,0.0,1.0,1.0,0.25,0.0,1.0,0.0,1.0,0.25,0.0,1.0,1.0,0.0,1.0,1.0,1.0,1.0,0.0,1.0,0.0,0.0,0.0,1.0,0.0,0.75,0.0,0.0,0.0,0.75,0.0,0.0,0.0,0.0,0.0,1.0,1.0,0.67,0.5,0.0,0.0,0.75,0.0,0.0,0.0,0.75,1.0,0.75,0.5,1.0,0.75,0.75
3048,0.17,1.0,0.83,0.0,0.75,1.0,0.17,1.0,0.0,0.0,1.0,1.0,0.0,1.0,0.25,0.25,0.0,0.75,0.0,0.0,0.25,0.0,0.0,1.0,0.0,1.0,1.0,0.0,0.75,0.0,1.0,0.75,0.25,0.25,0.0,0.75,0.0,0.75,1.0,0.0,0.25,0.75,0.25,0.0,0.0,0.25,1.0,0.0,0.75,0.75,0.25,0.25,0.0,0.0,0.0,0.0,0.0,0.0,1.0,1.0,0.33,0.33,0.33,0.0,1.0,0.0,0.0,0.25,0.75,0.75,0.5,0.25,0.5,0.5,0.5
3049,1.0,0.83,0.0,0.0,0.25,1.0,0.5,0.0,1.0,0.0,0.0,1.0,1.0,0.0,0.0,1.0,1.0,0.0,1.0,0.0,0.75,0.0,0.0,1.0,0.0,1.0,0.75,0.0,0.0,1.0,1.0,0.75,0.0,0.0,1.0,1.0,0.75,1.0,1.0,1.0,1.0,1.0,1.0,0.25,0.0,1.0,1.0,0.0,0.25,1.0,0.75,1.0,1.0,0.0,0.0,0.0,0.0,0.0,1.0,1.0,0.5,0.5,0.5,0.0,0.25,1.0,0.75,0.25,0.75,1.0,0.75,0.25,0.75,0.75,1.0
3050,0.83,0.17,0.17,1.0,0.75,0.0,0.67,0.75,0.75,1.0,1.0,0.0,0.75,1.0,0.25,0.25,0.25,0.25,0.75,0.0,0.75,0.75,0.25,0.0,0.25,0.0,0.25,0.75,0.75,1.0,0.25,0.25,0.25,1.0,0.25,1.0,0.0,0.25,0.0,0.0,0.0,0.75,0.25,1.0,1.0,1.0,0.0,1.0,0.0,0.75,1.0,0.75,0.75,1.0,0.75,1.0,1.0,0.75,0.25,0.75,1.0,0.83,0.83,0.0,0.75,0.75,1.0,0.5,0.25,0.5,0.75,0.5,0.0,0.75,0.25
3051,0.67,0.83,0.83,0.0,0.0,1.0,0.17,0.0,0.0,0.0,0.0,1.0,0.0,0.0,1.0,1.0,0.0,0.75,0.0,0.0,0.75,0.0,0.0,1.0,0.0,1.0,1.0,0.0,0.0,1.0,0.0,1.0,1.0,0.75,0.0,1.0,0.0,0.0,0.25,0.0,1.0,1.0,0.0,0.0,0.0,0.75,1.0,0.0,1.0,0.25,0.0,0.0,1.0,1.0,0.0,0.0,0.0,0.0,1.0,1.0,1.0,0.83,0.0,0.0,1.0,0.0,0.0,0.0,0.75,0.75,0.75,0.25,0.75,0.5,0.75
3052,0.17,0.33,0.17,0.75,0.75,0.0,0.33,1.0,0.25,1.0,1.0,0.25,0.25,0.75,0.75,0.75,0.0,0.75,0.75,0.0,1.0,0.25,1.0,0.0,0.25,0.25,0.25,0.75,0.75,0.75,1.0,1.0,0.75,1.0,0.0,0.75,0.0,0.25,1.0,0.25,0.0,1.0,0.25,1.0,1.0,1.0,0.0,0.75,0.0,1.0,0.75,0.75,0.75,0.75,0.25,0.25,0.75,0.25,0.75,0.75,1.0,0.83,0.33,0.0,0.75,0.0,1.0,1.0,0.5,0.5,1.0,0.5,0.25,0.5,0.5
3054,0.5,0.83,1.0,0.0,0.0,0.75,0.83,1.0,0.0,0.25,1.0,1.0,0.0,0.0,0.0,0.0,0.25,0.75,0.0,0.25,0.75,0.0,0.0,0.75,0.0,0.75,1.0,0.75,0.0,1.0,1.0,0.0,0.75,0.75,0.0,1.0,0.0,1.0,0.0,0.25,1.0,1.0,0.0,0.0,0.0,1.0,1.0,0.25,1.0,1.0,0.0,0.0,0.0,0.0,0.0,0.25,0.0,0.0,1.0,0.75,1.0,0.67,0.17,0.0,0.75,0.0,0.75,0.0,0.5,0.5,0.5,0.25,0.75,0.5,0.5
3055,0.67,0.67,0.67,0.25,0.75,0.0,0.33,1.0,0.75,0.75,0.75,0.75,0.25,0.75,0.0,0.75,0.0,1.0,0.75,0.0,1.0,1.0,0.0,0.0,0.75,0.25,0.25,1.0,0.75,0.25,1.0,0.25,0.75,1.0,0.25,1.0,0.25,0.25,1.0,0.75,0.75,0.75,0.75,0.25,0.75,0.25,0.75,0.0,0.25,0.0,0.25,1.0,0.75,0.25,0.75,0.0,0.25,0.0,1.0,1.0,0.83,0.83,0.67,0.0,1.0,0.25,1.0,0.5,0.75,0.75,0.75,0.5,0.75,0.75,0.25
3058,0.5,0.83,0.5,0.0,0.25,0.0,0.67,0.0,1.0,0.75,1.0,0.0,0.75,0.0,1.0,0.75,0.0,1.0,0.75,0.0,0.25,0.25,0.0,0.25,0.0,0.0,0.25,1.0,0.0,1.0,0.75,0.0,0.25,0.25,0.75,0.25,1.0,1.0,0.75,0.75,1.0,0.75,1.0,1.0,0.75,1.0,0.75,0.75,0.0,1.0,0.75,0.25,1.0,1.0,1.0,0.75,0.25,1.0,1.0,1.0,0.5,0.67,1.0,0.0,0.75,1.0,0.75,0.5,0.5,0.75,0.75,0.5,0.5,0.75,0.5
3059,1.0,0.83,0.83,0.25,0.0,0.75,0.5,0.75,0.0,0.0,1.0,0.75,0.25,0.75,1.0,0.75,0.75,0.75,0.25,0.0,0.25,0.75,0.25,1.0,0.0,0.75,0.25,0.75,0.25,1.0,1.0,0.25,0.25,1.0,0.25,0.75,0.25,0.75,0.0,1.0,0.75,0.75,0.25,0.25,0.0,0.75,0.75,0.0,1.0,1.0,0.0,0.0,0.25,0.75,0.25,0.0,0.25,0.25,0.75,1.0,0.67,0.83,0.5,0.0,0.25,0.25,0.0,0.25,0.5,0.5,0.5,0.5,0.5,0.5,0.5
3060,0.17,0.17,0.33,0.0,1.0,0.0,0.0,1.0,0.0,0.0,0.25,0.25,0.0,0.25,0.0,0.0,0.0,0.0,0.0,0.25,0.75,0.0,0.75,0.0,0.0,0.0,0.0,1.0,1.0,0.0,1.0,1.0,1.0,1.0,0.0,1.0,0.0,0.0,1.0,0.0,0.0,1.0,0.25,0.0,0.25,0.0,1.0,0.0,0.0,0.0,0.0,0.0,0.0,0.0,1.0,0.0,1.0,0.0,0.0,0.0,1.0,1.0,0.0,0.0,1.0,0.0,0.0,0.25,0.25,0.5,0.5,0.5,0.5,0.25,0.25
3062,0.17,0.17,0.0,1.0,0.75,0.0,0.67,0.0,1.0,1.0,0.0,0.25,1.0,0.0,0.75,0.0,0.75,0.25,1.0,0.0,1.0,0.75,1.0,0.25,1.0,0.0,0.0,1.0,0.25,1.0,1.0,0.25,0.25,1.0,1.0,0.0,1.0,1.0,0.25,1.0,1.0,0.75,1.0,1.0,1.0,1.0,0.0,0.75,0.0,1.0,1.0,1.0,0.75,1.0,1.0,0.0,0.75,0.75,0.0,0.25,0.17,0.67,1.0,0.75,0.75,1.0,1.0,1.0,0.5,1.0,1.0,0.75,0.25,0.75,0.5
3067,0.0,0.33,0.67,0.0,0.0,0.75,0.17,1.0,0.0,0.75,0.75,0.75,0.0,0.25,0.0,0.0,0.0,0.0,0.0,0.25,0.25,0.25,0.25,1.0,0.25,0.75,0.25,0.0,0.0,0.0,0.0,1.0,1.0,0.25,0.25,0.75,0.0,0.25,0.75,1.0,0.25,0.25,0.25,0.0,0.0,0.25,0.25,0.0,1.0,1.0,0.25,0.75,0.0,0.25,0.0,0.0,0.0,0.25,1.0,0.25,1.0,0.67,0.0,0.0,1.0,0.25,0.0,0.0,0.75,0.75,0.5,0.25,0.5,0.25,0.5
3068,0.83,0.67,0.0,0.0,0.0,0.0,0.83,0.25,0.25,0.25,0.25,0.75,0.25,0.0,1.0,1.0,1.0,1.0,0.25,0.0,0.25,0.75,0.0,1.0,0.0,1.0,0.0,1.0,0.25,1.0,1.0,0.0,0.75,0.75,0.25,0.0,0.25,0.75,0.0,1.0,0.75,1.0,0.0,0.75,0.0,0.75,1.0,0.0,0.0,0.75,0.75,0.75,1.0,1.0,1.0,0.0,0.75,0.0,1.0,1.0,0.83,1.0,0.67,0.0,0.75,0.75,1.0,0.25,0.75,0.75,0.5,0.5,0.75,0.5,0.5
3069,1.0,1.0,0.0,0.75,0.0,0.0,0.83,0.75,1.0,1.0,0.25,0.25,1.0,0.0,1.0,0.0,0.75,0.75,0.75,0.25,0.75,0.25,0.25,0.0,0.75,0.0,0.0,0.75,0.75,1.0,1.0,0.0,0.25,1.0,0.75,0.75,0.75,0.75,0.75,0.25,0.75,0.0,0.0,1.0,0.25,1.0,0.75,0.75,0.0,1.0,1.0,0.75,1.0,1.0,1.0,0.25,1.0,0.25,0.75,1.0,0.17,0.5,0.83,0.25,0.25,0.75,0.25,0.75,0.5,0.5,0.75,0.5,0.5,0.75,0.75
3070,1.0,0.33,0.17,0.75,0.25,0.0,0.83,0.75,1.0,1.0,0.75,0.25,0.75,0.25,0.75,0.25,0.75,1.0,0.75,0.25,0.75,1.0,0.0,0.25,0.0,0.0,0.25,0.75,0.0,1.0,0.25,0.25,0.25,0.0,0.75,1.0,0.75,0.75,0.25,0.75,0.75,0.25,1.0,1.0,0.75,1.0,0.25,0.25,0.25,1.0,0.75,0.75,1.0,0.75,1.0,0.25,0.75,1.0,0.0,1.0,0.67,0.83,0.17,0.25,0.75,1.0,1.0,0.5,0.25,0.5,0.75,0.5,0.5,0.75,0.5
3071,0.67,0.67,0.0,0.75,1.0,0.0,0.17,0.75,1.0,0.25,1.0,0.75,0.25,1.0,0.75,0.0,0.0,1.0,0.75,0.0,0.75,0.0,0.0,0.0,0.75,0.25,0.25,1.0,0.75,0.25,1.0,1.0,0.75,1.0,0.0,1.0,0.75,0.0,1.0,0.0,0.25,1.0,0.75,0.25,0.75,0.25,0.75,0.75,0.25,0.25,0.25,0.0,0.25,0.25,0.25,0.25,0.25,0.0,0.75,1.0,1.0,1.0,0.17,0.0,1.0,0.0,1.0,0.5,0.5,0.5,0.75,0.75,0.75,0.75,0.25
3072,1.0,0.33,0.0,0.75,1.0,0.0,0.67,0.75,1.0,1.0,1.0,0.0,0.75,0.75,0.75,0.25,0.25,0.75,0.75,0.0,1.0,0.75,0.75,0.0,0.75,0.0,0.25,1.0,0.75,1.0,0.75,0.25,0.0,1.0,0.25,1.0,0.25,0.25,1.0,0.75,0.75,0.25,0.75,1.0,1.0,1.0,0.0,1.0,0.0,1.0,1.0,1.0,1.0,1.0,0.75,1.0,1.0,0.75,0.25,0.75,0.67,0.33,1.0,0.0,1.0,1.0,1.0,0.75,0.0,0.5,0.75,0.5,0.0,0.75,0.0
3073,1.0,0.0,0.0,1.0,0.0,0.0,1.0,1.0,1.0,1.0,1.0,0.0,1.0,1.0,1.0,0.0,1.0,1.0,1.0,0.0,1.0,1.0,1.0,0.0,1.0,0.0,0.0,1.0,1.0,1.0,1.0,0.0,0.0,1.0,1.0,1.0,1.0,0.0,1.0,0.0,1.0,1.0,0.0,1.0,1.0,1.0,0.0,1.0,0.0,0.0,1.0,1.0,0.75,1.0,0.75,1.0,1.0,1.0,0.0,1.0,1.0,1.0,0.5,1.0,1.0,1.0,1.0,1.0,0.0,0.5,0.75,0.75,0.0,1.0,0.25
3079,0.33,0.33,0.67,1.0,0.75,0.0,0.83,0.0,1.0,1.0,0.0,0.0,1.0,0.0,1.0,0.0,0.0,1.0,1.0,1.0,1.0,1.0,1.0,0.0,0.75,0.0,0.0,1.0,1.0,1.0,0.0,0.0,1.0,0.0,0.0,1.0,1.0,1.0,1.0,1.0,1.0,0.0,1.0,1.0,0.0,1.0,1.0,0.0,0.0,0.0,1.0,1.0,1.0,1.0,1.0,1.0,1.0,1.0,1.0,1.0,0.67,0.67,0.33,1.0,1.0,1.0,1.0,0.25,0.75,0.25,0.75,0.75,0.75,0.75,0.75
3080,0.17,0.67,0.17,0.75,0.75,0.0,0.5,0.75,0.75,0.75,0.75,0.25,1.0,0.25,0.25,0.75,0.25,1.0,0.75,0.0,1.0,0.75,1.0,0.25,0.75,0.25,0.25,0.25,0.25,1.0,0.75,0.25,0.25,1.0,0.75,0.25,0.25,1.0,0.0,0.75,0.75,0.75,1.0,1.0,1.0,1.0,0.75,0.0,0.0,1.0,1.0,1.0,0.25,1.0,0.25,0.0,0.0,0.0,1.0,0.75,0.17,0.17,1.0,0.0,0.0,1.0,1.0,0.75,1.0,0.5,1.0,0.75,0.5,0.75,0.5
3084,0.67,0.33,0.17,0.25,0.75,0.0,0.67,0.75,1.0,0.75,1.0,0.25,0.75,0.75,0.25,0.75,0.75,0.75,0.75,0.0,1.0,1.0,0.75,0.0,0.25,0.25,0.25,0.75,0.75,0.75,0.75,0.75,0.25,1.0,0.25,1.0,0.0,0.0,1.0,0.0,0.75,1.0,1.0,1.0,1.0,1.0,0.25,0.75,0.75,0.75,0.25,0.75,0.75,0.75,1.0,0.0,1.0,1.0,0.25,0.25,0.33,0.83,0.83,0.0,0.75,1.0,1.0,0.75,0.75,0.75,0.75,0.25,0.25,0.75,0.25
3085,1.0,0.5,0.67,0.0,0.25,0.0,0.17,0.75,0.25,0.0,1.0,0.25,0.0,0.75,0.0,0.0,0.0,0.25,0.75,0.0,0.0,0.0,0.0,0.0,0.0,0.0,0.0,0.75,0.0,0.75,0.0,0.25,0.0,1.0,0.0,0.75,0.0,1.0,0.0,0.0,1.0,1.0,0.75,1.0,0.75,1.0,0.25,0.0,0.0,1.0,0.25,0.0,0.25,1.0,0.0,0.0,0.0,0.25,1.0,1.0,0.83,0.67,0.67,0.0,1.0,0.75,1.0,0.5,0.5,0.5,0.5,0.5,0.5,0.5,0.5
3089,1.0,0.33,0.67,0.75,0.75,0.25,0.83,0.75,0.75,0.75,0.25,0.25,0.75,0.75,0.75,0.75,0.75,0.75,0.75,0.25,0.75,0.75,0.75,0.25,0.25,0.75,0.25,1.0,0.75,0.75,0.75,0.75,0.75,0.75,0.75,0.75,0.75,0.75,0.75,0.75,0.75,0.75,0.75,0.75,0.75,0.75,0.75,0.75,0.25,0.75,0.75,0.75,0.75,0.75,0.75,0.75,0.75,0.25,0.75,0.75,0.67,0.67,0.67,0.0,0.75,0.75,0.75,0.75,0.75,0.75,0.75,0.75,0.75,0.75,0.75
3098,0.0,0.0,0.0,1.0,1.0,0.0,1.0,0.0,1.0,1.0,0.0,0.0,1.0,0.0,0.25,1.0,1.0,0.0,1.0,0.25,1.0,1.0,1.0,0.0,1.0,0.0,0.0,1.0,0.25,1.0,1.0,0.0,0.0,1.0,1.0,0.0,1.0,1.0,0.0,1.0,1.0,0.25,1.0,1.0,1.0,1.0,0.0,1.0,0.0,1.0,1.0,1.0,1.0,1.0,0.25,1.0,1.0,1.0,0.0,0.0,0.0,0.5,1.0,0.75,0.0,1.0,1.0,0.75,0.0,0.5,1.0,0.75,0.0,1.0,0.5
3100,1.0,0.83,0.33,0.0,0.0,0.0,1.0,0.0,1.0,1.0,0.0,0.0,0.25,0.0,0.0,1.0,1.0,1.0,1.0,0.75,1.0,1.0,0.0,0.0,0.0,1.0,0.0,1.0,1.0,1.0,1.0,0.0,0.0,1.0,0.0,1.0,0.0,1.0,0.75,1.0,1.0,0.0,1.0,1.0,1.0,1.0,1.0,0.0,0.0,1.0,0.0,0.0,1.0,1.0,1.0,0.0,0.0,0.75,1.0,1.0,1.0,0.67,0.83,0.0,1.0,1.0,1.0,0.25,0.5,0.75,0.75,0.75,0.5,0.5,0.75
3101,0.83,0.17,0.17,0.25,0.25,0.0,0.5,1.0,0.25,1.0,0.75,1.0,0.75,0.25,0.0,0.0,0.0,0.75,0.75,0.0,0.75,0.75,0.0,0.0,0.75,0.25,0.25,0.75,0.0,0.25,1.0,0.75,1.0,1.0,1.0,0.75,0.0,1.0,0.25,0.75,1.0,0.25,1.0,1.0,0.0,0.75,0.75,0.0,0.25,0.25,0.25,0.0,0.75,1.0,1.0,0.75,1.0,1.0,0.25,1.0,0.83,0.67,0.33,0.0,0.0,0.75,0.75,0.25,0.25,1.0,0.75,0.5,0.5,0.5,0.5
3102,0.17,0.17,0.0,1.0,0.75,0.0,0.67,0.75,1.0,1.0,1.0,0.0,1.0,0.75,0.75,0.25,0.0,0.25,0.75,0.25,1.0,1.0,1.0,0.0,0.75,0.0,0.0,1.0,1.0,0.75,0.25,0.0,0.0,1.0,0.25,1.0,0.0,0.25,1.0,0.25,0.0,1.0,0.25,1.0,1.0,1.0,0.0,1.0,0.0,1.0,1.0,0.75,0.75,1.0,0.0,1.0,1.0,1.0,0.75,0.75,0.67,1.0,0.83,0.25,0.75,0.75,1.0,0.75,0.5,0.5,0.75,0.5,0.0,0.5,0.25
3103,0.83,0.67,0.17,0.75,0.75,0.25,0.67,1.0,1.0,1.0,0.25,0.75,0.75,1.0,1.0,1.0,0.75,0.25,1.0,0.0,1.0,0.75,0.25,0.25,0.25,1.0,0.25,1.0,0.75,1.0,1.0,0.75,0.25,0.75,0.75,1.0,1.0,1.0,0.75,0.25,0.75,0.75,0.25,1.0,1.0,1.0,0.75,1.0,0.25,0.75,1.0,1.0,1.0,1.0,0.25,0.75,1.0,0.25,0.75,1.0,1.0,1.0,0.83,0.25,0.75,1.0,1.0,0.75,0.5,0.75,1.0,0.5,0.5,1.0,0.25
3104,0.17,0.0,0.33,0.25,1.0,0.25,0.83,0.75,0.75,1.0,1.0,0.25,0.75,0.75,0.75,0.25,0.25,1.0,0.75,0.0,1.0,0.75,1.0,0.25,0.75,0.25,0.75,1.0,1.0,1.0,1.0,0.25,0.25,1.0,0.75,1.0,0.0,0.25,0.25,0.0,0.25,1.0,0.75,1.0,1.0,1.0,0.25,1.0,0.0,1.0,1.0,1.0,1.0,1.0,0.75,1.0,1.0,0.75,0.0,1.0,0.83,0.83,0.83,0.0,1.0,0.75,0.0,0.25,0.25,0.75,0.75,0.5,0.25,0.5,0.25
3105,0.33,0.0,0.0,1.0,0.75,0.0,1.0,0.25,1.0,1.0,0.75,0.0,1.0,0.0,0.25,0.25,0.75,0.25,1.0,0.25,1.0,0.75,1.0,0.0,1.0,0.0,0.0,1.0,0.25,1.0,0.25,0.0,0.0,1.0,1.0,0.75,1.0,1.0,0.25,0.75,0.75,0.75,0.75,1.0,1.0,1.0,0.0,0.75,0.0,0.75,1.0,1.0,1.0,1.0,0.75,1.0,1.0,0.75,0.25,0.25,0.5,0.67,0.83,1.0,0.0,1.0,1.0,0.75,0.25,0.25,0.75,0.75,0.0,0.75,0.5
3106,0.0,0.0,0.5,1.0,1.0,0.0,0.83,0.0,1.0,1.0,0.0,0.0,1.0,0.0,1.0,0.75,1.0,0.25,1.0,0.25,1.0,0.25,1.0,0.0,1.0,0.0,0.0,1.0,0.25,1.0,1.0,0.0,0.0,1.0,1.0,0.75,0.75,1.0,0.75,0.75,1.0,0.75,1.0,1.0,1.0,1.0,0.0,1.0,0.0,0.75,1.0,1.0,1.0,1.0,0.75,1.0,1.0,1.0,0.0,0.0,0.17,0.67,1.0,0.75,0.25,1.0,1.0,0.75,0.0,0.5,1.0,0.75,0.25,1.0,0.5
3107,0.83,0.17,0.17,0.75,0.25,0.0,0.83,1.0,0.75,0.75,0.75,0.0,0.75,0.25,0.25,0.25,0.75,0.75,0.75,0.25,0.75,0.75,1.0,0.25,1.0,0.25,0.0,1.0,0.25,0.75,0.0,0.25,0.25,0.75,1.0,0.25,0.75,0.75,0.75,0.75,0.75,0.25,0.75,1.0,1.0,1.0,0.0,1.0,0.0,1.0,1.0,0.75,0.75,1.0,0.25,0.75,0.25,1.0,0.25,0.75,0.5,0.83,1.0,0.75,0.75,1.0,1.0,0.75,0.5,0.5,0.75,0.75,0.0,0.75,0.75
3108,0.0,0.0,0.0,1.0,1.0,0.0,1.0,0.0,1.0,1.0,0.0,0.0,1.0,0.0,1.0,1.0,1.0,0.0,1.0,0.25,1.0,1.0,1.0,0.0,1.0,0.0,0.0,1.0,1.0,1.0,0.75,0.0,0.0,0.75,1.0,0.0,1.0,1.0,0.0,1.0,1.0,0.25,1.0,1.0,1.0,1.0,0.0,1.0,0.0,1.0,1.0,1.0,1.0,1.0,0.25,1.0,1.0,1.0,0.0,0.0,0.0,0.83,1.0,0.0,0.0,1.0,1.0,0.75,0.0,0.5,1.0,0.75,0.25,1.0,0.75
3109,0.83,0.67,0.0,0.25,0.25,0.0,0.67,0.75,1.0,0.75,0.25,0.25,0.25,0.75,0.25,0.25,0.75,0.25,1.0,1.0,0.75,0.75,0.25,0.25,0.75,0.0,0.0,1.0,1.0,0.25,0.25,0.25,0.25,0.75,0.75,0.25,0.25,0.75,0.75,0.75,0.25,0.75,0.75,0.75,0.25,0.75,1.0,0.25,0.25,0.25,0.75,0.75,0.75,1.0,0.25,0.25,0.0,0.75,1.0,0.75,0.83,0.83,0.67,0.0,1.0,0.25,0.25,0.5,0.5,0.5,0.75,0.5,0.5,0.5,0.25
3110,0.5,1.0,0.67,0.0,1.0,1.0,0.5,0.75,0.75,0.75,0.25,0.25,0.75,0.75,0.0,0.0,1.0,0.75,0.75,0.25,0.25,0.75,0.0,1.0,0.0,1.0,1.0,1.0,0.25,0.75,1.0,0.25,0.25,1.0,0.0,1.0,0.0,0.75,1.0,0.75,0.75,0.75,0.75,0.75,0.75,1.0,0.75,0.75,0.0,0.0,1.0,1.0,1.0,1.0,1.0,0.0,0.0,1.0,0.0,1.0,0.5,0.5,1.0,0.0,0.75,1.0,1.0,0.5,0.75,1.0,0.75,0.5,0.5,0.75,0.5
3111,0.0,0.0,0.0,1.0,1.0,0.0,1.0,0.0,1.0,1.0,0.75,0.0,1.0,0.0,1.0,0.0,1.0,0.25,1.0,0.75,1.0,0.75,1.0,0.0,1.0,0.0,0.0,1.0,0.25,1.0,0.75,0.0,0.0,1.0,1.0,0.0,1.0,1.0,0.0,1.0,1.0,0.0,1.0,1.0,1.0,1.0,0.0,1.0,0.0,1.0,1.0,1.0,1.0,1.0,0.25,1.0,1.0,1.0,0.0,0.25,0.0,0.33,1.0,0.25,0.0,1.0,0.75,1.0,0.0,0.5,1.0,0.75,0.0,1.0,0.25
3112,1.0,1.0,0.0,0.0,0.0,1.0,0.0,0.75,0.0,0.0,0.75,1.0,0.25,0.0,1.0,0.75,0.75,0.25,0.0,0.0,0.0,0.75,0.0,1.0,0.0,1.0,1.0,0.0,0.0,0.0,0.0,1.0,1.0,0.0,0.0,0.75,0.0,1.0,0.0,1.0,1.0,0.75,0.0,0.25,0.0,0.25,0.75,0.0,1.0,0.25,0.0,0.0,0.75,0.0,0.0,0.0,0.0,0.0,1.0,1.0,1.0,1.0,0.0,0.0,1.0,0.0,0.0,0.0,1.0,1.0,0.75,0.0,0.75,0.75,0.75
3114,0.0,0.0,0.0,1.0,1.0,0.0,1.0,0.0,1.0,1.0,0.25,0.0,1.0,0.0,0.0,0.0,1.0,0.0,1.0,0.25,1.0,1.0,1.0,0.0,1.0,0.0,0.0,1.0,0.25,1.0,0.75,0.0,0.0,1.0,1.0,0.0,1.0,1.0,0.0,1.0,1.0,0.25,1.0,1.0,1.0,1.0,0.0,1.0,0.0,1.0,1.0,1.0,1.0,1.0,0.0,1.0,1.0,1.0,0.0,0.0,0.0,0.67,1.0,0.75,0.0,1.0,1.0,1.0,0.0,0.5,0.75,0.75,0.0,1.0,0.0
3115,0.0,0.67,0.67,0.75,0.0,0.0,0.5,0.0,1.0,1.0,0.75,0.0,0.75,0.0,0.0,0.75,0.25,1.0,1.0,0.0,0.25,0.25,0.25,0.0,0.25,0.0,0.0,0.0,0.25,1.0,0.0,0.25,0.25,0.0,0.25,0.25,0.75,1.0,0.0,0.75,1.0,0.75,1.0,1.0,0.75,1.0,0.25,0.0,0.25,1.0,0.0,0.25,0.25,0.75,0.75,0.0,0.0,0.75,0.75,0.75,0.33,0.33,0.5,0.0,0.75,0.75,0.0,0.5,0.5,0.5,0.5,0.5,0.5,0.5,0.5
3116,0.17,0.0,0.17,1.0,1.0,0.0,0.83,0.0,1.0,1.0,0.0,0.0,1.0,0.0,1.0,0.25,1.0,0.25,1.0,0.25,1.0,1.0,1.0,0.0,1.0,0.0,0.0,1.0,0.75,1.0,0.75,0.0,0.75,1.0,1.0,0.0,0.75,1.0,0.25,1.0,1.0,0.25,1.0,0.75,1.0,1.0,0.0,0.75,1.0,1.0,0.75,1.0,1.0,1.0,0.75,0.75,1.0,1.0,0.0,0.25,0.0,0.5,1.0,0.75,0.0,1.0,1.0,0.75,0.0,0.5,1.0,1.0,0.25,1.0,1.0
3117,0.83,0.67,0.17,1.0,1.0,0.0,0.17,0.75,0.75,0.0,0.75,0.75,0.25,0.75,1.0,0.25,0.75,1.0,1.0,0.0,1.0,0.25,0.0,0.25,0.0,0.75,0.75,0.75,0.25,0.25,0.75,0.25,0.75,0.75,0.25,1.0,0.0,0.25,1.0,0.25,0.25,0.75,1.0,0.75,0.75,0.25,1.0,0.75,0.75,0.75,0.75,0.25,0.75,0.25,1.0,0.25,0.25,0.25,1.0,1.0,0.83,0.33,0.33,0.0,1.0,0.25,0.75,0.75,0.75,0.75,0.75,0.5,0.5,0.5,0.25
3120,0.83,0.67,0.0,0.0,0.25,0.0,0.17,1.0,0.25,0.0,1.0,0.25,0.0,0.75,0.75,0.25,0.0,0.25,0.25,0.0,0.25,0.75,0.0,0.25,0.0,0.75,0.75,0.75,0.25,0.75,0.75,0.25,0.25,1.0,0.0,1.0,0.0,0.25,1.0,0.0,0.25,0.75,0.0,0.0,0.25,0.25,1.0,0.0,0.25,0.25,0.25,0.75,0.75,0.25,1.0,0.0,0.0,0.0,1.0,1.0,0.83,0.83,0.5,0.0,1.0,0.25,1.0,0.25,0.75,0.75,0.75,0.5,0.75,0.5,0.5
3121,0.83,0.33,0.17,0.75,0.25,0.0,0.33,0.75,1.0,1.0,1.0,0.75,0.25,0.25,0.75,0.75,0.0,1.0,0.75,0.25,0.75,0.75,1.0,0.25,0.25,0.25,0.0,0.75,0.75,1.0,0.75,0.25,0.0,1.0,1.0,0.25,0.75,0.75,0.75,0.75,0.75,0.25,0.75,0.75,0.75,1.0,0.0,0.25,0.25,1.0,1.0,0.25,0.25,0.75,0.75,0.25,0.25,0.75,0.75,0.75,0.5,0.67,0.83,0.75,0.75,0.75,0.25,0.5,0.75,0.5,0.75,0.5,0.5,0.75,0.5
3122,0.17,0.67,0.67,0.75,0.75,0.25,0.67,0.25,0.75,0.25,0.0,0.0,0.75,0.25,0.75,0.75,0.25,0.75,0.25,0.0,0.75,0.75,0.25,0.25,0.75,0.25,0.25,0.75,0.25,0.75,0.25,0.25,0.25,0.25,0.75,0.25,0.75,0.75,0.25,0.75,0.75,0.75,0.75,0.75,0.75,0.75,0.25,0.25,0.25,0.75,0.75,0.75,0.75,0.75,0.75,0.25,0.25,0.75,0.75,0.75,0.83,0.67,0.33,0.25,0.25,0.75,0.75,0.25,0.5,0.5,0.75,0.5,0.5,0.5,0.75
3123,1.0,0.33,0.17,0.25,0.0,0.0,0.5,0.75,1.0,0.75,1.0,0.25,0.25,0.0,0.0,0.25,0.25,1.0,0.75,0.0,0.75,0.25,0.0,0.0,0.25,0.0,0.75,1.0,0.25,0.75,0.75,0.25,0.25,0.0,0.25,0.25,0.75,1.0,0.25,0.75,1.0,0.25,1.0,0.75,1.0,1.0,0.25,0.25,0.0,1.0,0.75,0.75,0.75,0.75,0.25,0.0,0.25,0.75,0.75,0.75,0.67,0.5,0.67,0.0,0.75,0.75,1.0,0.5,0.5,0.5,0.75,0.5,0.5,0.75,0.5
3124,0.33,0.17,0.17,0.25,0.75,0.25,0.67,0.0,0.75,0.0,0.25,0.75,1.0,0.25,1.0,0.75,0.25,0.75,0.0,0.0,0.25,1.0,0.25,0.75,1.0,1.0,0.25,0.25,0.25,0.25,1.0,0.0,0.0,0.75,0.75,0.25,0.0,0.0,0.25,0.0,1.0,0.25,1.0,0.75,0.25,0.25,0.0,1.0,0.75,1.0,0.75,1.0,0.75,0.75,0.75,0.0,0.75,1.0,0.75,0.75,0.17,0.67,0.67,0.0,0.75,1.0,1.0,0.75,0.25,0.75,0.75,0.5,0.25,0.5,0.25
3125,0.17,0.33,0.33,0.75,1.0,0.0,0.83,0.0,1.0,1.0,0.25,0.0,0.0,0.25,0.75,0.25,0.25,0.75,1.0,0.25,1.0,0.75,1.0,0.0,0.75,0.0,0.0,1.0,1.0,0.75,1.0,0.25,0.0,1.0,0.25,0.25,0.75,0.25,0.75,0.75,0.25,1.0,0.25,1.0,1.0,1.0,0.75,0.75,0.25,1.0,1.0,0.75,0.75,1.0,0.25,0.75,0.75,0.75,0.25,0.75,0.67,0.83,1.0,0.25,0.75,1.0,0.75,0.5,0.25,0.5,0.75,0.5,0.25,0.5,0.25
3126,0.0,0.0,0.0,1.0,1.0,0.0,1.0,0.0,1.0,1.0,0.0,0.0,1.0,0.0,0.75,1.0,1.0,0.0,1.0,0.0,1.0,1.0,1.0,0.0,1.0,0.0,0.0,1.0,0.75,1.0,1.0,0.0,0.0,0.75,1.0,0.0,1.0,1.0,0.0,1.0,1.0,1.0,1.0,1.0,1.0,1.0,0.0,1.0,0.0,1.0,1.0,1.0,1.0,1.0,1.0,1.0,1.0,1.0,0.0,0.0,0.0,0.83,1.0,0.0,0.0,1.0,1.0,1.0,0.0,0.5,1.0,1.0,0.0,1.0,0.5
3127,0.67,0.33,0.0,1.0,0.75,0.0,1.0,0.0,1.0,1.0,0.25,0.0,1.0,0.0,1.0,1.0,1.0,0.75,1.0,0.0,1.0,0.75,1.0,0.0,0.75,0.0,0.0,0.75,0.25,1.0,0.25,0.0,0.25,0.75,0.75,0.0,1.0,1.0,0.0,1.0,1.0,0.75,1.0,0.75,1.0,1.0,0.25,0.25,0.25,1.0,0.75,0.75,0.75,1.0,0.25,1.0,1.0,0.75,0.25,0.75,0.17,0.33,0.67,0.25,0.25,0.75,1.0,1.0,0.0,0.75,0.75,1.0,0.25,0.75,0.5
3128,0.33,0.0,0.0,1.0,0.75,0.0,0.83,0.25,1.0,1.0,0.25,0.0,0.75,0.75,1.0,0.75,1.0,0.75,1.0,0.25,1.0,1.0,1.0,0.25,1.0,0.0,0.0,1.0,0.75,1.0,0.75,0.75,0.0,0.75,0.75,0.25,1.0,1.0,0.25,1.0,1.0,0.25,1.0,1.0,0.75,1.0,0.0,0.75,0.0,1.0,0.75,1.0,1.0,1.0,0.75,1.0,0.75,1.0,0.0,0.25,0.17,0.67,1.0,0.25,0.25,1.0,1.0,1.0,0.25,0.5,0.75,0.75,0.5,0.75,0.5
3129,0.17,0.0,0.0,1.0,1.0,0.0,1.0,0.0,1.0,1.0,0.0,0.0,1.0,0.0,1.0,0.75,1.0,0.0,1.0,0.0,1.0,1.0,1.0,0.0,1.0,0.0,0.0,1.0,0.75,1.0,0.75,0.0,0.0,1.0,1.0,0.25,1.0,1.0,0.0,1.0,1.0,0.75,1.0,1.0,1.0,1.0,0.0,0.75,0.0,1.0,0.75,1.0,1.0,1.0,0.75,1.0,1.0,1.0,0.25,0.25,0.17,0.5,1.0,1.0,0.75,1.0,1.0,1.0,0.0,0.5,1.0,1.0,0.0,1.0,0.25
3130,0.33,0.33,0.0,1.0,1.0,0.25,0.83,0.0,1.0,0.75,0.0,0.0,0.75,0.0,1.0,0.0,1.0,0.0,1.0,0.0,1.0,0.75,1.0,0.25,0.75,0.0,0.0,1.0,1.0,1.0,0.75,0.0,0.0,0.75,0.75,0.25,1.0,0.75,0.0,0.75,1.0,0.0,1.0,1.0,1.0,1.0,0.0,0.25,0.25,1.0,0.75,0.25,0.75,1.0,1.0,0.75,0.0,0.75,0.75,0.75,0.17,0.67,0.83,0.0,0.0,1.0,0.75,0.75,0.0,0.25,0.75,0.5,0.0,0.75,0.75
3131,0.5,0.5,0.17,1.0,0.75,0.75,0.83,0.0,1.0,0.75,0.25,0.25,1.0,0.25,1.0,0.75,0.75,0.25,1.0,0.75,1.0,1.0,1.0,0.25,0.75,0.0,0.25,1.0,1.0,1.0,0.75,0.0,0.0,1.0,0.75,0.25,1.0,0.75,0.0,0.75,1.0,0.0,1.0,1.0,1.0,1.0,0.25,0.25,0.0,1.0,0.75,0.75,0.75,1.0,0.25,0.0,0.75,1.0,0.0,0.25,0.33,0.17,1.0,0.25,0.25,1.0,0.75,1.0,0.25,0.5,1.0,0.75,0.25,1.0,0.75
3135,0.83,0.83,0.0,0.0,0.0,0.0,0.17,1.0,0.75,0.0,1.0,1.0,0.0,1.0,0.75,1.0,0.0,0.75,1.0,0.0,1.0,0.0,0.0,0.0,0.25,0.25,0.0,1.0,0.25,0.0,0.75,1.0,0.75,1.0,0.0,0.25,0.0,0.25,1.0,0.0,0.75,1.0,0.75,0.75,0.0,0.75,0.75,0.75,0.75,1.0,0.75,0.25,0.75,0.0,1.0,0.0,0.75,0.0,1.0,1.0,0.83,0.83,0.5,0.0,0.75,0.25,0.0,0.5,0.75,0.5,0.5,0.5,0.75,0.75,0.5
3136,0.67,0.5,0.17,0.75,0.0,0.0,0.67,0.25,0.75,0.25,0.75,1.0,0.75,0.25,1.0,0.0,0.25,0.25,1.0,0.0,1.0,0.75,1.0,0.0,0.75,0.25,0.25,1.0,0.75,1.0,0.25,0.25,1.0,1.0,0.0,0.75,0.25,1.0,0.0,0.75,0.25,0.75,0.75,0.75,1.0,1.0,1.0,0.0,0.75,0.75,1.0,0.75,1.0,1.0,1.0,0.25,0.25,0.25,1.0,1.0,0.67,0.33,0.33,0.25,0.75,0.75,1.0,0.75,0.5,0.5,1.0,0.75,0.75,0.5,0.75
3137,0.67,0.17,0.5,0.25,0.0,0.25,0.5,1.0,0.25,0.0,1.0,0.75,0.25,0.0,0.75,0.0,0.0,0.75,0.25,0.0,0.75,0.0,0.25,0.75,0.0,1.0,0.75,0.75,0.25,0.0,0.75,0.75,0.25,1.0,0.75,1.0,0.25,0.75,0.0,0.25,0.75,1.0,1.0,0.0,0.0,0.75,1.0,0.0,0.25,0.75,0.25,1.0,0.75,0.25,0.0,0.0,0.75,0.25,1.0,1.0,0.83,0.83,0.33,0.0,1.0,0.0,0.25,0.25,0.5,0.75,0.75,0.5,0.5,0.5,0.5
3138,0.67,0.67,0.0,0.75,0.0,0.0,0.0,0.75,0.25,0.25,1.0,0.75,0.25,0.75,1.0,0.25,0.0,0.0,0.75,0.0,0.25,0.75,0.0,0.0,0.25,0.0,0.0,1.0,0.25,0.75,0.0,0.25,0.25,1.0,0.0,1.0,0.0,0.0,1.0,0.0,0.25,1.0,0.25,1.0,0.75,0.25,1.0,0.0,0.75,0.75,0.0,0.75,0.0,0.75,0.75,0.0,0.0,0.25,1.0,0.75,0.83,0.83,0.0,0.0,1.0,0.75,0.75,0.5,0.5,0.75,1.0,0.5,0.75,0.75,0.75
3139,1.0,1.0,0.0,0.25,1.0,0.0,1.0,1.0,1.0,1.0,1.0,0.0,0.25,1.0,1.0,0.75,0.0,0.25,0.25,0.25,0.75,0.25,0.0,0.0,0.75,0.25,0.0,1.0,0.25,0.75,0.75,1.0,0.25,1.0,0.0,1.0,0.0,0.75,1.0,0.25,1.0,1.0,0.25,1.0,1.0,1.0,1.0,1.0,0.75,0.75,0.25,0.25,0.75,1.0,1.0,1.0,1.0,0.75,1.0,1.0,1.0,1.0,1.0,0.0,1.0,0.75,0.0,0.5,0.5,0.75,0.75,0.5,0.5,0.5,0.5
3140,0.0,0.0,0.0,0.75,1.0,0.0,0.5,1.0,0.75,0.75,1.0,0.25,0.0,1.0,0.75,1.0,0.0,0.75,0.75,0.0,0.75,0.75,1.0,0.0,0.25,0.0,0.0,1.0,1.0,0.25,0.75,0.75,0.75,1.0,0.0,1.0,0.0,0.0,1.0,0.0,0.0,1.0,0.0,1.0,1.0,1.0,0.0,1.0,0.0,0.75,1.0,1.0,1.0,1.0,1.0,1.0,1.0,0.0,0.25,0.75,1.0,1.0,1.0,0.25,1.0,0.0,1.0,0.5,0.5,0.5,1.0,0.5,0.0,0.5,0.0
3141,0.17,0.17,0.0,0.25,1.0,0.0,0.67,0.75,1.0,1.0,0.75,0.0,0.75,0.75,0.75,0.25,0.25,0.25,0.75,0.25,1.0,0.75,1.0,0.0,0.75,0.0,0.0,1.0,1.0,0.75,1.0,0.25,0.25,1.0,0.25,0.75,0.75,0.25,0.75,0.75,0.75,0.75,0.25,1.0,1.0,1.0,0.0,1.0,0.0,1.0,1.0,1.0,1.0,1.0,0.25,0.75,1.0,1.0,0.25,0.25,0.83,0.67,1.0,0.25,0.25,1.0,1.0,0.5,0.25,0.5,0.75,0.5,0.0,0.5,0.25
3142,0.5,0.33,0.0,0.25,1.0,0.0,0.5,1.0,0.75,0.75,1.0,0.0,0.25,0.75,1.0,0.25,0.0,0.75,0.75,0.0,1.0,0.25,0.75,0.0,0.25,0.25,0.25,1.0,1.0,0.25,1.0,0.25,0.25,1.0,0.75,0.75,0.0,0.25,1.0,0.0,0.25,1.0,0.0,1.0,1.0,1.0,0.0,1.0,0.0,0.75,1.0,1.0,1.0,1.0,0.0,0.75,1.0,1.0,0.25,1.0,0.83,1.0,1.0,0.75,0.75,1.0,1.0,0.75,0.25,0.5,0.75,0.5,0.25,0.75,0.25
3143,0.5,0.67,0.5,0.0,0.75,1.0,0.67,0.75,0.25,0.25,0.25,0.75,0.0,0.25,0.0,0.0,0.75,0.75,0.75,0.0,0.75,0.25,0.0,1.0,0.0,1.0,1.0,0.75,0.75,0.25,0.25,1.0,0.25,0.75,0.0,1.0,0.0,0.75,0.75,1.0,0.75,0.0,0.25,0.25,0.25,0.25,0.75,0.0,0.75,1.0,0.25,0.0,0.75,0.75,0.0,0.0,0.0,0.25,1.0,1.0,1.0,0.83,0.33,0.0,0.75,0.25,0.0,0.0,1.0,1.0,0.75,0.25,0.5,0.5,0.5
3144,0.83,0.67,0.5,0.25,0.25,0.25,0.33,0.75,0.25,0.0,0.75,0.75,0.0,0.25,0.25,0.25,0.0,0.25,0.25,0.0,0.75,0.25,0.0,0.25,0.0,0.25,0.25,0.75,0.25,0.0,0.25,0.25,0.0,0.25,0.25,0.75,0.0,0.75,0.75,0.0,0.25,0.75,0.0,0.25,0.25,0.75,0.25,0.0,0.75,1.0,0.25,0.0,0.25,0.0,0.0,0.0,0.0,0.0,1.0,1.0,0.83,0.67,0.17,0.0,1.0,0.0,0.0,0.25,0.75,0.5,0.5,0.5,0.5,0.5,0.5
3145,0.17,0.17,0.17,0.75,1.0,0.0,0.17,0.75,0.75,1.0,1.0,0.25,0.25,0.75,1.0,0.75,0.25,0.75,0.75,0.0,1.0,0.75,1.0,0.0,0.25,0.25,0.0,1.0,1.0,1.0,1.0,0.75,0.75,1.0,0.0,1.0,0.0,0.75,1.0,0.0,0.25,0.25,0.0,1.0,1.0,1.0,0.0,0.25,0.0,1.0,0.75,0.75,0.75,1.0,0.25,1.0,0.75,1.0,0.75,0.75,0.83,0.83,1.0,0.0,0.75,0.0,1.0,1.0,0.25,0.5,0.75,0.5,0.25,0.5,0.5
3146,1.0,0.5,0.5,0.25,0.75,0.0,0.17,0.75,0.75,0.0,1.0,0.25,0.25,0.25,0.75,0.75,0.0,1.0,1.0,0.0,0.25,0.25,0.0,0.0,0.0,0.25,0.0,0.75,0.25,0.75,0.0,0.25,0.0,0.0,0.0,1.0,0.75,0.25,0.75,0.25,0.75,0.75,1.0,0.75,0.75,1.0,0.75,0.0,0.25,1.0,0.0,0.0,0.25,0.75,1.0,0.0,0.0,0.0,1.0,0.75,0.83,0.67,0.67,0.0,0.75,0.0,0.75,0.5,0.75,0.5,0.75,0.5,0.5,0.5,0.5
3147,0.0,0.83,0.5,0.25,0.0,1.0,0.0,1.0,0.25,0.0,0.75,0.75,0.0,0.25,0.25,0.75,0.0,0.0,0.0,0.0,0.75,0.25,0.0,1.0,0.0,0.75,0.75,0.75,0.75,0.0,0.75,1.0,1.0,0.75,0.0,1.0,0.0,0.75,1.0,0.25,1.0,1.0,0.25,0.0,0.0,0.0,1.0,0.0,1.0,1.0,0.0,0.0,0.25,0.0,0.0,0.25,0.0,0.0,1.0,1.0,1.0,0.83,0.17,0.0,1.0,0.0,0.0,0.0,0.5,0.75,0.5,0.0,0.75,0.25,0.5
3148,0.83,0.83,0.67,0.25,0.0,1.0,0.5,1.0,0.75,0.0,0.25,0.75,0.0,0.75,1.0,0.75,0.0,0.75,0.25,0.0,0.25,0.25,0.0,0.75,0.25,0.75,0.75,0.75,0.75,0.0,1.0,0.75,0.75,0.75,0.0,0.75,0.0,0.25,0.25,0.75,0.25,0.75,0.75,0.0,0.0,0.75,1.0,0.25,0.75,0.75,0.25,0.0,0.0,0.0,0.75,0.0,0.0,0.25,1.0,1.0,0.5,0.83,0.33,0.0,0.75,0.0,0.25,0.25,0.75,0.5,0.5,0.5,0.5,0.5,0.5
3149,0.17,0.83,0.0,0.0,0.75,0.0,0.0,1.0,0.25,0.0,1.0,0.25,0.0,0.75,1.0,0.25,0.0,0.0,0.25,0.0,0.75,0.75,0.0,0.0,0.0,0.25,0.0,1.0,0.75,0.0,0.0,0.75,0.75,1.0,0.0,1.0,0.0,0.0,1.0,0.0,0.0,1.0,0.25,0.75,1.0,0.75,0.75,0.25,0.0,0.25,0.75,0.75,0.75,0.0,0.0,0.0,0.25,0.25,1.0,0.75,1.0,1.0,0.67,0.0,1.0,0.0,0.75,0.5,0.5,0.5,0.75,0.5,0.5,0.5,0.5
3150,0.17,0.17,0.17,0.75,1.0,0.0,0.0,1.0,0.75,0.75,1.0,0.0,0.0,0.75,1.0,0.0,0.0,0.0,1.0,0.0,0.0,0.25,0.0,0.0,0.0,0.0,0.0,1.0,1.0,0.75,1.0,0.25,1.0,1.0,0.0,1.0,0.0,0.0,1.0,0.0,0.0,1.0,0.0,0.75,1.0,0.0,0.75,0.75,0.0,0.0,1.0,1.0,1.0,0.0,1.0,0.0,0.0,1.0,0.75,1.0,1.0,1.0,0.5,0.0,1.0,0.25,1.0,0.5,0.5,0.5,0.75,0.5,0.75,0.75,0.5
3151,0.83,0.5,0.33,0.25,0.75,0.0,0.5,1.0,0.75,0.75,0.75,0.75,0.25,0.25,0.25,0.0,0.25,1.0,0.75,0.25,0.75,0.75,0.75,0.0,0.0,0.25,0.25,1.0,0.25,1.0,1.0,0.25,1.0,1.0,0.25,1.0,0.0,0.25,0.75,0.25,0.75,0.75,0.25,1.0,0.75,0.75,0.75,0.75,0.75,0.75,0.75,0.25,0.25,1.0,0.75,0.25,0.75,0.75,0.75,0.75,0.83,0.67,0.33,0.25,0.75,0.0,1.0,0.5,0.5,0.5,0.5,0.25,0.5,0.75,0.5
3152,0.33,0.33,0.0,0.75,0.75,0.0,0.33,0.25,1.0,0.75,1.0,0.0,0.25,0.25,1.0,0.75,0.0,1.0,0.75,0.0,0.75,0.75,0.25,0.0,0.25,0.0,0.0,1.0,0.0,0.75,0.0,0.25,0.75,0.25,0.25,0.75,0.0,0.75,0.25,0.25,0.75,1.0,0.75,0.75,0.75,1.0,0.0,0.25,0.0,1.0,1.0,1.0,1.0,0.75,0.25,0.0,1.0,0.75,1.0,0.75,0.83,0.67,0.67,0.0,0.75,0.75,0.25,0.5,0.5,0.5,0.5,0.5,0.5,0.5,0.5
3153,1.0,0.67,0.67,0.75,0.25,0.0,0.33,0.75,1.0,0.0,0.0,0.75,0.25,0.75,0.0,0.0,0.25,0.75,0.75,0.25,1.0,0.0,0.75,0.0,0.25,0.75,0.25,0.75,0.25,0.25,0.75,0.25,0.0,1.0,1.0,0.75,0.0,0.25,0.25,0.25,1.0,1.0,1.0,0.75,0.25,0.75,0.75,1.0,1.0,0.75,0.75,0.25,0.25,0.75,1.0,0.25,0.75,0.25,0.75,0.75,0.67,0.67,0.83,0.0,0.75,0.75,1.0,0.5,0.5,0.5,0.75,0.5,0.5,0.75,0.0
3155,0.67,0.5,0.0,0.75,0.25,0.0,0.67,1.0,0.25,0.25,0.75,0.0,0.0,0.75,1.0,0.0,0.25,0.25,0.75,0.0,1.0,0.75,0.0,0.0,0.25,0.25,0.0,1.0,0.75,0.0,0.75,0.0,0.75,1.0,0.0,1.0,0.0,0.0,1.0,0.25,0.75,0.75,0.0,1.0,1.0,0.25,0.25,0.0,0.25,0.0,0.0,1.0,0.75,0.25,1.0,0.25,0.75,1.0,1.0,1.0,1.0,1.0,0.0,0.0,0.75,0.75,0.75,0.5,0.25,0.5,1.0,0.5,0.5,0.75,0.25
3156,0.17,0.33,0.67,0.0,0.25,0.75,0.17,0.75,0.25,0.0,1.0,0.75,0.0,0.25,0.0,0.25,0.0,0.0,0.25,0.0,1.0,0.25,0.0,1.0,0.0,0.75,0.75,0.25,0.25,0.0,0.0,1.0,0.25,1.0,0.0,1.0,0.0,0.75,0.25,0.25,1.0,1.0,0.25,0.0,0.0,1.0,1.0,0.0,0.75,0.75,0.0,0.0,0.0,0.25,0.0,0.25,0.0,0.0,1.0,0.25,0.83,0.5,0.33,0.0,0.0,0.0,0.0,0.25,0.75,0.75,0.75,0.25,0.75,0.5,1.0
3162,0.0,1.0,0.0,1.0,1.0,0.0,1.0,0.0,1.0,1.0,0.0,0.0,1.0,0.0,1.0,0.25,1.0,0.0,1.0,0.25,1.0,1.0,1.0,0.25,1.0,0.0,0.0,1.0,0.25,1.0,0.75,0.0,0.0,1.0,1.0,0.0,1.0,1.0,0.0,1.0,1.0,0.25,1.0,1.0,1.0,1.0,0.0,1.0,0.0,1.0,1.0,1.0,1.0,1.0,0.25,0.75,1.0,1.0,0.0,0.0,0.0,0.33,1.0,0.0,0.0,1.0,0.75,0.75,0.0,0.5,1.0,0.75,0.0,1.0,0.5
3164,0.83,0.5,1.0,0.75,0.75,0.0,0.0,0.75,0.75,0.25,1.0,0.25,0.0,0.0,0.75,0.0,0.0,0.0,0.75,0.0,1.0,1.0,0.25,0.0,0.0,0.25,0.0,1.0,1.0,1.0,0.25,0.0,0.0,1.0,0.0,1.0,0.0,0.0,1.0,0.0,0.0,1.0,0.0,1.0,1.0,1.0,1.0,0.25,0.0,0.0,0.25,0.0,1.0,0.0,1.0,0.0,0.0,0.0,1.0,1.0,1.0,1.0,0.67,0.0,1.0,0.0,1.0,0.5,0.75,0.75,0.75,0.25,0.5,0.5,0.5
3165,0.83,0.67,0.0,0.75,0.75,0.0,0.67,0.25,1.0,1.0,0.0,0.0,1.0,1.0,1.0,0.0,0.75,0.75,0.0,1.0,0.0,1.0,0.75,0.0,0.0,0.0,0.0,1.0,0.0,0.75,0.0,0.0,1.0,1.0,1.0,1.0,0.25,0.75,1.0,0.75,1.0,0.75,1.0,1.0,1.0,1.0,0.0,1.0,0.75,1.0,1.0,0.25,0.75,0.0,0.0,0.0,1.0,1.0,0.25,1.0,0.67,0.67,0.67,0.0,0.0,0.75,0.75,0.5,0.25,0.75,0.75,0.5,0.5,0.75,0.25
3166,0.67,0.33,0.17,0.75,0.75,0.25,0.83,0.75,0.75,0.0,0.25,0.0,0.75,0.25,0.75,0.75,1.0,0.75,0.75,0.0,0.75,0.75,0.25,0.75,0.75,0.75,0.25,1.0,0.25,0.75,1.0,0.25,0.75,0.75,0.75,0.0,1.0,1.0,0.25,0.75,0.75,0.75,0.75,0.25,0.75,1.0,0.75,0.75,0.25,1.0,0.25,0.75,0.25,0.75,0.75,0.0,0.75,0.25,1.0,1.0,0.67,0.33,0.67,0.25,0.75,0.25,0.75,0.25,0.75,0.75,0.75,0.25,0.75,0.75,1.0
3167,0.83,0.0,0.0,1.0,1.0,0.0,0.5,1.0,0.75,0.75,1.0,0.25,0.25,0.75,0.75,0.75,0.25,1.0,1.0,0.25,1.0,0.75,1.0,0.0,0.75,0.0,0.0,1.0,1.0,0.75,0.75,0.75,0.0,1.0,0.25,1.0,0.0,0.75,1.0,0.25,0.0,0.25,0.25,1.0,1.0,1.0,0.0,1.0,0.0,0.75,1.0,1.0,1.0,1.0,0.0,1.0,1.0,0.75,1.0,1.0,1.0,1.0,1.0,0.25,1.0,0.0,1.0,0.5,0.5,0.5,0.75,0.5,0.0,0.75,0.0
3168,0.17,0.33,0.33,0.75,1.0,0.0,0.33,1.0,0.25,0.75,1.0,0.25,0.0,0.75,0.75,0.75,0.25,0.75,0.75,0.0,0.75,0.25,1.0,0.0,0.75,0.25,0.0,1.0,0.25,0.25,1.0,0.75,0.25,1.0,0.0,1.0,0.25,0.25,1.0,0.25,0.25,0.75,0.25,0.75,1.0,0.75,0.0,1.0,0.0,0.75,1.0,1.0,1.0,1.0,0.75,0.75,1.0,0.75,0.0,0.75,0.83,0.83,0.83,0.0,1.0,0.75,1.0,0.75,0.25,0.5,0.75,0.5,0.25,0.75,0.25
3169,0.67,0.17,0.33,1.0,1.0,0.0,0.67,0.75,0.75,1.0,1.0,0.0,1.0,0.0,1.0,1.0,1.0,1.0,1.0,1.0,1.0,1.0,1.0,0.0,1.0,0.0,0.0,1.0,1.0,1.0,1.0,0.0,0.0,1.0,1.0,1.0,1.0,1.0,1.0,1.0,1.0,1.0,1.0,1.0,1.0,1.0,0.0,1.0,0.0,1.0,1.0,1.0,1.0,1.0,1.0,1.0,1.0,1.0,0.25,0.0,0.67,0.67,1.0,1.0,1.0,1.0,1.0,0.75,0.25,0.25,0.75,0.75,0.75,0.75,0.25
3170,1.0,0.5,0.0,0.75,1.0,0.0,0.5,0.75,1.0,0.75,0.75,0.25,0.75,0.75,1.0,0.75,0.25,0.75,0.25,0.0,0.75,1.0,0.75,0.0,0.25,0.25,0.25,1.0,0.75,0.75,0.75,0.0,0.0,0.75,0.0,1.0,0.25,0.25,1.0,0.25,0.0,1.0,0.25,1.0,1.0,1.0,1.0,1.0,0.0,1.0,1.0,1.0,1.0,1.0,1.0,0.75,0.75,0.25,1.0,1.0,1.0,1.0,0.83,0.0,1.0,0.25,1.0,0.5,0.5,0.5,0.75,0.5,0.5,0.5,0.5
3171,0.17,0.33,0.17,0.75,0.75,0.0,0.67,1.0,0.75,0.25,0.75,0.25,0.0,0.75,0.75,0.25,0.0,0.75,1.0,0.25,0.75,0.25,0.75,0.25,0.75,1.0,0.0,1.0,0.25,0.25,0.75,0.75,0.25,1.0,0.75,0.75,0.25,0.75,0.75,0.0,0.25,0.75,0.75,1.0,1.0,1.0,0.0,1.0,0.0,1.0,1.0,1.0,1.0,1.0,0.75,1.0,0.25,0.25,1.0,1.0,0.67,0.33,1.0,0.25,1.0,1.0,0.25,0.75,0.5,0.5,0.75,0.5,0.25,0.75,0.0
3173,0.0,0.17,0.17,1.0,0.75,0.0,1.0,0.0,1.0,1.0,0.0,0.0,1.0,0.0,0.75,0.75,1.0,0.0,1.0,0.0,1.0,1.0,1.0,0.0,1.0,0.25,0.0,0.75,0.75,1.0,0.0,0.0,0.0,1.0,1.0,0.25,1.0,0.75,0.0,1.0,1.0,0.25,1.0,1.0,1.0,1.0,0.0,0.75,0.25,1.0,1.0,1.0,1.0,1.0,0.75,0.75,1.0,1.0,0.0,0.75,0.17,0.5,0.83,1.0,0.75,1.0,1.0,1.0,0.0,0.5,0.75,0.75,0.25,0.75,0.0
3174,0.83,0.5,0.17,0.25,0.25,0.0,0.67,0.25,1.0,0.0,1.0,0.75,0.75,0.75,0.25,0.75,0.0,0.75,0.75,0.0,0.75,0.75,0.75,0.0,0.0,0.25,0.75,0.75,0.75,0.25,0.25,0.25,0.25,0.25,0.75,0.25,0.0,0.25,0.25,0.0,0.25,0.25,0.75,1.0,1.0,1.0,0.25,0.75,1.0,1.0,0.0,0.25,0.25,1.0,0.0,0.25,0.75,0.25,0.75,0.75,0.67,1.0,0.83,0.0,0.25,0.25,1.0,0.5,0.5,0.5,0.5,0.5,0.25,0.5,0.5
3177,0.0,0.0,0.0,1.0,1.0,0.0,1.0,0.0,1.0,1.0,0.0,0.0,1.0,0.0,0.75,0.25,1.0,0.0,1.0,0.75,1.0,0.75,1.0,0.0,1.0,0.0,0.0,1.0,0.75,1.0,0.75,0.0,0.0,1.0,1.0,0.0,1.0,1.0,0.0,1.0,1.0,0.75,1.0,1.0,1.0,1.0,0.0,1.0,0.0,1.0,1.0,1.0,1.0,1.0,0.0,1.0,1.0,1.0,0.0,0.0,0.17,0.33,1.0,0.25,0.0,1.0,1.0,1.0,0.0,0.5,1.0,1.0,0.0,1.0,0.5
3179,0.5,0.67,0.5,0.75,1.0,0.0,1.0,0.0,0.25,1.0,0.0,0.75,1.0,0.0,0.75,0.0,1.0,0.75,1.0,1.0,1.0,1.0,1.0,0.25,0.75,0.0,0.0,1.0,0.25,1.0,0.75,0.0,0.0,0.25,1.0,1.0,1.0,0.75,0.25,1.0,1.0,0.0,0.25,1.0,0.75,1.0,0.0,0.75,0.0,1.0,1.0,1.0,0.25,1.0,0.0,0.0,0.0,1.0,0.0,1.0,0.0,0.0,1.0,0.0,0.0,1.0,0.0,1.0,0.25,0.25,1.0,1.0,0.25,1.0,0.5
3180,0.33,0.67,0.83,0.0,0.0,1.0,0.0,1.0,0.0,0.0,1.0,1.0,0.0,1.0,0.0,0.0,0.0,0.0,0.0,0.0,0.0,0.75,0.0,1.0,0.0,1.0,1.0,0.75,0.75,0.0,1.0,1.0,0.75,1.0,0.0,1.0,0.0,0.0,1.0,0.0,0.0,1.0,0.0,0.0,0.0,0.0,1.0,0.0,1.0,0.25,0.0,0.0,0.0,0.0,0.0,0.0,0.0,0.0,1.0,1.0,1.0,0.83,0.17,0.0,1.0,0.0,0.0,0.0,0.75,0.75,0.75,0.0,1.0,0.0,0.75
3183,0.33,0.17,0.0,0.75,0.75,0.0,0.5,1.0,1.0,0.75,1.0,0.0,0.75,0.75,0.75,0.75,0.25,0.75,0.25,0.0,1.0,0.75,1.0,0.0,0.75,0.25,0.0,1.0,0.75,0.75,0.75,0.25,0.75,1.0,0.25,0.75,0.0,0.25,1.0,0.0,0.0,0.0,0.0,1.0,1.0,1.0,0.0,1.0,0.0,1.0,1.0,0.75,1.0,1.0,0.75,0.75,1.0,1.0,0.75,0.75,0.67,0.83,1.0,0.25,0.75,0.75,1.0,0.5,0.5,0.5,0.5,0.5,0.0,0.5,0.25
3184,1.0,0.83,0.67,0.75,1.0,0.0,0.5,0.25,0.25,0.0,0.25,0.0,0.0,0.75,0.0,0.75,0.0,1.0,0.75,0.25,1.0,0.25,0.25,0.0,0.75,0.0,0.0,1.0,0.25,0.0,0.75,0.25,0.25,1.0,0.0,1.0,0.25,0.75,1.0,0.0,0.75,1.0,0.25,0.75,0.75,1.0,1.0,0.75,0.25,1.0,0.25,1.0,0.75,0.75,1.0,1.0,0.75,0.75,0.25,1.0,0.83,1.0,0.17,0.0,1.0,0.0,0.25,0.5,0.5,0.5,0.75,0.75,0.5,0.5,0.5
3185,1.0,0.33,0.67,0.75,0.75,0.0,0.67,0.75,0.75,0.25,0.75,0.0,0.75,0.75,0.0,0.75,0.0,1.0,0.75,0.0,0.25,0.25,0.0,0.0,0.75,0.25,0.0,0.75,0.0,0.75,0.0,0.0,0.0,0.25,0.0,0.75,0.0,1.0,0.0,0.75,1.0,0.25,0.75,1.0,1.0,1.0,0.25,1.0,0.75,1.0,0.25,0.25,0.25,0.75,0.75,0.25,0.0,0.0,1.0,1.0,0.67,0.67,1.0,0.0,0.75,0.75,0.75,0.75,0.75,0.5,0.5,0.5,0.5,0.5,0.5
3186,1.0,0.33,0.17,0.75,0.75,0.0,0.5,0.75,1.0,1.0,1.0,0.0,0.25,0.0,1.0,0.25,0.0,1.0,0.75,0.0,0.25,0.0,0.25,0.0,0.75,0.0,0.0,1.0,0.75,1.0,0.25,0.25,0.25,0.0,0.25,1.0,0.75,1.0,0.0,0.25,1.0,0.25,1.0,1.0,1.0,1.0,0.0,0.75,0.75,0.25,0.75,0.25,1.0,1.0,1.0,0.0,0.25,1.0,1.0,0.75,0.67,0.67,0.83,0.0,0.75,0.75,0.75,0.5,0.5,0.5,0.5,0.5,0.5,0.75,0.5
3187,1.0,0.33,0.0,1.0,0.75,0.0,0.83,1.0,0.75,0.0,1.0,0.0,0.0,1.0,1.0,1.0,0.0,1.0,0.25,0.0,0.75,0.0,0.0,0.0,1.0,0.0,0.0,0.25,0.0,0.0,1.0,0.0,0.25,1.0,0.75,1.0,0.0,1.0,1.0,0.0,0.75,1.0,0.75,0.75,1.0,1.0,0.0,0.75,0.0,0.75,0.75,0.75,0.25,0.75,1.0,0.75,1.0,0.75,0.0,1.0,0.67,0.67,0.67,0.0,1.0,0.75,1.0,0.5,0.25,0.5,0.75,0.5,0.25,0.75,0.25
3195,0.0,0.0,0.0,1.0,1.0,0.0,1.0,0.0,1.0,1.0,0.0,0.0,1.0,0.0,1.0,0.0,1.0,0.0,1.0,0.0,1.0,1.0,1.0,0.0,1.0,0.0,0.0,1.0,0.0,1.0,1.0,0.0,0.0,1.0,1.0,0.0,1.0,1.0,0.0,1.0,1.0,0.0,1.0,1.0,1.0,1.0,0.0,1.0,0.0,1.0,1.0,1.0,1.0,1.0,0.0,1.0,0.25,1.0,0.0,0.0,0.0,0.17,1.0,0.0,0.0,1.0,1.0,0.75,0.0,0.5,0.75,0.75,0.0,1.0,0.75
3198,0.83,0.0,0.0,1.0,1.0,0.0,1.0,0.0,1.0,1.0,1.0,0.0,1.0,0.0,0.0,0.0,1.0,0.0,1.0,0.0,1.0,1.0,1.0,0.0,1.0,0.0,0.0,1.0,1.0,1.0,1.0,0.0,1.0,1.0,1.0,1.0,1.0,1.0,0.0,1.0,1.0,0.0,1.0,1.0,1.0,1.0,0.0,1.0,0.0,1.0,1.0,1.0,1.0,1.0,1.0,1.0,1.0,1.0,0.0,0.0,0.0,0.67,1.0,1.0,0.0,1.0,1.0,1.0,0.0,0.5,1.0,1.0,0.0,1.0,0.5
3199,0.0,0.0,0.0,1.0,1.0,0.0,1.0,0.0,1.0,1.0,0.0,0.0,1.0,0.0,0.75,0.25,1.0,0.0,1.0,0.25,1.0,1.0,1.0,0.0,1.0,0.0,0.0,1.0,0.25,1.0,0.75,0.0,0.0,1.0,1.0,0.0,1.0,1.0,0.0,1.0,1.0,0.25,1.0,1.0,1.0,1.0,0.0,1.0,0.0,1.0,1.0,1.0,1.0,1.0,0.25,1.0,1.0,1.0,0.0,0.0,0.0,0.5,1.0,0.25,0.0,1.0,1.0,1.0,0.0,0.5,1.0,0.75,0.0,1.0,0.5
3201,0.83,0.17,0.83,0.75,0.75,0.0,0.83,0.75,0.75,0.25,0.25,0.75,0.75,0.75,0.25,0.75,1.0,0.75,0.75,0.0,0.25,0.0,0.0,0.0,0.0,0.75,0.75,1.0,0.25,1.0,0.75,0.25,0.25,1.0,0.75,0.0,0.25,0.75,0.0,1.0,0.75,1.0,1.0,0.75,0.25,0.75,1.0,0.0,0.25,1.0,0.75,1.0,0.75,1.0,0.75,0.0,0.25,0.75,1.0,0.75,0.33,0.83,0.67,0.0,0.75,0.75,0.75,0.25,0.25,0.75,0.75,0.25,0.75,0.75,0.25
3204,0.67,0.0,0.33,1.0,1.0,0.0,0.67,0.0,1.0,1.0,0.0,0.0,1.0,0.0,0.75,0.75,0.75,0.75,1.0,0.0,1.0,0.75,1.0,0.0,0.75,0.0,0.0,1.0,0.25,1.0,1.0,0.0,0.0,1.0,0.75,0.25,0.75,0.75,0.0,0.75,0.75,0.0,1.0,1.0,1.0,1.0,0.0,1.0,0.25,1.0,1.0,1.0,1.0,1.0,0.25,1.0,1.0,1.0,0.0,0.25,0.33,0.67,1.0,0.0,1.0,1.0,1.0,1.0,0.0,0.75,1.0,0.75,0.0,0.75,0.75
3206,0.0,0.0,0.67,1.0,1.0,0.0,1.0,0.75,0.75,1.0,0.0,0.0,1.0,0.0,1.0,0.75,1.0,1.0,1.0,1.0,0.75,1.0,1.0,0.0,1.0,0.0,0.0,1.0,0.75,1.0,1.0,0.0,0.25,1.0,1.0,0.0,0.25,1.0,0.0,0.75,1.0,0.0,1.0,1.0,1.0,1.0,0.0,1.0,0.0,1.0,1.0,1.0,1.0,1.0,0.0,1.0,1.0,1.0,0.0,0.25,0.33,0.0,1.0,1.0,0.0,1.0,1.0,1.0,0.0,0.5,0.25,0.5,0.0,1.0,1.0
3208,1.0,0.0,0.0,0.75,0.75,0.0,1.0,1.0,1.0,1.0,1.0,1.0,1.0,1.0,1.0,1.0,0.0,1.0,1.0,0.0,1.0,1.0,0.25,0.0,0.0,0.0,0.0,1.0,1.0,0.75,1.0,0.0,0.25,1.0,1.0,1.0,0.0,1.0,1.0,0.0,0.75,1.0,1.0,1.0,1.0,1.0,0.0,1.0,0.0,1.0,1.0,1.0,1.0,1.0,0.75,0.0,1.0,1.0,0.0,1.0,0.83,0.83,1.0,0.0,0.75,1.0,1.0,0.75,0.0,0.5,1.0,0.25,0.0,1.0,0.0
3209,1.0,0.17,0.0,1.0,0.75,0.0,1.0,0.0,1.0,1.0,0.0,0.0,1.0,0.0,1.0,0.25,0.75,0.0,1.0,0.25,1.0,1.0,1.0,0.0,1.0,0.0,0.0,1.0,0.25,1.0,0.25,0.0,0.0,1.0,1.0,0.25,1.0,1.0,0.0,1.0,1.0,0.25,1.0,1.0,1.0,1.0,0.0,1.0,0.0,1.0,1.0,1.0,1.0,1.0,0.75,0.75,1.0,1.0,0.25,0.75,0.0,0.5,1.0,0.25,0.0,1.0,1.0,0.75,0.25,0.5,1.0,0.75,0.0,1.0,0.5
3210,1.0,0.0,0.33,0.75,0.0,0.0,0.5,0.25,1.0,0.75,0.75,0.0,0.25,1.0,0.0,0.0,0.0,1.0,0.75,0.75,0.25,1.0,0.0,0.0,0.25,0.0,0.0,0.75,0.0,1.0,0.75,0.25,0.25,0.0,0.75,0.75,0.0,1.0,0.0,0.75,1.0,0.0,1.0,1.0,1.0,1.0,0.25,0.25,0.0,1.0,0.75,1.0,0.75,0.75,0.75,1.0,0.0,1.0,1.0,1.0,0.67,0.67,0.67,0.0,0.75,0.75,0.75,0.5,0.5,0.5,0.75,0.5,0.5,0.5,0.5
3211,1.0,0.33,0.33,0.25,0.0,0.0,0.67,0.0,1.0,0.0,0.75,0.0,0.25,0.0,0.25,0.75,0.0,1.0,0.75,0.0,0.75,0.25,0.0,0.0,0.25,0.0,0.0,0.25,0.0,0.25,0.0,0.25,0.0,0.0,0.25,1.0,0.0,1.0,0.0,0.75,1.0,0.75,1.0,0.75,0.75,1.0,0.25,0.0,1.0,1.0,0.0,0.0,0.0,0.75,0.25,0.0,0.0,0.25,1.0,1.0,0.5,1.0,0.33,0.0,0.75,0.25,0.75,0.5,0.5,0.5,0.5,0.5,0.5,0.5,0.5
3212,1.0,1.0,1.0,0.0,0.0,1.0,0.0,0.0,0.0,0.0,0.0,1.0,0.0,0.25,0.0,0.0,0.0,1.0,0.0,0.0,0.75,0.0,0.0,1.0,0.0,1.0,1.0,0.0,0.0,0.0,0.0,1.0,0.0,0.0,0.0,0.0,0.0,1.0,0.0,0.0,0.0,0.0,0.0,0.0,0.0,0.0,1.0,0.0,0.0,1.0,0.0,0.0,0.0,0.0,0.0,0.0,0.0,0.0,1.0,1.0,1.0,0.83,0.0,0.0,1.0,0.0,0.0,0.0,1.0,1.0,0.75,0.0,1.0,0.0,1.0
3213,0.83,0.33,0.17,0.25,0.75,0.0,0.0,1.0,0.25,0.0,0.75,0.25,0.0,0.25,0.25,0.0,0.0,0.0,0.75,0.0,0.75,0.25,0.0,0.0,0.0,0.25,0.25,0.75,0.75,0.0,0.25,0.75,0.25,1.0,0.0,1.0,0.0,0.25,1.0,0.0,0.75,1.0,0.0,0.25,0.0,0.25,0.75,0.0,0.25,0.0,0.0,0.25,0.25,0.0,0.75,0.0,0.0,0.25,1.0,1.0,1.0,0.83,0.0,0.0,1.0,0.25,0.75,0.25,0.75,0.75,0.75,0.25,0.5,0.5,0.5
3215,0.67,0.17,0.0,1.0,0.25,0.0,0.83,1.0,0.75,0.0,1.0,0.25,0.0,1.0,1.0,0.25,0.0,0.75,1.0,0.0,0.75,0.0,0.75,0.0,1.0,0.0,0.0,0.75,0.0,0.75,1.0,0.0,0.0,1.0,0.25,1.0,0.75,0.25,0.75,0.0,0.0,1.0,0.75,0.75,1.0,1.0,0.75,1.0,1.0,0.0,1.0,1.0,0.0,0.75,0.75,0.0,0.0,0.0,1.0,0.75,0.83,0.83,0.33,0.0,1.0,0.0,0.0,0.5,0.75,0.5,1.0,0.25,0.5,0.75,0.0
3216,0.83,0.5,0.0,0.75,1.0,0.0,0.33,1.0,0.75,0.25,0.75,0.25,0.25,0.0,0.0,0.0,0.25,0.25,1.0,0.0,1.0,1.0,0.25,0.0,0.0,0.25,0.0,1.0,0.75,1.0,1.0,0.25,0.0,1.0,0.0,1.0,0.25,0.25,1.0,0.0,0.75,0.75,0.25,0.75,0.75,1.0,0.75,0.25,0.25,0.75,0.25,1.0,0.75,0.75,0.75,0.0,0.0,0.25,1.0,1.0,0.83,0.83,0.5,0.0,1.0,0.25,1.0,0.5,0.75,0.75,0.75,0.5,0.5,0.5,0.5
3217,0.83,0.83,0.17,0.0,0.75,0.0,0.33,1.0,0.0,0.0,1.0,1.0,0.0,1.0,0.75,0.0,0.0,0.0,0.75,0.0,1.0,0.0,0.0,0.0,0.0,0.75,0.0,1.0,1.0,0.75,0.25,0.75,0.25,1.0,0.0,1.0,0.0,0.0,1.0,0.0,0.0,1.0,0.0,0.0,0.25,0.0,0.75,0.0,0.25,0.75,0.0,0.0,0.0,0.0,1.0,0.0,1.0,0.0,1.0,1.0,0.67,0.83,0.0,0.0,0.75,0.0,0.75,0.5,0.75,0.75,0.75,0.5,0.5,0.75,0.5
3218,0.67,0.5,0.0,0.75,1.0,0.0,0.0,0.75,0.75,0.0,0.75,0.25,0.0,0.25,0.0,0.0,0.0,0.25,0.75,0.0,1.0,0.75,0.0,0.0,0.0,0.0,0.0,1.0,0.25,0.75,0.75,0.0,0.75,1.0,0.25,1.0,0.0,0.0,1.0,0.0,0.25,1.0,0.25,0.25,1.0,0.75,0.25,0.75,0.25,0.25,0.25,0.25,1.0,0.25,1.0,0.0,0.25,0.25,1.0,1.0,1.0,1.0,0.5,0.0,1.0,0.75,1.0,0.5,0.5,0.5,0.75,0.5,0.5,0.5,0.5
3219,0.83,0.5,0.0,0.75,1.0,0.0,0.83,1.0,1.0,0.75,0.75,0.25,0.75,0.0,0.0,0.0,0.75,1.0,1.0,1.0,1.0,1.0,0.75,0.0,0.75,0.0,0.0,0.75,0.25,1.0,0.75,0.25,0.0,1.0,0.75,1.0,0.75,1.0,0.75,0.25,0.25,0.25,1.0,0.75,0.75,1.0,0.0,0.75,1.0,1.0,0.75,1.0,0.75,0.25,1.0,0.75,0.75,0.75,0.75,1.0,0.67,0.5,0.67,0.0,0.75,0.75,1.0,0.5,0.25,0.75,1.0,0.5,0.25,0.75,0.25
3220,0.83,0.17,0.17,0.75,0.0,0.0,0.5,1.0,1.0,0.75,0.25,0.0,0.75,0.25,1.0,0.75,0.25,1.0,0.75,0.0,0.75,1.0,0.0,0.0,0.0,0.0,0.0,1.0,0.25,0.75,0.25,0.25,1.0,0.0,0.0,0.75,0.0,0.75,1.0,0.75,0.75,1.0,1.0,1.0,1.0,0.75,0.25,0.25,0.75,1.0,0.75,1.0,0.75,0.0,0.75,0.0,1.0,0.25,1.0,1.0,0.83,0.67,0.17,0.0,1.0,0.75,1.0,0.5,0.5,0.5,0.75,0.5,0.5,0.75,0.5
3221,1.0,0.33,0.5,0.25,0.0,0.0,0.5,0.25,1.0,0.0,1.0,0.25,0.25,0.0,0.25,0.75,0.0,1.0,0.75,0.0,0.25,0.25,0.0,0.0,0.25,0.0,0.25,0.25,0.25,1.0,0.25,0.25,0.25,0.0,0.25,0.75,0.0,0.75,0.0,0.25,0.75,0.75,1.0,0.75,0.75,1.0,0.25,0.25,0.75,1.0,0.75,0.25,0.75,0.75,0.25,0.0,0.0,0.25,1.0,0.25,0.67,0.67,0.67,0.0,0.75,0.25,0.75,0.5,0.5,0.5,0.5,0.5,0.5,0.5,0.5
3222,0.67,0.5,0.17,0.0,0.75,0.0,0.67,0.25,0.75,0.75,0.75,0.0,0.25,0.25,0.25,0.25,0.0,0.75,0.25,0.25,0.25,1.0,0.0,0.0,0.75,0.25,0.0,1.0,0.25,0.25,0.25,0.25,0.0,0.75,0.25,0.75,0.0,0.75,0.25,0.0,0.75,0.25,0.75,0.0,0.25,1.0,0.75,0.25,0.75,1.0,0.75,0.75,0.25,0.75,1.0,0.0,0.75,0.75,0.75,0.25,0.67,0.83,0.83,0.75,1.0,0.75,0.75,0.5,0.5,0.5,0.5,0.75,0.5,0.75,0.5
3223,1.0,1.0,0.33,0.75,1.0,0.0,1.0,0.25,1.0,1.0,0.0,0.0,0.75,0.0,0.75,1.0,0.75,1.0,1.0,0.25,1.0,0.75,0.0,0.25,0.25,1.0,1.0,1.0,0.25,1.0,1.0,1.0,0.75,0.0,0.25,0.75,1.0,1.0,0.0,1.0,1.0,0.0,0.25,0.0,0.0,1.0,1.0,0.0,0.0,0.0,1.0,1.0,1.0,0.25,1.0,0.0,1.0,1.0,0.0,1.0,1.0,1.0,1.0,0.0,0.25,1.0,1.0,1.0,0.25,0.75,1.0,0.25,0.5,1.0,0.0
3224,0.67,0.33,0.33,0.75,1.0,0.0,0.67,0.25,0.75,0.75,1.0,0.0,0.75,0.75,1.0,0.25,0.75,0.75,0.75,0.0,0.75,0.25,1.0,0.0,0.75,0.25,0.25,1.0,0.25,0.75,1.0,0.0,0.25,1.0,1.0,0.25,1.0,0.75,0.0,1.0,0.25,0.75,1.0,1.0,1.0,1.0,0.25,0.75,0.0,0.75,0.75,1.0,1.0,1.0,0.75,0.25,0.0,0.75,0.25,0.75,0.33,0.67,1.0,0.25,0.75,1.0,0.75,0.75,0.25,0.75,1.0,0.75,0.25,0.75,0.5
3226,0.67,0.0,0.0,1.0,1.0,0.0,1.0,0.0,1.0,1.0,0.0,0.0,1.0,0.0,0.0,0.0,1.0,0.75,1.0,0.0,1.0,0.75,1.0,0.0,1.0,0.0,0.0,1.0,0.25,1.0,0.75,0.0,0.0,1.0,1.0,0.25,1.0,1.0,0.25,1.0,1.0,0.75,1.0,1.0,1.0,1.0,0.0,1.0,0.0,1.0,1.0,1.0,1.0,1.0,0.75,1.0,1.0,1.0,0.25,0.75,0.17,0.33,1.0,0.0,0.75,1.0,1.0,0.75,0.0,0.75,1.0,0.75,0.0,1.0,0.5
3227,0.67,0.33,0.17,0.75,0.25,0.0,0.83,0.0,1.0,1.0,0.0,0.0,1.0,0.0,1.0,1.0,1.0,0.0,1.0,0.75,0.75,0.75,1.0,0.0,1.0,0.0,0.0,1.0,1.0,1.0,0.75,1.0,0.0,1.0,1.0,1.0,1.0,0.75,0.0,0.75,0.75,0.25,0.75,1.0,1.0,1.0,0.0,0.75,0.0,1.0,1.0,0.75,1.0,1.0,1.0,1.0,1.0,1.0,0.0,1.0,0.17,0.67,1.0,0.25,0.75,1.0,1.0,1.0,0.0,0.25,1.0,0.75,0.0,1.0,0.5
3228,0.17,0.0,0.0,1.0,1.0,0.0,1.0,0.0,1.0,1.0,0.0,0.0,1.0,0.0,1.0,1.0,1.0,0.75,1.0,0.0,1.0,0.75,1.0,0.0,1.0,0.0,0.0,1.0,0.25,1.0,0.25,0.0,0.0,1.0,1.0,0.75,1.0,0.75,0.0,1.0,0.75,1.0,1.0,1.0,1.0,1.0,0.0,1.0,0.0,1.0,1.0,1.0,1.0,1.0,1.0,0.75,1.0,1.0,0.0,0.75,0.0,0.33,1.0,0.75,0.0,1.0,1.0,0.5,0.0,0.25,1.0,0.75,0.0,1.0,0.0
3229,1.0,0.17,0.0,1.0,0.75,0.0,0.83,0.0,1.0,1.0,0.0,0.0,1.0,0.0,1.0,1.0,1.0,0.0,1.0,0.0,1.0,1.0,1.0,0.0,1.0,0.0,0.0,1.0,0.75,1.0,1.0,0.0,0.0,1.0,1.0,0.25,1.0,1.0,0.0,1.0,1.0,1.0,1.0,1.0,1.0,1.0,0.0,1.0,0.0,1.0,1.0,1.0,1.0,1.0,1.0,0.75,1.0,1.0,0.0,0.25,0.17,0.5,1.0,0.75,0.75,1.0,1.0,0.5,0.0,0.75,1.0,0.75,0.0,0.75,0.25
3230,0.33,0.33,0.0,1.0,1.0,0.0,1.0,0.0,1.0,1.0,0.25,0.0,1.0,0.25,0.75,0.0,1.0,0.25,1.0,0.0,1.0,0.75,1.0,0.0,1.0,0.0,0.25,1.0,0.25,1.0,1.0,0.25,0.25,1.0,1.0,0.75,1.0,1.0,0.25,1.0,0.75,0.25,0.75,1.0,1.0,1.0,0.0,1.0,0.0,1.0,1.0,0.75,1.0,1.0,0.25,1.0,1.0,1.0,0.25,0.25,0.17,0.5,1.0,1.0,0.25,1.0,1.0,0.75,0.0,0.25,0.75,0.75,0.0,1.0,0.5
3231,0.0,0.0,0.0,1.0,1.0,0.0,1.0,0.0,1.0,1.0,0.0,0.0,1.0,0.0,0.75,0.75,1.0,0.0,1.0,0.0,1.0,1.0,1.0,0.0,1.0,0.0,0.0,1.0,1.0,1.0,0.75,0.0,0.0,1.0,1.0,0.25,1.0,1.0,0.0,1.0,1.0,0.75,1.0,1.0,1.0,1.0,0.25,0.25,0.0,1.0,0.75,1.0,1.0,1.0,0.75,1.0,1.0,1.0,0.0,0.25,0.17,0.83,1.0,1.0,0.25,1.0,1.0,1.0,0.0,0.5,1.0,1.0,0.25,1.0,0.0
3232,0.0,0.0,0.0,1.0,1.0,0.0,1.0,0.0,1.0,1.0,0.0,0.0,1.0,0.0,1.0,0.25,1.0,0.0,1.0,0.0,1.0,1.0,1.0,0.0,1.0,0.0,0.0,1.0,0.0,1.0,1.0,0.0,0.0,1.0,1.0,0.25,1.0,1.0,0.0,1.0,1.0,0.75,1.0,1.0,1.0,1.0,0.0,1.0,0.0,1.0,1.0,1.0,1.0,1.0,1.0,1.0,1.0,1.0,0.0,0.25,0.0,0.83,1.0,1.0,0.75,1.0,1.0,1.0,0.0,0.25,1.0,1.0,0.0,1.0,0.0
3233,0.0,0.0,0.0,1.0,1.0,0.0,1.0,0.0,1.0,1.0,0.25,0.0,1.0,0.0,1.0,0.25,1.0,0.25,1.0,0.0,1.0,1.0,1.0,0.0,0.75,0.0,0.0,1.0,0.0,1.0,1.0,0.0,0.0,1.0,1.0,0.0,1.0,1.0,0.0,1.0,1.0,0.0,1.0,1.0,1.0,1.0,0.0,1.0,0.0,1.0,1.0,1.0,1.0,1.0,0.0,1.0,1.0,1.0,0.0,0.0,0.33,1.0,1.0,0.0,0.75,1.0,1.0,0.75,0.0,0.5,1.0,0.75,0.0,1.0,0.25
3234,0.17,0.0,0.0,1.0,1.0,0.0,1.0,0.0,1.0,1.0,0.0,0.0,1.0,0.0,1.0,0.25,1.0,1.0,1.0,0.25,1.0,1.0,1.0,0.0,0.75,0.0,0.0,1.0,1.0,1.0,1.0,0.0,0.0,0.75,1.0,0.0,1.0,1.0,0.0,1.0,1.0,0.75,1.0,1.0,1.0,1.0,0.25,0.75,0.0,1.0,1.0,1.0,0.75,1.0,0.75,0.75,0.0,1.0,0.25,0.75,0.0,0.17,1.0,0.25,0.25,1.0,1.0,0.75,0.5,0.5,1.0,0.75,0.25,1.0,0.75
3235,0.17,0.0,0.17,1.0,0.75,0.0,1.0,0.0,1.0,1.0,0.0,0.0,1.0,0.0,1.0,0.25,1.0,0.0,1.0,0.25,1.0,1.0,1.0,0.0,1.0,0.0,0.0,1.0,0.25,1.0,0.25,0.0,0.0,1.0,1.0,0.0,1.0,1.0,0.0,1.0,1.0,0.25,1.0,1.0,1.0,1.0,0.25,0.75,0.0,1.0,0.75,1.0,1.0,1.0,1.0,1.0,1.0,1.0,0.0,0.25,0.17,0.67,1.0,0.75,1.0,1.0,1.0,1.0,0.0,0.5,1.0,1.0,0.5,1.0,0.5
3237,0.0,0.0,0.0,1.0,1.0,0.0,0.83,0.0,1.0,1.0,0.0,0.0,1.0,0.0,1.0,1.0,1.0,0.0,1.0,0.0,1.0,0.75,1.0,0.0,1.0,0.0,0.0,1.0,0.75,1.0,0.25,0.0,1.0,1.0,1.0,0.0,1.0,0.25,0.0,0.75,1.0,1.0,1.0,1.0,1.0,1.0,0.0,1.0,0.0,1.0,1.0,0.75,1.0,1.0,0.0,1.0,1.0,1.0,0.0,0.0,0.5,0.83,1.0,0.75,0.25,1.0,1.0,1.0,0.0,0.5,1.0,0.75,0.0,1.0,0.5
3238,1.0,0.17,0.17,0.75,0.25,0.0,1.0,0.0,1.0,1.0,0.0,1.0,1.0,0.0,0.75,0.25,1.0,0.25,1.0,0.0,1.0,0.75,1.0,0.25,0.75,0.25,0.0,1.0,0.75,1.0,0.75,0.0,1.0,0.75,1.0,0.75,1.0,0.75,0.0,1.0,1.0,0.0,1.0,0.75,0.75,1.0,0.0,0.25,1.0,1.0,1.0,1.0,0.75,1.0,0.75,1.0,1.0,1.0,0.0,0.75,0.0,0.33,1.0,0.25,0.25,1.0,1.0,1.0,0.5,0.75,1.0,1.0,0.5,1.0,0.5
3239,0.0,0.0,0.0,1.0,1.0,0.0,1.0,0.0,1.0,1.0,0.0,0.0,1.0,0.0,1.0,0.75,1.0,0.0,1.0,0.0,1.0,1.0,1.0,0.0,1.0,0.0,0.0,1.0,0.75,1.0,0.0,0.0,0.0,1.0,1.0,0.0,1.0,1.0,0.0,1.0,1.0,0.75,1.0,1.0,1.0,1.0,0.0,0.75,0.0,1.0,0.75,1.0,1.0,1.0,1.0,0.75,1.0,1.0,0.0,0.25,0.0,0.0,1.0,0.0,0.0,1.0,1.0,1.0,0.0,0.5,1.0,1.0,0.25,1.0,0.5
3240,0.33,0.17,0.0,1.0,0.75,0.0,1.0,0.25,1.0,1.0,0.0,0.0,1.0,0.0,0.25,0.25,1.0,0.25,1.0,0.25,1.0,1.0,1.0,0.0,1.0,0.0,0.0,1.0,0.25,1.0,0.75,0.0,0.0,1.0,1.0,0.0,1.0,1.0,0.0,1.0,1.0,0.25,0.75,1.0,1.0,1.0,0.0,0.75,0.0,1.0,1.0,1.0,1.0,1.0,0.25,1.0,1.0,1.0,0.0,0.25,0.0,0.5,1.0,0.25,0.0,1.0,1.0,0.75,0.0,0.5,0.75,0.75,0.0,0.75,0.5
3242,0.0,1.0,0.83,0.0,0.25,1.0,0.0,0.75,0.0,0.0,0.25,1.0,0.0,0.75,0.0,0.75,0.25,0.25,0.0,0.0,0.0,0.0,0.0,1.0,0.0,1.0,1.0,0.25,0.25,0.0,0.75,1.0,1.0,0.0,0.0,1.0,0.0,0.25,1.0,0.25,0.0,1.0,0.0,0.0,0.0,0.0,1.0,0.0,1.0,0.75,0.0,0.0,0.0,0.0,0.0,0.0,0.0,0.0,1.0,1.0,1.0,0.83,0.0,0.0,1.0,0.0,0.0,0.0,0.75,0.75,0.5,0.0,1.0,0.25,0.5
3243,0.0,0.5,1.0,0.0,0.75,1.0,0.0,1.0,0.0,0.0,1.0,1.0,0.25,1.0,0.0,0.0,0.0,0.0,0.25,0.0,0.0,0.25,0.0,1.0,0.75,1.0,1.0,1.0,1.0,0.0,0.0,1.0,1.0,1.0,0.0,0.75,0.0,0.0,1.0,0.0,0.0,1.0,0.0,0.0,0.0,0.0,1.0,0.0,1.0,0.0,0.0,0.0,0.25,0.0,0.0,0.0,0.0,0.0,1.0,0.25,1.0,1.0,0.83,0.0,1.0,0.0,0.0,0.0,1.0,0.5,0.5,0.25,0.75,0.25,0.5
3245,1.0,0.83,0.67,0.25,0.25,0.25,0.0,1.0,0.0,0.0,0.75,0.25,0.0,1.0,0.25,0.75,0.0,0.75,0.0,0.0,0.0,0.25,0.0,0.75,0.0,1.0,0.75,0.0,0.0,0.0,0.75,0.0,0.0,1.0,1.0,0.75,0.0,0.75,0.75,0.0,0.75,0.75,0.75,0.25,0.0,0.25,1.0,0.25,1.0,1.0,0.0,0.0,0.0,0.0,0.75,0.25,0.0,0.0,1.0,1.0,1.0,0.83,0.5,0.0,0.75,0.25,0.0,0.25,0.5,0.5,0.5,0.5,0.5,0.5,0.5
3246,0.33,0.33,0.17,0.0,0.75,0.25,0.17,0.0,1.0,0.75,0.75,0.25,0.75,0.75,0.25,1.0,0.75,0.75,0.0,0.75,0.0,1.0,0.75,1.0,0.25,0.25,0.0,1.0,0.75,0.75,0.75,0.25,0.25,1.0,0.0,1.0,0.25,0.25,0.75,0.75,0.75,1.0,0.0,0.75,0.0,0.75,0.25,0.0,1.0,0.0,0.0,0.0,0.0,0.25,1.0,0.25,1.0,1.0,1.0,1.0,0.67,0.83,0.17,0.0,1.0,0.25,1.0,0.5,0.5,0.5,0.75,0.5,0.5,0.5,1.0
3247,0.67,0.33,0.67,0.25,0.75,0.75,0.0,0.75,1.0,0.25,0.75,0.75,0.75,0.25,0.75,0.75,0.25,0.75,0.75,0.0,0.75,0.25,0.25,1.0,0.0,1.0,0.75,0.75,0.25,0.25,0.75,0.75,1.0,0.75,0.25,0.75,0.0,0.75,1.0,0.75,0.75,0.25,0.25,0.75,0.25,0.75,0.75,0.25,0.25,0.25,0.75,0.75,0.75,0.0,0.25,0.0,0.75,0.75,1.0,0.75,0.67,0.33,0.33,0.0,0.75,0.75,1.0,0.0,0.75,1.0,1.0,0.0,1.0,0.75,0.75
3249,0.0,0.5,1.0,0.0,0.0,1.0,0.0,0.25,0.0,0.0,0.25,0.75,0.0,0.75,1.0,1.0,0.0,0.25,0.0,0.0,0.0,0.0,0.0,1.0,0.0,1.0,1.0,0.75,1.0,0.0,1.0,1.0,1.0,1.0,0.0,1.0,0.0,0.75,1.0,0.0,0.0,1.0,0.0,0.0,0.0,0.0,1.0,0.0,1.0,0.0,0.0,0.0,0.0,0.0,0.0,0.0,0.0,0.0,1.0,0.0,1.0,0.5,0.0,0.0,1.0,0.0,0.0,0.0,0.5,0.5,0.5,0.5,1.0,0.0,0.5
3251,0.67,0.33,0.17,0.0,0.75,0.0,0.67,1.0,0.75,0.25,1.0,0.25,0.75,0.75,0.25,0.75,0.25,0.75,0.75,0.0,0.75,0.75,0.75,0.0,0.75,0.25,0.0,1.0,0.75,1.0,0.25,0.25,0.75,1.0,0.25,0.75,0.0,0.25,0.75,0.25,0.0,0.25,0.0,1.0,1.0,1.0,0.0,1.0,0.0,1.0,1.0,0.75,1.0,1.0,0.0,0.25,0.25,0.75,1.0,0.75,0.83,0.83,0.67,0.25,1.0,0.75,1.0,0.5,0.5,0.5,0.5,0.5,0.25,0.5,0.0
3252,0.17,0.33,0.0,0.75,1.0,0.0,0.5,1.0,1.0,1.0,1.0,0.0,0.75,0.75,0.0,0.25,0.0,0.75,0.75,0.0,0.75,1.0,1.0,0.0,0.25,0.0,0.0,1.0,0.25,1.0,0.25,0.0,0.0,1.0,0.25,1.0,0.0,0.25,0.75,0.25,0.0,0.75,0.25,1.0,1.0,1.0,0.0,1.0,0.0,1.0,1.0,1.0,0.75,1.0,0.25,0.75,1.0,0.75,0.25,0.75,0.83,0.83,1.0,0.0,0.75,0.75,1.0,0.75,0.25,0.5,0.75,0.5,0.0,0.5,0.25
3253,0.67,0.17,0.33,0.25,0.75,0.0,0.33,0.75,0.75,0.75,0.25,0.75,0.75,0.75,1.0,1.0,0.25,1.0,0.75,0.25,0.75,0.75,0.75,0.0,0.75,0.25,0.0,0.75,0.75,0.75,1.0,0.25,0.25,1.0,0.0,0.75,0.0,0.25,0.25,0.25,0.75,0.75,0.75,1.0,1.0,1.0,0.75,0.75,0.0,0.25,0.25,1.0,0.0,1.0,0.75,0.25,0.75,0.25,0.25,1.0,0.33,0.83,0.67,0.25,0.25,0.25,0.0,0.75,0.25,0.75,0.75,0.25,0.5,0.5,0.5
3254,0.67,0.83,0.33,0.75,0.0,0.0,0.67,0.0,0.75,1.0,0.25,0.0,1.0,0.25,0.25,0.75,0.0,1.0,0.25,0.25,0.75,1.0,0.75,0.0,0.25,0.0,0.0,0.0,0.75,1.0,0.75,0.25,0.75,0.75,0.0,1.0,0.75,0.25,1.0,0.25,1.0,1.0,0.25,0.0,0.0,1.0,1.0,0.0,0.0,1.0,0.75,0.0,0.0,0.75,1.0,0.25,0.0,0.25,0.25,1.0,0.33,1.0,0.33,0.75,0.75,0.75,0.25,0.75,0.75,0.75,0.75,0.75,0.75,0.75,0.75
3255,0.33,0.33,0.17,0.75,0.25,0.25,0.67,0.25,0.75,0.25,0.25,0.25,0.75,0.25,0.25,0.75,0.75,0.75,0.75,0.25,0.75,0.75,0.75,0.25,0.75,0.25,0.25,0.75,0.25,0.75,0.75,0.25,0.25,0.25,0.25,0.75,0.75,0.75,0.25,0.75,0.75,0.25,0.75,0.75,0.75,0.75,0.75,0.25,0.25,0.75,0.25,0.75,0.75,0.75,0.75,0.25,0.75,0.75,0.75,0.75,0.33,0.67,0.67,0.25,0.25,0.75,0.75,0.75,0.75,0.75,0.75,0.75,0.25,0.75,0.75
3257,0.67,0.0,0.0,1.0,1.0,0.0,1.0,0.0,1.0,1.0,0.0,0.0,1.0,0.0,0.0,0.0,1.0,0.0,1.0,0.0,1.0,1.0,1.0,0.0,1.0,0.0,0.0,1.0,0.75,1.0,0.75,0.0,0.0,1.0,1.0,0.25,1.0,1.0,0.0,1.0,1.0,0.75,1.0,1.0,1.0,1.0,0.0,0.25,0.0,1.0,0.75,1.0,1.0,1.0,1.0,1.0,1.0,1.0,0.0,0.75,0.17,0.67,1.0,0.75,0.75,1.0,1.0,0.75,0.0,0.5,1.0,0.75,0.0,1.0,0.25
3258,0.0,0.0,0.0,0.75,0.25,0.0,1.0,0.0,1.0,1.0,0.75,0.0,1.0,0.0,1.0,1.0,1.0,0.75,1.0,0.0,1.0,0.75,1.0,0.0,0.75,0.0,0.0,1.0,0.75,1.0,0.75,0.0,0.25,1.0,1.0,0.75,1.0,0.75,1.0,1.0,0.75,1.0,1.0,0.75,1.0,0.75,0.25,0.75,0.25,1.0,0.75,1.0,0.75,1.0,1.0,0.0,1.0,1.0,0.0,0.25,0.5,0.5,1.0,1.0,0.25,1.0,0.0,0.75,0.0,0.5,1.0,1.0,0.5,0.75,0.5
3259,0.33,0.67,0.83,0.25,0.0,1.0,0.5,0.25,0.0,0.0,0.25,0.75,0.0,0.75,0.0,0.0,1.0,1.0,0.75,0.0,1.0,0.0,0.0,0.75,0.0,1.0,0.75,0.0,0.25,0.0,0.0,1.0,1.0,1.0,0.0,1.0,0.0,0.75,1.0,0.75,0.75,0.0,0.75,0.0,0.0,0.0,1.0,0.0,0.75,1.0,0.75,0.25,0.25,0.25,0.0,0.0,0.0,0.0,1.0,1.0,0.67,0.0,0.17,0.0,1.0,0.0,0.0,0.0,1.0,1.0,0.5,0.5,1.0,0.5,0.75
3260,0.17,0.0,0.17,0.0,1.0,0.0,0.0,1.0,0.0,0.0,1.0,0.75,0.0,1.0,1.0,0.75,0.0,0.25,0.0,0.0,0.75,0.75,0.0,0.0,0.0,0.25,0.25,1.0,0.75,0.25,0.75,1.0,1.0,1.0,0.0,1.0,0.0,0.0,1.0,0.0,0.25,1.0,0.0,0.75,1.0,0.25,0.75,0.25,0.75,0.0,0.75,0.75,0.25,0.0,0.25,0.0,0.0,0.0,1.0,0.75,0.83,1.0,0.17,0.0,1.0,0.0,0.0,0.5,0.75,0.5,0.75,0.25,0.5,0.5,0.5
3261,0.0,0.5,0.5,0.25,0.0,0.25,0.5,0.0,1.0,0.25,0.25,0.0,0.25,0.0,0.0,0.0,0.0,1.0,1.0,0.0,0.25,0.75,0.0,0.0,0.25,0.0,0.0,0.75,0.75,0.75,0.75,0.0,0.25,0.0,0.25,0.75,0.0,1.0,0.0,0.75,1.0,0.75,1.0,0.75,0.75,1.0,0.0,0.75,0.75,1.0,0.25,0.25,0.75,0.75,0.25,0.0,0.0,0.25,1.0,1.0,0.33,0.33,0.33,0.0,0.75,0.75,1.0,0.5,0.5,0.5,0.5,0.5,0.5,0.5,0.5
3262,0.83,0.5,0.17,0.75,0.75,0.0,0.5,0.25,1.0,0.25,0.75,0.25,0.25,0.0,1.0,1.0,0.0,1.0,1.0,0.0,0.75,0.25,0.0,0.0,0.25,0.25,0.0,1.0,1.0,0.75,0.25,0.25,0.25,0.25,0.25,0.75,0.25,0.75,0.25,1.0,0.75,1.0,0.75,0.75,0.25,1.0,0.75,0.25,0.25,1.0,0.25,1.0,0.75,0.75,0.75,0.0,0.25,1.0,0.75,0.75,0.67,0.33,0.83,0.0,0.75,0.75,0.75,0.75,0.25,0.5,0.75,0.5,0.5,0.75,0.5
3264,0.67,0.33,0.17,1.0,1.0,0.0,0.67,1.0,0.75,1.0,1.0,0.0,0.75,0.75,1.0,0.75,0.25,0.25,0.75,0.0,1.0,0.75,1.0,0.0,0.25,0.0,0.0,1.0,0.75,0.75,0.75,0.25,0.25,1.0,0.25,1.0,0.0,0.75,1.0,0.25,0.25,0.75,0.25,1.0,1.0,1.0,0.0,0.75,0.0,1.0,1.0,0.75,0.75,1.0,0.0,1.0,1.0,0.75,0.75,0.75,0.83,0.83,1.0,0.75,0.75,0.75,1.0,0.75,0.5,0.5,0.75,0.5,0.0,0.75,0.0
3265,1.0,0.83,1.0,0.0,0.0,0.75,0.33,0.75,0.25,0.0,0.75,0.25,0.0,0.75,1.0,0.75,0.25,0.75,0.0,0.0,0.75,0.0,0.0,1.0,0.0,1.0,1.0,0.0,0.25,0.75,0.75,1.0,0.75,0.75,0.75,0.0,0.0,0.75,0.75,0.25,0.75,1.0,0.25,0.0,0.0,0.75,0.75,0.0,1.0,0.75,0.0,0.0,0.25,0.25,0.25,0.75,0.25,0.25,1.0,0.75,0.67,0.67,0.17,0.0,0.75,0.25,0.25,0.25,1.0,1.0,0.75,0.25,0.75,0.25,1.0
3266,0.67,0.5,0.67,0.25,0.25,0.25,0.67,0.0,0.75,0.75,1.0,1.0,0.75,0.75,1.0,1.0,0.0,0.75,0.75,0.0,0.75,0.25,0.0,0.75,0.25,0.25,0.75,0.25,0.75,0.25,0.25,1.0,0.75,1.0,0.25,1.0,0.25,0.25,0.75,0.25,0.75,0.75,0.75,0.0,0.0,0.75,0.75,0.0,0.25,0.25,0.75,0.75,0.25,0.75,0.75,0.0,1.0,0.25,1.0,0.75,0.67,0.67,0.33,0.0,0.25,0.25,0.25,0.5,0.75,0.75,0.75,0.5,0.75,0.5,0.75
3273,1.0,0.17,0.5,0.25,0.0,0.0,0.5,0.75,1.0,0.25,1.0,0.0,0.25,0.0,1.0,1.0,0.0,1.0,0.75,0.0,0.25,1.0,0.25,0.0,0.25,0.0,0.0,1.0,0.0,0.75,0.25,0.25,0.0,0.0,0.25,1.0,0.0,0.75,0.0,0.25,0.75,0.75,1.0,1.0,1.0,1.0,0.0,0.75,0.25,0.75,0.75,0.75,0.75,1.0,0.25,0.75,1.0,0.0,1.0,0.75,0.83,0.83,0.83,0.0,0.75,0.25,1.0,0.5,0.5,0.5,0.75,0.5,0.5,0.5,0.5
3275,0.67,0.33,0.0,0.75,0.25,0.0,0.17,0.75,0.75,0.25,0.75,0.25,0.25,0.75,1.0,0.75,0.25,0.25,0.25,0.0,0.75,0.25,0.0,0.0,0.25,0.25,0.25,1.0,1.0,0.75,0.25,0.75,0.25,1.0,0.0,1.0,0.25,0.25,0.75,0.25,0.25,1.0,0.25,0.75,0.75,1.0,0.75,0.0,0.25,1.0,0.75,0.25,0.25,0.0,1.0,0.25,0.25,0.0,1.0,1.0,1.0,1.0,0.17,0.0,1.0,0.0,1.0,0.5,0.5,0.5,0.75,0.5,0.75,0.75,0.5
3276,1.0,0.17,0.33,0.75,1.0,0.0,0.67,0.75,0.75,0.75,0.75,0.25,0.75,0.75,1.0,1.0,0.25,0.25,1.0,0.0,1.0,1.0,0.0,0.0,0.75,0.0,0.0,1.0,1.0,1.0,1.0,0.25,0.25,1.0,0.25,0.25,0.0,0.25,0.75,0.25,0.0,1.0,0.0,1.0,1.0,1.0,0.0,0.75,0.0,1.0,1.0,1.0,1.0,0.75,0.75,1.0,1.0,0.25,0.75,1.0,0.83,0.67,0.67,0.0,0.75,0.0,1.0,0.5,0.5,0.5,1.0,0.5,0.0,0.75,0.25
3279,0.17,0.67,1.0,0.25,1.0,0.0,1.0,0.0,1.0,1.0,0.25,0.0,0.75,0.75,0.25,1.0,1.0,1.0,0.75,0.0,0.75,1.0,1.0,0.0,0.0,1.0,0.25,1.0,1.0,1.0,1.0,1.0,0.75,0.0,0.25,1.0,1.0,0.0,1.0,1.0,0.25,0.25,1.0,0.0,0.0,1.0,1.0,0.25,1.0,1.0,0.75,1.0,1.0,1.0,1.0,1.0,0.0,0.0,1.0,1.0,0.83,0.83,0.67,0.0,1.0,0.25,1.0,0.25,0.75,0.75,1.0,1.0,0.75,1.0,0.75
3283,1.0,1.0,0.5,0.0,0.0,1.0,0.17,0.75,0.0,0.0,0.75,1.0,0.0,0.0,0.0,1.0,0.0,0.0,0.0,0.0,0.0,0.0,0.0,1.0,0.0,1.0,1.0,0.0,0.75,0.0,0.0,1.0,0.25,0.0,0.0,1.0,0.0,0.0,0.75,0.0,1.0,0.75,0.75,0.0,0.0,0.0,1.0,0.0,1.0,1.0,0.0,0.0,0.0,0.0,0.0,0.0,0.0,0.0,1.0,1.0,1.0,1.0,0.0,0.0,1.0,0.0,0.0,0.0,1.0,1.0,0.75,0.0,1.0,0.5,0.75
3284,0.83,0.5,0.17,0.75,0.0,0.0,0.83,0.25,0.75,1.0,0.75,0.25,0.25,0.25,1.0,1.0,1.0,1.0,1.0,0.0,1.0,0.75,0.75,0.0,0.25,0.25,0.75,1.0,0.25,1.0,1.0,0.75,1.0,1.0,1.0,1.0,0.25,1.0,1.0,0.75,1.0,1.0,0.75,0.75,1.0,1.0,1.0,1.0,0.0,0.25,1.0,0.0,1.0,1.0,1.0,0.25,0.25,0.0,1.0,1.0,0.83,0.67,0.67,0.0,1.0,0.75,1.0,0.5,0.5,0.75,0.75,0.5,0.5,1.0,0.25
3287,0.83,0.0,0.0,0.75,0.75,0.0,0.67,0.75,1.0,0.25,1.0,0.0,0.25,0.0,1.0,0.25,0.0,1.0,0.75,0.0,0.25,0.25,0.25,0.0,0.25,0.25,0.0,1.0,0.75,0.75,1.0,0.0,0.0,0.25,0.25,0.75,0.0,1.0,0.0,0.75,1.0,1.0,0.75,1.0,1.0,1.0,0.0,0.75,0.0,1.0,1.0,1.0,0.75,1.0,1.0,0.75,0.25,0.25,0.25,1.0,0.83,0.83,1.0,0.0,0.25,0.75,1.0,0.75,0.5,0.5,0.75,0.5,0.0,1.0,0.5
3288,0.83,0.83,0.17,0.25,0.0,1.0,0.67,0.25,0.0,0.0,0.0,1.0,0.25,0.75,0.0,0.75,0.25,0.25,0.25,0.0,0.0,0.75,1.0,1.0,0.0,1.0,1.0,0.75,0.25,0.25,0.75,1.0,0.75,1.0,0.0,0.25,0.75,0.25,1.0,0.25,0.25,0.75,0.75,0.0,0.0,0.25,1.0,0.0,0.25,1.0,0.25,0.75,0.75,0.0,0.0,0.0,0.0,0.0,1.0,1.0,1.0,0.33,0.17,0.0,1.0,0.0,0.0,0.0,1.0,0.75,0.75,0.25,1.0,0.25,0.75
3295,1.0,0.83,0.0,0.75,1.0,0.0,0.0,1.0,1.0,0.0,1.0,1.0,0.0,1.0,1.0,1.0,0.75,1.0,1.0,0.0,1.0,0.0,0.0,0.0,0.0,1.0,0.0,1.0,1.0,1.0,1.0,0.75,0.0,1.0,1.0,1.0,0.0,1.0,1.0,0.25,0.75,1.0,0.75,0.75,0.0,1.0,1.0,0.0,0.25,1.0,0.0,0.0,1.0,0.0,1.0,0.0,0.0,1.0,1.0,1.0,1.0,1.0,0.33,0.0,1.0,1.0,1.0,0.5,1.0,1.0,1.0,0.5,0.75,1.0,0.5
3296,0.83,0.5,0.33,0.75,0.75,0.25,0.67,0.75,0.75,0.25,0.75,0.75,0.25,0.75,0.75,0.75,0.25,0.75,1.0,0.0,0.75,0.75,0.25,0.25,0.25,0.75,0.25,0.75,0.75,0.75,0.25,0.75,0.25,0.75,0.25,1.0,0.25,0.25,0.75,0.75,0.25,0.75,0.75,1.0,0.75,0.75,0.75,0.0,0.75,1.0,0.0,0.0,0.0,0.75,1.0,0.25,0.75,0.25,1.0,1.0,0.83,0.67,0.67,0.0,0.25,0.25,0.75,0.5,0.5,0.75,0.75,0.5,0.5,0.5,0.5
3300,0.67,0.0,0.0,1.0,1.0,0.0,0.83,0.25,1.0,1.0,0.25,0.0,1.0,0.0,1.0,0.75,1.0,0.25,0.25,0.25,1.0,1.0,1.0,0.0,1.0,0.0,0.0,1.0,0.25,1.0,1.0,0.0,0.0,0.75,1.0,1.0,0.75,0.25,0.0,1.0,0.75,0.25,1.0,1.0,1.0,1.0,0.0,0.75,0.0,1.0,1.0,1.0,1.0,1.0,0.75,1.0,1.0,1.0,0.25,0.75,0.83,0.67,0.83,0.25,0.25,1.0,0.75,0.5,0.25,0.5,0.75,0.75,0.0,1.0,0.5
3301,0.0,0.0,0.17,1.0,1.0,0.0,1.0,0.0,1.0,1.0,0.0,0.0,1.0,0.0,1.0,0.75,1.0,0.25,1.0,0.0,1.0,1.0,1.0,0.0,1.0,0.0,0.0,1.0,1.0,1.0,1.0,0.0,0.25,1.0,1.0,0.0,1.0,1.0,0.0,1.0,1.0,0.25,1.0,1.0,1.0,1.0,0.0,1.0,0.0,1.0,1.0,1.0,1.0,1.0,0.75,1.0,1.0,1.0,0.0,0.0,0.0,0.67,1.0,1.0,0.0,1.0,1.0,1.0,0.0,0.5,0.75,0.75,0.0,1.0,0.5
3306,0.17,0.17,0.5,0.75,0.0,0.25,0.33,0.75,0.75,0.0,1.0,0.75,1.0,1.0,0.25,1.0,0.0,0.0,0.0,0.0,1.0,0.75,0.0,0.25,0.25,0.25,0.75,0.0,0.0,0.0,0.25,0.25,0.25,1.0,0.25,0.75,0.0,1.0,0.0,0.25,0.25,0.0,0.75,0.75,0.25,0.25,1.0,0.75,1.0,1.0,0.0,0.75,0.0,0.75,0.0,0.0,0.25,0.75,1.0,0.25,0.33,0.67,0.33,0.0,1.0,0.25,1.0,0.5,0.5,0.5,0.75,0.25,0.5,0.5,0.5
3307,0.17,0.83,1.0,0.0,0.0,0.75,0.0,0.25,0.0,0.0,0.25,0.75,0.0,0.75,0.25,0.0,0.0,0.75,0.0,0.0,0.25,0.25,0.0,0.75,0.0,0.75,0.75,0.0,0.25,0.0,0.25,0.75,0.0,0.0,0.0,1.0,0.0,0.25,0.25,0.0,0.25,1.0,0.0,0.0,0.0,0.0,1.0,0.0,0.25,0.75,0.0,0.0,0.0,0.75,0.0,0.0,0.0,0.0,1.0,0.25,1.0,0.83,0.17,0.0,1.0,0.25,0.0,0.0,0.75,0.5,0.5,0.25,0.5,0.5,0.5
3308,0.5,0.0,0.0,0.75,1.0,0.0,1.0,0.0,1.0,1.0,0.25,0.0,1.0,0.0,0.75,0.25,1.0,0.75,1.0,0.25,1.0,0.75,1.0,0.0,1.0,0.0,0.0,1.0,0.25,1.0,1.0,0.0,0.0,1.0,1.0,0.25,1.0,1.0,0.0,1.0,1.0,0.0,1.0,1.0,1.0,1.0,0.0,1.0,0.0,1.0,0.75,1.0,1.0,1.0,0.75,1.0,1.0,1.0,0.25,0.75,0.17,0.33,1.0,0.75,0.25,1.0,0.0,1.0,0.0,0.5,1.0,0.75,0.0,1.0,0.5
3309,0.0,0.0,0.67,1.0,1.0,0.0,1.0,0.0,1.0,1.0,0.0,0.0,1.0,0.0,1.0,1.0,1.0,0.0,1.0,0.0,1.0,0.75,1.0,0.0,1.0,0.0,0.0,0.75,0.25,1.0,1.0,0.0,0.0,0.75,1.0,0.0,1.0,1.0,0.0,1.0,1.0,0.25,1.0,1.0,1.0,1.0,0.0,1.0,0.0,1.0,1.0,1.0,1.0,1.0,0.25,0.25,1.0,1.0,0.0,0.0,0.0,0.67,1.0,0.75,0.0,1.0,1.0,0.75,0.25,0.5,1.0,0.75,0.25,1.0,0.5
3310,0.33,0.5,0.33,0.75,1.0,0.0,0.5,1.0,1.0,0.25,0.75,0.25,0.25,0.75,0.75,0.0,0.25,1.0,0.25,0.0,1.0,0.75,0.0,0.0,0.25,0.0,0.0,1.0,0.25,0.75,1.0,0.25,0.25,1.0,0.0,0.25,0.0,0.0,0.75,0.75,0.75,0.75,0.75,0.75,1.0,1.0,0.0,0.75,0.25,0.75,0.75,0.75,1.0,1.0,0.75,0.0,0.25,0.25,1.0,0.75,0.67,0.83,0.33,0.0,0.75,0.0,1.0,0.5,0.5,0.75,0.75,0.5,0.5,0.75,0.5
3311,0.67,0.33,0.67,0.75,0.0,0.25,0.33,0.75,0.25,0.25,0.75,0.75,0.25,0.25,0.75,0.75,0.25,0.25,0.25,0.0,0.75,0.75,0.0,0.25,0.0,0.25,0.0,0.75,0.0,1.0,0.75,0.25,0.25,0.75,0.25,0.75,0.75,0.75,0.25,0.25,0.75,0.0,0.25,0.75,0.75,0.25,0.75,0.75,0.75,0.25,0.75,0.75,0.75,0.75,0.75,0.0,0.25,1.0,0.75,0.75,0.67,0.67,0.67,0.0,0.75,0.25,0.75,0.25,0.5,0.75,0.75,0.5,0.5,0.75,0.25
3314,0.67,0.33,0.5,0.25,1.0,0.0,0.33,0.75,1.0,0.0,1.0,0.0,0.0,0.25,0.75,0.75,0.0,1.0,0.25,0.0,0.25,0.0,0.0,0.0,0.0,0.0,0.0,0.75,0.25,0.25,0.25,1.0,0.0,0.0,0.0,1.0,0.0,0.0,1.0,0.25,0.25,1.0,1.0,0.75,0.75,1.0,1.0,0.25,0.25,1.0,0.25,0.25,0.75,0.75,0.75,0.0,0.0,0.0,1.0,0.75,0.83,0.83,0.33,0.0,1.0,0.25,0.75,0.5,0.5,0.5,0.5,0.5,0.5,0.5,0.5
3315,0.83,0.33,0.5,1.0,0.0,0.0,0.67,0.0,1.0,1.0,0.0,0.0,1.0,0.0,0.25,0.75,0.25,1.0,1.0,1.0,1.0,0.25,1.0,0.0,0.75,0.0,0.0,0.75,0.0,1.0,0.75,0.25,0.0,1.0,0.0,1.0,1.0,1.0,0.75,1.0,1.0,0.75,0.75,0.75,0.75,1.0,1.0,0.0,0.25,1.0,0.25,0.75,0.75,1.0,1.0,0.0,1.0,1.0,0.75,1.0,0.83,0.33,0.67,0.0,1.0,0.75,1.0,0.5,0.25,0.75,0.75,0.5,0.5,0.75,0.5
3316,0.67,0.0,0.0,1.0,0.75,0.0,0.33,0.25,0.75,0.0,0.75,0.75,0.0,0.0,0.75,0.25,0.0,1.0,0.75,0.0,0.25,0.0,1.0,0.25,1.0,0.0,0.0,1.0,0.75,0.25,1.0,0.0,1.0,1.0,0.75,1.0,0.0,1.0,0.0,0.0,0.0,1.0,1.0,0.75,1.0,0.0,0.0,0.75,0.25,0.0,1.0,0.75,1.0,0.0,0.0,0.0,0.0,0.75,1.0,1.0,0.83,0.5,0.17,0.0,0.75,0.75,0.0,0.25,0.5,0.75,0.5,0.5,0.25,0.5,0.5
3317,0.83,0.5,0.0,0.75,0.75,0.0,0.5,1.0,1.0,0.75,1.0,0.25,0.75,0.75,1.0,1.0,0.75,1.0,0.25,0.0,0.25,0.25,0.75,0.0,0.75,0.25,0.75,1.0,0.75,0.75,1.0,0.25,0.75,1.0,0.25,0.75,0.25,0.75,0.75,0.25,0.25,0.75,0.75,0.25,0.75,0.75,0.75,0.75,0.25,0.75,0.75,0.75,1.0,0.25,0.75,0.25,0.25,1.0,0.25,1.0,0.83,0.83,0.67,0.25,0.75,0.25,1.0,0.5,0.5,0.75,0.75,0.25,0.25,0.75,0.25
3318,0.83,0.67,0.5,0.75,0.75,0.25,0.17,1.0,1.0,1.0,0.25,0.25,1.0,0.25,1.0,1.0,0.75,1.0,1.0,0.0,1.0,0.0,0.0,0.75,0.25,0.75,0.25,0.75,0.0,1.0,0.75,0.0,0.0,1.0,0.0,1.0,1.0,0.25,1.0,0.25,1.0,0.25,1.0,0.25,1.0,1.0,0.75,1.0,0.25,1.0,1.0,1.0,1.0,0.75,1.0,0.0,0.25,0.25,1.0,1.0,0.83,0.83,0.83,0.0,1.0,0.0,1.0,0.75,0.75,1.0,1.0,0.75,0.5,1.0,0.25
3319,1.0,1.0,1.0,0.0,0.25,0.0,0.5,0.75,0.75,0.25,0.75,0.75,0.75,1.0,0.25,1.0,0.75,1.0,0.25,0.0,0.75,0.75,0.0,0.0,0.0,0.75,0.25,1.0,0.25,0.75,0.25,1.0,1.0,0.25,1.0,1.0,0.25,0.75,1.0,0.75,0.75,1.0,0.75,0.25,0.75,0.75,0.75,0.25,0.75,0.0,0.25,0.25,0.25,0.75,0.75,0.0,0.0,1.0,0.0,1.0,1.0,0.83,0.67,0.25,0.75,1.0,1.0,0.25,0.25,0.75,0.75,0.25,0.75,0.75,0.75
3320,0.5,0.33,0.33,0.25,0.75,0.0,0.5,0.25,1.0,0.75,1.0,0.25,0.25,0.25,0.25,0.0,0.25,1.0,0.75,0.0,0.25,0.75,1.0,0.25,0.25,0.0,0.25,0.75,0.0,0.75,0.75,0.25,0.25,0.0,0.25,0.25,0.75,0.75,0.0,0.75,0.75,0.0,0.75,0.75,0.75,0.75,0.25,0.25,1.0,0.75,0.75,0.75,0.25,0.75,0.25,0.0,0.25,0.75,0.0,0.75,0.5,0.17,0.83,0.0,0.75,0.75,0.75,0.5,0.25,0.25,0.5,0.5,0.5,0.5,0.5
3321,1.0,1.0,0.33,0.25,0.25,0.0,0.5,0.25,0.75,0.75,0.25,0.75,0.0,0.25,1.0,1.0,0.75,1.0,0.75,0.0,0.75,0.75,0.0,0.0,0.0,1.0,0.75,0.25,0.25,0.25,1.0,0.25,0.0,0.75,0.75,0.0,0.0,1.0,0.0,0.25,1.0,0.0,0.75,0.75,0.75,1.0,0.0,0.75,1.0,1.0,0.0,0.0,0.0,1.0,0.0,0.0,1.0,0.0,0.75,1.0,0.67,0.17,0.67,0.0,0.0,0.75,0.0,0.5,0.5,0.25,0.75,0.5,0.5,0.75,0.75
3322,1.0,0.17,0.0,1.0,0.25,0.0,0.5,0.0,1.0,0.75,0.75,0.0,0.75,0.25,1.0,0.75,0.0,1.0,0.75,0.25,0.75,0.75,0.0,0.0,0.75,0.0,0.0,1.0,0.25,1.0,0.75,0.0,0.0,1.0,0.25,0.75,0.0,0.75,0.25,0.75,0.75,0.75,0.0,1.0,1.0,1.0,1.0,0.75,0.0,1.0,0.25,0.0,0.75,1.0,1.0,0.0,0.25,1.0,1.0,0.75,0.83,0.83,0.67,0.0,0.75,0.75,1.0,0.5,0.5,0.5,0.75,0.5,0.5,0.5,0.5
3323,1.0,0.5,0.83,0.75,0.75,0.0,0.83,0.75,0.75,0.25,0.0,0.0,1.0,0.0,0.0,0.0,1.0,1.0,1.0,1.0,1.0,0.75,0.25,0.0,0.75,0.0,0.0,0.75,0.25,1.0,0.0,0.0,0.0,1.0,1.0,1.0,0.75,1.0,0.25,0.75,1.0,0.75,1.0,1.0,1.0,1.0,1.0,0.75,0.0,0.25,0.25,0.0,0.0,0.75,0.75,0.0,0.0,0.0,0.75,1.0,0.67,0.5,0.5,0.25,1.0,1.0,1.0,0.5,0.5,0.5,0.75,0.75,0.75,0.75,0.5
3324,1.0,0.67,0.33,1.0,0.75,0.25,0.67,0.0,0.75,0.75,0.25,0.25,0.0,0.0,1.0,0.75,0.0,1.0,1.0,0.0,0.75,0.25,0.0,0.0,0.0,0.75,0.0,0.25,0.25,0.75,0.25,0.0,1.0,0.25,0.25,0.0,0.0,1.0,0.0,0.75,0.75,1.0,1.0,0.25,0.75,0.0,1.0,0.0,0.25,0.75,0.0,0.25,0.25,0.0,1.0,0.0,0.0,0.0,1.0,1.0,0.67,0.33,0.67,0.0,0.75,0.75,1.0,0.5,0.75,0.5,0.75,0.5,0.5,0.75,0.5
3327,0.83,0.33,0.17,1.0,0.75,0.0,0.83,0.0,1.0,1.0,0.25,0.0,1.0,0.0,0.25,0.25,1.0,0.25,1.0,0.25,1.0,1.0,1.0,0.0,1.0,0.0,0.0,1.0,0.75,1.0,0.75,0.0,0.0,1.0,1.0,0.25,1.0,1.0,0.25,0.25,1.0,0.75,0.75,1.0,1.0,1.0,0.0,0.75,0.0,1.0,0.75,1.0,1.0,1.0,0.75,0.75,1.0,1.0,0.25,0.75,0.67,0.67,0.83,0.75,0.75,1.0,1.0,0.75,0.0,0.75,0.75,0.25,1.0,1.0,0.25
3328,0.0,0.0,0.0,1.0,1.0,0.0,1.0,0.0,1.0,1.0,0.0,0.0,1.0,0.0,1.0,0.25,1.0,0.0,1.0,0.0,1.0,1.0,1.0,0.0,1.0,0.0,0.0,1.0,0.75,1.0,1.0,0.0,0.0,1.0,1.0,0.25,1.0,1.0,0.0,1.0,1.0,0.75,1.0,1.0,1.0,1.0,0.0,0.75,0.0,1.0,1.0,0.75,1.0,1.0,0.75,1.0,1.0,1.0,0.0,0.75,0.17,0.5,1.0,0.75,0.25,1.0,1.0,1.0,0.0,0.5,1.0,1.0,0.0,1.0,0.25
3329,0.33,0.33,0.0,1.0,0.75,0.0,0.67,1.0,1.0,1.0,1.0,0.0,0.75,0.25,0.25,0.25,0.25,0.75,1.0,0.25,1.0,0.75,0.25,0.0,1.0,0.0,0.0,1.0,0.75,1.0,0.25,0.0,0.25,1.0,0.75,0.75,0.75,0.75,1.0,0.75,1.0,0.75,1.0,0.75,1.0,1.0,0.75,0.25,0.25,1.0,0.75,0.25,0.75,1.0,0.25,0.75,1.0,0.25,1.0,0.75,0.67,0.83,1.0,0.0,0.0,1.0,1.0,0.75,0.5,0.5,0.75,0.5,0.5,0.75,0.5
3330,0.0,1.0,0.17,1.0,1.0,0.0,1.0,0.0,1.0,1.0,0.0,0.0,1.0,0.0,0.75,0.25,1.0,0.0,1.0,0.0,1.0,1.0,1.0,0.0,1.0,0.0,0.0,1.0,0.75,1.0,0.0,0.0,0.0,1.0,1.0,0.0,1.0,1.0,0.0,1.0,1.0,0.0,1.0,1.0,1.0,1.0,0.0,0.75,0.0,1.0,1.0,1.0,1.0,1.0,0.0,1.0,1.0,1.0,0.0,0.75,0.0,0.5,0.17,0.25,0.75,1.0,1.0,1.0,0.0,0.5,1.0,1.0,0.0,1.0,0.75
3331,0.17,0.0,0.0,1.0,1.0,0.0,1.0,0.0,1.0,1.0,0.0,0.0,1.0,0.0,1.0,0.25,1.0,0.0,1.0,0.0,1.0,1.0,1.0,0.0,1.0,0.0,0.0,1.0,0.75,1.0,0.75,0.0,0.0,1.0,1.0,0.25,1.0,1.0,0.0,1.0,1.0,0.25,1.0,1.0,1.0,1.0,0.0,0.75,0.0,1.0,0.75,1.0,1.0,1.0,0.75,0.75,1.0,1.0,0.0,0.25,0.0,0.5,1.0,0.0,0.75,1.0,1.0,1.0,0.0,0.5,1.0,1.0,0.0,1.0,0.25
3332,0.0,0.33,0.0,1.0,0.75,0.0,0.83,0.0,1.0,1.0,0.0,0.0,1.0,0.0,0.75,1.0,1.0,0.0,1.0,0.25,1.0,1.0,1.0,0.0,1.0,0.0,0.0,1.0,0.75,1.0,0.75,0.0,0.0,1.0,1.0,0.75,1.0,1.0,0.0,1.0,1.0,0.75,1.0,1.0,0.75,1.0,0.0,0.25,0.0,1.0,0.75,1.0,1.0,1.0,0.75,1.0,1.0,1.0,0.0,0.75,0.0,0.33,0.83,0.25,0.75,1.0,1.0,0.75,0.0,0.5,1.0,1.0,0.5,1.0,0.5
3333,0.0,0.0,0.0,1.0,1.0,0.0,1.0,0.0,1.0,1.0,0.0,0.0,1.0,0.0,1.0,0.0,1.0,0.0,1.0,0.0,1.0,1.0,1.0,0.0,1.0,0.0,0.0,1.0,0.25,1.0,1.0,0.0,0.0,1.0,1.0,0.0,1.0,1.0,0.0,1.0,1.0,0.75,1.0,1.0,1.0,1.0,0.0,0.75,0.0,1.0,1.0,1.0,1.0,1.0,1.0,0.25,1.0,1.0,0.0,0.25,0.17,0.67,1.0,1.0,0.25,1.0,1.0,1.0,0.0,0.5,1.0,1.0,0.0,1.0,0.0
3334,0.0,0.0,0.0,1.0,1.0,0.0,0.67,0.0,1.0,1.0,0.75,0.0,1.0,0.0,1.0,0.75,0.75,0.75,1.0,0.25,1.0,1.0,1.0,0.0,1.0,0.0,0.0,1.0,1.0,1.0,0.75,0.0,0.0,1.0,1.0,0.0,0.75,1.0,0.0,1.0,1.0,0.25,1.0,1.0,1.0,1.0,0.0,1.0,0.0,1.0,1.0,1.0,1.0,1.0,0.0,0.25,1.0,1.0,0.25,0.0,0.0,0.17,1.0,0.25,0.0,1.0,0.75,1.0,0.25,0.5,1.0,0.75,0.5,1.0,0.5
3335,0.17,1.0,0.67,0.0,0.0,1.0,0.0,1.0,0.0,0.0,0.75,1.0,0.0,0.25,0.25,0.0,0.0,0.75,0.0,0.0,0.25,0.0,0.0,0.75,0.0,1.0,1.0,0.0,0.25,0.0,0.75,1.0,1.0,1.0,0.0,1.0,0.0,0.25,1.0,0.25,0.0,0.75,0.0,0.0,0.0,0.0,1.0,0.0,0.75,1.0,0.0,0.0,0.0,0.0,0.0,0.0,0.0,0.0,1.0,1.0,1.0,0.67,0.17,0.0,1.0,0.0,0.0,0.0,0.75,0.75,0.5,0.0,1.0,0.5,0.5
3336,0.17,1.0,0.67,0.0,0.0,1.0,0.0,0.75,0.0,0.0,0.75,0.75,0.0,0.75,0.75,0.25,0.0,0.0,0.25,0.0,0.0,0.0,0.0,1.0,0.0,1.0,1.0,0.25,0.0,0.0,0.25,1.0,1.0,0.25,0.0,1.0,0.0,0.25,1.0,0.0,0.0,0.75,0.0,0.0,0.0,0.0,1.0,0.0,0.75,0.75,0.0,0.0,0.0,0.0,0.0,0.0,0.0,0.0,1.0,1.0,1.0,0.67,0.17,0.0,1.0,0.0,0.0,0.0,0.75,0.75,0.5,0.0,0.75,0.5,0.75
3338,0.83,0.33,0.0,1.0,0.75,0.0,0.5,0.25,0.75,0.0,0.0,0.0,0.0,0.75,1.0,0.0,0.0,0.0,1.0,0.75,1.0,0.25,1.0,0.0,0.75,0.0,0.0,1.0,0.25,0.25,0.75,0.25,0.75,1.0,0.0,1.0,0.75,0.25,0.75,0.25,0.75,0.75,0.0,1.0,1.0,1.0,0.0,0.75,0.0,1.0,1.0,0.25,1.0,0.25,0.75,1.0,1.0,0.75,0.25,1.0,0.83,0.83,0.83,0.0,0.75,1.0,1.0,0.5,0.25,0.75,1.0,0.5,0.25,0.75,0.5
3339,0.83,0.33,0.33,0.25,1.0,0.0,0.67,1.0,0.25,0.0,1.0,0.75,0.0,0.75,0.75,0.25,0.0,0.25,0.25,0.0,0.25,0.75,0.0,0.0,0.0,0.75,0.0,1.0,0.75,0.0,0.75,0.75,0.75,1.0,0.0,1.0,0.0,0.0,1.0,0.0,0.25,1.0,0.0,0.75,0.75,0.75,1.0,0.0,0.25,0.0,0.75,0.75,0.25,0.0,0.75,0.0,0.0,0.0,1.0,1.0,1.0,1.0,0.67,0.0,1.0,0.0,0.75,0.25,0.5,0.5,0.75,0.25,0.75,0.5,0.5
3340,0.67,0.33,0.0,0.75,0.75,0.0,0.5,1.0,0.75,0.75,1.0,0.25,0.25,0.0,0.75,1.0,0.0,0.25,1.0,0.0,1.0,1.0,1.0,0.0,0.25,0.0,0.0,1.0,0.75,0.0,0.75,0.25,0.0,1.0,0.0,1.0,0.0,0.0,0.75,0.0,0.25,1.0,0.25,0.75,0.75,0.75,0.75,0.25,0.0,0.25,0.75,0.75,0.75,0.25,1.0,0.25,0.25,0.25,1.0,1.0,1.0,0.83,0.5,0.25,1.0,0.25,1.0,0.75,0.75,0.5,0.75,0.25,0.5,0.5,0.25
3341,0.83,0.33,1.0,0.0,0.0,0.0,0.83,0.75,0.0,0.0,1.0,0.0,0.0,1.0,0.0,0.0,0.0,0.0,0.0,0.0,0.25,0.75,0.0,1.0,0.0,1.0,1.0,0.0,0.0,0.0,0.0,1.0,0.0,0.0,0.0,1.0,0.0,0.0,1.0,0.0,0.0,1.0,0.0,0.0,0.0,0.0,1.0,0.0,1.0,0.0,1.0,0.0,0.0,0.0,1.0,0.0,0.0,0.0,1.0,1.0,0.83,1.0,0.17,0.0,1.0,0.0,0.0,0.0,1.0,1.0,0.5,0.25,0.75,0.25,0.5
3343,1.0,0.67,0.0,0.0,0.0,0.25,0.0,0.0,0.0,0.0,0.25,1.0,0.0,0.25,0.25,1.0,1.0,1.0,0.0,0.0,0.25,0.0,0.0,0.75,0.0,1.0,1.0,1.0,1.0,1.0,1.0,0.75,0.0,1.0,0.0,1.0,0.0,0.75,0.75,0.0,0.75,0.75,0.25,0.0,0.0,0.75,1.0,0.0,0.0,0.0,0.0,0.0,0.0,0.75,0.25,0.0,0.0,0.0,1.0,1.0,0.83,0.83,0.17,0.0,1.0,1.0,0.0,0.0,0.75,1.0,0.5,0.25,0.75,0.25,0.5
3345,0.17,0.0,0.33,1.0,1.0,0.0,1.0,0.0,1.0,1.0,0.0,0.0,1.0,0.0,0.75,0.75,1.0,0.0,1.0,0.0,1.0,0.75,1.0,0.0,1.0,0.0,0.0,1.0,0.75,1.0,0.75,0.0,0.0,1.0,1.0,0.75,0.75,1.0,0.0,1.0,1.0,0.75,1.0,1.0,1.0,1.0,0.0,0.75,0.0,1.0,1.0,1.0,1.0,1.0,1.0,0.25,1.0,1.0,0.0,0.75,0.0,0.67,1.0,0.75,0.25,1.0,0.75,1.0,0.0,0.5,1.0,1.0,0.0,1.0,0.25
3346,0.67,0.83,0.0,0.0,0.0,0.0,0.33,0.75,0.75,0.0,0.75,0.75,0.0,1.0,0.0,0.75,0.0,0.25,0.75,0.0,1.0,0.0,0.25,0.0,0.0,0.25,0.0,1.0,0.75,0.75,0.25,0.25,0.75,1.0,0.0,1.0,0.25,0.0,1.0,0.25,0.75,0.75,0.0,1.0,1.0,1.0,0.75,0.25,0.25,1.0,0.75,0.25,0.75,0.25,1.0,0.25,0.25,0.25,0.75,1.0,0.83,1.0,0.5,0.0,1.0,0.25,0.75,0.5,0.5,0.75,1.0,0.5,0.5,0.5,0.75
3347,0.83,0.17,0.0,0.0,1.0,0.0,0.0,1.0,0.0,0.0,1.0,0.0,0.0,1.0,1.0,0.0,0.0,0.0,0.0,0.0,0.0,0.25,0.0,0.0,0.0,0.0,0.0,1.0,0.0,0.0,1.0,1.0,1.0,1.0,0.0,1.0,0.0,0.0,1.0,0.0,0.0,1.0,0.0,0.75,1.0,0.0,1.0,1.0,0.0,0.0,0.75,1.0,0.75,0.0,1.0,1.0,0.0,0.0,1.0,0.75,1.0,1.0,0.17,0.0,1.0,0.0,1.0,0.5,0.5,0.5,0.75,0.25,0.5,0.5,0.25
3348,0.67,0.17,0.0,0.25,0.75,0.0,0.17,1.0,0.75,0.25,1.0,0.75,0.0,0.75,0.75,0.25,0.0,0.0,0.75,0.25,0.75,0.25,0.75,0.0,0.0,0.25,0.0,1.0,1.0,0.25,0.25,0.75,0.25,1.0,0.25,1.0,0.0,0.25,1.0,0.25,0.25,0.75,0.25,0.75,1.0,0.75,0.75,0.25,0.25,0.0,0.0,0.75,0.25,0.75,0.25,0.0,0.25,0.0,1.0,1.0,0.83,0.83,0.17,0.0,1.0,0.0,0.75,0.5,0.75,0.5,0.75,0.5,0.5,0.5,0.5
3349,0.0,0.67,0.17,0.75,0.75,0.0,0.67,0.0,1.0,0.25,0.75,0.0,0.25,0.0,1.0,0.75,0.0,1.0,0.75,0.0,0.25,0.75,0.25,0.0,0.25,0.0,0.0,0.75,0.75,1.0,0.75,0.25,1.0,0.0,0.75,1.0,0.75,0.75,0.75,1.0,0.75,0.25,0.75,1.0,0.75,1.0,0.25,0.25,0.25,1.0,1.0,1.0,0.25,1.0,1.0,0.25,0.0,0.0,0.0,0.75,0.67,0.33,0.83,0.0,0.75,0.25,0.0,0.5,0.25,0.5,0.75,0.5,0.5,0.75,0.5
3350,0.83,0.33,0.17,0.75,0.25,0.0,0.17,1.0,0.75,0.75,1.0,0.75,0.25,0.75,0.75,0.75,0.0,0.75,0.25,0.0,0.25,0.25,0.0,0.0,0.25,0.25,0.25,0.0,0.25,0.25,0.25,0.25,1.0,1.0,0.0,1.0,0.0,0.25,0.75,0.25,0.25,1.0,0.75,0.25,0.75,0.75,1.0,0.25,0.75,0.25,0.75,0.25,0.75,0.25,1.0,0.0,0.75,0.0,1.0,0.75,1.0,0.83,0.17,0.0,0.75,0.25,1.0,0.25,0.75,0.75,0.75,0.25,0.75,0.5,0.0
3351,0.67,0.33,0.83,0.75,0.0,0.25,0.83,0.0,1.0,1.0,0.75,0.25,0.25,0.75,0.75,0.25,0.75,0.25,1.0,0.25,0.75,0.25,0.25,0.25,0.75,0.25,0.25,0.75,0.25,0.75,0.25,0.75,1.0,0.25,0.75,0.75,0.75,0.75,0.75,0.75,1.0,0.0,0.75,0.25,0.75,1.0,0.0,0.0,0.25,0.25,0.75,0.75,0.75,1.0,0.75,0.0,0.25,0.75,0.25,0.75,0.67,0.67,0.83,0.75,0.25,0.25,0.75,0.75,0.25,0.75,0.75,0.75,0.25,1.0,0.75
3352,0.0,1.0,0.33,0.25,0.0,0.75,0.33,0.25,0.75,0.0,0.25,0.25,0.75,0.0,0.0,1.0,0.75,0.75,0.75,0.0,1.0,0.0,0.0,0.25,0.0,1.0,0.75,0.25,0.25,0.75,0.75,1.0,0.75,0.25,0.25,0.75,0.75,0.75,0.75,0.75,0.75,0.75,0.75,0.0,0.25,0.75,0.75,0.25,0.0,1.0,0.25,0.25,0.25,0.25,0.0,0.0,0.25,0.25,1.0,0.75,0.33,0.33,0.33,0.0,0.75,0.25,0.0,0.25,0.75,0.75,0.75,0.75,0.75,0.25,0.75
3356,0.83,0.17,0.17,0.75,0.25,0.25,1.0,0.25,0.75,1.0,0.75,0.0,0.75,0.25,1.0,0.75,0.75,1.0,1.0,0.25,1.0,0.75,0.75,0.25,0.75,0.25,0.25,1.0,0.25,1.0,0.75,0.0,0.0,0.0,0.75,0.25,0.25,0.75,0.25,0.75,1.0,0.25,0.75,1.0,1.0,1.0,0.25,0.75,0.0,1.0,0.75,1.0,0.75,1.0,0.25,0.25,0.75,1.0,0.25,0.25,0.17,0.17,1.0,0.25,0.75,1.0,1.0,0.5,0.5,0.5,0.75,0.75,0.5,0.75,0.5
3359,0.67,1.0,1.0,0.0,0.0,1.0,0.17,0.25,0.25,0.0,0.75,1.0,0.25,0.75,1.0,1.0,0.0,0.0,0.75,0.0,0.75,0.75,0.0,1.0,0.0,1.0,1.0,0.25,0.0,0.75,1.0,1.0,0.75,1.0,0.0,1.0,0.0,0.0,1.0,0.75,0.75,0.75,0.75,0.0,0.0,0.25,1.0,0.0,0.75,1.0,0.0,0.0,0.0,0.0,0.0,0.0,0.0,0.0,1.0,1.0,0.17,0.5,0.0,0.0,0.75,0.0,0.0,0.0,1.0,1.0,0.75,0.5,1.0,0.5,1.0
3360,1.0,0.5,0.33,0.25,1.0,0.25,0.67,0.0,0.75,0.0,0.0,0.25,1.0,0.25,0.25,0.75,1.0,0.0,0.0,0.25,0.75,0.75,0.0,1.0,0.25,1.0,1.0,1.0,0.0,1.0,0.0,0.25,1.0,1.0,0.0,0.0,0.75,0.75,0.0,1.0,1.0,0.25,0.0,0.75,0.75,1.0,0.25,0.0,0.0,0.0,0.75,0.75,1.0,0.0,1.0,0.0,1.0,0.75,0.75,0.75,0.33,0.33,0.83,0.0,0.25,1.0,0.75,0.75,0.25,0.75,0.75,0.25,0.25,1.0,0.75
3362,0.17,0.83,0.67,0.25,0.0,0.0,0.83,0.75,0.0,0.0,0.0,1.0,0.25,0.25,0.75,0.75,0.25,0.75,0.25,0.25,0.75,0.25,0.0,1.0,0.0,1.0,1.0,0.0,0.0,0.0,0.75,0.75,0.0,0.0,0.0,0.0,0.0,1.0,0.75,0.0,0.75,1.0,0.25,1.0,1.0,1.0,1.0,0.0,0.0,0.0,1.0,0.0,0.0,0.0,1.0,0.75,0.0,0.0,1.0,1.0,0.83,0.67,0.83,0.0,0.75,0.75,0.0,0.25,0.75,0.75,0.75,0.0,0.75,0.75,0.25
3363,0.67,0.17,0.17,1.0,1.0,0.0,0.83,1.0,1.0,1.0,1.0,0.0,0.75,0.75,0.75,0.75,0.75,0.75,0.75,0.25,1.0,0.0,1.0,0.0,0.75,0.0,0.0,1.0,1.0,0.75,0.75,0.25,0.75,1.0,0.75,1.0,0.25,0.25,1.0,0.25,0.75,0.75,0.75,1.0,1.0,1.0,0.0,1.0,0.0,1.0,1.0,1.0,1.0,1.0,0.75,0.75,1.0,1.0,0.25,0.75,0.83,0.83,0.83,0.75,0.75,1.0,1.0,0.75,0.25,0.5,0.75,0.5,0.0,0.5,0.0
3364,0.0,0.0,0.0,1.0,1.0,0.0,1.0,0.0,1.0,1.0,0.0,0.0,1.0,0.0,0.75,0.25,1.0,0.0,1.0,0.25,1.0,1.0,1.0,0.0,1.0,0.0,0.0,1.0,0.75,1.0,0.25,0.0,0.0,1.0,1.0,0.0,1.0,1.0,0.0,1.0,1.0,1.0,1.0,1.0,1.0,1.0,0.0,0.75,0.0,1.0,0.75,1.0,1.0,1.0,0.75,0.75,1.0,1.0,0.0,0.25,0.17,0.5,1.0,0.75,0.75,1.0,1.0,1.0,0.0,0.5,1.0,1.0,0.0,1.0,0.25
3365,0.83,0.17,0.0,0.75,1.0,0.0,1.0,0.0,1.0,1.0,0.0,0.25,0.75,0.0,0.75,1.0,1.0,0.75,1.0,0.75,1.0,0.75,1.0,0.25,1.0,0.0,0.25,1.0,0.75,1.0,1.0,0.75,0.0,0.75,1.0,0.25,1.0,0.75,0.25,1.0,1.0,0.25,0.75,1.0,0.75,1.0,0.0,0.75,0.0,1.0,0.75,1.0,1.0,1.0,0.75,0.25,1.0,1.0,0.0,0.25,0.17,0.33,1.0,0.0,0.0,1.0,0.75,1.0,0.0,0.5,1.0,0.75,0.25,1.0,0.5
3366,0.17,0.67,0.33,0.75,0.75,0.0,0.33,0.25,0.75,0.75,0.75,0.0,1.0,0.0,1.0,0.75,0.75,0.75,0.75,0.0,1.0,0.25,1.0,0.75,0.0,0.0,0.0,0.75,0.75,1.0,0.75,0.25,1.0,1.0,0.75,0.75,0.0,0.75,0.0,1.0,1.0,0.75,1.0,1.0,0.75,1.0,0.75,0.0,0.0,1.0,0.75,1.0,0.75,1.0,1.0,0.0,0.25,0.75,0.75,1.0,0.33,0.33,0.83,0.25,0.25,0.75,0.25,0.75,0.75,0.75,1.0,0.75,0.25,0.75,0.75
3374,0.83,0.33,0.83,0.25,0.25,0.0,0.67,0.25,0.25,0.25,0.75,0.25,0.0,0.75,0.25,0.0,0.0,0.75,0.75,0.0,0.25,0.25,0.25,0.0,0.75,0.25,0.75,0.75,0.25,1.0,0.25,0.25,0.25,0.75,0.75,0.25,0.0,0.75,0.25,0.75,0.75,0.0,0.25,1.0,0.75,1.0,0.25,0.25,0.0,1.0,0.0,0.25,0.75,0.75,0.25,0.0,0.25,1.0,0.25,0.75,0.83,0.83,0.83,0.0,0.0,0.75,0.75,0.5,0.25,0.75,0.75,0.5,0.5,0.75,0.5
3380,0.0,0.0,0.0,1.0,1.0,0.0,1.0,0.0,1.0,1.0,0.0,0.0,1.0,0.0,1.0,1.0,1.0,0.0,1.0,0.0,1.0,1.0,1.0,0.0,0.75,0.0,0.0,1.0,0.0,1.0,1.0,0.0,0.0,1.0,1.0,0.0,1.0,1.0,0.0,1.0,1.0,0.25,1.0,1.0,1.0,1.0,0.0,1.0,0.0,1.0,1.0,1.0,1.0,1.0,0.0,1.0,0.0,1.0,0.0,0.0,0.0,0.33,1.0,0.0,0.0,1.0,1.0,1.0,0.0,0.5,1.0,0.75,0.0,1.0,0.5
3381,0.67,0.33,0.0,0.75,0.75,0.0,1.0,0.75,1.0,1.0,0.25,0.0,1.0,0.0,0.25,0.0,1.0,0.25,1.0,0.25,1.0,1.0,1.0,0.0,1.0,0.0,0.0,1.0,0.75,1.0,1.0,0.0,0.0,1.0,1.0,0.75,1.0,0.75,0.0,0.0,0.75,0.75,0.25,1.0,1.0,1.0,0.0,1.0,0.0,1.0,1.0,1.0,1.0,1.0,1.0,1.0,1.0,1.0,0.0,1.0,0.17,0.67,1.0,0.75,0.75,1.0,1.0,1.0,0.0,0.25,1.0,0.75,0.0,1.0,0.25
3382,0.0,0.17,0.0,1.0,1.0,0.0,0.33,0.0,1.0,1.0,0.25,0.0,1.0,0.0,1.0,1.0,1.0,1.0,1.0,0.0,1.0,1.0,1.0,0.0,1.0,0.0,0.0,1.0,0.0,1.0,1.0,1.0,0.0,0.0,1.0,0.0,0.0,1.0,0.0,0.0,1.0,1.0,1.0,1.0,1.0,1.0,0.0,0.0,0.0,1.0,1.0,0.0,0.75,1.0,1.0,1.0,0.25,1.0,0.0,1.0,0.17,0.83,0.83,0.0,1.0,1.0,0.0,0.5,0.5,0.5,1.0,0.5,0.5,0.5,0.5
3383,0.5,0.17,0.0,0.75,1.0,0.0,0.83,0.75,0.75,1.0,1.0,0.25,0.25,0.75,0.25,0.25,0.25,0.25,1.0,0.0,1.0,0.75,0.75,0.0,0.25,0.0,0.0,1.0,0.75,0.75,0.75,0.0,0.25,1.0,0.75,0.75,0.0,0.75,0.25,0.0,0.0,0.75,0.75,1.0,1.0,1.0,0.25,1.0,0.0,1.0,1.0,0.75,0.75,1.0,0.25,1.0,1.0,0.75,0.25,0.75,0.83,0.83,0.83,0.0,0.75,0.75,1.0,0.5,0.25,0.5,0.75,0.5,0.0,0.5,0.0
3384,1.0,0.67,0.0,0.25,0.25,0.0,0.17,0.75,1.0,1.0,1.0,0.25,0.25,1.0,1.0,1.0,0.0,0.25,0.75,0.0,0.75,0.75,0.75,0.0,0.25,0.25,0.25,0.75,0.75,0.25,1.0,0.25,0.25,1.0,0.75,1.0,0.0,0.0,0.75,0.25,0.75,1.0,0.25,1.0,0.75,0.75,0.25,0.75,0.0,0.25,1.0,0.0,0.75,0.75,1.0,0.75,0.25,0.25,0.75,1.0,0.67,0.67,0.67,0.0,0.25,0.25,0.25,0.25,0.5,0.75,1.0,0.5,0.25,0.75,0.25
3385,0.0,0.5,0.0,1.0,1.0,0.0,1.0,0.75,1.0,1.0,1.0,0.0,0.75,0.25,1.0,0.75,0.25,0.25,1.0,0.0,1.0,1.0,1.0,0.0,1.0,0.0,0.0,1.0,1.0,1.0,1.0,0.0,0.0,1.0,0.0,1.0,0.25,1.0,1.0,0.25,0.25,1.0,1.0,1.0,1.0,1.0,0.0,1.0,0.0,1.0,1.0,1.0,1.0,1.0,0.0,1.0,1.0,1.0,1.0,1.0,0.83,1.0,1.0,1.0,1.0,1.0,1.0,0.75,0.25,0.5,0.75,0.5,0.25,0.75,0.25
3386,0.83,0.5,0.0,0.75,1.0,0.0,0.17,1.0,1.0,0.75,1.0,0.25,0.25,0.75,1.0,0.0,0.0,0.25,0.75,0.0,0.75,0.75,0.75,0.0,0.75,0.25,0.0,1.0,1.0,0.25,1.0,0.75,1.0,1.0,0.0,1.0,0.0,0.25,1.0,0.0,0.0,1.0,0.25,1.0,1.0,1.0,0.0,1.0,0.0,0.75,1.0,1.0,1.0,1.0,1.0,1.0,1.0,0.25,0.75,1.0,1.0,1.0,1.0,0.0,1.0,0.75,1.0,0.5,0.5,0.5,0.75,0.5,0.25,0.5,0.0
3387,0.0,0.0,0.0,1.0,1.0,0.0,1.0,0.0,1.0,1.0,0.0,0.0,1.0,0.0,0.0,0.0,1.0,0.0,1.0,0.0,1.0,1.0,1.0,0.0,1.0,0.0,0.0,1.0,0.25,1.0,0.75,0.0,0.0,1.0,1.0,0.0,1.0,1.0,0.0,1.0,1.0,0.25,1.0,1.0,1.0,1.0,0.0,1.0,0.0,1.0,1.0,1.0,1.0,1.0,0.25,1.0,1.0,1.0,0.0,0.25,0.0,0.5,1.0,0.25,0.0,1.0,1.0,1.0,0.0,0.5,1.0,0.75,0.0,0.75,0.5
3388,1.0,0.17,0.17,1.0,0.0,0.0,1.0,0.0,0.75,0.75,0.25,0.0,1.0,0.25,1.0,0.0,1.0,0.75,1.0,0.75,1.0,0.75,0.0,1.0,1.0,0.0,0.0,1.0,0.0,0.75,1.0,0.0,0.0,0.75,1.0,0.75,0.75,1.0,0.0,0.75,1.0,0.0,1.0,1.0,1.0,1.0,0.0,1.0,0.0,1.0,1.0,1.0,1.0,1.0,0.25,1.0,1.0,1.0,0.0,0.25,0.0,0.0,1.0,0.0,0.0,1.0,0.0,0.75,0.0,0.5,0.75,0.75,0.0,1.0,0.5
3389,1.0,0.83,1.0,0.75,0.0,1.0,0.67,0.25,0.25,0.25,1.0,1.0,0.0,0.0,1.0,0.75,0.0,1.0,0.25,0.0,1.0,0.25,0.0,1.0,0.0,1.0,0.75,0.75,0.75,1.0,0.75,1.0,0.0,0.75,0.0,1.0,0.0,0.25,0.0,0.25,0.75,0.75,1.0,0.0,0.0,0.75,1.0,0.0,1.0,1.0,0.75,0.0,0.25,0.0,0.0,0.0,0.0,0.0,1.0,1.0,0.83,0.83,0.67,0.0,0.75,0.25,0.0,0.25,0.5,0.5,0.75,0.5,1.0,0.5,0.5
3392,0.83,0.0,0.5,0.75,0.75,0.0,1.0,0.75,1.0,1.0,0.0,0.25,1.0,0.0,1.0,1.0,1.0,1.0,1.0,0.75,1.0,0.25,0.25,0.0,1.0,0.0,0.0,1.0,0.0,1.0,0.0,0.0,0.0,1.0,0.75,1.0,1.0,1.0,0.0,1.0,1.0,0.0,1.0,1.0,1.0,1.0,0.0,1.0,0.0,1.0,1.0,1.0,1.0,1.0,0.0,0.0,0.25,1.0,0.25,1.0,0.17,0.67,1.0,0.25,0.25,1.0,0.75,0.5,0.5,0.5,1.0,0.5,0.0,1.0,0.5
3395,0.17,0.0,0.0,1.0,1.0,0.25,0.83,0.25,1.0,1.0,0.25,0.0,1.0,0.25,0.0,0.0,1.0,0.25,1.0,0.0,1.0,1.0,0.75,0.25,0.75,0.0,0.0,1.0,0.25,1.0,0.25,0.0,0.0,1.0,0.75,0.0,1.0,1.0,0.25,0.75,0.75,0.0,1.0,1.0,1.0,1.0,0.0,0.75,0.0,1.0,1.0,1.0,1.0,1.0,0.25,1.0,1.0,1.0,0.25,0.25,0.0,0.33,0.83,0.25,0.0,1.0,0.75,0.75,0.25,0.5,1.0,0.75,0.0,1.0,0.5
3396,0.67,0.33,0.17,0.75,1.0,0.0,0.67,0.75,0.75,1.0,1.0,0.0,1.0,1.0,0.0,0.75,0.75,0.25,0.25,0.0,0.75,0.25,1.0,0.0,0.75,0.0,0.0,1.0,0.75,0.25,0.0,0.0,0.0,1.0,0.75,1.0,0.0,0.25,0.0,0.25,0.0,0.25,0.75,1.0,1.0,1.0,0.0,1.0,0.25,1.0,1.0,0.25,0.75,1.0,0.0,0.75,1.0,0.75,0.25,0.75,0.33,0.67,1.0,0.25,0.0,1.0,1.0,0.75,0.25,0.5,0.75,0.5,0.0,0.5,0.25
3397,0.0,0.17,0.0,1.0,1.0,0.0,1.0,0.0,1.0,1.0,0.0,0.0,1.0,0.0,0.75,0.25,1.0,0.25,1.0,0.25,1.0,0.75,1.0,0.0,1.0,0.0,0.0,1.0,0.0,1.0,0.75,0.0,0.0,1.0,1.0,0.0,1.0,1.0,0.0,1.0,1.0,0.0,1.0,1.0,1.0,1.0,0.0,1.0,0.0,1.0,0.75,1.0,0.75,1.0,0.25,0.75,1.0,1.0,0.0,0.25,0.0,0.17,1.0,0.25,0.0,1.0,0.75,0.75,0.25,0.5,1.0,0.75,0.0,1.0,0.75
3398,0.83,0.83,0.5,0.25,0.0,0.25,0.67,0.75,0.75,0.25,0.75,0.25,0.75,0.0,0.75,0.75,0.75,0.75,0.75,0.0,0.75,0.25,0.0,0.25,0.25,0.75,0.25,0.25,0.25,1.0,0.75,0.75,0.75,0.25,0.75,0.75,0.75,1.0,0.25,1.0,1.0,0.75,1.0,0.25,0.0,0.75,0.75,0.25,0.0,1.0,0.75,0.75,0.75,0.75,0.75,0.25,0.25,0.25,0.75,1.0,0.5,0.5,0.5,0.25,0.75,1.0,0.75,0.25,0.5,0.75,1.0,0.75,0.5,0.5,0.5
3399,0.67,0.33,0.17,0.75,1.0,0.0,0.67,0.75,1.0,0.75,0.75,0.0,0.75,0.75,1.0,0.75,0.25,0.75,0.25,0.0,0.75,0.25,1.0,0.0,0.75,0.25,0.0,1.0,1.0,0.75,0.75,0.25,0.25,1.0,0.75,1.0,0.25,0.25,1.0,0.25,0.25,0.75,0.25,1.0,1.0,1.0,0.0,0.75,0.0,1.0,1.0,0.75,0.75,1.0,0.75,1.0,1.0,0.75,0.75,0.75,0.83,0.17,0.17,0.75,0.75,0.75,0.75,0.75,0.25,0.5,0.75,0.5,0.25,0.5,0.5
3400,0.33,0.17,0.0,0.75,1.0,0.0,1.0,0.0,1.0,1.0,0.0,0.0,1.0,0.0,1.0,0.25,1.0,0.75,1.0,1.0,1.0,1.0,1.0,0.0,1.0,0.0,0.0,1.0,0.75,1.0,0.75,0.0,0.0,1.0,1.0,0.25,1.0,0.0,0.0,1.0,1.0,0.0,1.0,1.0,1.0,1.0,0.0,1.0,0.0,1.0,1.0,1.0,1.0,1.0,0.75,1.0,1.0,1.0,0.0,0.25,0.17,0.67,1.0,0.25,0.0,1.0,0.25,0.75,0.0,0.5,0.75,0.5,0.0,1.0,0.5
3401,0.0,0.0,0.0,0.75,1.0,0.0,0.67,1.0,1.0,0.75,1.0,0.0,0.0,1.0,0.75,0.75,0.0,0.75,1.0,0.0,0.75,1.0,1.0,0.0,0.75,0.25,0.0,1.0,1.0,0.75,0.75,0.75,0.75,1.0,0.25,1.0,0.0,0.0,1.0,0.0,0.0,1.0,0.0,1.0,1.0,1.0,0.0,1.0,0.0,0.75,1.0,1.0,0.75,0.75,0.75,1.0,1.0,0.75,1.0,0.75,0.83,1.0,0.83,0.25,1.0,0.75,1.0,0.75,0.5,0.5,0.5,0.5,0.0,0.75,0.0
3402,0.67,0.83,0.0,0.75,1.0,0.0,0.17,0.75,1.0,1.0,1.0,0.25,0.75,0.75,0.25,1.0,0.0,0.75,1.0,0.0,1.0,0.75,1.0,0.0,0.75,0.0,0.0,1.0,1.0,1.0,0.75,0.75,0.25,1.0,0.25,1.0,0.0,0.25,1.0,0.75,0.0,0.75,0.0,1.0,1.0,1.0,0.0,1.0,0.0,0.75,1.0,0.75,1.0,1.0,0.0,0.75,1.0,1.0,0.75,0.75,0.67,1.0,0.83,0.0,1.0,0.25,1.0,0.5,0.25,0.75,0.75,0.5,0.0,0.5,0.0
3404,0.17,0.33,0.33,0.75,0.75,0.0,0.83,0.75,0.75,0.75,0.25,0.0,0.75,0.75,1.0,0.25,0.25,0.75,0.75,0.75,0.75,0.25,0.75,0.25,0.25,0.25,0.25,0.25,0.25,0.25,0.25,0.25,0.0,0.75,0.75,0.75,0.25,0.75,0.0,0.25,0.75,0.25,0.75,0.75,0.75,1.0,0.25,0.75,0.75,0.25,0.75,0.75,0.75,1.0,0.0,0.75,0.25,0.75,0.75,0.75,0.67,0.17,0.67,0.25,0.25,0.75,0.75,0.5,0.5,0.5,0.5,0.5,0.25,0.75,0.5
3405,0.33,0.33,0.17,0.75,0.25,0.0,0.67,0.75,1.0,0.75,0.75,0.0,0.25,0.0,0.75,0.75,0.0,1.0,0.75,0.25,0.25,0.25,0.75,0.0,0.25,0.0,0.0,1.0,0.75,0.75,0.75,0.25,0.25,0.25,0.25,0.75,0.0,1.0,0.25,0.75,1.0,1.0,1.0,0.75,0.75,1.0,0.25,0.25,0.75,1.0,0.25,0.25,0.75,0.75,0.75,0.0,0.0,0.75,1.0,0.75,0.5,0.83,0.5,0.0,0.75,0.25,0.75,0.5,0.5,0.5,0.75,0.5,0.5,0.75,0.5
3406,1.0,0.5,0.0,1.0,0.75,0.0,0.0,1.0,0.75,0.0,1.0,0.25,0.0,0.75,1.0,0.0,0.0,0.0,0.75,0.25,0.75,0.0,0.25,0.0,0.0,0.0,0.0,1.0,1.0,0.0,0.0,1.0,0.0,1.0,0.0,1.0,0.0,0.0,1.0,0.0,0.0,1.0,0.25,0.0,0.0,0.25,1.0,0.0,0.25,0.0,1.0,0.0,0.75,0.0,1.0,0.25,0.75,0.0,1.0,1.0,0.67,1.0,0.0,0.0,1.0,0.25,1.0,0.5,0.5,0.75,0.75,0.5,0.5,0.5,0.25
3408,1.0,0.83,0.33,1.0,0.25,0.0,1.0,0.0,1.0,0.75,0.75,0.25,0.75,0.0,1.0,0.75,0.0,1.0,0.75,0.0,1.0,0.25,0.0,0.0,0.25,0.0,0.0,0.75,0.0,1.0,0.0,0.25,0.0,0.0,0.75,0.0,0.25,1.0,0.25,0.25,1.0,0.75,1.0,1.0,0.25,1.0,0.25,0.25,0.0,1.0,1.0,1.0,0.75,0.75,1.0,0.0,0.75,0.25,1.0,1.0,0.67,0.67,1.0,0.0,1.0,0.75,1.0,0.5,0.5,0.75,0.75,0.5,0.25,0.75,0.5
3409,1.0,0.33,0.17,0.75,0.75,0.0,0.33,0.25,1.0,0.0,0.75,0.0,0.25,0.0,1.0,0.0,0.0,1.0,0.75,0.0,0.75,0.75,0.75,0.0,0.25,0.0,0.0,1.0,0.25,1.0,0.25,0.25,0.25,0.0,0.0,1.0,0.25,0.75,0.0,0.75,0.75,0.75,0.75,0.75,1.0,1.0,0.25,1.0,0.25,1.0,0.0,0.25,0.75,1.0,1.0,0.75,0.75,0.75,0.75,0.75,0.67,0.5,0.67,0.0,0.75,0.0,0.75,0.5,0.5,0.5,0.75,0.5,0.5,0.5,0.5
3410,1.0,0.67,0.5,0.25,0.75,0.0,0.5,0.0,1.0,0.0,1.0,0.0,0.25,0.0,0.25,0.75,0.0,1.0,0.75,0.0,0.25,0.25,0.0,0.25,0.25,0.75,0.25,0.75,0.0,1.0,0.75,0.25,0.25,0.0,0.25,0.75,0.0,1.0,0.0,0.75,1.0,0.75,1.0,1.0,0.75,1.0,0.25,0.25,0.75,1.0,0.0,0.25,0.75,0.75,0.25,0.0,0.0,0.75,1.0,0.75,0.67,0.67,0.5,0.0,0.75,0.75,0.75,0.5,0.5,0.5,0.5,0.5,0.5,0.5,0.5
3411,0.5,0.33,0.17,0.75,0.75,0.0,0.67,0.0,1.0,0.75,0.25,0.0,1.0,0.0,1.0,0.25,1.0,1.0,1.0,0.0,1.0,0.75,1.0,0.0,0.75,0.0,0.0,1.0,0.25,1.0,0.75,0.75,0.0,1.0,1.0,1.0,1.0,1.0,0.75,1.0,1.0,0.0,1.0,1.0,1.0,1.0,0.75,0.75,0.0,1.0,1.0,1.0,1.0,1.0,0.0,0.25,1.0,1.0,0.0,0.75,0.5,0.5,1.0,0.25,0.75,1.0,0.75,0.5,0.0,0.5,1.0,0.75,0.5,1.0,0.75
3412,1.0,1.0,1.0,0.0,0.0,1.0,0.0,1.0,0.0,0.0,1.0,1.0,0.0,1.0,0.0,0.0,0.0,1.0,1.0,0.0,0.25,0.25,0.0,1.0,0.0,1.0,1.0,0.0,0.0,1.0,0.0,1.0,0.25,0.0,0.0,1.0,0.0,0.0,0.0,0.0,1.0,1.0,1.0,0.0,1.0,0.0,1.0,1.0,0.0,1.0,0.0,1.0,1.0,0.0,0.0,0.0,0.0,0.0,1.0,1.0,1.0,1.0,0.5,0.0,1.0,1.0,0.0,0.25,0.75,0.75,0.5,0.25,0.5,0.5,0.75
3413,0.0,0.67,0.67,0.25,0.75,0.25,0.5,0.0,0.25,0.0,0.75,0.25,0.25,0.0,0.75,0.75,0.25,1.0,0.75,0.0,0.25,0.75,0.0,0.25,0.25,0.25,0.25,0.75,0.25,0.25,0.75,0.25,0.25,0.25,0.25,0.25,0.0,0.75,0.0,0.75,1.0,0.75,0.75,0.75,0.75,0.75,0.25,0.0,0.25,1.0,0.25,0.25,0.25,0.0,0.0,0.0,0.25,0.0,1.0,0.0,0.33,0.33,0.5,0.0,1.0,0.75,0.25,0.5,0.5,0.5,0.5,0.5,0.5,0.5,0.5
3418,0.0,0.0,0.0,1.0,1.0,0.0,1.0,0.0,1.0,1.0,0.0,0.0,1.0,0.0,0.75,0.75,1.0,0.0,1.0,0.0,1.0,1.0,1.0,0.0,1.0,0.0,0.0,1.0,0.75,1.0,0.75,0.0,0.0,1.0,1.0,0.0,1.0,1.0,0.0,1.0,1.0,0.75,1.0,1.0,1.0,1.0,0.0,0.25,0.0,1.0,1.0,1.0,1.0,1.0,0.25,1.0,1.0,1.0,0.0,0.25,0.17,0.5,1.0,0.75,0.75,1.0,1.0,1.0,0.0,0.5,1.0,1.0,0.25,1.0,0.0
3419,0.17,0.0,0.0,1.0,1.0,0.0,1.0,0.0,1.0,1.0,0.0,0.0,1.0,0.0,0.75,0.75,1.0,0.0,1.0,0.0,1.0,1.0,1.0,0.0,1.0,0.0,0.0,1.0,0.75,1.0,1.0,0.0,0.0,1.0,1.0,0.75,1.0,1.0,0.0,1.0,1.0,0.75,1.0,1.0,1.0,1.0,0.0,0.75,0.25,1.0,1.0,1.0,1.0,1.0,0.25,0.75,1.0,1.0,0.0,0.25,0.0,0.67,1.0,0.75,0.75,1.0,1.0,1.0,0.0,0.5,1.0,1.0,0.0,1.0,0.25
3420,0.67,0.17,0.0,1.0,0.25,0.0,1.0,0.0,1.0,1.0,0.0,0.0,1.0,0.0,1.0,0.75,1.0,0.75,1.0,0.0,1.0,0.75,1.0,0.0,1.0,0.0,0.0,1.0,0.0,1.0,0.25,0.0,0.75,1.0,1.0,1.0,1.0,1.0,0.0,0.75,1.0,0.0,1.0,1.0,1.0,1.0,0.0,1.0,0.0,1.0,1.0,1.0,0.75,1.0,0.0,0.0,1.0,1.0,0.0,1.0,0.0,0.67,1.0,0.0,0.0,1.0,1.0,1.0,0.0,0.75,1.0,1.0,0.0,1.0,0.25
3421,0.67,0.33,0.17,1.0,0.25,0.0,1.0,0.75,1.0,1.0,0.0,0.0,1.0,0.0,0.75,0.25,1.0,0.75,1.0,0.25,1.0,0.75,1.0,0.0,0.75,0.0,0.0,1.0,0.0,1.0,0.75,0.0,0.0,1.0,0.25,1.0,0.75,0.0,0.0,0.75,1.0,0.75,0.0,1.0,0.25,1.0,0.75,0.25,0.0,1.0,0.75,1.0,0.25,1.0,1.0,0.0,0.75,0.75,0.25,1.0,0.83,0.83,1.0,0.25,0.75,1.0,1.0,1.0,0.25,0.5,0.75,0.5,0.25,1.0,0.5
3426,1.0,0.17,0.5,0.0,0.0,0.0,0.0,1.0,1.0,1.0,1.0,0.25,1.0,1.0,1.0,0.0,0.0,0.0,0.0,0.0,1.0,0.75,1.0,0.0,0.25,0.75,0.0,0.75,0.0,1.0,0.0,0.0,0.0,1.0,0.0,1.0,0.0,0.0,1.0,0.75,1.0,1.0,1.0,1.0,1.0,1.0,1.0,0.0,0.0,1.0,0.25,0.25,0.25,0.25,1.0,0.0,0.0,0.0,1.0,1.0,1.0,0.83,0.17,0.25,1.0,0.75,1.0,0.75,0.75,0.5,0.75,0.5,0.75,0.75,0.5
3427,0.67,0.67,0.67,0.25,0.25,0.25,0.5,1.0,0.25,0.25,0.75,0.75,0.25,0.25,1.0,0.25,0.75,0.75,0.25,0.0,0.75,0.75,0.75,0.25,0.75,0.75,0.75,0.75,0.25,0.75,0.75,0.25,0.25,0.75,0.75,0.75,0.25,0.25,0.75,0.25,0.75,0.75,0.75,0.75,0.25,0.75,0.25,0.25,0.75,1.0,0.0,0.75,0.0,0.75,0.75,0.25,0.25,0.25,0.75,0.75,0.67,0.67,0.33,0.0,0.25,0.25,0.25,0.5,0.5,0.5,0.5,0.5,0.75,0.5,0.75
3428,0.83,0.83,0.83,0.0,0.0,1.0,0.5,0.0,0.75,0.0,0.0,0.0,0.75,0.0,0.0,0.0,1.0,1.0,1.0,0.0,1.0,1.0,0.0,0.25,0.0,1.0,1.0,1.0,0.0,1.0,1.0,1.0,0.0,1.0,0.75,1.0,1.0,1.0,0.0,1.0,1.0,0.75,1.0,0.25,0.25,1.0,1.0,0.25,0.0,1.0,0.75,0.25,1.0,1.0,0.0,0.0,0.0,1.0,0.75,1.0,0.33,0.67,0.5,0.0,1.0,1.0,1.0,0.5,0.75,0.75,0.75,0.75,0.75,0.25,0.75
3429,0.83,0.33,0.5,0.0,1.0,0.0,0.67,1.0,0.25,0.75,1.0,0.25,0.25,1.0,0.25,1.0,0.25,1.0,0.75,0.0,1.0,0.25,0.75,0.0,0.25,0.25,0.75,1.0,0.25,0.25,1.0,0.75,1.0,1.0,0.25,1.0,0.25,0.25,1.0,0.0,0.0,1.0,0.0,1.0,1.0,1.0,0.0,1.0,0.0,0.75,1.0,1.0,1.0,0.75,0.0,0.25,1.0,0.25,0.75,0.75,1.0,1.0,0.83,0.25,1.0,0.25,1.0,0.5,0.25,0.5,0.5,0.5,0.0,0.75,0.0
3432,0.83,0.17,0.5,0.0,0.25,0.0,0.5,0.75,0.0,0.0,0.25,1.0,0.0,0.75,0.75,0.75,0.75,1.0,0.0,0.0,0.0,0.75,0.0,0.0,0.0,1.0,0.0,0.75,0.0,0.25,1.0,0.75,0.0,1.0,0.0,0.75,0.0,0.25,0.25,0.0,0.75,1.0,0.75,1.0,0.0,1.0,1.0,0.0,1.0,1.0,0.0,0.0,0.0,0.25,0.0,0.0,0.25,0.0,1.0,1.0,0.83,0.5,0.67,0.0,1.0,0.0,0.0,0.5,0.75,0.5,0.5,0.5,0.75,0.75,0.5
3433,1.0,0.83,0.17,0.0,0.0,0.0,0.17,1.0,0.0,0.0,0.0,0.75,0.25,1.0,1.0,0.75,0.0,1.0,0.75,0.0,1.0,0.0,0.0,1.0,0.0,1.0,0.0,1.0,0.25,0.75,1.0,0.25,0.0,1.0,0.75,1.0,0.0,0.25,0.25,0.0,0.75,1.0,0.0,0.75,0.0,1.0,0.75,0.0,0.75,1.0,0.75,0.25,0.0,0.0,0.75,0.0,1.0,0.0,1.0,1.0,0.67,0.83,0.5,0.0,1.0,0.75,0.75,0.25,0.5,0.75,0.75,0.75,0.75,0.5,0.5
3434,0.0,0.0,0.0,1.0,0.25,0.0,1.0,0.0,1.0,1.0,1.0,0.0,1.0,0.25,1.0,1.0,1.0,1.0,0.75,0.0,1.0,1.0,1.0,0.0,0.25,0.25,0.0,1.0,0.75,1.0,1.0,1.0,1.0,1.0,1.0,1.0,0.25,0.25,0.25,0.25,0.75,0.25,1.0,1.0,1.0,1.0,0.0,1.0,0.25,1.0,1.0,1.0,0.75,1.0,0.0,1.0,0.0,0.0,1.0,1.0,0.0,0.67,1.0,0.0,0.25,1.0,1.0,0.5,0.25,0.75,0.75,0.5,0.25,1.0,0.75
3435,0.83,0.17,0.17,0.75,0.0,0.75,0.83,0.0,1.0,1.0,0.75,1.0,1.0,0.0,1.0,1.0,1.0,1.0,1.0,0.0,1.0,0.25,1.0,0.75,1.0,0.25,0.75,0.75,0.75,1.0,0.0,0.75,0.75,0.75,0.75,0.75,1.0,0.75,1.0,0.75,0.75,0.25,1.0,0.75,0.75,0.75,0.25,0.75,0.25,0.25,0.75,0.75,0.25,0.75,0.75,0.25,0.25,0.25,0.25,0.75,0.83,0.17,1.0,0.25,0.75,0.75,1.0,0.75,0.75,1.0,1.0,0.75,0.25,0.5,0.75
3437,0.83,0.33,0.17,0.75,0.25,0.25,0.33,1.0,0.25,0.25,1.0,0.25,0.0,0.75,1.0,0.75,0.25,0.25,0.25,0.0,1.0,0.75,0.0,0.25,0.0,0.75,0.25,0.75,0.75,1.0,0.25,0.25,0.25,0.75,1.0,0.75,0.25,0.25,1.0,0.75,0.25,0.25,0.25,0.75,0.25,0.75,0.25,0.0,0.0,0.0,0.0,0.0,0.75,0.0,0.75,0.0,0.25,0.25,0.75,1.0,0.83,0.67,0.33,0.0,0.75,0.25,0.75,0.5,0.75,0.75,0.75,0.25,0.75,0.75,0.75
3438,1.0,0.17,0.17,0.25,1.0,0.0,0.67,1.0,0.25,0.0,0.75,0.25,0.25,0.75,1.0,0.0,0.0,0.0,0.75,0.0,0.25,0.75,0.25,0.0,0.0,0.0,0.0,1.0,1.0,0.25,1.0,0.25,0.25,1.0,0.0,1.0,0.0,0.25,1.0,0.0,0.25,1.0,0.0,1.0,1.0,0.75,0.25,1.0,0.25,1.0,0.75,1.0,0.25,0.25,0.75,0.0,0.25,0.25,1.0,1.0,0.83,0.83,0.67,0.0,1.0,0.0,1.0,0.75,0.5,0.5,0.75,0.5,0.5,0.5,0.5
3439,0.33,0.83,0.67,0.25,0.75,0.25,0.17,1.0,0.0,0.0,1.0,0.25,0.0,1.0,0.25,0.25,0.0,0.25,0.0,0.0,0.75,0.75,0.0,0.25,0.0,0.75,0.0,0.75,1.0,0.0,0.75,0.25,0.75,1.0,0.0,1.0,0.0,0.0,1.0,0.0,0.0,1.0,0.0,0.0,0.25,0.0,1.0,0.0,0.0,0.0,0.0,0.75,0.25,0.0,0.75,0.0,0.0,0.0,1.0,1.0,1.0,1.0,0.17,0.0,1.0,0.0,0.25,0.25,0.5,0.5,0.75,0.5,1.0,0.5,0.5
3440,0.83,0.33,0.17,0.25,1.0,0.0,0.0,1.0,1.0,0.0,1.0,0.0,0.0,1.0,1.0,1.0,0.0,0.0,1.0,0.0,0.25,0.0,1.0,0.0,0.75,0.0,0.0,1.0,1.0,0.0,1.0,1.0,0.0,1.0,1.0,1.0,0.0,0.25,1.0,0.0,0.0,1.0,0.0,0.75,0.75,0.0,1.0,0.0,0.25,0.0,0.75,0.0,0.0,0.25,1.0,0.75,0.0,0.25,1.0,1.0,1.0,0.83,0.33,0.75,1.0,0.0,0.0,0.5,0.5,0.5,0.75,0.5,0.5,0.5,0.5
3441,0.83,0.83,0.17,0.75,0.25,0.25,1.0,0.75,0.25,0.0,1.0,0.0,0.0,0.25,0.75,0.75,0.0,1.0,0.75,0.0,0.25,0.75,0.0,0.25,0.25,0.25,0.75,0.75,1.0,0.25,0.25,1.0,0.25,0.75,0.75,1.0,0.25,0.25,0.25,0.25,0.25,0.75,0.75,0.75,1.0,1.0,1.0,0.25,0.75,0.25,0.75,0.25,0.25,0.75,0.75,0.25,0.25,0.25,0.75,0.75,0.83,0.83,0.17,0.25,0.75,0.25,0.25,0.5,0.75,0.5,1.0,0.5,1.0,1.0,0.25
3442,0.17,0.0,0.0,1.0,0.75,0.0,1.0,1.0,1.0,1.0,0.75,0.0,0.0,1.0,1.0,0.25,0.25,1.0,1.0,0.0,1.0,0.75,1.0,0.0,1.0,0.0,0.0,1.0,0.75,0.25,1.0,0.25,0.0,1.0,0.0,1.0,0.0,0.75,0.0,0.0,0.0,1.0,1.0,0.75,1.0,1.0,0.25,1.0,0.0,0.0,1.0,1.0,0.25,1.0,1.0,1.0,1.0,1.0,1.0,0.0,1.0,1.0,0.83,1.0,1.0,0.75,1.0,1.0,0.5,0.25,0.75,0.5,0.5,1.0,0.25
3443,0.83,0.83,1.0,0.25,0.25,0.25,0.33,0.0,0.25,0.0,0.75,0.75,1.0,0.25,0.75,1.0,0.75,0.75,0.25,0.0,0.75,1.0,0.25,0.25,0.25,0.25,0.75,0.75,0.25,0.25,0.75,0.25,0.25,0.0,0.75,0.25,0.75,1.0,1.0,0.25,1.0,0.75,0.75,0.25,0.25,0.75,1.0,0.0,0.25,0.75,0.75,0.75,0.75,0.75,0.25,0.25,0.25,0.0,1.0,1.0,1.0,1.0,0.5,0.0,1.0,0.0,0.75,0.25,0.5,0.25,0.75,0.25,0.75,0.75,0.25
3445,0.83,0.5,0.83,0.75,0.25,0.0,0.83,0.75,0.75,0.75,1.0,0.25,0.0,0.25,1.0,0.75,0.75,1.0,0.75,0.0,0.75,0.75,0.75,0.25,0.75,0.0,0.0,0.75,0.75,1.0,0.75,0.0,0.0,0.75,0.25,0.25,0.25,1.0,0.0,1.0,0.75,0.25,1.0,0.75,0.75,1.0,0.75,0.75,0.25,1.0,0.75,1.0,0.75,1.0,0.75,0.0,0.0,0.25,1.0,1.0,0.33,0.5,0.67,0.75,0.25,0.75,0.75,0.75,0.5,0.75,0.75,0.5,0.5,0.5,0.5
3447,0.67,0.67,0.67,0.25,0.25,0.75,0.67,0.75,0.25,0.75,0.75,0.75,0.25,0.25,0.75,0.25,0.75,0.75,0.75,0.0,0.75,0.75,0.25,1.0,0.0,0.75,0.25,0.25,0.75,0.25,0.75,1.0,0.25,0.75,0.0,0.75,0.0,1.0,1.0,0.75,1.0,0.75,0.75,0.25,0.0,0.75,0.75,0.0,0.75,0.75,0.0,0.0,0.75,0.0,0.0,0.75,0.25,0.0,1.0,0.75,0.33,0.83,0.33,0.0,1.0,0.75,0.25,0.25,0.75,0.5,0.5,0.75,0.75,0.5,0.5
3448,1.0,0.67,0.33,0.0,0.0,0.25,0.17,0.25,0.25,0.0,0.75,0.75,0.0,0.0,0.75,0.75,0.25,1.0,1.0,0.0,0.75,0.25,0.0,0.75,0.0,0.75,0.75,0.0,0.25,0.25,0.75,0.75,0.75,1.0,0.75,0.75,0.0,0.25,0.25,0.75,1.0,1.0,1.0,0.25,0.0,0.75,1.0,0.0,1.0,1.0,0.0,0.0,0.0,0.25,0.75,0.0,0.25,0.0,1.0,1.0,0.17,0.67,0.17,0.0,0.25,0.75,0.0,0.25,0.75,0.75,0.75,0.5,0.5,0.5,0.75
3457,0.83,0.17,0.17,0.25,0.0,0.0,0.17,0.75,0.75,0.0,0.75,0.25,0.25,1.0,1.0,0.25,0.0,0.0,0.25,0.0,0.75,0.75,0.25,0.0,0.75,0.25,0.25,1.0,0.75,0.25,0.0,0.75,0.25,1.0,0.0,1.0,0.75,0.75,0.75,0.25,0.75,1.0,0.25,0.75,0.75,1.0,0.25,0.25,0.0,1.0,0.75,0.75,1.0,0.25,0.25,0.0,0.0,0.25,0.75,0.75,0.67,0.83,0.33,0.0,0.25,0.75,0.75,0.5,0.5,0.5,0.75,0.5,0.5,0.75,0.5
3460,1.0,0.67,1.0,0.25,0.75,0.75,0.67,0.75,0.25,0.25,0.25,0.75,0.0,0.75,0.75,1.0,0.75,0.75,0.75,0.0,0.75,0.25,0.0,0.75,0.0,0.75,0.75,0.75,0.75,0.25,0.75,1.0,0.25,0.75,0.25,0.25,0.0,0.75,0.75,0.75,0.75,0.75,0.25,0.25,0.25,0.75,0.75,0.25,0.25,0.75,0.25,0.75,0.75,0.25,0.75,0.25,0.25,0.25,1.0,1.0,0.83,0.83,0.67,0.0,1.0,0.75,0.0,0.25,0.75,0.75,0.75,0.25,0.75,0.75,0.75
3464,0.83,0.5,0.5,1.0,0.0,0.25,0.5,0.0,1.0,1.0,1.0,1.0,1.0,0.0,0.0,1.0,1.0,1.0,1.0,0.75,1.0,1.0,0.0,1.0,0.25,0.0,1.0,1.0,1.0,1.0,0.0,1.0,1.0,1.0,1.0,1.0,1.0,1.0,1.0,1.0,1.0,0.0,0.75,1.0,0.0,1.0,0.0,0.75,0.25,0.75,0.25,1.0,1.0,1.0,1.0,0.75,1.0,0.0,0.75,1.0,0.5,0.5,0.83,0.0,1.0,0.0,1.0,0.75,0.5,0.75,0.75,0.75,0.75,0.75,0.75
3465,0.83,0.67,0.0,1.0,1.0,0.0,0.33,0.75,1.0,1.0,1.0,0.25,0.75,1.0,0.75,0.75,0.25,0.75,0.75,0.0,1.0,0.0,1.0,0.0,0.25,0.0,0.0,1.0,1.0,1.0,0.75,0.75,0.25,1.0,0.25,1.0,0.0,0.25,1.0,0.25,0.0,1.0,0.0,1.0,1.0,1.0,0.0,1.0,0.0,0.75,1.0,1.0,1.0,1.0,1.0,1.0,1.0,0.75,1.0,1.0,1.0,0.83,1.0,1.0,1.0,1.0,1.0,0.75,0.5,0.5,0.75,0.5,0.0,0.75,0.0
3466,0.67,0.17,0.17,1.0,1.0,0.0,0.83,1.0,0.75,0.75,1.0,0.25,0.0,1.0,0.75,1.0,0.0,0.25,0.25,0.0,0.75,0.25,0.75,0.0,1.0,0.0,0.0,0.75,0.75,0.0,1.0,0.25,0.25,1.0,0.25,0.75,0.0,0.0,0.75,0.0,0.25,1.0,0.0,1.0,1.0,1.0,0.25,0.75,0.0,0.25,1.0,0.25,1.0,1.0,0.75,1.0,1.0,0.75,0.75,1.0,1.0,0.83,0.83,0.75,1.0,0.75,1.0,1.0,0.5,0.5,0.75,0.5,0.25,0.5,0.0
3469,0.33,0.5,0.0,0.25,1.0,0.0,0.33,1.0,1.0,0.25,0.25,0.75,0.25,0.0,0.75,1.0,0.25,0.0,0.25,0.0,0.25,0.25,0.0,0.25,0.75,0.75,0.25,1.0,0.25,1.0,0.75,0.25,1.0,1.0,0.75,0.25,0.75,0.75,1.0,0.25,1.0,1.0,0.75,0.75,0.75,1.0,0.75,0.0,0.75,1.0,0.75,0.75,0.75,1.0,0.75,0.0,0.0,0.25,0.75,0.75,0.67,0.83,0.5,0.0,0.75,0.75,1.0,0.5,0.5,0.5,0.5,0.25,0.5,0.75,0.5
3470,0.33,0.0,0.17,1.0,1.0,0.0,1.0,0.0,1.0,1.0,0.0,0.0,1.0,0.0,0.0,1.0,1.0,0.0,1.0,0.25,1.0,1.0,1.0,0.0,1.0,0.0,0.0,1.0,0.25,1.0,0.0,0.0,0.0,0.0,1.0,0.75,1.0,1.0,0.0,1.0,1.0,0.25,1.0,1.0,1.0,1.0,0.0,1.0,0.0,1.0,1.0,1.0,1.0,1.0,0.0,0.75,1.0,1.0,0.0,0.0,0.0,0.17,1.0,1.0,0.0,1.0,1.0,1.0,0.0,0.5,1.0,1.0,0.0,1.0,0.25
3471,0.67,0.17,0.33,0.75,0.75,0.25,0.67,0.0,1.0,1.0,0.25,0.75,0.75,0.25,0.75,0.25,0.75,0.75,0.75,0.25,0.75,0.75,0.75,0.25,0.75,0.25,0.25,0.75,0.25,0.75,0.75,0.25,0.25,0.75,0.75,0.25,0.75,0.75,0.25,0.75,0.75,0.25,0.25,1.0,1.0,1.0,0.0,0.75,0.75,0.75,1.0,1.0,0.75,1.0,0.75,0.75,1.0,1.0,0.0,0.75,0.33,0.67,1.0,0.75,0.25,1.0,0.75,0.75,0.25,0.25,1.0,0.75,0.25,0.75,0.75
3472,0.83,0.33,0.83,0.75,0.0,1.0,0.33,0.0,0.75,1.0,1.0,0.0,1.0,0.0,1.0,0.0,1.0,1.0,1.0,0.0,1.0,1.0,0.0,1.0,1.0,0.75,0.0,1.0,0.75,1.0,0.0,1.0,1.0,0.0,0.0,1.0,1.0,1.0,0.0,1.0,1.0,1.0,0.75,0.0,1.0,1.0,1.0,0.0,1.0,1.0,1.0,1.0,1.0,1.0,1.0,0.0,1.0,1.0,1.0,0.75,1.0,0.67,0.83,0.0,0.0,1.0,1.0,0.75,0.75,0.75,1.0,0.75,1.0,0.75,1.0
3478,0.0,0.5,0.0,1.0,1.0,0.0,1.0,0.25,1.0,1.0,0.0,0.0,1.0,0.0,1.0,0.75,1.0,0.75,1.0,0.0,0.75,0.75,1.0,0.0,0.75,0.25,0.0,1.0,0.25,1.0,0.75,0.0,0.25,1.0,1.0,0.25,1.0,0.25,0.0,0.75,0.75,0.75,0.25,1.0,0.75,1.0,0.0,0.75,0.75,0.75,0.75,0.75,0.75,1.0,1.0,0.25,1.0,1.0,0.0,0.75,0.17,1.0,0.5,0.0,0.0,1.0,1.0,0.75,0.0,0.5,0.5,0.75,0.25,1.0,0.0
3479,0.33,0.5,0.0,1.0,1.0,0.0,0.83,0.0,1.0,1.0,0.75,0.0,1.0,0.25,0.0,0.0,0.25,0.75,1.0,0.0,0.75,0.75,1.0,0.0,1.0,0.0,0.0,1.0,0.0,1.0,1.0,0.0,0.25,0.75,0.75,1.0,0.0,1.0,0.75,0.25,0.0,0.0,1.0,1.0,1.0,1.0,0.0,1.0,0.75,1.0,1.0,1.0,1.0,1.0,0.25,0.0,1.0,1.0,0.0,0.75,0.33,0.5,1.0,0.0,0.0,1.0,1.0,0.25,0.25,0.75,1.0,0.75,0.25,0.75,0.75
3480,0.67,0.0,0.0,1.0,1.0,0.0,1.0,0.0,1.0,0.75,0.0,0.0,1.0,0.0,0.0,0.0,1.0,0.25,1.0,0.0,1.0,0.75,1.0,0.0,1.0,0.0,0.0,1.0,0.0,1.0,0.25,0.0,0.0,1.0,1.0,0.0,0.75,1.0,0.75,0.75,0.75,0.75,1.0,1.0,1.0,1.0,0.0,1.0,0.0,1.0,1.0,1.0,1.0,1.0,1.0,0.0,1.0,1.0,0.0,0.75,0.33,0.33,1.0,0.25,0.75,1.0,1.0,1.0,0.0,0.25,1.0,0.75,0.25,0.75,0.25
3486,0.0,0.17,0.0,1.0,0.75,0.0,1.0,0.0,1.0,1.0,0.0,0.0,1.0,0.0,0.25,0.75,1.0,0.25,1.0,1.0,1.0,0.75,1.0,0.0,1.0,0.0,0.0,1.0,1.0,1.0,1.0,0.0,0.25,1.0,1.0,0.0,1.0,1.0,0.0,1.0,1.0,0.0,1.0,1.0,1.0,1.0,0.0,1.0,0.25,1.0,1.0,1.0,1.0,1.0,0.75,0.25,1.0,1.0,0.25,0.25,0.0,0.67,1.0,1.0,0.75,1.0,1.0,1.0,0.25,0.5,0.5,1.0,0.5,1.0,0.5
3487,0.0,0.0,0.17,1.0,1.0,0.0,0.5,0.0,1.0,1.0,0.0,0.0,1.0,0.0,1.0,0.25,1.0,0.0,1.0,0.25,1.0,1.0,1.0,0.0,1.0,0.0,0.0,1.0,0.0,1.0,0.25,0.0,0.0,1.0,1.0,0.0,1.0,1.0,0.25,1.0,1.0,0.25,1.0,1.0,1.0,1.0,0.0,1.0,0.0,1.0,1.0,1.0,1.0,1.0,0.0,1.0,1.0,1.0,0.0,0.75,0.0,0.17,1.0,0.0,0.0,1.0,1.0,1.0,0.0,0.5,0.75,0.75,0.0,1.0,0.5
3491,0.67,0.17,0.0,0.75,1.0,0.0,0.83,0.0,0.75,0.75,1.0,0.0,0.75,0.25,0.75,0.25,0.75,0.75,0.75,0.25,1.0,0.25,1.0,0.0,0.75,0.0,0.25,1.0,0.75,0.75,1.0,0.25,0.0,1.0,0.75,0.75,0.25,0.25,1.0,0.25,0.75,0.75,0.0,1.0,1.0,1.0,0.0,1.0,0.0,1.0,1.0,1.0,1.0,1.0,1.0,1.0,1.0,1.0,0.75,0.75,0.83,1.0,1.0,0.0,0.75,1.0,1.0,0.5,0.25,0.5,0.75,0.5,0.0,0.75,0.0
3493,0.0,0.0,0.0,1.0,0.75,0.0,1.0,0.0,1.0,1.0,0.0,0.0,1.0,0.0,1.0,1.0,1.0,0.0,1.0,0.25,1.0,1.0,1.0,0.0,1.0,0.0,0.0,1.0,0.0,1.0,0.25,0.0,0.0,1.0,1.0,0.0,1.0,1.0,0.0,1.0,1.0,0.25,1.0,1.0,1.0,1.0,0.0,1.0,0.0,1.0,1.0,1.0,1.0,1.0,0.25,1.0,1.0,1.0,0.0,0.0,0.0,0.5,1.0,1.0,0.0,1.0,1.0,0.75,0.0,0.5,1.0,0.75,0.0,0.75,0.5
3494,0.67,0.33,0.17,0.75,1.0,0.0,0.33,1.0,1.0,1.0,1.0,0.25,0.25,0.0,1.0,1.0,0.25,0.0,0.75,0.0,1.0,0.75,1.0,0.0,0.25,0.25,0.25,1.0,1.0,1.0,0.75,0.75,0.75,1.0,0.0,0.75,0.0,0.25,0.25,1.0,0.25,0.75,0.75,1.0,1.0,1.0,0.0,0.25,0.0,1.0,0.75,1.0,1.0,1.0,0.75,0.75,1.0,0.75,1.0,0.25,0.67,0.83,0.83,0.0,0.75,1.0,1.0,0.75,0.5,0.5,0.75,0.5,0.25,0.75,0.5
3495,0.0,0.0,0.0,1.0,0.75,0.0,1.0,0.0,1.0,1.0,0.0,0.0,1.0,0.0,0.0,0.0,1.0,0.0,1.0,0.0,1.0,1.0,1.0,0.0,1.0,0.0,0.0,1.0,1.0,1.0,1.0,0.0,0.0,1.0,1.0,0.0,1.0,1.0,0.0,1.0,1.0,0.25,1.0,1.0,1.0,1.0,0.0,1.0,0.0,1.0,1.0,1.0,1.0,1.0,0.25,1.0,1.0,1.0,0.0,0.0,0.0,0.33,1.0,0.25,0.0,1.0,1.0,0.75,0.0,0.5,1.0,0.75,0.0,1.0,0.5
3498,0.17,1.0,1.0,0.0,0.0,1.0,0.67,0.0,1.0,1.0,0.0,0.25,0.0,0.0,1.0,0.0,1.0,1.0,0.75,0.0,1.0,1.0,0.0,1.0,0.0,1.0,1.0,0.0,0.0,0.25,0.0,1.0,0.0,0.0,0.0,0.0,0.0,1.0,0.0,1.0,1.0,0.25,1.0,0.0,0.0,1.0,1.0,0.0,1.0,1.0,0.0,0.0,0.0,0.0,0.0,0.0,0.0,0.0,1.0,1.0,0.67,0.0,1.0,0.0,1.0,0.0,0.0,0.0,1.0,1.0,1.0,0.5,0.75,0.75,0.75
3499,0.67,0.67,0.17,0.75,1.0,0.0,0.5,0.75,0.75,0.75,0.75,0.25,0.25,0.75,0.75,0.25,0.75,0.75,0.75,0.0,0.75,0.75,0.75,0.25,0.25,0.25,0.25,1.0,0.25,1.0,0.75,0.25,0.25,1.0,0.25,0.25,0.25,0.75,0.75,0.0,0.25,0.25,0.25,1.0,1.0,1.0,0.0,1.0,0.0,1.0,1.0,0.75,0.75,1.0,0.75,1.0,1.0,0.75,0.25,0.75,0.33,0.67,0.83,0.0,0.25,0.75,1.0,1.0,0.25,0.25,0.75,0.5,0.0,0.75,0.5
3500,0.83,0.33,0.5,0.75,0.0,0.0,0.67,0.25,1.0,0.25,0.75,0.0,0.25,0.25,0.75,0.75,0.0,1.0,1.0,0.0,0.75,0.75,0.25,0.0,0.25,0.0,0.0,0.25,0.0,1.0,0.0,0.25,0.25,0.0,0.75,1.0,0.0,1.0,0.0,0.0,0.75,1.0,0.75,1.0,1.0,1.0,0.75,0.75,0.25,1.0,0.75,1.0,0.75,0.75,0.75,0.0,0.0,0.75,1.0,1.0,0.67,1.0,0.67,0.0,0.75,0.75,1.0,0.5,0.5,0.5,1.0,0.5,0.5,0.75,0.5
3501,1.0,0.33,0.5,0.0,0.0,0.0,0.5,0.0,1.0,0.0,1.0,0.25,0.0,0.0,1.0,1.0,0.0,1.0,0.75,0.0,0.25,0.75,0.0,0.0,0.0,0.0,0.0,1.0,0.0,0.75,0.0,0.25,0.25,0.0,0.25,0.25,0.0,1.0,0.0,1.0,1.0,1.0,1.0,0.75,0.75,1.0,0.25,0.25,1.0,1.0,0.25,0.0,0.75,0.75,0.25,0.0,0.75,1.0,1.0,1.0,0.67,0.67,0.67,0.0,0.75,0.0,0.75,0.5,0.5,0.5,0.5,0.5,0.5,0.5,0.5
3502,1.0,0.33,0.67,0.25,0.0,0.0,0.67,0.0,1.0,0.0,1.0,0.0,0.25,0.0,0.25,0.75,0.0,0.75,0.75,0.0,0.25,0.25,0.0,0.0,0.75,0.0,0.0,0.25,0.25,0.75,0.0,0.25,0.0,0.0,0.25,0.75,0.0,1.0,0.0,0.75,1.0,0.75,1.0,1.0,0.75,1.0,0.25,0.25,0.75,1.0,0.75,0.25,0.75,1.0,0.25,0.0,0.25,0.25,0.75,0.75,0.67,0.5,0.83,0.0,0.75,1.0,0.25,0.5,0.5,0.5,0.5,0.5,0.5,0.5,0.5
3503,0.17,0.17,0.17,0.75,0.75,0.25,0.83,0.0,1.0,1.0,0.25,0.0,1.0,0.0,1.0,1.0,0.75,0.25,1.0,0.25,1.0,1.0,1.0,0.0,0.75,0.25,0.0,1.0,0.75,1.0,0.25,0.0,0.0,0.75,1.0,0.0,1.0,1.0,0.25,1.0,1.0,0.25,1.0,1.0,1.0,1.0,0.25,0.75,0.0,1.0,1.0,1.0,1.0,1.0,0.25,0.75,1.0,1.0,0.25,0.25,0.0,0.67,0.83,0.25,0.0,1.0,0.75,0.75,0.25,0.5,1.0,0.75,0.25,1.0,0.5
3504,0.5,0.17,0.0,0.0,0.75,0.0,0.0,1.0,0.0,0.0,1.0,0.25,0.0,1.0,0.75,0.0,0.0,0.0,0.0,0.0,1.0,0.25,0.0,0.25,0.25,0.0,0.0,1.0,0.25,0.0,0.25,0.25,0.0,1.0,0.0,1.0,0.0,0.0,1.0,0.0,0.0,1.0,0.25,0.0,0.0,0.0,1.0,0.0,0.0,0.0,0.0,0.75,0.0,0.0,1.0,0.0,0.0,0.0,1.0,0.75,1.0,0.83,0.17,0.0,1.0,0.0,1.0,0.5,0.75,0.5,0.5,0.5,0.5,0.5,0.5
3506,0.0,0.0,0.17,1.0,0.75,0.0,1.0,0.0,1.0,1.0,0.0,0.0,1.0,0.0,1.0,0.0,1.0,0.25,1.0,0.0,1.0,0.75,1.0,0.0,1.0,0.0,0.0,1.0,0.25,1.0,0.75,0.0,0.75,1.0,1.0,0.0,1.0,1.0,0.0,1.0,1.0,0.0,1.0,1.0,1.0,1.0,0.0,1.0,0.0,1.0,1.0,1.0,1.0,1.0,0.0,0.25,1.0,1.0,0.0,0.0,0.0,0.67,1.0,0.25,0.25,1.0,1.0,0.75,0.0,0.5,1.0,0.75,0.0,0.5,0.5
3507,0.5,0.17,0.0,0.75,0.75,0.0,0.17,1.0,1.0,0.0,0.75,0.25,0.75,0.0,0.0,0.25,0.0,1.0,0.25,0.0,0.75,0.25,0.0,0.0,0.0,0.0,0.0,0.75,0.75,0.25,0.25,0.25,1.0,0.0,0.0,1.0,0.0,0.25,1.0,0.25,0.25,1.0,0.25,0.0,0.75,1.0,0.75,0.75,0.75,0.75,0.0,0.25,0.75,0.25,1.0,0.0,0.75,0.25,1.0,0.75,0.83,1.0,0.5,0.0,1.0,0.0,0.25,0.5,0.5,0.5,0.75,0.5,0.5,0.5,0.5
3508,0.83,0.33,0.33,0.25,0.0,0.0,0.83,0.0,1.0,0.75,1.0,0.0,1.0,0.0,0.25,0.75,0.0,1.0,1.0,0.0,0.75,1.0,0.0,0.0,0.25,0.0,0.0,1.0,0.0,1.0,1.0,0.25,0.0,0.0,1.0,1.0,0.0,1.0,0.0,1.0,1.0,0.0,1.0,1.0,0.75,1.0,0.0,0.75,0.75,1.0,0.75,0.75,1.0,1.0,0.25,0.0,1.0,1.0,0.75,0.75,0.67,0.5,0.83,0.0,0.75,1.0,0.75,0.5,0.5,0.5,0.5,0.5,0.25,0.75,0.5
3509,0.17,0.67,0.5,0.75,0.0,0.25,0.5,0.0,1.0,0.0,0.75,0.25,0.25,0.0,1.0,1.0,0.0,1.0,0.75,0.0,0.25,0.25,0.0,0.0,0.25,0.0,0.0,0.75,0.0,0.75,0.0,0.25,0.0,0.0,0.25,0.75,0.0,1.0,0.25,0.75,1.0,0.75,1.0,0.75,0.25,1.0,0.25,0.75,1.0,1.0,0.0,0.0,0.75,0.75,0.25,0.0,0.0,0.0,1.0,0.75,0.33,0.67,0.17,0.0,0.75,0.25,0.75,0.5,0.5,0.75,0.5,0.25,0.5,0.75,0.75
3510,0.83,0.5,0.0,0.75,0.0,0.0,0.5,0.0,1.0,1.0,1.0,0.25,1.0,0.0,1.0,0.75,0.0,1.0,0.75,0.0,0.75,0.75,0.75,0.0,0.25,0.0,0.0,1.0,0.75,1.0,0.75,0.25,0.0,0.75,0.25,0.75,0.25,1.0,0.0,1.0,1.0,0.25,0.75,0.75,0.25,1.0,0.25,0.0,0.75,1.0,0.25,0.25,0.25,1.0,0.75,0.0,0.0,0.25,1.0,0.75,0.67,0.67,0.33,0.0,0.75,0.25,0.75,0.5,0.5,0.5,0.75,0.75,0.5,0.5,0.5
3511,0.83,0.83,0.0,0.0,1.0,0.0,0.67,1.0,0.75,0.0,1.0,0.0,1.0,1.0,1.0,0.0,1.0,1.0,0.0,0.0,0.0,0.0,0.0,0.0,0.0,0.75,0.0,1.0,1.0,0.25,1.0,0.0,0.0,0.75,1.0,0.0,0.0,0.0,0.0,0.0,0.0,1.0,1.0,0.75,1.0,1.0,1.0,1.0,0.0,1.0,0.0,0.0,0.0,0.0,1.0,0.0,1.0,0.0,1.0,1.0,0.83,0.5,0.67,0.0,1.0,0.0,1.0,0.25,0.5,0.5,0.5,0.5,0.5,0.5,0.25
3514,0.0,0.0,0.5,1.0,1.0,0.0,1.0,0.0,0.75,1.0,0.0,0.0,1.0,0.0,0.75,0.75,1.0,0.0,1.0,0.0,1.0,0.75,1.0,0.0,1.0,0.0,0.0,0.75,0.0,1.0,0.25,0.0,0.0,1.0,1.0,0.0,1.0,1.0,0.0,1.0,1.0,0.75,0.75,1.0,1.0,1.0,0.0,0.75,0.0,1.0,0.75,1.0,1.0,1.0,0.75,1.0,1.0,1.0,0.75,0.75,0.0,0.67,1.0,0.0,0.0,1.0,1.0,0.75,0.25,0.25,1.0,0.75,0.0,0.75,0.25
3515,0.17,0.17,0.0,0.75,1.0,0.0,1.0,0.0,1.0,1.0,0.75,0.0,1.0,0.0,1.0,0.75,1.0,0.75,1.0,0.25,1.0,0.75,1.0,0.0,1.0,0.25,0.0,1.0,0.25,1.0,0.75,0.0,0.25,1.0,1.0,0.25,0.75,0.75,0.0,0.75,1.0,0.75,0.75,1.0,1.0,1.0,0.0,1.0,0.0,1.0,1.0,1.0,1.0,1.0,0.75,0.75,1.0,1.0,0.25,0.75,0.17,0.5,1.0,0.75,0.25,1.0,0.75,1.0,0.25,0.75,0.75,0.75,0.25,1.0,0.25
3516,0.17,0.67,0.0,1.0,1.0,0.0,0.83,0.0,1.0,1.0,0.25,0.0,1.0,0.0,1.0,0.25,1.0,0.0,1.0,0.25,1.0,1.0,1.0,0.0,1.0,0.0,0.0,1.0,0.25,1.0,0.75,0.0,0.25,1.0,1.0,0.25,1.0,1.0,0.0,1.0,1.0,0.75,1.0,1.0,1.0,1.0,0.0,0.75,0.0,1.0,1.0,1.0,1.0,1.0,0.25,1.0,1.0,0.75,1.0,0.75,0.17,0.83,0.83,0.0,0.75,1.0,1.0,0.5,0.25,0.5,0.75,0.75,0.25,0.75,0.25
3517,0.83,0.33,0.0,1.0,0.75,0.25,0.83,0.0,1.0,1.0,0.25,0.0,1.0,0.25,0.75,1.0,1.0,0.25,1.0,0.25,1.0,1.0,1.0,0.25,0.75,0.25,0.25,0.75,0.25,1.0,0.75,0.0,0.25,1.0,1.0,0.25,1.0,0.75,0.25,0.75,1.0,0.25,1.0,1.0,1.0,1.0,0.25,0.75,0.25,1.0,0.75,1.0,1.0,1.0,0.25,0.75,0.25,1.0,0.25,0.25,0.17,0.67,0.83,0.25,0.25,1.0,1.0,1.0,0.25,0.5,0.75,0.75,0.0,1.0,0.5
3518,0.0,0.0,0.0,1.0,1.0,0.0,1.0,0.0,1.0,1.0,0.0,0.0,1.0,0.0,0.0,0.25,1.0,0.0,1.0,0.0,1.0,1.0,1.0,0.0,1.0,0.0,0.0,1.0,0.25,1.0,1.0,0.0,0.0,1.0,1.0,0.25,1.0,1.0,0.0,1.0,1.0,0.75,1.0,1.0,1.0,1.0,0.0,0.75,0.0,1.0,1.0,1.0,1.0,1.0,0.75,1.0,1.0,1.0,0.0,0.25,0.0,0.5,1.0,1.0,0.75,1.0,1.0,1.0,0.0,0.5,1.0,1.0,0.0,1.0,0.25
3519,0.17,0.0,0.17,1.0,1.0,0.0,1.0,0.0,1.0,1.0,0.0,0.0,1.0,0.25,0.25,0.25,1.0,0.25,1.0,0.0,1.0,1.0,1.0,0.0,1.0,0.0,0.0,1.0,0.25,1.0,1.0,0.0,0.0,1.0,1.0,0.75,1.0,0.75,0.0,1.0,0.75,0.25,1.0,1.0,1.0,1.0,0.0,0.75,0.25,1.0,0.75,0.75,1.0,1.0,0.75,1.0,1.0,1.0,0.0,0.75,0.17,0.5,1.0,0.25,0.75,1.0,1.0,1.0,0.0,0.5,1.0,0.75,0.0,1.0,0.5
3522,0.17,0.33,0.17,0.75,0.25,0.0,0.0,1.0,0.0,0.25,1.0,1.0,0.0,1.0,1.0,0.75,0.0,0.0,0.25,0.0,1.0,0.75,0.0,0.0,0.0,0.25,0.0,1.0,0.75,1.0,0.25,0.0,0.0,1.0,0.0,0.25,0.0,0.0,1.0,0.25,0.25,1.0,0.0,0.75,0.75,0.75,0.75,0.0,0.25,0.0,0.0,0.75,0.0,0.0,0.25,0.0,0.25,0.0,1.0,1.0,1.0,0.83,0.0,0.0,1.0,0.0,1.0,0.5,0.75,0.75,0.75,0.5,0.75,0.75,0.5
3523,0.83,0.5,0.67,1.0,0.25,0.0,0.0,0.0,0.75,0.0,1.0,0.75,1.0,1.0,1.0,0.25,0.75,0.75,1.0,0.25,1.0,1.0,1.0,0.25,0.0,0.25,0.0,0.25,0.0,1.0,0.0,0.75,0.25,1.0,0.0,1.0,0.75,0.75,1.0,0.75,1.0,1.0,1.0,1.0,1.0,1.0,1.0,0.25,0.0,0.0,0.75,1.0,0.0,0.0,1.0,0.0,0.0,0.0,1.0,1.0,1.0,1.0,0.17,0.0,1.0,0.0,1.0,0.25,0.75,0.75,1.0,0.5,0.75,0.75,0.75
3525,0.83,0.67,0.5,0.0,0.0,0.0,0.0,0.75,0.25,0.25,0.25,1.0,0.0,1.0,0.75,1.0,0.0,0.75,0.0,0.0,0.25,1.0,1.0,0.0,0.0,1.0,0.0,0.75,0.75,0.0,1.0,1.0,1.0,0.75,0.0,1.0,0.0,0.0,1.0,0.75,0.0,1.0,0.25,0.0,0.0,0.0,1.0,0.0,0.0,0.25,0.0,0.0,0.0,0.0,0.0,1.0,0.0,0.0,1.0,1.0,1.0,1.0,0.17,0.0,1.0,0.0,0.75,0.25,0.75,0.5,0.75,0.5,0.75,0.5,0.5
3526,0.33,0.67,1.0,0.0,0.0,0.75,0.17,1.0,0.0,0.0,0.75,0.75,0.0,1.0,0.75,0.25,0.25,0.0,0.75,0.0,0.25,0.75,0.0,1.0,0.0,1.0,1.0,1.0,0.25,0.25,1.0,1.0,0.75,0.0,0.0,1.0,0.0,1.0,1.0,0.25,0.75,0.75,0.25,0.25,0.0,0.75,0.75,0.25,0.0,0.75,0.75,0.75,1.0,0.0,0.25,0.0,0.25,0.25,1.0,1.0,0.83,0.83,0.67,0.0,1.0,0.75,0.0,0.0,0.75,0.75,0.5,0.0,1.0,0.5,0.75
3527,0.83,0.67,0.17,0.75,0.75,0.0,0.67,0.25,1.0,1.0,0.25,0.25,0.25,1.0,1.0,0.25,0.25,1.0,0.75,0.0,1.0,1.0,1.0,0.0,1.0,0.0,0.0,1.0,0.75,0.25,1.0,0.75,0.0,1.0,0.25,1.0,0.0,0.25,1.0,0.0,0.0,1.0,0.25,1.0,1.0,1.0,0.0,1.0,0.0,0.75,1.0,1.0,1.0,0.75,0.75,0.75,1.0,0.0,1.0,0.75,1.0,1.0,0.83,0.75,1.0,0.0,1.0,0.5,0.5,0.5,0.75,0.5,0.0,0.5,0.0
3528,0.33,0.33,0.0,0.75,1.0,0.0,0.83,0.75,0.75,0.25,1.0,0.75,0.25,1.0,0.25,0.25,0.0,0.75,0.25,0.0,0.75,0.75,0.25,0.0,0.25,0.25,0.25,1.0,0.75,0.25,1.0,0.75,0.75,1.0,0.0,1.0,0.0,0.25,1.0,0.0,0.0,1.0,0.0,1.0,1.0,0.75,0.0,1.0,0.0,0.75,1.0,1.0,1.0,0.75,0.25,0.75,1.0,0.25,0.75,0.75,1.0,1.0,0.5,0.25,1.0,0.75,1.0,0.5,0.25,0.25,0.25,0.25,0.0,0.75,0.0
3529,0.33,0.17,0.0,1.0,1.0,0.0,0.5,1.0,0.75,1.0,1.0,0.0,0.75,0.75,0.0,0.25,0.25,0.75,0.25,0.0,1.0,0.75,1.0,0.0,0.75,0.25,0.0,1.0,0.75,0.75,0.75,0.25,0.75,1.0,0.25,1.0,0.0,0.25,1.0,0.0,0.0,0.0,0.0,1.0,1.0,1.0,0.25,1.0,0.0,1.0,1.0,0.75,1.0,1.0,0.25,0.75,1.0,1.0,0.75,0.75,0.83,0.67,1.0,0.25,0.75,0.75,1.0,0.75,0.5,0.5,0.5,0.5,0.0,0.5,0.25
3530,0.83,0.17,0.17,0.75,1.0,0.0,0.67,1.0,1.0,1.0,1.0,0.0,0.75,1.0,0.75,1.0,0.75,0.75,0.75,0.0,1.0,0.25,1.0,0.0,0.75,0.25,0.0,1.0,1.0,0.25,1.0,0.25,0.25,1.0,0.75,1.0,0.0,0.25,1.0,0.25,0.0,0.75,0.25,1.0,1.0,1.0,0.0,1.0,0.0,0.75,1.0,1.0,0.75,1.0,0.75,1.0,0.75,0.75,0.75,1.0,1.0,1.0,1.0,0.25,1.0,0.75,1.0,0.5,0.25,0.5,1.0,0.75,0.0,0.75,0.0
3531,0.67,0.17,0.5,0.25,1.0,0.75,0.67,0.25,0.75,0.25,0.25,0.75,0.25,0.75,0.25,0.0,0.25,0.25,0.25,0.0,0.75,0.0,0.0,0.75,0.0,0.25,0.25,1.0,0.25,0.25,0.25,0.0,0.0,1.0,0.75,1.0,0.0,0.25,1.0,0.25,0.25,0.0,0.0,1.0,1.0,0.25,0.0,1.0,0.0,1.0,1.0,1.0,1.0,1.0,0.75,0.25,1.0,1.0,0.25,0.75,0.5,0.5,1.0,0.0,0.75,1.0,1.0,0.5,0.5,0.5,0.5,0.25,0.0,0.5,0.25
3532,0.83,0.67,0.17,0.75,0.25,0.0,0.67,0.75,1.0,1.0,0.75,0.75,0.75,0.0,1.0,1.0,0.75,1.0,0.75,0.25,0.75,0.75,1.0,0.0,0.75,0.0,0.25,1.0,1.0,1.0,1.0,0.25,0.25,0.0,0.25,1.0,0.25,0.75,0.75,1.0,0.75,0.75,0.75,1.0,1.0,1.0,1.0,0.25,0.25,0.75,0.75,1.0,0.25,1.0,1.0,0.0,0.0,0.0,1.0,1.0,0.83,0.67,0.83,1.0,1.0,0.0,1.0,0.5,0.5,0.25,0.75,0.25,0.75,0.75,0.75
3533,1.0,0.5,0.0,0.0,1.0,0.0,0.0,0.25,1.0,0.0,1.0,0.0,0.0,0.75,0.0,1.0,0.0,1.0,0.75,0.0,0.75,0.0,0.0,0.0,0.25,0.0,0.0,0.75,0.0,0.75,0.0,0.25,0.25,0.0,0.0,1.0,0.0,1.0,0.75,0.75,0.25,0.75,0.75,0.75,0.75,1.0,0.75,0.75,1.0,0.0,0.25,0.25,0.25,0.25,0.25,0.0,0.0,0.75,1.0,1.0,0.83,0.83,0.67,0.0,1.0,0.0,0.75,0.5,0.5,0.5,0.5,0.5,0.5,0.5,0.5
3534,0.67,0.5,0.5,0.0,0.0,0.0,0.5,0.0,1.0,0.0,1.0,0.0,0.25,0.0,1.0,0.25,0.0,1.0,0.75,0.0,0.25,0.75,0.0,0.0,0.25,0.0,0.0,1.0,0.25,1.0,0.75,0.25,0.25,0.0,0.25,0.25,0.0,1.0,0.0,0.75,1.0,0.25,1.0,1.0,1.0,1.0,0.25,0.25,0.0,1.0,0.25,0.75,1.0,0.75,0.25,0.0,0.0,0.75,0.75,1.0,0.33,0.67,0.67,0.0,0.75,1.0,0.75,0.5,0.5,0.5,0.5,0.5,0.5,0.5,0.5
3535,0.5,0.5,0.5,0.75,0.25,0.25,0.67,0.25,0.75,0.25,0.25,0.25,0.75,0.0,0.0,0.75,0.25,1.0,0.75,0.25,0.75,0.75,0.25,0.25,0.75,0.25,0.25,0.75,0.25,0.75,0.0,0.75,0.25,0.0,0.75,1.0,0.0,0.75,0.0,1.0,0.75,0.25,0.75,0.0,0.75,1.0,0.0,0.25,0.25,0.0,1.0,0.75,1.0,0.25,0.75,0.25,0.0,0.25,1.0,0.75,0.67,0.67,0.83,0.0,1.0,1.0,0.75,0.75,0.5,0.75,0.75,0.5,0.25,0.75,0.75
3536,0.33,0.33,0.17,0.25,1.0,0.0,0.5,0.0,1.0,1.0,0.25,0.75,0.75,0.0,0.75,1.0,0.75,1.0,0.75,0.0,1.0,0.75,1.0,0.0,0.25,0.0,0.0,0.75,0.75,0.75,1.0,0.75,0.75,1.0,1.0,0.75,0.75,0.75,0.25,0.75,1.0,0.25,0.75,1.0,0.75,1.0,0.25,0.75,0.75,1.0,0.75,0.75,0.75,1.0,1.0,0.25,0.0,0.75,0.0,0.75,0.67,0.83,1.0,0.75,0.25,0.75,0.75,0.5,0.0,0.5,0.75,0.5,0.5,0.75,0.5
3537,0.83,0.33,0.5,0.75,1.0,0.0,0.67,0.25,1.0,1.0,1.0,0.25,0.75,0.0,1.0,0.75,0.75,1.0,1.0,0.0,1.0,1.0,1.0,0.0,0.75,0.25,0.0,1.0,0.75,1.0,0.75,0.75,0.25,0.75,0.75,0.25,1.0,0.25,0.25,1.0,1.0,0.25,1.0,1.0,0.75,0.75,0.0,0.75,0.0,1.0,0.75,0.75,1.0,1.0,1.0,0.75,0.25,0.75,0.75,1.0,0.67,0.83,1.0,0.75,0.75,1.0,1.0,0.75,0.5,0.75,0.75,0.75,0.25,1.0,0.5
3539,0.17,0.17,0.17,1.0,0.25,0.0,0.83,0.0,1.0,1.0,0.0,0.0,1.0,0.0,1.0,0.75,1.0,0.75,1.0,0.0,0.75,1.0,1.0,0.0,1.0,0.0,0.0,1.0,0.75,1.0,0.75,0.25,0.25,0.75,1.0,0.25,1.0,0.75,0.0,0.75,0.75,0.75,0.75,1.0,0.75,1.0,0.0,0.75,0.25,1.0,0.75,1.0,0.75,1.0,0.75,0.75,1.0,1.0,0.0,0.75,0.17,0.83,1.0,0.75,0.25,1.0,1.0,0.75,0.0,0.25,1.0,0.75,0.25,1.0,0.25
3540,0.67,0.83,1.0,0.0,0.0,1.0,0.33,0.75,0.0,0.0,0.75,0.75,0.0,0.25,0.0,0.0,0.0,0.0,0.0,0.0,0.0,0.0,0.0,1.0,0.0,1.0,1.0,0.0,0.0,0.0,1.0,0.75,0.25,0.0,0.0,0.75,0.0,0.25,0.0,0.25,0.75,0.25,0.25,0.0,0.0,0.25,1.0,0.0,1.0,1.0,0.0,0.0,0.0,0.0,0.0,0.0,0.0,0.0,1.0,1.0,0.83,0.5,0.17,0.0,0.75,0.0,0.0,0.0,0.75,0.5,0.5,0.25,0.75,0.5,0.5
3542,0.33,0.67,0.17,0.25,1.0,0.25,0.33,0.75,1.0,0.25,0.25,0.75,0.75,0.25,1.0,1.0,0.75,1.0,0.75,0.75,0.75,0.25,1.0,0.25,0.75,0.25,0.0,1.0,1.0,1.0,0.75,0.75,0.25,1.0,0.25,0.75,0.25,0.25,0.75,1.0,1.0,1.0,0.25,0.75,0.75,1.0,0.75,0.75,0.75,0.75,0.75,0.25,0.25,0.75,1.0,0.25,0.75,0.0,1.0,0.75,0.33,0.83,0.67,0.25,0.75,0.75,1.0,0.25,0.75,0.75,0.75,0.75,0.75,0.75,0.75
3543,0.83,0.17,0.17,0.75,1.0,0.0,0.67,1.0,1.0,0.0,1.0,0.0,0.0,0.0,0.25,0.75,0.75,1.0,1.0,0.0,0.25,0.25,0.25,0.0,0.75,0.0,0.0,1.0,0.25,0.75,0.25,0.25,0.75,0.25,0.25,0.75,0.25,0.75,0.25,0.25,0.25,0.75,0.25,0.75,1.0,1.0,0.25,0.25,0.75,0.75,0.0,0.25,0.75,0.75,0.0,0.0,0.25,0.25,1.0,0.25,0.67,0.5,0.5,0.0,0.75,0.25,0.25,0.5,0.5,0.5,0.5,0.5,0.5,0.5,0.5
3555,0.67,0.5,0.5,0.25,0.75,0.75,0.17,0.75,0.75,0.25,0.75,0.75,0.75,0.25,0.25,0.25,0.75,0.75,0.25,0.0,0.25,0.25,0.0,1.0,0.0,1.0,0.75,1.0,0.25,0.25,1.0,0.75,0.75,0.75,0.25,0.75,0.0,0.75,0.75,0.75,0.75,0.25,0.75,0.25,0.25,1.0,0.75,0.25,0.0,1.0,0.75,0.75,0.75,1.0,0.25,0.0,0.0,0.25,1.0,1.0,0.83,0.67,0.17,0.0,1.0,0.25,0.25,0.25,0.75,0.75,0.75,0.25,0.5,0.75,0.25
3559,0.17,0.5,0.17,0.25,0.75,0.0,0.67,1.0,0.75,0.75,0.25,0.25,0.25,0.75,0.75,0.75,0.25,0.75,0.25,0.0,0.75,0.75,0.75,0.75,0.0,0.25,0.25,0.75,0.75,0.25,0.0,0.25,0.75,1.0,0.25,1.0,0.25,0.75,0.0,0.25,0.25,1.0,0.75,0.75,1.0,0.75,0.75,0.75,0.0,0.75,0.75,0.75,0.75,1.0,0.75,0.0,0.75,0.25,0.75,0.75,0.83,0.67,0.83,0.0,0.75,0.0,1.0,0.5,0.5,0.5,0.75,0.5,0.25,0.5,0.25
3560,0.0,0.0,0.33,0.75,1.0,0.0,0.67,0.75,0.75,0.25,0.25,0.0,0.0,0.0,1.0,1.0,1.0,1.0,1.0,1.0,1.0,1.0,1.0,0.0,0.75,0.25,0.25,1.0,0.25,1.0,0.75,0.25,0.25,0.0,1.0,1.0,1.0,0.75,0.0,1.0,1.0,0.75,1.0,1.0,1.0,1.0,0.0,1.0,0.0,1.0,1.0,0.0,1.0,1.0,0.25,0.25,0.75,1.0,0.75,0.75,0.5,0.5,1.0,0.0,0.0,1.0,1.0,0.75,0.5,0.5,0.75,0.5,0.25,0.75,0.5
3564,0.83,0.33,0.5,0.25,0.25,0.0,0.33,0.75,0.75,0.0,1.0,0.25,0.75,0.25,0.25,0.75,0.0,1.0,0.75,0.0,0.25,0.25,0.0,0.25,0.0,0.25,0.75,0.75,0.0,0.0,0.75,0.25,0.0,0.25,0.25,0.75,0.0,0.75,0.75,0.25,1.0,1.0,0.75,1.0,0.75,0.75,0.25,0.25,0.75,1.0,0.25,0.75,0.25,0.25,0.75,0.0,0.0,0.75,0.75,0.75,0.67,0.67,0.67,0.0,0.75,0.75,0.75,0.5,0.5,0.5,0.75,0.5,0.5,0.5,0.5
3565,1.0,0.33,0.5,0.75,0.0,0.0,0.83,1.0,1.0,0.75,1.0,0.0,0.25,0.0,1.0,1.0,0.0,1.0,1.0,0.0,0.75,0.75,0.0,0.0,0.0,0.25,0.0,0.75,0.0,1.0,1.0,0.25,0.25,0.0,0.0,1.0,0.0,1.0,0.75,0.75,0.75,1.0,1.0,0.75,0.75,1.0,0.25,0.0,0.75,1.0,0.25,0.25,0.75,1.0,1.0,0.0,0.0,0.25,1.0,1.0,0.67,0.83,0.67,0.0,1.0,0.25,1.0,0.5,0.25,0.5,0.75,0.5,0.5,0.5,0.5
3566,0.83,0.0,0.67,0.75,1.0,0.0,0.33,0.75,0.75,0.0,1.0,0.25,0.0,0.0,1.0,1.0,0.75,1.0,0.75,0.0,0.25,0.25,0.0,0.0,0.25,0.75,0.0,0.0,0.0,0.75,0.75,0.0,0.0,0.75,0.75,0.25,0.0,0.75,0.75,0.0,0.0,1.0,0.25,1.0,1.0,1.0,0.25,0.25,1.0,0.75,0.0,0.0,0.0,1.0,1.0,1.0,0.0,0.25,1.0,1.0,0.83,0.67,0.67,0.0,0.75,0.75,0.75,0.5,0.5,0.5,0.5,0.5,0.5,0.5,0.5
3567,0.83,0.83,0.17,0.75,0.0,0.0,0.67,0.25,0.75,0.0,0.25,0.25,0.0,0.0,0.75,1.0,0.25,1.0,0.75,0.0,0.25,0.25,0.0,0.0,0.0,0.25,0.0,0.75,0.0,0.75,0.75,0.0,0.0,1.0,0.25,0.75,0.0,1.0,0.0,0.75,1.0,0.0,1.0,0.75,0.25,1.0,0.75,0.75,1.0,1.0,0.0,0.0,0.75,0.0,0.75,0.0,0.0,0.0,1.0,1.0,0.5,0.67,0.5,0.0,0.0,1.0,0.75,0.5,0.5,0.75,0.5,0.25,0.5,0.75,0.5
3570,0.83,0.0,0.67,1.0,0.0,0.25,0.17,0.0,1.0,0.75,1.0,0.75,0.25,0.0,1.0,1.0,0.0,1.0,1.0,0.0,1.0,0.25,0.0,1.0,0.0,1.0,1.0,0.0,0.0,1.0,0.0,1.0,1.0,0.75,1.0,0.0,0.0,0.0,1.0,1.0,1.0,1.0,1.0,1.0,0.0,1.0,1.0,1.0,1.0,1.0,1.0,0.75,0.0,1.0,0.0,0.75,0.0,0.25,1.0,1.0,0.83,0.83,0.17,0.0,1.0,1.0,1.0,0.0,1.0,1.0,1.0,0.25,0.75,0.75,0.75
3576,0.17,0.0,0.0,1.0,1.0,0.0,1.0,0.0,1.0,1.0,0.0,0.0,1.0,0.0,1.0,0.0,1.0,1.0,1.0,1.0,1.0,1.0,1.0,0.0,1.0,0.0,0.0,1.0,0.0,1.0,1.0,0.0,0.0,1.0,1.0,0.0,1.0,1.0,0.0,1.0,1.0,0.0,1.0,1.0,1.0,1.0,0.0,1.0,0.0,1.0,1.0,1.0,1.0,1.0,0.0,1.0,1.0,1.0,0.0,1.0,0.0,0.5,1.0,1.0,0.0,1.0,1.0,1.0,0.0,0.25,0.75,1.0,0.0,1.0,0.5
3577,0.17,0.0,0.17,1.0,1.0,0.0,0.83,0.0,1.0,1.0,0.0,0.0,1.0,0.0,1.0,1.0,1.0,0.0,1.0,0.0,1.0,1.0,1.0,0.0,1.0,0.0,0.0,1.0,0.75,1.0,1.0,0.0,0.0,1.0,1.0,0.0,0.75,1.0,0.0,1.0,1.0,0.25,1.0,1.0,1.0,1.0,0.0,1.0,0.0,1.0,1.0,1.0,1.0,1.0,0.0,1.0,1.0,1.0,1.0,0.75,0.17,0.33,1.0,0.0,0.0,1.0,1.0,1.0,0.25,0.5,0.75,0.5,0.25,0.75,0.75
3578,0.0,0.0,0.0,1.0,1.0,0.0,1.0,0.25,1.0,1.0,0.0,0.0,1.0,0.0,0.0,0.0,0.75,0.75,1.0,0.0,1.0,1.0,1.0,0.0,1.0,0.0,0.0,1.0,0.0,1.0,0.0,0.0,0.0,0.75,0.0,0.0,1.0,0.75,0.0,0.75,0.0,0.25,1.0,1.0,1.0,1.0,0.0,1.0,0.0,1.0,1.0,1.0,1.0,1.0,0.25,1.0,1.0,1.0,0.0,0.0,0.0,0.17,1.0,0.25,0.0,1.0,1.0,0.75,0.0,0.25,0.75,0.75,0.0,1.0,0.5
3579,0.0,0.17,0.0,1.0,1.0,0.0,1.0,0.0,1.0,1.0,0.0,0.0,1.0,0.0,0.75,0.0,1.0,0.25,1.0,0.0,1.0,1.0,1.0,0.0,1.0,0.0,0.0,1.0,0.0,1.0,0.0,0.0,0.0,1.0,1.0,0.0,1.0,1.0,0.0,0.25,0.75,0.0,1.0,1.0,1.0,1.0,0.0,1.0,0.0,1.0,1.0,1.0,1.0,1.0,0.0,1.0,1.0,1.0,0.0,0.0,0.0,0.33,1.0,0.0,0.0,1.0,1.0,1.0,0.0,0.5,1.0,1.0,0.0,1.0,0.5
3580,0.0,0.0,0.0,1.0,0.75,0.0,0.83,1.0,0.75,1.0,0.75,0.0,1.0,0.0,0.75,0.25,0.75,0.25,1.0,0.25,0.25,0.75,1.0,0.0,1.0,0.0,0.0,1.0,0.75,1.0,0.75,0.0,0.0,1.0,1.0,1.0,0.75,0.25,0.75,0.75,1.0,0.75,1.0,1.0,1.0,1.0,0.0,0.75,0.0,1.0,1.0,1.0,1.0,1.0,0.0,0.75,1.0,0.75,0.0,0.25,0.17,0.67,1.0,0.25,0.0,1.0,1.0,1.0,0.0,0.5,0.75,0.75,0.0,0.75,0.0
3581,0.67,0.67,0.0,0.0,0.75,0.0,0.67,0.0,0.25,0.0,0.25,0.75,0.25,0.75,0.0,0.25,0.25,0.75,0.0,0.0,0.25,0.25,0.0,0.0,0.0,0.75,0.0,0.75,0.25,1.0,0.75,0.0,0.0,1.0,0.75,1.0,0.0,0.25,0.0,0.25,1.0,0.25,1.0,1.0,0.0,1.0,0.0,0.0,0.75,1.0,0.75,0.0,1.0,0.75,0.0,0.0,1.0,1.0,0.75,1.0,0.67,0.33,0.67,0.0,0.75,0.75,0.25,0.5,0.5,0.5,0.5,0.5,0.5,0.75,0.5
3584,0.67,0.17,0.17,1.0,1.0,0.0,0.67,1.0,0.75,1.0,0.75,0.25,0.75,1.0,1.0,0.25,0.75,0.75,1.0,0.75,1.0,0.0,0.75,0.0,0.75,0.25,0.0,1.0,0.0,1.0,1.0,1.0,1.0,1.0,0.0,1.0,0.75,1.0,1.0,0.0,1.0,1.0,0.25,1.0,1.0,1.0,1.0,1.0,0.0,1.0,1.0,0.75,1.0,0.0,1.0,0.0,0.0,1.0,0.25,1.0,0.67,0.83,0.83,0.0,0.75,1.0,1.0,0.75,0.5,0.5,1.0,0.5,0.0,0.75,0.5
3585,0.83,0.33,0.0,0.75,1.0,0.0,0.67,1.0,0.75,1.0,1.0,0.0,0.25,1.0,0.75,1.0,0.25,0.75,0.75,0.0,1.0,1.0,1.0,0.0,0.75,0.0,0.0,1.0,1.0,0.75,1.0,0.0,0.0,1.0,0.0,1.0,0.0,0.0,1.0,0.25,0.0,1.0,0.0,1.0,1.0,1.0,0.25,1.0,0.0,1.0,1.0,1.0,1.0,1.0,1.0,1.0,1.0,1.0,1.0,0.75,0.83,1.0,0.83,0.25,1.0,0.75,1.0,0.75,0.5,0.5,0.75,0.5,0.25,0.5,0.0
3588,0.17,0.0,0.0,1.0,1.0,0.0,1.0,0.0,1.0,1.0,0.0,0.0,1.0,0.0,1.0,0.25,1.0,0.25,1.0,0.25,1.0,1.0,1.0,0.0,1.0,0.0,0.0,1.0,0.75,1.0,1.0,0.0,0.0,1.0,1.0,0.0,1.0,1.0,0.0,1.0,1.0,0.25,1.0,1.0,1.0,1.0,0.0,1.0,0.0,1.0,1.0,1.0,1.0,1.0,0.75,1.0,1.0,1.0,0.0,0.25,0.0,0.33,1.0,0.75,0.0,1.0,1.0,0.75,0.0,0.5,1.0,1.0,0.0,1.0,0.75
3590,0.5,0.17,0.0,1.0,1.0,0.0,0.5,1.0,1.0,0.75,1.0,0.0,0.0,0.75,1.0,1.0,0.0,0.75,1.0,0.0,1.0,0.75,1.0,0.0,1.0,0.0,0.0,1.0,1.0,0.75,1.0,0.0,0.25,1.0,0.25,1.0,0.25,0.25,1.0,0.25,0.25,1.0,0.75,1.0,1.0,1.0,0.0,1.0,0.0,0.75,1.0,1.0,1.0,1.0,0.25,1.0,1.0,0.25,0.75,0.75,0.83,0.83,1.0,1.0,1.0,1.0,1.0,0.75,0.5,0.5,1.0,0.5,0.25,0.5,0.25
3591,1.0,0.83,0.17,0.75,0.25,0.0,0.5,0.75,0.75,0.25,0.75,0.75,0.0,0.75,0.0,0.75,0.75,1.0,0.25,0.0,0.75,0.75,1.0,0.25,0.25,0.75,0.0,1.0,0.25,1.0,0.75,0.25,0.0,1.0,0.0,0.75,0.0,0.75,0.0,0.0,1.0,1.0,0.75,1.0,0.75,0.75,1.0,1.0,1.0,0.75,0.75,0.25,0.75,1.0,0.75,1.0,0.0,0.0,1.0,1.0,0.83,0.83,0.67,0.0,0.75,0.25,0.0,0.5,0.5,0.5,0.5,0.25,0.5,0.5,0.5
3592,1.0,0.17,0.5,0.75,1.0,0.0,0.33,1.0,0.75,0.0,0.25,0.75,0.0,1.0,1.0,0.0,0.75,0.75,0.0,0.0,0.0,0.0,1.0,0.0,1.0,0.0,0.0,1.0,1.0,1.0,1.0,1.0,0.0,1.0,0.0,0.75,0.0,0.0,1.0,0.0,1.0,1.0,0.0,1.0,1.0,1.0,0.0,1.0,1.0,1.0,1.0,1.0,0.25,0.0,1.0,1.0,0.0,0.0,1.0,1.0,1.0,1.0,0.5,0.0,0.25,1.0,1.0,0.5,0.5,0.5,1.0,0.5,0.5,0.75,0.75
3593,0.67,0.33,0.0,1.0,0.75,0.0,0.83,0.0,1.0,1.0,0.25,0.0,1.0,0.75,0.25,0.25,1.0,0.0,1.0,0.0,1.0,1.0,1.0,0.0,1.0,0.0,0.0,1.0,0.25,1.0,0.75,0.0,0.0,1.0,1.0,0.25,1.0,1.0,0.0,1.0,1.0,0.25,0.75,1.0,1.0,1.0,0.0,1.0,0.0,1.0,1.0,1.0,1.0,1.0,0.0,1.0,1.0,1.0,0.0,0.0,0.17,0.83,1.0,0.0,0.25,1.0,1.0,1.0,0.25,0.5,1.0,0.75,0.0,1.0,0.5
3594,0.67,0.17,0.0,0.25,0.75,0.0,0.17,0.75,0.75,0.75,0.25,0.25,0.75,0.0,1.0,1.0,0.75,1.0,0.75,0.25,1.0,0.75,0.0,0.0,0.25,0.25,0.25,0.75,0.75,0.75,0.0,0.0,1.0,1.0,0.75,0.75,0.25,0.25,0.75,0.0,0.25,1.0,1.0,0.75,0.25,1.0,0.25,0.25,0.0,1.0,1.0,0.75,0.25,1.0,0.0,0.0,1.0,0.25,1.0,1.0,0.67,0.33,0.33,0.0,1.0,0.25,0.25,0.75,0.5,0.75,0.75,0.5,0.75,0.5,0.5
3595,0.67,0.17,0.0,1.0,1.0,0.0,1.0,0.75,1.0,1.0,0.25,0.0,1.0,0.0,0.0,0.25,0.75,0.75,1.0,0.25,0.75,0.75,1.0,0.0,1.0,0.0,0.0,1.0,0.25,1.0,0.75,0.0,0.25,1.0,1.0,0.75,1.0,1.0,0.25,0.75,1.0,0.75,1.0,1.0,1.0,1.0,0.0,1.0,0.75,1.0,0.75,1.0,1.0,1.0,0.75,1.0,1.0,1.0,0.0,0.75,0.17,0.83,1.0,0.75,0.25,1.0,1.0,0.75,0.0,0.75,0.75,0.75,0.0,0.75,0.5
3596,0.83,0.0,0.0,1.0,0.75,0.0,0.83,0.0,1.0,1.0,0.75,0.0,0.75,1.0,0.0,0.0,1.0,1.0,1.0,0.75,0.75,0.75,1.0,0.0,1.0,0.0,0.0,0.75,0.25,1.0,0.75,0.0,0.25,0.75,0.75,0.25,1.0,1.0,0.0,0.75,0.75,0.75,0.25,1.0,1.0,1.0,0.0,0.75,0.0,1.0,0.75,0.75,0.75,0.75,0.25,1.0,1.0,1.0,0.0,0.25,0.0,0.67,1.0,0.75,0.0,1.0,1.0,0.75,0.0,0.0,1.0,1.0,0.0,0.75,0.5
3597,0.83,0.5,0.17,0.0,1.0,0.0,0.5,1.0,1.0,0.75,1.0,0.25,0.75,1.0,1.0,1.0,0.0,1.0,0.25,0.0,0.75,1.0,1.0,0.0,0.0,0.0,0.0,1.0,1.0,0.0,1.0,0.0,0.0,1.0,0.0,1.0,0.0,0.0,1.0,0.0,0.0,0.75,0.0,1.0,1.0,1.0,0.0,1.0,0.0,1.0,1.0,1.0,0.75,1.0,0.75,1.0,1.0,0.25,1.0,0.75,1.0,1.0,0.83,0.0,1.0,0.0,1.0,0.75,0.5,0.5,0.75,0.5,0.0,0.5,0.0
3598,1.0,0.17,0.33,0.0,0.0,0.0,0.5,0.0,1.0,1.0,1.0,0.0,0.0,1.0,1.0,1.0,0.0,1.0,0.0,0.0,0.0,1.0,0.0,0.0,0.75,0.0,0.0,0.25,1.0,1.0,1.0,0.0,0.0,0.0,0.75,0.0,0.0,1.0,1.0,0.0,0.75,1.0,1.0,1.0,1.0,1.0,1.0,1.0,1.0,1.0,1.0,0.25,0.25,0.75,0.0,0.0,0.0,0.0,1.0,1.0,0.83,1.0,0.83,0.0,0.75,0.75,1.0,0.5,0.75,0.5,1.0,0.25,0.25,0.75,0.25
3599,1.0,0.17,0.5,0.0,0.25,0.0,0.67,0.0,1.0,0.25,1.0,0.0,0.75,0.0,0.75,0.75,0.0,1.0,0.75,0.0,0.75,0.75,0.75,0.0,0.25,0.0,0.0,0.75,0.25,1.0,0.25,0.25,0.25,0.25,0.25,0.25,0.0,1.0,0.0,0.25,0.75,0.75,1.0,0.75,0.75,1.0,0.25,0.0,0.75,1.0,0.0,0.0,0.25,0.75,0.75,0.0,0.25,0.75,0.75,0.75,0.5,0.5,0.5,0.0,0.25,0.75,0.75,0.5,0.5,0.5,0.5,0.5,0.5,0.5,0.5
3601,0.0,0.17,0.0,0.25,1.0,0.0,0.0,0.75,1.0,0.25,0.75,0.0,0.25,0.75,0.0,0.25,0.25,0.75,0.25,0.0,0.75,0.75,0.25,0.0,0.25,0.0,0.0,1.0,1.0,0.25,0.25,0.75,1.0,1.0,0.0,1.0,0.0,0.0,1.0,0.0,0.0,1.0,0.0,1.0,0.75,0.25,0.75,0.0,0.0,0.25,0.75,1.0,0.75,0.0,0.75,0.25,1.0,0.0,1.0,0.25,1.0,1.0,0.17,0.0,1.0,0.25,1.0,0.5,0.5,0.5,0.75,0.25,0.5,0.75,0.25
3603,0.67,0.17,0.0,1.0,0.75,0.0,0.17,1.0,1.0,0.0,1.0,0.0,0.0,1.0,1.0,0.0,0.0,0.0,1.0,0.0,1.0,1.0,0.0,0.0,1.0,0.0,0.0,1.0,1.0,0.0,0.0,1.0,0.0,1.0,0.0,1.0,0.0,0.0,1.0,0.0,0.0,1.0,0.0,0.0,1.0,1.0,1.0,0.0,0.0,0.25,0.25,0.0,0.0,0.0,1.0,0.0,0.0,0.0,1.0,1.0,0.83,1.0,0.0,0.0,1.0,0.0,1.0,0.5,0.75,0.75,0.75,0.5,0.75,0.75,0.5
3604,0.67,0.67,0.0,0.25,0.25,0.0,0.33,0.75,0.0,0.25,1.0,0.0,0.0,1.0,1.0,0.25,0.0,0.0,0.75,0.0,1.0,0.75,0.0,0.0,0.0,0.0,0.0,0.25,0.25,0.25,0.25,0.25,0.0,1.0,0.25,1.0,0.0,0.25,0.75,0.0,0.25,0.75,0.75,1.0,1.0,1.0,0.75,0.25,0.25,0.75,0.75,0.0,1.0,0.25,1.0,0.25,0.75,0.0,1.0,1.0,0.67,1.0,0.67,0.0,1.0,0.25,0.75,0.5,0.75,0.75,0.75,0.5,0.5,0.5,0.25
3605,1.0,0.33,0.5,0.25,1.0,0.0,0.33,0.75,0.75,0.25,1.0,0.0,0.75,0.25,1.0,0.0,0.0,1.0,0.75,0.0,0.25,1.0,0.75,0.0,0.25,0.25,0.0,1.0,0.25,0.75,1.0,0.25,0.0,0.0,0.25,1.0,0.0,1.0,0.0,1.0,0.75,1.0,1.0,0.0,1.0,1.0,0.0,0.25,1.0,1.0,0.0,0.0,0.0,1.0,1.0,0.0,1.0,0.75,1.0,1.0,0.5,0.67,0.67,0.0,0.0,0.75,0.0,0.5,0.25,0.5,0.5,0.5,0.5,0.5,0.5
3606,1.0,0.5,0.83,0.0,0.75,0.0,0.33,0.0,0.75,0.0,1.0,0.25,0.25,0.25,0.25,0.75,0.0,1.0,0.75,0.0,0.75,0.25,0.25,0.0,0.25,0.0,0.0,0.0,0.0,0.75,0.0,0.25,0.0,0.0,0.0,0.75,0.0,0.75,0.25,0.25,0.75,1.0,0.75,0.75,0.75,1.0,0.75,0.25,1.0,0.75,0.75,0.25,0.75,0.25,0.75,0.0,0.0,0.0,1.0,0.75,1.0,0.67,0.33,0.0,1.0,0.0,0.75,0.5,0.5,0.75,0.5,0.25,0.5,0.5,0.25
3607,1.0,1.0,0.83,0.0,0.0,1.0,1.0,0.75,0.75,1.0,0.75,0.25,0.75,0.75,0.0,0.75,1.0,1.0,1.0,0.0,1.0,1.0,0.75,0.25,0.75,0.75,0.0,0.75,0.25,1.0,1.0,0.25,0.25,1.0,0.75,1.0,0.25,1.0,0.0,1.0,0.75,1.0,0.75,0.75,0.0,1.0,1.0,0.0,0.0,0.75,1.0,1.0,0.25,1.0,1.0,0.0,0.75,0.75,1.0,1.0,0.17,0.0,0.83,0.0,1.0,0.25,1.0,0.75,0.5,1.0,0.75,0.75,0.5,1.0,0.75
3608,0.83,0.83,0.33,0.75,0.75,0.0,0.33,0.0,1.0,0.0,0.75,0.0,0.25,0.0,0.25,0.75,0.0,1.0,0.75,0.0,0.75,0.25,0.0,0.0,0.25,0.0,0.0,1.0,0.75,0.75,0.75,0.25,0.25,0.0,0.25,0.75,0.25,1.0,0.0,1.0,1.0,0.75,0.75,0.75,0.25,1.0,0.25,0.0,0.25,1.0,0.75,0.25,0.75,0.75,0.75,0.0,0.0,0.25,1.0,0.25,0.83,0.17,0.0,0.0,0.75,0.0,0.75,0.5,0.75,0.75,0.75,0.5,0.5,0.5,0.5
3610,0.5,0.67,0.0,0.75,1.0,0.0,0.83,0.0,1.0,1.0,0.25,0.0,0.0,0.75,1.0,0.25,0.75,1.0,1.0,0.0,0.75,1.0,0.75,0.0,1.0,0.0,0.0,1.0,0.75,1.0,0.75,0.0,0.0,1.0,0.75,0.25,1.0,1.0,1.0,0.25,0.25,1.0,0.0,1.0,1.0,1.0,0.75,0.75,0.0,1.0,1.0,0.75,1.0,1.0,0.75,1.0,1.0,0.25,1.0,1.0,0.33,0.67,0.83,0.0,1.0,0.75,1.0,0.5,0.5,0.5,1.0,0.5,0.5,0.75,0.25
3611,0.0,0.0,0.0,1.0,1.0,0.0,1.0,0.75,1.0,1.0,0.25,0.0,1.0,0.0,1.0,0.25,1.0,0.75,1.0,0.0,1.0,1.0,1.0,0.0,1.0,0.0,0.0,1.0,0.75,1.0,0.75,0.0,0.0,1.0,1.0,0.75,1.0,0.25,0.25,1.0,1.0,0.75,1.0,1.0,1.0,1.0,0.0,1.0,0.0,1.0,1.0,1.0,1.0,1.0,0.75,1.0,1.0,1.0,0.0,0.75,0.17,0.5,1.0,1.0,0.75,1.0,1.0,1.0,0.0,0.5,0.75,1.0,0.0,0.5,0.0
3612,0.83,0.0,0.17,0.75,0.25,0.0,0.83,0.0,1.0,1.0,0.0,0.0,0.75,0.0,0.75,0.75,1.0,0.75,1.0,1.0,1.0,0.25,1.0,0.0,1.0,0.0,0.0,1.0,0.75,1.0,0.75,0.0,0.0,0.75,0.0,0.0,1.0,1.0,0.0,1.0,1.0,0.75,1.0,1.0,1.0,1.0,0.25,1.0,0.25,1.0,1.0,0.75,0.75,1.0,0.0,0.75,1.0,1.0,0.0,0.75,0.17,0.83,0.0,0.75,0.75,1.0,1.0,0.75,0.0,0.75,0.75,0.75,0.25,1.0,0.25
3613,0.83,0.17,0.17,0.75,0.75,0.0,0.83,0.0,1.0,0.75,0.25,0.0,1.0,0.0,0.75,0.25,1.0,0.75,1.0,0.0,0.75,1.0,0.75,0.0,1.0,0.0,0.0,1.0,0.25,1.0,0.0,0.0,0.25,1.0,1.0,0.25,1.0,1.0,0.0,0.75,1.0,0.25,1.0,1.0,1.0,1.0,0.0,0.75,0.0,1.0,1.0,1.0,1.0,1.0,0.0,0.0,0.0,1.0,0.75,0.75,0.17,0.67,1.0,0.0,0.0,1.0,1.0,0.75,0.5,0.5,0.75,0.75,0.25,0.75,0.5
3614,0.0,0.0,0.0,1.0,0.75,0.0,1.0,0.0,1.0,1.0,0.75,0.0,1.0,0.0,1.0,0.75,1.0,0.25,1.0,0.0,1.0,1.0,1.0,0.0,1.0,0.0,0.0,1.0,1.0,1.0,0.75,0.0,0.0,1.0,1.0,0.0,1.0,1.0,0.0,1.0,1.0,0.75,1.0,1.0,1.0,1.0,0.0,0.25,0.0,1.0,1.0,1.0,1.0,1.0,0.0,0.25,1.0,1.0,0.0,0.25,0.0,0.67,1.0,0.0,0.0,1.0,1.0,1.0,0.0,0.25,1.0,0.75,0.0,1.0,0.75
3615,0.0,0.33,0.67,1.0,0.75,0.0,1.0,0.0,1.0,1.0,0.0,0.25,1.0,0.0,0.75,0.25,1.0,0.75,1.0,0.75,1.0,1.0,1.0,0.25,0.75,0.0,0.0,1.0,0.25,1.0,0.75,1.0,0.75,0.25,1.0,0.75,1.0,0.75,0.25,1.0,0.75,0.75,0.75,1.0,1.0,1.0,0.0,0.75,0.25,0.75,1.0,1.0,1.0,1.0,0.25,0.75,1.0,1.0,0.0,0.25,0.67,0.83,0.83,0.25,0.75,1.0,1.0,0.75,0.25,0.25,0.75,0.75,0.25,0.75,0.0
3616,0.67,0.33,0.0,0.25,0.0,0.0,0.17,1.0,0.25,0.0,0.75,1.0,0.25,1.0,1.0,0.0,0.0,1.0,0.75,0.0,0.75,0.25,0.75,0.75,0.0,0.75,0.25,0.0,0.0,0.75,1.0,0.25,0.0,0.0,1.0,1.0,0.0,0.75,0.0,0.75,1.0,1.0,0.25,0.0,0.0,0.75,0.0,0.0,0.0,0.0,0.0,0.0,0.0,0.0,1.0,1.0,0.0,0.0,1.0,1.0,0.83,0.83,0.33,0.0,0.0,0.75,1.0,0.75,0.75,0.25,0.75,0.25,0.75,0.75,0.75
3617,0.5,0.67,0.67,0.25,0.0,0.75,0.67,0.75,0.25,0.0,0.0,0.25,0.0,0.75,0.0,0.75,0.25,0.75,0.25,0.0,0.75,0.25,0.0,1.0,0.0,0.75,0.75,1.0,0.0,0.75,0.0,0.0,0.25,0.25,0.0,0.75,0.0,0.75,0.0,0.25,0.75,0.0,0.25,0.75,0.0,0.75,0.75,0.0,0.75,1.0,0.0,0.25,0.75,0.75,0.0,0.0,0.0,0.25,1.0,0.75,0.83,0.67,1.0,0.0,0.0,0.25,0.0,0.25,0.75,0.75,0.5,0.5,0.5,0.5,0.5
3621,0.83,0.67,0.17,0.0,0.75,0.0,0.33,1.0,1.0,1.0,1.0,0.25,0.25,0.75,0.75,0.75,0.0,0.0,0.75,0.0,0.75,0.75,0.25,0.0,0.0,0.25,0.25,0.75,0.75,0.25,0.25,0.25,0.75,1.0,0.0,1.0,0.25,0.0,1.0,0.0,0.25,1.0,0.0,0.25,0.75,0.25,0.25,0.0,0.25,0.0,0.75,0.75,0.25,0.0,0.75,0.25,0.25,0.0,1.0,1.0,1.0,0.83,0.0,0.0,1.0,0.0,0.75,0.5,0.75,0.75,0.75,0.25,0.75,0.75,0.75
3622,0.67,0.17,0.67,0.0,0.75,0.0,0.67,0.75,0.0,0.0,1.0,0.75,0.0,0.75,0.75,0.0,0.0,0.25,0.75,0.25,1.0,0.25,0.0,0.0,0.25,0.25,0.0,1.0,0.75,0.75,1.0,0.25,0.25,0.75,0.25,1.0,0.75,0.25,1.0,0.25,0.75,0.75,0.0,1.0,0.25,0.75,1.0,0.0,0.25,0.25,0.25,0.0,0.75,0.25,1.0,0.0,0.25,0.25,0.25,1.0,1.0,1.0,0.33,0.0,0.75,0.75,1.0,0.75,0.25,0.25,1.0,0.25,0.75,0.75,0.25
3623,1.0,0.83,0.67,0.0,1.0,0.25,0.0,1.0,1.0,0.25,0.75,0.75,0.25,0.75,0.25,1.0,0.0,0.75,0.0,0.0,1.0,0.75,0.0,0.75,0.0,1.0,0.75,1.0,1.0,0.25,1.0,0.25,1.0,1.0,0.0,1.0,0.0,0.75,1.0,0.25,0.0,1.0,0.0,0.75,0.0,0.75,0.75,0.0,1.0,0.25,0.0,0.25,0.0,0.0,0.75,0.0,0.0,0.0,1.0,1.0,1.0,0.83,0.17,0.0,1.0,0.0,0.75,0.25,0.75,1.0,1.0,0.5,0.75,0.75,0.75
3624,0.67,0.0,0.33,0.25,0.25,0.0,0.5,0.75,1.0,1.0,0.25,0.75,0.75,0.25,1.0,0.75,1.0,0.75,0.25,0.25,0.75,0.75,1.0,0.0,0.75,0.0,0.0,1.0,1.0,1.0,0.0,0.0,1.0,1.0,0.0,1.0,0.0,0.25,0.25,0.25,0.75,1.0,0.75,0.75,0.75,1.0,0.75,0.25,0.75,0.0,0.0,0.0,0.25,0.75,1.0,0.75,0.75,0.25,1.0,0.75,0.67,0.83,0.0,0.0,0.25,0.75,0.0,0.5,0.5,0.75,1.0,0.5,0.5,0.75,0.5
3625,1.0,0.17,0.0,0.75,0.0,0.25,0.0,1.0,0.0,0.0,1.0,0.75,0.0,0.75,1.0,0.0,0.0,0.25,0.25,0.0,0.0,1.0,0.0,0.0,0.0,0.25,0.0,1.0,1.0,0.25,0.0,0.0,0.75,1.0,0.0,1.0,0.0,0.0,0.75,0.0,0.25,1.0,0.0,0.75,0.25,0.75,1.0,0.0,0.25,1.0,0.25,0.25,0.25,0.0,1.0,0.0,0.25,0.0,1.0,1.0,1.0,1.0,0.0,0.0,1.0,0.25,1.0,0.5,0.75,0.75,0.75,0.5,0.75,0.75,0.75
3626,0.5,0.5,0.5,0.0,0.0,0.0,0.5,0.0,0.75,0.0,1.0,1.0,1.0,0.0,1.0,1.0,1.0,1.0,0.75,0.0,1.0,1.0,0.0,1.0,1.0,0.0,0.0,0.0,1.0,0.0,0.0,0.0,0.0,1.0,1.0,0.0,0.0,1.0,0.0,1.0,1.0,1.0,1.0,0.0,0.0,1.0,0.75,0.0,0.0,1.0,0.0,0.0,0.25,0.0,1.0,1.0,1.0,0.0,1.0,1.0,0.67,0.5,0.5,0.0,0.0,0.25,1.0,0.5,0.5,0.5,0.5,0.5,0.5,0.75,0.5
3627,0.33,0.5,0.0,0.75,1.0,0.0,0.33,0.75,0.75,1.0,1.0,0.0,0.0,0.25,0.0,0.0,0.25,1.0,0.75,0.0,0.75,0.75,1.0,0.0,0.75,0.0,0.0,1.0,0.75,0.75,1.0,0.0,0.75,1.0,0.25,1.0,0.25,0.25,0.75,0.25,0.0,0.75,0.25,1.0,1.0,1.0,0.0,1.0,0.0,1.0,1.0,1.0,1.0,1.0,0.75,1.0,1.0,1.0,0.25,0.0,0.83,0.83,1.0,0.75,0.75,1.0,1.0,0.75,0.25,0.5,0.5,0.5,0.0,0.75,0.0
3628,0.5,0.17,0.17,0.25,1.0,0.0,0.67,0.0,0.75,1.0,1.0,0.25,0.0,1.0,0.0,1.0,0.0,0.75,0.25,0.0,0.75,0.25,0.0,0.0,0.0,0.25,0.0,1.0,0.75,0.0,1.0,0.0,0.25,1.0,0.75,1.0,0.0,0.75,1.0,0.0,0.0,1.0,0.25,1.0,1.0,1.0,0.0,0.0,1.0,0.75,0.75,1.0,0.75,1.0,0.0,0.0,1.0,0.0,0.75,0.25,0.83,0.67,0.67,0.0,1.0,0.0,0.0,0.5,0.5,0.5,0.75,0.5,0.25,0.5,0.25
3629,0.83,0.5,0.0,1.0,1.0,0.0,0.33,1.0,1.0,1.0,0.75,0.0,1.0,0.75,1.0,1.0,0.25,0.75,0.75,0.0,1.0,0.25,1.0,0.25,1.0,0.0,0.0,1.0,1.0,0.75,1.0,0.25,0.25,1.0,0.25,1.0,0.75,0.25,1.0,1.0,0.25,1.0,0.0,1.0,1.0,1.0,0.75,1.0,0.0,0.25,1.0,0.0,1.0,1.0,0.75,0.75,1.0,0.25,0.75,1.0,0.33,1.0,0.83,0.75,1.0,0.75,1.0,0.5,0.5,0.5,1.0,0.5,0.25,0.75,0.0
3630,0.17,0.5,0.0,0.75,0.75,0.0,1.0,0.0,0.25,1.0,0.25,0.25,0.25,0.25,1.0,1.0,0.25,1.0,1.0,0.0,0.75,0.25,1.0,0.0,0.75,0.0,0.0,0.25,0.0,0.25,1.0,0.0,0.0,0.25,1.0,0.0,0.25,1.0,0.0,0.75,1.0,1.0,1.0,1.0,0.25,1.0,0.0,0.0,0.0,1.0,1.0,1.0,0.25,0.25,1.0,0.0,0.25,0.0,1.0,1.0,0.0,0.67,1.0,0.25,0.0,1.0,1.0,0.75,0.5,0.5,0.75,0.5,0.25,0.75,0.5
3632,0.0,0.67,0.67,0.0,0.0,0.0,0.0,0.0,0.0,0.25,1.0,0.75,0.0,0.0,1.0,0.25,0.0,1.0,0.0,0.0,0.75,0.0,0.0,1.0,0.0,1.0,0.0,1.0,0.25,0.0,0.75,1.0,0.0,1.0,0.0,1.0,0.0,0.0,0.75,0.0,0.25,1.0,0.0,0.0,0.0,1.0,1.0,0.0,1.0,1.0,0.0,0.0,0.75,0.0,0.0,0.0,0.0,0.0,1.0,1.0,1.0,1.0,0.5,0.0,1.0,0.0,0.0,0.0,1.0,0.75,0.75,0.25,0.75,0.75,0.75
3633,0.83,0.83,1.0,0.0,0.0,0.0,0.0,1.0,0.0,0.0,1.0,0.75,0.0,0.25,1.0,1.0,0.0,0.0,0.0,0.0,1.0,0.0,0.0,0.0,0.0,1.0,0.25,0.0,0.0,0.0,1.0,0.75,0.0,1.0,0.0,1.0,0.0,0.0,1.0,0.0,0.0,1.0,0.75,0.25,0.25,0.0,1.0,0.0,0.0,0.0,0.25,0.0,0.75,0.0,1.0,0.0,0.0,0.0,1.0,1.0,1.0,1.0,0.0,0.0,1.0,0.0,1.0,0.25,1.0,1.0,1.0,0.25,0.75,0.75,0.5
3634,1.0,0.83,0.17,0.75,1.0,0.0,0.33,1.0,0.75,0.75,0.25,0.75,0.75,1.0,1.0,1.0,0.0,1.0,0.75,0.0,0.25,1.0,0.0,0.25,0.25,1.0,0.25,1.0,0.75,0.75,1.0,1.0,1.0,1.0,0.0,1.0,0.0,0.25,1.0,1.0,0.75,0.75,0.25,1.0,1.0,1.0,0.75,0.75,0.0,0.75,1.0,0.75,0.75,0.75,0.25,0.25,0.0,0.0,1.0,1.0,1.0,0.83,1.0,0.0,1.0,0.0,0.25,0.5,0.75,0.75,0.5,0.5,0.5,0.5,0.5
3635,0.5,0.33,0.67,0.75,0.75,0.0,0.33,0.75,0.75,0.75,0.75,0.75,0.0,1.0,0.0,0.0,0.0,0.75,0.25,0.0,0.75,0.25,0.0,0.25,0.0,0.75,0.25,0.75,0.0,0.25,0.75,1.0,1.0,0.0,0.75,1.0,0.0,0.25,1.0,0.25,0.75,1.0,0.0,0.25,0.25,1.0,1.0,0.0,0.0,0.75,0.0,0.25,0.75,1.0,0.25,0.0,1.0,0.0,1.0,1.0,0.83,0.67,0.67,0.0,1.0,0.25,0.25,0.25,0.75,0.5,0.75,0.5,0.75,0.75,0.5
3636,0.83,0.33,0.0,0.75,0.0,0.0,0.33,1.0,0.25,0.0,0.75,0.25,0.0,1.0,0.25,0.0,0.0,0.25,0.25,0.25,0.75,1.0,0.0,0.0,0.0,0.25,0.0,1.0,1.0,0.0,0.25,0.25,0.25,1.0,0.0,1.0,0.0,0.0,1.0,0.0,0.0,1.0,0.0,0.25,0.25,0.25,1.0,0.0,0.0,0.0,0.0,0.75,0.75,0.0,1.0,0.0,0.0,0.0,1.0,1.0,1.0,1.0,0.33,0.0,1.0,0.0,0.75,0.5,0.75,0.75,0.75,0.5,0.75,0.75,0.5
3637,0.67,0.17,0.0,0.75,0.75,0.0,0.83,0.75,1.0,1.0,0.25,0.25,0.75,0.75,1.0,0.75,0.75,0.25,0.75,0.0,1.0,1.0,1.0,0.0,0.75,0.0,0.25,1.0,0.75,1.0,0.0,0.0,0.0,0.0,1.0,0.25,1.0,0.25,0.25,1.0,1.0,0.25,0.25,1.0,0.25,1.0,0.25,0.25,0.25,1.0,0.25,0.75,0.75,1.0,1.0,0.25,1.0,1.0,0.25,0.75,0.33,1.0,0.83,0.75,0.75,1.0,0.25,0.75,0.0,0.5,1.0,0.5,0.5,1.0,0.5
3638,0.83,0.0,0.17,0.25,0.0,0.0,0.33,1.0,0.75,0.25,0.75,0.25,0.25,0.25,0.25,0.75,0.0,1.0,0.75,0.25,0.75,0.75,0.25,0.0,0.75,0.0,0.25,0.25,0.0,0.75,0.0,0.25,0.25,0.25,0.25,0.75,0.0,0.75,0.0,0.75,1.0,0.75,1.0,1.0,0.75,1.0,0.25,0.75,0.75,1.0,0.25,0.25,0.75,0.75,0.25,0.0,0.0,0.25,1.0,1.0,0.67,0.5,0.67,0.0,0.75,0.25,1.0,0.75,0.75,0.5,0.75,0.5,0.5,0.5,0.5
3639,1.0,0.33,0.5,0.25,0.25,0.0,0.33,0.75,0.75,0.0,1.0,0.0,0.25,0.0,0.75,0.75,0.0,1.0,0.75,0.0,0.25,0.25,0.75,0.0,0.25,0.0,0.0,0.75,0.25,0.75,0.75,0.25,0.25,0.25,0.25,0.25,0.0,0.75,0.25,0.25,0.75,0.75,0.75,0.75,0.75,1.0,0.25,0.75,0.0,1.0,0.25,0.25,0.75,0.75,1.0,0.0,0.25,0.25,1.0,0.75,0.83,0.83,0.67,0.0,1.0,0.25,0.75,0.5,0.5,0.5,0.5,0.5,0.5,0.5,0.25
3648,0.5,0.17,0.5,1.0,0.75,0.0,0.83,0.0,1.0,1.0,0.75,0.0,0.75,0.0,1.0,1.0,0.0,1.0,0.75,0.0,0.75,0.25,0.25,0.0,0.75,0.0,0.0,1.0,0.75,1.0,0.0,0.0,0.25,0.0,0.25,0.25,0.25,1.0,0.25,0.75,1.0,0.25,1.0,1.0,1.0,1.0,0.0,0.75,0.75,1.0,1.0,0.25,1.0,1.0,0.0,0.0,1.0,1.0,0.0,0.25,0.5,0.33,1.0,0.0,0.75,1.0,1.0,0.5,0.5,0.5,0.75,0.5,0.25,0.5,0.5
3650,0.67,0.67,0.17,0.25,0.75,0.0,0.67,0.75,0.75,0.75,1.0,0.25,0.75,1.0,1.0,0.25,0.25,0.25,0.25,0.0,1.0,1.0,1.0,0.0,0.25,0.25,0.25,0.75,0.75,0.25,0.25,0.25,0.25,1.0,0.25,1.0,0.0,0.25,1.0,0.25,0.0,0.75,0.25,1.0,1.0,1.0,0.0,1.0,0.0,1.0,1.0,1.0,0.75,0.75,1.0,0.75,0.25,0.25,1.0,1.0,1.0,1.0,1.0,0.25,0.75,0.75,1.0,0.5,0.5,0.5,0.75,0.0,0.0,0.5,0.0
3651,0.67,0.17,0.33,0.25,1.0,0.75,0.83,0.75,0.75,0.75,0.0,0.25,1.0,0.25,0.25,0.75,0.75,1.0,1.0,1.0,1.0,1.0,0.25,0.25,0.0,0.75,0.75,1.0,0.0,1.0,1.0,0.25,0.75,0.0,0.0,1.0,0.75,0.25,1.0,0.75,1.0,0.0,0.25,1.0,1.0,1.0,0.0,0.75,0.0,1.0,1.0,1.0,0.75,0.75,0.75,0.25,0.75,0.75,0.75,0.75,0.67,0.67,1.0,0.0,0.0,1.0,1.0,0.25,0.25,0.75,1.0,0.75,0.0,1.0,1.0
3653,0.67,0.67,0.17,0.25,0.75,0.0,0.33,0.75,0.25,0.25,1.0,0.75,0.25,0.25,0.0,1.0,0.0,0.75,1.0,0.0,0.75,0.0,0.75,0.0,0.25,0.25,0.25,1.0,0.25,1.0,1.0,1.0,0.75,1.0,1.0,1.0,0.25,0.25,1.0,0.25,0.75,1.0,0.0,0.75,0.0,0.75,0.75,0.75,0.25,0.0,0.0,0.75,0.25,0.75,0.75,0.25,0.75,0.25,1.0,1.0,1.0,0.83,0.5,0.0,1.0,0.0,0.75,0.25,0.5,0.5,0.75,0.5,0.75,0.75,0.5
3654,0.17,0.0,0.17,1.0,1.0,0.0,1.0,0.0,1.0,0.0,1.0,0.0,1.0,0.0,1.0,1.0,1.0,0.0,1.0,0.25,1.0,0.75,1.0,0.0,0.75,0.0,0.25,1.0,1.0,1.0,0.75,0.0,0.75,1.0,1.0,1.0,1.0,1.0,0.0,1.0,1.0,0.25,1.0,1.0,1.0,1.0,0.0,1.0,0.0,1.0,0.75,1.0,1.0,1.0,1.0,0.75,1.0,1.0,0.0,0.25,0.17,0.33,1.0,1.0,0.25,1.0,1.0,0.75,0.0,0.25,1.0,1.0,0.25,1.0,0.75
3655,1.0,0.5,0.83,1.0,1.0,0.75,1.0,0.0,1.0,1.0,0.0,0.0,1.0,0.0,0.75,0.0,1.0,1.0,1.0,0.0,1.0,1.0,0.75,0.75,1.0,0.75,0.75,1.0,0.75,1.0,1.0,1.0,0.0,1.0,0.75,1.0,1.0,1.0,0.25,1.0,0.75,0.0,0.75,1.0,1.0,1.0,0.0,1.0,0.25,1.0,1.0,1.0,1.0,1.0,0.75,0.0,0.25,1.0,0.0,0.25,0.5,0.5,1.0,0.0,0.0,1.0,0.75,1.0,0.5,0.75,1.0,1.0,0.25,1.0,1.0
3658,1.0,1.0,0.83,0.0,0.0,1.0,0.0,0.25,0.0,0.0,0.25,1.0,0.0,1.0,0.25,1.0,0.0,0.75,0.0,0.0,0.75,0.0,0.0,1.0,0.0,1.0,1.0,0.0,0.75,0.0,1.0,1.0,1.0,0.0,0.25,0.0,0.0,0.75,0.75,0.75,0.25,0.75,0.75,0.0,0.0,0.25,1.0,0.0,0.0,0.75,0.25,0.0,0.0,0.0,0.75,0.0,0.0,0.0,1.0,1.0,0.83,0.5,0.17,0.0,1.0,0.0,0.0,0.0,1.0,1.0,0.5,0.5,0.75,0.5,0.75
3663,0.83,1.0,0.17,0.0,0.0,0.0,0.0,0.75,0.0,0.0,1.0,1.0,0.0,0.75,1.0,1.0,0.0,0.0,0.0,0.0,0.0,0.75,0.0,0.25,0.0,1.0,1.0,1.0,0.75,0.0,0.75,1.0,0.75,0.75,0.0,1.0,0.0,0.25,1.0,0.0,0.0,1.0,0.25,0.0,0.0,0.0,1.0,0.0,0.75,0.75,0.0,0.0,0.0,0.0,0.0,0.0,0.0,0.0,1.0,1.0,1.0,1.0,0.33,0.0,1.0,0.0,0.0,0.0,1.0,0.75,0.5,0.0,1.0,0.5,0.75
3668,0.0,0.0,0.0,1.0,1.0,0.0,0.0,0.0,1.0,1.0,0.0,0.0,1.0,0.0,0.75,0.25,1.0,0.25,1.0,0.0,1.0,1.0,1.0,0.0,1.0,0.0,0.0,1.0,0.25,1.0,0.75,0.0,0.0,1.0,1.0,0.0,1.0,1.0,0.25,1.0,1.0,0.25,1.0,1.0,1.0,1.0,0.0,1.0,0.0,1.0,1.0,1.0,1.0,1.0,0.0,1.0,1.0,1.0,0.0,0.0,0.0,0.67,1.0,0.25,0.0,1.0,1.0,1.0,0.0,0.5,1.0,1.0,0.0,1.0,0.5
3669,1.0,0.17,0.33,0.25,0.75,0.0,0.0,1.0,0.25,0.0,1.0,0.0,0.75,0.75,0.75,1.0,0.0,1.0,1.0,1.0,0.25,1.0,0.75,0.0,0.25,0.25,0.25,1.0,0.75,1.0,0.75,0.75,0.25,1.0,0.25,1.0,0.75,0.75,0.75,0.75,0.75,1.0,0.0,1.0,0.0,1.0,1.0,0.0,1.0,1.0,1.0,0.0,1.0,0.0,1.0,1.0,0.25,0.25,1.0,1.0,1.0,1.0,0.67,0.0,0.75,0.75,0.25,0.25,0.5,0.75,0.75,0.75,0.75,0.5,0.5
3672,0.33,0.33,0.83,1.0,1.0,0.0,1.0,0.75,0.25,1.0,0.75,0.0,1.0,0.75,1.0,0.0,1.0,1.0,1.0,0.25,1.0,0.25,1.0,0.0,0.75,0.75,0.0,1.0,0.75,1.0,1.0,0.25,0.25,1.0,0.25,1.0,0.75,0.75,0.0,1.0,1.0,0.25,0.0,1.0,1.0,1.0,0.25,0.75,0.75,0.75,0.75,1.0,0.75,1.0,1.0,1.0,0.25,1.0,0.0,1.0,0.83,0.83,0.83,1.0,0.75,1.0,1.0,0.75,0.25,0.75,0.75,0.75,0.0,1.0,0.5
3673,0.0,0.0,0.0,1.0,1.0,0.0,1.0,0.0,1.0,1.0,0.0,0.0,1.0,0.0,0.0,0.75,1.0,0.0,1.0,0.0,1.0,1.0,1.0,0.0,1.0,0.0,0.0,1.0,0.0,1.0,0.0,0.0,0.0,1.0,1.0,0.0,1.0,1.0,0.0,1.0,1.0,0.25,1.0,1.0,1.0,1.0,0.0,1.0,0.0,1.0,0.75,1.0,1.0,1.0,0.75,1.0,1.0,1.0,0.0,0.0,0.17,0.5,1.0,0.0,0.0,1.0,1.0,0.75,0.0,0.5,0.75,0.75,0.0,1.0,0.5
3674,0.83,0.5,0.17,0.75,1.0,0.0,0.67,1.0,1.0,1.0,1.0,0.25,0.75,0.75,0.75,0.25,0.25,0.75,1.0,0.25,0.75,0.25,0.75,0.0,1.0,0.0,0.0,1.0,0.75,1.0,1.0,0.75,0.0,1.0,0.25,1.0,0.25,0.25,1.0,0.25,0.25,0.75,0.25,1.0,1.0,1.0,0.0,1.0,0.0,1.0,1.0,1.0,1.0,1.0,1.0,1.0,1.0,1.0,0.75,0.75,1.0,0.67,1.0,0.25,0.75,0.75,1.0,0.5,0.25,0.5,0.75,0.5,0.0,0.75,0.0
3675,1.0,1.0,0.67,0.75,0.0,0.25,0.0,1.0,0.25,0.0,0.75,1.0,0.0,1.0,0.25,1.0,0.0,0.75,0.0,0.0,0.75,0.0,0.25,0.75,0.0,1.0,0.75,0.25,0.25,0.0,1.0,0.75,1.0,0.25,0.0,1.0,0.0,0.0,1.0,0.25,0.0,1.0,0.25,0.0,0.0,0.0,1.0,0.25,0.75,0.0,0.0,0.0,0.75,0.0,1.0,0.0,0.0,0.0,1.0,1.0,1.0,0.83,0.0,0.0,1.0,0.0,0.0,0.0,0.75,0.75,0.75,0.25,1.0,0.25,0.25
3676,0.83,1.0,0.67,0.0,0.0,1.0,0.17,0.25,0.25,0.0,0.75,1.0,0.25,0.25,0.0,0.0,0.0,0.75,0.25,0.0,0.75,0.0,0.0,1.0,0.0,1.0,1.0,0.75,0.75,0.75,0.75,0.75,0.0,0.75,0.0,0.75,0.0,0.75,0.0,0.25,1.0,0.75,0.75,0.25,0.0,0.75,0.75,0.0,1.0,0.75,0.0,0.0,0.0,0.0,0.0,0.0,0.0,0.0,1.0,1.0,0.33,0.5,0.17,0.0,0.75,0.0,0.0,0.25,0.75,0.75,0.5,0.5,0.75,0.75,0.75
3677,0.83,0.33,0.17,0.75,0.75,0.0,0.5,0.75,0.75,1.0,0.75,0.25,0.25,0.75,1.0,0.75,0.0,0.75,0.25,0.0,0.75,0.25,0.75,0.0,0.75,0.0,0.0,1.0,0.75,0.75,0.75,0.0,1.0,0.75,0.75,1.0,0.0,0.25,0.25,0.25,0.25,0.75,0.75,1.0,1.0,1.0,0.75,0.75,0.25,1.0,1.0,0.75,0.75,1.0,0.75,0.75,1.0,0.75,0.25,1.0,1.0,0.67,0.83,1.0,0.75,0.75,1.0,0.75,0.25,0.5,0.75,0.5,0.0,0.5,0.0
3678,0.0,0.0,0.0,1.0,0.75,0.0,1.0,0.0,1.0,1.0,0.0,0.0,1.0,0.0,1.0,0.75,1.0,0.0,1.0,0.25,1.0,0.75,1.0,0.0,1.0,0.0,0.0,1.0,0.25,1.0,1.0,0.0,0.0,0.75,1.0,0.25,1.0,0.25,0.0,1.0,0.75,0.75,0.25,1.0,1.0,1.0,0.0,1.0,0.0,1.0,1.0,1.0,1.0,1.0,1.0,1.0,1.0,1.0,0.0,0.25,0.0,0.83,1.0,0.75,0.25,1.0,0.75,1.0,0.0,0.0,1.0,1.0,0.0,1.0,0.25
3679,0.0,0.0,0.0,1.0,1.0,0.0,1.0,0.0,1.0,1.0,0.0,0.0,1.0,0.0,0.0,0.25,1.0,0.0,1.0,0.0,1.0,1.0,1.0,0.0,1.0,0.0,0.0,1.0,0.0,1.0,0.0,0.0,0.0,1.0,1.0,0.0,1.0,1.0,0.0,1.0,1.0,0.25,1.0,1.0,1.0,1.0,0.0,1.0,0.0,1.0,0.75,1.0,1.0,1.0,0.25,1.0,1.0,1.0,0.0,0.0,0.0,0.83,1.0,0.0,0.0,1.0,1.0,1.0,0.0,0.5,1.0,0.75,0.0,1.0,0.5
3681,1.0,0.33,0.67,0.25,0.0,0.0,0.67,0.25,1.0,0.0,1.0,0.0,0.25,0.0,0.75,0.75,0.0,1.0,0.75,0.0,0.25,0.25,0.0,0.0,0.25,0.0,0.0,0.75,0.0,0.25,0.75,0.25,0.25,0.0,0.25,0.75,0.0,1.0,0.0,0.25,1.0,1.0,0.25,0.75,0.75,1.0,1.0,0.25,0.75,0.25,0.25,0.25,0.25,0.75,0.75,0.0,0.0,0.25,1.0,1.0,0.83,1.0,0.67,0.25,0.75,0.25,1.0,0.5,0.5,0.5,0.5,0.5,0.5,0.75,0.5
3682,1.0,0.33,0.33,0.75,0.75,0.0,0.67,0.75,0.75,0.25,0.75,0.75,0.75,0.75,0.75,0.75,0.25,1.0,0.75,0.25,1.0,1.0,0.0,0.0,0.75,0.25,0.25,0.75,0.0,1.0,0.25,0.25,0.25,0.75,0.75,0.75,0.0,1.0,0.25,0.0,0.75,0.25,1.0,1.0,0.75,1.0,0.25,0.75,0.75,1.0,0.75,0.25,0.75,0.25,0.75,0.25,0.0,1.0,1.0,0.75,0.83,0.67,0.67,0.0,0.75,0.25,1.0,0.5,0.5,0.5,1.0,0.5,0.5,0.75,0.5
3683,1.0,0.17,0.33,0.75,0.75,0.0,0.5,0.0,1.0,0.0,0.75,0.0,0.25,0.0,0.75,1.0,0.0,1.0,0.75,0.0,0.75,0.75,0.0,0.0,0.25,0.0,0.0,0.25,0.25,0.75,0.0,0.25,0.25,0.0,0.25,0.75,0.0,1.0,0.0,0.75,1.0,0.75,1.0,0.75,0.75,1.0,0.0,0.25,0.25,1.0,0.25,0.75,0.25,0.25,0.25,0.0,0.0,0.25,1.0,0.75,0.67,0.5,0.67,0.0,0.75,0.75,0.75,0.75,0.5,0.5,0.75,0.5,0.25,0.75,0.5
3684,1.0,1.0,0.67,0.0,0.0,1.0,0.0,1.0,0.0,0.0,0.0,1.0,0.0,0.0,1.0,0.0,0.0,1.0,1.0,0.0,0.0,0.0,0.0,1.0,0.0,1.0,1.0,1.0,0.0,0.0,1.0,1.0,1.0,0.0,0.0,1.0,0.0,0.75,1.0,0.0,1.0,1.0,0.0,0.0,0.0,0.0,1.0,0.0,1.0,0.0,0.0,0.0,0.0,0.0,0.0,0.0,0.0,0.0,1.0,1.0,1.0,1.0,0.0,0.0,1.0,0.0,0.0,0.0,1.0,1.0,0.0,0.0,1.0,0.5,0.5
3685,0.17,0.83,0.83,0.0,0.0,0.75,0.33,0.75,0.0,0.0,0.25,1.0,0.0,1.0,0.25,0.25,0.0,1.0,0.0,0.0,0.75,0.25,0.0,1.0,0.0,1.0,1.0,0.75,0.0,0.0,0.75,0.75,0.25,1.0,0.0,0.75,0.0,0.75,0.0,0.0,0.25,0.25,0.0,0.25,0.0,0.25,0.75,0.0,1.0,1.0,0.0,0.25,0.0,0.0,0.0,0.0,1.0,0.25,1.0,1.0,0.0,0.17,0.5,0.0,0.0,0.0,0.0,0.0,0.5,0.5,0.5,0.25,0.5,0.5,0.75
3686,0.5,0.83,0.83,0.0,0.0,1.0,0.17,0.75,0.0,0.0,0.75,1.0,0.0,1.0,0.0,0.0,0.0,0.0,0.0,0.25,0.0,0.0,0.0,1.0,0.0,1.0,1.0,0.0,0.0,0.0,0.0,1.0,0.75,0.0,0.0,1.0,0.0,0.25,0.25,0.0,0.25,1.0,0.0,0.0,0.0,0.0,1.0,0.0,1.0,1.0,0.0,0.0,0.0,0.0,0.0,0.0,0.0,0.0,1.0,0.75,1.0,0.83,0.0,0.0,1.0,0.0,0.0,0.0,1.0,0.75,0.5,0.0,1.0,0.25,0.5
3687,0.67,0.17,0.0,0.25,1.0,0.0,0.17,1.0,0.25,0.25,1.0,0.25,0.0,1.0,0.0,0.0,0.25,0.25,0.75,0.25,1.0,0.75,0.0,0.0,0.75,0.25,0.0,1.0,1.0,0.0,1.0,0.25,0.25,1.0,0.0,1.0,0.0,0.0,1.0,0.0,0.0,1.0,0.25,0.75,1.0,0.75,0.75,1.0,0.0,0.75,0.75,0.75,0.75,0.75,1.0,0.0,0.0,0.25,1.0,0.75,0.83,1.0,0.17,0.0,1.0,0.0,1.0,0.5,0.75,0.5,0.75,0.25,0.25,0.75,0.25
3688,0.67,0.5,0.0,0.0,1.0,0.0,0.17,1.0,0.75,0.25,1.0,0.25,0.0,1.0,0.25,0.0,0.0,0.25,0.0,0.0,0.25,0.25,0.25,0.0,0.0,0.25,0.0,1.0,0.75,0.25,0.75,0.25,0.25,1.0,0.0,1.0,0.0,0.25,1.0,0.0,0.0,1.0,0.0,0.75,1.0,0.75,0.25,0.25,0.25,0.25,0.75,0.75,0.75,0.25,0.75,0.0,0.25,0.0,1.0,1.0,1.0,0.67,0.5,0.0,1.0,0.25,0.75,0.5,0.75,0.5,0.5,0.5,0.5,0.5,0.5
3689,0.83,0.5,0.17,0.75,0.25,0.0,0.17,0.75,0.75,0.0,1.0,0.75,0.0,1.0,0.75,0.0,0.0,0.25,0.0,0.0,0.75,0.25,0.25,0.0,0.0,0.75,0.25,0.25,0.75,0.0,1.0,0.75,0.25,1.0,0.0,0.75,0.0,0.0,1.0,0.0,0.25,1.0,0.0,0.25,0.25,0.0,1.0,0.25,0.75,0.0,0.0,0.0,0.0,0.0,0.75,0.25,0.0,0.25,1.0,1.0,0.83,0.83,0.67,0.0,0.25,0.0,1.0,0.5,0.5,0.5,0.75,0.5,0.75,0.5,0.5
3693,1.0,0.5,0.17,0.0,0.0,0.0,0.67,0.75,1.0,1.0,1.0,0.0,0.0,0.0,0.75,0.75,0.0,1.0,0.75,0.0,0.0,0.0,0.0,0.0,0.0,0.0,0.0,1.0,0.75,1.0,0.75,0.25,0.0,0.0,0.25,1.0,0.0,1.0,0.0,0.0,1.0,1.0,1.0,1.0,0.75,1.0,0.0,0.0,0.75,0.75,0.75,0.75,1.0,1.0,1.0,0.25,0.0,1.0,1.0,1.0,0.67,1.0,0.83,0.0,0.75,0.75,0.75,0.5,0.5,0.5,0.5,0.5,0.25,0.5,0.5
3694,0.83,0.67,0.83,0.0,1.0,0.0,1.0,1.0,1.0,1.0,1.0,0.0,1.0,0.0,1.0,1.0,1.0,1.0,1.0,0.0,1.0,0.0,1.0,0.0,1.0,0.0,0.0,1.0,1.0,1.0,0.0,0.0,0.0,1.0,1.0,1.0,1.0,1.0,1.0,1.0,0.25,1.0,0.0,0.0,0.0,1.0,1.0,0.0,1.0,0.0,0.0,0.0,0.0,0.0,1.0,0.0,0.0,0.0,1.0,1.0,0.67,1.0,0.83,0.0,1.0,0.0,1.0,1.0,1.0,1.0,1.0,0.75,0.5,0.5,0.5
3695,1.0,0.5,0.5,0.75,0.0,0.0,0.83,0.0,0.75,0.75,1.0,0.0,0.75,0.0,0.75,0.75,0.25,1.0,0.25,0.0,0.75,0.75,0.0,0.0,0.25,0.25,0.25,1.0,0.75,0.75,0.0,0.25,0.25,1.0,1.0,0.25,0.25,0.25,0.25,0.25,0.75,1.0,1.0,0.75,0.75,1.0,0.25,0.75,0.25,0.75,1.0,1.0,0.75,0.75,1.0,0.0,0.25,1.0,1.0,0.75,0.83,0.83,0.67,0.0,0.75,0.25,0.25,0.5,0.5,0.5,0.75,0.5,0.5,0.75,0.5
3696,0.67,0.83,0.67,0.75,0.0,0.0,0.83,0.75,0.75,0.75,0.75,0.75,0.75,0.25,0.0,1.0,0.0,1.0,0.75,0.0,0.75,0.0,0.0,0.0,0.0,0.75,0.25,0.25,0.0,0.25,0.25,0.25,0.25,0.25,0.75,0.75,0.0,0.75,0.25,1.0,0.75,0.75,0.75,0.25,0.0,1.0,1.0,0.0,1.0,0.75,0.75,0.25,0.25,0.75,0.75,0.0,0.0,0.0,1.0,0.75,0.33,0.67,0.33,0.0,1.0,0.0,1.0,0.5,0.75,0.75,0.75,0.5,0.25,0.75,0.5
3697,0.83,0.33,0.83,0.75,0.25,0.0,0.33,1.0,0.75,0.0,1.0,0.0,0.75,1.0,0.25,1.0,0.25,1.0,0.75,0.0,0.75,1.0,0.75,0.25,0.25,0.25,0.25,0.75,0.0,0.75,0.0,0.25,0.25,0.75,1.0,0.75,0.75,0.75,0.75,0.75,0.75,0.75,1.0,1.0,0.75,0.75,1.0,0.25,0.75,1.0,0.75,0.75,0.75,0.75,1.0,0.25,0.25,0.0,1.0,0.75,0.5,0.5,0.67,0.0,0.75,0.75,0.75,0.5,0.5,0.75,0.75,0.5,0.5,0.75,0.5
3698,0.17,0.17,0.5,0.75,0.75,0.0,0.17,1.0,0.75,0.0,1.0,0.75,0.0,0.75,0.75,0.75,0.0,1.0,0.75,0.0,0.25,0.25,0.0,0.0,0.25,0.75,0.75,0.75,0.75,0.0,0.25,0.25,1.0,0.0,0.0,1.0,0.0,0.25,0.25,0.25,1.0,0.75,0.25,0.25,0.25,0.75,0.75,0.75,0.75,1.0,0.0,0.25,0.75,0.0,0.0,0.0,0.75,0.0,1.0,0.0,0.83,0.33,0.67,0.0,1.0,0.0,0.25,0.5,0.5,0.5,0.5,0.5,0.5,0.5,0.5
3700,0.83,0.33,0.67,0.75,0.75,0.0,0.67,0.0,1.0,0.75,1.0,0.25,0.25,0.25,0.75,1.0,0.0,1.0,0.75,0.0,1.0,0.25,0.25,0.0,0.25,0.0,0.0,0.75,0.75,0.25,0.75,0.25,0.25,0.25,0.25,1.0,0.0,0.75,0.25,0.25,1.0,0.75,0.75,0.75,0.75,1.0,0.75,0.25,0.75,0.75,0.25,0.25,0.75,0.75,1.0,0.0,0.0,0.75,1.0,1.0,0.67,0.83,0.67,0.0,0.75,0.25,1.0,0.75,0.5,0.5,0.75,0.5,0.75,0.5,0.5
3701,1.0,0.33,0.67,1.0,0.0,0.0,0.67,0.0,0.75,0.0,0.75,0.0,0.75,0.0,0.75,0.25,0.0,1.0,1.0,0.75,1.0,0.25,0.25,0.0,0.25,0.0,0.0,0.25,0.0,1.0,0.0,0.25,0.0,0.0,0.0,0.25,0.0,1.0,0.0,1.0,1.0,0.75,1.0,1.0,0.25,1.0,0.75,0.0,1.0,1.0,0.25,0.0,0.25,0.75,0.75,0.0,0.0,0.25,1.0,0.75,0.67,0.83,0.67,0.0,0.25,0.75,1.0,0.75,0.5,0.5,0.75,0.5,0.5,0.75,0.5
3702,0.5,0.5,0.17,0.75,0.0,0.0,0.5,0.75,0.75,0.25,0.75,0.75,0.25,0.25,0.75,1.0,0.25,1.0,0.25,0.0,1.0,0.25,0.0,0.25,0.0,0.0,0.25,0.25,0.25,0.25,0.0,1.0,0.0,0.75,0.0,0.75,0.0,0.25,0.25,0.25,0.75,0.75,0.75,0.25,0.25,0.75,1.0,0.0,1.0,1.0,0.75,0.0,0.75,0.25,0.0,0.0,0.75,0.25,1.0,1.0,0.83,0.83,0.0,0.0,0.75,0.25,0.0,0.5,0.75,0.5,1.0,0.75,0.75,0.75,0.5
3703,0.83,0.67,0.33,0.0,0.0,0.0,0.5,0.0,0.75,0.0,0.75,0.0,0.25,0.75,1.0,1.0,0.75,1.0,0.75,0.0,1.0,0.75,0.0,0.25,0.25,0.0,0.0,1.0,0.25,1.0,0.75,1.0,0.0,1.0,1.0,0.25,1.0,0.75,0.0,0.75,1.0,1.0,1.0,0.25,0.0,1.0,1.0,0.25,1.0,1.0,0.75,1.0,0.25,1.0,0.25,0.0,0.0,0.0,1.0,1.0,0.83,0.67,0.67,0.25,1.0,0.25,1.0,0.5,0.75,0.5,0.75,0.5,0.75,0.75,0.5
3704,0.83,0.67,0.67,0.75,0.0,0.0,0.5,1.0,1.0,1.0,0.75,0.0,0.25,0.0,0.25,0.75,0.0,1.0,0.75,0.0,0.25,0.25,0.0,0.0,0.25,0.0,0.0,0.75,0.25,0.75,0.0,0.25,0.25,0.0,0.25,0.75,0.0,1.0,0.0,0.75,1.0,0.75,1.0,0.75,0.75,1.0,0.25,0.25,0.25,1.0,0.75,0.75,0.75,0.75,0.25,0.0,1.0,0.25,1.0,0.75,0.33,0.5,0.67,0.0,0.75,0.75,0.75,0.5,0.5,0.5,0.5,0.5,0.25,0.75,0.5
3705,0.67,0.17,0.17,0.0,0.0,0.0,0.33,0.75,0.75,0.0,0.75,0.0,0.25,1.0,0.0,0.25,0.0,1.0,0.0,0.0,0.0,0.75,0.0,0.0,0.75,0.75,1.0,1.0,0.0,1.0,0.0,0.0,0.25,1.0,0.25,1.0,0.0,0.0,1.0,1.0,1.0,1.0,0.0,1.0,0.0,1.0,0.25,0.0,1.0,1.0,1.0,0.0,0.75,0.0,1.0,0.0,0.0,1.0,1.0,0.75,0.83,0.67,0.33,0.0,0.75,1.0,1.0,0.5,0.5,0.5,0.5,0.5,0.25,0.75,0.25
3706,1.0,0.17,0.17,0.75,1.0,0.0,0.67,0.25,1.0,1.0,0.75,0.25,0.0,0.75,1.0,0.75,0.25,1.0,1.0,0.0,1.0,1.0,0.75,0.0,0.75,0.0,0.0,1.0,0.75,1.0,0.0,0.0,0.0,1.0,0.25,0.25,0.0,1.0,0.25,0.25,0.75,1.0,0.0,1.0,1.0,1.0,0.75,0.75,0.25,1.0,0.75,0.25,1.0,1.0,1.0,0.75,0.75,0.75,0.75,1.0,0.33,0.17,0.67,0.0,0.75,0.75,1.0,0.5,0.25,0.5,0.75,0.5,0.75,0.75,0.5
3707,0.83,0.67,0.67,0.25,0.0,0.0,0.17,1.0,0.75,0.75,1.0,0.0,0.0,0.75,0.75,0.0,1.0,0.75,0.25,0.75,1.0,1.0,0.0,0.0,0.75,0.0,0.0,0.75,0.0,1.0,0.75,0.75,0.25,1.0,0.0,1.0,0.0,0.75,0.0,0.75,0.75,0.25,0.0,1.0,1.0,1.0,1.0,0.75,0.0,1.0,1.0,0.75,1.0,0.75,0.0,0.0,0.75,0.75,1.0,0.75,1.0,0.5,0.33,0.0,0.25,0.75,1.0,0.5,0.5,0.5,0.5,0.5,0.75,0.75,0.5
3708,0.5,0.17,0.17,1.0,0.75,0.0,1.0,0.0,1.0,1.0,0.25,0.0,1.0,0.0,0.25,0.75,1.0,0.75,1.0,0.25,1.0,0.75,1.0,0.0,0.75,0.0,0.0,0.75,0.25,1.0,0.75,0.0,0.25,1.0,1.0,0.0,1.0,0.75,0.0,1.0,0.75,0.25,1.0,1.0,1.0,1.0,0.0,0.75,0.25,1.0,1.0,1.0,1.0,1.0,0.75,1.0,1.0,1.0,0.0,0.75,0.0,0.67,1.0,1.0,0.0,1.0,1.0,0.75,0.0,0.5,0.5,1.0,0.0,1.0,0.5
3709,0.0,0.0,0.0,1.0,0.75,0.0,1.0,0.0,1.0,1.0,0.0,0.0,1.0,0.0,0.25,0.75,1.0,0.0,1.0,0.0,1.0,1.0,1.0,0.0,1.0,0.0,0.0,1.0,0.75,1.0,0.25,0.0,0.0,1.0,1.0,0.0,1.0,1.0,0.0,1.0,1.0,0.75,1.0,1.0,1.0,1.0,0.0,0.25,0.0,1.0,1.0,1.0,1.0,1.0,1.0,1.0,1.0,1.0,0.0,0.25,0.17,0.67,1.0,1.0,0.75,1.0,1.0,1.0,0.0,0.5,1.0,1.0,0.0,1.0,0.25
3710,0.17,0.0,0.17,1.0,0.75,0.0,0.67,0.25,1.0,1.0,0.75,0.0,1.0,0.25,0.75,0.75,1.0,1.0,1.0,0.25,1.0,0.75,1.0,0.0,1.0,0.0,0.25,1.0,0.75,1.0,0.75,0.0,0.0,1.0,0.75,0.25,0.75,0.25,0.25,0.75,0.75,0.75,0.75,1.0,1.0,1.0,0.25,0.25,0.25,0.75,1.0,1.0,1.0,1.0,0.75,0.75,0.75,1.0,0.75,1.0,0.17,0.83,1.0,0.75,0.75,1.0,1.0,0.75,0.25,0.5,0.75,0.5,0.25,0.5,0.5
3711,0.17,0.17,0.0,0.75,0.75,0.0,1.0,0.0,1.0,1.0,0.25,0.0,1.0,0.0,1.0,0.75,1.0,1.0,1.0,0.75,1.0,0.75,1.0,0.0,1.0,0.0,0.0,1.0,0.25,1.0,0.75,0.0,0.0,1.0,1.0,0.0,1.0,0.75,0.0,1.0,1.0,0.25,1.0,1.0,0.75,1.0,0.75,0.25,0.0,1.0,0.75,0.75,1.0,1.0,0.25,0.75,1.0,1.0,0.0,0.25,0.17,0.67,0.83,0.75,0.75,1.0,1.0,0.75,0.25,0.5,0.75,1.0,0.25,1.0,0.5
3712,1.0,0.67,0.5,0.25,0.25,0.25,0.33,0.75,0.25,0.25,0.75,0.75,0.25,0.75,0.75,0.75,0.0,1.0,0.25,0.25,0.25,0.0,0.0,0.25,0.25,0.75,1.0,0.0,0.75,0.25,1.0,0.75,0.75,1.0,0.75,0.25,0.25,1.0,0.75,0.75,0.25,0.75,0.75,0.25,0.25,0.75,1.0,0.25,0.25,1.0,0.75,0.75,0.75,0.25,0.0,0.0,0.25,0.25,1.0,1.0,1.0,0.67,0.5,0.0,0.75,0.75,0.75,0.25,0.0,0.5,0.5,0.0,0.75,0.0,0.5
3713,0.67,0.67,0.83,0.0,0.0,1.0,0.33,1.0,0.25,0.0,1.0,1.0,0.0,1.0,0.0,1.0,0.0,1.0,0.0,0.75,0.0,0.25,0.0,1.0,0.0,1.0,1.0,0.0,0.0,0.0,0.0,0.75,1.0,1.0,0.0,0.25,0.0,1.0,0.0,0.25,0.75,0.25,1.0,0.0,0.75,0.25,0.75,0.75,1.0,1.0,0.0,0.75,0.0,0.0,0.0,0.0,0.0,0.75,1.0,1.0,0.33,0.33,0.33,0.0,0.25,0.75,0.0,0.0,0.5,0.75,0.5,0.25,0.5,0.5,0.5
3714,0.0,0.17,0.0,0.75,1.0,0.0,0.0,1.0,1.0,1.0,1.0,0.25,0.0,0.75,1.0,0.0,0.0,0.25,0.0,0.0,0.75,1.0,1.0,0.0,0.75,0.25,0.0,1.0,1.0,0.0,1.0,1.0,0.25,1.0,0.0,1.0,0.0,0.0,1.0,0.0,0.25,0.75,0.0,0.75,0.75,1.0,0.25,0.0,0.25,0.75,0.75,0.25,1.0,1.0,1.0,1.0,0.25,0.25,1.0,0.0,1.0,1.0,0.67,0.0,1.0,0.25,1.0,0.5,0.75,0.5,0.75,0.5,0.5,0.75,0.5
3715,0.17,0.17,0.0,0.25,0.0,0.25,0.17,1.0,0.25,0.25,1.0,0.25,0.25,0.75,0.0,0.25,0.0,0.0,0.0,0.0,0.75,0.75,0.0,0.25,0.0,0.25,0.0,1.0,0.75,0.0,0.25,0.75,1.0,1.0,0.0,0.75,0.0,0.25,1.0,0.0,0.25,1.0,0.25,0.75,0.75,0.75,0.75,0.0,0.25,0.0,0.75,0.0,0.75,0.0,0.0,0.0,0.0,0.0,1.0,1.0,1.0,1.0,0.0,0.0,1.0,0.0,0.75,0.25,1.0,0.5,0.75,0.25,0.75,0.5,0.5
3717,0.17,0.33,0.17,0.0,0.75,0.0,0.0,1.0,0.0,0.0,1.0,1.0,0.0,0.75,1.0,0.0,0.0,0.0,0.0,0.0,0.25,0.75,0.0,0.0,0.0,0.0,0.0,1.0,1.0,0.0,0.25,1.0,0.0,1.0,0.0,1.0,0.0,0.0,1.0,0.0,0.25,1.0,0.0,0.25,0.75,0.25,1.0,0.0,0.0,0.75,0.25,0.0,0.0,0.0,1.0,0.0,0.0,0.0,1.0,0.25,1.0,0.83,0.17,0.0,1.0,0.25,1.0,0.25,0.75,0.75,0.5,0.25,0.5,0.5,0.5
3719,0.33,0.17,0.0,1.0,1.0,0.25,0.67,0.75,1.0,1.0,0.75,0.25,1.0,1.0,0.0,0.25,0.0,1.0,1.0,1.0,1.0,1.0,0.0,0.0,1.0,0.0,0.0,1.0,0.0,1.0,0.75,0.0,0.25,1.0,1.0,0.75,0.25,1.0,0.75,0.0,0.75,0.25,1.0,1.0,1.0,1.0,0.0,1.0,0.0,1.0,1.0,1.0,1.0,1.0,0.0,0.25,0.25,0.75,1.0,0.75,0.33,0.5,1.0,0.75,1.0,0.75,0.75,0.75,0.5,0.75,0.75,0.5,0.0,0.75,0.5
3720,0.83,0.83,0.83,0.0,0.0,0.25,0.0,0.25,0.0,0.0,0.75,1.0,0.0,0.25,0.0,0.25,0.0,0.25,0.0,0.0,0.0,0.0,0.0,1.0,0.0,1.0,1.0,0.25,0.0,0.0,0.0,1.0,0.0,0.25,0.0,1.0,0.0,0.0,0.75,0.0,0.25,1.0,0.75,0.0,0.0,0.0,1.0,0.0,1.0,1.0,0.0,0.0,0.0,0.25,0.0,0.0,0.0,0.0,1.0,1.0,0.67,0.83,0.17,0.0,0.75,0.0,0.0,0.0,1.0,0.75,0.5,0.25,0.75,0.5,0.5
3721,0.67,0.33,0.17,0.75,1.0,0.0,0.5,0.75,1.0,0.0,1.0,0.25,0.0,0.75,0.25,0.25,0.0,1.0,0.75,0.0,0.25,0.0,0.75,0.0,0.0,0.0,0.0,1.0,0.25,0.0,0.75,0.75,0.25,1.0,0.25,0.75,0.0,0.25,0.75,0.25,0.25,1.0,1.0,1.0,1.0,1.0,0.75,0.75,0.0,0.75,0.75,0.25,0.0,0.75,0.75,0.25,0.25,0.0,1.0,1.0,0.67,0.67,0.67,0.0,1.0,0.75,0.75,0.5,0.5,0.5,0.75,0.5,0.5,0.75,0.5
3722,0.33,0.5,0.17,0.75,0.0,0.0,0.33,0.0,1.0,0.75,0.75,0.0,0.25,0.0,1.0,0.75,0.0,1.0,0.75,0.0,0.75,0.75,0.0,0.0,0.75,0.0,0.0,1.0,0.75,1.0,0.75,0.25,0.25,0.75,0.25,0.0,0.0,1.0,0.25,0.75,1.0,0.25,1.0,0.75,0.75,1.0,0.75,0.0,0.75,1.0,0.0,0.25,0.25,1.0,0.75,0.0,0.75,0.25,0.75,0.25,0.33,0.5,0.67,0.0,0.75,0.75,0.75,0.5,0.5,0.5,0.5,0.5,0.5,0.75,0.5
3725,1.0,0.17,0.5,0.75,0.0,0.0,0.33,0.0,1.0,0.0,0.75,0.0,0.25,0.0,0.75,0.75,0.0,1.0,0.75,0.0,0.25,0.75,0.0,0.0,0.25,0.0,0.0,0.75,0.0,0.75,0.0,0.25,0.25,0.0,0.25,0.75,0.0,1.0,0.25,0.75,0.75,0.75,0.25,0.75,0.75,1.0,0.0,0.0,0.25,1.0,0.25,0.25,1.0,0.75,1.0,0.0,0.0,0.75,1.0,0.75,0.83,0.83,0.67,0.0,0.75,0.25,1.0,0.5,0.5,0.5,0.75,0.5,0.5,0.75,0.5
3726,0.67,0.33,0.17,1.0,0.75,0.0,0.5,0.0,0.25,0.0,1.0,0.25,0.25,0.25,0.75,0.75,0.0,1.0,0.75,0.0,0.25,0.25,0.0,0.25,0.25,0.25,0.75,0.75,0.25,0.75,0.75,0.25,0.25,0.25,0.25,0.25,0.0,1.0,0.75,0.75,0.75,0.75,1.0,0.75,0.75,1.0,0.25,0.25,0.75,1.0,0.75,0.25,0.75,0.75,0.25,0.75,0.0,0.75,1.0,0.75,0.67,0.67,0.33,0.0,0.75,0.25,0.75,0.5,0.5,0.75,0.75,0.5,0.5,0.5,0.5
3727,0.67,0.67,0.0,0.75,0.0,0.0,0.33,1.0,0.75,0.75,0.75,0.25,1.0,0.75,1.0,1.0,0.75,1.0,0.75,0.0,1.0,0.0,0.0,0.0,0.25,0.25,0.25,1.0,1.0,1.0,1.0,0.0,0.25,1.0,1.0,0.75,0.75,1.0,1.0,0.75,0.75,1.0,0.25,1.0,0.75,1.0,0.75,0.25,0.0,0.75,0.25,1.0,0.25,0.75,0.75,0.0,0.75,0.75,1.0,1.0,0.83,0.83,0.67,0.0,0.25,0.25,0.75,0.75,1.0,0.5,1.0,0.5,0.5,1.0,0.0
3728,0.83,0.33,0.67,0.75,0.75,0.0,0.5,0.25,0.75,0.25,1.0,0.0,0.25,0.75,0.75,0.75,0.0,1.0,0.25,0.0,0.25,0.0,0.0,0.0,0.25,0.25,0.25,0.25,0.25,0.0,0.75,0.75,0.75,0.0,0.0,1.0,0.0,0.75,0.0,0.25,0.25,0.75,0.75,0.75,1.0,1.0,0.25,0.75,0.25,1.0,0.75,0.25,0.75,1.0,0.0,0.0,0.75,0.25,1.0,0.75,1.0,0.83,0.33,0.0,1.0,0.0,0.75,0.5,0.75,0.5,0.5,0.5,0.5,0.5,0.25
3729,0.83,0.33,0.5,0.25,0.75,0.0,0.5,0.0,1.0,0.75,1.0,0.0,0.25,0.0,0.75,0.75,0.0,1.0,0.75,0.0,0.75,0.75,0.75,0.0,0.25,0.0,0.0,0.75,0.25,0.75,0.25,0.25,0.25,0.0,0.25,0.75,0.25,1.0,0.0,0.75,1.0,1.0,1.0,0.75,0.75,1.0,0.25,0.25,0.25,1.0,0.25,0.25,0.75,0.75,0.25,0.0,0.25,0.75,1.0,0.25,0.67,0.83,0.67,0.0,0.25,0.75,0.75,0.5,0.5,0.5,0.5,0.5,0.5,0.5,0.5
3730,0.83,0.17,1.0,0.0,0.0,0.0,0.83,0.25,1.0,0.0,0.75,1.0,0.25,1.0,1.0,1.0,0.75,1.0,0.75,0.0,1.0,1.0,0.25,1.0,0.0,0.75,0.75,1.0,0.75,0.75,1.0,0.75,0.25,0.75,1.0,1.0,0.0,0.0,1.0,0.25,1.0,1.0,0.75,0.25,0.0,1.0,1.0,0.25,1.0,1.0,1.0,0.0,0.25,0.0,1.0,0.0,0.0,0.0,1.0,1.0,1.0,0.67,0.83,0.0,1.0,0.0,1.0,0.25,0.25,0.75,1.0,0.25,0.75,1.0,0.25
3731,1.0,0.0,0.0,0.75,0.0,0.0,1.0,0.0,1.0,1.0,0.25,0.0,1.0,0.0,0.0,0.0,1.0,0.75,1.0,0.0,1.0,0.0,1.0,0.0,1.0,0.25,0.75,1.0,0.0,1.0,0.0,0.0,0.0,1.0,1.0,0.0,1.0,1.0,0.0,1.0,1.0,0.0,1.0,1.0,1.0,1.0,0.0,1.0,1.0,1.0,1.0,1.0,0.0,1.0,1.0,0.0,1.0,0.0,0.0,1.0,0.0,0.0,1.0,0.0,0.75,1.0,1.0,1.0,0.0,1.0,1.0,1.0,0.0,1.0,0.5
3732,1.0,1.0,0.5,0.0,0.0,1.0,0.83,0.75,0.75,0.25,0.75,0.25,0.75,0.0,0.75,1.0,1.0,1.0,0.0,0.0,0.75,0.0,0.0,1.0,0.0,1.0,1.0,0.25,0.75,1.0,1.0,0.25,0.75,1.0,0.0,1.0,0.0,1.0,1.0,1.0,1.0,1.0,0.0,0.0,0.0,0.75,0.0,0.0,0.75,0.75,0.75,0.75,0.25,1.0,0.75,0.0,0.0,0.0,1.0,1.0,0.83,0.83,0.83,0.0,1.0,0.0,0.0,0.25,1.0,0.75,1.0,0.25,0.75,1.0,0.75
3733,1.0,0.83,0.67,0.25,0.25,1.0,0.17,0.0,0.25,0.0,0.0,0.0,0.25,0.25,0.0,0.25,0.75,0.0,0.75,0.0,0.75,0.0,0.25,0.75,0.0,0.75,0.25,0.75,0.75,0.25,1.0,0.75,1.0,0.25,0.75,1.0,0.0,0.25,1.0,0.0,0.75,1.0,0.0,0.25,0.0,0.75,0.75,0.0,1.0,0.0,0.25,0.25,0.75,0.0,0.0,0.0,0.0,0.0,0.75,1.0,1.0,0.17,0.33,0.0,0.25,0.25,0.0,0.0,1.0,1.0,0.5,0.25,0.75,0.75,0.5
3746,0.0,0.0,0.0,1.0,1.0,0.0,0.83,0.0,1.0,1.0,0.75,0.0,1.0,0.0,0.75,0.0,1.0,0.25,1.0,0.25,1.0,1.0,1.0,0.0,1.0,0.0,0.0,1.0,0.25,1.0,0.75,0.0,0.0,1.0,1.0,0.0,1.0,0.75,0.0,0.25,1.0,0.25,1.0,1.0,1.0,1.0,0.0,1.0,0.0,1.0,1.0,1.0,1.0,1.0,0.0,1.0,1.0,1.0,0.0,0.0,0.17,0.33,1.0,0.75,0.0,1.0,0.75,0.75,0.0,0.5,0.75,0.75,0.0,0.75,0.5
3749,0.17,0.17,0.0,0.75,0.75,0.0,1.0,0.75,0.75,0.75,0.75,0.0,1.0,0.0,0.25,0.25,0.75,0.75,1.0,0.25,1.0,0.75,1.0,0.0,1.0,0.25,0.0,1.0,0.25,1.0,0.75,0.0,0.0,0.0,0.0,0.25,0.75,0.25,0.0,0.25,0.75,0.0,1.0,1.0,1.0,1.0,0.0,1.0,0.0,1.0,1.0,1.0,1.0,1.0,0.75,0.75,1.0,1.0,0.0,0.75,0.17,0.5,1.0,0.75,0.0,1.0,1.0,1.0,0.0,0.25,0.5,0.5,0.0,0.75,0.5
3750,0.17,0.0,0.33,0.75,1.0,0.25,1.0,0.75,1.0,1.0,0.75,0.0,1.0,0.0,1.0,0.75,1.0,1.0,1.0,0.0,1.0,0.75,1.0,0.25,1.0,0.0,0.0,1.0,1.0,1.0,1.0,0.0,0.0,1.0,1.0,1.0,1.0,0.75,0.25,1.0,1.0,0.75,0.75,1.0,1.0,1.0,0.0,1.0,0.0,0.75,1.0,1.0,1.0,1.0,1.0,1.0,1.0,1.0,0.0,0.75,0.17,0.67,1.0,0.0,0.0,1.0,0.0,0.5,0.0,0.5,1.0,0.75,0.0,1.0,0.25
3751,1.0,0.33,0.67,0.75,0.0,0.0,1.0,1.0,0.25,0.0,0.0,0.75,0.0,1.0,0.75,0.75,0.0,1.0,0.75,0.0,0.0,0.75,0.0,0.0,0.0,0.0,0.0,0.0,0.0,1.0,0.75,1.0,1.0,1.0,0.0,1.0,0.0,1.0,1.0,0.0,1.0,0.75,0.0,1.0,1.0,1.0,0.0,1.0,0.0,1.0,0.75,0.0,0.0,1.0,0.0,0.0,0.0,0.75,0.75,1.0,1.0,0.33,0.83,0.0,0.0,1.0,1.0,0.25,0.25,0.75,0.75,0.5,0.25,0.75,0.75
3752,1.0,0.17,0.0,0.75,0.75,0.0,0.5,0.75,1.0,0.75,1.0,0.0,0.25,0.25,0.25,0.25,0.0,1.0,0.75,0.0,0.75,0.75,0.75,0.0,0.25,0.0,0.0,0.25,0.25,0.75,0.25,0.25,0.25,0.25,0.25,0.75,0.0,0.75,0.25,0.25,1.0,0.75,1.0,1.0,1.0,1.0,0.25,0.75,0.25,1.0,0.75,0.75,0.75,0.75,0.25,0.75,1.0,0.25,0.75,0.75,0.67,0.67,1.0,0.0,0.75,1.0,0.75,0.5,0.5,0.5,0.5,0.5,0.25,0.75,0.5
3756,0.5,0.0,0.5,1.0,1.0,0.0,1.0,0.0,1.0,0.25,0.0,0.0,1.0,0.0,0.75,0.75,1.0,0.25,1.0,0.25,0.75,0.75,1.0,0.0,1.0,0.0,0.0,1.0,0.25,0.75,0.75,0.0,0.0,1.0,1.0,0.25,0.0,1.0,0.0,1.0,1.0,0.75,0.25,1.0,1.0,1.0,0.25,1.0,0.0,1.0,1.0,1.0,1.0,1.0,0.25,1.0,0.25,0.75,0.75,0.75,0.5,1.0,1.0,0.25,0.25,1.0,1.0,0.75,0.5,0.5,0.75,0.75,0.25,0.75,0.5
3757,0.17,0.0,0.0,1.0,1.0,0.0,0.83,0.25,0.75,1.0,0.0,0.0,1.0,0.0,0.75,0.75,1.0,0.25,0.75,0.75,1.0,1.0,1.0,0.0,1.0,0.0,0.0,1.0,0.75,1.0,1.0,0.0,0.0,1.0,1.0,1.0,1.0,0.25,0.75,0.0,1.0,0.75,1.0,1.0,1.0,1.0,0.0,1.0,0.0,1.0,1.0,1.0,0.75,1.0,1.0,1.0,0.0,1.0,0.0,0.0,0.17,0.67,1.0,0.25,0.25,1.0,1.0,0.5,0.25,0.5,0.75,0.75,0.0,1.0,0.75
3758,0.67,0.5,0.0,1.0,1.0,0.0,0.83,0.0,1.0,1.0,0.25,0.0,1.0,0.0,0.0,0.0,1.0,0.0,0.25,0.0,1.0,0.75,1.0,0.0,1.0,0.0,0.0,1.0,0.0,1.0,1.0,0.0,0.0,0.0,1.0,0.0,1.0,1.0,0.0,1.0,1.0,0.0,1.0,1.0,1.0,1.0,0.0,1.0,0.0,1.0,1.0,1.0,1.0,1.0,0.0,0.25,1.0,1.0,0.0,0.75,0.17,0.17,1.0,0.0,0.0,1.0,1.0,1.0,0.25,0.5,1.0,0.5,0.0,1.0,0.5
3760,1.0,0.17,0.83,0.75,0.75,0.0,0.33,1.0,0.75,0.0,1.0,0.0,1.0,1.0,1.0,1.0,0.0,0.75,0.75,0.0,0.0,0.0,0.75,0.0,1.0,0.25,0.0,1.0,0.0,1.0,0.25,0.25,0.0,1.0,0.0,0.75,0.0,1.0,0.25,0.75,0.25,0.75,0.75,0.75,0.0,1.0,0.25,0.0,1.0,1.0,1.0,1.0,0.75,1.0,1.0,0.25,0.0,0.0,1.0,1.0,1.0,0.67,0.83,0.0,1.0,0.25,1.0,0.5,0.75,0.75,0.5,0.5,0.5,0.5,0.5
3761,0.67,0.17,0.17,0.75,0.25,0.0,0.67,1.0,0.75,0.25,0.75,0.25,1.0,0.25,1.0,1.0,0.25,0.75,0.75,0.0,0.75,1.0,0.75,0.0,0.25,0.25,0.25,1.0,0.25,1.0,1.0,0.25,0.75,0.25,0.75,1.0,0.75,0.25,0.0,0.25,0.75,0.75,1.0,1.0,0.25,1.0,1.0,0.25,1.0,1.0,0.75,0.75,1.0,1.0,1.0,0.25,1.0,0.25,0.75,1.0,0.83,0.83,0.67,0.0,1.0,1.0,1.0,0.5,0.5,0.75,0.75,0.75,0.75,0.75,0.5
3762,0.67,0.17,0.0,0.75,1.0,0.0,0.67,0.75,1.0,1.0,1.0,0.0,0.75,1.0,1.0,0.25,0.0,0.75,0.75,0.0,0.75,0.25,1.0,0.0,0.75,0.0,0.0,1.0,0.75,0.75,0.75,0.25,0.25,1.0,0.75,1.0,0.25,0.25,1.0,0.25,0.25,1.0,0.25,1.0,1.0,1.0,0.75,1.0,0.0,0.75,0.75,0.75,1.0,1.0,0.75,1.0,0.75,0.75,1.0,0.25,0.83,1.0,0.83,0.0,0.75,1.0,1.0,0.75,0.75,0.5,0.5,0.5,0.25,0.5,0.25
3763,0.0,1.0,0.5,0.0,0.0,1.0,0.0,0.0,0.0,0.0,1.0,1.0,0.0,0.0,0.0,0.0,0.0,0.0,0.0,0.0,1.0,1.0,0.0,1.0,0.0,1.0,1.0,0.0,0.0,0.0,0.0,1.0,1.0,0.0,0.0,1.0,0.0,1.0,0.0,0.0,1.0,0.0,1.0,0.0,0.0,1.0,1.0,0.0,1.0,1.0,0.0,0.0,0.0,0.0,0.0,0.0,0.0,0.0,1.0,1.0,1.0,1.0,0.5,0.0,1.0,0.0,0.0,0.0,1.0,0.75,0.75,0.5,0.75,0.5,0.5
3764,0.67,0.17,0.0,0.75,1.0,0.0,0.83,0.0,0.75,1.0,0.0,0.25,0.75,0.0,0.75,0.75,0.75,1.0,1.0,0.0,1.0,0.25,0.75,0.25,0.75,0.75,0.0,1.0,0.75,1.0,0.75,1.0,1.0,0.0,0.0,1.0,1.0,0.75,0.25,0.75,0.25,0.0,0.75,1.0,0.0,1.0,0.75,0.75,1.0,0.0,0.75,1.0,1.0,1.0,0.75,0.0,0.0,0.75,0.0,1.0,0.33,0.33,1.0,1.0,1.0,1.0,1.0,0.75,0.25,0.25,0.75,0.75,0.25,0.25,0.75
3767,0.83,0.17,0.67,0.75,0.25,0.0,0.67,0.75,0.75,0.25,0.0,0.75,0.0,0.75,1.0,0.25,0.75,0.75,0.25,0.0,0.25,0.25,0.75,0.0,0.75,0.0,0.25,1.0,1.0,0.75,1.0,0.75,0.0,1.0,0.0,0.75,0.0,0.25,0.75,0.75,0.75,0.75,0.25,0.75,0.75,1.0,0.25,0.75,0.75,1.0,0.75,0.0,0.25,0.25,1.0,0.25,0.0,0.0,0.25,0.75,0.5,0.67,1.0,0.0,0.25,1.0,1.0,0.75,0.5,0.5,1.0,0.5,0.5,0.75,0.5
3768,0.0,0.33,0.0,1.0,1.0,0.0,1.0,0.25,1.0,1.0,0.0,0.0,1.0,0.25,0.0,0.0,1.0,0.0,1.0,0.0,1.0,0.25,0.25,0.0,1.0,0.0,0.25,1.0,0.0,1.0,1.0,0.0,0.0,1.0,1.0,0.0,1.0,1.0,0.0,0.75,0.75,0.0,1.0,1.0,1.0,1.0,0.0,1.0,0.25,1.0,1.0,1.0,1.0,1.0,0.25,0.0,1.0,1.0,0.0,0.25,0.0,0.33,1.0,0.25,0.0,1.0,1.0,0.75,0.25,0.75,0.75,0.75,0.0,1.0,0.5
3769,0.83,0.5,0.17,0.75,0.75,0.25,0.83,0.25,0.25,0.75,0.0,0.25,1.0,0.25,0.0,1.0,0.75,0.75,0.75,0.0,0.25,0.25,0.0,0.25,0.75,0.75,0.0,0.75,0.0,1.0,0.75,0.25,0.25,0.75,1.0,1.0,0.75,1.0,0.0,1.0,1.0,0.25,1.0,0.75,0.75,1.0,0.0,0.25,0.0,1.0,0.75,1.0,1.0,0.75,0.75,0.25,0.25,0.75,0.75,0.75,0.83,0.67,0.67,0.25,0.0,1.0,1.0,0.5,0.5,0.75,0.75,0.5,0.5,0.75,0.75
3770,0.67,0.83,0.0,0.75,0.25,0.0,0.67,0.75,1.0,0.25,0.75,0.75,0.25,0.75,1.0,0.25,0.0,0.75,0.75,0.0,0.75,1.0,0.0,0.0,0.75,0.75,0.0,1.0,0.75,1.0,0.75,0.25,0.25,0.75,0.25,1.0,0.75,0.25,1.0,0.0,0.75,0.75,1.0,0.75,0.75,1.0,1.0,0.25,1.0,1.0,0.75,1.0,0.75,0.75,0.75,0.75,1.0,0.25,1.0,1.0,1.0,0.83,0.83,0.0,1.0,0.25,1.0,0.5,0.5,0.5,0.75,0.5,0.5,0.75,0.5
3771,0.5,0.67,0.5,0.25,0.0,0.0,0.83,0.0,1.0,0.0,1.0,0.0,0.25,0.0,0.25,0.75,0.0,1.0,1.0,0.0,0.25,0.25,0.0,0.0,0.0,0.0,0.0,0.75,0.25,0.75,0.25,0.0,0.25,0.0,0.75,0.75,0.0,0.75,0.0,0.75,1.0,0.75,1.0,0.75,0.75,1.0,0.25,0.0,1.0,1.0,0.0,0.25,0.25,1.0,0.25,0.0,0.0,0.25,1.0,0.75,0.17,0.5,0.67,0.0,0.75,0.75,0.75,0.5,0.5,0.75,0.5,0.5,0.5,0.5,0.5
3772,0.17,0.17,0.17,1.0,0.75,0.0,1.0,0.0,1.0,1.0,0.0,0.0,1.0,0.0,1.0,0.75,1.0,0.0,1.0,0.25,1.0,1.0,1.0,0.0,1.0,0.0,0.0,1.0,0.25,1.0,1.0,0.0,0.0,1.0,1.0,0.25,1.0,0.75,0.25,1.0,1.0,0.25,1.0,1.0,1.0,1.0,0.0,1.0,0.0,0.75,0.75,1.0,1.0,1.0,0.75,0.0,1.0,1.0,0.0,0.0,0.0,0.67,1.0,0.75,0.0,1.0,1.0,1.0,0.25,0.5,0.75,0.75,0.0,1.0,0.5
3773,0.83,0.67,0.17,0.0,1.0,0.0,0.83,0.75,0.75,0.0,0.0,1.0,0.0,1.0,1.0,1.0,0.0,1.0,1.0,0.0,1.0,0.25,0.0,0.0,0.0,1.0,0.0,1.0,1.0,0.0,1.0,0.75,0.0,0.0,1.0,1.0,0.0,1.0,1.0,1.0,1.0,1.0,1.0,0.25,0.75,1.0,1.0,1.0,0.0,0.0,0.0,0.0,0.75,0.0,0.0,1.0,0.0,0.0,1.0,1.0,0.83,0.83,0.33,0.0,1.0,0.0,0.0,0.25,0.5,0.5,0.75,0.5,0.75,0.75,0.25
3774,0.33,0.67,0.17,0.0,0.75,0.0,0.0,0.75,1.0,0.25,0.75,0.75,0.0,1.0,0.25,0.25,0.0,0.25,0.75,0.0,0.75,0.75,0.25,0.25,0.0,0.25,0.25,1.0,0.75,0.0,0.25,0.25,0.0,1.0,0.0,1.0,0.0,0.0,1.0,0.25,0.75,1.0,0.0,0.75,0.75,0.75,0.75,0.25,0.75,0.25,0.75,0.75,0.75,0.0,1.0,0.0,0.0,0.0,1.0,0.75,1.0,1.0,0.33,0.0,1.0,0.0,0.25,0.5,0.5,0.5,0.75,0.25,0.5,0.5,0.5
3776,0.33,0.33,0.0,0.25,1.0,0.0,0.33,1.0,0.75,0.25,0.75,0.75,0.0,0.75,0.75,1.0,0.25,0.75,0.75,0.0,0.75,0.75,0.75,0.0,1.0,0.25,0.25,1.0,0.25,0.75,0.25,0.75,0.75,1.0,0.25,1.0,0.0,0.25,0.75,0.75,0.75,1.0,0.75,0.25,1.0,0.75,0.75,0.75,0.0,0.25,0.75,0.25,0.25,1.0,1.0,0.25,0.0,0.25,0.75,1.0,0.83,0.33,0.67,0.0,0.75,0.25,0.25,0.25,0.5,0.75,0.75,0.25,0.5,0.75,0.5
3777,0.83,0.67,0.0,0.75,0.75,0.0,0.0,1.0,0.75,0.0,1.0,0.75,0.0,1.0,1.0,0.25,0.0,0.25,0.75,0.0,1.0,0.25,0.0,0.0,0.0,0.25,0.0,1.0,1.0,0.25,0.0,0.75,1.0,1.0,0.0,1.0,0.0,0.0,1.0,0.0,0.0,1.0,0.25,0.75,0.75,0.25,1.0,0.0,0.0,0.25,1.0,0.0,0.25,0.75,1.0,0.0,0.0,0.0,1.0,1.0,1.0,1.0,0.5,0.0,1.0,0.0,0.75,0.25,0.5,0.5,1.0,0.25,0.5,0.5,0.5
3778,0.5,0.33,0.33,0.75,0.25,0.0,0.67,0.75,0.75,0.25,0.75,0.25,0.25,0.75,0.25,0.75,1.0,0.75,0.75,0.0,1.0,0.25,1.0,0.25,0.25,0.25,0.75,0.0,0.0,1.0,0.0,0.25,0.25,1.0,0.25,0.75,0.75,1.0,0.25,0.25,0.75,0.75,1.0,1.0,0.75,0.75,0.25,1.0,0.75,1.0,0.75,0.75,0.75,1.0,1.0,0.0,0.0,0.25,1.0,0.75,0.33,0.67,0.83,0.75,0.75,0.75,0.75,0.75,0.5,0.5,0.75,0.25,0.25,0.75,0.25
3779,0.17,0.5,0.5,0.75,0.75,0.0,0.5,0.25,1.0,0.25,1.0,0.0,0.75,0.0,0.25,0.75,0.75,1.0,1.0,0.0,0.75,0.75,0.75,0.0,0.25,0.0,0.0,0.75,0.0,1.0,0.0,0.25,0.25,1.0,0.75,1.0,0.0,1.0,0.75,1.0,1.0,0.25,1.0,1.0,0.75,1.0,0.75,0.25,0.25,1.0,0.75,0.25,1.0,0.25,0.75,0.0,0.0,0.75,0.75,0.25,0.33,0.33,0.67,0.0,0.75,0.25,1.0,0.5,0.75,0.5,0.5,0.5,0.5,0.75,0.5
3780,0.33,0.33,0.0,0.75,0.75,0.0,0.67,1.0,0.25,0.0,0.75,0.75,0.25,0.75,1.0,0.25,0.0,1.0,0.25,0.0,0.25,0.75,0.75,0.0,0.25,0.25,0.0,0.75,0.25,0.25,1.0,0.25,0.0,0.25,0.0,0.25,0.0,0.25,0.75,0.0,0.0,1.0,0.75,0.75,1.0,0.75,0.75,0.25,0.75,0.75,0.25,0.0,0.0,0.25,0.75,0.75,1.0,0.25,1.0,0.75,0.67,0.83,0.33,0.0,1.0,0.25,0.25,0.5,0.75,0.5,0.75,0.5,0.5,0.5,0.5
3781,1.0,0.17,0.33,1.0,0.0,0.0,0.5,0.25,0.75,1.0,0.75,0.0,0.0,0.75,0.0,1.0,0.0,1.0,1.0,0.0,0.75,0.75,0.0,0.0,0.75,0.0,1.0,1.0,0.25,0.0,0.0,0.0,0.0,0.0,0.75,0.0,0.0,1.0,0.0,0.25,0.75,0.25,1.0,0.75,1.0,1.0,0.25,1.0,0.0,1.0,0.75,1.0,0.75,0.75,0.75,0.0,1.0,0.25,0.75,1.0,0.67,0.67,0.67,0.0,0.75,0.0,0.75,0.75,0.25,0.75,0.75,0.75,0.25,0.75,0.25
3782,0.17,0.33,0.33,0.25,0.25,0.0,0.33,1.0,0.75,0.75,0.75,0.75,0.25,1.0,0.75,1.0,0.75,1.0,0.25,0.0,0.25,0.75,1.0,0.0,0.0,0.0,0.0,0.25,0.75,0.0,0.0,0.0,0.0,0.25,0.75,0.75,0.0,0.25,0.25,0.25,0.25,1.0,0.75,0.75,1.0,0.75,1.0,0.0,1.0,1.0,0.0,0.0,0.0,0.25,0.25,0.0,0.0,0.25,1.0,1.0,0.17,0.67,0.67,0.0,0.75,0.75,0.25,0.5,0.5,0.75,0.5,0.5,0.5,0.5,0.5
3783,0.67,0.17,0.0,0.75,0.0,0.0,0.67,0.75,1.0,1.0,0.0,0.0,1.0,0.25,1.0,0.25,0.75,1.0,1.0,0.0,0.75,1.0,1.0,0.0,0.75,0.25,0.0,1.0,0.25,1.0,1.0,0.0,0.0,1.0,1.0,1.0,1.0,1.0,0.0,0.25,1.0,0.25,0.75,0.25,1.0,1.0,0.0,0.25,0.25,0.75,1.0,1.0,1.0,1.0,0.75,1.0,1.0,1.0,0.25,1.0,0.5,0.67,1.0,0.0,0.75,1.0,0.75,0.5,0.25,0.5,1.0,0.5,0.0,1.0,0.5
3784,0.0,0.0,0.0,1.0,1.0,0.0,1.0,0.0,1.0,1.0,0.0,0.0,1.0,0.0,1.0,0.0,1.0,0.0,1.0,0.0,1.0,1.0,1.0,0.0,1.0,0.0,0.0,1.0,0.25,1.0,1.0,0.0,0.0,1.0,1.0,0.25,1.0,1.0,0.0,1.0,1.0,0.75,1.0,1.0,1.0,1.0,0.0,0.75,0.0,1.0,1.0,1.0,1.0,1.0,0.75,1.0,1.0,1.0,0.0,0.25,0.17,0.5,1.0,1.0,0.75,1.0,1.0,1.0,0.0,0.5,1.0,1.0,0.0,1.0,0.0
3785,0.33,0.17,0.5,0.75,0.25,0.0,0.5,0.0,1.0,0.75,0.75,0.0,0.75,0.0,0.0,0.75,0.25,0.75,0.75,0.75,0.75,0.25,0.25,0.0,0.25,0.25,0.0,1.0,0.25,0.25,0.25,0.25,0.25,0.25,0.75,0.0,0.75,0.25,0.0,0.25,1.0,0.75,0.25,0.0,0.75,0.75,0.25,0.0,1.0,0.75,0.75,0.25,0.25,1.0,0.0,0.0,1.0,0.0,0.75,0.25,0.67,0.33,0.67,0.25,0.75,0.25,1.0,0.75,0.5,0.5,0.5,0.5,0.25,0.5,0.25
3786,0.67,0.17,0.0,0.75,1.0,0.0,0.83,0.75,1.0,1.0,0.75,0.0,1.0,0.25,1.0,1.0,0.25,0.75,1.0,0.0,1.0,0.75,1.0,0.0,0.75,0.0,0.0,1.0,0.25,1.0,1.0,0.0,0.0,1.0,1.0,0.25,0.0,1.0,0.25,0.75,0.75,0.75,1.0,1.0,1.0,1.0,0.25,0.0,0.0,1.0,1.0,0.75,1.0,1.0,0.25,0.75,1.0,1.0,0.0,1.0,0.67,0.67,0.83,0.0,0.75,0.75,1.0,0.5,0.25,0.5,0.75,0.5,0.25,0.75,0.5
3787,0.17,0.0,0.0,1.0,1.0,0.0,1.0,0.0,1.0,0.75,0.0,0.0,1.0,0.0,1.0,1.0,1.0,0.25,1.0,0.0,1.0,0.25,1.0,0.0,1.0,0.0,0.0,1.0,0.75,1.0,1.0,0.0,0.0,1.0,1.0,0.0,1.0,1.0,0.0,0.75,1.0,0.75,1.0,1.0,1.0,1.0,0.0,0.75,0.0,1.0,1.0,1.0,1.0,1.0,0.25,1.0,1.0,1.0,0.25,1.0,0.17,0.83,1.0,0.0,0.25,1.0,1.0,0.75,0.0,0.25,0.5,0.75,0.0,0.75,0.5
3788,0.17,0.17,0.17,1.0,1.0,0.0,0.83,0.0,1.0,1.0,0.25,0.0,1.0,0.25,0.75,0.0,1.0,0.25,0.75,0.25,1.0,1.0,1.0,0.0,0.75,0.0,0.0,1.0,0.0,1.0,1.0,0.0,0.0,1.0,1.0,0.25,1.0,1.0,0.0,1.0,1.0,0.75,1.0,1.0,0.75,1.0,0.0,0.25,0.25,1.0,0.75,1.0,1.0,1.0,0.0,0.25,1.0,1.0,0.25,0.25,0.17,0.33,0.67,0.25,0.75,1.0,1.0,0.75,0.25,0.75,1.0,1.0,0.25,0.75,0.75
3789,0.0,0.0,0.0,1.0,1.0,0.0,0.83,0.0,1.0,1.0,0.0,0.0,1.0,0.0,1.0,1.0,1.0,0.0,1.0,0.0,1.0,0.75,1.0,0.0,1.0,0.0,0.0,1.0,0.75,1.0,0.25,0.0,0.75,1.0,1.0,0.0,1.0,0.75,0.0,1.0,0.75,1.0,0.75,1.0,1.0,1.0,0.0,0.75,0.25,1.0,0.25,1.0,1.0,1.0,1.0,1.0,1.0,1.0,0.25,0.25,0.33,0.5,0.83,0.75,0.75,0.75,1.0,0.75,0.0,0.5,1.0,1.0,0.0,1.0,0.25
3790,0.17,0.17,0.0,1.0,1.0,0.0,1.0,0.0,1.0,1.0,0.0,0.0,1.0,0.0,0.75,0.25,1.0,0.25,1.0,0.0,1.0,0.75,1.0,0.0,0.75,0.0,0.0,1.0,0.25,1.0,0.25,0.0,0.0,1.0,1.0,0.25,1.0,1.0,0.0,1.0,1.0,0.25,1.0,1.0,1.0,1.0,0.0,0.25,0.0,1.0,1.0,1.0,1.0,1.0,0.0,1.0,1.0,1.0,0.0,0.75,0.17,0.33,1.0,0.25,0.75,1.0,1.0,1.0,0.0,0.5,1.0,1.0,0.0,1.0,0.5
3791,0.0,0.0,0.0,1.0,1.0,0.0,1.0,0.0,1.0,1.0,0.0,0.0,1.0,0.0,1.0,0.75,1.0,0.0,1.0,0.0,1.0,1.0,1.0,0.0,1.0,0.0,0.0,1.0,0.75,1.0,0.75,0.0,0.0,1.0,1.0,0.0,1.0,1.0,0.0,1.0,1.0,0.75,1.0,1.0,1.0,1.0,0.0,0.75,0.0,1.0,0.75,1.0,1.0,1.0,0.75,1.0,1.0,1.0,0.0,0.25,0.17,0.5,1.0,0.75,0.75,1.0,1.0,1.0,0.0,0.5,1.0,1.0,0.25,1.0,0.5
3792,0.17,0.33,0.5,1.0,1.0,0.25,1.0,0.0,1.0,1.0,0.25,0.0,1.0,0.0,0.75,0.0,1.0,0.25,1.0,0.25,1.0,1.0,1.0,0.25,1.0,0.0,0.0,1.0,0.25,0.75,0.75,0.0,0.0,0.75,1.0,0.75,1.0,0.75,0.25,0.75,1.0,0.0,0.75,1.0,1.0,1.0,0.0,0.75,0.0,1.0,1.0,1.0,1.0,1.0,0.25,0.75,1.0,1.0,0.0,0.0,0.0,0.67,1.0,0.0,0.25,1.0,0.75,0.75,0.25,0.5,1.0,1.0,0.5,1.0,0.5
3794,0.0,0.83,0.67,0.0,0.75,0.25,0.33,0.25,0.25,0.0,0.75,1.0,0.0,0.25,0.75,0.75,0.25,0.25,0.25,0.75,0.25,0.0,0.0,0.75,0.0,0.75,0.75,0.0,0.75,0.0,0.25,1.0,1.0,0.75,0.0,0.75,0.25,0.25,0.75,0.25,0.25,1.0,0.25,0.0,0.0,0.0,1.0,0.0,0.25,0.75,0.25,0.25,0.75,0.0,0.0,0.0,0.0,0.0,1.0,1.0,0.83,0.83,0.33,0.0,1.0,0.0,0.0,0.0,0.75,1.0,0.25,0.25,0.75,0.25,0.75
3796,0.5,0.67,0.17,0.75,0.75,0.0,0.67,0.75,0.75,0.25,0.75,0.75,0.25,0.75,0.75,0.25,0.25,0.25,0.25,0.0,0.75,0.25,0.75,0.0,0.75,0.25,0.25,0.75,0.25,1.0,0.75,0.25,0.0,1.0,0.25,0.25,0.25,0.75,0.75,0.25,0.75,0.75,0.75,1.0,0.75,0.25,0.25,0.25,0.0,0.75,0.75,0.75,1.0,0.25,0.75,0.0,0.75,1.0,0.75,0.75,0.83,0.83,0.83,0.0,0.75,0.75,0.75,0.75,0.5,0.75,1.0,0.5,0.5,1.0,0.25
3797,0.0,0.0,0.0,1.0,0.75,0.0,1.0,0.0,1.0,1.0,0.0,0.0,0.75,0.0,0.0,0.0,0.25,1.0,1.0,0.75,0.75,0.75,1.0,0.0,1.0,0.0,0.0,1.0,0.75,1.0,1.0,0.0,0.25,1.0,1.0,1.0,1.0,1.0,0.0,0.25,0.75,0.75,1.0,1.0,1.0,1.0,0.75,1.0,1.0,1.0,1.0,1.0,1.0,1.0,0.0,1.0,1.0,1.0,0.0,0.0,0.0,0.83,1.0,1.0,0.0,1.0,1.0,0.5,0.0,0.75,0.5,0.75,0.25,0.5,0.5
3798,0.67,0.5,0.17,0.75,0.75,0.0,0.67,0.75,0.25,0.75,1.0,0.25,0.25,0.75,0.75,0.25,0.25,0.0,1.0,0.25,1.0,1.0,0.75,0.0,0.25,0.25,0.0,0.75,0.75,0.25,0.25,0.25,0.25,1.0,0.25,0.75,0.25,0.25,0.75,0.25,0.75,0.75,0.75,0.75,0.75,0.75,0.25,0.0,0.25,0.75,0.25,0.25,0.25,0.25,0.75,0.25,0.75,0.25,0.75,0.75,0.67,0.67,0.83,0.25,0.75,0.75,1.0,0.75,0.5,0.75,1.0,0.5,0.75,1.0,0.75
3799,0.5,0.5,0.17,0.75,0.25,0.0,0.5,0.75,0.75,0.25,1.0,0.25,0.25,1.0,0.0,1.0,0.0,0.75,0.25,0.0,1.0,0.0,0.25,0.75,0.25,0.25,0.25,1.0,0.75,0.75,0.75,0.25,0.75,0.75,0.75,1.0,0.25,0.75,0.25,0.0,0.0,1.0,1.0,1.0,1.0,1.0,0.0,1.0,0.0,1.0,1.0,1.0,1.0,1.0,0.25,0.25,1.0,0.25,0.75,1.0,0.5,0.83,0.83,0.25,0.75,0.25,1.0,0.5,0.5,0.75,0.5,0.5,0.0,0.25,0.25
3801,0.0,0.67,0.5,0.75,0.25,0.0,0.5,0.0,0.75,0.0,0.75,0.0,0.75,0.0,0.0,0.25,0.0,1.0,0.75,0.0,0.75,0.25,0.0,0.0,0.25,0.0,0.0,0.75,0.0,1.0,0.0,0.25,0.25,0.0,0.25,0.0,0.0,1.0,0.0,0.75,1.0,0.0,1.0,0.75,0.25,1.0,0.0,0.75,1.0,1.0,0.0,0.0,0.0,0.75,0.0,0.0,0.0,0.75,1.0,0.25,0.33,0.33,0.5,0.0,0.25,1.0,1.0,0.5,0.5,0.5,0.5,0.5,0.25,0.75,0.5
3802,1.0,0.33,0.67,0.75,0.75,0.0,0.33,0.0,1.0,0.0,1.0,0.0,0.25,0.75,0.0,1.0,0.0,1.0,0.75,0.0,0.0,0.25,0.0,0.0,0.75,0.0,0.0,0.0,0.0,0.75,0.0,0.25,0.25,0.0,0.25,0.75,0.0,1.0,0.0,0.75,1.0,0.75,1.0,0.75,0.75,1.0,0.25,0.75,0.25,0.25,0.75,0.25,0.75,0.75,0.25,0.0,0.0,0.0,1.0,1.0,0.83,0.67,0.67,0.0,0.75,0.75,0.75,0.5,0.5,0.5,0.75,0.5,0.25,0.75,0.25
3804,0.0,0.17,0.0,1.0,1.0,0.0,1.0,0.0,1.0,1.0,0.0,0.0,1.0,0.0,0.75,1.0,1.0,0.0,1.0,0.0,1.0,1.0,1.0,0.0,1.0,0.0,0.0,1.0,0.25,1.0,0.25,0.0,0.25,1.0,1.0,0.25,1.0,1.0,0.25,1.0,1.0,0.75,1.0,1.0,0.75,1.0,0.0,0.75,0.0,1.0,0.75,1.0,1.0,1.0,1.0,1.0,1.0,1.0,0.0,0.75,0.17,0.5,1.0,0.75,0.75,1.0,1.0,0.75,0.0,0.5,1.0,0.75,0.25,0.75,0.5
3805,1.0,0.67,0.5,0.25,0.0,0.25,0.67,0.0,1.0,0.0,0.0,0.0,0.25,0.0,1.0,0.75,0.0,1.0,0.75,0.0,0.25,0.25,0.0,0.75,0.25,0.0,0.0,0.75,0.75,0.75,1.0,0.25,0.0,0.0,0.25,1.0,0.0,1.0,0.0,1.0,1.0,1.0,1.0,1.0,0.75,1.0,0.25,0.25,0.75,1.0,0.75,0.25,0.75,1.0,0.25,0.0,0.0,0.25,1.0,1.0,0.33,0.5,0.5,0.0,0.75,0.75,0.75,0.5,0.5,0.25,0.5,0.75,0.5,0.5,0.5
3807,0.83,0.5,0.83,0.0,0.0,1.0,0.17,1.0,0.0,0.25,0.75,1.0,0.0,0.75,1.0,1.0,0.0,0.75,0.0,0.0,0.75,0.25,0.0,1.0,0.0,1.0,1.0,0.75,1.0,0.75,0.75,1.0,0.75,1.0,0.0,1.0,0.0,0.75,1.0,0.25,0.75,0.75,0.75,0.75,0.0,0.75,1.0,0.0,0.25,0.75,0.0,0.25,0.25,0.25,0.0,0.0,0.0,0.0,1.0,1.0,1.0,0.67,0.33,0.0,0.75,0.0,0.0,0.25,0.75,0.75,0.75,0.25,0.75,0.5,0.75
3809,0.33,0.0,0.0,1.0,1.0,0.0,0.83,1.0,1.0,1.0,1.0,0.0,0.75,0.25,0.25,0.0,0.25,0.75,0.75,0.0,1.0,0.0,0.75,0.0,0.75,0.0,0.0,1.0,1.0,0.75,0.75,0.0,0.25,1.0,0.25,1.0,0.0,0.25,1.0,0.0,0.0,0.25,0.25,1.0,1.0,1.0,0.0,1.0,0.0,1.0,1.0,1.0,1.0,1.0,0.75,0.25,1.0,0.75,0.75,0.75,0.83,0.67,1.0,0.0,1.0,0.75,1.0,0.75,0.25,0.5,1.0,0.5,0.0,0.75,0.0
3810,0.33,0.67,0.17,0.25,0.75,0.0,0.17,1.0,1.0,0.75,0.75,0.0,0.0,0.75,0.75,0.25,0.0,0.25,0.25,0.0,1.0,0.75,0.0,0.0,0.25,0.0,0.0,1.0,0.75,0.25,0.0,0.0,0.75,1.0,0.0,1.0,0.0,0.0,1.0,0.0,0.0,1.0,0.25,0.25,0.75,0.75,0.75,0.75,0.0,0.75,0.0,0.25,0.25,0.75,0.75,0.0,0.0,0.25,1.0,0.75,1.0,0.83,0.33,0.0,1.0,0.0,1.0,0.5,0.75,0.5,0.5,0.25,0.5,0.5,0.25
3814,0.67,0.67,0.5,0.75,0.25,0.25,0.33,0.75,0.25,0.25,0.0,0.25,0.75,0.25,0.25,0.25,0.75,0.75,0.25,0.75,0.75,0.75,0.25,0.75,0.25,0.75,0.75,0.75,0.75,0.75,0.0,1.0,0.75,0.25,0.75,0.75,0.0,1.0,0.75,1.0,0.75,0.75,0.25,0.25,0.0,0.75,1.0,0.0,0.25,1.0,0.25,0.75,0.25,0.25,0.25,0.0,0.0,0.25,1.0,1.0,0.83,0.33,0.33,0.0,1.0,0.25,0.0,0.25,0.5,0.75,0.75,0.25,0.5,0.5,0.5
3816,1.0,0.5,1.0,1.0,0.0,1.0,0.0,0.0,0.0,1.0,0.75,1.0,0.0,0.0,0.0,1.0,0.0,0.25,0.0,0.0,0.0,0.75,0.0,1.0,0.0,1.0,1.0,0.0,0.0,1.0,0.0,0.0,1.0,0.0,0.0,1.0,0.0,1.0,0.0,0.0,1.0,1.0,1.0,0.0,1.0,0.0,0.0,0.0,0.0,1.0,0.0,1.0,0.0,0.0,1.0,0.0,0.0,0.0,1.0,1.0,1.0,1.0,1.0,0.0,1.0,0.0,0.0,1.0,1.0,1.0,1.0,0.5,0.5,1.0,0.5
3817,0.67,0.33,0.67,0.75,0.75,0.25,0.83,0.75,0.75,0.25,0.75,0.25,0.75,0.75,0.25,0.25,0.25,0.75,0.75,0.25,0.25,0.75,0.75,0.25,0.75,0.25,0.25,1.0,0.25,0.25,0.75,0.25,0.25,0.25,0.75,0.75,0.25,0.25,0.25,0.75,0.75,0.75,0.25,1.0,1.0,0.75,0.25,0.75,0.25,1.0,0.75,0.75,0.75,0.75,1.0,0.25,0.75,0.75,0.75,0.75,0.17,0.67,0.83,0.0,0.75,0.75,0.0,0.75,0.75,0.75,0.75,0.75,0.25,0.75,0.75
3823,0.5,0.33,0.0,0.75,0.0,0.0,0.0,0.75,0.0,0.0,1.0,0.25,0.0,1.0,0.0,0.0,0.0,0.0,0.0,0.0,0.75,0.0,0.0,0.0,0.0,0.25,0.0,1.0,1.0,0.0,1.0,0.0,0.25,1.0,0.0,1.0,0.0,0.0,1.0,0.0,0.0,1.0,0.0,0.75,1.0,0.0,0.25,0.75,1.0,0.0,0.25,1.0,1.0,1.0,0.0,0.0,0.0,0.0,1.0,1.0,1.0,1.0,0.67,0.0,1.0,0.0,1.0,0.5,0.5,0.75,0.75,0.5,0.5,0.75,0.5
3824,1.0,1.0,0.67,0.0,0.0,0.0,0.33,0.75,0.0,0.0,0.75,0.25,0.0,0.25,0.0,0.0,0.25,0.75,0.0,0.0,1.0,0.25,0.0,0.25,0.0,0.75,0.25,0.25,0.0,0.0,0.25,0.0,0.25,0.0,0.0,1.0,0.25,0.25,0.25,0.0,0.25,0.25,0.25,1.0,0.25,1.0,0.75,0.25,1.0,1.0,0.75,0.0,0.25,0.0,0.25,0.0,0.25,0.25,1.0,1.0,1.0,0.33,0.67,0.0,0.75,0.25,0.75,0.5,1.0,0.75,0.5,0.5,0.5,0.75,0.5
3826,0.5,0.5,0.83,0.0,0.0,0.0,1.0,0.0,0.0,0.75,0.0,0.0,0.0,1.0,1.0,0.0,0.0,1.0,1.0,0.0,1.0,1.0,0.0,0.0,0.0,0.0,0.0,1.0,0.75,0.0,1.0,0.0,0.0,1.0,0.0,1.0,0.0,1.0,0.0,0.0,0.0,0.75,1.0,1.0,1.0,1.0,0.0,0.0,0.0,1.0,1.0,1.0,1.0,1.0,1.0,0.0,1.0,1.0,0.0,1.0,0.83,0.83,0.83,1.0,1.0,1.0,0.0,0.5,0.25,0.5,0.75,0.5,0.5,0.75,0.5
3834,1.0,0.83,0.0,0.0,1.0,0.0,0.17,1.0,0.75,0.0,0.75,0.75,0.0,1.0,1.0,1.0,0.0,0.25,0.0,0.0,0.0,0.0,0.25,0.0,0.25,0.75,1.0,0.75,0.75,1.0,0.25,0.0,0.75,1.0,0.25,1.0,0.0,0.75,1.0,0.0,0.25,1.0,0.0,0.75,1.0,1.0,1.0,0.0,0.0,0.75,0.75,0.0,1.0,0.75,1.0,0.0,0.0,0.75,1.0,0.75,0.5,0.5,0.83,0.0,1.0,0.75,1.0,0.5,0.5,0.5,0.5,0.5,0.5,0.5,0.25
3837,0.17,0.33,0.0,1.0,0.75,0.0,0.83,1.0,0.75,1.0,0.0,0.0,0.0,0.0,1.0,0.25,0.0,1.0,1.0,1.0,0.75,0.75,0.0,0.0,0.25,0.0,0.0,1.0,0.75,1.0,1.0,0.0,0.25,0.0,0.0,0.75,0.0,1.0,1.0,1.0,0.75,1.0,1.0,1.0,1.0,1.0,1.0,1.0,0.0,0.25,0.75,0.75,1.0,1.0,1.0,0.0,0.0,0.0,1.0,1.0,1.0,0.67,0.33,0.0,1.0,0.75,1.0,0.5,0.5,0.75,0.75,0.5,0.5,0.75,0.25
3838,0.17,0.0,0.0,1.0,1.0,0.0,1.0,0.0,1.0,1.0,1.0,0.0,1.0,0.0,1.0,1.0,1.0,1.0,1.0,0.0,1.0,1.0,1.0,0.0,1.0,0.0,0.0,1.0,1.0,1.0,1.0,0.0,0.0,0.0,1.0,1.0,1.0,0.0,1.0,1.0,0.0,1.0,0.0,1.0,1.0,1.0,1.0,1.0,0.0,1.0,1.0,1.0,1.0,1.0,1.0,1.0,1.0,1.0,0.0,1.0,0.67,1.0,1.0,1.0,1.0,1.0,1.0,0.75,0.0,0.5,1.0,1.0,0.25,1.0,0.0
3840,1.0,1.0,0.33,0.0,0.0,1.0,0.67,0.0,0.0,0.0,0.0,1.0,0.25,0.0,0.0,1.0,0.75,1.0,0.25,0.0,0.25,1.0,0.0,1.0,0.0,1.0,1.0,0.75,0.0,0.75,1.0,0.75,0.25,0.0,0.0,1.0,0.75,1.0,0.75,1.0,1.0,0.0,0.25,0.0,0.0,0.0,1.0,0.0,1.0,1.0,0.0,0.0,1.0,0.0,0.0,0.0,0.0,0.0,1.0,1.0,0.0,0.0,0.0,0.0,0.75,0.0,0.0,0.0,1.0,1.0,0.75,0.0,1.0,0.0,1.0
3847,0.17,0.33,0.17,1.0,1.0,0.0,0.67,0.0,0.25,1.0,0.0,0.0,0.25,0.0,0.25,0.75,0.75,1.0,1.0,0.0,1.0,1.0,1.0,0.0,0.75,0.0,0.0,1.0,0.0,1.0,0.75,0.0,0.25,0.75,0.75,1.0,1.0,0.75,0.0,0.75,1.0,0.25,1.0,1.0,1.0,1.0,0.0,0.75,0.0,1.0,1.0,1.0,1.0,1.0,0.25,0.25,0.0,1.0,0.25,0.75,0.33,0.33,0.83,0.0,0.0,1.0,1.0,1.0,0.25,0.5,0.75,0.75,0.25,0.75,0.5
3849,1.0,0.5,0.5,0.25,0.0,0.0,0.33,0.25,0.75,0.25,0.25,0.75,0.75,0.75,0.0,1.0,0.0,0.75,0.25,0.0,0.75,0.75,0.0,0.25,0.0,0.25,0.0,1.0,0.75,0.75,0.25,0.25,1.0,0.75,0.75,1.0,0.0,0.25,0.75,0.0,0.75,0.25,1.0,0.25,0.25,1.0,0.75,0.0,0.75,0.75,0.75,0.25,1.0,1.0,0.25,0.0,0.25,1.0,1.0,1.0,0.67,0.67,0.5,0.0,0.75,0.75,1.0,0.5,0.5,0.5,0.75,0.5,0.5,0.5,0.5
3850,1.0,0.5,0.33,0.0,0.25,0.0,0.17,1.0,0.75,0.0,1.0,1.0,0.75,0.75,0.25,1.0,0.25,0.75,0.75,0.0,0.75,0.25,0.0,0.0,0.75,0.25,0.0,0.25,0.25,0.75,0.75,0.25,0.25,1.0,0.25,0.25,0.0,0.25,1.0,0.25,0.25,0.25,1.0,0.75,0.0,0.75,0.75,0.0,0.75,0.75,0.75,0.0,0.25,0.75,0.25,0.0,0.0,1.0,1.0,0.75,0.83,0.5,0.33,0.0,0.75,0.75,1.0,0.5,0.5,0.5,0.75,0.5,0.5,0.5,0.25
3851,0.33,0.5,0.0,0.25,1.0,0.0,0.67,1.0,1.0,0.75,0.25,0.25,0.75,0.75,0.25,0.75,0.25,0.75,1.0,0.0,1.0,0.75,0.0,0.0,0.75,0.0,0.0,0.75,0.25,0.75,0.75,0.25,0.0,1.0,1.0,0.75,0.75,0.75,1.0,0.75,0.75,0.75,0.25,0.75,0.75,1.0,0.25,0.75,0.0,1.0,1.0,0.0,0.75,1.0,1.0,0.0,0.25,1.0,0.25,1.0,0.83,0.83,0.83,0.75,0.75,1.0,1.0,0.5,0.25,0.5,1.0,0.5,0.5,0.75,0.5
3852,0.0,0.0,0.0,1.0,1.0,0.0,1.0,0.0,1.0,1.0,0.0,0.0,1.0,0.0,1.0,0.25,1.0,0.75,1.0,0.0,1.0,1.0,1.0,0.0,1.0,0.0,0.0,1.0,0.0,1.0,0.75,0.0,0.0,1.0,1.0,0.0,1.0,0.75,0.0,1.0,1.0,0.0,1.0,1.0,1.0,1.0,0.0,1.0,0.0,1.0,1.0,1.0,1.0,1.0,0.75,1.0,1.0,1.0,0.0,0.0,0.0,0.83,1.0,1.0,0.75,1.0,1.0,1.0,0.0,0.0,1.0,1.0,0.0,1.0,0.25
3853,0.33,0.5,0.67,0.0,0.0,0.25,0.0,0.75,0.25,0.0,1.0,1.0,0.0,0.0,1.0,0.75,0.0,1.0,0.0,0.0,0.25,0.0,0.0,1.0,0.0,0.75,0.0,0.75,0.75,0.75,0.75,1.0,0.0,1.0,0.0,1.0,0.0,0.75,0.75,0.75,1.0,1.0,0.75,0.0,0.0,0.25,0.75,0.0,1.0,1.0,0.0,0.0,0.0,0.0,0.0,0.0,0.0,0.0,1.0,1.0,0.83,0.5,0.0,0.0,0.75,0.0,0.0,0.5,0.5,0.5,0.5,0.5,0.5,0.5,0.5
3854,0.17,0.17,0.17,1.0,1.0,0.0,0.67,0.25,0.75,1.0,0.75,0.25,1.0,0.25,1.0,0.75,0.75,0.75,0.75,0.0,1.0,0.75,0.25,0.0,0.75,0.25,0.25,1.0,0.25,0.25,0.25,0.25,0.25,1.0,0.75,0.75,0.25,0.75,1.0,0.75,0.25,0.75,0.75,1.0,1.0,1.0,0.25,1.0,0.0,1.0,1.0,0.75,0.75,1.0,0.25,1.0,1.0,0.25,0.75,0.75,0.33,0.67,1.0,0.25,0.75,1.0,1.0,0.5,0.25,0.5,0.75,0.5,0.0,0.75,0.5
3855,0.83,0.17,0.17,0.75,1.0,0.0,0.67,1.0,1.0,1.0,0.0,0.0,0.75,0.25,0.25,0.75,0.75,0.75,1.0,0.0,1.0,0.75,1.0,0.0,0.75,0.25,0.0,1.0,1.0,0.25,1.0,1.0,0.25,1.0,0.25,1.0,0.25,0.0,0.75,0.25,0.75,0.75,0.75,1.0,1.0,1.0,0.0,1.0,0.0,1.0,1.0,1.0,1.0,0.75,0.75,0.0,1.0,0.75,0.0,1.0,0.83,0.67,0.67,0.25,0.75,0.75,1.0,0.75,0.0,0.5,0.75,0.5,0.0,1.0,0.5
3857,0.83,0.17,0.17,0.75,0.25,0.0,0.83,1.0,1.0,0.75,0.75,0.25,0.75,0.75,1.0,1.0,0.75,0.75,1.0,0.0,0.75,0.75,0.75,0.25,0.25,0.25,0.0,1.0,0.75,1.0,0.25,0.25,0.25,1.0,0.75,1.0,1.0,1.0,0.75,1.0,1.0,0.25,0.75,1.0,0.75,1.0,0.75,0.25,0.25,1.0,1.0,1.0,0.75,1.0,0.75,0.25,0.75,1.0,0.75,0.75,0.83,0.33,0.83,0.25,0.75,1.0,1.0,0.75,0.25,0.75,0.75,0.75,0.25,1.0,0.75
3858,0.33,0.33,0.0,1.0,0.75,0.0,0.5,0.25,1.0,0.25,1.0,0.0,0.25,1.0,1.0,1.0,1.0,0.75,0.25,0.75,0.75,1.0,0.0,0.0,1.0,0.0,0.0,1.0,0.0,1.0,0.25,0.0,0.0,0.75,1.0,1.0,0.75,0.25,0.25,0.75,0.25,0.75,1.0,0.25,1.0,1.0,0.75,1.0,0.0,0.0,0.0,0.75,0.75,1.0,0.75,0.0,0.75,0.25,1.0,1.0,0.5,0.67,0.67,1.0,0.25,0.75,1.0,0.75,0.75,0.5,0.75,0.75,0.5,0.5,0.25
3859,0.0,0.17,0.17,1.0,0.25,0.0,0.83,0.75,1.0,0.75,1.0,0.0,0.75,0.75,1.0,0.25,0.0,1.0,0.75,0.0,0.25,0.75,0.0,0.0,0.25,0.0,0.0,1.0,0.25,1.0,1.0,0.25,0.25,0.0,0.25,1.0,0.25,1.0,0.75,0.0,1.0,0.25,1.0,1.0,1.0,1.0,0.25,0.75,0.0,1.0,1.0,0.25,0.75,0.75,0.75,0.25,0.25,1.0,0.75,0.75,0.83,1.0,0.83,0.0,0.75,0.75,0.75,0.5,0.25,0.5,0.75,0.5,0.25,0.75,0.25
3860,0.5,0.83,0.5,0.25,0.25,0.75,0.17,0.25,0.25,0.0,1.0,1.0,0.0,0.75,0.75,0.25,0.0,0.0,0.75,0.0,0.75,1.0,0.0,0.75,0.0,1.0,1.0,0.25,0.25,0.0,0.75,1.0,0.0,0.0,0.0,1.0,0.0,0.0,0.75,0.0,0.75,0.75,0.0,0.0,0.0,0.0,1.0,0.0,0.75,0.75,0.0,0.25,0.0,0.0,0.25,0.0,0.0,0.0,1.0,0.75,1.0,0.83,0.33,0.0,1.0,0.0,0.0,0.0,0.75,0.75,0.5,0.25,0.75,0.75,0.5
3861,0.67,0.33,0.0,1.0,0.0,0.0,0.17,1.0,0.75,0.25,1.0,0.0,0.0,1.0,1.0,0.0,0.0,0.0,0.25,0.0,1.0,0.75,0.75,0.0,0.25,0.0,0.0,1.0,1.0,0.25,0.0,0.0,0.0,1.0,0.0,1.0,0.0,0.0,0.25,0.0,0.25,0.75,0.0,0.75,0.25,0.0,0.75,0.0,0.0,0.0,0.25,0.0,0.0,0.0,1.0,0.75,0.25,0.0,0.75,0.75,1.0,1.0,0.17,0.0,1.0,0.0,1.0,0.5,0.5,0.75,1.0,0.75,0.5,0.5,0.25
3862,0.33,0.5,0.17,0.0,0.0,0.0,0.17,1.0,0.25,0.25,0.75,0.25,0.0,1.0,1.0,1.0,0.0,0.0,0.0,0.0,0.75,0.75,0.0,0.0,0.0,0.25,0.75,0.75,1.0,0.25,0.0,0.25,0.25,1.0,0.0,1.0,0.25,0.25,0.75,0.0,0.25,0.75,0.75,0.75,0.75,1.0,0.25,0.0,0.25,1.0,0.0,1.0,0.0,0.0,0.25,0.0,0.0,1.0,1.0,1.0,0.83,0.83,0.5,0.0,1.0,0.75,1.0,0.75,0.5,0.75,0.75,0.5,0.5,0.75,0.5
3863,0.67,0.17,0.33,0.25,0.25,0.0,0.17,0.75,0.0,0.0,1.0,0.75,0.0,0.75,0.25,0.0,0.0,0.25,0.75,0.25,1.0,1.0,0.25,0.0,0.0,0.25,0.0,0.75,0.75,0.0,0.75,0.25,0.0,1.0,0.0,1.0,0.0,0.0,1.0,0.0,0.0,1.0,0.0,0.0,0.0,0.25,1.0,0.0,0.75,0.0,0.0,0.0,0.0,0.0,0.0,0.0,0.25,0.0,1.0,1.0,1.0,1.0,0.0,0.0,1.0,0.0,0.25,0.5,0.5,0.5,0.75,0.5,0.75,0.75,0.5
3864,0.0,0.0,0.0,1.0,1.0,0.0,1.0,0.0,1.0,1.0,0.0,0.0,1.0,0.0,0.25,0.25,1.0,0.0,1.0,0.25,1.0,0.75,1.0,0.0,1.0,0.0,0.0,1.0,0.0,1.0,0.75,0.0,1.0,0.75,1.0,0.75,1.0,0.0,0.0,1.0,1.0,0.0,1.0,1.0,1.0,1.0,0.0,1.0,0.0,1.0,1.0,1.0,1.0,1.0,0.0,1.0,1.0,1.0,0.0,0.25,0.17,0.67,1.0,1.0,0.25,1.0,1.0,1.0,0.0,0.5,1.0,1.0,0.0,1.0,0.5
3865,1.0,0.17,0.67,1.0,0.0,0.0,0.33,0.0,1.0,0.0,1.0,0.0,0.0,0.75,0.0,0.75,0.0,1.0,0.25,0.0,0.75,0.25,0.0,0.0,0.0,0.0,0.0,0.75,0.0,0.75,0.0,0.75,1.0,0.0,0.0,0.75,0.0,1.0,0.0,0.0,1.0,1.0,1.0,0.75,1.0,1.0,0.75,0.75,1.0,1.0,0.0,0.0,0.0,0.75,0.25,0.0,0.0,0.75,1.0,1.0,0.67,1.0,1.0,0.0,0.25,1.0,0.25,0.5,0.5,0.25,0.5,0.25,0.5,0.75,0.5
3866,0.83,0.67,0.0,1.0,0.0,0.0,0.67,0.0,1.0,0.25,1.0,0.0,0.25,0.0,1.0,0.75,0.0,1.0,1.0,0.25,0.75,0.25,0.0,0.0,0.25,0.0,0.0,1.0,0.25,1.0,0.25,0.0,0.25,0.0,0.25,1.0,0.25,1.0,0.0,1.0,1.0,0.75,1.0,1.0,1.0,1.0,0.25,0.75,0.0,1.0,0.25,0.75,0.75,1.0,0.75,0.0,0.25,0.75,0.75,0.25,0.67,0.67,0.67,0.0,1.0,0.25,0.75,0.75,0.5,0.5,0.75,0.5,0.5,0.75,0.5
3867,1.0,0.5,0.5,0.75,0.0,0.0,0.67,0.0,1.0,0.0,1.0,0.0,0.25,0.0,0.25,0.75,0.0,1.0,0.75,0.0,0.25,0.75,0.0,0.0,0.0,0.0,0.0,0.25,0.0,0.75,0.0,0.0,0.0,0.0,0.75,1.0,0.0,1.0,0.0,0.75,1.0,0.75,1.0,1.0,1.0,1.0,0.25,0.25,0.75,1.0,0.0,0.0,0.0,0.25,0.75,0.0,0.0,0.75,1.0,0.75,0.67,0.67,0.67,0.0,0.0,0.75,0.0,0.5,0.5,0.5,0.75,0.5,0.5,0.5,0.5
3870,1.0,0.5,0.67,0.0,1.0,0.0,0.5,0.0,1.0,1.0,1.0,0.25,0.0,0.0,0.25,0.75,0.0,1.0,0.25,0.0,0.25,0.0,0.0,0.0,0.25,0.0,0.0,1.0,0.0,0.75,0.0,0.0,0.25,0.0,0.75,0.75,0.25,1.0,0.25,0.75,1.0,1.0,1.0,1.0,1.0,1.0,0.25,0.75,0.75,1.0,0.75,0.25,0.75,1.0,0.75,0.0,0.0,0.25,0.0,1.0,0.67,0.83,0.67,0.0,0.75,0.75,1.0,0.5,0.5,0.5,0.5,0.5,0.25,0.75,0.5
3871,0.67,0.5,0.33,0.75,1.0,0.25,0.67,0.75,0.75,0.75,0.25,0.75,0.25,0.75,1.0,1.0,0.75,1.0,0.75,0.25,0.75,0.75,0.75,0.25,0.25,0.75,0.25,0.0,0.25,1.0,0.75,0.25,0.25,0.75,0.25,0.75,0.0,0.75,0.0,0.75,0.75,0.25,0.25,0.75,0.75,1.0,0.25,0.75,0.75,0.75,1.0,0.75,0.25,0.75,1.0,0.75,0.75,1.0,0.0,1.0,0.67,0.5,0.67,0.0,0.25,0.75,0.75,0.75,0.25,0.5,0.75,0.5,0.25,0.75,0.5
3872,0.17,0.0,0.0,1.0,0.75,0.0,1.0,0.0,1.0,1.0,0.0,0.0,1.0,0.0,0.75,0.75,1.0,0.0,1.0,0.0,1.0,1.0,1.0,0.0,1.0,0.0,0.0,1.0,0.75,1.0,0.75,0.0,0.0,1.0,0.75,0.75,1.0,1.0,0.25,1.0,1.0,0.75,1.0,1.0,1.0,1.0,0.0,0.75,0.0,0.75,0.75,1.0,1.0,1.0,1.0,0.75,1.0,1.0,0.0,0.25,0.5,0.5,0.83,0.75,1.0,1.0,1.0,0.75,0.25,0.5,1.0,1.0,0.0,1.0,0.0
3873,0.0,0.0,0.0,1.0,1.0,0.0,1.0,0.0,1.0,1.0,0.0,0.0,1.0,0.0,0.25,0.0,1.0,0.0,1.0,0.0,1.0,1.0,1.0,0.0,1.0,0.0,0.0,1.0,0.25,1.0,0.25,0.0,0.0,1.0,1.0,0.25,1.0,1.0,0.0,1.0,1.0,0.25,1.0,1.0,1.0,1.0,0.0,1.0,0.0,1.0,1.0,1.0,1.0,1.0,0.75,1.0,1.0,1.0,0.0,0.0,0.17,0.33,1.0,1.0,0.25,1.0,1.0,1.0,0.0,0.5,1.0,1.0,0.0,1.0,0.5
3874,0.17,0.0,0.0,1.0,1.0,0.0,1.0,0.0,1.0,1.0,0.25,0.0,1.0,0.0,0.25,0.0,1.0,0.0,1.0,0.0,1.0,0.75,1.0,0.0,1.0,0.0,0.0,1.0,0.0,1.0,0.0,0.0,0.0,1.0,1.0,1.0,1.0,0.75,0.0,1.0,0.75,1.0,1.0,1.0,1.0,1.0,0.0,1.0,0.0,1.0,0.75,0.75,1.0,1.0,0.25,1.0,1.0,1.0,0.0,0.0,0.0,0.67,1.0,1.0,0.25,1.0,1.0,1.0,0.0,0.5,1.0,0.75,0.25,0.75,0.5
3875,0.33,0.17,0.17,1.0,0.75,0.0,0.83,0.25,1.0,1.0,0.0,0.0,1.0,0.25,0.75,0.25,1.0,0.75,1.0,0.25,1.0,0.75,1.0,0.0,0.75,0.0,0.25,1.0,0.0,1.0,0.25,0.0,0.25,1.0,0.0,1.0,0.75,1.0,0.25,0.75,1.0,0.25,0.75,1.0,1.0,1.0,0.25,1.0,0.25,1.0,1.0,1.0,1.0,1.0,0.25,0.25,0.0,1.0,0.25,0.75,0.33,0.83,1.0,0.75,0.25,1.0,0.75,0.75,0.5,0.5,0.75,0.75,0.25,0.75,0.5
3876,0.33,0.0,0.33,1.0,1.0,0.0,1.0,0.0,1.0,1.0,0.0,0.0,1.0,0.0,1.0,0.75,1.0,0.25,1.0,0.25,0.75,0.75,1.0,0.0,1.0,0.0,0.0,1.0,0.0,1.0,1.0,0.0,0.0,1.0,1.0,0.0,1.0,0.75,0.25,1.0,1.0,0.75,1.0,1.0,1.0,1.0,0.0,1.0,1.0,1.0,1.0,0.75,1.0,1.0,1.0,1.0,1.0,1.0,0.25,1.0,0.0,0.67,1.0,0.25,0.75,1.0,1.0,1.0,0.25,0.75,1.0,1.0,0.25,1.0,0.5
3877,0.67,0.17,0.17,1.0,0.75,0.0,1.0,0.0,1.0,1.0,0.0,0.0,1.0,0.0,0.75,0.75,1.0,0.75,1.0,0.75,1.0,0.0,0.75,0.25,1.0,0.0,0.0,0.75,0.25,1.0,0.75,1.0,0.0,1.0,0.0,0.0,1.0,1.0,0.0,1.0,1.0,0.0,0.75,1.0,1.0,1.0,0.0,1.0,0.25,1.0,0.75,0.75,1.0,1.0,0.25,0.75,1.0,1.0,0.0,0.75,0.0,0.5,1.0,0.25,0.75,1.0,0.75,1.0,0.0,0.25,0.75,1.0,0.25,1.0,1.0
3878,0.0,1.0,0.67,0.0,0.0,1.0,0.0,0.75,0.0,0.0,0.75,1.0,0.0,0.75,0.0,0.25,0.0,0.0,0.0,0.0,0.0,0.0,0.0,1.0,0.0,1.0,1.0,0.0,0.0,0.0,0.0,1.0,1.0,0.0,0.0,1.0,0.0,0.25,1.0,0.0,0.0,1.0,0.0,0.0,0.0,0.0,1.0,0.0,1.0,1.0,0.0,0.0,0.0,0.0,0.0,0.0,0.0,0.0,1.0,1.0,1.0,1.0,0.0,0.0,1.0,0.0,0.0,0.0,1.0,0.75,0.5,0.0,1.0,0.5,0.75
3882,1.0,0.83,1.0,0.0,0.0,0.75,0.17,0.0,0.25,0.25,0.0,0.75,0.75,1.0,0.0,0.75,0.25,0.75,0.0,0.0,0.0,1.0,0.0,0.75,0.0,1.0,0.25,0.25,0.25,1.0,0.0,1.0,0.75,1.0,0.0,1.0,0.0,0.75,1.0,0.75,1.0,1.0,0.0,0.0,0.0,0.25,1.0,0.75,0.75,0.75,0.0,1.0,0.25,0.0,0.0,0.0,0.0,0.0,1.0,1.0,1.0,0.67,0.67,0.0,1.0,0.0,1.0,0.0,1.0,1.0,0.5,0.25,0.75,0.75,0.5
3884,0.0,0.5,0.0,0.75,1.0,0.0,1.0,0.75,0.75,1.0,0.75,0.0,0.75,0.25,1.0,0.25,0.0,0.75,1.0,0.0,1.0,1.0,1.0,0.0,0.75,0.0,0.0,1.0,0.75,0.75,1.0,0.0,0.0,0.75,0.25,0.75,0.25,0.75,0.25,0.25,0.75,1.0,0.75,1.0,1.0,1.0,0.0,1.0,0.0,0.75,0.75,0.75,0.25,1.0,1.0,1.0,1.0,0.75,0.0,0.25,0.83,1.0,1.0,0.25,0.25,0.25,1.0,0.5,0.25,0.5,1.0,0.5,0.0,0.75,0.25
3886,0.83,1.0,1.0,0.0,0.25,0.75,0.67,0.75,0.25,0.0,0.75,1.0,0.25,0.75,0.25,0.75,0.75,0.25,0.75,0.0,0.25,0.0,0.0,1.0,0.0,1.0,1.0,0.25,0.25,0.75,0.75,0.25,0.25,0.75,0.75,0.75,0.0,0.25,0.0,0.75,0.75,0.75,1.0,0.0,0.0,0.75,1.0,0.0,0.75,1.0,0.0,0.0,0.0,0.25,0.0,0.0,0.0,0.25,1.0,1.0,0.33,0.83,0.5,0.0,0.0,0.25,1.0,0.0,0.5,0.5,0.5,0.5,0.5,0.5,0.5
3887,0.0,0.17,0.5,0.25,0.0,0.0,0.17,0.0,1.0,0.0,1.0,0.25,0.0,0.0,0.75,0.75,0.0,1.0,0.75,0.0,0.75,0.25,0.0,0.0,0.0,0.0,0.0,0.75,0.25,0.25,0.25,0.25,0.25,0.0,0.0,0.75,0.0,1.0,0.75,0.25,1.0,0.75,1.0,0.75,0.75,1.0,0.25,0.0,0.75,1.0,0.0,0.25,0.25,0.75,0.25,0.0,0.0,0.75,1.0,1.0,0.5,0.83,0.17,0.0,0.75,0.0,0.75,0.5,0.5,0.5,0.5,0.5,0.5,0.5,0.5
3889,0.17,0.33,0.17,1.0,0.75,0.0,0.67,0.25,1.0,0.0,0.75,0.0,0.0,0.0,1.0,0.75,0.75,1.0,0.0,0.0,1.0,0.0,0.25,0.0,1.0,0.0,0.0,0.0,0.75,1.0,0.0,0.0,0.0,1.0,1.0,0.75,0.0,1.0,0.0,1.0,1.0,0.75,1.0,0.75,1.0,1.0,0.0,0.0,0.0,1.0,0.75,1.0,0.75,1.0,0.75,0.0,1.0,1.0,0.0,0.75,0.33,0.5,0.67,0.25,0.25,1.0,1.0,0.5,0.5,0.5,1.0,0.5,0.5,0.75,0.5
3890,0.0,0.0,0.0,1.0,1.0,0.0,1.0,0.0,1.0,1.0,0.0,0.0,1.0,0.0,1.0,0.0,1.0,0.0,1.0,0.0,1.0,1.0,1.0,0.0,1.0,0.0,0.0,1.0,1.0,1.0,1.0,0.0,0.0,1.0,1.0,0.25,1.0,1.0,0.0,1.0,1.0,0.25,1.0,1.0,1.0,1.0,0.0,1.0,0.0,1.0,1.0,1.0,1.0,1.0,0.75,1.0,1.0,1.0,0.0,0.0,0.0,0.33,1.0,0.75,0.0,1.0,1.0,0.75,0.0,0.5,1.0,1.0,0.0,1.0,0.5
3891,0.33,0.17,0.0,1.0,1.0,0.0,1.0,0.0,1.0,1.0,0.75,0.0,1.0,0.0,0.75,0.25,1.0,0.0,1.0,0.75,1.0,0.75,1.0,0.0,1.0,0.0,0.0,0.75,0.0,1.0,0.25,0.0,0.0,1.0,1.0,0.0,1.0,0.0,0.0,1.0,1.0,0.75,0.75,1.0,1.0,1.0,0.0,0.75,0.0,1.0,1.0,1.0,1.0,1.0,1.0,0.25,1.0,1.0,0.75,0.25,0.0,0.67,1.0,0.0,0.0,1.0,0.75,0.75,0.25,0.5,0.75,0.75,0.25,0.75,0.5
3894,0.83,0.33,0.33,0.75,0.75,0.0,0.5,0.75,1.0,0.75,0.75,0.0,0.25,0.25,0.75,0.75,0.25,0.75,0.75,0.25,1.0,0.25,0.75,0.0,0.25,0.25,0.75,1.0,0.75,0.75,0.0,1.0,0.25,0.25,0.25,1.0,0.0,0.25,1.0,0.75,0.75,1.0,0.75,0.75,0.75,1.0,0.75,0.25,0.25,0.75,0.75,0.75,1.0,1.0,0.75,0.0,0.0,0.75,1.0,1.0,1.0,0.83,0.67,0.25,1.0,0.75,1.0,0.5,0.5,0.75,0.75,0.5,0.5,0.5,0.5
3895,0.17,0.0,0.0,1.0,1.0,0.0,0.83,0.0,1.0,1.0,0.0,0.0,1.0,0.0,0.75,0.75,1.0,0.0,1.0,0.0,1.0,1.0,0.75,0.0,1.0,0.0,0.0,1.0,1.0,1.0,1.0,0.0,0.25,1.0,1.0,0.25,1.0,1.0,0.0,1.0,1.0,0.75,0.75,1.0,1.0,1.0,0.25,0.75,0.0,1.0,0.75,1.0,1.0,1.0,0.25,0.25,1.0,0.75,0.0,1.0,0.33,0.5,1.0,0.75,0.75,1.0,1.0,0.25,0.0,0.5,1.0,1.0,0.0,1.0,0.0
3896,0.17,0.33,0.17,0.25,0.25,0.0,0.5,0.25,0.75,0.25,0.75,0.0,0.25,0.25,0.75,0.75,0.0,1.0,0.75,0.0,0.25,0.75,0.0,0.0,0.25,0.0,0.0,1.0,0.0,1.0,0.25,0.25,0.25,0.75,0.25,0.75,0.0,1.0,0.25,0.75,0.75,0.75,0.75,0.75,1.0,1.0,0.0,0.25,0.25,1.0,0.75,0.75,0.75,0.75,0.25,0.0,0.25,0.25,1.0,1.0,0.67,0.5,0.67,0.0,0.75,0.75,0.75,0.5,0.5,0.5,0.75,0.5,0.5,0.5,0.5
3897,1.0,1.0,0.0,0.25,1.0,0.0,0.0,1.0,1.0,0.0,1.0,1.0,0.0,0.0,1.0,1.0,0.0,0.0,0.0,0.0,1.0,0.25,0.0,0.0,0.0,1.0,0.25,0.75,1.0,1.0,0.25,0.25,0.75,1.0,0.0,1.0,0.0,0.0,1.0,0.0,0.0,1.0,0.0,0.0,0.0,0.75,1.0,0.0,1.0,0.0,0.0,0.0,1.0,0.0,0.0,1.0,0.0,0.0,1.0,1.0,1.0,0.5,0.33,0.0,1.0,0.25,1.0,1.0,0.75,1.0,0.75,0.25,0.75,0.75,0.5
3898,0.67,0.67,0.0,0.75,0.25,0.0,0.0,0.0,1.0,0.25,0.75,0.0,0.0,0.75,0.0,0.75,0.0,0.0,1.0,0.0,1.0,0.75,0.0,0.25,0.0,0.0,0.0,1.0,0.25,0.25,0.0,0.75,0.0,1.0,0.0,0.75,0.0,0.0,1.0,0.0,1.0,0.75,0.25,0.75,0.25,0.25,0.25,0.0,0.0,1.0,0.0,1.0,0.75,0.75,0.0,0.0,0.25,0.25,1.0,1.0,0.67,0.67,0.17,0.0,0.25,0.75,1.0,0.5,0.5,0.75,1.0,0.5,0.5,1.0,0.75
3899,0.0,0.5,1.0,0.0,0.0,0.75,0.83,1.0,0.0,0.0,0.0,0.75,0.25,0.25,0.0,0.0,0.75,0.25,0.0,0.0,0.0,0.0,0.0,1.0,0.25,0.75,0.75,0.0,0.0,0.0,0.0,1.0,0.75,0.25,0.25,0.0,0.25,1.0,0.75,0.75,0.75,1.0,0.25,0.0,0.0,0.0,1.0,0.0,1.0,0.75,0.0,0.0,0.0,0.0,0.0,0.0,0.0,0.0,1.0,0.75,1.0,0.67,0.0,0.0,1.0,0.0,0.0,0.25,1.0,0.75,1.0,0.25,1.0,0.25,0.5
3905,1.0,1.0,0.33,0.0,0.0,1.0,0.83,0.25,1.0,0.0,0.0,1.0,0.75,0.75,0.0,0.75,1.0,1.0,0.0,0.0,0.25,0.0,0.0,0.75,0.25,1.0,1.0,1.0,0.0,0.25,0.0,0.25,0.75,0.75,0.25,0.75,1.0,1.0,0.75,1.0,0.75,0.0,0.0,0.0,0.0,0.75,0.75,0.0,0.25,0.25,0.0,0.75,0.75,0.0,0.75,0.0,0.25,0.0,1.0,1.0,0.17,0.67,0.17,0.0,0.75,0.0,0.75,0.0,0.75,1.0,0.25,0.0,0.75,0.25,0.75
3906,0.17,1.0,0.67,0.0,0.75,0.75,0.5,1.0,0.25,0.0,0.25,1.0,0.0,0.75,1.0,0.75,0.0,0.0,0.0,0.0,0.0,0.0,0.0,1.0,0.0,1.0,1.0,0.0,0.25,0.0,0.25,0.25,0.75,0.0,0.75,0.25,0.0,0.75,0.0,0.75,0.25,0.75,0.75,0.25,0.0,0.25,1.0,0.0,0.75,1.0,0.0,0.75,0.0,0.0,0.25,0.0,0.0,0.75,1.0,1.0,1.0,0.17,0.0,0.0,0.75,0.25,0.0,0.0,0.75,0.75,0.5,0.0,0.75,0.25,0.5
3907,1.0,1.0,1.0,0.0,0.25,1.0,1.0,0.25,0.25,0.0,0.75,0.25,0.75,0.0,0.75,0.75,0.75,0.75,0.0,0.0,0.25,0.25,0.0,1.0,0.0,1.0,1.0,0.25,0.75,0.75,1.0,1.0,0.75,1.0,0.75,0.75,0.75,1.0,0.25,1.0,0.75,0.75,0.25,0.25,0.0,0.25,0.75,0.75,1.0,0.25,0.75,0.25,0.75,0.25,0.25,0.0,0.25,0.75,1.0,0.75,0.83,0.83,0.33,0.25,0.25,1.0,0.75,0.0,1.0,1.0,0.25,0.0,0.75,0.75,0.75
3908,1.0,0.83,0.5,0.0,1.0,0.75,0.0,0.75,0.25,0.0,0.25,1.0,0.0,0.25,0.0,0.75,0.25,0.75,0.25,0.0,1.0,0.25,0.0,0.75,0.0,1.0,0.25,0.25,0.0,0.25,0.75,0.25,1.0,1.0,0.0,0.0,0.0,0.75,0.0,0.0,1.0,0.75,1.0,0.0,0.0,0.75,1.0,0.0,0.75,1.0,0.25,0.0,0.25,0.0,0.25,0.0,0.0,0.0,1.0,1.0,1.0,0.83,0.0,0.0,0.75,0.25,0.0,0.0,1.0,0.75,0.75,0.25,0.75,0.75,0.75
3917,0.83,0.67,0.83,0.0,0.75,0.0,0.67,1.0,0.25,0.25,0.25,0.25,0.25,1.0,0.0,0.75,0.75,0.75,0.75,0.0,0.0,0.75,0.0,0.75,0.0,0.0,0.0,0.25,0.25,0.25,1.0,0.75,1.0,0.0,0.0,0.0,1.0,0.25,0.25,0.25,0.25,1.0,1.0,1.0,1.0,0.0,0.25,0.25,0.0,0.0,1.0,0.0,0.75,0.0,0.0,0.0,1.0,0.0,1.0,1.0,0.83,0.0,0.33,0.0,0.0,0.75,1.0,0.5,0.5,0.5,0.5,0.5,0.25,0.25,0.25
3920,0.83,0.67,0.0,0.75,0.75,0.0,0.33,1.0,0.75,0.25,0.75,0.25,0.75,0.75,1.0,0.25,0.75,0.75,0.75,0.25,0.75,0.0,0.75,0.0,0.75,0.25,0.75,0.75,0.25,0.25,1.0,0.25,0.75,1.0,0.75,0.75,0.0,0.75,0.0,0.75,0.75,0.0,0.75,0.75,1.0,1.0,0.25,1.0,0.75,1.0,1.0,0.75,0.75,0.75,0.25,0.25,0.0,0.75,0.0,1.0,0.83,0.67,0.67,0.25,1.0,0.75,1.0,0.5,0.0,0.5,0.5,0.5,0.0,0.75,0.0
3923,0.17,0.0,0.0,0.75,0.75,0.0,0.83,0.0,0.75,0.75,0.0,0.25,0.75,0.75,0.75,0.25,0.75,0.75,0.75,0.0,0.25,0.75,0.75,0.0,1.0,0.0,0.0,1.0,0.25,0.75,1.0,0.0,0.25,1.0,1.0,0.75,1.0,0.25,0.75,0.75,1.0,0.75,0.75,1.0,1.0,1.0,0.0,1.0,0.0,0.75,1.0,1.0,0.75,1.0,0.0,0.75,1.0,1.0,0.0,0.25,0.17,0.83,1.0,1.0,0.25,1.0,0.75,1.0,0.0,0.25,1.0,0.75,0.0,0.75,0.5
3924,0.83,0.83,0.17,1.0,1.0,1.0,0.67,0.0,0.25,0.0,0.0,0.75,0.25,0.25,1.0,0.0,0.0,0.75,0.75,0.0,0.25,1.0,0.0,1.0,0.0,1.0,1.0,0.75,0.0,1.0,1.0,1.0,0.25,1.0,0.75,1.0,0.75,1.0,0.75,0.25,0.75,0.0,0.0,0.0,0.0,0.75,1.0,0.0,0.0,1.0,0.75,0.75,1.0,0.0,0.0,0.0,0.25,0.0,0.75,1.0,0.83,0.67,0.33,0.0,1.0,0.25,0.25,0.0,0.75,0.75,0.75,0.25,0.75,0.75,0.75
3925,0.83,1.0,0.83,0.25,0.75,0.75,0.33,1.0,0.25,0.25,1.0,0.75,0.25,1.0,0.25,0.25,0.25,0.75,0.75,0.0,0.75,1.0,0.0,1.0,0.0,0.75,0.75,0.75,0.75,0.0,0.75,0.25,0.25,0.75,0.25,0.75,0.75,0.75,0.75,0.25,1.0,1.0,0.75,0.25,0.25,0.75,1.0,1.0,0.75,0.25,0.75,0.25,0.25,0.0,0.0,0.0,0.0,0.0,1.0,0.75,0.83,0.83,0.67,0.0,1.0,0.75,0.0,0.25,0.5,0.5,0.75,0.25,0.5,0.5,0.5
3926,0.33,0.5,0.5,1.0,1.0,0.0,0.67,0.25,0.75,1.0,0.0,0.0,0.75,0.0,0.75,0.0,0.75,0.75,0.75,1.0,0.75,1.0,1.0,0.0,1.0,0.25,0.25,1.0,0.25,0.75,1.0,0.25,0.75,1.0,0.75,1.0,1.0,0.75,0.75,0.75,1.0,1.0,0.75,1.0,1.0,0.75,0.25,0.0,0.0,1.0,0.75,0.0,1.0,1.0,1.0,1.0,0.0,0.75,0.75,0.75,0.0,0.67,0.83,0.25,0.0,1.0,0.75,0.75,0.5,0.75,1.0,0.75,0.5,0.75,0.75
3928,0.17,0.0,0.0,1.0,1.0,0.0,0.83,0.75,1.0,1.0,0.25,0.0,1.0,0.0,1.0,0.75,1.0,0.75,1.0,0.0,1.0,0.75,1.0,0.0,0.75,0.0,0.0,1.0,0.25,1.0,1.0,0.0,0.0,0.75,1.0,1.0,0.75,0.75,0.0,0.75,0.75,1.0,1.0,1.0,1.0,1.0,0.0,1.0,0.0,1.0,1.0,1.0,1.0,1.0,0.25,0.75,1.0,1.0,0.0,0.75,0.67,0.83,1.0,1.0,0.75,1.0,1.0,1.0,0.0,0.5,1.0,0.75,0.0,0.75,0.25
3929,0.33,0.17,0.67,0.25,0.75,0.0,0.67,1.0,0.75,0.0,0.25,0.25,0.25,0.25,0.75,0.75,0.75,0.0,0.75,0.0,0.75,1.0,0.75,0.0,0.0,0.25,0.25,1.0,0.75,0.25,0.25,0.0,0.25,1.0,0.0,1.0,0.0,0.0,0.75,0.0,0.75,1.0,0.0,0.75,0.25,0.75,0.25,0.0,0.25,0.25,0.25,0.75,0.75,0.25,1.0,0.0,1.0,0.0,1.0,0.75,0.83,0.83,0.17,0.0,0.75,0.0,1.0,0.25,0.5,0.5,1.0,0.5,0.75,0.75,0.75
3930,0.0,0.0,0.0,1.0,1.0,0.0,1.0,0.0,1.0,1.0,0.0,0.0,1.0,0.0,0.75,0.25,1.0,0.0,1.0,0.25,1.0,1.0,1.0,0.0,1.0,0.0,0.0,1.0,0.25,1.0,0.75,0.0,0.0,1.0,1.0,0.0,1.0,1.0,0.0,1.0,1.0,0.25,1.0,1.0,1.0,1.0,0.0,1.0,0.0,1.0,1.0,1.0,1.0,1.0,0.0,1.0,1.0,1.0,0.0,0.0,0.0,0.0,0.83,0.25,0.0,1.0,1.0,1.0,0.0,0.5,1.0,1.0,0.0,1.0,0.5
3932,0.67,0.5,0.0,0.75,1.0,0.0,0.17,0.75,0.75,0.75,0.75,0.75,0.25,0.75,1.0,0.75,0.25,0.75,0.25,0.25,0.75,0.25,1.0,0.0,1.0,0.0,0.0,1.0,1.0,1.0,1.0,0.25,0.75,1.0,0.75,1.0,0.25,0.75,1.0,0.25,0.25,1.0,0.25,0.75,0.75,1.0,0.75,0.25,0.25,0.75,0.75,0.75,0.75,1.0,1.0,1.0,0.25,1.0,0.25,0.75,0.67,1.0,0.83,0.25,0.75,0.25,0.75,0.25,0.25,0.5,0.75,0.5,0.75,0.75,0.0
3933,0.67,0.17,0.0,1.0,0.0,0.0,1.0,1.0,1.0,1.0,1.0,0.0,0.25,1.0,1.0,1.0,0.25,1.0,1.0,0.0,1.0,0.0,1.0,0.0,1.0,0.0,0.0,1.0,0.0,1.0,1.0,0.0,0.0,1.0,1.0,0.0,0.0,1.0,0.0,0.75,0.0,1.0,0.0,1.0,1.0,1.0,0.75,1.0,1.0,1.0,0.75,0.0,0.0,1.0,1.0,1.0,1.0,0.0,1.0,1.0,0.5,0.67,1.0,0.0,1.0,1.0,1.0,0.5,0.5,0.75,1.0,0.5,0.25,0.75,0.5
3934,0.67,0.33,0.17,0.75,0.75,0.0,0.67,0.75,0.25,0.25,1.0,0.75,0.0,0.75,0.25,0.75,0.0,0.75,0.25,0.0,1.0,0.25,0.0,0.25,0.25,0.25,0.25,0.75,0.0,1.0,1.0,0.25,0.0,1.0,1.0,0.0,0.0,0.75,1.0,0.0,0.75,0.75,1.0,1.0,1.0,1.0,0.75,1.0,1.0,0.25,0.0,0.0,0.0,1.0,0.75,0.0,1.0,0.25,1.0,1.0,0.33,0.67,0.0,0.0,0.25,1.0,0.25,0.5,0.5,0.5,0.75,0.5,0.5,0.5,0.5
3935,0.5,0.17,0.67,1.0,1.0,0.0,0.67,0.75,0.75,0.0,0.75,0.75,0.75,0.75,0.25,0.75,1.0,1.0,0.25,0.0,0.25,0.25,0.0,0.0,1.0,0.0,0.0,0.75,0.0,0.0,0.75,0.0,0.0,0.25,0.0,0.75,0.0,0.25,0.25,0.25,0.75,0.0,0.0,0.75,0.75,1.0,0.0,0.0,1.0,1.0,0.0,0.0,0.0,1.0,0.0,0.75,0.0,0.75,0.75,0.75,0.33,0.17,0.67,0.0,0.75,0.75,0.75,0.5,0.5,0.75,0.75,0.25,0.25,0.75,0.75
3936,0.17,0.0,0.0,1.0,0.75,0.0,1.0,0.25,1.0,1.0,0.25,0.0,1.0,0.0,0.25,0.0,1.0,0.0,1.0,0.75,1.0,0.75,1.0,0.0,1.0,0.0,0.0,1.0,0.25,1.0,0.25,0.0,0.0,1.0,1.0,0.0,1.0,1.0,0.0,1.0,1.0,0.25,1.0,1.0,1.0,1.0,0.0,1.0,0.0,1.0,1.0,1.0,1.0,1.0,0.25,1.0,1.0,1.0,0.0,0.0,0.0,0.33,1.0,0.25,0.0,1.0,0.75,1.0,0.0,0.5,0.75,0.75,0.0,0.75,0.5
3937,0.0,0.0,0.0,1.0,1.0,0.0,1.0,0.0,1.0,1.0,0.0,0.0,1.0,0.0,0.0,1.0,1.0,0.0,1.0,0.0,1.0,0.75,1.0,0.0,1.0,0.0,0.0,1.0,0.0,1.0,1.0,0.0,0.0,1.0,1.0,0.0,1.0,1.0,0.0,1.0,1.0,0.25,1.0,1.0,1.0,1.0,0.0,1.0,0.0,1.0,1.0,1.0,1.0,1.0,0.25,1.0,1.0,1.0,0.0,0.0,0.0,0.83,1.0,0.25,0.0,1.0,1.0,0.75,0.25,0.5,1.0,0.75,0.0,1.0,0.5
3940,1.0,0.0,0.0,0.75,1.0,0.0,0.17,0.25,1.0,1.0,0.0,0.0,1.0,0.0,0.0,0.75,1.0,0.75,1.0,0.0,1.0,1.0,1.0,0.0,1.0,0.0,0.0,1.0,0.25,1.0,1.0,0.25,0.75,1.0,1.0,1.0,0.75,0.75,1.0,0.75,0.25,0.25,0.25,1.0,1.0,1.0,0.0,1.0,0.0,0.75,1.0,1.0,1.0,1.0,1.0,1.0,0.0,1.0,0.75,0.75,0.67,0.83,1.0,0.75,0.75,1.0,1.0,1.0,0.5,0.5,1.0,1.0,0.5,0.5,0.25
3941,0.83,0.17,0.17,0.75,0.0,0.0,0.17,0.75,0.25,0.0,0.75,0.25,0.25,1.0,0.0,1.0,0.0,1.0,0.25,0.0,0.75,0.25,0.0,0.25,0.0,0.25,0.25,0.0,0.0,0.75,0.0,0.25,0.0,1.0,0.0,0.75,0.0,0.75,0.0,0.0,0.75,1.0,0.75,1.0,0.25,0.25,1.0,0.0,0.0,1.0,0.25,0.75,0.75,0.0,1.0,0.0,0.0,0.0,1.0,1.0,0.33,0.83,0.67,0.0,0.75,0.75,1.0,0.5,0.5,0.5,0.75,0.25,0.5,0.5,0.5
3942,0.0,0.67,0.33,0.25,0.25,0.0,0.67,0.0,1.0,0.25,0.25,0.25,0.25,0.0,0.25,0.75,0.0,1.0,1.0,0.0,0.25,0.0,0.0,0.25,0.0,0.0,0.0,1.0,0.25,1.0,0.75,0.0,0.25,0.0,0.25,0.75,0.0,1.0,0.0,1.0,1.0,0.75,1.0,0.75,0.75,1.0,0.25,0.75,0.25,1.0,0.25,0.75,0.75,0.75,0.25,0.0,0.0,0.75,1.0,0.75,0.67,0.67,0.67,0.0,0.75,1.0,0.75,0.5,0.5,0.5,0.75,0.25,0.5,0.5,0.5
3944,0.83,0.33,0.83,0.25,0.25,1.0,0.5,1.0,0.25,0.25,0.75,0.75,0.75,0.25,0.0,0.0,0.75,0.75,0.0,0.25,1.0,0.75,1.0,1.0,0.25,0.25,0.25,0.0,0.0,1.0,0.75,0.0,0.0,0.75,1.0,0.0,0.0,1.0,0.0,0.75,0.75,0.0,1.0,0.75,1.0,1.0,0.0,1.0,1.0,1.0,0.75,1.0,0.0,1.0,0.25,0.75,0.75,1.0,0.0,0.75,0.0,0.17,1.0,0.0,0.0,1.0,1.0,0.5,0.25,0.5,0.5,0.5,0.0,0.75,0.5
3945,0.33,0.17,0.33,0.75,1.0,0.0,0.33,0.75,1.0,1.0,0.75,0.0,0.75,0.25,1.0,0.25,0.0,0.25,1.0,0.0,1.0,0.75,1.0,0.0,0.25,0.25,0.0,1.0,1.0,0.75,1.0,0.25,0.25,1.0,0.25,0.75,0.75,0.25,1.0,0.25,0.75,1.0,0.25,1.0,1.0,1.0,0.25,0.0,0.25,0.0,1.0,1.0,1.0,0.75,0.75,1.0,0.75,0.25,0.75,1.0,0.83,0.83,0.33,0.25,1.0,0.25,1.0,0.25,0.75,0.75,1.0,0.25,0.25,0.75,0.25
3946,0.83,0.67,0.0,0.75,0.75,0.0,0.5,1.0,0.75,1.0,0.75,0.75,1.0,0.75,0.25,0.0,0.0,0.75,0.25,0.0,1.0,1.0,0.0,0.0,0.75,0.75,0.75,1.0,0.0,0.75,1.0,0.0,0.0,0.0,0.75,1.0,0.0,0.25,1.0,0.25,1.0,0.25,0.0,1.0,1.0,1.0,0.25,1.0,0.0,1.0,1.0,1.0,0.75,1.0,0.75,0.25,0.0,0.0,1.0,0.75,0.67,0.5,1.0,0.0,1.0,0.75,1.0,0.5,0.75,0.25,0.75,0.5,0.25,0.5,0.0
3947,0.83,0.5,0.83,0.25,0.0,0.0,0.0,0.75,1.0,0.25,1.0,0.0,0.0,0.25,0.0,1.0,0.0,0.0,1.0,0.0,1.0,0.25,0.0,0.0,0.0,0.75,1.0,1.0,0.75,1.0,0.75,0.0,0.0,1.0,0.25,0.75,0.0,0.75,0.75,0.75,1.0,1.0,1.0,0.25,0.25,0.25,0.75,0.25,0.75,1.0,1.0,1.0,1.0,0.0,0.0,0.0,0.0,0.0,1.0,1.0,0.83,0.83,0.5,0.0,1.0,0.0,0.75,0.25,1.0,1.0,1.0,0.5,0.75,0.75,0.5
3949,0.33,0.0,0.0,1.0,1.0,0.0,1.0,0.0,1.0,1.0,0.75,0.0,1.0,0.0,0.0,0.0,1.0,0.25,1.0,0.25,1.0,0.75,1.0,0.0,1.0,0.0,0.0,1.0,0.25,1.0,0.25,0.0,0.25,1.0,1.0,0.0,1.0,1.0,0.0,1.0,0.75,0.0,1.0,1.0,1.0,1.0,0.0,1.0,0.0,1.0,1.0,1.0,1.0,1.0,0.25,1.0,1.0,1.0,0.0,0.25,0.0,0.17,1.0,1.0,0.0,1.0,1.0,1.0,0.0,0.5,1.0,1.0,0.0,0.75,0.5
3950,0.67,0.5,0.17,0.25,1.0,0.0,0.67,0.0,1.0,1.0,1.0,0.0,1.0,0.0,1.0,0.0,1.0,1.0,0.0,0.0,1.0,0.0,1.0,0.25,0.25,0.0,0.0,0.75,0.25,1.0,0.0,0.0,0.0,1.0,1.0,0.75,0.75,1.0,0.0,1.0,0.0,0.25,0.25,0.75,0.75,1.0,1.0,0.0,0.0,1.0,0.25,0.75,0.75,1.0,0.0,0.0,1.0,0.75,0.75,1.0,0.33,0.33,0.33,0.0,0.75,1.0,0.25,0.75,0.5,0.75,0.75,0.5,0.5,0.5,0.5
3951,0.67,0.83,0.0,0.25,1.0,0.0,0.67,1.0,1.0,0.75,0.25,0.25,0.75,0.25,0.0,0.75,0.25,1.0,1.0,0.25,1.0,0.25,0.25,0.0,0.25,0.0,0.25,1.0,0.25,0.75,0.75,0.0,0.25,1.0,0.25,1.0,0.0,0.75,1.0,0.25,1.0,0.75,1.0,1.0,0.75,1.0,0.75,0.75,1.0,0.75,0.75,0.0,0.75,0.25,0.25,0.75,0.25,0.75,1.0,0.75,1.0,1.0,0.83,0.0,0.75,0.75,1.0,1.0,0.5,0.75,1.0,0.5,0.5,1.0,0.75
3952,0.33,0.33,0.0,1.0,0.75,0.0,0.83,0.0,1.0,0.25,1.0,0.0,0.75,0.25,1.0,0.25,0.0,1.0,1.0,0.75,1.0,0.75,0.0,0.0,0.75,0.0,0.25,1.0,0.0,1.0,0.0,0.25,0.0,0.25,0.25,0.25,1.0,1.0,0.25,0.75,1.0,0.25,1.0,1.0,1.0,1.0,0.25,0.75,1.0,0.75,0.25,0.0,0.75,1.0,0.25,0.0,0.25,0.75,0.75,1.0,0.5,0.5,1.0,0.0,0.75,1.0,1.0,0.75,0.5,0.5,0.5,0.5,0.5,0.75,0.5
3953,1.0,0.5,0.33,0.25,0.0,0.0,0.5,0.0,1.0,0.75,0.75,0.0,0.25,0.25,1.0,1.0,0.0,1.0,1.0,0.0,1.0,0.75,0.0,0.0,0.25,0.0,0.0,0.75,0.0,1.0,0.0,0.25,0.0,0.0,0.25,0.25,0.0,0.75,0.0,1.0,1.0,1.0,0.75,1.0,0.25,1.0,0.25,0.25,1.0,1.0,0.25,0.0,0.0,1.0,0.25,0.0,0.0,0.25,1.0,0.75,0.5,0.67,0.5,0.0,0.0,0.75,1.0,0.5,0.5,0.5,0.75,0.5,0.5,0.75,0.75
3954,0.17,0.33,0.17,1.0,0.75,0.0,0.33,0.75,1.0,1.0,0.25,0.25,0.75,0.25,0.75,0.75,1.0,1.0,1.0,0.25,1.0,0.75,0.75,0.0,0.75,0.25,0.0,0.75,0.0,1.0,1.0,1.0,0.25,0.0,1.0,0.0,1.0,1.0,0.25,1.0,1.0,0.0,1.0,1.0,1.0,1.0,1.0,0.0,0.0,1.0,0.75,1.0,0.75,1.0,0.75,0.0,1.0,1.0,1.0,0.75,0.17,0.33,0.33,0.0,1.0,1.0,1.0,0.75,0.5,0.75,0.75,0.75,0.75,0.75,0.75
3956,1.0,0.17,0.17,0.0,0.75,0.0,0.83,0.0,0.75,1.0,1.0,0.0,0.0,0.0,0.0,0.25,0.0,1.0,0.25,0.0,0.25,1.0,0.0,0.0,0.0,0.0,0.0,0.75,0.0,0.75,0.25,0.0,0.0,0.0,0.25,0.75,0.75,1.0,0.0,0.75,1.0,0.75,1.0,1.0,1.0,1.0,0.25,0.25,0.0,1.0,1.0,0.25,1.0,0.75,0.75,0.0,1.0,0.25,1.0,1.0,0.83,0.83,0.67,0.0,0.75,1.0,1.0,0.5,0.5,0.5,0.5,0.5,0.5,0.75,0.5
3957,0.17,0.17,0.5,0.75,0.25,0.25,0.83,0.0,1.0,1.0,0.0,0.25,1.0,0.25,1.0,0.75,1.0,0.25,1.0,0.0,0.75,0.75,0.25,0.75,0.25,0.25,0.25,1.0,0.25,0.75,0.75,0.0,0.0,0.75,1.0,0.25,0.25,1.0,0.0,0.75,1.0,0.25,1.0,1.0,1.0,1.0,0.0,1.0,0.0,1.0,1.0,1.0,1.0,1.0,0.25,0.25,1.0,1.0,0.75,0.25,0.17,0.33,1.0,0.25,0.25,1.0,1.0,1.0,0.25,0.75,1.0,0.75,0.0,1.0,0.75
3958,0.17,0.0,0.0,1.0,1.0,0.0,1.0,0.0,1.0,1.0,0.25,0.0,1.0,0.0,0.25,0.75,1.0,0.0,1.0,0.25,1.0,1.0,1.0,0.0,1.0,0.0,0.0,1.0,0.0,1.0,0.75,0.0,0.0,1.0,1.0,0.0,1.0,1.0,0.0,1.0,1.0,0.25,1.0,1.0,1.0,1.0,0.0,0.75,0.0,1.0,1.0,0.75,0.75,1.0,0.75,1.0,1.0,1.0,0.0,0.25,0.0,0.5,1.0,0.25,0.0,1.0,1.0,0.75,0.0,0.5,0.75,0.75,0.0,1.0,0.5
3959,0.17,0.0,0.0,1.0,1.0,0.0,0.67,0.0,1.0,1.0,0.75,0.0,0.75,0.0,1.0,0.75,1.0,0.25,1.0,0.0,0.75,1.0,1.0,0.0,0.75,0.0,0.0,1.0,0.25,1.0,1.0,0.0,0.0,1.0,1.0,0.25,1.0,0.25,0.25,0.75,0.75,1.0,0.75,1.0,1.0,1.0,0.25,0.75,0.0,1.0,1.0,0.75,0.75,1.0,1.0,1.0,1.0,1.0,0.0,0.75,0.33,1.0,0.17,0.25,0.75,1.0,1.0,0.75,0.25,0.75,0.75,0.75,0.25,1.0,0.25
3960,0.67,0.0,0.0,1.0,1.0,0.0,1.0,0.0,1.0,1.0,0.0,0.0,1.0,0.0,0.0,0.0,1.0,0.75,1.0,0.25,1.0,1.0,1.0,0.0,1.0,0.0,0.0,1.0,0.25,1.0,0.0,0.0,0.0,1.0,0.75,0.0,1.0,0.75,0.0,0.75,1.0,1.0,1.0,1.0,1.0,1.0,0.25,1.0,0.0,1.0,1.0,1.0,0.75,1.0,0.75,1.0,1.0,0.0,1.0,0.25,0.5,0.67,1.0,0.0,1.0,1.0,1.0,0.75,0.25,0.5,0.75,0.75,0.25,0.75,0.5
3962,0.83,0.83,0.67,0.0,0.0,1.0,0.0,1.0,0.0,0.0,0.75,1.0,0.0,0.75,0.0,0.75,0.0,0.0,0.0,0.0,0.25,0.0,0.0,1.0,0.0,1.0,1.0,0.0,0.25,0.0,0.25,1.0,0.75,0.25,0.0,1.0,0.0,0.25,1.0,0.0,0.25,1.0,0.75,0.0,0.0,0.25,1.0,0.0,1.0,0.0,0.0,0.0,0.0,0.0,0.0,0.0,0.0,0.25,1.0,1.0,1.0,0.83,0.0,0.0,1.0,0.0,0.0,0.0,0.75,0.75,0.5,0.0,0.75,0.75,0.5
3967,0.83,0.83,1.0,0.0,0.75,1.0,0.17,0.25,0.0,0.0,0.75,1.0,0.0,0.25,0.0,1.0,0.0,0.0,0.0,0.0,0.0,0.0,0.0,0.75,0.0,1.0,1.0,0.0,1.0,0.0,0.0,1.0,0.75,0.75,0.0,1.0,0.0,0.0,0.75,0.0,0.25,1.0,0.0,0.25,0.0,0.0,1.0,0.0,0.25,1.0,0.0,1.0,1.0,0.25,0.75,0.0,0.0,0.0,1.0,1.0,1.0,1.0,0.17,0.0,1.0,0.0,0.0,0.25,0.75,0.75,0.75,0.25,0.75,0.75,0.5
3968,0.33,0.17,0.67,0.0,0.0,0.25,0.83,0.0,0.25,0.25,1.0,0.0,1.0,0.0,0.25,0.0,1.0,0.75,0.75,0.0,0.75,1.0,0.75,0.25,0.75,0.25,0.25,0.0,0.0,1.0,0.25,0.25,0.75,0.75,0.75,0.25,1.0,0.75,0.0,1.0,0.75,0.0,0.75,1.0,0.25,1.0,0.0,0.25,0.0,0.0,1.0,1.0,1.0,1.0,0.25,0.25,0.0,0.75,0.25,0.75,0.33,0.33,0.83,0.25,0.25,1.0,0.75,0.5,0.75,0.75,0.75,0.5,0.5,0.75,0.75
3969,0.67,0.17,0.0,1.0,0.75,0.0,1.0,1.0,1.0,0.75,0.75,0.25,0.75,0.75,1.0,0.75,0.25,0.75,1.0,0.0,0.75,0.25,0.25,0.0,0.75,0.0,0.0,1.0,0.25,0.75,1.0,0.0,0.0,1.0,0.75,1.0,0.75,0.25,1.0,0.75,0.25,0.75,0.25,1.0,1.0,1.0,0.0,1.0,0.0,0.75,0.75,1.0,1.0,1.0,0.0,0.25,1.0,0.75,1.0,0.75,0.83,0.83,0.83,0.0,1.0,1.0,1.0,0.75,0.25,0.5,0.75,0.5,0.0,1.0,0.25
3970,0.5,0.17,0.17,0.75,1.0,0.0,0.67,0.75,0.75,1.0,0.75,0.25,0.75,0.75,0.75,0.75,0.25,0.75,0.75,0.0,1.0,0.75,1.0,0.0,0.75,0.0,0.25,1.0,1.0,1.0,1.0,0.25,0.75,1.0,0.75,1.0,0.75,0.75,0.25,0.25,0.25,0.75,0.75,1.0,1.0,1.0,0.0,1.0,0.0,0.75,1.0,1.0,0.75,1.0,0.25,1.0,1.0,0.75,0.75,0.75,0.83,0.83,1.0,0.25,1.0,0.75,0.75,0.75,0.25,0.75,1.0,0.75,0.0,1.0,0.25
3971,0.83,0.17,0.0,0.75,0.75,0.0,0.17,0.75,0.75,1.0,0.75,0.25,0.75,0.75,1.0,0.75,0.25,0.75,0.75,0.0,1.0,0.25,1.0,0.0,0.25,0.0,0.0,1.0,0.75,1.0,0.75,0.25,0.25,0.75,0.25,0.75,0.25,0.25,0.0,0.25,0.25,0.75,0.25,1.0,1.0,1.0,0.0,0.75,0.0,1.0,0.25,0.75,0.75,0.75,0.0,1.0,0.75,0.75,0.75,0.75,0.67,0.83,0.83,0.0,0.25,0.25,1.0,0.75,0.5,0.5,0.75,0.5,0.25,0.5,0.5
3972,0.83,0.67,0.0,0.75,1.0,0.0,0.0,1.0,1.0,1.0,0.25,0.0,1.0,0.25,0.0,0.0,0.75,1.0,0.25,0.0,1.0,1.0,1.0,0.0,1.0,0.0,0.0,0.25,0.0,1.0,0.25,0.0,0.0,0.0,0.75,1.0,0.0,0.25,0.75,0.25,0.75,0.0,0.0,1.0,0.75,1.0,0.75,0.0,1.0,1.0,0.0,0.0,0.75,1.0,1.0,0.75,0.75,1.0,1.0,0.75,0.67,1.0,0.83,0.0,1.0,1.0,1.0,0.75,0.5,0.5,0.75,1.0,0.0,0.5,0.5
3973,0.83,0.33,0.33,0.25,0.0,0.0,0.67,0.0,1.0,0.25,1.0,0.0,0.25,0.0,0.0,0.75,0.0,1.0,0.75,0.0,0.25,0.25,1.0,0.0,0.25,0.25,0.25,0.25,0.25,0.75,0.25,0.25,0.25,0.0,0.25,0.75,0.0,1.0,0.0,0.75,1.0,0.75,1.0,0.75,0.75,1.0,0.25,0.25,0.75,1.0,0.25,0.25,1.0,0.75,0.25,0.0,0.0,0.25,0.75,0.75,0.67,0.5,0.67,0.0,0.75,0.75,0.75,0.5,0.5,0.5,0.5,0.75,0.5,0.5,0.5
3974,0.83,0.0,0.0,0.75,0.75,0.25,0.83,0.0,1.0,1.0,0.75,0.0,1.0,0.0,0.0,0.25,1.0,0.25,1.0,0.25,0.75,0.75,1.0,0.0,1.0,0.0,0.0,1.0,0.0,1.0,0.0,0.0,0.25,0.0,1.0,0.25,1.0,1.0,0.25,0.75,1.0,0.0,0.25,1.0,1.0,1.0,0.0,0.75,0.25,1.0,1.0,1.0,0.75,1.0,0.75,1.0,1.0,1.0,0.0,0.25,0.33,0.33,1.0,0.25,0.75,1.0,1.0,1.0,0.0,0.25,0.5,1.0,0.0,1.0,0.5
3975,0.17,0.17,0.0,1.0,1.0,0.0,1.0,0.0,1.0,1.0,0.75,0.0,1.0,0.0,0.25,0.0,1.0,0.25,1.0,0.0,1.0,1.0,1.0,0.0,1.0,0.0,0.0,1.0,0.25,1.0,0.75,0.0,0.0,1.0,1.0,1.0,1.0,0.75,0.0,1.0,0.75,0.75,1.0,1.0,1.0,1.0,0.0,1.0,0.0,1.0,0.75,1.0,1.0,1.0,0.75,1.0,1.0,1.0,0.25,0.25,0.17,0.5,1.0,0.75,0.25,1.0,1.0,1.0,0.0,0.5,0.75,0.75,0.0,0.75,0.5
3976,1.0,0.33,0.17,0.0,0.75,0.0,0.0,0.75,0.0,0.0,1.0,0.25,0.0,1.0,1.0,0.25,0.0,1.0,0.0,0.25,0.75,0.0,0.25,0.0,0.0,1.0,0.0,1.0,0.0,0.0,0.75,0.0,0.75,1.0,1.0,1.0,0.0,0.0,0.75,0.0,0.25,1.0,0.75,0.0,0.75,0.0,1.0,0.75,1.0,0.0,0.75,0.25,0.75,0.75,1.0,0.0,0.0,0.0,1.0,1.0,0.83,1.0,0.17,0.0,1.0,0.0,1.0,0.5,0.5,0.75,0.5,0.75,0.75,0.5,0.25
3978,0.17,0.17,0.0,0.75,0.75,0.0,0.83,0.0,1.0,0.75,0.25,0.0,1.0,0.25,1.0,0.25,1.0,0.25,0.75,0.0,0.75,0.75,1.0,0.0,0.75,0.0,0.0,1.0,0.75,0.75,0.75,0.0,0.75,0.75,1.0,0.75,0.75,0.75,0.0,0.25,0.75,0.75,0.75,1.0,1.0,1.0,0.25,0.75,0.0,1.0,1.0,1.0,0.75,1.0,0.75,1.0,1.0,0.75,0.0,0.75,0.33,0.83,0.83,0.0,0.75,1.0,0.75,0.5,0.0,0.5,0.5,0.75,0.5,0.5,0.25
3980,0.17,0.33,0.0,0.75,0.75,0.0,0.67,1.0,1.0,0.75,0.0,0.0,1.0,0.0,0.0,0.0,1.0,0.25,0.75,0.0,0.75,1.0,0.75,0.0,1.0,0.0,0.0,1.0,0.25,1.0,0.0,0.0,0.75,0.75,1.0,0.25,1.0,0.75,0.25,0.75,1.0,0.0,0.25,1.0,1.0,1.0,0.0,0.75,0.25,0.75,0.75,1.0,0.75,1.0,1.0,0.75,1.0,1.0,0.0,0.25,0.0,0.5,1.0,0.75,0.25,1.0,1.0,0.5,0.0,0.25,1.0,0.75,0.0,0.75,0.75
3981,0.0,0.17,0.0,1.0,0.75,0.0,1.0,0.0,1.0,1.0,0.0,0.0,1.0,0.0,0.0,0.0,1.0,0.75,1.0,0.0,1.0,1.0,1.0,0.0,1.0,0.0,0.0,1.0,0.0,1.0,0.0,0.0,0.0,0.75,1.0,0.0,1.0,1.0,0.0,1.0,1.0,0.25,1.0,1.0,1.0,1.0,0.0,1.0,0.0,1.0,1.0,1.0,1.0,1.0,0.0,1.0,1.0,1.0,0.75,0.75,0.0,0.5,1.0,0.75,0.75,1.0,1.0,1.0,0.25,0.5,1.0,1.0,0.0,1.0,0.5
3986,0.67,0.83,0.83,0.0,0.25,0.25,0.17,0.75,0.0,0.0,0.75,0.75,0.0,0.75,0.75,1.0,0.25,0.0,0.0,0.0,0.0,0.0,0.0,0.75,0.0,0.75,0.75,0.25,0.25,0.0,0.25,0.75,0.75,0.75,0.0,1.0,0.75,1.0,0.75,0.25,0.0,1.0,0.25,0.0,0.0,0.25,1.0,0.0,0.25,0.25,0.0,0.0,0.0,0.0,0.75,0.0,0.0,0.0,1.0,0.75,1.0,0.83,0.17,0.0,1.0,0.0,0.0,0.0,1.0,0.75,0.5,0.25,0.75,0.75,0.75
3992,1.0,0.83,0.67,0.0,0.75,0.75,0.17,0.0,0.0,0.0,0.75,0.25,0.0,0.25,0.0,0.75,0.25,0.75,0.0,0.0,0.25,0.75,0.0,1.0,0.0,0.25,0.25,0.0,0.0,0.0,0.75,0.25,0.0,1.0,0.25,0.25,0.0,0.25,0.75,0.25,0.75,0.25,0.75,0.0,0.0,0.25,1.0,0.0,1.0,1.0,0.0,0.0,0.25,0.0,0.0,0.0,0.0,0.0,1.0,1.0,0.83,0.5,0.67,0.0,0.25,0.0,0.25,0.5,0.75,0.5,0.5,0.75,0.5,0.5,0.5
3994,0.0,0.0,0.5,1.0,1.0,0.0,0.67,0.25,1.0,1.0,0.75,0.0,0.25,0.0,0.75,0.75,0.0,0.75,0.75,0.0,0.75,1.0,1.0,0.0,0.75,0.0,0.0,1.0,0.25,0.25,0.75,0.0,0.75,1.0,1.0,0.75,0.0,0.25,0.0,0.0,0.75,0.25,1.0,1.0,1.0,1.0,0.0,1.0,0.0,1.0,1.0,1.0,1.0,1.0,1.0,1.0,1.0,0.0,0.75,0.75,0.83,0.83,1.0,0.0,0.25,0.0,0.75,0.75,0.5,0.5,0.75,1.0,0.0,0.0,0.0
3995,0.17,0.0,0.0,0.75,1.0,0.0,0.5,1.0,0.75,0.25,0.75,0.0,0.25,1.0,0.75,0.25,0.75,0.75,0.75,0.0,0.75,0.75,0.25,0.0,0.75,0.0,0.25,1.0,0.25,0.25,1.0,0.25,0.0,1.0,0.75,1.0,0.0,0.0,1.0,0.25,0.75,1.0,0.75,1.0,1.0,0.75,0.25,0.25,0.25,1.0,0.75,1.0,1.0,1.0,0.75,0.75,1.0,0.25,0.75,0.75,0.83,0.67,0.83,0.0,0.75,0.0,1.0,0.75,0.25,0.75,0.75,0.5,0.5,0.5,0.25
3998,0.0,0.0,0.0,1.0,0.75,0.0,1.0,0.0,1.0,1.0,0.25,0.0,1.0,0.0,0.75,0.0,1.0,0.0,1.0,0.0,1.0,1.0,1.0,0.0,0.25,0.0,0.25,1.0,0.75,1.0,0.25,0.25,0.25,1.0,1.0,0.75,1.0,1.0,0.0,1.0,0.75,0.75,1.0,1.0,1.0,1.0,0.0,0.75,0.0,1.0,0.75,1.0,1.0,1.0,1.0,0.25,1.0,1.0,0.0,0.25,0.17,0.5,1.0,0.75,0.75,1.0,1.0,1.0,0.0,0.5,1.0,1.0,0.0,1.0,0.25
4001,0.83,0.67,0.5,1.0,1.0,0.0,1.0,0.25,1.0,1.0,0.75,0.0,1.0,0.25,0.75,0.75,1.0,1.0,1.0,0.0,1.0,0.75,1.0,0.0,1.0,0.0,0.0,1.0,0.0,1.0,1.0,0.0,0.25,0.75,1.0,1.0,0.75,0.75,0.75,1.0,0.75,0.25,1.0,1.0,1.0,1.0,0.0,1.0,0.0,1.0,1.0,1.0,1.0,1.0,1.0,1.0,1.0,1.0,0.0,1.0,0.17,0.5,1.0,0.25,0.25,0.75,0.75,1.0,0.0,0.25,1.0,1.0,0.0,1.0,0.25
4003,0.83,0.83,0.83,0.75,1.0,0.0,0.67,1.0,0.75,0.75,0.75,0.75,0.25,1.0,0.75,1.0,0.75,1.0,1.0,0.0,0.75,0.75,0.75,0.25,0.75,0.25,0.0,1.0,0.75,0.75,0.25,0.75,0.25,1.0,1.0,0.75,0.25,0.75,0.25,0.75,1.0,1.0,1.0,1.0,1.0,1.0,0.75,0.75,0.75,1.0,0.25,0.25,0.0,1.0,0.75,0.0,0.0,1.0,0.75,1.0,0.67,0.83,0.83,0.0,0.0,1.0,1.0,0.75,0.25,0.5,0.75,0.75,0.5,0.75,0.5
4004,0.0,0.33,0.0,0.75,0.75,0.0,0.33,0.75,1.0,1.0,0.25,0.75,0.75,0.0,1.0,1.0,0.75,0.75,1.0,0.0,0.75,0.25,1.0,0.0,0.0,0.0,0.0,1.0,1.0,0.75,0.25,0.75,0.75,1.0,0.25,0.25,0.0,0.25,0.25,0.75,1.0,0.25,0.75,0.75,1.0,1.0,0.25,0.0,0.0,1.0,0.25,1.0,0.25,1.0,0.75,0.0,0.0,0.75,1.0,1.0,1.0,1.0,0.67,0.0,1.0,0.75,1.0,0.5,0.5,0.5,0.75,0.75,0.25,0.75,0.75
4005,1.0,1.0,1.0,0.0,0.0,1.0,0.0,1.0,0.0,0.0,0.0,1.0,0.0,1.0,1.0,1.0,0.0,0.0,0.0,0.0,0.0,0.0,0.0,1.0,0.0,1.0,1.0,0.0,0.0,0.0,1.0,1.0,1.0,0.0,0.0,1.0,0.0,0.0,1.0,0.0,0.0,1.0,0.0,0.0,0.0,0.0,1.0,0.0,1.0,1.0,0.0,0.0,0.0,0.0,0.0,0.0,0.0,0.0,1.0,1.0,1.0,1.0,0.0,0.0,1.0,0.0,0.0,0.0,1.0,0.5,0.5,0.0,1.0,0.5,0.5
4009,0.83,0.33,1.0,1.0,1.0,0.0,1.0,0.0,1.0,1.0,0.0,0.0,1.0,0.0,1.0,1.0,1.0,0.25,1.0,0.25,1.0,0.75,1.0,0.0,1.0,0.0,0.0,1.0,0.75,1.0,0.25,0.0,0.0,1.0,1.0,0.25,1.0,1.0,0.0,1.0,1.0,1.0,1.0,1.0,1.0,1.0,0.0,0.75,0.0,1.0,0.75,1.0,1.0,1.0,0.75,1.0,1.0,1.0,0.0,1.0,0.5,0.5,1.0,1.0,0.75,1.0,1.0,1.0,0.25,0.5,1.0,1.0,0.5,1.0,1.0
4010,0.17,0.17,0.17,1.0,1.0,0.0,0.83,0.0,1.0,1.0,0.0,0.0,1.0,0.0,1.0,0.0,1.0,0.0,1.0,0.0,1.0,1.0,1.0,0.0,1.0,0.0,0.0,1.0,0.25,1.0,0.25,0.0,0.0,1.0,1.0,0.25,1.0,1.0,0.0,1.0,1.0,0.25,1.0,1.0,1.0,1.0,0.0,0.25,0.0,1.0,0.75,1.0,1.0,1.0,0.75,0.75,1.0,1.0,0.75,0.25,0.17,0.67,1.0,0.25,0.0,1.0,1.0,1.0,0.5,0.5,1.0,0.75,0.0,1.0,0.75
4011,0.83,0.33,0.17,0.25,0.25,0.0,0.33,0.0,0.75,0.0,1.0,0.0,0.25,0.0,0.75,0.75,0.0,1.0,0.75,0.0,0.75,0.75,0.0,0.0,0.25,0.0,0.0,0.75,0.0,0.75,0.75,0.0,0.25,0.0,0.25,0.75,0.0,1.0,0.25,0.75,1.0,0.75,1.0,0.75,0.75,0.75,0.25,1.0,0.0,1.0,0.25,0.75,0.75,0.75,1.0,0.0,0.0,0.75,1.0,0.25,0.67,0.5,0.67,0.0,0.75,0.25,0.75,0.5,0.75,0.5,0.75,0.5,0.25,0.75,0.5
4013,1.0,0.33,0.17,1.0,0.75,0.0,0.67,1.0,0.75,0.25,1.0,0.25,0.0,0.25,1.0,1.0,0.25,0.75,0.75,0.0,1.0,0.75,0.0,0.0,0.75,0.75,0.0,0.75,0.25,0.0,1.0,1.0,0.25,1.0,0.0,1.0,0.25,0.25,1.0,0.0,0.0,1.0,0.75,1.0,0.75,1.0,1.0,0.0,0.0,1.0,0.75,0.0,0.75,1.0,0.75,0.0,0.75,0.0,1.0,1.0,0.33,0.67,0.67,0.0,1.0,0.25,1.0,0.75,0.5,0.75,1.0,0.5,0.5,0.75,0.25
4014,0.0,0.0,0.0,1.0,1.0,0.0,1.0,0.75,1.0,1.0,0.0,0.0,1.0,0.0,0.0,0.0,1.0,0.75,1.0,0.25,1.0,0.75,1.0,0.0,1.0,0.0,0.0,1.0,0.25,1.0,1.0,0.25,0.0,1.0,1.0,0.25,1.0,1.0,0.0,1.0,1.0,0.25,1.0,1.0,1.0,1.0,0.0,1.0,0.0,1.0,1.0,1.0,1.0,1.0,1.0,1.0,1.0,0.75,0.0,0.0,0.17,0.5,1.0,0.75,0.0,1.0,1.0,0.75,0.0,0.5,1.0,0.75,0.0,1.0,0.5
4015,1.0,0.83,0.67,0.0,0.0,0.75,0.17,1.0,0.75,0.0,1.0,0.75,0.0,0.75,0.25,0.75,0.0,0.0,0.0,0.0,0.75,0.25,0.0,0.75,0.0,0.75,0.25,0.25,0.75,0.0,0.75,1.0,0.75,1.0,0.0,0.75,0.0,0.75,0.75,0.0,0.25,0.75,0.25,0.25,0.0,0.75,1.0,0.0,0.75,0.25,0.0,0.0,0.0,0.0,0.25,0.0,0.0,0.0,1.0,1.0,1.0,0.83,0.17,0.0,1.0,0.0,0.0,0.25,0.75,1.0,0.5,0.0,0.75,0.5,0.75
4017,0.67,0.17,0.0,0.75,1.0,0.0,1.0,0.0,1.0,1.0,0.75,0.0,0.75,0.0,0.0,0.25,1.0,0.25,1.0,0.75,0.75,1.0,1.0,0.0,1.0,0.0,0.0,1.0,0.0,1.0,0.0,0.0,0.0,1.0,1.0,0.75,1.0,0.75,0.0,1.0,0.75,0.0,0.75,1.0,1.0,1.0,0.0,1.0,0.0,1.0,1.0,1.0,0.75,1.0,0.75,1.0,1.0,1.0,0.0,0.75,0.0,0.67,1.0,0.25,0.25,1.0,1.0,0.75,0.0,0.5,1.0,1.0,0.25,0.75,0.5
4018,0.83,0.0,0.33,1.0,1.0,0.0,1.0,0.0,1.0,1.0,0.0,0.0,1.0,0.0,0.0,0.25,1.0,1.0,1.0,0.25,1.0,0.75,1.0,0.0,1.0,0.0,0.0,1.0,0.0,1.0,0.75,0.0,0.0,0.75,1.0,0.0,1.0,0.75,0.0,1.0,0.75,0.0,0.75,1.0,1.0,1.0,0.0,0.75,0.0,1.0,1.0,1.0,1.0,1.0,0.25,1.0,1.0,1.0,0.0,0.0,0.17,0.17,1.0,0.75,0.25,1.0,0.75,1.0,0.0,0.5,0.75,1.0,0.0,0.75,0.25
4019,1.0,0.67,0.33,0.75,1.0,0.0,1.0,0.75,0.25,0.0,0.25,0.0,1.0,0.25,0.75,1.0,1.0,1.0,0.0,0.0,0.75,0.25,0.75,0.0,0.75,0.25,0.0,1.0,1.0,0.25,1.0,0.25,0.0,1.0,1.0,1.0,1.0,0.25,0.75,0.75,1.0,0.75,1.0,1.0,1.0,1.0,0.0,1.0,0.0,0.75,1.0,1.0,1.0,1.0,0.25,0.25,0.0,1.0,0.0,1.0,0.83,0.67,1.0,0.75,1.0,1.0,1.0,1.0,0.0,0.5,0.75,0.75,0.0,1.0,0.0
4020,1.0,0.5,0.0,1.0,0.75,0.0,0.0,1.0,0.75,0.75,1.0,0.25,0.75,1.0,1.0,1.0,0.0,1.0,0.25,0.0,1.0,1.0,1.0,0.0,0.0,0.0,0.0,1.0,1.0,0.25,0.75,0.0,0.75,1.0,0.25,1.0,0.25,0.75,1.0,0.0,0.75,1.0,0.25,1.0,1.0,1.0,0.0,1.0,0.0,1.0,1.0,1.0,0.75,1.0,1.0,1.0,1.0,0.0,1.0,1.0,1.0,1.0,0.83,0.25,1.0,1.0,1.0,0.5,0.5,0.5,1.0,0.5,0.0,0.75,0.0
4021,0.17,0.0,0.17,1.0,1.0,0.0,0.83,0.0,1.0,1.0,0.0,0.0,1.0,0.0,1.0,0.75,1.0,0.0,1.0,0.25,1.0,1.0,1.0,0.0,1.0,0.0,0.0,1.0,0.25,1.0,0.75,0.0,0.0,1.0,1.0,0.0,0.75,0.75,0.0,1.0,1.0,0.25,1.0,1.0,1.0,1.0,0.0,1.0,0.0,1.0,0.25,1.0,1.0,1.0,0.25,0.75,1.0,1.0,0.0,0.0,0.17,0.67,1.0,0.75,0.0,1.0,0.0,1.0,0.25,0.5,0.75,0.75,0.25,1.0,0.5
4022,0.67,0.0,0.0,0.75,0.75,0.0,0.67,0.75,1.0,1.0,0.75,0.0,0.75,0.75,0.25,0.75,0.75,0.75,0.75,0.25,0.25,0.75,0.75,0.0,0.75,0.0,0.25,0.75,0.75,0.75,1.0,0.75,0.75,1.0,0.25,1.0,0.75,0.25,1.0,0.75,1.0,1.0,1.0,1.0,1.0,1.0,0.75,0.75,0.25,0.0,0.25,1.0,1.0,1.0,1.0,0.25,1.0,0.25,0.25,0.75,0.5,0.83,0.67,0.0,1.0,0.75,1.0,0.75,0.25,0.75,1.0,0.75,0.75,1.0,0.25
4023,0.83,1.0,0.83,1.0,1.0,0.0,0.67,0.75,1.0,1.0,0.0,0.25,1.0,1.0,1.0,1.0,1.0,1.0,1.0,0.25,1.0,0.0,1.0,0.75,0.75,0.0,0.0,1.0,0.0,0.75,1.0,0.0,0.0,1.0,1.0,1.0,1.0,1.0,0.0,1.0,0.25,0.0,1.0,1.0,1.0,1.0,1.0,1.0,0.0,0.0,1.0,1.0,1.0,0.75,0.25,1.0,1.0,1.0,1.0,1.0,0.67,0.33,0.5,0.0,1.0,1.0,0.0,0.5,0.5,0.75,0.75,0.5,0.75,0.5,0.5
4024,0.0,0.0,0.0,1.0,0.75,0.0,0.83,0.0,1.0,1.0,0.75,0.0,1.0,0.0,0.0,0.0,1.0,1.0,1.0,0.0,0.75,0.75,1.0,0.0,1.0,0.0,0.0,1.0,0.0,1.0,0.75,0.0,0.0,1.0,1.0,0.0,1.0,1.0,0.0,0.75,0.25,0.0,1.0,1.0,1.0,1.0,0.0,1.0,0.0,1.0,1.0,1.0,1.0,1.0,0.25,1.0,1.0,0.75,0.75,0.25,0.0,0.5,1.0,0.25,0.0,1.0,1.0,0.5,0.5,0.5,0.5,0.75,0.0,0.75,0.5
4027,0.83,0.33,0.33,1.0,0.75,0.0,0.83,0.25,0.75,1.0,0.25,0.0,1.0,0.25,1.0,0.25,1.0,0.0,1.0,0.25,0.75,0.75,1.0,0.0,1.0,0.0,0.0,1.0,0.25,1.0,0.75,0.0,0.0,1.0,1.0,0.25,1.0,0.75,0.0,0.75,0.75,0.0,0.75,1.0,1.0,1.0,0.0,1.0,0.0,1.0,1.0,1.0,1.0,1.0,0.25,0.75,1.0,1.0,0.0,0.75,0.17,0.17,0.83,0.75,0.0,1.0,1.0,0.75,0.0,0.75,1.0,0.75,0.0,1.0,1.0
4028,0.17,0.67,0.5,0.0,0.0,0.0,0.33,0.75,1.0,0.25,0.75,0.0,0.0,0.25,0.75,0.75,0.0,1.0,0.75,0.0,0.75,0.25,0.0,0.0,0.25,0.75,0.25,0.75,0.25,0.25,0.25,1.0,0.0,0.0,0.0,1.0,0.0,1.0,1.0,0.0,0.25,1.0,0.0,0.75,1.0,1.0,1.0,0.75,0.0,0.75,0.25,0.25,0.25,0.0,0.0,0.0,0.0,0.0,1.0,0.75,1.0,1.0,0.5,0.0,1.0,0.0,1.0,0.5,0.5,0.5,0.75,0.5,0.5,0.5,0.5
4029,0.0,0.83,0.0,1.0,0.25,0.0,1.0,0.0,1.0,1.0,0.25,0.0,1.0,0.25,0.0,0.0,0.75,0.25,1.0,0.0,1.0,0.25,0.25,0.0,1.0,0.0,0.0,1.0,0.0,1.0,0.75,0.0,0.0,1.0,1.0,0.0,1.0,0.75,0.0,0.75,1.0,0.25,1.0,1.0,1.0,1.0,0.0,1.0,0.0,1.0,1.0,1.0,1.0,1.0,1.0,0.0,1.0,1.0,0.0,0.0,0.0,0.33,1.0,0.0,0.0,1.0,1.0,0.75,0.25,0.5,1.0,0.75,0.0,1.0,0.5
4030,0.5,0.33,0.33,0.75,0.75,0.0,0.33,0.75,0.75,1.0,0.0,0.0,0.75,0.0,1.0,0.0,0.75,1.0,0.75,0.0,0.25,1.0,0.75,0.25,0.75,0.25,0.25,1.0,0.25,0.75,0.25,0.75,0.25,0.75,0.75,0.25,0.75,0.75,0.25,0.75,1.0,0.75,0.75,0.75,0.25,0.75,0.75,0.75,0.25,0.75,0.75,0.75,0.75,0.75,0.25,0.75,0.25,0.75,1.0,1.0,0.67,0.5,0.67,0.0,1.0,0.75,0.25,0.5,0.5,0.75,0.75,0.5,0.75,0.5,0.25
4031,0.67,0.5,0.17,1.0,0.0,0.0,0.17,0.0,0.75,0.0,1.0,0.75,0.0,0.25,0.25,1.0,0.0,0.25,1.0,0.75,1.0,1.0,1.0,0.0,0.0,0.75,0.0,1.0,1.0,0.75,0.75,0.75,0.0,1.0,0.0,1.0,0.0,0.75,0.75,0.25,0.75,1.0,1.0,0.75,0.25,0.75,0.0,0.0,0.75,1.0,0.25,1.0,0.25,0.25,0.75,0.75,0.75,0.25,1.0,0.75,0.83,0.83,0.5,0.0,1.0,0.75,1.0,0.5,0.5,0.5,0.75,0.25,0.5,0.5,0.5
4033,0.33,0.17,0.5,0.75,1.0,0.0,0.67,0.75,0.75,0.75,0.75,0.0,0.25,0.0,1.0,0.75,0.25,1.0,1.0,0.0,0.75,0.25,0.0,0.0,0.75,0.0,0.0,1.0,0.25,1.0,1.0,0.0,0.25,0.0,1.0,0.75,0.25,0.75,0.75,0.75,1.0,0.75,0.75,0.75,0.75,1.0,0.25,0.75,0.0,1.0,1.0,0.75,0.75,0.75,1.0,0.0,0.75,0.75,0.0,0.75,0.17,0.83,0.67,0.0,0.75,0.75,1.0,0.75,0.25,0.5,0.75,0.5,0.25,0.75,0.25
4034,0.33,0.0,0.17,1.0,1.0,0.0,1.0,0.0,1.0,1.0,0.75,0.0,1.0,0.75,1.0,0.0,0.25,1.0,1.0,0.0,1.0,0.75,0.75,0.0,1.0,0.0,0.0,1.0,1.0,1.0,0.25,0.0,0.0,1.0,0.0,0.0,0.25,0.75,0.25,0.25,0.75,0.25,0.25,1.0,1.0,1.0,0.75,1.0,0.0,1.0,1.0,0.25,1.0,1.0,0.75,1.0,1.0,1.0,0.0,1.0,0.17,0.83,1.0,0.25,0.75,1.0,1.0,0.75,0.0,0.5,1.0,0.5,0.25,1.0,0.5
4035,0.17,0.0,0.0,1.0,0.75,0.0,1.0,0.0,1.0,1.0,0.0,0.0,1.0,0.0,0.25,0.75,1.0,0.0,1.0,0.0,1.0,1.0,1.0,0.0,1.0,0.0,0.0,1.0,0.75,1.0,0.75,0.0,0.0,1.0,1.0,0.25,1.0,1.0,0.0,1.0,1.0,0.75,1.0,1.0,1.0,1.0,0.0,0.75,0.0,1.0,0.75,1.0,1.0,1.0,0.75,1.0,1.0,1.0,0.0,0.75,0.17,0.5,1.0,0.75,0.75,1.0,1.0,1.0,0.25,0.5,1.0,1.0,0.0,1.0,0.0
4036,0.67,0.0,0.0,1.0,0.75,0.0,1.0,0.25,1.0,1.0,0.25,0.0,0.75,0.25,1.0,0.25,1.0,0.75,0.75,0.0,0.75,1.0,1.0,0.0,1.0,0.0,0.0,1.0,0.25,0.75,0.75,0.25,0.0,1.0,1.0,0.25,1.0,0.25,0.0,0.75,0.75,0.25,1.0,1.0,1.0,1.0,0.0,1.0,0.0,1.0,0.75,0.75,0.75,1.0,1.0,0.75,1.0,0.75,0.25,1.0,0.0,0.83,0.67,0.75,0.75,1.0,1.0,0.75,0.25,0.5,0.75,0.5,0.25,0.75,0.5
4037,0.83,0.17,0.17,1.0,0.75,0.0,1.0,0.0,1.0,1.0,0.0,0.0,1.0,0.0,1.0,0.0,1.0,0.75,1.0,0.0,1.0,0.75,0.75,0.0,1.0,0.0,0.0,1.0,0.0,1.0,0.75,0.0,0.0,1.0,1.0,0.25,1.0,1.0,0.0,1.0,1.0,0.25,1.0,1.0,1.0,1.0,0.0,1.0,0.0,1.0,1.0,1.0,1.0,1.0,1.0,1.0,1.0,1.0,0.25,1.0,0.33,0.67,1.0,0.75,0.75,1.0,1.0,0.75,0.5,0.5,0.75,0.75,0.25,0.75,0.5
4038,0.0,0.17,0.0,1.0,1.0,0.0,1.0,0.0,1.0,1.0,0.0,0.0,1.0,0.0,1.0,1.0,1.0,0.0,1.0,0.0,1.0,0.75,1.0,0.0,1.0,0.0,0.0,1.0,0.75,1.0,0.0,0.0,0.0,1.0,1.0,0.0,1.0,1.0,0.0,1.0,1.0,0.25,1.0,1.0,1.0,1.0,0.0,0.25,0.0,1.0,0.25,1.0,0.75,1.0,1.0,0.75,1.0,1.0,0.0,0.0,0.0,0.5,1.0,0.75,0.0,1.0,1.0,1.0,0.0,0.5,1.0,1.0,0.0,1.0,0.75
4039,0.83,0.33,0.83,0.75,1.0,0.0,0.67,0.75,1.0,0.75,0.75,0.0,0.75,0.25,1.0,1.0,1.0,0.75,1.0,0.25,0.75,0.25,0.75,0.0,0.75,0.0,0.0,1.0,0.75,0.75,1.0,0.0,1.0,1.0,1.0,0.75,0.0,1.0,0.0,0.0,0.75,1.0,1.0,0.75,1.0,1.0,0.25,0.25,0.0,0.75,1.0,0.75,0.25,1.0,0.75,0.25,0.25,1.0,1.0,1.0,0.83,0.83,0.67,0.75,0.75,1.0,0.75,0.5,0.5,0.5,1.0,0.5,0.5,0.75,0.5
4040,0.0,0.0,0.0,1.0,1.0,0.0,1.0,0.0,1.0,1.0,0.0,0.0,1.0,0.0,1.0,1.0,1.0,0.0,1.0,0.0,1.0,1.0,1.0,0.0,1.0,0.0,0.0,1.0,0.75,1.0,1.0,0.0,0.0,1.0,1.0,0.25,1.0,1.0,0.25,1.0,1.0,0.75,1.0,1.0,1.0,1.0,0.0,1.0,0.0,1.0,1.0,1.0,1.0,1.0,1.0,1.0,1.0,1.0,0.25,0.25,0.0,0.67,1.0,1.0,0.75,1.0,1.0,1.0,0.0,0.5,1.0,1.0,0.0,1.0,0.25
4042,0.83,0.17,0.17,0.75,1.0,0.0,0.17,0.75,0.75,0.75,1.0,0.25,0.75,0.75,1.0,1.0,0.25,1.0,0.75,0.25,0.75,0.25,0.75,0.0,0.25,0.25,0.0,1.0,0.75,0.0,1.0,0.75,0.0,1.0,0.0,0.75,0.0,0.25,0.75,0.0,0.75,1.0,0.75,0.75,0.75,1.0,0.25,0.75,0.25,0.75,0.75,0.25,0.75,0.25,1.0,0.25,0.75,0.25,0.75,1.0,0.83,0.83,0.83,0.0,1.0,0.25,1.0,0.75,0.75,0.5,1.0,0.5,0.5,0.75,0.5
4044,1.0,0.83,1.0,0.0,0.0,0.0,0.17,1.0,0.0,0.0,0.75,1.0,0.0,0.0,0.0,1.0,0.0,1.0,0.0,0.0,0.75,0.0,0.0,1.0,0.0,1.0,1.0,0.0,0.0,0.0,0.75,1.0,0.75,1.0,0.0,1.0,0.0,0.0,1.0,0.0,0.0,1.0,0.0,0.0,0.0,0.0,1.0,0.0,1.0,1.0,0.0,0.0,0.0,0.0,0.0,0.0,0.0,0.0,1.0,1.0,1.0,0.5,0.33,0.0,1.0,0.0,0.0,0.0,0.5,0.75,0.5,0.25,0.5,0.5,0.5
4045,0.67,0.17,0.0,0.75,1.0,0.0,0.33,0.25,0.75,0.75,0.75,0.25,1.0,0.75,1.0,1.0,0.75,0.75,1.0,0.0,1.0,0.25,1.0,0.0,1.0,0.0,0.0,1.0,0.75,1.0,0.75,0.0,1.0,1.0,1.0,1.0,1.0,1.0,1.0,1.0,1.0,1.0,1.0,1.0,1.0,1.0,0.25,1.0,1.0,1.0,1.0,1.0,1.0,1.0,1.0,0.75,1.0,0.75,0.25,0.75,0.17,0.83,1.0,0.0,1.0,1.0,1.0,0.5,0.25,0.5,0.5,0.75,0.25,0.75,0.0
4048,0.33,0.83,0.83,0.0,0.0,0.0,0.33,0.0,0.0,0.0,0.75,0.75,0.0,0.75,0.25,0.75,0.0,0.25,0.75,0.0,0.75,1.0,0.0,1.0,0.25,0.75,0.0,0.0,0.0,1.0,0.0,0.75,0.0,1.0,0.0,1.0,0.0,1.0,0.0,1.0,1.0,0.0,0.75,0.25,0.75,0.75,1.0,0.0,1.0,1.0,0.0,0.0,0.0,0.0,0.0,0.0,0.0,0.0,1.0,1.0,0.0,0.33,0.33,0.0,0.25,1.0,0.0,0.5,1.0,0.5,0.5,0.5,0.5,0.5,0.5
4049,0.83,0.5,0.33,0.0,0.25,0.25,0.5,1.0,0.25,0.0,0.75,0.75,0.0,0.75,0.75,0.75,0.25,0.75,0.25,0.0,1.0,0.75,0.0,0.75,0.0,0.75,0.25,0.75,0.0,0.25,0.75,0.75,0.0,0.25,0.0,1.0,0.0,0.25,0.75,0.75,1.0,0.0,0.25,0.25,0.25,0.75,1.0,0.25,1.0,1.0,0.0,0.25,0.0,0.0,0.0,0.0,0.0,0.25,1.0,1.0,0.67,0.5,0.33,0.0,0.75,0.25,0.0,0.5,0.5,0.5,0.5,0.5,0.5,0.5,0.5
4050,0.83,0.83,0.67,0.0,0.0,0.0,0.5,0.0,0.75,0.0,1.0,0.0,0.25,0.25,0.0,0.0,0.0,1.0,0.25,0.0,0.25,0.25,0.0,0.25,0.0,0.75,0.25,0.0,0.25,0.25,0.0,0.25,0.0,0.0,0.25,0.75,0.0,0.75,0.0,0.25,0.75,0.75,0.75,0.0,0.75,0.75,0.75,0.0,1.0,1.0,0.0,0.25,0.25,0.25,0.25,0.0,0.0,0.0,1.0,1.0,0.67,0.83,0.5,0.0,0.75,0.25,0.75,0.5,0.5,0.75,0.5,0.5,0.5,0.5,0.5
4051,0.83,0.67,0.17,0.25,0.0,0.0,0.17,0.0,0.75,0.0,1.0,0.0,0.0,0.0,0.0,0.0,0.0,1.0,0.25,0.0,0.75,0.75,0.0,0.0,0.25,0.25,0.0,0.25,0.0,0.25,0.0,0.25,0.25,0.0,0.0,0.75,0.0,0.75,0.25,0.0,1.0,0.75,0.75,0.75,0.75,1.0,0.75,0.25,0.75,1.0,0.0,0.0,0.25,0.25,0.75,0.0,0.0,0.0,1.0,1.0,0.83,0.67,0.17,0.0,0.75,0.0,0.75,0.5,0.75,0.75,0.5,0.5,0.5,0.5,0.5
4053,0.0,0.83,0.83,0.0,0.25,0.25,0.17,0.0,0.0,0.25,1.0,0.75,0.0,0.0,1.0,0.75,0.0,1.0,0.0,0.0,0.75,0.75,0.0,1.0,0.0,1.0,0.0,0.75,0.0,0.25,0.75,1.0,0.0,1.0,0.0,1.0,0.0,0.0,1.0,0.25,0.25,1.0,0.0,0.0,0.0,1.0,1.0,0.0,1.0,1.0,0.0,0.0,0.75,0.0,0.0,0.0,0.0,0.0,1.0,1.0,1.0,1.0,0.33,0.0,1.0,0.0,0.0,0.0,1.0,0.75,0.75,0.25,0.75,0.75,0.75
4054,0.83,0.17,0.17,0.75,0.0,0.0,0.83,1.0,0.0,0.0,0.75,0.25,0.0,1.0,0.0,0.75,0.0,0.75,0.0,0.75,0.25,0.25,0.0,0.25,0.0,0.75,0.0,0.75,0.25,0.0,0.25,0.75,1.0,1.0,0.0,1.0,0.0,0.0,1.0,0.0,0.0,1.0,0.0,0.0,0.25,0.75,1.0,0.0,0.0,0.0,0.0,0.25,0.0,0.0,0.25,0.0,0.0,0.25,1.0,0.75,1.0,1.0,0.67,0.0,1.0,0.0,0.0,0.25,0.75,0.75,0.75,0.25,1.0,0.5,0.5
4055,0.33,0.17,0.5,0.75,1.0,0.0,0.67,0.0,1.0,1.0,1.0,0.0,0.75,0.0,1.0,1.0,0.0,1.0,1.0,0.0,0.75,0.75,1.0,0.0,0.75,0.0,0.0,0.75,0.25,0.75,0.25,0.25,0.75,0.0,0.25,0.75,0.0,1.0,0.0,0.75,1.0,0.75,1.0,0.75,0.75,1.0,0.0,0.25,0.25,1.0,0.75,0.25,0.75,1.0,0.25,0.0,0.0,0.75,1.0,0.75,0.67,0.5,0.67,0.0,0.75,0.75,0.75,0.5,0.5,0.5,0.75,0.5,0.25,0.75,0.5
4056,0.67,0.0,0.17,1.0,0.75,0.0,1.0,0.25,1.0,1.0,0.25,0.0,1.0,0.0,0.75,0.75,1.0,0.25,1.0,0.0,1.0,1.0,1.0,0.0,1.0,0.0,0.0,1.0,0.25,1.0,0.75,0.0,0.75,1.0,1.0,0.25,1.0,1.0,0.0,0.75,1.0,0.75,1.0,1.0,1.0,1.0,0.0,0.75,0.25,1.0,0.75,1.0,1.0,1.0,0.75,0.75,1.0,1.0,0.0,0.75,0.17,0.33,1.0,0.25,0.75,1.0,0.25,0.75,0.0,0.5,1.0,0.75,0.0,1.0,0.25
4057,0.17,0.17,0.0,1.0,0.75,0.0,0.83,0.0,1.0,1.0,0.0,0.0,1.0,0.0,1.0,0.25,1.0,0.0,1.0,0.0,1.0,0.75,1.0,0.0,1.0,0.0,0.0,1.0,0.25,1.0,1.0,0.0,0.0,1.0,1.0,0.25,1.0,1.0,0.0,1.0,1.0,0.25,1.0,1.0,1.0,1.0,0.0,1.0,0.0,1.0,0.75,1.0,1.0,1.0,0.25,1.0,1.0,1.0,0.0,0.75,0.33,0.67,0.83,0.75,0.25,1.0,1.0,0.75,0.0,0.25,1.0,0.75,0.0,1.0,0.5
4059,0.67,0.83,0.5,0.75,0.0,0.0,0.67,0.0,1.0,0.25,1.0,0.0,0.0,0.0,1.0,1.0,0.0,1.0,1.0,0.0,0.25,0.25,0.25,0.0,0.25,0.0,0.0,1.0,0.25,0.75,0.25,0.0,0.25,0.0,0.75,1.0,0.25,1.0,0.0,0.75,1.0,1.0,1.0,1.0,1.0,1.0,0.25,0.0,0.25,1.0,0.25,0.25,0.75,1.0,0.25,0.0,1.0,0.75,0.0,0.75,0.33,0.5,0.67,0.0,0.75,1.0,1.0,0.5,0.25,0.75,0.75,0.5,0.5,0.75,0.25
4061,0.33,0.67,0.33,0.0,0.75,0.0,0.17,0.75,0.25,0.0,1.0,0.75,0.0,0.25,0.0,0.0,0.0,0.25,0.25,0.0,0.25,0.75,0.25,0.25,0.0,0.75,0.25,0.75,0.25,0.0,0.25,0.75,0.25,0.75,0.0,1.0,0.0,0.25,0.75,0.0,0.25,1.0,0.25,0.25,0.0,0.25,0.75,0.25,0.75,0.25,0.25,0.75,0.25,0.25,0.75,0.0,0.75,0.0,1.0,0.75,1.0,0.83,0.5,0.0,1.0,0.0,0.0,0.0,0.75,0.5,0.5,0.5,0.5,0.5,0.5
4066,0.5,0.0,0.0,1.0,0.75,0.0,1.0,0.0,1.0,1.0,0.25,0.0,1.0,0.25,1.0,0.75,1.0,0.25,1.0,0.25,1.0,1.0,1.0,0.0,1.0,0.0,0.0,0.75,0.25,1.0,1.0,0.75,0.25,0.25,0.75,0.25,1.0,0.75,0.0,1.0,1.0,0.25,0.75,1.0,1.0,1.0,0.0,1.0,0.0,0.25,0.75,1.0,0.75,1.0,0.75,0.25,1.0,1.0,0.0,0.75,0.17,0.83,0.83,0.25,0.0,1.0,0.75,1.0,0.25,0.5,1.0,1.0,0.0,1.0,0.75
4067,0.83,0.67,1.0,1.0,0.0,0.75,0.67,0.75,0.25,0.25,0.0,0.0,0.0,0.0,0.0,0.25,0.0,1.0,0.0,0.0,0.25,0.0,0.0,1.0,0.0,1.0,1.0,0.0,0.0,0.0,0.0,0.0,1.0,1.0,0.25,1.0,0.0,0.75,0.0,0.0,1.0,0.25,1.0,0.25,0.0,1.0,1.0,0.0,1.0,1.0,1.0,0.0,0.0,0.0,0.0,0.0,0.0,0.0,1.0,1.0,0.67,0.67,0.33,0.0,0.25,0.0,0.0,0.0,1.0,1.0,1.0,0.25,0.75,1.0,0.25
4068,0.83,0.67,0.17,1.0,1.0,1.0,0.33,1.0,0.75,0.0,0.75,0.75,0.75,0.0,0.0,1.0,0.0,0.75,0.25,0.0,0.75,0.25,0.0,1.0,0.0,1.0,0.25,1.0,1.0,0.75,1.0,1.0,0.0,1.0,1.0,1.0,0.25,1.0,1.0,1.0,1.0,0.25,0.25,0.75,0.75,1.0,1.0,0.0,0.25,0.75,1.0,0.25,1.0,1.0,0.75,0.0,0.25,0.0,1.0,1.0,0.83,0.83,0.33,0.0,0.75,0.75,1.0,0.25,1.0,0.75,0.25,0.25,1.0,0.25,0.75
4069,1.0,1.0,1.0,0.0,0.0,1.0,1.0,1.0,0.0,0.0,1.0,0.0,1.0,0.0,0.0,1.0,1.0,1.0,0.0,0.0,1.0,1.0,0.0,0.0,1.0,1.0,0.0,0.0,0.0,0.0,0.0,1.0,1.0,0.0,1.0,1.0,0.0,1.0,1.0,1.0,1.0,0.0,1.0,1.0,1.0,1.0,0.0,0.0,0.0,1.0,0.0,0.0,0.0,0.0,0.0,0.0,1.0,0.0,1.0,1.0,1.0,1.0,0.5,0.0,0.0,0.0,1.0,0.25,1.0,1.0,1.0,0.75,0.75,0.25,0.25
4070,0.83,0.17,0.0,0.0,1.0,0.0,0.5,1.0,0.75,1.0,1.0,0.0,0.75,0.75,0.0,0.0,0.0,0.75,0.0,0.0,1.0,0.75,0.75,0.0,0.25,0.25,0.25,1.0,0.75,0.75,0.75,0.25,0.0,1.0,0.75,1.0,0.0,0.75,0.25,0.0,0.75,0.75,0.25,1.0,1.0,1.0,0.0,1.0,0.0,1.0,1.0,1.0,1.0,1.0,0.25,0.25,1.0,0.75,0.75,0.75,0.67,1.0,1.0,0.0,0.75,1.0,1.0,0.75,0.5,0.5,0.5,0.5,0.0,0.5,0.5
4071,0.67,0.33,0.33,0.75,0.0,0.0,0.17,1.0,1.0,0.75,1.0,0.75,0.0,0.75,0.75,0.25,0.0,0.0,0.0,0.0,1.0,1.0,0.25,0.0,0.75,0.75,0.0,0.75,0.0,0.0,0.0,1.0,0.0,1.0,0.0,1.0,0.0,0.25,1.0,0.0,0.0,1.0,0.0,0.75,0.75,1.0,0.75,0.25,0.25,0.0,0.0,0.0,0.0,0.0,0.75,0.25,0.0,0.0,1.0,1.0,1.0,0.83,0.0,0.0,1.0,0.25,1.0,0.5,0.5,0.5,1.0,1.0,1.0,1.0,0.5
4075,0.83,0.17,0.17,1.0,1.0,0.0,0.83,0.0,1.0,1.0,1.0,0.0,1.0,0.0,0.0,0.75,1.0,1.0,1.0,0.0,1.0,0.75,1.0,0.75,0.75,0.0,0.25,1.0,0.75,1.0,1.0,0.25,0.25,0.0,1.0,0.75,1.0,0.75,0.25,1.0,1.0,0.75,0.75,1.0,1.0,1.0,0.0,1.0,0.0,1.0,1.0,1.0,1.0,1.0,1.0,0.0,1.0,0.75,0.0,0.75,0.17,0.17,0.83,0.25,0.25,1.0,1.0,1.0,0.0,0.0,1.0,0.75,0.0,1.0,1.0
4076,0.0,0.5,0.5,0.0,1.0,0.0,0.0,0.75,0.25,0.0,0.25,1.0,0.0,1.0,1.0,1.0,0.0,1.0,0.75,0.75,0.75,0.0,0.0,0.25,0.0,0.0,1.0,1.0,1.0,0.0,0.75,1.0,0.75,1.0,0.0,1.0,0.0,0.0,1.0,0.0,0.0,1.0,0.0,1.0,1.0,0.0,0.25,0.75,0.75,0.0,0.0,0.0,0.75,0.0,0.0,0.0,0.0,0.0,1.0,0.0,1.0,0.83,0.5,0.0,1.0,0.0,1.0,0.5,0.75,0.75,0.75,0.25,0.5,0.5,0.25
4079,0.17,0.0,0.17,1.0,1.0,0.0,0.83,0.0,1.0,1.0,0.0,0.0,1.0,0.0,1.0,0.75,1.0,1.0,1.0,0.0,1.0,1.0,1.0,0.0,1.0,0.0,0.0,1.0,0.25,1.0,1.0,0.0,0.0,0.75,1.0,0.0,1.0,1.0,0.0,1.0,1.0,0.0,1.0,1.0,0.75,1.0,0.25,0.0,1.0,1.0,0.25,1.0,0.75,1.0,0.75,0.0,0.0,1.0,0.0,0.75,0.0,0.33,0.83,0.0,0.25,1.0,1.0,0.75,0.0,0.5,0.75,1.0,0.5,1.0,0.5
4080,0.67,0.17,0.67,0.75,1.0,0.0,0.67,1.0,1.0,1.0,0.75,0.0,1.0,0.25,0.75,0.75,1.0,0.75,1.0,0.25,0.75,0.25,0.75,0.0,1.0,0.0,0.25,1.0,0.25,1.0,0.75,0.0,0.25,0.75,1.0,0.25,1.0,0.75,0.0,0.75,1.0,0.75,0.75,1.0,1.0,1.0,0.25,0.75,0.25,1.0,0.75,1.0,1.0,1.0,0.25,0.25,0.75,0.75,0.25,0.75,0.17,0.67,0.83,0.75,0.75,1.0,0.75,0.75,0.5,0.75,0.75,0.75,0.25,0.75,0.25
4081,1.0,1.0,1.0,0.0,0.0,1.0,0.83,0.0,0.0,0.0,0.0,0.75,0.75,0.0,0.0,0.75,0.75,1.0,0.75,0.0,0.75,0.75,0.0,1.0,0.75,1.0,0.25,0.25,0.0,0.75,0.75,0.75,1.0,1.0,0.25,1.0,1.0,1.0,0.0,1.0,1.0,0.75,0.0,0.0,0.0,0.75,1.0,0.0,0.0,0.75,0.0,0.0,0.0,0.0,0.75,0.0,0.0,0.0,1.0,1.0,0.67,0.83,1.0,0.0,1.0,0.75,0.0,0.75,0.75,0.75,0.75,0.75,0.75,0.5,0.75
4087,0.17,0.0,0.0,1.0,0.25,0.0,1.0,0.0,1.0,0.75,0.0,0.0,1.0,0.25,1.0,0.25,1.0,0.75,1.0,0.0,1.0,0.25,1.0,0.0,0.75,0.0,0.0,1.0,0.25,0.75,1.0,0.0,0.0,1.0,1.0,0.75,1.0,1.0,0.0,0.0,1.0,0.0,1.0,1.0,1.0,1.0,0.0,1.0,0.0,1.0,1.0,1.0,1.0,1.0,0.0,1.0,1.0,1.0,0.0,0.75,0.0,0.67,1.0,0.75,0.0,1.0,1.0,1.0,0.0,0.5,1.0,0.75,0.0,1.0,0.0
4091,0.67,0.17,0.67,1.0,0.75,0.0,0.67,0.75,0.75,1.0,0.25,0.0,0.25,0.75,0.25,0.25,0.25,0.75,1.0,0.75,1.0,0.75,1.0,0.0,1.0,0.25,0.0,1.0,0.25,0.75,0.25,0.25,0.25,1.0,0.25,1.0,0.25,0.25,1.0,0.25,1.0,0.75,0.75,1.0,1.0,1.0,0.75,1.0,0.25,1.0,0.75,1.0,0.75,1.0,0.25,0.25,0.0,0.75,1.0,1.0,0.17,0.67,1.0,0.25,1.0,1.0,1.0,0.75,0.75,0.75,0.75,0.5,0.25,0.75,0.25
4093,0.67,0.0,0.0,0.75,0.75,0.0,0.67,0.25,0.75,1.0,0.75,0.0,0.75,0.0,0.0,0.0,0.75,0.0,0.75,0.25,0.75,0.75,0.25,0.0,0.75,0.0,0.0,1.0,0.25,0.75,0.0,0.25,0.25,1.0,0.25,0.75,0.0,0.75,0.0,0.0,0.75,0.25,0.25,1.0,1.0,1.0,0.25,1.0,0.25,1.0,0.75,1.0,0.75,1.0,0.75,0.75,1.0,1.0,0.0,0.75,0.17,0.5,0.67,0.25,0.75,1.0,1.0,0.75,0.25,0.5,0.5,0.5,0.25,0.75,0.5
4094,0.83,0.67,1.0,0.0,0.0,0.75,0.17,0.25,0.75,0.0,0.75,0.75,1.0,1.0,0.0,1.0,0.0,0.0,0.75,0.0,0.25,1.0,0.0,0.75,0.0,0.75,0.75,0.75,0.0,0.0,1.0,0.75,0.75,0.0,1.0,1.0,1.0,1.0,0.75,1.0,0.75,1.0,1.0,0.75,0.75,1.0,0.75,0.0,1.0,0.75,1.0,0.0,0.75,0.75,1.0,0.0,1.0,0.0,1.0,1.0,0.83,0.67,0.67,0.0,1.0,0.0,1.0,0.25,0.75,0.75,0.75,0.5,0.5,0.75,0.25
4096,0.17,0.67,0.0,0.75,1.0,0.0,1.0,0.25,1.0,1.0,0.0,0.0,1.0,0.0,1.0,0.0,1.0,0.0,1.0,0.25,1.0,0.75,0.0,0.0,1.0,0.0,0.0,0.75,0.0,1.0,1.0,0.0,0.75,1.0,1.0,0.0,1.0,1.0,0.0,1.0,0.25,0.0,1.0,1.0,1.0,1.0,0.0,0.0,0.0,1.0,1.0,1.0,1.0,1.0,0.0,1.0,1.0,1.0,0.0,1.0,0.0,0.67,1.0,0.75,0.0,1.0,1.0,1.0,0.25,0.5,0.75,0.5,0.0,0.5,0.25
4098,1.0,0.33,0.17,0.25,0.0,0.0,0.5,0.25,1.0,0.0,1.0,0.25,0.25,0.75,0.0,1.0,0.0,1.0,0.75,0.0,0.25,0.75,0.0,0.0,0.25,0.0,0.0,0.75,0.0,1.0,0.25,0.0,0.25,0.0,0.25,0.75,0.0,1.0,0.25,0.25,0.75,0.25,1.0,1.0,1.0,1.0,0.75,0.75,0.75,0.75,0.75,0.25,0.75,0.75,0.25,0.0,0.25,0.25,1.0,1.0,0.67,0.67,0.67,0.0,0.75,0.75,0.75,0.5,0.5,0.5,0.5,0.5,0.5,0.5,0.5
4099,0.0,0.67,0.5,0.75,0.0,0.0,0.5,0.0,1.0,0.0,1.0,0.0,0.25,0.0,0.75,0.75,0.0,1.0,0.75,0.0,0.25,0.25,0.0,0.0,0.25,0.0,0.0,0.75,0.25,0.75,0.75,0.25,0.0,0.0,0.25,0.75,0.0,1.0,0.0,0.75,1.0,0.75,1.0,0.75,0.75,1.0,0.25,0.25,1.0,1.0,0.25,0.25,0.75,0.75,0.75,0.0,0.0,0.25,1.0,0.75,0.33,0.33,0.33,0.0,0.75,0.75,0.75,0.5,0.5,0.5,0.5,0.5,0.5,0.5,0.5
4101,0.83,0.83,0.0,0.0,0.75,0.0,0.67,0.0,0.75,0.25,0.25,0.25,0.0,0.0,1.0,0.25,1.0,1.0,1.0,0.25,0.25,0.75,0.0,1.0,0.75,0.0,0.75,1.0,0.0,1.0,0.0,0.75,0.0,0.0,0.0,1.0,0.0,1.0,0.0,0.75,1.0,0.0,0.0,0.0,1.0,1.0,0.75,0.25,0.0,1.0,0.0,0.0,0.0,0.0,0.0,1.0,0.0,0.75,1.0,1.0,0.0,0.0,0.67,0.0,1.0,1.0,1.0,0.5,0.5,0.75,0.5,0.5,0.5,0.75,0.5
4103,0.83,0.0,0.0,1.0,1.0,0.0,0.83,0.0,1.0,1.0,0.75,0.0,0.0,0.25,1.0,0.25,0.0,1.0,1.0,0.0,1.0,1.0,1.0,0.0,1.0,0.0,0.0,1.0,1.0,1.0,0.0,0.0,0.0,1.0,0.25,0.25,0.0,1.0,0.75,0.0,0.25,1.0,0.0,1.0,1.0,1.0,0.75,0.75,0.0,0.75,0.0,0.0,0.75,1.0,0.75,1.0,1.0,0.25,1.0,0.75,0.83,0.83,0.83,0.0,0.75,1.0,1.0,0.75,0.5,0.5,0.75,0.5,0.5,0.5,0.5
4105,0.5,0.17,0.0,1.0,0.75,0.0,1.0,0.0,1.0,1.0,0.0,0.0,1.0,0.0,0.25,0.75,1.0,0.25,1.0,1.0,1.0,0.75,0.75,0.0,1.0,0.0,0.0,1.0,0.25,1.0,1.0,0.0,0.0,0.25,0.75,0.75,1.0,0.75,0.0,1.0,1.0,0.75,0.25,1.0,1.0,1.0,0.0,0.75,0.25,0.25,1.0,0.75,0.75,1.0,0.75,0.0,1.0,1.0,0.0,0.75,0.33,0.5,0.83,1.0,0.75,1.0,1.0,0.75,0.0,0.5,0.75,1.0,0.0,1.0,0.5
4106,0.17,0.0,0.17,1.0,1.0,0.0,1.0,0.0,1.0,1.0,0.0,0.0,1.0,0.0,0.75,0.0,1.0,0.0,1.0,0.0,1.0,1.0,1.0,0.0,1.0,0.0,0.0,1.0,0.75,1.0,0.25,0.0,0.0,1.0,1.0,0.25,1.0,1.0,0.0,1.0,1.0,0.0,1.0,1.0,1.0,1.0,0.0,0.75,0.0,1.0,0.75,1.0,0.75,1.0,0.0,0.75,1.0,1.0,0.0,0.25,0.17,0.5,1.0,0.25,0.75,1.0,1.0,1.0,0.0,0.75,1.0,1.0,0.25,1.0,0.5
4107,0.17,0.17,0.17,1.0,0.75,0.0,0.67,0.0,1.0,1.0,0.0,0.0,1.0,0.0,1.0,0.75,1.0,0.25,1.0,0.25,1.0,1.0,1.0,0.0,1.0,0.0,0.0,1.0,0.75,1.0,0.75,0.0,0.25,1.0,1.0,0.25,0.75,0.75,0.0,1.0,1.0,0.0,1.0,1.0,0.75,1.0,0.0,0.25,0.0,1.0,0.75,0.75,0.75,1.0,0.25,0.75,1.0,1.0,0.0,0.25,0.17,0.33,0.17,0.75,0.0,1.0,0.75,0.75,0.0,0.5,0.75,0.75,0.25,0.75,0.5
4108,0.83,0.17,0.0,1.0,0.75,0.0,0.83,0.0,1.0,1.0,0.0,0.0,1.0,0.0,1.0,0.25,1.0,0.75,1.0,0.0,1.0,0.75,1.0,0.0,1.0,0.0,0.0,1.0,0.75,1.0,1.0,0.0,0.0,1.0,1.0,0.0,1.0,0.75,0.0,1.0,1.0,0.75,1.0,1.0,1.0,1.0,0.25,0.75,0.0,1.0,1.0,1.0,1.0,1.0,0.25,0.75,1.0,1.0,0.0,0.75,0.0,0.83,1.0,0.75,0.0,1.0,1.0,1.0,0.25,0.75,1.0,1.0,0.25,1.0,0.5
4109,0.33,0.0,0.0,1.0,1.0,0.0,1.0,0.0,1.0,1.0,0.25,0.0,1.0,0.0,1.0,0.75,1.0,0.25,1.0,0.0,1.0,0.75,1.0,0.0,1.0,0.0,0.0,1.0,0.25,1.0,0.75,0.0,0.0,1.0,1.0,0.25,1.0,1.0,0.0,1.0,0.75,0.75,1.0,1.0,1.0,1.0,0.0,1.0,0.0,1.0,1.0,1.0,1.0,1.0,0.75,1.0,1.0,1.0,0.0,0.75,0.0,0.5,1.0,0.75,0.0,1.0,1.0,1.0,0.0,0.5,1.0,1.0,0.0,1.0,0.25
4116,0.33,0.67,0.83,0.0,0.0,0.0,0.67,0.0,0.0,0.0,0.75,1.0,0.0,0.0,0.0,0.25,0.0,0.75,0.0,0.0,0.0,0.0,0.0,1.0,0.0,1.0,1.0,0.0,0.0,0.0,0.0,1.0,0.25,1.0,0.0,1.0,0.0,1.0,0.0,0.25,0.0,0.75,0.75,0.0,0.0,0.0,1.0,0.0,0.25,1.0,0.0,0.0,0.0,0.0,0.0,0.0,0.0,0.0,1.0,1.0,1.0,0.17,0.17,0.0,0.25,0.0,0.0,0.0,0.75,0.75,0.75,0.25,0.75,0.75,0.75
4117,0.83,0.33,0.83,0.0,0.75,0.25,0.0,0.25,0.25,0.0,0.0,0.75,0.0,0.75,1.0,1.0,1.0,0.75,1.0,0.0,0.75,0.75,0.0,1.0,0.0,1.0,0.75,1.0,1.0,1.0,1.0,1.0,0.75,1.0,0.0,0.75,0.0,1.0,0.75,1.0,1.0,0.75,0.25,0.25,0.0,0.75,1.0,0.0,0.25,1.0,1.0,0.0,0.0,0.0,0.75,0.25,0.75,0.25,1.0,1.0,1.0,0.67,0.67,0.0,1.0,0.25,0.25,0.25,0.75,0.75,1.0,0.25,0.75,0.75,0.75
4118,0.83,0.5,0.5,0.75,0.0,0.0,0.67,1.0,0.75,0.75,0.25,0.25,0.25,1.0,1.0,1.0,0.75,0.0,0.25,0.25,1.0,0.25,1.0,0.75,0.25,0.25,0.25,1.0,1.0,0.0,1.0,1.0,1.0,1.0,0.0,1.0,0.75,0.0,1.0,0.75,0.75,1.0,0.0,0.0,1.0,1.0,1.0,0.0,0.0,0.0,0.0,0.0,0.0,0.75,1.0,0.0,1.0,0.0,1.0,1.0,1.0,1.0,0.83,0.0,1.0,0.0,0.25,0.75,0.5,0.5,0.75,0.5,0.75,0.75,0.5
4119,0.0,0.33,0.67,0.0,1.0,0.0,0.67,1.0,0.25,0.75,1.0,1.0,1.0,1.0,1.0,1.0,0.0,1.0,1.0,0.0,1.0,0.75,1.0,0.0,1.0,1.0,0.0,0.0,1.0,1.0,1.0,0.0,0.0,1.0,0.25,1.0,1.0,1.0,1.0,1.0,1.0,1.0,1.0,1.0,1.0,1.0,1.0,0.0,1.0,0.0,0.0,0.0,0.0,1.0,1.0,1.0,0.0,1.0,1.0,1.0,0.17,0.67,0.67,0.0,0.0,1.0,1.0,0.75,0.75,0.5,1.0,0.5,0.75,0.75,0.5
4120,0.5,0.5,0.67,0.0,1.0,0.25,0.83,0.0,0.25,0.25,0.0,0.75,1.0,0.75,0.0,0.75,0.0,1.0,0.25,0.0,0.75,0.0,0.0,1.0,0.25,0.75,0.25,0.75,0.0,0.75,0.0,0.75,0.0,1.0,1.0,0.25,1.0,1.0,0.0,0.75,1.0,0.25,1.0,0.75,0.75,0.25,0.0,0.25,0.25,1.0,0.75,1.0,0.75,0.75,1.0,0.0,0.0,0.75,1.0,0.75,0.17,0.17,1.0,0.0,0.0,0.75,0.25,0.5,0.75,0.75,0.5,0.5,0.0,0.5,0.5
4121,0.0,0.5,0.5,0.75,0.0,0.0,0.5,0.0,1.0,0.0,0.75,0.0,0.25,0.0,1.0,0.75,0.0,1.0,0.75,0.25,0.25,0.75,1.0,0.0,0.75,0.0,0.0,1.0,0.25,0.75,1.0,0.0,0.0,0.0,0.25,0.25,0.25,0.75,0.0,0.75,1.0,0.25,0.75,0.75,0.75,1.0,0.25,0.25,0.75,1.0,0.25,0.25,0.75,1.0,0.25,0.25,0.25,0.25,0.75,0.25,0.5,0.5,0.5,0.25,0.25,0.75,0.75,0.5,0.5,0.5,0.5,0.5,0.5,0.5,0.5
4122,0.33,0.0,0.0,1.0,0.75,0.0,1.0,0.0,1.0,1.0,0.25,0.0,1.0,0.0,1.0,0.75,1.0,0.75,1.0,0.25,1.0,0.75,1.0,0.0,1.0,0.0,0.0,1.0,1.0,1.0,0.0,0.0,0.0,1.0,1.0,0.0,1.0,1.0,0.0,1.0,1.0,0.25,1.0,1.0,1.0,1.0,0.0,0.0,0.0,1.0,0.75,1.0,1.0,1.0,1.0,1.0,1.0,1.0,0.0,0.0,0.0,0.33,1.0,1.0,0.0,1.0,0.25,1.0,0.0,0.5,1.0,1.0,0.0,1.0,0.5
4123,0.0,0.83,0.67,0.0,0.0,0.75,0.5,1.0,0.0,0.0,1.0,1.0,0.0,0.0,0.25,0.75,0.0,1.0,0.0,0.0,0.25,0.0,0.0,1.0,0.0,1.0,1.0,0.25,0.0,0.0,1.0,1.0,0.0,1.0,0.0,1.0,0.0,0.75,0.25,0.0,0.75,1.0,0.0,0.0,0.0,0.25,1.0,0.0,1.0,1.0,0.0,0.0,0.0,0.0,0.0,0.0,0.0,0.25,1.0,1.0,1.0,0.5,0.67,0.0,0.75,0.0,0.0,0.0,0.75,0.75,0.5,0.0,0.75,0.5,0.5
4124,0.33,0.33,0.5,0.25,0.75,0.0,0.33,1.0,0.75,0.25,0.75,0.25,0.25,0.75,0.75,1.0,0.25,0.25,0.25,0.0,0.75,0.25,0.75,0.0,0.25,0.0,0.25,1.0,0.75,0.25,0.75,0.25,0.25,1.0,0.0,1.0,0.25,0.0,1.0,0.25,0.0,1.0,0.0,0.25,0.75,0.25,0.25,0.25,0.25,0.0,0.75,0.75,0.75,0.75,1.0,0.25,0.0,0.25,1.0,1.0,0.83,1.0,0.5,0.0,1.0,0.25,1.0,0.5,0.5,0.75,0.75,0.5,0.5,0.75,0.5
4125,0.83,0.33,0.67,0.0,0.75,0.0,0.17,0.75,0.75,0.0,0.75,0.75,0.0,1.0,0.75,0.0,0.25,1.0,0.25,0.0,0.75,0.25,1.0,0.0,0.25,0.75,0.25,0.25,0.25,0.0,0.75,0.75,0.0,0.75,0.0,0.75,0.0,0.75,0.25,0.25,0.25,1.0,0.75,0.25,0.75,0.25,0.75,0.25,1.0,0.0,0.75,0.0,0.25,0.0,1.0,0.0,0.25,0.0,0.75,0.75,1.0,0.83,0.17,0.0,1.0,0.0,0.75,0.5,0.5,0.5,0.75,0.25,0.75,0.25,0.5
4126,1.0,0.67,0.0,0.75,0.25,0.75,0.5,0.0,0.75,0.75,0.25,0.75,0.25,0.25,0.25,0.75,0.0,0.25,0.25,0.0,0.75,0.25,0.25,1.0,0.0,1.0,1.0,0.75,0.25,1.0,0.25,0.75,0.75,0.75,1.0,0.25,0.25,1.0,0.75,0.25,0.75,1.0,0.75,0.75,0.0,0.75,0.25,0.25,0.75,0.75,0.25,0.25,0.25,0.75,0.75,0.25,0.75,0.0,0.75,0.75,0.83,0.5,0.17,0.0,1.0,0.75,1.0,0.0,0.75,0.75,1.0,0.75,0.75,0.75,0.5
4130,0.17,0.17,0.0,1.0,0.75,0.0,1.0,0.0,0.75,0.75,0.25,0.0,1.0,0.0,0.0,0.75,1.0,0.25,1.0,0.0,1.0,1.0,1.0,0.0,1.0,0.0,0.0,1.0,0.0,1.0,0.75,0.0,0.0,1.0,1.0,0.0,1.0,0.75,0.0,0.75,0.75,0.25,1.0,1.0,0.75,1.0,0.0,0.25,1.0,1.0,1.0,1.0,1.0,1.0,0.25,1.0,1.0,1.0,0.0,0.75,0.17,0.33,0.83,1.0,0.75,1.0,0.75,0.75,0.0,0.5,0.75,1.0,0.0,1.0,0.0
4133,0.83,0.33,0.5,0.75,0.25,0.25,0.17,1.0,0.25,0.75,0.75,0.75,0.25,1.0,1.0,0.0,0.75,1.0,0.25,0.0,1.0,0.25,0.0,0.25,0.0,1.0,0.0,0.25,0.75,0.75,1.0,0.75,0.0,1.0,0.75,0.25,0.75,0.0,0.0,0.0,0.25,0.75,0.75,0.75,0.75,0.25,1.0,0.75,0.25,0.0,0.25,0.25,0.25,0.0,1.0,0.0,0.0,0.25,1.0,1.0,0.67,1.0,0.33,0.0,1.0,0.75,1.0,0.25,0.5,0.5,0.75,0.5,0.75,0.5,0.5
4137,1.0,0.67,0.5,0.25,0.0,0.25,0.5,0.0,0.25,0.0,0.75,0.25,0.25,0.75,0.75,1.0,0.75,0.75,0.75,0.0,0.75,0.25,0.0,0.25,0.25,0.25,0.25,0.25,0.25,0.75,0.25,0.75,0.0,0.75,0.25,0.75,0.25,0.25,0.75,0.75,0.75,0.75,0.25,0.25,0.25,0.25,0.25,0.75,1.0,1.0,0.0,0.0,0.0,0.0,0.75,0.0,0.0,0.25,1.0,1.0,0.83,0.67,0.5,0.0,1.0,0.25,0.0,0.25,0.5,0.75,0.75,0.25,0.5,0.5,0.5
4142,0.67,0.0,0.0,0.75,1.0,0.0,0.83,1.0,1.0,1.0,0.25,0.0,0.75,0.75,0.75,0.0,0.75,0.0,0.75,0.0,0.75,0.25,0.25,0.0,0.25,0.75,0.25,1.0,0.25,0.75,0.75,0.25,0.25,0.25,0.75,1.0,1.0,0.75,0.75,1.0,0.75,0.0,0.75,1.0,1.0,1.0,0.0,0.75,0.0,1.0,1.0,1.0,1.0,1.0,0.75,0.0,0.0,1.0,0.75,0.75,0.17,0.67,1.0,0.0,0.75,1.0,1.0,0.75,0.5,0.5,0.75,0.75,0.5,0.75,0.5
4145,1.0,0.5,0.83,0.25,0.25,0.0,0.17,0.25,0.25,0.75,0.75,1.0,0.25,0.0,1.0,0.75,1.0,0.25,1.0,0.75,0.75,0.0,0.0,0.0,1.0,1.0,0.75,0.75,0.0,0.25,1.0,0.0,0.0,0.75,0.75,0.0,0.75,0.25,0.75,0.75,1.0,1.0,0.0,1.0,1.0,1.0,0.75,0.25,0.0,1.0,0.75,0.25,0.75,1.0,0.75,0.0,1.0,0.75,1.0,1.0,0.33,0.17,1.0,0.0,1.0,0.75,0.75,0.25,0.5,0.5,0.75,0.5,0.5,0.5,0.25
4146,0.83,0.67,0.67,0.75,1.0,0.0,0.83,1.0,0.25,0.75,0.75,0.25,1.0,0.25,0.0,0.0,1.0,1.0,1.0,0.25,1.0,0.75,1.0,0.0,0.75,0.75,0.0,1.0,0.0,0.25,1.0,0.0,0.0,1.0,1.0,0.0,1.0,1.0,0.0,1.0,0.75,1.0,1.0,0.75,1.0,1.0,1.0,0.75,1.0,1.0,0.0,0.0,0.0,1.0,0.0,1.0,0.0,0.75,1.0,1.0,0.33,0.83,0.83,0.0,0.25,1.0,1.0,0.5,0.5,0.75,0.75,0.5,0.5,0.5,0.5
4147,0.83,0.33,0.17,0.75,0.75,0.0,0.67,0.75,0.75,0.75,0.75,0.25,0.75,0.0,0.75,1.0,1.0,0.75,0.75,0.0,0.75,0.75,0.75,0.0,0.75,0.25,0.0,0.75,0.25,0.75,0.25,0.0,0.0,0.0,0.25,0.75,0.0,0.75,0.0,0.75,0.75,0.25,1.0,1.0,0.75,1.0,0.25,0.0,0.25,0.75,0.0,1.0,1.0,1.0,0.75,0.75,0.75,0.75,1.0,1.0,0.5,0.5,0.83,0.0,0.75,0.75,1.0,0.5,0.5,0.75,0.75,0.75,0.75,0.75,0.5
4148,0.0,0.67,0.83,0.0,0.0,1.0,0.17,0.75,0.25,0.25,1.0,1.0,0.0,0.0,0.0,0.75,0.0,0.75,0.0,0.0,0.0,0.25,0.0,1.0,0.0,1.0,0.0,1.0,0.0,0.0,0.0,1.0,0.75,0.0,0.0,1.0,0.0,0.75,0.75,0.0,0.75,0.75,0.75,0.0,0.0,0.25,1.0,0.0,1.0,0.25,0.25,0.25,0.0,0.0,0.25,0.0,1.0,0.0,1.0,0.75,0.83,0.33,0.67,0.0,1.0,0.0,0.0,0.0,0.75,0.75,0.5,0.5,1.0,0.25,0.5
4151,0.17,0.0,0.33,1.0,1.0,1.0,0.67,0.0,1.0,1.0,1.0,0.0,1.0,0.0,1.0,1.0,1.0,1.0,1.0,0.0,1.0,1.0,0.75,1.0,0.75,0.0,0.0,1.0,1.0,1.0,1.0,1.0,1.0,1.0,1.0,1.0,1.0,1.0,1.0,1.0,1.0,0.0,1.0,1.0,0.0,1.0,0.0,0.0,1.0,1.0,1.0,1.0,1.0,1.0,0.75,0.0,1.0,1.0,0.0,1.0,0.33,0.33,1.0,1.0,0.0,1.0,1.0,0.75,0.25,0.5,0.75,0.75,0.25,0.75,0.75
4152,1.0,0.83,0.83,0.25,0.0,0.75,0.5,1.0,0.25,0.0,0.0,0.75,0.25,0.25,1.0,0.75,0.25,1.0,0.0,0.75,1.0,0.0,0.0,1.0,0.0,0.75,1.0,0.0,0.0,0.75,1.0,0.75,0.0,1.0,0.0,1.0,0.75,0.0,1.0,0.0,0.75,0.75,0.0,0.25,0.0,1.0,1.0,0.0,0.0,0.25,0.75,0.0,0.0,0.0,0.25,0.0,0.0,0.25,1.0,1.0,0.83,0.67,0.67,0.0,1.0,0.75,0.0,0.5,0.5,0.75,0.75,0.5,0.5,0.5,0.5
4153,0.83,0.17,1.0,0.0,0.0,0.75,0.17,0.0,0.25,0.0,0.75,1.0,0.0,0.75,0.0,0.0,0.25,0.75,0.25,0.25,0.0,0.25,0.0,1.0,0.25,1.0,1.0,0.25,0.0,1.0,1.0,0.75,0.25,1.0,0.25,1.0,0.0,1.0,1.0,1.0,1.0,0.0,0.0,0.0,0.0,0.75,0.75,0.25,1.0,1.0,0.0,0.0,0.0,0.0,0.0,0.0,0.0,0.25,1.0,0.75,0.17,0.33,1.0,0.0,0.0,0.75,0.25,0.0,0.75,0.75,0.75,0.25,0.75,0.75,0.25
4162,0.83,0.0,0.0,0.75,1.0,0.0,1.0,1.0,1.0,1.0,0.75,0.0,0.75,0.75,0.75,0.0,0.25,0.25,0.75,0.0,1.0,0.0,1.0,0.0,0.75,0.0,0.0,1.0,1.0,0.25,1.0,0.0,0.0,1.0,0.75,1.0,0.0,0.25,1.0,0.25,0.0,1.0,0.25,1.0,1.0,1.0,0.0,1.0,0.0,0.25,1.0,1.0,1.0,1.0,0.25,0.75,1.0,0.25,0.75,0.75,1.0,1.0,1.0,0.75,1.0,0.25,1.0,0.5,0.25,0.5,0.75,0.5,0.0,0.5,0.0
4163,1.0,1.0,1.0,0.0,0.0,1.0,0.0,1.0,0.0,0.0,1.0,0.75,0.25,1.0,0.0,0.25,0.0,0.0,0.75,0.75,0.0,0.0,0.0,1.0,0.0,1.0,1.0,0.0,0.0,0.25,0.0,0.25,0.0,1.0,0.0,0.0,0.0,0.0,0.75,1.0,0.0,0.0,0.25,0.0,0.0,0.0,1.0,0.25,0.25,1.0,0.0,0.0,0.0,0.0,0.0,0.0,0.0,0.0,1.0,1.0,1.0,0.83,0.67,0.0,1.0,0.0,0.0,0.0,1.0,1.0,0.5,0.0,0.75,0.75,0.5
4165,0.17,0.0,0.0,1.0,1.0,0.0,1.0,0.0,1.0,1.0,0.0,0.0,1.0,0.0,1.0,0.25,1.0,0.0,1.0,0.25,1.0,0.75,1.0,0.0,1.0,0.0,0.0,1.0,0.25,1.0,0.75,0.0,0.0,1.0,1.0,0.0,1.0,0.75,0.0,1.0,1.0,0.25,1.0,1.0,1.0,1.0,0.0,1.0,0.0,1.0,1.0,1.0,1.0,1.0,0.25,1.0,1.0,1.0,0.0,0.0,0.0,0.67,1.0,0.75,0.0,1.0,1.0,0.75,0.0,0.5,0.75,0.75,0.0,0.75,0.5
4167,0.67,0.33,0.0,0.75,1.0,0.0,0.17,1.0,0.25,0.75,0.75,0.25,0.25,0.75,0.75,0.75,0.0,0.25,0.25,0.0,0.75,0.75,0.25,0.0,0.75,0.0,0.25,1.0,0.75,0.25,0.75,0.25,0.25,1.0,0.0,1.0,0.0,0.0,1.0,0.25,0.25,1.0,0.25,1.0,0.75,0.75,1.0,0.25,0.25,0.25,0.75,0.25,0.25,0.25,0.75,0.0,0.25,0.0,1.0,1.0,0.83,1.0,0.5,0.0,1.0,0.0,0.75,0.5,0.5,0.5,0.75,0.5,0.75,0.75,0.5
4168,0.0,0.0,0.0,1.0,1.0,0.0,1.0,0.0,1.0,1.0,0.0,0.0,1.0,0.0,0.0,1.0,1.0,0.0,1.0,0.75,1.0,0.75,1.0,0.0,1.0,0.0,0.0,1.0,0.0,1.0,0.0,0.0,0.0,1.0,1.0,0.0,1.0,1.0,0.0,1.0,1.0,0.0,1.0,1.0,1.0,1.0,0.0,1.0,0.0,1.0,1.0,1.0,1.0,1.0,0.0,0.25,1.0,1.0,0.0,0.0,0.0,0.33,1.0,1.0,0.0,1.0,1.0,0.75,0.0,0.5,1.0,1.0,0.0,1.0,0.5
4169,1.0,0.33,0.67,0.0,0.0,0.0,0.17,0.75,0.75,0.0,1.0,0.25,0.25,0.25,0.25,0.75,0.0,1.0,0.75,0.0,0.25,0.25,0.0,0.0,0.0,0.0,0.0,0.25,0.0,0.75,0.25,0.25,0.25,0.25,0.0,1.0,0.0,1.0,0.75,0.75,0.75,0.75,1.0,0.75,1.0,1.0,1.0,0.25,0.75,1.0,0.75,0.75,0.75,0.0,0.25,0.0,0.0,0.75,1.0,0.75,0.67,0.67,0.67,0.0,0.75,0.75,1.0,0.5,0.5,0.5,0.5,0.5,0.5,0.75,0.5
4170,0.0,0.5,0.17,0.25,0.25,0.0,0.5,0.25,1.0,0.25,0.75,0.0,0.25,0.0,0.75,0.75,0.0,1.0,1.0,0.0,0.75,0.25,0.0,0.0,0.25,0.0,0.25,1.0,0.25,1.0,0.25,0.25,0.0,0.0,0.25,0.75,0.0,1.0,0.0,1.0,1.0,0.75,1.0,0.75,0.25,1.0,0.25,0.0,1.0,1.0,0.25,0.25,0.25,0.75,0.0,0.0,0.25,0.75,1.0,0.25,0.33,0.33,0.33,0.0,0.75,0.25,0.75,0.5,0.5,0.5,0.5,0.5,0.5,0.5,0.5
4172,1.0,0.5,0.33,0.75,0.0,0.25,0.17,1.0,0.25,0.0,1.0,0.75,1.0,1.0,0.25,0.75,0.0,0.75,0.25,0.0,1.0,0.25,1.0,0.25,0.0,0.25,0.0,1.0,0.0,1.0,1.0,0.75,0.75,1.0,0.0,1.0,0.0,0.75,0.0,0.25,0.75,1.0,0.25,0.0,0.25,1.0,1.0,0.25,0.25,0.75,0.25,0.0,0.25,0.25,0.0,0.0,0.75,0.0,1.0,1.0,0.83,0.67,0.33,0.0,0.75,0.0,0.75,0.25,0.5,0.5,0.75,0.25,0.75,0.5,0.5
4173,0.17,0.0,0.0,1.0,1.0,0.0,1.0,0.0,1.0,1.0,0.0,0.0,1.0,0.0,0.25,0.25,1.0,0.25,1.0,0.25,1.0,1.0,1.0,0.0,1.0,0.0,0.0,1.0,0.25,1.0,0.75,0.0,0.25,1.0,1.0,0.0,1.0,0.75,0.25,1.0,0.75,0.0,1.0,1.0,1.0,1.0,0.0,0.75,0.0,1.0,1.0,1.0,1.0,1.0,0.25,1.0,1.0,1.0,0.0,0.0,0.17,0.33,1.0,0.75,0.75,1.0,1.0,1.0,0.0,0.5,1.0,1.0,0.0,1.0,0.5
4174,0.17,0.17,0.0,1.0,1.0,0.0,1.0,0.25,1.0,1.0,0.75,0.0,1.0,0.0,0.75,0.75,1.0,0.75,1.0,0.25,0.75,0.75,1.0,0.0,1.0,0.0,0.0,1.0,0.0,0.75,0.75,0.25,0.25,0.25,1.0,0.0,0.75,0.75,0.0,1.0,1.0,0.25,1.0,1.0,1.0,1.0,0.0,0.75,0.0,1.0,1.0,1.0,0.75,1.0,0.25,0.25,1.0,1.0,0.0,0.75,0.17,0.5,1.0,1.0,0.25,0.75,1.0,0.75,0.25,0.5,1.0,1.0,0.5,1.0,0.25
4177,0.83,0.67,0.33,0.75,0.0,0.0,0.0,1.0,0.75,0.25,1.0,0.75,0.25,0.75,1.0,0.75,0.0,0.75,0.75,0.0,1.0,0.75,0.75,0.0,0.75,0.25,0.25,1.0,1.0,1.0,1.0,1.0,0.25,1.0,0.0,1.0,0.0,0.0,0.75,0.25,0.25,0.75,0.75,0.25,0.25,1.0,0.75,0.0,0.25,0.75,0.75,0.25,0.75,0.25,1.0,0.25,0.25,0.25,0.75,1.0,1.0,0.83,0.33,0.0,1.0,0.75,1.0,0.5,0.5,0.5,1.0,0.5,0.75,0.5,0.75
4178,0.33,0.17,0.33,1.0,1.0,0.0,0.67,0.75,1.0,1.0,1.0,0.25,1.0,1.0,1.0,0.75,1.0,1.0,1.0,0.0,1.0,0.75,0.25,0.0,1.0,0.0,0.0,0.25,0.75,0.75,0.0,1.0,0.75,1.0,0.25,1.0,1.0,0.25,0.75,0.75,0.0,0.75,0.75,1.0,1.0,1.0,0.75,1.0,0.0,1.0,1.0,1.0,1.0,1.0,0.0,0.75,1.0,0.75,0.25,1.0,0.83,1.0,0.83,0.0,1.0,0.75,1.0,0.25,0.5,0.75,0.75,0.5,0.25,1.0,0.0
4179,0.5,1.0,0.17,0.75,0.0,1.0,0.67,0.75,0.0,0.0,1.0,1.0,0.75,1.0,0.75,1.0,1.0,1.0,0.0,0.0,0.75,0.25,0.0,1.0,0.0,1.0,0.75,0.25,0.75,0.25,1.0,1.0,1.0,0.0,0.0,1.0,0.0,0.0,0.0,0.0,0.0,0.0,0.0,0.0,0.0,0.0,1.0,0.0,1.0,0.75,0.0,0.0,0.0,0.0,0.0,0.0,0.0,0.0,1.0,1.0,0.67,0.5,0.17,0.0,0.0,0.25,0.0,0.25,0.75,0.5,0.5,0.25,0.75,0.5,0.75
4180,0.5,0.17,0.5,0.75,0.0,0.0,0.33,0.75,0.75,1.0,1.0,0.25,0.75,0.0,1.0,0.75,0.75,0.75,0.75,0.0,1.0,0.25,1.0,0.0,0.75,0.0,0.0,0.25,0.0,1.0,0.0,0.75,0.75,1.0,0.25,1.0,0.25,0.25,0.25,0.75,0.75,0.25,0.75,1.0,1.0,1.0,0.0,1.0,0.75,1.0,0.75,1.0,0.75,1.0,0.25,0.75,1.0,1.0,0.75,0.75,0.83,1.0,1.0,0.0,0.75,1.0,1.0,0.75,0.25,0.5,0.75,0.5,0.25,0.75,0.5
4181,0.83,0.33,0.67,0.75,0.0,0.0,0.83,0.75,1.0,1.0,1.0,0.0,1.0,0.25,1.0,0.25,0.25,0.75,1.0,0.0,1.0,0.75,1.0,0.0,1.0,0.0,0.25,1.0,1.0,1.0,1.0,0.25,0.25,1.0,0.75,1.0,0.75,0.25,1.0,1.0,0.75,0.25,0.0,1.0,1.0,1.0,0.0,0.75,0.0,1.0,1.0,1.0,1.0,1.0,0.0,1.0,0.0,1.0,1.0,1.0,1.0,0.83,1.0,0.0,0.75,1.0,1.0,0.75,0.5,0.5,0.75,0.5,0.25,1.0,1.0
4182,0.17,0.0,0.0,1.0,0.75,0.0,1.0,0.0,1.0,1.0,0.0,0.0,1.0,0.0,1.0,0.25,1.0,0.0,1.0,0.0,1.0,0.75,1.0,0.0,1.0,0.0,0.0,1.0,0.75,1.0,1.0,0.0,0.0,1.0,1.0,0.0,1.0,0.75,0.0,1.0,1.0,0.25,0.75,1.0,1.0,1.0,0.0,1.0,0.0,1.0,1.0,1.0,1.0,1.0,0.75,1.0,1.0,1.0,0.25,0.75,0.17,0.83,1.0,1.0,0.75,1.0,1.0,1.0,0.0,0.75,1.0,0.75,0.0,1.0,0.25
4183,0.83,0.17,0.5,1.0,0.0,0.0,0.83,1.0,1.0,0.75,0.25,0.0,0.75,0.0,1.0,0.75,1.0,0.75,0.75,0.0,1.0,1.0,0.75,0.0,1.0,0.0,0.25,0.0,0.25,0.0,0.75,0.25,0.25,1.0,0.75,0.75,0.0,0.0,1.0,0.0,0.75,0.25,0.75,0.75,0.0,1.0,1.0,0.0,0.0,1.0,1.0,0.75,0.75,1.0,1.0,0.25,1.0,0.25,0.0,1.0,0.83,0.83,1.0,0.75,0.75,0.75,1.0,0.75,0.0,1.0,1.0,1.0,0.5,0.75,0.5
4186,0.67,0.33,0.83,1.0,0.0,0.0,0.83,0.75,1.0,1.0,0.25,0.25,1.0,0.0,1.0,0.75,0.75,1.0,1.0,0.0,0.75,0.75,1.0,0.0,0.75,0.25,0.75,0.0,0.75,1.0,0.0,0.0,0.0,1.0,1.0,0.75,0.75,0.25,0.0,0.25,0.75,0.0,1.0,1.0,1.0,1.0,0.0,0.0,0.75,1.0,0.75,0.75,0.25,1.0,1.0,0.0,1.0,0.25,0.25,1.0,0.67,0.83,1.0,0.0,0.75,0.75,0.75,0.75,0.25,0.75,0.5,0.5,0.75,0.5,0.75
4189,0.33,0.83,0.67,0.25,0.75,0.75,0.5,0.0,0.75,0.25,0.75,0.75,0.25,0.75,1.0,0.75,0.25,0.75,0.25,0.0,0.25,0.25,0.0,0.75,0.25,0.75,0.75,0.75,0.75,0.75,1.0,0.75,0.25,0.25,0.75,1.0,0.0,0.75,0.0,0.75,0.75,0.75,1.0,0.75,0.25,1.0,0.25,0.25,1.0,1.0,0.0,0.25,0.0,0.25,0.0,0.0,0.25,0.25,0.75,1.0,0.17,0.17,0.5,0.0,0.25,0.75,0.25,0.75,0.5,0.75,0.75,0.5,0.5,0.75,0.75
4195,0.0,0.17,0.17,0.75,1.0,0.0,0.67,0.0,0.75,1.0,0.0,0.25,1.0,0.0,0.0,1.0,1.0,1.0,1.0,1.0,1.0,0.25,1.0,0.0,1.0,0.0,0.0,1.0,0.25,1.0,1.0,0.0,0.75,1.0,1.0,1.0,1.0,1.0,0.0,1.0,1.0,0.0,1.0,1.0,1.0,1.0,0.0,1.0,0.0,1.0,1.0,1.0,1.0,1.0,0.0,0.0,0.75,1.0,1.0,0.75,0.0,0.83,1.0,0.0,1.0,1.0,1.0,0.75,0.5,0.5,0.75,0.5,0.25,1.0,0.5
4199,0.17,0.83,1.0,1.0,0.0,1.0,0.33,0.0,1.0,0.0,1.0,0.0,0.0,0.0,0.0,0.0,1.0,1.0,1.0,0.0,1.0,0.0,0.0,1.0,0.0,1.0,1.0,0.0,0.0,0.0,0.0,1.0,0.0,1.0,0.0,0.0,0.0,1.0,0.0,1.0,1.0,1.0,1.0,0.0,0.0,0.0,1.0,0.0,0.0,1.0,1.0,1.0,1.0,1.0,0.0,0.0,1.0,0.0,0.0,1.0,0.0,0.5,0.67,0.0,0.75,0.0,0.0,0.25,0.5,0.5,0.75,0.75,0.5,0.5,0.75
4202,1.0,0.33,1.0,0.0,0.75,1.0,0.83,1.0,0.0,0.25,1.0,1.0,0.75,0.0,0.0,0.75,0.0,1.0,0.75,0.0,0.0,0.25,0.0,1.0,0.0,1.0,1.0,0.0,0.0,0.0,1.0,0.75,0.25,1.0,0.0,0.0,0.0,0.75,1.0,0.25,0.25,1.0,0.0,0.75,0.75,0.75,0.75,0.0,0.0,1.0,0.75,0.0,0.0,0.0,0.0,0.0,1.0,0.0,1.0,1.0,1.0,1.0,0.83,0.0,1.0,0.0,0.0,0.5,0.75,0.5,0.75,0.25,0.5,0.5,0.25
4204,1.0,0.33,0.83,0.25,0.0,0.0,0.5,0.75,0.25,0.75,0.0,0.25,0.25,0.0,0.0,1.0,0.25,1.0,1.0,0.0,0.0,0.0,0.0,1.0,0.25,1.0,1.0,1.0,0.0,1.0,0.75,0.0,0.0,1.0,1.0,1.0,0.0,1.0,0.25,0.75,1.0,0.0,1.0,1.0,0.0,1.0,0.0,0.0,0.0,0.0,0.0,1.0,1.0,1.0,0.0,0.0,0.0,1.0,1.0,1.0,1.0,0.67,0.5,0.0,1.0,1.0,0.0,0.75,0.5,1.0,1.0,0.5,0.5,0.75,1.0
4205,0.83,0.83,0.5,0.0,0.0,1.0,0.33,0.0,0.0,0.0,0.0,0.75,0.25,0.75,0.0,0.75,0.0,1.0,0.25,0.0,0.75,0.75,0.0,1.0,0.25,1.0,1.0,0.75,0.75,0.75,1.0,1.0,0.75,0.75,0.75,0.75,0.0,0.0,0.75,0.75,0.25,0.0,0.25,0.0,0.0,0.75,0.75,0.0,0.25,0.75,0.75,0.75,1.0,0.0,0.0,0.0,0.25,0.0,1.0,1.0,0.33,0.5,0.67,0.0,0.75,0.75,0.0,0.25,0.75,0.75,0.75,0.25,0.75,0.25,0.5
4207,0.83,0.67,0.83,0.0,0.0,1.0,0.17,0.0,0.25,0.0,0.0,1.0,0.25,0.0,0.75,0.25,0.0,0.75,0.75,0.0,0.75,0.25,0.0,1.0,0.0,1.0,1.0,0.25,0.0,0.75,0.75,0.75,0.25,1.0,0.75,0.25,0.0,0.75,1.0,0.25,0.75,0.75,1.0,0.25,0.25,1.0,0.75,0.25,0.25,1.0,0.25,0.25,0.75,0.75,0.25,0.0,0.0,0.0,0.75,0.75,0.17,0.83,1.0,0.0,1.0,0.75,0.0,0.25,0.5,1.0,1.0,0.5,0.75,1.0,0.75
4208,0.0,0.17,0.17,0.75,1.0,0.0,0.67,0.25,0.25,0.0,0.25,0.75,0.25,0.0,0.0,0.0,1.0,0.25,1.0,0.0,0.75,0.75,0.0,1.0,0.75,0.25,0.0,0.0,0.75,1.0,0.0,1.0,1.0,0.75,0.0,1.0,0.0,0.0,0.25,0.75,0.0,0.75,0.25,1.0,0.0,0.75,1.0,0.0,0.0,1.0,1.0,0.25,1.0,1.0,0.0,1.0,1.0,0.25,1.0,0.0,0.0,0.83,0.67,0.0,0.75,1.0,0.0,0.25,0.5,0.25,1.0,0.75,1.0,0.5,0.25
4211,0.0,0.0,0.0,1.0,1.0,0.0,1.0,0.0,1.0,1.0,0.0,0.0,1.0,0.0,1.0,1.0,1.0,1.0,1.0,0.25,1.0,1.0,1.0,0.0,1.0,0.0,0.0,1.0,0.0,1.0,0.75,0.0,0.0,1.0,1.0,0.0,1.0,1.0,0.0,1.0,1.0,0.75,1.0,1.0,1.0,1.0,0.0,1.0,0.0,1.0,1.0,1.0,1.0,1.0,1.0,0.75,1.0,1.0,0.0,0.75,0.0,0.17,1.0,0.75,0.75,1.0,1.0,1.0,0.0,0.5,0.75,0.75,0.0,0.75,0.5
4212,0.83,0.17,0.17,1.0,1.0,0.0,1.0,0.0,1.0,1.0,0.0,0.0,1.0,0.0,1.0,0.75,1.0,0.25,1.0,0.0,1.0,0.75,1.0,0.0,1.0,0.0,0.0,1.0,0.0,1.0,0.75,0.0,0.25,0.75,1.0,0.25,1.0,0.75,0.0,0.75,1.0,0.25,1.0,0.75,1.0,1.0,0.0,1.0,0.0,1.0,1.0,1.0,1.0,1.0,0.75,0.75,1.0,1.0,0.0,0.75,0.17,0.67,1.0,0.75,0.75,1.0,1.0,1.0,0.0,0.75,1.0,0.75,0.0,1.0,0.5
4214,0.83,0.83,0.83,0.75,0.75,0.0,0.17,0.75,1.0,0.75,0.25,0.0,1.0,0.25,0.75,0.25,0.75,1.0,0.75,0.25,0.25,0.75,0.25,0.75,0.75,0.25,0.25,0.75,0.25,0.75,0.75,0.25,0.25,0.0,0.25,1.0,0.0,0.75,0.0,0.25,1.0,0.0,0.75,1.0,0.25,1.0,1.0,0.0,0.75,1.0,1.0,0.75,0.75,0.25,1.0,0.75,0.25,1.0,1.0,1.0,0.67,0.33,0.83,0.0,0.75,0.75,1.0,0.5,0.5,0.5,1.0,0.5,0.5,0.75,0.5
4216,0.33,0.17,0.0,1.0,1.0,0.25,1.0,0.75,1.0,1.0,0.75,0.25,1.0,0.25,1.0,0.0,1.0,0.25,1.0,0.25,0.75,1.0,1.0,0.25,1.0,0.0,0.0,1.0,1.0,1.0,1.0,0.25,0.25,1.0,0.25,1.0,1.0,0.75,1.0,0.75,1.0,0.0,1.0,1.0,1.0,1.0,0.0,1.0,0.0,1.0,1.0,1.0,1.0,1.0,0.25,1.0,0.0,1.0,0.0,0.25,0.67,0.5,1.0,0.25,0.25,1.0,1.0,1.0,0.0,0.5,1.0,0.5,0.0,1.0,1.0
4217,0.83,0.17,0.83,0.75,1.0,0.0,0.5,0.75,0.75,0.75,0.75,0.25,0.25,0.25,1.0,0.75,0.25,0.75,1.0,0.0,0.75,0.25,0.0,0.0,0.75,0.25,0.0,1.0,1.0,0.75,1.0,0.25,0.25,1.0,0.0,1.0,0.0,0.25,0.75,1.0,0.75,0.75,0.25,1.0,0.75,1.0,0.75,0.25,0.25,1.0,0.0,0.75,0.75,1.0,0.75,0.0,0.0,0.25,1.0,1.0,0.83,0.83,0.5,0.0,1.0,1.0,1.0,0.5,0.75,0.5,0.75,0.5,0.5,0.5,0.5
4219,1.0,0.67,0.17,0.0,0.0,0.25,0.0,0.0,0.25,0.0,1.0,0.0,0.0,1.0,1.0,0.75,0.75,0.0,1.0,0.0,0.25,0.0,0.0,1.0,0.0,0.25,0.25,0.0,0.25,0.0,0.25,0.0,0.0,0.75,0.25,0.75,0.25,0.0,0.25,0.75,0.75,0.75,0.25,0.25,0.25,0.25,0.25,0.25,0.75,1.0,0.75,0.0,0.75,0.0,0.25,0.0,0.0,0.0,1.0,0.75,0.83,0.33,0.17,0.0,1.0,0.0,0.0,0.25,0.5,0.75,0.5,0.25,0.5,0.5,0.5
4220,0.67,0.67,0.5,0.25,0.0,0.25,0.5,0.75,0.25,0.25,0.75,0.75,0.0,1.0,0.25,0.25,0.0,0.75,0.0,0.0,0.75,0.25,0.0,0.0,0.0,0.25,0.75,0.25,0.0,0.25,0.25,0.75,0.0,0.25,0.0,0.75,0.0,0.25,0.75,0.25,1.0,1.0,0.25,0.0,0.0,1.0,0.75,0.0,1.0,1.0,0.25,0.0,0.25,0.0,0.75,0.25,0.25,0.0,0.75,0.75,0.67,0.67,0.17,0.0,0.75,0.0,0.0,0.25,0.5,0.5,0.5,0.25,0.5,0.5,0.5
4221,0.33,0.17,0.17,1.0,0.75,0.0,0.83,0.0,1.0,1.0,0.25,0.0,1.0,0.0,0.75,0.25,0.75,1.0,1.0,0.75,1.0,1.0,1.0,0.75,1.0,0.0,0.75,1.0,0.25,1.0,0.75,0.25,0.75,0.75,0.75,1.0,1.0,1.0,0.25,0.75,1.0,0.0,1.0,1.0,1.0,1.0,0.0,1.0,0.75,1.0,1.0,1.0,1.0,1.0,0.25,0.0,0.75,1.0,0.0,0.75,0.17,0.67,0.83,1.0,0.25,1.0,1.0,1.0,0.25,0.5,0.75,0.75,0.0,0.75,0.25
4222,0.83,0.83,0.83,0.0,0.0,1.0,0.17,0.0,0.0,0.0,0.25,1.0,0.25,0.25,0.75,0.0,0.0,0.0,0.75,0.25,0.25,1.0,0.0,1.0,0.0,0.0,0.0,0.0,0.25,0.25,0.75,0.25,0.0,1.0,0.0,0.75,0.0,0.75,0.75,0.25,0.75,0.75,0.75,0.0,0.0,0.75,1.0,0.75,1.0,0.25,0.0,0.0,0.0,0.0,0.0,0.0,0.0,0.0,1.0,1.0,1.0,0.83,0.17,0.0,0.75,0.0,0.0,0.0,0.5,0.5,0.5,0.25,0.75,0.5,0.5
4223,0.67,0.0,0.17,1.0,0.75,0.0,1.0,0.0,1.0,1.0,0.0,0.0,1.0,0.0,0.25,0.25,1.0,0.75,1.0,0.0,1.0,0.25,1.0,0.0,1.0,0.0,0.0,1.0,0.25,1.0,0.75,0.0,0.0,1.0,1.0,1.0,1.0,1.0,0.0,1.0,1.0,0.0,1.0,1.0,1.0,1.0,0.0,1.0,0.0,1.0,1.0,1.0,1.0,1.0,0.25,1.0,1.0,1.0,0.25,1.0,0.17,0.17,1.0,0.75,0.25,1.0,1.0,0.75,0.0,0.75,1.0,0.75,0.0,0.75,0.25
4224,0.33,0.17,0.83,0.25,1.0,0.0,0.17,1.0,0.75,0.0,1.0,0.0,1.0,0.75,1.0,1.0,0.0,0.25,0.75,0.0,0.0,1.0,0.0,0.0,1.0,0.0,0.0,1.0,0.0,0.0,0.0,0.75,0.0,1.0,0.0,1.0,0.0,0.0,0.75,0.0,0.0,1.0,0.75,1.0,0.25,0.0,1.0,0.0,0.0,0.0,0.75,1.0,0.0,0.0,1.0,0.0,0.0,0.0,1.0,0.75,1.0,0.83,0.67,0.0,1.0,0.0,1.0,0.75,0.75,0.5,0.75,0.5,0.25,0.5,0.25
4225,0.33,0.33,0.5,0.75,0.25,0.0,0.5,0.75,0.75,0.75,1.0,0.75,0.25,0.75,1.0,1.0,0.75,0.25,0.75,0.0,1.0,0.25,0.0,0.0,0.0,0.75,0.0,1.0,1.0,0.25,0.75,0.75,0.75,1.0,0.0,1.0,0.25,0.0,0.75,0.25,1.0,1.0,0.75,1.0,1.0,1.0,1.0,0.0,0.75,1.0,0.0,0.0,0.0,1.0,0.25,0.0,0.0,0.0,1.0,0.75,0.83,0.67,0.83,0.0,1.0,0.25,0.25,0.5,0.5,0.75,0.75,0.25,0.75,0.75,0.5
4226,0.17,0.0,0.17,1.0,0.75,0.0,1.0,0.25,1.0,1.0,0.0,0.0,1.0,0.0,0.0,0.25,1.0,0.25,1.0,0.25,0.75,0.25,1.0,0.0,1.0,0.0,0.0,1.0,0.25,1.0,1.0,0.0,0.0,1.0,1.0,0.0,1.0,0.75,0.0,1.0,0.75,0.0,1.0,1.0,1.0,1.0,0.0,1.0,0.0,1.0,1.0,1.0,1.0,1.0,0.25,0.75,1.0,1.0,0.25,0.25,0.0,0.67,0.83,0.0,0.0,1.0,1.0,0.75,0.25,0.5,1.0,0.75,0.0,1.0,0.5
4227,0.83,0.33,0.17,1.0,0.25,0.0,0.83,0.75,1.0,1.0,0.25,0.0,1.0,0.0,0.75,0.25,0.25,1.0,1.0,0.25,1.0,1.0,1.0,0.0,1.0,0.0,0.0,1.0,0.75,1.0,0.75,0.0,1.0,0.0,1.0,0.0,1.0,1.0,0.0,1.0,1.0,0.0,1.0,1.0,1.0,1.0,0.0,1.0,0.0,0.25,1.0,1.0,1.0,1.0,0.25,1.0,0.75,1.0,0.0,1.0,0.33,0.5,1.0,1.0,0.25,1.0,1.0,0.75,0.25,0.75,0.75,0.75,0.0,1.0,0.5
4228,0.67,0.33,0.5,0.75,1.0,0.0,0.67,0.75,1.0,0.75,0.25,0.25,0.75,0.25,1.0,1.0,0.75,1.0,0.75,0.25,0.75,0.75,1.0,0.25,0.75,0.25,0.0,0.75,0.75,0.75,0.75,0.75,0.25,0.75,1.0,0.75,1.0,0.75,0.75,0.75,0.75,0.75,0.75,0.75,0.75,0.75,0.25,0.0,0.0,0.75,1.0,0.75,0.75,1.0,0.75,0.75,1.0,0.25,0.75,0.75,0.33,0.5,0.5,0.25,0.25,0.75,0.75,0.5,0.5,0.5,0.5,0.5,0.5,1.0,0.5
4230,0.0,0.67,0.5,0.75,1.0,0.0,0.5,0.75,1.0,0.0,1.0,0.0,0.25,0.75,1.0,0.25,0.0,1.0,0.75,0.0,0.75,0.0,0.0,0.0,0.0,0.0,0.0,0.75,0.0,0.75,0.25,0.25,0.25,0.0,0.0,0.75,0.0,0.75,0.75,0.75,0.75,0.75,0.75,0.75,0.75,1.0,0.75,0.0,0.75,1.0,0.25,0.75,0.75,0.25,1.0,0.0,0.0,0.25,1.0,1.0,0.67,0.67,0.5,0.0,1.0,0.25,0.25,0.5,0.75,0.5,0.5,0.5,0.5,0.5,0.5
4232,0.83,0.33,0.0,0.25,1.0,0.0,0.17,0.75,1.0,0.0,1.0,0.25,0.0,0.0,1.0,0.75,0.0,1.0,1.0,0.0,0.75,0.25,0.0,0.0,0.0,0.0,0.0,0.75,1.0,0.75,0.25,0.25,0.25,0.25,0.75,1.0,0.0,0.25,0.25,0.0,0.75,1.0,0.25,0.75,0.75,0.75,0.75,0.25,0.75,0.25,0.25,0.25,0.25,0.75,0.75,0.0,0.0,0.0,1.0,0.75,0.67,0.83,0.5,0.0,0.75,0.0,0.75,0.5,0.5,0.5,0.75,0.5,0.5,0.5,0.25
4233,0.33,0.67,1.0,0.25,0.75,0.0,0.83,0.75,0.25,0.0,0.0,0.75,0.0,0.25,0.0,0.75,0.0,1.0,1.0,0.0,0.75,0.0,0.0,0.0,0.75,0.25,0.75,0.0,0.0,0.75,0.75,0.0,0.75,0.25,0.25,1.0,0.0,1.0,0.0,0.75,0.75,0.25,1.0,0.0,0.0,0.25,0.75,0.0,0.75,1.0,0.0,0.25,0.25,1.0,0.0,0.0,0.0,0.0,1.0,0.75,0.83,0.67,0.17,0.0,1.0,0.75,1.0,0.75,0.5,0.5,0.75,0.5,0.25,0.75,0.75
4235,0.33,0.17,0.0,1.0,1.0,0.0,1.0,0.0,1.0,1.0,0.0,0.0,1.0,0.0,1.0,1.0,1.0,0.0,1.0,0.25,1.0,1.0,1.0,0.0,1.0,0.0,0.0,1.0,1.0,1.0,1.0,0.0,0.25,1.0,1.0,0.0,1.0,1.0,0.0,1.0,1.0,0.75,1.0,1.0,1.0,1.0,0.0,0.75,0.0,1.0,1.0,1.0,1.0,1.0,1.0,0.75,1.0,1.0,0.0,0.75,0.0,0.67,1.0,0.75,0.25,1.0,1.0,1.0,0.0,0.5,1.0,1.0,0.0,1.0,0.5
4236,0.0,0.0,0.0,1.0,1.0,0.0,1.0,0.0,1.0,1.0,0.0,0.0,1.0,0.0,1.0,0.0,1.0,0.25,1.0,0.0,1.0,1.0,1.0,0.0,1.0,0.0,0.0,1.0,0.75,1.0,0.25,0.0,0.0,1.0,1.0,0.0,1.0,1.0,0.0,0.25,1.0,0.25,1.0,1.0,1.0,1.0,0.25,1.0,0.0,1.0,1.0,1.0,1.0,1.0,0.25,1.0,1.0,0.75,0.25,0.75,0.0,0.67,1.0,0.0,0.25,1.0,1.0,1.0,0.0,0.5,1.0,1.0,0.0,0.75,0.5
4237,0.0,0.0,0.0,1.0,1.0,0.0,1.0,0.0,1.0,1.0,0.0,0.0,1.0,0.0,0.25,0.25,1.0,0.0,1.0,0.0,1.0,0.75,1.0,0.0,1.0,0.0,0.0,1.0,0.75,1.0,0.75,0.0,0.0,1.0,1.0,0.25,1.0,1.0,0.0,1.0,1.0,0.75,1.0,1.0,1.0,1.0,0.0,0.75,0.0,1.0,0.75,1.0,1.0,1.0,0.75,1.0,1.0,1.0,0.25,0.25,0.17,0.5,1.0,0.75,0.75,1.0,1.0,1.0,0.0,0.5,1.0,1.0,0.0,1.0,0.25
4238,0.0,0.17,0.0,1.0,1.0,0.0,1.0,0.0,1.0,1.0,0.0,0.0,1.0,0.0,0.0,0.0,1.0,0.75,1.0,0.0,1.0,0.0,1.0,0.0,1.0,0.0,0.0,1.0,0.0,1.0,1.0,0.0,0.0,0.75,1.0,0.0,1.0,1.0,0.0,1.0,1.0,0.0,1.0,1.0,1.0,1.0,0.0,0.75,0.0,1.0,1.0,1.0,1.0,1.0,0.0,1.0,1.0,1.0,0.0,0.0,0.0,0.33,1.0,0.25,0.0,1.0,1.0,1.0,0.0,0.25,1.0,1.0,0.0,1.0,0.75
4239,0.0,0.5,0.17,0.0,1.0,0.0,0.5,1.0,0.75,0.25,1.0,0.25,0.0,0.0,1.0,0.75,0.0,0.0,0.25,0.0,0.75,0.0,1.0,0.0,0.0,0.0,0.0,1.0,1.0,0.0,1.0,0.25,0.25,1.0,0.25,1.0,0.0,0.0,0.75,0.25,0.75,1.0,0.25,1.0,0.75,0.75,1.0,1.0,0.0,0.0,1.0,1.0,1.0,1.0,0.25,0.0,0.0,0.25,0.75,0.75,0.83,0.83,0.83,0.0,1.0,0.25,1.0,0.0,0.5,0.5,0.75,0.5,0.5,0.5,0.25
4240,0.5,0.5,0.5,0.75,0.75,0.75,0.5,0.75,1.0,0.75,1.0,0.25,0.75,0.75,1.0,0.75,0.25,0.75,0.75,0.0,1.0,0.0,0.0,0.75,0.0,0.25,1.0,1.0,0.75,0.75,0.75,0.25,0.25,0.75,0.25,1.0,0.0,1.0,0.25,0.75,0.75,0.75,0.25,1.0,1.0,1.0,0.0,1.0,0.75,1.0,1.0,1.0,1.0,1.0,0.25,0.0,0.25,1.0,1.0,1.0,0.33,0.5,0.67,0.0,0.75,0.75,1.0,0.5,0.5,0.75,0.75,0.5,0.0,0.5,0.5
4241,0.33,0.0,0.0,0.75,0.75,0.0,0.67,0.0,1.0,1.0,0.75,0.0,1.0,0.0,0.75,0.25,0.0,0.75,0.75,0.25,0.75,0.25,1.0,0.0,1.0,0.0,0.0,1.0,0.0,1.0,1.0,0.0,0.0,1.0,1.0,1.0,1.0,1.0,0.0,0.25,0.75,0.25,0.75,1.0,1.0,1.0,0.0,1.0,0.0,1.0,1.0,1.0,1.0,1.0,0.0,1.0,1.0,1.0,0.75,0.75,0.17,0.67,1.0,0.0,0.0,1.0,1.0,0.75,0.5,0.5,0.75,0.75,0.0,1.0,0.5
4242,0.5,0.17,0.5,0.0,0.75,0.0,0.17,0.0,0.25,0.0,1.0,0.25,0.75,0.25,0.0,0.25,0.0,0.75,0.0,0.0,0.25,0.25,0.0,0.0,0.0,0.75,0.0,0.75,0.75,0.0,0.0,0.75,0.25,0.75,0.0,0.25,0.0,0.0,0.75,0.0,0.0,0.25,0.75,0.75,1.0,0.75,0.75,0.0,0.25,0.0,0.0,0.25,0.0,0.0,0.75,0.0,0.0,0.0,1.0,1.0,1.0,0.83,0.17,0.0,0.75,0.0,0.75,0.0,0.75,0.5,0.5,0.5,0.5,0.5,0.5
4245,0.83,0.33,0.5,0.25,1.0,0.25,0.5,0.25,0.75,1.0,1.0,0.25,0.25,0.25,1.0,0.75,0.25,1.0,0.75,0.75,0.75,1.0,1.0,0.0,0.25,0.25,0.0,1.0,0.25,0.75,0.75,0.25,0.25,1.0,0.25,1.0,0.75,0.25,0.25,0.25,1.0,0.75,1.0,1.0,0.75,1.0,0.25,0.25,0.25,0.75,0.75,0.0,0.75,1.0,1.0,0.0,1.0,0.25,0.0,0.75,0.5,0.5,0.67,0.25,0.25,0.75,0.25,0.75,0.25,0.75,0.75,0.5,0.5,0.5,0.5
4246,0.67,0.0,0.0,1.0,1.0,0.0,0.83,0.75,1.0,1.0,1.0,0.0,1.0,0.0,1.0,0.0,0.25,1.0,1.0,1.0,1.0,0.75,1.0,0.0,1.0,0.0,0.0,1.0,0.25,1.0,0.75,0.0,0.75,1.0,0.25,1.0,0.75,0.0,0.25,1.0,0.25,1.0,0.25,1.0,1.0,0.75,0.0,1.0,0.0,0.25,0.75,0.75,1.0,1.0,0.75,1.0,1.0,1.0,0.75,0.25,0.67,0.83,1.0,0.75,1.0,1.0,0.75,0.75,0.25,0.75,0.75,0.75,0.25,0.25,0.25
4247,0.0,0.0,0.0,1.0,0.75,0.0,0.83,0.75,1.0,1.0,0.75,0.0,1.0,0.0,0.75,0.25,1.0,0.25,1.0,0.0,1.0,1.0,1.0,0.0,1.0,0.0,0.0,1.0,0.25,1.0,0.75,0.0,0.25,1.0,1.0,0.25,1.0,1.0,0.0,1.0,0.75,0.0,1.0,1.0,1.0,1.0,0.0,0.75,0.0,1.0,1.0,1.0,1.0,1.0,0.25,1.0,1.0,1.0,0.0,0.25,0.17,0.5,1.0,0.75,0.75,1.0,1.0,0.75,0.25,0.5,1.0,1.0,0.0,1.0,0.25
4250,0.17,0.17,0.0,0.25,1.0,0.0,0.33,1.0,1.0,1.0,0.0,0.0,1.0,0.0,0.25,0.0,1.0,0.0,1.0,0.0,1.0,0.0,1.0,0.0,1.0,0.0,0.0,1.0,0.0,1.0,0.75,0.0,0.25,0.75,1.0,0.0,1.0,1.0,0.0,0.0,0.75,0.0,0.75,0.0,1.0,1.0,0.0,1.0,0.0,1.0,1.0,1.0,1.0,1.0,0.75,0.25,1.0,1.0,0.0,0.25,0.17,0.33,0.83,0.75,0.0,1.0,1.0,0.75,0.0,0.25,0.75,0.75,0.25,0.75,0.75
4251,0.83,0.17,0.33,0.75,1.0,0.0,0.67,0.0,1.0,0.75,0.25,0.0,0.75,0.0,1.0,0.75,0.25,1.0,1.0,0.0,0.75,0.75,1.0,0.0,0.75,0.0,0.0,0.75,0.25,1.0,1.0,0.0,0.25,0.0,0.75,0.75,1.0,1.0,0.0,1.0,1.0,0.75,1.0,1.0,1.0,1.0,0.0,0.75,0.0,1.0,1.0,1.0,0.75,1.0,0.75,0.0,1.0,1.0,0.75,0.75,0.33,0.83,0.83,0.25,0.75,0.75,1.0,0.5,0.5,0.5,0.75,0.5,0.25,0.75,0.5
4252,0.83,0.33,0.83,0.0,0.0,0.0,0.17,0.75,0.25,0.0,0.75,0.75,0.0,1.0,0.75,0.75,0.25,0.25,0.25,0.0,0.75,0.75,0.75,0.0,0.0,0.75,0.75,0.25,0.25,0.25,0.25,0.25,0.0,0.75,0.0,1.0,0.0,0.75,0.25,0.0,0.25,0.75,0.75,0.25,0.75,0.25,0.25,0.25,1.0,0.25,0.75,0.0,0.25,0.0,1.0,0.0,0.0,0.0,1.0,1.0,1.0,0.83,0.67,0.0,1.0,0.0,0.75,0.5,0.5,0.5,0.75,0.25,0.5,0.5,0.5
4253,0.5,0.0,0.0,1.0,1.0,0.0,1.0,0.0,1.0,1.0,0.0,0.0,1.0,0.0,0.75,0.25,1.0,0.75,1.0,1.0,1.0,0.75,1.0,0.0,1.0,0.0,0.0,1.0,0.25,1.0,0.25,0.0,0.25,1.0,1.0,0.0,1.0,1.0,0.25,1.0,1.0,0.0,1.0,0.75,1.0,0.75,0.0,0.75,0.25,0.75,1.0,1.0,1.0,1.0,1.0,1.0,1.0,1.0,0.0,0.75,0.0,0.83,1.0,0.25,0.75,1.0,1.0,1.0,0.0,0.5,0.75,0.75,0.0,1.0,0.25
4261,0.17,0.17,0.67,0.75,0.75,0.0,0.83,0.75,1.0,1.0,0.75,0.0,0.75,0.25,0.0,1.0,0.75,0.75,0.0,0.0,0.75,0.75,0.75,0.0,0.75,0.0,0.0,1.0,0.25,0.75,0.75,0.25,0.25,0.25,0.75,0.75,0.25,0.25,0.75,0.0,0.75,1.0,0.25,1.0,1.0,1.0,0.0,0.75,0.0,1.0,1.0,1.0,0.75,1.0,0.25,0.25,1.0,1.0,0.25,0.75,0.67,0.83,0.83,0.25,0.75,0.75,1.0,0.75,0.5,0.5,0.75,0.5,0.25,0.75,0.5
4266,0.83,0.17,0.0,1.0,0.75,0.0,1.0,0.0,1.0,1.0,0.0,0.0,1.0,0.0,0.25,0.25,1.0,0.0,1.0,0.0,1.0,1.0,1.0,0.0,1.0,0.0,0.0,1.0,0.75,1.0,0.75,0.0,0.0,1.0,1.0,0.25,1.0,1.0,0.0,1.0,1.0,0.25,1.0,1.0,1.0,1.0,0.0,0.75,0.0,1.0,0.75,1.0,1.0,1.0,0.75,0.75,1.0,1.0,0.0,0.25,0.0,0.5,1.0,0.75,0.75,1.0,1.0,0.75,0.0,0.75,1.0,0.75,0.25,1.0,0.25
4267,0.0,0.0,0.0,1.0,0.75,0.0,1.0,0.25,1.0,1.0,0.25,0.0,1.0,0.0,0.75,0.75,1.0,0.0,1.0,0.25,1.0,0.75,1.0,0.0,1.0,0.0,0.0,1.0,0.75,1.0,0.75,0.0,0.0,1.0,1.0,0.25,1.0,1.0,0.0,1.0,1.0,0.75,1.0,1.0,1.0,1.0,0.0,0.75,0.0,0.75,0.75,1.0,1.0,1.0,0.75,1.0,0.75,1.0,0.25,0.25,0.0,0.67,0.83,0.75,0.75,1.0,1.0,1.0,0.0,0.5,1.0,1.0,0.25,1.0,0.25
4268,0.83,0.83,0.5,0.25,0.25,1.0,0.67,0.25,0.25,0.75,0.25,0.75,0.25,0.25,0.75,0.75,0.75,0.75,0.25,0.0,0.25,0.75,0.0,0.75,0.75,0.75,0.25,0.75,0.25,0.25,0.75,0.25,0.0,1.0,0.25,0.25,1.0,0.75,0.0,1.0,0.75,0.75,0.75,0.25,0.0,0.75,0.75,0.0,0.75,0.75,0.75,0.75,0.75,0.25,0.0,0.25,0.75,0.25,1.0,1.0,0.67,0.83,1.0,0.0,1.0,0.75,0.75,0.5,0.5,0.75,0.5,0.5,0.5,0.5,0.5
4270,0.0,0.0,0.17,1.0,1.0,0.0,1.0,0.0,1.0,1.0,0.0,0.0,1.0,0.0,1.0,1.0,1.0,0.0,1.0,0.25,1.0,1.0,1.0,0.0,1.0,0.0,0.0,1.0,0.0,1.0,0.75,0.0,0.0,1.0,1.0,0.0,1.0,1.0,0.0,1.0,1.0,0.0,1.0,1.0,1.0,1.0,0.0,1.0,0.0,1.0,1.0,1.0,1.0,1.0,0.25,0.75,1.0,1.0,0.0,0.25,0.0,0.17,1.0,0.75,0.0,1.0,1.0,1.0,0.0,0.5,0.75,0.75,0.0,1.0,0.5
4271,0.0,0.0,0.0,1.0,1.0,0.0,1.0,0.0,1.0,1.0,0.0,0.0,1.0,0.0,1.0,0.75,1.0,1.0,1.0,0.0,1.0,0.75,1.0,0.0,1.0,0.0,0.0,1.0,0.0,1.0,1.0,0.0,0.0,1.0,1.0,0.0,1.0,1.0,0.0,1.0,1.0,0.0,0.75,1.0,1.0,1.0,0.0,1.0,0.0,1.0,1.0,1.0,1.0,1.0,0.75,1.0,1.0,1.0,0.0,0.0,0.0,0.0,1.0,1.0,0.0,1.0,1.0,1.0,0.0,0.0,1.0,1.0,0.0,1.0,0.0
4272,0.5,0.17,0.0,1.0,1.0,0.0,0.83,0.25,1.0,1.0,0.0,0.0,1.0,0.0,1.0,1.0,1.0,0.0,1.0,0.0,1.0,0.25,0.25,0.0,1.0,0.0,0.0,1.0,0.0,1.0,1.0,0.0,0.0,1.0,1.0,1.0,0.75,1.0,0.0,0.75,1.0,0.0,1.0,1.0,1.0,1.0,0.0,1.0,0.0,1.0,1.0,1.0,0.0,1.0,1.0,0.0,1.0,1.0,0.25,0.75,0.0,0.17,0.83,0.0,0.0,1.0,1.0,0.5,0.5,0.5,0.5,0.5,0.0,0.75,0.75
4273,1.0,0.33,0.17,0.25,0.0,0.0,0.83,1.0,1.0,1.0,0.75,0.75,0.75,0.75,0.25,0.0,0.0,1.0,1.0,0.0,1.0,0.25,0.75,0.25,0.75,0.75,1.0,1.0,0.0,0.25,0.75,1.0,0.75,1.0,1.0,0.75,0.0,0.75,0.25,0.0,0.75,0.75,0.0,1.0,1.0,1.0,0.0,1.0,0.0,1.0,1.0,1.0,1.0,1.0,1.0,0.75,1.0,1.0,0.0,1.0,0.67,0.67,1.0,0.0,1.0,1.0,1.0,0.5,0.25,0.75,0.75,0.5,0.0,1.0,0.25
4275,0.67,0.17,0.5,0.75,0.25,0.0,0.67,1.0,0.75,0.0,0.0,0.25,0.0,0.75,1.0,0.75,1.0,1.0,0.25,0.0,0.25,0.75,1.0,0.0,1.0,0.0,0.0,1.0,1.0,0.75,1.0,0.75,0.0,1.0,0.0,0.75,0.0,0.25,1.0,1.0,0.75,0.75,0.25,1.0,1.0,1.0,0.0,1.0,0.75,1.0,0.75,0.0,0.25,0.75,1.0,0.0,0.0,0.75,0.75,1.0,1.0,0.67,1.0,0.0,0.75,1.0,1.0,0.5,0.25,0.75,0.75,0.25,0.75,0.5,0.5
4279,0.17,0.5,0.67,0.75,0.25,1.0,0.83,0.0,0.75,1.0,0.0,0.25,1.0,1.0,0.75,0.25,1.0,0.25,0.75,0.0,0.25,1.0,1.0,0.0,0.75,0.25,0.0,1.0,0.25,1.0,0.25,0.75,1.0,1.0,0.0,1.0,1.0,1.0,0.0,1.0,0.75,0.0,0.75,1.0,1.0,1.0,0.0,0.0,0.0,1.0,1.0,1.0,1.0,1.0,1.0,0.0,0.0,1.0,0.25,0.75,0.33,0.17,0.67,0.25,0.25,1.0,1.0,0.75,0.5,0.75,0.5,0.5,0.0,0.5,0.25
4280,0.17,0.0,0.0,1.0,0.75,0.0,1.0,0.0,1.0,1.0,0.0,0.0,1.0,0.0,0.75,0.25,1.0,0.0,1.0,0.75,1.0,1.0,1.0,0.0,1.0,0.0,0.0,1.0,0.25,1.0,0.75,0.0,0.0,1.0,1.0,0.25,1.0,1.0,0.0,1.0,1.0,0.25,1.0,1.0,1.0,1.0,0.25,0.75,0.0,1.0,1.0,1.0,1.0,1.0,0.25,1.0,1.0,1.0,0.0,0.25,0.0,0.33,1.0,0.75,0.75,1.0,1.0,1.0,0.0,0.5,1.0,1.0,0.25,1.0,0.5
4281,0.67,0.33,0.17,0.75,0.75,0.25,0.83,0.25,1.0,1.0,0.75,0.0,0.75,0.25,0.75,1.0,1.0,0.25,0.75,0.25,1.0,1.0,0.75,0.25,0.75,0.25,0.25,1.0,0.25,1.0,0.25,0.25,0.0,0.75,1.0,0.75,1.0,0.75,0.25,1.0,0.75,1.0,1.0,1.0,1.0,1.0,0.0,0.75,0.0,0.25,0.75,0.75,0.25,1.0,0.25,0.25,0.0,0.75,0.25,0.75,0.17,0.83,0.17,0.25,0.75,1.0,0.75,0.75,0.25,0.5,0.75,1.0,0.5,1.0,0.5
4285,0.67,0.17,0.17,1.0,1.0,0.0,0.67,1.0,1.0,1.0,1.0,0.0,1.0,1.0,1.0,1.0,0.25,0.75,0.75,0.0,1.0,0.25,1.0,0.0,1.0,0.0,0.0,1.0,1.0,0.75,1.0,0.25,0.75,1.0,0.25,1.0,0.25,0.25,1.0,1.0,0.0,1.0,0.0,1.0,1.0,1.0,1.0,1.0,0.0,0.0,1.0,0.25,1.0,1.0,1.0,0.75,1.0,0.25,1.0,1.0,0.83,0.67,0.83,1.0,1.0,0.75,1.0,0.5,0.5,0.5,1.0,0.5,0.25,0.75,0.0
4286,0.33,0.83,0.17,0.25,0.75,0.0,0.17,0.75,0.75,0.75,1.0,0.25,0.25,1.0,0.0,0.0,0.0,1.0,0.0,0.0,0.75,0.0,0.0,0.0,0.0,0.25,0.0,0.75,0.75,0.0,1.0,0.0,0.25,0.75,0.0,0.75,0.0,0.75,0.0,0.0,0.0,0.75,0.25,1.0,1.0,1.0,0.0,1.0,0.25,1.0,1.0,1.0,1.0,1.0,0.25,0.75,1.0,0.25,0.75,0.25,1.0,1.0,1.0,0.0,0.75,0.25,0.75,0.5,0.5,0.5,0.5,0.5,0.0,0.5,0.0
4287,0.67,0.17,0.17,0.75,0.75,0.0,0.5,0.75,0.75,0.75,0.75,0.0,0.25,0.75,0.75,0.25,0.0,0.75,0.25,0.0,0.0,0.75,0.75,0.0,0.0,0.0,0.0,1.0,0.25,1.0,1.0,0.0,0.75,1.0,0.75,1.0,0.75,0.25,1.0,0.25,0.0,0.75,0.25,1.0,1.0,1.0,0.25,1.0,0.0,1.0,0.75,1.0,0.75,1.0,0.25,0.75,1.0,0.75,0.75,0.75,0.83,0.83,0.83,0.25,1.0,0.75,1.0,0.75,0.25,0.5,0.75,0.5,0.25,0.75,0.25
4289,0.33,0.0,0.0,1.0,1.0,0.0,1.0,0.0,1.0,1.0,0.0,0.0,1.0,0.0,1.0,0.75,1.0,0.0,1.0,0.0,1.0,1.0,1.0,0.0,1.0,0.0,0.0,1.0,0.75,1.0,0.75,0.0,0.0,1.0,1.0,0.0,1.0,1.0,0.0,1.0,0.75,0.75,1.0,1.0,1.0,1.0,0.0,0.75,0.0,1.0,0.75,1.0,1.0,1.0,0.75,1.0,1.0,1.0,0.0,0.75,0.33,0.67,1.0,0.75,0.75,1.0,1.0,1.0,0.0,0.5,1.0,1.0,0.0,1.0,0.25
4290,0.67,0.33,0.67,0.25,0.25,0.0,0.17,0.75,0.75,0.0,1.0,0.0,0.0,0.0,0.75,0.75,0.0,0.25,0.75,0.0,0.75,0.25,0.0,0.0,0.75,0.0,0.0,1.0,0.0,0.75,0.0,0.0,0.25,1.0,0.75,0.25,0.0,0.75,0.25,0.25,0.25,0.75,0.75,0.75,0.75,1.0,0.25,0.75,0.25,0.25,0.75,0.75,0.25,0.75,0.25,0.0,0.0,0.0,1.0,0.75,0.67,0.67,0.33,0.0,0.75,0.25,0.75,0.75,0.75,0.75,0.5,0.5,0.5,0.5,0.25
4292,0.33,0.0,0.33,1.0,1.0,0.0,1.0,0.0,1.0,1.0,0.0,0.0,1.0,0.0,0.75,1.0,1.0,0.0,1.0,0.75,1.0,1.0,1.0,0.0,1.0,0.0,0.0,1.0,0.75,1.0,0.75,0.0,0.0,1.0,1.0,0.0,1.0,0.0,0.75,1.0,0.75,1.0,0.0,1.0,1.0,1.0,0.0,1.0,0.25,1.0,1.0,1.0,1.0,1.0,1.0,1.0,1.0,1.0,0.0,0.25,0.5,0.67,1.0,1.0,0.75,1.0,0.75,1.0,0.0,0.25,1.0,1.0,0.0,0.75,0.5
4294,0.0,0.83,1.0,0.0,1.0,1.0,0.17,1.0,0.0,0.0,1.0,1.0,0.0,0.75,0.75,0.0,0.0,0.0,0.0,0.0,0.0,0.0,0.0,1.0,0.0,1.0,1.0,0.0,0.0,0.0,0.0,0.0,1.0,1.0,0.0,0.0,0.0,0.75,0.0,1.0,1.0,0.75,0.25,0.0,0.75,0.0,1.0,0.0,0.25,0.0,0.75,1.0,1.0,0.0,0.0,0.0,0.0,0.0,1.0,1.0,1.0,0.83,0.33,0.0,1.0,0.0,0.0,0.0,1.0,1.0,0.5,0.0,0.5,0.5,0.5
4297,0.0,0.0,0.0,1.0,1.0,0.0,1.0,0.0,1.0,1.0,0.0,0.0,1.0,0.0,0.75,0.25,1.0,0.0,1.0,0.25,1.0,1.0,1.0,0.0,1.0,0.0,0.0,1.0,0.75,1.0,0.75,0.0,0.0,1.0,1.0,0.0,1.0,1.0,0.0,1.0,1.0,0.25,1.0,1.0,1.0,1.0,0.25,0.0,0.0,1.0,0.75,1.0,1.0,1.0,1.0,1.0,1.0,1.0,0.0,0.25,0.0,0.5,1.0,0.75,0.0,1.0,1.0,1.0,0.0,0.5,1.0,1.0,0.25,0.75,0.5
4310,0.0,0.0,0.0,1.0,1.0,0.0,1.0,0.0,1.0,1.0,0.75,0.0,1.0,0.0,0.0,0.75,1.0,0.0,1.0,0.0,1.0,1.0,1.0,0.0,1.0,0.0,0.0,1.0,0.75,1.0,0.75,0.0,0.0,1.0,1.0,1.0,1.0,1.0,0.0,0.0,1.0,0.0,1.0,1.0,1.0,1.0,0.0,1.0,0.0,1.0,0.75,1.0,1.0,1.0,1.0,1.0,1.0,1.0,0.0,0.75,0.0,0.0,1.0,1.0,0.0,1.0,1.0,1.0,0.0,1.0,1.0,1.0,0.0,1.0,0.0
4311,0.17,0.0,0.5,1.0,1.0,0.0,1.0,0.0,1.0,1.0,0.0,0.0,1.0,0.0,1.0,1.0,1.0,1.0,1.0,0.0,1.0,1.0,1.0,0.0,1.0,0.0,0.0,1.0,0.75,1.0,1.0,0.0,0.0,1.0,1.0,0.25,1.0,0.75,0.0,1.0,1.0,0.25,0.0,1.0,1.0,1.0,0.0,0.75,0.75,1.0,0.75,0.75,0.25,1.0,0.25,0.75,0.0,1.0,0.75,0.75,0.0,1.0,0.83,1.0,0.0,0.75,1.0,0.75,0.0,0.25,1.0,1.0,0.25,1.0,0.5
4312,0.5,0.17,0.0,1.0,1.0,0.0,1.0,0.25,1.0,1.0,0.0,0.0,1.0,0.0,0.0,0.0,1.0,1.0,1.0,0.0,0.75,0.25,1.0,0.0,1.0,0.0,0.25,1.0,0.0,1.0,1.0,0.0,0.25,1.0,1.0,0.25,1.0,1.0,0.0,1.0,0.75,0.0,1.0,1.0,1.0,1.0,0.0,1.0,0.0,1.0,1.0,1.0,1.0,1.0,0.25,0.75,1.0,1.0,0.0,0.75,0.17,0.17,0.83,1.0,0.0,1.0,0.25,0.75,0.0,0.5,1.0,0.75,0.0,1.0,0.5
4313,0.17,0.17,0.0,1.0,1.0,0.0,1.0,0.0,1.0,1.0,0.0,0.0,1.0,0.0,0.75,0.75,1.0,0.0,1.0,0.0,1.0,1.0,1.0,0.0,1.0,0.0,0.0,1.0,0.25,1.0,1.0,0.0,0.0,1.0,1.0,1.0,1.0,0.75,0.0,1.0,1.0,0.75,1.0,1.0,1.0,1.0,0.0,1.0,0.0,1.0,1.0,1.0,1.0,1.0,0.75,1.0,1.0,1.0,0.0,0.0,0.0,0.67,1.0,1.0,0.0,1.0,1.0,1.0,0.0,0.5,1.0,1.0,0.0,1.0,0.25
4320,0.83,0.33,0.5,0.75,0.25,0.25,0.83,1.0,0.75,0.25,1.0,0.75,0.75,0.75,1.0,0.75,0.75,0.75,0.75,0.25,0.75,0.75,0.75,0.25,0.75,0.25,0.25,0.25,0.0,0.25,0.0,0.0,0.0,1.0,0.75,0.25,0.25,0.75,0.0,0.25,1.0,0.0,1.0,1.0,1.0,1.0,0.0,0.75,0.75,1.0,0.25,0.75,0.75,0.75,0.25,0.75,0.75,1.0,0.25,0.75,0.5,0.33,1.0,0.0,1.0,1.0,1.0,0.75,0.5,0.5,0.5,0.5,0.0,0.75,0.5
4322,0.0,0.17,0.0,1.0,0.75,0.0,1.0,0.0,1.0,1.0,0.0,0.0,1.0,0.0,0.25,0.75,1.0,0.25,1.0,0.0,1.0,0.75,1.0,0.0,1.0,0.0,0.0,1.0,0.0,1.0,0.25,0.0,0.0,1.0,1.0,0.0,1.0,1.0,0.0,1.0,1.0,0.25,1.0,1.0,1.0,1.0,0.0,0.0,0.0,1.0,1.0,1.0,1.0,1.0,0.75,0.75,1.0,1.0,0.25,0.75,0.0,0.5,1.0,0.75,0.25,1.0,0.75,1.0,0.25,0.5,0.75,0.75,0.25,0.75,0.5
4323,0.0,0.0,0.33,1.0,1.0,0.0,1.0,0.0,1.0,1.0,0.25,0.0,1.0,0.0,0.75,0.0,1.0,1.0,1.0,1.0,1.0,1.0,1.0,0.0,1.0,0.0,0.0,1.0,0.25,1.0,0.75,0.0,0.0,1.0,1.0,0.75,1.0,0.75,0.25,1.0,1.0,0.25,1.0,1.0,1.0,1.0,0.0,1.0,0.0,1.0,1.0,1.0,1.0,1.0,0.25,1.0,1.0,1.0,0.0,0.25,0.17,0.17,1.0,0.75,0.25,1.0,1.0,1.0,0.0,0.5,1.0,0.75,0.0,1.0,0.5
4324,0.0,0.0,0.0,1.0,1.0,0.0,0.83,0.25,1.0,1.0,0.0,0.0,1.0,0.0,0.25,0.0,1.0,0.0,1.0,0.25,1.0,1.0,1.0,0.0,1.0,0.0,0.0,1.0,0.25,1.0,0.75,0.0,0.0,1.0,1.0,0.0,1.0,1.0,0.0,1.0,1.0,0.25,1.0,1.0,1.0,1.0,0.0,1.0,0.0,1.0,1.0,1.0,1.0,1.0,0.25,1.0,1.0,1.0,0.0,0.0,0.0,0.33,1.0,0.75,0.0,1.0,1.0,0.5,0.0,0.5,1.0,0.75,0.0,1.0,0.5
4326,0.83,0.33,0.5,0.75,1.0,0.0,0.67,0.25,1.0,0.75,0.75,0.0,0.75,0.75,0.75,0.0,0.75,0.75,0.75,0.0,1.0,0.0,0.75,0.0,1.0,0.0,0.25,0.75,0.0,1.0,0.75,0.25,0.75,1.0,0.75,0.25,0.75,1.0,0.25,1.0,1.0,0.0,0.0,0.75,0.75,1.0,0.25,0.75,0.0,0.0,1.0,0.75,1.0,0.25,0.75,0.0,0.25,1.0,0.25,1.0,0.17,0.17,0.83,0.0,0.0,1.0,0.75,0.5,0.25,0.5,0.75,0.5,0.25,0.75,0.25
4329,0.0,0.17,0.0,1.0,0.75,0.0,0.83,0.0,1.0,1.0,0.0,0.0,1.0,0.0,0.25,1.0,1.0,0.25,1.0,0.25,1.0,1.0,1.0,0.0,0.75,0.0,0.0,0.75,0.25,1.0,0.25,0.0,0.0,1.0,1.0,0.0,1.0,1.0,0.0,1.0,1.0,0.25,1.0,1.0,1.0,1.0,0.0,0.75,0.0,1.0,1.0,1.0,1.0,1.0,0.0,0.75,1.0,1.0,0.0,0.0,0.0,0.33,0.67,0.75,0.0,1.0,1.0,1.0,0.5,0.5,0.75,0.75,0.25,0.75,0.5
4330,0.33,0.17,0.17,1.0,0.25,0.0,1.0,0.0,1.0,1.0,0.0,0.0,1.0,0.0,0.25,1.0,1.0,0.75,1.0,0.25,1.0,1.0,1.0,0.0,1.0,0.0,0.0,0.75,0.25,1.0,0.25,0.0,0.0,1.0,1.0,0.0,1.0,0.75,0.0,1.0,1.0,0.0,1.0,1.0,1.0,1.0,0.0,0.75,0.0,1.0,1.0,1.0,0.75,1.0,0.25,0.25,1.0,1.0,0.0,0.25,0.0,0.33,1.0,0.25,0.0,1.0,1.0,1.0,0.0,0.5,0.75,1.0,0.0,1.0,0.75
4332,0.83,0.83,0.33,0.0,0.25,1.0,0.17,0.25,0.0,0.0,0.0,0.75,0.0,0.25,0.0,1.0,0.25,1.0,0.75,0.0,0.0,0.0,0.0,1.0,0.0,1.0,1.0,0.25,0.25,0.75,0.75,1.0,1.0,1.0,0.0,0.25,0.0,0.0,1.0,0.75,1.0,0.75,0.0,0.0,0.0,0.75,0.75,0.25,1.0,0.0,1.0,0.0,0.75,0.0,0.0,0.0,0.0,0.0,1.0,1.0,0.83,0.83,0.17,0.0,1.0,0.75,0.0,0.25,0.75,1.0,0.75,0.25,0.75,0.75,0.75
4333,0.83,0.17,0.33,0.75,0.0,0.0,0.83,1.0,0.75,1.0,1.0,0.75,0.75,1.0,1.0,0.25,0.25,1.0,0.75,0.0,0.75,0.25,0.0,0.75,0.25,0.25,0.75,0.0,0.0,0.75,1.0,0.0,0.0,0.75,0.75,0.0,0.25,0.0,0.0,0.25,0.75,0.25,1.0,1.0,1.0,1.0,0.25,1.0,0.0,1.0,1.0,1.0,1.0,0.75,0.75,0.0,1.0,1.0,1.0,0.75,0.67,0.67,1.0,0.0,0.0,1.0,1.0,0.75,0.25,0.5,0.75,0.5,0.0,1.0,0.5
4335,0.83,0.33,0.5,0.75,1.0,0.0,0.33,1.0,0.75,1.0,1.0,0.0,0.25,0.75,1.0,0.75,0.75,0.75,0.25,0.0,0.75,0.25,0.75,0.0,0.25,0.25,0.25,1.0,0.0,1.0,0.75,0.0,0.25,1.0,0.25,1.0,0.25,0.25,0.25,0.25,0.0,0.75,0.25,1.0,1.0,1.0,0.0,1.0,0.0,1.0,1.0,1.0,0.75,1.0,0.75,0.75,1.0,1.0,0.25,0.75,1.0,1.0,1.0,0.0,0.75,0.75,1.0,0.75,0.5,0.5,0.75,0.5,0.0,0.75,0.0
4336,0.83,0.67,0.5,0.0,0.25,0.0,0.83,0.75,0.75,0.75,0.75,0.0,0.75,0.0,0.25,1.0,1.0,1.0,0.75,0.0,0.75,0.0,0.25,0.0,0.75,0.25,0.25,0.75,0.0,1.0,1.0,0.25,0.75,0.75,0.75,1.0,0.75,1.0,0.0,0.75,1.0,0.25,1.0,1.0,0.75,1.0,0.25,0.25,0.25,0.75,1.0,1.0,1.0,0.25,0.25,0.0,0.25,1.0,0.75,1.0,1.0,0.17,0.5,0.0,0.25,0.75,1.0,0.5,0.5,0.75,0.75,0.5,0.25,0.75,0.5
4338,0.17,0.17,0.0,1.0,1.0,0.0,1.0,0.25,1.0,1.0,0.75,0.0,1.0,0.0,0.75,0.25,1.0,0.0,1.0,0.0,1.0,1.0,1.0,0.0,1.0,0.0,0.0,1.0,0.75,1.0,0.75,0.0,0.0,1.0,1.0,0.0,1.0,1.0,0.0,1.0,1.0,0.75,1.0,1.0,1.0,1.0,0.0,0.75,0.0,1.0,0.75,1.0,1.0,1.0,0.75,0.25,1.0,1.0,0.25,0.25,0.0,0.5,1.0,0.75,0.75,1.0,1.0,1.0,0.25,0.5,0.75,1.0,0.25,0.75,0.5
4343,0.17,0.17,0.0,1.0,1.0,0.0,1.0,0.0,1.0,1.0,0.0,0.0,1.0,0.0,0.0,0.25,1.0,0.0,0.75,0.75,1.0,1.0,1.0,0.0,1.0,0.0,0.0,1.0,0.75,1.0,1.0,0.0,0.25,1.0,0.75,0.75,1.0,0.75,0.0,1.0,1.0,0.0,0.75,1.0,1.0,1.0,0.0,1.0,0.0,1.0,1.0,1.0,1.0,1.0,0.25,1.0,1.0,1.0,0.0,0.75,0.0,0.0,1.0,1.0,0.75,1.0,1.0,1.0,0.0,0.75,1.0,1.0,0.25,1.0,1.0
4344,0.17,1.0,0.83,0.0,0.75,1.0,0.0,0.75,0.0,0.0,1.0,1.0,0.0,0.75,0.75,0.0,0.0,0.0,0.0,0.0,0.0,0.25,0.0,1.0,0.0,1.0,1.0,0.75,0.0,0.0,0.75,1.0,1.0,0.75,0.0,1.0,0.0,0.25,1.0,0.0,0.25,1.0,0.75,0.0,0.0,0.0,1.0,0.0,1.0,1.0,0.0,0.0,0.0,0.0,0.0,0.0,0.0,0.0,1.0,1.0,1.0,1.0,0.0,0.0,1.0,0.0,0.0,0.0,0.75,0.75,0.25,0.0,1.0,0.25,0.5
4345,0.17,0.5,0.5,0.0,1.0,1.0,0.33,1.0,0.0,0.0,0.75,1.0,0.0,0.25,0.0,0.0,0.0,0.0,0.0,0.0,0.0,0.0,0.0,0.75,0.0,0.0,0.25,0.75,0.25,0.25,0.75,0.75,0.75,0.75,0.0,0.75,0.0,0.75,1.0,0.25,0.25,0.75,0.0,0.0,0.0,0.0,1.0,0.0,0.25,0.25,0.75,0.75,1.0,0.0,0.25,0.0,0.75,0.75,1.0,1.0,0.83,0.83,0.5,0.0,1.0,0.25,0.75,0.25,0.5,0.5,0.5,0.5,0.75,0.5,0.5
4347,0.17,0.0,0.0,1.0,1.0,0.0,0.67,1.0,1.0,1.0,0.75,0.0,1.0,0.0,1.0,0.0,1.0,1.0,1.0,0.0,1.0,1.0,1.0,0.0,1.0,0.0,0.0,1.0,1.0,0.0,1.0,0.0,1.0,1.0,1.0,1.0,1.0,0.0,1.0,1.0,1.0,1.0,0.75,1.0,1.0,1.0,0.0,1.0,0.0,1.0,1.0,1.0,1.0,1.0,1.0,1.0,1.0,0.0,1.0,1.0,0.67,1.0,1.0,0.0,1.0,1.0,1.0,0.75,0.25,0.75,1.0,1.0,0.0,1.0,0.0
4357,1.0,0.33,0.33,0.25,0.0,0.0,0.5,0.25,1.0,0.0,1.0,0.0,0.25,0.0,0.75,0.75,0.0,1.0,0.75,0.0,0.0,0.0,0.0,0.0,0.25,0.0,0.0,0.25,0.25,0.25,0.0,0.0,0.25,0.0,0.25,1.0,0.0,1.0,0.75,0.25,1.0,0.75,0.75,1.0,0.75,1.0,0.25,0.25,0.75,1.0,0.0,0.75,0.75,0.75,0.25,0.0,0.0,0.25,1.0,0.75,0.67,0.67,0.67,0.0,1.0,0.75,0.75,0.5,0.5,0.5,0.5,0.5,0.5,0.5,0.5
4360,0.0,0.0,0.0,1.0,1.0,0.0,1.0,0.0,1.0,1.0,0.0,0.0,1.0,0.0,0.0,0.25,1.0,0.0,1.0,0.25,1.0,1.0,1.0,0.0,1.0,0.0,0.0,1.0,0.0,1.0,0.75,0.0,0.0,1.0,1.0,0.0,1.0,1.0,0.0,1.0,1.0,0.75,1.0,1.0,1.0,1.0,0.0,1.0,0.0,1.0,1.0,1.0,1.0,1.0,0.0,1.0,1.0,1.0,0.0,0.0,0.0,0.67,1.0,0.75,0.0,1.0,1.0,0.75,0.0,0.5,0.75,1.0,0.0,1.0,0.5
4361,0.17,0.17,0.17,1.0,1.0,0.0,0.83,1.0,1.0,1.0,1.0,0.0,1.0,1.0,1.0,1.0,1.0,1.0,1.0,0.0,1.0,1.0,1.0,0.0,1.0,0.0,0.0,1.0,1.0,1.0,0.0,0.0,0.0,1.0,1.0,1.0,1.0,1.0,1.0,0.0,1.0,1.0,1.0,1.0,1.0,1.0,0.0,1.0,0.0,1.0,1.0,0.0,1.0,1.0,1.0,1.0,1.0,1.0,1.0,1.0,0.83,0.83,0.83,0.0,1.0,1.0,1.0,1.0,0.25,0.75,1.0,0.75,0.0,1.0,0.25
4362,0.0,0.0,0.0,1.0,1.0,0.0,1.0,0.0,1.0,1.0,0.25,0.0,1.0,0.0,0.75,0.75,1.0,0.25,1.0,0.0,1.0,0.75,1.0,0.0,1.0,0.0,0.0,1.0,0.25,1.0,0.25,0.0,0.0,1.0,1.0,0.0,1.0,1.0,0.0,1.0,1.0,0.0,1.0,1.0,1.0,1.0,0.0,1.0,0.0,1.0,1.0,1.0,1.0,1.0,0.75,1.0,1.0,1.0,0.0,0.0,0.0,0.17,1.0,0.75,0.0,1.0,0.75,0.75,0.0,0.5,1.0,0.75,0.0,1.0,0.75
4365,0.17,1.0,0.67,0.0,0.25,1.0,0.67,0.25,0.25,0.75,0.0,0.75,0.0,0.0,1.0,0.25,1.0,1.0,1.0,0.0,1.0,0.0,0.0,1.0,0.0,0.75,0.75,0.25,0.25,0.25,0.25,1.0,0.0,1.0,0.0,0.75,0.0,0.75,0.25,1.0,0.25,1.0,1.0,0.75,0.0,1.0,1.0,0.0,1.0,1.0,0.0,0.0,0.25,0.75,0.25,0.0,0.0,0.0,1.0,0.0,1.0,0.83,0.33,0.0,0.75,0.25,0.0,0.75,0.75,0.75,0.75,0.75,0.75,0.75,0.75
4370,0.17,0.33,0.17,1.0,1.0,0.0,1.0,0.25,1.0,1.0,0.25,0.0,1.0,0.25,0.0,0.75,1.0,0.25,1.0,0.0,1.0,0.75,1.0,0.0,0.75,0.0,0.0,1.0,0.25,1.0,0.0,0.0,0.0,1.0,1.0,0.75,1.0,1.0,0.25,0.75,1.0,0.0,1.0,1.0,1.0,1.0,0.0,1.0,0.0,1.0,1.0,1.0,1.0,1.0,0.0,0.25,1.0,1.0,0.0,0.25,0.67,0.67,1.0,0.0,0.75,1.0,1.0,0.75,0.5,0.5,0.75,0.75,0.0,1.0,0.25
4371,0.17,0.0,0.0,1.0,0.25,0.0,1.0,0.0,1.0,1.0,0.0,0.0,1.0,0.0,0.75,0.25,1.0,0.0,1.0,0.25,1.0,1.0,1.0,0.0,1.0,0.0,0.0,1.0,0.25,1.0,0.75,0.0,0.0,1.0,1.0,0.0,1.0,1.0,0.0,1.0,1.0,0.25,1.0,1.0,1.0,1.0,0.0,0.0,0.0,1.0,1.0,1.0,1.0,1.0,0.25,0.75,1.0,1.0,0.0,0.25,0.0,0.0,1.0,0.75,0.0,1.0,1.0,1.0,0.25,0.5,1.0,1.0,0.0,1.0,0.75
4375,0.83,0.33,0.17,0.75,0.75,0.25,0.33,0.75,0.75,0.75,0.75,0.25,0.0,0.75,0.75,0.75,0.75,0.75,0.75,0.25,0.75,0.75,1.0,0.25,0.25,0.25,0.0,0.75,0.75,1.0,0.0,0.25,0.25,1.0,0.75,0.75,0.75,0.75,0.25,0.75,0.75,0.75,0.75,0.75,0.25,1.0,0.25,0.25,0.75,1.0,0.75,0.25,0.75,0.75,0.75,0.25,0.75,0.75,0.75,0.75,0.67,0.67,0.83,0.25,0.75,1.0,0.75,0.75,0.75,0.75,0.75,0.5,0.5,0.75,0.5
4377,0.83,0.33,0.17,1.0,0.75,0.0,0.83,0.75,0.75,0.75,0.75,0.0,1.0,0.75,0.75,0.25,0.75,0.75,0.75,0.25,0.75,0.75,1.0,0.0,0.75,0.0,0.25,1.0,0.25,1.0,0.75,0.0,0.25,1.0,1.0,1.0,0.25,0.25,0.25,0.75,0.75,0.25,0.25,1.0,1.0,1.0,0.0,1.0,0.0,1.0,1.0,1.0,1.0,1.0,0.75,0.75,1.0,1.0,0.25,1.0,0.17,0.67,0.83,0.75,0.75,1.0,1.0,0.75,0.0,0.5,0.75,0.75,0.0,1.0,0.25
4379,0.17,0.0,0.17,1.0,1.0,0.0,1.0,0.0,1.0,1.0,0.25,0.0,1.0,0.0,0.75,0.75,1.0,0.0,1.0,0.25,1.0,1.0,1.0,0.0,1.0,0.0,0.0,1.0,0.0,1.0,0.75,0.0,0.0,1.0,1.0,0.25,1.0,1.0,0.0,0.75,1.0,0.25,1.0,1.0,1.0,1.0,0.0,0.75,0.0,1.0,1.0,1.0,1.0,1.0,0.75,1.0,1.0,1.0,0.0,0.75,0.0,0.67,1.0,1.0,0.25,1.0,1.0,1.0,0.0,0.25,0.75,1.0,0.0,1.0,0.25
4380,0.83,1.0,0.0,1.0,0.0,0.0,0.33,0.0,1.0,0.0,0.0,0.0,0.75,0.0,1.0,1.0,0.0,1.0,0.25,0.0,0.75,1.0,1.0,0.0,1.0,0.0,0.0,0.0,0.25,1.0,0.0,0.25,0.0,0.0,0.0,1.0,0.0,1.0,0.25,1.0,1.0,0.75,1.0,0.75,0.75,1.0,1.0,0.0,1.0,1.0,0.0,0.0,0.0,0.75,0.25,0.0,0.0,0.25,1.0,1.0,0.83,0.17,0.67,0.0,0.75,0.25,1.0,0.5,0.75,0.5,0.75,0.75,0.5,0.5,0.5
4381,0.17,0.0,0.0,1.0,1.0,0.0,1.0,0.0,1.0,1.0,0.0,0.0,1.0,0.0,1.0,0.25,1.0,1.0,1.0,0.0,1.0,1.0,1.0,0.0,1.0,0.0,0.0,1.0,0.75,1.0,0.75,0.0,0.0,0.75,1.0,0.25,1.0,1.0,0.0,1.0,1.0,0.25,1.0,1.0,1.0,1.0,0.25,0.75,0.0,1.0,1.0,0.75,1.0,1.0,0.25,1.0,1.0,1.0,0.0,1.0,0.0,0.33,1.0,0.25,0.25,1.0,1.0,1.0,0.0,0.5,1.0,1.0,0.25,1.0,0.5
4382,0.17,0.0,0.0,1.0,0.75,0.0,1.0,0.0,1.0,1.0,0.0,0.0,1.0,0.0,0.75,1.0,1.0,0.0,1.0,0.0,1.0,0.75,1.0,0.0,1.0,0.0,0.0,1.0,0.25,1.0,1.0,0.0,0.0,1.0,1.0,0.25,1.0,1.0,0.0,1.0,1.0,0.25,1.0,1.0,1.0,1.0,0.0,1.0,0.0,1.0,1.0,1.0,1.0,1.0,0.75,0.75,1.0,1.0,0.0,0.25,0.0,0.33,1.0,0.75,0.75,1.0,1.0,1.0,0.0,0.5,1.0,1.0,0.0,1.0,0.5
4386,0.83,0.33,0.67,0.0,0.0,0.25,0.0,1.0,0.0,0.0,1.0,1.0,0.0,1.0,0.0,0.0,0.0,1.0,0.25,0.0,1.0,0.0,0.0,0.75,0.75,0.75,0.0,0.75,0.0,0.0,0.75,0.75,0.75,0.75,0.0,0.75,0.25,0.25,0.75,0.25,0.25,0.75,0.75,0.0,0.0,0.0,1.0,0.0,0.75,0.25,0.0,0.25,0.25,0.0,0.0,0.0,0.0,0.0,1.0,1.0,0.83,0.67,0.0,0.0,1.0,0.0,0.0,0.25,0.5,0.5,0.5,0.5,0.5,0.5,0.5
4389,0.0,0.0,0.0,1.0,1.0,0.0,1.0,0.0,1.0,1.0,0.0,0.0,1.0,0.0,1.0,1.0,1.0,0.0,1.0,0.0,1.0,1.0,1.0,0.0,1.0,0.0,0.0,1.0,0.75,1.0,1.0,0.0,0.0,1.0,1.0,0.75,1.0,1.0,0.0,1.0,0.75,0.75,1.0,1.0,1.0,1.0,0.0,0.75,0.0,1.0,0.75,1.0,1.0,1.0,1.0,1.0,1.0,1.0,0.0,0.25,0.17,0.5,1.0,1.0,0.75,1.0,1.0,1.0,0.0,0.25,1.0,1.0,0.0,1.0,0.0
4403,0.0,0.17,0.0,1.0,1.0,0.0,1.0,0.0,1.0,1.0,0.0,0.0,1.0,0.0,0.75,0.0,1.0,0.0,1.0,0.0,1.0,0.75,1.0,0.0,1.0,0.0,0.0,1.0,0.75,1.0,0.75,0.0,0.0,1.0,1.0,0.0,1.0,1.0,0.0,1.0,1.0,0.0,1.0,1.0,1.0,1.0,0.0,0.75,0.0,1.0,1.0,1.0,1.0,1.0,0.0,1.0,1.0,1.0,0.0,0.25,0.0,0.5,1.0,0.75,0.0,1.0,1.0,1.0,0.0,0.5,1.0,1.0,0.0,1.0,0.5
4405,0.83,0.67,0.5,0.0,1.0,0.0,0.17,1.0,0.75,0.0,1.0,1.0,0.25,1.0,0.75,1.0,0.0,1.0,0.25,0.0,0.0,0.75,0.0,0.0,0.0,1.0,0.75,1.0,0.25,0.25,1.0,0.75,0.25,1.0,1.0,1.0,0.0,0.75,1.0,0.0,1.0,1.0,0.75,0.75,0.75,1.0,1.0,0.0,0.0,0.75,0.25,1.0,1.0,0.0,1.0,1.0,0.0,0.0,1.0,1.0,1.0,1.0,0.33,0.0,1.0,0.0,0.75,0.25,0.75,0.5,0.75,0.0,0.75,0.5,0.25
4406,0.17,0.5,0.33,0.75,1.0,0.0,0.17,1.0,0.75,0.25,1.0,0.75,0.0,1.0,0.75,0.75,0.0,0.0,0.75,0.0,0.75,0.25,0.0,0.25,0.0,1.0,0.75,0.25,0.75,0.25,0.75,0.0,0.0,1.0,0.0,0.25,0.25,0.0,1.0,0.0,0.25,1.0,0.25,0.0,0.75,0.25,1.0,0.25,0.25,0.0,0.0,1.0,0.25,0.0,0.75,0.0,0.0,0.0,1.0,1.0,1.0,0.83,0.0,0.25,1.0,0.0,1.0,0.5,0.75,0.5,0.75,0.5,0.75,0.75,0.5
4408,0.17,0.0,0.17,1.0,0.75,0.0,0.67,0.25,0.75,1.0,0.75,0.0,1.0,0.25,1.0,1.0,0.25,0.25,1.0,0.25,0.75,0.75,1.0,0.0,1.0,0.0,0.0,1.0,0.0,1.0,0.75,0.0,0.0,1.0,1.0,0.0,1.0,1.0,0.0,1.0,1.0,0.0,1.0,1.0,1.0,1.0,0.0,1.0,0.0,0.75,1.0,1.0,0.75,1.0,0.0,0.75,1.0,1.0,0.0,0.75,0.17,0.33,1.0,0.25,0.0,1.0,1.0,0.75,0.25,0.5,0.75,0.75,0.0,0.75,0.5
4410,0.83,0.17,0.33,0.25,0.25,0.0,0.83,0.75,1.0,0.75,0.25,0.25,0.75,0.75,0.75,1.0,1.0,0.75,0.75,0.25,0.75,0.75,0.0,0.0,0.75,0.25,0.75,0.75,0.25,1.0,0.25,0.0,0.75,1.0,1.0,0.25,0.75,0.75,0.75,1.0,1.0,0.25,0.75,0.75,0.75,1.0,0.25,0.75,0.25,0.25,1.0,0.75,0.75,1.0,0.75,0.0,0.25,0.25,0.25,0.75,0.67,0.5,0.67,0.75,0.75,0.75,1.0,0.75,0.5,0.75,1.0,0.5,0.25,1.0,0.25
4414,0.83,0.17,0.0,1.0,0.75,0.0,0.67,1.0,1.0,1.0,0.75,0.0,1.0,0.0,0.25,0.25,0.0,1.0,1.0,0.25,1.0,0.75,1.0,0.0,1.0,0.0,0.0,1.0,0.75,0.75,0.75,0.0,0.25,1.0,0.75,0.75,0.25,0.25,0.75,0.25,0.75,0.75,0.25,1.0,1.0,1.0,0.0,1.0,0.0,1.0,1.0,1.0,1.0,1.0,0.25,0.75,1.0,0.25,0.25,0.75,0.67,1.0,1.0,0.25,1.0,1.0,0.75,0.75,0.0,0.5,1.0,0.5,0.0,1.0,0.5
4415,0.17,0.0,0.17,1.0,0.0,0.25,0.0,0.25,1.0,1.0,0.0,0.75,1.0,0.75,1.0,1.0,1.0,1.0,1.0,0.0,1.0,1.0,1.0,0.0,1.0,0.0,0.75,1.0,0.25,1.0,0.0,1.0,0.25,1.0,1.0,0.75,1.0,1.0,0.0,1.0,1.0,0.75,1.0,1.0,0.25,1.0,1.0,0.25,1.0,1.0,1.0,1.0,1.0,1.0,1.0,0.0,0.0,1.0,0.75,0.75,0.0,0.0,0.0,0.0,1.0,1.0,1.0,0.0,0.0,0.0,0.0,0.0,0.0,0.0,0.0
4416,0.83,0.33,0.83,0.75,0.25,0.25,0.33,1.0,0.25,0.25,0.75,0.75,1.0,0.75,0.75,1.0,0.25,1.0,0.75,0.0,0.75,0.25,0.0,0.75,0.25,0.75,0.75,1.0,0.25,0.75,0.75,0.75,0.75,1.0,0.75,1.0,0.25,1.0,1.0,1.0,0.75,1.0,0.25,0.25,0.25,1.0,1.0,0.75,0.25,0.25,0.75,0.75,0.75,0.0,0.75,0.0,0.25,0.0,0.25,0.75,0.67,0.83,0.67,0.0,0.75,0.25,0.75,0.5,0.25,0.75,1.0,0.5,0.75,0.75,0.5
4417,0.83,0.17,0.17,0.75,1.0,0.0,0.83,0.0,1.0,1.0,0.25,0.0,0.75,0.0,1.0,0.75,1.0,0.25,0.75,0.0,1.0,0.75,1.0,0.0,1.0,0.0,0.0,1.0,0.75,1.0,0.25,0.0,1.0,1.0,1.0,0.75,1.0,0.75,0.0,1.0,1.0,0.75,0.75,1.0,1.0,1.0,0.25,0.75,0.0,0.25,1.0,0.25,1.0,1.0,1.0,1.0,1.0,1.0,0.0,1.0,0.83,0.83,0.83,1.0,0.75,1.0,1.0,1.0,0.0,0.25,1.0,0.75,0.25,0.75,0.25
4418,0.67,0.5,0.17,0.75,1.0,0.0,0.83,0.0,1.0,1.0,0.0,0.0,1.0,0.0,1.0,0.75,1.0,0.75,1.0,0.25,1.0,1.0,1.0,0.0,0.75,0.0,0.0,1.0,0.75,1.0,0.25,0.0,0.0,1.0,1.0,0.75,1.0,0.75,0.0,1.0,1.0,0.25,1.0,1.0,1.0,1.0,0.25,0.0,0.0,1.0,1.0,1.0,1.0,1.0,0.75,1.0,1.0,1.0,0.0,0.75,0.17,0.67,0.83,0.25,0.25,1.0,1.0,0.75,0.0,0.75,0.75,0.75,0.0,0.75,0.5
4422,0.83,0.67,0.67,0.75,0.75,0.75,0.17,1.0,0.25,0.75,0.25,0.75,0.0,0.25,1.0,1.0,0.75,0.0,0.75,0.25,0.25,0.75,0.75,1.0,0.75,0.75,0.25,0.75,0.25,0.75,0.75,0.25,0.75,0.75,0.25,1.0,0.25,0.75,1.0,0.75,0.75,1.0,0.75,0.0,0.25,0.75,0.75,0.0,0.25,0.75,0.25,1.0,0.75,0.0,0.0,0.0,0.75,0.75,0.0,1.0,1.0,0.33,0.33,0.0,1.0,0.25,0.0,0.25,0.5,0.5,0.5,0.5,0.75,0.5,0.25
4427,0.5,0.83,0.67,0.75,0.0,1.0,0.33,1.0,0.25,0.0,0.0,0.75,0.25,0.75,0.0,0.75,0.75,0.75,0.75,0.0,0.75,0.0,0.0,1.0,0.0,1.0,0.25,0.0,0.0,1.0,1.0,0.75,0.25,1.0,0.25,0.75,0.75,1.0,1.0,1.0,1.0,0.25,1.0,0.0,0.0,1.0,1.0,0.0,0.75,0.25,0.75,1.0,1.0,0.25,0.0,0.0,0.75,0.75,0.75,1.0,0.5,0.17,0.67,0.0,1.0,0.0,0.0,0.0,0.75,1.0,1.0,0.5,0.25,0.5,0.5
4429,0.17,0.17,0.17,1.0,1.0,0.0,1.0,0.0,1.0,1.0,0.25,0.0,1.0,0.0,1.0,0.75,1.0,0.25,1.0,0.25,1.0,0.0,1.0,0.0,1.0,0.0,0.0,1.0,0.25,1.0,1.0,0.0,0.25,1.0,1.0,0.75,1.0,0.25,0.0,1.0,1.0,0.25,1.0,1.0,1.0,1.0,0.0,1.0,0.0,0.75,1.0,1.0,0.75,1.0,0.25,1.0,0.0,1.0,0.0,0.75,0.17,0.5,1.0,0.75,0.25,1.0,1.0,1.0,0.0,0.75,0.75,1.0,0.0,0.75,0.25
4434,0.0,0.0,0.17,1.0,0.75,0.0,1.0,0.0,1.0,1.0,0.0,0.0,1.0,0.0,1.0,1.0,1.0,0.25,1.0,0.0,1.0,0.75,1.0,0.0,1.0,0.0,0.0,1.0,1.0,1.0,0.75,0.0,0.0,1.0,1.0,0.25,0.75,0.75,0.0,1.0,1.0,0.25,1.0,1.0,1.0,1.0,0.0,0.25,0.0,1.0,1.0,1.0,0.25,1.0,0.25,1.0,1.0,1.0,0.0,0.75,0.0,0.17,1.0,1.0,0.0,1.0,1.0,1.0,0.25,0.75,1.0,1.0,0.25,1.0,0.5
4435,1.0,0.0,0.0,1.0,0.25,0.0,0.83,0.75,1.0,1.0,0.75,0.0,1.0,0.75,0.75,1.0,1.0,0.25,1.0,0.0,0.75,1.0,1.0,0.0,1.0,0.0,0.0,0.0,0.0,1.0,0.0,0.0,0.0,0.75,1.0,0.75,1.0,0.75,0.0,1.0,0.25,0.75,1.0,1.0,1.0,1.0,0.0,0.75,0.0,1.0,1.0,1.0,1.0,1.0,0.75,1.0,1.0,1.0,0.0,0.75,0.33,0.5,1.0,0.75,0.0,1.0,1.0,0.75,0.25,0.5,0.75,0.75,0.25,0.75,0.25
4437,1.0,0.83,0.5,0.0,0.0,0.25,0.0,1.0,0.75,0.0,1.0,1.0,0.0,1.0,0.75,1.0,0.0,1.0,0.75,0.0,0.75,0.75,0.0,0.75,0.0,0.75,0.25,0.0,0.75,0.0,0.75,1.0,0.0,0.0,0.0,1.0,0.0,0.0,1.0,0.0,0.75,1.0,0.25,0.0,0.0,0.75,1.0,0.0,1.0,0.25,0.0,0.0,0.0,0.0,0.0,0.0,0.0,0.0,1.0,0.75,1.0,0.83,0.33,0.0,1.0,0.0,0.0,0.0,0.5,0.5,0.75,0.75,0.5,0.5,0.5
4440,0.67,0.5,0.5,1.0,1.0,0.0,0.83,0.0,1.0,1.0,0.25,0.0,0.75,0.25,1.0,0.75,1.0,0.75,0.75,0.25,1.0,0.75,1.0,0.0,0.75,0.0,0.0,1.0,0.75,1.0,0.75,0.0,0.0,1.0,0.75,0.0,0.75,1.0,0.0,0.75,1.0,0.0,1.0,1.0,1.0,1.0,0.0,0.75,0.0,1.0,0.75,1.0,1.0,1.0,0.25,0.75,1.0,1.0,0.25,0.75,0.33,0.67,1.0,0.25,0.25,1.0,0.75,0.75,0.0,0.5,0.75,0.75,0.25,0.75,0.5
4443,0.5,0.33,0.33,0.75,0.75,0.0,0.67,0.75,0.75,1.0,1.0,0.25,0.75,0.75,1.0,0.75,0.25,0.75,0.75,0.0,1.0,0.75,1.0,0.0,0.75,0.25,0.0,0.75,0.75,0.75,0.25,0.0,0.75,1.0,0.25,0.75,0.25,0.75,0.75,0.75,0.75,0.75,0.25,1.0,1.0,1.0,0.0,1.0,0.0,1.0,1.0,1.0,1.0,1.0,0.75,0.75,1.0,0.75,0.75,0.75,0.83,0.83,1.0,0.25,1.0,0.75,1.0,0.5,0.5,0.5,0.75,0.5,0.0,0.5,0.0
4445,0.83,0.33,0.17,0.75,0.75,0.0,0.83,0.75,0.75,0.75,0.75,0.25,0.25,0.25,0.75,0.25,0.75,0.75,0.75,0.0,0.75,0.75,1.0,0.0,0.75,0.25,0.25,1.0,0.75,0.75,0.75,0.75,0.25,1.0,0.25,1.0,0.0,0.25,0.25,0.25,0.25,0.75,0.25,1.0,1.0,1.0,0.0,1.0,0.0,1.0,1.0,1.0,1.0,1.0,0.25,0.75,1.0,1.0,0.25,0.75,0.83,0.67,0.83,0.25,0.75,0.75,1.0,0.75,0.5,0.5,0.5,0.5,0.25,0.75,0.25
4449,0.0,0.67,0.5,0.0,1.0,0.25,0.0,0.75,0.0,0.0,0.0,1.0,0.0,0.75,1.0,0.75,0.0,0.0,0.0,0.0,0.0,0.0,0.0,1.0,0.0,1.0,1.0,0.75,0.25,0.0,0.0,1.0,1.0,0.0,0.0,1.0,0.0,0.25,1.0,0.0,0.75,1.0,0.0,0.0,0.0,0.0,1.0,0.0,0.0,0.75,0.0,0.0,1.0,0.0,0.0,0.0,0.0,0.0,1.0,1.0,1.0,1.0,0.0,0.0,1.0,0.0,0.0,0.0,1.0,0.75,0.5,0.0,0.75,0.5,0.75
4450,0.67,0.83,0.5,0.75,0.25,0.75,0.33,1.0,0.25,0.0,1.0,0.75,0.0,0.75,1.0,1.0,0.0,1.0,0.0,0.0,0.75,0.0,0.0,1.0,0.0,1.0,0.0,0.0,0.75,0.0,1.0,1.0,0.25,0.75,0.0,1.0,0.0,0.75,0.75,0.75,0.75,1.0,0.75,0.0,0.0,0.25,1.0,0.75,0.0,0.0,1.0,0.75,1.0,0.25,0.0,0.25,0.75,0.0,1.0,1.0,0.83,0.67,0.17,0.0,1.0,0.0,0.0,0.0,0.5,0.75,0.5,0.5,0.5,0.5,0.25
4454,0.0,0.0,0.0,1.0,1.0,0.0,1.0,0.0,1.0,1.0,0.0,0.0,1.0,0.0,1.0,1.0,1.0,0.75,1.0,0.25,1.0,1.0,1.0,0.25,1.0,0.0,0.0,1.0,0.75,1.0,1.0,1.0,0.0,0.75,1.0,0.75,1.0,0.75,0.0,1.0,1.0,1.0,0.75,1.0,1.0,1.0,0.0,0.75,0.0,1.0,0.75,1.0,1.0,1.0,1.0,0.0,1.0,1.0,0.0,1.0,0.17,0.83,1.0,1.0,0.75,1.0,1.0,1.0,0.0,0.5,1.0,1.0,0.0,1.0,1.0
4456,0.83,0.17,0.0,0.75,0.75,0.0,0.17,0.75,1.0,0.75,0.75,0.0,0.75,0.0,0.75,1.0,0.75,0.75,1.0,0.0,1.0,0.75,0.25,0.0,0.75,0.0,0.0,1.0,0.25,1.0,0.25,0.0,0.0,1.0,0.25,0.0,1.0,0.25,0.75,0.75,0.75,1.0,0.75,1.0,1.0,1.0,0.25,0.0,0.25,0.75,0.75,0.25,0.25,1.0,1.0,0.25,0.25,1.0,0.75,0.75,0.83,0.33,0.5,0.0,0.75,0.75,1.0,0.5,0.5,0.5,0.75,0.5,0.5,0.5,0.5
4463,0.0,0.83,0.67,0.0,1.0,1.0,0.17,1.0,0.0,0.0,1.0,1.0,0.0,0.25,0.0,0.0,0.0,1.0,0.0,0.0,0.0,0.0,0.0,1.0,0.0,1.0,1.0,0.0,0.0,0.0,1.0,1.0,1.0,1.0,0.0,1.0,1.0,1.0,1.0,0.0,0.0,1.0,1.0,0.0,1.0,0.0,1.0,0.0,1.0,0.0,0.0,0.0,1.0,0.0,0.0,0.0,0.0,0.0,1.0,0.0,1.0,0.5,0.0,0.0,1.0,0.0,0.0,0.0,1.0,0.75,0.5,0.25,0.75,0.25,0.5
4465,0.33,0.0,0.0,0.75,1.0,0.0,1.0,0.0,1.0,0.0,1.0,0.0,1.0,0.0,1.0,1.0,1.0,0.25,0.75,0.0,0.75,1.0,1.0,0.0,1.0,0.0,0.0,1.0,0.0,0.75,1.0,0.0,0.0,1.0,1.0,0.0,1.0,1.0,0.0,1.0,1.0,0.75,1.0,0.75,1.0,1.0,0.25,0.0,0.0,1.0,0.75,1.0,0.75,1.0,0.25,0.0,0.0,1.0,0.25,0.75,0.17,0.33,0.67,1.0,0.25,1.0,1.0,0.75,0.25,0.75,0.75,0.75,0.75,0.75,0.25
4467,0.5,0.0,0.5,1.0,1.0,0.0,1.0,0.0,1.0,0.75,0.75,0.0,0.75,0.75,0.25,0.0,1.0,0.75,1.0,0.25,1.0,0.25,1.0,0.75,0.75,0.25,0.75,1.0,0.25,1.0,0.75,0.0,0.0,1.0,0.75,0.75,0.25,0.75,0.75,0.75,0.75,0.0,0.25,1.0,1.0,1.0,0.0,1.0,0.75,1.0,0.75,1.0,0.25,1.0,0.0,1.0,1.0,1.0,0.0,0.75,0.0,0.17,1.0,0.0,0.0,1.0,1.0,0.5,0.0,0.75,0.75,0.5,0.0,0.5,0.5
4471,0.33,0.5,0.17,0.0,0.25,0.75,0.33,0.75,0.25,0.75,0.75,1.0,0.0,0.25,0.75,0.75,0.25,1.0,0.75,0.0,0.75,0.0,0.0,0.75,0.0,1.0,1.0,0.0,0.0,0.0,0.25,1.0,0.25,0.0,0.0,1.0,0.0,1.0,0.75,0.75,0.25,0.75,0.75,0.0,0.0,1.0,1.0,0.0,0.75,0.75,0.0,0.0,0.25,0.75,0.75,0.0,0.0,0.0,1.0,0.25,1.0,0.67,0.67,0.0,0.75,0.0,0.0,0.0,1.0,0.75,0.75,0.0,0.5,0.5,0.75
4474,0.33,0.5,0.5,0.75,1.0,0.0,1.0,0.0,1.0,1.0,0.25,0.0,1.0,0.0,1.0,1.0,1.0,0.75,0.75,0.0,1.0,0.25,0.75,0.0,0.75,0.0,0.0,1.0,0.25,1.0,1.0,0.0,0.0,1.0,1.0,1.0,1.0,0.75,0.0,0.75,1.0,1.0,1.0,1.0,1.0,1.0,0.0,0.75,0.25,1.0,1.0,1.0,0.75,1.0,0.0,0.0,0.75,1.0,1.0,0.75,0.17,0.67,0.83,0.25,0.0,1.0,0.75,0.5,0.5,0.5,0.75,1.0,0.25,1.0,0.0
4476,0.83,0.17,0.17,1.0,0.75,0.0,1.0,1.0,1.0,1.0,0.75,0.0,1.0,0.75,1.0,0.75,1.0,1.0,1.0,0.25,1.0,0.25,1.0,0.25,0.75,0.0,0.25,1.0,0.75,1.0,1.0,0.0,0.25,1.0,1.0,0.25,1.0,0.75,0.75,1.0,1.0,0.25,1.0,1.0,1.0,1.0,0.0,1.0,0.75,0.25,1.0,1.0,1.0,1.0,0.0,0.75,0.25,1.0,0.25,1.0,0.67,0.67,1.0,0.75,0.75,1.0,1.0,0.75,0.25,0.5,0.75,0.75,0.0,1.0,0.75
4477,0.0,0.0,0.0,1.0,1.0,0.0,1.0,0.25,1.0,1.0,0.0,0.0,1.0,0.0,1.0,1.0,1.0,0.0,1.0,0.0,1.0,0.25,1.0,0.0,1.0,0.0,0.0,1.0,0.75,1.0,0.75,0.0,0.0,1.0,1.0,0.0,0.75,1.0,0.0,1.0,1.0,0.25,1.0,1.0,1.0,1.0,0.0,0.75,0.25,1.0,0.75,0.75,1.0,1.0,0.25,0.75,0.0,1.0,0.25,0.25,0.0,0.33,1.0,0.25,0.25,1.0,1.0,1.0,0.25,0.5,1.0,0.75,0.0,1.0,0.75
4478,0.33,0.17,0.5,0.75,0.25,0.0,0.17,0.75,1.0,0.75,0.75,0.25,1.0,0.25,0.25,0.75,0.25,0.75,0.25,0.25,1.0,0.75,0.25,0.0,0.25,0.25,0.0,0.25,0.75,0.25,0.0,0.75,1.0,1.0,0.25,1.0,0.0,0.25,1.0,1.0,0.75,0.75,0.75,0.25,0.25,0.75,0.75,0.25,0.25,0.0,0.25,0.75,0.75,0.25,0.75,0.25,0.75,0.25,0.75,0.75,0.83,0.83,0.17,0.0,1.0,0.25,0.75,0.5,0.5,0.75,0.75,0.5,0.5,0.5,0.5
4479,0.17,0.17,0.33,0.75,0.75,0.0,0.5,1.0,1.0,1.0,0.75,0.75,0.25,0.75,0.75,0.75,0.25,0.75,0.75,0.25,1.0,0.75,1.0,0.0,0.25,0.25,0.75,1.0,0.75,0.75,0.25,1.0,0.25,0.0,0.25,1.0,0.0,0.25,1.0,0.75,0.75,1.0,0.25,0.75,0.75,1.0,0.75,0.75,0.25,0.0,0.75,0.75,1.0,1.0,0.75,0.75,0.0,0.75,1.0,1.0,1.0,1.0,0.83,0.25,1.0,0.75,1.0,0.75,0.5,0.75,0.75,0.25,0.5,0.5,0.5
4480,0.83,0.0,0.0,1.0,0.75,0.0,1.0,0.25,1.0,1.0,0.25,0.0,1.0,0.0,0.25,0.75,1.0,0.25,1.0,0.0,1.0,0.75,1.0,0.0,1.0,0.0,0.0,0.75,0.25,1.0,0.75,0.0,0.25,0.75,0.75,0.25,0.75,0.0,0.0,1.0,0.75,0.75,1.0,1.0,1.0,1.0,0.25,0.75,0.25,1.0,1.0,0.75,1.0,1.0,0.75,0.75,1.0,0.25,0.75,0.25,0.17,0.67,0.83,0.75,0.75,0.75,0.75,0.75,0.5,0.5,1.0,1.0,0.25,0.75,0.25
4482,0.83,0.67,0.0,1.0,1.0,0.0,1.0,0.0,1.0,1.0,0.0,0.0,1.0,0.0,1.0,0.0,1.0,1.0,1.0,0.75,1.0,1.0,1.0,0.0,1.0,0.0,0.0,1.0,0.0,1.0,1.0,0.0,0.0,1.0,1.0,0.0,1.0,0.75,0.0,1.0,1.0,0.75,0.75,1.0,1.0,1.0,0.0,1.0,0.0,1.0,1.0,1.0,1.0,1.0,0.25,1.0,1.0,1.0,0.0,0.75,0.17,0.67,1.0,1.0,0.25,1.0,1.0,1.0,0.0,0.75,0.75,0.75,0.0,1.0,0.75
4483,0.17,0.0,0.0,1.0,0.75,0.0,1.0,0.25,1.0,1.0,0.25,0.0,1.0,0.25,0.0,0.0,1.0,0.75,0.75,0.25,1.0,0.75,1.0,0.0,1.0,0.0,0.0,1.0,0.25,1.0,0.0,0.0,0.25,1.0,0.75,1.0,1.0,0.75,0.25,1.0,1.0,0.0,0.75,1.0,1.0,1.0,0.25,0.75,0.25,1.0,1.0,1.0,0.75,1.0,0.75,0.75,1.0,1.0,0.25,0.75,0.33,0.5,1.0,0.75,0.25,1.0,1.0,1.0,0.25,0.5,0.75,0.75,0.0,0.75,0.5
4489,0.67,0.5,0.33,0.75,0.25,0.25,0.67,0.75,0.75,0.25,0.25,0.25,0.75,0.75,0.75,0.25,0.75,0.75,0.75,0.25,0.75,0.25,0.25,0.25,0.25,0.75,0.25,0.25,0.25,0.75,0.25,0.75,0.25,1.0,0.25,0.75,0.25,0.75,0.75,0.75,0.75,0.0,0.75,0.75,0.75,1.0,0.0,0.75,0.25,0.75,0.75,0.75,0.75,0.75,0.25,0.25,0.25,0.75,0.75,0.75,0.67,0.5,0.5,0.25,0.75,0.75,0.75,0.5,0.5,0.75,0.75,0.5,0.5,0.5,0.5
4491,0.67,0.17,0.0,0.75,0.75,0.0,0.83,0.25,1.0,1.0,0.75,0.0,1.0,0.0,0.0,0.25,1.0,0.25,1.0,0.0,1.0,0.75,1.0,0.0,1.0,0.0,0.0,1.0,0.25,1.0,0.75,0.0,0.25,1.0,1.0,0.75,1.0,0.75,0.0,0.75,1.0,0.75,1.0,1.0,1.0,1.0,0.0,1.0,0.25,1.0,1.0,1.0,0.75,1.0,0.25,1.0,1.0,1.0,0.0,0.75,0.17,0.67,0.83,0.75,0.0,1.0,1.0,1.0,0.0,0.75,0.75,0.75,0.0,0.75,0.25
4494,0.67,0.17,0.17,0.75,0.75,0.0,0.83,0.25,1.0,0.75,0.25,0.0,1.0,0.25,1.0,0.75,0.75,0.75,1.0,0.25,1.0,0.75,1.0,0.0,0.25,0.25,0.0,0.75,0.75,0.75,0.75,0.25,0.25,1.0,0.75,0.25,0.75,0.75,0.25,1.0,1.0,0.75,0.75,0.75,0.75,1.0,0.25,0.25,0.25,0.75,0.25,0.75,0.75,1.0,1.0,0.25,0.25,0.75,1.0,0.75,0.83,0.67,0.67,0.75,0.75,0.75,1.0,0.75,0.5,0.5,1.0,0.75,0.25,1.0,0.5
4495,0.17,0.17,0.17,1.0,0.25,0.0,1.0,0.0,1.0,1.0,0.0,0.0,1.0,0.0,0.0,0.25,1.0,0.25,1.0,0.0,1.0,0.75,0.75,0.0,0.75,0.0,0.0,1.0,0.0,1.0,0.0,0.0,0.0,1.0,1.0,0.25,1.0,1.0,0.0,1.0,0.75,0.0,1.0,1.0,1.0,1.0,0.0,0.75,0.0,1.0,1.0,1.0,1.0,1.0,0.25,0.0,1.0,1.0,0.0,0.75,0.17,0.5,1.0,0.75,0.25,1.0,1.0,0.75,0.25,0.75,1.0,1.0,0.25,1.0,0.25
4503,0.83,0.17,0.0,0.75,1.0,0.0,1.0,0.0,1.0,1.0,0.0,0.0,1.0,0.0,0.0,0.25,0.75,1.0,1.0,0.0,0.75,0.25,1.0,0.25,1.0,0.0,0.0,1.0,0.0,1.0,0.25,0.0,0.0,0.75,1.0,0.0,1.0,1.0,0.0,1.0,1.0,0.25,1.0,1.0,1.0,1.0,0.0,1.0,0.0,1.0,1.0,1.0,1.0,1.0,0.25,1.0,0.0,1.0,0.0,0.25,0.17,0.5,1.0,1.0,0.25,1.0,1.0,1.0,0.0,0.5,1.0,1.0,0.0,1.0,0.5
4508,0.33,0.17,0.17,0.0,1.0,0.0,0.67,1.0,1.0,0.75,1.0,0.0,0.25,0.75,0.25,1.0,0.25,1.0,1.0,0.0,0.75,0.25,1.0,0.0,1.0,0.0,0.0,0.75,0.25,0.75,1.0,0.0,0.25,1.0,1.0,0.75,0.75,0.25,0.75,0.75,0.75,0.75,1.0,1.0,1.0,1.0,0.25,1.0,0.25,0.25,0.75,0.0,0.75,1.0,0.25,1.0,1.0,0.75,0.75,0.75,0.33,0.67,0.67,1.0,0.75,1.0,1.0,0.75,0.25,0.5,1.0,0.75,0.25,0.75,0.25
4509,0.67,0.33,0.33,0.75,1.0,0.0,0.5,0.75,1.0,1.0,1.0,0.0,0.75,0.25,0.0,0.75,0.0,1.0,0.75,0.0,0.75,0.25,0.25,0.0,0.75,0.0,0.0,1.0,1.0,0.75,1.0,0.25,0.25,0.25,0.75,0.75,0.25,0.75,1.0,0.25,0.75,0.75,1.0,0.75,0.75,1.0,0.0,1.0,0.25,1.0,0.75,0.75,0.75,0.75,0.0,0.0,0.75,0.75,0.75,0.75,0.67,0.67,0.83,1.0,0.75,0.75,0.75,0.5,0.5,0.5,0.5,0.5,0.0,0.75,0.5
4510,0.0,0.0,0.0,1.0,1.0,0.0,1.0,0.0,1.0,1.0,0.0,0.0,1.0,0.0,1.0,1.0,1.0,1.0,1.0,1.0,1.0,0.75,1.0,0.0,1.0,0.0,0.0,1.0,0.25,1.0,1.0,0.0,0.0,1.0,0.0,1.0,1.0,0.75,0.0,1.0,1.0,0.25,1.0,1.0,1.0,1.0,0.0,1.0,0.0,0.75,1.0,1.0,1.0,1.0,0.25,0.0,1.0,1.0,0.0,0.0,0.0,0.33,1.0,1.0,0.0,1.0,1.0,1.0,0.0,0.25,1.0,1.0,0.0,1.0,0.25
4511,0.17,0.0,0.0,1.0,0.25,0.0,0.83,0.0,1.0,1.0,0.25,0.0,1.0,0.0,1.0,0.25,1.0,1.0,1.0,0.0,1.0,0.0,1.0,0.0,0.75,0.0,0.0,1.0,0.25,1.0,0.25,0.0,0.0,0.75,1.0,1.0,1.0,0.75,0.0,1.0,1.0,0.75,0.75,1.0,1.0,1.0,0.25,1.0,0.0,1.0,1.0,1.0,1.0,1.0,1.0,1.0,1.0,1.0,0.75,1.0,0.33,0.33,0.83,0.75,0.25,1.0,0.25,0.75,0.5,0.5,0.75,0.75,0.5,0.75,0.25
4513,0.0,1.0,1.0,0.0,0.0,1.0,0.0,1.0,0.0,0.0,1.0,1.0,0.0,1.0,0.0,0.0,0.0,0.0,0.0,0.0,0.0,0.0,0.0,1.0,0.0,1.0,1.0,0.0,0.0,0.0,0.0,1.0,1.0,0.0,0.0,0.75,0.0,0.0,1.0,0.0,0.0,1.0,0.0,0.0,0.0,0.0,1.0,0.0,1.0,1.0,0.0,0.0,0.0,0.0,0.0,0.0,0.0,0.0,1.0,1.0,1.0,0.83,0.17,0.0,1.0,0.0,0.0,0.0,1.0,0.75,0.5,0.0,1.0,0.5,0.75
4516,0.17,0.17,0.0,0.75,1.0,0.0,0.67,0.0,1.0,1.0,0.0,0.0,0.25,0.0,1.0,1.0,0.75,0.75,0.75,0.0,0.75,0.25,0.75,0.0,0.75,0.0,0.0,1.0,0.75,1.0,1.0,0.75,0.25,1.0,0.25,1.0,1.0,0.75,0.25,0.75,1.0,0.75,1.0,1.0,0.75,1.0,0.25,0.25,0.0,1.0,1.0,1.0,1.0,1.0,1.0,1.0,0.0,1.0,0.0,1.0,0.33,0.67,0.83,0.25,1.0,1.0,1.0,0.75,0.25,0.25,0.75,0.75,0.25,0.75,0.25
4534,0.0,0.0,0.17,0.0,0.0,1.0,0.0,1.0,0.75,0.0,0.75,1.0,0.0,0.25,0.0,0.0,0.25,1.0,1.0,0.0,1.0,1.0,0.0,1.0,0.0,1.0,1.0,0.0,0.0,0.0,0.0,1.0,0.0,1.0,0.0,0.0,0.0,1.0,0.0,1.0,1.0,1.0,0.0,0.0,0.0,0.0,1.0,0.0,1.0,1.0,0.0,0.0,0.0,1.0,0.0,0.0,1.0,0.0,1.0,0.0,0.0,0.17,0.0,0.0,1.0,0.0,0.0,0.0,1.0,1.0,0.5,0.25,0.75,0.75,0.75
4536,0.83,0.17,0.33,1.0,0.25,0.0,0.5,0.0,1.0,0.75,0.75,0.0,0.75,0.0,0.75,1.0,0.0,1.0,1.0,0.25,1.0,0.75,0.75,0.0,0.75,0.0,0.0,0.75,0.25,1.0,0.25,0.0,0.0,0.0,0.75,1.0,0.0,1.0,0.25,1.0,0.75,0.75,1.0,1.0,1.0,1.0,0.25,0.75,0.75,1.0,0.75,0.75,1.0,1.0,0.25,0.0,0.25,1.0,1.0,0.25,0.83,0.67,0.33,0.25,1.0,1.0,1.0,0.75,0.5,0.75,1.0,1.0,0.5,0.75,0.25
4537,0.83,0.33,0.33,0.75,0.0,0.0,0.67,1.0,0.75,0.75,0.75,0.25,1.0,0.0,0.0,0.0,0.75,1.0,0.75,0.0,1.0,1.0,0.0,0.0,0.75,0.75,0.0,0.0,0.0,0.0,0.75,0.0,0.25,1.0,1.0,0.75,0.75,1.0,0.0,0.25,1.0,1.0,0.25,1.0,0.75,1.0,0.0,0.75,0.0,1.0,0.75,1.0,0.75,0.25,0.0,0.0,1.0,0.75,1.0,1.0,0.83,0.67,0.67,0.0,1.0,0.25,0.75,0.5,0.75,0.75,0.75,0.5,0.5,0.75,0.5
4539,0.67,0.67,0.33,0.25,0.75,0.0,0.33,0.75,0.75,0.75,1.0,0.75,0.75,0.75,1.0,0.75,0.0,0.75,0.75,0.0,0.75,0.75,0.75,0.25,0.0,0.75,0.75,1.0,0.75,0.25,1.0,0.25,0.0,1.0,0.75,1.0,0.0,0.75,0.75,0.25,0.25,0.75,0.75,0.75,1.0,1.0,0.0,1.0,0.0,0.75,1.0,0.75,1.0,0.75,0.75,1.0,1.0,1.0,0.75,0.75,0.83,1.0,1.0,0.75,0.25,0.25,1.0,0.5,0.5,0.5,0.5,0.5,0.25,0.75,0.25
4540,0.0,0.17,0.0,1.0,0.75,0.0,1.0,1.0,1.0,1.0,0.25,0.0,1.0,0.25,1.0,0.75,1.0,1.0,1.0,0.25,1.0,1.0,1.0,0.0,1.0,0.0,0.0,1.0,0.25,1.0,1.0,0.0,0.0,1.0,1.0,0.75,1.0,1.0,0.0,0.75,0.75,0.75,1.0,1.0,1.0,1.0,0.0,0.75,0.0,0.75,0.75,1.0,0.75,1.0,0.75,0.25,0.75,0.75,1.0,0.75,0.17,0.5,1.0,0.75,1.0,1.0,1.0,1.0,0.25,0.75,1.0,1.0,0.0,0.75,0.5
4541,1.0,0.5,0.83,0.75,0.0,0.75,0.17,0.25,0.25,0.0,1.0,0.75,0.0,0.0,1.0,1.0,0.25,0.75,1.0,0.0,0.75,0.75,0.75,0.75,0.0,0.25,0.75,0.0,0.25,0.25,0.0,1.0,0.25,1.0,0.0,0.0,0.0,0.75,1.0,0.75,1.0,0.75,0.75,0.0,0.0,0.75,0.75,0.0,1.0,1.0,0.0,0.0,0.25,0.25,0.25,0.0,0.0,0.25,1.0,0.75,0.33,0.33,0.5,0.0,0.75,0.75,0.25,0.25,0.75,0.75,0.75,0.5,0.75,0.5,0.5
4547,0.17,0.0,0.0,1.0,1.0,0.0,1.0,0.0,1.0,1.0,0.0,0.0,1.0,0.0,1.0,0.75,1.0,0.25,1.0,0.0,1.0,1.0,1.0,0.0,1.0,0.0,0.0,1.0,0.25,1.0,0.75,0.0,0.0,1.0,1.0,0.0,1.0,0.75,0.0,1.0,0.75,0.75,1.0,1.0,1.0,1.0,0.0,1.0,0.0,1.0,1.0,1.0,1.0,1.0,0.0,0.75,1.0,1.0,0.0,0.75,0.17,0.67,1.0,1.0,0.75,1.0,1.0,1.0,0.0,0.5,1.0,1.0,0.0,1.0,0.25
4548,0.83,0.33,0.17,0.75,0.75,0.25,0.67,0.25,1.0,1.0,0.25,0.0,0.75,0.0,0.25,0.75,1.0,0.25,0.75,0.25,1.0,0.75,0.75,0.25,0.75,0.0,0.0,0.75,0.0,1.0,0.75,0.0,0.25,1.0,0.75,0.25,1.0,0.75,0.75,1.0,0.75,0.0,0.75,1.0,0.75,1.0,0.0,0.25,0.75,0.75,0.75,0.75,0.75,1.0,0.75,0.75,1.0,1.0,0.0,0.75,0.17,0.67,0.67,0.25,0.75,0.75,0.75,0.75,0.25,0.25,1.0,1.0,0.25,1.0,0.75
4551,0.5,0.17,0.33,0.75,0.25,0.25,0.67,0.0,1.0,1.0,0.25,0.0,1.0,1.0,0.0,0.0,0.25,1.0,0.75,0.0,0.75,0.25,1.0,0.0,1.0,0.0,0.0,0.75,0.25,1.0,0.75,0.0,0.25,1.0,0.75,0.0,0.0,0.75,0.75,0.75,0.75,0.0,0.75,1.0,0.75,0.75,0.0,0.75,0.75,1.0,1.0,1.0,1.0,1.0,0.25,0.25,1.0,0.75,0.25,0.25,0.33,0.17,0.83,0.75,0.25,1.0,1.0,0.75,0.25,0.5,0.75,0.5,0.25,0.75,0.5
4553,0.33,0.33,0.5,0.75,0.75,0.25,0.67,0.25,0.75,1.0,0.75,0.25,0.25,0.25,0.75,1.0,0.75,0.75,0.75,0.0,0.75,0.75,1.0,0.25,0.25,0.25,0.25,0.25,0.25,0.75,0.75,0.75,0.75,0.75,0.75,0.75,0.75,1.0,0.25,0.75,0.75,0.75,1.0,0.75,0.75,1.0,0.75,0.25,0.25,0.75,1.0,1.0,1.0,1.0,0.25,0.25,0.25,0.25,1.0,0.75,0.83,0.67,0.67,0.0,0.75,0.75,0.75,0.75,0.5,0.75,0.75,0.75,0.5,0.75,0.5
4562,0.67,0.5,0.83,0.0,0.0,1.0,0.33,0.25,0.0,0.0,0.75,1.0,0.0,0.75,0.0,0.25,0.0,0.75,0.25,0.0,0.75,1.0,0.0,1.0,0.0,1.0,1.0,0.0,0.25,0.25,0.25,1.0,0.75,0.25,0.0,0.75,0.0,1.0,0.25,1.0,0.75,0.0,1.0,0.0,0.0,1.0,0.75,0.0,0.0,0.0,0.25,0.0,0.0,0.0,0.25,0.0,1.0,0.0,1.0,1.0,0.67,0.5,0.0,0.0,1.0,0.75,0.0,0.0,1.0,1.0,0.75,0.5,0.75,0.25,0.5
4566,0.0,0.0,0.17,1.0,0.25,0.0,0.83,0.0,0.75,0.75,0.25,0.0,1.0,0.0,0.0,0.75,1.0,0.75,0.75,0.25,1.0,0.25,1.0,0.0,1.0,0.0,0.0,1.0,0.0,1.0,0.0,0.0,0.0,1.0,1.0,0.25,0.75,1.0,0.0,1.0,1.0,0.25,1.0,1.0,1.0,1.0,0.0,1.0,0.0,1.0,1.0,1.0,1.0,1.0,0.75,0.75,0.75,1.0,0.75,0.25,0.0,0.67,1.0,0.25,0.0,1.0,1.0,0.5,0.5,0.5,1.0,0.5,0.0,1.0,0.5
4568,1.0,0.67,0.5,0.75,0.0,0.0,0.17,1.0,0.75,0.0,0.75,0.25,0.75,0.25,0.75,0.75,0.0,1.0,0.75,0.0,0.75,0.0,0.0,0.0,0.0,0.75,0.75,0.25,0.25,0.75,0.0,1.0,1.0,0.25,0.0,1.0,0.0,0.75,1.0,0.25,0.0,1.0,0.25,0.75,0.75,1.0,0.25,0.25,0.0,0.25,0.75,1.0,0.25,0.75,0.75,0.0,0.0,0.25,1.0,1.0,0.83,1.0,0.67,0.75,1.0,0.25,1.0,0.5,0.75,0.75,0.75,0.5,0.25,0.75,0.0
4574,0.83,0.33,0.33,1.0,0.75,0.0,0.83,0.75,1.0,0.75,0.25,0.0,0.75,1.0,1.0,1.0,0.75,1.0,1.0,0.25,1.0,0.25,1.0,0.0,1.0,0.0,0.0,0.25,0.75,1.0,1.0,0.25,0.25,0.0,1.0,1.0,0.0,1.0,1.0,1.0,0.25,0.75,0.75,1.0,1.0,1.0,0.0,1.0,0.0,0.25,1.0,1.0,0.75,1.0,1.0,0.25,1.0,0.75,0.75,1.0,0.83,0.83,0.83,0.75,0.75,0.75,1.0,0.75,0.5,0.5,0.75,0.5,0.25,0.75,0.25
4579,0.33,0.33,0.0,0.75,0.75,0.0,1.0,0.75,0.75,1.0,0.75,0.0,1.0,0.25,0.0,0.25,0.75,0.75,0.75,0.25,0.75,0.0,1.0,0.25,0.75,0.0,0.0,0.75,0.0,1.0,0.0,0.0,0.75,1.0,1.0,0.75,0.75,0.75,0.0,1.0,1.0,0.0,0.75,1.0,1.0,1.0,0.25,0.75,0.25,1.0,1.0,1.0,0.75,1.0,0.25,1.0,1.0,1.0,0.25,0.75,0.17,0.5,0.83,0.25,0.25,1.0,1.0,0.75,0.25,0.5,0.75,0.75,0.25,0.75,0.5
4580,0.67,0.17,0.17,1.0,0.25,0.0,1.0,0.25,1.0,1.0,0.25,0.0,1.0,0.0,0.75,0.25,1.0,0.75,1.0,0.0,1.0,0.25,1.0,0.0,1.0,0.0,0.0,1.0,0.25,1.0,1.0,0.0,0.0,1.0,1.0,0.25,1.0,1.0,0.0,0.75,1.0,0.0,1.0,1.0,1.0,1.0,0.0,1.0,0.0,1.0,1.0,1.0,1.0,1.0,0.0,0.75,1.0,0.75,0.25,0.75,0.17,0.33,1.0,0.25,0.0,1.0,1.0,0.75,0.5,0.75,1.0,0.75,0.25,1.0,0.5
4582,0.0,0.83,0.33,0.75,0.0,0.0,0.5,0.0,1.0,0.25,1.0,0.0,0.25,0.0,1.0,0.75,0.0,1.0,0.75,0.0,0.25,0.25,0.0,0.0,0.25,0.0,0.0,0.25,0.75,0.25,0.25,0.25,0.25,0.0,0.25,0.75,0.0,1.0,0.0,0.75,1.0,1.0,1.0,0.75,0.75,1.0,0.75,0.0,0.75,1.0,0.25,0.25,0.75,0.75,0.75,0.0,0.0,0.0,1.0,1.0,0.33,0.33,0.33,0.25,0.75,0.25,0.75,0.5,0.5,0.5,0.5,0.75,0.5,0.5,0.5
4583,0.17,0.17,0.0,1.0,1.0,0.0,0.67,0.0,1.0,1.0,0.0,0.0,1.0,0.0,0.75,0.75,1.0,0.0,1.0,0.0,1.0,1.0,1.0,0.0,1.0,0.0,0.0,1.0,0.25,1.0,0.75,0.0,0.0,1.0,1.0,0.75,1.0,1.0,0.0,1.0,1.0,0.25,0.75,1.0,1.0,1.0,0.0,0.25,0.0,1.0,1.0,1.0,1.0,1.0,0.75,0.75,1.0,1.0,0.0,0.75,0.17,0.33,1.0,0.75,0.75,1.0,1.0,1.0,0.0,0.75,1.0,0.75,0.25,1.0,0.0
4584,0.0,0.5,0.0,0.75,0.75,0.0,0.83,0.0,0.75,1.0,0.0,0.0,1.0,0.25,0.75,0.25,1.0,1.0,1.0,0.0,1.0,0.75,1.0,0.0,0.75,0.0,0.0,1.0,0.25,1.0,0.75,0.0,0.25,1.0,1.0,1.0,1.0,0.75,0.0,0.75,1.0,1.0,1.0,1.0,1.0,1.0,0.0,0.25,0.0,1.0,1.0,1.0,1.0,1.0,0.75,0.25,1.0,1.0,0.0,0.75,0.0,0.67,1.0,0.0,0.25,0.75,0.75,1.0,0.0,0.25,1.0,1.0,0.25,0.75,0.0
4593,0.83,0.83,0.83,0.25,0.0,1.0,0.83,0.25,0.75,0.25,0.25,0.75,0.75,0.0,1.0,0.25,0.75,1.0,1.0,0.0,1.0,0.25,0.0,1.0,0.25,1.0,0.75,0.25,0.25,0.75,0.75,1.0,0.75,0.75,0.25,0.75,0.25,0.75,0.25,0.75,0.75,0.25,1.0,0.25,0.25,0.75,0.25,0.25,1.0,0.75,0.75,1.0,1.0,0.0,0.0,0.25,0.0,0.0,1.0,1.0,0.33,0.33,0.67,0.0,1.0,0.75,0.25,0.25,0.75,1.0,0.5,0.25,0.25,0.75,0.25
4594,0.33,0.5,0.5,1.0,0.0,1.0,0.0,1.0,0.75,0.25,0.0,1.0,0.75,0.25,1.0,0.0,0.0,0.25,1.0,0.0,1.0,0.25,0.0,0.75,0.25,1.0,0.75,1.0,0.0,1.0,0.0,1.0,1.0,1.0,0.0,1.0,0.0,1.0,1.0,1.0,1.0,1.0,0.75,0.75,0.75,1.0,1.0,0.0,0.0,0.0,0.75,0.75,0.75,0.25,0.0,0.0,0.75,0.0,1.0,0.75,1.0,0.5,0.0,0.0,0.75,1.0,1.0,0.0,0.5,0.75,0.75,0.75,0.75,0.5,0.75
4595,0.67,0.67,0.83,0.25,1.0,1.0,0.33,1.0,0.25,0.0,0.0,1.0,0.0,0.0,1.0,1.0,0.0,0.0,0.25,0.0,1.0,0.0,0.0,1.0,0.0,1.0,1.0,1.0,0.0,0.0,0.0,0.75,1.0,1.0,0.0,1.0,1.0,1.0,1.0,0.0,0.25,1.0,0.0,0.0,0.0,1.0,1.0,0.0,0.0,0.0,1.0,1.0,1.0,0.0,0.0,0.0,0.0,0.0,1.0,1.0,0.83,0.83,0.67,0.0,1.0,0.0,0.0,0.25,0.75,0.75,0.75,0.5,0.75,0.5,0.25
4603,0.5,0.5,0.0,1.0,1.0,0.75,0.67,0.0,1.0,1.0,0.0,0.0,1.0,0.0,0.0,1.0,1.0,0.25,1.0,0.0,1.0,0.0,0.75,0.25,0.75,0.25,0.75,0.75,0.0,1.0,0.75,0.0,0.75,1.0,1.0,1.0,0.75,1.0,0.0,1.0,0.75,0.0,0.75,1.0,1.0,1.0,0.0,1.0,0.0,1.0,1.0,1.0,1.0,1.0,0.25,0.0,1.0,1.0,0.0,1.0,0.0,0.0,0.67,0.25,0.0,1.0,1.0,0.75,0.0,0.5,0.75,0.75,0.0,0.75,0.0
4618,1.0,1.0,1.0,0.0,0.0,1.0,0.67,1.0,0.0,0.0,0.25,0.75,0.0,0.25,1.0,0.25,0.75,1.0,0.0,0.0,0.75,0.0,0.0,1.0,0.0,1.0,1.0,0.75,0.0,0.0,0.0,0.75,0.75,0.0,0.0,1.0,0.25,0.75,1.0,0.75,1.0,0.25,1.0,0.0,0.0,0.0,1.0,0.0,0.75,0.0,0.25,0.75,0.75,0.0,0.0,0.0,0.0,0.25,1.0,0.75,0.5,0.33,0.17,0.0,0.75,0.25,0.0,0.0,1.0,0.75,1.0,0.5,0.75,0.25,0.5
4643,0.67,0.17,0.0,0.75,1.0,0.0,1.0,0.75,1.0,1.0,0.0,0.0,1.0,0.0,0.0,0.25,1.0,1.0,1.0,0.0,0.75,0.0,1.0,0.0,1.0,0.0,0.0,1.0,0.0,1.0,0.0,0.0,0.0,0.75,1.0,0.0,1.0,1.0,0.0,1.0,1.0,0.0,0.75,1.0,1.0,1.0,0.0,1.0,0.0,1.0,1.0,1.0,1.0,0.75,0.0,0.75,1.0,1.0,0.0,0.0,0.0,0.5,1.0,1.0,0.25,1.0,0.75,1.0,0.0,0.0,0.75,1.0,0.0,1.0,0.5
4644,0.0,1.0,0.0,1.0,0.25,0.25,1.0,0.0,1.0,1.0,0.0,0.0,1.0,0.0,0.75,0.25,1.0,0.25,1.0,0.25,1.0,1.0,1.0,0.0,1.0,0.0,0.0,1.0,0.25,1.0,1.0,0.0,0.0,1.0,1.0,0.0,1.0,1.0,0.0,1.0,1.0,0.0,1.0,1.0,1.0,1.0,0.0,1.0,0.0,1.0,1.0,1.0,1.0,1.0,0.0,0.75,1.0,1.0,0.0,0.25,0.0,0.0,1.0,0.75,0.0,1.0,1.0,1.0,0.0,0.25,1.0,1.0,0.0,1.0,0.75
4645,0.17,0.17,0.67,0.75,0.0,0.0,1.0,0.0,0.75,0.75,0.0,0.0,1.0,0.0,0.75,0.75,1.0,0.75,1.0,1.0,1.0,0.0,1.0,0.0,1.0,0.0,0.0,1.0,0.0,1.0,1.0,0.0,0.0,1.0,1.0,0.0,1.0,1.0,0.0,1.0,0.75,1.0,1.0,1.0,1.0,1.0,0.0,0.0,0.0,1.0,1.0,0.75,0.0,1.0,1.0,1.0,1.0,0.0,1.0,1.0,0.83,0.83,0.83,1.0,1.0,1.0,1.0,0.75,0.5,0.5,0.75,0.75,0.25,0.75,0.25
4646,0.0,0.0,0.0,1.0,0.75,0.0,1.0,0.0,1.0,1.0,0.0,0.0,1.0,0.0,1.0,0.75,1.0,0.0,1.0,0.0,1.0,1.0,1.0,0.0,1.0,0.0,0.0,1.0,0.75,1.0,1.0,0.0,0.0,1.0,1.0,0.25,1.0,1.0,0.0,1.0,1.0,0.75,1.0,1.0,1.0,1.0,0.0,0.25,0.0,0.75,0.75,1.0,1.0,1.0,0.75,1.0,1.0,0.75,0.25,1.0,0.17,0.67,1.0,0.25,0.75,1.0,1.0,1.0,0.25,0.5,0.75,0.75,0.25,1.0,0.25
4648,1.0,0.0,1.0,0.75,0.0,0.25,0.0,0.75,1.0,0.25,0.25,0.25,0.75,0.0,0.75,1.0,1.0,1.0,0.75,0.0,1.0,0.75,0.0,1.0,0.25,0.75,0.0,0.25,0.25,1.0,0.0,1.0,0.0,0.75,1.0,1.0,1.0,1.0,1.0,1.0,1.0,1.0,1.0,0.75,0.25,1.0,1.0,0.75,1.0,0.25,1.0,0.25,1.0,1.0,1.0,0.0,0.0,0.0,1.0,1.0,0.67,0.83,0.33,0.0,1.0,0.0,1.0,0.5,0.75,1.0,1.0,1.0,0.75,1.0,0.25
4659,0.83,0.0,0.0,1.0,0.0,0.0,0.33,1.0,1.0,1.0,1.0,0.0,0.25,1.0,1.0,1.0,0.75,0.0,1.0,0.25,1.0,0.0,1.0,0.0,0.25,0.0,0.0,1.0,1.0,1.0,0.75,1.0,0.75,0.75,0.0,1.0,1.0,0.25,1.0,0.25,1.0,0.75,1.0,1.0,1.0,1.0,0.25,0.75,0.75,0.0,1.0,1.0,1.0,1.0,1.0,0.0,1.0,1.0,0.0,1.0,0.67,0.67,1.0,0.75,0.25,1.0,1.0,0.5,0.25,0.5,0.75,0.5,0.5,0.75,0.75
4660,1.0,0.5,0.5,1.0,1.0,0.0,0.5,0.0,1.0,1.0,1.0,0.0,1.0,0.0,0.0,0.0,1.0,1.0,1.0,0.0,1.0,1.0,1.0,0.0,1.0,0.75,0.0,1.0,1.0,1.0,1.0,0.0,1.0,1.0,0.0,1.0,1.0,0.0,1.0,1.0,1.0,0.0,1.0,1.0,1.0,1.0,1.0,1.0,0.0,1.0,1.0,1.0,1.0,1.0,1.0,1.0,1.0,1.0,0.0,1.0,1.0,0.5,1.0,1.0,1.0,1.0,1.0,1.0,1.0,0.0,1.0,0.75,1.0,0.75,0.5
