user,0,1,2,3,4,5,6,7,8,9,10,11,12,13,14,15,16,17,18,19,20,21,22,23,24,25,26,27,28,29,30,31,32,33,34,35,36,37,38,39,40,41,42,43,44,45,46,47,48,49,50,51,52,53,54,55,56,57,58,59,60,61,62,63,64,65,66,67,68,69,70,71,72,73,74,75,76,77,78,79,80,81,82,83,84,85,86,87,88,89,90,91,92,93,94,95,96,97,98,99,100,101,102,103,104,105,106,107,108,109,110,111,112,113,114,115,116,117,118,119,120,121,122,123,124,125,126,127,128,129,130,131,132,133,134,135,136,137,138,139,140,141,142,143,144,145,146,147,148,149,150,151,152,153,154,155,156,157,158,159,160,161,162,163,164,165,166,167,168,169,170,171,172,173,174,175,176,177,178,179,180,181,182,183,184,185,186,187,188,189,190,191,192,193,194,195,196
0,1.0,1.0,1.0,1.0,1.0,1.0,1.0,1.0,1.0,1.0,1.0,,0.5,0.5,0.5,0.5,1.0,0.5,0.5,0.5,0.5,0.5,,,0.5,,,,,0.5,0.5,0.5,0.5,,0.5,0.5,,0.5,0.0,0.0,1.0,1.0,,1.0,0.5,,0.5,,0.5,,0.5,1.0,,0.5,,0.5,,,,1.0,,1.0,1.0,0.0,1.0,0.5,0.0,1.0,1.0,1.0,,1.0,0.5,,,,,0.5,0.5,,0.5,,,,0.5,,,1.0,,,0.5,,0.5,,0.5,,0.5,,,,0.5,,,,0.5,,1.0,,,0.5,,1.0,,,,,,,,0.5,1.0,0.5,1.0,1.0,,,1.0,,0.5,,,,,1.0,,0.5,,0.0,,1.0,1.0,1.0,,0.5,0.0,0.5,,,,,1.0,0.0,,0.5,1.0,,0.0,0.5,,1.0,1.0,1.0,0.5,,0.0,1.0,,,,0.0,1.0,1.0,1.0,0.0,0.0,,,,,,,,,,,,,,,,,,,,,,
1,1.0,0.0,0.0,1.0,1.0,0.0,1.0,1.0,0.5,0.5,1.0,,0.5,0.0,1.0,0.0,1.0,1.0,0.0,0.0,1.0,0.5,,,0.5,,,,,,,,1.0,,,0.0,,0.0,,,,,,,,,,,,,,,,,,,,,,,,,,1.0,,,,,,,,,,,,,,,,,,,,,1.0,,,,,,,,,,,,,,,,,,,,,,,,,,,,,,,,,,,,,,,,,,,,,,,,,,,,,,,,,,,,0.0,,,,,,,,,,,,,,,,,,,,1.0,,,,,,,,,,,,,,,,,,,,,,,,,,,,,,,,
2,1.0,0.0,0.0,1.0,1.0,0.5,0.0,1.0,1.0,1.0,1.0,1.0,1.0,0.0,1.0,0.0,1.0,0.5,0.0,0.5,0.5,0.5,,,0.0,,,,,0.0,0.0,0.0,1.0,,1.0,1.0,,0.0,1.0,1.0,0.5,1.0,,1.0,0.0,,1.0,,0.0,,1.0,0.5,,1.0,,0.0,,,,1.0,,1.0,1.0,1.0,1.0,1.0,1.0,0.5,1.0,1.0,,1.0,1.0,,,,,0.5,0.5,,1.0,,,,0.5,,,1.0,,,1.0,,0.0,,1.0,,1.0,,,,1.0,,,,1.0,,1.0,,,0.5,,1.0,,,,,,,,1.0,0.5,0.5,1.0,0.5,,,1.0,,1.0,,,,,1.0,,1.0,,1.0,,1.0,1.0,1.0,,1.0,1.0,1.0,,,,,1.0,1.0,,1.0,1.0,,,,,,,,,,,,,,,,,,,,,,,,,,,,,,,,,,,,,,,,,,
4,1.0,0.0,0.0,1.0,1.0,1.0,0.0,1.0,1.0,1.0,0.0,,0.5,0.0,1.0,0.0,1.0,0.5,0.0,0.0,0.0,1.0,,,1.0,,,,,0.0,0.0,0.0,0.0,,0.0,0.0,,0.0,1.0,1.0,,,,,,,,,,,,,,,,,,,,,,,,,,,,,,,,,,,,,,,,,,,,,,,,,,,,,,,,,,,,,,,,,,,,,,,,,,,,,,,,,,,,,,,,,,,,,,,,,,,,,,,,,,,,,,,,,,,,,,,,,,,,,,,,,,,,,,,,,,,,,,,,,,,,,,,,,,,,,
5,0.5,0.5,0.5,0.5,0.5,0.5,0.5,0.5,0.5,0.5,0.5,,,,,,,,,,,,,,,,,,,,,,,,,,,,,,,,,,,,,,,,,,,,,,,,,,,,,,,,,,,,,,,,,,,,,,,,,,,,,,,,,,,,,,,,,,,,,,,,,,,,,,,,,,,,,,,,,,,,,,,,,,,,,,,,,,,,,,,,,,,,,,,,,,,,,,,,,,,,,,,,,,,,,,,,,,,,,,,,,,,,,,,,,,
7,0.0,,1.0,1.0,1.0,1.0,1.0,1.0,1.0,1.0,0.0,,1.0,,,,,,,,,,,,,,,,,,,,,,,,,,,,,,,,,,,,,,,,,,,,,,,,,,,,,,,,,,,,,,,,,,,,,,,,,,,,,,,,,,,,,,,,,,,,,,,,,,,,,,,,,,,,,,,,,,,,,,,,,,,,,,,,,,,,,,,,,,,,,,,,,,,,,,,,,,,,,,,,,,,,,,,,,,,,,,,,,,,,,,,,
9,1.0,0.0,0.0,1.0,1.0,1.0,1.0,1.0,1.0,1.0,0.0,,,,,,,,,,,,,,,,,,,,,,,,,,,,,,,,,,,,,,,,,,,,,,,,,,,,,,,,,,,,,,,,,,,,,,,,,,,,,,,,,,,,,,,,,,,,,,,,,,,,,,,,,,,,,,,,,,,,,,,,,,,,,,,,,,,,,,,,,,,,,,,,,,,,,,,,,,,,,,,,,,,,,,,,,,,,,,,,,,,,,,,,,,
10,1.0,,,,,,,,,,,,,,,,,,,,,,,,,,,,,,,,,,,,,,,,,,,,,,,,,,,,,,,,,,,,,,,,,,,,,,,,,,,,,,,,,,,,,,,,,,,,,,,,,,,,,,,,,,,,,,,,,,,,,,,,,,,,,,,,,,,,,,,,,,,,,,,,,,,,,,,,,,,,,,,,,,,,,,,,,,,,,,,,,,,,,,,,,,,,,,,,,,,,
11,1.0,0.0,0.0,1.0,1.0,1.0,1.0,1.0,1.0,1.0,1.0,,,,,,,,,,,,,,,,,,,,,,,,,,,,,,,,,,,,,,,,,,,,,,,,,,,,,,,,,,,,,,,,,,,,,,,,,,,,,,,,,,,,,,,,,,,,,,,,,,,,,,,,,,,,,,,,,,,,,,,,,,,,,,,,,,,,,,,,,,,,,,,,,,,,,,,,,,,,,,,,,,,,,,,,,,,,,,,,,,,,,,,,,,
14,0.0,,,1.0,1.0,1.0,1.0,1.0,1.0,1.0,0.0,,1.0,0.0,0.0,0.0,1.0,1.0,0.5,0.5,0.0,1.0,,,0.5,,,,,0.0,0.0,0.5,1.0,,1.0,1.0,,,,,,,,,,,,,,,,,,,,,,,,,,,,,,,,,,,,,,,,,,,,,,,,,,,,,,,,,,,,,,,,,,,,,,,,,,,,,,,,,,,,,,,,,,,,,,,,,,,,,,,,,,,,,,,,,,,,,,,,,,,,,,,,,,,,,,,,,,,,,,,,,,,,,,,,,,,,,,,,,
17,1.0,0.0,0.0,0.0,1.0,0.0,0.0,1.0,1.0,1.0,0.0,,1.0,0.0,1.0,0.0,1.0,1.0,0.0,0.0,1.0,1.0,,,0.0,,,,,0.0,0.0,0.0,0.0,,0.0,0.0,,0.0,1.0,1.0,1.0,1.0,,0.0,0.0,,1.0,,0.0,,1.0,0.0,,1.0,,0.0,,,,1.0,,1.0,1.0,1.0,1.0,1.0,1.0,1.0,1.0,1.0,,1.0,1.0,,,,,1.0,0.0,,,,,,,,,,,,,,,,,,,,,,,,,,,,,,,,,,,,,,,,,,,,,,,,,,,,,,,,,,,,,,,,,,,,,,,,,,,,,,,,,,,,,,,,,,,,,,,,,,,,,,,,,,,,,,,,,,,,,,
19,1.0,,,1.0,,,0.0,1.0,,,,,,,1.0,,1.0,,1.0,,0.0,0.0,,,,,,,,0.0,,,1.0,,0.0,,,,,1.0,1.0,,,0.0,0.5,,1.0,,,,0.5,,,,,0.0,,,,,,1.0,1.0,,1.0,,,,,,,1.0,,,,,,,0.0,,,,,,1.0,,,1.0,,,1.0,,0.0,,,,1.0,,,,,,,,1.0,,,,,0.0,,,,,,,,,,,,,,1.0,,,,,1.0,,,,,,,1.0,,,,1.0,,1.0,,,,,,,,,,,,,1.0,,,,,,,,,,,,,,,,,,,,,,,,,,,,,,,,,,,,,,,,,,
20,1.0,0.0,0.0,1.0,1.0,1.0,0.0,1.0,1.0,0.0,0.0,,1.0,0.0,1.0,0.0,1.0,0.0,0.0,0.0,0.0,0.0,,,0.0,,,,,0.0,0.0,0.0,0.0,,0.0,0.0,,0.0,1.0,1.0,1.0,1.0,,0.0,0.0,,1.0,,0.0,,0.0,1.0,,1.0,,0.0,,,,1.0,,1.0,1.0,1.0,1.0,1.0,1.0,1.0,1.0,1.0,,1.0,0.0,,,,,0.0,0.0,,1.0,,,,0.0,,,1.0,,,1.0,,1.0,,1.0,,0.0,,,,1.0,,,,0.5,,1.0,,,0.0,,1.0,,,,,,,,1.0,0.0,0.5,0.5,0.0,,,1.0,,0.0,,,,,0.0,,1.0,,1.0,,1.0,1.0,1.0,,1.0,1.0,1.0,,,,,1.0,1.0,,1.0,0.0,,1.0,1.0,,0.5,0.0,0.5,0.0,,0.0,0.0,,,,0.5,0.0,0.0,1.0,1.0,0.5,,,,,,,,,,,,,,,,,,,,,,
24,1.0,,,0.0,1.0,0.0,0.5,1.0,1.0,0.5,0.0,,1.0,,1.0,,1.0,0.5,0.0,0.5,,1.0,,,0.5,,,,,,0.0,,,,1.0,1.0,,,1.0,1.0,1.0,1.0,,0.0,,,,,,,0.0,0.0,,1.0,,0.5,,,,,,,1.0,1.0,,1.0,,,1.0,0.5,,0.5,,,,,,1.0,1.0,,,,,,1.0,,,0.0,,,1.0,,0.0,,0.0,,0.5,,,,1.0,,,,,,0.5,,,,,1.0,,,,,,,,1.0,,0.5,1.0,,,,1.0,,0.0,,,,,,,1.0,,1.0,,,1.0,1.0,,,0.0,1.0,,,,,1.0,,,1.0,0.5,,0.0,,,0.5,0.0,0.5,0.5,,0.0,,,,,,,,,,,,,,,,,,,,,,,,,,,,,,,,
26,1.0,,,0.5,1.0,0.5,1.0,1.0,0.5,0.5,1.0,,1.0,0.0,1.0,0.0,1.0,1.0,0.0,1.0,1.0,0.0,,,0.0,,,,,0.0,0.0,0.0,1.0,,1.0,0.0,,0.0,1.0,0.0,0.0,,,,,,,,,,,,,,,,,,,,,,,,,,,,,,,,1.0,,,,,,,,,,,,,,,,,,,,,,,,,,,,,,,,,,,,,,,,,,,,,,,,,,,,,,,,0.5,,,,,,,,,1.0,,,,,,,1.0,,,,,,,,,,,,,,,,,,,,,,,,,,,,0.0,,,,,,,,,,,,,,,,,,,,,,,,
28,1.0,,,1.0,1.0,1.0,0.0,1.0,1.0,1.0,1.0,,0.0,0.0,1.0,1.0,,,,,,,,,,,,,,,,,,,,,,,,,,,,,,,,,,,,,,,,,,,,,,,,,,,,,,,,,,,,,,,,,,,,,,,,,,,,,,,,,,,,,,,,,,,,,,,,,,,,,,,,,,,,,,,,,,,,,,,,,,,,,,,,,,,,,,,,,,,,,,,,,,,,,,,,,,,,,,,,,,,,,,,,,,,,,,,,,,,,,
29,1.0,,,1.0,1.0,0.5,0.0,1.0,1.0,0.5,0.0,,0.5,0.0,1.0,0.0,1.0,,,,,,,,,,,,,,,,,,,,,,,,,,,,,,,,,,,,,,,,,,,,,,,,,,,,,,,,,,,,,,,,,,,,,,,,,,,,,,,,,,,,,,,,,,,,,,,,,,,,,,,,,,,,,,,,,,,,,,,,,,,,,,,,,,,,,,,,,,,,,,,,,,,,,,,,,,,,,,,,,,,,,,,,,,,,,,,,,,,,
30,1.0,,,,,,,1.0,,,,,,,,,1.0,,,,,,,,,,,,,,,,,,,,,,,,,,,,,,,,,,,,,,,,,,,,,,,,,,,,,,,,,,,,,,,,,,,,,,,,,,,,,,,,,,,,,,,,,,,,,,,,,,,,,,,,,,,,,,,,,,,,,,,,,,,,,,,,,,,,,,,,,,,,,,,,,,,,,,,,,,,,,,,,,,,,,,,,,,,,,,,,,,,,
31,1.0,,,1.0,,,,,,,,,,,,,1.0,,,,,,,,,,,,,,,,,,,,,,,,,,,,,,,,,,,,,,,,,,,,,,,,,,,,,,,,,,,,,,,,,,,,,,,,,,,,,,,,,,,,,,,,,,,,,,,,,,,,,,,,,,,,,,,,,,,,,,,,,,,,,,,,,,,,,,,,,,,,,,,,,,,,,,,,,,,,,,,,,,,,,,,,,,,,,,,,,,,,
33,0.5,,,0.5,0.5,1.0,0.5,0.5,1.0,0.5,0.5,,0.5,0.5,0.5,0.5,0.5,1.0,1.0,1.0,1.0,1.0,,,1.0,,,,,0.0,0.0,1.0,1.0,,1.0,1.0,,1.0,0.0,1.0,1.0,0.0,,0.0,1.0,,0.0,,0.5,,,,,0.5,,0.5,,,,,,,0.5,0.5,0.5,0.5,0.5,,,,,,0.5,,,,,0.5,,,,,,,,,,0.5,,,0.5,,,,0.5,,,,,,0.5,,,,,,0.5,,,0.5,,,,,,,,,,0.5,0.0,0.5,0.5,0.5,,,,,0.5,,,,,1.0,,,,0.5,,0.5,0.5,,,,,,,,,,,,,,,,,,,,,,,,,,,,,,,,,,,,,,,,,,,,,,,,,,,,,,,,
35,0.5,,,0.0,1.0,0.5,0.0,1.0,1.0,1.0,0.0,,0.0,0.0,1.0,0.0,1.0,0.5,0.0,0.0,1.0,0.5,,,1.0,,,,,0.0,0.0,0.0,1.0,,1.0,0.0,,1.0,0.0,0.5,1.0,1.0,,0.0,0.5,,0.5,,0.5,,0.0,1.0,,0.5,,1.0,,,,0.0,,1.0,1.0,0.0,1.0,1.0,0.5,0.5,0.5,1.0,,0.5,0.5,,,,,1.0,1.0,,0.5,,,,0.5,,,1.0,,,0.5,,0.0,,0.0,,1.0,,,,1.0,,,,1.0,,1.0,,,0.0,,1.0,,,,,,,,,,,,,,,,,,,,,,,,,,,,,,,,,,,,,,,,,,,,,,,,,,,,,,,,,,,,,,,,,,,,,,,,,,,,,,,,,,,,,
37,0.0,,,1.0,0.5,1.0,1.0,0.5,1.0,1.0,0.0,,0.5,0.0,1.0,1.0,1.0,0.5,,,,,,,,,,,,,,,,,,,,,,,,,,,,,,,,,,,,,,,,,,,,,,,,,,,,,,,,,,,,,,,,,,,,,,,,,,,,,,,,,,,,,,,,,,,,,,,,,,,,,,,,,,,,,,,,,,,,,,,,,,,,,,,,,,,,,,,,,,,,,,,,,,,,,,,,,,,,,,,,,,,,,,,,,,,,,,,,,,,
39,0.5,,,0.5,0.5,1.0,0.5,0.5,0.5,0.5,0.5,,0.5,0.5,0.5,0.5,0.5,0.5,0.5,0.5,0.5,0.5,,,1.0,,,,,1.0,1.0,0.0,1.0,,1.0,1.0,,0.0,0.0,0.0,1.0,0.0,,0.0,1.0,,0.0,,1.0,,1.0,1.0,,0.0,,1.0,,,,1.0,,0.0,0.0,0.0,1.0,1.0,0.0,0.0,0.0,1.0,,0.0,0.0,,,,,1.0,1.0,,0.0,,,,0.0,,,0.0,,,0.0,,0.0,,0.0,,0.0,,,,1.0,,,,0.0,,0.0,,,0.0,,1.0,,,,,,,,1.0,0.0,0.0,1.0,0.0,,,0.0,,0.0,,,,,0.0,,0.0,,1.0,,0.0,0.0,1.0,,0.0,0.0,,,,,,,,,,,,,,,,,,,,,,,,,,,,,,,,,,,,,,,,,,,,,,,,,,,,
40,0.0,,,1.0,0.0,0.0,0.0,1.0,0.0,0.0,0.0,,1.0,0.0,1.0,0.0,1.0,1.0,,,,,,,,,,,,,,,,,,,,,,,,,,,,,,,,,,,,,,,,,,,,,,,,,,,,,,,,,,,,,,,,,,,,,,,,,,,,,,,,,,,,,,,,,,,,,,,,,,,,,,,,,,,,,,,,,,,,,,,,,,,,,,,,,,,,,,,,,,,,,,,,,,,,,,,,,,,,,,,,,,,,,,,,,,,,,,,,,,,
41,1.0,,,0.0,0.0,0.0,,0.0,0.0,1.0,0.0,,0.0,0.0,1.0,0.0,0.0,1.0,,,,1.0,,,,,,,,0.0,,1.0,,,1.0,,,,1.0,,1.0,,,,,,1.0,,,,1.0,,,,,1.0,,,,,,1.0,,1.0,1.0,,,1.0,,0.0,,,,,,,,,1.0,,1.0,,,,,,,,,,,,,,,,0.5,,,,,,,,,,,,,,,,,,,,,,,,1.0,0.0,,,,,,,,,,,,,,,,,,1.0,,,,,,0.0,,,,,,,,,,,1.0,1.0,,,,,,,,0.0,,,,,,,,,,,,,,,,,,,,,,,,,,,,,,,
45,1.0,,,,,,,,,,,,1.0,,0.0,1.0,,,,,0.0,0.0,,,,,,,,,,,,,,,,,,,,,,,,,,,,,,,,,,,,,,,,,,,,,,,,,,,,,,,,,,,,,,,,,,,,,,,,,,,,,,,,,,,,,,,,,,,,,,,,,,,,,,,,,,,,,,,,,,,,,,,,,,,,,,,,,,,,,,,,,,,,,,,,,,,,,,,,,,,,,,,,,,,,,,,,,,,,,,,
46,1.0,,,1.0,1.0,0.0,0.5,0.5,0.5,0.5,1.0,,1.0,0.0,1.0,0.5,1.0,0.5,0.0,0.0,0.0,0.0,,,0.0,,,,,0.5,0.0,0.0,0.5,,0.5,0.0,,0.5,1.0,1.0,1.0,0.5,,1.0,0.0,,1.0,,0.0,,0.0,0.5,,1.0,,,,,,,,,,,,,,,,,,,,,,,,,,,,,,,,,,,,,,,,,,,,,,,,,,,,,,,,,,,,,,,,,,,,,,,,,,,,,,,,,,,,,,,,,,,,,,,,,,,,,,,,,,,,,,,,,,,,,,,,,,,,,,,,,,,,,,,,,,,,,,,
47,0.0,,,1.0,1.0,0.0,1.0,1.0,1.0,1.0,0.0,,1.0,1.0,0.0,0.0,1.0,1.0,1.0,1.0,0.0,1.0,,,1.0,,,,,0.0,0.0,0.0,1.0,,1.0,1.0,,1.0,1.0,1.0,1.0,1.0,,0.0,1.0,,1.0,,0.0,,0.0,1.0,,1.0,,0.0,,,,0.0,,1.0,1.0,1.0,1.0,1.0,0.5,1.0,1.0,0.0,,1.0,1.0,,,,,1.0,1.0,,1.0,,,,1.0,,,1.0,,,1.0,,0.0,,1.0,,0.0,,,,1.0,,,,1.0,,1.0,,,1.0,,,,,,,,,,,,,,,,,,,,,,,,,,,,,,,,,,,,,,,,,,,,,,,,,,,,,,,,,,,,,,,,,,,,,,,,,,,,,,,,,,,,,,,
49,1.0,,,1.0,1.0,1.0,0.0,1.0,1.0,1.0,1.0,,0.0,0.0,0.0,0.0,1.0,0.5,0.0,0.0,0.0,1.0,,,1.0,,,,,0.0,0.0,0.0,0.0,,1.0,0.0,,0.0,1.0,1.0,1.0,1.0,,1.0,0.0,,1.0,,0.5,,0.0,0.0,,1.0,,0.0,,,,1.0,,1.0,1.0,1.0,1.0,1.0,1.0,1.0,1.0,0.5,,0.5,1.0,,,,,1.0,0.0,,,,,,,,,,,,,,,,,,,,,,,,,,,,,,,,,,,,,,,,,,,,,,,,,,,,,,,,,,,,,,,,,,,,,,,,,,,,,,,,,,,,,,,,,,,,,,,,,,,,,,,,,,,,,,,,,,,,,,
54,1.0,,,0.0,1.0,1.0,1.0,1.0,1.0,1.0,0.0,,0.0,1.0,0.0,0.5,1.0,1.0,,,,,,,,,,,,,,,,,,,,,,,,,,,,,,,,,,,,,,,,,,,,,,,,,,,,,,,,,,,,,,,,,,,,,,,,,,,,,,,,,,,,,,,,,,,,,,,,,,,,,,,,,,,,,,,,,,,,,,,,,,,,,,,,,,,,,,,,,,,,,,,,,,,,,,,,,,,,,,,,,,,,,,,,,,,,,,,,,,,
56,1.0,,,1.0,1.0,0.0,0.0,1.0,1.0,1.0,0.0,,1.0,0.0,1.0,0.0,1.0,1.0,0.0,0.0,0.0,0.0,,,1.0,,,,,0.0,0.0,0.0,0.0,,0.0,0.0,,1.0,1.0,1.0,0.5,0.5,,0.5,0.5,,0.5,,0.5,,0.5,,1.0,,,,,,,0.5,,,,,,,,,,,,,,,,,,,,,0.5,,,,,,,,,,,,,,,,,,,,,,,,,,,,,,,,,,,,,,,,,,,,,,,,,,,,,,,,,,,,,,,,,,,,,,,,,,,,,,,,,,,,,,,,,,,,,,,,,,,,,,,,,,,,,,,,,,,,
59,1.0,,,1.0,1.0,1.0,1.0,1.0,1.0,1.0,0.0,,0.0,0.0,1.0,1.0,1.0,0.0,,,,,,,,,,,,,,,,,,,,,,,,,,,,,,,,,,,,,,,,,,,,,,,,,,,,,,,,,,,,,,,,,,,,,,,,,,,,,,,,,,,,,,,,,,,,,,,,,,,,,,,,,,,,,,,,,,,,,,,,,,,,,,,,,,,,,,,,,,,,,,,,,,,,,,,,,,,,,,,,,,,,,,,,,,,,,,,,,,,
60,1.0,,,,1.0,0.0,1.0,,1.0,,0.0,,0.0,0.5,1.0,0.0,1.0,,,0.5,0.0,,,,,,,,,0.5,0.0,,0.0,,1.0,0.5,,0.0,1.0,1.0,1.0,1.0,,0.5,0.0,,1.0,,,,,,,,,,,,,,,,,,,,,,,,,,,,,,,,,,,,,,,,,,,,,,,,,,,,,,,,,,,,,,,,,,,,,,,,,,,,,,,,,,,,,,,,,,,,,,,,,,,,,,,,,,,,,,,,,,,,,,,,,,,,,,,,,,,,,,,,,,,,,,,,,,,,,,
64,0.5,,,1.0,0.0,1.0,1.0,1.0,1.0,1.0,0.5,,0.0,1.0,1.0,0.5,1.0,0.0,,,,,,,,,,,,,,,,,,,,,,,,,,,,,,,,,,,,,,,,,,,,,,,,,,,,,,,,,,,,,,,,,,,,,,,,,,,,,,,,,,,,,,,,,,,,,,,,,,,,,,,,,,,,,,,,,,,,,,,,,,,,,,,,,,,,,,,,,,,,,,,,,,,,,,,,,,,,,,,,,,,,,,,,,,,,,,,,,,,
65,0.0,,,,,1.0,,,0.5,1.0,,,0.0,0.0,1.0,0.0,1.0,1.0,,,,,,,,,,,,,,,,,,,,,,,,,,,,,,,,,,,,,,,,,,,,,,,,,,,,,,,,,,,,,,,,,,,,,,,,,,,,,,,,,,,,,,,,,,,,,,,,,,,,,,,,,,,,,,,,,,,,,,,,,,,,,,,,,,,,,,,,,,,,,,,,,,,,,,,,,,,,,,,,,,,,,,,,,,,,,,,,,,,
69,0.0,,,0.0,0.0,1.0,1.0,1.0,1.0,1.0,0.0,,1.0,0.0,0.0,0.0,1.0,1.0,0.0,0.0,0.0,0.0,,,1.0,,,,,0.0,0.0,0.0,1.0,,1.0,1.0,,1.0,1.0,1.0,1.0,1.0,,0.0,0.0,,1.0,,0.0,,0.0,1.0,,1.0,,1.0,,,,1.0,,1.0,1.0,1.0,1.0,1.0,0.5,1.0,1.0,0.0,,0.5,0.0,,,,,1.0,1.0,,1.0,,,,1.0,,,1.0,,,1.0,,0.0,,1.0,,1.0,,,,1.0,,,,1.0,,1.0,,,1.0,,1.0,,,,,,,,1.0,0.5,0.5,1.0,0.0,,,1.0,,1.0,,,,,0.0,,1.0,,0.0,,1.0,0.5,1.0,,1.0,1.0,1.0,,,,,0.5,0.5,,1.0,0.5,,0.0,1.0,,0.5,0.5,1.0,0.5,,1.0,0.5,,,,1.0,0.5,0.0,1.0,0.5,1.0,,,,,,,,,,,,,,,,,,,,,,
70,1.0,,,0.0,1.0,1.0,1.0,1.0,1.0,1.0,0.0,,0.0,0.0,1.0,0.0,1.0,0.0,1.0,1.0,1.0,1.0,,,,,,,,,,,,,,,,,,,,,,,,,,,,,,,,,,,,,,,,,,,,,,,,,,,,,,,,,,,,,,,,,,,,,,,,,,,,,,,,,,,,,,,,,,,,,,,,,,,,,,,,,,,,,,,,,,,,,,,,,,,,,,,,,,,,,,,,,,,,,,,,,,,,,,,,,,,,,,,,,,,,,,,,,,,,,,,
71,0.5,,,0.0,0.0,1.0,1.0,1.0,1.0,1.0,0.5,,0.0,1.0,1.0,0.5,1.0,0.0,1.0,1.0,1.0,1.0,,,1.0,,,,,0.5,0.0,1.0,1.0,,1.0,1.0,,,,,,,,,,,,,,,,,,,,,,,,,,,,,,,,,,,,,,,,,,,,,,,,,,,,,,,,,,,,,,,,,,,,,,,,,,,,,,,,,,,,,,,,,,,,,,,,,,,,,,,,,,,,,,,,,,,,,,,,,,,,,,,,,,,,,,,,,,,,,,,,,,,,,,,,,,,,,,,,,
73,1.0,,,1.0,0.0,1.0,1.0,1.0,1.0,1.0,0.0,,1.0,0.5,1.0,1.0,1.0,0.0,1.0,1.0,1.0,1.0,,,1.0,,,,,1.0,1.0,1.0,1.0,,1.0,1.0,,,,,,,,,,,,,,,,,,,,,,,,,,,,,,,,,,,,,,,,,,,,,,,,,,,,,,,,,,,,,,,,,,,,,,,,,,,,,,,,,,,,,,,,,,,,,,,,,,,,,,,,,,,,,,,,,,,,,,,,,,,,,,,,,,,,,,,,,,,,,,,,,,,,,,,,,,,,,,,,,
74,0.5,,,0.5,0.5,1.0,0.5,0.5,1.0,1.0,0.5,,0.5,0.5,1.0,0.5,0.5,0.5,1.0,1.0,1.0,1.0,,,1.0,1.0,,,,,,,,,,,,,,,,,,,,,,,,,,,,,,,,,,,,,,,,,,,,,,,,,,,,,,,,,,,,,,,,,,,,,,,,,,,,,,,,,,,,,,,,,,,,,,,,,,,,,,,,,,,,,,,,,,,,,,,,,,,,,,,,,,,,,,,,,,,,,,,,,,,,,,,,,,,,,,,,,,,,,,,,,,,
75,0.0,,,0.0,0.0,1.0,1.0,1.0,1.0,1.0,0.0,,0.0,0.0,1.0,0.0,1.0,1.0,1.0,1.0,1.0,1.0,,,,,,,,,,,,,,,,,,,,,,,,,,,,,,,,,,,,,,,,,,,,,,,,,,,,,,,,,,,,,,,,,,,,,,,,,,,,,,,,,,,,,,,,,,,,,,,,,,,,,,,,,,,,,,,,,,,,,,,,,,,,,,,,,,,,,,,,,,,,,,,,,,,,,,,,,,,,,,,,,,,,,,,,,,,,,,,
76,1.0,,,0.0,0.0,1.0,1.0,1.0,1.0,1.0,0.0,,0.0,0.0,1.0,0.0,1.0,0.0,1.0,1.0,1.0,1.0,,,1.0,,,,,1.0,1.0,1.0,1.0,,1.0,1.0,,1.0,0.0,1.0,1.0,1.0,,0.0,1.0,,0.0,,1.0,,1.0,1.0,,0.0,,1.0,,,,1.0,,0.0,0.0,0.0,1.0,0.0,1.0,0.0,0.0,0.0,,0.0,1.0,,,,,1.0,1.0,,1.0,,,,0.0,,,0.0,,,0.0,,0.0,,1.0,,1.0,,,,1.0,,,,1.0,,0.0,,,0.0,,1.0,,,,,,,,0.0,0.0,0.0,0.0,0.0,,,1.0,,0.0,,,,,0.0,,1.0,,0.0,,0.0,0.0,1.0,,0.0,0.0,1.0,,,,,1.0,0.0,,0.0,0.0,,0.0,0.0,,0.0,0.5,0.5,0.0,,1.0,1.0,,,,0.5,1.0,0.0,1.0,0.0,1.0,,,,,,,,,,,,,,,,,,,,,,
77,1.0,,,0.0,0.0,1.0,1.0,1.0,1.0,1.0,0.0,,0.0,0.0,1.0,0.0,1.0,1.0,1.0,0.0,1.0,1.0,,,,,,,,,,,,,,,,,,,,,,,,,,,,,,,,,,,,,,,,,,,,,,,,,,,,,,,,,,,,,,,,,,,,,,,,,,,,,,,,,,,,,,,,,,,,,,,,,,,,,,,,,,,,,,,,,,,,,,,,,,,,,,,,,,,,,,,,,,,,,,,,,,,,,,,,,,,,,,,,,,,,,,,,,,,,,,,
81,1.0,,,0.0,0.0,1.0,1.0,1.0,1.0,1.0,0.0,,0.0,1.0,1.0,0.0,1.0,0.0,1.0,1.0,1.0,1.0,,,1.0,,,,,1.0,1.0,1.0,1.0,,1.0,1.0,,1.0,0.0,0.0,1.0,1.0,,0.0,1.0,,0.0,,1.0,,1.0,1.0,,0.0,,1.0,,,,1.0,,0.5,0.0,1.0,1.0,0.5,0.0,0.5,0.0,0.0,,0.0,0.0,,,,,1.0,1.0,,1.0,,,,0.0,,,0.0,,,0.0,,0.0,,1.0,,1.0,,,,1.0,,,,1.0,,1.0,,,0.0,,1.0,,,,,,,,0.0,1.0,0.0,1.0,0.0,,,0.0,,0.0,,,,,0.0,,0.5,,0.5,,0.0,0.5,1.0,,0.0,0.0,1.0,,,,,1.0,0.0,,0.0,0.0,,0.0,0.0,,0.0,0.0,0.5,0.0,,1.0,1.0,,,,0.5,1.0,0.0,1.0,0.0,1.0,,,,,,,,,,,,,,,,,,,,,,
82,0.0,,,0.0,0.0,1.0,1.0,1.0,1.0,1.0,0.0,,0.0,1.0,1.0,1.0,1.0,0.0,1.0,1.0,1.0,1.0,,,1.0,,,,,1.0,1.0,1.0,1.0,,1.0,1.0,,1.0,0.0,0.0,1.0,1.0,,0.0,1.0,,0.0,,1.0,,1.0,1.0,,0.0,,1.0,,,,0.0,,0.0,0.0,1.0,1.0,0.0,0.0,0.0,1.0,0.0,,0.0,0.0,,,,,1.0,1.0,,1.0,,,,0.0,,,0.0,,,0.0,,0.0,,0.0,,0.0,,,,0.0,,,,1.0,,0.0,,,0.0,,1.0,,,,,,,,0.0,,,,,,,,,,,,,,,,,,,,,,,,,,,,,,,,,,,,,,,,,,,,,,,,,,,,,,,,,,,,,,,,,,,,,,,,,,,,,
83,0.0,,,0.0,0.0,1.0,1.0,1.0,1.0,1.0,0.0,,0.0,1.0,1.0,0.0,1.0,0.0,1.0,1.0,1.0,1.0,,,1.0,,,,,1.0,1.0,1.0,1.0,,1.0,1.0,,1.0,0.0,0.0,1.0,1.0,,0.0,1.0,,0.0,,1.0,,1.0,1.0,,0.0,,1.0,,,,1.0,,0.0,0.0,1.0,1.0,0.0,0.0,0.0,0.0,0.0,,0.0,0.0,,,,,1.0,1.0,,1.0,,,,0.0,,,0.0,,,0.0,,0.0,,1.0,,0.0,,,,0.0,,,,,,,,,,,,,,,,,,,,,,,,,,,,,,,,,,,,,,,,,,,,,,,,,,,,,,,,,,,,,,,,,,,,,,,,,,,,,,,,,,,,,,,,,,,,,,,,
85,0.0,,,0.0,0.0,1.0,1.0,1.0,1.0,0.5,0.0,,0.0,1.0,1.0,0.0,1.0,0.0,1.0,1.0,1.0,1.0,,,1.0,,,,,1.0,1.0,1.0,1.0,,1.0,1.0,,,,,,,,,,,,,,,,,,,,,,,,,,,,,,,,,,,,,,,,,,,,,,,,,,,,,,,,,,,,,,,,,,,,,,,,,,,,,,,,,,,,,,,,,,,,,,,,,,,,,,,,,,,,,,,,,,,,,,,,,,,,,,,,,,,,,,,,,,,,,,,,,,,,,,,,,,,,,,,,,
86,0.0,,,0.0,0.0,1.0,1.0,1.0,1.0,1.0,0.0,,0.0,1.0,1.0,0.0,1.0,0.0,1.0,1.0,1.0,1.0,,,1.0,,,,,1.0,1.0,1.0,1.0,,1.0,1.0,,1.0,0.0,0.0,1.0,1.0,,0.0,1.0,,0.0,,1.0,,1.0,1.0,,0.0,,1.0,,,,1.0,,0.0,0.0,1.0,1.0,0.0,0.0,0.0,0.0,0.0,,0.0,0.0,,,,,1.0,1.0,,1.0,,,,0.0,,,0.0,,,0.0,,0.0,,1.0,,0.0,,,,,,,,,,,,,,,,,,,,,,,,,,,,,,,,,,,,,,,,,,,,,,,,,,,,,,,,,,,,,,,,,,,,,,,,,,,,,,,,,,,,,,,,,,,,,,,,,,,,
87,0.5,,,1.0,0.0,1.0,1.0,0.5,1.0,1.0,0.5,,0.0,0.5,0.5,0.5,0.5,0.0,1.0,1.0,1.0,1.0,,,,,,,,,,,,,,,,,,,,,,,,,,,,,,,,,,,,,,,,,,,,,,,,,,,,,,,,,,,,,,,,,,,,,,,,,,,,,,,,,,,,,,,,,,,,,,,,,,,,,,,,,,,,,,,,,,,,,,,,,,,,,,,,,,,,,,,,,,,,,,,,,,,,,,,,,,,,,,,,,,,,,,,,,,,,,,,
88,1.0,,,1.0,0.0,1.0,1.0,0.0,1.0,1.0,0.0,,0.0,1.0,1.0,1.0,1.0,1.0,1.0,1.0,1.0,1.0,1.0,1.0,1.0,,,,,1.0,1.0,1.0,1.0,,1.0,1.0,,1.0,0.0,1.0,1.0,1.0,,1.0,1.0,,0.0,,1.0,,1.0,1.0,,0.0,,1.0,,,,1.0,,1.0,0.0,0.0,1.0,1.0,0.0,0.0,1.0,0.0,,0.0,0.0,,,,,1.0,1.0,,1.0,,,,0.0,,,1.0,,,0.0,,0.0,,1.0,,1.0,,,,1.0,,,,1.0,,1.0,,,0.0,,1.0,,,,,,,,0.0,1.0,1.0,1.0,1.0,,,1.0,,0.0,,,,,1.0,,0.0,,0.0,,1.0,0.0,1.0,,1.0,0.0,0.5,,,,,1.0,1.0,,0.0,1.0,,0.0,0.0,,1.0,1.0,1.0,0.5,,1.0,1.0,,,,0.0,1.0,0.0,0.0,1.0,1.0,,,,,,,,,,,,,,,,,,,,,,
96,0.0,,,0.5,0.0,1.0,1.0,0.5,1.0,1.0,0.0,,0.0,1.0,1.0,1.0,1.0,0.0,1.0,1.0,1.0,1.0,,,1.0,,1.0,,,,,,,,,,,,,,,,,,,,,,,,,,,,,,,,,,,,,,,,,,,,,,,,,,,,,,,,,,,,,,,,,,,,,,,,,,,,,,,,,,,,,,,,,,,,,,,,,,,,,,,,,,,,,,,,,,,,,,,,,,,,,0.0,,,,,,,,,,,,,,,,,,,,,,,,,,,,,,,,,,,,,,,,,,,,,
97,0.0,,,0.0,0.0,1.0,1.0,0.5,1.0,1.0,0.5,,0.5,1.0,1.0,0.5,1.0,0.5,1.0,1.0,1.0,1.0,,,1.0,,,,,,,,,,,,,,,,,,,,,,,,,,,,,,,,,,,,,,,,,,,,,,,,,,,,,,,,,,,,,,,,,,,,,,,,,,,,,,,,,,,,,,,,,,,,,,,,,,,,,,,,,,,,,,,,,,,,,,,,,,,,,,,,,,,,,,,,,,,,,,,,,,,,,,,,,,,,,,,,,,,,,,,,,,,,
98,0.5,,,0.0,0.0,1.0,1.0,1.0,1.0,1.0,0.5,,0.0,1.0,1.0,0.0,1.0,1.0,1.0,1.0,1.0,1.0,,,1.0,,,,,,,,,,,,,,,,,,,,,,,,,,,,,,,,,,,,,,,,,,,,,,,,,,,,,,,,,,,,,,,,,,,,,,,,,,,,,,,,,,,,,,,,,,,,,,,,,,,,,,,,,,,,,,,,,,,,,,,,,,,,,,,,,,,,,,,,,,,,,,,,,,,,,,,,,,,,,,,,,,,,,,,,,,,,
103,0.0,,,0.0,0.0,0.0,0.0,0.0,0.0,0.0,0.0,,0.0,0.0,0.0,1.0,0.0,0.0,0.0,0.0,0.0,0.0,,,0.0,,,1.0,,,,,,,,,,,,,,,,,,,,,,,,,,,,,,,,,,,,,,,,,,,,,,,,,,,,,,,,,,,,,,,,,,,,,,,,,,,,,,,,,,,,,,,,,,,,,,,,,,,,,,,,,,,,,,,,,,,,,,,,,,,,,,,,,,,,,,,,,,,,,,,,,,,,,,,,,,,,,,,,,,,,,,,,,
106,0.0,,,,,,,,0.0,0.0,,,,,,0.0,0.0,0.0,0.5,,,,,,0.5,,,,,1.0,,,,1.0,,,,,,,,,,,,,,,,,,,,,,,,,,,,,,,,,,,,,,,,,,,,,,,,,,,,,,,,,,,,,,,,,,,,,,,,,,,,,,,,,,,,,,,,,,,,,,,,,,,,,,,,,,,,,,,,,,,,,,,,,,,,,,,,,,,,,,,,,,,,,,,,,,,,,,,,,,,,,,,,,,,
107,0.0,,,1.0,1.0,1.0,1.0,1.0,1.0,1.0,0.0,,0.0,1.0,1.0,1.0,1.0,1.0,1.0,1.0,1.0,1.0,,,1.0,,,,,,,,,,,,,,,,,,,,,,,,,,,,,,,,,,,,,,,,,,,,,,,,,,,,,,,,,,,,,,,,,,,,,,,,,,,,,,,,,,,,,,,,,,,,,,,,,,,,,,,,,,,,,,,,,,,,,,,,,,,,,,,,,,,,,,,,,,,,,,,,,,,,,,,,,,,,,,,,,,,,,,,,,,,,
116,0.0,,,1.0,1.0,1.0,1.0,,1.0,1.0,0.0,,1.0,1.0,1.0,1.0,1.0,1.0,1.0,1.0,1.0,1.0,,,1.0,,,,,1.0,1.0,1.0,1.0,,1.0,1.0,,,,,,,,,,,,,,,,,,,,,,,,,,,,,,,,,,,,,,,,,,,,,,,,,,,,,,,,,,,,,,,,,,,,,,,,,,,,,,,,,,,,,,,,,,,,,,,,,,,,,,,,,,,,,,,,,,,,,,,,,,,,,,,,,,,,,,,,,,,,,,,,,,,,,,,,,,,,,,,,,
122,0.0,,,1.0,0.0,1.0,1.0,1.0,1.0,1.0,0.0,,0.0,0.0,1.0,1.0,1.0,0.0,1.0,1.0,1.0,1.0,,,1.0,,,,,1.0,1.0,1.0,1.0,,1.0,1.0,,,,,,,,,,,,,,,,,,,,,,,,,,,,,,,,,,,,,,,,,,,,,,,,,,,,,,,,,,,,,,,,,,,,,,,,,,,,,,,,,,,,,,,,,,,,,,,,,,,,,,,,,,,,,,,,,,,,,,,,,,,,,,,,,,,,,,,,,,,,,,,,,,,,,,,,,,,,,,,,,
127,0.0,,,1.0,0.0,1.0,1.0,1.0,1.0,1.0,0.0,,1.0,1.0,1.0,1.0,1.0,1.0,1.0,1.0,1.0,1.0,,,1.0,,,,,1.0,1.0,1.0,1.0,,1.0,1.0,,,,,,,,,,,,,,,,,,,,,,,,,,,,,,,,,,,,,,,,,,,,,,,,,,,,,,,,,,,,,,,,,,,,,,,,,,,,,,,,,,,,,,,,,,,,,,,,,,,,,,,,,,,,,,,,,,,,,,,,,,,,,,,,,,,,,,,,,,,,,,,,,,,,,,,,,,,,,,,,,
130,0.0,,,0.0,1.0,1.0,1.0,1.0,1.0,1.0,0.0,,0.0,1.0,1.0,1.0,1.0,1.0,1.0,1.0,1.0,1.0,,,1.0,,,,,1.0,1.0,1.0,1.0,,1.0,1.0,,,,,,,,,,,,,,,,,,,,,,,,,,,,,,,,,,,,,,,,,,,,,,,,,,,,,,,,,,,,,,,,,,,,,,,,,,,,,,,,,,,,,,,,,,,,,,,,,,,,,,,,,,,,,,,,,,,,,,,,,,,,,,,,,,,,,,,,,,,,,,,,,,,,,,,,,,,,,,,,,
134,0.5,,,0.5,0.5,1.0,1.0,1.0,1.0,1.0,0.0,,0.0,1.0,1.0,0.0,1.0,0.0,1.0,1.0,1.0,0.5,,,1.0,,,,,1.0,1.0,1.0,1.0,,1.0,1.0,,,,,,,,,,,,,,,,,,,,,,,,,,,,,,,,,,,,,,,,,,,,,,,,,,,,,,,,,,,,,,,,,,,,,,,,,,,,,,,,,,,,,,,,,,,,,,,,,,,,,,,,,,,,,,,,,,,,,,,,,,,,,,,,,,,,,,,,,,,,,,,,,,,,,,,,,,,,,,,,,
135,0.0,,,1.0,0.0,1.0,1.0,1.0,1.0,1.0,0.0,,0.0,,1.0,0.0,,0.0,1.0,1.0,,1.0,,,1.0,,,,,0.5,1.0,1.0,1.0,,1.0,,,,,,,,,,,,,,,,,,,,,,,,,,,,,,,,,,,,,,,,,,,,,,,,,,,,,,,,,,,,,,,,,,,,,,,,,,,,,,,,,,,,,,,,,,,,,,,,,,,,,,,,,,,,,,,,,,,,,,,,,,,,,,,,,,,,,,,,,,,,,,,,,,,,,,,,,,,,,,,,,,
136,0.0,,,1.0,0.0,1.0,1.0,1.0,1.0,1.0,0.0,,1.0,1.0,0.0,0.0,1.0,1.0,1.0,1.0,1.0,1.0,,,1.0,,,,,1.0,1.0,1.0,1.0,,1.0,1.0,,,,,,,,,,,,,,,,,,,,,,,,,,,,,,,,,,,,,,,,,,,,,,,,,,,,,,,,,,,,,,,,,,,,,,,,,,,,,,,,,,,,,,,,,,,,,,,,,,,,,,,,,,,,,,,,,,,,,,,,,,,,,,,,,,,,,,,,,,,,,,,,,,,,,,,,,,,,,,,,,
137,0.0,,,0.0,0.0,1.0,1.0,1.0,1.0,1.0,0.0,,0.0,1.0,1.0,0.0,1.0,0.0,1.0,1.0,1.0,1.0,,,1.0,,,,,1.0,1.0,1.0,1.0,,1.0,1.0,,1.0,0.0,0.0,1.0,1.0,,0.0,1.0,,1.0,,1.0,,1.0,1.0,,0.0,,1.0,,,,1.0,,0.0,0.0,1.0,1.0,1.0,0.0,0.0,0.0,0.0,,0.0,0.0,,,,,1.0,1.0,,1.0,,,,0.0,,,0.0,,,0.0,,0.0,,1.0,,0.0,,,,0.0,,,,0.0,,,,,,,,,,,,,,,,,,,,,,,,,,,,,,,,,,,,,,,,,,,,,,,,,,,,,,,,,,,,,,,,,,,,,,,,,,,,,,,,,,,,,,,,,,,,
138,0.0,,,1.0,1.0,1.0,1.0,1.0,1.0,1.0,0.0,,0.0,1.0,1.0,0.0,1.0,1.0,1.0,1.0,1.0,1.0,,,1.0,,,,,1.0,1.0,1.0,1.0,,1.0,0.5,,,,,,,,,,,,,,,,,,,,,,,,,,,,,,,,,,,,,,,,,,,,,,,,,,,,,,,,,,,,,,,,,,,,,,,,,,,,,,,,,,,,,,,,,,,,,,,,,,,,,,,,,,,,,,,,,,,,,,,,,,,,,,,,,,,,,,,,,,,,,,,,,,,,,,,,,,,,,,,,,
143,0.5,,,0.5,0.5,1.0,1.0,1.0,1.0,1.0,0.5,,0.5,1.0,1.0,1.0,1.0,0.5,1.0,1.0,1.0,1.0,,,1.0,,,,,1.0,1.0,1.0,1.0,,1.0,1.0,,,,,,,,,,,,,,,,,,,,,,,,,,,,,,,,,,,,,,,,,,,,,,,,,,,,,,,,,,,,,,,,,,,,,,,,,,,,,,,,,,,,,,,,,,,,,,,,,,,,,,,,,,,,,,,,,,,,,,,,,,,,,,,,,,,,,,,,,,,,,,,,,,,,,,,,,,,,,,,,,
144,0.0,,,1.0,,1.0,,1.0,,,,,0.5,1.0,1.0,,,0.5,,1.0,,,,,0.0,,,,,0.0,,1.0,0.0,,,,,,,,,,,,,,,,,,,,,,,,,,,,,,,,,,,,,,,,,,,,,,,,,,,,,,,,,,,,,,,,,,,,,,,,,,,,,,,,,,,,,,,,,,,,,,,,,,,,,,,,,,,,,,,,,,,,,,,,,,,,,,,,,,,,,,,,,,,,,,,,,,,,,,,,,,,,,,,,,,,,
152,0.0,,,0.0,0.0,1.0,1.0,1.0,1.0,1.0,0.0,,0.0,1.0,1.0,1.0,1.0,0.0,1.0,1.0,1.0,1.0,,,1.0,,,,,1.0,1.0,1.0,1.0,,1.0,1.0,,1.0,0.0,0.0,1.0,1.0,,0.0,1.0,,0.0,,,,,,,,,,,,,,,,,,,,,,,,,,,,,,,,,,,,,,,,,,,,,,,,,,,,,,,,,,,,,,,,,,,,,,,,,,,,,,,,,,,,,,,,,,,,,,,,,,,,,,,,,,,,,,,,,,,,,,,,,,,,,,,,,,,,,,,,,,,,,,,,,,,,,,
158,0.0,,,1.0,0.0,1.0,1.0,1.0,1.0,1.0,0.0,,0.0,1.0,1.0,1.0,1.0,1.0,1.0,1.0,1.0,1.0,,,1.0,,,,,1.0,1.0,1.0,1.0,,1.0,1.0,1.0,,,,,,,,,,,,,,,,,,,,,,,,,,,,,,,,,,,,,,,,,,,,,,,,,,,,,,,,,,,,,,,,,,,,,,,,,,,,,,,,,,,,,,,,,,,,,,,,,,,,,,,,,,,,,,,,,,,,,,,,,,,,,,,,,,,,,,,,,,,,,,,,,,,,,,,,,,,,,,,,
168,1.0,,,0.0,1.0,0.0,1.0,1.0,1.0,1.0,0.0,,0.0,0.0,1.0,0.0,1.0,1.0,1.0,0.0,0.0,1.0,,,0.5,,,,,0.0,0.0,0.5,1.0,,0.5,0.0,,0.0,,,,,,,,,,,,,,,,,,,,,,,,,,,,,,,,,,,,,,,,,,,,,,,,,,,,,,,,,,,,,,,,,,,,,,,,,,,,,,,,,,,,,,,,,,,,,,,,,,,,,,,,,,,,,,,,,,,,,,,,,,,,,,,,,,,,,,,,,,,,,,,,,,,,,,,,,,,,,,,
169,1.0,,,1.0,1.0,0.0,1.0,1.0,1.0,1.0,1.0,,0.0,0.0,1.0,0.0,1.0,1.0,1.0,1.0,0.0,1.0,,,1.0,,,,,0.0,0.0,0.5,1.0,,0.5,1.0,,0.5,0.0,0.0,1.0,1.0,,0.0,0.0,,0.0,,0.0,,1.0,0.0,,0.5,,1.0,,,,0.0,,1.0,0.0,0.0,1.0,1.0,0.0,1.0,1.0,0.0,,0.0,0.0,,,,,1.0,0.5,,0.5,,,,0.0,,,0.5,,,0.0,,0.0,,1.0,,1.0,,,,1.0,,,,1.0,,0.0,,,0.0,,1.0,,,,,,,,0.0,1.0,0.0,0.5,0.0,,,1.0,,0.0,,,,,1.0,,1.0,,1.0,,1.0,0.0,1.0,,1.0,0.0,,,,,,,,,,,,,,,,,,,,,,,,,,,,,,,,,,,,,,,,,,,,,,,,,,,,
172,1.0,,,0.0,0.0,0.0,0.0,1.0,0.0,1.0,1.0,,1.0,0.0,0.0,0.0,1.0,1.0,0.0,0.0,0.0,0.0,,,1.0,,,,,0.0,0.0,0.0,0.0,,0.0,0.0,,1.0,,,,,,,,,,,,,,,,,,,,,,,,,,,,,,,,,,,,,,,,,,,,,,,,,,,,,,,,,,,,,,,,,,,,,,,,,,,,,,,,,,,,,,,,,,,,,,,,,,,,,,,,,,,,,,,,,,,,,,,,,,,,,,,,,,,,,,,,,,,,,,,,,,,,,,,,,,,,,,,
175,0.0,,,1.0,1.0,1.0,0.0,1.0,1.0,1.0,0.0,,1.0,0.0,1.0,0.0,1.0,0.0,0.0,0.0,1.0,1.0,,,1.0,,,,,0.0,0.0,0.5,0.0,,0.0,1.0,,0.0,,,,,,,,,,,,,,,,,,,,,,,,,,,,,,,,,,,,,,,,,,,,,,,,,,,,,,,,,,,,,,,,,,,,,,,,,,,,,,,,,,,,,,,,,,,,,,,,,,,,,,,,,,,,,,,,,,,,,,,,,,,,,,,,,,,,,,,,,,,,,,,,,,,,,,,,,,,,,,,
176,1.0,,,1.0,1.0,0.0,0.0,0.0,1.0,1.0,0.0,,0.0,0.0,0.0,0.0,1.0,0.0,0.0,0.0,0.0,0.5,,,0.0,,,,,0.5,0.0,0.0,0.0,,0.0,0.5,,0.0,1.0,1.0,,,,,,,,,,,,,,,,,,,,,,,,,,,,,,,,,,,,,,,,,1.0,,,,,,,,,,,,,,,,,,,,,,,,,,,,,,,,,,,,,,,,,,,,,,,,,,,,,,,,,,,,,,,,,,,,,,,,,,,,,,,,,,,,,,,,,,,,,,,,,,,,,,,,,,,,,,,,,,,,
180,0.0,,,0.0,1.0,1.0,1.0,1.0,1.0,1.0,0.0,,1.0,0.5,1.0,1.0,1.0,1.0,1.0,1.0,1.0,1.0,,,1.0,,,,,1.0,0.0,0.0,1.0,,1.0,0.5,,1.0,,,,,,,,,,,,,,,,,,,,,,,,,,,,,,,,,,,,,,,,,,,,,,,,,,,,,,,,,,,,,,,,,,,,,,,,,,,,,,,,,,,,,,,,,,,,,,,,,,,,,,,,,,,,,,,,,,,,,,,,,,,,,,,,,,,,,,,,,,,,,,,,,,,,,,,,,,,,,,,
182,0.0,,,0.0,0.0,1.0,1.0,1.0,1.0,1.0,0.0,,0.0,1.0,1.0,1.0,1.0,0.0,1.0,1.0,1.0,1.0,,,1.0,,,,,1.0,1.0,1.0,1.0,,1.0,1.0,,1.0,0.0,0.0,1.0,1.0,,0.0,1.0,,0.0,,1.0,,1.0,1.0,,0.0,,1.0,,,,0.0,,0.0,0.0,1.0,1.0,1.0,0.0,0.0,0.0,0.0,,0.0,0.0,,,,,1.0,1.0,,1.0,,,,0.0,,,0.0,,,0.0,,0.0,,1.0,,0.0,,,,1.0,,,,0.0,,0.0,,,0.0,,1.0,,,,,,,,0.0,0.0,0.0,0.0,0.0,,,0.0,,0.0,,,,,0.0,,0.0,,0.0,,0.0,1.0,1.0,,,,,,,,,,,,,,,,,,,,,,,,,,,,,,,,,,,,,,,,,,,,,,,,,,,,,,,
184,1.0,,,0.0,0.0,0.0,0.0,1.0,1.0,0.0,1.0,,0.0,0.0,1.0,0.0,1.0,0.0,0.0,0.0,0.0,0.0,,,0.0,,,,,0.0,0.0,1.0,0.0,,0.0,0.0,,0.0,,,,,,0.0,,,,,,,0.0,,,,,,,,,,,,,,,,,,,,,,,,,,,,,,,,,,,,,,,,,,1.0,,,,,,,,,,,,,,,,,,,,,,,,,,,,,,0.0,,,,,,,,,,,,,,,,,,,,,,,0.0,,,,,,,,,0.0,,,,,,,,,,,,,,,,,,,,,,,,,,,,,,,,,,,,,,,,,,
186,0.0,,,0.0,0.0,1.0,1.0,1.0,1.0,1.0,0.0,,0.0,1.0,1.0,0.0,1.0,0.0,1.0,1.0,1.0,1.0,,,1.0,,,,,1.0,1.0,1.0,1.0,,1.0,1.0,,1.0,0.0,0.0,1.0,1.0,,0.0,1.0,,0.0,,1.0,,1.0,1.0,,0.0,,,,,,,,,,,,,,,,,,,,,,,,,,,,,,,,,,,,,,,,,,,,,,,,,,,,,,,,,,,,,,,,,,,,,,,,,,,,,,,,,,,,,,,,,,,,,,,,,,,,,,,,,,,,,,,,,,,,,,,,,,,,,,,,,,,,,,,,,,,,,,,
194,1.0,,,0.0,0.0,1.0,1.0,1.0,1.0,1.0,0.0,,0.0,1.0,1.0,0.0,1.0,0.0,1.0,1.0,1.0,1.0,,,1.0,,,,,1.0,1.0,1.0,1.0,,1.0,1.0,,1.0,,,,,,,,,,,,,,,,,,,,,,,,,,,,,,,,,,,,,,,,,,,,,,,,,,,,,,,,,,,,,,,,,,,,,,,,,,,,,,,,,,,,,,,,,,,,,,,,,,,,,,,,,,,,,,,,,,,,,,,,,,,,,,,,,,,,,,,,,,,,,,,,,,,,,,,,,,,,,,,
195,1.0,,,1.0,1.0,0.0,1.0,1.0,1.0,1.0,1.0,,0.0,0.0,1.0,0.0,1.0,1.0,0.0,1.0,0.0,1.0,,,1.0,,,,,0.0,0.0,0.0,1.0,,1.0,1.0,,1.0,,,,,,,,,,,,,,,,,,,,,,,,,,,,,,,,,,,,,,,,,,,,,,,,,,,,,,,,,,,,,,,,,,,,,,,,,,,,,,,,,,,,,,,,,,,,,,,,,,,,,,,,,,,,,,,,,,,,,,,,,,,,,,,,,,,,,,,,,,,,,,,,,,,,,,,,,,,,,,,
197,0.0,,,0.0,0.0,0.0,0.0,0.0,0.0,0.0,0.0,,1.0,0.0,1.0,0.0,0.0,0.0,0.0,0.0,0.0,0.0,,,0.0,,,,,0.0,0.0,0.0,0.0,,0.0,0.0,,0.0,,,,,,,,,,,,,,,,,,,,,,,,,,,,,,,,,,,,,,,,,,,,,,,,,,,,,,,,,,,,,,,,,,,,,,,,,,,,,,,,,,,,,,,,,,,,,,,,,,,,,,,,,,,,,,,,,,,,,,,,,,,,,,,,,,,,,,,,,,,,,,,,,,,,,,,,,,,,,,,
198,1.0,,,1.0,1.0,0.0,0.0,1.0,1.0,1.0,0.0,,0.5,0.0,1.0,0.0,1.0,0.5,0.0,0.0,0.0,1.0,,,1.0,,,,,0.0,0.0,0.0,0.0,,0.5,0.0,,0.0,,,,,,,,,,,,,,,,,,,,,,,,,,,,,,,,,,,,,,,,,,,,,,,,,,,,,,,,,,,,,,,,,,,,,,,,,,,,,,,,,,,,,,,,,,,,,,,,,,,,,,,,,,,,,,,,,,,,,,,,,,,,,,,,,,,,,,,,,,,,,,,,,,,,,,,,,,,,,,,
202,0.0,,,0.0,0.0,0.0,1.0,1.0,1.0,1.0,0.0,,0.0,1.0,1.0,0.0,1.0,1.0,1.0,1.0,1.0,1.0,,,1.0,,,,,1.0,1.0,1.0,1.0,,1.0,1.0,,1.0,,,,,,,,,,,,,,,,,,,,,,,,,,,,,,,,,,,,,,,,,,,,,,,,,,,,,,,,,,,,,,,,,,,,,,,,,,,,,,,,,,,,,,,,,,,,,,,,,,,,,,,,,,,,,,,,,,,,,,,,,,,,,,,,,,,,,,,,,,,,,,,,,,,,,,,,,,,,,,,
203,1.0,,,1.0,1.0,0.0,0.0,1.0,0.0,0.0,1.0,,1.0,0.0,1.0,1.0,1.0,1.0,0.0,0.0,0.0,0.0,,,0.0,,,,,0.5,0.0,0.0,0.0,,1.0,0.0,,0.5,,,,,,,,,,,,,,,,,,,,,,,,,,,,,,,,,,,,,,,,,,,,,,,,,,,,,,,,,,,,,,,,,,,,,,,,,,,,,,,,,,,,,,,,,,,,,,,,,,,,,,,,,,,,,,,,,,,,,,,,,,,,,,,,,,,,,,,,,,,,,,,,,,,,,,,,,,,,,,,
205,1.0,,,1.0,1.0,0.0,0.0,1.0,1.0,1.0,1.0,,0.0,0.0,1.0,0.0,1.0,0.5,0.0,0.0,0.0,1.0,,,1.0,,,,,0.0,0.0,0.0,1.0,,1.0,0.5,,0.0,1.0,0.0,1.0,0.0,,1.0,0.0,,1.0,,0.0,,0.0,0.0,,1.0,,0.0,,,,1.0,,1.0,1.0,1.0,1.0,1.0,1.0,1.0,1.0,1.0,,0.5,1.0,,,,,1.0,0.0,,0.0,,,,1.0,,,1.0,,,1.0,,0.5,,1.0,,1.0,,,,0.0,,,,1.0,,1.0,,,1.0,,1.0,,,,,,,,1.0,0.5,0.5,1.0,0.5,,,1.0,,0.0,,,,,1.0,,1.0,,0.0,,1.0,1.0,1.0,,1.0,0.5,1.0,,,,,1.0,1.0,,1.0,0.0,,0.0,1.0,,0.0,0.5,0.5,0.0,,0.0,1.0,,,,0.5,0.0,0.0,1.0,1.0,0.5,,,,,,,,,,,,,,,,,,,,,,
211,1.0,,,,,0.0,0.0,1.0,1.0,,1.0,,,0.0,,0.0,,1.0,,0.0,0.0,,,,,,,,,0.0,0.0,,0.0,,0.0,0.0,,0.0,,,,,,,,,,,,,,,,,,,,,,,,,,,,,,,,,,,,,,,,,,,,,,,,,,,,,,,,,,,,,,,,,,,,,,,,,,,,,,,,,,,,,,,,,,,,,,,,,,,,,,,,,,,,,,,,,,,,,,,,,,,,,,,,,,,,,,,,,,,,,,,,,,,,,,,,,,,,,,,
218,1.0,,,0.0,1.0,1.0,1.0,1.0,1.0,1.0,1.0,,1.0,0.0,1.0,1.0,1.0,1.0,0.0,1.0,0.0,1.0,,,1.0,,,,,1.0,1.0,1.0,1.0,,1.0,1.0,,1.0,,,,,,,,,,,,,,,,,,,,,,,,,,,,,,,,,,,,,,,,,,,,,,,,,,,,,,,,,,,,,,,,,,,,,,,,,,,,,,,,,,,,,,,,,,,,,,,,,,,,,,,,,,,,,,,,,,,,,,,,,,,,,,,,,,,,,,,,,,,,,,,,,,,,,,,,,,,,,,,
220,0.0,,,,,,1.0,1.0,1.0,,,,1.0,,,,,1.0,,1.0,1.0,,,,1.0,,,,,,,1.0,,,,,,,1.0,,,,,,,,,,,,,,,,,1.0,,,,0.0,,1.0,,,,,,1.0,,,,1.0,1.0,,,,,,,,,,,,,,,,,,,,,,,,,,,,,,,,,,,,,,,,,,,,,,,,,,,,,,,,,,,,,,,,,,,,,,,,,,,,,,,,,,,,,,,,,,,,,,,,,,,,,,,,,,,,,,,,,,,,,,,,,,,,
223,1.0,,,,,1.0,,,,,,,,,1.0,,,0.0,,,,,,,,,,,,1.0,,1.0,,,,1.0,,,,,,,,,,,,,,,,,,,,,,,,,,,,,,,,,,,,,,,,,,,,,,,,,,,,,,,,,,,,,,,,,,,,,,,,,,,,,,,,,,,,,,,,,,,,,,,,,,,,,,,,,,,,,,,,,,,,,,,,,,,,,,,,,,,,,,,,,,,,,,,,,,,,,,,,,,,,,,,,,
227,0.0,,,1.0,,1.0,1.0,,1.0,,0.0,,1.0,,,,,,,1.0,0.0,,,,,,,,,,0.5,,,,1.0,0.5,,,,,,,,,,,,,,,,,,,,,,,,,,,,,,,,,,,,,,,,,,,,,,,,,,,,,,,,,,,,,,,,,,,,,,,,,,,,,,,,,,,,,,,,,,,,,,,,,,,,,,,,,,,,,,,,,,,,,,,,,,,,,,,,,,,,,,,,,,,,,,,,,,,,,,,,,,,,,,,,,
231,0.0,,,1.0,1.0,,,1.0,1.0,,,,0.5,0.0,,,,,0.0,0.0,0.0,,,,0.0,,,,,,,,,,1.0,0.5,,0.5,,,,,,,,,,,,,,,,,,,,,,,,,,,,,,,,,,,,,,,,,,,,,,,,,,,,,,,,,,,,,,,,,,,,,,,,,,,,,,,,,,,,,,,,,,,,,,,,,,,,,,,,,,,,,,,,,,,,,,,,,,,,,,,,,,,,,,,,,,,,,,,,,,,,,,,,,,,,,,,
234,1.0,,,1.0,0.0,1.0,1.0,1.0,1.0,1.0,1.0,,0.0,0.0,1.0,1.0,1.0,0.0,1.0,1.0,1.0,1.0,,,1.0,,,,,1.0,1.0,1.0,1.0,,1.0,1.0,,1.0,,,,,,,,,,,,,,,,,,,,,,,,,,,,,,,,,,,,,,,,,,,,,,,,,,,,,,,,,,,,,,,,,,,,,,,,,,,,,,,,,,,,,,,,,,,,,,,,,,,,,,,,,,,,,,,,,,,,,,,,,,,,,,,,,,,,,,,,,,,,,,,,,,,,,,,,,,,,,,,
235,1.0,,,1.0,1.0,0.5,1.0,1.0,1.0,,0.0,,,0.0,1.0,0.0,,,,0.5,0.5,1.0,,,1.0,,,,,0.5,,0.0,1.0,,1.0,0.5,,0.5,,,,,,,,,,,,,,,,,,,,,,,,,,,,,,,,,,,,,,,,,,,,,,,,,,,,,,,,,,,,,,,,,,,,,,,,,,,,,,,,,,,,,,,,,,,,,,,,,,,,,,,,,,,,,,,,,,,,,,,,,,,,,,,,,,,,,,,,,,,,,,,,,,,,,,,,,,,,,,,
236,1.0,,,1.0,1.0,0.0,1.0,1.0,1.0,0.5,0.0,,1.0,0.0,1.0,0.0,1.0,1.0,1.0,0.5,0.0,1.0,,,0.5,,,,,0.0,0.0,0.0,1.0,,1.0,0.5,,0.5,,,,,,,,,,,,,,,,,,,,,,,,0.5,,1.0,,,,,,,,,0.5,,,,,0.5,,,,,,,,,,,,,,,,,,,,,,,,,,,,,,,,,,,,,,,,,,,,,1.0,,,,,,,,,,,,,,,,,,,1.0,,,,,,,,,,,,,,,,,,,,,,,0.5,,,,,,,,,,,,,,,,,,,,,,,,,,,,,,,,
240,0.0,,,1.0,0.5,0.0,0.0,1.0,1.0,1.0,0.0,,0.0,1.0,1.0,0.0,1.0,1.0,0.0,1.0,1.0,1.0,,,0.5,,,,,0.5,0.0,0.5,0.5,,0.5,0.5,,0.0,0.5,1.0,,,,,,,,,,,,,,,,,,,,,,,,,,,,,,,,,,,,,,,,,,,,,,,,,,,,,,,,,,,,,,,,,,,,,,,,,,,,,,,,,,,,,,,,,,,,,,,,,,,,,,,,,,,,,,,,,,,,,,,,,,,,,,,,,,,,,,,,,,,,,,,,,,,,,,,,,,,,,
243,1.0,,,0.0,1.0,1.0,1.0,1.0,1.0,1.0,0.0,,0.0,1.0,1.0,0.0,1.0,1.0,0.5,0.5,0.0,1.0,,,1.0,,,,,0.0,0.0,0.5,0.0,,0.0,0.0,,1.0,1.0,1.0,,,,,,,,,,,,,,,,,,,,,,,,,,,,,,,,,,,,,,,,,,,,,,,,,,,,,,,,,,,,,,,,,,,,,,,,,,,,,,,,,,,,,,,,,,,,,,,,,,,,,,,,,,,,,,,,,,,,,,,,,,,,,,,,,,,,,,,,,,,,,,,,,,,,,,,,,,,,,
244,1.0,,,1.0,1.0,1.0,0.0,1.0,1.0,1.0,,,0.0,0.0,1.0,0.0,1.0,1.0,1.0,,,,,,,,,,,,0.0,,1.0,,1.0,1.0,,,0.0,1.0,,,,,,,,,,,,,,,,,,,,,,,,,,,,,,,,,,,,,,,,,,,,,,,,,,,,,,,,,,,,,,,,,,,,,,,,,,,,,,,,,,,,,,,,,,,,,,,,,,,,,,,,,,,,,,,,,,,,,,,,,,,,,,,,,,,,,,,,,,,,,,,,,,,,,,,,,,,,,
246,1.0,,,1.0,1.0,,0.0,1.0,,,1.0,,,0.0,0.5,0.5,1.0,1.0,0.0,0.0,0.0,1.0,,,0.0,,,,,0.0,0.0,0.5,0.0,,0.5,0.5,,0.5,1.0,1.0,,,,,,,,,,,,,,,,,,,,,,,,,,,,,,,,,,,,,,,,,,,,,,,,,,,,,,,,,,,,,,,,,,,,,,,,,,,,,,,,,,,,,,,,,,,,,,,,,,,,,,,,,,,,,,,,,,,,,,,,,,,,,,,,,,,,,,,,,,,,,,,,,,,,,,,,,,,,,
251,0.0,,,1.0,1.0,0.0,1.0,,0.5,,0.0,,,0.0,,1.0,1.0,,1.0,,,1.0,,,0.5,,,,,0.0,,0.5,1.0,,,0.5,,0.0,,0.5,,,,,,,,,,,,,,,,,,,,,,,,,,,,,,,,,,,,,,,,,,,,,,,,,,,,,,,,,,,,,,,,,,,,,,,,,,,,,,,,,,,,,,,,,,,,,,,,,,,,,,,,,,,,,,,,,,,,,,,,,,,,,,,,,,,,,,,,,,,,,,,,,,,,,,,,,,,,,
258,1.0,,,0.5,1.0,1.0,1.0,1.0,1.0,1.0,0.5,,0.0,0.0,1.0,0.0,1.0,0.0,0.5,1.0,1.0,1.0,,,0.5,,,,,1.0,1.0,0.0,1.0,,1.0,1.0,,0.5,0.0,0.5,0.5,1.0,,0.5,1.0,,1.0,,0.0,,1.0,1.0,,0.0,,1.0,,,,0.0,,1.0,1.0,0.0,1.0,1.0,0.0,0.5,0.0,0.0,,0.0,0.5,,,,,1.0,0.0,,1.0,,,,0.0,,,0.0,,,0.5,,0.0,,1.0,,0.0,,,,0.5,,,,1.0,,1.0,,,0.0,,0.5,,,,,,,,0.0,1.0,0.0,1.0,0.0,,,0.0,,0.0,,,,,0.5,,0.5,,0.0,,0.0,1.0,1.0,,,,,,,,,,,,,,,,,,,,,,,,,,,,,,,,,,,,,,,,,,,,,,,,,,,,,,,
259,0.0,,,1.0,1.0,0.0,0.0,1.0,1.0,0.0,1.0,,1.0,0.0,1.0,0.0,1.0,1.0,0.0,0.0,0.0,0.5,,,0.0,,,,,0.0,0.0,0.0,1.0,,0.0,0.5,,0.0,0.0,0.5,,,,,,,,,,,,,,,,,,,,,,,,,,,,,,,,,,,,,,,,,,,,,,,,,,,,,,,,,,,,,,,,,,,,,,,,,,,,,,,,,,,,,,,,,,,,,,,,,,,,,,,,,,,,,,,,,,,,,,,,,,,,,,,,,,,,,,,,,,,,,,,,,,,,,,,,,,,,,
261,0.0,,,1.0,1.0,1.0,,1.0,,1.0,,,0.5,0.0,0.5,0.0,,,0.5,0.5,,,,,,,,,,,,,1.0,,,,,,0.0,0.5,,,,,,,,,,,,,,,,,,,,,,,,,,,,,,,,,,,,,,,,,,,,,,,,,,,,,,,,,,,,,,,,,,,,,,,,,,,,,,,,,,,,,,,,,,,,,,,,,,,,,,,,,,,,,,,,,,,,,,,,,,,,,,,,,,,,,,,,,,,,,,,,,,,,,,,,,,,,,
262,1.0,,,0.0,1.0,0.0,1.0,1.0,0.5,0.5,1.0,,1.0,1.0,1.0,0.0,0.5,1.0,0.0,0.0,0.0,1.0,,,1.0,,,,,0.0,0.0,0.0,0.5,,0.0,0.5,,0.5,1.0,1.0,,,,,,,,,,,,,,,,,,,,,,,,,,,,,,,,,,,,,,,,,,,,,,,,,,,,,,,,,,,,,,,,,,,,,,,,,,,,,,,,,,,,,,,,,,,,,,,,,,,,,,,,,,,,,,,,,,,,,,,,,,,,,,,,,,,,,,,,,,,,,,,,,,,,,,,,,,,,,
263,1.0,,,1.0,1.0,0.0,0.0,1.0,1.0,0.0,1.0,,1.0,0.0,1.0,,1.0,1.0,0.0,,0.0,0.0,,,0.0,,,,,0.0,0.0,0.0,0.0,,0.0,1.0,,,1.0,,,,,,,,,,,,,,,,,,,,,,,,,,,,,,,,,,,,,,,,,,,,,,,,,,,,,,,,,,,,,,,,,,,,,,,,,,,,,,,,,,,,,,,,,,,,,,,,,,,,,,,,,,,,,,,,,,,,,,,,,,,,,,,,,,,,,,,,,,,,,,,,,,,,,,,,,,,,,,
265,0.0,,,1.0,0.0,1.0,1.0,1.0,,1.0,1.0,,0.5,0.5,1.0,1.0,1.0,,1.0,1.0,1.0,1.0,,,1.0,,,,,1.0,0.5,,,,1.0,,,1.0,0.0,,,,,,,,,,,,,,,,,,,,,,,,,,,,,,,,,,,,,,,,,,,,,,,,,,,,,,,,,,,,,,,,,,,,,,,,,,,,,,,,,,,,,,,,,,,,,,,,,,,,,,,,,,,,,,,,,,,,,,,,,,,,,,,,,,,,,,,,,,,,,,,,,,,,,,,,,,,,,,
266,1.0,,,0.5,1.0,0.5,0.0,1.0,1.0,1.0,0.5,,0.0,0.0,0.0,0.0,1.0,0.5,1.0,1.0,0.5,1.0,,,0.5,,,,,1.0,0.5,0.0,1.0,,1.0,1.0,,0.0,1.0,1.0,1.0,1.0,,0.0,0.0,,,,,,,,,,,,,,,,,,,,,,,,,,,,,,,,,,,,,,,,,,,,,,,,,,,,,,,,,,,,,,,,,,,,,,,,,,,,,,,,,,,,,,,,,,,,,,,,,,,,,,,,,,,,,,,,,,,,,,,,,,,,,,,,,,,,,,,,,,,,,,,,,,,,,,,,
268,1.0,,,1.0,1.0,1.0,1.0,1.0,1.0,1.0,0.0,,0.0,0.0,1.0,0.0,1.0,1.0,0.0,0.5,1.0,1.0,,,1.0,,,,,1.0,0.0,1.0,1.0,,1.0,0.0,,1.0,1.0,1.0,,,,,,,,,,,,,,,,,,,,,,,,,,,,,,,,,,,,,,,,,,,,,,,,,,,,,,,,,,,,,,,,,,,,,,,,,,,,,,,,,,,,,,,,,,,,,,,,,,,,,,,,,,,,,,,,,,,,,,,,,,,,,,,,,,,,,,,,,,,,,,,,,,,,,,,,,,,,,
269,0.0,,,1.0,1.0,1.0,1.0,1.0,1.0,1.0,0.5,,1.0,1.0,1.0,0.0,1.0,1.0,1.0,1.0,1.0,1.0,,,1.0,,,,,1.0,0.0,1.0,1.0,,1.0,1.0,,1.0,0.0,0.5,,,,,,,,,,,,,,,,,,,,,,,,,,,,,,,,,,,,,,,,,,,,,,,,,,,,,,,,,,,,,,,,,,,,,,,,,,,,,,,,,,,,,,,,,,,,,,,,,,,,,,,,,,,,,,,,,,,,,,,,,,,,,,,,,,,,,,,,,,,,,,,,,,,,,,,,,,,,,
280,1.0,,,1.0,0.5,0.0,0.0,1.0,0.0,1.0,1.0,,1.0,0.0,1.0,0.0,1.0,1.0,0.5,0.0,0.0,1.0,,,0.5,,,,,0.0,0.0,0.0,1.0,,0.0,0.0,,1.0,1.0,1.0,,,,,,,,,,,,,,,,,,,,,,,,,,,,,,,,,,,,,,,,,,,,,,,,,,,,,,,,,,,,,,,,,,,,,,,,,,,,,,,,,,,,,,,,,,,,,,,,,,,,,,,,,,,,,,,,,,,,,,,,,,,,,,,,,,,,,,,,,,,,,,,,,,,,,,,,,,,,,
282,1.0,,,1.0,1.0,0.0,0.0,1.0,0.0,1.0,1.0,,1.0,0.0,1.0,0.0,1.0,1.0,0.0,0.0,0.0,1.0,,,0.0,,,,,0.0,0.0,0.0,1.0,,0.0,0.0,,1.0,1.0,1.0,1.0,1.0,,1.0,0.0,,1.0,,0.0,,1.0,1.0,,1.0,,0.0,,,,1.0,,1.0,1.0,1.0,0.0,1.0,1.0,1.0,1.0,1.0,,1.0,1.0,,,,,1.0,0.0,,1.0,,,,1.0,,,1.0,,,1.0,,0.0,,1.0,,1.0,,,,1.0,,,,1.0,,1.0,,,1.0,,1.0,,,,,,,,1.0,0.0,1.0,1.0,1.0,,,1.0,,1.0,,,,,1.0,,1.0,,1.0,,1.0,1.0,1.0,,1.0,1.0,1.0,,,,,1.0,1.0,,1.0,1.0,,0.0,1.0,,1.0,1.0,1.0,0.5,,0.0,0.0,,,,1.0,0.0,1.0,1.0,0.0,0.0,,,,,,,,,,,,,,,,,,,,,,
285,0.0,,,1.0,,0.0,1.0,1.0,1.0,,0.0,,0.0,1.0,1.0,1.0,1.0,0.0,1.0,,1.0,1.0,,,1.0,,,,,0.0,0.0,0.0,1.0,,1.0,1.0,,0.0,0.0,0.0,,,,,,,,,,,,,,,,,,,,,,,,,,,,,,,,,,,,,,,,,,,,,,,,,,,,,,,,,,,,,,,,,,,,,,,,,,,,,,,,,,,,,,,,,,,,,,,,,,,,,,,,,,,,,,,,,,,,,,,,,,,,,,,,,,,,,,,,,,,,,,,,,,,,,,,,,,,,,
287,0.0,,,0.5,0.5,1.0,1.0,1.0,1.0,0.5,0.0,,0.0,1.0,1.0,1.0,0.5,0.0,1.0,1.0,1.0,1.0,,,1.0,,,,,0.0,1.0,1.0,1.0,,1.0,1.0,,0.0,0.0,0.0,,,,,,,,,,,,,,,,,,,,,,,,,,,,,,,,,,,,,,,,,,,,,,,,,,,,,,,,,,,,,,,,,,,,,,,,,,,,,,,,,,,,,,,,,,,,,,,,,,,,,,,,,,,,,,,,,,,,,,,,,,,,,,,,,,,,,,,,,,,,,,,,,,,,,,,,,,,,,
289,1.0,,,1.0,1.0,0.0,0.0,1.0,1.0,1.0,1.0,,1.0,0.0,1.0,1.0,1.0,1.0,0.0,0.0,0.0,0.0,,,1.0,,,,,0.0,0.0,0.0,0.0,,0.0,0.0,,0.0,0.0,1.0,1.0,1.0,,0.0,0.0,,0.0,,1.0,,1.0,1.0,,0.0,,1.0,,,,0.0,,0.0,0.0,0.0,1.0,0.0,0.0,0.0,1.0,0.0,,0.0,0.0,,,,,1.0,1.0,,1.0,,,,1.0,,,0.0,,,0.0,,0.0,,1.0,,1.0,,,,1.0,,,,1.0,,1.0,,,1.0,,1.0,,,,,,,,1.0,1.0,1.0,1.0,1.0,,,1.0,,1.0,,,,,1.0,,1.0,,1.0,,1.0,1.0,0.0,,1.0,1.0,1.0,,,,,1.0,1.0,,1.0,1.0,,0.0,1.0,,,,,,,,,,,,,,,,,,,,,,,,,,,,,,,,,,,,,,,
294,1.0,,,0.5,1.0,0.0,1.0,1.0,1.0,1.0,1.0,,1.0,0.0,1.0,1.0,1.0,1.0,1.0,1.0,0.0,1.0,,,0.0,,,,,1.0,0.0,0.5,1.0,,1.0,1.0,,0.0,1.0,1.0,,,,,,,,,,,,,,,,,,,,,,,,,,,,,,,,,,,,,,,,,,,,,,,,,,,,,,,,,,,,,,,,,,,,,,,,,,,,,,,,,,,,,,,,,,,,,,,,,,,,,,,,,,,,,,,,,,,,,,,,,,,,,,,,,,,,,,,,,,,,,,,,,,,,,,,,,,,,,
298,1.0,,,0.0,1.0,1.0,1.0,1.0,1.0,1.0,1.0,,1.0,1.0,1.0,0.0,1.0,1.0,1.0,1.0,1.0,1.0,,,1.0,,,,,1.0,1.0,1.0,1.0,,1.0,1.0,,1.0,1.0,1.0,,,,,,,,,,,,,,,,,,,,,,,,,,,,,,,,,,,,,,,,,,,,,,,,,,,,,,,,,,,,,,,,,,,,,,,,,,,,,,,,,,,,,,,,,,,,,,,,,,,,,,,,,,,,,,,,,,,,,,,,,,,,,,,,,,,,,,,,,,,,,,,,,,,,,,,,,,,,,
299,1.0,,,1.0,1.0,1.0,1.0,1.0,1.0,1.0,0.5,,1.0,0.0,1.0,0.0,1.0,1.0,1.0,0.0,1.0,0.5,,,1.0,,,,,0.0,0.0,0.0,1.0,,0.0,0.0,,1.0,0.0,1.0,,,,,,,,,,,,,,,,,,,,,,,,,,,,,,,,,,,,,,,,,,,,,,,,,,,,,,,,,,,,,,,,,,,,,,,,,,,,,,,,,,,,,,,,,,,,,,,,,,,,,,,,,,,,,,,,,,,,,,,,,,,,,,,,,,,,,,,,,,,,,,,,,,,,,,,,,,,,,
300,0.0,,,1.0,1.0,1.0,1.0,1.0,1.0,1.0,0.0,,0.0,,0.0,1.0,1.0,0.0,,1.0,1.0,,,,1.0,,,,,1.0,,0.5,1.0,,,,,1.0,0.0,0.0,,,,,,,,,,,,,,,,,,,,,,,,,,,,,,,,,,,,,,,,,,,,,,,,,,,,,,,,,,,,,,,,,,,,,,,,,,,,,,,,,,,,,,,,,,,,,,,,,,,,,,,,,,,,,,,,,,,,,,,,,,,,,,,,,,,,,,,,,,,,,,,,,,,,,,,,,,,,,
305,1.0,,,1.0,1.0,0.0,0.0,0.5,0.5,0.0,1.0,,1.0,0.0,1.0,1.0,0.5,0.5,0.0,0.0,0.0,0.0,,,0.0,,,,,0.5,0.0,0.0,0.0,,0.5,0.0,,1.0,1.0,1.0,,,,,,,,,,,,,,,,,,,,,,,,,,,,,,,,,,,,,,,,,,,,,,,,,,,,,,,,,,,,,,,,,,,,,,,,,,,,,,,,,,,,,,,,,,,,,,,,,,,,,,,,,,,,,,,,,,,,,,,,,,,,,,,,,,,,,,,,,,,,,,,,,,,,,,,,,,,,,
307,1.0,,,1.0,1.0,1.0,1.0,1.0,1.0,0.5,0.0,,1.0,0.0,0.0,1.0,1.0,1.0,1.0,1.0,0.0,1.0,,,0.0,,,,,1.0,0.0,1.0,1.0,,1.0,1.0,,1.0,0.0,1.0,,,,,,,,,,,,,,,,,,,,,,,,,,,,,,,,,,,,,,,,,,,,,,,,,,,,,,,,,,,,,,,,,,,,,,,,,,,,,,,,,,,,,,,,,,,,,,,,,,,,,,,,,,,,,,,,,,,,,,,,,,,,,,,,,,,,,,,,,,,,,,,,,,,,,,,,,,,,,
309,0.0,,,1.0,1.0,1.0,0.0,1.0,1.0,0.0,0.0,,1.0,0.0,,0.0,1.0,0.0,1.0,0.0,0.0,1.0,,,1.0,,,,,1.0,0.0,0.5,1.0,,,0.0,,0.0,1.0,,,1.0,,,0.0,,,,0.5,,,1.0,,1.0,,,,,,,,,,,1.0,1.0,,1.0,1.0,1.0,,1.0,,,,,,1.0,0.0,,,,,,,,,,,,1.0,,,,,,,,,,,,,,,,,,,,,,,,,,,,,,,,,,,,,,,,,,,,,,,,,,,,,,,,,,,,,,,,,,,,,,,,,,,,,,,,,,,,,,,,,,,,,,,,,,,,,,,,,,
312,1.0,,,1.0,0.0,1.0,0.0,1.0,1.0,1.0,0.0,,0.5,0.0,1.0,0.0,1.0,1.0,0.0,1.0,0.5,0.5,,,0.0,,,,,0.0,0.0,0.5,1.0,,0.0,1.0,,1.0,1.0,1.0,,,,,,,,,,,,,,,,,,,,,,,,,,,,,,,,,,,,,,,,,,,,,,,,,,,,,,,,,,,,,,,,,,,,,,,,,,,,,,,,,,,,,,,,,,,,,,,,,,,,,,,,,,,,,,,,,,,,,,,,,,,,,,,,,,,,,,,,,,,,,,,,,,,,,,,,,,,,,
317,0.5,,,1.0,1.0,0.0,0.0,1.0,0.0,1.0,0.0,,0.5,0.0,1.0,0.0,0.0,1.0,0.0,0.5,0.0,0.0,,,0.0,,,,,0.5,1.0,1.0,0.0,,0.0,1.0,,1.0,1.0,1.0,,,,,,,,,,,,,,,,,,,,,,,,,,,,,,,,,,,,,,,,,,,,,,,,,,,,,,,,,,,,,,,,,,,,,,,,,,,,,,,,,,,,,,,,,,,,,,,,,,,,,,,,,,,,,,,,,,,,,,,,,,,,,,,,,,,,,,,,,,,,,,,,,,,,,,,,,,,,,
321,1.0,,,,,1.0,1.0,,1.0,1.0,,,1.0,1.0,1.0,0.0,1.0,1.0,1.0,1.0,1.0,1.0,,,1.0,,,,,1.0,,,1.0,,1.0,1.0,,1.0,0.0,,,,,,,,,,,,,,,,,,,,,,,,,,,,,,,,,,,,,,,,,,,,,,,,,,,,,,,,,,,,,,,,,,,,,,,,,,,,,,,,,,,,,,,,,,,,,,,,,,,,,,,,,,,,,,,,,,,,,,,,,,,,,,,,,,,,,,,,,,,,,,,,,,,,,,,,,,,,,,
330,0.5,,,1.0,1.0,1.0,1.0,1.0,1.0,1.0,0.0,,1.0,1.0,1.0,0.0,1.0,1.0,1.0,1.0,0.0,1.0,,,1.0,,,,,0.0,1.0,0.0,1.0,,0.5,0.5,,0.5,0.0,0.5,,,,,,,,,,,,,,,,,,,,,,,,,,,,,,,,,,,,,,,,,,,,,,,,,,,,,,,,,,,,,,,,,,,,,,,,,,,,,,,,,,,,,,,,,,,,,,,,,,,,,,,,,,,,,,,,,,,,,,,,,,,,,,,,,,,,,,,,,,,,,,,,,,,,,,,,,,,,,
335,0.0,,,,,,,,,,,,,,,,,,,,,,,,,,,,,,,,,,,,,,,,,,,,,,,,,,,,,,,,,,,,,,,,,,,,,,,,,,,,,,,,,,,,,,,,,,,,,,,,,,,,,,,,,,,,,,,,,,,,,,,,,,,,,,,,,,,,,,,,,,,,,,,,,,,,,,,,,,,,,,,,,,,,,,,,,,,,,,,,,,,,,,,,,,,,,,,,,,,,
339,1.0,,,1.0,1.0,0.0,0.0,1.0,1.0,0.5,0.0,,0.0,0.0,1.0,1.0,1.0,1.0,0.0,0.0,0.5,0.5,,,0.0,,,,,0.5,0.0,0.5,0.0,,0.5,0.0,,0.0,1.0,1.0,0.5,,,,,,,,,,,,,,,,,,,,,,,,,,,,,,,,,,,,,,,,,,,,,,,,,,,,,,,,,,,,,,,,,,,,,,,,,,,,,,,,,,,,,,,,,,,,,,,,,,,,,,,,,,,,,,,,,,,,,,,,,,,,,,,,,,,,,,,,,,,,,,,,,,,,,,,,,,,,
342,0.0,,,0.0,0.0,1.0,1.0,1.0,1.0,1.0,0.0,,0.0,1.0,1.0,0.0,1.0,0.0,1.0,1.0,1.0,1.0,,,1.0,,,,,1.0,1.0,1.0,1.0,,1.0,0.0,,1.0,0.0,0.0,1.0,1.0,,0.0,1.0,,0.0,,1.0,,1.0,1.0,,0.0,,1.0,,,,1.0,,0.0,0.0,1.0,1.0,0.0,0.0,1.0,1.0,0.0,,0.0,0.0,,,,,1.0,1.0,,1.0,,,,0.0,,,0.0,,,0.0,,0.0,,1.0,,0.0,,,,1.0,,,,0.0,,0.0,,,0.0,,1.0,,,,,,,,0.0,0.0,0.0,0.0,0.0,,,0.0,,0.0,,,,,0.0,,0.0,,0.0,,1.0,0.0,1.0,,,,,,,,,,,,,,,,,,,,,,,,,,,,,,,,,,,,,,,,,,,,,,,,,,,,,,,
347,1.0,,,1.0,0.0,0.0,1.0,1.0,1.0,1.0,0.0,,1.0,0.0,1.0,1.0,1.0,1.0,0.0,0.0,0.0,1.0,,,1.0,,,,,1.0,0.0,1.0,1.0,,1.0,0.0,,1.0,1.0,1.0,1.0,1.0,,,,,,,,,,,,,,,,,,,,,,,,,,,,,,,,,,,,,,,,,,,,,,,,,,,,,,,,,,,,,,,,,,,,,,,,,,,,,,,,,,,,,,,,,,,,,,,,,,,,,,,,,,,,,,,,,,,,,,,,,,,,,,,,,,,,,,,,,,,,,,,,,,,,,,,,,,,
357,0.5,,,0.5,0.5,0.0,1.0,1.0,1.0,1.0,0.5,,0.0,0.0,0.5,0.5,1.0,0.5,0.5,1.0,0.0,0.5,,,1.0,,,,,0.5,0.0,0.0,1.0,,1.0,1.0,,1.0,0.5,1.0,1.0,1.0,,0.5,1.0,,,,,,,,,,,,,,,,,,,,,,,,,,,,,,,,,,,,,,,,,,,,,,,,,,,,,,,,,,,,,,,,,,,,,,,,,,,,,,,,,,,,,,,,,,,,,,,,,,,,,,,,,,,,,,,,,,,,,,,,,,,,,,,,,,,,,,,,,,,,,,,,,,,,,,,,
360,0.0,,,0.0,1.0,,,,,1.0,0.0,,1.0,1.0,1.0,,1.0,1.0,1.0,1.0,1.0,1.0,,,1.0,,,,,1.0,1.0,,1.0,,1.0,1.0,,,0.0,0.5,,1.0,,0.0,1.0,,,,,,,,,,,,,,,,,,,,,,,,,,,,,,,,,,,,,,,,,,,,,,,,,,,,,,,,,,,,,,,,,,,,,,,,,,,,,,,,,,,,,,,,,,,,,,,,,,,,,,,,,,,,,,,,,,,,,,,,,,,,,,,,,,,,,,,,,,,,,,,,,,,,,,,,
365,0.0,,,0.0,0.0,0.0,1.0,1.0,1.0,1.0,0.0,,0.0,0.0,1.0,1.0,1.0,1.0,0.0,0.0,0.5,1.0,,,1.0,,,,,0.0,0.0,0.0,1.0,,0.0,0.0,,1.0,0.5,0.0,1.0,1.0,,0.0,0.0,,1.0,,,,,,,,,,,,,,,,,,,,,,,,,,,,,,,,,,,,,,,,,,,,,,,,,,,,,,,,,,,,,,,,,,,,,,,,,,,,,,,,,,,,,,,,,,,,,,,,,,,,,,,,,,,,,,,,,,,,,,,,,,,,,,,,,,,,,,,,,,,,,,,,,,,,,,
366,1.0,,,1.0,1.0,0.5,0.0,1.0,1.0,0.0,0.0,,1.0,0.0,1.0,1.0,1.0,0.0,0.0,0.0,0.0,0.0,,,0.0,,,,,0.0,0.0,0.0,0.0,,0.0,0.0,,0.0,1.0,1.0,1.0,1.0,,0.0,0.0,,,,,,,,,,,,,,,,,,,,,,,,,,,,,,,,,,,,,,,,,,,,,,,,,,,,,,,,,,,,,,,,,,,,,,,,,,,,,,,,,,,,,,,,,,,,,,,,,,,,,,,,,,,,,,,,,,,,,,,,,,,,,,,,,,,,,,,,,,,,,,,,,,,,,,,,
373,1.0,,,1.0,1.0,1.0,1.0,1.0,1.0,1.0,0.0,,1.0,0.0,1.0,0.0,1.0,1.0,0.0,1.0,0.0,1.0,,,1.0,,,,,0.0,0.0,0.5,1.0,,1.0,0.0,,1.0,1.0,1.0,1.0,1.0,,1.0,1.0,,1.0,,,,,,,,,,,,,,,,,,,,,,,,,,,,,,,,,,,,,,,,,,,,,,,,,,,,,,,,,,,,,,,,,,,,,,,,,,,,,,,,,,,,,,,,,,,,,,,,,,,,,,,,,,,,,,,,,,,,,,,,,,,,,,,,,,,,,,,,,,,,,,,,,,,,,,
388,1.0,,,1.0,1.0,1.0,1.0,1.0,1.0,1.0,0.0,,0.0,1.0,1.0,0.0,1.0,1.0,0.0,1.0,0.0,1.0,,,1.0,,,,,1.0,0.0,0.0,1.0,,1.0,1.0,,1.0,1.0,1.0,1.0,1.0,,0.0,0.0,,1.0,,,,,,,,,,,,,,,,,,,,,,,,,,,,,,,,,,,,,,,,,,,,,,,,,,,,,,,,,,,,,,,,,,,,,,,,,,,,,,,,,,,,,,,,,,,,,,,,,,,,,,,,,,,,,,,,,,,,,,,,,,,,,,,,,,,,,,,,,,,,,,,,,,,,,,
390,0.0,,,1.0,1.0,1.0,1.0,1.0,1.0,1.0,0.0,,1.0,0.0,1.0,0.0,1.0,1.0,1.0,1.0,1.0,1.0,,,1.0,,,,,1.0,1.0,1.0,1.0,,1.0,1.0,,1.0,0.0,0.5,1.0,1.0,,0.5,1.0,,1.0,,,,,,,,,,,,,,,,,,,,,,,,,,,,,,,,,,,,,,,,,,,,,,,,,,,,,,,,,,,,,,,,,,,,,,,,,,,,,,,,,,,,,,,,,,,,,,,,,,,,,,,,,,,,,,,,,,,,,,,,,,,,,,,,,,,,,,,,,,,,,,,,,,,,,,
392,0.0,,,1.0,1.0,0.0,1.0,1.0,1.0,1.0,0.0,,1.0,0.0,1.0,1.0,1.0,1.0,0.0,0.0,0.0,0.0,,,0.0,,,,,0.0,0.0,0.0,0.0,,1.0,1.0,,1.0,1.0,1.0,1.0,1.0,,0.0,0.0,,1.0,,0.0,,0.0,1.0,,1.0,,1.0,,,,1.0,,1.0,1.0,1.0,1.0,1.0,1.0,1.0,1.0,1.0,,1.0,1.0,,,,,1.0,1.0,,1.0,,,,1.0,,,,,,,,,,,,,,,,,,,,,,,,,,,,,,,,,,,,,,,,,,,,,,,,,,,,,,,,,,,,,,,,,,,,,,,,,,,,,,,,,,,,,,,,,,,,,,,,,,,,,,,,,,,,,,,,
394,0.0,,,1.0,1.0,0.0,1.0,1.0,1.0,1.0,0.0,,0.0,1.0,1.0,0.0,1.0,1.0,0.0,0.0,0.0,1.0,,,0.0,,,,,0.0,0.0,0.0,1.0,,1.0,0.5,,0.0,0.0,0.5,1.0,1.0,,0.5,0.0,,1.0,,0.5,,1.0,1.0,,1.0,,1.0,,,,0.0,,1.0,1.0,1.0,1.0,1.0,0.5,1.0,1.0,0.0,,1.0,0.5,,,,,1.0,1.0,,1.0,,,,1.0,,,1.0,,,0.5,,0.5,,1.0,,1.0,,,,1.0,,,,1.0,,1.0,,,1.0,,,,,,,,,,,,,,,,,,,,,,,,,,,,,,,,,,,,,,,,,,,,,,,,,,,,,,,,,,,,,,,,,,,,,,,,,,,,,,,,,,,,,,,
399,1.0,,,1.0,0.0,0.0,0.0,1.0,0.5,0.0,1.0,,1.0,0.0,0.0,0.0,1.0,1.0,0.0,0.0,0.0,0.0,,,0.5,,,,,0.5,0.0,0.0,0.0,,0.0,0.5,,1.0,1.0,1.0,1.0,0.0,,1.0,0.0,,1.0,,0.0,,0.0,1.0,,1.0,,0.0,,,,0.0,,0.0,1.0,1.0,1.0,1.0,1.0,1.0,1.0,1.0,,1.0,1.0,,,,,0.0,0.0,,1.0,,,,1.0,,,1.0,,,1.0,,1.0,,0.0,,1.0,,,,1.0,,,,1.0,,1.0,,,1.0,,1.0,,,,,,,,1.0,0.0,1.0,0.5,1.0,,,1.0,,1.0,,,,,1.0,,1.0,,1.0,,1.0,1.0,1.0,,,,,,,,,,,,,,,,,,,,,,,,,,,,,,,,,,,,,,,,,,,,,,,,,,,,,,,
402,0.0,,,0.0,0.0,1.0,1.0,1.0,1.0,1.0,0.0,,1.0,1.0,0.0,0.0,1.0,0.0,1.0,1.0,1.0,1.0,,,1.0,,,,,0.0,1.0,1.0,1.0,,1.0,1.0,,1.0,0.0,0.0,1.0,1.0,,0.0,1.0,,1.0,,,,,,,,,,,,,,,,,,,,,,,,,,,,,,,,,,,,,,,,,,,,,,,,,,,,,,,,,,,,,,,,,,,,,,,,,,,,,,,,,,,,,,,,,,,,,,,,,,,,,,,,,,,,,,,,,,,,,,,,,,,,,,,,,,,,,,,,,,,,,,,,,,,,,,
403,1.0,,,1.0,0.5,0.5,0.5,1.0,0.5,0.0,1.0,,1.0,0.5,1.0,0.5,0.5,0.0,0.0,0.0,0.0,0.0,,,0.5,,,,,0.0,0.0,0.0,0.0,,0.5,0.0,,0.5,1.0,1.0,1.0,0.0,,1.0,0.0,,1.0,,0.0,,0.0,0.5,,1.0,,0.0,,,,1.0,,1.0,1.0,1.0,0.5,0.5,,,,,,,,,,,,,,,,,,,,,,,,,,,,,,,,,,,,,,,,,,,,,,,,,,,,,,,,,,,,,,,,,,,,,,,,,,,,,,,,,,,,,,,,,,,,,,,,,,,,,,,,,,,,,,,,,,,,,,,,,,,,,,,,,,,
404,1.0,,,1.0,1.0,0.5,1.0,1.0,0.5,0.5,1.0,,1.0,0.0,1.0,0.0,1.0,0.0,0.0,0.0,0.0,0.5,,,0.0,,,,,0.0,0.0,0.0,0.0,,0.5,0.0,,1.0,1.0,1.0,1.0,0.5,,1.0,0.0,,1.0,,0.0,,0.0,0.0,,1.0,,1.0,,,,1.0,,1.0,1.0,1.0,0.5,1.0,1.0,1.0,1.0,1.0,,1.0,1.0,,,,,0.5,0.5,,0.0,,,,1.0,,,1.0,,,1.0,,1.0,,1.0,,1.0,,,,0.0,,,,0.5,,1.0,,,1.0,,1.0,,,,,,,,1.0,,,,,,,,,,,,,,,,,,,,,,,,,,,,,,,,,,,,,,,,,,,,,,,,,,,,,,,,,,,,,,,,,,,,,,,,,,,,,
405,1.0,,,0.5,1.0,0.5,0.0,1.0,0.5,0.5,1.0,,1.0,0.0,1.0,0.0,1.0,0.0,0.0,0.0,0.0,0.5,,,0.5,,,,,0.0,0.0,0.0,0.0,,0.5,0.0,,0.0,1.0,1.0,1.0,0.5,,1.0,0.0,,1.0,,0.0,,0.0,0.0,,1.0,,0.0,,,,1.0,,1.0,1.0,1.0,0.5,1.0,,,,,,,,,,,,,,,,,,,,,,,,,,,,,,,,,,,,,,,,,,,,,,,,,,,,,,,,,,,,,,,,,,,,,,,,,,,,,,,,,,,,,,,,,,,,,,,,,,,,,,,,,,,,,,,,,,,,,,,,,,,,,,,,,,,
407,1.0,,,1.0,1.0,0.5,0.5,1.0,0.5,1.0,0.5,,1.0,0.0,1.0,0.5,1.0,0.0,0.0,0.0,0.0,0.5,,,0.5,,,,,0.5,0.0,0.0,0.5,,0.0,0.0,,1.0,1.0,1.0,1.0,0.5,,0.5,0.0,,1.0,,,,,,,,,,,,,,,,,,,,,,,,,,,,,,,,,,,,,,,,,,,,,,,,,,,,,,,,,,,,,,,,,,,,,,,,,,,,,,,,,,,,,,,,,,,,,,,,,,,,,,,,,,,,,,,,,,,,,,,,,,,,,,,,,,,,,,,,,,,,,,,,,,,,,,
409,0.0,,,0.0,1.0,1.0,1.0,1.0,1.0,1.0,0.0,,1.0,0.0,1.0,0.0,1.0,0.0,1.0,1.0,1.0,1.0,,,1.0,,,,,1.0,1.0,0.0,1.0,,1.0,1.0,,1.0,0.0,0.0,1.0,1.0,,0.0,0.0,,1.0,,,,,,,,,,,,,,,,,,,,,,,,,,,,,,,,,,,,,,,,,,,,,,,,,,,,,,,,,,,,,,,,,,,,,,,,,,,,,,,,,,,,,,,,,,,,,,,,,,,,,,,,,,,,,,,,,,,,,,,,,,,,,,,,,,,,,,,,,,,,,,,,,,,,,,
410,1.0,,,1.0,0.0,1.0,1.0,1.0,1.0,1.0,0.0,,0.0,1.0,1.0,0.0,1.0,1.0,1.0,0.0,1.0,1.0,,,1.0,,,,,1.0,1.0,1.0,1.0,,1.0,1.0,,1.0,0.0,0.0,1.0,1.0,,1.0,1.0,,1.0,,0.0,,0.0,,,,,,,,,,,,,,,,,,,,,,,,,,,,,,,,,,,,,,,,,,,,,,,,,,,,,,,,,,,,,,,,,,,,,,,,,,,,,,,,,,,,,,,,,,,,,,,,,,,,,,,,,,,,,,,,,,,,,,,,,,,,,,,,,,,,,,,,,,,,,,,,,,
412,1.0,,,1.0,1.0,1.0,1.0,1.0,1.0,1.0,1.0,,1.0,0.5,1.0,0.0,1.0,0.0,1.0,0.5,1.0,0.0,,,1.0,,,,,1.0,1.0,0.5,1.0,,1.0,1.0,,1.0,0.0,0.5,1.0,1.0,,0.0,1.0,,1.0,,0.5,,0.0,1.0,,0.0,,1.0,,,,1.0,,1.0,0.5,0.0,1.0,1.0,0.0,1.0,1.0,1.0,,0.5,0.5,,,,,1.0,1.0,,0.5,,,,0.5,,,1.0,,,0.0,,0.0,,1.0,,1.0,,,,1.0,,,,1.0,,1.0,,,1.0,,1.0,,,,,,,,0.0,,,,,,,,,,,,,,,,,,,,,,,,,,,,,,,,,,,,,,,,,,,,,,,,,,,,,,,,,,,,,,,,,,,,,,,,,,,,,
422,0.5,,,0.0,1.0,1.0,1.0,1.0,1.0,1.0,0.5,,0.5,1.0,1.0,0.5,1.0,1.0,1.0,1.0,1.0,1.0,,,1.0,,,,,1.0,1.0,1.0,1.0,,1.0,1.0,,1.0,0.5,0.0,1.0,1.0,,1.0,1.0,,1.0,,,,,,,,,,,,,,,,,,,,,,,,,,,,,,,,,,,,,,,,,,,,,,,,,,,,,,,,,,,,,,,,,,,,,,,,,,,,,,,,,,,,,,,,,,,,,,,,,,,,,,,,,,,,,,,,,,,,,,,,,,,,,,,,,,,,,,,,,,,,,,,,,,,,,,
423,1.0,,,1.0,1.0,1.0,1.0,1.0,1.0,1.0,0.0,,1.0,1.0,1.0,0.0,1.0,1.0,1.0,1.0,1.0,1.0,,,1.0,,,,,1.0,1.0,1.0,1.0,,1.0,1.0,,0.5,1.0,1.0,1.0,1.0,,0.0,1.0,,1.0,,,,,,,,,,,,,,,,,,,,,,,,,,,,,,,,,,,,,,,,,,,,,,,,,,,,,,,,,,,,,,,,,,,,,,,,,,,,,,,,,,,,,,,,,,,,,,,,,,,,,,,,,,,,,,,,,,,,,,,,,,,,,,,,,,,,,,,,,,,,,,,,,,,,,,
425,0.5,,,0.0,1.0,1.0,1.0,1.0,1.0,1.0,0.5,,1.0,0.0,1.0,0.0,1.0,1.0,1.0,1.0,1.0,1.0,,,1.0,,,,,1.0,1.0,1.0,1.0,,1.0,1.0,,1.0,0.5,1.0,1.0,1.0,,0.0,1.0,,1.0,,,,,,,,,,,,,,,,,,,,,,,,,,,,,,,,,,,,,,,,,,,,,,,,,,,,,,,,,,,,,,,,,,,,,,,,,,,,,,,,,,,,,,,,,,,,,,,,,,,,,,,,,,,,,,,,,,,,,,,,,,,,,,,,,,,,,,,,,,,,,,,,,,,,,,
427,1.0,,,0.0,1.0,1.0,1.0,1.0,1.0,1.0,0.0,,0.0,1.0,1.0,0.0,1.0,1.0,1.0,1.0,1.0,1.0,,,1.0,,,,,1.0,1.0,1.0,1.0,,1.0,1.0,,1.0,0.0,1.0,1.0,1.0,,0.0,1.0,,1.0,,,,,,,,,,,,,,,,,,,,,,,,,,,,,,,,,,,,,,,,,,,,,,,,,,,,,,,,,,,,,,,,,,,,,,,,,,,,,,,,,,,,,,,,,,,,,,,,,,,,,,,,,,,,,,,,,,,,,,,,,,,,,,,,,,,,,,,,,,,,,,,,,,,,,,
429,0.0,,,0.0,1.0,1.0,1.0,1.0,1.0,1.0,0.0,,1.0,0.0,0.0,0.0,1.0,0.0,1.0,1.0,1.0,1.0,,,1.0,,,,,1.0,0.0,0.5,1.0,,0.5,1.0,,1.0,0.0,0.5,1.0,1.0,,0.0,1.0,,1.0,,,,,,,,,,,,,,,,,,,,,,,,,,,,,,,,,,,,,,,,,,,,,,,,,,,,,,,,,,,,,,,,,,,,,,,,,,,,,,,,,,,,,,,,,,,,,,,,,,,,,,,,,,,,,,,,,,,,,,,,,,,,,,,,,,,,,,,,,,,,,,,,,,,,,,
431,1.0,,,1.0,0.0,1.0,1.0,1.0,1.0,1.0,0.0,,0.0,1.0,1.0,0.5,1.0,0.0,1.0,1.0,1.0,1.0,,,1.0,,,,,1.0,1.0,1.0,1.0,,1.0,1.0,,0.0,0.0,0.0,1.0,1.0,,0.0,1.0,,0.0,,,,,,,,,,,,,,,,,,,,,,,,,,,,,,,,,,,,,,,,,,,,,,,,,,,,,,,,,,,,,,,,,,,,,,,,,,,,,,,,,,,,,,,,,,,,,,,,,,,,,,,,,,,,,,,,,,,,,,,,,,,,,,,,,,,,,,,,,,,,,,,,,,,,,,
439,1.0,,,0.0,0.0,1.0,1.0,1.0,1.0,1.0,0.0,,1.0,1.0,0.0,0.0,1.0,0.0,1.0,1.0,1.0,1.0,,,1.0,,,,,1.0,1.0,1.0,1.0,,1.0,1.0,,1.0,0.0,0.0,1.0,1.0,,0.0,1.0,,1.0,,,,,,,,,,,,,,,,,,,,,,,,,,,,,,,,,,,,,,,,,,,,,,,,,,,,,,,,,,,,,,,,,,,,,,,,,,,,,,,,,,,,,,,,,,,,,,,,,,,,,,,,,,,,,,,,,,,,,,,,,,,,,,,,,,,,,,,,,,,,,,,,,,,,,,
440,0.0,,,1.0,1.0,1.0,1.0,1.0,1.0,1.0,0.0,,0.0,1.0,0.0,1.0,1.0,1.0,0.0,1.0,1.0,1.0,,,1.0,,,,,0.0,0.0,0.0,1.0,,1.0,1.0,,1.0,0.0,1.0,1.0,1.0,,0.0,1.0,,1.0,,,,,,,,,,,,,,,,,,,,,,,,,,,,,,,,,,,,,,,,,,,,,,,,,,,,,,,,,,,,,,,,,,,,,,,,,,,,,,,,,,,,,,,,,,,,,,,,,,,,,,,,,,,,,,,,,,,,,,,,,,,,,,,,,,,,,,,,,,,,,,,,,,,,,,
444,0.0,,,1.0,1.0,1.0,1.0,1.0,1.0,1.0,0.0,,0.0,1.0,1.0,1.0,1.0,1.0,1.0,1.0,1.0,1.0,,,1.0,,,,,1.0,1.0,1.0,1.0,,1.0,1.0,,1.0,0.0,0.5,1.0,1.0,,0.0,1.0,,1.0,,,,,,,,,,,,,,,,,,,,,,,,,,,,,,,,,,,,,,,,,,,,,,,,,,,,,,,,,,,,,,,,,,,,,,,,,,,,,,,,,,,,,,,,,,,,,,,,,,,,,,,,,,,,,,,,,,,,,,,,,,,,,,,,,,,,,,,,,,,,,,,,,,,,,,
445,1.0,,,1.0,0.0,1.0,1.0,1.0,1.0,1.0,0.0,,0.0,1.0,0.5,0.5,1.0,1.0,1.0,1.0,1.0,1.0,,,1.0,,,,,1.0,1.0,1.0,1.0,,1.0,1.0,,1.0,0.0,0.0,1.0,1.0,,0.0,1.0,,0.0,,,,,,,,,,,,,,,,,,,,,,,,,,,,,,,,,,,,,,,,,,,,,,,,,,,,,,,,,,,,,,,,,,,,,,,,,,,,,,,,,,,,,,,,,,,,,,,,,,,,,,,,,,,,,,,,,,,,,,,,,,,,,,,,,,,,,,,,,,,,,,,,,,,,,,
446,1.0,,,0.0,0.5,0.5,1.0,1.0,0.5,1.0,0.5,,0.0,1.0,1.0,0.0,1.0,1.0,1.0,1.0,0.5,1.0,,,0.5,,,,,0.5,0.5,0.5,1.0,,1.0,1.0,,1.0,0.0,0.5,1.0,0.5,,0.5,1.0,,1.0,,,,,,,,,,,,,,,,,,,,,,,,,,,,,,,,,,,,,,,,,,,,,,,,,,,,,,,,,,,,,,,,,,,,,,,,,,,,,,,,,,,,,,,,,,,,,,,,,,,,,,,,,,,,,,,,,,,,,,,,,,,,,,,,,,,,,,,,,,,,,,,,,,,,,,
447,0.0,,,0.0,0.0,1.0,1.0,1.0,1.0,1.0,0.0,,1.0,1.0,1.0,1.0,1.0,0.0,1.0,1.0,1.0,1.0,,,1.0,,,,,1.0,1.0,1.0,1.0,,1.0,1.0,,1.0,0.0,0.0,1.0,1.0,,0.0,1.0,,0.0,,1.0,,1.0,1.0,,0.0,,1.0,,,,0.0,,1.0,1.0,0.0,1.0,1.0,0.0,1.0,0.0,0.0,,0.0,0.0,,,,,1.0,1.0,,0.5,,,,0.0,,,0.0,,,0.0,,0.0,,0.5,,1.0,,,,1.0,,,,1.0,,0.0,,,0.0,,,,,,,,,,,,,,,,,,,,,,,,,,,,,,,,,,,,,,,,,,,,,,,,,,,,,,,,,,,,,,,,,,,,,,,,,,,,,,,,,,,,,,,
448,1.0,,,,1.0,1.0,1.0,1.0,1.0,1.0,0.5,,1.0,1.0,1.0,1.0,1.0,,1.0,1.0,,1.0,,,1.0,,,,,,,1.0,1.0,,1.0,1.0,,1.0,0.0,0.5,1.0,1.0,,0.0,1.0,,1.0,,,,,,,,,,,,,,,,,,,,,,,,,,,,,,,,,,,,,,,,,,,,,,,,,,,,,,,,,,,,,,,,,,,,,,,,,,,,,,,,,,,,,,,,,,,,,,,,,,,,,,,,,,,,,,,,,,,,,,,,,,,,,,,,,,,,,,,,,,,,,,,,,,,,,,
449,0.5,,,1.0,0.5,1.0,1.0,0.5,0.5,1.0,0.5,,0.0,1.0,0.5,0.5,0.5,0.5,0.5,0.5,1.0,1.0,,,0.5,,,,,1.0,0.5,0.5,0.5,,1.0,0.5,,0.5,0.0,0.0,0.5,1.0,,0.5,1.0,,0.5,,0.5,,1.0,1.0,,0.0,,1.0,,,,0.5,,0.5,0.5,0.5,1.0,0.5,0.0,0.0,1.0,0.0,,0.5,0.0,,,,,0.5,0.5,,0.5,,,,0.0,,1.0,,,,,,,,,,,,,,,,,,,,,,,,,,,,,,,,,,,,,,,,,,,,,,,,,,,,,,,,,,,,,,,,,,,,,,,,,,,,,,,,,,,,,,,,,,,,,,,,,,,,,,,,,,,,,,
450,0.0,,,0.0,0.5,1.0,1.0,1.0,1.0,1.0,0.0,,0.0,0.0,1.0,0.0,1.0,1.0,1.0,1.0,1.0,1.0,,,1.0,,,,,1.0,1.0,1.0,1.0,,1.0,1.0,,1.0,0.0,0.0,1.0,1.0,,0.0,1.0,,1.0,,,,,,,,,,,,,,,,,,,,,,,,,,,,,,,,,,,,,,,,,,,,,,,,,,,,,,,,,,,,,,,,,,,,,,,,,,,,,,,,,,,,,,,,,,,,,,,,,,,,,,,,,,,,,,,,,,,,,,,,,,,,,,,,,,,,,,,,,,,,,,,,,,,,,,
452,0.0,,,0.0,1.0,1.0,1.0,1.0,1.0,0.5,0.0,,0.5,0.0,1.0,0.0,1.0,1.0,1.0,1.0,1.0,1.0,,,1.0,,,,,1.0,0.5,1.0,1.0,,1.0,0.5,,1.0,0.5,0.5,1.0,1.0,,0.0,1.0,,1.0,,,,,,,,,,,,,,,,,,,,,,,,,,,,,,,,,,,,,,,,,,,,,,,,,,,,,,,,,,,,,,,,,,,,,,,,,,,,,,,,,,,,,,,,,,,,,,,,,,,,,,,,,,,,,,,,,,,,,,,,,,,,,,,,,,,,,,,,,,,,,,,,,,,,,,
455,0.0,,,1.0,1.0,0.0,0.0,1.0,1.0,0.5,0.0,,0.5,0.0,1.0,0.0,1.0,0.0,0.5,0.5,0.0,0.5,,,0.0,,,,,0.0,0.0,0.5,0.5,,0.5,0.5,,1.0,0.5,0.5,0.5,0.5,,0.0,0.0,,1.0,,,,,,,,,,,,,,,,,,,,,,,,,,,,,,,,,,,,,,,,,,,,,,,,,,,,,,,,,,,,,,,,,,,,,,,,,,,,,,,,,,,,,,,,,,,,,,,,,,,,,,,,,,,,,,,,,,,,,,,,,,,,,,,,,,,,,,,,,,,,,,,,,,,,,,
456,0.0,,,0.5,0.0,1.0,1.0,1.0,1.0,1.0,0.0,,0.0,1.0,1.0,0.0,1.0,1.0,1.0,0.5,1.0,1.0,,,1.0,,,,,1.0,1.0,1.0,1.0,,1.0,1.0,,1.0,0.0,0.5,1.0,1.0,,0.0,1.0,,0.0,,0.5,,,,,,,,,,,,,,,,,,,,,,,,,,,,,,,,,,,,,,,,,,,,,,,,,,,,,,,,,,,,,,,,,,,,,,,,,,,,,,,,,,,,,,,,,,,,,,,,,,,,,,,,,,,,,,,,,,,,,,,,,,,,,,,,,,,,,,,,,,,,,,,,,,,,
459,1.0,,,1.0,0.0,1.0,1.0,1.0,1.0,1.0,0.0,,1.0,1.0,1.0,0.0,1.0,1.0,1.0,1.0,1.0,1.0,,,1.0,,,,,1.0,1.0,1.0,1.0,,1.0,1.0,,1.0,0.0,0.0,1.0,1.0,,1.0,1.0,,1.0,,,,,,,,,,,,,,,,,,,,,,,,,,,,,,,,,,,,,,,,,,,,,,,,,,,,,,,,,,,,,,,,,,,,,,,,,,,,,,,,,,,,,,,,,,,,,,,,,,,,,,,,,,,,,,,,,,,,,,,,,,,,,,,,,,,,,,,,,,,,,,,,,,,,,,
460,0.5,,,1.0,0.5,1.0,1.0,1.0,1.0,1.0,0.5,,0.5,1.0,1.0,0.5,1.0,0.5,1.0,1.0,1.0,1.0,,,1.0,,,,,1.0,1.0,1.0,1.0,,1.0,1.0,,1.0,0.5,0.5,1.0,1.0,,0.5,1.0,,0.5,1.0,,,,,,,,,,,,,,,,,,,,,,,,,,,,,,,,,,,,,,,,,,,,,,,,,,,,,,,,,,,,,,,,,,,,,,,,,,,,,,,,,,,,,,,,,,,,,,,,,,,,,,,,,,,,,,,,,,,,,,,,,,,,,,,,,,,,,,,,,,,,,,,,,,,,,
461,0.0,,,0.0,0.0,1.0,1.0,1.0,1.0,1.0,0.0,,0.0,1.0,1.0,1.0,1.0,1.0,1.0,1.0,1.0,1.0,,,1.0,,,,,1.0,1.0,1.0,1.0,,1.0,1.0,,1.0,0.0,0.0,1.0,1.0,,0.0,1.0,,1.0,,1.0,,,,,,,,,,,,,,,,,,,,,,,,,,,,,,,,,,,,,,,,,,,,,,,,,,,,,,,,,,,,,,,,,,,,,,,,,,,,,,,,,,,,,,,,,,,,,,,,,,,,,,,,,,,,,,,,,,,,,,,,,,,,,,,,,,,,,,,,,,,,,,,,,,,,
463,0.0,,,1.0,0.5,1.0,1.0,1.0,0.5,1.0,0.5,,0.5,0.5,1.0,0.5,0.0,0.0,1.0,1.0,1.0,0.5,,,0.0,,,,,1.0,1.0,1.0,1.0,,1.0,1.0,,1.0,0.0,0.0,1.0,1.0,,0.0,1.0,,0.0,,0.0,,,,,0.0,,,,,,1.0,,0.0,,,1.0,0.0,,0.0,0.0,0.0,,,0.0,,,,,,1.0,,,,,,0.0,,,,,,,,,,,,,,,,,,,,0.0,,,,,,,,,,,,,,,,0.0,0.0,0.0,0.0,,,,,0.0,,,,,,,0.0,,,,1.0,,,,,,0.0,,,,,,1.0,,,,,,,,0.0,1.0,0.0,,,,1.0,,,,,,,,,,,,,,,,,,,,,,,,,,,,,,,
464,1.0,,,1.0,0.0,1.0,1.0,1.0,1.0,1.0,0.0,,0.0,1.0,1.0,0.0,1.0,0.0,1.0,1.0,1.0,1.0,,,1.0,,,,,1.0,1.0,1.0,1.0,,1.0,1.0,,1.0,0.0,0.0,1.0,1.0,,1.0,1.0,,0.0,,0.0,1.0,,,,,,,,,,,,,,,,,,,,,,,,,,,,,,,,,,,,,,,,,,,,,,,,,,,,,,,,,,,,,,,,,,,,,,,,,,,,,,,,,,,,,,,,,,,,,,,,,,,,,,,,,,,,,,,,,,,,,,,,,,,,,,,,,,,,,,,,,,,,,,,,,,,
465,0.0,,,0.5,1.0,1.0,0.0,1.0,0.0,1.0,0.5,,1.0,1.0,1.0,1.0,1.0,1.0,0.5,1.0,0.0,1.0,,,1.0,,,,,0.5,0.0,0.5,0.5,,1.0,1.0,,0.0,0.0,0.5,1.0,1.0,,0.0,0.0,,1.0,,0.0,,,,,,,,,,,,,,,,,,,,,,,,,,,,,,,,,,,,,,,,,,,,,,,,,,,,,,,,,,,,,,,,,,,,,,,,,,,,,,,,,,,,,,,,,,,,,,,,,,,,,,,,,,,,,,,,,,,,,,,,,,,,,,,,,,,,,,,,,,,,,,,,,,,,
466,1.0,,,1.0,1.0,1.0,1.0,1.0,1.0,1.0,1.0,,1.0,0.0,0.0,0.0,1.0,1.0,1.0,0.0,0.0,1.0,,,1.0,,,,,1.0,0.0,0.0,1.0,,0.0,1.0,,1.0,0.0,0.5,1.0,1.0,,0.0,1.0,,1.0,,,,,,,,,,,,,,,,,,,,,,,,,,,,,,,,,,,,,,,,,,,,,,,,,,,,,,,,,,,,,,,,,,,,,,,,,,,,,,,,,,,,,,,,,,,,,,,,,,,,,,,,,,,,,,,,,,,,,,,,,,,,,,,,,,,,,,,,,,,,,,,,,,,,,,
467,1.0,,,1.0,0.5,0.0,1.0,1.0,1.0,0.5,0.0,,0.0,0.0,1.0,0.0,1.0,1.0,1.0,0.5,0.5,1.0,,,1.0,,,,,1.0,0.0,0.5,1.0,,1.0,0.5,,0.5,0.0,1.0,1.0,1.0,,1.0,0.5,,0.0,,0.0,,,,,,,,,,,,,,,,,,,,,,,,,,,,,,,,,,,,,,,,,,,,,,,,,,,,,,,,,,,,,,,,,,,,,,,,,,,,,,,,,,,,,,,,,,,,,,,,,,,,,,,,,,,,,,,,,,,,,,,,,,,,,,,,,,,,,,,,,,,,,,,,,,,,
468,1.0,,,0.0,0.0,1.0,1.0,1.0,1.0,1.0,0.0,,0.0,1.0,0.0,0.0,1.0,1.0,1.0,1.0,1.0,1.0,,,1.0,,,,,1.0,0.0,1.0,1.0,,1.0,1.0,,1.0,0.0,0.0,1.0,1.0,,0.0,1.0,,0.0,,1.0,,,,,,,,,,,,,,,,,,,,,,,,,,,,,,,,,,,,,,,,,,,,,,,,,,,,,,,,,,,,,,,,,,,,,,,,,,,,,,,,,,,,,,,,,,,,,,,,,,,,,,,,,,,,,,,,,,,,,,,,,,,,,,,,,,,,,,,,,,,,,,,,,,,,
469,1.0,,,0.0,1.0,1.0,1.0,1.0,1.0,1.0,0.0,,1.0,1.0,1.0,0.0,1.0,1.0,1.0,1.0,1.0,1.0,,,1.0,,,,,1.0,1.0,1.0,1.0,,1.0,1.0,,1.0,0.0,0.0,1.0,1.0,,0.0,1.0,,1.0,,1.0,,1.0,,,,,,,,,,,,,,,,,,,,,,,,,,,,,,,,,,,,,,,,,,,,,,,,,,,,,,,,,,,,,,,,,,,,,,,,,,,,,,,,,,,,,,,,,,,,,,,,,,,,,,,,,,,,,,,,,,,,,,,,,,,,,,,,,,,,,,,,,,,,,,,,,,
471,0.5,,,0.0,0.0,1.0,1.0,1.0,0.5,1.0,0.5,,0.0,,0.5,0.5,1.0,1.0,1.0,1.0,1.0,1.0,,,1.0,,,,,1.0,0.5,0.5,1.0,,1.0,0.5,,1.0,0.0,0.0,1.0,1.0,,,1.0,,1.0,,1.0,,1.0,,,,,,,,,,,,,,,,,,,,,,,,,,,,,,,,,,,,,,,,,,,,,,,,,,,,,,,,,,,,,,,,,,,,,,,,,,,,,,,,,,,,,,,,,,,,,,,,,,,,,,,,,,,,,,,,,,,,,,,,,,,,,,,,,,,,,,,,,,,,,,,,,,
476,1.0,,,0.0,0.0,1.0,1.0,1.0,1.0,1.0,0.0,,0.0,1.0,1.0,0.0,1.0,0.0,1.0,1.0,1.0,1.0,,,1.0,,,,,1.0,1.0,1.0,1.0,,1.0,1.0,,1.0,0.0,1.0,1.0,1.0,,1.0,1.0,,1.0,,1.0,,1.0,1.0,,,,,,,,,,,,,,,,,,,,,,,,,,,,,,,,,,,,,,,,,,,,,,,,,,,,,,,,,,,,,,,,,,,,,,,,,,,,,,,,,,,,,,,,,,,,,,,,,,,,,,,,,,,,,,,,,,,,,,,,,,,,,,,,,,,,,,,,,,,,,,,,,
478,1.0,,,,0.0,,,,,,0.5,,,,,,,,,,,,,,,,,,,,,,,,,1.0,,,,,,,,,,,,,,,,,,,,,,,,,,,,,,,,,,,,,,,,,,1.0,,,,,,,,,,,,,,,,,,,,,,,,,,,,,,,,,,,,,,,,,,,,,,,,,,,,,,,,,,,,,,,,1.0,,,,,,,,,,,,,,,,,,,,,0.0,,,,,,,,,,,,,,,,,,,,,,,,,,,,,,,,,,
480,1.0,,,1.0,0.5,1.0,1.0,0.5,1.0,1.0,0.0,,0.0,0.0,0.0,0.0,1.0,1.0,1.0,1.0,1.0,1.0,,,1.0,,,,,1.0,1.0,1.0,1.0,,1.0,1.0,,1.0,0.0,1.0,1.0,1.0,,1.0,1.0,,0.5,,0.0,,1.0,,,,,,,,,,,,,,,,,,,,,,,,,,,,,,,,,,,,,,,,,,,,,,,,,,,,,,,,,,,,,,,,,,,,,,,,,,,,,,,,,,,,,,,,,,,,,,,,,,,,,,,,,,,,,,,,,,,,,,,,,,,,,,,,,,,,,,,,,,,,,,,,,,
483,0.5,,,0.5,0.5,0.5,0.5,0.5,0.5,0.5,0.5,,0.5,0.5,0.5,0.5,0.5,0.5,0.5,0.5,0.5,0.5,,,0.5,,,,,0.5,0.5,0.5,0.5,,0.5,0.5,,0.5,0.5,0.5,0.5,0.5,,0.5,0.5,,0.5,,0.5,,0.5,,,1.0,,,,,,,,,,,,,,,,,,,,,,,,,,,,,,,,,,,,,,,,,,,,,,,,,,,,,,,,,,,,,,,,,,,,,,,,,,,,,,,,,,,,,,,,,,,,,,,,,,,,,,,,,,,,,,,,,,,,,,,,,,,,,,,,,,,,,,,,,,,,,,,
485,0.0,,,1.0,0.0,1.0,1.0,1.0,1.0,1.0,0.0,,0.0,1.0,1.0,0.0,1.0,0.0,1.0,0.0,1.0,1.0,,,1.0,,,,,0.5,0.5,1.0,1.0,,1.0,1.0,,1.0,0.0,0.0,1.0,1.0,,0.0,1.0,,0.0,,1.0,,1.0,1.0,,0.0,1.0,,,,,,,,,,,,,,,,,,,,,,,,,,,,,,,,,,,,,,,,,,,,,,,,,,,,,,,,,,,,,,,,,,,,,,,,,,,,,,,,,,,,,,,,,,,,,,,,,,,,,,,,,,,,,,,,,,,,,,,,,,,,,,,,,,,,,,,,,,,,,,
486,1.0,,,0.0,0.0,1.0,1.0,1.0,1.0,1.0,0.0,,0.0,0.0,1.0,0.0,1.0,0.0,1.0,1.0,1.0,1.0,,,1.0,,,,,1.0,0.0,1.0,1.0,,1.0,1.0,,1.0,0.0,0.0,1.0,1.0,,0.0,1.0,,0.0,,0.5,,1.0,1.0,,0.0,,,,,,,,,,,,,,,,,,,,,,,,,,,,,,,,,,,,,,,,,,,,,,,,,,,,,,,,,,,,,,,,,,,,,,,,,,,,,,,,,,,,,,,,,,,,,,,,,,,,,,,,,,,,,,,,,,,,,,,,,,,,,,,,,,,,,,,,,,,,,,,
492,0.0,,,0.0,1.0,1.0,1.0,1.0,1.0,1.0,0.0,,0.0,1.0,0.0,0.0,1.0,0.0,1.0,1.0,1.0,1.0,,,1.0,,,,,1.0,1.0,1.0,1.0,,1.0,1.0,,1.0,0.0,0.0,1.0,1.0,,0.0,1.0,,1.0,,1.0,,1.0,1.0,,0.0,,1.0,,,,,,,,,,,,,,,,,,,,,,,,,,,,,,,,,,,,,,,,,,,,,,,,,,,,,,,,,,,,,,,,,,,,,,,,,,,,,,,,,,,,,,,,,,,,,,,,,,,,,,,,,,,,,,,,,,,,,,,,,,,,,,,,,,,,,,,,,,,,,
496,0.0,,,0.0,0.0,1.0,1.0,1.0,1.0,1.0,1.0,,0.0,1.0,1.0,0.0,1.0,1.0,1.0,1.0,1.0,1.0,,,1.0,,,,,1.0,0.0,1.0,1.0,,1.0,1.0,,1.0,0.0,0.5,1.0,1.0,,0.0,1.0,,1.0,,1.0,,1.0,1.0,,0.0,,1.0,,,,,,,,,,,,,,,,,,,,,,,,,,,,,,,,,,,,,,,,,,,,,,,,,,,,,,,,,,,,,,,,,,,,,,,,,,,,,,,,,,,,,,,,,,,,,,,,,,,,,,,,,,,,,,,,,,,,,,,,,,,,,,,,,,,,,,,,,,,,,
497,1.0,,,1.0,1.0,1.0,1.0,1.0,1.0,1.0,0.0,,1.0,0.0,1.0,0.0,1.0,0.0,1.0,0.0,1.0,1.0,,,1.0,,,,,1.0,0.0,1.0,1.0,,1.0,1.0,,1.0,0.0,1.0,1.0,1.0,,0.0,1.0,,1.0,,1.0,,1.0,1.0,,1.0,,1.0,,,,,,,,,,,,,,,,,,,,,,,,,,,,,,,,,,,,,,,,,,,,,,,,,,,,,,,,,,,,,,,,,,,,,,,,,,,,,,,,,,,,,,,,,,,,,,,,,,,,,,,,,,,,,,,,,,,,,,,,,,,,,,,,,,,,,,,,,,,,,
498,1.0,,,1.0,1.0,1.0,0.5,1.0,1.0,1.0,0.0,,0.0,0.0,1.0,1.0,1.0,0.0,0.5,0.0,1.0,1.0,,,1.0,,,,,0.5,0.5,0.5,0.0,,0.0,1.0,,0.5,0.0,1.0,1.0,0.5,,0.0,0.0,,1.0,,1.0,,1.0,1.0,,1.0,,1.0,,,,,,,,,,,,,,,,,,,,,,,,,,,,,,,,,,,,,,,,,,,,,,,,,,,,,,,,,,,,,,,,,,,,,,,,,,,,,,,,,,,,,,,,,,,,,,,,,,,,,,,,,,,,,,,,,,,,,,,,,,,,,,,,,,,,,,,,,,,,,
499,0.0,,,1.0,1.0,0.0,0.0,1.0,1.0,1.0,0.0,,1.0,0.0,1.0,0.0,1.0,1.0,0.0,0.0,0.0,1.0,,,1.0,,,,,0.0,0.0,0.0,0.0,,1.0,1.0,,1.0,0.0,1.0,1.0,1.0,,0.0,0.0,,1.0,,0.0,,0.0,0.5,,1.0,,0.0,,,,,,1.0,,,,,0.0,,1.0,,,,0.0,,,,,,,,,,,,,,,1.0,,,,,,,0.0,,,,,,0.0,,,,,,1.0,,,1.0,,,,,,,,,,,0.0,,1.0,,,,,,,,,,,1.0,,,,,,,1.0,,,,,,,,,,,1.0,,,,,,,,1.0,,,,,,,,,,,0.0,,,,0.0,,,,,,,,,,,,,,,,,,,,,,
502,0.5,,,0.5,0.5,0.5,0.5,0.5,0.5,0.5,0.5,,0.5,0.5,0.5,0.5,0.5,0.5,0.5,0.5,0.5,0.5,,,0.5,,,,,0.5,0.5,0.5,0.5,,0.5,0.5,,0.5,0.5,0.5,0.5,0.5,,0.5,0.5,,0.5,,0.5,,0.5,0.5,,0.5,,0.5,,,,1.0,,1.0,1.0,1.0,0.0,1.0,1.0,1.0,1.0,1.0,,1.0,1.0,,,,,0.0,0.0,,0.5,,,,1.0,,,,,,,,,,,,,,,,,,,,,,,,,,,,,,,,,,,,,,,,,,,,,,,,,,,,,,,,,,,,,,,,,,,,,,,,,,,,,,,,,,,,,,,,,,,,,,,,,,,,,,,,,,,,,,,,
506,1.0,,,1.0,1.0,0.0,0.0,1.0,0.5,0.0,1.0,,1.0,0.0,0.5,0.5,1.0,0.5,0.0,0.0,0.0,0.0,,,0.0,,,,,0.5,0.0,0.0,0.0,,0.5,0.0,,1.0,1.0,1.0,1.0,0.0,,0.5,0.0,,1.0,,0.0,,0.0,0.5,,1.0,,0.5,,,,,,,,,,,,,,,,,,,,,,,,,,,,,,,,,,,,,,,,,,,,,,,,,,,,,,,,,,,,,,,,,,,,,,,,,,,,,,,,,,,,,,,,,,,,,,,,,,,,,,,,,,,,,,,,,,,,,,,,,,,,,,,,,,,,,,,,,,,,,
507,1.0,,,,1.0,,,1.0,,,,,,,,,,0.5,0.5,0.0,0.0,,,,,,,,,,,,,,,,,,,,,1.0,,,0.0,,,,,,,,,,,0.0,,,,,,,,,,,,,,,,,,,,,,,,,,,,,,,,,,,,,,,,,,,,,,,,,,,,,,,,,,,,,,,,,,,,,,,,,,,,,,,,,,,,,,,,,,,,,,,,,,,,,,,,,,,,,,,,,,,,,,,,,,,,,,,,,,,,,,,,,,,,,
508,1.0,,,1.0,1.0,0.0,0.0,1.0,0.5,0.0,0.5,,1.0,0.0,0.5,0.5,1.0,1.0,0.0,0.0,0.0,0.0,,,0.0,,,,,0.0,0.0,0.0,0.0,,0.0,0.0,,1.0,1.0,1.0,1.0,0.0,,0.5,0.0,,1.0,,0.0,,0.0,0.0,,1.0,,0.0,,,,1.0,,1.0,1.0,1.0,0.5,1.0,1.0,1.0,1.0,1.0,,1.0,1.0,,,,,0.0,0.0,,0.0,,,,1.0,,,1.0,,,1.0,,1.0,,0.5,,0.5,,,,0.0,,,,0.5,,1.0,,,1.0,,1.0,,,,,,,,,,,,,,,,,,,,,,,,,,,,,,,,,,,,,,,,,,,,,,,,,,,,,,,,,,,,,,,,,,,,,,,,,,,,,,,,,,,,,
509,1.0,,,1.0,1.0,0.0,0.0,1.0,1.0,1.0,1.0,,1.0,0.0,0.0,0.0,1.0,1.0,0.0,0.0,0.0,1.0,,,1.0,,,,,0.0,0.0,0.0,0.0,,0.0,0.0,,0.0,1.0,1.0,1.0,0.0,,1.0,0.0,,1.0,,0.0,,0.0,0.0,,1.0,,0.0,,,,,,,,,1.0,,,,,,,,,,,,,,,,,,,,,,,,,,,,,,,,,,,,,,,,,,,,,,,,,,,,,,,,,,,,,,,,,,,,,,,,,,,,,,,,,,,,,,,,,,,,,,,,,,,,,,,,,,,,,,,,,,,,,,,,,,,,,,,,,,,,
510,0.0,,,0.0,0.0,1.0,1.0,1.0,1.0,1.0,0.0,,0.0,1.0,1.0,0.0,1.0,0.0,1.0,1.0,1.0,1.0,,,1.0,,,,,1.0,1.0,1.0,1.0,,1.0,1.0,,1.0,0.0,0.0,1.0,1.0,,0.0,1.0,,0.0,,1.0,,1.0,1.0,,0.0,,1.0,,,,1.0,,0.0,0.0,1.0,1.0,1.0,0.0,0.0,1.0,0.0,,0.0,0.0,,,,,1.0,1.0,,1.0,,,,0.0,,,0.0,,,0.0,,0.0,,1.0,,0.0,,,,1.0,,,,0.0,,0.0,,,0.0,,1.0,,,,,,,,0.0,,,,,,,,,,,,,,,,,,,,,,,,,,,,,,,,,,,,,,,,,,,,,,,,,,,,,,,,,,,,,,,,,,,,,,,,,,,,,
513,1.0,,,1.0,0.0,0.0,,1.0,,,1.0,,1.0,1.0,,0.5,,0.0,,0.0,0.5,1.0,,,,,,,,0.0,0.0,0.0,0.0,,0.0,,,,0.0,,1.0,1.0,,1.0,0.0,,1.0,,0.0,,0.0,1.0,,1.0,,0.5,,,,,,1.0,1.0,,1.0,1.0,,,,,,,,,,,,,,,,,,,,,,,,,,,,,,,,,,,,,,,,,,,,,,,,,,,,,,,,,,,,,,,,,,,,,,,,,,,,,,,,,,,,,,,,,,,,,,,,,,,,,,,,,,,,,,,,,,,,,,,,,,,,,,,,,,,
514,1.0,,,1.0,1.0,1.0,0.5,1.0,1.0,0.0,1.0,,1.0,0.0,1.0,1.0,1.0,0.0,0.0,0.0,0.0,0.0,,,0.0,,,,,0.0,0.0,0.0,1.0,,0.0,0.0,,1.0,1.0,1.0,1.0,1.0,,1.0,0.0,,1.0,,0.0,,0.0,1.0,,1.0,,1.0,,,,1.0,,1.0,1.0,1.0,1.0,1.0,,,,,,,,,,,,,,,,,,,,,,,,,,,,,,,,,,,,,,,,,,,,,,,,,,,,,,,,,,,,,,,,,,,,,,,,,,,,,,,,,,,,,,,,,,,,,,,,,,,,,,,,,,,,,,,,,,,,,,,,,,,,,,,,,,,
517,1.0,,,,1.0,0.0,0.0,,0.0,,1.0,,,,0.5,0.0,,1.0,,0.0,0.0,,,,0.0,,,,,,0.0,0.0,,,0.0,0.0,,1.0,,1.0,1.0,0.5,,1.0,0.0,,1.0,,,,,1.0,,,,,,,,1.0,,1.0,1.0,,0.0,1.0,,,,,,,,,,,,,,,,,,,,,,,,,,,,,,,,,,,,,,,,,,,,,,,,,,,,,,,,,,,,,,,,,,,,,,,,,,,,,,,,,,,,,,,,,,,,,,,,,,,,,,,,,,,,,,,,,,,,,,,,,,,,,,,,,,,
518,1.0,,,0.0,0.0,1.0,1.0,1.0,1.0,1.0,0.0,,0.5,1.0,0.0,1.0,1.0,0.5,1.0,1.0,1.0,1.0,,,1.0,,,,,1.0,1.0,1.0,1.0,,1.0,1.0,,0.0,0.0,0.0,1.0,1.0,,1.0,1.0,,0.0,,1.0,,1.0,1.0,,0.0,,1.0,,,,0.0,,0.0,0.0,1.0,1.0,1.0,,,,,,,,,,,,,,,,,,,,,,,,,,,,,,,,,,,,,,,,,,,,,,,,,,,,,,,,,,,,,,,,,,,,,,,,,,,,,,,,,,,,,,,,,,,,,,,,,,,,,,,,,,,,,,,,,,,,,,,,,,,,,,,,,,,
521,1.0,,,1.0,1.0,0.0,0.5,1.0,0.5,0.0,0.0,,1.0,0.0,1.0,0.0,1.0,0.0,0.0,0.0,0.0,0.0,,,0.0,,,,,0.0,0.0,0.0,0.0,,1.0,0.0,,1.0,1.0,1.0,1.0,0.0,,0.0,0.0,,1.0,,0.0,,0.0,1.0,,1.0,,0.0,,,,1.0,,1.0,1.0,1.0,0.0,1.0,,,,,,,,,,,,,,,,,,,,,,,,,,,,,,,,,,,,,,,,,,,,,,,,,,,,,,,,,,,,,,,,,,,,,,,,,,,,,,,,,,,,,,,,,,,,,,,,,,,,,,,,,,,,,,,,,,,,,,,,,,,,,,,,,,,
524,0.0,,,1.0,0.5,0.0,1.0,1.0,1.0,1.0,0.5,,1.0,0.0,1.0,1.0,1.0,0.0,0.5,0.0,0.5,1.0,,,0.0,,,,,0.5,0.0,0.0,1.0,,1.0,0.5,,0.0,0.0,0.5,1.0,0.0,,0.5,0.0,,1.0,,0.0,,1.0,1.0,,1.0,,1.0,,,,1.0,,1.0,1.0,1.0,1.0,1.0,,,,,,,,,,,,,,,,,,,,,,,,,,,,,,,,,,,,,,,,,,,,,,,,,,,,,,,,,,,,,,,,,,,,,,,,,,,,,,,,,,,,,,,,,,,,,,,,,,,,,,,,,,,,,,,,,,,,,,,,,,,,,,,,,,,
527,1.0,,,1.0,0.0,0.5,0.0,1.0,0.0,1.0,0.0,,1.0,0.0,1.0,0.0,1.0,0.0,0.0,0.0,0.5,0.0,,,0.0,,,,,0.0,0.0,0.0,0.5,,0.5,0.0,,1.0,1.0,1.0,1.0,0.0,,1.0,0.0,,1.0,,0.0,,0.5,1.0,,1.0,,1.0,,,,1.0,,1.0,1.0,1.0,1.0,1.0,,,,,,1.0,,,,,,,,,,,,,,,,,,,,,,,,,,,,,,,,,,,,,,,,,,,,,,,,,,,,,,,,,,,,,,,,,,,,,,,,,,,,,,,,,,,,,,,,,,,,,,,,,,,,,,,,,,,,,,,,,,,,,,,,,,,,,
528,1.0,,,0.0,0.0,1.0,0.0,0.0,1.0,0.0,0.0,,1.0,1.0,1.0,0.0,1.0,0.0,0.0,0.0,0.0,1.0,,,0.0,,,,,0.0,0.0,0.0,0.0,,0.0,0.0,,1.0,1.0,1.0,1.0,1.0,,1.0,0.0,,1.0,,0.0,,1.0,1.0,,1.0,,0.0,,,,1.0,,1.0,1.0,1.0,1.0,1.0,1.0,1.0,1.0,1.0,1.0,1.0,1.0,,,,,1.0,0.0,,1.0,,,,1.0,,,0.0,1.0,,1.0,1.0,1.0,,0.5,,1.0,,,,,,,,,,,,,,,,,,,,,,,,,,,,,,,,,,,,,,,,,,,,,,,,,,,,,,,,,,,,,,,,,,,,,,,,,,,,,,,,,,,,,,,,,,,,,,,,,,,,
529,1.0,,,1.0,0.0,0.5,0.5,0.5,1.0,0.0,0.0,,1.0,1.0,1.0,0.0,1.0,0.0,1.0,0.0,0.0,0.5,,,0.0,,,,,1.0,0.0,1.0,0.0,,0.5,0.5,,1.0,1.0,1.0,1.0,1.0,,1.0,1.0,,1.0,,1.0,,0.0,0.0,,1.0,,0.0,,,,1.0,,1.0,1.0,1.0,0.0,1.0,,,,,,,,,,,,,,,,,,,,,,,,,,,,,,,,,,,,,,,,,,,,,,,,,,,,,,,,,,,,,,,,,,,,,,,,,,,,,,,,,,,,,,,,,,,,,,,,,,,,,,,,,,,,,,,,,,,,,,,,,,,,,,,,,,,
530,1.0,,,1.0,0.0,1.0,1.0,1.0,1.0,1.0,0.0,,1.0,0.0,1.0,0.0,1.0,0.0,1.0,1.0,0.0,0.0,,,0.0,,,,,0.0,0.0,0.0,1.0,,1.0,1.0,,1.0,1.0,1.0,1.0,1.0,,1.0,0.0,,1.0,,0.0,,1.0,1.0,,1.0,,0.0,,,,1.0,,1.0,1.0,1.0,1.0,1.0,,,,,,,,,,,,,,,,,,,,,,,,,,,,,,,,,,,,,,,,,,,,,,,,,,,,,,,,,,,,,,,,,,,,,,,,,,,,,,,,,,,,,,,,,,,,,,,,,,,,,,,,,,,,,,,,,,,,,,,,,,,,,,,,,,,
532,1.0,,,1.0,1.0,0.5,0.0,1.0,1.0,1.0,0.0,,1.0,0.0,1.0,0.0,1.0,0.0,0.0,0.0,0.0,0.0,,,0.0,,,,,0.0,0.0,0.5,0.0,,1.0,0.5,,0.0,1.0,1.0,0.5,1.0,,0.0,1.0,,1.0,,0.0,,0.0,0.0,,1.0,,0.0,,,,1.0,,1.0,1.0,1.0,1.0,1.0,,,,,,,,,,,,,,,,,,,,,,,,,,,,,,,,,,,,,,,,,,,,,,,,,,,,,,,,,,,,,,,,,,,,,,,,,,,,,,,,,,,,,,,,,,,,,,,,,,,,,,,,,,,,,,,,,,,,,,,,,,,,,,,,,,,
533,1.0,,,1.0,1.0,0.0,1.0,1.0,1.0,1.0,0.0,,1.0,0.0,0.0,0.0,1.0,1.0,0.0,0.0,0.0,0.5,,,1.0,,,,,0.5,0.0,0.0,0.0,,0.0,0.0,,1.0,1.0,1.0,1.0,0.5,,1.0,0.0,,1.0,,0.0,,0.0,1.0,,1.0,,0.5,,,,1.0,,1.0,1.0,1.0,1.0,1.0,1.0,1.0,1.0,1.0,,1.0,1.0,,,,,0.0,0.0,,0.5,,,,1.0,,,1.0,,,1.0,,1.0,,0.0,,1.0,,,,0.0,,,,1.0,,1.0,,,1.0,,1.0,,,,,,,,1.0,,,,,,,,,,,,,,,,,,,,,,,,,,,,,,,,,,,,,,,,,,,,,,,,,,,,,,,,,,,,,,,,,,,,,,,,,,,,,
534,0.0,,,0.0,0.0,1.0,1.0,1.0,1.0,0.5,0.0,,0.0,1.0,1.0,0.0,1.0,0.0,1.0,1.0,1.0,1.0,,,1.0,,,,,0.0,1.0,1.0,1.0,,1.0,1.0,,0.0,0.0,0.0,0.5,0.5,,0.0,1.0,,0.0,,0.0,,0.0,1.0,,0.0,,1.0,,,,0.5,,0.0,0.0,0.0,0.0,1.0,,,,,,,,,,,,,,,,,,,,,,,,,,,,,,,,,,,,,,,,,,,,,,,,,,,,,,,,,,,,,,,,,,,,,,,,,,,,,,,,,,,,,,,,,,,,,,,,,,,,,,,,,,,,,,,,,,,,,,,,,,,,,,,,,,,
535,1.0,,,1.0,1.0,1.0,1.0,1.0,1.0,1.0,1.0,,1.0,1.0,1.0,1.0,1.0,1.0,1.0,1.0,1.0,1.0,,,1.0,,,,,1.0,1.0,1.0,1.0,,1.0,1.0,,1.0,1.0,1.0,1.0,1.0,,1.0,1.0,,1.0,,1.0,,1.0,1.0,,1.0,,1.0,,,,1.0,,1.0,1.0,1.0,1.0,1.0,,,,,,,,,,,,,,,,,,,,,,,,,,,,,,,,,,,,,,,,,,,,,,,,,,,,,,,,,,,,,,,,,,,,,,,,,,,,,,,,,,,,,,,,,,,,,,,,,,,,,,,,,,,,,,,,,,,,,,,,,,,,,,,,,,,
536,1.0,,,1.0,0.5,0.0,0.5,0.5,0.0,0.5,1.0,,0.0,0.5,0.0,0.5,0.5,0.0,0.5,0.5,0.5,1.0,,,0.0,,,,,0.0,0.0,1.0,0.5,,0.5,0.5,,0.5,1.0,1.0,0.5,0.5,,1.0,0.0,,0.5,,0.5,,0.0,0.5,,1.0,,0.0,,,,1.0,,1.0,1.0,0.5,0.5,0.5,,,,,,,,,,,,,,,,,,,,,,,,,,,,,,,,,,,,,,,,,,,,,,,,,,,,,,,,,,,,,,,,,,,,,,,,,,,,,,,,,,,,,,,,,,,,,,,,,,,,,,,,,,,,,,,,,,,,,,,,,,,,,,,,,,,
538,1.0,,,1.0,1.0,0.0,1.0,1.0,1.0,1.0,0.0,,1.0,0.0,1.0,0.0,1.0,0.0,0.0,1.0,1.0,1.0,,,1.0,,,,,0.0,0.0,0.0,1.0,,0.0,1.0,,1.0,1.0,1.0,1.0,1.0,,1.0,0.0,,1.0,,1.0,,0.0,1.0,,1.0,,0.0,,,,1.0,,1.0,1.0,1.0,1.0,1.0,,,,,,,,,,,,,,,,,,,,,,,,,,,,,,,,,,,,,,,,,,,,,,,,,,,,,,,,,,,,,,,,,,,,,,,,,,,,,,,,,,,,,,,,,,,,,,,,,,,,,,,,,,,,,,,,,,,,,,,,,,,,,,,,,,,
541,1.0,,,1.0,0.0,0.0,1.0,1.0,1.0,1.0,0.0,,1.0,0.0,0.0,0.0,1.0,0.0,1.0,1.0,0.0,1.0,,,1.0,,,,,1.0,0.0,0.0,1.0,,1.0,1.0,,1.0,1.0,1.0,1.0,1.0,,0.0,1.0,,1.0,,0.0,,1.0,1.0,,1.0,,1.0,,,,1.0,,1.0,1.0,1.0,1.0,1.0,,,,,,,,,,,,,,,,,,,,,,,,,,,,,,,,,,,,,,,,,,,,,,,,,,,,,,,,,,,,,,,,,,,,,,,,,,,,,,,,,,,,,,,,,,,,,,,,,,,,,,,,,,,,,,,,,,,,,,,,,,,,,,,,,,,
544,1.0,,,0.0,0.5,0.5,1.0,1.0,0.0,1.0,0.0,,0.0,0.0,0.5,0.5,1.0,1.0,0.0,0.0,0.5,0.5,,,1.0,,,,,0.5,1.0,0.0,0.0,,1.0,0.0,,1.0,0.0,1.0,1.0,1.0,,1.0,0.0,,1.0,,1.0,,0.5,1.0,,1.0,,1.0,,,,1.0,,0.5,1.0,0.0,1.0,1.0,,,,,,,,,,,,,,,,,,,,,,,,,,,,,,,,,,,,,,,,,,,,,,,,,,,,,,,,,,,,,,,,,,,,,,,,,,,,,,,,,,,,,,,,,,,,,,,,,,,,,,,,,,,,,,,,,,,,,,,,,,,,,,,,,,,
547,1.0,,,0.5,0.0,0.5,1.0,1.0,0.5,0.5,0.0,,0.5,0.0,1.0,0.0,1.0,1.0,0.0,1.0,0.0,0.5,,,0.5,,,,,0.5,0.0,0.0,1.0,,1.0,1.0,,0.0,1.0,1.0,1.0,0.5,,1.0,1.0,,1.0,,0.5,,0.5,1.0,,1.0,,1.0,,,,1.0,,1.0,1.0,1.0,1.0,0.5,1.0,1.0,1.0,0.5,,1.0,1.0,,,,,0.5,0.0,,0.0,,,,1.0,,,1.0,,,1.0,,1.0,,0.5,,1.0,,,,1.0,,,,1.0,,1.0,,,1.0,,1.0,,,,,,,,1.0,,,,,,,,,,,,,,,,,,,,,,,,,,,,,,,,,,,,,,,,,,,,,,,,,,,,,,,,,,,,,,,,,,,,,,,,,,,,,
549,1.0,,,,,,,,,,,,,,,,,,,,,,,,1.0,,,,,,,,,,,,,,,,,,,,,,1.0,,0.0,,,,,,,,,,,,,,1.0,,,,,,,,,,,,,,,,,,,,,,,,,,,,,,,,,,,,,,,,,,,,,,,,,,,,,,,,,,,,,,,,,,,,,,,,,,,,,,,,,,,,,,,,,,,,,,,,,,,,,,,,,,,,,,,,,,,,,,,,,,,,,,,,,,,,,,
550,1.0,,,,,,0.0,1.0,0.0,,,,,,,,,,,0.0,,,,,,,,,,,,,,,1.0,,,,,,,,,,,,,,,,,1.0,,,,,,,,,,,,,,,,,,,,,,,,,,,,,,,,,,,,,,,,,,,,,,,,,,,,,,,,,,,,,,,,,,,,,,,,,,,,,,,,,,,,,,,,,,,,,,,,,,,,,,,,,,,,,,,,,,,,,,,,,,,,,,,,,,,,,,,,,,,,,,,,,
553,1.0,,,1.0,0.0,0.0,0.0,1.0,0.0,0.5,0.5,,1.0,0.0,0.0,0.0,1.0,1.0,0.0,0.0,0.0,0.0,,,0.5,,,,,0.0,0.0,0.0,0.0,,0.0,0.0,,1.0,1.0,1.0,1.0,0.0,,1.0,0.0,,1.0,,0.0,,0.0,0.0,,1.0,,0.0,,,,1.0,,1.0,1.0,1.0,0.0,1.0,,,,,,,,,,,,,,,,,,,,,,,,,,,,,,,,,,,,,,,,,,,,,,,,,,,,,,,,,,,,,,,,,,,,,,,,,,,,,,,,,,,,,,,,,,,,,,,,,,,,,,,,,,,,,,,,,,,,,,,,,,,,,,,,,,,
554,1.0,,,1.0,0.5,0.5,0.0,1.0,1.0,0.0,0.0,,1.0,0.5,0.0,0.0,1.0,1.0,0.0,0.0,0.0,0.0,,,0.5,,,,,0.0,0.0,0.0,0.0,,0.5,0.0,,0.0,1.0,1.0,1.0,1.0,,0.0,0.0,,1.0,,0.0,,0.0,1.0,,1.0,,1.0,,,,1.0,,1.0,1.0,1.0,1.0,1.0,1.0,1.0,1.0,1.0,,1.0,1.0,,,,,0.5,0.5,,1.0,,,,0.5,,,1.0,,,1.0,,1.0,,0.5,,1.0,,,,0.5,,,,1.0,,1.0,,,1.0,,1.0,,,,,,,,1.0,,,,,,,,,,,,,,,,,,,,,,,,,,,,,,,,,,,,,,,,,,,,,,,,,,,,,,,,,,,,,,,,,,,,,,,,,,,,,
555,1.0,,,1.0,0.0,1.0,1.0,1.0,0.0,1.0,0.0,,1.0,0.0,0.0,0.0,1.0,1.0,0.0,0.0,0.0,1.0,,,1.0,,,,,0.0,0.0,0.0,0.0,,1.0,1.0,,1.0,1.0,1.0,1.0,1.0,,0.0,0.0,,1.0,,0.0,,0.0,1.0,,1.0,,0.0,,,,1.0,,1.0,1.0,1.0,1.0,1.0,,,,,,,,,,,,,,,,,,,,,,,,,,,,,,,,,,,,,,,,,,,,,,,,,,,,,,,,,,,,,,,,,,,,,,,,,,,,,,,,,,,,,,,,,,,,,,,,,,,,,,,,,,,,,,,,,,,,,,,,,,,,,,,,,,,
556,1.0,,,1.0,1.0,0.0,0.0,0.0,1.0,1.0,0.0,,1.0,0.0,1.0,0.0,1.0,1.0,0.0,0.0,0.0,0.0,,,0.0,,,,,0.0,0.0,0.0,0.0,,0.0,0.0,,0.0,1.0,1.0,1.0,0.0,,1.0,0.0,,1.0,,0.0,,0.0,0.0,,1.0,,1.0,,,,1.0,,1.0,1.0,1.0,1.0,1.0,1.0,1.0,1.0,1.0,,1.0,1.0,,,,,0.0,0.0,,1.0,,,,1.0,,,1.0,,,1.0,,1.0,,0.0,,0.0,,,,,,,,,,,,,,,,,,,,,,,,,,,,,,,,,,,,,,,,,,,,,,,,,,,,,,,,,,,,,,,,,,,,,,,,,,,,,,,,,,,,,,,,,,,,,,,,,,,,
557,1.0,,,1.0,0.0,0.5,0.0,1.0,0.5,0.5,0.0,,1.0,,0.0,0.0,1.0,1.0,1.0,0.0,0.0,1.0,,,0.0,,,,,0.5,0.0,0.5,0.0,,1.0,0.0,,,1.0,1.0,1.0,1.0,,0.0,0.0,,1.0,,0.0,,,0.5,,1.0,,,,,,1.0,,1.0,1.0,0.0,,1.0,,,,,,,,,,,,,,,,,,,,,,,,,,,,,,,,,,,,,,,,,,,,,,,,,,,,,,,,,,,,,,,,,,,,,,,,,,,,,,,,,,,,,,,,,,,,,,,,,,,,,,,,,,,,,,,,,,,,,,,,,,,,,,,,,,,
558,1.0,,,1.0,0.0,0.5,1.0,1.0,1.0,1.0,1.0,,1.0,0.0,1.0,0.0,1.0,0.0,0.0,0.0,0.0,0.0,,,0.0,,,,,0.0,0.0,0.0,0.0,,0.0,0.0,,1.0,1.0,1.0,1.0,0.5,,1.0,0.0,,1.0,,0.0,,0.0,1.0,,1.0,,1.0,,,,1.0,,1.0,1.0,1.0,1.0,1.0,1.0,1.0,1.0,1.0,,1.0,1.0,,,,,1.0,0.5,,1.0,,,,1.0,,,1.0,,,1.0,,1.0,,1.0,,1.0,,,,,,,,0.5,,,,,,,,,,,,,,,,,,,,,,,,,,,,,,,,,,,,,,,,,,,,,,,,,,,,,,,,,,,,,,,,,,,,,,,,,,,,,,,,,,,,,,,,,,,,
563,1.0,,,1.0,1.0,1.0,1.0,1.0,0.5,0.5,0.0,,1.0,1.0,1.0,0.0,1.0,0.5,1.0,0.0,0.5,1.0,,,0.5,,,,,0.0,0.5,0.5,1.0,,1.0,0.5,,1.0,1.0,1.0,1.0,1.0,,1.0,0.5,,1.0,,0.0,,0.0,1.0,,1.0,,1.0,,,,1.0,,1.0,1.0,1.0,0.5,1.0,0.5,1.0,1.0,0.0,,1.0,0.5,,,,,1.0,1.0,,1.0,,,,0.5,,,1.0,,,1.0,,0.0,,0.5,,1.0,,,,0.0,,,,1.0,,1.0,,,1.0,,1.0,,,,,,,,1.0,,,,,,,,,,,,,,,,,,,,,,,,,,,,,,,,,,,,,,,,,,,,,,,,,,,,,,,,,,,,,,,,,,,,,,,,,,,,,
564,1.0,,,0.0,1.0,1.0,1.0,1.0,1.0,1.0,0.0,,1.0,1.0,1.0,1.0,1.0,1.0,1.0,1.0,1.0,1.0,,,1.0,,,,,1.0,0.0,1.0,1.0,,1.0,1.0,,1.0,1.0,1.0,1.0,1.0,,0.0,1.0,,1.0,,1.0,,1.0,1.0,,1.0,,1.0,,,,1.0,,1.0,1.0,1.0,1.0,1.0,,,,,,,,,,,,,,,,,,,,,,,,,,,,,,,,,,,,,,,,,,,,,,,,,,,,,,,,,,,,,,,,,,,,,,,,,,,,,,,,,,,,,,,,,,,,,,,,,,,,,,,,,,,,,,,,,,,,,,,,,,,,,,,,,,,
565,0.5,,,1.0,0.5,0.5,1.0,1.0,0.5,1.0,0.0,,0.0,0.5,1.0,1.0,1.0,1.0,1.0,1.0,1.0,1.0,,,1.0,,,,,1.0,0.5,0.5,1.0,,1.0,1.0,,1.0,0.0,0.5,1.0,1.0,,0.0,1.0,,0.5,,1.0,,1.0,1.0,,0.5,,1.0,,,,0.0,,1.0,1.0,1.0,1.0,1.0,0.5,0.0,1.0,0.0,,0.0,0.5,,,,,,,,,,,,,,,,,,,,,,,,,,,,,,,,,,,,,,,,,,,,,,,,,,,,,,,,,,,,,,,,,,,,,,,,,,,,,,,,,,,,,,,,,,,,,,,,,,,,,,,,,,,,,,,,,,,,,,,,,,,,
566,1.0,,,0.0,0.0,1.0,1.0,1.0,1.0,1.0,1.0,,1.0,1.0,1.0,0.0,1.0,1.0,1.0,1.0,1.0,1.0,,,1.0,,,,,1.0,1.0,1.0,1.0,,1.0,0.5,,1.0,0.0,0.5,1.0,1.0,,1.0,1.0,,0.0,,1.0,,1.0,1.0,,0.5,,1.0,,,,1.0,,1.0,1.0,0.0,1.0,1.0,,,,,,,,,,,,,,,,,,,,,,,,,,,,,,,,,,,,,,,,,,,,,,,,,,,,,,,,,,,,,,,,,,,,,,,,,,,,,,,,,,,,,,,,,,,,,,,,,,,,,,,,,,,,,,,,,,,,,,,,,,,,,,,,,,,
568,1.0,,,1.0,0.0,1.0,1.0,1.0,1.0,1.0,0.0,,1.0,1.0,1.0,0.0,1.0,1.0,1.0,1.0,1.0,1.0,,,1.0,,,,,1.0,1.0,1.0,1.0,,1.0,1.0,,1.0,0.0,1.0,1.0,1.0,,1.0,1.0,,1.0,,1.0,,1.0,1.0,,0.0,,1.0,,,,1.0,,1.0,1.0,0.0,1.0,1.0,0.0,1.0,1.0,1.0,,1.0,1.0,,,,,1.0,1.0,,1.0,,,,0.0,,,1.0,,,0.0,,0.0,,1.0,,0.0,,,,1.0,,,,1.0,,1.0,,,0.0,,1.0,,,,,,,,,,,,,,,,,,,,,,,,,,,,,,,,,,,,,,,,,,,,,,,,,,,,,,,,,,,,,,,,,,,,,,,,,,,,,,,,,,,,,
569,1.0,,,0.0,1.0,1.0,1.0,1.0,1.0,1.0,0.0,,0.0,1.0,1.0,0.0,1.0,0.0,1.0,1.0,0.0,1.0,,,1.0,,,,,1.0,0.0,1.0,1.0,,1.0,0.0,,1.0,0.0,1.0,1.0,1.0,,0.0,1.0,,1.0,,1.0,,1.0,1.0,,1.0,,1.0,,,,1.0,,1.0,1.0,1.0,1.0,1.0,,,,,,,,,,,,,,,,,,,,,,,,,,,,,,,,,,,,,,,,,,,,,,,,,,,,,,,,,,,,,,,,,,,,,,,,,,,,,,,,,,,,,,,,,,,,,,,,,,,,,,,,,,,,,,,,,,,,,,,,,,,,,,,,,,,
572,1.0,,,1.0,0.5,0.5,1.0,1.0,0.0,1.0,0.5,,0.5,0.0,0.0,0.0,1.0,0.0,0.0,0.0,0.5,0.5,,,0.0,,,,,1.0,0.0,0.5,0.0,,1.0,1.0,,1.0,1.0,1.0,1.0,0.0,,1.0,0.0,,0.0,,0.0,,1.0,0.5,,1.0,,1.0,,,,1.0,,1.0,1.0,0.0,1.0,1.0,,,,,,,,,,,,,,,,,,,,,,,,,,,,,,,,,,,,,,,,,,,,,,,,,,,,,,,,,,,,,,,,,,,,,,,,,,,,,,,,,,,,,,,,,,,,,,,,,,,,,,,,,,,,,,,,,,,,,,,,,,,,,,,,,,,
573,1.0,,,1.0,0.0,0.0,1.0,1.0,0.0,0.0,0.0,,1.0,0.0,0.0,0.0,1.0,0.0,1.0,0.0,0.0,1.0,,,0.0,,,,,0.0,0.0,0.0,0.0,,1.0,1.0,,1.0,1.0,1.0,1.0,0.0,,0.0,0.0,,1.0,,0.0,,0.0,1.0,,1.0,,1.0,,,,1.0,,1.0,1.0,1.0,1.0,1.0,,,,,,,,,,,,,,,,,,,,,,,,,,,,,,,,,,,,,,,,,,,,,,,,,,,,,,,,,,,,,,,,,,,,,,,,,,,,,,,,,,,,,,,,,,,,,,,,,,,,,,,,,,,,,,,,,,,,,,,,,,,,,,,,,,,
575,1.0,,,1.0,0.0,0.5,0.5,1.0,0.5,0.5,0.5,,0.5,0.0,0.5,0.5,1.0,0.0,0.0,0.5,0.0,1.0,,,0.5,,,,,0.5,0.5,0.5,1.0,,0.5,0.0,,0.5,1.0,1.0,1.0,0.5,,1.0,0.0,,0.5,,0.5,,0.0,1.0,,1.0,,1.0,,,,1.0,,1.0,1.0,0.5,1.0,1.0,,,,,,,,,,,,,,,,,,,,,,,,,,,,,,,,,,,,,,,,,,,,,,,,,,,,,,,,,,,,,,,,,,,,,,,,,,,,,,,,,,,,,,,,,,,,,,,,,,,,,,,,,,,,,,,,,,,,,,,,,,,,,,,,,,,
586,1.0,,,1.0,0.5,0.5,0.0,0.0,1.0,1.0,0.0,,1.0,0.0,0.0,0.0,0.5,0.0,0.0,0.0,0.0,0.5,,,0.5,,,,,0.0,0.0,0.0,0.0,,0.0,0.5,,0.0,1.0,1.0,1.0,0.5,,0.0,0.0,,1.0,,0.5,,0.0,0.5,,1.0,,0.5,,,,1.0,,1.0,1.0,1.0,1.0,1.0,0.5,1.0,1.0,1.0,,1.0,0.5,,,,,0.0,0.0,,0.0,,,,0.5,,,1.0,,,1.0,,1.0,,0.5,,1.0,,,,0.5,,,,0.5,,1.0,,,0.5,,1.0,,,,,,,,1.0,,,,,,,,,,,,,,,,,,,,,,,,,,,,,,,,,,,,,,,,,,,,,,,,,,,,,,,,,,,,,,,,,,,,,,,,,,,,,
587,0.0,,,0.0,0.0,1.0,1.0,1.0,1.0,1.0,0.0,,0.0,1.0,0.0,0.0,1.0,0.0,1.0,1.0,1.0,1.0,,,1.0,,,,,1.0,1.0,1.0,1.0,,1.0,1.0,,1.0,0.0,0.0,1.0,1.0,,0.0,1.0,,0.0,,1.0,,1.0,1.0,,0.0,,1.0,,,,1.0,,0.0,0.0,1.0,1.0,0.0,0.0,0.0,0.0,1.0,,0.0,0.0,,,,,,,,,,,,,,,,,,,,,,,,,,,,,,,,,,,,,,,,,,,,,,,,,,,,,,,,,,,,,,,,,,,,,,,,,,,,,,,,,,,,,,,,,,,,,,,,,,,,,,,,,,,,,,,,,,,,,,,,,,,,
588,0.0,,,0.0,0.0,1.0,1.0,1.0,1.0,1.0,0.0,,0.0,1.0,1.0,0.0,1.0,0.0,1.0,1.0,1.0,1.0,,,1.0,,,,,1.0,1.0,1.0,1.0,,1.0,1.0,,1.0,0.0,0.0,1.0,1.0,,0.0,1.0,,0.0,,1.0,,1.0,1.0,,0.0,,1.0,,,,1.0,,0.0,0.0,1.0,1.0,0.0,0.0,0.0,1.0,0.0,,0.0,0.0,,,,,1.0,1.0,,1.0,,,,0.0,,,0.0,,,0.0,,0.0,,1.0,,0.0,,,,1.0,,,,0.0,,1.0,,,0.0,,1.0,,,,,,,,0.0,,,,,,,,,,,,,,,,,,,,,,,,,,,,,,,,,,,,,,,,,,,,,,,,,,,,,,,,,,,,,,,,,,,,,,,,,,,,,
589,0.0,,,0.0,0.0,1.0,1.0,1.0,1.0,1.0,0.0,,0.0,1.0,1.0,0.0,1.0,0.0,1.0,1.0,1.0,1.0,,,1.0,,,,,1.0,1.0,0.0,1.0,,1.0,1.0,,1.0,0.0,0.0,1.0,1.0,,0.0,1.0,,0.0,,1.0,,1.0,1.0,,0.0,,1.0,,,,1.0,,0.0,0.0,1.0,1.0,0.0,0.0,0.0,0.0,0.0,,0.0,0.0,,,,,1.0,1.0,,1.0,,,,0.0,,,0.0,,,0.0,,0.0,,1.0,,0.0,,,,0.0,,,,0.0,,1.0,,,0.0,,1.0,,,,,,,,0.0,,,,,,,,,,,,,,,,,,,,,,,,,,,,,,,,,,,,,,,,,,,,,,,,,,,,,,,,,,,,,,,,,,,,,,,,,,,,,
590,0.0,,,0.0,1.0,1.0,1.0,1.0,1.0,0.0,0.0,,1.0,0.0,0.0,0.0,1.0,0.0,1.0,1.0,1.0,1.0,,,1.0,,,,,1.0,0.0,1.0,1.0,,1.0,1.0,,1.0,1.0,1.0,1.0,1.0,,0.0,1.0,,1.0,,0.0,,1.0,0.5,,1.0,,1.0,,,,1.0,,1.0,1.0,1.0,1.0,1.0,1.0,1.0,,1.0,,1.0,1.0,,,,,,,,,,,,,,,,,,,,,,,,,,,,,,,,,,,,,,,,,,,,,,,,,,,,,,,,,,,,,,,,,,,,,,,,,,,,,,,,,,,,,,,,,,,,,,,,,,,,,,,,,,,,,,,,,,,,,,,,,,,,
593,1.0,,,0.0,,,,,1.0,1.0,0.0,,,,1.0,,,1.0,,0.5,0.0,,,,0.0,,,,,,,,1.0,,0.0,,,,1.0,1.0,1.0,0.5,,,0.0,,,,1.0,,,1.0,,1.0,,0.5,,,,,,,1.0,,1.0,1.0,1.0,1.0,,,,0.5,,,,,,,,,,,,,,,,,,,,,,,,,,,,,,,,,,,,,,,,,,,,,,,,,,,,,,,,,,,,,,,,,,,,,,,,,,,,,,,,,,,,,,,,,,,,,,,,,,,,,,,,,,,,,,,,,,,,,,,,,,,,,
594,0.5,,,0.0,,,,1.0,1.0,,0.0,,,0.0,0.5,,1.0,1.0,,1.0,1.0,1.0,,,1.0,,,,,0.5,0.5,,0.0,,0.5,,,1.0,,,1.0,1.0,,,,,1.0,,,,0.0,,,,,1.0,,,,1.0,,,1.0,1.0,,1.0,0.5,1.0,1.0,,,,1.0,,,,,,,,,,,,,,,,,,,,,,,,,,,,,,,,,,,,,,,,,,,,,,,,,,,,,,,,,,,,,,,,,,,,,,,,,,,,,,,,,,,,,,,,,,,,,,,,,,,,,,,,,,,,,,,,,,,,,,,,,,,,
595,0.0,,,0.0,0.0,1.0,1.0,1.0,1.0,1.0,0.0,,1.0,1.0,1.0,1.0,1.0,1.0,1.0,1.0,1.0,1.0,,,1.0,,,,,1.0,1.0,1.0,1.0,,1.0,1.0,,1.0,0.0,1.0,1.0,1.0,,0.0,1.0,,1.0,,1.0,,1.0,1.0,,1.0,,1.0,,,,1.0,,1.0,1.0,1.0,1.0,1.0,1.0,1.0,1.0,0.0,,1.0,1.0,,,,,,,,,,,,,,,,,,,,,,,,,,,,,,,,,,,,,,,,,,,,,,,,,,,,,,,,,,,,,,,,,,,,,,,,,,,,,,,,,,,,,,,,,,,,,,,,,,,,,,,,,,,,,,,,,,,,,,,,,,,,
596,0.0,,,1.0,1.0,0.0,1.0,1.0,1.0,0.0,0.0,,0.0,0.0,1.0,0.0,1.0,1.0,1.0,0.0,1.0,1.0,,,1.0,,,,,1.0,0.0,1.0,1.0,,1.0,0.5,,1.0,1.0,1.0,1.0,1.0,,0.5,0.0,,1.0,,0.0,,1.0,1.0,,1.0,,1.0,,,,1.0,,1.0,1.0,1.0,1.0,0.5,0.5,0.0,0.0,0.0,,0.0,0.5,,,,,1.0,1.0,,,,,,,,,,,,,,,,,,,,,,,,,,,,,,,,,,,,,,,,,,,,,,,,,,,,,,,,,,,,,,,,,,,,,,,,,,,,,,,,,,,,,,,,,,,,,,,,,,,,,,,,,,,,,,,,,,,,,,
603,1.0,,,1.0,0.0,1.0,1.0,1.0,1.0,1.0,1.0,,1.0,1.0,1.0,1.0,1.0,1.0,1.0,1.0,1.0,1.0,,,0.0,,,,,1.0,1.0,1.0,0.0,,1.0,1.0,,1.0,1.0,1.0,1.0,1.0,,1.0,1.0,,1.0,,0.0,,1.0,1.0,,1.0,,1.0,,,,1.0,,1.0,1.0,1.0,1.0,1.0,1.0,1.0,1.0,1.0,,1.0,1.0,,,,,,,,,,,,,,,,,,,,,,,,,,,,,,,,,,,,,,,,,,,,,,,,,,,,,,,,,,,,,,,,,,,,,,,,,,,,,,,,,,,,,,,,,,,,,,,,,,,,,,,,,,,,,,,,,,,,,,,,,,,,
605,0.0,,,1.0,1.0,1.0,1.0,1.0,1.0,1.0,0.0,,0.0,0.0,1.0,1.0,1.0,1.0,1.0,1.0,1.0,1.0,,,1.0,,,,,1.0,1.0,0.0,1.0,,1.0,1.0,,1.0,0.0,1.0,1.0,1.0,,0.0,1.0,,1.0,,1.0,,1.0,1.0,,1.0,,1.0,,,,0.0,,1.0,1.0,1.0,1.0,1.0,0.5,1.0,1.0,0.0,,1.0,0.5,,,,,,,,,,,,,,,,,,,,,,,,,,,,,,,,,,,,,,,,,,,,,,,,,,,,,,,,,,,,,,,,,,,,,,,,,,,,,,,,,,,,,,,,,,,,,,,,,,,,,,,,,,,,,,,,,,,,,,,,,,,,
606,1.0,,,1.0,1.0,1.0,1.0,1.0,1.0,1.0,0.0,,1.0,1.0,1.0,0.0,1.0,1.0,1.0,1.0,1.0,1.0,,,1.0,,,,,1.0,1.0,0.0,1.0,,1.0,1.0,,1.0,0.0,1.0,1.0,1.0,,1.0,1.0,,1.0,,1.0,,1.0,1.0,,1.0,,1.0,,,,1.0,,1.0,1.0,1.0,1.0,1.0,1.0,1.0,1.0,0.0,,1.0,0.0,,,,,,,,,,,,,,,,,,,,,,,,,,,,,,,,,,,,,,,,,,,,,,,,,,,,,,,,,,,,,,,,,,,,,,,,,,,,,,,,,,,,,,,,,,,,,,,,,,,,,,,,,,,,,,,,,,,,,,,,,,,,
607,1.0,,,0.0,1.0,1.0,1.0,1.0,1.0,1.0,0.0,,1.0,0.0,1.0,0.0,1.0,1.0,0.0,0.0,1.0,1.0,,,1.0,,,,,0.0,0.0,0.0,0.0,,1.0,0.0,,1.0,0.0,1.0,1.0,1.0,,0.0,0.0,,1.0,,1.0,,0.0,1.0,,1.0,,1.0,,,,0.0,,1.0,1.0,1.0,1.0,1.0,1.0,1.0,1.0,1.0,,1.0,0.0,,,,,1.0,0.0,,1.0,,,,1.0,,,,,,,,,,,,,,,,,,,,,,,,,,,,,,,,,,,,,,,,,,,,,,,,,,,,,,,,,,,,,,,,,,,,,,,,,,,,,,,,,,,,,,,,,,,,,,,,,,,,,,,,,,,,,,,,
609,0.0,,,1.0,1.0,0.5,1.0,1.0,0.5,1.0,0.5,,1.0,0.0,1.0,0.0,1.0,1.0,0.5,0.0,0.0,1.0,,,1.0,,,,,0.0,0.0,0.0,0.5,,0.0,0.5,,0.0,1.0,1.0,1.0,1.0,,0.0,0.0,,1.0,,0.5,,1.0,1.0,,1.0,,1.0,,,,1.0,,1.0,1.0,1.0,1.0,1.0,1.0,1.0,1.0,1.0,,1.0,1.0,,,,,0.5,,,,,,,,,,,,,,,,,,,,,,,,,,,,,,,,,,,,,,,,,,,,,,,,,,,,,,,,,,,,,,,,,,,,,,,,,,,,,,,,,,,,,,,,,,,,,,,,,,,,,,,,,,,,,,,,,,,,,,,
610,1.0,,,1.0,1.0,0.0,1.0,1.0,1.0,0.0,1.0,,1.0,1.0,1.0,0.0,1.0,1.0,0.0,0.0,0.0,1.0,,,1.0,,,,,1.0,0.0,0.0,0.0,,1.0,0.0,,1.0,0.0,1.0,1.0,1.0,,0.0,0.0,,1.0,,0.0,,0.0,1.0,,1.0,,1.0,,,,1.0,,1.0,1.0,1.0,1.0,1.0,1.0,1.0,1.0,1.0,,1.0,1.0,,,,,,,,,,,,,,,,,,,,,,,,,,,,,,,,,,,,,,,,,,,,,,,,,,,,,,,,,,,,,,,,,,,,,,,,,,,,,,,,,,,,,,,,,,,,,,,,,,,,,,,,,,,,,,,,,,,,,,,,,,,,
611,0.0,,,0.0,1.0,1.0,1.0,1.0,1.0,1.0,0.0,,0.0,0.0,1.0,0.0,1.0,1.0,1.0,0.0,0.0,1.0,,,1.0,,,,,1.0,1.0,1.0,0.0,,1.0,0.0,,1.0,0.0,1.0,1.0,1.0,,0.0,0.0,,0.0,,0.0,,0.0,1.0,,1.0,,1.0,,,,0.0,,1.0,0.0,1.0,1.0,1.0,1.0,0.0,1.0,1.0,,1.0,0.0,,,,,1.0,,,,,,,,,,,,,,,,,,,,,,,,,,,,,,,,,,,,,,,,,,,,,,,,,,,,,,,,,,,,,,,,,,,,,,,,,,,,,,,,,,,,,,,,,,,,,,,,,,,,,,,,,,,,,,,,,,,,,,,
614,0.0,,,0.0,0.0,1.0,1.0,1.0,1.0,1.0,0.0,,1.0,1.0,1.0,1.0,1.0,1.0,1.0,1.0,1.0,1.0,,,1.0,,,,,1.0,1.0,1.0,1.0,,1.0,1.0,,1.0,0.0,1.0,1.0,1.0,,0.0,1.0,,1.0,,1.0,,1.0,1.0,,1.0,,1.0,,,,1.0,,1.0,1.0,1.0,1.0,1.0,1.0,1.0,1.0,1.0,,1.0,1.0,,,,,1.0,,,,,,,,,,,,,,,,,,,,,,,,,,,,,,,,1.0,,,,,,,,,,,,,,,,,,,,,,,,,,,,,,,,,,,,,,,,,,,,,,,,,,,,,,,,,,,,,,,,,,,,,,,,,,,,,,,,,,,,,,,
616,1.0,,,0.5,,,0.0,,,1.0,0.0,,,0.0,,0.0,1.0,,,0.5,,1.0,,,,,,,,1.0,,,0.5,,1.0,,,,1.0,1.0,1.0,1.0,,1.0,,,1.0,,0.5,,,1.0,,,,,,,,1.0,,1.0,,1.0,,,,1.0,,,,1.0,1.0,,,,,1.0,,,,,,,,,,,,,,,,,,,,,,,,,,,,,,,,,,,,,,,,,,,,,,,,,,,,,,,,,,,,,,,,,,,,,,,,,,,,,,,,,,,,,,,,,,,,,,,,,,,,,,,,,,,,,,,,,,,,,,,
618,0.0,,,1.0,0.0,1.0,1.0,1.0,1.0,1.0,0.0,,1.0,1.0,1.0,0.0,1.0,0.5,1.0,1.0,1.0,1.0,,,1.0,,,,,1.0,1.0,1.0,1.0,,1.0,1.0,,1.0,0.0,0.0,1.0,1.0,,0.0,1.0,,0.0,,0.5,,1.0,1.0,,0.0,,1.0,,,,0.5,,1.0,0.0,0.0,1.0,1.0,0.0,1.0,1.0,0.0,,0.5,0.0,,,,,1.0,1.0,,,,,,,,,,,,,,,,,,,,,,,,,,,,,,,,,,,,,,,,,,,,,,,,,,,,,,,,,,,,,,,,,,,,,,,,,,,,,,,,,,,,,,,,,,,,,,,,,,,,,,,,,,,,,,,,,,,,,,
623,1.0,,,1.0,1.0,0.0,0.0,1.0,1.0,1.0,1.0,,0.0,0.0,1.0,0.0,1.0,1.0,0.0,0.0,0.0,0.0,,,0.0,,,,,0.0,0.0,0.5,0.0,,0.0,0.0,,0.0,1.0,1.0,1.0,1.0,,0.0,0.0,,1.0,,0.0,,0.0,1.0,,1.0,,1.0,,,,1.0,,1.0,1.0,1.0,1.0,1.0,1.0,1.0,1.0,1.0,,1.0,1.0,,,,,0.0,0.0,,,,,,,,,,,,,,,,,,,,,,,,,,,,,,,,,,,,,,,,,,,,,,,,,,,,,,,,,,,,,,,,,,,,,,,,,,,,,,,,,,,,,,,,,,,,,,,,,,,,,,,,,,,,,,,,,,,,,,
625,1.0,,,,0.5,,0.5,0.5,1.0,0.5,1.0,,0.0,0.5,1.0,0.5,1.0,0.5,,0.5,1.0,1.0,,,0.5,,,,,0.5,1.0,0.5,0.5,,1.0,0.5,,,0.5,,,,,0.0,1.0,,,,0.0,,0.5,1.0,,,,0.5,,,,,,1.0,,0.5,1.0,,0.5,0.5,1.0,0.0,,0.5,0.5,,,,,1.0,1.0,,,,,,,,,,,,,,,,,,,,,,,,,,,,,,,,,,,,,,,,,,,,,,,,,,,,,,,,,,,,,,,,,,,,,,,,,,,,,,,,,,,,,,,,,,,,,,,,,,,,,,,,,,,,,,,,,,,,,,
635,1.0,,,1.0,1.0,0.0,1.0,1.0,1.0,1.0,0.0,,1.0,0.0,1.0,1.0,1.0,1.0,0.0,0.0,0.0,1.0,,,1.0,,,,,0.0,0.0,0.0,1.0,,0.0,0.0,,1.0,1.0,1.0,1.0,0.0,,1.0,0.0,,1.0,,0.0,,1.0,1.0,,1.0,,1.0,,,,1.0,,1.0,1.0,0.0,1.0,1.0,1.0,1.0,1.0,1.0,,1.0,1.0,,,,,0.0,0.0,,,,,,,,,,,,,,,,,,,,,,,,,,,,,,,,,,,,,,,,,,,,,,,,,,,,,,,,,,,,,,,,,,,,,,,,,,,,,,,,,,,,,,,,,,,,,,,,,,,,,,,,,,,,,,,,,,,,,,
640,1.0,,,1.0,1.0,1.0,1.0,1.0,0.5,1.0,0.5,,1.0,0.0,1.0,0.0,1.0,1.0,1.0,1.0,0.0,0.5,,,0.0,,,,,0.5,0.5,0.0,1.0,,1.0,1.0,,0.5,1.0,1.0,1.0,0.5,,0.5,0.5,,1.0,,1.0,,1.0,1.0,,1.0,,0.5,,,,0.0,,0.5,1.0,1.0,1.0,1.0,1.0,1.0,1.0,1.0,,0.0,0.0,,,,,1.0,1.0,,0.5,,,,,,,,,,,,,,,,,,,,,,,,,,,,,,,,,,,,,,,,,,,,,,,,,,,,,,,,,,,,,,,,,,,,,,,,,,,,,,,,,,,,,,,,,,,,,,,,,,,,,,,,,,,,,,,,,,,,
642,1.0,,,1.0,1.0,1.0,0.0,1.0,1.0,1.0,0.0,,0.0,0.0,1.0,0.0,1.0,1.0,1.0,1.0,1.0,1.0,,,1.0,,,,,0.0,0.0,1.0,1.0,,0.0,1.0,,0.0,1.0,1.0,1.0,1.0,,0.0,0.0,,1.0,,1.0,,1.0,0.0,,0.0,,1.0,,,,1.0,,1.0,0.0,1.0,1.0,0.5,1.0,0.0,0.0,0.0,,0.0,0.0,,,,,1.0,0.0,,1.0,,,,,,,,,,,,,,,,,,,,,,,,,,,,,,,,,,,,,,,,,,,,,,,,,,,,,,,,,,,,,,,,,,,,,,,,,,,,,,,,,,,,,,,,,,,,,,,,,,,,,,,,,,,,,,,,,,,,
643,1.0,,,1.0,1.0,0.5,1.0,1.0,1.0,0.5,0.5,,1.0,0.0,,0.0,1.0,0.0,1.0,1.0,1.0,0.0,,,1.0,,,,,0.0,0.0,,1.0,,0.0,1.0,,1.0,0.0,0.5,1.0,1.0,,0.0,1.0,,1.0,,0.5,,1.0,0.5,,0.5,,,,,,1.0,,1.0,1.0,1.0,1.0,1.0,0.5,1.0,0.5,,,1.0,0.5,,,,,1.0,1.0,,0.5,,,,0.5,,,1.0,,,1.0,,0.0,,1.0,,,,,,0.5,,,,1.0,,1.0,,,0.5,,1.0,,,,,,,,1.0,0.5,0.5,0.5,,,,,,1.0,,,,,,,,,,,,,,,,,,,,,,,,,,,,,,,,,,,,,,,,,,,,,,,,,,,,,,,,,,,,,,,,,,,,
649,1.0,,,,,0.0,,,0.0,1.0,1.0,,0.5,0.0,0.0,1.0,1.0,1.0,0.5,,1.0,1.0,,,0.0,,,,,0.0,0.0,,1.0,,1.0,,,0.0,,1.0,1.0,1.0,,0.0,0.0,,,,1.0,,0.0,1.0,,1.0,,,,,,1.0,,,1.0,,,,,1.0,1.0,1.0,,1.0,0.0,,,,,,,,,,,,,,,,,,,,,,,,,,,,,,,,,,,,,,,,,,,,,,,,,,,,,,,,,,,,,,,,,,,,,,,,,,,,,,,,,,,,,,,,,,,,,,,,,,,,,,,,,,,,,,,,,,,,,,,,,,,,
652,1.0,,,1.0,1.0,0.0,0.0,1.0,0.5,0.5,1.0,,1.0,0.0,1.0,0.0,1.0,0.0,0.0,0.0,0.0,0.0,,,0.0,,,,,0.0,0.0,0.0,0.0,,0.5,0.0,,1.0,1.0,1.0,1.0,0.0,,0.5,0.0,,1.0,,0.0,,0.0,0.0,,1.0,,0.0,,,,1.0,,1.0,1.0,1.0,0.0,1.0,1.0,1.0,1.0,1.0,,1.0,1.0,,,,,0.0,0.0,,0.0,,,,,,,,,,,,,,,,,,,,,,,,,,,,,,,,,,,,,,,,,,,,,,,,,,,,,,,,,,,,,,,,,,,,,,,,,,,,,,,,,,,,,,,,,,,,,,,,,,,,,,,,,,,,,,,,,,,,
655,0.0,,,0.0,1.0,0.0,0.0,1.0,0.0,0.0,0.0,,0.0,0.0,1.0,0.0,1.0,1.0,1.0,1.0,0.0,1.0,,,0.0,,,,,0.0,0.0,0.0,1.0,,0.0,0.0,,1.0,0.5,0.5,1.0,1.0,,0.0,1.0,,1.0,,0.0,,0.0,1.0,,1.0,,1.0,,,,1.0,,1.0,1.0,1.0,0.0,1.0,1.0,1.0,1.0,1.0,,1.0,0.5,,,,,1.0,1.0,,0.5,1.0,1.0,1.0,1.0,,,,,,,,,,,,,,,,,,,,,,,,,,,,,,,,,,,,,,,,,,,,,,,,,,,,,,,,,,,,,,,,,,,,,,,,,,,,,,,,,,,,,,,,,,,,,,,,,,,,,,,,,,,,,,,,
669,1.0,,,,,,1.0,1.0,,,0.0,,0.0,,0.0,0.0,1.0,1.0,,,,,,,,,,,,,,,0.0,,,,,,,,1.0,,,,,,,,1.0,,0.5,,,,,,,,,,,1.0,,,,,,,1.0,,,1.0,,,,,,,0.0,,,,,,,,,,,,,,,,,,,,,,,,,,,,,,,,,,,,,,,,,,,,,,,,,,,,,,,,,,,,,,,,,,,,,,,,,,,,,,,,,,,,,,,,,,,,,,,,,,,,,,,,,,,,,,,,,,,,,,
674,1.0,,,1.0,,,,1.0,1.0,,,,1.0,1.0,,,,,,0.0,0.0,,,,,,,,,0.5,,,1.0,,,,,,1.0,,,,,,1.0,,,,,,0.5,,,,,,,,,,,1.0,1.0,1.0,,1.0,,,,,,,,,,,,,,,,,,,1.0,,,,,,,,,,,,,,,,,,,,,,,,,,,,,,,,,,,,,,,,,,,,,,,,,,,,,,,,,,,,,,,,,,,,,,,,,,,,,,,,,,,,,,,,,,,,,,,,,,,,,,,,,,,,,,,,
678,0.0,,,,,,,,,,0.0,,,,,,,,,,,,,,,,,,,,,,,,,,,0.0,,,,,,,0.0,,,,,,,,,1.0,,,,,,,,,,,,1.0,1.0,,,,,,0.5,,,,,,,,,,,,,,,,,,,,,,,,,,,,,,,,,,,,,,,,,,,,,,,,,,,,,,,,,,,,,,,,,,,,,,,,,,,,,,,,,,,,,,,,,,,,,,,,,,,,,,,,,,,,,,,,,,,,,,,,,,,,
680,1.0,,,1.0,1.0,0.0,1.0,1.0,1.0,0.5,1.0,,1.0,1.0,1.0,0.5,1.0,1.0,,,0.0,0.0,,,,,,,,,0.0,,1.0,,,1.0,,0.0,1.0,,1.0,1.0,,1.0,,,1.0,,1.0,,0.0,0.5,,1.0,,,,,,1.0,,,1.0,1.0,1.0,1.0,1.0,1.0,1.0,1.0,,,1.0,,,,,1.0,1.0,,0.5,,,,1.0,,,,,,,,,,,,,,,,,,,,,,,,,,,,,,,,,,,,,,,,,,,,,,,,,,,,,,,,,,,,,,,,,,,,,,,,,,,,,,,,,,,,,,,,,,,,,,,,,,,,,,,,,,,,,,,,
681,1.0,,,1.0,0.5,1.0,0.5,1.0,0.5,1.0,0.0,,0.5,0.0,1.0,0.0,1.0,0.5,1.0,0.5,0.0,0.5,,,1.0,,,,,1.0,0.5,0.5,1.0,,0.5,0.5,,1.0,1.0,1.0,1.0,1.0,,0.0,1.0,,1.0,,0.5,,1.0,1.0,,1.0,,0.5,,,,1.0,,,1.0,0.0,1.0,1.0,1.0,1.0,1.0,1.0,,1.0,0.5,,,,,1.0,,,,,,,,,,,,,,,,,,,,,,,,,,,,,,,,,,,,,,,,,,,,,,,,,,,,,,,,,,,,,,,,,,,,,,,,,,,,,,,,,,,,,,,,,,,,,,,,,,,,,,,,,,,,,,,,,,,,,,,
682,1.0,,,1.0,0.5,0.5,0.0,1.0,0.0,0.5,,,0.0,0.0,,,1.0,,,,0.0,0.0,,,,,,,,0.5,0.0,0.0,,,0.0,0.0,,1.0,1.0,1.0,,,,0.0,0.0,,,,0.0,,0.5,,,1.0,,,,,,,,1.0,1.0,,0.0,0.0,1.0,1.0,1.0,,,1.0,1.0,,,,,,,,,,,,,,,,,,,,,,,,,,,,,,,,,,,,,,,,,,,,,,,,,,,,,,,,,,,,,,,,,,,,,,,,,,,,,,,,,,,,,,,,,,,,,,,,,,,,,,,,,,,,,,,,,,,,,,,,,,,,
685,1.0,,,,,1.0,1.0,1.0,,0.5,1.0,,,,,,1.0,1.0,,0.0,,1.0,,,,,,,,,1.0,,,,,,,,0.0,,,,,,,,,,,,,,,,,0.0,,,,1.0,,,,,,1.0,1.0,,1.0,0.0,,,1.0,,,,,1.0,,,,,,,1.0,,,,,,,,,,0.0,,,,,,,,,,,,,,,0.0,,,,,,,,,,,,,,,,,1.0,,0.0,,,,,,,,,1.0,,,1.0,,,,1.0,1.0,,,,,,0.0,,1.0,,,0.0,,,,,,0.5,,,,,,,1.0,,,,,,,,,,,,,,,,,,,,,,,,,,,
687,1.0,,,1.0,1.0,0.5,0.5,1.0,1.0,1.0,1.0,,1.0,0.0,1.0,0.0,1.0,0.5,0.0,0.0,0.0,0.5,,,1.0,,,,,0.5,0.5,0.0,0.5,,0.0,1.0,,1.0,1.0,1.0,1.0,1.0,,1.0,0.0,,1.0,,0.0,,0.0,1.0,,1.0,,0.5,,,,1.0,,1.0,1.0,1.0,1.0,1.0,1.0,1.0,1.0,1.0,,1.0,1.0,,,,,0.0,0.0,,1.0,,,,1.0,,,,,,,,,,,,,,,,,,,,,,,,,,,,,,,,,,,,,,,,,,,,,,,,,,,,,,,,,,,,,,,,,,,,,,,,,,,,,,,,,,,,,,,,,,,,,,,,,,,,,,,,,,,,,,,,
702,1.0,,,1.0,1.0,0.0,1.0,1.0,0.0,1.0,1.0,,1.0,0.0,1.0,0.5,1.0,0.0,0.0,1.0,0.0,0.0,,,0.0,,,,,0.0,0.0,1.0,1.0,,0.0,1.0,,1.0,1.0,1.0,1.0,0.0,,0.5,0.0,,1.0,,1.0,,0.0,1.0,,1.0,,0.0,,,,1.0,,1.0,1.0,1.0,1.0,1.0,1.0,1.0,1.0,1.0,,1.0,1.0,,,,,1.0,0.5,,1.0,,,,1.0,,,,,,,,,,,,,,,,,,,,,,,,,,,,,,,,,,,,,,,,,,,,,,,,,,,,,,,,,,,,,,,,,,,,,,,,,,,,,,,,,,,,,,,,,,,,,,,,,,,,,,,,,,,,,,,,
706,1.0,,,1.0,,1.0,1.0,1.0,1.0,1.0,,,1.0,0.0,0.5,0.0,1.0,,1.0,1.0,1.0,,,,,,,,,1.0,0.0,,1.0,,,1.0,,1.0,,1.0,,,,0.0,,,,,,,0.0,,,,,1.0,,,,,,,1.0,1.0,1.0,1.0,1.0,1.0,1.0,1.0,,,,,,,,1.0,1.0,,,,,,,,,,,,,,,,,,,,,,,,,,,,,,,,,,,,,,,,,,,,,,,,,,,,,,,,,,,,,,,,,,,,,,,,,,,,,,,,,,,,,,,,,,,,,,,,,,,,,,,,,,,,,,,,,,,,,,
710,1.0,,,0.0,0.5,0.5,0.0,0.0,1.0,0.5,0.0,,1.0,0.0,1.0,0.0,1.0,1.0,0.0,0.5,0.0,0.5,,,0.0,,,,,0.0,0.0,0.0,0.0,,1.0,0.0,,1.0,1.0,1.0,1.0,1.0,,0.0,0.0,,1.0,,0.0,,1.0,1.0,,1.0,,1.0,,,,1.0,,1.0,1.0,1.0,0.5,0.5,1.0,1.0,1.0,0.0,,1.0,1.0,,,,,0.0,0.0,,1.0,,,,1.0,,,,,,,,,,,,,,,,,,,,,,,,,,,,,,,,,,,,,,,,,,,,,,,,,,,,,,,,,,,,,,,,,,,,,,,,,,,,,,,,,,,,,,,,,,,,,,,,,,,,,,,,,,,,,,,,
711,1.0,,,1.0,1.0,1.0,1.0,1.0,1.0,1.0,0.5,,0.0,0.0,1.0,0.0,1.0,0.0,1.0,1.0,1.0,1.0,,,1.0,,,,,1.0,0.0,1.0,1.0,,1.0,1.0,,1.0,0.0,1.0,1.0,1.0,,0.0,1.0,,0.0,,1.0,,0.0,1.0,,0.0,,1.0,,,,1.0,,1.0,1.0,1.0,1.0,1.0,1.0,1.0,1.0,0.0,,0.5,1.0,,,,,1.0,1.0,,1.0,,,,0.5,,,,,,,,,,,,,,,,,,,,,,,,,,,,,,,,,,,,,,,,,,,,,,,,,,,,,,,,,,,,,,,,,,,,,,,,,,,,,,,,,,,,,,,,,,,,,,,,,,,,,,,,,,,,,,,,
712,1.0,,,0.0,0.0,1.0,1.0,1.0,1.0,1.0,0.0,,0.0,0.0,1.0,1.0,1.0,0.0,0.0,1.0,0.0,1.0,,,1.0,,,,,1.0,1.0,1.0,1.0,,1.0,0.0,,1.0,1.0,1.0,1.0,1.0,,1.0,0.0,,1.0,,1.0,,0.0,1.0,,1.0,,1.0,,,,1.0,,1.0,1.0,1.0,1.0,1.0,1.0,1.0,1.0,1.0,,0.0,1.0,,,,,1.0,1.0,,1.0,,,,1.0,,,,,,,,,,,,,,,,,,,,,,,,,,,,,,,,,,,,,,,,,,,,,,,,,,,,,,,,,,,,,,,,,,,,,,,,,,,,,,,,,,,,,,,,,,,,,,,,,,,,,,,,,,,,,,,,
720,1.0,,,0.0,0.5,1.0,0.0,1.0,1.0,1.0,0.0,,0.5,0.0,1.0,1.0,1.0,1.0,1.0,1.0,1.0,1.0,,,1.0,,,,,1.0,1.0,1.0,1.0,,0.0,1.0,,0.0,0.0,0.5,1.0,1.0,,0.0,1.0,,1.0,,1.0,,1.0,1.0,,1.0,,0.5,,,,1.0,,1.0,1.0,0.0,1.0,1.0,1.0,0.0,1.0,1.0,,0.5,0.0,,,,,0.0,1.0,,1.0,,,,0.0,,,,,,,,,,,,,,,,,,,,,,,,,,,,,,,,,,,,,,,,,,,,,,,,,,,,,,,,,,,,,,,,,,,,,,,,,,,,,,,,,,,,,,,,,,,,,,,,,,,,,,,,,,,,,,,,
729,0.0,,,1.0,0.0,1.0,1.0,1.0,1.0,1.0,0.0,,1.0,1.0,1.0,0.0,1.0,1.0,1.0,1.0,0.0,1.0,,,1.0,,,,,1.0,1.0,1.0,1.0,,1.0,1.0,,1.0,0.0,1.0,1.0,1.0,,0.0,1.0,,1.0,,1.0,,1.0,1.0,,1.0,,1.0,,,,0.0,,1.0,1.0,1.0,1.0,1.0,0.0,1.0,1.0,0.0,,1.0,1.0,,,,,1.0,1.0,,1.0,,,,0.0,,,,,,,,,,,,,,,,,,,,,,,,,,,,,,,,,,,,,,,,,,,,,,,,,,,,,,,,,,,,,,,,,,,,,,,,,,,,,,,,,,,,,,,,,,,,,,,,,,,,,,,,,,,,,,,,
731,0.0,,,0.0,0.0,0.5,1.0,1.0,1.0,1.0,0.0,,0.0,1.0,1.0,0.0,1.0,0.0,1.0,1.0,0.5,1.0,,,1.0,,,,,0.0,1.0,1.0,1.0,,1.0,0.5,,1.0,0.0,0.5,1.0,1.0,,0.5,1.0,,0.0,,0.5,,1.0,1.0,,0.5,,1.0,,,,0.5,,0.5,0.0,1.0,1.0,1.0,0.5,0.5,0.0,0.0,,0.0,0.5,,,,,1.0,1.0,,0.5,,,,0.0,,,,,,,,,,,,,,,,,,,,,,,,,,,,,,,,,,,,,,,,,,,,,,,,,,,,,,,,,,,,,,,,,,,,,,,,,,,,,,,,,,,,,,,,,,,,,,,,,,,,,,,,,,,,,,,,
737,0.0,,,1.0,0.5,1.0,1.0,1.0,1.0,1.0,0.0,,0.0,0.0,1.0,0.0,1.0,1.0,1.0,1.0,1.0,1.0,,,1.0,,,,,1.0,0.0,0.0,1.0,,0.0,1.0,,1.0,0.0,0.5,1.0,1.0,,0.5,1.0,,1.0,,0.0,,1.0,1.0,,1.0,,1.0,,,,1.0,,1.0,1.0,1.0,1.0,1.0,0.5,1.0,1.0,0.0,,0.0,1.0,,,,,1.0,1.0,,1.0,,,,0.5,,,,,,,,,,,,,,,,,,,,,,,,,,,,,,,,,,,,,,,,,,,,,,,,,,,,,,,,,,,,,,,,,,,,,,,,,,,,,,,,,,,,,,,,,,,,,,,,,,,,,,,,,,,,,,,,
742,1.0,,,1.0,1.0,1.0,1.0,1.0,1.0,1.0,0.0,,1.0,0.0,1.0,1.0,1.0,1.0,1.0,1.0,1.0,1.0,,,1.0,,,,,1.0,0.0,1.0,1.0,,1.0,1.0,,1.0,0.0,0.0,1.0,1.0,,0.0,1.0,,1.0,,1.0,,1.0,1.0,,1.0,,1.0,,,,0.0,,1.0,1.0,0.0,1.0,1.0,0.0,1.0,1.0,1.0,,1.0,0.0,,,,,1.0,1.0,,1.0,,,,0.0,,,1.0,,,1.0,,1.0,,1.0,,1.0,,,,,,,,,,,,,,,,,,,,,,,,,,,,,,,,,,,,,,,,,,,,,,,,,,,,,,,,,,,,,,,,,,,,,,,,,,,,,,,,,,,,,,,,,,,,,,,,,,,,
743,0.0,,,1.0,1.0,1.0,0.0,1.0,1.0,0.0,0.0,,1.0,0.0,1.0,0.0,1.0,0.0,1.0,0.5,0.0,1.0,,,1.0,,,,,0.0,0.0,0.5,1.0,,1.0,1.0,,1.0,1.0,1.0,1.0,1.0,,0.0,0.0,,1.0,,0.0,,1.0,1.0,,1.0,,1.0,,,,1.0,,1.0,1.0,0.0,1.0,1.0,0.5,1.0,1.0,0.0,,1.0,0.5,,,,,1.0,0.0,,1.0,,,,1.0,,,,,,,,,,,,,,,,,,,,,,,,,,,,,,,,,,,,,,,,,,,,,,,,,,,,,,,,,,,,,,,,,,,,,,,,,,,,,,,,,,,,,,,,,,,,,,,,,,,,,,,,,,,,,,,,
746,1.0,,,1.0,1.0,1.0,1.0,1.0,1.0,1.0,1.0,,1.0,1.0,1.0,1.0,1.0,1.0,1.0,1.0,1.0,1.0,,,1.0,,,,,1.0,1.0,0.0,1.0,,1.0,0.0,,1.0,1.0,1.0,1.0,1.0,,0.0,1.0,,1.0,,1.0,,1.0,1.0,,1.0,,1.0,,,,1.0,,1.0,1.0,1.0,1.0,1.0,1.0,1.0,1.0,0.0,,1.0,1.0,,,,,1.0,1.0,,1.0,,,,1.0,,,,,,,,,,,,,,,,,,,,,,,,,,,,,,,,,,,,,,,,,,,,,,,,,,,,,,,,,,,,,,,,,,,,,,,,,,,,,,,,,,,,,,,,,,,,,,,,,,,,,,,,,,,,,,,,
747,0.0,,,1.0,1.0,,1.0,0.5,1.0,0.0,1.0,,1.0,0.0,,0.0,1.0,1.0,0.0,0.0,0.0,0.0,,,1.0,,,,,0.0,0.0,0.0,0.0,,0.0,1.0,,0.0,1.0,1.0,1.0,1.0,,0.0,,,1.0,,0.0,,1.0,0.0,,1.0,,0.5,,,,1.0,,,1.0,1.0,,,1.0,1.0,1.0,1.0,,1.0,1.0,,,,,1.0,0.0,,0.0,,,,1.0,,,1.0,,,,,0.0,,,,1.0,,,,,,,,1.0,,1.0,,,,,1.0,,,,,,,,,,,,,,,,,,,,,,,,,,,,,,,,,,,,,,,,,,,,,,,,,,,,,,,,,,,,,,,,,,,,,,,,,,,,,,,,,,,,,
758,1.0,,,0.0,0.0,1.0,0.0,1.0,0.0,1.0,0.0,,1.0,1.0,1.0,1.0,1.0,1.0,0.0,0.0,0.0,0.0,,,0.0,,,,,0.0,1.0,0.0,0.0,,0.0,0.0,,1.0,0.0,0.0,0.0,1.0,,1.0,0.0,,0.0,,0.0,,0.0,1.0,,0.0,,0.0,,,,0.0,,1.0,1.0,0.0,0.0,1.0,0.0,1.0,0.0,1.0,,0.0,0.0,,,,,1.0,0.0,,0.0,,,,0.0,,,,,,,,,,,,,,,,,,,,,,,,,,,,,,,,,,,,,,,,,,,,,,,,,,,,,,,,,,,,,,,,,,,,,,,,,,,,,,,,,,,,,,,,,,,,,,,,,,,,,,,,,,,,,,,,
760,1.0,,,1.0,1.0,1.0,1.0,1.0,1.0,1.0,1.0,,1.0,1.0,1.0,1.0,1.0,1.0,1.0,1.0,1.0,1.0,,,1.0,,,,,1.0,1.0,1.0,1.0,,1.0,1.0,,1.0,1.0,1.0,1.0,1.0,,1.0,1.0,,1.0,,1.0,,1.0,1.0,,1.0,,1.0,,,,1.0,,1.0,1.0,1.0,1.0,1.0,1.0,1.0,1.0,1.0,,1.0,1.0,,,,,1.0,1.0,,1.0,,,,1.0,,,,,,,,,,,,,,,,,,,,,,,,,,,,,,,,,,,,,,,,,,,,,,,,,,,,,,,,,,,,,,,,,,,,,,,,,,,,,,,,,,,,,,,,,,,,,,,,,,,,,,,,,,,,,,,,
761,0.0,,,0.0,1.0,0.0,1.0,1.0,1.0,1.0,0.5,,0.0,0.0,1.0,0.0,1.0,1.0,1.0,1.0,1.0,0.5,,,1.0,,,,,1.0,1.0,0.5,1.0,,1.0,1.0,,0.0,0.0,1.0,1.0,1.0,,0.0,1.0,,1.0,,0.0,,0.0,1.0,,1.0,,1.0,,,,1.0,,1.0,1.0,1.0,1.0,1.0,1.0,1.0,1.0,0.0,,0.0,0.5,,,,,1.0,1.0,,1.0,,,,1.0,,,,,,,,,,,,,,,,,,,,,,,,,,,,,,,,,,,,,,,,,,,,,,,,,,,,,,,,,,,,,,,,,,,,,,,,,,,,,,,,,,,,,,,,,,,,,,,,,,,,,,,,,,,,,,,,
765,0.0,,,0.0,0.0,1.0,1.0,1.0,1.0,0.0,0.0,,0.0,1.0,1.0,0.0,1.0,0.0,0.0,1.0,1.0,1.0,,,1.0,,,,,1.0,1.0,1.0,0.0,,1.0,1.0,,1.0,0.0,0.5,1.0,1.0,,0.0,1.0,,1.0,,0.5,,1.0,1.0,,0.0,,1.0,,,,0.0,,1.0,1.0,0.0,1.0,1.0,0.5,0.5,1.0,0.0,,1.0,0.0,,,,,1.0,1.0,,0.5,,,,0.0,,,,,,,,,,,,,,,,,,,,,,,,,,,,,,,,,,,,,,,,,,,,,,,,,,,,,,,,,,,,,,,,,,,,,,,,,,,,,,,,,,,,,,,,,,,,,,,,,,,,,,,,,,,,,,,,
773,1.0,,,1.0,1.0,1.0,0.0,1.0,1.0,0.0,,,1.0,0.0,1.0,,1.0,,0.0,1.0,0.0,0.5,,,,,,,,1.0,,1.0,0.0,,0.0,1.0,,1.0,1.0,1.0,1.0,1.0,,1.0,0.0,,1.0,,,,1.0,0.0,,1.0,,,,,,1.0,,,1.0,1.0,1.0,1.0,1.0,1.0,1.0,1.0,,1.0,1.0,,,,,0.0,1.0,,0.0,,,,1.0,,,,,,,,,,,,,,,,,,,,,,,,,,,,,,,,,,,,,,,,,,,,,,,,,,,,,,,,,,,,,,,,,,,,,,,,,,,,,,,,,,,,,,,,,,,,,,,,,,,,,,,,,,,,,,,,
778,0.0,,,0.5,0.0,1.0,1.0,1.0,1.0,1.0,0.0,,0.5,0.5,1.0,0.0,1.0,0.5,1.0,0.5,0.5,1.0,,,1.0,,,,,1.0,0.5,0.5,1.0,,1.0,0.5,,1.0,0.5,0.5,1.0,1.0,,0.0,1.0,,0.5,,0.5,,0.5,1.0,,0.5,,1.0,,,,0.5,,0.5,0.5,0.5,1.0,1.0,0.5,0.5,1.0,0.0,,0.5,0.5,,,,,1.0,0.0,,1.0,,,,0.0,,,,,,,,,,,,,,,,,,,,,,,,,,,,,,,,,,,,,,,,,,,,,,,,,,,,,,,,,,,,,,,,,,,,,,,,,,,,,,,,,,,,,,,,,,,,,,,,,,,,,,,,,,,,,,,,
781,1.0,,,1.0,0.5,0.5,0.5,1.0,1.0,1.0,0.0,,0.5,0.5,1.0,0.0,1.0,0.5,1.0,0.5,0.5,0.5,,,0.5,,,,,0.0,0.0,0.0,1.0,,0.5,0.5,,0.5,0.5,1.0,1.0,0.0,,0.0,0.5,,1.0,,0.5,,0.5,1.0,,1.0,,1.0,,,,1.0,,1.0,0.5,1.0,1.0,1.0,1.0,1.0,1.0,1.0,,1.0,0.5,,,,,0.5,1.0,,0.5,,,,1.0,,,,,,,,,,,,,,,,,,,,,,,,,,,,,,,,,,,,,,,,,,,,,,,,,,,,,,,,,,,,,,,,,,,,,,,,,,,,,,,,,,,,,,,,,,,,,,,,,,,,,,,,,,,,,,,,
786,0.5,,,,,0.5,0.5,,,0.5,,,0.5,0.5,0.5,0.5,0.5,0.5,,,0.5,,,,0.5,,,,,,0.5,0.5,,,0.5,0.5,,,0.5,,0.5,0.5,,,0.5,,,,,,0.5,0.5,,0.5,,0.5,,,,,,,,,,0.5,0.5,,,0.5,,0.5,,,,,,0.5,,,,,,,,,,,,,,,,,,,,,,,,,,,,,,,,,,,,,,,,,,,,,,,,,,,,,,,,,,,,,,,,,,,,,,,,,,,,,,,,,,,,,,,,,,,,,,,,,,,,,,,,,,,,,,,,,,,,,,,
789,0.0,,,0.0,1.0,1.0,1.0,1.0,1.0,1.0,0.0,,1.0,1.0,1.0,0.0,1.0,1.0,1.0,1.0,1.0,1.0,,,1.0,,,,,1.0,1.0,1.0,1.0,,1.0,1.0,,1.0,0.0,0.5,1.0,1.0,,0.0,1.0,,1.0,,0.0,,1.0,1.0,,1.0,,1.0,,,,1.0,,1.0,1.0,1.0,1.0,1.0,1.0,1.0,1.0,0.0,,1.0,1.0,,,,,1.0,1.0,,1.0,,,,1.0,,,,,,,,,,,,,,,,,,,,,,,,,,,,,,,,,,,,,,,,,,,,,,,,,,,,,,,,,,,,,,,,,,,,,,,,,,,,,,,,,,,,,,,,,,,,,,,,,,,,,,,,,,,,,,,,
792,1.0,,,1.0,1.0,0.0,1.0,1.0,1.0,1.0,0.0,,1.0,0.0,1.0,0.0,1.0,1.0,,0.0,0.0,,,,0.0,,,,,1.0,0.0,0.0,1.0,,0.0,1.0,,0.0,1.0,1.0,,1.0,,1.0,0.0,,1.0,,0.0,,1.0,1.0,,,,0.0,,,,1.0,,1.0,1.0,1.0,1.0,1.0,0.5,1.0,1.0,1.0,,,,,,,,1.0,1.0,,0.0,,,,1.0,,,,,,,,,,,,,,,,,,,,,,,,,,,,,,,,,,,,,,,,,,,,,,,,,,,,,,,,,,,,,,,,,,,,,,,,,,,,,,,,,,,,,,,,,,,,,,,,,,,,,,,,,,,,,,,,
794,1.0,,,,,,0.5,,1.0,,,,,0.0,0.0,,,,,0.0,,,,,0.0,,,,,,,1.0,1.0,,,,,,,1.0,1.0,,,,1.0,,1.0,,,,1.0,,,,,0.0,,,,1.0,,,1.0,1.0,1.0,,,,1.0,1.0,,1.0,,,,,,,,,1.0,,,,1.0,,,,,,,,,,,,,,,,,,,,,,,,,,,,,,,,,,,,,,,,,,,,,,,,,,,,,,,,,,,,,,,,,,,,,,,,,,,,,,,,,,,,,,,,,,,,,,,,,,,,,,,,,,,,,,,,
795,1.0,,,1.0,0.0,1.0,0.0,1.0,1.0,1.0,0.0,,1.0,0.0,1.0,0.0,1.0,1.0,0.0,0.0,0.0,0.0,,,1.0,,,,,1.0,0.0,0.0,0.0,,0.0,1.0,,0.0,1.0,1.0,1.0,1.0,,0.0,0.0,,1.0,,0.0,,0.0,1.0,,1.0,,0.0,,,,1.0,,1.0,1.0,1.0,1.0,1.0,1.0,1.0,1.0,1.0,,1.0,1.0,,,,,0.0,1.0,,1.0,,,,1.0,,,,,,,,,,,,,,,,,,,,,,,,,,,,,,,,,,,,,,,,,,,,,,,,,,,,,,,,,,,,,,,,,,,,,,,,,,,,,,,,,,,,,,,,,,,,,,,,,,,,,,,,,,,,,,,,
799,0.0,,,1.0,1.0,0.0,1.0,1.0,1.0,1.0,0.0,,1.0,1.0,0.0,0.0,1.0,1.0,1.0,1.0,1.0,1.0,,,1.0,,,,,0.0,1.0,1.0,1.0,,1.0,1.0,,1.0,0.0,0.0,1.0,1.0,,1.0,1.0,,1.0,,0.0,,1.0,1.0,,1.0,,1.0,,,,0.0,,1.0,1.0,1.0,1.0,1.0,1.0,1.0,1.0,1.0,,1.0,1.0,,,,,1.0,1.0,,1.0,,,,0.0,,,,,,,,,,,,,,,,,,,,,,,,,,,,,,,,,,,,,,,,,,,,,,,,,,,,,,,,,,,,,,,,,,,,,,,,,,,,,,,,,,,,,,,,,,,,,,,,,,,,,,,,,,,,,,,,
802,1.0,,,0.0,0.0,0.0,0.0,1.0,1.0,1.0,0.0,,1.0,0.0,1.0,0.0,1.0,1.0,0.0,0.0,0.0,1.0,,,1.0,,,,,0.0,0.0,0.5,1.0,,1.0,0.5,,0.0,0.0,1.0,1.0,1.0,,1.0,0.0,,1.0,,1.0,,1.0,1.0,,1.0,,1.0,,,,1.0,,1.0,1.0,0.0,1.0,1.0,1.0,1.0,1.0,0.0,,1.0,1.0,,,,,0.0,1.0,,0.0,,,,1.0,,,,,,,,,,,,,,,,,,,,,,,,,,,,,,,,,,,,,,,,,,,,,,,,,,,,,,,,,,,,,,,,,,,,,,,,,,,,,,,,,,,,,,,,,,,,,,,,,,,,,,,,,,,,,,,,
803,1.0,,,1.0,0.0,,,1.0,1.0,1.0,,,0.5,,,0.0,1.0,,,0.0,0.0,,,,1.0,,,,,1.0,,,,,1.0,0.0,,1.0,1.0,,,1.0,,1.0,0.0,,,,,,0.0,1.0,,1.0,,,,,,1.0,,,,1.0,1.0,,1.0,1.0,1.0,1.0,,1.0,0.0,,,,,1.0,,,,,,,1.0,,,,,,,,,,,,,,,,,,,,,,,,,,,,,,,,,,,,,,,,,,,,,,,,,,,,,,,,,,,,,,,,,,,,,,,,,,,,,,,,,,,,,,,,,,,,,,,,,,,,,,,,,,,,,,,,
804,0.0,,,0.0,0.5,1.0,1.0,1.0,0.5,0.5,0.5,,0.5,0.0,0.0,0.0,1.0,0.5,0.5,0.5,0.5,1.0,,,0.5,,,,,0.5,0.5,0.5,0.5,,1.0,0.5,,1.0,0.0,0.5,1.0,1.0,,0.5,0.5,,1.0,,0.5,,0.5,1.0,,1.0,,0.5,,,,0.0,,0.5,1.0,0.5,0.5,1.0,0.5,0.5,1.0,0.5,,0.5,0.5,,,,,0.5,0.5,,0.5,,,,0.5,,,,,,,,,,,,,,,,,,,,,,,,,,,,,,,,,,,,,,,,,,,,,,,,,,,,,,,,,,,,,,,,,,,,,,,,,,,,,,,,,,,,,,,,,,,,,,,,,,,,,,,,,,,,,,,,
808,0.0,,,1.0,0.0,1.0,1.0,1.0,1.0,1.0,0.0,,0.0,1.0,1.0,1.0,1.0,0.5,1.0,1.0,1.0,1.0,,,1.0,,,,,1.0,0.0,1.0,1.0,,1.0,1.0,,1.0,1.0,1.0,1.0,1.0,,0.0,1.0,,0.0,,1.0,,1.0,1.0,,1.0,,1.0,,,,1.0,,1.0,1.0,1.0,1.0,1.0,1.0,1.0,1.0,0.0,,0.5,1.0,,,,,1.0,1.0,,0.5,,,,0.5,,,,,,,,,,,,,,,,,,,,,,,,,,,,,,,,,,,,,,,,,,,,,,,,,,,,,,,,,,,,,,,,,,,,,,,,,,,,,,,,,,,,,,,,,,,,,,,,,,,,,,,,,,,,,,,,
814,1.0,,,1.0,0.5,0.5,1.0,1.0,1.0,0.0,0.0,,0.5,0.0,0.0,0.0,1.0,0.5,0.0,0.5,0.5,0.5,,,0.0,,,,,0.0,0.0,0.0,0.5,,1.0,0.5,,0.0,0.5,1.0,1.0,1.0,,0.0,0.5,,1.0,,0.5,,1.0,1.0,,0.0,,0.0,,,,1.0,,0.5,1.0,1.0,1.0,1.0,0.5,0.5,1.0,0.5,,0.5,0.5,,,,,0.0,1.0,,0.5,,,,1.0,,,,,,,,,,,,,,,,,,,,,,,,,,,,,,,,,,,,,,,,,,,,,,,,,,,,,,,,,,,,,,,,,,,,,,,,,,,,,,,,,,,,,,,,,,,,,,,,,,,,,,,,,,,,,,,,
817,0.0,,,0.0,1.0,1.0,1.0,1.0,1.0,1.0,0.0,,0.0,1.0,1.0,0.0,1.0,0.0,1.0,1.0,1.0,1.0,,,1.0,,,,,1.0,1.0,1.0,1.0,,1.0,1.0,,1.0,0.0,0.0,1.0,1.0,,0.0,1.0,,1.0,,1.0,,1.0,1.0,,0.0,,1.0,,,,1.0,,1.0,0.0,1.0,1.0,1.0,0.5,0.5,1.0,0.0,,0.0,0.0,,,,,1.0,1.0,,1.0,,,,0.0,,,,,,,,,,,,,,,,,,,,,,,,,,,,,,,,,,,,,,,,,,,,,,,,,,,,,,,,,,,,,,,,,,,,,,,,,,,,,,,,,,,,,,,,,,,,,,,,,,,,,,,,,,,,,,,,
824,1.0,,,0.0,0.0,1.0,1.0,1.0,0.0,1.0,0.0,,1.0,0.0,1.0,1.0,1.0,1.0,0.0,0.0,0.0,1.0,,,1.0,,,,,1.0,0.0,0.0,0.0,,1.0,0.0,,1.0,1.0,1.0,1.0,1.0,,0.0,0.0,,1.0,,0.0,,1.0,1.0,,1.0,,1.0,,,,1.0,,1.0,1.0,1.0,1.0,1.0,1.0,1.0,1.0,1.0,,1.0,1.0,,,,,1.0,0.0,,0.0,,,,1.0,,,,,,,,,,,,,,,,,,,,,,,,,,,,,,,,,,,,,,,,,,,,,,,,,,,,,,,,,,,,,,,,,,,,,,,,,,,,,,,,,,,,,,,,,,,,,,,,,,,,,,,,,,,,,,,,
827,0.0,,,1.0,0.0,1.0,1.0,1.0,1.0,1.0,0.0,,0.0,0.0,0.0,0.0,1.0,1.0,1.0,1.0,1.0,1.0,,,1.0,,,,,1.0,0.0,0.0,1.0,,1.0,1.0,,0.0,0.0,0.0,1.0,1.0,,0.0,1.0,,0.0,,0.0,,1.0,1.0,,0.0,,1.0,,,,0.0,,1.0,1.0,1.0,1.0,1.0,0.0,1.0,1.0,0.0,,0.0,0.0,,,,,1.0,1.0,,1.0,,,,0.0,,,,,,,,,,,,,,,,,,,,,,,,,,,,,,,,,,,,,,,,,,,,,,,,,,,,,,,,,,,,,,,,,,,,,,,,,,,,,,,,,,,,,,,,,,,,,,,,,,,,,,,,,,,,,,,,
831,1.0,,,0.0,,,0.5,1.0,0.5,,0.5,,0.5,0.0,,1.0,,1.0,,0.5,0.5,,,,0.5,,,,,0.5,0.0,,0.5,,1.0,1.0,,,,1.0,1.0,,,0.5,,,0.5,,0.5,,0.5,0.5,,1.0,,,,,,1.0,,0.5,1.0,,,,1.0,,,,,1.0,1.0,,,,,0.5,1.0,,0.5,,,,1.0,,,,,,,,,,,,,,,,,,,,,,,,,,,,,,,,,,,,,,,,,,,,,,,,,,,,,,,,,,,,,,,,,,,,,,,,,,,,,,,,,,,,,,,,,,,,,,,,,,,,,,,,,,,,,,,,
838,1.0,,,,,,,,,,,,,,,,,,,,,,,,,,,,,,,,0.5,,,,,0.5,,,1.0,1.0,,,,,,,,,,0.5,,,,,,,,,,,,,,,,,,,,,,,,,,,,,,,,,,,,,,,,,,,,,,,,,,,,,,,,,,,,,,,,,,,,,,,,,,,,,,,,,,,,,,,,,,,,,,,,,,,,,,,,,,,,,,,,,,,,,,,,,,,,,,,,,,,,,,,,,,,,,,,,,
841,0.0,,,1.0,1.0,1.0,1.0,1.0,1.0,1.0,0.0,,1.0,0.0,0.0,0.0,1.0,1.0,0.0,1.0,0.0,1.0,,,1.0,,,,,0.0,0.0,0.0,1.0,,1.0,1.0,,1.0,1.0,1.0,1.0,1.0,,0.0,0.0,,1.0,,0.0,,1.0,1.0,,0.0,,0.0,,,,1.0,,1.0,1.0,1.0,1.0,1.0,1.0,1.0,1.0,0.0,,1.0,0.5,,,,,1.0,1.0,,1.0,,,,1.0,,,,,,,,,,,,,,,,,,,,,,,,,,,,,,,,,,,,,,,,,,,,,,,,,,,,,,,,,,,,,,,,,,,,,,,,,,,,,,,,,,,,,,,,,,,,,,,,,,,,,,,,,,,,,,,,
848,1.0,,,1.0,,,0.0,1.0,1.0,1.0,1.0,,1.0,0.0,,1.0,1.0,0.0,0.0,1.0,1.0,0.0,,,,,,,,0.0,0.0,0.0,1.0,,,1.0,,,1.0,,1.0,1.0,,1.0,1.0,,1.0,,1.0,,,1.0,,1.0,,1.0,,,,1.0,,1.0,1.0,1.0,1.0,1.0,1.0,,1.0,1.0,,1.0,,,,,,0.0,0.0,,0.0,,,,1.0,,,1.0,,,1.0,,1.0,,,,,,,,,,,,,,,,,,,,,,,,,,,,,,,,,,,,,,,,,,,,,,,,,,,,,,,,,,,,,,,,,,,,,,,,,,,,,,,,,,,,,,,,,,,,,,,,,,,,,,,,
852,1.0,,,1.0,1.0,0.0,0.0,0.0,1.0,1.0,0.5,,1.0,0.0,0.5,0.5,0.0,0.0,0.0,0.0,0.0,0.5,,,0.0,,,,,0.0,0.0,0.0,0.0,,0.0,1.0,,0.0,1.0,1.0,1.0,1.0,,1.0,0.0,,1.0,,0.0,,0.0,0.0,,1.0,,0.0,,,,1.0,,1.0,1.0,1.0,1.0,1.0,1.0,1.0,1.0,1.0,,1.0,0.0,,,,,0.5,0.5,,0.0,,,,1.0,,,1.0,,1.0,1.0,,1.0,,1.0,,1.0,,,,0.0,,,,1.0,,1.0,,,1.0,,1.0,,,,,,,,1.0,,,,,,,,,,,,,,,,,,,,,,,,,,,,,,,,,,,,,,,,,,,,,,,,,,,,,,,,,,,,,,,,,,,,,,,,,,,,,
857,0.5,,,1.0,0.5,0.5,1.0,1.0,1.0,0.5,0.5,,0.5,0.0,1.0,1.0,1.0,1.0,1.0,0.5,0.5,1.0,,,1.0,,,,,0.5,1.0,0.5,1.0,,1.0,0.5,,1.0,0.5,1.0,1.0,0.5,,0.5,1.0,,1.0,,0.5,,1.0,1.0,,1.0,,1.0,,,,0.5,,1.0,1.0,0.5,1.0,1.0,0.5,1.0,1.0,1.0,,1.0,1.0,,,,,1.0,0.5,,0.5,,,,0.5,,,1.0,,,1.0,,,,,,,,,,,,,,,,,,,,,,,,,,,,,,,,,,,,,,,,,,,,,,,,,,,,,,,,,,,,,,,,,,,,,,,,,,,,,,,,,,,,,,,,,,,,,,,,,,,,,,,,,,
860,1.0,,,,,0.5,1.0,1.0,,0.5,1.0,,1.0,0.0,1.0,1.0,1.0,,0.5,0.5,0.0,,,,0.5,,,,,0.5,,0.5,,,,1.0,,0.5,1.0,,1.0,0.5,,1.0,0.0,,0.5,,,,,1.0,,1.0,,0.5,,,,1.0,,1.0,,1.0,0.5,1.0,1.0,1.0,1.0,1.0,,1.0,1.0,,,,,,1.0,,1.0,,,,1.0,,,,,,1.0,,,,,,,,,,,,,,,,,,,,,,,,,,,,,,,,,,,,,,,,,,,,,,,,,,,,,,,,,,,,,,,,,,,,,,,,,,,,,,,,,,,,,,,,,,,,,,,,,,,,,,,,,,
862,0.0,,,1.0,1.0,1.0,0.0,1.0,1.0,0.0,0.0,,1.0,0.0,1.0,0.0,1.0,1.0,0.0,0.0,0.0,1.0,,,1.0,,,,,0.0,0.0,0.0,1.0,,1.0,1.0,,0.0,0.0,0.5,1.0,1.0,,0.5,1.0,,1.0,,0.0,,0.0,1.0,,1.0,,1.0,,,,1.0,,1.0,1.0,1.0,1.0,1.0,0.5,1.0,1.0,1.0,,1.0,0.5,,,,,0.0,1.0,,0.5,,,,1.0,,,1.0,,,0.5,,,,,,,,,,,,,,,,,,,,,,,,,,,,,,,,,,,,,,,,,,,,,,,,,,,,,,,,,,,,,,,,,,,,,,,,,,,,,,,,,,,,,,,,,,,,,,,,,,,,,,,,,,
864,1.0,,,1.0,1.0,0.0,0.0,1.0,1.0,1.0,1.0,,1.0,0.0,1.0,1.0,1.0,0.0,0.0,0.0,0.0,0.0,,,1.0,,,,,0.0,0.0,0.0,1.0,,0.0,0.0,,0.0,1.0,1.0,1.0,1.0,,1.0,0.0,,1.0,,0.0,,1.0,1.0,,1.0,,1.0,,,,1.0,,1.0,1.0,1.0,1.0,1.0,1.0,1.0,1.0,1.0,,1.0,0.0,,,,,1.0,0.0,,1.0,,,,1.0,,,1.0,,,1.0,,1.0,,0.0,,0.0,,,,0.0,,,,1.0,,1.0,,,1.0,,1.0,,,,,,,,1.0,1.0,1.0,1.0,1.0,,,1.0,,1.0,,,,,1.0,,1.0,,1.0,,1.0,1.0,1.0,,,,1.0,,,,,,,,,,,,,,,,,,,,,,,,,,,,,,,,,,,,,,,,,,,,,,,,,,,
869,1.0,,,1.0,0.0,1.0,0.0,1.0,0.5,1.0,0.0,,1.0,0.0,1.0,0.0,1.0,1.0,0.0,0.0,0.0,0.5,,,0.0,,,,,1.0,0.0,0.5,0.0,,0.0,0.0,,1.0,1.0,1.0,1.0,1.0,,1.0,0.0,,1.0,,0.0,,1.0,1.0,,1.0,,1.0,,,,1.0,,1.0,1.0,1.0,1.0,1.0,1.0,1.0,1.0,1.0,,1.0,1.0,,,,,0.0,0.0,,0.0,,,,1.0,,,1.0,,,1.0,,1.0,,,,,,,,,,,,,,,,,,,,,,,,,,,,,,,,,,,,,,,,,,,,,,,,,,,,,,,,,,,,,,,,,,,,,,,,,,,,,,,,,,,,,,,,,,,,,,,,,,,,,,,,
875,1.0,,,1.0,1.0,0.5,1.0,1.0,1.0,0.0,1.0,,0.0,1.0,1.0,0.0,1.0,0.5,1.0,1.0,0.0,0.0,,,0.5,,,,,1.0,0.0,0.0,1.0,,0.0,0.0,,0.0,0.0,1.0,0.0,1.0,,1.0,0.0,,0.0,,0.0,,0.0,0.0,,1.0,,0.0,,,,1.0,,1.0,1.0,1.0,1.0,1.0,1.0,1.0,1.0,0.0,,0.0,0.0,,,,,0.0,0.0,,1.0,,,,1.0,,,1.0,,,0.5,,0.5,,1.0,,1.0,,,,1.0,,,,,,,,,,,,,,,,,,,,,,,,,,,,,,,,,,,,,,,,,,,,,,,,,,,,,,,,,,,,,,,,,,,,,,,,,,,,,,,,,,,,,,,,,,,,,,,,
880,0.0,,,1.0,1.0,1.0,1.0,1.0,1.0,1.0,0.5,,0.0,0.0,1.0,0.0,1.0,1.0,1.0,1.0,0.0,1.0,,,1.0,,,,,0.0,0.0,1.0,1.0,,1.0,0.0,,1.0,0.0,0.0,1.0,1.0,,0.0,1.0,,1.0,,0.0,,1.0,1.0,,1.0,,0.0,,,,1.0,,1.0,1.0,0.0,1.0,1.0,0.0,0.0,1.0,1.0,,1.0,0.5,,,,,1.0,1.0,,1.0,,,,0.0,,,1.0,,,0.5,,0.5,,,,,,,,,,,,,,,,,,,,,,,,,,,,,,,,,,,,,,,,,,,,,,,,,,,,,,,,,,,,,,,,,,,,,,,,,,,,,,,,,,,,,,,,,,,,,,,,,,,,,,,,
881,0.0,,,1.0,1.0,1.0,1.0,1.0,1.0,1.0,0.0,,1.0,1.0,1.0,0.0,1.0,1.0,1.0,1.0,1.0,1.0,,,1.0,,,,,1.0,1.0,1.0,1.0,,1.0,1.0,,1.0,0.0,0.0,1.0,1.0,,0.0,1.0,,1.0,,0.0,,1.0,1.0,,0.0,,1.0,,,,1.0,,0.0,1.0,1.0,1.0,1.0,0.0,1.0,1.0,1.0,,1.0,0.0,,,,,1.0,1.0,,1.0,,,,0.0,,,1.0,,,0.0,,0.0,,1.0,,1.0,,,,,,,,,,,,,,,,,,,,,,,,,,,,,,,,,,,,,,,,,,,,,,,,,,,,,,,,,,,,,,,,,,,,,,,,,,,,,,,,,,,,,,,,,,,,,,,,,,,,
900,1.0,,,1.0,1.0,0.0,0.0,1.0,1.0,0.0,0.0,,1.0,0.0,1.0,0.0,1.0,0.0,0.0,0.0,1.0,0.0,,,0.0,,,,,0.0,0.0,0.0,1.0,,0.0,1.0,,0.0,1.0,1.0,1.0,1.0,,0.0,0.0,,1.0,,0.0,,1.0,0.0,,1.0,,0.0,,,,1.0,,1.0,1.0,1.0,1.0,1.0,1.0,1.0,1.0,1.0,,1.0,0.5,,,,,0.0,0.0,,1.0,,,,1.0,,,1.0,,,1.0,,0.5,,1.0,,,,,,,,,,,,,,,,,,,,,,,,,,,,,,,,,,,,,,,,,,,,,,,,,,,,,,,,,,,,,,,,,,,,,,,,,,,,,,,,,,,,,,,,,,,,,,,,,,,,,,
901,1.0,,,1.0,0.0,1.0,0.0,1.0,,0.0,1.0,,1.0,0.0,,1.0,1.0,,0.0,0.0,0.0,,,,1.0,,,,,0.0,0.0,,0.0,,1.0,0.0,,0.0,1.0,1.0,1.0,,,,,,,,,,0.0,1.0,,1.0,,0.0,,,,1.0,,1.0,1.0,,,1.0,1.0,1.0,1.0,1.0,,,,,,,,0.0,1.0,,1.0,,,,1.0,,,,,,1.0,,1.0,,1.0,,,,,,,,,,,,1.0,,,,,,,,,,,,,,,1.0,0.0,1.0,,,1.0,,,,,,,,,1.0,,1.0,,1.0,1.0,0.0,,,1.0,,,,,,,1.0,,,,,,,,,,,,,,,,,,,,,,,,,,,,,,,,,,,,,,,,,,,,,
903,1.0,,,1.0,1.0,1.0,0.0,1.0,1.0,0.0,0.0,,1.0,0.0,0.5,0.0,1.0,1.0,0.0,0.0,1.0,1.0,,,0.0,,,,,0.0,0.0,1.0,0.0,,1.0,0.0,,1.0,1.0,1.0,1.0,1.0,,1.0,0.0,,1.0,,1.0,,1.0,1.0,,1.0,,1.0,,,,1.0,,1.0,1.0,1.0,1.0,1.0,1.0,1.0,1.0,0.5,,1.0,1.0,,,,,0.0,1.0,,0.0,,,,1.0,,,1.0,,,1.0,,1.0,,1.0,,1.0,,,,1.0,,,,,,,,,,,1.0,,,,,,,,,,,,,,,,,,,,,,,,,,1.0,,,,,,,,,,,,,,,,,,,,,,,,,,,,,,,,,,,,,,,,,,,,,,,,,,,,,,,,,,,
910,1.0,,,1.0,,,,,,,0.5,,1.0,,,1.0,,,0.0,1.0,,,,,,,,,,,,,,,,0.0,,,,,,1.0,,0.0,0.0,,,,,,,1.0,,,,,,,,,,,1.0,,,1.0,,,,1.0,,,1.0,,,,,,,,,,,,,,,1.0,,,,,1.0,,1.0,,,,,,,,,,,,,,,,,,,,,,,,,,,,,,,,,,,,,,,,,,,,,,,,,,,,,,,,,,,,,,,,,,,,,,,,,,,,,,,,,,,,,,,,,,,,,,,,,,,,,,
923,1.0,,,1.0,1.0,1.0,0.0,1.0,0.0,0.0,1.0,,1.0,0.0,1.0,0.0,1.0,1.0,0.0,0.0,0.0,0.0,,,0.0,,,,,0.0,0.0,0.0,0.0,,0.0,0.0,,1.0,1.0,1.0,1.0,1.0,,1.0,0.0,,1.0,,0.0,,0.0,0.0,,1.0,,0.0,,,,1.0,,1.0,1.0,1.0,0.0,1.0,1.0,1.0,1.0,1.0,,1.0,1.0,,,,,0.0,1.0,,0.0,,,,1.0,,,1.0,,,1.0,,1.0,,0.0,,1.0,,,,0.0,,,,1.0,,1.0,,,1.0,,1.0,,,,,,,,1.0,0.0,1.0,0.0,1.0,,,1.0,,1.0,,,,,1.0,,1.0,,1.0,,1.0,1.0,1.0,,1.0,1.0,1.0,,,,,1.0,1.0,,1.0,1.0,1.0,1.0,1.0,,0.5,0.0,1.0,1.0,,0.0,0.0,,,,,,,,,,,,,,,,,,,,,,,,,,,,,,,
927,1.0,,,1.0,,,,,,,,,,,,,,1.0,,,,,,,,,,,,,,,,,,0.0,,,1.0,1.0,,,,,,,,,,,,,,,,,,,,1.0,,,,,,,,,,,,,0.0,,,,,0.0,,,,,,,,,,,,,,,,,,,,,,,,,,,,,,,,,,,,,,,,,,,,,,,,,,,,,,,,,,,,,,,,,,,,,,,,,,,,,,,,,,,,,,,,,,,,,,,,,,,,,,,,,,,,,,,,,,,,,,,
929,1.0,,,1.0,1.0,0.0,0.0,1.0,1.0,1.0,0.5,,1.0,0.0,1.0,1.0,1.0,1.0,0.0,0.0,0.0,1.0,,,1.0,,,,,0.0,0.0,0.0,0.0,,1.0,0.0,,1.0,1.0,1.0,1.0,1.0,,0.5,0.0,,1.0,,0.0,,1.0,1.0,,1.0,,1.0,,,,1.0,,1.0,1.0,1.0,1.0,1.0,1.0,1.0,1.0,1.0,,1.0,1.0,,,,,1.0,1.0,,1.0,,,,1.0,,,0.0,,,1.0,,1.0,,1.0,,,,,,,,,,,,,,,,,,,,,,,,,,,,,,,,,,,,,,,,,,,,,,,,,,,,,,,,,,,,,,,,,,,,,,,,,,,,,,,,,,,,,,,,,,,,,,,,,,,,,,
930,1.0,,,1.0,,1.0,0.5,1.0,,,0.5,,1.0,,0.5,0.5,,,0.5,1.0,,1.0,,,,,,,,,,0.5,1.0,,0.5,0.0,,,,1.0,1.0,1.0,,0.5,,,1.0,,,,,1.0,,1.0,,1.0,,,,1.0,,,,1.0,0.5,0.5,1.0,,1.0,1.0,,,1.0,,,,,,0.5,,0.5,,,,1.0,,,,,,1.0,,0.5,,0.5,,,,,,0.5,,,,,,1.0,,,1.0,,1.0,,,,,,,,1.0,,1.0,1.0,0.5,,,1.0,,,,,,,,,1.0,,,,1.0,,,,,,,,,,,,,,,,,,,,,,,,,,,,,,,,,,,,,,,,,,,,,,,,,,,,,,,,,
931,1.0,,,1.0,1.0,0.0,0.0,1.0,1.0,1.0,1.0,,0.0,0.0,1.0,0.0,1.0,0.0,0.0,0.0,0.0,1.0,,,1.0,,,,,0.0,0.0,0.0,0.0,,1.0,0.0,,1.0,1.0,1.0,1.0,1.0,,1.0,0.0,,1.0,,0.0,,0.0,1.0,,1.0,,0.0,,,,1.0,,1.0,1.0,1.0,1.0,1.0,1.0,1.0,1.0,1.0,,1.0,1.0,,,,,0.0,0.0,,0.0,,,,1.0,,,1.0,,,1.0,,1.0,,1.0,,,,,,,,,,,,,,,,,,,,,,,,,,,,,,,,,,,,,,,,,,,,,,,,,,,,,,,,,,,,,,,,,,,,,,,,,,,,,,,,,,,,,,,,,,,,,,,,,,,,,,
932,1.0,,,1.0,1.0,0.0,1.0,1.0,1.0,0.0,0.0,,0.0,0.0,1.0,0.0,1.0,1.0,0.0,0.0,0.0,0.0,,,0.0,,,,,0.0,0.0,1.0,0.0,,0.0,1.0,,1.0,0.0,1.0,1.0,1.0,,1.0,0.0,,1.0,,0.0,,0.0,0.0,,1.0,,1.0,,,,1.0,,1.0,1.0,1.0,1.0,1.0,,1.0,1.0,1.0,,1.0,1.0,,,,,,0.0,,1.0,,,,1.0,,,1.0,,,1.0,,1.0,,1.0,,,,,,,,,,,,,,,,,,,,,,,,,,,,,,,,,,,,,,,,,,,,,,,,,,,,,,,,,,,,,,,,,,,,,,,,,,,,,,,,,,,,,,,,,,,,,,,,,,,,,,
934,1.0,,,0.0,0.5,1.0,0.5,1.0,1.0,1.0,1.0,,0.0,0.0,1.0,1.0,1.0,1.0,0.5,1.0,1.0,1.0,,,1.0,,,,,1.0,1.0,1.0,1.0,,1.0,1.0,,0.5,0.0,1.0,1.0,1.0,,1.0,0.0,,1.0,,0.0,,1.0,1.0,,1.0,,0.5,,,,0.0,,0.5,1.0,0.0,1.0,1.0,0.5,1.0,0.0,1.0,,0.0,0.0,,,,,0.0,0.5,,1.0,,,,0.0,,,1.0,,,0.5,,0.0,,0.5,,,,,,,,,,,,,,,,,,,,,,,,,,,,,,,,,,,,,,,,,,,,,,,,,,,,,,,,,,,,,,,,,,,,,,,,,,,,,,,,,,,,,,,,,,,,,,,,,,,,,,
936,1.0,,,0.5,,,0.5,1.0,0.5,,,,1.0,0.5,1.0,1.0,1.0,1.0,0.5,,1.0,0.5,,,1.0,,,,,0.5,,0.0,,,,0.0,,0.5,,1.0,1.0,,,0.5,,,0.5,,,,,0.5,,,,1.0,,,,1.0,,1.0,,1.0,,1.0,1.0,,1.0,0.5,,1.0,1.0,,,,,0.5,0.5,,,,,,,,,,,,,,1.0,,,,1.0,,,,,,,,0.5,,,,,1.0,,,,,,,,,,,,,,,,,,,,,,,,,,,,,,,,,,,,,,,,,,,,,,,,,,,,,,,,,,,,,,,,,,,,,,,,,,,,,,,,,,,,,,,
940,1.0,,,1.0,1.0,0.5,1.0,1.0,1.0,1.0,0.0,,1.0,0.0,1.0,1.0,1.0,1.0,0.0,0.0,0.0,1.0,,,1.0,,,,,0.0,0.0,0.0,0.0,,1.0,0.0,,1.0,1.0,1.0,1.0,1.0,,1.0,0.0,,1.0,,0.0,,0.0,1.0,,1.0,,1.0,,,,1.0,,1.0,1.0,1.0,1.0,1.0,1.0,1.0,1.0,1.0,,1.0,1.0,,,,,1.0,0.0,,,,,,1.0,,,1.0,,,1.0,,1.0,,0.5,,,,,,,,,,,,,,,,,,,,,,,,,,,,,,,,,,,,,,,,,,,,,,,,,,,,,,,,,,,,,,,,,,,,,,,,,,,,,,,,,,,,,,,,,,,,,,,,,,,,,,
941,1.0,,,,,0.0,1.0,1.0,1.0,,1.0,,1.0,0.0,1.0,1.0,1.0,,1.0,0.0,1.0,0.0,,,1.0,,,,,0.0,0.0,0.0,1.0,,1.0,0.0,,1.0,1.0,,1.0,,,,0.0,,1.0,,,,,0.0,,,,1.0,,,,0.0,,1.0,,1.0,1.0,0.0,,1.0,,1.0,,,1.0,,,,,0.0,,,1.0,,,,1.0,,,1.0,,,1.0,,1.0,,1.0,,,,,,,,,,,,,,,,,,,,,,,,,,,,,,,,,,,,,,,,,,,,,,,,,,,,,,,,,,,,,,,,,,,,,,,,,,,,,,,,,,,,,,,,,,,,,,,,,,,,,,
942,0.0,,,0.0,0.0,,0.0,0.0,,,0.0,,,0.0,0.0,0.0,0.0,0.0,,0.0,,0.0,,,0.0,,,,,,0.0,,0.0,,0.0,0.0,,0.0,0.0,0.0,0.0,0.0,,0.0,0.0,,0.0,,,,0.0,,,0.0,,0.0,,,,0.0,,0.0,0.0,0.0,0.0,0.0,,0.0,0.0,,,,0.0,,,,,0.0,,,0.0,,,,0.0,,,0.0,,,0.0,,0.0,,0.0,,,,,,,,,,,,,,,,,,,,,,,,,,,,,,,,,,,,,,,,,,,,,,,,,,,,,,,,,,,,,,,,,,,,,,,,,,,,,,,,,,,,,,,,,,,,,,,,,,,,,,
943,1.0,,,1.0,1.0,1.0,1.0,1.0,1.0,1.0,1.0,,1.0,1.0,1.0,1.0,1.0,1.0,1.0,1.0,1.0,1.0,,,1.0,,,,,1.0,1.0,1.0,1.0,,1.0,1.0,,1.0,1.0,1.0,1.0,1.0,,1.0,1.0,,1.0,,1.0,,1.0,1.0,,1.0,,1.0,,,,1.0,,1.0,1.0,1.0,1.0,1.0,1.0,1.0,1.0,1.0,,1.0,1.0,,,,,1.0,1.0,,1.0,,,,1.0,,,1.0,,,1.0,,1.0,,1.0,,,,,,,,,,,,,,,,,,,,,,,,,,,,,,,,,,,,,,,,,,,,,,,,,,,,,,,,,,,,,,,,,,,,,,,,,,,,,,,,,,,,,,,,,,,,,,,,,,,,,,
948,0.0,,,0.0,1.0,1.0,1.0,0.0,1.0,1.0,1.0,,0.0,0.0,1.0,1.0,0.0,1.0,0.0,0.0,0.0,1.0,,,0.0,,,,,1.0,1.0,1.0,0.0,,0.0,1.0,,1.0,0.0,0.0,1.0,0.0,,0.0,1.0,,0.0,,1.0,,0.0,0.0,,1.0,,0.0,,,,1.0,,1.0,1.0,1.0,0.0,0.0,0.0,0.0,1.0,1.0,,0.0,0.0,,,,,1.0,1.0,,0.0,,,,1.0,,,0.0,,,0.0,,1.0,,1.0,,,,,,,,,,,,,,,,,,,,,,,,,,,,,,,,,,,,,,,,,,,,,,,,,,,,,,,,,,,,,,,,,,,,,,,,,,,,,,,,,,,,,,,,,,,,,,,,,,,,,,
951,1.0,,,1.0,1.0,0.0,0.0,1.0,1.0,1.0,1.0,,1.0,0.0,1.0,1.0,1.0,0.0,0.0,0.0,0.0,0.0,,,1.0,,,,,0.0,0.0,0.0,0.0,,1.0,0.0,,1.0,1.0,1.0,1.0,1.0,,1.0,0.0,,1.0,,0.0,,1.0,1.0,,1.0,,0.0,,,,1.0,,1.0,1.0,0.0,1.0,1.0,1.0,0.0,1.0,1.0,,1.0,1.0,,,,,0.0,1.0,,0.0,,,,1.0,,,1.0,,,1.0,,1.0,,0.0,1.0,,,,,,,,,,,,,,,,,,,,,,,,,,,,,,,,,,,,,,,,,,,,,,,,,,,,,,,,,,,,,,,,,,,,,,,,,,,,,,,,,,,,,,,,,,,,,,,,,,,,,
961,1.0,,,1.0,1.0,0.0,0.0,1.0,1.0,1.0,1.0,,1.0,1.0,1.0,0.0,1.0,1.0,0.0,0.0,1.0,1.0,,,1.0,,,,,0.0,0.0,0.0,1.0,,1.0,0.0,,1.0,1.0,1.0,1.0,1.0,,1.0,0.0,,1.0,,0.0,,0.0,1.0,,1.0,,0.0,,,,1.0,,1.0,1.0,1.0,1.0,1.0,1.0,1.0,1.0,1.0,,1.0,1.0,,,,,1.0,1.0,,1.0,,,,1.0,,,1.0,,,1.0,,1.0,,1.0,,1.0,,,,,,,,,,,,,,,,,,,,,,,,,,,,,,,,,,,,,,,,,,,,,,,,,,,,,,,,,,,,,,,,,,,,,,,,,,,,,,,,,,,,,,,,,,,,,,,,,,,,
971,1.0,,,1.0,0.5,1.0,1.0,1.0,1.0,1.0,0.5,,1.0,0.5,1.0,0.0,1.0,0.5,1.0,1.0,0.0,0.0,,,1.0,,,,,0.0,0.0,0.0,1.0,,1.0,1.0,,1.0,1.0,0.5,1.0,1.0,,1.0,1.0,,1.0,,0.0,,0.0,1.0,,1.0,,1.0,,,,1.0,,1.0,1.0,1.0,1.0,1.0,1.0,1.0,1.0,1.0,,1.0,0.5,,,,,1.0,1.0,,0.0,,,,1.0,,,1.0,,,1.0,,0.5,,1.0,,1.0,,,,,,,,,,,,,,,,,,,,,,,,,,,,,,,,,,,,,,,,,,,,,,,,,,,,,,,,,,,,,,,,,,,,,,,,,,,,,,,,,,,,,,,,,,,,,,,,,,,,
973,1.0,,,0.0,1.0,0.0,0.0,1.0,0.0,1.0,0.0,,1.0,0.0,1.0,1.0,1.0,0.0,0.0,0.0,0.0,0.0,,,1.0,,,,,1.0,0.0,0.0,0.0,,1.0,0.0,,1.0,1.0,1.0,1.0,1.0,,1.0,0.0,,1.0,,1.0,,0.0,1.0,,1.0,,1.0,,,,1.0,,1.0,1.0,1.0,1.0,1.0,1.0,1.0,1.0,1.0,,1.0,1.0,,,,,0.0,0.0,,1.0,,,,1.0,,,1.0,,,1.0,,1.0,,1.0,,1.0,,,,,,,,,,,,,,,,,,,,,,,,,,,,,,,,,,,,,,,,,,,,,,,,,,,,,,,,,,,,,,,,,,,,,,,,,,,,,,,,,,,,,,,,,,,,,,,,,,,,
976,1.0,,,1.0,1.0,0.0,1.0,1.0,1.0,1.0,0.0,,1.0,1.0,1.0,0.0,1.0,0.0,0.0,1.0,0.0,1.0,,,1.0,,,,,0.0,0.0,1.0,1.0,,1.0,0.0,,1.0,1.0,1.0,1.0,1.0,,1.0,0.0,,1.0,,1.0,,1.0,1.0,,1.0,,0.0,,,,1.0,,1.0,1.0,1.0,1.0,1.0,1.0,1.0,1.0,1.0,,1.0,1.0,,,,,1.0,1.0,,1.0,,,,1.0,,,1.0,,,1.0,,1.0,,1.0,,1.0,,,,,,,,,,,,,,,,,,,,,,,,,,,,,,,,,,,,,,,,,,,,,,,,,,,,,,,,,,,,,,,,,,,,,,,,,,,,,,,,,,,,,,,,,,,,,,,,,,,,
983,0.5,,,1.0,1.0,1.0,1.0,,1.0,1.0,0.0,,1.0,0.0,0.5,0.5,1.0,1.0,1.0,,0.0,1.0,,,1.0,,,,,1.0,0.0,0.0,1.0,,1.0,1.0,,1.0,0.0,1.0,1.0,1.0,,0.0,,,1.0,,0.0,,1.0,1.0,,1.0,,1.0,,,,1.0,,1.0,1.0,1.0,1.0,1.0,0.5,1.0,,0.0,,1.0,0.5,,,,,,1.0,,0.5,,,,1.0,,,1.0,,,0.5,,1.0,,1.0,,1.0,,,,,,,,,,,,,,,,,,,,,,,,,,,,,,,,,,,,,,,,,,,,,,,,,,,,,,,,,,,,,,,,,,,,,,,,,,,,,,,,,,,,,,,,,,,,,,,,,,,,
990,1.0,,,0.0,1.0,1.0,1.0,,,,0.0,,0.0,1.0,1.0,0.0,1.0,1.0,1.0,1.0,1.0,1.0,,,1.0,,,,,1.0,1.0,1.0,1.0,,1.0,1.0,,1.0,0.0,1.0,1.0,,,,1.0,,0.0,,1.0,,1.0,1.0,,0.0,,1.0,,,,0.0,,1.0,,0.0,1.0,1.0,,1.0,0.0,0.0,,,0.0,,,,,1.0,1.0,,1.0,,,,,,,0.0,,,0.0,,0.0,,1.0,,0.0,,,,,,,,,,,,,,,,,,,,,,,,,,,,,,,,,,,,,,,,,,,,,,,,,,,,,,,,,,,,,,,,,,,,,,,,,,,,,,,,,,,,,,,,,,,,,,,,,,,,
991,0.0,,,0.5,1.0,1.0,1.0,1.0,1.0,1.0,0.0,,0.0,0.0,1.0,0.0,1.0,1.0,1.0,1.0,1.0,1.0,,,1.0,,,,,1.0,1.0,1.0,1.0,,1.0,1.0,,1.0,0.0,0.5,1.0,1.0,,0.0,1.0,,1.0,,0.0,,1.0,1.0,,1.0,,1.0,,,,0.5,,1.0,1.0,1.0,1.0,1.0,0.0,1.0,1.0,0.0,,0.0,0.5,,,,,1.0,1.0,,0.5,,,,0.0,,,1.0,,,0.0,,0.0,,1.0,,1.0,,,,,,,,,,,,,,,,,,,,,,,,,,,,,,,,,,,,,,,,,,,,,,,,,,,,,,,,,,,,,,,,,,,,,,,,,,,,,,,,,,,,,,,,,,,,,,,,,,,,
995,1.0,,,1.0,0.0,1.0,1.0,1.0,1.0,1.0,0.0,,1.0,1.0,1.0,0.0,1.0,1.0,0.0,0.0,0.0,1.0,,,1.0,,,,,0.0,0.0,0.0,0.0,,1.0,0.0,,1.0,1.0,1.0,1.0,1.0,,1.0,0.0,,1.0,,0.0,,1.0,1.0,,1.0,,0.0,,,,1.0,,0.0,1.0,1.0,1.0,1.0,1.0,1.0,1.0,1.0,,1.0,0.0,,,,,0.0,0.0,,0.0,,,,1.0,,,1.0,,,1.0,,1.0,,1.0,,1.0,,,,,,,,,,,,,,,,,,,,,,,,,,,,,,,,,,,,,,,,,,,,,,,,,,,,,,,,,,,,,,,,,,,,,,,,,,,,,,,,,,,,,,,,,,,,,,,,,,,,
1006,0.5,,,,1.0,0.0,,1.0,,1.0,,,0.5,1.0,1.0,0.0,,,,0.5,,1.0,,,,,,,,,,,1.0,,1.0,,,,,0.5,,,,0.5,,,1.0,,,,0.0,1.0,,,,1.0,,,,0.0,,,,1.0,,1.0,,1.0,0.0,0.5,,,1.0,,,,,1.0,,,0.5,,,,1.0,,,,,,0.5,,,,0.5,,1.0,,,,,,,,,,,,,,,,,,,,,,,,,,,,,,,,,,,,,,,,,,,,,,,,,,,,,,,,,,,,,,,,,,,,,,,,,,,,,,,,,,,,,,,,,,,,,,,,,,,,
1009,0.0,,,0.0,,,1.0,1.0,1.0,,,,1.0,0.0,1.0,,1.0,1.0,,,,1.0,,,1.0,,,,,,0.0,,,,,,,,1.0,1.0,,1.0,,,0.0,,1.0,,1.0,,,1.0,,,,,,,,0.0,,,,1.0,,1.0,1.0,1.0,1.0,,,1.0,,,,,,,1.0,,,,,,1.0,,,0.0,,,1.0,,1.0,,,,1.0,,,,,,,,,,,,,,,,,,,,,,,,,,,,,,,,,,,,,,,,,,,,,,,,,,,,,,,,,,,,,,,,,,,,,,,,,,,,,,,,,,,,,,,,,,,,,,,,,,,,
1012,0.0,,,0.0,0.0,1.0,1.0,1.0,1.0,1.0,0.0,,0.0,1.0,1.0,0.0,1.0,0.0,1.0,1.0,1.0,1.0,,,1.0,,,,,1.0,1.0,1.0,1.0,,1.0,1.0,,1.0,0.0,0.0,1.0,1.0,,0.0,1.0,,0.0,,1.0,,1.0,1.0,,0.0,,1.0,,,,1.0,,0.0,0.0,1.0,1.0,1.0,0.0,0.0,1.0,0.0,,0.0,0.0,,,,,1.0,1.0,,1.0,,,,0.0,,,0.0,,,0.0,,0.0,,1.0,,1.0,,,,1.0,,,,0.0,,0.0,,,0.0,,1.0,,,,,,,,0.0,0.0,0.0,0.0,1.0,,,0.0,,0.0,,,,,0.0,,0.0,,0.0,,1.0,0.0,1.0,,0.0,0.0,0.0,,,,,0.0,0.0,,0.0,0.0,,0.0,0.0,,1.0,1.0,0.0,0.0,,1.0,1.0,,,,,,,,,,,,,,,,,,,,,,,,,,,,,,,
1013,0.0,,,1.0,0.0,1.0,1.0,1.0,1.0,0.5,0.0,,0.5,0.0,0.5,0.5,1.0,1.0,1.0,0.5,0.5,1.0,,,1.0,,,,,1.0,0.5,0.0,1.0,,1.0,0.5,,0.5,0.5,0.5,1.0,1.0,,0.0,1.0,,1.0,,0.0,,0.0,1.0,,0.5,,0.0,,,,0.0,,1.0,1.0,1.0,1.0,0.5,0.5,0.5,1.0,1.0,,0.5,0.5,,,,,1.0,1.0,,1.0,,,,0.5,,,1.0,,,1.0,,0.0,,1.0,,0.5,,,,,,,,,,,,,,,,,,,,,,,,,,,,,,,,,,,,,,,,,,,,,,,,,,,,,,,,,,,,,,,,,,,,,,,,,,,,,,,,,,,,,,,,,,,,,,,,,,,,
1015,0.0,,,0.0,0.0,1.0,1.0,1.0,1.0,1.0,0.0,,0.0,1.0,1.0,0.0,1.0,0.0,1.0,1.0,1.0,1.0,,,1.0,,,,,1.0,1.0,1.0,1.0,,1.0,1.0,,1.0,0.0,0.0,1.0,1.0,,0.0,1.0,,0.0,,1.0,,1.0,1.0,,0.0,,1.0,,,,1.0,,0.0,0.0,1.0,1.0,1.0,0.0,0.0,0.0,0.0,,0.0,0.0,,,,,1.0,1.0,,1.0,,,,0.0,,,0.0,,,0.0,,0.0,,1.0,,1.0,,,,1.0,,,,0.0,,0.0,,,0.0,,1.0,,,,,,,,0.0,1.0,0.0,0.0,1.0,,,0.0,,0.0,,,,,0.0,,,,,,,,,,,,,,,,,,,,,,,,,,,,,,,,,,,,,,,,,,,,,,,,,,,,,,,,,,,,,,,
1019,0.0,,,0.0,0.5,0.0,1.0,1.0,1.0,1.0,0.0,,0.5,0.0,1.0,0.0,1.0,0.5,1.0,1.0,1.0,1.0,,,1.0,,,,,0.5,0.5,0.5,1.0,,1.0,0.5,,1.0,0.0,0.5,1.0,0.5,,0.0,1.0,,0.5,,0.0,,1.0,1.0,,0.5,,0.0,,,,0.0,,1.0,0.5,1.0,1.0,1.0,0.5,0.0,0.0,0.0,,0.5,0.5,,,,,1.0,1.0,,0.5,,,,0.0,,,1.0,,,1.0,,0.0,,1.0,,0.0,,,,,,,,,,,,,,,,,,,,,,,,,,,,,,,,,,,,,,,,,,,,,,,,,,,,,,,,,,,,,,,,,,,,,,,,,,,,,,,,,,,,,,,,,,,,,,,,,,,,
1020,0.5,,,1.0,1.0,1.0,1.0,1.0,1.0,1.0,0.5,,1.0,1.0,0.5,0.0,1.0,1.0,0.5,0.5,1.0,1.0,,,1.0,,,,,1.0,1.0,1.0,0.5,,1.0,0.5,,1.0,1.0,1.0,1.0,1.0,,0.5,1.0,,1.0,,1.0,,1.0,1.0,,1.0,,1.0,,,,1.0,,1.0,1.0,1.0,1.0,1.0,0.5,1.0,1.0,1.0,,1.0,1.0,,,,,1.0,1.0,,1.0,,,,1.0,,,1.0,,,1.0,,1.0,,1.0,,1.0,,,,,,,,,,,,,,,,,,,,,,,,,,,,,,,,,,,,,,,,,,,,,,,,,,,,,,,,,,,,,,,,,,,,,,,,,,,,,,,,,,,,,,,,,,,,,,,,,,,,
1022,0.0,,,0.0,0.0,0.0,1.0,1.0,0.0,1.0,0.0,,1.0,0.0,1.0,0.0,1.0,1.0,1.0,1.0,0.0,1.0,,,1.0,,,,,0.0,0.0,0.0,1.0,,1.0,1.0,,0.0,0.0,0.5,1.0,1.0,,0.0,0.0,,1.0,,1.0,,0.0,1.0,,1.0,,1.0,,,,0.0,,1.0,1.0,1.0,1.0,1.0,0.5,1.0,1.0,0.0,,1.0,0.5,,,,,1.0,1.0,,0.5,,,,0.0,,,1.0,,,0.5,,0.0,,1.0,,1.0,,,,,,,,,,,,,,,,,,,,,,,,,,,,,,,,,,,,,,,,,,,,,,,,,,,,,,,,,,,,,,,,,,,,,,,,,,,,,,,,,,,,,,,,,,,,,,,,,,,,
1031,1.0,,,0.0,1.0,1.0,1.0,1.0,1.0,1.0,1.0,,1.0,0.0,1.0,1.0,1.0,1.0,1.0,0.0,0.0,0.0,,,0.0,,,,,0.0,0.0,0.0,1.0,,1.0,1.0,,1.0,0.0,1.0,1.0,0.5,,0.0,0.0,,1.0,,1.0,,1.0,0.0,,1.0,,0.0,,,,1.0,,1.0,1.0,0.0,1.0,0.0,1.0,1.0,1.0,0.0,,1.0,0.0,,,,,1.0,1.0,,0.5,,,,1.0,,,1.0,,,0.5,,1.0,,1.0,,0.0,,,,,,,,,,,,,,,,,,,,,,,,,,,,,,,,,,,,,,,,,,,,,,,,,,,,,,,,,,,,,,,,,,,,,,,,,,,,,,,,,,,,,,,,,,,,,,,,,,,,
1032,1.0,,,1.0,1.0,1.0,1.0,1.0,1.0,1.0,0.0,,1.0,1.0,1.0,0.0,1.0,1.0,0.0,1.0,0.0,1.0,,,1.0,,,,,1.0,0.0,0.0,1.0,,1.0,0.0,,1.0,1.0,1.0,1.0,1.0,,1.0,1.0,,1.0,,0.0,,1.0,1.0,,1.0,,1.0,,,,1.0,,1.0,1.0,1.0,1.0,1.0,1.0,1.0,1.0,1.0,,1.0,0.0,,,,,0.0,1.0,,1.0,,,,1.0,,,1.0,,,1.0,,1.0,,1.0,,1.0,,,,0.0,,,,1.0,,1.0,,,1.0,,1.0,,,,,,,,1.0,0.0,1.0,1.0,1.0,,,1.0,,1.0,,,,,1.0,,1.0,,1.0,,1.0,1.0,1.0,,1.0,1.0,1.0,,,,,1.0,1.0,,1.0,1.0,,1.0,1.0,,1.0,0.0,1.0,0.0,,0.0,0.5,,,,1.0,0.0,1.0,1.0,0.0,0.0,,,,,,,,,,,,,,,,,,,,,,
1038,1.0,,,1.0,0.0,1.0,1.0,1.0,0.5,1.0,1.0,,1.0,0.0,1.0,0.0,1.0,0.0,1.0,0.5,0.0,1.0,,,1.0,,,,,1.0,0.0,0.0,1.0,,1.0,0.0,,1.0,1.0,1.0,1.0,1.0,,0.0,1.0,,1.0,,0.5,,0.0,1.0,,1.0,,1.0,,,,0.0,,1.0,1.0,1.0,1.0,1.0,0.5,1.0,1.0,0.0,,1.0,1.0,,,,,1.0,1.0,,0.0,,,,1.0,,,1.0,,,1.0,,0.5,,1.0,,1.0,,,,0.0,,,,,,,,,,,,,,,,,,,,,,,,,,,,,,,,,,,,,,,,,,,,,,,,,,,,,,,,,,,,,,,,,,,,,,,,,,,,,,,,,,,,,,,,,,,,,,,,
1039,0.0,,,1.0,0.0,1.0,1.0,1.0,1.0,1.0,1.0,,1.0,1.0,1.0,1.0,1.0,1.0,1.0,1.0,1.0,1.0,,,1.0,,,,,1.0,1.0,1.0,1.0,,1.0,1.0,,1.0,0.0,1.0,1.0,1.0,,0.0,1.0,,1.0,,1.0,,1.0,1.0,,1.0,,1.0,,,,1.0,,1.0,1.0,1.0,1.0,1.0,1.0,1.0,1.0,1.0,,1.0,1.0,,,,,1.0,1.0,,1.0,,,,1.0,,,1.0,,,1.0,,0.0,,1.0,,1.0,,,,1.0,,,,,,,,,,,,,,,,,,,,,,,,,,,,,,,,,,,,,,,,,,,,,,,,,,,,,,,,,,,,,,,,,,,,,,,,,,,,,,,,,,,,,,,,,,,,,,,,
1042,1.0,,,1.0,1.0,0.0,1.0,1.0,1.0,1.0,1.0,,1.0,0.0,1.0,1.0,1.0,1.0,1.0,0.0,0.0,1.0,,,1.0,,,,,0.0,0.0,0.0,1.0,,0.0,1.0,,1.0,1.0,1.0,1.0,1.0,,0.0,1.0,,1.0,,1.0,,1.0,1.0,,1.0,,1.0,,,,1.0,,1.0,1.0,1.0,1.0,1.0,1.0,1.0,1.0,1.0,,1.0,1.0,,,,,1.0,1.0,,1.0,,,,1.0,,,1.0,,,1.0,,0.0,,0.0,,1.0,,,,1.0,,,,,,,,,,,,,,,,,,,,,,,,,,,,,,,,,,,,,,,,,,,,,,,,,,,,,,,,,,,,,,,,,,,,,,,,,,,,,,,,,,,,,,,,,,,,,,,,
1052,0.5,,,,,,,,,,,,,1.0,0.5,,,1.0,1.0,,,1.0,,,,,,,,0.5,,0.5,,,1.0,,,,0.5,0.5,,,,,,,,,,,,1.0,,1.0,,1.0,,,,,,,1.0,,,,,1.0,,,,,,,,,,,,,,,,,0.5,,,,,,,,0.0,,,,,,,,,1.0,1.0,1.0,,,,,,,,,,,,,,,,,,,,,,,,,,,,,,,,,,,,,,,,,,,,,,,,,,,,,,,,,,,,,,,,,,,,,,,,,,,,,,,,,,,,,,,,,,,,,
1055,1.0,,,0.0,1.0,1.0,1.0,1.0,1.0,1.0,1.0,,0.0,0.0,1.0,0.0,1.0,1.0,1.0,0.5,1.0,1.0,,,1.0,,,,,0.0,1.0,0.0,1.0,,1.0,0.5,,1.0,0.0,1.0,1.0,1.0,,1.0,1.0,,1.0,,1.0,,1.0,1.0,,0.0,,1.0,,,,0.0,,1.0,1.0,1.0,1.0,1.0,0.5,0.0,1.0,0.0,,0.5,0.5,,,,,1.0,0.5,,0.0,,,,0.5,,,0.0,,,1.0,,0.0,,1.0,,1.0,,,,1.0,,,,,,,,,,,,,,,,,,,,,,,,,,,,,,,,,,,,,,,,,,,,,,,,,,,,,,,,,,,,,,,,,,,,,,,,,,,,,,,,,,,,,,,,,,,,,,,,
1056,1.0,,,1.0,1.0,1.0,1.0,1.0,1.0,0.0,1.0,,0.0,0.0,1.0,1.0,1.0,1.0,1.0,1.0,0.0,0.0,,,0.0,,,,,1.0,0.0,0.5,1.0,,0.0,0.0,,1.0,0.0,1.0,1.0,1.0,,1.0,0.0,,1.0,,0.0,,0.5,0.0,,1.0,,0.0,,,,1.0,,1.0,1.0,1.0,1.0,1.0,1.0,1.0,1.0,1.0,,0.0,0.0,,,,,0.0,1.0,,1.0,,,,1.0,,,1.0,,,0.5,,0.5,,1.0,,1.0,,,,1.0,,,,1.0,,1.0,,,0.0,,1.0,,,,,,,,1.0,0.0,1.0,0.0,1.0,,,1.0,,1.0,,,,,1.0,,1.0,,1.0,,1.0,0.0,1.0,,1.0,0.0,,,,,,,,,1.0,,,,,,0.5,,,,,,,,,,1.0,,1.0,,,,,,,,,,,,,,,,,,,,,,,,,
1059,0.5,,,1.0,,0.5,0.0,,1.0,0.5,0.5,,1.0,1.0,0.5,0.5,1.0,0.5,0.0,0.0,0.0,0.5,,,0.0,,,,,0.0,0.0,0.0,0.0,,,0.0,,0.0,,1.0,1.0,0.5,,0.5,0.0,,1.0,,1.0,,1.0,0.5,,1.0,,0.5,,,,1.0,,1.0,1.0,0.5,1.0,1.0,1.0,0.0,1.0,0.5,,1.0,,,,,,0.0,0.0,,1.0,,,,1.0,,,1.0,,,1.0,,1.0,,1.0,,0.0,,,,1.0,,,,1.0,,0.5,,,1.0,,,,,,,,,,1.0,,,,,,,,,,,,,,,,,,,,,,,,,,,,,,,,,,,,,,,,,,,,,,,,,,,,,,,,,,,,,,,,,,,,,,,,,,,,,
1061,1.0,,,1.0,1.0,,1.0,,,,0.5,,,,,,,1.0,,,,,,,,,,,,,,,,,0.5,,,,,,,,,,0.5,,,,1.0,,,,,,,1.0,,,,,,,,,,,1.0,1.0,,,,,,,,,,,,,,,,,,,,,,,,,,,,,,,,,,,,,,,,,,,,,,,,,,,,,,,,,,,,,,,,,,,,,,,,,,,,,,,,,,,,,,,,,,,,,,,,,,,,,,,,,,,,,,,,,,,,,,,,,,,,,,,,,
1071,1.0,,,0.5,0.5,1.0,0.0,0.0,1.0,1.0,0.5,,1.0,0.0,1.0,0.0,1.0,1.0,1.0,0.5,0.0,1.0,,,1.0,,,,,0.0,0.0,0.0,0.5,,0.5,0.5,,0.0,0.0,1.0,1.0,1.0,,0.0,1.0,,1.0,,0.5,,0.5,1.0,,1.0,,0.5,,,,1.0,,1.0,1.0,0.0,1.0,1.0,1.0,0.5,1.0,1.0,,1.0,1.0,,,,,1.0,1.0,,0.0,,,,1.0,,,1.0,,,1.0,,1.0,,0.0,,1.0,,,,1.0,,,,0.0,,,,,,,,,,,,,,,,,,,,,,,,,,,,,,,,,,,,,,,,,,,,,,,,,,,,,,,,,,,,,,,,,,,,,,,,,,,,,,,,,,,,,,,,,,,,
1081,0.5,,,0.0,1.0,0.5,,,1.0,,,,,1.0,,0.5,1.0,,0.0,,,,,,,,,,,,,,0.0,,,,,1.0,,,,,,,,,1.0,,0.0,,,,,,,,,,,1.0,,1.0,1.0,,,,1.0,,1.0,,,,,,,,,0.0,,,,,,,,,,,,,1.0,,1.0,,,,,,,,,,,,,,1.0,,,,,,,,,,,,,,,,,,,,,,,,,,,,,,,,,,,,,,,,,,,,,,,,,,,,,,,,,,,,,,,,,,,,,,,,,,,,,,,,,,,,,,,,,,
1082,0.0,,,1.0,0.5,1.0,1.0,1.0,1.0,0.0,0.0,,0.0,1.0,1.0,0.0,1.0,0.5,1.0,1.0,1.0,1.0,,,1.0,,,,,0.5,1.0,0.5,1.0,,1.0,1.0,,1.0,0.5,0.5,1.0,1.0,,0.0,1.0,,1.0,,0.5,,1.0,1.0,,1.0,,0.0,,,,1.0,,1.0,0.0,0.0,1.0,0.0,0.5,1.0,0.0,1.0,,1.0,0.5,,,,,1.0,1.0,,0.5,,,,0.0,,,0.5,,,0.5,,0.0,,0.5,,0.0,,,,1.0,,,,1.0,,,,,,,,,,,,,,,,,,,,,,,,,,,,,,,,,,,,,,,,,,,,,,,,,,,,,,,,,,,,,,,,,,,,,,,,,,,,,,,,,,,,,,,,,,,,
1084,1.0,,,1.0,1.0,0.0,0.0,1.0,1.0,1.0,1.0,,1.0,0.0,0.0,0.0,1.0,1.0,0.0,1.0,0.0,1.0,,,0.0,,,,,0.0,0.0,1.0,1.0,,1.0,0.0,,1.0,1.0,1.0,0.0,1.0,,1.0,0.0,,1.0,,0.0,,0.0,0.0,,1.0,,0.0,,,,1.0,,1.0,1.0,1.0,1.0,1.0,1.0,1.0,1.0,1.0,,1.0,1.0,,,,,0.0,0.0,,0.0,,,,1.0,,,1.0,,,1.0,,1.0,,1.0,,1.0,,,,1.0,,,,1.0,,1.0,1.0,,1.0,,1.0,,,,,,,,1.0,0.0,1.0,1.0,1.0,,,1.0,,1.0,,,,,1.0,,1.0,,1.0,,1.0,1.0,1.0,,1.0,0.5,1.0,,,,,1.0,1.0,,1.0,0.0,,0.0,1.0,,0.5,0.5,0.5,0.5,,0.5,1.0,,,,1.0,0.5,0.0,1.0,0.5,0.0,,,,,,,,,,,,,,,,,,,,,,
1089,0.0,,,1.0,1.0,1.0,1.0,1.0,1.0,1.0,0.0,,1.0,1.0,1.0,1.0,1.0,1.0,0.0,0.0,0.0,0.0,,,1.0,,,,,0.5,1.0,1.0,0.0,,1.0,0.0,,1.0,1.0,1.0,1.0,1.0,,0.0,1.0,,1.0,,1.0,,0.0,1.0,,1.0,,1.0,,,,0.0,,1.0,1.0,1.0,1.0,1.0,1.0,1.0,1.0,1.0,,1.0,1.0,,,,,0.0,1.0,,0.0,,,,1.0,,,1.0,,,1.0,,1.0,,0.0,,1.0,,,,1.0,,,,1.0,,1.0,,1.0,,,,,,,,,,,,,,,,,,,,,,,,,,,,,,,,,,,,,,,,,,,,,,,,,,,,,,,,,,,,,,,,,,,,,,,,,,,,,,,,,,,,,,,,
1090,1.0,,,1.0,1.0,0.5,0.0,1.0,1.0,0.0,0.0,,0.0,0.0,1.0,1.0,1.0,0.0,0.0,0.0,1.0,1.0,,,0.5,,,,,0.0,0.0,0.5,1.0,,0.0,0.0,,1.0,1.0,1.0,1.0,1.0,,0.0,0.0,,1.0,,1.0,,0.5,1.0,,1.0,,0.0,,,,0.0,,1.0,1.0,1.0,1.0,1.0,0.5,1.0,1.0,1.0,,0.0,1.0,,,,,0.0,1.0,,0.5,,,,0.5,,,1.0,,,1.0,,1.0,,1.0,,1.0,,,,0.0,,,,1.0,,0.5,,,0.5,,,,,,,,,,,,,,,,,,,,,,,,,,,,,,,,,,,,,,,,,,,,,,,,,,,,,,,,,,,,,,,,,,,,,,,,,,,,,,,,,,,,,,,
1091,0.0,,,0.0,0.0,1.0,1.0,1.0,1.0,1.0,0.0,,0.0,1.0,1.0,0.0,1.0,0.0,1.0,1.0,1.0,1.0,,,1.0,,,,,1.0,1.0,1.0,1.0,,1.0,1.0,,1.0,0.0,0.0,1.0,1.0,,0.0,1.0,,0.0,,1.0,,1.0,1.0,,0.0,,1.0,,,,1.0,,0.0,0.0,1.0,1.0,1.0,0.0,0.0,0.0,0.0,,0.0,0.0,,,,,1.0,1.0,,1.0,,,,0.0,,,0.0,,,0.0,,0.0,,1.0,,1.0,,,,1.0,,,,0.0,,1.0,,,0.0,,,,,,,,,,,,,,,,,,,,,,,,,,,,,,,,,,,,,,,,,,,,,,,,,,,,,,,,,,,,,,,,,,,,,,,,,,,,,,,,,,,,,,,
1092,0.0,,,0.0,0.0,1.0,1.0,1.0,1.0,1.0,0.0,,0.0,1.0,1.0,0.0,1.0,0.0,1.0,1.0,1.0,1.0,,,1.0,,,,,1.0,1.0,1.0,1.0,,1.0,1.0,,1.0,0.0,0.0,1.0,1.0,,0.0,1.0,,0.0,,1.0,,1.0,1.0,,0.0,,1.0,,,,1.0,,0.0,0.0,1.0,1.0,0.0,0.0,0.0,0.0,0.0,,0.0,0.0,,,,,1.0,1.0,,1.0,,,,0.0,,,0.0,,,0.0,,0.0,,1.0,,1.0,,,,1.0,,,,0.0,,0.0,,,0.0,,,,,,,,,,,,,,,,,,,,,,,,,,,,,,,,,,,,,,,,,,,,,,,,,,,,,,,,,,,,,,,,,,,,,,,,,,,,,,,,,,,,,,,
1094,0.0,,,0.0,0.0,1.0,1.0,1.0,1.0,1.0,0.0,,0.0,1.0,1.0,0.0,0.5,0.0,1.0,1.0,1.0,1.0,,,1.0,,,,,1.0,1.0,1.0,0.5,,1.0,1.0,,1.0,0.0,0.0,1.0,1.0,,0.0,1.0,,0.0,,1.0,,1.0,1.0,,0.0,,1.0,,,,1.0,,0.0,0.0,1.0,1.0,0.5,0.0,0.0,0.5,0.0,,0.0,0.0,,,,,1.0,1.0,,1.0,,,,0.0,,,0.0,,,0.0,,0.0,,1.0,,0.5,,,,1.0,,,,0.0,,0.0,,,0.0,,,,,,,,,,,,,,,,,,,,,,,,,,,,,,,,,,,,,,,,,,,,,,,,,,,,,,,,,,,,,,,,,,,,,,,,,,,,,,,,,,,,,,,
1097,0.0,,,0.0,0.0,1.0,1.0,1.0,1.0,1.0,0.0,,0.0,1.0,1.0,1.0,1.0,0.0,1.0,1.0,1.0,1.0,,,1.0,,,,,1.0,1.0,1.0,1.0,,1.0,1.0,,1.0,0.0,0.0,1.0,1.0,,0.0,1.0,,0.0,,1.0,,1.0,1.0,,1.0,,1.0,,,,1.0,,0.0,0.0,1.0,1.0,0.0,0.0,0.0,0.0,0.0,,0.0,0.0,,,,,1.0,1.0,,1.0,,,,0.0,,,0.0,,,0.0,,0.0,,1.0,,1.0,,,,1.0,,,,0.0,,0.0,,,0.0,,,,,,,,,,,,,,,,,,,,,,,,,,,,,,,,,,,,,,,,,,,,,,,,,,,,,,,,,,,,,,,,,,,,,,,,,,,,,,,,,,,,,,,
1105,0.0,,,,,1.0,,1.0,,1.0,,,0.0,,,,,,,1.0,1.0,,,,1.0,,,,,1.0,,,1.0,,,,,,,,1.0,,,,,,,,,,1.0,,,0.5,,1.0,,,,0.0,,0.5,,,1.0,1.0,,,1.0,,,,,,,,,1.0,,,,,,,,,,,,,,,,,1.0,,,,,,,,,,,,,,,,,,,,,,,,,,,,,,,,,,,,,,,,,,,,,,,,,,,,,,,,,,,,,,,,,,,,,,,,,,,,,,,,,,,,,,,,,,,,,,,,,,,,,,
1112,1.0,,,1.0,1.0,0.5,0.5,0.5,0.5,1.0,0.5,,1.0,1.0,1.0,1.0,0.5,0.5,0.5,0.5,0.5,0.0,,,0.5,,,,,0.0,0.5,0.0,0.5,,0.5,0.5,,1.0,1.0,1.0,0.5,0.0,,1.0,0.0,,1.0,,1.0,,1.0,0.5,,1.0,,0.5,,,,1.0,,1.0,1.0,1.0,1.0,1.0,1.0,1.0,1.0,1.0,,1.0,1.0,,,,,0.5,0.5,,0.5,,,,1.0,,,1.0,,,1.0,,1.0,,1.0,,1.0,,,,1.0,,,,0.5,,1.0,,,1.0,,,,,,,,,,,,,,,,,,,,,,,,,,,,,,,,,,,,,,,,,,,,,,,,,,,,,,,,,,,,,,,,,,,,,,,,,,,,,,,,,,,,,,,
1113,1.0,,,1.0,1.0,0.0,0.0,1.0,0.5,0.0,0.0,,1.0,1.0,1.0,0.0,1.0,0.0,0.0,0.0,0.0,0.0,,,0.0,,,,,0.0,0.0,0.0,0.0,,1.0,0.0,,0.0,1.0,1.0,1.0,0.0,,0.0,0.0,,1.0,,0.0,,0.0,0.5,,1.0,,0.0,,,,1.0,,1.0,1.0,1.0,0.0,1.0,1.0,1.0,1.0,0.5,,1.0,1.0,,,,,1.0,0.0,,0.0,,,,1.0,,,1.0,,,1.0,,1.0,,0.0,,1.0,,,,0.0,,,,1.0,,1.0,,,1.0,,1.0,,,,,,,,,,,,,,,,,,,,,,,,,,,,,,,,,,,,,,,,,,,,,,,,,,,,,,,,,,,,,,,,,,,,,,,,,,,,,,,,,,,,,
1117,0.0,,,,,,,,1.0,1.0,0.0,,,0.5,1.0,0.0,,1.0,,1.0,,,,,,,,,,1.0,,,,,1.0,1.0,,,,0.5,1.0,,,,,,,,0.0,,1.0,1.0,,,,,,,,,,,1.0,,1.0,,,0.5,1.0,0.0,,,0.5,,,,,,,,0.5,,,,,,,,,,0.5,,,,,,,,,,1.0,,,,1.0,,,,,,,,,,,,,,,,,,,,,,,,,,,,,,,,,,,,,,,,,,,,,,,,,,,,,,,,,,,,,,,,,,,,,,,,,,,,,,,,,,,,,,,,,,,,
1127,1.0,,,1.0,1.0,1.0,1.0,1.0,1.0,1.0,0.0,,0.0,0.0,0.0,0.0,1.0,1.0,1.0,1.0,1.0,1.0,,,1.0,,,,,1.0,0.0,1.0,1.0,,1.0,1.0,,1.0,0.0,0.0,1.0,1.0,,0.0,1.0,,1.0,,1.0,,1.0,1.0,,1.0,,1.0,,,,0.0,,1.0,1.0,0.0,1.0,1.0,0.0,0.0,1.0,0.0,,0.0,1.0,,,,,1.0,1.0,,1.0,,,,0.0,,,1.0,,,0.0,,1.0,,1.0,,0.0,,,,1.0,,,,1.0,,1.0,,,0.0,,,,,,,,,,,,,,,,,,,,,,,,,,,,,,,,,,,,,,,,,,,,,,,,,,,,,,,,,,,,,,,,,,,,,,,,,,,,,,,,,,,,,,,
1128,1.0,,,1.0,1.0,,,1.0,,,,,,0.5,,,1.0,0.0,,,1.0,1.0,,,,,,,,,,,1.0,,,,,,0.0,0.5,,,,0.0,,,1.0,,0.5,,,0.0,,,,,,,,,,1.0,,0.5,1.0,1.0,0.5,0.5,1.0,,,,,,,,,,1.0,,0.5,,,,,,,,,,1.0,,0.0,,1.0,,1.0,,,,1.0,,,,,,1.0,,,,,,,,,,,,,,,,,,,,1.0,,,,,,,,,,,,,,,,,,,,,,,,,,,,,,,,,,,,,,,,,,,,,,,,,,,,,,,,,,,,,,,,,,,,,,
1131,1.0,,,1.0,,,,1.0,,,1.0,,1.0,,,,,,,,0.0,0.0,,,,,,,,0.0,,,,,,,,,1.0,,,,,,,,,,,,0.0,,,,,1.0,,,,,,,,,,,,,,,,,,,,,,,,,,,,,1.0,,,1.0,,,,,,,,,1.0,,,,0.0,,,,,,,,,1.0,,,,,,,,,,,,,,,,,,,,,,,,,,,,,,,,,,,,,,,,,,,,,,,,,,,,,,,,,,,,,,,,,,,,,,,,,,,,,,,,,,,,,,,
1133,1.0,,,1.0,1.0,0.5,0.0,1.0,1.0,1.0,1.0,,1.0,0.0,1.0,1.0,1.0,1.0,0.0,1.0,1.0,1.0,,,0.0,,,,,0.0,0.0,0.5,1.0,,1.0,1.0,,1.0,1.0,1.0,1.0,1.0,,0.0,0.0,,1.0,,1.0,,0.0,1.0,,1.0,,1.0,,,,1.0,,1.0,1.0,1.0,0.5,1.0,1.0,1.0,1.0,1.0,,1.0,1.0,,,,,0.5,0.0,,1.0,,,,1.0,,,1.0,,,1.0,,1.0,,0.0,,1.0,,,,0.0,,,,1.0,,1.0,,,1.0,,,,,,,,,,,,,,,,,,,,,,,,,,,,,,,,,,,,,,,,,,,,,,,,,,,,,,,,,,,,,,,,,,,,,,,,,,,,,,,,,,,,,,,
1136,1.0,,,1.0,1.0,1.0,1.0,1.0,1.0,1.0,0.0,,1.0,1.0,1.0,1.0,1.0,0.0,1.0,1.0,1.0,0.0,,,1.0,,,,,0.0,0.0,0.0,1.0,,1.0,0.0,,1.0,1.0,1.0,1.0,1.0,,1.0,1.0,,1.0,,0.0,,0.0,1.0,,1.0,,1.0,,,,1.0,,1.0,1.0,1.0,1.0,1.0,1.0,1.0,1.0,1.0,,1.0,1.0,,,,,1.0,1.0,,1.0,,,,1.0,,,1.0,,,1.0,,1.0,,0.0,,1.0,,,,1.0,,,,1.0,,1.0,,,1.0,,1.0,1.0,,,,,,,1.0,1.0,1.0,1.0,1.0,,,1.0,,1.0,,,,,1.0,,1.0,,1.0,,1.0,1.0,1.0,,1.0,1.0,1.0,,,,,1.0,1.0,,1.0,1.0,,1.0,1.0,,1.0,1.0,1.0,1.0,,1.0,1.0,,,,1.0,0.5,0.5,1.0,1.0,0.5,,,,,,,,,,,,,,,,,,,,,,
1146,1.0,,,,,,,,,,,,,,,,,,,,,0.0,,,,,,,,0.0,,,,,,,,,,,1.0,0.0,,,0.0,,,,,,,,,1.0,,,,,,,,,,,,1.0,,,,,,,,,,,,,,,1.0,,,,1.0,,,,,,,,1.0,,,,,,,,1.0,,,,,,,,,,,1.0,,,,,,,,1.0,,,,,,,,,1.0,,,,,,,1.0,,1.0,,,,,,,,,,,,,,,,,,,,,,,,,,,,,,,,,,,,,,,,,,,,,,,,,,,,,,,,,,,
1147,1.0,,,1.0,1.0,0.0,0.0,1.0,0.0,1.0,1.0,,1.0,1.0,1.0,1.0,1.0,1.0,0.0,0.0,0.0,0.0,,,1.0,,,,,0.0,0.0,0.0,0.0,,1.0,0.0,,1.0,1.0,1.0,1.0,1.0,,1.0,0.0,,1.0,,1.0,,1.0,1.0,,1.0,,0.0,,,,1.0,,1.0,1.0,1.0,0.0,1.0,1.0,1.0,1.0,1.0,,1.0,1.0,,,,,0.0,0.0,,0.0,,,,1.0,,,1.0,,,1.0,,1.0,,1.0,,1.0,,,,1.0,,,,1.0,,1.0,,,1.0,,,,,,,,,,,,,,,,,,,,,,,,,,,,,,,,,,,,,,,,,,,,,,,,,,,,,,,,,,,,,,,,,,,,,,,,,,,,,,,,,,,,,,,
1151,1.0,,,0.0,1.0,0.0,1.0,1.0,1.0,1.0,1.0,,0.5,1.0,1.0,1.0,1.0,1.0,1.0,0.0,1.0,1.0,,,1.0,,,,,0.0,0.0,0.0,0.0,,0.0,0.0,,1.0,1.0,1.0,1.0,1.0,,1.0,0.0,,1.0,,0.0,,0.0,1.0,,1.0,,1.0,,,,1.0,,1.0,1.0,1.0,1.0,1.0,1.0,1.0,1.0,1.0,,1.0,1.0,,,,,1.0,0.0,,1.0,,,,1.0,,,1.0,,,1.0,,1.0,,0.0,,1.0,,,,0.0,,,,1.0,,1.0,,,1.0,,,,,,,,,,,,,,,,,,,,,,,,,,,,,,,,,,,,,,,,,,,,,,,,,,,,,,,,,,,,,,,,,,,,,,,,,,,,,,,,,,,,,,,
1155,1.0,,,1.0,1.0,0.0,0.0,1.0,1.0,1.0,0.0,,1.0,0.0,1.0,0.0,1.0,1.0,0.0,0.0,1.0,1.0,,,1.0,,,,,0.0,0.0,1.0,0.0,,1.0,0.0,,1.0,1.0,1.0,1.0,1.0,,1.0,0.0,,1.0,,0.0,,0.0,1.0,,1.0,,1.0,,,,1.0,,1.0,1.0,1.0,1.0,1.0,1.0,1.0,1.0,1.0,,1.0,1.0,,,,,0.0,1.0,,1.0,,,,1.0,,,1.0,,,1.0,,1.0,,1.0,,1.0,,,,1.0,,,,1.0,,1.0,,,1.0,,1.0,,,,,,,,1.0,0.0,1.0,1.0,1.0,,,1.0,,1.0,,,,,1.0,,1.0,,1.0,,1.0,1.0,1.0,,1.0,1.0,1.0,,,,,1.0,1.0,,,,,,,,,,,,,,,,,,,,,,,,,,,,,,,,,,,,,,,,,,,,,
1156,1.0,,,1.0,1.0,1.0,1.0,1.0,1.0,1.0,0.0,,1.0,1.0,1.0,1.0,1.0,1.0,0.0,0.0,0.0,1.0,,,1.0,,,,,0.0,0.0,0.0,1.0,,1.0,0.0,,1.0,1.0,1.0,1.0,1.0,,1.0,0.0,,1.0,,1.0,,1.0,1.0,,1.0,,1.0,,,,1.0,,1.0,1.0,1.0,1.0,1.0,1.0,1.0,1.0,1.0,,1.0,1.0,,,,,1.0,0.0,,0.0,,,,1.0,,,1.0,,,1.0,,1.0,,1.0,,1.0,,,,1.0,,,,1.0,,1.0,,,1.0,,1.0,,,,,,,,1.0,1.0,1.0,1.0,1.0,,,1.0,,1.0,,,,,1.0,,1.0,,1.0,,1.0,1.0,1.0,,1.0,1.0,1.0,,,,,1.0,1.0,,1.0,1.0,,,,,,,,,,,,,,,,,,,,,,,,,,,,,,,,,,,,,,,,,,
1158,1.0,,,,,0.0,,,1.0,,1.0,,,0.0,1.0,,,,0.0,,0.0,0.5,,,1.0,,,,,,,,,,,0.0,,,,,1.0,,,1.0,0.0,,1.0,,,,1.0,1.0,,,,,,,,1.0,,,,,,1.0,,,1.0,,,,,,,,,,1.0,,,,,,,,,,,,,,,,,,1.0,,,,0.0,,,,,,1.0,,,1.0,,,,,,,,,,,,,,,,,,,,,,,,,,,,,,,,,,,,,,,,,,,,,,,,,,,,,,,,,,,,,,,,,,,,,,,,,,,,,,,,,,,,,,,
1159,0.5,,,0.0,0.0,1.0,1.0,1.0,1.0,1.0,0.5,,0.0,0.0,1.0,0.5,1.0,0.5,1.0,1.0,1.0,1.0,,,1.0,,,,,1.0,1.0,1.0,1.0,,1.0,1.0,,0.5,0.0,0.0,1.0,1.0,,0.5,1.0,,0.0,,0.5,,1.0,1.0,,0.0,,1.0,,,,0.0,,0.0,0.0,0.0,1.0,1.0,0.0,0.5,0.0,0.0,,0.0,0.0,,,,,1.0,1.0,,1.0,,,,0.0,,,0.0,,,0.5,,0.0,,1.0,,0.0,,,,1.0,,,,1.0,,0.0,,,0.0,,0.0,,,,,,,,0.0,0.5,0.0,1.0,1.0,,,0.5,,0.0,,,,,0.0,,0.0,,0.0,,0.5,0.0,1.0,,,,,,,,,,,,,,,,,,,,,,,,,,,,,,,,,,,,,,,,,,,,,,,,,,,,,,,
1163,0.5,,,1.0,1.0,0.5,0.5,1.0,1.0,0.5,0.0,,1.0,0.5,1.0,0.0,1.0,0.5,0.0,0.0,0.0,0.5,,,0.5,,,,,0.0,0.0,0.5,0.0,,0.5,0.0,,1.0,1.0,1.0,1.0,0.5,,0.5,0.0,,1.0,,0.0,,0.0,1.0,,1.0,,1.0,,,,1.0,,1.0,1.0,1.0,1.0,1.0,1.0,1.0,1.0,1.0,,1.0,1.0,,,,,0.0,1.0,,0.5,,,,1.0,,,1.0,,,1.0,,1.0,,1.0,,1.0,,,,0.5,,,,1.0,,1.0,,,1.0,,1.0,,,,,,,,1.0,0.0,1.0,0.5,1.0,,,1.0,,1.0,,,,,1.0,,1.0,,1.0,,1.0,1.0,1.0,,1.0,1.0,1.0,,,,,,,,,,,,,,,,,,,,,,,,,,,,,,,,,,,,,,,,,,,,,,,,,,,
1167,1.0,,,1.0,,0.0,,,,0.0,,,1.0,0.0,,,1.0,,,1.0,,0.0,,,,,,,,0.5,,,1.0,,,0.0,,,,,,,,,,,,,,,,,,,,,,,,,,,,,0.0,,1.0,,,,,,,,,,,,,,,,,,,,,,,,1.0,,,,0.0,,,,,,,,,,1.0,,,,,,,1.0,,,,,,,,,,,,,,,,,,,,,,,,,,,,,,,,,,,,,,,,,,,,,,,,,,,,,,,,,,,,,,,,,,,,,,,,,,,,,,,,,,,,,
1169,1.0,,,1.0,1.0,0.0,0.0,1.0,0.0,0.0,0.0,,1.0,1.0,1.0,0.0,1.0,0.0,1.0,0.0,0.0,0.0,,,0.0,,,,,0.0,0.0,0.0,0.0,,0.0,0.0,,1.0,1.0,1.0,1.0,1.0,,1.0,0.0,,1.0,,1.0,,1.0,1.0,,1.0,,0.0,,,,1.0,,1.0,1.0,1.0,1.0,1.0,1.0,1.0,1.0,1.0,,1.0,1.0,,,,,0.0,0.0,,1.0,,,,1.0,,,1.0,,,1.0,,1.0,,1.0,,1.0,,,,0.0,,,,1.0,,1.0,,,1.0,,1.0,,,,,,,,,,,,,,,,,,,,,,,,,,,,,,,,,,,,,,,,,,,,,,,,,,,,,,,,,,,,,,,,,,,,,,,,,,,,,,,,,,,,,
1175,1.0,,,0.0,1.0,1.0,,1.0,1.0,1.0,1.0,,0.0,1.0,1.0,1.0,1.0,1.0,0.0,0.0,1.0,1.0,,,0.0,,,,,0.0,0.0,0.0,1.0,,1.0,1.0,,0.0,0.0,1.0,1.0,1.0,,1.0,0.5,,1.0,,0.0,,0.0,1.0,,1.0,,0.5,,,,1.0,,,1.0,1.0,1.0,1.0,0.5,1.0,1.0,1.0,,0.0,1.0,,,,,1.0,1.0,,0.5,,,,1.0,,,0.0,,,1.0,,,,1.0,,1.0,,,,0.5,,,,,,1.0,,,1.0,,1.0,,,,,,,,,,,,,,,,,,,,,,,,,,,,,,,,,,,,,,,,,,,,,,,,,,,,,,,,,,,,,,,,,,,,,,,,,,,,,,,,,,,,,
1176,1.0,,,1.0,0.5,0.5,0.5,1.0,1.0,1.0,0.0,,0.0,0.5,0.5,0.0,1.0,0.0,1.0,0.5,1.0,0.5,,,1.0,,,,,0.0,0.0,0.0,1.0,,1.0,1.0,,0.5,0.0,0.5,1.0,0.0,,0.0,1.0,,1.0,,0.0,,0.0,1.0,,1.0,,1.0,,,,1.0,,1.0,1.0,0.5,1.0,1.0,0.5,1.0,1.0,0.0,,1.0,0.5,,,,,1.0,1.0,,0.5,,,,0.5,,,1.0,,,0.0,,0.0,,1.0,,1.0,,,,0.0,,,,1.0,,1.0,,,0.5,,1.0,,,,,,,,,,,,,,,,,,,,,,,,,,,,,,,,,,,,,,,,,,,,,,,,,,,,,,,,,,,,,,,,,,,,,,,,,,,,,,,,,,,,,
1179,1.0,,,1.0,1.0,1.0,1.0,1.0,1.0,1.0,0.0,,1.0,1.0,0.0,0.0,1.0,1.0,0.0,0.0,1.0,1.0,,,1.0,,,,,1.0,1.0,1.0,0.0,,1.0,1.0,,1.0,1.0,1.0,1.0,1.0,,1.0,1.0,,1.0,,1.0,,0.0,1.0,,1.0,,1.0,,,,1.0,,1.0,1.0,1.0,1.0,1.0,1.0,1.0,1.0,1.0,,1.0,1.0,,,,,1.0,0.0,,1.0,,,,1.0,,,1.0,,,1.0,,1.0,,1.0,,1.0,,,,1.0,,,,1.0,,1.0,,,1.0,,1.0,,,,,,,,,,,,,,,,,,,,,,,,,,,,,,,,,,,,,,,,,,,,,,,,,,,,,,,,,,,,,,,,,,,,,,,,,,,,,,,,,,,,,
1180,0.0,,,1.0,0.0,0.5,0.0,1.0,0.5,1.0,0.0,,1.0,0.0,1.0,0.0,1.0,1.0,1.0,0.5,0.0,1.0,,,1.0,,,,,1.0,0.0,0.0,1.0,,0.0,0.5,,1.0,0.0,1.0,1.0,0.0,,0.0,0.0,,1.0,,0.0,,0.0,1.0,,1.0,,1.0,,,,0.0,,1.0,1.0,0.0,1.0,1.0,1.0,1.0,1.0,1.0,,1.0,0.0,,,,,1.0,0.0,,0.0,,,,1.0,,,1.0,,,1.0,,1.0,,0.5,,1.0,,,,1.0,,,,1.0,,1.0,,,1.0,,1.0,,,,,,,,,,,,,,,,,,,,,,,,,,,,,,,,,,,,,,,,,,,,,,,,,,,,,,,,,,,,,,,,,,,,,,,,,,,,,,,,,,,,,
1187,1.0,,,1.0,1.0,0.5,1.0,1.0,1.0,1.0,0.5,,1.0,1.0,1.0,1.0,1.0,1.0,0.0,0.0,0.5,0.0,,,0.5,,,,,1.0,0.0,0.5,1.0,,0.5,0.0,,1.0,1.0,1.0,1.0,0.0,,0.5,1.0,,1.0,,0.5,,0.5,0.5,,1.0,,1.0,,,,0.5,,1.0,1.0,1.0,1.0,0.5,1.0,1.0,1.0,1.0,,1.0,1.0,,,,,1.0,0.0,,1.0,,,,0.5,,,1.0,,,0.0,,1.0,,0.5,,0.5,,,,1.0,,,,1.0,,0.5,,,0.5,,1.0,,,,,,,,,,,,,,,,,,,,,,,,,,,,,,,,,,,,,,,,,,,,,,,,,,,,,,,,,,,,,,,,,,,,,,,,,,,,,,,,,,,,,
1192,1.0,,,0.0,0.0,1.0,1.0,1.0,1.0,1.0,0.0,,0.0,0.0,1.0,0.0,1.0,1.0,0.0,1.0,1.0,1.0,,,1.0,,,,,1.0,0.0,1.0,1.0,,1.0,0.0,,1.0,1.0,1.0,1.0,1.0,,0.0,1.0,,1.0,,0.0,,0.0,1.0,,1.0,,1.0,,,,1.0,,1.0,1.0,1.0,1.0,1.0,1.0,1.0,1.0,1.0,,1.0,1.0,,,,,1.0,1.0,,1.0,,,,1.0,,,0.0,,,1.0,,0.0,,1.0,,1.0,,,,1.0,,,,1.0,,1.0,,,0.0,,1.0,,,,,,,,,,,,,,,,,,,,,,,,,,,,,,,,,,,,,,,,,,,,,,,,,,,,,,,,,,,,,,,,,,,,,,,,,,,,,,,,,,,,,
1193,0.0,,,0.0,1.0,1.0,1.0,1.0,0.0,,,,0.0,,,,,1.0,1.0,,,,,,,,,,,1.0,1.0,0.0,0.0,,,0.0,,,,0.5,,1.0,,0.5,0.0,,1.0,,0.0,,0.0,1.0,,1.0,,1.0,,,,0.0,,1.0,,1.0,1.0,1.0,1.0,1.0,,,,1.0,1.0,,,,,1.0,0.0,,0.0,,,,,,,1.0,,,1.0,,1.0,,0.0,,1.0,,,,1.0,,,,,,1.0,,,1.0,,,,,,,,,,,,,,,,,,,,,,,,,,,,,,,,,,,,,,,,,,,,,,,,,,,,,,,,,,,,,,,,,,,,,,,,,,,,,,,,,,,,,,,
1194,1.0,,,1.0,1.0,1.0,1.0,1.0,1.0,1.0,0.0,,0.5,1.0,1.0,0.0,1.0,1.0,1.0,1.0,1.0,1.0,,,1.0,,,,,1.0,0.0,0.0,1.0,,1.0,1.0,,1.0,0.0,1.0,1.0,1.0,,0.0,1.0,,,,1.0,,1.0,1.0,,1.0,,,,,,1.0,,,1.0,0.0,,,1.0,1.0,1.0,1.0,,1.0,1.0,,,,,1.0,1.0,,1.0,,,,0.0,,,1.0,,,1.0,,0.0,,1.0,,1.0,,,,1.0,,,,1.0,,,,,1.0,,1.0,,,,,,,,,,,,,,,,,,,,,,,,,,,,,,,,,,,,,,,,,,,,,,,,,,,,,,,,,,,,,,,,,,,,,,,,,,,,,,,,,,,,,
1195,0.0,,,1.0,0.0,1.0,1.0,1.0,1.0,1.0,0.0,,1.0,1.0,0.0,0.0,1.0,1.0,1.0,1.0,1.0,1.0,,,1.0,,,,,1.0,0.0,1.0,1.0,,1.0,1.0,,1.0,0.5,1.0,1.0,1.0,,0.5,1.0,,1.0,,1.0,,1.0,1.0,,1.0,,1.0,,,,1.0,,1.0,1.0,1.0,1.0,1.0,1.0,1.0,1.0,0.0,,1.0,1.0,,,,,1.0,1.0,,1.0,,,,1.0,,,1.0,,,0.0,,1.0,,1.0,,1.0,,,,1.0,,,,1.0,,1.0,,,1.0,,1.0,,,,,,,,,,,,,,,,,,,,,,,,,,,,,,,,,,,,,,,,,,,,,,,,,,,,,,,,,,,,,,,,,,,,,,,,,,,,,,,,,,,,,
1201,1.0,,,1.0,1.0,0.0,1.0,1.0,0.0,1.0,0.0,,1.0,0.0,1.0,1.0,1.0,0.0,0.0,0.0,0.0,0.0,,,1.0,,,,,0.0,0.0,0.0,1.0,,0.0,0.0,,1.0,1.0,1.0,1.0,0.0,,1.0,1.0,,1.0,,1.0,,0.0,1.0,,1.0,,0.0,,,,1.0,,1.0,1.0,0.0,1.0,0.0,0.0,1.0,1.0,1.0,,1.0,1.0,,,,,0.0,1.0,,0.0,,,,1.0,,,1.0,,,0.0,,1.0,,1.0,,0.0,,,,1.0,,,,1.0,,1.0,,,1.0,,1.0,,,,,,,,,,,,,,,,,,,,,,,,,,,,,,,,,,,,,,,,,,,,,,,,,,,,,,,,,,,,,,,,,,,,,,,,,,,,,,,,,,,,,
1203,0.0,,,0.0,0.0,1.0,1.0,1.0,1.0,1.0,0.0,,0.5,0.0,1.0,0.0,1.0,0.0,1.0,1.0,1.0,1.0,,,1.0,,,,,1.0,0.0,1.0,1.0,,1.0,1.0,,1.0,0.0,0.5,1.0,1.0,,0.0,1.0,,1.0,,1.0,,1.0,1.0,,0.0,,1.0,,,,1.0,,1.0,0.0,1.0,1.0,1.0,0.5,0.0,1.0,1.0,,1.0,1.0,,,,,1.0,1.0,,1.0,,,,1.0,,,1.0,,,0.0,,0.0,,0.0,,1.0,,,,1.0,,,,1.0,,1.0,,,0.0,,1.0,,,,,,,,,,,,,,,,,,,,,,,,,,,,,,,,,,,,,,,,,,,,,,,,,,,,,,,,,,,,,,,,,,,,,,,,,,,,,,,,,,,,,
1205,1.0,,,,,,,,,,1.0,,,,,,,,,0.0,,,,,,,,,,,,,,,0.0,,,,,,1.0,,,,,,,,,,,,,,,,,,,,,,,,,,,,,,,,,,,,,,,,1.0,,,,,,,,,,1.0,,,,,,,,,,,,,,,,,,,,,,,,,,,,,,,,,,,,,,,,,,,,,,,,,,,,,,,,,,,,,,,,,,,,,,,,,,,,,,,,,,,,,,,,,,,,,,,,,,,,,,,,,,
1208,1.0,,,1.0,1.0,1.0,1.0,,0.5,1.0,0.0,,1.0,1.0,1.0,1.0,1.0,1.0,1.0,1.0,1.0,1.0,,,1.0,,,,,1.0,1.0,1.0,1.0,,1.0,0.0,,1.0,0.0,1.0,,1.0,,0.0,1.0,,1.0,,1.0,,1.0,1.0,,1.0,,0.5,,,,1.0,,1.0,1.0,1.0,1.0,1.0,1.0,1.0,1.0,1.0,,1.0,1.0,,,,,1.0,,,1.0,,,,,,,1.0,,,1.0,,1.0,,,,1.0,,,,1.0,,,,1.0,,1.0,,,1.0,,,,,,,,,,,,,,,,,,,,,,,,,,,,,,,,,,,,,,,,,,,,,,,,,,,,,,,,,,,,,,,,,,,,,,,,,,,,,,,,,,,,,,,
1211,1.0,,,1.0,1.0,1.0,1.0,1.0,1.0,1.0,0.0,,0.0,1.0,1.0,1.0,1.0,1.0,1.0,1.0,1.0,1.0,,,1.0,,,,,1.0,1.0,1.0,1.0,,1.0,1.0,,1.0,0.0,0.0,1.0,1.0,,1.0,1.0,,1.0,,1.0,,1.0,1.0,,0.0,,1.0,,,,1.0,,1.0,1.0,1.0,1.0,1.0,0.0,1.0,1.0,1.0,,1.0,0.0,,,,,1.0,1.0,,1.0,,,,1.0,,,1.0,,,1.0,,1.0,,1.0,,1.0,,,,0.0,,,,1.0,,1.0,,,0.0,,1.0,,,,,,,,,,,,,,,,,,,,,,,,,,,,,,,,,,,,,,,,,,,,,,,,,,,,,,,,,,,,,,,,,,,,,,,,,,,,,,,,,,,,,
1212,0.0,,,1.0,1.0,1.0,1.0,0.0,1.0,1.0,1.0,,1.0,1.0,1.0,1.0,1.0,1.0,1.0,1.0,0.0,1.0,,,1.0,,,,,1.0,1.0,1.0,1.0,,1.0,1.0,,1.0,1.0,1.0,1.0,1.0,,1.0,1.0,,1.0,,1.0,,1.0,1.0,,1.0,,1.0,,,,1.0,,1.0,1.0,1.0,1.0,1.0,1.0,0.0,1.0,1.0,,1.0,1.0,,,,,1.0,1.0,,1.0,,,,1.0,,,1.0,,,1.0,,1.0,,1.0,,1.0,,,,1.0,,,,1.0,,1.0,,,1.0,,1.0,,,,,,,,,,,,,,,,,,,,,,,,,,,,,,,,,,,,,,,,,,,,,,,,,,,,,,,,,,,,,,,,,,,,,,,,,,,,,,,,,,,,,
1216,1.0,,,0.0,0.0,1.0,0.0,1.0,1.0,1.0,0.0,,1.0,0.0,1.0,1.0,1.0,1.0,1.0,0.0,0.0,1.0,,,1.0,,,,,0.0,0.0,1.0,1.0,,1.0,0.0,,0.0,1.0,1.0,1.0,1.0,,1.0,1.0,,1.0,,0.0,,0.0,1.0,,1.0,,0.0,,,,1.0,,1.0,1.0,1.0,1.0,1.0,1.0,1.0,1.0,1.0,,1.0,1.0,,,,,1.0,1.0,,0.0,,,,1.0,,,0.0,,,1.0,,1.0,,0.0,,1.0,,,,1.0,,,,1.0,,1.0,,,1.0,,1.0,,,,,,,,,,,,,,,,,,,,,,,,,,,,,,,,,,,,,,,,,,,,,,,,,,,,,,,,,,,,,,,,,,,,,,,,,,,,,,,,,,,,,
1218,0.0,,,1.0,1.0,1.0,1.0,1.0,1.0,1.0,0.0,,0.0,0.0,1.0,0.0,1.0,1.0,1.0,1.0,0.5,1.0,,,1.0,,,,,1.0,0.0,0.0,1.0,,1.0,1.0,,1.0,0.0,0.5,1.0,1.0,,0.0,1.0,,0.0,,0.0,,0.0,1.0,,0.0,,1.0,,,,1.0,,1.0,1.0,1.0,1.0,1.0,0.5,0.0,1.0,1.0,,1.0,0.0,,,,,1.0,1.0,,0.0,,,,1.0,,,1.0,,,1.0,,1.0,,1.0,,1.0,,,,1.0,,,,1.0,,1.0,,,1.0,,1.0,,,,,,,,,,,,,,,,,,,,,,,,,,,,,,,,,,,,,,,,,,,,,,,,,,,,,,,,,,,,,,,,,,,,,,,,,,,,,,,,,,,,,
1223,0.0,,,0.5,1.0,0.5,1.0,1.0,1.0,1.0,0.0,,1.0,0.0,1.0,0.0,1.0,1.0,1.0,1.0,0.0,0.5,,,1.0,,,,,1.0,0.0,0.5,0.5,,1.0,1.0,,1.0,1.0,0.5,1.0,1.0,,0.0,1.0,,1.0,,0.0,,0.0,1.0,,1.0,,1.0,,,,0.5,,1.0,1.0,1.0,1.0,1.0,0.5,1.0,1.0,0.5,,1.0,0.5,,,,,1.0,1.0,,0.5,,,,1.0,,,1.0,,,1.0,,0.5,,1.0,,1.0,,,,0.5,,,,1.0,,1.0,,,1.0,,1.0,,,,,,,,,,,,,,,,,,,,,,,,,,,,,,,,,,,,,,,,,,,,,,,,,,,,,,,,,,,,,,,,,,,,,,,,,,,,,,,,,,,,,
1227,0.0,,,1.0,0.5,1.0,1.0,1.0,1.0,1.0,0.5,,0.5,0.5,1.0,0.0,1.0,0.5,0.5,0.5,0.5,1.0,,,1.0,,,,,1.0,0.0,0.5,1.0,,1.0,0.5,,1.0,0.0,0.5,1.0,1.0,,0.5,1.0,,1.0,,0.5,,0.0,1.0,,1.0,,1.0,,,,1.0,,1.0,1.0,1.0,1.0,1.0,0.5,0.0,1.0,1.0,,1.0,0.5,,,,,1.0,1.0,,0.5,,,,1.0,,,1.0,,,1.0,,0.5,,1.0,,1.0,,,,1.0,,,,1.0,,1.0,,,1.0,,1.0,,,,,,,,1.0,,,,,,,,,,,,,,,,,,,,,,,,,,,,,,,,,,,,,,,,,,,,,,,,,,,,,,,,,,,,,,,,,,,,,,,,,,,,,
1234,0.5,,,0.5,0.5,0.5,0.5,0.5,0.5,0.5,0.5,,0.5,0.5,0.5,0.5,0.5,0.5,0.5,0.5,0.5,0.5,,,0.5,,,,,0.5,0.5,0.5,0.5,,0.5,0.5,,0.5,0.5,0.5,0.5,0.5,,0.5,0.5,,0.5,,0.5,,0.5,0.5,,0.5,,0.5,,,,0.5,,0.5,0.5,0.5,0.5,0.5,0.5,0.5,0.5,0.5,,0.5,0.5,,,,,0.5,0.5,,0.5,,,,0.5,,,0.5,,,0.5,,0.5,,0.5,,0.5,,,,0.5,,,,0.5,,0.5,,,0.5,,0.5,,,1.0,1.0,1.0,,,,,,,,,,,,,,,,,,,,,,,,,,,,,,,,,,,,,,,,,,,,,,,,,,,,,,,,,,,,,,,,,,,,,,,,,,,,,,,,
1238,1.0,,,,,,,,,,,,,1.0,,,,,,,0.0,,,,,,,,,,,,,,,,,,,,,,,,0.0,,,,,,,,,,,,,,,,,,,,,,1.0,,,,,1.0,,,,,,,,,,,,,,,,1.0,,,1.0,,,,,,,,,,,,,,,,1.0,,,,,,,,,,,,,,,1.0,,,,,1.0,,,,,,,,,,,1.0,,1.0,,1.0,,,,1.0,,,,,,,,,,,,,,,,,,,0.0,,,,,,,1.0,,,,,,,,,,,,,,,,,,,,,,,,,
1247,1.0,,,1.0,1.0,1.0,1.0,1.0,0.0,1.0,0.0,,1.0,0.0,,1.0,1.0,0.0,0.0,0.0,0.0,0.0,,,1.0,,,,,0.0,0.0,0.0,0.0,,1.0,1.0,,,1.0,1.0,1.0,0.0,,1.0,0.0,,1.0,,1.0,,,1.0,,1.0,,1.0,,,,1.0,,1.0,1.0,1.0,0.0,1.0,1.0,1.0,1.0,1.0,,1.0,1.0,,,,,1.0,0.0,,1.0,,,,1.0,,,,,,0.0,,1.0,,0.0,,,,,,0.0,,,,,,1.0,,,1.0,,1.0,,,,,,,,,,,,,,,,,,,,,,,,,,,,,,,,,,,,,,,,,,,,,,,,,,,,,,,,,,,,,,,,,,,,,,,,,,,,,,,,,,,,,
1249,0.0,,,,1.0,,,,,,,,0.0,0.0,,0.0,1.0,,,,1.0,,,,,,,,,0.5,,,1.0,,,1.0,,,,1.0,,,,0.0,0.0,,1.0,,1.0,,,1.0,,,,,,,,1.0,,0.0,1.0,1.0,,,,,1.0,1.0,,,,,,,,,,,,,,,,,,1.0,,,,,,,,,1.0,,,,,,,,,,,,,,,,,,,,,,,,,,,,,,,,,,,,,,,,,,,,,,,,,,,,,,,,,,,,,,,,,,,,,,,,,,,,,,,,,,,,,,,,,,,,,,,,,,,,
1253,1.0,,,1.0,1.0,0.0,1.0,,,1.0,,,1.0,0.0,1.0,1.0,1.0,1.0,1.0,1.0,1.0,1.0,,,,,,,,0.0,0.0,0.0,,,1.0,0.0,,,1.0,1.0,,1.0,,0.0,,,1.0,,0.0,,0.0,1.0,,1.0,,1.0,,,,1.0,,,1.0,1.0,1.0,,1.0,,,1.0,,1.0,1.0,,,,,,1.0,,1.0,,,,,,,,,,1.0,,0.0,,1.0,,1.0,,,,,,,,1.0,,,,,1.0,,,,,,,,,,,,,,,,,,,,,,,,,,,,,,,,,,,,,,,,,,,,,,,,,,,,,,,,,,,,,,,,,,,,,,,,,,,,,,,,,,,,,,,
1257,1.0,,,1.0,,,,,0.0,1.0,0.0,,1.0,,,,,1.0,,,,0.5,,,,,,,,,,0.5,,,,0.0,,,1.0,1.0,1.0,,,,,,,,1.0,,,,,,,,,,,1.0,,,,,,1.0,,,,1.0,,,,,,,,,0.0,,,,,,,,,,,,1.0,,,,1.0,,,,,,,,,,,,,,,,,,,,,,,,,,,,,,,,,,,,,,,,,,,,,,,,,,,,,,,,,,,,,,,,,,,,,,,,,,,,,,,,,,,,,,,,,,,,,,,,,,,,,,
1258,1.0,,,1.0,,1.0,0.0,1.0,0.5,1.0,1.0,,1.0,0.5,1.0,0.5,1.0,0.0,0.0,,0.0,0.5,,,0.5,,,,,1.0,0.0,0.0,0.0,,0.0,0.5,,,1.0,1.0,1.0,,,,0.5,,1.0,,0.0,,0.0,1.0,,1.0,,0.5,,,,1.0,,1.0,1.0,1.0,1.0,1.0,1.0,1.0,1.0,0.5,,1.0,,,,,,,1.0,,0.0,,,,1.0,,,1.0,,,1.0,,1.0,,0.5,,1.0,,,,0.0,,,,1.0,,1.0,,,1.0,,1.0,,,,,,,,1.0,0.5,1.0,0.0,,,,,,1.0,,,,,,,1.0,,1.0,,,1.0,1.0,,1.0,1.0,1.0,,,,,,,,,,,,,,,,,,,,,,,,,,,,,,,,,,,,,,,,,,,,,,,,,,,
1259,1.0,,,1.0,0.0,0.0,1.0,1.0,0.0,1.0,0.5,,1.0,0.5,1.0,1.0,1.0,1.0,0.0,0.5,0.0,0.0,,,0.0,,,,,0.0,0.0,0.0,1.0,,1.0,0.0,,0.0,1.0,1.0,1.0,0.0,,1.0,0.0,,1.0,,1.0,,0.0,0.5,,1.0,,0.0,,,,1.0,,1.0,1.0,1.0,0.0,1.0,1.0,1.0,1.0,1.0,,1.0,1.0,,,,,0.0,0.0,,1.0,,,,1.0,,,1.0,,,1.0,,0.0,,1.0,,0.5,,,,0.5,,,,1.0,,1.0,,,1.0,,1.0,,,,,,,,1.0,,,,,,,,,,,,,,,,,,,,,,,,,,,,,,,,,,,,,,,,,,,,,,,,,,,,,,,,,,,,,,,,,,,,,,,,,,,,,
1260,1.0,,,1.0,1.0,0.0,,,,0.0,1.0,,1.0,,1.0,,1.0,1.0,0.0,0.0,0.0,,,,0.0,,,,,0.0,0.0,,1.0,,,0.0,,1.0,1.0,1.0,1.0,1.0,,1.0,,,1.0,,0.0,,0.0,,,1.0,,1.0,,,,1.0,,1.0,1.0,,0.0,1.0,1.0,1.0,1.0,1.0,,1.0,,,,,,0.0,,,,,,,1.0,,,1.0,,,1.0,,,,,,1.0,,,,,,,,1.0,,,,,,,,,,,,,,,,,,,,,,,,,,,,,,,,,,,,,,,,,,,,,,,,,,,,,,,,,,,,,,,,,,,,,,,,,,,,,,,,,,,,,,,,,,,,
1263,1.0,,,,1.0,,,1.0,,1.0,0.0,,1.0,1.0,1.0,,1.0,,0.0,,,1.0,,,1.0,,,,,,0.0,0.0,,,,,,,1.0,,,1.0,,,0.0,,,,1.0,,0.0,1.0,,,,1.0,,,,1.0,,,,,,1.0,1.0,1.0,,,,,,,,,,0.0,1.0,,,,,,,,,1.0,,,,,1.0,,1.0,,1.0,,,,1.0,,,,,,1.0,,,1.0,,1.0,,,,,,,,,,,,,,,,,,,,,,,,,,,,,,,,,,,,,,,,,,,,,,,,,,,,,,,,,,,,,,,,,,,,,,,,,,,,,,,,,,,,,
1268,1.0,,,1.0,,,1.0,1.0,,,,,,0.0,,1.0,,,,,,1.0,,,,,,,,,,0.0,0.0,,1.0,0.0,,1.0,,,1.0,,,,,,1.0,,,,,1.0,,1.0,,0.5,,,,,,,,1.0,,,,,1.0,,,1.0,,,,,,,1.0,,,,,,1.0,,,,,,1.0,,1.0,,1.0,,,,,,1.0,,,,1.0,,1.0,,,1.0,,,,,,,,,,,,,,,,,,,,,,,,,,,,,,,,,,,,,,,,,,,,,,,,,,,,,,,,,,,,,,,,,,,,,,,,,,,,,,,,,,,,,,,
1270,0.0,,,0.0,0.5,1.0,0.5,0.0,0.5,0.5,0.0,,0.0,0.0,0.5,0.5,0.5,0.5,0.0,0.5,1.0,0.0,,,0.5,,,,,1.0,0.5,0.5,0.5,,1.0,0.0,,0.5,0.0,0.0,0.0,0.5,,1.0,1.0,,0.5,,0.5,,0.5,1.0,,0.5,,0.0,,,,0.0,,0.5,0.5,1.0,0.5,1.0,0.0,0.0,0.5,0.5,,0.0,0.0,,,,,0.5,0.5,,0.0,,,,0.5,,,1.0,,,0.0,,1.0,,0.0,,0.0,,,,0.5,,,,1.0,,0.0,,,0.5,,0.5,,,,,,1.0,,,,,,,,,,,,,,,,,,,,,,,,,,,,,,,,,,,,,,,,,,,,,,,,,,,,,,,,,,,,,,,,,,,,,,,,,,,,,,,
1273,0.5,,,0.5,0.5,0.5,1.0,1.0,1.0,1.0,0.5,,0.5,1.0,0.5,0.5,1.0,0.5,0.0,0.0,0.0,0.5,,,0.5,,,,,0.5,0.0,0.5,0.5,,0.5,0.5,,0.0,1.0,1.0,1.0,0.5,,0.5,0.5,,0.5,,0.0,,0.0,1.0,,1.0,,0.5,,,,1.0,,1.0,1.0,1.0,1.0,1.0,1.0,0.5,1.0,1.0,,0.5,1.0,,,,,0.0,0.5,,0.5,,,,1.0,,,1.0,,,1.0,,1.0,,0.5,,1.0,,,,0.5,,,,1.0,,0.5,,,1.0,,1.0,,,,,,,,,,,,,,,,,,,,,,,,,,,,,,,,,,,,,,,,,,,,,,,,,,,,,,,,,,,,,,,,,,,,,,,,,,,,,,,,,,,,,
1274,1.0,,,1.0,1.0,,,1.0,0.0,0.5,1.0,,1.0,1.0,1.0,1.0,1.0,1.0,0.5,1.0,0.0,0.0,,,1.0,,,,,0.5,0.0,0.5,0.0,,0.0,0.0,,1.0,1.0,1.0,1.0,1.0,,1.0,0.5,,1.0,,,,1.0,1.0,,1.0,,0.0,,,,1.0,,1.0,1.0,1.0,0.0,1.0,1.0,1.0,1.0,1.0,,1.0,1.0,,,,,0.0,1.0,,1.0,,,,,,,1.0,,,1.0,,1.0,,1.0,,1.0,,,,0.0,,,,,,0.0,,,1.0,,1.0,,,,,,,,,,,,,,,,,,,,,,,,,,,,,,,,,,,,,,,,,,,,,,,,,,,,,,,,,,,,,,,,,,,,,,,,,,,,,,,,,,,,,
1281,1.0,,,1.0,0.5,1.0,1.0,1.0,1.0,0.5,0.5,,1.0,0.0,0.0,0.0,1.0,1.0,0.5,0.0,0.5,0.0,,,1.0,,,,,1.0,0.0,0.0,1.0,,0.5,1.0,,,1.0,1.0,1.0,1.0,,0.0,0.0,,1.0,,,,0.0,0.0,,1.0,,1.0,,,,1.0,,1.0,1.0,1.0,1.0,1.0,1.0,1.0,1.0,1.0,,1.0,1.0,,,,,1.0,1.0,,1.0,,,,1.0,,,1.0,,,,,1.0,,1.0,,1.0,,,,1.0,,,,1.0,,1.0,,,1.0,,,,,,,,,,1.0,,,,,,,,,,,,,,,,,,,,,,,,,,,,,,,,,,,,,,,,,,,,,,,,,,,,,,,,,,,,,,,,,,,,,,,,,,,,,
1282,1.0,,,1.0,1.0,1.0,1.0,1.0,1.0,1.0,1.0,,1.0,1.0,1.0,0.0,1.0,0.0,1.0,1.0,1.0,1.0,,,1.0,,,,,1.0,0.0,1.0,1.0,,1.0,1.0,,1.0,0.0,1.0,1.0,1.0,,1.0,0.0,,1.0,,0.0,,1.0,1.0,,1.0,,1.0,,,,1.0,,1.0,0.0,1.0,1.0,1.0,0.0,1.0,1.0,1.0,,0.0,0.0,,,,,1.0,1.0,,1.0,,,,0.0,,,1.0,,,0.0,,1.0,,1.0,,1.0,,,,1.0,,,,1.0,,1.0,,,0.0,,1.0,,,,,,,,,,,,,,,,,,,,,,,,,,,,,,,,,,,,,,,,,,,,,,,,,,,,,,,,,,,,,,,,,,,,,,,,,,,,,,,,,,,,,
1290,1.0,,,1.0,1.0,0.0,0.0,1.0,1.0,0.0,0.0,,1.0,1.0,1.0,1.0,1.0,1.0,0.0,0.0,0.0,1.0,,,1.0,,,,,0.0,0.0,0.0,0.0,,1.0,0.0,,1.0,1.0,1.0,1.0,1.0,,0.0,0.0,,1.0,,1.0,,0.0,1.0,,1.0,,0.0,,,,1.0,,1.0,1.0,0.0,1.0,1.0,1.0,1.0,1.0,0.0,,1.0,1.0,,,,,0.0,1.0,,1.0,,,,1.0,,,1.0,,,1.0,,1.0,,1.0,,1.0,,,,0.0,,,,1.0,,1.0,,,1.0,,1.0,,,,,,,,1.0,0.0,1.0,0.0,1.0,,,1.0,,1.0,,,,,,,,,,,,,,,,,,,,,,,,,,,,,,,,,,,,,,,,,,,,,,,,,,,,,,,,,,,,,,,,,,,,
1299,1.0,,,1.0,0.5,0.5,1.0,1.0,0.5,0.5,0.0,,1.0,0.0,0.0,0.0,1.0,1.0,0.5,0.5,0.5,0.5,,,0.5,,,,,1.0,0.0,0.0,0.5,,1.0,1.0,,1.0,0.0,1.0,1.0,1.0,,0.0,0.5,,1.0,,0.5,,1.0,1.0,,1.0,,1.0,,,,1.0,,1.0,1.0,1.0,1.0,1.0,0.5,1.0,1.0,1.0,,1.0,1.0,,,,,1.0,1.0,,0.0,,,,1.0,,,1.0,,,0.5,,1.0,,1.0,,1.0,,,,0.0,,,,1.0,,1.0,,,1.0,,1.0,,,,,,,,1.0,,,,,,,,,,,,,,,,,,,,,,,,,,,,,,,,,,,,,,,,,,,,,,,,,,,,,,,,,,,,,,,,,,,,,,,,,,,,,
1300,1.0,,,1.0,1.0,1.0,1.0,1.0,1.0,1.0,1.0,,1.0,1.0,1.0,1.0,1.0,1.0,1.0,1.0,1.0,1.0,,,1.0,,,,,1.0,1.0,1.0,1.0,,1.0,1.0,,1.0,1.0,1.0,1.0,1.0,,1.0,1.0,,1.0,,1.0,,1.0,1.0,,1.0,,1.0,,,,1.0,,1.0,1.0,1.0,1.0,1.0,1.0,1.0,1.0,1.0,,1.0,1.0,,,,,1.0,1.0,,1.0,,,,1.0,,,1.0,,,1.0,,1.0,,1.0,,1.0,,,,1.0,,,,1.0,,1.0,,,1.0,,1.0,,,,,,,,1.0,,,,,,,,,,,,,,,,,,,,,,,,,,,,,,,,,,,,,,,,,,,,,,,,,,,,,,,,,,,,,,,,,,,,,,,,,,,,,
1301,0.0,,,1.0,1.0,,0.5,,0.5,,,,,1.0,1.0,0.0,,,,1.0,,,,,0.5,,,,,,0.5,0.0,,,,0.0,,,,,1.0,1.0,,,,,1.0,,,,,1.0,,,,,,,,,,1.0,,,1.0,0.5,1.0,,,1.0,,1.0,,,,,,0.5,,,,,,,,,,1.0,,,,,,,,,,,,,1.0,,,,1.0,,,,,,,1.0,,,,,,,,1.0,,,,,,,,,,,,,,,,,,,,,,,,,,,,,,,,,,,,,,,,,,,,,,,,,,,,,,,,,,,,,,,,,,,,,,,,,,,,,
1303,1.0,,,1.0,0.5,1.0,1.0,1.0,1.0,1.0,1.0,,0.5,1.0,1.0,1.0,1.0,1.0,1.0,0.5,1.0,1.0,,,0.0,,,,,0.5,0.5,0.5,1.0,,1.0,0.0,,1.0,1.0,1.0,1.0,1.0,,0.0,0.5,,1.0,,0.5,,0.5,1.0,,1.0,,1.0,,,,1.0,,1.0,1.0,1.0,1.0,1.0,1.0,1.0,1.0,0.5,,1.0,1.0,,,,,0.5,1.0,,1.0,,,,0.5,,,0.5,,,1.0,,1.0,,1.0,,1.0,,,,1.0,,,,1.0,,1.0,,,1.0,,1.0,,,,,,,,1.0,,,,,,,,,,,,,,,,,,,,,,,,,,,,,,,,,,,,,,,,,,,,,,,,,,,,,,,,,,,,,,,,,,,,,,,,,,,,,
1306,1.0,,,1.0,1.0,0.5,0.0,1.0,1.0,1.0,1.0,,1.0,0.0,1.0,0.0,1.0,0.5,0.0,0.0,0.0,0.0,,,0.0,,,,,0.0,0.0,0.0,0.5,,0.0,0.0,,1.0,1.0,1.0,1.0,0.5,,1.0,0.0,,1.0,,0.0,,1.0,0.0,,1.0,,0.0,,,,1.0,,1.0,1.0,1.0,0.0,1.0,1.0,1.0,1.0,1.0,,1.0,1.0,,,,,0.0,0.0,,0.0,,,,1.0,,,1.0,,,1.0,,1.0,,1.0,,1.0,,,,0.0,,,,1.0,,1.0,,,1.0,,1.0,,,,,,,,1.0,,,,,,,,,,,,,,,,,,,,,,,,,,,,,,,,,,,,,,,,,,,,,,,,,,,,,,,,,,,,,,,,,,,,,,,,,,,,,
1312,0.0,,,0.0,0.0,1.0,1.0,1.0,1.0,1.0,0.0,,0.0,1.0,1.0,0.0,1.0,0.0,1.0,1.0,1.0,1.0,,,1.0,,,,,1.0,1.0,1.0,1.0,,1.0,1.0,,1.0,0.0,0.0,1.0,1.0,,0.0,1.0,,0.0,,1.0,,1.0,1.0,,0.0,,1.0,,,,1.0,,0.0,0.0,1.0,1.0,1.0,0.0,0.0,1.0,0.0,,0.0,0.0,,,,,1.0,1.0,,1.0,,,,0.0,,,1.0,,,0.0,,0.0,,1.0,,1.0,,,,1.0,,,,0.0,,0.0,,,0.0,,1.0,,,,,,,,0.0,,,,,,,,,,,,,,,,,,,,,,,,,,,,,,,,,,,,,,,,,,,,,,,,,,,,,,,,,,,,,,,,,,,,,,,,,,,,,
1314,0.0,,,0.0,0.0,1.0,1.0,1.0,1.0,1.0,0.0,,0.0,1.0,1.0,0.0,1.0,0.0,1.0,1.0,1.0,1.0,,,1.0,,,,,1.0,1.0,1.0,1.0,,1.0,1.0,,1.0,0.0,0.0,1.0,1.0,,0.0,1.0,,0.0,,1.0,,1.0,1.0,,0.0,,1.0,,,,1.0,,0.0,0.0,1.0,1.0,0.0,0.0,0.0,1.0,0.0,,0.0,0.0,,,,,1.0,1.0,,0.0,,,,0.0,,,0.0,,,0.0,,0.0,,1.0,,0.0,,,,1.0,,,,0.0,,0.0,,,0.0,,1.0,,,,,,,,0.0,,,,,,,,,,,,,,,,,,,,,,,,,,,,,,,,,,,,,,,,,,,,,,,,,,,,,,,,,,,,,,,,,,,,,,,,,,,,,
1315,0.0,,,0.0,0.0,1.0,1.0,1.0,1.0,1.0,0.0,,0.0,1.0,1.0,0.0,0.0,0.0,1.0,1.0,1.0,1.0,,,1.0,,,,,1.0,1.0,1.0,1.0,,1.0,1.0,,1.0,0.0,0.0,1.0,1.0,,0.0,1.0,,0.0,,1.0,,1.0,1.0,,0.0,,1.0,,,,1.0,,0.0,0.0,1.0,1.0,0.0,0.0,0.0,1.0,0.0,,0.0,0.0,,,,,1.0,1.0,,0.0,,,,0.0,,,0.0,,,0.0,,0.0,,1.0,,0.0,,,,0.0,,,,0.0,,0.0,,,0.0,,1.0,,,,,,,,0.0,0.0,0.0,0.0,0.0,,,0.0,,0.0,,,,,0.0,,0.0,,0.0,,1.0,0.0,1.0,,0.0,0.0,0.0,,,,,0.0,0.0,,0.0,0.0,,0.0,0.0,,0.5,1.0,0.0,1.0,,,,,,,,,,,,,,,,,,,,,,,,,,,,,,,,,,
1324,1.0,,,,0.5,1.0,0.0,1.0,1.0,1.0,0.5,,0.0,,,0.5,1.0,,0.5,1.0,0.0,0.0,,,1.0,,,,,1.0,0.0,0.5,,,1.0,1.0,,0.0,0.0,1.0,,1.0,,0.5,1.0,,0.5,,0.5,,0.5,,,1.0,,1.0,,,,,,1.0,0.5,1.0,1.0,1.0,1.0,1.0,1.0,0.0,,1.0,0.5,,,,,1.0,,,,,,,0.5,,,1.0,,,0.0,,0.0,,,,1.0,,,,1.0,,,,1.0,,1.0,,,1.0,,,,,,,,,,1.0,1.0,,1.0,,,,1.0,,1.0,,,,,,,,,,,,,,,,,,,,,,,,,,,,,,,,,,,,,,,,,,,,,,,,,,,,,,,,,,,,,,,,,,,,
1326,0.0,,,1.0,1.0,1.0,1.0,1.0,1.0,0.0,0.0,,1.0,0.0,0.5,0.5,1.0,1.0,1.0,,0.0,1.0,,,1.0,,,,,0.0,0.0,0.0,1.0,,1.0,1.0,,1.0,0.5,1.0,1.0,1.0,,0.0,0.0,,1.0,,0.5,,0.0,1.0,,1.0,,1.0,,,,1.0,,,1.0,0.0,1.0,1.0,1.0,1.0,1.0,1.0,,1.0,0.5,,,,,0.0,0.5,,1.0,,,,1.0,,,,,,1.0,,0.0,,1.0,,1.0,,,,0.0,,,,1.0,,1.0,,,1.0,,1.0,,,,,,,,1.0,,,,,,,,,,,,,,,,,,,,,,,,,,,,,,,,,,,,,,,,,,,,,,,,,,,,,,,,,,,,,,,,,,,,,,,,,,,,,
1335,1.0,,,0.5,1.0,0.0,0.5,1.0,1.0,1.0,0.0,,1.0,1.0,1.0,0.0,1.0,0.0,0.0,1.0,0.5,1.0,,,1.0,,,,,0.5,0.0,0.0,1.0,,0.5,0.5,,1.0,1.0,1.0,1.0,0.5,,0.0,0.5,,1.0,,0.0,,0.5,1.0,,1.0,,1.0,,,,1.0,,1.0,1.0,1.0,1.0,1.0,1.0,1.0,1.0,1.0,,1.0,1.0,,,,,0.5,0.5,,1.0,,,,1.0,,,1.0,,,1.0,,1.0,,1.0,,1.0,,,,0.5,,,,1.0,,1.0,,,1.0,,1.0,,,,,,,,1.0,,,,,,,,,,,,,,,,,,,,,,,,,,,,,,,,,,,,,,,,,,,,,,,,,,,,,,,,,,,,,,,,,,,,,,,,,,,,,
1338,1.0,,,1.0,0.0,0.0,1.0,1.0,0.0,0.0,1.0,,1.0,0.0,1.0,1.0,1.0,0.0,0.0,0.0,0.0,0.0,,,0.0,,,,,0.0,0.0,0.0,0.0,,0.0,0.0,,0.0,1.0,1.0,1.0,1.0,,0.0,0.0,,1.0,,0.0,,0.0,0.0,,1.0,,0.0,,,,1.0,,1.0,0.0,0.0,1.0,0.0,1.0,1.0,1.0,1.0,,1.0,1.0,,,,,0.0,0.0,,0.0,,,,1.0,,,1.0,,,1.0,,1.0,,0.0,,0.0,,,,0.0,,,,0.0,,0.0,,,1.0,,1.0,,,,,,,,1.0,,,,,,,,,,,,,,,,,,,,,,,,,,,,,,,,,,,,,,,,,,,,,,,,,,,,,,,,,,,,,,,,,,,,,,,,,,,,,
1344,1.0,,,1.0,1.0,1.0,1.0,1.0,0.0,1.0,0.0,,1.0,1.0,1.0,1.0,1.0,1.0,0.0,0.0,0.0,0.0,,,1.0,,,,,0.0,0.5,0.0,1.0,,1.0,0.0,,1.0,1.0,1.0,1.0,1.0,,1.0,0.5,,1.0,,1.0,,0.0,1.0,,1.0,,0.0,,,,1.0,,1.0,1.0,1.0,1.0,1.0,1.0,1.0,1.0,1.0,,1.0,1.0,,,,,1.0,0.0,,1.0,,,,1.0,,,1.0,,,1.0,,1.0,,0.0,,1.0,,,,1.0,,,,1.0,,1.0,,,1.0,,1.0,,,,,,,,1.0,,,,,,,,,,,,,,,,,,,,,,,,,,,,,,,,,,,,,,,,,,,,,,,,,,,,,,,,,,,,,,,,,,,,,,,,,,,,,
1347,1.0,,,1.0,,,,,,,1.0,,,0.0,,,,,,0.0,0.0,,,,,,,,,,,0.0,,,,,,,,,,,,,,,,,,,,,,,,,,,,,,1.0,,,,,,,,,,,1.0,,,,,,,,,,,,,,,1.0,,,,,,,0.0,,,,,,,,,,1.0,,,,,,,,,,,,,,,,,,,,,,,,,,,,,,,,,,,,,,,,,,,,,,,,,,,,,,,,,,,,,,,,,,,,,,,,,,,,,,,,,,,,,,,,,,,,
1356,1.0,,,1.0,,0.0,0.0,1.0,1.0,,0.5,,0.0,0.0,0.0,0.0,1.0,1.0,0.0,1.0,,0.5,,,1.0,,,,,0.0,,0.0,1.0,,0.5,0.0,,1.0,1.0,1.0,1.0,,,1.0,,,0.5,,1.0,,1.0,,,1.0,,0.0,,,,,,1.0,1.0,1.0,1.0,1.0,1.0,1.0,1.0,1.0,,,1.0,,,,,0.0,0.5,,,,,,1.0,,,,,,0.0,,1.0,,0.0,,,,,,,,,,1.0,,1.0,,,1.0,,1.0,,,,,,,,,0.0,1.0,1.0,1.0,,,1.0,,1.0,,,,,,,1.0,,,,1.0,,,,,1.0,1.0,,,,,1.0,1.0,,,1.0,,1.0,1.0,,1.0,1.0,0.5,1.0,,0.0,,,,,1.0,0.0,1.0,,,,,,,,,,,,,,,,,,,,,,,,,
1367,1.0,,,1.0,1.0,1.0,1.0,1.0,1.0,0.5,0.0,,1.0,1.0,1.0,0.0,1.0,0.5,0.0,0.0,0.0,1.0,,,0.0,,,,,0.5,0.0,1.0,1.0,,0.5,0.0,,1.0,0.0,1.0,1.0,1.0,,0.0,1.0,,1.0,,1.0,,1.0,1.0,,1.0,,1.0,,,,1.0,,1.0,1.0,1.0,1.0,1.0,1.0,1.0,1.0,1.0,,1.0,1.0,,,,,0.0,1.0,,0.5,,,,1.0,,,1.0,,,1.0,,1.0,,1.0,,1.0,,,,1.0,,,,1.0,,1.0,,,1.0,,1.0,,,,,,,,1.0,,,,,,,,,,,,,,,,,,,,,,,,,,,,,,,,,,,,,,,,,,,,,,,,,,,,,,,,,,,,,,,,,,,,,,,,,,,,,
1368,1.0,,,,,0.0,0.5,,,,,,,,,0.5,,,0.0,,0.5,1.0,,,0.5,,,,,,,0.5,,,0.5,,,0.5,,,1.0,0.5,,,0.5,,,,1.0,,,1.0,,1.0,,,,,,,,,,1.0,0.5,,,1.0,1.0,,,,,,,,,0.5,,,1.0,,,,,,,,,,,,,,1.0,,1.0,,,,1.0,,,,1.0,,,,,,,,,,,,,,,1.0,,,,,,,,,,,,,,,,,,,,,,,,,,,,,,,,,,,,,,,,,,,,,,,,,,,,,,,,,,,,,,,,,,,,,,,,,,,,,
1369,1.0,,,0.0,,0.0,1.0,,,,1.0,,,,,0.0,,,,0.0,1.0,0.0,,,,,,,,0.0,0.0,,,,0.0,0.0,,,1.0,1.0,1.0,1.0,,1.0,,,1.0,,,,,,,1.0,,,,,,1.0,,1.0,1.0,1.0,1.0,,1.0,,1.0,,,1.0,1.0,,,,,1.0,1.0,,1.0,,,,,,,0.0,,,1.0,,1.0,,,,1.0,,,,1.0,,,,1.0,,1.0,,,,,1.0,,,,,,,,,,1.0,1.0,1.0,,,,,1.0,,,,,1.0,,,,1.0,,1.0,1.0,1.0,,,,,,,,,,,,,,,,,,,,,,,,,,,,,,,,,,,,,,,,,,,,,,,,,,,,,,,
1395,1.0,,,0.0,1.0,0.0,0.0,1.0,1.0,1.0,1.0,,1.0,1.0,1.0,1.0,1.0,0.0,0.0,0.0,0.0,0.0,,,0.0,,,,,0.0,0.0,0.0,0.0,,0.0,0.0,,1.0,1.0,1.0,1.0,1.0,,1.0,0.0,,1.0,,0.0,,0.0,1.0,,1.0,,0.0,,,,1.0,,1.0,1.0,1.0,1.0,1.0,1.0,1.0,1.0,0.5,,1.0,1.0,,,,,0.0,0.0,,1.0,,,,1.0,,,0.0,,,1.0,,1.0,,0.0,,1.0,,,,0.0,,,,1.0,,0.0,,,1.0,,1.0,,,,,,,,1.0,,,,,,,,,,,,,,,,,,,,,,,,,,,,,,,,,,,,,,,,,,,,,,,,,,,,,,,,,,,,,,,,,,,,,,,,,,,,,
1398,0.5,,,1.0,1.0,0.0,0.0,1.0,1.0,0.5,0.5,,1.0,0.5,0.5,0.5,1.0,0.0,0.0,0.0,0.5,0.5,,,1.0,,,,,0.0,0.0,0.5,0.0,,1.0,0.0,,0.0,1.0,1.0,1.0,0.5,,0.5,0.0,,1.0,,0.5,,0.0,1.0,,1.0,,1.0,,,,1.0,,1.0,1.0,1.0,1.0,1.0,1.0,1.0,1.0,1.0,,1.0,1.0,,,,,1.0,0.0,,0.0,,,,1.0,,,1.0,,,1.0,,1.0,,0.5,,1.0,,,,0.0,,,,1.0,,1.0,,,1.0,,1.0,,,,,,,,1.0,0.0,,,,,1.0,,,,,,,,,,,,1.0,,,,,,,,,,,,,,,,,,,,,,,,,,,,,,,,,,,,,,,,,,,,,,,,,,,,,,,,,,,
1403,1.0,,,,1.0,,1.0,1.0,0.0,,,,,,,0.0,1.0,,,,,,,,,,,,,1.0,,,,,,,,,,1.0,,,,,,,1.0,,,,,1.0,,,,,,,,,,,,,1.0,,,1.0,,,,,,,,,,,0.5,,,,,,,,,,,,1.0,,,,,,,,,,,,,,1.0,,,,,,,,,,,,,,,,,,,,,,,,,,,,,,,,,,,,,,,,,,,,,,,,,,,,,,,,,,,,,,,,,,,,,,,,,,,,,,,,,,,,,,,,,,,,
1416,1.0,,,1.0,0.5,0.5,0.5,1.0,1.0,0.5,0.5,,1.0,0.5,1.0,0.5,1.0,1.0,0.0,0.0,0.5,0.5,,,0.5,,,,,0.5,0.0,0.5,1.0,,0.0,0.0,,0.5,1.0,1.0,1.0,0.5,,0.5,0.0,,1.0,,0.0,,0.0,1.0,,1.0,,0.5,,,,1.0,,1.0,1.0,1.0,0.5,1.0,1.0,1.0,1.0,1.0,,1.0,1.0,,,,,0.0,0.0,,1.0,,,,0.5,,,1.0,,,1.0,,1.0,,0.5,,1.0,,,,0.5,,,,1.0,,1.0,,,1.0,,1.0,,,,,,,,1.0,,,,,,,,,,,,,,,,,,,,,,,,,,,,,,,,,,,,,,,,,,,,,,,,,,,,,,,,,,,,,,,,,,,,,,,,,,,,,
1425,1.0,,,,,,,,,,0.5,,0.0,,,,,0.5,,,,,,,,,,,,,,,,,,,,,,,,,,,,,,,,,,,,,,,,,,1.0,,,,,,,,,,,,,,,,,,0.5,,,,,,,,,,,,,,,,,,,,,,,,,,,1.0,,,,,,,,,,,,,,,,,,,,,,,,,,,,,,,,,,,,,,,,,,,,,,,,,,,,,,,,,,,,,,,,,,,,,,,,,,,,,,,,,,,,,,,,,,,,
1431,1.0,,,1.0,1.0,0.0,1.0,1.0,0.0,1.0,1.0,,0.5,1.0,1.0,1.0,1.0,1.0,0.0,1.0,0.0,1.0,,,1.0,,,,,0.0,1.0,1.0,1.0,,1.0,0.0,,1.0,1.0,1.0,1.0,0.0,,1.0,0.5,,1.0,,1.0,,0.0,1.0,,1.0,,1.0,,,,1.0,,1.0,1.0,1.0,0.0,1.0,1.0,1.0,1.0,1.0,,1.0,1.0,,,,,1.0,1.0,,0.0,,,,1.0,,,1.0,,,1.0,,1.0,,1.0,,1.0,,,,1.0,,,,1.0,,1.0,,,1.0,,1.0,,,,,,,,1.0,,,1.0,,,,,,,,,,,,,,,,,,,,,,,,,,,,,,,,,,,,,,,,,,,,,,,,,,,,,,,,,,,,,,,,,,,,,,,,,,
1445,1.0,,,1.0,1.0,,,,0.0,1.0,0.0,,,,,,,1.0,,0.0,0.0,1.0,,,,,,,,0.0,0.0,,,,,0.0,,,,1.0,1.0,,,1.0,,,1.0,,,,,1.0,,1.0,,,,,,1.0,,1.0,,,1.0,,,,,,,,,,,,,,0.0,,1.0,,,,,,,1.0,,,,,,,0.0,,,,,,0.0,,,,,,,,,1.0,,1.0,,,,,,,,1.0,,,,,,,,,,,,,,,,,,,,,,,,,,,,,,,,,,,,,,,,,,,,,,,,,,,,,,,,,,,,,,,,,,,,,,,,,,,,,
1447,1.0,,,,1.0,0.0,0.0,1.0,,1.0,1.0,,1.0,1.0,1.0,,1.0,1.0,0.0,1.0,,,,,0.0,,,,,,0.5,,1.0,,,0.0,,,1.0,,,1.0,,0.0,0.0,,,,,,,,,,,,,,,,,,,1.0,,1.0,1.0,,1.0,,,,,,,,,0.0,,,,,,,,,,,,,,,,,1.0,,1.0,,,,,,,,1.0,,1.0,,,1.0,,,,,,,,,,,,,,,,,,,,,,,,,,,,,,,,,,,,,,,,,,,,,,,,,,,,,,,,,,,,,,,,,,,,,,,,,,,,,,,,,,,,,,,
1461,0.5,,,,0.0,,,,,1.0,,,,,,1.0,,1.0,0.0,,,,,,1.0,,,,,,0.0,0.0,,,,,,,,,1.0,,,,0.0,,,,1.0,,,,,1.0,,,,,,1.0,,,1.0,1.0,,1.0,,,,1.0,,1.0,,,,,,,,,,,,,1.0,,,,,,,,,,,,,,,,0.0,,,,,,,,,,,,,,,,,,,,,,,,,,,,,,,,,,,,,,,,,,,,,,,,,,,,,,,,,,,,,,,,,,,,,,,,,,,,,,,,,,,,,,,,,,,,,,,,
1464,1.0,,,1.0,1.0,0.5,0.0,1.0,0.5,1.0,1.0,,1.0,1.0,1.0,1.0,1.0,0.0,0.5,0.5,0.0,0.0,,,1.0,,,,,0.0,0.0,0.0,1.0,,0.5,0.5,,1.0,1.0,1.0,1.0,1.0,,1.0,0.5,,1.0,,1.0,,0.0,1.0,,1.0,,1.0,,,,1.0,,1.0,1.0,1.0,0.5,1.0,1.0,1.0,1.0,1.0,,1.0,1.0,,,,,0.0,1.0,,1.0,,,,1.0,,,1.0,,,1.0,,1.0,,0.0,,1.0,,,,1.0,,,,1.0,,1.0,,,1.0,,1.0,,,,,,,,1.0,0.0,1.0,1.0,1.0,,,1.0,,1.0,,,,,,,,,,,,,,,,,,,,,,,,,,,,,,,,,,,,,,,,,,,,,,,,,,,,,,,,,,,,,,,,,,,,
1466,1.0,,,1.0,1.0,1.0,0.0,1.0,1.0,1.0,0.0,,1.0,,1.0,1.0,,,0.0,,,1.0,,,0.0,,,,,0.0,0.0,0.0,,,1.0,0.0,,,1.0,1.0,1.0,1.0,,,0.0,,,,,,1.0,,,1.0,,1.0,,,,1.0,,,,1.0,1.0,,1.0,1.0,,,,1.0,,,,,,,,,1.0,,,,1.0,,,1.0,,,1.0,,1.0,,1.0,,1.0,,,,1.0,,,,1.0,,1.0,,,1.0,,1.0,,,,,,,,1.0,,,,,,,,,,,,,,,,,,,,,,,,,,,,,,,,,,,,,,,,,,,,,,,,,,,,,,,,,,,,,,,,,,,,,,,,,,,,,
1471,1.0,,,,,0.0,,,,,,,,,,,0.0,,,,,0.0,,,,,,,,,,,,,,1.0,,,,,,,,1.0,,,1.0,,1.0,,,,,,,,,,,,,,,,,1.0,,,1.0,,,,,,,,,0.0,,,,,,,,,,,,,,,,,0.0,,,,,,,,,,,,1.0,,,1.0,,1.0,,,,,,,,,,,,,,,,,,,,,,,,,,,,,,,,,,,,,,,,,,,,,,,,,,,,,,,,,,,,,,,,,,,,,,,,,,,,,,,,,,,,,
1478,1.0,,,1.0,1.0,1.0,0.0,1.0,1.0,1.0,0.0,,0.0,1.0,1.0,1.0,1.0,0.0,1.0,1.0,1.0,1.0,,,1.0,,,,,0.0,0.0,0.0,1.0,,1.0,0.0,,1.0,1.0,1.0,1.0,1.0,,1.0,1.0,,0.0,,1.0,,1.0,1.0,,1.0,,1.0,,,,1.0,,1.0,1.0,1.0,1.0,0.0,1.0,1.0,1.0,1.0,,0.0,1.0,,,,,1.0,1.0,,1.0,,,,0.0,,,1.0,,,1.0,,0.0,,1.0,,1.0,,,,1.0,,,,1.0,,0.0,,,1.0,,1.0,,,,,,,,0.0,,,,,,,,,,,,,,,,,,,,,,,,,,,,,,,,,,,,,,,,,,,,,,,,,,,,,,,,,,,,,,,,,,,,,,,,,,,,,
1486,1.0,,,,,,0.0,,0.0,,0.0,,0.0,0.0,,,,,,0.0,0.0,0.0,,,0.0,,,,,,0.0,,0.0,,0.0,,,1.0,1.0,1.0,,,,0.0,0.0,,1.0,,0.0,,0.0,1.0,,1.0,,,,,,1.0,,1.0,1.0,,0.0,1.0,1.0,1.0,,1.0,,,1.0,,,,,,0.0,,,,,,1.0,,,1.0,,,1.0,,,,0.0,,,,,,,,,,1.0,,1.0,,,,,1.0,,,,,,,,1.0,,,,,,,,,,,,,,,,,,,,,,,,,,,,,,,,,,,,,,,,,,,,,,,,,,,,,,,,,,,,,,,,,,,,,,,,,,,,,
1496,1.0,,,0.0,0.0,1.0,1.0,1.0,1.0,1.0,0.0,,1.0,1.0,0.0,1.0,1.0,0.0,0.0,0.0,0.0,0.0,,,1.0,,,,,1.0,0.0,0.0,1.0,,1.0,1.0,,0.0,1.0,1.0,1.0,1.0,,1.0,0.0,,1.0,,1.0,,0.0,1.0,,1.0,,1.0,,,,1.0,,1.0,1.0,1.0,1.0,1.0,1.0,1.0,1.0,0.0,,1.0,1.0,,,,,1.0,0.0,,1.0,,,,1.0,,,1.0,,,1.0,,1.0,,1.0,,1.0,,,,0.0,,,,1.0,,1.0,,,1.0,,1.0,,,,,,,,1.0,0.0,1.0,1.0,1.0,,,1.0,,1.0,,,,,1.0,,1.0,,1.0,,1.0,1.0,0.0,,1.0,1.0,1.0,,,,,1.0,1.0,,1.0,1.0,,1.0,1.0,,1.0,0.0,1.0,0.5,,0.0,0.0,,,,1.0,0.0,1.0,1.0,0.0,0.0,,,,,,,,,,,,,,,,,,,,,,
1500,1.0,,,,,0.5,0.5,1.0,0.0,0.5,0.5,,1.0,0.0,1.0,0.0,1.0,1.0,0.0,0.0,0.0,,,,1.0,,,,,0.0,0.0,0.0,0.0,,,0.0,,1.0,1.0,1.0,1.0,0.5,,0.0,0.0,,1.0,,0.0,,0.0,0.5,,1.0,,0.5,,,,1.0,,,,1.0,1.0,1.0,,1.0,1.0,1.0,,,1.0,,,,,0.0,0.0,,0.5,,,,,,,1.0,,,1.0,,1.0,,1.0,,1.0,,,,1.0,,,,1.0,,0.0,,,1.0,,1.0,,,,,,,,1.0,0.0,1.0,,1.0,,,1.0,,1.0,,,,,,,1.0,,,,,1.0,,,1.0,1.0,0.0,,,,,,,,,,,,,,,,,,,,,,,,,,,,,,,,,,,,,,,,,,,,,,,,,,,
1504,1.0,,,1.0,1.0,0.5,0.0,1.0,0.5,0.5,0.5,,1.0,1.0,0.0,1.0,1.0,1.0,0.0,0.0,0.0,0.5,,,0.0,,,,,0.0,0.0,0.0,0.0,,1.0,0.0,,1.0,1.0,1.0,1.0,0.5,,1.0,0.0,,1.0,,0.0,,0.5,0.5,,1.0,,0.0,,,,1.0,,1.0,1.0,1.0,0.5,1.0,1.0,1.0,1.0,1.0,,1.0,1.0,,,,,0.5,0.5,,0.0,,,,1.0,,,1.0,,,1.0,,1.0,,0.5,,1.0,,,,0.0,,,,1.0,,1.0,,,1.0,,1.0,,,,,,,,1.0,,,,,,,,,,,,,,,,,,,,,,,,,,,,,,,,,,,,,,,,,,,,,,,,,,,,,,,,,,,,,,,,,,,,,,,,,,,,,
1508,1.0,,,1.0,1.0,1.0,1.0,1.0,1.0,0.0,0.0,,1.0,1.0,1.0,0.0,1.0,1.0,0.0,1.0,0.0,0.0,,,1.0,,,,,0.5,0.0,0.0,1.0,,0.5,0.0,,1.0,1.0,1.0,1.0,1.0,,1.0,0.0,,1.0,,1.0,,1.0,1.0,,1.0,,1.0,,,,1.0,,1.0,1.0,1.0,1.0,1.0,1.0,1.0,1.0,1.0,,1.0,1.0,,,,,0.0,1.0,,1.0,,,,1.0,,,1.0,,,1.0,,1.0,,0.0,,1.0,,,,1.0,,,,1.0,,1.0,,,1.0,,1.0,,,,,,,,1.0,1.0,1.0,1.0,0.5,,,1.0,,1.0,,,,,1.0,,1.0,,1.0,,1.0,1.0,1.0,,1.0,1.0,1.0,,,,,0.5,1.0,,,,,,,,,,,,,,,,,,,,,1.0,,,,,,,,,,,,,,,,,,,,,,,,
1509,1.0,,,1.0,1.0,0.0,,1.0,0.0,,1.0,,1.0,0.0,0.0,0.0,1.0,,0.0,0.0,,1.0,,,0.0,,,,,0.0,0.0,0.0,0.0,,0.0,0.0,,,1.0,1.0,1.0,1.0,,1.0,0.0,,,,0.0,,0.0,1.0,,1.0,,1.0,,,,,,,1.0,1.0,,,,1.0,1.0,1.0,,1.0,1.0,,,,,0.0,0.0,,0.0,,,,1.0,,,,,,1.0,,,,0.0,,1.0,,,,1.0,,,,1.0,,1.0,,,,,1.0,,,,,,,,1.0,,,,,,,,,,,,,,,,,,,,,,,,,,,,,,,,,,,,,,,,,,,,,,,,,,,,,,,,,,,,,,,,,,,,,,,,,,,,,
1511,1.0,,,1.0,0.5,0.5,0.0,1.0,1.0,1.0,1.0,,1.0,1.0,1.0,0.5,1.0,1.0,0.0,0.0,0.0,0.5,,,0.0,,,,,0.0,0.0,0.5,1.0,,1.0,0.0,,1.0,1.0,1.0,1.0,0.5,,0.5,0.0,,1.0,,0.0,,0.0,1.0,,1.0,,1.0,,,,1.0,,1.0,1.0,1.0,1.0,1.0,1.0,1.0,1.0,1.0,,1.0,1.0,,,,,0.0,0.5,,1.0,,,,1.0,,,1.0,,,1.0,,1.0,,0.5,,0.5,,,,1.0,,,,1.0,,1.0,,,0.5,,1.0,,,,,,,,1.0,0.0,0.0,0.5,1.0,,,1.0,,1.0,,,,,1.0,,1.0,,1.0,,1.0,1.0,1.0,,,,,,,,,,,,,,,,,,,,,,,,,,,,,,,,,,,,,,,,,,,,,,,,,,,,,,,
1517,1.0,,,1.0,1.0,0.0,1.0,1.0,0.5,0.0,0.5,,1.0,1.0,1.0,0.0,1.0,1.0,0.0,0.0,0.0,0.0,,,1.0,,,,,0.0,0.0,0.0,0.0,,0.0,0.5,,1.0,1.0,1.0,,1.0,,0.5,0.0,,1.0,,0.5,,0.0,0.5,,1.0,,0.5,,,,1.0,,1.0,1.0,,1.0,1.0,1.0,1.0,,0.5,,1.0,1.0,,,,,1.0,0.0,,0.5,,,,,,,1.0,,,,,1.0,,,,1.0,,,,0.0,,,,1.0,,1.0,,,1.0,,1.0,,,,,,,,1.0,,,,,,,,,,,,,,,,,,,,,,,,,,,,,,,,,,,,,,,,,,,,,,,,,,,,,,,,,,,,,,,,,,,,,,,,,,,,,
1522,1.0,,,1.0,1.0,0.0,0.0,0.0,0.0,1.0,0.0,,1.0,1.0,1.0,1.0,1.0,0.0,0.0,0.0,1.0,0.0,,,0.0,,,,,0.0,0.0,0.0,1.0,,0.0,0.0,,1.0,1.0,1.0,1.0,0.0,,0.0,0.0,,1.0,,1.0,,0.0,1.0,,1.0,,1.0,,,,1.0,,1.0,1.0,1.0,1.0,1.0,1.0,1.0,1.0,1.0,,1.0,1.0,,,,,1.0,1.0,,0.0,,,,1.0,,,1.0,,,1.0,,1.0,,1.0,,1.0,,,,1.0,,,,1.0,,1.0,,,1.0,,1.0,,,,,,,,1.0,0.0,1.0,0.0,1.0,,,,,,,,,,,,,,,,,,,,,,,,,,,,,,,,,,,,,,,,,,,,,,,,,,,,,,,,,,,,,,,,,,,,,,,,,
1526,1.0,,,1.0,1.0,0.0,1.0,1.0,1.0,0.0,1.0,,0.0,1.0,1.0,1.0,1.0,1.0,0.0,0.0,1.0,1.0,,,1.0,,,,,1.0,0.0,0.0,0.0,,1.0,0.0,,1.0,1.0,1.0,1.0,1.0,,1.0,0.0,,1.0,,1.0,,0.0,1.0,,1.0,,1.0,,,,1.0,,1.0,1.0,1.0,1.0,1.0,1.0,1.0,1.0,1.0,,1.0,1.0,,,,,0.0,1.0,,0.0,,,,1.0,,,1.0,,,1.0,,1.0,,0.0,,1.0,,,,1.0,,,,1.0,,1.0,,,1.0,,1.0,,,,,,,,1.0,,,,,,,,,,,,,,,,,,,,,,,,,,,,,,,,,,,,,,,,,,,,,,,,,,,,,,,,,,,,,,,,,,,,,,,,,,,,,
1533,1.0,,,1.0,1.0,0.0,0.0,1.0,1.0,1.0,0.0,,0.5,0.0,1.0,0.0,1.0,1.0,0.0,0.0,0.0,0.0,,,1.0,,,,,0.0,0.0,0.0,0.0,,0.0,0.0,,0.0,1.0,1.0,1.0,0.0,,0.0,0.0,,1.0,,0.0,,0.0,0.0,,1.0,,1.0,,,,1.0,,1.0,1.0,1.0,1.0,1.0,1.0,1.0,1.0,1.0,,1.0,1.0,,,,,0.0,1.0,,0.0,,,,1.0,,,1.0,,,1.0,,1.0,,0.0,,1.0,,,,0.0,,,,1.0,,1.0,,,1.0,,1.0,,,,,,,,1.0,,,,,,,,,,,,,,,,,,,,,,,,,,,,,,,,,,,,,,,,,,,,,,,,,,,,,,,,,,,,,,,,,,,,,,,,,,,,,
1537,1.0,,,1.0,1.0,0.5,0.0,1.0,1.0,1.0,1.0,,1.0,1.0,1.0,0.0,1.0,1.0,0.5,0.0,0.0,0.0,,,1.0,,,,,0.5,0.0,0.0,1.0,,0.0,0.0,,1.0,1.0,1.0,1.0,1.0,,0.0,0.0,,1.0,,1.0,,0.0,1.0,,1.0,,1.0,,,,1.0,,1.0,1.0,1.0,1.0,1.0,1.0,1.0,1.0,1.0,,1.0,1.0,,,,,0.0,0.0,,0.0,,,,1.0,,,1.0,,,1.0,,1.0,,1.0,,1.0,,,,0.0,,,,1.0,,1.0,,,1.0,,1.0,,,,,,,,1.0,0.0,1.0,1.0,1.0,,,1.0,,1.0,,,,,1.0,,1.0,,0.0,,1.0,1.0,0.0,,,,,,,,,,,,,,,,,,,,,,,,,,,,,,,,,,,,,,,,,,,,,,,,,,,,,,,
1566,1.0,,,,,,,,,,,,,,,,,,,,,,,,,,,,,,,,,,,,,,,,,,,,,,,,,,,,,,,,,,,,,,,,,,,,,,,,,,,,,,,,,,,,,,,,,,,,,,,,,,,,,,,,1.0,,,,,,,,,,,,,,,,,,,,,,,,,,,,,,,,,,,,,,,,,,,,,,,,,,,,,,,,,,,,,,,,,,,,,,,,,,,,,,,,,,,,,,,,,,,,
1570,1.0,,,1.0,0.5,1.0,1.0,1.0,0.5,0.5,0.5,,0.5,0.0,1.0,1.0,1.0,1.0,1.0,0.5,1.0,1.0,,,1.0,,,,,1.0,0.5,1.0,1.0,,0.0,1.0,,1.0,1.0,1.0,1.0,0.5,,0.5,1.0,,0.5,,0.0,,1.0,1.0,,1.0,,1.0,,,,1.0,,1.0,1.0,1.0,1.0,1.0,1.0,1.0,1.0,1.0,,0.5,1.0,,,,,1.0,0.5,,0.5,,,,1.0,,,1.0,,,0.5,,1.0,,1.0,,0.5,,,,0.0,,,,1.0,,0.5,,,1.0,,1.0,,,,,,,,1.0,1.0,1.0,1.0,1.0,,,1.0,,1.0,,,,,,,,,,,,,,,,,,,,,,,,,,,,,,,,,,,,,,,,,,,,,,,,,,,,,,,,,,,,,,,,,,,,
1578,0.5,,,1.0,1.0,0.0,0.0,1.0,1.0,1.0,0.0,,1.0,1.0,1.0,0.5,0.0,1.0,0.0,1.0,0.0,0.0,,,1.0,,,,,0.0,0.0,0.0,0.0,,0.0,0.0,,1.0,0.0,1.0,1.0,1.0,,0.0,0.0,,0.0,,0.0,,0.0,1.0,,1.0,,1.0,,,,1.0,,1.0,1.0,1.0,1.0,1.0,1.0,1.0,1.0,1.0,,1.0,1.0,,,,,0.0,0.0,,0.0,,,,0.0,,,1.0,,,1.0,,1.0,,0.0,,1.0,,,,0.0,,,,1.0,,1.0,,,1.0,,1.0,,,,,,,,1.0,,,,,,,,,,,,,,,,,,,,,,,,,,,,,,,,,,,,,,,,,,,,,,,,,,,,,,,,,,,,,,,,,,,,,,,,,,,,,
1581,1.0,,,1.0,1.0,0.5,0.0,1.0,1.0,1.0,1.0,,0.5,0.0,1.0,0.0,1.0,0.5,0.0,0.0,0.0,0.5,,,1.0,,,,,0.5,0.0,0.5,0.5,,0.0,0.5,,1.0,1.0,1.0,1.0,1.0,,1.0,0.0,,1.0,,0.0,,0.0,1.0,,1.0,,1.0,,,,1.0,,1.0,1.0,1.0,1.0,1.0,1.0,1.0,1.0,1.0,,1.0,0.0,,,,,1.0,1.0,,0.0,,,,0.5,,,1.0,,,1.0,,0.5,,0.0,,1.0,,,,0.5,,,,1.0,,1.0,,,0.5,,1.0,,,,,,,,1.0,,,,,,,,,,,,,,,,,,,,,,,,,,,,,,,,,,,,,,,,,,,,,,,,,,,,,,,,,,,,,,,,,,,,,,,,,,,,,
1591,1.0,,,1.0,1.0,0.5,0.0,1.0,0.5,0.5,1.0,,1.0,0.5,1.0,1.0,1.0,1.0,0.0,0.0,0.5,0.0,,,1.0,,,,,0.0,0.0,0.0,0.0,,1.0,1.0,,1.0,1.0,1.0,1.0,1.0,,0.5,0.0,,1.0,,1.0,,0.5,1.0,,1.0,,1.0,,,,1.0,,1.0,1.0,1.0,1.0,1.0,1.0,1.0,1.0,0.5,,1.0,1.0,,,,,0.0,0.0,,1.0,,,,1.0,,,1.0,,,1.0,,1.0,,1.0,,1.0,,,,0.5,,,,1.0,,1.0,,,1.0,,1.0,,,,,,,,1.0,0.0,1.0,1.0,1.0,,,1.0,,1.0,,,,,1.0,,1.0,,1.0,,1.0,1.0,0.5,,1.0,1.0,1.0,,,,,1.0,1.0,,,,,,,,,,,,,,,,,,,,,,,,,,,,,,,,,,,,,,,,,,,,,
1598,0.0,,,1.0,1.0,1.0,,0.0,,1.0,1.0,,1.0,,1.0,,,,0.0,0.0,,1.0,,,,,,,,1.0,,1.0,0.0,,,,,1.0,,1.0,1.0,1.0,,0.0,,,,,1.0,,1.0,,,1.0,,1.0,,,,,,,,,1.0,1.0,1.0,1.0,1.0,1.0,,,1.0,,,,,,,,,,,,1.0,,,1.0,,,,,,,1.0,,1.0,,,,1.0,,,,1.0,,1.0,,,1.0,,1.0,,,,,,,,,,,,,,,,,,,,,,,,,,,,,,,,,,,,,,,,,,,,,,,,,,,,,,,,,,,,,,,,,,,,,,,,,,,,,,,,,,,,,
1608,0.0,,,0.5,0.0,0.5,0.0,0.5,0.5,0.0,0.0,,1.0,0.0,1.0,0.0,0.5,0.5,0.0,0.5,0.0,0.0,,,0.0,,,,,0.5,0.5,0.5,0.5,,0.0,0.5,,0.5,1.0,1.0,0.5,0.0,,0.0,0.0,,0.5,,0.5,,0.5,0.0,,1.0,,0.5,,,,0.5,,1.0,1.0,1.0,0.5,1.0,0.5,0.5,1.0,1.0,,1.0,0.5,,,,,0.5,0.5,,0.5,,,,1.0,,,0.5,,,0.5,,0.5,,0.5,,1.0,,,,0.5,,,,0.0,,0.0,,,1.0,,1.0,,,,,,,,1.0,0.5,0.5,0.5,0.0,,,1.0,,0.5,,,,,0.5,,1.0,,0.5,,1.0,0.5,0.5,,1.0,1.0,1.0,,,,,0.5,0.5,,,,,,,,,,,,,,,,,,,,,,,,,,,,,,,,,,,,,,,,,,,,,
1610,1.0,,,1.0,1.0,1.0,1.0,1.0,1.0,0.0,1.0,,1.0,1.0,0.0,1.0,,0.0,1.0,0.0,,1.0,,,,,,,,1.0,0.0,,,,1.0,1.0,,0.0,1.0,1.0,,0.0,,1.0,0.0,,0.0,,0.0,,,,,1.0,,1.0,,,,,,1.0,1.0,0.0,,,1.0,1.0,1.0,,,1.0,,,,,,1.0,,,1.0,,,,1.0,,,1.0,,,1.0,,1.0,,,,,,,,0.0,,,,1.0,,,,,1.0,,1.0,,,,,,,,1.0,0.0,1.0,1.0,1.0,,,1.0,,1.0,,,,,,,,,,,,,,,,,,,,,,,,,,,,,,,,,,,,,,,,,,,,,,,,,,,,,,,,,,,,,,,,,,,,
1628,1.0,,,1.0,0.0,0.0,1.0,1.0,1.0,1.0,1.0,,0.0,1.0,1.0,0.0,1.0,1.0,0.0,0.0,1.0,1.0,,,1.0,,,,,1.0,0.0,1.0,1.0,,1.0,0.0,,1.0,1.0,1.0,1.0,1.0,,1.0,1.0,,1.0,,0.0,,1.0,1.0,,1.0,,1.0,,,,1.0,,1.0,1.0,1.0,1.0,1.0,1.0,1.0,1.0,1.0,,1.0,1.0,,,,,1.0,0.0,,0.0,,,,1.0,,,1.0,,,1.0,,1.0,,1.0,,1.0,,,,1.0,,,,1.0,,1.0,,,1.0,,1.0,,,,,,,,1.0,1.0,1.0,1.0,1.0,,,1.0,,1.0,,,,,,,,,,,,,,,,,,,,,,,,,,,,,,,,,,,,,,,,,,,,,,,,,,,,,,,,,,,,,,,,,,,,
1644,1.0,,,1.0,,0.0,0.5,1.0,0.5,1.0,1.0,,,0.0,0.5,1.0,1.0,,1.0,0.0,0.5,,,,1.0,,,,,,,,,,1.0,1.0,,,,1.0,,1.0,,1.0,1.0,,1.0,,1.0,,0.5,0.5,,1.0,,1.0,,,,1.0,,1.0,1.0,1.0,1.0,1.0,1.0,1.0,1.0,,,1.0,1.0,,,,,,1.0,,0.0,,,,1.0,,,1.0,,,1.0,,,,0.0,,1.0,,,,0.0,,,,1.0,,,,,1.0,,,,,,,,,,1.0,,,,,,,,,,,,,,,,,,,,,,,,,,,,,,,,,,,,,,,,,,,,,,,,,,,,,,,,,,,,,,,,,,,,,,,,,,,,,
1650,1.0,,,1.0,0.5,0.0,0.0,0.5,0.5,0.5,0.5,,1.0,0.0,1.0,0.5,1.0,1.0,0.0,0.0,0.0,0.5,,,0.5,,,,,0.0,0.0,0.0,0.0,,0.0,0.0,,0.5,1.0,1.0,1.0,0.5,,0.5,0.0,,1.0,,0.5,,0.5,1.0,,1.0,,1.0,,,,1.0,,1.0,1.0,1.0,0.5,1.0,1.0,1.0,1.0,1.0,,1.0,1.0,,,,,0.0,0.0,,1.0,,,,1.0,,,1.0,,,1.0,,1.0,,1.0,,1.0,,,,0.5,,,,1.0,,1.0,,,1.0,,1.0,,,,,,,,1.0,0.0,1.0,1.0,1.0,,,1.0,,1.0,,,,,1.0,,1.0,,1.0,,1.0,1.0,1.0,,1.0,1.0,1.0,,,,,1.0,1.0,,1.0,1.0,,,,,,,,,,,,,,,,,,,,,,,,,,,,,,,,,,,,,,,,,,
1655,1.0,,,1.0,1.0,0.0,1.0,1.0,1.0,0.5,1.0,,1.0,0.0,1.0,1.0,1.0,1.0,0.0,0.0,0.0,0.0,,,0.0,,,,,0.0,0.0,0.0,0.0,,1.0,0.0,,0.5,1.0,1.0,1.0,1.0,,1.0,0.0,,1.0,,0.5,,0.0,1.0,,1.0,,0.0,,,,1.0,,1.0,1.0,1.0,1.0,1.0,1.0,1.0,1.0,1.0,,1.0,1.0,,,,,0.0,0.0,,0.0,,,,1.0,,,1.0,,,1.0,,1.0,,1.0,,1.0,,,,0.0,,,,1.0,,1.0,,,1.0,,1.0,,,,,,,,1.0,,,,,,,,,,,,,,,,,,,,,,,,,,,,,,,,,,,,,,,,,,,,,,,,,,,,,,,,,,,,,,,,,,,,,,,,,,,,,
1671,1.0,,,1.0,0.0,0.0,0.0,1.0,1.0,0.0,1.0,,1.0,0.0,1.0,1.0,1.0,1.0,0.0,0.0,1.0,0.0,,,1.0,,,,,0.0,0.0,0.0,0.0,,1.0,0.0,,1.0,1.0,1.0,1.0,0.0,,1.0,0.0,,1.0,,1.0,,0.0,1.0,,1.0,,1.0,,,,1.0,,1.0,1.0,1.0,1.0,1.0,1.0,1.0,1.0,1.0,,1.0,1.0,,,,,0.0,0.0,,0.0,,,,1.0,,,1.0,,,1.0,,1.0,,0.0,,1.0,,,,0.0,,,,1.0,,1.0,,,1.0,,1.0,,,,,,,,1.0,,,,,,,,,,,,,,,,,,,,,,,,,,,,,,,,,,,,,,,,,,,,,,,,,,,,,,,,,,,,,,,,,,,,,,,,,,,,,
1674,0.0,,,1.0,1.0,0.0,1.0,1.0,1.0,1.0,0.5,,1.0,1.0,1.0,0.5,1.0,1.0,0.0,0.0,0.5,1.0,,,0.0,,,,,0.0,0.0,1.0,0.5,,0.0,0.5,,1.0,1.0,1.0,1.0,0.0,,0.0,0.0,,1.0,,1.0,,0.0,1.0,,1.0,,1.0,,,,0.0,,1.0,1.0,1.0,1.0,1.0,1.0,1.0,1.0,1.0,,1.0,1.0,,,,,0.0,0.0,,0.0,,,,1.0,,,1.0,,,1.0,,1.0,,1.0,,1.0,,,,0.5,,,,1.0,,1.0,,,1.0,,1.0,,,,,,,,1.0,,,,,,,,,,,,,,,,,,,,,,,,,,,,,,,,,,,,,,,,,,,,,,,,,,,,,,,,,,,,,,,,,,,,,,,,,,,,,
1685,1.0,,,1.0,0.5,0.5,1.0,1.0,0.0,1.0,0.0,,1.0,1.0,1.0,0.0,1.0,1.0,0.0,0.0,0.0,1.0,,,0.0,,,,,1.0,0.0,0.0,0.0,,0.0,0.0,,1.0,1.0,1.0,1.0,1.0,,0.0,0.0,,1.0,,0.0,,0.0,1.0,,1.0,,1.0,,,,1.0,,1.0,1.0,1.0,1.0,1.0,1.0,1.0,1.0,0.5,,1.0,1.0,,,,,0.0,0.0,,1.0,,,,1.0,,,1.0,,,1.0,,1.0,,1.0,,1.0,,,,1.0,,,,1.0,,1.0,,,1.0,,1.0,,,,,,,,1.0,,,,,,,,,,,,,,,,,,,,,,,,,,,,,,,,,,,,,,,,,,,,,,,,,,,,,,,,,,,,,,,,,,,,,,,,,,,,,
1688,1.0,,,0.5,1.0,1.0,0.0,1.0,0.0,1.0,0.5,,1.0,0.0,1.0,1.0,1.0,1.0,0.0,1.0,0.0,0.0,,,0.0,,,,,1.0,0.0,0.5,1.0,,1.0,0.0,,0.0,1.0,1.0,1.0,1.0,,0.5,0.0,,1.0,,0.0,,0.5,1.0,,1.0,,1.0,,,,1.0,,1.0,1.0,1.0,0.5,1.0,1.0,1.0,1.0,1.0,,1.0,0.5,,,,,0.0,0.5,,1.0,,,,1.0,,,0.5,,,1.0,,1.0,,0.5,,1.0,,,,1.0,,,,1.0,,1.0,,,1.0,,1.0,,,,,,,,1.0,0.0,1.0,1.0,1.0,,,1.0,,1.0,,,,,1.0,,1.0,,1.0,,1.0,1.0,0.5,,1.0,1.0,1.0,,,,,1.0,1.0,,1.0,1.0,,,,,,,,,,,,,,,,,,,,,,,,,,,,,,,,,,,,,,,,,,
1714,1.0,,,1.0,1.0,0.0,0.0,1.0,0.0,1.0,1.0,,1.0,0.0,1.0,1.0,1.0,1.0,0.0,0.0,0.0,0.0,,,0.0,,,,,0.0,0.0,1.0,0.0,,0.0,0.0,,1.0,1.0,1.0,1.0,1.0,,1.0,0.0,,1.0,,0.0,,0.0,0.0,,1.0,,0.0,,,,1.0,,1.0,1.0,1.0,0.0,1.0,1.0,1.0,1.0,1.0,,1.0,1.0,,,,,0.0,0.0,,0.0,,,,1.0,,,1.0,,,1.0,,1.0,,1.0,,1.0,,,,0.0,,,,1.0,,1.0,,,1.0,,1.0,,,,,,,,1.0,,,,,,,,,,,,,,,,,,,,,,,,,,,,,,,,,,,,,,,,,,,,,,,,,,,,,,,,,,,,,,,,,,,,,,,,,,,,,
1719,1.0,,,1.0,1.0,0.0,0.0,1.0,0.0,1.0,0.0,,0.5,1.0,1.0,0.0,1.0,1.0,0.0,0.0,0.0,0.0,,,1.0,,,,,0.0,1.0,0.0,1.0,,0.0,0.0,,0.5,1.0,1.0,1.0,1.0,,1.0,0.0,,1.0,,1.0,,0.0,1.0,,1.0,,0.5,,,,1.0,,1.0,1.0,1.0,1.0,1.0,1.0,1.0,1.0,1.0,,1.0,0.5,,,,,0.0,0.0,,0.0,,,,1.0,,,1.0,,,1.0,,1.0,,0.0,,1.0,,,,0.0,,,,1.0,,1.0,,,1.0,,1.0,,,,,,,,1.0,,,,,,,,,,,,,,,,,,,,,,,,,,,,,,,,,,,,,,,,,,,,,,,,,,,,,,,,,,,,,,,,,,,,,,,,,,,,,
1720,1.0,,,1.0,0.0,1.0,,1.0,0.0,1.0,0.0,,1.0,1.0,1.0,1.0,1.0,1.0,0.0,1.0,1.0,1.0,,,1.0,,,,,,0.0,0.0,1.0,,1.0,1.0,,0.5,1.0,1.0,1.0,1.0,,1.0,0.0,,1.0,,0.0,,,1.0,,1.0,,,,,,1.0,,1.0,1.0,1.0,,1.0,1.0,1.0,1.0,1.0,,1.0,1.0,,,,,0.0,1.0,,1.0,,,,1.0,,,1.0,,,1.0,,1.0,,0.0,,1.0,,,,,,,,,,1.0,,,1.0,,1.0,,,,,,,,,0.0,1.0,1.0,1.0,,,1.0,,,,,,,1.0,,1.0,,1.0,,,1.0,1.0,,1.0,0.5,,,,,,,1.0,,,,,,,,,,,,,,,,,,,,,,,,,,,,,,,,,,,,,,,,,,,,,
1730,1.0,,,1.0,1.0,0.0,0.0,1.0,1.0,1.0,0.0,,1.0,0.0,1.0,0.0,1.0,1.0,0.0,0.5,1.0,1.0,,,1.0,,,,,0.0,0.0,0.5,0.0,,0.5,0.5,,1.0,1.0,1.0,1.0,1.0,,0.0,0.0,,1.0,,0.0,,0.0,1.0,,1.0,,1.0,,,,1.0,,1.0,1.0,1.0,1.0,1.0,1.0,1.0,1.0,1.0,,1.0,1.0,,,,,0.5,0.5,,0.0,,,,1.0,,,1.0,,,1.0,,1.0,,1.0,,1.0,,,,0.5,,,,1.0,,1.0,,,1.0,,1.0,,,,,,,,1.0,,,,,,,,,,,,,,,,,,,,,,,,,,,,,,,,,,,,,,,,,,,,,,,,,,,,,,,,,,,,,,,,,,,,,,,,,,,,,
1743,1.0,,,1.0,1.0,1.0,0.0,1.0,1.0,1.0,0.0,,1.0,1.0,1.0,1.0,1.0,1.0,0.0,0.0,0.5,0.0,,,0.0,,,,,1.0,0.0,0.0,0.0,,0.0,0.0,,1.0,1.0,1.0,1.0,1.0,,0.0,0.0,,1.0,,0.0,,0.0,1.0,,1.0,,0.5,,,,1.0,,1.0,1.0,1.0,1.0,1.0,1.0,1.0,1.0,1.0,,1.0,1.0,,,,,1.0,1.0,,1.0,,,,1.0,,,1.0,,,1.0,,1.0,,0.0,,1.0,,,,0.5,,,,1.0,,1.0,,,1.0,,1.0,,,,,,,,1.0,,,,,,,,,,,,,,,,,,,,,,,,,,,,,,,,,,,,,,,,,,,,,,,,,,,,,,,,,,,,,,,,,,,,,,,,,,,,,
1750,1.0,,,1.0,,1.0,,1.0,,,0.0,,1.0,,1.0,1.0,1.0,1.0,,1.0,1.0,1.0,,,1.0,,,,,,,1.0,1.0,,1.0,1.0,,,1.0,1.0,,,,1.0,1.0,,1.0,,1.0,,,1.0,,1.0,,1.0,,,,1.0,,1.0,1.0,,1.0,1.0,1.0,1.0,1.0,,,,,,,,,1.0,1.0,,,,,,1.0,,,,,,1.0,,,,,,1.0,,,,1.0,,,,1.0,,,,,1.0,,1.0,,,,,,,,1.0,,,,,,,,,,,,,,,,,,,,,,,,,,,,,,,,,,,,,,,,,,,,,,,,,,,,,,,,,,,,,,,,,,,,,,,,,,,,,
1755,0.5,,,1.0,1.0,0.5,0.5,1.0,0.0,1.0,0.0,,0.5,0.5,0.0,0.5,1.0,0.0,0.0,0.0,0.0,0.5,,,1.0,,,,,0.5,0.0,0.5,1.0,,0.0,0.0,,0.5,1.0,1.0,1.0,1.0,,0.0,0.5,,0.0,,0.5,,0.5,0.5,,1.0,,1.0,,,,1.0,,1.0,1.0,1.0,1.0,1.0,1.0,1.0,1.0,1.0,,1.0,1.0,,,,,0.0,0.5,,1.0,,,,1.0,,,1.0,,,1.0,,0.5,,1.0,,1.0,,,,0.5,,,,1.0,,1.0,,,1.0,,1.0,,,,,,,,1.0,0.5,1.0,1.0,1.0,,,1.0,,1.0,,,,,1.0,,1.0,,1.0,,1.0,,,,,,,,,,,,,,,,,,,,,,,,,,,,,,,,,,,,,,,,,,,,,,,,,,,,,,,,,
1758,1.0,,,,,0.0,0.0,1.0,,,,,,,,,,1.0,0.0,,0.0,,,,0.0,,,,,,0.0,1.0,,,1.0,1.0,,1.0,1.0,,,,,1.0,0.5,,,,,,1.0,,,,,1.0,,,,1.0,,,1.0,1.0,1.0,1.0,,,1.0,,,,1.0,,,,,1.0,,,0.0,,,,,,,,,,,,,,,,1.0,,,,,,,,,,0.0,,,,,,,,,,,,,,,1.0,,,,,,,,,,,,1.0,,,,1.0,,1.0,1.0,,,1.0,,,,,,,,,,,,,,,,,,,,,,,,,,,,,,,,,,,,,,,,,,,,,,,,,,,,,
1762,1.0,,,1.0,0.5,,0.0,0.5,0.5,0.5,,,1.0,,,,0.5,1.0,,0.5,0.0,,,,0.5,,,,,0.5,0.0,0.5,0.5,,0.0,0.0,,0.5,1.0,,1.0,0.5,,,,,1.0,,1.0,,0.0,,,1.0,,0.5,,,,1.0,,1.0,,,0.5,1.0,1.0,1.0,1.0,1.0,,1.0,1.0,,,,,,0.5,,0.5,,,,,,,1.0,,,1.0,,,,0.5,,0.5,,,,1.0,,,,1.0,,1.0,,,1.0,,1.0,,,,,,,,1.0,,,,,,,,,,,,,,,,,,,,,,,,,,,,,,,,,,,,,,,,,,,,,,,,,,,,,,,,,,,,,,,,,,,,,,,,,,,,,
1764,1.0,,,1.0,1.0,,,,0.0,0.0,1.0,,1.0,0.0,1.0,0.0,,1.0,,0.0,0.0,,,,0.0,,,,,,,,0.0,,1.0,,,1.0,1.0,1.0,1.0,0.0,,1.0,0.0,,1.0,,0.0,,0.0,1.0,,,,,,,,1.0,,1.0,1.0,,1.0,,1.0,,,1.0,,1.0,,,,,,1.0,0.0,,0.0,,,,1.0,,,,,,1.0,,1.0,,,,1.0,,,,1.0,,,,1.0,,1.0,,,,,1.0,,,,,,,,1.0,,,,,,,1.0,,1.0,,,,,1.0,,,,,,,,,,,,,,,,,,,,,,,,,,,,,,,,,,,,,,,,,,,,,,,,,,,,,,,,,,,,,,,
1773,0.0,,,1.0,0.0,0.0,0.0,1.0,0.0,1.0,1.0,,1.0,0.0,0.0,1.0,1.0,1.0,0.0,0.0,0.0,0.0,,,0.0,,,,,0.0,0.0,0.0,0.0,,1.0,0.0,,1.0,1.0,1.0,1.0,1.0,,0.0,0.0,,1.0,,0.0,,0.0,1.0,,1.0,,1.0,,,,1.0,,1.0,1.0,1.0,0.0,1.0,1.0,1.0,1.0,1.0,,1.0,1.0,,,,,0.0,0.0,,0.0,,,,1.0,,,1.0,,,1.0,,1.0,,0.0,,1.0,,,,1.0,,,,1.0,,1.0,,,1.0,,1.0,,,,,,,,1.0,0.0,1.0,1.0,1.0,,,1.0,,1.0,,,,,,,,,,,,,,,,,,,,,,,,,,,,,,,,,,,,,,,,,,,,,,,,,,,,,,,,,,,,,,,,,,,,
1775,1.0,,,1.0,0.5,,,,1.0,1.0,,,0.5,,,1.0,1.0,1.0,,,,0.5,,,0.5,,,,,0.0,0.0,,,,,0.0,,0.0,,,,1.0,,,0.0,,,,0.0,,,0.5,,1.0,,,,,,,,,,,,,,,,1.0,,1.0,1.0,,,,,0.0,,,,,,,1.0,,,,,,,,,,,,1.0,,,,0.0,,,,1.0,,,,,1.0,,,,,,,,,,1.0,,,,,,,,,,,,,,,,,,,,,,,,,,,,,,,,,,,,,,,,,,,,,,,,,,,,,,,,,,,,,,,,,,,,,,,,,,,,,
1791,0.0,,,1.0,,,,1.0,0.5,1.0,,,,1.0,1.0,1.0,,,,,0.0,1.0,,,,,,,,,0.0,,,,1.0,,,,1.0,,,,,,0.0,,1.0,,0.5,,,1.0,,1.0,,0.5,,,,,,1.0,1.0,,1.0,,,1.0,1.0,,,1.0,1.0,,,,,0.0,,,1.0,,,,1.0,,,1.0,,,1.0,,1.0,,1.0,,1.0,,,,1.0,,,,,,,,,,,,,,,,,,,,,,,,,,,,,,,,,,,,,,,,,,,,,,,,,,,,,,,,,,,,,,,,,,,,,,,,,,,,,,,,,,,,,,,,,,,,,,,,
1798,1.0,,,1.0,1.0,,,1.0,,0.0,0.5,,1.0,,,1.0,,,0.0,0.0,,1.0,,,1.0,,,,,,0.0,,,,,1.0,,,,,,1.0,,1.0,0.5,,1.0,,,,,,,1.0,,1.0,,,,1.0,,,,1.0,1.0,,1.0,,1.0,,,1.0,1.0,,,,,1.0,,,,,,,1.0,,,1.0,,,,,,,,,1.0,,,,,,,,,,1.0,,,,,,,,,,,,,1.0,1.0,,1.0,1.0,,,,,,,,,,,,,,,,,,,,,,,,,,,,,1.0,,,,,,,,,,,,,,,,,,,,,,,,,,,,,,,,,,,,,,,,,,,,
1799,1.0,,,0.0,1.0,0.0,0.0,1.0,1.0,1.0,0.0,,1.0,1.0,1.0,0.0,1.0,1.0,0.0,0.0,0.0,1.0,,,1.0,,,,,0.0,0.0,0.0,0.0,,1.0,0.0,,1.0,1.0,1.0,1.0,1.0,,1.0,0.0,,1.0,,1.0,,0.0,1.0,,1.0,,1.0,,,,1.0,,1.0,1.0,1.0,1.0,1.0,1.0,0.5,1.0,1.0,,1.0,1.0,,,,,0.0,1.0,,0.0,,,,1.0,,,0.0,,,1.0,,1.0,,0.0,,1.0,,,,1.0,,,,1.0,,1.0,,,1.0,,1.0,,,,,,,,1.0,0.0,1.0,1.0,1.0,,,,,,,,,,,,,,,,,,,,,,,,,,,,,,,,,,,,,,,,,,,,,,,,,,,,,,,,,,,,,,,,,,,,,,,,,
1801,1.0,,,1.0,1.0,0.0,1.0,1.0,0.0,0.0,1.0,,0.0,1.0,0.0,1.0,1.0,1.0,0.0,0.5,0.0,0.0,,,1.0,,,,,0.0,0.0,1.0,1.0,,0.0,0.0,,1.0,1.0,1.0,1.0,1.0,,1.0,0.0,,1.0,,0.0,,0.0,0.0,,1.0,,1.0,,,,1.0,,1.0,1.0,1.0,1.0,1.0,1.0,1.0,1.0,1.0,,1.0,1.0,,,,,0.0,0.0,,0.0,,,,1.0,,,1.0,,,1.0,,1.0,,0.0,,1.0,,,,1.0,,,,1.0,,1.0,,,1.0,,1.0,,,,,,,,1.0,1.0,1.0,0.0,1.0,,,1.0,,1.0,,,,,1.0,,1.0,,1.0,,1.0,1.0,0.0,,1.0,1.0,1.0,,,,,1.0,1.0,,,,,,,,,,,,,,,,,,,,,,,,,,,,,,,,,,,,,,,,,,,,,
1812,1.0,,,,1.0,,0.0,0.0,,0.0,,,0.0,0.0,1.0,0.0,,1.0,,0.0,,0.0,,,,,,,,,,0.0,,,0.0,,,1.0,,1.0,1.0,0.0,,1.0,0.0,,,,0.0,,0.0,,,,,,,,,,,1.0,,,,1.0,,,1.0,,,,,,,,,0.0,,,,,,,,,,1.0,,,,,1.0,,1.0,,1.0,,,,1.0,,,,,,,,,1.0,,,,,,,,,,,,,,,,,,,,,,,,,,,,,,,,,,,,,,,,,,,,,,,,,,,,,,,,,,,,,,,,,,,,,,,,,,,,,,,,,,,,,,,
1816,1.0,,,1.0,0.0,0.5,1.0,1.0,0.0,1.0,1.0,,1.0,0.5,0.5,0.5,1.0,1.0,0.0,0.0,0.0,0.0,,,1.0,,,,,0.0,0.0,0.0,0.0,,0.0,0.0,,1.0,1.0,1.0,1.0,1.0,,1.0,0.0,,1.0,,0.0,,0.0,1.0,,1.0,,1.0,,,,1.0,,1.0,1.0,1.0,0.5,1.0,1.0,1.0,1.0,1.0,,1.0,1.0,,,,,0.0,0.0,,1.0,,,,1.0,,,1.0,,,1.0,,1.0,,0.5,,1.0,,,,0.5,,,,1.0,,1.0,,,1.0,,1.0,,,,,,,,1.0,0.0,1.0,1.0,1.0,,,1.0,,1.0,,,,,1.0,,1.0,,1.0,,1.0,1.0,1.0,,1.0,1.0,1.0,,,,,1.0,1.0,,1.0,1.0,,1.0,1.0,,,,,,,,,,,,,,,,,,,,,,,,,,,,,,,,,,,,,,,
1829,1.0,,,0.0,1.0,0.0,0.0,1.0,1.0,0.0,1.0,,1.0,0.0,1.0,1.0,1.0,1.0,0.0,0.0,0.0,1.0,,,1.0,,,,,0.0,0.0,0.0,0.0,,1.0,0.0,,0.0,1.0,1.0,1.0,0.0,,0.0,0.0,,1.0,,0.0,,0.0,1.0,,1.0,,1.0,,,,1.0,,1.0,1.0,1.0,1.0,1.0,1.0,1.0,1.0,1.0,,1.0,1.0,,,,,0.0,0.0,,0.0,,,,1.0,,,0.0,,,1.0,,1.0,,0.0,,1.0,,,,0.0,,,,1.0,,0.0,,,1.0,,1.0,,,,,,,,1.0,,,,,,,,,,,,,,,,,,,,,,,,,,,,,,,,,,,,,,,,,,,,,,,,,,,,,,,,,,,,,,,,,,,,,,,,,,,,,
1831,1.0,,,1.0,1.0,0.5,0.5,1.0,1.0,1.0,0.0,,0.5,0.0,1.0,1.0,1.0,1.0,0.0,0.5,0.0,1.0,,,1.0,,,,,0.0,0.0,0.0,1.0,,0.5,0.0,,1.0,1.0,1.0,1.0,0.5,,1.0,1.0,,1.0,,0.0,,1.0,1.0,,1.0,,1.0,,,,1.0,,1.0,1.0,0.0,1.0,1.0,1.0,1.0,1.0,0.5,,1.0,1.0,,,,,1.0,1.0,,1.0,,,,1.0,,,1.0,,,1.0,,1.0,,1.0,,1.0,,,,0.0,,,,1.0,,1.0,,,1.0,,1.0,,,,,,,,1.0,,1.0,,1.0,,,,,1.0,,,,,1.0,,1.0,,1.0,,,,,,,,,,,,,,,,,,,,,,,,,,,,,,,,,,,,,,,,,,,,,,,,,,,,,,,,,,,
1839,0.5,,,,1.0,,,,,,,,,,,,,,,,,0.5,,,,,,,,0.0,,,,,,,,,1.0,1.0,,,,,0.5,,,,,,,,,1.0,,,,,,,,,,,,,,,,,,,,,,,,,,,0.5,,,,,,,,,,,,,,,,,,,,,,,,,,,,,,,,,,,,,,,,,,,,,,,,,,,,,,,,,,,,,,,,,,,,,,,,,,,,,,,,,,,,,,,,,,,,,,,,,,,,,,,,,,,,,,,,,,,,
1842,1.0,,,1.0,1.0,1.0,0.0,1.0,1.0,0.0,0.0,,1.0,0.0,1.0,0.0,1.0,1.0,0.0,0.0,0.0,0.0,,,0.0,,,,,0.0,0.0,0.0,0.0,,0.0,0.0,,1.0,1.0,1.0,1.0,1.0,,1.0,0.0,,1.0,,0.0,,0.0,0.0,,1.0,,0.0,,,,1.0,,1.0,1.0,1.0,1.0,1.0,1.0,1.0,1.0,1.0,,1.0,1.0,,,,,0.0,0.0,,0.0,,,,1.0,,,1.0,,,1.0,,1.0,,0.0,,1.0,,,,0.0,,,,1.0,,1.0,,,1.0,,1.0,,,,,,,,1.0,,,,,,,,,,,,,,,,,,,,,,,,,,1.0,,,,,,,,,,,,,,,,,,,,,,,,,,,,,,,,,,,,,,,,,,,,,,,,,,,
1844,1.0,,,1.0,1.0,0.0,0.0,1.0,0.0,0.0,1.0,,1.0,0.0,1.0,0.0,1.0,1.0,0.0,0.0,0.0,0.0,,,0.0,,,,,1.0,0.0,0.0,0.0,,0.0,0.0,,1.0,1.0,1.0,1.0,1.0,,1.0,0.0,,1.0,,1.0,,0.0,1.0,,1.0,,1.0,,,,1.0,,1.0,1.0,1.0,1.0,1.0,1.0,1.0,1.0,1.0,,1.0,1.0,,,,,0.0,1.0,,0.0,,,,1.0,,,1.0,,,1.0,,1.0,,1.0,,1.0,,,,0.0,,,,1.0,,1.0,,,1.0,,1.0,,,,,,,,1.0,,,,,,,,,,,,,,,,,,,,,,,,,,,,,,,,,,,,,,,,,,,,,,,,,,,,,,,,,,,,,,,,,,,,,,,,,,,,,
1847,1.0,,,1.0,1.0,0.0,0.0,1.0,0.0,,,,0.0,,1.0,,1.0,0.0,0.0,,0.0,1.0,,,,,,,,,,,0.0,,1.0,0.0,,1.0,1.0,1.0,1.0,1.0,,0.0,1.0,,,,1.0,,,,,1.0,,1.0,,,,1.0,,1.0,1.0,1.0,,1.0,,1.0,1.0,1.0,,1.0,1.0,,,,,0.0,0.0,,,,,,1.0,,,1.0,,,1.0,,1.0,,0.0,,1.0,,,,1.0,,,,1.0,,,,,1.0,,1.0,,,,,,,,1.0,,,,,,,,,,,,,,,,,,,,,,,,,,,,,,,,,,,,,,,,,,,,,,,,,,,,,,,,,,,,,,,,,,,,,,,,,,,,,
1858,1.0,,,,,0.0,,0.0,1.0,0.0,1.0,,,,1.0,,,1.0,,1.0,,0.0,,,1.0,,,,,0.0,,,0.0,,,,,1.0,1.0,,,1.0,,,,,,,0.0,,0.0,,,,,1.0,,,,,,1.0,1.0,,1.0,,,1.0,1.0,,,,0.0,,,,,,0.0,,0.0,,,,,,,,,,,,,,1.0,,,,,,,,,,,,,,,,,,,,,,,,,,,,,,,,,,,,,,,,,,,,,,,,,,,,,,,,,,,,,,,,,,,,,,,,,,,,,,,,,,,,,,,,,,,,,,,,,,,,,,
1860,1.0,,,1.0,0.0,0.0,1.0,1.0,1.0,1.0,1.0,,1.0,1.0,1.0,1.0,1.0,1.0,1.0,1.0,1.0,1.0,,,1.0,,,,,0.0,0.5,0.5,1.0,,1.0,1.0,,1.0,1.0,1.0,1.0,1.0,,1.0,1.0,,1.0,,0.0,,1.0,1.0,,1.0,,1.0,,,,1.0,,1.0,1.0,1.0,1.0,1.0,1.0,1.0,1.0,1.0,,1.0,1.0,,,,,1.0,1.0,,0.0,,,,1.0,,,1.0,,,1.0,,1.0,,1.0,,1.0,,,,1.0,,,,1.0,,1.0,,,1.0,,1.0,,,,,,,,1.0,0.0,1.0,1.0,1.0,,,1.0,,1.0,,,,,1.0,,1.0,,1.0,,1.0,,,,,,,,,,,,,,,,,,,,,,,,,,,,,,,,,,,,,,,,,,,,,,,,,,,,,,,,,
1869,1.0,,,1.0,1.0,0.0,0.0,0.0,0.0,0.0,1.0,,1.0,0.0,0.0,0.0,1.0,1.0,0.0,0.0,0.0,0.0,,,0.0,,,,,0.0,0.0,1.0,0.0,,0.0,0.0,,1.0,1.0,1.0,1.0,1.0,,0.0,0.0,,1.0,,0.0,,0.0,1.0,,1.0,,0.0,,,,1.0,,1.0,1.0,1.0,0.0,1.0,1.0,1.0,1.0,1.0,,1.0,1.0,,,,,0.0,0.0,,0.0,,,,1.0,,,0.0,,,1.0,,1.0,,0.0,,1.0,,,,0.0,,,,0.0,,1.0,,,1.0,,1.0,,,,,,,,1.0,0.0,1.0,0.0,0.0,,,1.0,,1.0,,,,,1.0,,1.0,,1.0,,1.0,1.0,0.0,,,,,,,,,,,,,,,1.0,,,,1.0,,1.0,,,,,,,,,,,1.0,,,,,,,,,,,,,,,,,,,,,,,
1882,1.0,,,1.0,1.0,1.0,1.0,1.0,0.5,1.0,0.0,,1.0,,1.0,0.5,,,0.0,0.0,0.5,1.0,,,0.0,,,,,1.0,0.5,0.0,1.0,,1.0,0.0,,,1.0,1.0,1.0,0.0,,1.0,0.5,,,,1.0,,0.5,1.0,,1.0,,1.0,,,,1.0,,1.0,1.0,1.0,1.0,1.0,1.0,1.0,1.0,1.0,,1.0,1.0,,,,,1.0,0.5,,1.0,,,,1.0,,,1.0,,,1.0,,1.0,,0.5,,1.0,,,,1.0,,,,1.0,,,,,1.0,,1.0,,,,,,,,1.0,1.0,,,0.0,,,,,1.0,,,,,,,,,,,,,,,1.0,,,,,,,,,,1.0,,,,,,,,,,,0.0,,,,,,,,,,,,,,,,,,,,,,,,,,,,,,,,
1883,1.0,,,,,,,,,1.0,,,,0.5,,,1.0,,,,,,,,,,,,,,0.0,,,,,,,,1.0,,,,,,,,,,,,1.0,0.5,,,,,,,,1.0,,,,1.0,1.0,,,1.0,1.0,1.0,,1.0,1.0,,,,,0.0,,,1.0,,,,,,,,,,,,1.0,,1.0,,,,,,,,,,1.0,,,,,,,1.0,,,,,,,,1.0,,1.0,,1.0,,,1.0,,,,,,,,,,,,,,,,,,,,,,,,,,,,,,,,,,,,,,,,,,,,,,,,,,,,,,,,,,,,,,,,,,,,,,
1887,1.0,,,1.0,1.0,1.0,1.0,1.0,1.0,1.0,0.0,,0.0,0.0,1.0,1.0,1.0,0.0,1.0,1.0,0.0,1.0,,,1.0,,,,,1.0,1.0,1.0,1.0,,1.0,1.0,,1.0,1.0,1.0,1.0,1.0,,1.0,1.0,,1.0,,0.0,,1.0,1.0,,1.0,,1.0,,,,1.0,,1.0,1.0,1.0,1.0,1.0,1.0,1.0,1.0,1.0,,0.0,0.0,,,,,0.0,1.0,,1.0,,,,1.0,,,1.0,,,0.0,,0.0,,1.0,,1.0,,,,1.0,,,,1.0,,1.0,,,1.0,,1.0,,,,,,,,1.0,,,,,,,,,,,,,,,,,,,,,,,,,,,,,,,,,,,,,,,,,,,,,,,,,,,,,,,,,,,,,,,,,,,,,,,,,,,,,
1912,1.0,,,0.5,1.0,0.0,,,1.0,1.0,1.0,,,0.0,0.5,0.0,1.0,1.0,0.5,0.0,1.0,0.0,,,0.5,,,,,,,0.0,,,0.0,,,,,,0.5,1.0,,0.0,,,0.5,,0.0,,0.0,1.0,,0.5,,0.0,,,,,,,1.0,1.0,1.0,1.0,0.5,,1.0,0.5,,,,,,,,,0.0,,0.5,,,,1.0,,,1.0,,,1.0,,1.0,,,,0.5,,,,,,,,1.0,,1.0,,,,,,,,,,,,,1.0,0.5,1.0,0.0,1.0,,,,,,,,,,1.0,,1.0,,,,1.0,,,,1.0,1.0,1.0,,,,,,,,,,,,,,,,,,,,,,,,,,,,,,,,,,,,,,,,,,,,,,,,,,,
1914,1.0,,,1.0,1.0,0.0,0.5,1.0,1.0,1.0,0.0,,1.0,0.5,1.0,1.0,1.0,0.0,0.0,0.0,0.0,,,,1.0,,,,,0.0,0.0,0.0,0.0,,1.0,1.0,,0.5,1.0,1.0,1.0,0.5,,0.0,0.0,,1.0,,1.0,,0.0,0.5,,1.0,,1.0,,,,0.0,,1.0,1.0,1.0,1.0,1.0,1.0,1.0,1.0,1.0,,1.0,1.0,,,,,0.0,1.0,,,,,,1.0,,,1.0,,,1.0,,,,0.0,,1.0,,,,0.0,,,,1.0,,1.0,,,1.0,,1.0,,,,,,,,1.0,,1.0,1.0,0.5,,,,,1.0,,,,,,,,,,,,,,,,,,,,,,,,,,,,,,,,,,,,,,,,,,,,,,,,,,,,,,,,,,,,,,,,,,,,
1927,1.0,,,1.0,1.0,1.0,0.0,1.0,1.0,0.5,1.0,,1.0,0.0,1.0,0.0,1.0,1.0,0.0,0.0,1.0,0.0,,,1.0,,,,,0.0,0.0,0.0,1.0,,0.0,0.0,,1.0,1.0,1.0,1.0,1.0,,1.0,0.0,,1.0,,0.5,,1.0,1.0,,1.0,,0.0,,,,1.0,,1.0,1.0,1.0,1.0,1.0,1.0,1.0,1.0,1.0,,1.0,0.5,,,,,0.0,0.0,,1.0,,,,1.0,,,1.0,,,1.0,,1.0,,1.0,,1.0,,,,0.0,,,,1.0,,1.0,,,1.0,,1.0,,,,,,,,1.0,0.0,,,,,,,,,,,,,,,,,,,,,,,,,,,,,,,,,,,,,,,,,,,,,,,,,,,,,,,,,,,,,,,,,,,,,,,,,,,,
1938,1.0,,,,,0.0,,1.0,0.0,0.0,0.0,,1.0,0.0,1.0,1.0,,,,,0.0,0.0,,,0.0,,,,,0.0,0.0,0.0,0.0,,1.0,0.0,,1.0,1.0,1.0,,1.0,,1.0,0.0,,1.0,,,,,0.0,,1.0,,0.0,,,,1.0,,,1.0,1.0,1.0,,,1.0,1.0,,,1.0,1.0,,,,,,,,0.0,,,,1.0,,,,,,1.0,,1.0,,1.0,,1.0,,,,,,,,1.0,,1.0,,,1.0,,1.0,,,,,,,,1.0,,,,,,,,,,,,,,,,,,,,,,,,,,,,,,,,,,,,,,,,,,,,,,,,,,,,,,,,,,,,,,,,,,,,,,,,,,,,,
1945,1.0,,,1.0,1.0,1.0,1.0,1.0,1.0,1.0,1.0,,1.0,1.0,1.0,1.0,1.0,1.0,0.5,0.5,1.0,1.0,,,1.0,,,,,1.0,1.0,0.5,0.5,,1.0,0.5,,1.0,1.0,1.0,1.0,1.0,,1.0,0.5,,1.0,,1.0,,1.0,1.0,,1.0,,1.0,,,,1.0,,1.0,1.0,1.0,1.0,1.0,1.0,1.0,1.0,1.0,,1.0,1.0,,,,,0.5,0.5,,1.0,,,,1.0,,,1.0,,,1.0,,1.0,,1.0,,1.0,,,,1.0,,,,1.0,,1.0,,,1.0,,1.0,,,,,,,,1.0,,,,,,,,,,,,,,,,,,,,,,,,,,,,,,,,,,,,,,,,,,,,,,,,,,,,,,,,,,,,,,,,,,,,,,,,,,,,,
1948,1.0,,,1.0,,,,1.0,,,,,,,1.0,,,,,,,,,,,,,,,,,0.0,,,0.0,,,,,1.0,,,,1.0,,,,,,,,,,,,0.0,,,,,,,,1.0,,,1.0,,,,,,,,,,,,0.0,,,,,,,,,,,,,,1.0,,,,,,,,,,,,,,,,,,,,,,,,,,,,,,,,,,,,,,,,,,,,,,,,,,,,,,,,,,,,,,,,,,,,,,,,,,,,,,,,,,,,,,,,,,,,,,,,,,,,,,,,
1955,1.0,,,1.0,0.5,0.5,0.0,1.0,1.0,1.0,0.0,,0.0,0.0,1.0,1.0,1.0,1.0,0.0,0.0,0.0,1.0,,,1.0,,,,,0.0,0.0,0.5,0.0,,1.0,0.0,,1.0,1.0,1.0,1.0,1.0,,1.0,0.0,,1.0,,0.0,,0.0,0.5,,1.0,,1.0,,,,1.0,,1.0,1.0,1.0,1.0,1.0,1.0,1.0,1.0,1.0,,1.0,1.0,,,,,1.0,1.0,,0.0,,,,1.0,,,1.0,,,1.0,,1.0,,1.0,,1.0,,,,1.0,,,,1.0,,1.0,,,1.0,,1.0,,,,,,,,1.0,0.0,1.0,1.0,1.0,,,1.0,,1.0,,,,,,,,,,,,,,,,,,,,,,,,,,,,,,,,,,,,,,,,,,,,,,,,,,,,,,,,,,,,,,,,,,,,
1961,0.0,,,1.0,0.0,0.0,0.0,1.0,1.0,1.0,0.0,,1.0,0.0,1.0,0.0,1.0,1.0,0.0,0.0,0.0,1.0,,,0.0,,,,,1.0,0.0,0.5,0.0,,0.0,0.0,,1.0,1.0,1.0,1.0,1.0,,0.0,0.0,,1.0,,0.0,,0.0,1.0,,1.0,,1.0,,,,1.0,,0.0,1.0,1.0,1.0,1.0,1.0,1.0,1.0,1.0,,1.0,1.0,,,,,0.0,0.0,,1.0,,,,1.0,,,1.0,,,1.0,,1.0,,0.0,,1.0,,,,0.0,,,,1.0,,1.0,,,1.0,,1.0,,,,,,,,1.0,0.0,1.0,0.0,1.0,,,,,,,,,,,,,,,,,,,,,,,,,,,,,,,,,,,,,,,,,,,,,,,,,,,,,,,,,,,,,,,,,,,,,,,,,
1962,1.0,,,1.0,1.0,0.5,0.5,1.0,1.0,0.5,0.0,,1.0,0.0,1.0,1.0,1.0,0.5,0.0,0.0,1.0,0.0,,,0.0,,,,,0.0,0.0,0.0,0.0,,0.0,0.5,,0.5,1.0,1.0,1.0,0.5,,0.0,0.0,,1.0,,0.0,,0.5,0.0,,1.0,,0.0,,,,1.0,,1.0,1.0,1.0,1.0,1.0,1.0,1.0,1.0,1.0,,1.0,1.0,,,,,0.0,0.5,,1.0,,,,1.0,,,1.0,,,1.0,,1.0,,1.0,,1.0,,,,0.5,,,,1.0,,1.0,,,1.0,,1.0,,,,,,,,1.0,0.0,1.0,0.0,1.0,,,1.0,,1.0,,,,,1.0,,1.0,,1.0,,1.0,1.0,1.0,,1.0,1.0,1.0,,,,,0.5,1.0,,1.0,0.5,,1.0,1.0,,1.0,0.0,1.0,0.5,,0.0,0.0,,,,1.0,0.0,1.0,,,,,,,,,,,,,,,,,,,,,,,,,
1966,1.0,,,1.0,1.0,1.0,1.0,1.0,1.0,,0.0,,1.0,1.0,,0.0,1.0,,1.0,1.0,1.0,1.0,,,,,,,,1.0,0.0,1.0,1.0,,0.0,1.0,,1.0,1.0,,1.0,,,0.0,1.0,,,,1.0,,,1.0,,1.0,,1.0,,,,1.0,,,,1.0,1.0,,1.0,1.0,1.0,,,,1.0,,,,,,1.0,,1.0,,,,1.0,,,1.0,,,1.0,,1.0,,1.0,,1.0,,,,1.0,,,,1.0,,,,,1.0,,,,,,,,,,1.0,1.0,1.0,,1.0,,,,,1.0,,,,,1.0,,1.0,,1.0,,1.0,1.0,1.0,,,1.0,1.0,,,,,,,,,,,,,,,,,,,,,,,,,,,,,,,,,,,,,,,,,,,,,,,,,,,
1968,1.0,,,,,0.0,,1.0,1.0,,,,0.0,0.0,,1.0,,,0.0,,,1.0,,,,,,,,,0.0,0.0,1.0,,0.0,,,,,1.0,,1.0,,0.0,,,1.0,,0.0,,,1.0,,,,1.0,,,,,,1.0,,1.0,,,,1.0,,,,1.0,,,,,,1.0,,,,,,,,,,,,,,,1.0,,0.0,,1.0,,,,,,,,,,,,,,,1.0,,,,,,,,,,,,,,,,,,,,,,,,,,,,,,,,,,,,,,,,,,,,,,,,,,,,,,,,,,,,,,,,,,,,,,,,,,,,,,,,,,,,,
1980,1.0,,,,1.0,1.0,,1.0,,1.0,,,1.0,,,,,,0.0,,,,,,,,,,,,1.0,0.0,1.0,,,,,,,,1.0,1.0,,,1.0,,1.0,,0.0,,0.0,,,,,1.0,,,,,,1.0,1.0,1.0,,,1.0,,1.0,1.0,,1.0,,,,,,,1.0,,,,,,,,,1.0,,,1.0,,,,,,,,,,1.0,,,,,,,,,1.0,,1.0,,,,,,,,1.0,,,,,,,,,,,,,,,,,,,,,,,,,,,,,,,,,,,,,,,,,,,,,,,,,,,,,,,,,,,,,,,,,,,,,,,,,,,,,
1990,1.0,,,1.0,1.0,0.0,0.0,1.0,1.0,1.0,1.0,,1.0,0.0,1.0,1.0,1.0,1.0,0.0,0.0,0.0,0.0,,,0.0,,,,,0.0,0.0,0.0,0.0,,0.0,0.0,,1.0,1.0,1.0,1.0,1.0,,1.0,0.0,,1.0,,0.0,,0.0,0.0,,1.0,,0.0,,,,1.0,,1.0,1.0,1.0,1.0,1.0,1.0,1.0,1.0,1.0,,1.0,1.0,,,,,0.0,0.0,,0.0,,,,1.0,,,1.0,,,1.0,,1.0,,1.0,,1.0,,,,0.0,,,,1.0,,1.0,,,1.0,,0.0,,,,,,,,1.0,0.0,1.0,0.0,0.0,,,1.0,,1.0,,,,,1.0,,1.0,,1.0,,1.0,1.0,1.0,,1.0,1.0,1.0,,,,,1.0,1.0,,1.0,1.0,,,,,,,,,,,,,,,,,,,,,,,,,,,,,,,,,,,,,,,,,,
2008,1.0,,,1.0,1.0,0.5,0.0,1.0,0.5,1.0,1.0,,1.0,1.0,0.0,1.0,1.0,0.0,0.5,0.5,0.5,0.0,,,1.0,,,,,0.0,0.0,0.0,0.5,,0.0,0.5,,0.5,1.0,1.0,1.0,0.5,,1.0,0.5,,1.0,,1.0,,0.0,1.0,,1.0,,1.0,,,,1.0,,1.0,1.0,1.0,0.5,1.0,1.0,1.0,1.0,1.0,,1.0,1.0,,,,,1.0,1.0,,1.0,,,,1.0,,,1.0,,,1.0,,1.0,,0.0,,1.0,,,,1.0,,,,1.0,,1.0,,,1.0,,1.0,,,,,,,,1.0,0.5,1.0,0.5,1.0,,,1.0,,1.0,,,,,1.0,,1.0,,0.5,,1.0,1.0,0.5,,1.0,0.5,1.0,,,,,,,,,,,,,,,,,,,,,,,,,,,,,,,,,,,,,,,,,,,,,,,,,,,
2013,1.0,,,1.0,1.0,1.0,1.0,1.0,0.0,1.0,0.0,,1.0,0.0,0.0,0.0,1.0,1.0,1.0,1.0,0.0,1.0,,,1.0,,,,,1.0,0.0,1.0,0.0,,1.0,0.0,,1.0,1.0,1.0,1.0,1.0,,1.0,0.0,,1.0,,1.0,,0.0,1.0,,1.0,,0.0,,,,1.0,,1.0,1.0,1.0,1.0,1.0,1.0,1.0,1.0,1.0,,1.0,1.0,,,,,0.0,0.0,,1.0,,,,1.0,,,0.0,,,1.0,,1.0,,1.0,,1.0,,,,1.0,,,,1.0,,0.0,,,1.0,,1.0,,,,,,,,1.0,0.0,1.0,1.0,1.0,,,,,,,,,,,,,,,,,,,,,,,,,,,,,,,,,,,,,,,,,,,,,,,,,,,,,,,,,,,,,,,,,,,,,,,,,
2016,1.0,,,1.0,1.0,1.0,0.0,1.0,0.0,1.0,0.0,,1.0,0.0,1.0,0.5,1.0,1.0,0.0,0.0,0.0,1.0,,,1.0,,,,,0.0,0.0,0.0,0.0,,0.0,0.0,,1.0,1.0,1.0,1.0,1.0,,0.0,0.5,,1.0,,0.0,,0.0,1.0,,1.0,,1.0,,,,0.0,,1.0,1.0,1.0,1.0,1.0,1.0,1.0,1.0,1.0,,1.0,1.0,,,,,1.0,0.0,,0.5,,,,1.0,,,1.0,,,1.0,,1.0,,0.0,,1.0,,,,1.0,,,,1.0,,1.0,,,1.0,,1.0,,,,,,,,1.0,0.0,1.0,1.0,1.0,,,1.0,,1.0,,,,,,,,,,,,,,,,,,,,,,,,,,,,,,,,,,,,,,,,,,,,,,,,,,,,,,,,,,,,,,,,,,,,
2022,1.0,,,1.0,0.0,0.0,0.0,1.0,0.0,0.5,1.0,,1.0,,1.0,1.0,1.0,1.0,0.0,0.0,0.0,0.0,,,0.0,,,,,0.0,0.0,,0.0,,1.0,0.0,,1.0,1.0,1.0,1.0,0.5,,1.0,0.0,,1.0,,0.0,,0.0,0.5,,1.0,,0.5,,,,1.0,,1.0,1.0,1.0,0.0,1.0,1.0,1.0,1.0,1.0,,1.0,1.0,,,,,,0.0,,0.0,,,,1.0,,,1.0,,,0.0,,1.0,,0.0,,1.0,,,,,,,,1.0,,,,,1.0,,,,,,,,,,,0.0,1.0,1.0,1.0,,,,,,,,,,,,,,,,,,,,,,,,,,,,,,,,,,,,,,,,,,,,,,,,,,,,,,,,,,,,,,,,,,,,,,,,,
2027,1.0,,,1.0,1.0,0.0,0.0,1.0,1.0,,0.0,,,0.0,1.0,0.0,1.0,,0.0,,,,,,,,,,,1.0,0.0,1.0,0.0,,,,,0.0,1.0,1.0,1.0,1.0,,1.0,0.0,,1.0,,,,,0.0,,,,,,,,,,1.0,1.0,,0.0,1.0,1.0,,1.0,,,,1.0,,,,,1.0,0.0,,,,,,,,,,,,,,1.0,,1.0,,1.0,,,,,,,,1.0,,1.0,,,,,,,,,,,,,1.0,1.0,1.0,,1.0,,,,,,,,,,,,,,,,,,,,,,,,,,,,,,,,,,,,,,,,,,,,,,,,,,,,,,,,,,,,,,,,,,,,,,,,,
2035,1.0,,,1.0,,,0.5,,0.5,,0.0,,,0.0,,0.0,,,0.5,,,,,,,,,,,0.0,,,0.0,,1.0,0.0,,,1.0,,,1.0,,,,,,,,,0.0,,,1.0,,,,,,1.0,,1.0,1.0,1.0,1.0,,1.0,,,1.0,,,,,,,,,1.0,,,,,,,,,1.0,,,,,0.5,,0.0,,1.0,,,,0.5,,,,1.0,,,,,1.0,,,,,,,,,,1.0,,,1.0,,,,,,,,,,,,,,,,,,,,,,,,,,,,,,,,,,,,,,,,,,,,,,,,,,,,,,,,,,,,,,,,,,,,,,,,,,
2039,1.0,,,,1.0,0.0,,,,,0.5,,,,0.5,,1.0,,,0.5,,0.5,,,,,,,,,,0.0,,,,,,,,,,0.0,,,,,,,0.0,,0.0,0.5,,,,0.5,,,,,,1.0,1.0,,,,,,,,,1.0,1.0,,,,,,0.5,,,,,,,,,,,,,,,,,,1.0,,,,0.0,,,,,,,,,,,,,,,,,,,,,,,0.0,,,,,,,,,,,,,,,,,,,,,,,,,,,,,,,,,,,,,,,,,,,,,,,,,,,,,,,,,,,,,,,,,,,,,,,,,
2049,0.5,,,1.0,0.5,0.5,0.5,0.5,0.5,0.5,0.5,,1.0,0.5,0.5,0.5,1.0,0.5,0.0,0.0,0.0,0.5,,,0.5,,,,,0.0,0.0,0.5,0.0,,0.0,0.5,,1.0,0.5,0.5,1.0,0.5,,0.5,0.0,,0.5,,0.0,,0.0,1.0,,1.0,,0.5,,,,1.0,,0.5,1.0,1.0,0.0,1.0,1.0,0.5,1.0,1.0,,1.0,0.5,,,,,0.5,0.0,,0.0,,,,1.0,,,1.0,,,1.0,,1.0,,0.5,,1.0,,,,1.0,,,,1.0,,1.0,,,1.0,,1.0,,,,,,,,1.0,0.5,0.5,0.0,1.0,,,1.0,,1.0,,,,,1.0,,1.0,,0.5,,1.0,1.0,1.0,,1.0,1.0,0.5,,,,,1.0,1.0,,1.0,1.0,,,,,,,,,,,,,,,,,,,,,,,,,,,,,,,,,,,,,,,,,,
2057,1.0,,,1.0,1.0,0.5,1.0,1.0,1.0,1.0,1.0,,1.0,1.0,0.5,0.5,1.0,1.0,0.0,0.0,0.0,0.5,,,1.0,,,,,0.0,0.0,0.5,0.0,,1.0,0.0,,1.0,1.0,1.0,1.0,0.5,,1.0,0.0,,1.0,,1.0,,0.0,1.0,,1.0,,1.0,,,,1.0,,1.0,1.0,0.5,1.0,1.0,1.0,1.0,1.0,1.0,,1.0,1.0,,,,,1.0,0.0,,0.5,,,,1.0,,,1.0,,,1.0,,1.0,,1.0,,1.0,,,,0.5,,,,1.0,,1.0,,,1.0,,1.0,,,,,,,,1.0,0.0,1.0,1.0,1.0,,,1.0,,1.0,,,,,1.0,,1.0,,1.0,,1.0,1.0,1.0,,1.0,1.0,1.0,,,,,1.0,1.0,,1.0,1.0,,1.0,1.0,1.0,,,,,,,,,,,,,,,,,,,,,,,,,,,,,,,,,,,,,,
2062,1.0,,,,,,0.0,,0.0,,1.0,,1.0,0.0,1.0,1.0,1.0,,0.0,1.0,0.0,0.5,,,1.0,,,,,0.0,1.0,,1.0,,0.0,0.0,,1.0,1.0,,1.0,1.0,,,0.0,,1.0,,,,0.5,1.0,,1.0,,,,,,,,1.0,1.0,1.0,1.0,1.0,1.0,1.0,1.0,0.5,,1.0,1.0,,,,,0.0,0.0,,,,,,1.0,,,1.0,,,1.0,,,,0.0,,1.0,,,,0.0,,,,1.0,,1.0,,,,,,,,,,,,,1.0,0.0,1.0,,0.5,,,1.0,,1.0,,,,,,,,,,,,,,,,,,,,,,,,,,,,,,,,,,,,,,,,,,,,,,,,,,,,,,,,,,,,,,,,,,,,
2063,1.0,,,1.0,,1.0,0.0,1.0,1.0,,0.0,,1.0,0.0,,0.0,1.0,1.0,1.0,0.0,0.0,1.0,,,1.0,,,,,0.0,,1.0,0.0,,0.0,0.0,,1.0,1.0,1.0,1.0,1.0,,1.0,0.0,,1.0,,1.0,,,1.0,,1.0,,1.0,,,,1.0,,1.0,1.0,1.0,,1.0,1.0,1.0,1.0,1.0,,1.0,1.0,,,,,0.0,1.0,,1.0,,,,1.0,,,1.0,,,1.0,,1.0,,1.0,,,,,,1.0,,,,1.0,,,,,1.0,,1.0,,,,,,,,1.0,,1.0,1.0,1.0,,,,,,,,,,1.0,,,,,,1.0,,1.0,,,,,,,,,,,,,,,,,,,,,,,,,,,,,,,,,,,,,,,,,,,,,,,,,,,,,,,
2070,1.0,,,1.0,,1.0,0.0,,0.0,0.0,0.0,,1.0,1.0,1.0,1.0,1.0,1.0,,0.0,0.0,0.0,,,1.0,,,,,0.0,1.0,,0.0,,,0.0,,1.0,1.0,1.0,1.0,0.0,,0.0,0.0,,1.0,,1.0,,0.0,1.0,,,,1.0,,,,1.0,,1.0,1.0,1.0,0.0,1.0,1.0,1.0,1.0,1.0,,1.0,1.0,,,,,0.0,1.0,,0.0,,,,1.0,,,,,,1.0,,,,1.0,,1.0,,,,,,,,1.0,,1.0,,,1.0,,1.0,,,,,,,,1.0,0.0,,,1.0,,,1.0,,1.0,,,,,,,,,,,,,,,,,,,,,,,,,,,,,,,,,,,,,,,,,,,,,,,,,,,,,,,,,,,,,,,,,,,,
2072,1.0,,,1.0,1.0,,,,,,1.0,,,,1.0,,,,,,,1.0,,,,,,,,,,,,,,,,,1.0,,1.0,,,,0.0,,1.0,,,,,,,,,,,,,,,,,,,,,,,1.0,,,,,,,,1.0,0.0,,,,,,,,,,,,,,1.0,,,,,,,,,,,,1.0,,,,,,,,,,,,,,,1.0,,,,1.0,,,1.0,,,,,,,1.0,,,,,,,,,,,,1.0,,,,,,,,,,,,,,,,,,,,,,,,,,,,,,,,,,,,,,,,,,,,,,,,,,,
2078,1.0,,,1.0,1.0,1.0,1.0,1.0,1.0,1.0,0.0,,1.0,1.0,1.0,1.0,1.0,1.0,0.5,0.0,0.5,1.0,,,1.0,,,,,1.0,0.5,1.0,1.0,,1.0,0.0,,1.0,1.0,1.0,1.0,1.0,,1.0,0.5,,1.0,,0.0,,0.5,1.0,,1.0,,1.0,,,,1.0,,1.0,1.0,1.0,1.0,1.0,1.0,1.0,1.0,1.0,,1.0,1.0,,,,,1.0,1.0,,1.0,,,,1.0,,,1.0,,,1.0,,1.0,,1.0,,1.0,,,,1.0,,,,1.0,,1.0,,,1.0,,1.0,,,,,,,,1.0,1.0,1.0,1.0,1.0,,,1.0,,1.0,,,,,,,,,,,,,,,,,,,,,,,,,,,,,,,,,,,,,,,,,,,,,,,,,,,,,,,,,,,,,,,,,,,,
2082,0.5,,,0.5,0.5,0.5,0.5,0.5,0.5,0.5,0.5,,0.5,0.5,0.5,0.5,0.5,1.0,0.5,0.5,0.5,0.5,,,0.5,,,,,0.5,0.5,0.5,0.5,,0.5,0.5,,0.5,1.0,1.0,1.0,0.5,,0.5,0.5,,0.5,,0.5,,0.5,0.5,,0.5,,0.5,,,,0.5,,0.5,0.5,0.5,0.5,0.5,0.5,0.5,1.0,0.5,,0.5,1.0,,,,,0.5,0.5,,1.0,,,,0.5,,,0.5,,,0.5,,0.5,,0.5,,0.5,,,,0.5,,,,0.5,,0.5,,,0.5,,0.5,,,,,,,,0.5,0.5,0.5,0.5,0.5,,,0.5,,0.5,,,,,1.0,,1.0,,1.0,,0.5,1.0,0.5,,1.0,1.0,0.5,,,,,1.0,0.5,,1.0,0.5,,,,,,,,,,,,,,,,,,,,,,,,,,,,,,,,,,,,,,,,,,
2090,1.0,,,1.0,1.0,0.5,0.0,1.0,0.5,0.5,0.5,,1.0,0.0,1.0,0.5,1.0,1.0,0.0,0.0,0.0,0.5,,,0.5,,,,,0.0,0.0,0.0,0.0,,0.5,0.0,,1.0,1.0,1.0,1.0,1.0,,0.5,0.0,,1.0,,0.5,,0.0,1.0,,1.0,,1.0,,,,1.0,,1.0,1.0,1.0,1.0,1.0,1.0,1.0,1.0,1.0,,1.0,1.0,,,,,0.0,0.0,,1.0,,,,1.0,,,1.0,,,1.0,,1.0,,0.5,,1.0,,,,0.5,,,,1.0,,1.0,,,1.0,,1.0,,,,,,,,1.0,0.5,1.0,0.5,1.0,,,1.0,,1.0,,,,,,,,,,,,,,,,,,,,,,,,,,,,,,,,,,,,,,,,,,,,,,,,,,,,,,,,,,,,,,,,,,,,
2092,1.0,,,1.0,1.0,0.5,0.0,1.0,1.0,1.0,1.0,,1.0,0.5,1.0,1.0,1.0,1.0,0.0,1.0,0.0,1.0,,,0.0,,,,,0.0,0.0,0.0,0.0,,0.0,0.0,,1.0,1.0,1.0,1.0,1.0,,1.0,0.0,,1.0,,1.0,,0.0,1.0,,1.0,,1.0,,,,1.0,,1.0,1.0,1.0,1.0,1.0,1.0,1.0,1.0,1.0,,1.0,1.0,,,,,1.0,1.0,,0.5,,,,1.0,,,1.0,,,1.0,,1.0,,0.0,,1.0,,,,1.0,,,,1.0,,1.0,,,1.0,,1.0,,,,,,,,1.0,0.0,1.0,1.0,1.0,,,1.0,,1.0,,,,,,,,,,,,,,,,,,,,,,,,,,,,,,,,,,,,,,,,,,,,,,,,,,,,,,,,,,,,,,,,,,,,
2096,0.0,,,0.0,1.0,0.5,0.0,1.0,1.0,1.0,0.0,,1.0,0.0,1.0,0.0,1.0,0.0,0.5,0.0,0.0,1.0,,,1.0,,,,,0.5,0.5,0.5,1.0,,1.0,0.5,,1.0,1.0,1.0,1.0,1.0,,0.0,0.5,,1.0,,0.0,,0.5,1.0,,1.0,,1.0,,,,1.0,,1.0,1.0,1.0,1.0,1.0,1.0,1.0,1.0,1.0,,1.0,1.0,,,,,0.0,0.0,,1.0,,,,1.0,,,1.0,,,1.0,,1.0,,0.5,,1.0,,,,1.0,,,,1.0,,1.0,,,1.0,,1.0,,,,,,,,1.0,1.0,1.0,1.0,1.0,,,1.0,,1.0,,,,,,,,,,,,,,,,,,,,,,,,,,,,,,,,,,,,,,,,,,,,,,,,,,,,,,,,,,,,,,,,,,,,
2098,1.0,,,1.0,1.0,,,,1.0,,,,,0.5,1.0,,,1.0,0.0,0.0,,,,,,,,,,0.0,,,,,,,,0.5,,1.0,,0.5,,,0.0,,,,0.5,,0.0,,,,,0.5,,,,,,,,,0.5,,,1.0,1.0,,,1.0,,,,,,0.0,,,,,,,,,,,,,,,1.0,,,,,,,,,,,,,,1.0,,,,,,,,,,,,,,0.0,1.0,0.0,,,,1.0,,,,,,,,,,,,,,,,,,,,,,,,,,,,,,,,,,,,,,,,,,,,,,,,,,,,,,,,,,,,,,,,,,,,,,
2099,0.5,,,1.0,,0.5,,1.0,1.0,0.0,0.5,,1.0,1.0,1.0,1.0,1.0,0.5,0.5,1.0,0.0,0.5,,,0.0,,,,,0.5,0.0,0.5,0.0,,0.0,0.5,,1.0,1.0,1.0,,0.5,,0.5,0.0,,1.0,,0.5,,0.0,1.0,,1.0,,0.5,,,,1.0,,1.0,1.0,1.0,1.0,0.0,1.0,1.0,1.0,1.0,,,0.5,,,,,1.0,0.0,,0.5,,,,1.0,,,1.0,,,1.0,,1.0,,1.0,,1.0,,,,0.5,,,,0.0,,1.0,,,1.0,,1.0,,,,,,,,1.0,0.0,1.0,1.0,1.0,,,1.0,,1.0,,,,,,,,,,,,,,,,,,,,,,,,,,,,,,,,,,,,,,,,,,,,,,,,,,,,,,,,,,,,,,,,,,,,
2115,0.0,,,1.0,1.0,0.0,0.0,1.0,0.0,0.0,0.0,,1.0,0.0,1.0,0.0,0.0,0.0,0.0,0.0,0.0,0.0,,,0.0,,,,,0.0,0.0,0.0,1.0,,0.0,0.0,,1.0,1.0,1.0,1.0,1.0,,0.0,0.0,,1.0,,1.0,,1.0,1.0,,1.0,,0.0,,,,1.0,,1.0,1.0,1.0,1.0,1.0,1.0,1.0,1.0,1.0,,1.0,1.0,,,,,0.0,0.0,,0.0,,,,1.0,,,1.0,,,1.0,,1.0,,1.0,,1.0,,,,1.0,,,,1.0,,1.0,,,1.0,,1.0,,,,,,,,1.0,0.0,1.0,0.0,1.0,,,1.0,,1.0,,,,,,,,,,,,,,,,,,,,,,,,,,,,,,,,,,,,,,,,,,,,,,,,,,,,,,,,,,,,,,,,,,,,
2132,1.0,,,1.0,0.0,0.0,0.0,0.0,0.0,0.0,0.0,,1.0,1.0,1.0,0.0,0.0,1.0,0.0,0.0,0.0,1.0,,,1.0,,,,,0.0,0.0,0.0,0.0,,0.0,0.0,,1.0,1.0,1.0,1.0,1.0,,1.0,0.0,,0.0,,1.0,,1.0,1.0,,1.0,,0.0,,,,1.0,,1.0,1.0,1.0,0.0,1.0,1.0,1.0,1.0,1.0,,1.0,1.0,,,,,0.0,0.0,,0.0,,,,1.0,,,1.0,,,1.0,,1.0,,0.0,,1.0,,,,0.0,,,,0.0,,1.0,,,1.0,,1.0,,,,,,,,1.0,0.0,1.0,0.0,1.0,,,1.0,,1.0,,,,,,,,,,,,,,,,,,,,,,,,,,,,,,,,,,,,,,,,,,,,,,,,,,,,,,,,,,,,,,,,,,,,
2133,0.5,,,1.0,1.0,0.0,0.0,1.0,1.0,0.0,0.5,,1.0,0.0,1.0,1.0,1.0,0.0,0.0,0.0,0.0,1.0,,,0.5,,,,,0.0,0.0,0.0,1.0,,1.0,0.0,,1.0,1.0,1.0,1.0,1.0,,0.5,0.0,,1.0,,0.5,,0.0,0.0,,1.0,,1.0,,,,1.0,,1.0,1.0,1.0,1.0,1.0,1.0,1.0,1.0,1.0,,1.0,1.0,,,,,1.0,0.0,,0.0,,,,1.0,,,1.0,,,1.0,,1.0,,1.0,,1.0,,,,1.0,,,,1.0,,1.0,,,1.0,,1.0,,,,,,,,1.0,1.0,1.0,1.0,1.0,,,1.0,,1.0,,,,,1.0,,1.0,,1.0,,1.0,1.0,1.0,,1.0,1.0,1.0,,,,,1.0,1.0,,,,,,,,,,,,,,,,,,,,,,,,,,,,,,,,,,,,,,,,,,,,,
2136,1.0,,,1.0,1.0,0.0,0.5,1.0,0.0,1.0,1.0,,1.0,1.0,0.5,1.0,0.5,1.0,0.0,0.0,0.0,0.0,,,0.0,,,,,0.0,0.0,0.0,0.0,,1.0,0.0,,0.0,1.0,1.0,0.5,1.0,,1.0,0.0,,1.0,,0.0,,0.0,0.0,,1.0,,0.5,,,,1.0,,1.0,1.0,1.0,1.0,1.0,1.0,1.0,1.0,1.0,,1.0,1.0,,,,,1.0,0.0,,1.0,,,,1.0,,,1.0,,,1.0,,1.0,,0.0,,1.0,,,,1.0,,,,1.0,,1.0,,,1.0,,1.0,,,,,,,,1.0,0.5,1.0,0.0,1.0,,,1.0,,1.0,,,,,1.0,,1.0,,1.0,,1.0,1.0,1.0,,1.0,1.0,1.0,,,,,1.0,1.0,,1.0,1.0,,1.0,1.0,,1.0,0.0,0.5,1.0,,,,,,,,,,,,,,,,,,,,,,,,,,,,,,,,,,
2138,1.0,,,1.0,,,,,,0.5,,,,,,,0.5,,,0.5,,,,,,,,,,0.5,0.0,0.5,0.5,,,,,,,,1.0,,,,,,,,,,,1.0,,,,,,,,,,1.0,,,1.0,,,1.0,,1.0,,1.0,1.0,,,,,,,,,,,,,,,1.0,,,,,,,0.5,,,,,,,,,,,,1.0,,,1.0,,,,,,,,,,,,1.0,1.0,,,,,,1.0,,,,,,,,,1.0,,,,,,,,,,,,,,,,,,,,,,,,,,1.0,,,,,,,,,,,,,,,,,,,,,,,,,,,,,,,,,
2140,0.5,,,1.0,1.0,,,,,0.5,0.0,,,0.0,1.0,,1.0,1.0,1.0,0.5,0.0,1.0,,,0.0,,,,,1.0,0.0,0.0,1.0,,,,,1.0,1.0,,,,,0.0,,,1.0,,1.0,,,,,,,,,,,,,1.0,1.0,1.0,,,0.5,,1.0,,,0.0,0.5,,,,,,,,,,,,,,,1.0,,,0.5,,0.0,,1.0,,,,,,,,,,,,,,,0.5,,1.0,,,,,,,,,0.0,,,,,,,,1.0,,,,,,,,,,,,,,,,,,,,,,,,,,,,,,,,,,,,,,,,,,,,,,,,,,,,,,,,,,,,,,,,,,,,
2144,1.0,,,1.0,1.0,0.0,0.0,1.0,1.0,1.0,0.5,,1.0,0.0,1.0,0.0,1.0,0.0,0.0,0.0,0.0,0.0,,,1.0,,,,,0.0,0.0,0.0,0.0,,0.0,0.0,,1.0,1.0,1.0,1.0,1.0,,0.0,0.0,,1.0,,1.0,,0.0,1.0,,1.0,,1.0,,,,1.0,,1.0,1.0,1.0,1.0,1.0,1.0,1.0,1.0,1.0,,1.0,1.0,,,,,0.0,0.0,,1.0,,,,1.0,,,1.0,,,1.0,,1.0,,0.5,,1.0,,,,0.0,,,,1.0,,1.0,,,1.0,,1.0,,,,,,,,1.0,0.0,1.0,0.0,1.0,,,1.0,,1.0,,,,,,,,,,,,,,,,,,,,,,,,,,,,,,,,,,,,,,,,,,,,,,,,,,,,,,,,,,,,,,,,,,,,
2159,1.0,,,,1.0,0.0,,1.0,1.0,1.0,,,,1.0,1.0,0.0,1.0,1.0,0.0,0.0,0.0,1.0,,,0.0,,,,,1.0,0.0,,1.0,,0.0,0.0,,1.0,1.0,1.0,1.0,,,1.0,0.0,,1.0,,,,0.0,1.0,,,,,,,,1.0,,1.0,1.0,1.0,1.0,1.0,1.0,1.0,1.0,1.0,,1.0,1.0,,,,,,1.0,,1.0,,,,1.0,,,,,,1.0,,1.0,,,,1.0,,,,1.0,,,,1.0,,0.0,,,1.0,,1.0,,,,,,,,1.0,0.0,1.0,1.0,1.0,,,1.0,,,,,,,1.0,,1.0,,,,1.0,0.0,1.0,,1.0,1.0,1.0,,,,,,,,1.0,1.0,,0.0,1.0,,,1.0,1.0,,,1.0,,,,,,,,,,,,,,,,,,,,,,,,,,,,,,,,
2163,1.0,,,1.0,1.0,0.0,,1.0,,0.0,0.0,,1.0,1.0,1.0,0.0,1.0,1.0,,0.0,0.0,1.0,,,,,,,,0.0,0.0,1.0,1.0,,0.0,,,1.0,1.0,1.0,1.0,1.0,,0.0,0.0,,,,,,1.0,1.0,,,,1.0,,,,,,1.0,1.0,1.0,0.0,,,1.0,1.0,1.0,,1.0,1.0,,,,,0.0,0.0,,1.0,,,,1.0,,,1.0,,,,,1.0,,0.0,,1.0,,,,1.0,,,,,,1.0,,,1.0,,1.0,,,,,,,,1.0,0.0,,1.0,,,,1.0,,1.0,,,,,,,,,,,,,,,,,,,,,,,,,,,,,,,,,,,,,,,,,,,,,,,,,,,,,,,,,,,,,,,,,,,,
2169,1.0,,,1.0,1.0,0.0,0.0,1.0,1.0,1.0,0.0,,1.0,1.0,1.0,1.0,1.0,1.0,0.0,0.0,0.0,0.0,,,0.0,,,,,0.0,0.0,1.0,0.0,,1.0,0.0,,1.0,1.0,1.0,1.0,1.0,,1.0,0.0,,1.0,,1.0,,0.0,0.0,,1.0,,0.0,,,,1.0,,1.0,1.0,1.0,0.0,1.0,1.0,1.0,1.0,1.0,,1.0,1.0,,,,,0.0,0.0,,0.0,,,,1.0,,,1.0,,,1.0,,1.0,,1.0,,1.0,,,,0.0,,,,1.0,,1.0,,,1.0,,1.0,,,,,,,,1.0,0.0,1.0,0.0,0.0,,,1.0,,1.0,,,,,,,,,,,,,,,,,,,,,,,,,,,,,,,,,,,,,,,,,,,,,,,,,,,,,,,,,,,,,,,,,,,,
2181,1.0,,,1.0,1.0,0.5,0.0,1.0,1.0,1.0,0.5,,1.0,1.0,1.0,0.0,1.0,1.0,0.0,0.0,0.0,1.0,,,1.0,,,,,0.5,0.0,0.0,0.0,,1.0,0.0,,1.0,1.0,1.0,1.0,1.0,,1.0,1.0,,1.0,,1.0,,1.0,0.0,,1.0,,1.0,,,,1.0,,1.0,1.0,1.0,1.0,1.0,1.0,1.0,1.0,1.0,,1.0,1.0,,,,,0.5,0.0,,1.0,,,,1.0,,,1.0,,,1.0,,1.0,,0.5,,1.0,,,,1.0,,,,1.0,,1.0,,,1.0,,1.0,,,,,,,,1.0,1.0,1.0,1.0,1.0,,,1.0,,1.0,,,,,,,,,,,,,,,,,,,,,,,,,,,,,,,,,,,,,,,,,,,,,,,,,,,,,,,,,,,,,,,,,,,,
2190,1.0,,,1.0,1.0,0.5,0.0,1.0,1.0,1.0,1.0,,1.0,0.5,1.0,0.5,1.0,1.0,0.0,0.0,0.5,0.5,,,1.0,,,,,0.0,0.5,0.5,0.0,,0.5,0.5,,1.0,1.0,1.0,1.0,0.5,,1.0,0.5,,1.0,,0.0,,0.5,1.0,,1.0,,0.5,,,,1.0,,1.0,1.0,1.0,1.0,0.5,1.0,1.0,1.0,1.0,,1.0,1.0,,,,,0.5,0.5,,0.5,,,,1.0,,,1.0,,,1.0,,1.0,,0.5,,1.0,,,,0.5,,,,1.0,,1.0,,,1.0,,1.0,,,,,,,,1.0,0.5,1.0,1.0,1.0,,,1.0,,1.0,,,,,,,,,,,,,,,,,,,,,,,,,,,,,,,,,,,,,,,,,,,,,,,,,,,,,,,,,,,,,,,,,,,,
2202,1.0,,,1.0,1.0,0.0,0.5,1.0,1.0,1.0,1.0,,1.0,0.0,0.5,0.5,1.0,1.0,0.5,0.0,0.5,1.0,,,1.0,,,,,0.0,0.0,0.0,0.5,,0.0,0.0,,1.0,1.0,1.0,1.0,0.5,,0.5,0.0,,1.0,,0.5,,0.0,0.5,,1.0,,0.5,,,,1.0,,1.0,1.0,1.0,0.5,1.0,1.0,1.0,1.0,1.0,,1.0,1.0,,,,,0.0,0.5,,0.5,,,,1.0,,,1.0,,,1.0,,1.0,,0.5,,1.0,,,,0.5,,,,1.0,,1.0,,,1.0,,1.0,,,,,,,,1.0,0.5,1.0,0.0,1.0,,,1.0,,1.0,,,,,1.0,,1.0,,1.0,,1.0,0.5,1.0,,1.0,1.0,1.0,,,,,1.0,1.0,,1.0,1.0,,1.0,1.0,,,,,,,,,,,,,,,,,,,,,,,,,,,,,,,,,,,,,,,
2207,1.0,,,1.0,0.0,0.0,0.0,1.0,0.0,1.0,0.0,,1.0,1.0,1.0,0.0,1.0,1.0,0.0,0.0,0.0,0.0,,,0.0,,,,,0.0,0.0,0.0,0.0,,0.0,0.0,,0.0,1.0,1.0,1.0,1.0,,1.0,0.0,,1.0,,0.0,,0.0,1.0,,1.0,,0.0,,,,1.0,,1.0,1.0,1.0,0.0,1.0,1.0,1.0,1.0,1.0,,1.0,1.0,,,,,0.0,0.0,,0.0,,,,1.0,,,1.0,,,1.0,,1.0,,1.0,,1.0,,,,0.0,,,,1.0,,1.0,,,1.0,,1.0,,,,,,,,1.0,0.0,1.0,0.0,1.0,,,1.0,,1.0,,,,,,,,,,,,,,,,,,,,,,,,,,,,,,,,,,,,,,,,,,,,,,,,,,,,,,,,,,,,,,,,,,,,
2218,1.0,,,1.0,1.0,0.0,0.0,1.0,0.0,1.0,1.0,,1.0,0.0,1.0,0.0,1.0,1.0,0.0,0.0,0.0,1.0,,,0.0,,,,,0.0,0.0,0.0,0.0,,0.0,0.0,,1.0,1.0,1.0,1.0,1.0,,1.0,0.0,,1.0,,1.0,,0.0,0.0,,1.0,,0.0,,,,1.0,,1.0,1.0,1.0,0.0,1.0,1.0,1.0,1.0,1.0,,1.0,1.0,,,,,0.0,0.0,,0.0,,,,1.0,,,1.0,,,1.0,,1.0,,1.0,,1.0,,,,0.0,,,,1.0,,1.0,,,1.0,,1.0,,,,,,,,1.0,0.0,1.0,0.0,0.0,,,1.0,,1.0,,,,,,,,,,,,1.0,,,,,,,,,,,,,,,,,,,,,,,,,,,,,,,,,,,,,,,,,,,,,,,,,,,,,,,,
2222,1.0,,,1.0,0.0,0.0,0.0,0.0,0.0,0.0,1.0,,1.0,1.0,0.0,0.0,0.5,1.0,0.0,0.0,0.0,0.0,,,0.5,,,,,0.0,0.0,0.5,0.0,,0.0,0.0,,0.0,1.0,1.0,0.0,0.0,,1.0,0.0,,1.0,,0.0,,0.0,0.0,,1.0,,0.0,,,,1.0,,1.0,1.0,0.5,0.0,1.0,1.0,1.0,1.0,1.0,,1.0,1.0,,,,,0.0,0.0,,0.5,,,,1.0,,,1.0,,,0.0,,1.0,,0.0,,1.0,,,,0.0,,,,1.0,,0.0,,,1.0,,1.0,,,,,,,,1.0,0.0,1.0,0.0,0.5,,,1.0,,1.0,,,,,,,,,,,,,,,,,,,,,,,,,,,,,,,,,,,,,,,,,,,,,,,,,,,,,,,,,,,,,,,,,,,,
2228,1.0,,,,,,,,,1.0,0.0,,,,,,,,1.0,0.5,,,,,,,,,,,,,,,,1.0,,,,,,,,,,,,,,,,,,,,,,,,,,,,1.0,,,,,,,,,1.0,,,,,,,,,,,,,,,,,,,,1.0,,0.0,,,,,,,,,,,,,,,,,1.0,,,,,,,,,,,,1.0,,,1.0,,,,,,,,,,,,,,,,,,,,,,,,,,,,,,,,,,,,,,,,,,,,,,,,,,,,,,,,,,,,,,,,,,,,,,
2239,1.0,,,1.0,1.0,0.0,1.0,1.0,1.0,1.0,0.0,,0.0,1.0,1.0,0.0,1.0,0.0,0.5,0.0,0.0,0.0,,,0.0,,,,,0.0,0.0,0.0,1.0,,0.0,0.0,,1.0,1.0,1.0,1.0,0.0,,0.0,0.0,,1.0,,0.0,,0.0,1.0,,1.0,,1.0,,,,1.0,,1.0,1.0,1.0,1.0,1.0,1.0,1.0,1.0,1.0,,1.0,1.0,,,,,0.0,0.0,,0.0,,,,1.0,,,0.0,,,1.0,,1.0,,1.0,,1.0,,,,0.0,,,,1.0,,1.0,,,1.0,,1.0,,,,,,,,1.0,0.0,1.0,0.0,1.0,,,1.0,,1.0,,,,,,,,,,,,,,,,,,,,,,,,,,,,,,,,,,,,,,,,,,,,,,,,,,,,,,,,,,,,,,,,,,,,
2253,1.0,,,1.0,,0.0,0.0,1.0,0.5,1.0,0.0,,,0.0,1.0,0.0,1.0,0.0,0.0,0.0,0.0,0.0,,,1.0,,,,,1.0,0.0,0.0,1.0,,0.0,0.5,,0.0,1.0,1.0,1.0,1.0,,1.0,0.0,,,,1.0,,1.0,1.0,,1.0,,1.0,,,,1.0,,,1.0,1.0,1.0,0.5,1.0,1.0,1.0,1.0,,1.0,1.0,,,,,0.0,0.0,,0.0,,,,1.0,,,1.0,,,1.0,,1.0,,0.0,,1.0,,,,1.0,,,,1.0,,1.0,,,1.0,,1.0,,,,,,,,1.0,0.0,1.0,0.0,1.0,,,1.0,,1.0,,,,,,,,,,,,,,,,,,,,,,,,,,,,,,,,,,,,,,,,,,,,,,,,,,,,,,,,,,,,,,,,,,,,
2284,1.0,,,1.0,1.0,0.0,0.0,0.0,0.0,0.0,0.0,,0.0,1.0,1.0,0.0,0.0,1.0,0.0,0.0,0.0,0.0,,,0.0,,,,,0.0,0.0,0.0,0.0,,0.0,0.0,,1.0,1.0,1.0,1.0,1.0,,1.0,0.0,,1.0,,1.0,,0.0,1.0,,1.0,,1.0,,,,1.0,,1.0,1.0,1.0,0.0,1.0,1.0,1.0,1.0,1.0,,1.0,1.0,,,,,0.0,0.0,,0.0,,,,1.0,,,1.0,,,1.0,,1.0,,1.0,,1.0,,,,1.0,,,,1.0,,1.0,,,1.0,,1.0,,,,,,,,1.0,0.0,1.0,0.0,1.0,,,1.0,,1.0,,,,,1.0,,,,,,,,,,,,,,,,,,,,,,,,,,,,,,,,,,,,,,,,,,,,,,,,,,,,,,,,,,,,,,,
2285,1.0,,,1.0,0.0,0.5,0.0,1.0,0.0,1.0,0.5,,1.0,0.0,1.0,0.5,0.0,1.0,0.0,0.0,0.0,0.0,,,0.0,,,,,0.0,0.0,0.0,0.0,,0.0,0.0,,1.0,1.0,1.0,1.0,0.5,,0.5,0.0,,1.0,,0.0,,0.0,0.0,,1.0,,0.0,,,,1.0,,1.0,1.0,1.0,0.0,1.0,1.0,1.0,1.0,1.0,,1.0,1.0,,,,,0.0,0.0,,1.0,,,,1.0,,,1.0,,,1.0,,1.0,,0.0,,1.0,,,,0.0,,,,1.0,,1.0,,,1.0,,1.0,,,,,,,,1.0,0.0,1.0,0.0,1.0,,,1.0,,1.0,,,,,1.0,,1.0,,1.0,,1.0,1.0,0.0,,1.0,1.0,0.0,,,,,0.0,1.0,,1.0,1.0,,,,,,,,,,,,,,,,,,,,,,,,,,,,,,,,,,,,,,,,,,
2298,1.0,,,1.0,1.0,0.0,1.0,1.0,1.0,1.0,1.0,,0.0,0.0,1.0,1.0,1.0,1.0,1.0,0.0,1.0,1.0,,,1.0,,,,,0.0,0.0,1.0,0.0,,1.0,0.0,,1.0,1.0,1.0,1.0,1.0,,1.0,0.0,,1.0,,1.0,,0.0,1.0,,1.0,,1.0,,,,1.0,,1.0,1.0,1.0,1.0,1.0,1.0,1.0,1.0,1.0,,1.0,1.0,,,,,1.0,1.0,,1.0,,,,1.0,,,1.0,,,1.0,,1.0,,1.0,,1.0,,,,1.0,,,,1.0,,1.0,,,1.0,,1.0,,,,,,,,1.0,1.0,1.0,1.0,1.0,,,1.0,,1.0,,,,,,,,,,,,,,,,,,,,,,,,,,,,,,,,,,,,,,,,,,,,,,,,,,,,,,,,,,,,,,,,,,,,
2317,1.0,,,1.0,1.0,0.0,0.0,1.0,0.0,0.5,1.0,,1.0,0.5,1.0,1.0,1.0,1.0,0.0,0.0,0.0,0.5,,,0.0,,,,,0.5,0.0,1.0,0.0,,0.0,0.0,,1.0,1.0,1.0,1.0,0.0,,1.0,0.0,,1.0,,0.5,,0.0,1.0,,1.0,,0.0,,,,1.0,,1.0,1.0,1.0,1.0,1.0,1.0,1.0,1.0,1.0,,1.0,1.0,,,,,0.0,0.0,,0.0,,,,1.0,,,1.0,,,1.0,,1.0,,0.5,,1.0,,,,0.0,,,,1.0,,1.0,,,1.0,,1.0,,,,,,,,1.0,0.0,1.0,0.5,1.0,,,1.0,,1.0,,,,,0.5,,,,,,,,,,,,,,,,,,,,,,,,,,,,,,,,,,,,,,,,,,,,,,,,,,,,,,,,,,,,,,,
2320,1.0,,,1.0,1.0,0.5,0.5,1.0,1.0,1.0,0.5,,1.0,0.5,1.0,0.5,0.0,1.0,0.0,0.5,0.5,0.5,,,0.5,,,,,0.5,0.5,0.5,0.0,,0.5,0.5,,1.0,1.0,1.0,1.0,1.0,,0.5,0.5,,1.0,,0.5,,0.5,1.0,,1.0,,0.5,,,,1.0,,1.0,1.0,1.0,1.0,1.0,1.0,1.0,1.0,1.0,,1.0,1.0,,,,,1.0,0.5,,0.5,,,,1.0,,,1.0,,,1.0,,1.0,,0.5,,1.0,,,,1.0,,,,1.0,,1.0,,,1.0,,1.0,,,,,,,,1.0,0.5,1.0,1.0,1.0,,,1.0,,1.0,,,,,1.0,,,,,,,,,,,,,,,,,,,,,,,,,,,,,,,,,,,,,,,,,,,,,,,,,,,,,,,,,,,,,,,
2326,1.0,,,1.0,,0.5,0.0,1.0,1.0,1.0,0.5,,1.0,0.5,0.5,1.0,1.0,,,0.5,0.5,1.0,,,,,,,,1.0,0.5,0.0,,,0.5,1.0,,0.0,1.0,1.0,1.0,,,1.0,0.0,,1.0,,0.5,,0.5,0.5,,1.0,,0.0,,,,1.0,,1.0,,,1.0,1.0,,1.0,1.0,,,1.0,1.0,,,,,0.5,0.5,,0.5,,,,1.0,,,1.0,,,1.0,,1.0,,0.5,,1.0,,,,1.0,,,,1.0,,1.0,,,,,1.0,,,,,,,,1.0,0.5,1.0,0.5,,,,,,1.0,,,,,1.0,,1.0,,1.0,,1.0,1.0,1.0,,,,,,,,,,,,,,,,,,,,,,,,,,,,,,,,,,,,,,,,,,,,,,,,,,,,,,,
2331,1.0,,,,0.5,0.5,0.5,0.5,0.5,0.5,1.0,,0.5,0.5,0.5,0.5,0.5,,,0.5,0.5,0.5,,,0.5,,,,,0.5,0.5,0.5,0.5,,0.5,0.5,,0.5,1.0,0.5,0.5,,,0.5,0.5,,0.5,,0.5,,0.5,0.5,,1.0,,0.5,,,,1.0,,,1.0,1.0,0.5,0.5,,0.5,1.0,0.5,,0.5,1.0,,,,,0.5,,,0.5,,,,1.0,,,0.5,,,0.5,,1.0,,0.5,,,,,,0.5,,,,,,0.5,,,,,0.5,,,,,,,,,,1.0,0.5,0.5,,,1.0,,1.0,,,,,0.5,,,,,,,,,,,,,,,,,,,,,,,,,,,,,,,,,,,,,,,,,,,,,,,,,,,,,,,,,,,,,,,
2354,1.0,,,1.0,1.0,1.0,1.0,1.0,1.0,1.0,0.0,,1.0,1.0,1.0,1.0,1.0,1.0,0.0,1.0,0.0,0.0,,,0.5,,,,,0.0,0.5,0.0,1.0,,1.0,0.0,,1.0,1.0,1.0,1.0,1.0,,0.0,0.0,,1.0,,1.0,,1.0,1.0,,1.0,,1.0,,,,1.0,,1.0,1.0,1.0,0.0,1.0,1.0,1.0,1.0,1.0,,1.0,1.0,,,,,0.0,1.0,,0.0,,,,1.0,,,0.0,,,1.0,,1.0,,1.0,,1.0,,,,1.0,,,,1.0,,1.0,,,1.0,,1.0,,,,,,,,1.0,1.0,1.0,1.0,1.0,,,1.0,,1.0,,,,,1.0,1.0,1.0,,,,,,,,,,,,,,,,,,,,,,,,,,,,,,,,,,,,,,,,,,,,,,,,,,,,,,,,,,,,,
2365,1.0,,,1.0,1.0,0.5,1.0,1.0,1.0,,,,1.0,1.0,1.0,,1.0,0.0,,1.0,,1.0,,,1.0,,,,,,0.0,,1.0,,,,,1.0,,1.0,1.0,1.0,,1.0,0.0,,1.0,,,,,1.0,,,,1.0,,,,1.0,,1.0,1.0,1.0,1.0,,1.0,,,1.0,,1.0,,,,,,,,,,,,,1.0,,,1.0,,,1.0,,0.5,,1.0,,,,,,0.5,,,,,,1.0,,,,,1.0,,,,,,,,1.0,,1.0,,1.0,,,1.0,,,,,,,1.0,,1.0,,,,,,,,,,,,,,,,,,,,,,,,,,,,,,,,,,,,,,,,,,,,,,,,,,,,,,,,,,,,,
2376,1.0,,,1.0,1.0,0.0,0.5,1.0,0.0,1.0,1.0,,1.0,0.5,1.0,0.5,1.0,1.0,0.0,0.0,0.0,0.5,,,0.5,,,,,0.0,0.0,0.0,0.0,,0.0,1.0,,0.5,1.0,1.0,1.0,0.0,,1.0,0.0,,1.0,,1.0,,0.0,0.0,,1.0,,0.5,,,,1.0,,1.0,1.0,1.0,0.0,1.0,1.0,1.0,1.0,1.0,,1.0,1.0,,,,,0.0,0.0,,0.5,,,,1.0,,,1.0,,,1.0,,1.0,,0.5,,1.0,,,,0.0,,,,1.0,,1.0,,,1.0,,1.0,,,,,,,,1.0,0.0,1.0,0.5,1.0,,,1.0,,1.0,,,,,1.0,,1.0,,,,,,,,,,,,,,,,,,,,,,,,,,,,,,,,,,,,,,,,,,,,,,,,,,,,,,,,,,,,,
2385,1.0,,,1.0,1.0,0.5,0.0,1.0,1.0,1.0,0.5,,0.0,0.0,0.5,0.5,1.0,1.0,,1.0,0.0,,,,,,,,,0.0,0.0,0.5,1.0,,0.0,1.0,,1.0,0.5,1.0,1.0,1.0,,0.5,1.0,,1.0,,,,1.0,,,,,1.0,,,,1.0,,1.0,,1.0,,1.0,1.0,1.0,,1.0,,1.0,1.0,,,,,0.0,0.0,,0.5,,,,1.0,,,1.0,,,1.0,,1.0,,1.0,,1.0,,,,1.0,,,,1.0,,1.0,,,1.0,,1.0,,,,,,,,1.0,1.0,1.0,,1.0,,,,,1.0,,,,,,,1.0,,1.0,,1.0,1.0,1.0,,1.0,1.0,,,,,,1.0,,,,,,,,,,,,,,,,,,,,,,,,,,,,,,,,,,,,,,,,,,,,,,
2386,1.0,,,,,,0.0,,0.5,0.0,1.0,,,,,,,,,,,0.0,,,,,,,,,0.0,0.0,,,0.5,,,,,1.0,1.0,,,,,,,,,,,,,,,,,,,,,,,,,,,0.5,1.0,1.0,,1.0,,,,,,,0.5,,,,,,,,,1.0,,,,,,,,,,,,,0.5,,,,,,,,,,,,,,,,,,,1.0,0.0,1.0,,,,,1.0,,,,,,,,,,,,,,,,,,,,,,,,,,,,,,,,,,,,,,,,,,,,,,,,,,,,,,,,,,,,,,,,,,,,,,
2389,1.0,,,1.0,0.0,0.0,0.0,1.0,1.0,1.0,0.0,,1.0,0.0,1.0,1.0,1.0,1.0,0.0,0.0,0.0,0.0,,,1.0,,,,,0.0,0.0,0.0,0.0,,1.0,0.0,,1.0,1.0,1.0,1.0,0.0,,1.0,0.0,,1.0,,1.0,,0.0,1.0,,1.0,,1.0,,,,1.0,,1.0,1.0,1.0,0.0,1.0,1.0,1.0,1.0,1.0,,1.0,1.0,,,,,1.0,0.0,,1.0,,,,1.0,,,1.0,,,1.0,,1.0,,1.0,,1.0,,,,1.0,,,,1.0,,1.0,,,1.0,,1.0,,,,,,,,1.0,1.0,1.0,1.0,1.0,,,1.0,,1.0,,,,,1.0,,1.0,1.0,1.0,,1.0,1.0,1.0,,1.0,1.0,1.0,,,,,1.0,1.0,,1.0,1.0,,1.0,1.0,,1.0,1.0,1.0,1.0,,0.0,1.0,,,,1.0,0.0,0.0,1.0,1.0,1.0,,,,,,,,,,,,,,,,,,,,,,
2401,1.0,,,1.0,1.0,,0.0,1.0,1.0,,,,1.0,0.0,,1.0,1.0,,,0.0,,,,,,,,,,0.0,,,,,,0.0,,,,,1.0,1.0,,,0.0,,1.0,,0.0,,,,,1.0,,0.0,,,,1.0,,,,1.0,,,,,,,,,,,,,,1.0,,,,,,,,,,1.0,,,,,1.0,,,,,,,,,,,,,,,,,1.0,,,,,,,,,,,,,,,,,,,,,,,,,,1.0,,,,,,,,,,,,,,,,,,,,,,,,,,,,,,,,,,,,,,,,,,,,,,,,,,,,,,,,,,,,,
2409,1.0,,,1.0,0.0,0.5,0.0,1.0,0.0,0.0,0.0,,1.0,0.0,0.5,0.5,1.0,1.0,0.0,0.0,0.0,0.0,,,0.0,,,,,1.0,0.0,0.0,1.0,,0.0,0.0,,1.0,1.0,1.0,1.0,1.0,,1.0,0.0,,1.0,,0.0,,0.0,1.0,,1.0,,0.0,,,,1.0,,1.0,1.0,0.0,1.0,1.0,1.0,1.0,1.0,1.0,,1.0,1.0,,,,,1.0,0.0,,1.0,,,,1.0,,,1.0,,,1.0,,1.0,,0.0,,1.0,,,,1.0,,,,1.0,,1.0,,,1.0,,1.0,,,,,,,,1.0,0.0,1.0,0.0,1.0,,,1.0,,1.0,,,,,1.0,,1.0,,1.0,,1.0,,,,,,,,,,,,,,,,,,,,,,,,,,,,,,,,,,,,,,,,,,,,,,,,,,,,,,,,,
2417,0.0,,,1.0,1.0,0.0,1.0,1.0,1.0,0.5,0.0,,1.0,0.0,1.0,0.0,1.0,1.0,0.0,0.0,0.0,0.5,,,1.0,,,,,0.5,0.0,0.5,0.0,,0.0,0.0,,1.0,1.0,1.0,1.0,,,,0.5,,1.0,,1.0,,1.0,1.0,,1.0,,0.5,,,,1.0,,1.0,1.0,1.0,1.0,1.0,1.0,1.0,1.0,1.0,,1.0,1.0,,,,,0.5,1.0,,1.0,,,,1.0,,,,,,1.0,,1.0,,0.0,,1.0,,,,1.0,,,,1.0,,1.0,,,1.0,,1.0,,,,,,,,1.0,0.0,1.0,1.0,1.0,,,1.0,,1.0,,,,,1.0,,1.0,,1.0,,1.0,,,,,,,,,,,,,,,,,,,,,,,,,,,,,,,,,,,,,,,,,,,,,,,,,,,,,,,,,
2425,1.0,,,1.0,1.0,0.5,0.0,1.0,0.0,0.0,0.5,,1.0,0.5,1.0,1.0,1.0,1.0,0.0,0.5,0.0,0.0,,,0.0,,,,,0.0,0.0,0.5,0.0,,0.0,0.0,,1.0,0.0,1.0,1.0,1.0,,1.0,0.0,,1.0,,1.0,,0.5,1.0,,1.0,,0.0,,,,1.0,,1.0,1.0,1.0,0.5,1.0,1.0,1.0,1.0,1.0,,1.0,0.5,,,,,0.5,1.0,,0.0,,,,1.0,,,1.0,,,0.5,,1.0,,0.5,,1.0,,,,1.0,,,,1.0,,1.0,,,1.0,,1.0,,,,,,,,1.0,0.5,1.0,0.5,1.0,,,1.0,,1.0,,,,,1.0,,1.0,,1.0,,1.0,,,,,,,,,,,,,,,,,,,,,,,,,,,,,,,,,,,,,,,,,,,,,,,,,,,,,,,,,
2435,1.0,,,1.0,1.0,0.0,0.0,1.0,0.0,0.0,0.0,,1.0,1.0,1.0,0.0,1.0,1.0,0.0,0.0,0.0,0.0,,,1.0,,,,,0.0,0.0,0.0,0.0,,0.0,0.0,,0.0,0.0,1.0,1.0,0.0,,1.0,0.0,,1.0,,1.0,,0.0,1.0,,1.0,,0.0,,,,1.0,,1.0,1.0,0.0,1.0,1.0,1.0,1.0,1.0,1.0,,1.0,1.0,,,,,0.0,0.0,,1.0,,,,1.0,,,1.0,,,1.0,,1.0,,1.0,,1.0,,,,0.0,,,,1.0,,1.0,,,1.0,,1.0,,,,,,,,1.0,0.0,1.0,0.0,1.0,,,1.0,,1.0,,,,,0.0,,1.0,,1.0,,1.0,1.0,,,,,,,,,,,,,,,,,,,,,,,,,,,,,,,,,,,,,,,,,,,,,,,,,,,,,,,,
2436,0.5,,,1.0,1.0,0.5,0.5,1.0,1.0,1.0,1.0,,1.0,1.0,0.5,0.5,1.0,1.0,0.5,1.0,0.5,1.0,,,1.0,,,,,0.5,0.5,0.5,0.5,,0.5,1.0,,1.0,1.0,1.0,1.0,0.5,,0.5,0.5,,1.0,,0.5,,0.5,1.0,,1.0,,1.0,,,,1.0,,1.0,1.0,1.0,1.0,1.0,1.0,1.0,1.0,1.0,,1.0,1.0,,,,,0.5,0.5,,1.0,,,,1.0,,,1.0,,,1.0,,1.0,,0.5,,0.5,,,,0.5,,,,1.0,,1.0,,,1.0,,1.0,,,,,,,,1.0,0.5,1.0,0.5,1.0,,,1.0,,1.0,,,,,1.0,,1.0,,1.0,,1.0,1.0,,,,,,,,,,,,,,,,,,,,,,,,,,,,,,,,1.0,,,1.0,1.0,,,,,,,,,,,,,,,,,,,,
2461,1.0,,,,,1.0,1.0,,0.0,0.0,,,1.0,,,0.0,,,,0.0,0.0,0.0,,,,,,,,1.0,0.0,0.0,0.0,,,,,1.0,1.0,1.0,,,,,0.0,,,,1.0,,1.0,0.0,,1.0,,0.0,,,,,,,1.0,1.0,,,1.0,1.0,1.0,,,,,,,,,0.0,,,,,,,,,,,,,,,1.0,,,,,,,,0.0,,,,,,1.0,,,1.0,,,,,,,,,,1.0,0.0,,0.0,,,,0.0,,1.0,,,,,1.0,,0.0,,1.0,,,,,,,,,,,,,,,,,,,,,,,,,,,,,,,,,,,,,,,,,,,,,,,,,,,,,,,,,,,
2465,0.5,,,0.5,0.5,0.5,0.5,0.5,0.5,0.5,0.5,,0.5,0.5,0.5,0.5,0.5,0.5,0.5,0.5,0.5,,,,0.5,,,,,0.5,0.5,0.5,0.5,,0.5,0.5,,0.5,0.5,0.5,0.5,0.5,,0.5,0.5,,0.5,,0.5,,0.5,0.5,,0.5,,0.5,,,,0.5,,0.5,0.5,,0.5,0.5,,0.5,0.5,0.5,,0.5,0.5,,,,,0.5,0.5,,0.5,,,,0.5,,,0.5,,,0.5,,0.5,,0.5,,0.5,,,,0.5,,,,0.5,,0.5,,,0.5,,0.5,,,,,,,,0.5,0.5,0.5,0.5,0.5,,,0.5,,0.5,,,,,0.5,,0.5,,0.5,,0.5,0.5,,,,,,,,,,,,,,,,,,,,,,,,,,,,,,,,,,,,,,,,,,,,,,,,,,,,,,,,
2476,1.0,,,1.0,1.0,1.0,1.0,1.0,1.0,1.0,1.0,,1.0,1.0,1.0,1.0,1.0,1.0,1.0,1.0,1.0,1.0,,,1.0,,,,,1.0,1.0,1.0,1.0,,1.0,1.0,,1.0,1.0,1.0,1.0,1.0,,1.0,1.0,,1.0,,1.0,,1.0,1.0,,1.0,,1.0,,,,1.0,,1.0,1.0,1.0,1.0,1.0,1.0,1.0,1.0,1.0,,1.0,1.0,,,,,1.0,1.0,,1.0,,,,1.0,,,1.0,,,1.0,,1.0,,1.0,,1.0,,,,1.0,,,,1.0,,1.0,,,1.0,,1.0,,,,,,,,1.0,1.0,1.0,1.0,1.0,,,1.0,,1.0,,,,,1.0,,1.0,,1.0,,1.0,1.0,1.0,,1.0,1.0,,,,,,,,,,,,,,,,,,,,,,,,,,,,,,,,,,,,,,,,,,,,,,,,,,,,
2477,1.0,,,,1.0,1.0,1.0,,,,0.0,,,1.0,,,,1.0,1.0,,,,,,,,,,,1.0,,,,,,1.0,,,,1.0,1.0,,,,,,,,1.0,,1.0,,,0.0,,,,,,,,,,1.0,1.0,1.0,,,0.0,,,0.0,,,,,,,,,,,,,0.0,,,,,,,,,,1.0,,1.0,,,,,,,,,,,,,,,1.0,,,,,,,,,1.0,,,0.0,,,1.0,,,,,,,,,0.0,,,,,,1.0,,,,,,,,,,,,,,,,,,,,,,,,,,,,,,,,,,,,,,,,,,,,,,,,,,,,,,,
2500,1.0,,,1.0,1.0,0.0,0.0,1.0,0.0,0.0,1.0,,0.0,0.0,1.0,0.0,1.0,1.0,0.0,0.0,0.0,0.0,,,0.0,,,,,1.0,0.0,1.0,0.0,,0.0,0.0,,1.0,1.0,1.0,1.0,1.0,,0.0,0.0,,1.0,,0.0,,0.0,1.0,,1.0,,0.0,,,,1.0,,1.0,1.0,1.0,1.0,1.0,1.0,1.0,1.0,1.0,,1.0,1.0,,,,,0.0,0.0,,1.0,,,,1.0,,,1.0,,,1.0,,1.0,,1.0,,1.0,,,,0.0,,,,1.0,,1.0,,,1.0,,1.0,,,,,,,,1.0,1.0,1.0,1.0,1.0,,,1.0,,1.0,,,,,1.0,,1.0,,1.0,,1.0,1.0,0.0,,,,,,,,,,,,,,,,,,,,,,,,,,,,,,,,,,,,,,,,,,,,,,,,,,,,,,,
2503,1.0,,,0.5,0.0,0.5,0.0,1.0,0.5,0.5,1.0,,1.0,0.0,0.5,0.0,1.0,1.0,0.0,0.0,0.0,0.5,,,1.0,,,,,0.0,0.0,0.0,0.5,,0.5,0.5,,1.0,1.0,1.0,0.5,0.0,,1.0,0.0,,1.0,,0.5,,0.5,1.0,,1.0,,0.5,,,,1.0,,1.0,1.0,1.0,0.5,1.0,1.0,1.0,1.0,1.0,,1.0,1.0,,,,,0.0,0.0,,0.0,,,,1.0,,,1.0,,,1.0,,0.5,,0.0,,1.0,,,,0.5,,,,0.5,,1.0,,,1.0,,1.0,,,,,,,,0.0,0.5,1.0,0.5,0.5,,,1.0,,1.0,,,,,1.0,,1.0,,1.0,,1.0,1.0,0.5,,,,,,,,,,,,,,,,,,,,,,,,,,,,,,,,,,,,,,,,,,,,,,,,,,,,,,,
2507,1.0,,,0.0,1.0,0.0,1.0,1.0,1.0,1.0,0.0,,1.0,1.0,1.0,0.0,1.0,1.0,0.0,0.0,0.0,1.0,,,1.0,,,,,0.0,1.0,0.0,0.0,,1.0,1.0,,0.0,0.0,1.0,1.0,1.0,,1.0,0.0,,1.0,,0.0,,0.0,0.0,,1.0,,1.0,,,,1.0,,1.0,1.0,1.0,0.0,1.0,1.0,1.0,1.0,1.0,,1.0,1.0,,,,,1.0,1.0,,1.0,,,,1.0,,,1.0,,,1.0,,1.0,,1.0,,1.0,,,,1.0,,,,1.0,,1.0,,,1.0,,1.0,,,,,,,,1.0,1.0,1.0,1.0,0.0,,,1.0,,1.0,,,,,1.0,,1.0,,1.0,,1.0,1.0,1.0,,,,,,,,,,,,,,,,,,,,,,,,,,,,,,,,,,,,,,,,,,,,,,,,,,,,,,,
2510,1.0,,,1.0,0.0,1.0,1.0,1.0,1.0,1.0,1.0,,1.0,1.0,1.0,0.0,1.0,1.0,1.0,1.0,1.0,1.0,,,1.0,,,,,1.0,1.0,1.0,1.0,,0.5,1.0,,1.0,0.0,0.5,1.0,1.0,,0.0,1.0,,1.0,,0.0,,1.0,1.0,,1.0,,1.0,,,,1.0,,1.0,1.0,1.0,1.0,1.0,0.5,1.0,1.0,0.0,,1.0,1.0,,,,,1.0,1.0,,1.0,,,,0.0,,,1.0,,,0.0,,0.0,,1.0,,0.5,,,,1.0,,,,1.0,,1.0,,,0.0,,1.0,,,,,,,,0.5,1.0,0.5,1.0,1.0,,,1.0,,0.0,,,,,1.0,,1.0,,0.5,,0.0,0.0,1.0,,,,,,,,,,,,,,,,,,,,,,,,,,,,,,,,,,,,,,,,,,,,,,,,,,,,,,,
2514,1.0,,,1.0,1.0,0.5,1.0,1.0,1.0,1.0,0.0,,1.0,0.0,1.0,0.0,1.0,1.0,0.0,0.0,1.0,1.0,,,1.0,,,,,0.0,0.0,0.5,1.0,,1.0,1.0,,0.0,1.0,1.0,1.0,1.0,,1.0,0.0,,1.0,,0.0,,0.0,1.0,,1.0,,0.0,,,,1.0,,1.0,1.0,1.0,1.0,1.0,1.0,1.0,1.0,1.0,,1.0,0.5,,,,,1.0,0.0,,0.5,,,,1.0,,,1.0,,,0.5,,0.0,,1.0,,1.0,,,,0.0,,,,1.0,,1.0,,,0.5,,1.0,,,,,,,,1.0,0.0,1.0,1.0,1.0,,,1.0,,1.0,,,,,1.0,,1.0,,1.0,,1.0,1.0,1.0,,1.0,1.0,1.0,,,,,1.0,1.0,,1.0,1.0,,0.0,1.0,,1.0,0.5,0.5,0.5,,0.0,0.5,,,,1.0,0.5,0.0,1.0,1.0,1.0,,,,,,,,,,,,,,,,,,,,,,
2567,1.0,,,1.0,1.0,0.0,0.0,1.0,1.0,1.0,0.0,,1.0,0.0,1.0,1.0,1.0,1.0,0.0,0.0,0.0,0.0,,,1.0,,,,,0.0,0.0,0.0,0.0,,1.0,0.0,,1.0,1.0,1.0,1.0,0.0,,1.0,0.0,,1.0,,0.0,,0.0,,,1.0,,1.0,,,,1.0,,0.0,1.0,1.0,1.0,1.0,1.0,1.0,1.0,0.0,,1.0,1.0,,,,,0.0,,,0.0,,,,,,,1.0,,,1.0,,1.0,,1.0,,1.0,,,,0.0,,,,1.0,,1.0,,,1.0,,,,,,,,,,1.0,0.0,1.0,1.0,1.0,,,1.0,,1.0,,,,,,,1.0,,1.0,,1.0,1.0,1.0,,,,,,,,,,,,,,,,,,,,,,,,,,,,,,,,,,,,,,,,,,,,,,,,,,,,,,,
2577,0.5,,,0.0,0.0,1.0,1.0,1.0,1.0,1.0,0.0,,0.0,0.0,0.5,0.5,1.0,0.0,1.0,1.0,1.0,1.0,,,1.0,,,,,1.0,1.0,1.0,1.0,,1.0,1.0,,0.5,0.0,0.0,1.0,1.0,,0.5,1.0,,0.0,,0.0,,1.0,1.0,,0.0,,1.0,,,,0.0,,0.0,0.0,0.0,1.0,0.0,0.0,0.5,0.0,0.0,,0.0,0.0,,,,,1.0,1.0,,1.0,,,,0.0,,,0.0,,,0.0,,0.0,,1.0,,0.5,,,,1.0,,,,0.5,,0.0,,,0.0,,0.0,,,,,,,,0.0,1.0,0.0,0.5,0.5,,,0.0,,0.0,,,,,1.0,,0.0,,0.0,,1.0,0.5,1.0,,0.0,0.0,,,,,,,,,,,,,,,,,,,,,,,,,,,,,,,,,,,,,,,,,,,,,,,,,,,,
2579,0.0,,,1.0,1.0,0.0,0.0,1.0,1.0,0.0,0.0,,1.0,1.0,1.0,0.0,1.0,1.0,0.0,1.0,0.0,0.0,,,1.0,,,,,0.0,0.0,0.0,1.0,,0.0,0.0,,0.0,1.0,1.0,1.0,1.0,,0.0,0.0,,1.0,,0.0,,0.0,0.0,,1.0,,0.0,,,,0.0,,1.0,1.0,1.0,0.0,1.0,1.0,1.0,1.0,1.0,,1.0,0.0,,,,,0.0,0.0,,0.0,,,,1.0,,,1.0,,,1.0,,1.0,,1.0,,1.0,,,,1.0,,,,1.0,,1.0,,,1.0,,1.0,,,,,,,,1.0,0.0,1.0,0.0,1.0,,,1.0,,1.0,,,,,1.0,,1.0,,1.0,,1.0,1.0,1.0,,,,,,,,,,,,,,,,,,,,,,,,,,,,,,,,,,,,,,,,,,,,,,,,,,,,,,,
2582,1.0,,,,1.0,,0.0,,,0.0,1.0,,1.0,,0.0,0.5,1.0,1.0,,,0.0,0.0,,,,,,,,,0.0,0.0,1.0,,,,,,1.0,1.0,1.0,,,1.0,,,,,,,,,,,,0.0,,,,1.0,,1.0,1.0,1.0,,1.0,1.0,1.0,1.0,1.0,,,,,,,,,,,0.5,,,,1.0,,,1.0,,,,,1.0,,1.0,,,,,,,,,,1.0,,1.0,,,1.0,,1.0,,,,,,,,1.0,0.0,,0.0,0.0,,,,,1.0,,,,,1.0,,,,,,1.0,0.0,1.0,,1.0,,,,,,,,,,,,,,,,,,,,,,,,,,,,,,,,,,,,,,,,,,,,,,,,,,,,,
2607,1.0,,,0.0,1.0,0.5,1.0,1.0,1.0,0.5,1.0,,0.0,0.0,1.0,1.0,1.0,1.0,1.0,1.0,1.0,1.0,,,1.0,,,,,0.5,0.0,0.0,1.0,,1.0,1.0,,0.0,0.0,0.5,1.0,1.0,,0.0,1.0,,1.0,,0.0,,0.0,1.0,,1.0,,1.0,,,,1.0,,1.0,1.0,1.0,1.0,1.0,0.0,0.0,1.0,0.0,,0.0,0.0,,,,,1.0,1.0,,0.5,,,,0.0,,,1.0,,,0.5,,0.0,,1.0,,1.0,,,,0.0,,,,1.0,,1.0,,,1.0,,1.0,,,,,,,,1.0,0.5,0.5,1.0,0.0,,,1.0,,0.0,,,,,1.0,,1.0,,1.0,,1.0,1.0,1.0,,1.0,1.0,,,,,,,,,,,,,,,,,,,,,,,,,,,,,,,,,,,,,,,,,,,,,,,,,,,,
2620,0.0,,,1.0,1.0,0.0,0.0,1.0,1.0,0.0,0.0,,1.0,0.0,0.0,0.0,1.0,1.0,0.0,1.0,0.0,0.0,,,1.0,,,,,0.0,0.0,0.0,1.0,,0.0,1.0,,0.0,1.0,1.0,1.0,1.0,,0.0,0.0,,1.0,,0.0,,0.0,0.0,,1.0,,0.0,,,,1.0,,1.0,1.0,1.0,0.0,1.0,1.0,1.0,1.0,1.0,,1.0,1.0,,,,,1.0,0.0,,0.0,,,,1.0,,,1.0,,,1.0,,1.0,,0.0,,1.0,,,,1.0,,,,1.0,,1.0,,,1.0,,1.0,,,,,,,,1.0,1.0,1.0,0.0,1.0,,,1.0,,1.0,,,,,1.0,,1.0,,1.0,,1.0,1.0,1.0,,1.0,1.0,,,,,,,,,,,,,,,,,,,,,,,,,,,,,,,,,,,,,,,,,,,,,,,,,,,,
2625,0.5,,,,1.0,,,1.0,1.0,1.0,0.5,,,0.5,0.5,,,,,,0.5,,,,,,,,,,0.5,,,,,0.5,,,,,,,,0.5,1.0,,,,,,,1.0,,,,1.0,,,,,,,1.0,1.0,,,0.5,0.5,,,,,,,,,,,,,,,,,,,,1.0,,,,,,,1.0,,,,,,,,,,,,,,,,,,,,,,,,,,,,,1.0,,,,,,,,,,,,1.0,,,,,,,,,,,,,,,,,,,,,,,,,,,,,,,,,,,,,,,,,,,,,,,,,,,,,,,,,,,,,
2634,0.5,,,0.5,,,0.5,0.5,0.5,,,,,,0.5,,0.5,,,,0.5,,,,0.5,,,,,,0.5,,0.5,,,,,,,,,0.5,,,,,,,0.5,,,0.5,,,,,,,,,,0.5,0.5,0.5,,0.5,0.5,,,,,,,,,,,,0.5,,,,,,,,,0.5,,,,,,,,,0.5,,,,,,,,,,0.5,,,,,,,,,,,,,,,0.5,0.5,,,,0.5,,,,,,,,,,,,,,0.5,,,,,,,,,,,,,,,,,,,,,,,,,,,,,,,,,,,,,,,,,,,,,,,,,,,,,,,,
2639,0.0,,,0.5,1.0,1.0,1.0,1.0,1.0,0.0,0.5,,1.0,0.0,1.0,,1.0,0.5,0.5,1.0,1.0,,,,1.0,,,,,0.0,0.0,0.5,1.0,,0.0,1.0,,1.0,0.5,,1.0,0.5,,0.0,0.0,,1.0,,0.5,,0.5,,,0.5,,1.0,,,,1.0,,1.0,1.0,1.0,1.0,1.0,0.5,0.0,1.0,,,0.0,0.5,,,,,1.0,0.5,,0.5,,,,,,,0.0,,,0.5,,0.5,,0.5,,0.5,,,,,,,,1.0,,1.0,,,1.0,,1.0,,,,,,,,1.0,1.0,0.5,0.0,0.0,,,0.0,,0.5,,,,,1.0,,0.5,,1.0,,1.0,1.0,1.0,,1.0,1.0,,,,,,,,,,,,,,,,,,,,,,,,,,,,,,,,,,,,,,,,,,,,,,,,,,,,
2640,0.0,,,1.0,1.0,1.0,1.0,1.0,1.0,1.0,0.0,,0.5,0.0,1.0,1.0,1.0,1.0,0.0,0.5,0.5,1.0,,,1.0,,,,,1.0,0.0,0.5,0.0,,1.0,0.5,,1.0,0.5,0.5,1.0,0.5,,0.0,0.5,,1.0,,0.5,,0.5,1.0,,1.0,,1.0,,,,0.5,,1.0,1.0,1.0,1.0,1.0,0.5,0.5,1.0,1.0,,1.0,1.0,,,,,1.0,0.0,,0.5,,,,1.0,,,1.0,,,1.0,,1.0,,0.5,,1.0,,,,1.0,,,,1.0,,1.0,,,1.0,,1.0,,,,,,,,1.0,0.5,0.0,1.0,0.5,,,1.0,,1.0,,,,,1.0,,1.0,,0.5,,1.0,1.0,1.0,,1.0,1.0,1.0,,,,,1.0,0.5,,,,,0.0,1.0,,,1.0,,0.5,,,,,,,,0.5,0.5,1.0,0.5,,,,,,,,,,,,,,,,,,,,,,,
2650,0.0,,,,,0.0,,1.0,,,,,,,,0.0,,,,,,0.5,,,0.0,,,,,0.0,0.0,,,,,,,,,,,,,0.0,,,1.0,,0.5,,0.0,0.0,,,,0.5,,,,,,,,,,1.0,,,,1.0,,,,,,,,,,,,,,,1.0,,,,,,,,,,1.0,,,,,,1.0,,,,1.0,,,,,,,,,,,,,,,1.0,,,,1.0,,,,,,,,,,,,1.0,,,,,1.0,1.0,,1.0,1.0,,,,,,,,,,,,,,,,,,,,,,,,,,,,,,,,,,,,,,,,,,,,,,,,,,,,
2654,1.0,,,,,,,1.0,,,,,,,0.5,1.0,,,1.0,,,,,,0.0,,,,,,0.0,,1.0,,,0.5,,,,,1.0,,,,0.0,,0.0,,,,0.0,0.5,,,,,,,,,,0.5,,,1.0,,1.0,,,,,,,,,,,,1.0,,1.0,,,,,,,,,,,,,,,,,,,,1.0,,,,,,,,,,,,,,,,,,,1.0,,,,,,,,,,,,,,,,1.0,,,,,0.0,,,,,,,,,,,,,,,,,,,,,,,,,,,,,,,,,,,,,,,,,,,,,,,,,,,,,,,,
2663,0.5,,,,,,,,1.0,,,,1.0,,0.5,0.5,,,,,1.0,,,,,,,,,0.0,,,,,,,,,,,1.0,,,,0.0,,,,1.0,,,0.0,,,,,,,,,,,1.0,,,,,,,1.0,,,,,,,,,1.0,,0.5,,,,,,,,,,,,,,,,,,,,,,,,,,,,,1.0,,,,,,,,,,,0.0,,,,,,,,,,,,,,,1.0,,,,,,,,,,,,,,,,,,,,,,,,,,,,,,,,,,,,,,,,,,,,,,,,,,,,,,,,,,,,,
2668,1.0,,,1.0,1.0,0.5,1.0,1.0,1.0,1.0,0.0,,0.5,0.0,1.0,0.0,1.0,1.0,0.0,0.0,0.0,1.0,,,1.0,,,,,0.0,0.0,0.0,0.0,,0.0,0.0,,0.0,1.0,1.0,1.0,1.0,,1.0,0.0,,1.0,,0.0,,0.5,1.0,,1.0,,1.0,,,,1.0,,1.0,1.0,1.0,1.0,1.0,1.0,1.0,1.0,1.0,,1.0,1.0,,,,,1.0,0.5,,0.5,,,,1.0,,,1.0,,,1.0,,1.0,,0.0,,1.0,,,,0.5,,,,1.0,,1.0,,,1.0,,1.0,,,,,,,,1.0,0.0,1.0,1.0,0.5,,,1.0,,1.0,,,,,1.0,,1.0,,1.0,,1.0,1.0,1.0,,1.0,1.0,,,,,,,,,,,,,,,,,,,,,,,,,,,,,,,,,,,,,,,,,,,,,,,,,,,,
2694,0.5,,,0.0,0.5,1.0,1.0,1.0,1.0,1.0,0.5,,0.0,0.5,1.0,0.5,1.0,0.0,1.0,1.0,1.0,1.0,,,1.0,,,,,1.0,1.0,1.0,1.0,,1.0,1.0,,0.5,0.5,0.0,1.0,0.5,,0.5,1.0,,0.0,,0.5,,1.0,1.0,,0.0,,1.0,,,,0.0,,0.0,0.0,0.5,1.0,0.5,0.0,0.0,0.0,0.0,,0.0,0.0,,,,,1.0,1.0,,1.0,,,,0.0,,,0.0,,,0.5,,0.0,,1.0,,0.0,,,,1.0,,,,0.5,,0.5,,,0.0,,0.0,,,,,,,,0.0,0.5,0.0,1.0,0.0,,,0.0,,0.0,,,,,0.0,,0.0,,0.0,,0.5,0.5,1.0,,0.5,0.0,,,,,,,,,,,,,,,,,,,,,,,,,,,,,,,,,,,,,,,,,,,,,,,,,,,,
2701,1.0,,,1.0,1.0,0.0,1.0,1.0,1.0,0.0,1.0,,1.0,0.5,1.0,0.5,1.0,0.5,0.0,,0.0,1.0,,,0.0,,,,,0.0,0.0,0.0,0.0,,0.0,0.0,,0.0,,1.0,1.0,1.0,,1.0,0.0,,,,0.0,,0.0,1.0,,1.0,,0.0,,,,,,1.0,1.0,1.0,0.0,1.0,1.0,1.0,1.0,,,1.0,1.0,,,,,0.0,0.0,,0.0,,,,1.0,,,1.0,,,1.0,,,,1.0,,1.0,,,,0.0,,,,1.0,,1.0,,,1.0,,1.0,,,,,,,,1.0,0.0,1.0,0.0,,,,,,1.0,,,,,1.0,,,,1.0,,1.0,1.0,,,1.0,1.0,1.0,,,,,,,,,,,,0.5,,,,,,,,,,,,,,,,,,,,,,,,,,,,,,,,,,,,,,,
2708,1.0,,,,,,1.0,,,1.0,,,,1.0,,,1.0,1.0,,1.0,0.5,,,,,,,,,0.5,,,1.0,,,,,0.5,,1.0,1.0,,,0.5,,,,,,,1.0,,,,,,,,,,,,,,,,1.0,1.0,1.0,1.0,,,,,,,,,1.0,,,,,,,,,0.5,,,,,1.0,,1.0,,,,,,0.5,,,,1.0,,,,,1.0,,1.0,,,,,,,,,,,,1.0,,,,,1.0,,,,,,,1.0,,,,1.0,,0.5,,,,,,,,,,,,,,,,,,,,,,,,,,,,,,,,,,,,,,,,,,,,,,,,,,,,,,,
2733,1.0,,,1.0,,0.0,,1.0,0.0,1.0,1.0,,,0.0,,,,1.0,0.0,0.0,0.5,1.0,,,0.0,,,,,,0.0,,1.0,,0.0,0.0,,1.0,1.0,,1.0,0.0,,,0.0,,1.0,,0.0,,0.0,0.0,,1.0,,1.0,,,,1.0,,1.0,1.0,1.0,1.0,,1.0,1.0,1.0,1.0,,1.0,1.0,,,,,0.0,1.0,,0.5,,,,,,,1.0,,,0.0,,1.0,,1.0,,1.0,,,,0.0,,,,1.0,,,,,,,,,,,,,,,1.0,0.0,1.0,1.0,,,,1.0,,,,,,,1.0,,1.0,,1.0,,1.0,1.0,1.0,,1.0,1.0,1.0,,,,,,,,,,,,,,,,,,,,,,,,,,,,,,,,,,,,,,,,,,,,,,,,,,,
2738,1.0,,,1.0,1.0,0.0,0.0,1.0,1.0,1.0,0.0,,1.0,1.0,1.0,1.0,1.0,1.0,0.0,0.0,0.0,1.0,,,1.0,,,,,0.0,0.0,1.0,1.0,,1.0,0.5,,1.0,1.0,1.0,1.0,1.0,,0.0,0.0,,1.0,,0.0,,0.0,1.0,,1.0,,1.0,,,,1.0,,1.0,1.0,1.0,1.0,1.0,1.0,1.0,1.0,1.0,,0.0,1.0,,,,,1.0,1.0,,0.0,,,,1.0,,,1.0,,,1.0,,1.0,,1.0,,1.0,,,,1.0,,,,1.0,,1.0,,,1.0,,1.0,,,,,,,,1.0,0.0,1.0,1.0,1.0,,,1.0,,1.0,,,,,1.0,,1.0,,1.0,,1.0,1.0,1.0,,1.0,1.0,1.0,,,,,0.0,1.0,,1.0,1.0,,1.0,1.0,,1.0,0.0,1.0,1.0,,0.0,0.0,,,,1.0,0.0,1.0,1.0,0.0,0.0,,,,,,,,,,,,,,,,,,,,,,
2745,0.0,,,1.0,1.0,0.0,1.0,1.0,1.0,1.0,0.0,,1.0,0.0,1.0,0.0,1.0,1.0,1.0,0.0,1.0,1.0,,,1.0,,,,,0.0,0.0,1.0,1.0,,0.0,0.0,,1.0,1.0,1.0,1.0,1.0,,0.0,1.0,,1.0,,0.0,,0.0,1.0,,1.0,,1.0,,,,1.0,,1.0,1.0,1.0,1.0,1.0,1.0,1.0,1.0,1.0,,1.0,1.0,,,,,1.0,1.0,,1.0,,,,1.0,,,1.0,,,1.0,,1.0,,1.0,,1.0,,,,1.0,,,,1.0,,1.0,,,1.0,,1.0,,,,,,,,1.0,0.0,1.0,1.0,1.0,,,1.0,,1.0,,,,,1.0,,1.0,,1.0,,1.0,1.0,1.0,,1.0,1.0,1.0,,,,,,,,,,,,,,,,,,,,,,,,,,,,,,,,,,,,,,,,,,,,,,,,,,,
2759,1.0,,,1.0,1.0,0.0,1.0,1.0,1.0,1.0,1.0,,0.0,1.0,1.0,1.0,1.0,1.0,0.0,0.0,0.0,1.0,,,1.0,,,,,0.0,0.0,0.0,1.0,,1.0,0.0,,1.0,1.0,1.0,1.0,1.0,,1.0,0.0,,1.0,,0.5,,0.0,1.0,,1.0,,1.0,,,,1.0,,1.0,1.0,1.0,1.0,1.0,1.0,1.0,1.0,1.0,,1.0,1.0,,,,,1.0,1.0,,0.0,,,,1.0,,,0.0,,,1.0,,1.0,,1.0,,1.0,,,,1.0,,,,1.0,,1.0,,,1.0,,1.0,,,,,,,,1.0,1.0,1.0,1.0,1.0,,,1.0,,1.0,,,,,1.0,,1.0,,1.0,,1.0,1.0,1.0,,1.0,1.0,1.0,,,,,1.0,0.5,,,,,,,,,,,,,,,,,,,,,,,,,,,,,,,,,,,,,,,,,,,,,
2770,1.0,,,,,1.0,,,0.0,1.0,1.0,,,,,,,,,,,,,,,,,,,,,0.0,,,,,,,,,,1.0,,,0.0,,,,,,,,,,,,,,,1.0,,,,,,,,,,,,,,,,,,0.0,,,1.0,,,,,,,,,,,,,,,,,,,,,,,,,,,,,,,,,,,,,,,,,1.0,,,,,,,,,,,,,,,,,,,1.0,,,,,0.0,,,,,,,,,,,,,,,,,,,,,,,,,,,,,,,,,,,,,,,,,,,,,,,,,,,
2790,1.0,,,1.0,1.0,1.0,0.0,1.0,1.0,1.0,1.0,,,0.0,1.0,,1.0,1.0,0.0,0.0,1.0,0.0,,,0.0,,,,,,0.0,,0.0,,0.0,,,,,1.0,,1.0,,,0.0,,1.0,,1.0,,1.0,1.0,,1.0,,,,,,1.0,,,,1.0,1.0,1.0,1.0,1.0,1.0,,,1.0,1.0,,,,,,,,,,,,1.0,,,,,,1.0,,1.0,,,,1.0,,,,,,,,1.0,,1.0,,,1.0,,1.0,,,,,,,,1.0,1.0,,1.0,1.0,,,,,1.0,,,,,1.0,,,,1.0,,,,1.0,,1.0,1.0,1.0,,,,,1.0,1.0,,,,,,,,,,,,,,,,,,,,,,,,,,,,,,,,,,,,,,,,,,,,,
2810,1.0,,,,,,,1.0,0.0,0.0,1.0,,1.0,,1.0,,,,1.0,,0.0,1.0,,,,,,,,,,0.0,,,0.0,,,,1.0,,,,,,0.0,,1.0,,,,,,,,,,,,,,,1.0,1.0,,,0.0,,1.0,,,,1.0,1.0,,,,,,,,,,,,1.0,,,0.0,,,,,1.0,,0.0,,,,,,,,,,1.0,,,,,1.0,,1.0,,,,,,,,,,,1.0,,,,,,1.0,,,,,1.0,,,,,,,,,,,,1.0,,,,,,,,,,,,,,,,,,,,,,,,,,,,,,,,,,,,,,,,,,,,,,,,,,,
2813,0.5,,,1.0,1.0,0.0,1.0,,1.0,,0.5,,1.0,,,,1.0,,0.0,0.0,0.0,,,,1.0,,,,,1.0,,,1.0,,1.0,,,1.0,1.0,1.0,1.0,1.0,,1.0,,,1.0,,1.0,,0.0,,,1.0,,,,,,,,,,1.0,,1.0,1.0,,1.0,,,,,,,,,1.0,1.0,,1.0,,,,1.0,,,1.0,,,,,,,1.0,,1.0,,,,1.0,,,,1.0,,,,,1.0,,,,,,,,,,1.0,0.0,1.0,1.0,1.0,,,1.0,,,,,,,1.0,,1.0,,1.0,,,,1.0,,1.0,,1.0,,,,,1.0,1.0,,,,,,,,,,,,,,,,,,,,,,,,,,,,,,,,,,,,,,,,,,,,,
2820,1.0,,,1.0,1.0,0.0,1.0,0.0,1.0,0.0,0.0,,0.0,1.0,1.0,0.0,1.0,1.0,0.0,0.0,1.0,1.0,,,0.0,,,,,0.0,0.0,1.0,1.0,,0.0,0.0,,1.0,1.0,1.0,1.0,0.0,,0.0,0.0,,1.0,,0.0,,0.0,1.0,,1.0,,1.0,,,,1.0,,1.0,1.0,1.0,1.0,1.0,1.0,1.0,1.0,1.0,,1.0,1.0,,,,,0.0,0.0,,1.0,,,,1.0,,,1.0,,,1.0,,1.0,,1.0,,0.0,,,,1.0,,,,1.0,,1.0,,,1.0,,1.0,,,,,,,,1.0,1.0,1.0,0.0,1.0,,,1.0,,1.0,,,,,1.0,,1.0,,1.0,,1.0,1.0,0.0,,0.0,1.0,1.0,,,,,,,,,,,,,,,,,,,,,,,,,,,,,,,,,,,,,,,,,,,,,,,,,,,
2831,1.0,,,1.0,1.0,0.0,0.5,1.0,0.5,0.0,0.0,,0.5,0.0,1.0,1.0,1.0,0.0,0.0,0.0,0.0,1.0,,,1.0,,,,,0.0,0.0,0.0,0.0,,,0.0,,1.0,1.0,1.0,1.0,0.5,,1.0,0.0,,1.0,,1.0,,0.0,0.5,,1.0,,1.0,,,,1.0,,1.0,1.0,1.0,,1.0,1.0,1.0,1.0,0.5,,1.0,1.0,,,,,0.5,0.0,,0.5,,,,1.0,,,1.0,,,1.0,,1.0,,0.5,,1.0,,,,0.5,,,,1.0,,1.0,,,1.0,,0.5,,,,,,,,1.0,1.0,1.0,0.0,1.0,,,,,1.0,,,,,1.0,,1.0,,1.0,,1.0,1.0,0.5,,1.0,1.0,1.0,,,,,1.0,,,,,,,,,,,,,,,,,,,,,,,,,,,,,,,,,,,,,,,,,,,,,,
2834,1.0,,,1.0,1.0,0.0,0.0,1.0,1.0,1.0,1.0,,1.0,0.0,1.0,0.0,1.0,1.0,0.0,0.0,0.0,0.0,,,1.0,,,,,0.0,0.0,0.0,0.0,,0.0,0.0,,1.0,1.0,1.0,1.0,1.0,,1.0,0.5,,1.0,,1.0,,0.0,1.0,,1.0,,0.0,,,,1.0,,1.0,1.0,1.0,1.0,,1.0,1.0,1.0,1.0,,1.0,1.0,,,,,0.0,0.0,,0.0,,,,1.0,,,1.0,,,1.0,,1.0,,1.0,,1.0,,,,0.0,,,,1.0,,1.0,,,,,1.0,,,,,,,,1.0,0.0,1.0,1.0,1.0,,,1.0,,1.0,,,,,1.0,,1.0,,1.0,,1.0,1.0,1.0,,1.0,1.0,1.0,,,,,1.0,1.0,,,,,,,,,,,,,,,,,,,,,,,,,,,,,,,,,,,,,,,,,,,,,
2862,1.0,,,1.0,1.0,0.0,0.0,1.0,0.0,0.0,0.5,,1.0,0.0,1.0,0.5,0.0,0.0,1.0,0.0,0.0,1.0,,,0.0,,,,,0.0,0.0,0.5,0.0,,0.0,0.0,,1.0,1.0,1.0,1.0,1.0,,0.5,0.0,,1.0,,1.0,,0.0,0.5,,1.0,,0.5,,,,1.0,,1.0,1.0,1.0,0.5,1.0,1.0,1.0,1.0,1.0,,1.0,1.0,,,,,0.0,0.0,,0.5,,,,1.0,,,1.0,,,0.5,,1.0,,0.5,,1.0,,,,1.0,,,,1.0,,1.0,,,1.0,,1.0,,,,,,,,1.0,0.0,1.0,0.0,1.0,,,1.0,,1.0,,,,,1.0,,1.0,,1.0,,1.0,1.0,0.0,,1.0,1.0,1.0,,,,,1.0,1.0,,,,,,,,,,,,,,,,,,,,,,,,,,,,,,,,,,,,,,,,,,,,,
2868,1.0,,,1.0,,1.0,0.0,,,,,,1.0,,,1.0,1.0,,0.0,0.0,,1.0,,,,,,,,,0.0,,1.0,,,0.0,,,1.0,,,,,,0.0,,,,,,,,,,,,,,,1.0,,,,,,,,,,,,1.0,1.0,,,,,,,,1.0,,,,,,,1.0,,,,,,,1.0,,1.0,,,,1.0,,,,,,1.0,,,1.0,,,,,,,,,,1.0,1.0,1.0,1.0,1.0,,,,,,,,,,,,,,1.0,,,,1.0,,1.0,,,,,,,,,,,,,,,,,,,,,,,,,,,,,,,,,,,,,,,,,,,,,,,,,,,,,
2877,1.0,,,1.0,0.0,1.0,,,,,,,,,1.0,,1.0,,,,0.0,,,,,,,,,,0.0,1.0,1.0,,1.0,,,1.0,1.0,,1.0,1.0,,1.0,,,1.0,,,,0.0,,,1.0,,1.0,,,,,,,,1.0,,,1.0,1.0,,,,1.0,1.0,,,,,,,,1.0,,,,1.0,,,1.0,,,1.0,,,,,,1.0,,,,,,,,,,,,,1.0,,1.0,,,,,,,,,0.0,1.0,,1.0,,,1.0,,1.0,,,,,,,1.0,,,,1.0,1.0,1.0,,1.0,0.0,0.0,,,,,,,,,,,,,,,,,,,,,,,,,,,,,,,,,,,,,,,,,,,,,,,,,,,
2951,0.5,,,1.0,0.5,0.5,0.5,1.0,1.0,0.5,0.5,,1.0,0.5,1.0,0.5,1.0,0.5,0.5,0.5,,0.5,,,0.5,,,,,0.5,0.0,0.0,,,1.0,0.5,,1.0,1.0,1.0,1.0,0.5,,0.5,0.5,,1.0,,0.5,,0.5,0.5,,1.0,,0.5,,,,0.5,,1.0,,1.0,1.0,1.0,1.0,,1.0,1.0,,1.0,,,,,,0.5,0.5,,0.5,,,,,,,1.0,,,1.0,,1.0,,,,1.0,,,,0.5,,,,1.0,,1.0,,,1.0,,1.0,,,,,,,,1.0,,,,1.0,,,1.0,,1.0,,,,,,,1.0,,,,1.0,1.0,1.0,,1.0,,0.5,,,,,1.0,0.5,,,,,,,,,,,,,,,,,,,,,,,,,,,,,,,,,,,,,,,,,,,,,
2965,1.0,,,,,0.0,,1.0,,0.0,1.0,,1.0,0.0,1.0,1.0,,1.0,0.0,0.0,0.0,,,,0.0,,,,,0.0,,0.5,0.0,,,,,1.0,1.0,,1.0,,,1.0,0.5,,,,,,,1.0,,,,,,,,1.0,,1.0,1.0,1.0,1.0,,,,,1.0,,,,,,,,,0.5,,1.0,,,,1.0,,,1.0,,,,,1.0,,,,,,,,,,,,,,,,,1.0,,,,,,,,,,,1.0,1.0,1.0,,,,,,,,,,,,,,,,,1.0,,1.0,,,,,,,,,,,,,,,,,,,,,,,,,,,,,,,,,,,,,,,,,,,,,,,,,,,,,,,
2996,1.0,,,,,0.0,,,,,,,,,,,,,,,,,,,,,,,,,,,,,,,,,,,,,,,0.0,,1.0,,,,,,,1.0,,,,,,,,,,,,,,,,,,,,,,,,,,,0.0,,,,,,,1.0,,,,,,,,,,,,,,,,,,,,,,,,,,,,,,,,,,,,,,,,,,,,,,,,,,,,,,,,,,,,,,,,,,,,,,,,,,,,,,,,,,,,,,,,,,,,,,,,,,,,,,,,,,,,,
3038,1.0,,,1.0,1.0,0.0,0.0,1.0,1.0,0.0,1.0,,1.0,0.0,0.0,1.0,1.0,1.0,0.0,0.0,0.0,1.0,,,1.0,,,,,0.5,0.0,0.0,0.0,,1.0,0.0,,1.0,1.0,1.0,1.0,1.0,,1.0,0.0,,1.0,,1.0,,0.0,0.0,,1.0,,0.0,,,,1.0,,1.0,1.0,1.0,1.0,1.0,1.0,1.0,1.0,1.0,,1.0,1.0,,,,,1.0,0.0,,1.0,,,,1.0,,,1.0,,,1.0,,1.0,,0.0,,1.0,,,,0.0,,,,1.0,,1.0,,,1.0,,1.0,,,,,,,,1.0,0.0,1.0,1.0,1.0,,,1.0,,1.0,,,,,1.0,,1.0,,1.0,,1.0,1.0,1.0,,1.0,1.0,1.0,,,,,1.0,1.0,,,,,,,,,,,,,,,,,,,,,,,,,,,,,,,,,,,,,,,,,,,,,
3044,1.0,,,,,0.5,,,0.5,1.0,,,1.0,,,,,,,,0.5,,,,,,,,,0.5,,,,,0.5,0.5,,1.0,,,,,,,,,1.0,,1.0,,,,,1.0,,,,,,,,1.0,,,,,1.0,1.0,,,,,,,,,,0.0,,,,,,,,,,,,,,,,,,,,,,,,,,,,,1.0,,,,,,,,,,,,,1.0,,1.0,,,,,,,1.0,,,,,,,,,,,1.0,1.0,,,,,1.0,,,,,,1.0,,,,,,,,,,,,,,,,,,,,,,,,,,,,,,,,,,,,,,,,,,,,,
3045,1.0,,,1.0,1.0,0.0,0.5,1.0,1.0,1.0,1.0,,0.5,0.0,1.0,1.0,1.0,1.0,0.0,0.0,0.0,0.0,,,1.0,,,,,0.0,0.0,0.5,0.0,,1.0,0.0,,1.0,1.0,1.0,1.0,0.0,,1.0,0.0,,1.0,,0.0,,0.0,1.0,,1.0,,0.0,,,,1.0,,1.0,1.0,1.0,1.0,1.0,1.0,1.0,1.0,1.0,,1.0,1.0,,,,,0.0,0.0,,0.0,,,,1.0,,,1.0,,,1.0,,1.0,,1.0,,1.0,,,,0.0,,,,1.0,,1.0,,,1.0,,1.0,,,,,,,,1.0,0.0,1.0,1.0,1.0,,,1.0,,1.0,,,,,1.0,,1.0,,1.0,,1.0,1.0,1.0,,1.0,1.0,1.0,,,,,1.0,1.0,,,,,,,,,,,,,,,,,,,,,,,,,,,,,,,,,,,,,,,,,,,,,
3048,1.0,,,1.0,0.0,1.0,0.0,1.0,0.0,1.0,1.0,,1.0,0.0,1.0,0.5,1.0,1.0,0.0,0.0,1.0,1.0,,,1.0,,,,,0.0,0.0,0.0,0.0,,1.0,0.0,,0.0,1.0,1.0,1.0,0.0,,1.0,0.0,,1.0,,1.0,,1.0,1.0,,1.0,,1.0,,,,1.0,,1.0,1.0,1.0,1.0,1.0,1.0,1.0,1.0,1.0,,0.0,1.0,,,,,0.0,1.0,,1.0,,,,1.0,,,1.0,,,1.0,,0.0,,1.0,,1.0,,,,1.0,,,,1.0,,1.0,,,1.0,,1.0,,,,,,,,1.0,0.0,1.0,1.0,1.0,,,1.0,,1.0,,,,,1.0,,0.5,,1.0,,1.0,1.0,1.0,,1.0,1.0,1.0,,,,,1.0,1.0,,,,,,,,,,,,,,,,,,,,,,,,,,,,,,,,,,,,,,,,,,,,,
3052,1.0,,,1.0,1.0,0.0,,,,1.0,1.0,,,1.0,1.0,1.0,1.0,,0.0,,0.0,0.0,,,,,,,,,0.0,0.0,0.0,,1.0,0.0,,0.0,,1.0,1.0,0.0,,1.0,,,1.0,,,,0.0,1.0,,1.0,,1.0,,,,1.0,,1.0,1.0,1.0,,1.0,1.0,1.0,1.0,1.0,,,1.0,,,,,0.0,0.0,,,,,,1.0,,,1.0,,,1.0,,,,0.0,,1.0,,,,,,,,,,1.0,,,,,1.0,,,,,,,,1.0,0.0,1.0,1.0,1.0,,,1.0,,,,,,,1.0,,,,,,1.0,1.0,1.0,,1.0,1.0,,,,,,1.0,1.0,,,,,,,,,,,,,,,,,,,,,,,,,,,,,,,,,,,,,,,,,,,,,
3057,1.0,,,1.0,,,1.0,1.0,1.0,1.0,1.0,,1.0,0.5,,1.0,1.0,1.0,0.0,0.0,1.0,1.0,,,,,,,,1.0,0.0,0.5,0.0,,,0.0,,1.0,1.0,1.0,1.0,1.0,,1.0,0.0,,1.0,,,,0.0,1.0,,1.0,,,,,,1.0,,,1.0,1.0,1.0,1.0,1.0,1.0,1.0,1.0,,1.0,1.0,,,,,1.0,0.0,,0.0,,,,1.0,,,,,,1.0,,,,0.0,,,,,,,,,,1.0,,,,,1.0,,1.0,,,,,,,,1.0,1.0,1.0,,,,,1.0,,1.0,,,,,,,,,1.0,,1.0,,1.0,,,1.0,1.0,,,,,1.0,1.0,,,,,,,,,,,,,,,,,,,,,,,,,,,,,,,,,,,,,,,,,,,,,
3066,0.5,,,1.0,0.5,0.5,1.0,1.0,1.0,0.0,0.0,,0.5,1.0,0.5,1.0,1.0,1.0,0.0,0.0,0.5,1.0,,,0.5,,,,,0.0,0.0,0.0,1.0,,1.0,0.0,,0.5,1.0,1.0,1.0,0.5,,0.5,0.0,,1.0,,0.0,,0.0,0.5,,1.0,,1.0,,,,1.0,,1.0,1.0,1.0,1.0,1.0,1.0,1.0,1.0,0.5,,1.0,1.0,,,,,0.5,0.0,,0.0,,,,1.0,,,1.0,,,1.0,,1.0,,0.5,,1.0,,,,0.5,,,,1.0,,1.0,,,1.0,,1.0,,,,,,,,1.0,0.5,1.0,1.0,1.0,,,1.0,,1.0,,,,,1.0,,1.0,,1.0,,1.0,1.0,1.0,,,1.0,1.0,,,,,1.0,1.0,,,,,,,,,,,,,,,,,,,,,,,,,,,,,,,,,,,,,,,,,,,,,
3081,0.5,,,,,,,,,1.0,,,,,,0.0,1.0,1.0,,0.0,0.0,,,,,,,,,0.0,,,0.0,,,,,1.0,,,1.0,,,,,,1.0,,,,,,,1.0,,,,,,1.0,,1.0,,1.0,0.5,1.0,,1.0,,,,,1.0,,,,,,,,,,,,,,,,,,1.0,,,,1.0,,,,,,,,,,1.0,,1.0,,,,,,,,,,,,,,,1.0,0.0,,,,,,1.0,,,,,1.0,,1.0,,,,,0.0,,,1.0,,1.0,,,,,,0.5,,,,,,,,,,,,,,,,,,,,,,,,,,,,,,,,,,,,,,,,,,,,,
3082,1.0,,,1.0,0.5,0.5,0.5,0.5,0.5,0.5,1.0,,1.0,0.0,1.0,1.0,0.5,1.0,0.5,0.0,0.5,0.5,,,0.5,,,,,0.5,0.0,0.5,0.0,,0.5,0.5,,1.0,1.0,1.0,0.5,0.5,,0.0,0.5,,1.0,,0.5,,0.0,1.0,,1.0,,0.0,,,,1.0,,1.0,1.0,1.0,0.5,1.0,1.0,1.0,1.0,1.0,,1.0,1.0,,,,,0.5,0.0,,0.5,,,,1.0,,,1.0,,,1.0,,1.0,,0.5,,1.0,,,,0.5,,,,0.5,,0.5,,,1.0,,1.0,,,,,,,,1.0,0.5,1.0,0.5,0.0,,,1.0,,1.0,,,,,0.5,,1.0,,1.0,,1.0,1.0,0.5,,1.0,1.0,1.0,,,,,1.0,0.5,,1.0,0.5,,,,,,,,,,,,,,,,,,,,,,,,,,,,,,,,,,,,,,,,,,
3084,1.0,,,,,,,,,,,,,,,,,,,,,,,,1.0,,,,,,,,,,,,,,0.0,1.0,,,,,,,,,,,,1.0,,,,,,,,,,,,,,,,,,1.0,,,,,,,,,,,,,,,,,,,,,,,,,,,,,,,,,,,,,,,,,,,,,,,,,,,,,,,,,,,,,,,,,,,,,,,,,,,,,,,,,,,,,,,,,,,,,,,,,,,,,,,,,,,,,,,,,,,,,,,,,,,,,,,
3104,0.0,,,1.0,1.0,0.5,0.5,1.0,,1.0,0.0,,,0.5,1.0,0.5,1.0,1.0,0.5,0.5,0.5,0.5,,,1.0,,,,,0.5,0.5,0.5,1.0,,0.5,1.0,,1.0,0.5,1.0,1.0,1.0,,0.5,0.5,,1.0,,0.5,,0.5,1.0,,1.0,,1.0,,,,1.0,,1.0,1.0,1.0,1.0,1.0,1.0,1.0,1.0,1.0,,1.0,,,,,,0.5,1.0,,1.0,,,,1.0,,,1.0,,,1.0,,1.0,,,,1.0,,,,0.5,,,,1.0,,1.0,,,1.0,,1.0,,,,,,,,1.0,0.5,1.0,1.0,0.5,,,1.0,,1.0,,,,,1.0,,,,1.0,,1.0,,1.0,,1.0,1.0,0.5,,,,,1.0,1.0,,1.0,,,,,,,,,,,,,,,,,,,,,,,,,,,,,,,,,,,,,,,,,,,
3113,1.0,,,1.0,0.5,0.5,0.5,1.0,1.0,1.0,1.0,,0.5,0.5,1.0,0.0,1.0,0.5,0.5,1.0,0.0,1.0,,,1.0,,,,,0.5,0.0,0.0,1.0,,0.0,1.0,,0.0,1.0,1.0,1.0,1.0,,0.0,1.0,,0.0,,0.0,,0.0,1.0,,1.0,,1.0,,,,1.0,,0.5,1.0,1.0,1.0,1.0,1.0,1.0,1.0,1.0,,1.0,1.0,,,,,0.5,1.0,,1.0,,,,1.0,,,1.0,,,1.0,,0.0,,0.0,,1.0,,,,0.0,,,,1.0,,1.0,,,1.0,,1.0,,,,,,,,1.0,0.5,0.5,0.5,1.0,,,1.0,,1.0,,,,,1.0,,1.0,,0.5,,1.0,1.0,1.0,,1.0,1.0,0.5,,,,,1.0,0.5,,,,,,,,,,,,,,,,,,,,,,,,,,,,,,,,,,,,,,,,,,,,,
3117,1.0,,,1.0,0.0,0.0,0.0,0.0,0.0,0.0,0.5,,1.0,0.0,1.0,0.0,0.0,0.0,0.0,0.0,0.0,0.0,,,0.0,,,,,0.0,1.0,0.5,0.0,,0.0,0.0,,1.0,1.0,1.0,0.0,1.0,,0.5,0.0,,1.0,,1.0,,0.0,1.0,,1.0,,0.0,,,,1.0,,1.0,1.0,1.0,0.0,1.0,1.0,1.0,1.0,1.0,,1.0,1.0,,,,,0.0,0.0,,0.0,,,,1.0,,,1.0,,,1.0,,1.0,,0.5,,0.0,,,,0.0,,,,0.0,,0.0,,,1.0,,0.5,,,,,,,,1.0,0.0,1.0,0.0,1.0,,,1.0,,1.0,,,,,1.0,,1.0,,1.0,,1.0,1.0,0.0,,1.0,0.5,1.0,,,,,0.0,1.0,,0.0,1.0,,1.0,,,,,,,,,,,,,,,,,,,,,,,,,,,,,,,,,,,,,,,,
3120,1.0,,,1.0,1.0,0.0,0.0,1.0,1.0,1.0,0.0,,1.0,0.0,1.0,0.0,1.0,1.0,0.0,1.0,0.0,1.0,,,1.0,,,,,0.5,0.0,0.0,1.0,,0.0,0.0,,1.0,,,0.5,0.5,,,0.0,,1.0,,1.0,,0.0,1.0,,1.0,,0.5,,,,1.0,,1.0,1.0,0.0,1.0,1.0,1.0,1.0,,,,1.0,1.0,,,,,0.0,0.0,,1.0,,,,1.0,,,1.0,,,1.0,,1.0,,0.5,,,,,,,,,,1.0,,1.0,,,,,1.0,,,,,,,,1.0,0.0,1.0,1.0,,,,,,1.0,,,,,1.0,,1.0,,1.0,,1.0,0.5,0.0,,1.0,0.5,0.0,,,,,1.0,1.0,,,1.0,,,,,,,,,,,,,,,,,,,,,,,,,,,,,,,,,,,,,,,,,,
3141,1.0,,,1.0,1.0,1.0,0.0,1.0,1.0,0.0,0.5,,1.0,1.0,1.0,0.0,1.0,1.0,0.0,0.0,0.0,0.0,,,1.0,,,,,0.0,0.0,0.0,0.0,,0.0,0.0,,0.0,1.0,1.0,1.0,1.0,,0.0,0.0,,1.0,,0.0,,0.0,1.0,,1.0,,1.0,,,,0.5,,1.0,1.0,1.0,1.0,1.0,1.0,1.0,1.0,1.0,,1.0,1.0,,,,,0.0,0.0,,1.0,,,,1.0,,,1.0,,,1.0,,1.0,,1.0,,0.0,,,,0.0,,,,1.0,,1.0,,,1.0,,1.0,,,,,,,,1.0,0.0,1.0,1.0,1.0,,,1.0,,1.0,,,,,1.0,,1.0,,1.0,,1.0,1.0,1.0,,1.0,1.0,1.0,,,,,1.0,1.0,,1.0,1.0,,1.0,1.0,,,,,,,,,,,,,,,,,,,,,,,,,,,,,,,,,,,,,,,
3184,0.0,,,,1.0,,,,,,,,,,,,1.0,,,,,,,,,,,,,,,,,,,,,,,,1.0,,,1.0,,,,,,,,,,,,,,,,,,1.0,1.0,,,,,,1.0,,,,1.0,,,,,0.0,0.0,,,,,,,,,,,,,,,,1.0,,,,,,,,,,1.0,,,,,,,,,,,,,,,,,,,,,,,,,,,,,,,,,,,,,,,,,1.0,,,,,,,,1.0,1.0,,,,,,,,,,,,,,,,,,,,,,,,,,,,,,,,,,,,,,,,,,
3194,1.0,,,0.5,,,,,0.5,,,,0.5,0.5,0.5,0.5,,0.5,0.5,0.5,,,,,,,,,,0.5,,,,,,,,,,,1.0,0.5,,,0.5,,,,,,,,,,,,,,,,,0.5,0.5,,,0.5,,0.5,0.5,,,,,,,,,,,,0.5,,,,0.5,,,,,,,,0.5,,,,,,,,,,,,0.5,,,,,,,,,,,,,,,,0.5,,,,,,0.5,,,,,,,0.5,,,,,,1.0,0.5,0.5,,,,,,,,,0.5,,,,,,,,,,,,,,,,,,,,,,,,,,,,,,,,,,,,,,,,,,,,,,
3196,1.0,,,,0.0,0.5,1.0,1.0,,1.0,0.0,,1.0,0.0,,,,1.0,,,,,,,,,,,,1.0,,,1.0,,,,,,,1.0,,,,,,,,,,,,,,,,,,,,,,,,,,,1.0,,,,,1.0,1.0,,,,,,,,,,,,,,,,,,,,,,,,,,,,0.0,,,,,,1.0,,,0.5,,1.0,,,,,,,,1.0,1.0,,,,,,,,1.0,,,,,1.0,,,,,,,,1.0,,1.0,,1.0,,,,,,,,,0.5,,,,,,,,,,,,,,,,,,,,,,,,,,,,,,,,,,,,,,,,,,
3236,0.0,,,,1.0,1.0,1.0,,1.0,0.5,,,0.0,,1.0,0.0,1.0,,,1.0,,0.5,,,0.0,,,,,,0.0,,1.0,,0.5,1.0,,,0.5,0.5,,,,0.0,1.0,,,,0.5,,0.5,0.5,,0.5,,,,,,0.5,,,,,1.0,,0.5,,,0.0,,,0.5,,,,,1.0,,,,,,,0.5,,,,,,,,,,,,1.0,,,,1.0,,,,,,0.0,,,,,1.0,,,,,,,,,0.5,,1.0,0.5,,,,,0.0,,,,,,,,,,,1.0,,,,1.0,,0.5,,,,,1.0,,,0.0,0.5,,0.0,0.5,,0.5,,0.5,,,,1.0,,,,0.5,0.5,1.0,0.5,0.5,,,,,,,,,,,,,,,,,,,,,,,
3258,1.0,,,1.0,,,,,,,,,,,1.0,1.0,,,0.0,0.0,,,,,,,,,,,,0.5,0.0,,,,,0.5,,,,,,,1.0,,1.0,,0.5,,,,,1.0,,,,,,,,1.0,1.0,1.0,,,,,1.0,,,,,,,,,0.0,,,,,,,,,,1.0,,,,,,,,,,,,,,,,,,,,,,1.0,,,,,,,,,,,,0.5,,1.0,,,,,1.0,,,,,,,,,,,1.0,,,,1.0,,,,,,,,,,,,,,,,,,,,,,,,,,,,,,,,,,,,,,,,,,,,,,,,,,,,,
3261,1.0,,,1.0,,,,,1.0,,,,,,,,,,,1.0,,,,,,,,,,0.5,,,,,,,,,1.0,,,1.0,,,,,,,,,,,,1.0,,,,,,1.0,,,,,1.0,,,1.0,,,,,0.5,,,,,,,,,,,,,,,1.0,,,,,,,,,1.0,,,,,,,,,,,,,,,,,,,,,,,,0.5,,,,,,1.0,,,,,,,,,1.0,,,,,,,,,1.0,,,,,,1.0,,,1.0,,,,,,,,,,,,,,,,,,,,,,,,,,,,,,,,,,,,,,,,,,,
3273,0.5,,,,,0.5,,,,,,,,,,0.5,,,,0.5,,,,,,,,,,,0.0,,1.0,,,,,,0.5,,,,,,0.0,,,,,,0.0,,,,,,,,,,,,,,,,,,,1.0,,,,,,,,,1.0,,,,,,1.0,,,,,,,,0.5,,1.0,,,,,,,,,,,,,,,,,,,,,,,,,1.0,0.5,1.0,,,,,,,,,,,,1.0,,,,0.5,,,1.0,,,,,1.0,,,,,,,,,,,,,,,,,,,,,,,,,,,,,,,,,,,,,,,,,,,,,,,,,,,
3310,1.0,,,,1.0,0.0,,,1.0,,,,,1.0,,,1.0,,,,,1.0,,,,,,,,,,,,,,,,,1.0,1.0,,,,1.0,,,,,,,0.0,,,1.0,,,,,,,,,,,,,,,,1.0,,,,,,,,,,,1.0,,,,,,,,,,0.0,,,,,,1.0,,,,1.0,,,,,,1.0,,,,,,,,,,,,,,,,,,,,,,,,,,,,,,,1.0,,1.0,1.0,,,,1.0,1.0,,,,,1.0,,,,,,,,,,,,,,,,,,,,,,,,,,,,,,,,,,,,,,,,,,,,,,
3328,1.0,,,,1.0,,0.5,,,1.0,,,1.0,1.0,0.5,,,,,,,,,,1.0,,,,,0.0,0.0,,,,0.5,,,1.0,,1.0,,0.5,,,,,1.0,,0.0,,0.0,,,,,,,,,,,,,1.0,,1.0,1.0,1.0,1.0,1.0,,1.0,1.0,,,,,,1.0,,,,,,1.0,,,,,,1.0,,1.0,,,,,,,,,,,,,,1.0,,,,,1.0,,,,,,,,,,1.0,,,,,1.0,,,,,,,,,,,,,,,,,,,,,,,,,,,,1.0,,1.0,,,,0.0,,,,,,,,,,,,,,,,,,,,,,,,,,,,,,,,,,,,
3354,1.0,,,1.0,1.0,0.0,0.0,1.0,1.0,1.0,1.0,,1.0,0.0,1.0,0.0,1.0,0.0,0.0,0.0,0.0,0.0,,,0.0,,,,,0.0,0.0,0.0,0.0,,1.0,0.0,,0.0,1.0,1.0,0.5,1.0,,0.5,0.0,,1.0,,0.0,,0.0,0.0,,1.0,,0.0,,,,1.0,,1.0,1.0,1.0,1.0,1.0,1.0,1.0,1.0,1.0,,1.0,0.0,,,,,0.0,0.0,,0.0,,,,1.0,,,1.0,,,1.0,,1.0,,1.0,,1.0,,,,0.0,,,,1.0,,1.0,,,1.0,,1.0,,,,,,,,1.0,0.0,1.0,0.0,1.0,,,1.0,,1.0,,,,,1.0,,1.0,,1.0,,1.0,1.0,1.0,,1.0,1.0,1.0,,,,,1.0,1.0,,1.0,0.5,,1.0,1.0,,1.0,0.0,0.5,0.5,,,,,,,,,,,,,,,,,,,,,,,,,,,,,,,,,,
3355,1.0,,,1.0,1.0,1.0,1.0,1.0,1.0,1.0,0.0,,1.0,1.0,1.0,1.0,1.0,1.0,0.0,0.0,0.0,1.0,,,1.0,,,,,1.0,0.0,0.0,1.0,,1.0,0.0,,1.0,1.0,1.0,1.0,1.0,,1.0,0.0,,1.0,,1.0,,0.0,1.0,,1.0,,1.0,,,,1.0,,1.0,1.0,1.0,1.0,1.0,1.0,1.0,1.0,1.0,,1.0,1.0,,,,,1.0,0.0,,1.0,,,,1.0,,,1.0,,,1.0,,1.0,,1.0,,1.0,,,,1.0,,,,1.0,,1.0,,,1.0,,1.0,,,,,,,,1.0,1.0,1.0,1.0,1.0,,,1.0,,1.0,,,,,1.0,,1.0,,1.0,,1.0,1.0,1.0,,1.0,1.0,0.0,,,,,1.0,1.0,,1.0,1.0,,1.0,1.0,,1.0,1.0,1.0,1.0,,,,,,,,,,,,,,,,,,,,,,,,,,,,,,,,,,
3359,1.0,,,1.0,1.0,0.0,0.0,1.0,1.0,1.0,1.0,,1.0,1.0,0.5,0.5,1.0,1.0,0.0,0.0,0.0,1.0,,,1.0,,,,,0.0,0.0,0.0,1.0,,1.0,0.0,,1.0,1.0,1.0,1.0,1.0,,1.0,0.0,,1.0,,0.0,,0.0,1.0,,1.0,,1.0,,,,1.0,,1.0,1.0,1.0,1.0,1.0,1.0,1.0,1.0,1.0,,1.0,1.0,,,,,0.0,1.0,,0.0,,,,1.0,,,1.0,,,1.0,,1.0,,1.0,,1.0,,,,0.0,,,,1.0,,1.0,,,1.0,,1.0,,,,,,,,1.0,0.0,1.0,1.0,1.0,,,1.0,,1.0,,,,,1.0,,1.0,,1.0,,1.0,1.0,1.0,,1.0,1.0,1.0,,,,,1.0,1.0,,1.0,1.0,,1.0,1.0,,1.0,1.0,1.0,1.0,,,,,,,,,,,,,,,,,,,,,,,,,,,,,,,,,,
3369,0.0,,,,,,,,,,,,,,,,1.0,0.0,,,,,,,,,,,,,,1.0,,,,,,,,,,,,,1.0,,1.0,,,,,1.0,,,,,,,,,,,,,,,,,,,,,1.0,,,,,,,,1.0,,,,1.0,,,,,,,,,,1.0,,,,,,,,,,1.0,,,,,,,,,,,,,,,,,,,,,,1.0,,0.0,,,,,,,,,,,,,,,,0.0,,,,,,,,,,,,,,,1.0,,1.0,1.0,,,,,,,,,,,,,,,,,,,,,,,,,,,,,,,,,,
3373,1.0,,,1.0,1.0,1.0,0.0,1.0,1.0,1.0,0.0,,1.0,0.0,1.0,1.0,1.0,1.0,1.0,0.0,1.0,1.0,,,1.0,,,,,1.0,1.0,1.0,0.0,,1.0,0.0,,1.0,1.0,1.0,1.0,1.0,,1.0,0.0,,1.0,,1.0,,0.0,1.0,,1.0,,1.0,,,,1.0,,1.0,1.0,1.0,1.0,1.0,1.0,1.0,1.0,1.0,,1.0,0.0,,,,,1.0,1.0,,0.0,,,,1.0,,,1.0,,,1.0,,1.0,,1.0,,1.0,,,,1.0,,,,1.0,,1.0,,,1.0,,1.0,,,,,,,,1.0,1.0,1.0,1.0,1.0,,,1.0,,1.0,,,,,1.0,,1.0,,0.0,,1.0,1.0,1.0,,0.0,1.0,1.0,,,,,1.0,1.0,,1.0,1.0,,1.0,1.0,,1.0,0.0,0.0,1.0,,,,,,,,,,,,,,,,,,,,,,,,,,,,,,,,,,
3377,0.0,,,1.0,0.0,1.0,1.0,1.0,1.0,1.0,0.0,,0.0,1.0,1.0,0.0,1.0,0.0,1.0,1.0,1.0,1.0,,,1.0,,,,,1.0,1.0,1.0,1.0,,1.0,1.0,,1.0,0.0,0.0,1.0,1.0,,0.0,1.0,,0.0,,1.0,,1.0,1.0,,0.0,,1.0,,,,1.0,,0.0,0.0,1.0,1.0,0.0,0.0,0.0,1.0,0.0,,0.0,0.0,,,,,1.0,1.0,,1.0,,,,0.0,,,1.0,,,0.0,,0.0,,1.0,,1.0,,,,0.0,,,,0.0,,0.0,,,0.0,,1.0,,,,,,,,0.0,0.0,0.0,0.0,0.0,,,1.0,,0.0,,,,,0.0,,0.0,,0.0,,1.0,0.0,1.0,,0.0,0.0,1.0,,,,,0.0,0.0,,0.0,0.0,,0.0,0.0,,0.0,1.0,0.0,1.0,,1.0,1.0,,,,0.0,1.0,0.0,0.0,0.0,1.0,,,,,,,,,,,,,,,,,,,,,,
3415,0.5,,,0.5,1.0,1.0,0.5,0.5,1.0,1.0,0.5,,0.0,0.5,0.5,0.5,0.5,1.0,0.5,0.5,1.0,1.0,,,0.5,,,,,1.0,1.0,1.0,0.5,,0.5,0.5,,0.5,0.0,0.5,0.5,1.0,,0.5,1.0,,0.5,,0.5,,0.5,0.5,,0.5,,0.5,,,,0.5,,0.5,0.5,0.5,1.0,0.5,0.5,0.5,0.5,0.5,,0.0,0.5,,,,,0.5,0.5,,0.5,,,,0.5,,,0.5,,,0.5,,0.5,,0.5,,0.5,,,,1.0,,,,0.5,,0.5,,,0.5,,0.5,,,,,,,,0.5,0.5,0.5,0.5,0.5,,,0.5,,0.5,,,,,0.5,,0.5,,0.5,,0.5,1.0,0.5,,0.5,0.5,0.5,,,,,0.5,0.5,,0.5,0.5,,0.0,0.5,,0.5,0.5,0.5,0.5,,,,,,,,,,,,,,,,,,,,,,,,,,,,,,,,,,
3428,0.5,,,,1.0,,1.0,,0.0,1.0,,,0.0,,,0.0,,,,,,,,,,,,,,1.0,,1.0,,,0.0,1.0,,0.0,0.0,0.0,,,,0.0,,,,,0.0,,,,,,,,,,,0.0,,,0.0,,,1.0,,0.0,0.0,,,,0.0,,,,,,,,,,,,0.0,,,0.5,,,,,,,1.0,,0.0,,,,0.0,,,,,,,,,,,1.0,,,,,,,,,,0.0,1.0,0.0,,,,,,,,,,0.0,,,,,,,0.0,,,,,,,,,,0.0,,,,,,,,,0.0,,,,,1.0,,,,,,,,,,,,,,,,,,,,,,,,,,,,,,,,
3447,1.0,,,1.0,1.0,1.0,1.0,1.0,1.0,1.0,0.0,,1.0,0.0,0.5,0.0,1.0,0.0,1.0,0.0,0.0,1.0,,,0.0,,,,,0.5,0.0,1.0,1.0,,1.0,1.0,,0.0,0.0,1.0,1.0,0.5,,1.0,1.0,,1.0,,0.0,,1.0,0.5,,1.0,,0.5,,,,0.0,,1.0,1.0,1.0,0.0,1.0,1.0,1.0,1.0,1.0,,1.0,1.0,,,,,0.0,1.0,,0.5,,,,0.5,,,1.0,,,1.0,,0.0,,0.5,,1.0,,,,0.5,,,,1.0,,1.0,,,1.0,,1.0,,,,,,,,1.0,0.5,1.0,0.5,1.0,,,1.0,,0.0,,,,,1.0,,1.0,,1.0,,1.0,1.0,1.0,,1.0,1.0,1.0,,,,,1.0,1.0,,1.0,1.0,,0.0,0.0,,0.0,0.0,0.5,0.0,,0.5,1.0,,,,1.0,0.0,0.0,,,,,,,,,,,,,,,,,,,,,,,,,
3470,1.0,,,,,,,,,,,,,,,,,,,,,,,,,,,,,,,,,,,,,,,,,,,,0.0,,,,,,,,,,,,,,,1.0,,,,,,,,,,,,,,,,,,,,,,,,,,,,,,,,,,,,,,,,,,,,,,,,,,,,1.0,,,,,,,,,,,,0.0,,,,,,,,,,,,,,,,,,,,,,,,,,,,,,,,,,,,,,,,,,,,,,,,,,,,,,,,,,,,,,,,,,,,,,,,,
3481,1.0,,,1.0,0.0,0.0,1.0,0.0,1.0,1.0,0.0,,1.0,1.0,1.0,1.0,0.0,1.0,0.0,0.0,0.0,1.0,,,1.0,,,,,0.0,0.0,0.0,0.0,,1.0,0.0,,1.0,1.0,1.0,1.0,0.0,,0.0,1.0,,1.0,,1.0,,1.0,1.0,,1.0,,0.0,,,,1.0,,1.0,1.0,1.0,0.0,1.0,1.0,1.0,1.0,1.0,,1.0,1.0,,,,,0.0,0.0,,0.0,,,,1.0,,,1.0,,,1.0,,1.0,,1.0,,1.0,,,,1.0,,,,1.0,,1.0,,,1.0,,1.0,,,,,,,,1.0,0.0,1.0,1.0,1.0,,,1.0,,1.0,,,,,1.0,,1.0,,1.0,,1.0,1.0,1.0,,1.0,1.0,1.0,,,,,1.0,1.0,,1.0,1.0,,0.0,1.0,,1.0,0.0,1.0,1.0,,0.0,1.0,,,,1.0,0.0,1.0,1.0,0.0,0.0,,,,,,,,,,,,,,,,,,,,,,
3519,0.5,,,,0.5,,,0.0,,,0.5,,,,,0.5,,1.0,0.0,,,0.5,,,0.0,,,,,0.5,,,0.0,,,,,,0.5,0.5,,0.5,,0.5,0.0,,0.5,,,,0.5,,,,,,,,,,,,1.0,0.5,1.0,1.0,0.5,1.0,1.0,,,1.0,,,,,,,0.0,,0.5,,,,,,,,,,0.5,,0.5,,,,,,,,0.0,,,,,,1.0,,,,,,,,,,,,,1.0,0.0,1.0,0.0,,,,0.5,,0.5,,,,,,,,,,,1.0,0.5,1.0,,1.0,1.0,0.5,,,,,,1.0,,1.0,,,,1.0,,0.5,,0.5,0.5,,,,,,,,,,,,,,,,,,,,,,,,,,,,,,,,,,
3526,0.5,,,1.0,1.0,0.5,1.0,1.0,1.0,0.5,1.0,,1.0,0.5,0.5,0.0,1.0,1.0,0.5,0.0,0.5,0.0,,,0.5,,,,,0.0,0.0,0.0,0.0,,0.0,0.0,,1.0,1.0,1.0,0.5,0.5,,1.0,0.0,,1.0,,0.5,,0.0,0.5,,0.5,,0.5,,,,1.0,,1.0,1.0,1.0,1.0,0.5,0.5,1.0,1.0,1.0,,1.0,1.0,,,,,0.5,1.0,,0.0,,,,1.0,,,1.0,,,1.0,,1.0,,0.5,,1.0,,,,0.5,,,,1.0,,1.0,,,1.0,,0.5,,,,,,,,1.0,0.5,0.5,0.5,0.5,,,1.0,,1.0,,,,,1.0,,1.0,,0.5,,1.0,1.0,1.0,,1.0,1.0,1.0,,,,,1.0,1.0,,1.0,0.0,,1.0,1.0,,1.0,0.5,0.5,0.5,,0.0,1.0,,,,1.0,,,,,,,,,,,,,,,,,,,,,,,,,,,
3535,0.5,,,1.0,1.0,1.0,1.0,1.0,1.0,0.0,0.5,,0.5,1.0,0.5,0.5,1.0,0.5,0.0,0.5,0.5,0.5,,,0.0,,,,,0.5,0.0,0.0,1.0,,1.0,0.5,,1.0,1.0,0.5,1.0,0.5,,0.5,0.0,,1.0,,0.0,,0.5,1.0,,1.0,,0.5,,,,1.0,,1.0,1.0,1.0,1.0,1.0,1.0,1.0,1.0,1.0,,0.5,1.0,,,,,1.0,0.0,,0.5,,,,1.0,,,1.0,,,1.0,,1.0,,0.5,,1.0,,,,1.0,,,,1.0,,1.0,,,1.0,,1.0,,,,,,,,1.0,0.0,1.0,0.5,0.5,,,1.0,,1.0,,,,,1.0,,1.0,,1.0,,1.0,1.0,1.0,,1.0,1.0,1.0,,,,,1.0,1.0,,1.0,1.0,,0.0,1.0,,0.5,0.0,0.5,0.5,,0.0,1.0,,,,1.0,0.0,0.0,1.0,0.0,0.5,,,,,,,,,,,,,,,,,,,,,,
3536,0.5,,,,,1.0,,,,1.0,,,1.0,,,,1.0,,,,,0.0,,,1.0,,,,,,0.0,,1.0,,,,,,,,,,,,,,1.0,,,,,1.0,,1.0,,,,,,,,1.0,,1.0,,,,,,1.0,,1.0,,,,,,,,,,,,,1.0,,,,,,,,1.0,,,,,,,,,,,,,,1.0,,,,,,,,,,,,,,,,,,,,,,1.0,,,,,,,1.0,,,,,,1.0,,,,1.0,,,,,,,,,,,,1.0,,1.0,,,,,,,,,,,,,,,,,,,,,,,,,,,,,,,,,,,,,
3547,1.0,,,1.0,1.0,0.0,1.0,,0.5,1.0,1.0,,1.0,0.5,0.5,1.0,0.5,0.5,0.0,0.0,0.0,0.0,,,1.0,,,,,0.0,0.0,0.0,0.0,,1.0,0.0,,0.0,1.0,1.0,1.0,1.0,,1.0,0.0,,1.0,,1.0,,0.0,1.0,,1.0,,0.0,,,,1.0,,1.0,1.0,1.0,1.0,1.0,1.0,1.0,1.0,1.0,,1.0,1.0,,,,,1.0,0.0,,1.0,,,,1.0,,,1.0,,,1.0,,1.0,,0.5,,1.0,,,,0.0,,,,1.0,,1.0,,,1.0,,1.0,,,,,,,,1.0,0.5,1.0,1.0,1.0,,,1.0,,1.0,,,,,1.0,,1.0,,1.0,,,1.0,1.0,,1.0,1.0,1.0,,,,,1.0,1.0,,1.0,1.0,,0.5,1.0,,0.5,1.0,1.0,1.0,,0.0,0.0,,,,,,,,,,,,,,,,,,,,,,,,,,,,,,,
3566,0.0,,,1.0,0.0,1.0,1.0,1.0,1.0,1.0,0.0,,0.0,0.5,0.5,0.5,1.0,0.0,1.0,1.0,1.0,1.0,,,1.0,,,,,1.0,1.0,1.0,1.0,,1.0,1.0,,1.0,0.0,0.0,1.0,1.0,,0.5,1.0,,0.0,,1.0,,1.0,1.0,,0.0,,1.0,,,,0.5,,0.0,0.0,0.0,1.0,0.0,0.0,0.0,0.0,0.0,,0.0,0.0,,,,,1.0,1.0,,1.0,,,,0.0,,,1.0,,,0.0,,0.0,,1.0,,0.0,,,,1.0,,,,0.0,,0.0,,,0.0,,0.0,,,,,,,,0.0,0.0,0.0,1.0,1.0,,,0.0,,0.0,,,,,0.0,,0.0,,0.0,,0.0,0.0,1.0,,0.0,0.0,0.0,,,,,0.0,0.0,,0.0,0.0,,0.0,0.0,,0.0,1.0,0.5,1.0,,1.0,1.0,,,,,,,,,,,,,,,,,,,,,,,,,,,,,,,
3581,1.0,,,,,,,,,,,,1.0,,,,,,1.0,1.0,,,,,,,,,,,,,1.0,,,,,1.0,,,1.0,1.0,,1.0,,,1.0,,,,1.0,,,,,,,,,,,,1.0,0.0,1.0,,,,,,,,,,,,,,1.0,,1.0,,,,,,,,,,,,,,,,,,,,,,,,1.0,,,,,,,1.0,,,,,,,,,,,,,,,1.0,,,,,,,,,1.0,,,,,,1.0,,1.0,,,,,,,1.0,,,,,,,,,,,,,,,,,,,,,,,,,,,,,,,,,,,,,,,,,,,,,,
3604,1.0,,,1.0,,,,,,1.0,0.0,,,,1.0,,,0.0,,1.0,,,,,1.0,,,,,1.0,1.0,1.0,,,1.0,1.0,,1.0,,1.0,1.0,,,0.0,,,1.0,,0.0,,1.0,1.0,,,,1.0,,,,,,,,1.0,1.0,1.0,1.0,1.0,,,,1.0,1.0,,,,,1.0,,,1.0,,,,1.0,,,,,,0.0,,0.0,,,,1.0,,,,,,,,1.0,,,,,1.0,,1.0,,,,,,,,,,,1.0,0.0,,,1.0,,,,,,,1.0,,,,,,,,1.0,,1.0,1.0,,,,,,1.0,,,1.0,,,0.0,0.0,,,1.0,,,,,1.0,,,,,,,,,,,,,,,,,,,,,,,,,,,,,,,
3609,1.0,,,1.0,,1.0,1.0,,1.0,1.0,0.5,,0.0,1.0,0.0,1.0,0.0,1.0,1.0,,1.0,0.0,,,1.0,,,,,1.0,1.0,1.0,1.0,,1.0,1.0,,1.0,0.0,0.0,1.0,1.0,,0.0,1.0,,0.0,,1.0,,1.0,1.0,,0.0,,1.0,,,,0.0,,0.0,0.0,0.0,1.0,0.0,0.0,0.0,0.0,0.0,,0.0,0.0,,,,,0.0,1.0,,1.0,,,,0.0,,,0.5,,,0.0,,0.0,,1.0,,1.0,,,,1.0,,,,1.0,,1.0,,,0.0,,0.0,,,,,,,,0.0,0.0,0.0,0.0,0.0,,,0.0,,0.0,,,,,0.0,,0.0,,0.0,,0.0,1.0,1.0,,1.0,0.0,0.0,,,,,1.0,,,0.0,0.0,,0.0,0.0,,0.0,1.0,1.0,0.5,,1.0,1.0,,,,,,,,,,,,,,,,,,,,,,,,,,,,,,,
3636,0.0,,,1.0,1.0,1.0,1.0,1.0,1.0,1.0,0.0,,0.0,0.5,1.0,0.0,1.0,1.0,1.0,1.0,1.0,1.0,,,1.0,,,,,1.0,1.0,1.0,1.0,,1.0,1.0,,1.0,0.0,0.5,1.0,1.0,,0.0,1.0,,1.0,,1.0,,1.0,1.0,,0.0,,1.0,,,,0.0,,1.0,1.0,1.0,1.0,0.5,0.5,1.0,1.0,0.0,,0.0,0.5,,,,,1.0,1.0,,0.5,,,,0.0,,,1.0,,,0.5,,0.0,,1.0,,1.0,,,,1.0,,,,1.0,,0.0,,,0.0,,1.0,,,,,,,,0.0,0.5,0.0,1.0,0.0,,,1.0,,1.0,,,,,1.0,,0.5,,1.0,,0.0,1.0,1.0,,1.0,1.0,0.0,,,,,1.0,0.0,,1.0,0.0,,0.5,0.0,,0.5,1.0,1.0,1.0,,1.0,1.0,,,,,,,,,,,,,,,,,,,,,,,,,,,,,,,
3669,0.0,,,,,1.0,,1.0,1.0,1.0,0.0,,,,1.0,0.0,,,,,,0.0,,,,,,,,,,1.0,,,,,,,,,,1.0,,,1.0,,,,,,1.0,,,1.0,,,,,,1.0,,,,,,,0.0,1.0,,,,,,,,,,,,,,,,,0.0,,,,,,,,,,,,,,,,,,,,,,0.0,,,0.0,,1.0,,,,,,,,,,,,,,,,,,,,,,,,,,,,,1.0,,,,,,,,,,,0.0,,0.0,,,0.0,,,,,1.0,,,1.0,,,,,,,,,,,,,,,,,,,,,,,,,,,,,,,,
3671,1.0,,,,,,1.0,,,,1.0,,,1.0,,,,1.0,,,,,,,,,,,,,0.0,,1.0,,,,,,,1.0,,1.0,,,,,1.0,,,,,,,,,,,,,,,,,,,,,,1.0,,,,,,,,,1.0,,,,,,,,,,,,,,,,,0.5,,,,,,,,,,,,,,,,,,,,,,,,,,0.0,,,0.5,,,,,,,,,,,,,,,,,,,,,,,,,,,,,,1.0,,,0.0,1.0,,,1.0,,1.0,,,,,,,,,,,,,,,,,,,,,,,,,,,,,,,,,,
3675,0.5,,,,0.0,,,,,1.0,0.0,,,,0.5,0.5,,1.0,1.0,1.0,,,,,1.0,,,,,,,,1.0,,1.0,,,,0.0,,,1.0,,,,,,,,,,,,,,1.0,,,,1.0,,,,,,,0.0,0.5,1.0,,,1.0,,,,,,1.0,1.0,,,,,,,,,,,,,,0.0,,1.0,,,,,,0.0,,,,,,1.0,,,0.0,,,,,,,,,,0.0,,,1.0,,,,,,1.0,,,,,0.0,,,,,,,,1.0,,0.0,0.0,,,,,,,,,,,,,,,0.0,,,1.0,,1.0,1.0,,,,,,,,,,,,,,,,,,,,,,,,,,,,,,,
3687,1.0,,,1.0,,,,,1.0,,1.0,,,,,,,,0.0,,0.5,1.0,,,,,,,,,,,,,,0.0,,,1.0,,1.0,,,1.0,,,1.0,,,,,1.0,,,,,,,,,,,1.0,,,1.0,,,,1.0,,1.0,,,,,,,1.0,,,,,,,,,,,,,,1.0,,,,1.0,,,,1.0,,,,,,,,,,,,,,,,,,,1.0,,,,,,,1.0,,1.0,,,,,,,1.0,,0.5,,,,,,,,,,,,,,0.5,,1.0,0.0,,,,,,0.5,,,,,,,,,,0.0,,,,,,,,,,,,,,,,,,,,,,,,,,
3691,1.0,,,1.0,0.0,0.0,0.0,1.0,0.0,0.0,0.0,,1.0,0.0,1.0,0.0,1.0,0.0,0.0,0.0,0.0,0.0,,,0.0,,,,,0.0,0.0,0.0,0.0,,0.0,0.0,,0.0,1.0,1.0,1.0,1.0,,1.0,0.0,,1.0,,0.0,,0.0,0.0,,1.0,,0.0,,,,1.0,,1.0,1.0,0.0,0.0,0.0,1.0,1.0,1.0,1.0,,1.0,1.0,,,,,0.0,0.0,,0.0,,,,1.0,,,1.0,,,1.0,,1.0,,1.0,,1.0,,,,0.0,,,,1.0,,1.0,,,1.0,,0.0,,,,,,,,1.0,0.0,1.0,0.0,0.5,,,1.0,,1.0,,,,,1.0,,1.0,,1.0,,1.0,1.0,0.0,,1.0,1.0,1.0,,,,,1.0,1.0,,1.0,0.0,,1.0,1.0,,0.0,0.0,0.5,0.5,,0.0,0.0,,,,1.0,0.0,1.0,1.0,1.0,0.0,,,,,,,,,,,,,,,,,,,,,,
3695,0.0,,,1.0,,,1.0,,1.0,1.0,,,0.0,1.0,,,1.0,,1.0,,1.0,,,,1.0,,,,,,1.0,,,,,,,1.0,0.0,0.0,,1.0,,0.0,,,,,1.0,,1.0,1.0,,0.0,,,,,,,,0.0,,,1.0,,0.0,,,,,0.0,,,,,,1.0,,,1.0,,,,,,,,,,0.0,,0.0,,1.0,,,,,,,,,,,,,,,0.0,,,,,,,,,,0.0,,0.0,1.0,,,,,,,,,,,0.0,,,,0.0,,,0.0,,,0.0,,,,,,,,,,0.0,,,0.0,,,0.5,,,,,,1.0,,,,,,,,,,,,,,,,,,,,,,,,,,,,,,,
3714,0.0,,,1.0,1.0,1.0,0.5,1.0,1.0,1.0,0.0,,0.5,0.0,1.0,0.5,,0.5,0.5,0.5,0.0,,,,1.0,,,,,1.0,0.0,0.5,1.0,,,0.5,,1.0,0.5,,,1.0,,0.5,0.0,,0.0,,0.5,,1.0,0.0,,0.5,,0.5,,,,1.0,,1.0,0.5,0.0,1.0,1.0,0.5,1.0,1.0,1.0,,0.5,,,,,,0.5,1.0,,0.5,,,,0.5,,,1.0,,,0.5,,0.5,,0.5,,1.0,,,,1.0,,,,1.0,,0.0,,,,,1.0,,,,,,,,1.0,0.0,0.5,,1.0,,,1.0,,1.0,,,,,1.0,,1.0,,,,1.0,1.0,,,1.0,1.0,1.0,,,,,1.0,0.5,,,0.5,,,1.0,,0.5,0.5,,0.5,,1.0,0.0,,,,0.5,0.5,1.0,,,,,,,,,,,,,,,,,,,,,,,,,
3726,1.0,,,1.0,1.0,1.0,1.0,1.0,1.0,1.0,1.0,,1.0,0.0,1.0,1.0,1.0,1.0,1.0,,1.0,0.0,,,1.0,,,,,1.0,0.0,1.0,1.0,,1.0,1.0,,,0.0,0.0,1.0,1.0,,0.0,1.0,,1.0,,1.0,,1.0,0.0,,1.0,,1.0,,,,1.0,,1.0,1.0,1.0,0.0,0.0,1.0,1.0,1.0,1.0,,,0.0,,,,,1.0,0.0,,1.0,,,,1.0,,,0.0,,,1.0,,1.0,,1.0,,1.0,,,,1.0,,,,0.0,,1.0,,,0.0,,1.0,,,,,,,,1.0,0.0,0.5,,0.5,,,,,1.0,,,,,1.0,,,,1.0,,0.0,1.0,1.0,,1.0,0.0,1.0,,,,,,0.0,,1.0,0.0,,0.0,0.0,,1.0,1.0,1.0,,,1.0,1.0,,,,1.0,,1.0,0.0,1.0,0.0,,,,,,,,,,,,,,,,,,,,,,
3738,1.0,,,1.0,1.0,1.0,1.0,1.0,1.0,1.0,1.0,,0.5,0.0,,0.0,1.0,0.0,1.0,1.0,0.0,0.5,,,0.0,,,,,0.0,0.5,0.5,1.0,,0.5,1.0,,0.0,0.0,1.0,1.0,1.0,,,1.0,,1.0,,0.0,,,1.0,,0.5,,0.5,,,,1.0,,0.5,1.0,0.0,,1.0,1.0,1.0,,0.0,,0.5,0.0,,,,,1.0,0.5,,1.0,,,,0.0,,,1.0,,,1.0,,0.0,,,,1.0,,,,1.0,,,,1.0,,0.0,,,0.0,,1.0,,,,,,,,0.5,0.5,0.0,,0.0,,,1.0,,0.0,,,,,,,1.0,,,,1.0,1.0,1.0,,1.0,0.5,0.0,,,,,1.0,0.0,,0.5,0.0,,0.0,1.0,,0.0,0.0,,0.0,,1.0,1.0,,,,1.0,0.5,0.0,,,,,,,,,,,,,,,,,,,,,,,,,
3744,1.0,,,0.0,0.0,1.0,1.0,1.0,1.0,1.0,0.0,,0.0,1.0,1.0,0.0,1.0,0.0,1.0,1.0,1.0,1.0,,,1.0,,,,,1.0,1.0,1.0,1.0,,1.0,1.0,,1.0,0.0,1.0,1.0,1.0,,0.0,1.0,,0.0,,1.0,,1.0,1.0,,0.0,,1.0,,,,1.0,,1.0,0.0,0.0,1.0,1.0,1.0,0.5,0.0,0.0,,0.0,0.0,,,,,1.0,1.0,,1.0,,,,0.0,,,0.0,,,0.0,,0.0,,1.0,,1.0,,,,1.0,,,,1.0,,1.0,,,0.0,,1.0,,,,,,,,0.0,1.0,0.0,1.0,0.0,,,0.0,,0.0,,,,,0.0,,1.0,,0.0,,1.0,0.0,1.0,,0.0,0.0,1.0,,,,,0.0,0.0,,0.0,0.0,,0.0,0.0,,0.0,1.0,0.0,0.0,,1.0,1.0,,,,0.0,1.0,0.0,,,,,,,,,,,,,,,,,,,,,,,,,
3749,0.5,,,1.0,0.5,0.5,1.0,1.0,1.0,1.0,0.5,,0.5,0.5,1.0,1.0,1.0,0.5,1.0,1.0,1.0,0.5,,,0.5,,,,,0.5,0.0,0.5,1.0,,0.5,1.0,,0.5,0.5,1.0,1.0,1.0,,0.5,1.0,,1.0,,0.5,,1.0,1.0,,1.0,,0.5,,,,0.5,,0.5,0.5,1.0,1.0,1.0,0.5,1.0,0.5,0.5,,0.5,1.0,,,,,1.0,1.0,,0.5,,,,0.5,,,1.0,,,0.0,,0.0,,0.5,,0.5,,,,1.0,,,,1.0,,0.5,,,0.5,,1.0,,,,,,,,0.5,0.0,0.5,1.0,0.5,,,0.5,,1.0,,,,,0.5,,0.5,,1.0,,1.0,0.5,1.0,,1.0,0.0,1.0,,,,,1.0,0.5,,0.5,1.0,,0.0,0.5,,0.5,0.5,1.0,0.0,,1.0,1.0,,,,1.0,0.0,0.0,,,,,,,,,,,,,,,,,,,,,,,,,
3760,1.0,,,,,,,,,,0.5,,,0.0,,,1.0,,,,,1.0,,,1.0,,,,,1.0,,0.5,,,1.0,,,,,,,1.0,,,1.0,,,,0.5,,,,,,,1.0,,,,,,,,,,1.0,,,1.0,,,,,,,,,,,,,,,,,,,,,,,,,,0.5,,,,,,,,,,1.0,,,,,,,,,,,,,,,1.0,,,1.0,,,,,,,,,,,1.0,,,,,,,,,,,,,,,,,,,,,,,,,,,,,0.5,,,,,,,,,,,,,,,,,,,,,,,,,,,,,,,,,,
3772,1.0,,,1.0,1.0,1.0,1.0,1.0,1.0,0.5,1.0,,0.0,0.5,1.0,0.0,1.0,0.5,0.0,0.0,0.0,1.0,,,1.0,,,,,0.5,0.0,0.0,0.0,,0.0,0.0,,0.0,1.0,1.0,1.0,1.0,,1.0,0.0,,1.0,,0.0,,1.0,1.0,,1.0,,0.0,,,,1.0,,1.0,1.0,1.0,1.0,1.0,1.0,1.0,1.0,1.0,,0.0,1.0,,,,,0.0,0.0,,0.5,,,,1.0,,,1.0,,,1.0,,1.0,,0.0,,1.0,,,,1.0,,,,1.0,,1.0,,,1.0,,1.0,,,,,,,,1.0,0.0,1.0,0.0,1.0,,,1.0,,1.0,,,,,1.0,,1.0,,1.0,,1.0,1.0,1.0,,1.0,1.0,1.0,,,,,1.0,1.0,,1.0,1.0,,0.0,1.0,,0.0,0.5,0.5,0.5,,0.5,0.0,,,,1.0,0.0,1.0,,,,,,,,,,,,,,,,,,,,,,,,,
3776,0.5,,,0.5,0.5,0.5,0.5,0.5,0.5,0.5,0.5,,0.5,,0.5,,0.5,0.5,0.5,0.5,0.5,0.5,,,0.5,,,,,0.5,0.5,0.5,,,0.5,0.5,,,0.5,0.5,0.5,,,0.5,0.5,,0.5,,,,0.5,0.5,,0.5,,0.5,,,,0.5,,0.5,0.5,0.5,0.5,0.5,0.5,0.5,,0.5,,0.5,0.5,,,,,0.5,0.5,,0.5,,,,0.5,,,0.5,,,,,0.5,,0.5,,0.5,,,,0.5,,,,,,0.5,,,,,,,,,,,,,0.5,,,0.5,0.5,,,,,,,,,,0.5,,0.5,,0.5,,0.5,0.5,0.5,,0.5,0.5,0.5,,,,,0.5,0.5,,0.5,0.5,,0.5,0.5,,0.5,,0.5,0.5,,,0.5,,,,0.5,0.5,0.5,,,,,,,,,,,,,,,,,,,,,,,,,
3782,0.0,,,1.0,0.0,1.0,1.0,1.0,1.0,1.0,0.0,,0.0,1.0,1.0,0.0,0.0,0.0,1.0,1.0,1.0,1.0,,,1.0,,,,,1.0,1.0,1.0,1.0,,1.0,1.0,,1.0,0.0,0.0,1.0,1.0,,0.0,1.0,,0.0,,1.0,,1.0,1.0,,0.0,,1.0,,,,1.0,,0.0,0.0,0.0,1.0,1.0,0.0,0.0,0.0,0.0,,0.0,0.0,,,,,1.0,1.0,,0.0,,,,0.0,,,0.0,,,0.0,,0.0,,1.0,,1.0,,,,1.0,,,,0.0,,0.0,,,0.0,,1.0,,,,,,,,0.0,0.0,0.0,0.0,0.0,,,0.0,,0.0,,,,,0.0,,0.0,,0.0,,1.0,0.0,1.0,,0.0,0.0,0.0,,,,,0.0,0.0,,0.0,0.0,,0.0,0.0,,0.0,1.0,0.0,1.0,,1.0,1.0,,,,0.0,1.0,0.0,0.0,0.0,1.0,,,,,,,,,,,,,,,,,,,,,,
3784,1.0,,,,,,1.0,1.0,1.0,,,,,,1.0,,1.0,,,1.0,,,,,,,,,,0.0,,,,,,,,,,,,,,0.0,,,,,,,1.0,1.0,,1.0,,,,,,,,,,,,1.0,,1.0,,,,,,,,,,,,,,,,,,,,,,,,,,,,,,,,,,,,,,,,,,,,,,,,,,,,,,,,,,,1.0,,,,,,,,,,,1.0,,,,,,,1.0,,,,,,,,,,0.5,,,,,,,,0.5,,1.0,1.0,,,,1.0,,0.0,,,,,,,,,,,,,,,,,,,,,,,,,
3805,0.5,,,1.0,1.0,1.0,1.0,1.0,1.0,1.0,0.5,,0.0,0.0,0.5,0.5,1.0,0.0,0.5,1.0,1.0,1.0,,,1.0,,,,,1.0,1.0,1.0,1.0,,0.5,1.0,,1.0,0.0,0.5,1.0,1.0,,0.5,1.0,,1.0,,1.0,,0.0,1.0,,1.0,,1.0,,,,0.0,,1.0,1.0,1.0,1.0,1.0,0.0,0.0,1.0,1.0,,0.5,0.0,,,,,1.0,1.0,,0.5,,,,0.0,,,1.0,,,0.0,,0.0,,0.0,,0.0,,,,1.0,,,,1.0,,0.0,,,0.0,,0.0,,,,,,,,0.0,0.0,0.0,1.0,0.0,,,1.0,,0.0,,,,,0.0,,0.5,,0.0,,0.0,0.0,1.0,,0.0,0.0,1.0,,,,,1.0,1.0,,0.0,1.0,,0.0,0.0,,0.5,0.0,0.0,0.5,,1.0,1.0,,,,0.5,0.5,0.0,0.5,1.0,0.0,,,,,,,,,,,,,,,,,,,,,,
3827,1.0,,,1.0,1.0,1.0,0.5,1.0,1.0,1.0,0.0,,0.5,0.0,0.0,0.0,1.0,1.0,0.0,1.0,0.0,0.5,,,0.5,,,,,0.5,0.0,1.0,0.5,,0.5,0.5,,1.0,1.0,1.0,1.0,1.0,,0.0,0.5,,1.0,,0.0,,0.5,0.0,,1.0,,1.0,,,,1.0,,1.0,1.0,1.0,1.0,1.0,1.0,1.0,1.0,1.0,,1.0,1.0,,,,,1.0,1.0,,0.5,,,,1.0,,,1.0,,,1.0,,1.0,,1.0,,1.0,,,,0.5,,,,1.0,,0.5,,,1.0,,1.0,,,,,,,,1.0,0.5,1.0,1.0,1.0,,,0.5,,1.0,,,,,1.0,,1.0,,1.0,,1.0,1.0,1.0,,1.0,0.5,1.0,,,,,1.0,1.0,,1.0,1.0,,0.0,1.0,,1.0,1.0,0.5,0.5,,1.0,0.5,,,,1.0,0.0,1.0,,,,,,,,,,,,,,,,,,,,,,,,,
3830,0.5,,,,,,,,,,,,1.0,,,,,,,1.0,,,,,,,,,,,,,,,,,,,,,,,,,,,,,,,,,,,,,,,,,,,,,0.0,,,,1.0,,,,,,,,,,,,,,,,,,,,,,,,,,,,,,,,,,,,,,,,,,,,,,,,,,,,,,,,,,,,,,,,,1.0,,,,1.0,,,,,,,,,,,,,,0.5,,1.0,,,,,,,,,,,,,,,,,,,,,,,,,,,,,,,,,,,,,,,,,,,
3832,0.0,,,1.0,1.0,1.0,1.0,1.0,1.0,1.0,0.0,,1.0,1.0,0.0,0.5,1.0,1.0,0.5,1.0,0.0,0.5,,,0.5,,,,,1.0,0.0,1.0,1.0,,0.0,1.0,,0.5,1.0,1.0,1.0,1.0,,0.0,1.0,,1.0,,0.0,,0.0,1.0,,1.0,,1.0,,,,1.0,,1.0,0.5,1.0,1.0,0.5,1.0,1.0,1.0,0.5,,1.0,1.0,,,,,1.0,1.0,,0.5,,,,1.0,,,1.0,,,1.0,,0.0,,1.0,,1.0,,,,1.0,,,,1.0,,1.0,,,0.0,,1.0,,,,,,,,1.0,1.0,0.0,1.0,1.0,,,1.0,,0.5,,,,,1.0,,1.0,,1.0,,1.0,1.0,1.0,,1.0,1.0,1.0,,,,,1.0,1.0,,1.0,1.0,,0.0,1.0,,1.0,1.0,1.0,1.0,,1.0,1.0,,,,1.0,0.0,0.0,1.0,0.5,1.0,,,,,,,,,,,,,,,,,,,,,,
3839,1.0,,,,,,,,,,,,,,,,1.0,,1.0,,,,,,,,,,,,,,,,,,,,,,,,,,,,,,,,,,,,,,,,,,,,,,,,,,1.0,,,,,,,,,,,,,,,,,,,,,,,,,,,,,,,,,,,,,,,,,,,,,,,,,,,,1.0,,,,,,,,,,,,,,,,,,,,,,,,,,,,,,,,,1.0,,,,,,,,,,,,,,,,,,,,,,,,,,,,,,,,,,,,,,,,,,,
3853,0.0,,,,,1.0,,1.0,1.0,,,,,0.0,,,1.0,,,1.0,,,,,,,,,,0.0,,,1.0,,1.0,,,,,0.0,,,,,,,,,,,,1.0,,,,,,,,,,,,,,1.0,,,,0.0,,,,,,,,,1.0,,,,,,0.0,,,,,,,,,,,,1.0,,,,,,,,,,,,,,,,,,,,,,,1.0,1.0,,,,,,,,,,,,,,,1.0,,,,,,,,,0.0,,,,,,0.0,,,,,,,,,,,1.0,,,,,,,,,,,,,,,,,,,,,,,,,,,,,,,,,,,
3865,1.0,,,0.0,1.0,1.0,1.0,1.0,1.0,1.0,0.0,,0.0,1.0,1.0,0.0,1.0,0.0,1.0,1.0,1.0,1.0,,,1.0,,,,,1.0,1.0,1.0,1.0,,1.0,1.0,,1.0,0.0,1.0,1.0,1.0,,0.0,1.0,,1.0,,1.0,,1.0,1.0,,0.0,,1.0,,,,1.0,,1.0,0.0,0.0,1.0,1.0,0.0,1.0,1.0,1.0,,0.0,0.0,,,,,1.0,1.0,,1.0,,,,0.0,,,1.0,,,1.0,,1.0,,1.0,,1.0,,,,1.0,,,,1.0,,1.0,,,0.0,,1.0,,,,,,,,0.0,1.0,0.0,1.0,0.0,,,1.0,,0.0,,,,,1.0,,1.0,,0.0,,1.0,1.0,1.0,,1.0,0.0,1.0,,,,,0.0,0.0,,1.0,0.0,,0.0,0.0,,1.0,1.0,1.0,0.0,,1.0,1.0,,,,0.0,1.0,0.0,1.0,0.0,1.0,,,,,,,,,,,,,,,,,,,,,,
3877,0.0,,,,,0.0,0.5,1.0,1.0,1.0,,,0.0,0.5,,0.5,,1.0,1.0,1.0,,,,,,,,,,0.5,,,1.0,,,,,1.0,0.5,1.0,1.0,1.0,,0.0,,,,,,,1.0,1.0,,1.0,,0.0,,,,0.5,,0.5,1.0,1.0,1.0,1.0,,1.0,1.0,,,,,,,,,,,,0.0,,,,,,,1.0,,,0.0,,,,0.0,,,,,,1.0,,,,1.0,,1.0,,,0.0,,,,,,,,,,,0.0,0.5,0.5,0.0,,,1.0,,,,,,,1.0,,1.0,,0.0,,1.0,,1.0,,1.0,1.0,,,,,,1.0,,,1.0,,,,0.0,,0.5,1.0,0.5,0.5,,0.5,1.0,,,,,1.0,1.0,1.0,,0.5,,,,,,,,,,,,,,,,,,,,,,
3886,0.0,,,,,,,,,1.0,,,1.0,,,,1.0,,,,,,,,0.0,,,,,,,,,,,0.5,,,,0.5,,,,,,,,,,,,,,,,,,,,,,,,,,1.0,,,,,,1.0,,,,,,0.0,,,,,,,,,,0.5,,,,,,,1.0,,,,,,0.5,,,,1.0,,,,,0.5,,,,,,,,,,1.0,,,,,,,,,,,,,,,,0.5,,,,,,,,,0.5,,,,,,,,,,,,,1.0,,,,0.5,,,,,,,,,,,1.0,,,,,,,,,,,,,,,,,,,,,,,,
3897,1.0,,,,,,,,,,,,,,,,,,,,,,,,,,,,,,,,,,,,,,,,,,,,,,,,,,,,,0.0,,,,,,,,,1.0,,,,,,,,,,,,,,,,,,,,,,,,,,,,,,,,,,,,,,,,,,,,,,,,,,,,,,,,,,,,,,,,,,,,,,,,,,,,,,,,,,,,,,,,,,,,,,,,,,,,,,,,,,,,,,,,,,,,,,,,,,,,,,,,,,,,,,
3931,0.0,,,,,0.5,1.0,,,,,,,1.0,,0.5,,1.0,1.0,,,,,,,,,,,,0.5,,,,1.0,1.0,,,0.5,0.0,,1.0,,0.5,1.0,,,,,,,,,,,,,,,,,1.0,,,,,,0.5,1.0,0.0,,,0.0,,,,,1.0,,,,,,,,,,,,,1.0,,,,,,,,,,,,,,,,1.0,,,,,,,,,,,,,1.0,,,,,,,,,,,,,,,,,,,,,,,,,,,,,,,1.0,,,,,,,1.0,,,,1.0,,,,,,,,1.0,,,,,,,,,,,,,,,,,,,,,,,,,,,
3937,0.0,,,1.0,1.0,1.0,,1.0,1.0,0.5,,,,,1.0,0.5,,0.5,0.5,0.5,1.0,1.0,,,0.5,,,,,0.0,,0.0,1.0,,,0.5,,0.0,0.5,0.5,1.0,0.5,,0.5,1.0,,1.0,,0.5,,,,,1.0,,1.0,,,,0.5,,1.0,1.0,,1.0,1.0,,1.0,,0.0,,0.5,0.5,,,,,1.0,1.0,,,,,,,,,1.0,,,,,,,0.5,,,,,,,,,,1.0,,,,,0.5,,1.0,,,,,,,,,,0.5,1.0,1.0,,,0.5,,0.0,,,,,1.0,,1.0,,1.0,,1.0,1.0,1.0,,,0.5,0.0,,,,,1.0,1.0,,1.0,1.0,,0.0,0.0,,1.0,0.5,,,,0.5,1.0,,,,0.5,0.5,0.0,1.0,1.0,1.0,,,,,,,,,,,,,,,,,,,,,,
3946,0.5,,,1.0,1.0,1.0,1.0,1.0,1.0,1.0,0.5,,0.0,0.0,0.5,1.0,1.0,0.0,1.0,1.0,1.0,1.0,,,1.0,,,,,1.0,0.0,1.0,1.0,,1.0,1.0,,1.0,0.5,0.0,1.0,1.0,,0.5,1.0,,1.0,,0.0,,1.0,1.0,,0.0,,1.0,,,,0.0,,1.0,0.0,1.0,1.0,1.0,0.0,0.0,1.0,0.0,,0.0,0.0,,,,,1.0,1.0,,0.5,,,,0.0,,,1.0,,,0.0,,0.0,,1.0,,0.0,,,,1.0,,,,1.0,,0.0,,,0.0,,1.0,,,,,,,,0.0,0.0,0.0,1.0,1.0,,,1.0,,0.0,,,,,0.0,,0.0,,0.0,,1.0,1.0,1.0,,1.0,0.0,1.0,,,,,1.0,1.0,,0.5,0.0,,0.0,0.0,,0.0,1.0,0.0,0.0,,1.0,1.0,,,,0.0,0.0,0.0,0.0,1.0,0.0,,,,,,,,,,,,,,,,,,,,,,
3949,1.0,,,1.0,0.5,0.5,0.0,1.0,0.0,0.5,1.0,,1.0,0.0,1.0,0.0,0.5,1.0,0.0,0.0,0.0,0.0,,,0.0,,,,,0.0,0.0,0.0,0.0,,0.0,0.0,,0.5,1.0,1.0,1.0,0.5,,1.0,0.0,,1.0,,1.0,,0.0,0.5,,1.0,,0.0,,,,1.0,,1.0,1.0,1.0,0.0,0.5,1.0,1.0,1.0,1.0,,1.0,1.0,,,,,0.0,0.0,,1.0,,,,1.0,,,1.0,,,1.0,,1.0,,0.5,,1.0,,,,0.5,,,,1.0,,0.5,,,1.0,,1.0,,,,,,,,1.0,0.0,1.0,0.0,1.0,,,1.0,,1.0,,,,,1.0,,1.0,,1.0,,1.0,1.0,0.0,,1.0,1.0,1.0,,,,,0.5,1.0,,1.0,1.0,,1.0,1.0,,1.0,0.0,1.0,1.0,,0.0,0.0,,,,1.0,0.0,1.0,1.0,1.0,0.0,,,,,,,,,,,,,,,,,,,,,,
3997,0.0,,,0.0,0.0,1.0,1.0,1.0,1.0,1.0,0.0,,0.0,0.0,0.0,0.0,1.0,0.0,0.0,0.0,0.0,0.5,,,0.0,,,,,0.0,0.0,0.0,1.0,,1.0,1.0,,1.0,0.5,1.0,1.0,1.0,,0.0,0.0,,1.0,,0.0,,0.0,1.0,,1.0,,1.0,,,,1.0,,1.0,1.0,0.0,1.0,1.0,0.0,1.0,1.0,0.5,,1.0,0.5,,,,,1.0,0.5,,1.0,,,,1.0,,,0.5,,,1.0,,0.0,,1.0,,1.0,,,,0.5,,,,1.0,,1.0,,,1.0,,1.0,,,,,,,,1.0,0.0,0.5,0.0,0.0,,,1.0,,1.0,,,,,1.0,,1.0,,1.0,,1.0,1.0,1.0,,1.0,1.0,1.0,,,,,1.0,1.0,,1.0,0.0,,0.0,1.0,,1.0,0.0,0.0,0.5,,1.0,1.0,,,,1.0,0.5,0.0,1.0,1.0,0.5,,,,,,,,,,,,,,,,,,,,,,
4050,1.0,,,,1.0,,,,,1.0,,,,,,,,,,,,,,,,,,,,,,,,,,,,,,1.0,,,,,0.0,,1.0,,,,,,,,,,,,,0.0,,,,1.0,1.0,,1.0,1.0,,,,,,,,,,,,,,,,,1.0,,,,,,,,0.0,,,,,,,,,,,,1.0,,,,,,,,,,,,,,,1.0,,1.0,1.0,,,,,,,,,,,1.0,,,,1.0,,,1.0,,,,,,,,,,,,,,,,0.0,,,,,,0.0,,,1.0,,,,,0.0,,,,,,,,,,,,,,,,,,,,,,,,,,
4056,0.0,,,1.0,,0.5,0.5,1.0,0.5,0.5,0.5,,,0.0,0.0,0.0,1.0,0.5,,1.0,0.5,0.5,,,0.5,,,,,1.0,,0.5,0.5,,0.5,0.5,,0.5,0.5,1.0,1.0,0.5,,0.5,0.5,,1.0,,,,0.5,1.0,,1.0,,1.0,,,,,,1.0,,1.0,1.0,0.5,1.0,1.0,1.0,1.0,,1.0,1.0,,,,,0.5,,,,,,,0.5,,,1.0,,,1.0,,1.0,,,,1.0,,,,,,,,1.0,,1.0,,,0.5,,1.0,,,,,,,,1.0,0.5,,0.0,,,,1.0,,,,,,,1.0,,1.0,,0.5,,1.0,1.0,1.0,,,0.0,0.5,,,,,1.0,0.5,,1.0,1.0,,0.0,1.0,,1.0,,0.5,0.5,,0.5,1.0,,,,1.0,1.0,0.5,1.0,,,,,,,,,,,,,,,,,,,,,,,,
4075,0.5,,,,,,,,1.0,,,,1.0,0.0,,,1.0,,,,,1.0,,,1.0,,,,,,0.0,1.0,,,,,,,,,,,,0.0,,,,,,,,,,,,,,,,,,,,,,1.0,1.0,,1.0,1.0,,,,,,,,,,,1.0,,,,1.0,,,,,,1.0,,,,,,,,,,,,,,,,,,,,,,,,,,,,,,,,,,,,,,,,,,,,,1.0,,,,1.0,,,,,0.5,,,,,,,,,,,,,,,,,1.0,,,,,,,,,,,1.0,,,,,,,,,,,,,,,,,,,,,,,,
4076,0.0,,,1.0,,,,,,,,,,,,,1.0,,,,,,,,,,,,,,,,,,,,,,,,,,,0.0,,,,,,,,,,,,,,,,,,,,,,,,,,,,,,,,,,,,,,,,,,,,1.0,,,,,,,,,,,,,,,,,,,,,,,,,,,,,,,,,,,,,,,,,,,,,,1.0,,1.0,,,,,,,,,,1.0,,,,,,,,,,,,,,,,,,,,,,,,,,,,,,,,,,,,,,,,,,,,,,,,,,,
4114,0.0,,,1.0,0.0,1.0,1.0,1.0,1.0,1.0,0.0,,0.0,1.0,0.5,1.0,0.0,0.0,1.0,1.0,1.0,1.0,,,0.0,,,,,1.0,1.0,1.0,1.0,,1.0,1.0,,1.0,0.0,0.0,1.0,1.0,,0.0,1.0,,0.0,,1.0,,1.0,1.0,,0.0,,1.0,,,,0.0,,0.0,0.0,0.0,1.0,1.0,0.0,0.0,0.0,0.0,,0.0,0.0,,,,,1.0,1.0,,1.0,,,,0.0,,,0.0,,,0.0,,0.0,,1.0,,1.0,,,,1.0,,,,0.0,,0.5,,,0.0,,1.0,,,,,,,,0.0,0.0,0.0,0.0,0.0,,,0.0,,0.0,,,,,0.0,,0.0,,0.0,,1.0,0.0,1.0,,0.0,0.0,0.0,,,,,0.0,0.0,,0.0,0.5,,0.0,0.0,,0.0,0.5,0.0,0.0,,1.0,1.0,,,,0.0,1.0,0.0,0.0,0.0,1.0,,,,,,,,,,,,,,,,,,,,,,
4115,1.0,,,1.0,,0.0,1.0,,1.0,,,,,1.0,1.0,,,,1.0,0.5,0.0,,,,,,,,,0.0,0.0,,0.0,,,,,,,,,,,,0.0,,,,,,,,,1.0,,,,,,1.0,,,1.0,1.0,,1.0,,0.5,,,,,0.5,,,,,,1.0,,,,,,,,,,,,,,,,0.5,,,,,,,,,,,,,,,1.0,,,,,,,,,,,,0.5,0.0,,,,1.0,,1.0,,,,,,,1.0,,1.0,,,,,,,1.0,,,,,,,,,,0.5,,,1.0,,,,,,,,,,,,1.0,,,1.0,,0.0,,,,,,,1.0,1.0,,,,,,,,,,,,,,
4118,1.0,,,,,,,,,0.5,1.0,,,,,,,,,,,,,,,,,,,0.5,,0.5,,,,,,,1.0,,0.5,,,,,,1.0,,,,,,,,,0.5,,,,1.0,,,0.5,,,1.0,,,,0.5,,,,,,,,,,,,,,,1.0,,,,,,,,,,,,,,,,,,,,,,,,,,,,,,,,,,,,,0.0,,,,,,,0.5,,,,,,,,,,,,,,,1.0,,,,,,,,,,1.0,,,,,,0.0,,,,,1.0,,,,,,,,,,,,,,,,,,,,,,,,,,,,,,,,
4134,1.0,,,,1.0,,1.0,,1.0,1.0,0.0,,,,,0.0,,,,,,,,,,,,,,,,,,,1.0,,,,,1.0,,1.0,,,1.0,,,,,,,,,,,1.0,,,,,,,,,,,,1.0,1.0,0.0,,0.0,1.0,,,,,,,,1.0,,,,,,,,,,1.0,,,,,,,,,,,,,,1.0,,1.0,,,,,,,,,,,,,,0.0,,,,,,1.0,,0.0,,,,,,,,,,,,,,,0.0,,,,,,,,,,1.0,,,,,,,,,,,,,,,,,1.0,,,1.0,,,,,,,,,,,,,,,,,,,,,,,
4144,1.0,,,,,,,,1.0,1.0,1.0,,1.0,,,,1.0,1.0,,,,,,,,,,,,,,,,,0.0,,,,,,1.0,,,,,,,,,,,,,1.0,,,,,,,,,,,,,,,,,,,,,,,,,,,,,,,,,,,,,1.0,,,,,,,,,,,,,,,,,,,,,,,,,,,,,,0.0,,,1.0,,,,,,,,,,,,,,,,,,,,,,1.0,,,,,,,,,,,,,,,0.5,0.5,,,,,,,,,,1.0,,,,,,,,,,,,,,,,,,,,,,,,,
4149,0.5,,,,,,,,,0.5,,,,,,,0.5,,,,,,,,,,,,,,,,,,,,,,,,,,,,,,,,,,1.0,0.5,,1.0,,,,,,,,,0.5,,,,,,,,,,,,,,,,,,0.5,,,,,,,,,,,,,,,,,,,,,,,,,,,,,,,,,,,,,,,,,0.5,,,,,,,0.5,,,,,0.5,,1.0,,,,,,,,0.5,,,,,,,,,,,,,,,,0.5,0.5,,0.5,,,,,,,,,,,,,,,,,,,,,,,,,,,,,,,,,,
4171,1.0,,,,,,0.5,,,,,,,0.5,,0.5,,0.5,,0.5,,,,,,,,,,,,,0.5,,,,,,1.0,,,,,1.0,,,,,,,,0.5,,,,,,,,,,1.0,,,,,,,,,,,,,,,,,,,,,,,,,,,,,,,,,,,,,,,0.5,,,,,,,,,,,,,,,,,,,,0.5,,0.5,,,,,,,,,,,0.5,,,,0.5,,,,,,1.0,,,,,,,,,,,0.5,,,1.0,,,,,,,,,,,,,,,,0.5,,,,,,,,,,,,,,,,,,,,,,,
4177,1.0,,,,0.0,,,1.0,1.0,,,,,1.0,,,,,,,,,,,1.0,,,,,,,,1.0,,,1.0,,1.0,,,1.0,1.0,,,,,1.0,,,,,,,,,,,,,,,1.0,0.0,,,1.0,1.0,,1.0,,,,,,,,,1.0,,,,,,,,,,1.0,,,,,,,,,,,,,,,,,,,1.0,,,1.0,,1.0,,,,,,,,,1.0,,,1.0,,,,,1.0,,,,,,,,,,,,1.0,,,1.0,0.0,,,,,,,,,,,,0.0,1.0,,,0.5,,,,1.0,,,,,0.0,,,,,,,,,,,,,,,,,,,,,,,,,,,
4189,1.0,,,1.0,1.0,,,1.0,1.0,1.0,1.0,,1.0,,1.0,0.0,,,1.0,0.0,0.0,1.0,,,1.0,,,,,,0.0,0.0,0.0,,,,,1.0,1.0,1.0,,1.0,,1.0,,,1.0,,,,1.0,1.0,,1.0,,0.0,,,,,,1.0,1.0,1.0,1.0,1.0,1.0,1.0,,1.0,,1.0,1.0,,,,,1.0,0.5,,0.5,,,,,,,1.0,,,,,1.0,,,,1.0,,,,1.0,,,,1.0,,1.0,,,1.0,,1.0,,,,,,,,1.0,,1.0,0.0,1.0,,,1.0,,1.0,,,,,1.0,,1.0,,,,,1.0,1.0,,,,1.0,,,,,1.0,1.0,,1.0,,,0.0,,,1.0,1.0,1.0,,,,,,,,1.0,0.0,,1.0,1.0,,,,,,,,,,,,,,,,,,,,,,,
4200,1.0,,,,,,,,,,,,,,,,,,,,,,,,,,,,,,,,,,,,,,,,,,,,,,,,,,,,,,,,,,,,,,,,,,,,,,,,,,,,,,,,,,,,,,,,,,,,,,,,,,,,,,,,,,,,,,,,,,,,,,,,,,,,,,,,,,,,,,,,,,,,,,,,,,,,,,,,,,,,,,,,,,,,,,,,,,,,,,,,,,,,,,,,,,,,,,,,,,,,
4206,1.0,,,,1.0,,,1.0,,,,,1.0,1.0,1.0,0.0,,1.0,,,,,,,,,,,,,,,,,,,,,,,,,,,0.5,,,,,,,,,1.0,,1.0,,,,1.0,,1.0,,,,,,,,,,,1.0,,,,,1.0,0.0,,0.5,,,,1.0,,,,,,,,1.0,,,,,,,,1.0,,,,,,1.0,,,,,,,,,,,,,,1.0,,0.5,1.0,,,,,,,,,,,,,,0.0,,,,,,1.0,,0.5,,,,,1.0,,,,0.0,,0.0,,,,,,,,,,,,,,,,1.0,,,,,,,,,,,,,,,,,,,,,,,,
4207,1.0,,,0.5,,0.0,,,0.5,0.0,,,1.0,0.0,,,,1.0,,0.0,,0.5,,,,,,,,,,,,,0.0,,,,,,1.0,,,,0.0,,0.5,,0.0,,0.5,,,,,0.0,,,,1.0,,,1.0,,,,,,1.0,1.0,,,1.0,,,,,,0.5,,0.0,,,,,,,,,,,,,,,,,,,,1.0,,,,,,1.0,,,,,,,,,,,,,1.0,,,0.5,0.5,,,1.0,,,,,,,1.0,,1.0,,1.0,,,,,,,,,,,,,,,,,,,1.0,,,,,,,,0.5,0.5,,,,,,0.5,1.0,,1.0,,,,,,,,,,,,,,,,,,,,,,
4214,1.0,,,0.0,,,,1.0,1.0,,1.0,,1.0,,,,1.0,,,1.0,,,,,,,,,,,,,,,,,,,,,,,,,,,,,,,,,,,,,,,,0.5,,1.0,,,1.0,,,,,,,,,,,,,,,,,,,,,,,,,,,,,,,,,,,,,,,,,,,,,,,,,,,,,,,,,,,,,,,,,,,,,,,,,,,,,,,,,,,,,,,1.0,,,,,,,,,,,,,1.0,,,,,,,0.5,,,,,,,,,,,,,,,,,,,,,,,,,
4227,1.0,,,,,,,,,,,,,,,,,,,,,,,,,,,,,,,,,,,,,,,,,,,,,,,,,,,,,,,,,,,,,,,,,,,,,,,,,,,,,,,,,,,,,,,,,,,,,,,,,,,,,,,,,,,,,,,,,,,,,,,,,,,,,,,,,,,,,,,,,,,,,,,,,,,,,,,,,,,,,,,,,,,,,,,,,,,0.5,,,0.0,,,,,,,,,,,,,,,,,,,,,,
4232,1.0,,,,,,,,,1.0,,,,,,,,,1.0,,0.5,,,,,,,,,,,0.5,,,,0.5,,0.5,,,0.5,,,0.5,,,,,,,0.0,,,0.5,,,,,,,,,1.0,0.0,,,,,,,,0.0,,,,,,,,,0.5,,,,1.0,,,,,,,,0.5,,0.0,,,,,,1.0,,,,,,,,,,,,,,,,,,,1.0,1.0,0.5,,,,,,,,,,,,1.0,,,,,,,,,,,,0.5,,,,,,,,1.0,,,0.0,,,,,,,,,,,,,,,,,,,,,,,,,,,,,,,,,,,,,,,,
4279,0.0,,,,,,,,,,,,,,,,1.0,,,,,,,,,,,,,,,,,,,,,,0.0,,,1.0,,,,,0.0,,,,,,,,,,,,,,,,,,,,,,,,,,,,,,,,,,,,,,,,,,,,,,0.0,,,,,,,,,,,,,,,,,,,,,,,,,,,,,,,,,,1.0,,,,,,,,,,,,,,,,,,,,,,,,,,,,,,,,,,,,,,,,,,,,,,,,,,,,,,,,,,,,,,,,,,,,,,
4299,0.0,,,1.0,1.0,1.0,1.0,1.0,1.0,1.0,0.5,,0.0,0.5,1.0,0.0,,0.0,1.0,1.0,1.0,1.0,,,1.0,,,,,1.0,1.0,0.5,1.0,,1.0,1.0,,1.0,0.0,0.5,1.0,1.0,,0.5,1.0,,0.5,,0.0,,1.0,1.0,,0.5,,1.0,,,,0.0,,1.0,1.0,1.0,1.0,0.5,0.5,0.5,0.0,0.0,,0.5,1.0,,,,,1.0,1.0,,0.5,,,,0.5,,,0.5,,,0.5,,0.0,,0.5,,,,,,1.0,,,,1.0,,1.0,,,0.0,,1.0,,,,,,,,0.0,0.0,0.5,1.0,0.5,,,0.0,,0.0,,,,,0.5,,0.0,,1.0,,1.0,1.0,1.0,,0.0,0.0,0.5,,,,,1.0,0.5,,0.5,0.5,,0.0,0.0,,0.5,0.5,1.0,0.5,,0.5,1.0,,,,0.0,1.0,0.0,1.0,0.5,1.0,,,,,,,,,,,,,,,,,,,,,,
4318,0.0,,,,,,,,,,,,,,,,1.0,,,,,1.0,,,,,,,,,,,1.0,,,,,,,,,,,,,,,,,,0.5,,,0.5,,,,,,0.5,,,1.0,,,,,,,,,,,,,,,,,,,,,,1.0,,,,,,,,,,,,,,,,,,,,,,,,,,,1.0,,,,,,,,,,,,,,,,,,,,,,,,1.0,,,,,,,,0.0,,,,,,,,,,,,,,,,,,,,,,0.5,,,,,,,,,,,,,,,,,,,,,,,,,,,,,,,
4327,0.5,,,,,,,,,,,,,,,,,,,,0.0,,,,,,,,,,,,,,,,,0.5,,0.0,,,,,,,,,,,,,,,,,,,,,,,,,,,0.0,,0.0,,,,,,,,,,,,,,,,,,,,,,0.0,,,,,,,,,,,,,,,,,,,,,,,,,,,,,,,,0.5,,,,,,,,,,,,,,,,,,,,,,,0.0,,,,,,0.0,,,,,,,,,,,,,,,,,,,,,,,,,,,,,,,,,,,,,,,,,,,,,
4338,0.5,,,,,,,,,,,,0.5,,,,,,1.0,,,,,,,,,,,,,,1.0,,,,,,0.5,,,,,0.5,1.0,,1.0,,,,1.0,1.0,,,,1.0,,,,,,,,,,1.0,,,1.0,,,,,,,,,,,,,,,,,,,,,,1.0,,0.5,,1.0,,,,,,1.0,,,,,,,,,0.5,,,,,,,,,,,,,,,,,,,,,,,,1.0,,,,,,1.0,,,,,,,,,,,1.0,,,1.0,,,,,,1.0,,,,,,,,,,1.0,,,,0.5,,,,,,,,,,,,,,,,,,,,,,,
4341,0.0,,,1.0,0.5,1.0,1.0,1.0,1.0,,0.0,,0.5,0.0,1.0,0.0,1.0,0.5,1.0,0.0,1.0,0.5,,,0.5,,,,,1.0,0.0,0.0,1.0,,0.5,1.0,,,0.0,1.0,1.0,1.0,,0.0,1.0,,1.0,,0.5,,1.0,,,1.0,,0.5,,,,1.0,,1.0,1.0,1.0,1.0,1.0,1.0,1.0,1.0,1.0,,1.0,0.5,,,,,1.0,,,0.5,,,,,,,1.0,,,1.0,,0.0,,0.0,,0.0,,,,,,,,,,1.0,,,0.0,,1.0,,,,,,,,0.5,0.0,0.5,0.5,1.0,,,,,1.0,,,,,1.0,,1.0,,1.0,,1.0,1.0,1.0,,1.0,0.5,1.0,,,,,,,,0.5,,,,1.0,,1.0,1.0,0.5,0.5,,1.0,1.0,,,,1.0,0.0,,1.0,1.0,0.0,,,,,,,,,,,,,,,,,,,,,,
4352,1.0,,,1.0,,1.0,0.0,1.0,1.0,1.0,1.0,,,0.0,,,1.0,,,,,,,,1.0,,,,,0.0,,,,,,,,1.0,,1.0,1.0,,,1.0,,,1.0,,,,0.0,,,,,,,,,,,,1.0,,,,,1.0,,1.0,,1.0,,,,,,0.0,,,,,,,,,,,,,,,1.0,,,,,,,,,,,,,,,,,,,1.0,,,,,,,,1.0,,1.0,1.0,1.0,,,1.0,,1.0,,,,,1.0,,,,,,,1.0,,,1.0,,,,,,,,,,,,,,,,,,1.0,,,,,,,,,,1.0,,1.0,,,,,,,,,,,,,,,,,,,,,,,
4360,1.0,,,1.0,1.0,1.0,1.0,1.0,1.0,0.0,1.0,,0.0,0.0,0.0,0.0,1.0,1.0,1.0,1.0,1.0,1.0,,,1.0,,,,,0.0,1.0,1.0,1.0,,1.0,0.0,,0.0,0.0,1.0,0.0,1.0,,1.0,0.0,,0.0,,1.0,,1.0,0.0,,1.0,,1.0,,,,1.0,,1.0,0.0,0.0,1.0,1.0,1.0,1.0,1.0,1.0,,0.0,1.0,,,,,1.0,0.0,,0.0,,,,1.0,,,0.0,,,1.0,,0.0,,1.0,,1.0,,,,1.0,,,,1.0,,1.0,,,0.0,,1.0,,,,,,,,0.0,1.0,1.0,0.0,0.0,,,0.0,,1.0,,,,,1.0,,1.0,,1.0,,0.0,1.0,1.0,,0.0,1.0,1.0,,,,,0.0,0.0,,1.0,0.0,,0.0,0.0,,0.0,1.0,1.0,1.0,,1.0,1.0,,,,1.0,0.0,1.0,1.0,1.0,1.0,,,,,,,,,,,,,,,,,,,,,,
4382,0.5,,,,,,1.0,1.0,,,,,,,,,1.0,1.0,,,,1.0,,,,,,,,,,,,,,,,,,,,,,,,,,,,,,1.0,,0.5,,,,,,,,,,,,,1.0,,,,,,,,,,,,,,,,,,,,,,,,,,1.0,,,,,,,,,,,,,,,,,,,1.0,,,,,,,,,,,,,,,,,1.0,,,,,,,,,,,,,,,,,,,,,,0.5,,,,,,,,,,,,,,,,,,,1.0,,,,,,,,,,,,,,,,,,,,,,,,,,,
4389,0.0,,,,,1.0,1.0,,,,,,,,,0.5,,,,,,1.0,,,,,,,,,0.0,0.5,,,0.5,,,,,,,1.0,,,,,,,,,,,,,,1.0,,,,,,,,,,,0.5,0.0,,,,,,,,,,,,,,,,,,,,1.0,,,0.5,,,,,,,,,,,,,,1.0,,,,,,,,,,,,,,,,,,,0.5,,,,,,,,,,1.0,,,,,,,,,,,,,,,,,,,,1.0,,,,,,,,,0.5,,,,,,,,,,,,,,,,,,,,,,,,,,,,,,,,,,
4396,1.0,,,1.0,,,,,,1.0,,,,1.0,,,,,,,,,,,,,,,,,,,,,1.0,,,,,0.0,,,,,1.0,,,,1.0,,0.5,1.0,,,,,,,,,,,,1.0,,,,,,0.0,,,1.0,,,,,,,,,,,,,,,,,,,,,,,,,,,,,,,,1.0,,,,,,,,,,,,,,,1.0,,,,,,,,,1.0,,,,,,,1.0,,,,1.0,1.0,,,,,,,,,,,1.0,,,,,,,,,,,0.5,,,,,,,,,,,,,,,,,,,,,,,,,,,,,,,,,,
4400,0.0,,,,,,,1.0,,,0.0,,,,,0.0,,,,,,,,,,,,,,,,,,,1.0,,,,,0.5,,,,,1.0,,,,,,,1.0,,,,,,,,,,1.0,1.0,,,1.0,,,,,,,0.5,,,,,,,,,,,,0.5,,,,,,,,0.5,,,,,,,,,,,,,,,,,,,,,,,,,,,,,,,,,,,,,,,,,,,,,,,,,1.0,,1.0,1.0,,,,,,,,,,,,0.0,,,,,,,,,,,,,,1.0,,,,,,,,,,,,,,,,,,,,,,,,,,
4405,0.5,,,,,,,1.0,,,0.5,,0.0,,0.5,0.5,,,,,,1.0,,,,,,,,,,,,,0.0,,,0.5,0.5,,,,,,,,,,0.0,,1.0,,,,,1.0,,,,,,,,,,,,1.0,1.0,,,,,,,,,,,,,,,,,,,,,,,,,,,,,,,,,,,,1.0,,1.0,,,,,,,,,,,,,1.0,,,,0.5,,,1.0,,,,,,,,,1.0,,,,,,,,,0.0,,,,,,,0.0,,,,,0.0,,,,,1.0,,,,,,,,0.0,,,,,,,,,,,,,,,,,,,,,,,,,,,
4412,0.5,,,1.0,,1.0,1.0,1.0,1.0,1.0,0.5,,0.0,0.0,1.0,0.5,1.0,1.0,1.0,1.0,0.5,1.0,,,1.0,,,,,1.0,0.0,0.5,,,1.0,1.0,,,0.5,0.5,1.0,1.0,,,1.0,,1.0,,1.0,,1.0,1.0,,1.0,,1.0,,,,0.5,,1.0,1.0,0.0,1.0,1.0,,1.0,0.5,0.0,,,0.5,,,,,1.0,1.0,,0.5,,,,1.0,,,1.0,,,1.0,,,,1.0,,0.0,,,,1.0,,,,1.0,,1.0,,,,,1.0,,,,,,,,1.0,1.0,0.5,,0.0,,,,,1.0,,,,,1.0,,1.0,,1.0,,,,1.0,,1.0,0.0,1.0,,,,,,1.0,,1.0,0.5,,0.5,0.0,,0.5,0.5,1.0,0.5,,1.0,0.5,,,,1.0,1.0,1.0,1.0,1.0,0.0,,,,,,,,,,,,,,1.0,1.0,1.0,1.0,1.0,1.0,,,
4413,1.0,,,1.0,1.0,,,,,1.0,,,,,1.0,,1.0,0.5,1.0,0.5,1.0,0.5,,,,,,,,1.0,,,1.0,,0.5,,,0.5,,1.0,,0.5,,1.0,,,,,0.5,,,,,,,,,,,,,,,1.0,,,0.5,,,1.0,,0.5,,,,,,,,,,,,,,,,,,,,,,,,,,,,,,,,,,,,,,,,,,,,,,,,0.5,,,,1.0,,,,,,,,,,0.5,,,,,,,,,,,,1.0,,,,,,,,,,,,,,,,,0.5,,,,,,,,,,,0.5,0.5,,,,,,,,,,,,,,,,,,,,1.0,,
4421,1.0,,,0.5,1.0,0.5,0.5,1.0,1.0,1.0,0.0,,0.5,1.0,0.5,0.5,1.0,0.5,1.0,0.5,1.0,1.0,,,1.0,,,,,1.0,0.0,1.0,1.0,,1.0,1.0,,0.0,1.0,1.0,1.0,0.5,,0.0,0.0,,1.0,,0.5,,1.0,0.0,,1.0,,1.0,,,,1.0,,1.0,1.0,1.0,1.0,1.0,1.0,1.0,1.0,1.0,,1.0,0.5,,,,,1.0,1.0,,1.0,,,,1.0,,,1.0,,,1.0,,0.0,,1.0,,1.0,,,,0.0,,,,1.0,,0.0,,,0.0,,1.0,,,,,,,,1.0,0.0,1.0,1.0,0.0,,,1.0,,1.0,,,,,1.0,,1.0,,1.0,,1.0,1.0,1.0,,0.0,1.0,1.0,,,,,1.0,0.5,,1.0,0.0,,0.0,1.0,,0.5,0.0,0.5,0.5,,1.0,0.0,,,,1.0,0.0,0.0,1.0,0.0,0.0,,,,,,,,,,,,,,,,,,,,,,
4427,1.0,,,,,,,1.0,,,,,,0.0,,,,,,,0.0,1.0,,,1.0,,,,,,,,,,0.0,,,,,,,,,,,,,,,,,,,,,1.0,,,,,,,,,1.0,,,1.0,,,,,,,,,,0.0,1.0,,,,,,,,,1.0,,,,,,,,,1.0,,,,,,,,,,,,,,,,,,,,,,,,,,,,,,1.0,,,,,,,1.0,,,,,,,1.0,,,,,,,,,,,1.0,,1.0,,,,1.0,,,,,,,,,,,,,,,,,,,,,,,,,,,,,,,,,,,,,,,
4433,0.5,,,0.5,0.5,0.5,0.5,0.5,1.0,0.0,0.5,,0.5,1.0,0.5,0.5,0.5,0.5,1.0,1.0,0.5,0.5,,,0.5,,,,,0.0,0.5,0.5,1.0,,0.5,0.5,,1.0,0.5,0.5,0.5,0.5,,0.5,0.5,,0.5,,0.5,,0.5,0.5,,1.0,,0.5,,,,0.5,,1.0,,0.5,0.5,1.0,0.5,1.0,,1.0,,0.5,0.5,,,,,0.5,1.0,,0.5,,,,0.5,,,0.5,,,0.5,,0.5,,0.5,,0.5,,,,0.5,,,,1.0,,0.5,,,0.5,,,,,,,,,,0.5,0.5,0.5,0.5,0.5,,,0.5,,0.5,,,,,0.5,,0.5,,0.5,,0.5,0.5,1.0,,0.5,0.5,0.5,,,,,0.5,0.5,,0.5,0.5,,0.5,0.5,,0.5,,0.5,0.5,,0.5,0.5,,,,0.5,0.5,0.5,1.0,0.5,0.5,,,,,,,,,,,,,,,,,,,,,,
4439,0.5,,,1.0,,0.0,,,,1.0,0.5,,1.0,,,,,,,0.5,,,,,,,,,,,0.0,,1.0,,1.0,1.0,,,,,0.5,,,,0.0,,,,,,,,,1.0,,,,,,,,,,,,0.5,0.5,,,,,,,,,,,,1.0,,,,,,1.0,,,,,,,,,,,,1.0,,,,,,,,0.0,,,,,,,,,,,,,,,,,0.5,0.5,,,,0.5,,,,,,,1.0,,,,,,1.0,,1.0,,0.5,,,,,,,,,,,,,0.5,1.0,,,,0.5,,,0.0,0.5,,,,0.5,,,0.5,,,,,,,,,,,,,,,,,,,,,,,,
4445,0.5,,,,0.5,,,0.5,0.5,,,,,0.5,,0.5,0.5,,,,,,,,,,,,,,,,,,0.5,,,,,,,,,,0.5,,,,,,,,,,,0.5,,,,0.5,,,,,0.5,,,0.5,0.5,,,,,,,,,0.5,,,,,,,,,,,,,,,,,,,0.5,,,,,,,,0.5,,,,,0.5,,0.5,,,,,,,,0.5,,,,,,,,,,,,,,,,,,0.5,,0.5,,,,,,0.5,,,,,,,,,0.5,,0.5,0.5,,,,,,,,0.5,,,,0.5,0.5,,,0.5,,,,,,,,,,,,,,,,,,,,,,,
4449,1.0,,,1.0,,1.0,,,1.0,1.0,,,,1.0,0.5,1.0,1.0,1.0,,1.0,,,,,0.5,,,,,,,,1.0,,,1.0,,1.0,,0.0,1.0,,,0.5,1.0,,1.0,,1.0,,0.0,,,0.5,,,,,,1.0,,,1.0,0.0,,1.0,0.5,0.0,1.0,1.0,,,,,,,,1.0,1.0,,1.0,,,,,,,1.0,,,1.0,,1.0,,0.0,,1.0,,,,0.5,,,,,,,,,1.0,,,,,,,,,,1.0,0.0,0.0,,1.0,,,1.0,,,,,,,,,0.0,,1.0,,,1.0,1.0,,1.0,1.0,,,,,,,0.5,,1.0,,,,1.0,,,,,0.5,,,,,,,1.0,0.5,1.0,1.0,0.0,0.0,,,,,,,,,,,,,,,,,,,,,,
4468,1.0,,,1.0,1.0,0.5,0.0,1.0,1.0,1.0,0.0,,1.0,0.0,0.5,1.0,1.0,1.0,1.0,0.5,1.0,1.0,,,1.0,,,,,0.0,0.0,1.0,1.0,,1.0,0.5,,1.0,1.0,1.0,1.0,1.0,,1.0,0.0,,1.0,,0.5,,0.0,1.0,,1.0,,0.5,,,,1.0,,1.0,1.0,0.0,1.0,1.0,0.0,1.0,1.0,1.0,,1.0,1.0,,,,,1.0,1.0,,1.0,,,,0.5,,,1.0,,,1.0,,1.0,,1.0,,1.0,,,,1.0,,,,1.0,,1.0,,,1.0,,1.0,,,,,,,,1.0,0.5,1.0,1.0,1.0,,,1.0,,0.5,,,,,1.0,,1.0,,0.0,,1.0,1.0,1.0,,1.0,1.0,1.0,,,,,1.0,0.5,,1.0,0.5,,0.0,1.0,,0.5,0.5,1.0,0.5,,0.5,1.0,,,,1.0,0.5,0.0,1.0,0.5,0.0,,,,,,,,,,,,,,,,,,,,,,
4486,1.0,,,,,,,,,,,,,,,,,,,,,,,,,,,,,,0.5,,,,,,,,,,,,,,,,,,,,,,,,,,,,,,,,1.0,,,,,,1.0,,,,,,,,,,,,,,,,,,,,,,,,,,,,,,,,,,,,0.0,,,,,,,,,,,,,,,,,,,,,,,,1.0,,,,,,,,,,,,,,,,,,,,,,,,,,,,,,,,,,,,,,,,,,,,,,,,,,,,,,,,,,,,,,,,,,,,
4491,1.0,,,,,,,,,,,,,,,,,,,,,,,,,,,,,,0.0,,,,,,,,,,,,,,,,,,,,,,,,,,,,,,,,,,,,,,,,,,,,,,,,,,1.0,,,,,,,,,,,,,,,,,,,,,,,,,,,,,,,,,,,,,,,,,,,,,,,,,,,,,,,,,,,,,,,,,,,,,,,,,,,,,,,,,,,,,,,,,,,,,,,,,,,,,,,,,,,,,,,,,,,,
4502,0.0,,,,1.0,1.0,,1.0,,1.0,,,,,0.0,,,,,,,,,,,,,,,,,,,,1.0,,,,0.0,,,,,,,,,,,,,,,,,,,,,0.5,,1.0,1.0,,,,,,,0.0,,0.0,0.5,,,,,,,,,,,,,,,,,,,,,,,,,,,,,,,,,,1.0,,,,,1.0,,,,,,,,,,,,0.0,,,,,0.0,,,,,,,,,0.0,,1.0,,0.5,,1.0,,,,,,,,,,,,,,,,0.5,0.5,,,,,1.0,,,,0.0,,,,0.0,,,,,,,,,,,,,,,,,,,,,,,
4519,0.5,,,0.5,1.0,,0.0,1.0,,,0.5,,,0.0,0.5,0.5,0.5,0.5,,,,0.0,,,,,,,,,0.5,,1.0,,,0.5,,,,,0.0,1.0,,,0.0,,,,1.0,,,0.0,,,,0.0,,,,,,1.0,,1.0,,,1.0,1.0,,1.0,,,1.0,,,,,0.0,0.5,,,,,,,,,1.0,,,1.0,,1.0,,1.0,,,,,,0.0,,,,1.0,,,,,,,1.0,,,,,,,,1.0,,,0.0,,,,1.0,,1.0,,,,,1.0,,,,,,,,,,1.0,,1.0,,,,,1.0,1.0,,1.0,1.0,,,,,,,0.5,0.5,,,0.5,,,,,,,1.0,1.0,0.0,,,,,,,,,,,,,,,,,,,,,,
4522,1.0,,,1.0,0.5,0.5,0.5,1.0,1.0,1.0,1.0,,,0.5,1.0,,,0.5,0.0,0.5,0.5,0.5,,,,,,,,0.0,,0.0,0.5,,0.5,0.5,,,1.0,,0.5,1.0,,1.0,,,,,,,,0.5,,1.0,,0.5,,,,1.0,,,,1.0,1.0,1.0,,1.0,,1.0,,,1.0,,,,,0.5,,,1.0,,,,1.0,,,0.0,,,0.5,,1.0,,1.0,,,,,,0.5,,,,1.0,,,,,1.0,,,,,,,,,,1.0,0.5,0.5,,0.5,,,,,0.5,,,,,,,1.0,,1.0,,1.0,,,,,1.0,1.0,,,,,,1.0,,,0.0,,0.5,1.0,,,0.5,1.0,0.5,,,,,,,,,,,,0.5,,,,,,,,,,,,,,,,,,,,,,
4533,1.0,,,,,,,,,,,,,,,,,,,,,,,,,,,,,,,,,,,,,,,,,,,,,,,,,,,,,,,,,,,,,,,,,1.0,,,,,,,,,,,,,,,1.0,,,,,,,,,,1.0,,1.0,,,,,,,,,,,,,,1.0,,,,,,,,,,,,,,,,,,,,,,,,,,,,,,,,,,,,,,,,,,,,,,,,,,,,,0.5,,,,,,,,,,,,,,1.0,,,,,,,,,,,,,,,,,,,,,,,
4547,0.0,,,,1.0,,1.0,1.0,1.0,1.0,0.0,,0.0,1.0,,0.0,1.0,,1.0,1.0,1.0,,,,0.5,,,,,0.0,1.0,1.0,1.0,,1.0,,,,0.0,,,1.0,,0.0,1.0,,,,0.0,,1.0,1.0,,0.0,,1.0,,,,1.0,,,1.0,1.0,,,0.0,0.0,1.0,0.0,,0.0,0.5,,,,,,1.0,,0.5,,,,0.0,,,1.0,,,,,,,0.5,,,,,,1.0,,,,1.0,,1.0,,,0.0,,1.0,,,,,,,,,1.0,,1.0,0.0,,,,,0.0,,,,,,,1.0,,1.0,,1.0,1.0,1.0,,1.0,0.0,,,,,,1.0,,,,1.0,,0.0,,,1.0,,1.0,1.0,,1.0,1.0,,,,0.5,1.0,0.0,,0.0,,,,,,,,,,,,,,,,,,,,,,,
4556,1.0,,,,,,,,1.0,,,,,,,1.0,,,1.0,,,,,,,,,,,,,,,,,,,,,,1.0,,,,,,,,,,,,,,,1.0,,,,,,1.0,1.0,,,,,,,,,,1.0,,,,,,,,,,,,1.0,,,,,,,,,,1.0,,,,,,1.0,,,,,,,,,,,,,,,,,,,,,,,1.0,,,,,,,,,,,,,,,,,1.0,,,,,,,,,,1.0,1.0,,,1.0,,,,,,0.5,,,,,,,,,,,,,0.5,,,,,,,,,,,,,,,,,,,,,,,
4558,0.0,,,,,1.0,,,,1.0,,,,,,0.5,,,1.0,1.0,,,,,1.0,,,,,,0.0,,,,,,,,,,,,,,,,,,,,,,,,,,,,,,,,,,,,,,,,,,,,,,,1.0,1.0,,,,,,,,,,,,0.5,,,,,,,,,,1.0,,,,,,,,,,,,,,,,,,,,,,,1.0,,,1.0,,1.0,,,,,,,,,,,,1.0,,,,,1.0,,,,,1.0,,,,,,,,,,,,,,,,,,,,,0.0,,0.5,,,,,,,,,,,,,,,,,,,,,,,
4571,0.0,,,0.0,1.0,,,,0.0,1.0,,,1.0,1.0,0.0,1.0,0.0,1.0,0.5,0.0,0.0,1.0,,,0.0,,,,,1.0,1.0,0.0,,,1.0,1.0,,1.0,1.0,,,1.0,,1.0,1.0,,1.0,,1.0,,0.5,0.0,,0.5,,0.0,,,,,,0.0,,,1.0,1.0,,1.0,0.0,0.0,,,,,,,,1.0,0.5,,0.0,,,,,,,0.0,,,,,,,1.0,,1.0,,,,1.0,,,,0.0,,0.5,,,,,,,,,,,,,0.0,1.0,,1.0,,,,1.0,,1.0,,,,,,,,,1.0,,1.0,,0.0,,0.0,1.0,,,,,,,,,1.0,,,1.0,0.0,,1.0,0.5,0.0,,,0.0,1.0,,,,1.0,1.0,0.0,0.0,,0.0,,,,,,,,,,,,,,,,,,,,,,
4574,1.0,,,,,,,,,,,,,,,,,,,,,,,,,,,,,,,,,,,,,,,,,,,,,,,,,,,,,,,,,,,,,,,,,,,,,,,,,,,,,,,,,,,,,,,,,,,,,,,,,,,,,,,,,,,,,,,,,,,,,,,,,,,,,,,,,,,,,,,,,,,,,,,,,,,,,,,,,,,,,,,,,,,,,,,,,,,,,,,,,,,,,,,,,,,,,,,,,,,,
4576,1.0,,,,,1.0,,,,,,,,,,,1.0,,,0.5,,,,,,,,,,,,,,,,,,1.0,,,,,,,,,,,,,0.0,,,,,,,,,,,1.0,1.0,,0.0,1.0,0.0,,,,,,,,,,,,,,,,,,,,,,,,1.0,,,,,,,,,,,,,,1.0,,,,,,,,,,,,,,,,,,,1.0,,,,,,,,,,1.0,,,,,,,,,,,,,,,,,,,,,1.0,,1.0,,,0.0,,1.0,,,1.0,,,,,,,,,,,,,,,,,,,,,,,,,,,,,,,,
4592,1.0,,,,,,,,,,,,,,,,,,,,,,,,,,,,,,,,,,,,,,,1.0,,,,,,,,,,,,,,,,,,,,1.0,,,,,,,,,,,,,1.0,,,,,,,,1.0,,,,,,,,,,,,,,,,,,,,,,,,,,,,,,,,,,,,,,,,,,,,,,,,,,,,,,,,,,,,,,,,,,,,,,,,,,,,,,,,,,,,,,,,,,,,,,,,,,,,,,,,,,,,,,,,,,,,
4594,0.0,,,,,,,,,,,,,,,,,,,,,,,,,,,,,,,,,,,,,,,,,,,,,,,,,,1.0,,,,,,,,,,,,,,,,,,,,,,,,,,,,,,,,,,,,,,,,,,,,,,,,,,,,,,,,,,,,,,,,,,,,,,,,,,,,,,,,,,,,,,,,,,,,,,,,,,,,,,,,,,,1.0,,,,,,,,,,,,,,,,,,,,,,,,,,,,,,,,,,,,,,,
4611,1.0,,,1.0,1.0,0.0,1.0,1.0,1.0,1.0,0.0,,1.0,1.0,0.0,0.0,1.0,1.0,0.0,0.5,0.0,1.0,,,1.0,,,,,0.0,0.0,0.5,0.0,,1.0,1.0,,1.0,1.0,1.0,1.0,1.0,,0.0,0.5,,1.0,,1.0,,1.0,1.0,,1.0,,1.0,,,,1.0,,1.0,1.0,1.0,1.0,1.0,1.0,1.0,1.0,1.0,,1.0,1.0,,,,,1.0,1.0,,0.5,,,,1.0,,,1.0,,,1.0,,1.0,,1.0,,1.0,,,,1.0,,,,1.0,,1.0,,,1.0,,1.0,,,,,,,,0.5,1.0,1.0,1.0,1.0,,,1.0,,1.0,,,,,1.0,,1.0,,1.0,,1.0,0.5,1.0,,0.0,1.0,1.0,,,,,1.0,1.0,,1.0,0.0,,1.0,1.0,,0.5,1.0,0.5,0.0,,0.5,1.0,,,,1.0,0.0,0.0,1.0,0.0,1.0,,,,,,,,,,,,,,,,,,,,,,
4617,1.0,,,1.0,0.0,0.5,1.0,1.0,1.0,1.0,1.0,,1.0,0.0,1.0,0.0,1.0,0.0,1.0,1.0,1.0,1.0,,,0.5,,,,,0.5,0.0,1.0,1.0,,1.0,0.0,,1.0,1.0,1.0,1.0,1.0,,1.0,0.5,,1.0,,0.5,,0.0,1.0,,1.0,,1.0,,,,1.0,,1.0,1.0,1.0,1.0,1.0,1.0,1.0,1.0,1.0,,1.0,1.0,,,,,1.0,1.0,,0.5,,,,1.0,,,1.0,,,1.0,,1.0,,0.0,,1.0,,,,0.5,,,,1.0,,1.0,,,1.0,,1.0,,,,,,,,1.0,0.0,1.0,0.5,0.5,,,1.0,,1.0,,,,,1.0,,1.0,,1.0,,1.0,1.0,1.0,,1.0,1.0,1.0,,,,,1.0,1.0,,1.0,1.0,,0.0,1.0,,0.5,0.5,0.5,0.5,,0.0,1.0,,,,1.0,0.0,0.0,1.0,1.0,0.0,,,,,,,,,,,,,,,,,,,,,,
4627,1.0,,,1.0,,0.5,,,1.0,,,,,,,,,,,,,,,,,,,,,0.5,,,,,,1.0,,0.0,,1.0,,,,1.0,0.5,,,,0.0,,0.5,,,0.0,,,,,,1.0,,1.0,,,,,1.0,,,,,,0.5,,,,,,0.0,,,,,,,,,1.0,,,,,0.0,,,,1.0,,,,1.0,,,,1.0,,,,,,,,,,,,,,,1.0,,,,,,,1.0,,,,,,,,,,,1.0,,,,,,,,,,,,,,,,1.0,,,,,,,,,,,,,,,,,,,,,,,,,,,,,,,,,,,,,,,,,,,
4634,0.5,,,0.5,0.5,0.5,0.5,0.5,0.5,0.5,,,,0.5,,,0.5,0.5,0.5,0.5,0.5,,,,0.5,,,,,0.5,0.5,0.5,,,0.5,0.5,,0.5,0.5,0.5,,,,,0.5,,0.5,,,,0.5,0.5,,,,0.5,,,,,,0.5,0.5,,0.5,0.5,0.5,,,0.5,,0.5,0.5,,,,,0.5,0.5,,,,,,,,,,,,0.5,,0.5,,,,,,,,,,,,0.5,,,,,0.5,,,,,,,,,,0.5,,0.5,0.5,,,,0.5,,,,,,,0.5,,0.5,,0.5,,,0.5,,,0.5,0.5,0.5,,,,,0.5,,,,,,,,,,,,,,0.5,,,,,,,,,,,,,,,,,,,,,,,,,,,,,,,,
4640,1.0,,,1.0,1.0,1.0,1.0,1.0,1.0,1.0,1.0,,0.0,0.0,1.0,1.0,1.0,1.0,1.0,1.0,0.0,1.0,,,0.5,,,,,1.0,1.0,0.5,1.0,,0.0,1.0,,1.0,1.0,1.0,1.0,1.0,,1.0,1.0,,1.0,,0.0,,0.0,1.0,,1.0,,1.0,,,,1.0,,1.0,1.0,1.0,1.0,1.0,0.5,0.0,0.0,1.0,,1.0,0.0,,,,,1.0,1.0,,0.5,,,,1.0,,,0.0,,,1.0,,0.0,,0.0,,1.0,,,,1.0,,,,1.0,,1.0,,,1.0,,1.0,,,,,,,,1.0,1.0,0.5,1.0,0.0,,,1.0,,1.0,,,,,1.0,,1.0,,1.0,,1.0,1.0,1.0,,1.0,1.0,1.0,,,,,1.0,1.0,,1.0,1.0,,0.0,0.0,,0.5,0.0,0.5,0.5,,0.0,1.0,,,,1.0,0.0,0.0,1.0,0.0,1.0,,,,,,,,,,,,,,,,,,,,,,
4642,0.5,,,,,,0.5,,,,,,,,,,,,0.5,,0.5,,,,,,,,,0.5,,,,,,,,,0.5,,,,,,0.5,,0.5,,,,,,,,,,,,,,,,,,,,,,0.5,,,0.5,,,,,,,,,,,,,,,,,,,0.5,,,,,,,,,,,,,,,,,,,0.5,,0.5,,,,,,,,,,,,,,,,,,,,,,,,,,,,,,,,,,,,,,,,,,0.5,,,,0.5,,,,,,,0.5,,,,,,,,,,,,,,,,,,,,,,,,,,,,,,,,
4649,1.0,,,,,,,,,,,,,,,,,,,,,,,,,,,,,,,,0.0,,,,,,,,,,,,,,,,,,,,,,,,,,,,,,,,,,,,,,,,,,,,,,,,,,,,,,,,,,,,,,,,,,,,,,,,,,,,,,,,,,,,,,,,,,,,,,,,,,,,,,,,,,,,,,,,,,,,,,,,,,,,,,,,,,,,,,,,,,,,,,,,,,,,,,,,,,,,,,,,,,,,
4652,0.5,,,,,,,,,,,,,,,,,,,,,,,,,,,,,,,,,,,,,,,,,,,,,,,,,,,,,,,,,,,,,,,,,,,,,,,,,,,,,,,,,,,,,,,,,,,,,,,,,,,,,,,,,,,,,,,,,,,,,,,,,,,,,,,,,,,,,,,,,,,,,,,,,,,,,,,,,,,,,,,,,,,,,,,,,,,,,,,,,,,,,,,,,,,,,,,,,,,,
4657,0.0,,,,,,,,,,,,,,,,,,,,,,,,,,,,,,,,,,,,,,,,,,,,,,,,,,,,,,,,,,,,,,,,,,,,,,,,,,,,,,,,,,,,,,,,,,,,,,,,,,,,,,,,,,,,,,,,,,,,,,,,,,,,,,,,,,,,,,,,,,,,,,,,,,,,,,,,,,,,,,,,,,,,,,,,,,,,,,,,,,,,,,,,,,,,,,,,,,,,
4664,1.0,,,,,,,,,,,,,,,,,,,,,,,,,,,,,,,,,,,,,,,,,,,,,,,,,,,,,,,1.0,,,,,,,,,,,,,,,,,,,,,,,,,,,,,,,,,,,,,,,,,,,,,,,,,,,,,,,,,,,,,,,,,,,,,,,,,,,,,,,,,,,,,0.0,,,,,,,,,,,,,,,,,,,,,,,,,,,,,,,,,,,,,,,,,,,,,,,,,,,,,,,,
58,,,,1.0,,,,,1.0,,,,,,,,,,,,,1.0,,,,,,,,,,,,,,,,,,1.0,,,,0.0,,,,,,,,,,,,,,,,,,,,,,,,,,,,,,,,,,1.0,,,,,,,,,,,,,,,,,,,,,,,,,,,,,,,,,,,,,,,,,,,,,,,,,,,,,,,,,,,,,,,,,,,,,,,,,,,,,,,,,,,,,,,,,,,,,,,,,,,,,,,,,,,,,,,,,,,,,,,
126,,,,0.0,,,,,,,,,,,,,,,,,,,,,,,,,,,,,,,,,,,,,,,,,,,,,,,,,,,,,,,,,,,,,,,,,,,,,,,,,,,,,,,,,,,,,,,,,,,,,,,,,,,,,,,,,,,,,,,,,,,,,,,,,,,,,,,,,,,,,,,,,,,,,,,,,,,,,,,,,,,,,,,,,,,,,,,,,,,,,,,,,,,,,,,,,,,,,,,,,
191,,,,0.0,,,,,1.0,,,,,,,,,,,,,,,,,,,,,,,,,,1.0,,,,,,,,,,,,,,,,,,,,,,,,,,,,,,,,,,,,,,,,,,,,,,,,,,,,,,,,,,,,,,,,,,,,,,,,,,,,,,,,,,,,,,,,,,,,,,,,,,,,,,,,,,,,,,,,,,,,,,,,,,,,,,,,,,,,,,,,,,,,,,,,,,,,,,,,,,,,,,,,,,
196,,,,0.0,,1.0,1.0,1.0,1.0,1.0,0.0,,0.0,1.0,1.0,,1.0,0.0,1.0,1.0,1.0,1.0,,,1.0,,,,,,1.0,,,,,,,,,,,,,,,,,,,,,,,,,,,,,,,,,,,,,,,,,,,,,,,,,,,,,,,,,,,,,,,,,,,,,,,,,,,,,,,,,,,,,,,,,,,,,,,,,,,,,,,,,,,,,,,,,,,,,,,,,,,,,,,,,,,,,,,,,,,,,,,,,,,,,,,,,,,,,,,,,,,,,,
276,,,,0.5,,1.0,,,,1.0,,,,0.5,1.0,0.0,1.0,0.5,0.5,0.5,0.5,1.0,,,1.0,,,,,0.5,,0.0,,,,,,,,0.5,,,,,,,,,,,,,,,,,,,,,,,,,,,,,,,,,,,,,,,,,,,,,,,,,,,,,,,,,,,,,,,,,,,,,,,,,,,,,,,,,,,,,,,,,,,,,,,,,,,,,,,,,,,,,,,,,,,,,,,,,,,,,,,,,,,,,,,,,,,,,,,,,,,,,,,,,,,,,
457,,,,1.0,0.5,,1.0,1.0,,1.0,0.0,,1.0,1.0,1.0,0.0,,,1.0,,,1.0,,,,,,,,1.0,0.5,,,,,,,,,0.5,,1.0,,,1.0,,,,,,,,,,,,,,,,,,,,,,,,,,,,,,,,,,,,,,,,,,,,,,,,,,,,,,,,,,,,,,,,,,,,,,,,,,,,,,,,,,,,,,,,,,,,,,,,,,,,,,,,,,,,,,,,,,,,,,,,,,,,,,,,,,,,,,,,,,,,,,,,,,,,,,,,
473,,,,0.0,,,,,,,,,0.0,,,,,,,,,,,,,,,,,,,,,,,,,,,,,,,,,,,,,,,,,,,,,,,,,,,,,,,,,,,,,,,,,,,,,,,,,,,,,,,,,,,,,,,,,,,,,,,,,,,,,,,,,,,,,,,,,,,,,,,,,,,,,,,,,,,,,,,,,,,,,,,,,,,,,,,,,,,,,,,,,,,,,,,,,,,,,,,,,,,,,,,,
493,,,,0.5,,0.5,0.5,,0.5,,,,,0.5,,,,0.5,,,,,,,,,,,,,,,,,,,,,,0.5,,,,,,,,,,,,,,,,,,,,,,,0.5,0.5,,,,,,,,,,,,,,,,,,,,,,,,,,,,,,,,,,,,,,,,,,,,,,,,,,,,,,,,,,,,,,,,,,,,,,,,,,,,,,,,,,,,,,,,,,,,,0.5,0.5,,,,0.5,,,,,,,,,,,,,,,,,,,,,,,,,,,,,,,,,,,
519,,,,1.0,,,,,,,,,,,,,,,,,,,,,,,,,,,,,,,,,,,,,,,,,,,,,,,,,,1.0,,,,,,,,,,,,,,,,,,,,,,,,,,,,,,,,,,,,,,,,,,,,,,,,,,,,,,,,,,,,,,,,,,,,,,,,,,,,,,,,,,,,,,,,,,,,,,,,,,,,,,,,,,,,,,,,,,,,,,,,,,,,,,,,,,,,,,,,,,,,,,,
591,,,,0.0,,,1.0,,1.0,,0.0,,1.0,,0.0,,,1.0,,0.5,,,,,1.0,,,,,,,1.0,,,,0.0,,1.0,,1.0,1.0,,,0.0,,,,,0.0,,1.0,,,,,,,,,,,,,,1.0,0.0,1.0,,1.0,,,1.0,,,,,,,,,,,,,,,,,,,,,,,,,,,,,,,,,,,,,,,,,,,,,,,,,,,,,,,,,,,,,,,,,,,,,,,,,,,,,,,,,,,,,,,,,,,,,,,,,,,,,,,,,,,,,,,,,,,,,,,,,,,,,
613,,,,0.5,,,,,,,,,0.0,0.5,,,,,,0.5,,1.0,,,,,,,,0.5,,,1.0,,1.0,,,1.0,0.5,0.5,,1.0,,,,,1.0,,,,,1.0,,1.0,,0.5,,,,,,1.0,,,,,,,1.0,0.5,,,,,,1.0,,,,,,,,,,,,,,,,,,,,,,,,,,,,,,,,,,,,,,,,,,,,,,,,,,,,,,,,,,,,,,,,,,,,,,,,,,,,,,,,,,,,,,,,,,,,,,,,,,,,,,,,,,,,,,,,,,,,,,,,,
621,,,,1.0,1.0,,0.0,,,,,,,,0.0,,,0.5,,,,,,,,,,,,0.0,,,,,,,,0.0,,,,,,,,,,,,,0.0,0.0,,,,,,,,,,,1.0,1.0,1.0,,1.0,,,1.0,,,1.0,,,,,,0.0,,,,,,,,,,,,,,,,,,,,,,,,,,,,,,,,,,,,,,,,,,,,,,,,,,,,,,,,,,,,,,,,,,,,,,,,,,,,,,,,,,,,,,,,,,,,,,,,,,,,,,,,,,,,,,,,,,,,,,
661,,,,1.0,1.0,0.0,1.0,1.0,1.0,1.0,0.0,,,0.0,0.0,0.0,1.0,0.0,1.0,1.0,0.5,0.0,,,0.0,,,,,,0.0,,1.0,,,,,0.0,,1.0,,1.0,,0.0,,,1.0,,0.0,,0.0,1.0,,1.0,,0.0,,,,1.0,,1.0,1.0,1.0,1.0,1.0,,1.0,1.0,1.0,,1.0,0.5,,,,,1.0,1.0,,0.0,,,,,,,,,,,,,,,,,,,,,,,,,,,,,,,,,,,,,,,,,,,,,,,,,,,,,,,,,,,,,,,,,,,,,,,,,,,,,,,,,,,,,,,,,,,,,,,,,,,,,,,,,,,,,,,,,,,,
662,,,,0.5,,,,,,,,,,,,,,,,,,,,,,,,,,,,,,,,,,,,,,,,,,,,,0.5,,,,,,,,,,,,,,,,,,,,,0.5,,,,,,,,,,,,,,,,,,,,,,,,,,,,,,,,,,,,,,,,,,,,,,,,,,,,,,,,,,,,,,,,,,,,,,,,,,,,,,,,,,,,,,,,,,,,,,,,,,,,,,,,,,,,,,,,,,,,,,,,,,,,,,,
673,,,,1.0,,,,,,,,,,,,,,,,,,,,,,,,,,,,,,,,,,,,,,,,,,,,,,,,,,,,,,,,,,,,,,,,,,,,,,,,,,,,,,,,,,,,,,,,,,,,,,,,,,,,,,,,,,,,,,,,,,,,,,,,,,,,,,,,,,,,,,,,,,,,,,,,,,,,,,,,,,,,,,,,,,,,,,,,,,,,,,,,,,,,,,,,,,,,,,,,,
695,,,,0.5,,1.0,,,,,1.0,,0.0,0.5,,0.5,,,1.0,0.5,0.5,,,,,,,,,,0.5,,1.0,,1.0,,,0.5,0.5,0.5,,,,0.5,,,,,0.5,,0.5,,,,,0.5,,,,0.5,,,0.5,,,0.5,0.5,0.5,0.5,0.5,,0.0,,,,,,1.0,1.0,,,,,,0.0,,,,,,,,,,,,,,,,,,,,,,,,,,,,,,,,,,,,,,,,,,,,,,,,,,,,,,,,,,,,,,,,,,,,,,,,,,,,,,,,,,,,,,,,,,,,,,,,,,,,,,,,,,,,,,,,
708,,,,1.0,1.0,0.5,,,,,,,,,,,,,0.0,,,0.5,,,,,,,,,,,,,,,,,,,,,,,,,1.0,,0.5,,,,,,,,,,,1.0,,,,,,1.0,,,,,,,0.5,,,,,,,,0.5,,,,,,,,,,,,,,,,,,,,,,,,,,,,,,,,,,,,,,,,,,,,,,,,,,,,,,,,,,,,,,,,,,,,,,,,,,,,,,,,,,,,,,,,,,,,,,,,,,,,,,,,,,,,,,,,,,,,
724,,,,1.0,1.0,1.0,1.0,1.0,1.0,1.0,1.0,,0.0,1.0,1.0,0.0,1.0,1.0,0.0,0.0,0.0,1.0,,,1.0,,,,,0.0,0.0,0.0,1.0,,0.0,0.5,,1.0,,1.0,1.0,1.0,,1.0,1.0,,1.0,,0.0,,0.0,1.0,,1.0,,1.0,,,,1.0,,1.0,1.0,0.0,0.0,1.0,1.0,1.0,1.0,1.0,,1.0,1.0,,,,,0.0,1.0,,1.0,,,,1.0,,,1.0,,,1.0,,,,1.0,,1.0,,,,0.0,,,,1.0,,1.0,,,1.0,,,,,,,,,,,,,,,,,,,,,,,,,,,,,,,,,,,,,,,,,,,,,,,,,,,,,,,,,,,,,,,,,,,,,,,,,,,,,,,,,,,,,,,
748,,,,1.0,1.0,1.0,1.0,1.0,1.0,,0.0,,1.0,1.0,1.0,0.0,1.0,1.0,1.0,1.0,,1.0,,,1.0,,,,,1.0,,0.0,1.0,,1.0,1.0,,1.0,0.0,0.0,1.0,1.0,,,0.0,,1.0,,1.0,,,1.0,,,,,,,,1.0,,1.0,1.0,1.0,1.0,1.0,0.0,1.0,,0.0,,1.0,0.0,,,,,1.0,1.0,,,,,,0.0,,,,,,,,,,,,,,,,,,,,,,,,,,,,,,,,,,,,,,,,,,,,,,,,,,,,,,,,,,,,,,,,,,,,,,,,,,,,,,,,,,,,,,,,,,,,,,,,,,,,,,,,,,,,,,,,
762,,,,0.5,,,,0.5,,0.5,,,0.0,,1.0,0.0,1.0,0.5,0.0,0.5,0.0,1.0,,,,,,,,0.5,,,,,1.0,0.5,,0.0,,,,,,,0.0,,1.0,,,,,,,,,0.5,,,,1.0,,1.0,,,1.0,1.0,0.0,1.0,1.0,,,0.0,0.0,,,,,1.0,,,,,,,1.0,,,,,,,,,,,,,,,,,,,,,,,,,,,,,,,,,,,,,,,,,,,,,,,,,,,,,,,,,,,,,,,,,,,,,,,,,,,,,,,,,,,,,,,,,,,,,,,,,,,,,,,,,,,,,,,,
769,,,,1.0,,,1.0,,,,,,,0.0,,,,,,,,,,,,,,,,,,0.0,1.0,,,,,1.0,1.0,,,1.0,,,,,,,0.0,,1.0,,,1.0,,1.0,,,,,,,,,,,1.0,,,,,1.0,0.0,,,,,,0.0,,,,,,,,,,,,,,,,,,,,,,,,,,,,,,,,,,,,,,,,,,,,,,,,,,,,,,,,,,,,,,,,,,,,,,,,,,,,,,,,,,,,,,,,,,,,,,,,,,,,,,,,,,,,,,,,,,,,,,
811,,,,1.0,,,,,1.0,0.0,,,,,,,1.0,1.0,,,,0.0,,,,,,,,1.0,,0.0,,,1.0,,,1.0,1.0,,,1.0,,1.0,0.0,,,,,,0.0,1.0,,1.0,,,,,,,,,1.0,,1.0,1.0,,1.0,,1.0,,,1.0,,,,,,0.0,,,,,,,,,,,,,,1.0,,,,0.5,,,,1.0,,,,1.0,,,,,,,1.0,,,,,,,,1.0,,,,,,,,,,,,,,,,,,,,,,,,,,,,,,,,,,,,,,,,,,,,,,,,,,,,,,,,,,,,,,,,,,,,,,,,,,,,,
902,,,,1.0,,,,,,,,,1.0,,,1.0,,,,0.0,,,,,,,,,,,,,,,,0.0,,1.0,1.0,1.0,,1.0,,,,,,,,,0.0,,,,,,,,,,,,,,,,,,,,,,,,,,,,,,,,,,,,,,,,,,,,,,,,,,,,,,,,,,,,,,,,,,,,,,0.0,,,,,,,,1.0,,,,,,,,,,,,,,,,,,,,,,,,,,,,,,,,,,,,,,,,,,,,,,,,,,,,,,,,,,,,,,,,,,,,
950,,,,0.5,,0.0,,1.0,,0.0,,,0.5,,0.0,,,0.5,,,,,,,,,,,,,,,,,0.0,,,0.5,0.5,,,0.5,,0.5,,,1.0,,1.0,,,1.0,,,,0.0,,,,,,,0.5,0.0,1.0,,,,,,,0.5,,,,,,,,,,,,,,,,0.5,,,0.5,,,,,,,1.0,1.0,1.0,,,,,,,,,,,,,,,,,,,,,,,,,,,,,,,,,,,,,,,,,,,,,,,,,,,,,,,,,,,,,,,,,,,,,,,,,,,,,,,,,,,,,,,,,,,,,,,,,
963,,,,1.0,,,,,,,,,,0.0,,1.0,,,,,,,,,,,,,,,,,,,0.0,,,,1.0,,,0.5,,,0.0,,1.0,,,,0.0,,,,,,,,,,,,1.0,,,0.0,,,,,,1.0,1.0,,,,,0.0,,,,,,,,,,,,,,,1.0,,,,,,,,,,,,,,,,,,,,,,,,,,,,,,,,,,,,,,,,,,,,,,,,,,,,,,,,,,,,,,,,,,,,,,,,,,,,,,,,,,,,,,,,,,,,,,,,,,,,,,,,
1030,,,,1.0,,0.0,1.0,1.0,0.0,0.0,0.0,,,,,1.0,1.0,,0.0,0.0,,0.0,,,1.0,,,,,0.0,0.0,,,,,1.0,,1.0,1.0,1.0,,,,0.0,0.0,,,,1.0,,,1.0,,1.0,,0.0,,,,1.0,,1.0,,1.0,1.0,0.0,,,1.0,1.0,,,,,,,,0.0,,,0.0,,,,1.0,,,1.0,,,1.0,,1.0,,,,,,,,,,,,,,,,,,,,,,,,,,,,,,,,,,,,,,,,,,,,,,,,,,,,,,,,,,,,,,,,,,,,,,,,,,,,,,,,,,,,,,,,,,,,,,,,,,,,,,,,
1076,,,,1.0,1.0,0.0,1.0,,,,0.5,,,1.0,,,,,1.0,,,,,,1.0,,,,,0.0,,,,,,,,,,,,,,,,,,,0.0,,,,,,,,,,,,,,,,,0.0,0.5,,,,,,,,,,,,,,,,,,,,,,,,,,1.0,,,,,,,,,,,,,,,,,,,,,,,,,,,,,,,,,,,,,,,,,,,,,,,,,,,,,,,,,,,,,,,,,,,,,,,,,,,,,,,,,,,,,,,,,,,,,,,,,,,,,,,,
1107,,,,0.0,,,0.0,,,,,,,,,,,1.0,,,,,,,,,,,,,,,,,,,,,,,,,,,,,1.0,,,,,,,1.0,,,,,,,,,,,,,,,,,,,1.0,,,,,,,,,,,,,,,,,,,,,,,,,,,,,,,,0.0,,,,,,,,,,,,,,,,,,,,,,,,,,,,,,,,,,,,,,,,,,,,,,,,,,,,,,,,,,,,,,,,,,,,,,,,,,,,,,,,,,,,,,,,,,,,
1183,,,,0.0,,,,,1.0,,,,,,,,,,,,,,,,,,,,,,,,,,,,,0.0,,,,,,,,,1.0,,,,,0.0,,,,,,,,,,1.0,,0.0,1.0,,,1.0,,,,1.0,,,,,,,,,,,,,,,,,,,,,,,,,,,,,,,,,,,1.0,,,0.0,,,,,,,,,,,,,,,,,,,,,,,,,,,,,,,,,,,,,,,,,,,,,,,,,,,,,,,,,,,,,,,,,,,,,,,,,,,,,,,,,,,,,,,
1199,,,,1.0,0.0,0.5,1.0,,0.5,0.5,0.0,,,1.0,,0.0,1.0,1.0,,,0.0,1.0,,,1.0,,,,,,,0.5,1.0,,1.0,,,1.0,,0.5,1.0,1.0,,0.5,1.0,,1.0,,1.0,,1.0,1.0,,1.0,,,,,,,,,1.0,,,0.5,,1.0,1.0,,,1.0,0.5,,,,,1.0,1.0,,0.5,,,,0.5,,,1.0,,,,,1.0,,,,1.0,,,,,,,,1.0,,,,,1.0,,1.0,,,,,,,,,,,,,,,,,,,,,,,,,,,,,,,,,,,,,,,,,,,,,,,,,,,,,,,,,,,,,,,,,,,,,,,,,,,,,,,,,,,,,
1204,,,,0.0,1.0,1.0,1.0,,1.0,1.0,0.0,,0.0,0.0,,0.0,1.0,,1.0,1.0,,1.0,,,1.0,,,,,1.0,0.0,,,,,0.5,,1.0,0.0,1.0,1.0,,,1.0,1.0,,1.0,,,,1.0,1.0,,0.5,,,,,,1.0,,0.5,0.5,1.0,1.0,,0.5,1.0,,,,1.0,,,,,,1.0,1.0,,0.5,,,,,,,0.0,,,1.0,,,,1.0,,,,,,1.0,,,,,,0.0,,,0.5,,1.0,,,,,,,,,,,,,,,,,,,,,,,,,,,,,,,,,,,,,,,,,,,,,,,,,,,,,,,,,,,,,,,,,,,,,,,,,,,,,,,,,,,,,
1219,,,,0.0,,1.0,1.0,1.0,,1.0,,,0.0,,0.0,,,1.0,,,,1.0,,,,,,,,,,0.0,,,1.0,0.5,,,,,,,,0.0,1.0,,,,0.5,,,,,1.0,,,,,,,,,1.0,,1.0,1.0,,,,,,,0.5,,,,,,,,,,,,,,,1.0,,,,,,,,,1.0,,,,,,,,,,,,,,,,,,,,,,,,,,,,,,,,,,,,,,,,,,,,,,,,,,,,,,,,,,,,,,,,,,,,,,,,,,,,,,,,,,,,,,,,,,,,,,,,,,,,
1261,,,,0.0,,1.0,1.0,,,,1.0,,,0.0,0.0,,0.0,,1.0,1.0,,1.0,,,,,,,,,0.0,,,,1.0,,,,0.0,0.0,,1.0,,,,,1.0,,1.0,,0.0,,,,,1.0,,,,,,,,0.0,,0.0,,0.0,,0.0,,,0.0,,,,,1.0,1.0,,1.0,,,,0.0,,,1.0,,,0.0,,0.0,,,,1.0,,,,1.0,,,,1.0,,1.0,,,0.0,,,,,,,,,,,,,,,,,,,,,,,,,,,,,,,,,,,,,,,,,,,,,,,,,,,,,,,,,,,,,,,,,,,,,,,,,,,,,,,,,,,,,,,
1271,,,,1.0,0.5,0.0,1.0,,0.5,,0.5,,,1.0,,0.5,,1.0,,,,0.5,,,,,,,,,,0.0,,,,,,1.0,,,1.0,,,,0.0,,,,,,,,,,,,,,,,,,1.0,,,1.0,1.0,,,,,1.0,1.0,,,,,,0.0,,,,,,,,,,,,1.0,,,,,,1.0,,,,,,,,,,,,,,,,,,,,,,,,,,,,,,,,,,,,,,,,,,,,,,,,,,,,,,,,,,,,,,,,,,,,,,,,,,,,,,,,,,,,,,,,,,,,,,,,,,,,
1304,,,,1.0,0.0,,0.0,,,,1.0,,,,,0.0,,0.0,,,0.0,0.0,,,,,,,,,,0.0,,,,0.0,,,,1.0,1.0,1.0,,,,,1.0,,,,1.0,0.0,,,,,,,,,,1.0,1.0,0.0,,1.0,1.0,,,,,0.0,1.0,,,,,0.0,,,,,,,,,,,,,,,1.0,,0.0,,1.0,,,,0.0,,,,,,,,,,,,,,,,,,,1.0,,,,,,,,,,,,,,,,,,,,,,,,,,,,,,,,,,,,,,,,,,,,,,,,,,,,,,,,,,,,,,,,,,,,,,,,,,,,,
1353,,,,1.0,1.0,,,,,0.0,0.0,,,0.0,1.0,1.0,,1.0,0.0,0.0,1.0,1.0,,,1.0,,,,,1.0,,1.0,,,1.0,,,1.0,1.0,1.0,,,,,0.0,,1.0,,,,,1.0,,1.0,,1.0,,,,1.0,,,,1.0,1.0,1.0,1.0,,1.0,1.0,,1.0,1.0,,,,,1.0,0.0,,,,,,,,,,,,1.0,,,,1.0,,1.0,,,,1.0,,,,1.0,,,,,,,1.0,,,,,,,,1.0,,,,,,,,,,,,,,,,,,,,,,,,,,,,,,,,,,,,,,,,,,,,,,,,,,,,,,,,,,,,,,,,,,,,,,,,,,,,,
1359,,,,1.0,1.0,,,,1.0,0.5,,,1.0,,,,1.0,,,,,0.5,,,,,,,,,0.5,0.5,,,0.0,,,,,,,1.0,,,0.5,,,,,,,1.0,,1.0,,,,,,1.0,,1.0,,,,1.0,,,1.0,1.0,,1.0,,,,,,0.5,1.0,,,,,,,,,,,,1.0,,,,1.0,,1.0,,,,1.0,,,,,,1.0,,,,,1.0,,,,,,,,,,,,,,,,,,,,,,,,,,,,,,,,,,,,,,,,,,,,,,,,,,,,,,,,,,,,,,,,,,,,,,,,,,,,,,,,,,,,,
1404,,,,1.0,0.0,,0.5,,,,,,,,,,,0.5,,1.0,,0.5,,,,,,,,,0.5,,1.0,,,,,1.0,,,1.0,,,,,,,,,,,1.0,,,,1.0,,,,,,1.0,,1.0,,,,,1.0,,,1.0,1.0,,,,,,,,,,,,,,,,,,1.0,,,,1.0,,,,,,1.0,,,,,,,,,1.0,,,,,,,,,,,,,,,,,,,,,,,,,,,,,,,,,,,,,,,,,,,,,,,,,,,,,,,,,,,,,,,,,,,,,,,,,,,,,,,,,,,,,,,
1476,,,,1.0,1.0,,,,1.0,,,,,1.0,,1.0,,1.0,,,,,,,,,,,,0.0,,0.0,,,1.0,,,,,,1.0,,,,,,,,1.0,,0.0,,,,,1.0,,,,1.0,,,1.0,1.0,1.0,,,,,1.0,,1.0,1.0,,,,,,,,0.0,,,,,,,1.0,,,,,,,,,,,,,,,,,,,,,,,,,,,,,,,,,,,,0.0,,,1.0,,,,,,,,,,,,1.0,,,,,,,,,,,,,,,,,,,,,,,,,,,,,,,,,,,,,,,,,,,,,,,,,,,,,,,,,,
1549,,,,1.0,,0.0,0.0,,,,1.0,,1.0,0.0,1.0,1.0,,0.0,0.0,0.0,0.0,,,,1.0,,,,,,0.0,0.0,,,1.0,0.0,,0.0,1.0,1.0,1.0,,,1.0,,,,,0.0,,0.0,,,1.0,,0.0,,,,,,1.0,,,,1.0,1.0,1.0,1.0,,,1.0,,,,,,,,,,,,,,,,,,,,,1.0,,,,1.0,,,,,,,,,,,,,,,1.0,,,,,,,,1.0,,,,,,,,,,,,,,,,,,,,,,,,,,,,,,,,,,,,,,,,,,,,,,,,,,,,,,,,,,,,,,,,,,,,,,,,,,,,,
1668,,,,1.0,0.5,,,0.0,,,,,,,0.5,,,,,0.0,0.0,0.5,,,,,,,,0.0,0.0,,,,0.0,0.0,,,,,1.0,,,0.5,0.0,,,,,,,,,,,,,,,,,1.0,,1.0,0.0,,,1.0,,1.0,,,,,,,,,,,,,,,,,,,,,,,1.0,,,,,,,,,,,,,,1.0,,,1.0,,,,,,,,,,,,,,,,,,,,,,,,,,,,,,,,,,,,,,,,,,,,,,,,,,,,,,,,,,,,,,,,,,,,,,,,,,,,,,,,,,,,,,,
1727,,,,1.0,,,,,,1.0,1.0,,,0.0,,1.0,,,,,0.0,,,,,,,,,,,,,,0.0,,,1.0,1.0,1.0,,,,,,,1.0,,,,,,,,,,,,,,,1.0,,1.0,1.0,,,1.0,1.0,1.0,,,,,,,,,,,,,,,1.0,,,,,,,,,,,,,,,,,,,,,,1.0,,,1.0,,,,,,,,,,,,,,,,,,,,,,,,,,,,,,,,,,,,,,,,,,,,,,,,,,,,,,,,,,,,,,,,,,,,,,,,,,,,,,,,,,,,,,,
1749,,,,1.0,1.0,1.0,,,,1.0,,,1.0,1.0,1.0,,1.0,,1.0,,1.0,,,,,,,,,,,,,,1.0,1.0,,,1.0,,,,,,,,1.0,,,,,,,,,1.0,,,,,,,,,,,,1.0,1.0,,,1.0,,,,,,1.0,,,,,,,1.0,,,1.0,,,1.0,,,,,,1.0,,,,,,,,1.0,,1.0,,,,,,,,,,,,,,,,1.0,,,,,,,,,,,,,,,,,,,,,,,,,,,,,,,,,,,,,,,,,,,,,,,,,,,,,,,,,,,,,,,,,,,,,,,,,,
1884,,,,1.0,,,0.0,,1.0,,,,,,0.0,1.0,1.0,,,0.0,,0.5,,,,,,,,0.0,,,,,,,,,1.0,,,0.0,,1.0,,,,,,,1.0,,,,,,,,,,,1.0,,,,1.0,1.0,,,,,,,,,,,,,,0.0,,,,,,,,,,,,,,1.0,,1.0,,,,,,,,,,,,,1.0,,,,,,,,,,,,,,,,,,,,,,,,,,,,,,,,,,,,,,,,,,,,,,,,,,,,,,,,,,,,,,,,,,,,,,,,,,,,,,,,,,,,,,,
1890,,,,1.0,,0.0,,1.0,,,1.0,,0.0,0.0,,1.0,,,0.0,,0.0,,,,,,,,,1.0,0.0,1.0,1.0,,1.0,,,,1.0,1.0,1.0,1.0,,1.0,0.0,,,,,,0.0,,,,,,,,,,,,,0.0,1.0,1.0,1.0,1.0,,,,,1.0,,,,,,,,,,,,,,,,,,1.0,,,,,,,,,,1.0,,,,1.0,,,,,1.0,,,,,,,,,,,,,,,,,,,,,,,,,,,,,,,,,,,,,,,,,,,,,,,,,,,,,,,,,,,,,,,,,,,,,,,,,,,,,,,,,,,,,,,
1901,,,,1.0,,1.0,1.0,1.0,,1.0,0.0,,1.0,0.0,0.0,0.0,1.0,1.0,0.0,0.0,0.0,,,,,,,,,0.0,0.0,0.0,,,,0.0,,,,1.0,1.0,,,,,,1.0,,,,1.0,1.0,,1.0,,1.0,,,,,,1.0,1.0,1.0,1.0,,1.0,1.0,1.0,1.0,,1.0,,,,,,0.0,0.0,,0.0,,,,,,,1.0,,,1.0,,1.0,,1.0,,1.0,,,,1.0,,,,1.0,,1.0,,,1.0,,1.0,,,,,,,,1.0,1.0,,1.0,1.0,,,1.0,,1.0,,,,,1.0,,1.0,,1.0,,1.0,,,,,,,,,,,,,,,,,,,,,,,,,,,,,,,,,,,,,,,,,,,,,,,,,,,,,,,,,
1937,,,,1.0,,,,,,,,,,,,,,,,,,,,,,,,,,,,,,,,,,,,,,,,,,,,,,,,,,,,,,,,,,,1.0,,1.0,,1.0,,1.0,,,,,,,,,,,,,,,,,,,,,,1.0,,,,,,1.0,,,,,,,,,,,,,,,,,,,,,,,,,,,,1.0,,,,,,,,,,,,,,,,,,,,,,,,,,,,,,,,,,,,,,,,,,,,,,,,,,,,,,,,,,,,,,,,,,,,,,,,
1983,,,,1.0,1.0,,,,0.0,,,,,,,1.0,1.0,,0.0,0.0,1.0,,,,0.0,,,,,1.0,0.0,,,,0.0,,,,1.0,1.0,1.0,0.0,,1.0,0.0,,1.0,,1.0,,,1.0,,1.0,,1.0,,,,1.0,,1.0,,1.0,1.0,,1.0,1.0,,1.0,,1.0,,,,,,0.0,0.0,,0.0,,,,,,,1.0,,,1.0,,,,,,1.0,,,,1.0,,,,,,,,,1.0,,1.0,,,,,,,,1.0,,,,,,,,,,,,,,,,,,,,,,,,,,,,,,,,,,,,,,,,,,,,,,,,,,,,,,,,,,,,,,,,,,,,,,,,,,,,,
2000,,,,1.0,1.0,,,1.0,1.0,0.0,1.0,,0.5,0.0,,,0.0,,,,,0.0,,,,,,,,0.0,,0.0,0.0,,,,,,,,1.0,,,,,,,,,,,,,1.0,,,,,,,,,1.0,,1.0,,1.0,,1.0,1.0,,1.0,,,,,,,,,1.0,,,,,,,0.0,,,,,1.0,,,,,,,,,,,,,,1.0,,,,,,,,,,,,,,0.0,1.0,0.0,,,,,,,,,,,,,,,,,,,,,,,,,,,,,,,,,,,,,,,,,,,,,,,,,,,,,,,,,,,,,,,,,,,,,,,,,,
2073,,,,0.0,,,1.0,,1.0,1.0,0.0,,0.0,,,0.0,0.0,1.0,0.0,0.0,1.0,1.0,,,1.0,,,,,,1.0,1.0,,,1.0,,,,0.0,0.0,,0.0,,1.0,,,,,,,1.0,0.0,,,,,,,,,,,0.0,,1.0,,0.0,1.0,0.0,0.0,,0.0,,,,,,1.0,0.0,,1.0,,,,,,,0.0,,,,,0.0,,0.0,,0.0,,,,1.0,,,,,,0.0,,,,,1.0,,,,,,,,0.0,,,,0.0,,,0.0,,0.0,,,,,0.0,,,,0.0,,0.0,0.0,1.0,,,,,,,,,,,,,,,,,,,,,,,,,,,,,,,,,,,,,,,,,,,,,,,,,,,,,,,
2076,,,,1.0,1.0,,,1.0,,,,,,1.0,,,,1.0,,,0.0,,,,0.0,,,,,0.0,,0.0,0.0,,,0.0,,,1.0,1.0,,1.0,,0.0,,,,,0.0,,0.0,,,1.0,,,,,,,,,1.0,1.0,,1.0,,,1.0,,,,,,,,,0.0,,,1.0,,,,1.0,,,1.0,,,1.0,,,,,,,,,,,,,,,,,,,,,,,,,,,,,,,1.0,1.0,1.0,,,1.0,,,,,,,,,,,,,,,,,,,,,,,,,,,,,,,,,,,,,,,,,,,,,,,,,,,,,,,,,,,,,,,,,,,,,,
2083,,,,1.0,,,,1.0,,,,,,,,,,,,,,,,,,,,,,,0.0,,0.0,,,,,1.0,,,1.0,1.0,,,,,,,0.0,,,,,,,,,,,,,,,,,,,,,,,,,,,,,1.0,,,0.0,,,,,,,1.0,,,,,,,,,,,,,,,,,1.0,,,,,,,,,,,,,,,,,,1.0,1.0,,,1.0,,,,,,,,,,,,,,,,,,,,,,,,,,,,,,,,,,,,,,,,,,,,,,,,,,,,,,,,,,,,,,,,,,,,,,
2100,,,,1.0,,0.0,,1.0,0.5,,0.5,,,,,,1.0,1.0,,0.5,,0.0,,,,,,,,,1.0,0.5,0.5,,1.0,,,1.0,1.0,,,1.0,,0.0,,,,,1.0,,,0.5,,,,1.0,,,,0.0,,1.0,,,0.5,,,,1.0,,,1.0,,,,,,0.0,,,1.0,,,,,,,,,,1.0,,1.0,,0.5,,1.0,,,,1.0,,,,,,,,,1.0,,,,,,,,,,,1.0,1.0,,1.0,,,1.0,,1.0,,,,,,,,,,,,,,,,,,,,,,,,,,,,,,,,,,,,,,,,,,,,,,,,,,,,,,,,,,,,,,,,,,,,
2122,,,,1.0,,1.0,,,,,,,,,,,,,,,,,,,,,,,,,,1.0,,,,1.0,,,,1.0,,1.0,,0.0,,,,,1.0,,,,,,,0.0,,,,,,1.0,,,1.0,,,,,,,,,,,,,0.0,,,,,,,1.0,,,,,,,,1.0,,1.0,,0.0,,,,,,,,1.0,,1.0,,,1.0,,,,,,,,,,,,1.0,,,,,,,,,,,,,,,,,,,,,,,,,,,,,,,,,,,,,,,,,,,,,,,,,,,,,,,,,,,,,,,,,,,,,,,,,,,
2192,,,,1.0,1.0,0.0,0.0,1.0,0.0,0.0,1.0,,,1.0,1.0,0.0,,,0.0,0.0,1.0,0.0,,,0.0,,,,,,0.0,,,,,0.0,,1.0,1.0,1.0,,1.0,,1.0,0.0,,,,,,,0.0,,,,,,,,,,1.0,1.0,,0.0,1.0,1.0,,1.0,,,1.0,1.0,,,,,,,,,,,,,,,0.0,,,,,,,,,,,,,,,,,1.0,,,,,1.0,,1.0,,,,,,,,1.0,0.0,,,0.0,,,,,,,,,,,,,,,,,,,,,,,,,,,,,,,,,,,,,,,,,,,,,,,,,,,,,,,,,,,,,,,,,,,,,,,,,
2224,,,,1.0,,,,1.0,,1.0,,,,,1.0,0.0,,,,1.0,,1.0,,,,,,,,1.0,0.0,1.0,,,1.0,,,,,,1.0,,,,,,1.0,,,,1.0,1.0,,,,1.0,,,,,,1.0,,1.0,1.0,,,,,,,,1.0,,,,,,,,,,,,,,,,,,,,1.0,,,,,,,,,,,,1.0,,,,,1.0,,,,,,,,,,,1.0,,1.0,,,,,,,,,,,,,,,,,,,,,,,,,,,,,,,,,,,,,,,,,,,,,,,,,,,,,,,,,,,,,,,,,,,,,,,,,,
2360,,,,1.0,1.0,0.5,,,,,,,,,,,,,,,,,,,,,,,,,,,,,,,,,,,,,,,0.0,,,,,,,1.0,,,,1.0,,,,1.0,,,,,,,,1.0,1.0,,,,,,,,,,0.0,,0.0,,,,,,,1.0,,,,,,,,,,,,,,,,,,,,,,,,,,,,,,,,,,,,1.0,,,1.0,,1.0,,,,,1.0,,,,,,,,,,,,,,,,,,,,,,,,,,,,,,,,,,,,,,,,,,,,,,,,,,,,,,,,,,,,,,,
2444,,,,0.5,,,0.5,0.5,,,,,,,,,,,,0.5,,,,,,,,,,0.5,,,,,,,,1.0,,0.5,,,,,,,,,,,0.5,,,,,0.5,,,,,,,,,,,,1.0,0.5,,,,,,,,,0.5,,,,,,,,,,,,,,,,,,,,,,,,,,,0.5,,,,,,,,,,,,,,,,,,,,,,,,,,,,,1.0,,0.5,,,,,,,,,,,,,,,,,,,,,,,,,,,,,,,,,,,,,,,,,,,,,,,,,,,,,,,,,,,,,
2474,,,,1.0,,,0.0,1.0,,,0.0,,1.0,,,0.0,1.0,1.0,1.0,0.5,0.0,1.0,,,1.0,,,,,,,,,,0.0,0.0,,1.0,1.0,,0.5,1.0,,1.0,,,1.0,,0.0,,0.0,,,,,,,,,,,,,,1.0,,1.0,0.5,,,,,,,,,,1.0,1.0,,,,,,,,,,,,1.0,,0.5,,,,,,,,1.0,,,,,,1.0,,,0.5,,,,,,,,,,1.0,0.0,0.5,0.0,,,,,,0.5,,,,,,,,,1.0,,1.0,,,,,,,,,,,,,,,,,,,,,,,,,,,,,,,,,,,,,,,,,,,,,,,,,,,,,,,,,
2636,,,,1.0,1.0,,1.0,1.0,,,,,,,1.0,0.0,1.0,,,,,1.0,,,,,,,,0.0,,,,,,0.0,,0.0,,,,,,,,,1.0,,,,,,,1.0,,,,,,,,1.0,,,,1.0,,,,,,,,,,,,,,,,,,,1.0,,,,,,1.0,,,,1.0,,,,,,1.0,,,,1.0,,,,,,,,,,,,,,,,0.0,,0.0,,,,,,1.0,,,,,,,1.0,,0.0,,1.0,,,,,,,,,,,,,,,,,,,,,,,,,,,,,,,,,,,,,,,,,,,,,,,,,,,,,,,,,
2728,,,,1.0,,0.0,,1.0,,,,,,0.0,1.0,1.0,1.0,,,,,,,,,,,,,0.0,0.0,,0.0,,1.0,,,,,1.0,1.0,0.0,,,,,,,,,,1.0,,1.0,,1.0,,,,1.0,,,,,,,,,,1.0,,,,,,,,,0.0,,,,,,,,,,,,,,,,,,,,,,,,,,1.0,,,,,,,1.0,,,,,,,,,0.0,,,,,,1.0,,1.0,,,,,1.0,,,,,,1.0,,,,,,,,,,,,,,,,,,,,,,,,,,,,,,,,,,,,,,,,,,,,,,,,,,,,,,,,,
2756,,,,1.0,,1.0,0.0,1.0,,0.0,0.0,,,0.0,,,1.0,,,,0.0,,,,,,,,,,,,,,0.0,,,,1.0,,1.0,0.0,,,,,,,,,,0.0,,,,,,,,,,0.0,1.0,,,,1.0,1.0,,,,,,,,,,,,,0.0,,,,,,,1.0,,,,,,,0.0,,,,,,,,,,1.0,,,,,,,1.0,,,,,,,,1.0,,,,0.0,,,,,1.0,,,,,,,,,1.0,,1.0,,,,,,,,,,,,,,,,,,,,,,,,,,,,,,,,,,,,,,,,,,,,,,,,,,,,,,,,,
2812,,,,1.0,,,,,,,,,,,,,,,,0.5,,,,,,,,,,,,,,,,,,1.0,1.0,,,0.5,,,,,,,,,,,,,,,,,,,,,,,,,,,,,,,,,,,,,,,,,,,,,,,,,,,,,,,,,,,,,,,,,,,,,,,,,,,,,,,,,,,,,,,,,,,,,,,,,,1.0,,,,1.0,,1.0,,,,1.0,,,,,,,,,,,,,,,,,,,,,,,,,,,,,,,,,,,,,,,,,,,,,,,
2816,,,,1.0,,,,1.0,0.5,1.0,0.0,,0.5,,1.0,0.0,1.0,1.0,0.0,1.0,,1.0,,,,,,,,,0.0,,,,0.5,0.5,,1.0,,,,0.5,,0.0,0.5,,,,0.0,,0.0,1.0,,1.0,,0.5,,,,1.0,,0.5,,,,1.0,1.0,,1.0,1.0,,,,,,,,,,,1.0,,,,,,,,,,1.0,,,,0.5,,1.0,,,,1.0,,,,1.0,,,,,1.0,,1.0,,,,,,,,1.0,1.0,1.0,0.5,1.0,,,,,1.0,,,,,,,,,,,,,1.0,,1.0,1.0,,,,,,,,,,,,,,,,,,,,,,,,,,,,,,,,,,,,,,,,,,,,,,,,,,,,
2917,,,,1.0,,1.0,1.0,0.0,1.0,,,,,,1.0,,,1.0,,0.0,,0.0,,,,,,,,,0.0,,,,,0.0,,1.0,1.0,,,1.0,,1.0,,,,,,,,,,,,,,,,1.0,,,,1.0,,,,1.0,1.0,,,1.0,,,,,,,0.0,,,,,,1.0,,,,,,,,,,,,,,,,,,,,1.0,,,,,,,,,,,,,,,,,,,,,,,,1.0,,,,,,,,,1.0,,,,,,,,,,,,,,,,,,,,,,,,,,,,,,,,,,,,,,,,,,,,,,,,,,,,,,,,,,,
3023,,,,1.0,,,,,,,,,,,,,,1.0,,,,,,,,,,,,,,,,,0.5,,,,1.0,1.0,,,,,,,1.0,,,,,,,1.0,,,,,,,,1.0,,,0.0,,,,,,,1.0,1.0,,,,,,,,,,,,,,,,,,,,1.0,,,,,,,,0.0,,,,,,1.0,,,,,,,,,,,,,,,,,,,,,,1.0,,,,,,,,,,,,,0.0,,,,,,,,,,,,,,,,,,,,,,,,,,,,,,,,,,,,,,,,,,,,,,,,,,,,,,,
3076,,,,1.0,,,,1.0,1.0,1.0,0.5,,1.0,1.0,,0.5,1.0,1.0,1.0,,1.0,,,,,,,,,,,,1.0,,,0.0,,1.0,1.0,1.0,1.0,1.0,,0.5,,,,,1.0,,1.0,1.0,,1.0,,0.0,,,,,,1.0,1.0,,1.0,,,1.0,,,,0.0,0.5,,,,,1.0,0.0,,1.0,,,,1.0,,,1.0,,,,,,,,,,,,,1.0,,,,,,,,,,,,,,,,,,,,,,0.0,,,,1.0,,,,,,,,,,,1.0,,,1.0,,,1.0,,1.0,,,,,1.0,1.0,,,,,,,,,,,,,,,,,,,,,,,,,,,,,,,,,,,,,,,,,,,,,
3083,,,,1.0,,,,1.0,,1.0,,,1.0,,1.0,0.0,,,,,1.0,,,,,,,,,,,1.0,1.0,,0.0,,,,,,,,,,,,,,,,,,,,,,,,,1.0,,,,,,,,,1.0,,,1.0,,,,,,,0.0,,,,,,1.0,,,,,,,,,,,,,,,,,,,,0.5,,,,,,,,,,,,,,,,,,,,,,,,,,,,,,,1.0,,1.0,,1.0,,,,,,,,,,,,1.0,,,,,,,,,,,,,,,,,,,,,,,,,,,,,,,,,,,,,,,,,,,,,
3090,,,,1.0,0.0,,,,,1.0,,,1.0,,,1.0,,,0.0,,0.0,0.0,,,,,,,,,0.0,,0.0,,,0.0,,,,1.0,1.0,,,,0.0,,1.0,,,,1.0,,,,,,,,,,,,,,,,1.0,1.0,,1.0,,1.0,1.0,,,,,,,,0.0,,,,1.0,,,1.0,,,1.0,,,,,,1.0,,,,,,,,,,,,,,,1.0,,,,,,,,,0.0,,,1.0,,,1.0,,1.0,,,,,1.0,,,,1.0,,1.0,,0.0,,1.0,,,,,,,1.0,,,,,,,,,,,,,,,,,,,,,,,,,,,,,,,,,,,,,,,,,,,,,,
3172,,,,1.0,1.0,1.0,0.0,,,,0.5,,,0.0,,,,,1.0,0.5,,0.0,,,,,,,,,,0.0,,,,,,,,0.5,,1.0,,,0.0,,,,0.0,,1.0,0.0,,1.0,,,,,,1.0,,0.5,1.0,,1.0,,,,,,,,,,,,,1.0,,,,,,,1.0,,,1.0,,,,,,,,,0.0,,,,1.0,,,,1.0,,1.0,,,,,,,,,,,,,,,,,0.0,,,,,,,,,,1.0,,,,,,,,,,,,0.5,,,,,,0.5,,,,,,,,1.0,,1.0,0.5,,,,,,,,0.5,,,,,,,,,,,,,,,,,,,,,,,,,,
3228,,,,1.0,1.0,,,1.0,,,,,,1.0,,,,1.0,,,,1.0,,,,,,,,,0.0,0.5,0.5,,,,,,0.0,,,,,,,,,,,,,,,,,0.0,,,,,,,,,,1.0,0.5,,1.0,,,,0.5,,,,,,,,0.5,,,,,,,,,,0.5,,,,,,,,,,1.0,,,,0.5,,,,,,,,,,,,,,,,,,,,,,,,0.0,,,,,1.0,,,,,,,1.0,,,,1.0,,,,,,,0.5,,,0.5,,,,,,,,,,,,,,,,,,,,,,,,,,,,,,,,,,,,,,,,,,
3253,,,,1.0,1.0,1.0,,,,,,,,0.0,,1.0,,,,,,,,,1.0,,,,,,,,1.0,,1.0,1.0,,,,,1.0,,,,,,0.0,,,,,,,,,,,,,,,1.0,1.0,,,,,,,,,,,,,,,,,,,,,,0.5,,,,,,,,,,,,,,,,,,,,1.0,,,,,,,,,,,,,,,,,0.5,,,,,1.0,,,,,,,,,,,,,,,,,,,,,,,,,,,,0.5,,,,,,,,,,,,,,,,,,,,,,,,,,,,,,,,,,,,,,,,,,
3341,,,,0.0,,,,,,,,,0.0,,,,,,,,,,,,,,,,,,,,,,,,,,,,,,,,,,,,,,,,,,,,,,,,,,,,,,,,,,,,,,,,,,,,,,,,,,,,,,,,,,,,,,,,,,,,,,,,,,,,,,,,,,,,,,,,,,,,,,,,,,,,,,,,,,,,,,,,,,,,,,,,,,,,,,,,,,,,,,,,,,,,,,,,,,,,,,,,,,,,,,,,
3382,,,,1.0,1.0,1.0,0.0,1.0,,0.0,1.0,,,,1.0,0.0,1.0,,0.0,0.0,0.0,,,,0.0,,,,,1.0,,0.0,,,,0.0,,,1.0,,,,,,0.5,,1.0,,,,1.0,,,,,0.0,,,,1.0,,,1.0,1.0,,,,1.0,1.0,,,1.0,,,,,,,0.0,,,,,,1.0,,,1.0,,,,,1.0,,1.0,,,,,,1.0,,,,,,1.0,,,,,,,,,,,,,,1.0,,,,,,1.0,,1.0,,,,,,,,,1.0,,1.0,1.0,1.0,,1.0,,,,,,,,,,1.0,1.0,,,1.0,,1.0,1.0,1.0,1.0,,0.0,,,,,,,1.0,1.0,0.0,,,,,,,,,,,,,,,,,,,,,,,
3412,,,,1.0,1.0,,1.0,,1.0,,,,,,0.5,,,,,1.0,,,,,,,,,,,0.0,,,,,,,,,,,,,1.0,,,,,,,0.0,,,,,,,,,1.0,,,,1.0,,,,,,,,,,,,,,,0.0,,,,,,,,,,,,,,1.0,,,,,,,,,,,,1.0,,,,,,,,,,,,,,,,,,,,,,,,,,,,,,,,,0.5,,,,,,,,,,,,,,,,1.0,,,,,,,,,,,,,,,,,,,,,,,,,,,,,,,,,,,,,,,,,,,
3462,,,,1.0,,,,1.0,,,,,0.0,0.0,1.0,,,0.5,,,0.0,,,,1.0,,,,,,0.0,,,,,,,,,1.0,1.0,,,,0.0,,,,0.0,,0.0,,,,,,,,,,,,1.0,,,,1.0,,1.0,,,1.0,,,,,,,,,0.0,,,,,,,,,,1.0,,,,0.0,,,,,,,,,,,,1.0,,,,,,,,,,,,,1.0,,,,,,,,,,,,,,1.0,,1.0,,1.0,,,,1.0,,1.0,,1.0,,,,,,,,1.0,0.0,,,1.0,,0.0,0.0,0.5,,,0.0,,,,,,,,,,,,,,,,,,,,,,,,,,,,,,,,
3463,,,,1.0,,,,,0.5,,0.5,,,,,0.5,1.0,0.5,,1.0,,1.0,,,,,,,,,0.0,1.0,,,,,,,,,,1.0,,0.5,,,1.0,,0.0,,0.0,,,,,,,,,1.0,,1.0,,,,,0.5,,,1.0,,,,,,,,,,,1.0,,,,,,,,,,,,,,,,,,,,,,,,,,,,,,,,,,,,,,,1.0,,0.5,1.0,,,,0.0,,,,,,,,,,,,,,,,,,,1.0,,,,,1.0,,,,,,,1.0,,,0.0,,0.5,,0.5,,,,,,,,,,,,,,,,,,,,,,,,,,,,,,,,
3577,,,,1.0,1.0,0.5,0.0,,1.0,1.0,0.0,,0.0,0.5,,,,,,,,,,,,,,,,,0.0,,1.0,,,,,,,,,,,0.0,,,,,,,,1.0,,,,0.0,,,,,,,,,1.0,,,,,1.0,,,1.0,,,,,,,,1.0,,,,,,,,,,,,1.0,,,,,,,,,,,,,,0.0,,,,,,,,,,,,,1.0,,,0.0,,,,1.0,,1.0,,,,,,,,,1.0,,,1.0,,,,,,,,,,,,,1.0,,,,,,,0.5,,,,,,,,,,,,,,,,,,,,,,,,,,,,,,,,,,,,
3682,,,,1.0,1.0,,,,1.0,,,,,1.0,,,1.0,1.0,1.0,1.0,1.0,,,,,,,,,1.0,0.0,,,,1.0,,,1.0,,1.0,,1.0,,,1.0,,,,0.0,,,,,1.0,,,,,,,,,1.0,,,,,1.0,1.0,,,,,,,,,,,,0.0,,,,1.0,,,1.0,,,1.0,,,,,,1.0,,,,,,,,,,,,,,,,,,,,,,,,,,1.0,,,,,,0.5,,,,,1.0,,1.0,,,,1.0,,,,,1.0,1.0,,,,,,,,1.0,,,0.0,,,,,,0.5,,,,,,,,,,,,,,,,,,,,,,,,,,,,,,,,,,
3696,,,,1.0,0.0,,1.0,,1.0,,1.0,,,,0.0,,,,,,1.0,1.0,,,1.0,,,,,1.0,,1.0,,,,1.0,,1.0,,0.0,0.0,1.0,,,1.0,,,,1.0,,1.0,1.0,,0.0,,,,,,1.0,,1.0,,,,,,0.0,,0.0,,,0.0,,,,,1.0,1.0,,1.0,,,,0.0,,,,,,,,,,,,1.0,,,,,,,,1.0,,1.0,,,0.0,,0.0,,,,,,,,0.0,1.0,0.0,1.0,,,,,,,,,,,,,,,1.0,,0.0,1.0,,,0.0,0.0,,,,,,,,,,,,0.0,,,,,,1.0,,1.0,,,,,0.0,,,,,,,,,,,,,,,,,,,,,,,,,,,
3728,,,,1.0,1.0,0.5,1.0,,,,,,,1.0,1.0,1.0,,,,,,1.0,,,,,,,,,0.0,,1.0,,1.0,,,,,,1.0,,,0.0,,,,,,,0.0,,,,,,,,,1.0,,,,,1.0,1.0,,1.0,,,,,0.5,,,,,,,,0.5,,,,,,,,,,,,,,,,1.0,,,,,,,,,,1.0,,,1.0,,,,,,,,,,1.0,,0.5,,,,,,,1.0,,,,,,,,,1.0,,,1.0,,,1.0,1.0,1.0,,,,,,,,1.0,,,,1.0,,,,,0.5,,,1.0,,,,,,,,,,,,,,,,,,,,,,,,,,,,,,,
3740,,,,0.0,,,,,1.0,,,,,,1.0,0.0,,,,,,,,,1.0,,,,,,,,,,,,,1.0,,,1.0,,,,1.0,,1.0,,,,,1.0,,,,,,,,1.0,,,,1.0,,,0.5,,1.0,,,,1.0,,,,,1.0,1.0,,0.5,,,,0.0,,,,,,0.0,,0.0,,,,,,,,,,,,,,0.0,,,,,,,,,,,,,,,0.0,,,,,,,,,,,,1.0,,,,,,,0.0,,,,,1.0,,,,,,1.0,,1.0,,,,,,,0.0,0.0,,,1.0,,,,,,,,,,,,,,,,,,,,,,,,,,,,,,,,
3890,,,,1.0,,,0.0,,,,,,,,,,1.0,,0.0,,,,,,0.0,,,,,,,0.0,,,,1.0,,,,,1.0,,,,,,1.0,,,,1.0,,,,,,,,,,,,,1.0,1.0,,,,,,,,0.0,,,,,0.0,,,,,,,1.0,,,,,,,,,,,,,,,,1.0,,,,,,,,,,,,,,,,,,,,,1.0,,,,,1.0,,,,,,,,,,,,,1.0,,1.0,,1.0,0.5,,,,,,1.0,1.0,,,,,,1.0,,1.0,1.0,,0.5,,,,,,,,,,,,,,,,,,,,,,,,,,,,,,,,,,
3908,,,,1.0,,,,,,,,,,,,,,,,,,,,,,,,,,,,,,,,,,,,,,,,,,,,,,,,,,,,,,,,,,,,,,,,,,,,,,,,,,,,,,,,,,,,,,,,,,,,,,,,,,,,,,,,,,,,,,,,,,,,,,,,0.0,,,,,,,,,,,,1.0,,,,,,,,,,,,,,,,,,,,,,,,0.0,,,,,,,,,,,,,,,,,,,,,,,,,,,,,,,,,,,,,
3914,,,,1.0,1.0,0.5,,1.0,1.0,,,,1.0,0.0,0.5,0.5,1.0,,0.0,,,,,,0.5,,,,,0.0,,0.0,0.5,,,0.5,,,0.5,,1.0,1.0,,0.0,,,,,,,0.5,,,1.0,,1.0,,,,1.0,,,1.0,1.0,,,1.0,1.0,1.0,1.0,,1.0,,,,,,,,,0.5,,,,1.0,,,1.0,,,1.0,,1.0,,,,1.0,,,,0.5,,,,,,0.0,,,,,1.0,,,,,,,,,0.0,,,,,,1.0,,1.0,,,,,1.0,,,,0.5,,1.0,,1.0,,1.0,1.0,0.5,,,,,1.0,1.0,,1.0,0.5,,1.0,1.0,,1.0,,1.0,,,0.0,,,,,1.0,,0.5,,1.0,0.5,,,,,,,,,,,,,,,,,,,,,,
4081,,,,1.0,,1.0,,,1.0,,,,,,,0.0,,0.5,,,,,,,,,,,,,,,,,,,,,,,,,,,,,,,,,,,,,,,,,,1.0,,,,,,,0.5,,,,,,,,,,,,,,,,,,,,,,,,,,,,,,,,,,,,,,,,,,,,,,,,,,,,,,,1.0,,,,,,,,,,,,,,,,,,1.0,,,,,1.0,,,,,,1.0,,,,,,,,,,1.0,1.0,,,,,,,,,,1.0,,,1.0,,,,,,,,,,,,,,,,,,,,,,
4084,,,,1.0,1.0,,,1.0,,,,,,0.0,,,,,,0.0,,,,,,,,,,,,,,,,0.0,,,,,1.0,1.0,,,,,1.0,,,,,,,,,0.0,,,,,,,,1.0,,,,1.0,,,,,,,,,,,,,,,,,,,,,,,1.0,,,,,,1.0,,,,,,,,,,,,,1.0,,1.0,,,,,,,,,,,,,,,,,,,,,,,,,,,,,0.0,,,,1.0,,,,,,,,,,,,,,,1.0,,,,,,,,,,1.0,,,,,,,,,,1.0,,,,,,,,,,,,,,,,,
4095,,,,1.0,,0.0,0.0,,1.0,,,,0.0,,,,,0.0,,0.0,,0.0,,,,,,,,0.0,0.0,,1.0,,,,,1.0,1.0,,,,,,0.0,,1.0,,,,,,,,,,,,,1.0,,1.0,1.0,,,1.0,1.0,1.0,,1.0,,0.0,1.0,,,,,,1.0,,,,,,,,,,,,,,,,,,1.0,,,,1.0,,,,1.0,,,,,,,1.0,,,,,,,,,1.0,1.0,,,,,,,1.0,,,,,,,,,,,,,,,,1.0,1.0,,,,,,,,,,,0.0,,,1.0,,1.0,,,1.0,,,,,1.0,,,1.0,,,,,,,,,,,,,,,,,,,,,,,,
4136,,,,1.0,,,,0.5,,0.5,,,,,,0.5,,,,0.0,,0.5,,,,,,,,0.0,,,,,,0.5,,,,,,0.5,,,,,,,,,,,,,,,,,,,,,,,0.5,,,,,1.0,,,1.0,,,,,0.0,,,,,,,,,,,,,,,,,,,,,,,,,,,,,1.0,,,,,,,,,,,,,,0.0,,,,,,,,1.0,,,,,1.0,,,,,,,,,,,,1.0,,,,,,,,,,,0.5,,,,0.0,1.0,,,,0.0,,,,,0.5,,,,,,,,,,,,,,,,,,,,,,,,,,
4140,,,,0.5,,1.0,,1.0,,,0.5,,,,,,,,1.0,,1.0,,,,,,,,,,,,,,,,,0.0,0.0,1.0,,1.0,,,,,,,,,,1.0,,,,,,,,0.5,,0.0,,,,,,1.0,,0.0,,,,,,,,1.0,1.0,,0.5,,,,,,,,,,,,1.0,,,,,,,,,,,,,,,,,,,,,,,,,,,,,0.0,,,,,1.0,,0.5,,,,,1.0,,1.0,,,,1.0,1.0,,,1.0,,1.0,,,,,,0.0,,1.0,,,1.0,1.0,,,,1.0,,,1.0,1.0,,,,1.0,,0.0,1.0,0.0,1.0,,,,,,,,,,,,,,,,,,,,,,
4143,,,,1.0,,0.5,,1.0,,0.5,,,,,,,,,,,0.5,,,,,,,,,,,,0.5,,,,,0.5,1.0,1.0,,,,,,,,,,,,,,,,,,,,,,,,,,1.0,,,,,,,,,,,,1.0,,,,,,,,,,,,,,,,,,,,,,,,,,,,,1.0,,,,,1.0,,,,,,,,1.0,,,,,,,1.0,,,,,,,,,,,,,,1.0,,,,1.0,,,,,,,,,1.0,,,,,,,1.0,,,,,,,,,,,,,,,,,,,,,,,,,,,,,,,,,,,,
4162,,,,1.0,,,,,,,,,,,,,,,,,,,,,,,,,,,,,,,,,,,,,,,,,,,,,,,,,,,,,,,,,,,,,,,,,,,,1.0,,,,,,,,,,,,,,,,,,,,,,,0.5,,,,,,,,,,,,,,,,,,,,,,,,,,,,,,,,,,,,,,,,,,,,,,,,,0.5,,,,,,,,0.5,,,,,,,,,,,,,,,,,,,,,,,,,,,,,,,,,,,,,,,,,,,,,
4173,,,,0.0,,,,,,,,,,,,,,,,,,,,,,,,,,,,,,,,,,,,,1.0,,,,,,,,,,,,,,,,,,,,,,,,,,,,,,,,,,,,,1.0,,,,,,,,,,,,,,,0.0,,,,,,,,,,,,,,,,,,,,,,,,,,,,,,1.0,,,,,,,,,,,,,,,,,,,,,,,,,,,,,,,,,,,,,,,1.0,,,,,,,,,,,,,,,,,,,,,,,,,,,,,,,,,,,
4178,,,,1.0,,,,,,,,,,0.0,,,,1.0,,,,,,,,,,,,0.0,,,0.0,,,,,,,,,1.0,,,0.0,,,,,,,,,,,,,,,,,,,,,,,,,,,,,,,,,,,,,,,,,,,,,,,,,,,,,,,,,,,,,,,,,,,,,,,,,,,1.0,,,,,,,,,,,,,,1.0,,,,,,,,,,,,,,,,,,1.0,,1.0,,,,1.0,,,,,,,,,,,,,,,,,,,,,,,,,,,,,,,,,,,,,,,
4179,,,,1.0,1.0,,,,1.0,,0.0,,,,,0.0,,,,,,,,,,,,,,0.0,,1.0,1.0,,,1.0,,0.0,,0.5,,,,,,,1.0,,1.0,,1.0,,,,,,,,,,,,,,,,,,,,,,,,,,,,,,,,,,0.0,,,,,,1.0,,,,1.0,,,,,,,,,,,,,,,,,,,,,,,,,,,,1.0,,,,1.0,,,,,,,,,0.0,,,,,,,,,1.0,,,,,,1.0,,,0.5,,,,,,,,,0.5,,,,,,,,,,1.0,,1.0,,,,,,,,,,,,,,,,,,,,,,
4182,,,,1.0,1.0,1.0,1.0,,,,,,,,1.0,,,,,1.0,,1.0,,,,,,,,,,,1.0,,1.0,1.0,,,,,,,,0.5,,,,,,,,,,,,,,,,,,,,,,,,,,,,,,,,,,,,,1.0,,,,,,,,,,,,0.0,,,,,,,,,,,,1.0,,,,,,,,,,,,,,,1.0,0.0,1.0,,1.0,,,1.0,,,,,,,,,,,,,1.0,,1.0,,,,,,,,,,,,1.0,,,,,,,,,,,,1.0,,,,,,,,,,,,,,,,,,,,,,,,,,,,,,,
4194,,,,1.0,1.0,,0.5,1.0,,,0.0,,0.5,,,0.0,1.0,0.5,,,,,,,1.0,,,,,,,0.5,,,,,,0.5,0.5,0.5,,,,,,,0.5,,,,0.5,,,0.5,,,,,,,,,0.5,,1.0,,0.5,,,0.5,,,0.5,,,,,1.0,1.0,,,,,,,,,,,,,,,,1.0,,,,,,,,,,,,0.5,,,,,,,,,,,,,,,,,,,,1.0,,0.5,,,,,,,,,0.5,,,,1.0,,,0.0,,,,,,,,,1.0,,,0.5,,,,,,,,,,,,,,,,1.0,,,,,,,,,,,,,,,,,,,,,,,,
4201,,,,1.0,,,,1.0,,,,,,,,,,,,,,,,,1.0,,,,,,,,,,,,,,,,,,,,,,,,,,,,,,,,,,,,,1.0,,,,1.0,,,,,,,,,,,,,,,,,,,,,,,,,,,,,,,,,,,,,,,,,,,,,,,,,,,,,,1.0,,,,,,,,,,,,,,,,,,,,,,,,,1.0,,,,,,1.0,1.0,,,,,,,,,,,1.0,,,,,,,,,1.0,,,,,,,,,,,,,,,,,,,,,,,,,
4213,,,,0.5,,,0.0,,,0.5,0.5,,1.0,,,,0.5,,,,,,,,0.0,,,,,,,,0.0,,0.5,,,1.0,,,,,,,0.0,,,,0.5,,,,,,,0.5,,,,0.5,,,,,,,,1.0,1.0,,,,0.5,,,,,0.0,,,,,,,,,,0.5,,,0.5,,0.5,,,,,,,,,,,,0.5,,,,,,,0.5,,,,,,,,1.0,0.5,,,,,,0.5,,,,,,,0.5,,0.5,,,,0.5,,0.5,,,1.0,,,,,,,,,,0.5,,1.0,0.5,,0.5,,0.5,,,0.0,,,,,,,,,,,,,,,,,,,,,,,,,,,,,,,,
4222,,,,0.5,,,,0.5,1.0,,,,,0.5,,0.5,,,,,,,,,,,,,,0.5,,,,,,,,,0.5,0.5,1.0,1.0,,,0.5,,,,1.0,,,1.0,,1.0,,,,,,,,1.0,,,1.0,,,,,,,,0.5,,,,,1.0,,,,,,,,,,,,,,,,,,,1.0,,,,,,,,,,,,,,,,,,,,,,,,,1.0,,,,,,,,,,,,1.0,,,,,,,,1.0,,,,,,,,,,,,0.5,,,,,,,0.5,,,,,,,,,,,,,,,,,,,,,,,,,,,,,,,,,,,,
4226,,,,1.0,,,,,1.0,1.0,0.0,,,0.0,1.0,,,,0.0,0.0,,,,,,,,,,1.0,,,,,,,,,,,1.0,,,,,,1.0,,0.0,,,,,,,,,,,,,,,1.0,,,,,1.0,,,,,,,,,,,,,,,,,,,,,,,,,,1.0,,,,,,,,,,,,,,,1.0,,,,,,,,,,,,,,,,,,,1.0,,,,,,,,,,,,,,,,,,,,,,1.0,1.0,,,,,,,,,1.0,0.0,,,,,,,,,,,,,,,,,,,,,,,,,,,,,,,,,,,
4233,,,,1.0,1.0,0.5,,1.0,1.0,1.0,0.5,,,,,0.5,1.0,,0.5,,0.5,,,,1.0,,,,,,,,,,,,,1.0,,0.5,,0.5,,,,,,,0.5,,,,,1.0,,0.5,,,,,,,1.0,,1.0,1.0,,0.5,,,,0.5,,,,,,1.0,,,0.5,,,,,,,1.0,,,,,,,,,1.0,,,,,,,,1.0,,,,,,,,,,,,,,,,,,,,,,,,,,,,,1.0,,,,,,1.0,1.0,1.0,,1.0,1.0,1.0,,,,,,0.5,,,,,,1.0,,0.5,,0.5,,,,0.5,,,,1.0,0.5,1.0,1.0,0.5,,,,,,,,,,,,,,,,,,,,,,,
4234,,,,1.0,,1.0,1.0,1.0,,,,,,,0.5,0.0,,,,,,0.5,,,0.5,,,,,0.0,,,,,1.0,1.0,,,,,,,,,,,1.0,,,,0.0,,,,,,,,,,,,,,1.0,,1.0,1.0,,1.0,,,1.0,,,,,,,,,,,,,,,1.0,,,,,,,,,,,,,,,,,,,1.0,,,,,1.0,,,,,,,,,,,,,,,1.0,,1.0,,,,,,,,,1.0,,,,1.0,,,,,,,,,,1.0,,,,,0.0,1.0,,1.0,0.0,1.0,,,,,,,,1.0,0.0,,1.0,1.0,,,,,,,,,,,,,,,,,,,,,,,
4266,,,,0.0,,,1.0,,1.0,1.0,0.0,,0.0,,,,,,,,1.0,,,,,,,,,1.0,,,,,1.0,,,,,,,,,,,,,,1.0,,,,,,,,,,,0.5,,,,,,1.0,,,0.0,,,0.0,,,,,,,,,1.0,,,,0.0,,,,,,,,,,,,0.0,,,,,,,,,,,,,0.0,,0.5,,,,,,,,,0.5,0.0,,,,,,,0.0,,,,,,,0.0,,,,1.0,,,,,,0.5,,,,,,0.5,,,,,0.0,,,0.0,1.0,,,,,1.0,,,,,,,,0.0,,,,,,,,,,,,,,,,,,,,,,,
4274,,,,1.0,,,,,1.0,,,,1.0,,,,,1.0,,,1.0,,,,0.5,,,,,,,,1.0,,,,,,,,,,,0.5,,,1.0,,,,1.0,,,,,,,,,,,,,,1.0,,,1.0,,,,0.0,,,,,,,,,,,,,,,,,,,0.5,,,,1.0,,,,,,,,,,,,,,,,,,,,,,,,,,,,,,,,,,,,,,,1.0,,,,,,1.0,1.0,,,,,,,,,,,,,,1.0,,,,,,,,,,0.0,,,,,,,,,,,,,,,,,,,,,,,,,,,,,,,,
4307,,,,0.0,0.5,,,,,,,,,,,,,,1.0,,,,,,,,,,,,,,1.0,,,1.0,,,,,,,,,,,,,,,,,,,,,,,,,,,,,,,,,,,,0.5,,,,,,,,,,,,,,,,,,,,,0.0,,,,,,,,,,,,,,,,,,,,,,,,,,,,,,,,,,,,,,,,,,,,,,,,,,,,,,,,,,,,,1.0,,,,,,,,,,,0.5,0.5,,,,,,,,,,,,,,,,,,,,,,,,,,,,,,,
4313,,,,1.0,,,,,,,,,,,,,,,,,,,,,,,,,,,,,,,,,,,,,,,,,,,1.0,,0.5,,,,,,,,,,,,,,1.0,,1.0,,,,,,,,,,,,,,,,,,,,,,,,,,,,0.5,,,,,,,,,,,,,,,,,,,,,,,,,,,,,,,,,,,,0.0,,,,,,,,,0.5,,,,,,,,1.0,,,,,,,,,,,,,,,,,,,,,,,,,,,,,,,,,,,,,,,,,,,,,,,,,,,
4331,,,,1.0,,,0.0,1.0,,1.0,,,1.0,,1.0,,,,0.0,,0.0,1.0,,,1.0,,,,,0.0,0.0,1.0,,,1.0,,,0.0,1.0,1.0,,,,,,,1.0,,,,1.0,,,1.0,,1.0,,,,,,,1.0,1.0,1.0,,,,1.0,,,,,,,,,,1.0,,0.5,,,,1.0,,,1.0,,,1.0,,0.5,,,,1.0,,,,,,,,,,,,,1.0,,,,,,,,,,,,1.0,,1.0,,,,,,,,,,1.0,,1.0,,,,,1.0,,,,,0.0,,,,,1.0,,,1.0,0.0,,0.0,,,1.0,,1.0,0.5,,0.0,,,,,,,0.0,,,,,,,,,,,,,,,,,,,,,,,,,
4333,,,,1.0,1.0,0.0,1.0,1.0,,,,,1.0,0.0,,0.5,,1.0,,,0.0,1.0,,,,,,,,,0.0,1.0,,,,,,,1.0,,1.0,0.0,,,,,1.0,,,,,,,,,1.0,,,,0.0,,,,,,,0.0,0.0,1.0,,,1.0,,,,,,,1.0,,0.5,,,,,,,,,,,,,,1.0,,,,,,1.0,,,,,,0.0,,,1.0,,,,,,,,,,1.0,,1.0,,1.0,,,1.0,,,,,,,1.0,,,,1.0,,1.0,,1.0,,1.0,1.0,1.0,,,,,,,,,,,,,,1.0,,1.0,0.5,,,1.0,,,,,0.5,,1.0,1.0,0.0,,,,,,,,,,,,,,,,,,,,,,
4342,,,,1.0,,,,,,,,,,,,0.5,,1.0,,1.0,,,,,,,,,,,,,,,,,,,,,,,,,,,,,,,,,,0.0,,,,,,0.0,,,,,,,,,,,,,,,,,,,,,1.0,,,,,,,,,,,,,,,,,,,,,,,,1.0,,,,,,,,,,,,,,,,,,1.0,,,,,,,,,,,,,,,,,,,,,1.0,,,,,,,1.0,,,,,,,,,,1.0,,,,,,,,,,,,,,,,,,,,,,,,,,,,,,,,,,,,
4359,,,,1.0,,,,,,,0.5,,,,1.0,,1.0,,1.0,1.0,0.0,,,,,,,,,,,0.0,,,,,,,,1.0,1.0,,,,,,,,,,,1.0,,,,,,,,0.0,,,,1.0,,,,,,,,1.0,,,,,,,,,,,,,1.0,,,,,,,,,,,,,,,,1.0,,,,,,1.0,,,,,,,,,,,,,1.0,,,,,,,,,1.0,,,,,1.0,,,,,,,,,,,,,,,,,,,,,,,,,,,,,0.5,,,,,,,,,,,0.0,0.5,,,,,,,,,,,,,,,,,,,,,,
4371,,,,0.5,,0.5,,0.5,0.5,0.5,,,,,0.5,0.5,0.5,0.5,,0.5,0.5,,,,0.5,,,,,,0.5,0.5,0.5,,0.5,0.5,,0.5,0.5,0.5,,0.5,,0.5,,,0.5,,0.5,,0.5,0.5,,,,,,,,0.5,,,0.5,0.5,,0.5,,0.5,,0.5,,0.5,0.5,,,,,,0.5,,0.5,,,,0.5,,,,,,0.5,,,,0.5,,0.5,,,,0.5,,,,,,0.5,,,0.5,,0.5,,,,,,,,,0.5,,,0.5,,,,,,,,,,0.5,,0.5,,,,0.5,0.5,,,0.5,,0.5,,,,,0.5,,,0.5,,,0.5,0.5,,,0.5,,,,0.5,0.5,,,,,0.5,0.5,0.5,,0.5,,,,,,,,,,,,,,,,,,,,,,
4403,,,,1.0,,,,,,,,,,,,0.5,,,,,,,,,,,,,,,,,,,,,,,,,,,,,,,,,,,,,,,,,,,,,,,,,,1.0,,,,,,,,,,,,,,,,,,,,,,1.0,,,,,,,,,,,,,,,,,,,1.0,,,,,,,,,,,,,1.0,,,,,,,0.0,,,,,,,1.0,,,,,,,,,,,1.0,,,,,,1.0,,,,,,,,,,0.0,,,,,,,,,,,,,,,,,,,,,,,,,,,,,,,,,,,,
4414,,,,1.0,0.0,1.0,,1.0,,,,,,,,,,0.0,,1.0,0.5,1.0,,,,,,,,0.5,,1.0,1.0,,,1.0,,1.0,0.0,,,,,,0.0,,,,,,0.0,,,,,1.0,,,,1.0,,,,,,,,,1.0,,,,,,,,,1.0,0.0,,,,,,1.0,,,,,,0.5,,,,1.0,,,,,,0.5,,,,1.0,,,,,,,,,,,,,,,1.0,0.0,0.5,,,,,0.0,,,,,,,1.0,,1.0,,,,1.0,1.0,1.0,,,,1.0,,,,,1.0,1.0,,,,,,1.0,,,1.0,,0.5,,,,,,,0.5,,,0.5,0.0,0.0,,,,,,,,,,,,,,,,,,,,,,
4429,,,,1.0,,1.0,1.0,,1.0,,0.5,,0.0,,1.0,,,,1.0,1.0,,1.0,,,1.0,,,,,1.0,,1.0,,,1.0,,,,,0.0,1.0,,,,,,,,,,,1.0,,,,,,,,,,,,,,,,,,,,,,,,,,,,,1.0,,,,0.0,,,,,,0.5,,0.0,,,,0.5,,,,,,,,,,0.0,,,,,1.0,,,,,,,,,,0.0,,0.0,,,,,,,,,,0.0,,0.0,,0.5,,,0.0,,,,,0.0,,,,,0.0,,,,0.0,,,,,0.0,,0.0,1.0,,1.0,,,,,,,0.0,0.0,1.0,,,,,,,,,,,,,,,,,,,,,,,
4441,,,,1.0,1.0,,,,1.0,,,,,,,,1.0,,,,1.0,,,,,,,,,,,1.0,,,,,,1.0,,,,,,,,,,,,,,,,,,,,,,1.0,,,,,,,,,1.0,1.0,,0.5,,,,,,,,,,,,,,,,,,,1.0,,,,,,,,,,,,,,,,,,,,,,,,,,,,,,,,,,,,,,0.5,,,,,,,,,,,,0.5,,,1.0,,,,,,,,,,,1.0,,0.0,,,1.0,,,0.5,,,,,,,,,,,,,,,,,,,,,,,,,,,,,,,,,1.0,
4448,,,,1.0,,,,,1.0,,,,,,0.5,,1.0,,,,,,,,,,,,,,,,,,,,,,,1.0,,,,,,,,,,,,,,,,0.5,,,,,,0.5,,,,,,,0.5,,,0.0,,,,,,,,,,,,,,,,,,,,,,,,,,,,,,,,,,,,,,,,,,,,,,,,1.0,,,,,,,,,,,,,,,,,,1.0,,,,,,,,,,,,,,,,,,,0.0,,,,,1.0,,,,,,,,,,,,,,,,,,,,,,,,,,,,,,,,,,,
4465,,,,1.0,,,,,,,1.0,,,,,,,1.0,,,,,,,,,,,,1.0,,1.0,,,,,,,,,,,,,,,,,1.0,,,,,,,,,,,,,,,1.0,,,,,,,,,,,,,,,,,1.0,,,,,,,,,,,,,,,,,,,,,,,,,,,,,,,,,,,,,,,1.0,0.5,,,,,,,,,,,,,,,,,,,,,1.0,,,,,,,,,,,,,,,0.0,1.0,,,,,,,,,,,,,,,,,0.0,,,,,,,,,,,,,,,,,,,,,,
4477,,,,1.0,0.5,,,,1.0,,,,0.0,0.5,,,,,,,0.5,,,,,,,,,0.5,,,1.0,,,0.5,,,0.0,,,,,,,,,,,,,,,,,,,,,,,,,,,,,,,0.0,,,,,,,,,,,1.0,,,,,,,,,,1.0,,,,,,,,,,,,,,,,,,,,,,,,,,,,,1.0,0.0,,,,,,,,,,,,,,,,,,,,,,,0.0,,,,,,,,,,,,,,,,,,0.0,,,,,,,,,,,,,,,,,,,,,,,,,,,,,,,,,,,
4490,,,,0.0,,1.0,1.0,,1.0,1.0,,,,,,,,,1.0,1.0,1.0,,,,,,,,,,,,,,1.0,1.0,,,,,,1.0,,,1.0,,,,1.0,,,,,,,1.0,,,,0.5,,1.0,1.0,,,,,,,,,,,,,,,,1.0,,,,,,1.0,,,,,,,,,,1.0,,,,,,,,,,,,0.0,,,,,,,,,,,,,,1.0,,,1.0,,,,,,,,,,,,,,,,1.0,0.0,1.0,,1.0,,1.0,,,,,,,,,1.0,,,1.0,,,,,,,,,,,,,,,,0.0,1.0,,,,,,,,,,,,,,,,,,,,,,
4493,,,,1.0,,1.0,,,,1.0,,,,1.0,1.0,1.0,,,,,,,,,,,,,,,,,,,,,,,,,,,,,,,,,1.0,,,,,,,,,,,,,,,,,,,,,,,0.0,,,,,,,,,,,,,,,,,,,,,1.0,,,,,,,,,,,,1.0,,,,,1.0,,,,,,,,,,,,,,,,,,,,,,,,,,1.0,,,,0.0,,1.0,,,,1.0,,,,,,,,1.0,,,,,,1.0,1.0,,,,,,,,,,,0.0,,,,,,,,,,,,,,,,,,,,,,,,,
4528,,,,1.0,0.0,1.0,,1.0,1.0,1.0,0.0,,,0.0,1.0,0.0,1.0,0.5,,1.0,,,,,1.0,,,,,1.0,,,1.0,,,1.0,,1.0,0.5,0.0,1.0,1.0,,1.0,1.0,,1.0,,,,,,,0.0,,1.0,,,,1.0,,,,1.0,1.0,,0.5,0.5,1.0,0.5,,,1.0,,,,,1.0,0.5,,1.0,,,,,,,,,,1.0,,0.5,,,,1.0,,,,1.0,,,,1.0,,0.0,,,1.0,,1.0,,,,,,,,1.0,0.5,,1.0,1.0,,,1.0,,0.5,,,,,1.0,,1.0,,1.0,,1.0,,,,1.0,1.0,1.0,,,,,1.0,1.0,,1.0,1.0,,0.0,1.0,,,1.0,1.0,0.5,,1.0,1.0,,,,1.0,1.0,1.0,1.0,,1.0,,,,,,,,,,,,,,,,,,,,,,
4544,,,,1.0,,,,,,,,,,,1.0,,1.0,,,,,,,,0.5,,,,,,,,,,,,,,,,,,,,,,,,,,,,,,,,,,,,,,,,,,,,,,,,,,,,,,,,,,,,,,,1.0,,,,,,,,,,,,,,,,,,,,,,,,,,,,,,,,,,,,,,,,,,,,,,,,,,,,,1.0,,,,,,,,,,,,,,,,,,,,,,,,,,,,,,,,,,,,,,,,,,,,,,,,,,,,,,,,
4548,,,,1.0,,,,,,,,,,,,,,,,,,,,,,,,,,,,,,,,,,,,,,,,0.5,,,,,,,,,,,,,,,,,,,,,,,,,,,,,,,,,,,,,,,,,,,,,,,,,,,,,,,,,,,,,,,,,,,,,,,,,,,,,,,,,,,,,,,,,,,,,,,,,,,,,,,,,,,,,,,,,,,,,,,,,,,,,,,,,,,,,,,,,,,,,,,,,,,,,,,,,
4578,,,,1.0,,,,1.0,,,,,,,1.0,,,,,,,,,,,,,,,,,,,,,,,,,,,,,,,,,,,,,,,,,,,,,,,,,,,,,,,,,,,,,,,,,,,,,,,,,,,,,,,,1.0,,,,,,,,,,,,,,,,,,,,,,,,,,,,1.0,,,,,,,,,,,1.0,,,,,,,,,,,,,,,,,,,,,,,,,,,,,,,,,,,,,,,,,,,,,,,,,,,,,,,,,,,,,,,
4591,,,,1.0,,,,,1.0,,,,,,,,,,,,,,,,,,,,,,,,,,,,,,,,,,,,,,,,,,,,,,,,,,,,,,,,,,,,,,,,,,,,,,,,,,,,,,,,,,,,,,,,,,,,,,,,,,,,,,,,,,,,,,,,,,,,,,,,,,,,,,,,,,,,,,,,,,,,,,,,,,,,,,,,,,,,,,,,,,,,,,,,,,,,,,,,,,,,,,,,,,,,
4597,,,,0.5,,,,,,,0.5,,,,,,,,,,,,,,,,,,,,,,,,,,,,,,,,,,,,,,,,,,,,,,,,,,,,,,,,,,,,,,,,,,,,,,,,,,,,,,,,,,,,,,,,,,,,,,,,,,,1.0,,,,,,,,,,,,,,,,,0.5,,,,,,,,,,,,,0.0,0.0,,,,,,,,,,,,,,,,,,,,,,,,,,,,,,0.5,,,,,,,,,,,,,,,,,,,,,,,,,,
4609,,,,0.0,,,,,,,,,,,,1.0,,,,,,,,,,,,,,,,,,,,,,,,,,,,,,,,,,,1.0,,,,,1.0,,,,,,,,,,,,,,,,,,,,,,,,,,,,,,,,,,,,,0.5,,,,,,,,,,,,,,,,,1.0,,,,,,,,,,,,,,,,,,,,,,,,,,,,,,,1.0,,,,,,,,,,,,,,,,,,,,,,,,,,,,,,,,,,,,,,,,,,,,,,,,,,,,,,,,
4621,,,,0.5,,,,,,,,,,,,,,,,,,,,,,,,,,,,,,,,0.5,,,,,,,,,,,,,,,,,,,,,,,,,,,,,,,,,,,,,,,,,,,,,,,,,,,,,,,,,,,,,,,,,,,,,,,,,,,,,,,,,,,,,,,,,,,,,,,,,,,,,,,,,,,,,,,,,,,,,,,,,,,,,,,,,,,,,,,,,,,,,,,,,,,,,,,,,,,,,,,,,
4622,,,,0.5,0.5,,,0.5,,,,,0.5,,,,,,0.5,0.5,,0.5,,,,,,,,0.5,0.5,,0.5,,0.5,,,,0.5,0.5,,0.5,,,0.5,,,,,,0.5,,,0.5,,,,,,,,,,,,0.5,0.5,,,0.5,,0.5,,,,,,,,,,,,,0.5,,,,,,0.5,,0.5,,,,,,,,,,,,,,,,,0.5,,,,,,,,,,,,,,0.5,,,0.5,,,,,,,,,0.5,,0.5,,,,,,,0.5,,,,,,,,,,,,,0.5,,,,,,,,,,,,,,,,,,,,,,,,,,,,,,,,,,,,,,,
4624,,,,1.0,,,,,,,,,0.5,,,,,,,,,,,,,,,,,,,,,,,,,,,,,,,,0.5,,,,,,,,,,,,,,,,,,,,1.0,,,,,,,,,,,,,,,,,,,,,,,,,,,,0.5,,,,,,,,,,,,,,,,,,,,,,,,,,,,,,,,,,,,,,,,,,,,,,,,,,,,,,,,,,,,,,,,,,,,,,,,,,,,,,,,,,,,,,,,,,,,,,,,,,,,,,,,
4632,,,,1.0,,,,,,1.0,,,,,,1.0,,,,,,,,,,,,,,,,,,,,,,,,,,,,,,,,,,,,,,,,,,,,,,,,,,,,,,1.0,,,,,,,,,,,,,,,,,,,,,,,1.0,,,,,,,,,,,,,,,,,,,,,,,,,,,,,,,,,,,,1.0,,,,,,,,,,,,,,,,,,,,,,,,,,,,,,,,,,,,,,,,,1.0,,,,,,,,,,,,,,,,,,,,,,,,,,,
4651,,,,1.0,,,0.5,,1.0,,,,,,,0.5,,0.0,,,,,,,,,,,,,,,1.0,,,0.5,,,,1.0,1.0,,,0.0,0.0,,,,,,,,,1.0,,,,,,1.0,,,,,,,,,,,,0.0,,,,,,,1.0,,1.0,,,,,,,,,,,,0.0,,,,1.0,,,,,,,,1.0,,,,,1.0,,,,,,,,,,1.0,,,,,,,,,,,,,,,,,,,,1.0,,,,,,1.0,,,,,,,,1.0,,,,,,,,,,,,,,,,,,,,,,,,,,,,,,,,,,,,,,,,,,,
4655,,,,0.0,1.0,0.0,1.0,,,1.0,,,0.5,0.0,0.0,,0.0,1.0,1.0,0.5,0.0,,,,1.0,,,,,1.0,1.0,,0.5,,0.0,1.0,,0.5,0.5,,1.0,0.5,,1.0,0.0,,0.5,,,,1.0,0.0,,1.0,,0.5,,,,,,,,1.0,1.0,1.0,1.0,0.0,0.0,1.0,,1.0,0.0,,,,,0.0,1.0,,1.0,,,,1.0,,,1.0,,,0.5,,1.0,,0.0,,1.0,,,,,,,,0.0,,0.0,,,0.5,,,,,,,,,,0.0,0.5,0.0,0.0,,,,0.0,,0.0,,,,,1.0,,0.5,,1.0,,1.0,,1.0,,0.5,1.0,,,,,,,1.0,,,,,0.0,1.0,,,,,,,1.0,0.0,,,,,,,,0.0,0.5,,,,,,,,,,,,,,,,,,,,,,
84,,,,,1.0,1.0,,,1.0,,0.0,,,,,,1.0,,0.0,1.0,1.0,,,,,,,,,,,,,,,,,,,,,,,,,,,,,,,,,,,,,,,,,,,,,,,,,,,,,,,,,,,,,,,,,,,,,,,,,,,,,,,,,,,,,,,,,,,,,,,,,,,,,,,,,,,,,,,,,,,,,,,,,,,,,,,,,,,,,,,,,,,,,,,,,,,,,,,,,,,,,,,,,,,,,,,,,,,,,,,,
141,,,,,0.0,,,,,,,,,,,,,,,,,,,,,,,,,,,,,,,,,,,,,,,,,,,,,,,,,,,,,,,,,,,,,,,,,,,,,,,,,,,,,,,,,,,,,,,,,,,,,,,,,,,,,,,,,,,,,,,,,,,,,,,,,,,,,,,,,,,,,,,,,,,,,,,,,,,,,,,,,,,,,,,,,,,,,,,,,,,,,,,,,,,,,,,,,,,,,,,,
212,,,,,1.0,,,,,1.0,0.0,,,,,1.0,,,,,0.0,,,,,,,,,,,,,,,,,,,,,,,,,,,,,,,,,,,,,,,,,,,,,,,,,,,,,,,,,,,,,,,,,,,,,,,,,,,,,,,,,,,,,,,,,,,,,,,,,,,,,,,,,,,,,,,,,,,,,,,,,,,,,,,,,,,,,,,,,,,,,,,,,,,,,,,,,,,,,,,,,,,,,,,,,,,,,,,,
224,,,,,1.0,1.0,1.0,1.0,1.0,,1.0,,1.0,0.0,1.0,0.0,1.0,1.0,,1.0,0.0,1.0,,,1.0,,,,,,,1.0,1.0,,1.0,1.0,,1.0,,,,,,,,,,,,,,,,,,,,,,,,,,,,,,,,,,,,,,,,,,,,,,,,,,,,,,,,,,,,,,,,,,,,,,,,,,,,,,,,,,,,,,,,,,,,,,,,,,,,,,,,,,,,,,,,,,,,,,,,,,,,,,,,,,,,,,,,,,,,,,,,,,,,,,,,,,,,,,,
584,,,,,0.0,,,,,,,,,,,,,,,,,,,,,,,,,,,,,,,,,,,,,,,,,,,,,,,,,,,,,,,,,,,,,,,,,,,,,,,,,,,,,,,,,,,,,,,,,,,,,,,,,,,,,,,,,,,,,,,,,,,,,,,,,,,,,,,,,,,,,,,,,,,,,,,,,,,,,,,,,,,,,,,,,,,,,,,,,,,,,,,,,,,,,,,,,,,,,,,,
600,,,,,1.0,,,,,,,,,,,,,,,,,,,,,,,,,,,,,,,1.0,,,,1.0,0.5,,,,,,,,,,,,,,,,,,,1.0,,,,,,,,,,,,,,1.0,,,,,,,,,,,,,,,,,,,,,,,,,,,,,,,,,,,,,,,,,,,,,,,,,,,,,,,,,,,,,,,,,,,,,,,,,,,,,,,,,,,,,,,,,,,,,,,,,,,,,,,,,,,,,,,,,,,,,,,,,,,
665,,,,,1.0,,,,1.0,,,,,,,0.0,,1.0,,1.0,0.0,,,,0.0,,,,,,,1.0,,,,,,0.0,1.0,,,,,,,,0.0,,,,,1.0,,,,1.0,,,,,,,,,1.0,,,,,,,,,,,,,,1.0,,,,,,,,,,,,,,,,,,,,,,,,,,,,,,,,,,,,,,,,,,,,,,,,,,,,,,,,,,,,,,,,,,,,,,,,,,,,,,,,,,,,,,,,,,,,,,,,,,,,,,,,,,,,,,,,,,,,,,
723,,,,,0.0,1.0,1.0,,1.0,1.0,0.0,,0.0,1.0,1.0,0.0,,,,,0.0,1.0,,,,,,,,0.0,1.0,1.0,1.0,,1.0,,,1.0,0.0,0.0,,0.5,,0.0,,,0.0,,,,,1.0,,0.0,,1.0,,,,0.0,,0.0,0.0,0.5,,1.0,0.0,0.5,,0.0,,0.5,0.5,,,,,1.0,1.0,,,,,,0.0,,,,,,,,,,,,,,,,,,,,,,,,,,,,,,,,,,,,,,,,,,,,,,,,,,,,,,,,,,,,,,,,,,,,,,,,,,,,,,,,,,,,,,,,,,,,,,,,,,,,,,,,,,,,,,,,
736,,,,,1.0,,0.5,0.5,,1.0,,,1.0,,,,,,,,,,,,0.5,,,,,,,,1.0,,,0.5,,,0.5,,0.5,1.0,,,,,,,,,,,,,,,,,,,,1.0,,,,,1.0,1.0,1.0,0.5,,,1.0,,,,,1.0,,,,,,,,,,,,,,,,,,,,,,,,,,,,,,,,,,,,,,,,,,,,,,,,,,,,,,,,,,,,,,,,,,,,,,,,,,,,,,,,,,,,,,,,,,,,,,,,,,,,,,,,,,,,,,,,,,,,,,,
828,,,,,1.0,1.0,,1.0,,,0.0,,,,,,,,1.0,1.0,,,,,,,,,,,,,1.0,,,,,,,1.0,,,,0.0,,,,,,,,,,1.0,,,,,,,,,,,,1.0,,1.0,1.0,,,,0.0,,,,,,1.0,,,,,,1.0,,,,,,,,,,,,,,,,,,,,,,,,,,,,,,,,,,,,,,,,,,,,,,,,,,,,,,,,,,,,,,,,,,,,,,,,,,,,,,,,,,,,,,,,,,,,,,,,,,,,,,,,,,,,,,,,
876,,,,,0.5,,,,,,,,,,,,,,,,,,,,1.0,,,,,,,,,,,,,,,,,,,,,,,,,,,,,,,,,,,,,,,,,,,,,,,,,,,,,,,,,,,,,,,,,,,,,,,,,,,,,,,,,,,,,,,,,,,,,,,,,,,,,,,,,,,,,,,,,,,,,,,,,,,,,,,,,,,,,,,,,,,,,,,,,,,,,,,,,,,,,,,,,,,,,,,,,,,,
918,,,,,0.5,,,,1.0,,,,,,,,,,0.0,,,1.0,,,1.0,,,,,,,,,,,,,0.5,,,,1.0,,,0.0,,1.0,,,,,0.0,,1.0,,,,,,,,,,,,1.0,,,,,,,0.0,,,,,1.0,,,0.5,,,,0.5,,,,,,,,0.0,,0.0,,,,,,,,,,,,,,,,,,,,,,,,,,,,,,,,,,,,,,,,,,,,,,,,,,,,,,,,,,,,,,,,,,,,,,,,,,,,,,,,,,,,,,,,,,,,,,,,,,,,,,
944,,,,,1.0,,,,,,,,,,,,,,,0.5,,,,,,,,,,,,,,,,,,,,,,,,,,,,,,,,,,1.0,,,,,,,,,,,,,,,1.0,1.0,,,,,,,,,,,,,,,,,,,,,,,,,,,,,,,,,,,,,,,,,,,,,,,,,,,,,,,,,,,,,,,,,,,,,,,,,,,,,,,,,,,,,,,,,,,,,,,,,,,,,,,,,,,,,,,,,,,,,,,,,,,,,,,
972,,,,,0.5,,0.5,,,,,,,0.0,,,,0.5,,,0.5,,,,,,,,,,,,1.0,,,,,,,1.0,,,,,,,1.0,,,,0.0,0.0,,,,,,,,,,,,,1.0,1.0,,,,,,,,,,,,,,,,,,,1.0,,,,,,,,,,,,,,,,,,,,,,,,,,,,,,,,,,,,,,,,,,,,,,,,,,,,,,,,,,,,,,,,,,,,,,,,,,,,,,,,,,,,,,,,,,,,,,,,,,,,,,,,,,,,,,,,
1062,,,,,1.0,,,,,,,,,,,,,,,,,,,,,,,,,,,,,,,,,,,,,,,,,,,,,,,,,,,,,,,,,,,,,,,,,,,1.0,,,,,,,,,,,,,,,,,,,,,,,,,,,,,,,,,,,,,,,,1.0,,,,,,,,,,,,,,,,,,,,,,,,,,,,,,,,,,,,,,,,,,,,,,,,,,,,,,,,,,,,,,,,,,,,,,,,,,,,,,,,,,,,,
1244,,,,,1.0,,,,1.0,,,,1.0,,,,1.0,1.0,,,,,,,1.0,,,,,,,,,,1.0,,,,,,,1.0,,,,,,,,,,,,,,,,,,,,,,,1.0,,,0.0,1.0,,,,,,,,,,1.0,,,,,,,,,,,,,,,,0.0,,,,,,,,,,,,1.0,,,1.0,,,,,,,,,1.0,,,,,,,,,,,,,,,,,,,,,,,,,,,,,,,,,,,,,,,,,,,,,,,,,,,,,,,,,,,,,,,,,,,,,,,,,,,,,,
1256,,,,,1.0,,1.0,1.0,,1.0,,,1.0,1.0,1.0,1.0,1.0,1.0,1.0,1.0,,1.0,,,,,,,,,1.0,1.0,,,1.0,,,1.0,,,1.0,,,1.0,1.0,,1.0,,,,1.0,1.0,,1.0,,1.0,,,,1.0,,1.0,,,,1.0,1.0,,,1.0,,,,,,,,1.0,1.0,,1.0,,,,,,,,,,,,1.0,,,,1.0,,,,,,,,1.0,,1.0,,,1.0,,1.0,,,,,,,,,,,,,,,,,,,,,,,,,,,,,,,,,,,,,,,,,,,,,,,,,,,,,,,,,,,,,,,,,,,,,,,,,,,,,,,,,,,,,
1264,,,,,1.0,,,,,,,,,,,,,,,1.0,,,,,,,,,,,,,,,,,,,,,,,,,,,,,,,,,,,,,,,,,,,,,1.0,,,,,,,,,,,,,1.0,,,,,,,,,,0.0,,,,,,,,,,,,,,,,,,,,,,,,,,,,,,,,,,,,,,,,,,,,,,,,,,,,,,,,,,,,,,,,,,,,,,,,,,,,,,,,,,,,,,,,,,,,,,,,,,,,,,,,,,,,,
1269,,,,,1.0,1.0,,,,,1.0,,1.0,1.0,1.0,,,1.0,1.0,,1.0,,,,1.0,,,,,1.0,1.0,0.0,1.0,,1.0,1.0,,,,1.0,1.0,1.0,,1.0,,,1.0,,1.0,,1.0,1.0,,,,1.0,,,,,,1.0,1.0,,1.0,1.0,1.0,,,1.0,,,1.0,,,,,1.0,1.0,,,,,,1.0,,,1.0,,,,,,,,,,,,,,,,,1.0,,1.0,,,1.0,,1.0,,,,,,,,,,,,,,,,,,,,,,,,,,,,,,,,,,,,,,,,,,,,,,,,,,,,,,,,,,,,,,,,,,,,,,,,,,,,,,,,,,,,,
1307,,,,,1.0,0.0,,1.0,1.0,,,,0.5,0.0,1.0,1.0,1.0,1.0,1.0,1.0,1.0,0.5,,,,,,,,1.0,,1.0,1.0,,,,,1.0,0.0,0.0,1.0,,,,,,,,0.0,,0.5,0.5,,1.0,,1.0,,,,0.0,,1.0,,0.5,,,,1.0,,,,1.0,1.0,,,,,1.0,,,0.5,,,,,,,,,,0.0,,,,,,,,,,1.0,,,,1.0,,0.5,,,,,,,,,,,,,1.0,,,,,,,,,,,,,,,,,,,,,,,,,,,,,,,,,,,,,,,,,,,,,,,,,,,,,,,,,,,,,,,,,,,,,,,,,,,,,
1330,,,,,0.0,0.0,,1.0,1.0,1.0,,,,0.0,,,1.0,,,,,,,,1.0,,,,,,,,,,,0.0,,,1.0,,,,,,0.0,,,,1.0,,0.0,,,,,,,,,,,1.0,,1.0,1.0,1.0,1.0,,,1.0,,,,,,,,1.0,,,,,,,,,,,,,,,1.0,,,,1.0,,,,0.0,,,,,,,,,,,1.0,,,,,,,,,,,,,,,,,,,,,,,,,,,,,,,,,,,,,,,,,,,,,,,,,,,,,,,,,,,,,,,,,,,,,,,,,,,,,,,,,,,,,
1401,,,,,1.0,0.0,0.0,,1.0,,1.0,,1.0,0.0,,,1.0,1.0,0.0,,,,,,,,,,,,,0.0,,,,,,,,1.0,,1.0,,,0.0,,1.0,,,,,,,1.0,,1.0,,,,,,1.0,,1.0,,,,1.0,1.0,,,,1.0,,,,,0.0,0.0,,1.0,,,,,,,0.0,,,,,,,0.0,,1.0,,,,,,,,,,,,,1.0,,,,,,,,,,1.0,,,,,,,,,,,,,,,,,,,,,,,,,,,,,,,,,,,,,,,,,,,,,,,,,,,,,,,,,,,,,,,,,,,,,,,,,,,,,
1440,,,,,1.0,0.0,,0.0,,0.0,,,,,,,0.0,,,,,,,,,,,,,,,,,,,,,,,,,,,,0.0,,,,0.0,,,,,,,0.0,,,,1.0,,,,,,0.0,,1.0,,1.0,,,1.0,,,,,,,,1.0,,,,,,,,,,1.0,,1.0,,0.0,,,,,,1.0,,,,0.0,,,,,,,1.0,,,,,,,,1.0,,1.0,,,,,,,,,,,,,,,,,,,,,,,,,,,,,,,,,,,,,,,,,,,,,,,,,,,,,,,,,,,,,,,,,,,,,,,,,,,
1498,,,,,1.0,,,1.0,0.5,1.0,,,,0.0,,,,,,,1.0,,,,,,,,,,,0.0,0.5,,1.0,0.0,,,,,,,,,,,,,,,,,,,,,,,,,,,,,0.5,1.0,,,,,,,1.0,,,,,,,,1.0,,,,,,,,,,,,,,,,,,,,,,,,,,,,,,,,,,,,,,,,,,,,,,,,,,,,,,,,,,,,,,,,,,,,,,,,,,,,,,,,,,,,,,,,,,,,,,,,,,,,,,,,,,,,,,,,,,,,
1525,,,,,0.0,,,,,,,,,,,1.0,,,,,,0.5,,,,,,,,,,,,,,,,,,,,,,,,,,,,,,,,,,,,,,,,,,,,1.0,,1.0,,0.5,,,,,,,,0.5,,,,,,,,,,1.0,,,,,,,,,,,,,,,,,,,,,,,,,,,,,,,,,,,,,,,,,,,,,,,,,,,,,,,,,,,,,,,,,,,,,,,,,,,,,,,,,,,,,,,,,,,,,,,,,,,,,,,,,,,,,
1536,,,,,0.0,,,,,,,,,,,,,,,,,,,,,,,,,,,,,,,,,,,,,,,,,,,,,,,,,,,,,,,,,,,,,,,,,,,,,,,,,,,,,,,,,,,,,,,,,,,,,,,,,,,,,,,,,,,,,,,,,,,,,,,,,,,,,,,,,,,,,,,,,,,,,,,,,,,,,,,,,,,,,,,,,,,,,,,,,,,,,,,,,,,,,,,,,,,,,,,,
1553,,,,,1.0,0.0,0.0,1.0,,1.0,1.0,,,,1.0,,,1.0,,,0.0,,,,1.0,,,,,,,0.0,,,0.0,1.0,,1.0,1.0,1.0,1.0,,,,0.0,,,,,,,,,,,,,,,,,,1.0,,,1.0,,1.0,1.0,1.0,,1.0,1.0,,,,,1.0,0.0,,,,,,,,,0.0,,,1.0,,1.0,,,,,,,,,,,,1.0,,1.0,,,,,,,,,,,,,,,,,,,,,,,,,,,,,,,,,,,,,,,,,,,,,,,,,,,,,,,,,,,,,,,,,,,,,,,,,,,,,,,,,,,,,,,,,,
1556,,,,,1.0,,,,0.5,,,,,,,0.5,1.0,,,0.5,,,,,1.0,,,,,,0.0,,,,,0.5,,,,,1.0,,,,,,1.0,,,,,,,,,,,,,1.0,,,1.0,,,,1.0,1.0,,0.5,,1.0,,,,,,,,,,,,,,,,1.0,,,,,1.0,,1.0,,,,,,,,,,,,1.0,,,,,1.0,,,,,,,,,,,,,,,,,,,,,,,,,,,,,,,,,,,,,,,,,,,,,,,,,,,,,,,,,,,,,,,,,,,,,,,,,,,,,,,,,,,,,
1622,,,,,0.5,,,,,,,,,,0.5,,,1.0,,,,,,,0.5,,,,,,,,0.5,,,,,,,,,,,,,,,,,,,,,,,0.5,,,,,,,1.0,,,,,1.0,0.5,,,1.0,1.0,,,,,,,,,,,,,,,,,,,,,,,,,,,,,,,,,,,,,,,,,,,,,,,,0.5,,,,,,,,,,,,,,,,,,,,,,,,,,,,,,,,,,,,,,,,,,,,,,,,,,,,,,,,,,,,,,,,,,,,,,,,,,,,
1653,,,,,0.0,,1.0,1.0,,1.0,1.0,,1.0,0.0,,,,,,1.0,,,,,,,,,,,,,1.0,,,,,,,,,,,,,,,,,,,,,,,1.0,,,,,,,,1.0,,,1.0,,1.0,1.0,,,,,,,,1.0,,,,,,,,,,,,,,,,,,,,,,,,,,,1.0,,,,,,,,,,,,,,,,1.0,1.0,,,,,1.0,,,,,,,,,,,,,,,,,,,,,,,,1.0,,,,,,,,,,,,,,,,,,,,,,,,,,,,,,,,,,,,,,,,,,,,,,
1742,,,,,1.0,,,,,1.0,,,1.0,1.0,,0.0,,,,,1.0,,,,,,,,,1.0,0.0,,1.0,,,0.0,,1.0,1.0,,,1.0,,,,,1.0,,,,,1.0,,,,,,,,1.0,,,1.0,,1.0,1.0,,,,,,,,,,,,,,,1.0,,,,,,,,,,1.0,,,,,,,,,,1.0,,,,,,1.0,,,,,1.0,,,,,,,,1.0,,,,,,,,,,,,,,,,,,,,,,,,,,,,,,,,,,,,,,,,,,,,,,,,,,,,,,,,,,,,,,,,,,,,,,,,,,,,,
1876,,,,,1.0,,,,,,,,,,,,,,,,,,,,,,,,,,,,,,,,,,,,,,,,,,,,,,,,,,,,,,,,,,,,,,,,,,,,,,,,,,,,,,,,,,,,,,,,,,,,,,,,,,,,,,,,,,,,,,,,,,,,,,,,,,,,,,,,,,,,,,,,,,,,,,,,,,,,,,,,,,,,,,,,,,,,,,,,,,,,,,,,,,,,,,,,,,,,,,,,
1960,,,,,1.0,,,1.0,,,,,,,,1.0,1.0,,,,,,,,1.0,,,,,,,,0.0,,,0.0,,,1.0,,1.0,,,1.0,,,,,,,,,,,,,,,,,,,,,,0.0,,,,1.0,,,,,,,,1.0,,,,,,,,,,,,,,,,,,,,,,,0.0,,,,,,,,,1.0,,,,,,,,,,,,,,,,,1.0,1.0,1.0,1.0,1.0,,,,,,,,,,,,,,,,,,,,,,,,,,,,,,,,,,,,,,,,,,,,,,,,,,,,,,,,,,,,,,,,,,
1979,,,,,1.0,,0.0,,,,,,,,,,1.0,,,,,,,,,,,,,,0.0,,,,,0.0,,,,,,,,,,,,,,,,,,,,,,,,,,,1.0,,,,,1.0,,1.0,,,,,,,,,,,,,,,,,,1.0,,,,,,,,,,,,,,,,,1.0,,,,,1.0,,,,,,,,,,,,,,,,,,,,,,,,,,,,,,,,,,,,,,,,,,,,,,,,,,,,,,,,,,,,,,,,,,,,,,,,,,,,,,,,,,,,,,,
2111,,,,,1.0,,,,,,,,1.0,,,,,,1.0,,0.0,,,,,,,,,0.0,0.0,,,,1.0,,,,,,,,,,,,,,,,,,,,,,,,,1.0,,,,1.0,,1.0,,1.0,,,,,,,,,,,,,,,,,,,,,,,,,,,,,,,,,,,,,,,,,,,,,,,,,,,,,,,,1.0,,,,,,,,,,,,,,,,,,,,,,,,,,,,,,,,,,,,,,,,,,,,,,,,,,,,,,,,,,,,,,,,,,,,,,,,,
2235,,,,,1.0,,0.0,,,,,,,,,,,,,,,,,,,,,,,0.0,,,,,,,,,,,,1.0,,,,,,,,,1.0,,,,,,,,,,,,,,,,,1.0,,,,,,,,,,1.0,1.0,,,,,,,,,,,,,,,,,,,,,,,,,,1.0,,,,,,,,,,,,,,,,,,,,,,,,,,,,,,,,,,,,,,,,,,,,,,,,,,,,,,,,,,,,,,,,,,,,,,,,,,,,,,,,,,,,,,,,,,,,
2502,,,,,1.0,,0.5,,,,,,,,,0.5,,1.0,,,0.0,1.0,,,,,,,,,,,,,,0.5,,,,,,,,,,,1.0,,,,,,,,,,,,,,,1.0,,,,,,,,,,,,,,,,,,,,,,,,,,,,,,,,,,,1.0,,,,,,,,,,,,,,,1.0,,,,,,,,,1.0,,,,,,,,,,,,,,,,,,,,,,,,,,,,,,,,,,,,,,,,,,,,,,,,,,,,,,,,,,,,,,,,,,,,,,,,,,,,
2540,,,,,1.0,,,,,,,,,,,,,,,,,,,,,,,,,,,,,,,,,,,,,,,,,,,,,,,,,,,,,,,,,,,,,,,,,,,,,,,,,,,,,,,,,,,,,,,,0.0,,,,,,,,,,,,,,1.0,,,,,,,,,,,,,,,,,,,,,,,,,,,,,,,,,,,,,,,,,,,,,,,,,,,,,,,,,,,,,,,0.0,,,,,,,,,,,,,,,,,,,,,,,,,,,
2576,,,,,1.0,,0.0,,1.0,,,,,,,0.0,,,,,,0.0,,,0.0,,,,,,0.0,,,,1.0,,,,,,,1.0,,,,,,,,,,,,,,,,,,,,,,,,,,1.0,,,,1.0,1.0,,,,,,,,,,,,,,,,,,,,,,,,,,,,,,,,0.0,,0.0,,,,,1.0,,,,,,,,,0.0,,,,,,,,,,,,,,,1.0,,,,1.0,,,,,,,,,,,,,,,,,,,,,,,,,,,,,,,,,,,,,,,,,,,,,,,,,,,,,,,,,
2592,,,,,1.0,,,,,,,,,,,,,,,,,,,,0.0,,,,,0.0,0.0,,,,0.0,,,,,,,,,1.0,,,,,,,,,,1.0,,,,,,,,1.0,,,,1.0,,,,,,,,,,,,,,,,,,,1.0,,,,,,,,1.0,,,,,,,,,,,,,,,,,1.0,,,,,,,,,,,,,,,,,1.0,,,,,,,,,1.0,,,,,,,,,,,,,,,,,,,,,,,,,,,,,,,,,,,,,,,,,,,,,,,,,,,,,,,,,,,,,
2599,,,,,1.0,0.5,,,1.0,,0.5,,,0.0,0.0,,1.0,1.0,,0.0,0.0,,,,,,,,,0.0,1.0,,,,1.0,0.5,,,,,,0.0,,,,,,,0.5,,,1.0,,,,,,,,,,,1.0,,1.0,1.0,,1.0,,1.0,,,1.0,,,,,,,,,,,,1.0,,,,,,1.0,,,,0.5,,1.0,,,,0.0,,,,1.0,,1.0,,,,,,,,,,,,,,0.0,,,,,,1.0,,0.5,,,,,,,,,,,,,1.0,,,,,,,,,,,,,,,,,,,,,,,,,,,,,,,,,,,,,,,,,,,,,,,,,,,,,,,
2702,,,,,1.0,,,1.0,1.0,,,,,,,,,,,,0.0,0.0,,,,,,,,,0.0,,,,,,,,,,,,,0.5,,,,,,,,,,,,,,,,,,,,,,1.0,0.5,,1.0,,,,,,,,,,,,,,,,0.5,,,1.0,,,,,1.0,,,,,,,,,,,,,,,,,,,1.0,,,,,,,,,,,,,,,,,,,,,,1.0,,,,,,,0.5,,,,,,,,,,1.0,,,1.0,0.0,,1.0,,,,,,0.0,,,,,,,,,,,,,,,,,,,,,,,,,,,,,,,,,,
2740,,,,,1.0,0.5,,,1.0,,0.5,,1.0,0.5,,,1.0,,,0.0,,,,,1.0,,,,,,0.5,,,,1.0,0.5,,,,,1.0,,,,0.5,,,,,,,1.0,,1.0,,,,,,1.0,,1.0,,,,,,,1.0,,,,1.0,,,,,,0.5,,,,,,1.0,,,,,,1.0,,,,0.5,,1.0,,,,0.5,,,,1.0,,,,,1.0,,1.0,,,,,,,,,,,1.0,1.0,,,1.0,,,,,,,1.0,,1.0,,,,,,,,1.0,,1.0,,,,,,,,,,,,,,,,,,,,,,,,,,,,,,,,,,,,,,,,,,,,,,,,,,,
2746,,,,,1.0,,,,1.0,,,,,,,,,,,,0.0,,,,,,,,,,,,,,0.5,,,,1.0,,,,,,,,,,,,,,,,,,,,,,,,,,,,,1.0,,,,,,,,,,,,,,,,,,,,,,,,,,,,,,,,,,,,,,,1.0,,,,,1.0,,,,,,,,,,,,,,,,,,,,,,,,1.0,,,,,,,,,,,1.0,,,,,,,,,,,,,,,,,,,,,,,,,,,,,,,,,,,,,,,,,,,,,,,,,,
3285,,,,,1.0,1.0,1.0,1.0,1.0,,,,1.0,,,,1.0,,,,,1.0,,,,,,,,,,,,,,1.0,,,,,1.0,,,,,,,,,,,1.0,,,,,,,,1.0,,,,,,,1.0,,,,,,,,,,,,,,,,,,,,,,,,1.0,,,,0.0,,,,,,,,,,1.0,,,,,,,,,,,,,,,1.0,,,,,,,,,,,,,,,,,,,,,,,,,,,,,,,,,,,1.0,,,,,,,,,,,,,,,,,,,,,,,,,,,,,,,,,,,,,,,,,,
3290,,,,,1.0,0.5,,1.0,,,,,,,1.0,,,,,,,0.5,,,0.5,,,,,,0.0,0.5,,,,,,,,,1.0,,,,,,,,0.5,,,,,,,,,,,,,1.0,,1.0,1.0,,,,1.0,,,1.0,1.0,,,,,0.5,0.5,,,,,,1.0,,,,,,1.0,,,,,,,,,,,,,,,,,,,,,1.0,,,,,,,,,,,0.0,,,,,,0.5,,,,,,,,,,,1.0,1.0,,,,,1.0,,,,,,,,1.0,,,,,,,,,,,,,,,,,,,,,,,,,,,,,,,,,,,,,,,,,,,
3322,,,,,0.0,,,,,,,,1.0,,,,,,,,,,,,,,,,,,,,0.0,,,,,1.0,,,,,,,,,,,,,,1.0,,1.0,,,,,,,,,,1.0,,,,,,,,,1.0,,,,,1.0,,,,,,,,,,,,,,,,,,,,,,,,,,,,,,,,,,,,,,,,,,1.0,,,,,,,1.0,,1.0,,,,,,,,,,,,,,,,,,,,,,,,,,,,,,,,,,,,,,,,,,,,,,,,,,,,,,,,,,,,,,,,,,,,
3337,,,,,0.5,0.0,,,,,,,,,,,,,,,,,,,,,,,,,,,,,,,,,,0.5,,,,,,,,,,,,1.0,,,,,,,,,,,,,,,,,,,,,,,,,,0.0,,,,,,,,,,,,,,,,,,,,,,,1.0,,,,,,,,,,,,,,,,,,,,,,,,,,1.0,,,,,,,,,,,,,,,,,,,,,,,,,,,0.5,0.5,,,,,,,,,,,,,,,,,,,,,,,,,,,,,,,,,,,,,,,,,,
3395,,,,,1.0,1.0,,,,,0.0,,,,,,1.0,,,,,,,,,,,,,,0.0,0.5,1.0,,,,,,,,,1.0,,,0.0,,1.0,,0.0,,,,,,,,,,,,,,,,,,,,,,,1.0,1.0,,,,,,,,,,,,,,,,,,,,,,0.5,,1.0,,,,,,,,1.0,,,,,1.0,,1.0,,,,,,,,,0.5,,,,,,,,,,,,,,,1.0,,,,,0.5,,,,,0.5,,,,,,,,,,,,,,,0.0,,,,,,,,,,,,,,,,,,,,,,,,,,,,,,,,,,,,
3437,,,,,1.0,,,,,,,,,0.0,,,,,,,,1.0,,,,,,,,,,,,,1.0,,,,,,,,,1.0,,,,,0.0,,,,,,,,,,,,,,,,,,1.0,,,,,,1.0,,,,,,,,,,,,,,,,,,,,,,,,,,,,,,,,,,,,,,,,,,,,,,,,,,,,,,,,,,,,,,,,,1.0,,1.0,,,,1.0,,,,,,,,,,,,,,,,,,,0.5,,,,,,,,,,,,,,,,,,,,,,,,,,,,,,,,,,
3585,,,,,0.0,,,,,,,,,,,,,,,,,,,,0.5,,,,,,,,,,,,,,,,,,,0.5,,,,,,,0.5,,,,,1.0,,,,,,,,,0.5,,,0.5,,0.5,,,,,,,,,,,0.5,,,,,,,,,,,,,,,,,,,,,,,,,,,,,,,,,,,,,,,,,,,,,,,,,,,,,0.5,,,,,,,,,,,,0.5,,,,,0.5,0.5,,0.5,,,,,,,,,0.5,,,,1.0,1.0,,,,,,,,,,,,,,,,,,,,,,,,,,,,,
3768,,,,,1.0,,,,,,,,,,,,1.0,1.0,,,,,,,,,,,,,,,,,,,,,,,,,,,,,,,,,1.0,,,,,,,,,,,,,,,,,,,0.0,,0.0,,,,,,,,,,,,,,,,,,,,,,,,,,,,,,,,,,,,,,,,,,,,,,,,,,,,,,,,,0.0,,,,,,,,,,,,,,,,,,,,,,,,,,,,,,,1.0,,,,,,,,,,,,,,,,,,,,,,,,,,,,,,,,,,,,,
3840,,,,,1.0,,,,,0.5,,,,,,,,,,,,,,,,,,,,,,,0.5,,1.0,,,,,,,,,,,,,,,,,,,1.0,,,,,,,,,1.0,,,,,,,,,,,,,,,,,,,,,,,,,,,,,,1.0,,,,,,,,,,,,1.0,,,,,,,,,,,,,,,,,,,1.0,,,,,,,,,,,,,,,,,,0.5,,,,,,,,,1.0,,,,,,,,,,,,,,,0.5,,,,,,,,,,,,,,,,,,,,,,,,,,,,,,,
3883,,,,,0.0,,,1.0,,1.0,,,,0.5,,,0.5,,0.5,,,,,,,,,,,,0.5,0.5,0.5,,,0.5,,,,,,,,,,,,,,,0.5,,,,,,,,,,,,0.5,,,1.0,0.5,,,,,,,,,,,,,,1.0,,,,,,,,,,,,,,,,,,,,,,,,,,,,,,,1.0,,,,,,,,,,,,,,,,,,,,,,,,,,,,,,,,,,,,,,,1.0,,,,,,0.5,,,,0.5,0.5,,,,1.0,,,,,,,,,,,,,,,,,,,,,,,,,,,,,,,
3903,,,,,1.0,1.0,,,,,0.0,,,0.0,1.0,,1.0,1.0,,1.0,,,,,,,,,,0.0,,0.0,,,1.0,1.0,,0.0,,,1.0,0.0,,,,,,,,,,,,0.0,,1.0,,,,,,,1.0,,1.0,1.0,,0.0,1.0,0.0,,,,,,,,,,,0.5,,,,0.0,,,1.0,,,1.0,,,,,,1.0,,,,,,,,,,,,,0.5,,1.0,,,,,,,,,0.0,0.0,,,,,0.0,,,,,,,,,1.0,,0.0,,,1.0,,,,0.0,,,,,,1.0,,,,,,0.0,0.0,,,,,,,,1.0,,,,,,,,,,,,,,,,,,,,,,,,,,,,,,,
4035,,,,,1.0,0.5,1.0,,1.0,1.0,,,,,,0.5,1.0,,0.5,,,1.0,,,1.0,,,,,,0.5,0.5,,,,0.5,,,,,,,,,0.5,,,,,,0.5,,,1.0,,,,,,,,1.0,,,,,,,,,,1.0,0.5,,,,,,,,,,,,1.0,,,,,,,,,,,,,,,,,,,,,,,,,,,1.0,,,,,,,,,,,,,,,,,,,,,,,,,,,,,,,,1.0,,1.0,,,,,1.0,,,,,,,,,,,,,,,,,,,,,,,,,,,,,,,,,,,,,,,,,,,,,,
4059,,,,,0.5,,,,,,,,,,,,,,,,,,,,,,,,,,,,,,,,,,,,,,,,,,,,,,,,,,,,,,,,,,,,,,,,,,,,,,,,,,,,,,,,,,,,,,,,,,,,,,,,,,,,,,,,,,,,,,,,,,,,,,,,,,,,,,,,,,,,,,,,,,,,,,,,,,,,,,,,,,,,,,,,,,,,,,,,,,,,,,,,,,,,,,,,,,,,,,,,
4066,,,,,1.0,,,,,,,,,,1.0,,,,1.0,,,1.0,,,,,,,,,,,,,,,,,,,,,,0.0,,,,,,,,,,,,,,,,0.0,,,,,,,,1.0,,,,,,,,,,,,,1.0,,,,,,,,,,,,0.0,,,,,,,,,,,,1.0,,,,,,,,,,,,,,,0.5,,,,,,,1.0,,0.0,,,,,,,,,,,,,,,,,,,,,,,,,,1.0,,,,,,,,,,,,,,,,,,,,,,,,,,,,,,,,,,,,,,,,,,
4098,,,,,0.5,,,,,0.5,,,,,,,,,,,,,,,,,,,,,,,,,,,,,0.5,,,,,,,,,,,,,,,,,,,,,,,,,,,,,,,,,,,,,,,0.5,,,,,,,,,,,,,0.5,,,,,,,,,,,,,,,,,,,,,,,,,,,,,,,,,,,,,,,,,,,0.5,,,,0.5,,,,,,0.5,,,,,,,,,,,,,,,,,,,,,,,,,,,,,,,,,,,,,,,,,,,,,,,,,,,,,
4108,,,,,0.5,,,,,,1.0,,1.0,,1.0,,,,0.0,,,,,,,,,,,,,,,,,,,,1.0,,,,,,,,,,,,,,,,,,,,,,,,1.0,,0.5,,,,,,,,,,,,,,,,0.5,,,,1.0,,,1.0,,,,,,,,,,,,,,,,,,,,,,,,,,,,,,,,,,,,,,,,,,,,,,,,1.0,,,,,,,,,,1.0,,,,,,,,,,,,,,0.0,,0.5,,,,1.0,,,,,,,,,,,,,,,,,,,,,,,,,,,,,,,
4117,,,,,1.0,,1.0,1.0,1.0,,,,,,,0.5,1.0,1.0,,,,1.0,,,,,,,,,0.0,0.5,,,,1.0,,,,,,,,,0.5,,1.0,,0.5,,,,,1.0,,,,,,,,,,,,,1.0,,,,,,,,,,,1.0,,,,,,,,,,,,,,,,,,,,,,,0.5,,,,,,,,,,,,,,,,,,,,,,1.0,1.0,,,,,,,,,,,,1.0,,,,,,,,,,,,,,,1.0,,,1.0,,,,,,,,,,,,0.5,,,,1.0,,,,,,,,,,,,,,,,,,,,,,,,,,,
4156,,,,,1.0,,,,,,,,,,,,,,,1.0,,,,,,,,,,,,,,,,,,,,,,,,,,,,,,,,,,,,,,,,,,,,,,,,,,,,,,,,,,,,,,,,,,,,,,,,,,,,,,,,,,,,,,,,,,,,,,,,,,,,,,,,,,,,,,,,,,,,,,,,,,,,,,,,,,,,,,,,,,,,,,,,,,,,,,,,0.0,,,,,,,,,,,,,,,,,,,,,,,,,
4170,,,,,1.0,,,,,,,,,0.0,,,,,0.0,,0.0,,,,,,,,,,,,,,,,,0.0,,,,,,1.0,,,,,,,,0.0,,,,,,,,,,,,1.0,,1.0,,,,,,1.0,,,,,,,,,,,,,,,,0.0,,,,,,,,,,,,,,,,,1.0,,,,,,,,,,,,,,,,,1.0,,0.5,,,,,1.0,,,,,,,,,,,,,0.5,,,,1.0,,,,,,1.0,,,,,,,,,,0.5,,,,,,,,,,,,,,,,,,,,,,,,,,,,,,,,,,,
4181,,,,,1.0,,,,,,0.5,,,,,,,,,0.5,0.0,,,,,,,,,0.0,,0.0,1.0,,,,,0.0,,,,1.0,,0.0,,,0.0,,0.5,,,,,,,0.0,,,,1.0,,0.5,1.0,1.0,,,,,,,,,,,,,,,1.0,,,,,,,,,,,,,,,,,,,,,,,,,,,,,,,,,,,,,,,,,,,,,,,,,,,,,,,0.5,,1.0,,,,,,,,1.0,,,,,,,,1.0,,,1.0,,,,,,,,0.5,,0.0,,,,,,0.0,,,,,,,,,,,,,,,,,,,,,,,,,,
4185,,,,,0.5,,,,,,,,,,,0.5,,,,,,,,,,,,,,,,,,,,,,,,1.0,,,,,,,,,,,,,,,,,,,,1.0,,,,,,,1.0,,,,,,,,,,,,,,1.0,,,,,,,1.0,,,,,,,,,,,,,,,,,,,,,,0.0,,,,,,,,,,,,,,,,,,,,,,,,,,,,,,,1.0,,,,,,,,,,0.5,,,,,,,1.0,,,,,,,,,,,,,,,,,1.0,,,,,,,,,,,,,,,,,,,,,,
4198,,,,,1.0,,1.0,,,,,,,,,,1.0,,,,,,,,,,,,,,,,,,,,,,,,,1.0,,,,,0.5,,,,,,,,,,,,,,,,1.0,,,,0.5,,,,,,0.5,,,,,,,,,,,,,,,,,,,,,,,,1.0,,,,,,,,,,,,,,,,,,,,,,,,,,1.0,,,,,,1.0,,,,,1.0,,,,,,,,1.0,,1.0,,,,,,,,,,,,,,,,,,,,,,,,,,,,,1.0,,,,,,,,,,,,,,,,,,,,,,,,
4247,,,,,0.5,,,,,,,,,,,,,,,,,,,,0.5,,,,,,,,,,0.5,,,,,,,,,0.5,0.5,,,,,,,,,,,,,,,,,,,,,,,,,,,,,,,,,,,,,,,,,,,,,,,,,,,,,,,,,,,,,,,,,,,,,,,,,,,0.5,,,,,,,,,0.5,,,,,,,,,,,,,,,,,,,,,,,,,0.5,,,,,,,,,,,,,,,,,,0.5,,,,,,,,,,,,,,,,,,,,,,,,,
4252,,,,,1.0,,,,,,,,,,,,,,,,,,,,,,,,,,,,,,,,,0.0,,,1.0,1.0,,0.0,,,,,,,,,,,,,,,,,,,,,,,,,1.0,,,,,,,,,,,,1.0,,,,,,,,,,,,,,,,,,,,,,,,1.0,,,,,,,,,,,,,,,,,,,,,,,,,,,,,,,,,,,,,,,,,,,,,,,,,,,,,,,,,,0.5,,,,,,,,,,,,,,,,,,,,,,,,,,,,,,,,,,
4265,,,,,0.0,0.0,0.0,,,,1.0,,1.0,,1.0,,,,0.0,,0.0,,,,0.0,,,,,,,0.0,,,,0.0,,0.0,1.0,1.0,,0.0,,,0.0,,1.0,,0.0,,0.0,0.0,,1.0,,,,,,,,1.0,1.0,1.0,,,1.0,,1.0,,,,,,,,,,,,,,,,,,,1.0,,,,,,,0.0,,1.0,,,,0.0,,,,,,,,,1.0,,,,,,,,,,,,,,,,,,,1.0,,,,,,,,,,,,1.0,0.0,,1.0,1.0,,,,,,,1.0,,,,,,1.0,,1.0,1.0,,,,,0.0,,,,1.0,0.0,,1.0,,0.0,,,,,,,,,,,,,,,,,,,,,,
4273,,,,,0.0,,,,,,,,,,,,,,,,,,,,,,,,,,,,,,,,,,,,,,,,,,,,,,,,,,,,,,,,,,,,,,,,,,,,,,,,,,1.0,,,,,,,,,,,,,,,,,,,,,,,,,,,,,,,,,,,,,,,,,,,,,,,,,,0.5,,,,,,,,,,,,,,,,,,,,,,,,,,,,,,,,,0.0,,,,,,,,,,,,,,,,,,,,,,,,,,,,,,,,,,,
4296,,,,,1.0,,,,,,1.0,,,,,,,,,,,,,,,,,,,,0.0,,0.0,,,,,,,,,0.0,,,0.0,,,,,,,,,1.0,,,,,,,,,,,,,,,,1.0,,,,,,,,,,,,,,,,,,0.5,,,,,,,,,,,,,,,,,,,,,,,,,,,,,,,,,,,0.5,,,,,,,,,,,,,,,,,,,,,,,,,,,,0.5,,,,,,,,,,,,,,,,,,,,,1.0,,,,,,,,,,,,,,,,,,,,,,,,,
4301,,,,,0.0,,,,,,,,,,,,,,,,,,,,,,,,,,,,,,,,,,0.0,,,,,,,,,,0.0,,,,,,,,,,,,,,,,0.0,,,,,0.0,,,,,,,,,,,0.0,,,,,,,,,,,,,,,,0.0,,,,,,,,,,,,,,,0.0,,,,,,,,,,,,,,,,,,,,,,,,0.0,,0.0,,0.0,,,,,,,,,,,,0.0,,,,,,,,,0.0,,,,,,,,,,,0.0,,,,,,,,,,,,,,,,,,,,,,,,,
4305,,,,,1.0,,,,,,,,,,,,,0.5,,,,,,,,,,,,,,,,,,,,,,,,,,,,,,,,,,,,,,,,,,,,,,,1.0,,,,,,,,,,,,,,,,,,,,,,,,,,,,,,,,,,,,,,,,,,,,,,,,,,,,,,,,,,,,,,,,,,,,,,,,,,,,,,,,,,,,,,,,,,,,,,,,,,,,,,,,,,,,,,,,,,,,,,,,,,,,,,,,,,,,
4310,,,,,0.0,,,,,,,,,,,,,,,,,,,,,,,,,,,,,,,,,,,,,1.0,,,,,,,,,,,,,,,,,,,,,,,1.0,,,1.0,,,,,1.0,,,,,,1.0,,,,,,,,,0.0,,,,,,,,,0.0,,,,,,,,1.0,,0.0,,,,,,,,,,,,,,,0.0,,,,,,,,,,,,,,,,,,,,1.0,,,,,,,,,,,,,,,,,,,,1.0,,,,,,,,,,,,,,,,,,,,,,,,,,,,,,,,,,,
4321,,,,,0.5,,,,,,,,0.5,,0.5,,,0.5,,,,,,,,,,,,,1.0,0.5,,,,,,0.5,,,,,,,,,,,,,,,,1.0,,,,,,,,,,,,,,,1.0,,,1.0,,,,,,,,,,,,,,,,,,,,,,,,,,,,,,,,,,,,,,,,,,,,,,,,,,1.0,,,,,,,,,,,,,,1.0,,,,,,,,,,,,,,,,,,,,,,,,,,,0.5,,,,,,,,,,,,,,,,,,,,,,,,,,,,,,,,,,
4334,,,,,1.0,,,,,1.0,,,,,1.0,,1.0,0.5,,0.0,,,,,,,,,,,0.0,0.0,1.0,,0.0,,,1.0,,,1.0,,,,,,1.0,,0.0,,,,,,,,,,,1.0,,,1.0,,,,1.0,,,,,,,,,,,0.5,,,,,,,,,,,,,,,,,,,1.0,,,,,,,,,,,,,,,,,,,,,,,,1.0,,,0.0,,,1.0,,,,,,,,,,,,,,,1.0,,,,,,,,,,,,1.0,1.0,,,,,,,,,,,,,,,1.0,,1.0,,,0.0,,,,,,,,,,,,,,,,,,,,,,
4336,,,,,1.0,,,,,,,,,,,,,1.0,1.0,0.5,,1.0,,,1.0,,,,,,,,,,,,,,,,1.0,,,,1.0,,,,0.0,,,,,,,,,,,,,,,,1.0,,,1.0,,,,,,,,,,,,,0.5,,,,,,,0.0,,,,,,,,,,,,,,,,,,,,,,0.0,,,,,,,,,,,,,,,,,,,,,,,,,,,,,,,1.0,,,1.0,,,,,,,,,,,,,,,,,,,,,,,,,,1.0,,,1.0,,1.0,,,,,,,,,,,,,,,,,,,,,,
4376,,,,,1.0,,,,,1.0,,,,,,,,,,,,,,,,,,,,,,,,,,,,,,,,,,,,,,,,,,,,,,,,,,,,,,,,,,,,,,,,,,,,,,,,,,,,,,,,,,,,,,,,,,,,,,,,,,,,,,,,,,,,,,,,,,,,,,,,,,,,,,,,,,,,,,,,,,,,,,,,,,,,,,,,,,,,,,,,,,,,,,,,,,,,,,,,,,,,,,,,,,,
4443,,,,,0.5,,,,,,,,,,,,,,,,,,,,,,,,,,,0.5,,,,,,0.5,,0.5,,,,,0.5,,0.5,,,,,,,,,,,,,,,,,,,,,,,,,,,,,,,0.5,,,,,,,,,,,,,,,0.5,,0.5,,,,,,,,,,,,,,,,,,,,,,,,,,,,0.5,,,,0.5,,,,,,,,,,,,,,0.5,,,,,,,,,,,,,,,,,,,,1.0,,,,,0.5,,,,,0.5,,,,,,,,,,,,,,,,,,,,,,,,,,
4459,,,,,1.0,,,,,,,,,,0.0,0.0,1.0,1.0,,,1.0,1.0,,,0.0,,,,,1.0,,,1.0,,,0.0,,,,,,0.5,,,,,,,,,,,,1.0,,,,,,1.0,,,0.5,,1.0,1.0,,0.0,1.0,,,0.0,,,,,,,,,,,,,,,,,,,0.5,,0.0,,1.0,,0.0,,,,0.0,,,,1.0,,,,,,,,,,,,,,,,,0.0,1.0,,,,,,0.0,,,,,1.0,,,,,,,1.0,,,,0.0,0.0,,,,,1.0,,,1.0,,,0.0,1.0,,0.0,1.0,0.5,,,,,,,,,,,,1.0,,,,,,,,,,,,,,,,,,,,,,,
4464,,,,,0.5,,,,,,,,,,,,1.0,,1.0,,0.5,,,,,,,,,,,,,,,,,,,,,,,,,,,,0.5,,,,,,,,,,,,,1.0,,1.0,,,,,,,,,,,,,,,,,,,,,,,,0.5,,,,,,,,,,,,,1.0,,,,,,,,,0.5,,,,,,,,,,,,,,,,,,,,,,,,,,,,,,,,,,,,,,,,,,,,,,,,,,,,,,,,1.0,,,,,,0.5,,,1.0,,,,,,,,,,,,,,,,,,,,,,
4516,,,,,1.0,,,1.0,,,,,,,1.0,0.0,,,0.0,,,,,,,,,,,,,,0.0,,0.0,0.0,,,,,,,,,,,,,,,,,,,,,,,,,,,,,,,,,,,,1.0,,,,,,,0.0,,,,,,1.0,,,,,,,,,,,,,,,,,,,,,,,,,,,,,,,,,,,,,,,1.0,,,,,,,,,,,,,,,,,,,,,,,,,,,,,,,,,1.0,,,,,,,,,,,,,,,,,,,,,,,,,,,,,,,,,,,,,,,,
4546,,,,,0.5,,,,1.0,1.0,,,,,,0.5,1.0,,,0.5,,1.0,,,,,,,,,,,1.0,,1.0,,,0.5,,,1.0,,,,,,1.0,,0.0,,,,,,,,,,,,,,,,,,,,,,,,,,,,,,,,0.5,,,,,,,1.0,,,,,,,1.0,,,,,,,,,,1.0,,,,,,,,,,,,,,,,,,,,,,,,,,,,,,,,,,,,,,,1.0,,,,,,,1.0,,,,,,0.0,,,,,,,,,,,,,0.5,0.5,,,,1.0,,,,,,,,,,,,,,,,,,,,,,
4553,,,,,1.0,,1.0,0.0,,0.5,,,1.0,1.0,0.5,1.0,1.0,,1.0,0.5,1.0,0.0,,,0.0,,,,,0.5,0.5,0.0,1.0,,1.0,,,0.5,0.0,,1.0,,,,0.0,,1.0,,1.0,,1.0,,,,,,,,,1.0,,0.5,0.5,0.0,1.0,0.0,,,1.0,1.0,,,,,,,,0.0,0.5,,1.0,,,,0.0,,,1.0,,,0.5,,0.5,,1.0,,,,,,,,,,0.0,,1.0,,,0.5,,0.5,,,,,,,,0.5,0.5,,1.0,0.0,,,,,1.0,,,,,1.0,,1.0,,0.0,,1.0,1.0,,,,0.0,,,,,,0.0,0.5,,1.0,,,,,,,,,,,1.0,,,,,,0.0,0.5,1.0,,0.5,,,,,,,,,,,,,,,,,,,,,,
4560,,,,,1.0,,,,,,,,0.0,0.0,,,,,,,,,,,,,,,,1.0,,,,,,,,,,,,,,,,,,,,,1.0,,,,,,,,,,,,,,,,,,,,,,,,,,,,,,,,,,,,,,,,,,,,,,,,,,,,,,,,,,,,,,,,,,,,,,,,,,,,,,,,,,,,,,,,,,,,,,,,,,,,,,,1.0,,,,,,,,,,,,,,,,,,,,,,,,,,,,,,,,,,,,,,,,,,,
4561,,,,,1.0,1.0,,1.0,,1.0,0.5,,,,,,1.0,,,1.0,,1.0,,,,,,,,1.0,1.0,,,,,,,1.0,,,,,,,1.0,,,,,,,1.0,,,,,,,,1.0,,1.0,1.0,,1.0,,0.5,,1.0,,,,,,,,,1.0,,,,,,,0.5,,,0.5,,,1.0,,,,,,,,,,,,,,,,,,,0.5,,,,,,,,,,0.5,,0.0,,,,,1.0,,0.5,,,,,,,,,,,1.0,,1.0,,0.0,,,,,,,,,,,,,,,,,,,,,,,,,,,0.5,1.0,0.5,,,,,,,,,,,,,,,,,,,,,,,,
4567,,,,,0.5,,1.0,1.0,1.0,0.5,0.0,,0.0,0.0,0.5,,1.0,0.5,1.0,0.5,1.0,1.0,,,0.5,,,,,,0.5,0.5,1.0,,1.0,1.0,,,0.0,0.5,,1.0,,0.0,1.0,,,,0.5,,0.5,,,0.5,,,,,,0.0,,1.0,0.5,0.5,,,,,0.0,,,0.5,,,,,,1.0,1.0,,1.0,,,,0.0,,,1.0,,,1.0,,0.0,,,,0.5,,,,1.0,,,,1.0,,,,,0.0,,0.0,,,,,,,,,1.0,0.0,1.0,0.0,,,0.0,,0.0,,,,,,,,,,,1.0,0.5,1.0,,0.0,0.5,0.5,,,,,,,,,1.0,,,0.0,,0.5,,,0.0,,0.5,1.0,,,,0.0,,0.0,0.0,1.0,1.0,,,,,,,,,,,,,,,,,,,,,,
4588,,,,,1.0,,0.0,,,,1.0,,,1.0,,1.0,1.0,,,,,,,,,,,,,,,1.0,,,,,,1.0,,,,1.0,,,1.0,,,,1.0,,,,,,,,,,,,,,1.0,1.0,1.0,,1.0,,,,,0.0,1.0,,,,,,,,,,,,,,,,,,1.0,,1.0,,,,,,,,0.0,,,,,,,,,,,1.0,,,,,,,,,,0.0,,,,,,,1.0,,,,,1.0,,,,1.0,,1.0,,,,1.0,1.0,,,,,,1.0,,,,0.0,,,,,,,1.0,,,,,,,,0.0,,,1.0,,,,,,,,,,,,,,,,,,,,,,,,
4610,,,,,0.0,,,,,1.0,,,,0.0,1.0,,1.0,0.5,1.0,,,,,,,,,,,,,0.0,,,0.0,,,,,,,,,,,,,,,,1.0,,,,,1.0,,,,,,1.0,,,,,0.5,,,,,,,,,,,,,,,,,,1.0,,,,,,,,,,,,,,,,1.0,,,,0.0,,,,,,,1.0,,,,,,,,,,,0.0,,,,,,,,,,,,,,,,,1.0,,,,1.0,0.0,1.0,,,,,,1.0,,,,,,,,,,,0.5,,,,,,,,,0.0,,1.0,,,,,,,,,,,,,,,,,,,,,,,
4626,,,,,1.0,,,,,,,,,,,,,,,,,,,,,,,,,1.0,,,,,,1.0,,,,,1.0,,,,,,,,,,,0.0,,,,,,,,,,,,,,,,1.0,,,,,,,,,,1.0,,,,,,,,,,,,,,,,,,,,,,,,,,,,,,,,,,,,,,,,,,,,,,,,,,,,,,,,,,,,,,,,,,,,,,,,,,,,,,,,1.0,,,,,,,,,,,,,,,,,,,,,,,,,,,,,,,,,,,,,,,
4654,,,,,0.0,0.0,0.0,,,0.0,,,1.0,,,,,,,,1.0,1.0,,,0.0,,,,,,,,,,1.0,,,,0.0,,,,,1.0,,,1.0,,,,,,,1.0,,,,,,,,,,,,,,1.0,1.0,,,,,,,,,,1.0,,,,,,0.5,,,,,,,,,,,,,,,,,,,,0.0,,,,,,,,,,,,,,,,,,1.0,,,,0.0,,,,,,,,,,,,,0.0,1.0,,,,,,,,,,1.0,,,,,,,,,,,,,,,,,,,,,,,,,,,,,,,,,,,,,,,,,,,,,,
4665,,,,,0.5,,0.5,,,1.0,1.0,,1.0,0.5,,,,,,,,0.5,,,0.5,,,,,,,,,,1.0,,,,,0.5,,0.5,,,0.5,,,,1.0,,1.0,0.5,,,,,,,,,,,1.0,0.5,,,,0.5,,1.0,,1.0,,,,,,,,,,,,,0.5,,,0.5,,,,,,,,,0.5,,,,0.5,,,,,,,,,,,1.0,,,,,,,,1.0,,0.5,,1.0,,,,,,,,,,,,,,,,,,,,,,,,,,,,,,,0.5,,,1.0,,0.5,,,,,,,,,,0.5,,,1.0,,,,,,,,,,,,,,,,,,,,,,,,
213,,,,,,1.0,,,1.0,1.0,,,,0.0,,1.0,,,,,,,,,,,,,,1.0,1.0,,0.5,,,,,,,,,,,,,,,,,,,,,,,,,,,,,,,,,,,,,,,,,,,,,,,,,,,,,,,,,,,,,,,,,,,,,,,,,,,,,,,,,,,,,,,,,,,,,,,,,,,,,,,,,,,,,,,,,,,,,,,,,,,,,,,,,,,,,,,,,,,,,,,,,,,,,,,,,,,,,,,,,,,,
225,,,,,,0.5,,,,,,,,,,,,,,,,,,,,,,,,,,,,,,,,,,,,,,,,,,,,,,,,,,,,,,,,,,,,,,,,,,,,,,,,,,,,,,,,,,,,,,,,,,,,,,,,,,,,,,,,,,,,,,,,,,,,,,,,,,,,,,,,,,,,,,,,,,,,,,,,,,,,,,,,,,,,,,,,,,,,,,,,,,,,,,,,,,,,,,,,,,,,,,,
233,,,,,,1.0,,,,,,,,,,,,,,,,,,,,,,,,,,,,,,,,,,,,,,,,,,,,,,,,,,,,,,,,,,,,,,,,,,,,,,,,,,,,,,,,,,,,,,,,,,,,,,,,,,,,,,,,,,,,,,,,,,,,,,,,,,,,,,,,,,,,,,,,,,,,,,,,,,,,,,,,,,,,,,,,,,,,,,,,,,,,,,,,,,,,,,,,,,,,,,,
325,,,,,,1.0,0.0,1.0,,,1.0,,,,0.0,,1.0,1.0,1.0,1.0,0.5,1.0,,,1.0,,,,,0.0,1.0,,0.0,,1.0,1.0,,0.0,,1.0,,,,,,,,,,,,,,,,,,,,,,,,,,,,,,,,,,,,,,,,,,,,,,,,,,,,,,,,,,,,,,,,,,,,,,,,,,,,,,,,,,,,,,,,,,,,,,,,,,,,,,,,,,,,,,,,,,,,,,,,,,,,,,,,,,,,,,,,,,,,,,,,,,,,,,,,,,,,,
401,,,,,,1.0,,,,,,,,,,,,,,,,1.0,,,,,,,,,,,,,,,,,,,1.0,0.5,,,1.0,,,,,,,,,,,,,,,,,,,,,,,,,,,,,,,,,,,,,,,,,,,,,,,,,,,,,,,,,,,,,,,,,,,,,,,,,,,,,,,,,,,,,,,,,,,,,,,,,,,,,,,,,,,,,,,,,,,,,,,,,,,,,,,,,,,,,,,,,,,,,,,,,,,,,,,,
539,,,,,,1.0,,,,,,,,,,,,,,0.0,,,,,,,,,,,,0.0,,,,0.0,,,,,,,,,,,,,,,0.0,,,,,,,,,,,1.0,,,,,,,,,,,,,,,,,,,,,,,,,,,,,,,,,,,,,,,,,,,,,,,,,,,,,,,,,,,,,,,,,,,,,,,,,,,,,,,,,,,,,,,,,,,,,,,,,,,,,,,,,,,,,,,,,,,,,,,,,,,,,,,,,,,,,,,
639,,,,,,1.0,1.0,,,1.0,0.0,,,,,,,,1.0,1.0,0.0,,,,,,,,,1.0,,,1.0,,,,,,1.0,1.0,1.0,1.0,,,,,1.0,,,,1.0,,,,,,,,,0.0,,1.0,1.0,0.0,1.0,,,0.0,1.0,,,,0.5,,,,,,1.0,1.0,,,,,,,,,,,,,,,,,,,,,,,,,,,,,,,,,,,,,,,,,,,,,,,,,,,,,,,,,,,,,,,,,,,,,,,,,,,,,,,,,,,,,,,,,,,,,,,,,,,,,,,,,,,,,,,,,,,,,
675,,,,,,1.0,,,,,,,,,,,,,,,,,,,,,,,,,,,,,,,,,,,,,,,,,,,,,,,,,,,,,,,,,,,,,,,,,,,,,,,,,,,,,,,,,,,,,,,,,,,,,,,,,,,,,,,,,,,,,,,,,,,,,,,,,,,,,,,,,,,,,,,,,,,,,,,,,,,,,,,,,,,,,,,,,,,,,,,,,,,,,,,,,,,,,,,,,,,,,,,
730,,,,,,1.0,1.0,,,1.0,,,1.0,1.0,1.0,,1.0,,,1.0,,,,,,,,,,,,,,,1.0,1.0,,,1.0,1.0,1.0,,,,,,1.0,,,,1.0,1.0,,1.0,,,,,,,,1.0,,1.0,1.0,1.0,,,,,,1.0,1.0,,,,,,1.0,,,,,,,1.0,,,,,,,,,,,,,,,,,,,,,,,,,,,,,,,,,,,,,,,,,,,,,,,,,,,,,,,,,,,,,,,,,,,,,,,,,,,,,,,,,,,,,,,,,,,,,,,,,,,,,,,,,,,,,,,
819,,,,,,1.0,,,,,,,,,,,,1.0,,,,,,,,,,,,,,,,,,,,,,,,,,,,,,,,,,,,,,,,,,,,,,,,,,,,,,,,,,,,,,,,,,,,,,,,,,,,,,,,,,,,,,,,,,,,,,,,,,,,,,,,,,,,,,,,,,,,,,,,,,,,,,,,,,,,,,,,,,,,,,,,,,,,,,,,,,,,,,,,,,,,,,,,,,,,,,,,,,,
835,,,,,,0.5,,,,,0.0,,,,1.0,,1.0,,,1.0,,0.0,,,1.0,,,,,0.0,,1.0,,,,1.0,,,0.0,0.0,,,,,,,1.0,,,,,,,,,1.0,,,,1.0,,,1.0,0.0,1.0,1.0,0.5,,1.0,1.0,,1.0,,,,,,,,,,,,,1.0,,,,,,,,,,,,,,,,,,,,,,,,,,,,,,,,,,,,,,,,,,,,,,,,,,,,,,,,,,,,,,,,,,,,,,,,,,,,,,,,,,,,,,,,,,,,,,,,,,,,,,,,,,,,,,,,
905,,,,,,0.0,,,,1.0,,,,,,,,,,,,,,,,,,,,,,,,,,,,1.0,,,,,,,,,,,,,,,,,,,,,,,,,,,,,,,,,,,,,,,,,,,1.0,,,,,,,,,,,,,,,,,,,,,,,,,,,,,,,,,,,,,,,,,,,,,,,,,,,,,,,,,,,,,,,,,,,,,,,,,,,,,,,,,,,,,,,,,,,,,,,,,,,,,,,,,,,,,,,,,,,,
938,,,,,,0.0,,,,,,,1.0,0.0,0.0,0.0,,,,1.0,,,,,1.0,,,,,,,0.0,,,,1.0,,0.0,1.0,,,1.0,,0.0,,,1.0,,1.0,,,,,,,,,,,,,,1.0,,1.0,,,1.0,,,,,1.0,,,,,,,,1.0,,,,1.0,,,1.0,,,,,0.5,,,,,,,,,,,,,,,,,,,,,,,,,,,,,,,,,,,,,,,,,,,,,,,,,,,,,,,,,,,,,,,,,,,,,,,,,,,,,,,,,,,,,,,,,,,,,,,,,,,,,,,,
945,,,,,,1.0,0.0,1.0,,1.0,,,,,,,1.0,1.0,1.0,,,0.0,,,0.0,,,,,1.0,,,,,,0.0,,,,,,,,,,,1.0,,,,,,,1.0,,,,,,,,,,,,,,,,1.0,,,,,,,,1.0,1.0,,1.0,,,,,,,,,,1.0,,,,,,,,,,,,,,,,,,,,,,,,,,,,,,,,,,,,,,,,,,,,,,,,,,,,,,,,,,,,,,,,,,,,,,,,,,,,,,,,,,,,,,,,,,,,,,,,,,,,,,,,,,
1057,,,,,,0.0,,,,0.0,,,,,,,1.0,,,,,,,,,,,,,,,,,,,,,,,,,1.0,,,0.0,,,,,,,,,,,,,,,,,,,,,,,,,,,1.0,,,,,,,,,0.0,,,,,,,,,,,,,,,,,,,,,,,,,,,,,,,,,,,,,,,,,,,,,,,,,,,,,,,,,,,,,,,,,,,,,,,,,,,,,,,,,,,,,,,,,,,,,,,,,,,,,,,,,,,,,,,,,,,,
1539,,,,,,0.0,,,,,,,,0.0,,,,1.0,0.0,,,,,,,,,,,,,,,,,,,,,1.0,,,,,0.0,,,,,,,0.0,,1.0,,,,,,,,,,,,1.0,,,1.0,,,,1.0,,,,,,,,1.0,,,,,,,,,,,,,,,,,,,,,,,,1.0,,,,,,,,,,,,,,,,,,,,,,,,,,,,,,,,,,,,,,,,,,,,,,,,,,,,,,,,,,,,,,,,,,,,,,,,,,,,,,,,,,,,,,,,,,,,
1641,,,,,,0.0,,,,0.5,,,,,,0.0,,,,,,0.0,,,,,,,,,,,,,,0.5,,,,,,,,,,,,,,,,,,1.0,,,,,,1.0,,,1.0,,,,,,,,,,0.5,,,,,,,,1.0,,,,,,,,,,,,,,1.0,,,,,,,,,,,,,,,,,,,,,,,,,1.0,,,,,,,,,,,,,,,,,,,,,,,,,,,,,,,,,,,,,,,,,,,,,,,,,,,,,,,,,,,,,,,,,,,,,,,,,,,,,
1757,,,,,,0.0,,1.0,,,,,,,,,,,0.0,,0.0,,,,,,,,,0.0,,1.0,,,0.0,,,,,,,1.0,,,,,,,,,,,,,,,,,,,,,,,,,,,,,,,,,,,,,,,,,,,,,,,,,,,,,1.0,,,,,,,,,,,,1.0,,,,,,,,,,,,,1.0,,,,,,,,,,,,,,,,,,,,,,,,,,,,,,,,,,,,,,,,,,,,,,,,,,,,,,,,,,,,,,,,,,,,,,,,,,,,,
1787,,,,,,0.0,,,,1.0,,,,0.0,,,,,0.0,,,1.0,,,,,,,,,,,,,,,,,,,,1.0,,0.5,,,,,,,,,,,,,,,,,,,,,,,,,,,,,,,,,,,,,,,,,,,,1.0,,,,,,,,,,,,,,,,,,,,,,,,,,,,,,,,,,,,,,,,,,,,,,,,,,,,,,,,,,,,,,,,,,,,,,,,,,,,,,,,,,,,,,,,,,,,,,,,,,,,,,,,,,,,,
1825,,,,,,0.0,,,,,,,,,,,,,,,,,,,,,,,,,,,,,,,,,,,,,,,,,,,,,,,,,,,,,,,,,,,,,,,,,,,,,,,,,,,,,,,,,,,,,,,,,,,,,,,,,,,,,,,,,,,,,,,,,,,,,,,,,,,,,,,,,,,,,,,,,,,,,,,,,,,,,,,,,,,,,,,,,,,,,,,,,,,,,,,,,,,,,,,,,,,,,,,
2148,,,,,,0.0,,1.0,,,,,,,,,1.0,1.0,,,0.0,0.0,,,,,,,,,,,,,0.0,0.0,,0.0,1.0,,,1.0,,0.0,,,0.0,,1.0,,,0.0,,1.0,,1.0,,,,1.0,,,,,,1.0,,0.0,1.0,,,,1.0,,,,,0.0,,,,,,,,,,,,,0.0,,,,,,,,,,,,,,1.0,,1.0,,,,,,,,,,,,,,,,0.0,0.0,,,1.0,,1.0,,,,,,,,,,,,,,,,,,,,,,,,,,,,,,,,,,,,,,,,,,,,,,,,,,,,,,,,,,,,,,,,,,,,
2178,,,,,,0.0,,,,,,,,,,,,,1.0,,,1.0,,,0.0,,,,,,,,0.0,,,,,,,,,,,,,,,,1.0,,1.0,,,,,,,,,,,,1.0,1.0,,,,,1.0,,,1.0,1.0,,,,,,,,,,,,,,,0.0,,,,,,,,,,,,,,,,,,,,,,,,,,,,,,,,1.0,0.0,,,,,,,,,,,,,,,,,,,,,,,,,,,,,,,,,,,,,,,,,,,,,,,,,,,,,,,,,,,,,,,,,,,,,,,,,,,,
2291,,,,,,0.0,0.0,,,,,,1.0,,,,1.0,1.0,0.0,,,0.0,,,,,,,,,,0.0,,,1.0,,,,1.0,1.0,,0.0,,,,,,,,,,,,1.0,,,,,,,,1.0,,1.0,1.0,1.0,,,,,,,1.0,,,,,,,,0.0,,,,,,,,,,1.0,,1.0,,,,,,,,,,,,,,,,,,,,,,,,,,,,,1.0,1.0,,,,,,,,,,,,,,,,,1.0,,,,,,,,,,,,,,,,,,,,,,,,,,,,,,,,,,,,,,,,,,,,,,,,,,,,,,,,,
2351,,,,,,1.0,,,1.0,,,,,1.0,,,1.0,,,,0.0,,,,,,,,,0.0,0.0,,,,1.0,1.0,,1.0,1.0,1.0,1.0,,,,,,,,,,,,,,,1.0,,,,,,,,,,1.0,,,1.0,,,1.0,,,,,,,,,,,,,,,,1.0,,,1.0,,,,0.0,,1.0,,,,1.0,,,,,,,,,1.0,,1.0,,,,,,,,,1.0,,1.0,,,,,,1.0,,,,,,,,,,,,,,,,,,,,,,,,,,,,,,,,,,,,,,,,,,,,,,,,,,,,,,,,,,,,,,,,,,,,
2355,,,,,,0.0,,,0.0,,,,1.0,,,,,1.0,,,,,,,0.0,,,,,,,,0.0,,,0.0,,1.0,,,,,,1.0,,,,,,,,,,,,,,,,,,,,,,,,,,,,,,,,,,,0.0,,,,,,1.0,,,,,,,,,,,,,,,,1.0,,,,,,,,,1.0,,,,,,,,,,,,,,,,,,,,,,,,,,,,,,,,,,,,,,,,,,,,,,,,,,,,,,,,,,,,,,,,,,,,,,,,,,,,,,,,,,,,,,,
2423,,,,,,1.0,,,0.0,,,,,0.0,,,,,,,,,,,1.0,,,,,,,1.0,,,1.0,,,,,,,,,1.0,,,1.0,,,,,,,1.0,,,,,,,,,,,,,,,,,,,,,,,,,,,,,,,,,,,,,,,,,,,,,,,,,,,,,,,,,,,,,,,,,,,,,,,,,,,,,,,,,,,,,,,,,,,,,,,,,,,,,,,,,,,,,,,,,,,,,,,,,,,,,,,,,,,,,,,,,,,,,,,
2504,,,,,,0.0,,1.0,,,,,,,,,,1.0,,0.0,,,,,,,,,,,,,,,,,,1.0,,,,0.0,,,,,,,,,,,,,,1.0,,,,,,1.0,,,,,,,1.0,,,,,,,,,,,,,,,,,,,,,,,,,,1.0,,,,,,,,,,1.0,,,,,,,,,,,,,,,,,,,1.0,,,,,,,,,,,,1.0,,,,,,,,,,,,,,,,,,,,,,,,,,,,,,,,,,,,,,,,,,,,,,,,,,,,,,,,,,,,,
2569,,,,,,0.0,,,,,,,,,,0.0,,,,0.0,,,,,,,,,,,,0.5,,,,,,,,1.0,,,,,,,0.0,,,,1.0,,,,,,,,,1.0,,,,,,,,,,,,1.0,,,,,,,,,,,,,,,,,,,,,,,,,,,,,1.0,,,,1.0,,,,,,,,,,,,,,,,,1.0,,1.0,,,,,,,,,,,,,,,,,,,1.0,,,,,,,,,,,,,,,,,,,,,,,,,,,,,,,,,,,,,,,,,,,,,,,,,,,,,,
2732,,,,,,1.0,1.0,1.0,,0.5,0.5,,,1.0,,,,,,,,1.0,,,,,,,,1.0,0.0,,,,,0.0,,1.0,,,,,,0.5,,,,,1.0,,1.0,,,1.0,,,,,,1.0,,,,,,,,,,1.0,,,1.0,,,,,,,,1.0,,,,,,,,,,1.0,,1.0,,1.0,,,,,,1.0,,,,1.0,,,,,,,1.0,,,,,,,,,,,,1.0,,,,,1.0,,,,,,,,,1.0,,1.0,,,,,1.0,,,,,,,,,,,,,,,,,,,,,,,,,,,,,,,,,,,,,,,,,,,,,,,,,,,,
2752,,,,,,0.0,,1.0,,0.0,1.0,,,,,,,1.0,,,,,,,,,,,,,0.0,,,,,,,,,1.0,,,,1.0,,,1.0,,,,0.0,,,,,,,,,1.0,,,,,,0.0,,1.0,,,,,,,,,,,,,,,,,,,,1.0,,,1.0,,,,,,,,,,,,,,,,,,,1.0,,,,,,,,,,,,,,,,,1.0,,,,,,,,,1.0,,,,,,,,,,,,,,,,,,,,,,,,,,,,,,,,,,,,,,,,,,,,,,,,,,,,,,,,,,,,,
2769,,,,,,0.0,0.0,,,1.0,,,,,,,,,0.0,,,,,,,,,,,,,,,,0.0,1.0,,,,,,,,1.0,,,1.0,,,,,,,,,1.0,,,,,,,,,,1.0,1.0,,1.0,,,,1.0,,,,,,,,1.0,,,,1.0,,,1.0,,,,,1.0,,,,,,,,,,,,,,,,,1.0,,,,,,,,,,,,,,1.0,,,1.0,,1.0,,,,,,,1.0,,1.0,,1.0,1.0,,,,,,,,,,,,,,,,,,,,,,,,,,,,,,,,,,,,,,,,,,,,,,,,,,,,,,,,
2800,,,,,,1.0,,,,,,,,,,,,,,,,,,,,,,,,,1.0,,,,,,,,,,,,,,,,,,,,1.0,,,,,,,,,,,,,,,1.0,,,,,,,,,,,,,,,,,,,,,,,,,,,,,,,,,,,,,,,,,,,,,,,,,,,,,,,,,,,,,,,,,,,,,,,,,,,,,,,,,,,,,,,,,,,,,,,,,,,,,,,,,,,,,,,,,,,,,,,,,,,,,,,,,,,
2891,,,,,,0.0,,,,,,,1.0,,,,,,,,,,,,,,,,,,,,,,,,,,,,,,,,,,,,,,,,,1.0,,,,,,,,,,,,,1.0,,,,,,,,,,,,,,,,,,,,,,,,,,,,,,,,,,,,,,,,,,,,,1.0,,,,,,,,,,,,,,,,,1.0,,,,,,,,,,,,,,,,,,,,,,,,,,,,,,,,,,,,,,,,,,,,,,,,,,,,,,,,,,,,,,,,,,,,
2961,,,,,,0.0,0.0,,1.0,,0.0,,0.0,0.5,0.5,0.5,0.0,0.0,0.0,,0.0,0.5,,,,,,,,0.0,0.0,0.0,0.5,,,0.0,,1.0,1.0,,1.0,1.0,,,,,1.0,,0.5,,1.0,1.0,,,,1.0,,,,,,1.0,1.0,1.0,,1.0,1.0,,,0.5,,0.5,,,,,,,0.5,,,,,,,,,1.0,,,0.5,,1.0,,0.0,,1.0,,,,0.0,,,,1.0,,,,,1.0,,,,,,,,,,1.0,0.0,1.0,0.5,1.0,,,1.0,,0.5,,,,,1.0,,1.0,,1.0,,,1.0,1.0,,1.0,0.5,0.5,,,,,1.0,1.0,,,,,,,,,,,,,,,,,,,,,,,,,,,,,,,,,,,,,,,,,,,,,
3028,,,,,,0.0,,1.0,,,,,1.0,,,,,,,,,1.0,,,,,,,,,0.0,,,,,,,,,1.0,,,,,0.0,,,,,,0.0,,,,,0.5,,,,,,,,,,1.0,,,,,,,,,,,,,0.0,,,,,,1.0,,,,,,,,,,,,,,,,,,,,,,1.0,,,1.0,,,,,,,,,,,,,,,,,,,,,,,,,,,,,,,,,,,,,,,,,,,,,,,1.0,,,,,,,,,,,,,,,,,,,,,,,,,,,,,,,,,,,,,,,,
3042,,,,,,1.0,,,,,,,,1.0,1.0,,,,0.0,1.0,,,,,,,,,,0.0,,,,,,0.0,,,,,,,,,,,,,,,,,,,,,,,,,,,,,0.0,,,,1.0,,,1.0,,,,,,,,,,,,,,,,,,,,,1.0,,,,,,,,,,,,,,,,,,,1.0,,,,,,,,,,,,1.0,,,,,1.0,,,,,,,,,,,,1.0,,,,1.0,1.0,,,,,,,,,,,,,,,,,,,,,,,,,,,,,,,,,,,,,,,,,,,,,,,,,,,
3108,,,,,,1.0,,,,,,,,,,,,1.0,,,1.0,,,,,,,,,,,,,,,,,,,,,,,,,,,,,,,,,1.0,,,,,,,,,,,,,,,,,,,1.0,,,,,,,,,,,,,,,,,,,,1.0,,,,,,,,,,,,,,,,,,,,,,,,,,,1.0,,1.0,,,,,,,,,,,,,,,,1.0,,,,,,,,,,,,,,,,,,,,,,,,,,,,,,,,,,,,,,,,,,,,,,,,,,,,,,,,,,,
3193,,,,,,0.5,,,,0.0,,,,0.5,,0.5,,,,1.0,,,,,,,,,,,,0.5,,,,1.0,,,,,1.0,,,1.0,,,,,,,,,,,,,,,,,,1.0,0.0,,,1.0,,,1.0,,,0.0,,,,,,,,,,,,,0.5,,,,,,,,,,,,,,,,1.0,,,,,,,,,,,,,,,,,,,,1.0,,,,,,,,,,,,,,,,,,,,,1.0,,,,,,,,,,,,,,,,,,,,,,,,,,,,,,,,,,,,,,,,,,,,,,,,,,,,,,,
3248,,,,,,0.0,,,1.0,,,,,,,,,,,,1.0,,,,,,,,,,,,,,,,,,,,1.0,1.0,,,,,,,,,,1.0,,,,1.0,,,,1.0,,,,,,,,,,,,,,,,,,,,,1.0,,,,,,,,,,,,0.0,,,,1.0,,,,,,,,,,,,,,,1.0,,,,,,,,,,,,,,,1.0,,,,,,,,,,,,,,,,,,,1.0,,,,,1.0,,,,1.0,,,,,,,,,,,,,,,,,,,,,,,,,,,,,,,,,,,,,,,,,,
3271,,,,,,1.0,,,,,,,1.0,0.5,0.0,,,,1.0,0.5,0.0,0.5,,,,,,,,,0.0,,,,0.5,,,1.0,0.5,0.5,,,,,,,,,0.5,,1.0,,,,,,,,,,,,1.0,,1.0,,0.0,,1.0,,,0.0,0.5,,,,,,1.0,,,,,,0.0,,,,,,,,0.0,,,,0.5,,,,1.0,,,,,,1.0,,,0.0,,,,,,,,,,,,0.0,0.5,0.5,,,,,,,,,,0.0,,,,,,1.0,0.5,,,1.0,0.0,,,,,,0.5,,,0.5,,,,,,,,,,,,,,,,,,,,,,,,,,,,,,,,,,,,,,,,,,,
3326,,,,,,0.5,,,,,0.5,,,,,,,,,,,,,,,,,,,,,,,,,,,,,0.5,,1.0,,,,,1.0,,,,,,,,,,,,,,,,1.0,,1.0,,,,,,,1.0,,,,,,,,,0.5,,,,,,,,,,,,,,,,,,,,,,,,,,,,,,,,,,,,,,,1.0,0.5,,,,,,,,,,,,,,,,,,,,,,,,,,,,,,,,,,,,,1.0,,,,,,,,,,,,,,,,,,,,,,,,,,,,,,,,,,,,,,,
3348,,,,,,1.0,,,,,,,,,,,,,,,,,,,,,,,,,,1.0,,,1.0,,,,,,1.0,,,,,,1.0,,,,1.0,1.0,,,,,,,,,,1.0,1.0,,,,,,,,,,,,,,,,,,,,,,1.0,,,1.0,,,1.0,,,,,,,,,,1.0,,,,1.0,,1.0,,,,,1.0,,,,,,,,,1.0,,,,,,,,,,,,,1.0,,1.0,,,,1.0,,,,,,,,,,,1.0,,,,,,,,,,1.0,,,,,,,,,,,,,,,,,,,,,,,,,,,,,,,,,,,,
3416,,,,,,1.0,1.0,,,1.0,,,,0.5,0.5,,,1.0,1.0,,1.0,,,,0.5,,,,,,1.0,1.0,,,0.5,,,0.5,,0.5,0.5,1.0,,,1.0,,,,1.0,,,,,0.5,,0.5,,,,,,,1.0,,1.0,1.0,,,,,,0.0,0.5,,,,,,1.0,,,,,,,,,,,,,,,,,,1.0,,,,,,,,1.0,,,,,0.0,,1.0,,,,,,,,,0.5,0.5,,0.5,,,0.5,,0.5,,,,,0.5,,,,,,0.5,,1.0,,1.0,0.0,,,,,,,,,,0.5,,0.0,0.0,,,1.0,0.5,0.5,,,0.5,,,,,,,,,,,,,,,,,,,,,,,,,,,,,,,
3480,,,,,,0.5,,,0.5,,,,,0.5,,,,,,,,,,,,,,,,,,,,,,,,,,,,,,,,,,,,,,0.5,,,,,,,,,,,,,,,,,,,,,,,,,,1.0,,,,,,,,,,0.5,,,1.0,,,,,,,,,,,,,,,,,,,,,,,,,,,,,,0.5,,,,,,,,,,,,,,,,,,,,,,,,,,,,,,,,,,,,,,,,,,,,,,,,,,,,,,,,,,,,,,,,,,,,,,,,,,,,
3542,,,,,,1.0,,,,,,,1.0,,0.0,,,,,,,,,,,,,,,,,,1.0,,,,,,,0.0,,,,,,,,,0.0,,0.0,,,1.0,,,,,,,,,,,,1.0,,,1.0,,,,,,,,,,,,,,,,,,,,,,1.0,,,,,,,,,,,,,,,,1.0,,,1.0,,1.0,,,,,,,,,,,1.0,,,,,,,,,,,,,,,,,,,1.0,,,,,,,,,,1.0,,,,,0.0,1.0,,,,,,,0.0,,,,,,,,,,,,,,,,,,,,,,,,,,,,,,,,
3550,,,,,,1.0,0.0,1.0,1.0,,,,1.0,,,,,,,,0.0,0.0,,,0.0,,,,,,,0.0,0.0,,0.0,,,1.0,,1.0,1.0,0.0,,0.5,1.0,,1.0,,1.0,,0.0,1.0,,,,1.0,,,,1.0,,,1.0,,,1.0,1.0,,1.0,,,1.0,,,,,,,0.0,,0.0,,,,1.0,,,,,,1.0,,,,,,,,,,0.0,,,,0.0,,,,,,,1.0,,,,,,,,1.0,0.0,1.0,0.0,,,,1.0,,1.0,,,,,1.0,,,,1.0,,,1.0,1.0,,1.0,1.0,1.0,,,,,0.0,,,1.0,0.0,,,1.0,,1.0,,1.0,0.5,,0.0,,,,,,,,,,,,,,,,,,,,,,,,,,,,,,,,
3560,,,,,,1.0,,,,,,,,,,0.5,,,,,,,,,,,,,,1.0,,,,,,,,,,,,,,,,,,,,,,,,,,,,,,,,,,,,,,,,,,,,,,,,,,,,,,,,,,,,,,,,,,,,,,,0.5,,,,,,,,,,,,,,,,,,,,0.5,,,,,,,,,,,,,,,,,,,,,,,,,,,,,,,,,,,,,,,,,,,,,,,,,,,,,,,,,,,,,,,,,,,,,,,,,,,,
3657,,,,,,0.0,,,,,,,,,,,,,,,0.0,,,,0.0,,,,,,,,,,,,,,,,,,,,,,0.5,,0.5,,,,,1.0,,,,,,,,,,,,,,,,,,,,,,,,1.0,,,,,,,,,,,,,,,,,,,,,,,,,,,,,,,,0.5,,0.5,,,,,,,,,,,,,,,,,,,,,,,,,,,,,,0.5,,1.0,,,,,,,,,,,,,,,,1.0,,,0.5,,,,,,,,,,,,,,,,,,,,,,,,,,,,,,,,,,
3762,,,,,,0.5,,,,,,,,,,0.5,1.0,,,,,,,,,,,,,,,,,,,,,,,,,,,,,,,,,,,,,1.0,,,,,,,,,,,,,,,,,,,0.5,,,,,,,,,,,,,,,,,,,,,,,,,,,,,,,,,,,,,,,,,,,,,,,,,,,,,,,,,,,,,,,,,,,,,,,,,,,,,,,,,,,,,,,,,,,,,,,,,,,,,,,,,,,,,,,,,,,,,,,,,,,,
3801,,,,,,0.0,1.0,,,,,,,,,,,,,,,,,,,,,,,,,0.0,,,0.0,,,,,,,1.0,,,,,,,,,,,,,,,,,,,,,,,1.0,,,,,,,,,,,,,1.0,,,,,,,,,,,,,0.5,,,,,,,,,,,,,,,,,,,,,,,,,,,,,,,,0.0,,,,,,,,,,,,,,,1.0,,,,,,,,,,,,,0.0,,,,,,,,,,,1.0,,,,,,,,,,,,,,,,,,,,,,,,,,,,,,,,,,,
3884,,,,,,1.0,,1.0,,,,,,,,,,,,,1.0,,,,,,,,,,,0.5,,,1.0,,,,,1.0,,,,,1.0,,,,0.5,,1.0,1.0,,,,,,,,,,,,,1.0,,,1.0,,,,,,,,,,,,,,,,,,,,,,,,,0.5,,,,,,,,,,,,,,,,,,,,,,,,,,,,,0.5,,,,,,,1.0,,,,,,,,,1.0,,,,1.0,,,,,,,,,,1.0,,,,,,,,,,,,,0.5,,,,,1.0,,,,,,,,,,,,,,,,,,,,,,,,,,,
3922,,,,,,0.5,1.0,,0.5,1.0,0.5,,,0.5,,1.0,1.0,,,,0.5,0.5,,,,,,,,,0.5,,1.0,,,,,,,,,1.0,,0.5,0.5,,,,0.5,,0.5,,,,,,,,,0.5,,1.0,0.5,0.5,1.0,1.0,,,,,,,0.5,,,,,1.0,0.5,,0.5,,,,0.5,,,,,,,,,,0.5,,,,,,1.0,,,,1.0,,1.0,,,,,,,,,,,,,0.5,,,1.0,,,,,,0.5,,,,,,,,,0.5,,1.0,,1.0,,0.5,0.5,0.5,,,,,0.5,,,,,,0.5,,,,,,,,,1.0,,,,,,0.5,,0.5,,,,,,,,,,,,,,,,,,,,,,,
3986,,,,,,1.0,1.0,,1.0,,,,0.0,,,1.0,1.0,,,,,,,,,,,,,,,,,,1.0,,,,,0.0,,1.0,,0.0,,,,,,,,,,,,1.0,,,,1.0,,,,,1.0,,,,,0.0,,,,,,,,,,,,,,,,,,,,,,,,,,,,,,,,,,,,,,,,,,,,,,,,,,,,,,,,,,,,,,,,0.5,,,,,,,1.0,,,0.5,,,,,,,,,,,,,0.5,,,,,,0.5,,,1.0,,,,,,0.0,,,,,,,,,,,,,,,,,,,,,,,,,
4047,,,,,,1.0,,,,,,,,,,,,0.5,,,,,,,0.5,,,,,,,,,,,,,,,,,,,,0.0,,,,,,,,,,,,,,,,,,,,1.0,,,,,1.0,,,,,,,,1.0,,,,,,,,,,,,,,,,,,,,,,,,,,,,,,,,,,,,,,,,,,,,,,,,,,,,,,,,1.0,,,,,,,,,,1.0,,,,,,,,1.0,,,,,,,,,,,,,,0.5,,,,,,,1.0,,,,,,,,,,,,,,,,,,,,,,,,
4060,,,,,,0.0,0.0,,,,,,,1.0,,,,,,,,,,,,,,,,,,,,,,,,,,,,0.0,,,,,,,,,,1.0,,,,,,,,,,,,,1.0,,,,,,,,1.0,,,,,,,,,,,,,,,,,,,,,,,,,,,,,,,,0.5,,,,,,,,,,,,,,,,,,,0.0,,,,,,,,,,,,,,,,,,,,,,,,,,,,,,,,,,,,,,1.0,,,,,,,,,1.0,,,,,,,,,,,,,,,,,,,,,,,,,,
4077,,,,,,0.5,,0.5,,,0.5,,0.5,,,0.5,,,,0.5,,,,,,,,,,0.5,0.0,,,,0.5,,,,,,1.0,1.0,,,0.5,,,,0.5,,,,,,,,,,,,,,,,,1.0,,,0.5,0.5,,,,,,,,,,,,,,,,,,,,,0.5,,,,,,,,,,0.5,,,,,,,,,,,,,,,,,,,,,,,0.5,,,0.5,,0.5,,,,,,,,,,,,0.5,,,1.0,0.5,,,,,,,,,,,,0.0,,,,0.5,,,,0.5,,,,,,,,,,,,,,,,,,,,,,,,,,,,,,,,
4087,,,,,,1.0,,,,,,,,,,,,,,,,,,,,,,,,,,,,,,1.0,,,,,,,,0.0,1.0,,,,0.5,,,,,,,,,,,,,,,,,,,,,,,,,,,,,1.0,,,,,,,,,,,,,,,,,,,,,,,,,,,,,,,,,,,,,,,,,,,,,,,,,,,,,,,,,,1.0,,1.0,,,,,,,,,,,,,,,,,1.0,,0.0,,,,,,,,,,,,,,,,,1.0,,,,,,,,,,,,,,,,,,,,,,,
4180,,,,,,0.5,,,,,,,,,,,1.0,,0.5,,,0.5,,,,,,,,,,0.5,,,,,,,,,,,,,,,,,,,,,,,,,,,,,,,,,,,0.5,,,1.0,,,,,,,,,,,,,,,,,,,,,,,,,,,,,,,,,,,,,,,,,,,,,,,,,,,,,,,,,,,,,,,,,,,,,,,,,,,,,,,,,,,,,,,,,,,,,,,,,,,,,,,,,,,,,,,,,,,,,,,,,,,,,,,
4225,,,,,,0.5,0.5,1.0,1.0,,0.0,,,,,,1.0,1.0,0.0,0.0,0.0,1.0,,,,,,,,1.0,0.0,,,,1.0,,,,1.0,,1.0,1.0,,,0.0,,,,,,0.0,,,1.0,,,,,,,,,1.0,,1.0,,1.0,1.0,1.0,1.0,,1.0,1.0,,,,,,1.0,,,,,,,,,,,,,,,,,,,,,,,,,,,,1.0,,,1.0,,,,,,,,,,1.0,0.5,1.0,1.0,,,,1.0,,0.5,,,,,,,1.0,,1.0,,1.0,,1.0,,1.0,,0.0,,,,,,,,,,,,,,,,,,,,,,,,,,,,1.0,,,,,,,,,,,,,,,,,,,,,,,
4239,,,,,,1.0,,,,,,,,,,,,,,,,,,,,,,,,,,,,,,,,,,,,,,,1.0,,,,1.0,,,,,,,,,,,,,0.5,,,,,,,,,,,,,,,,1.0,,,,,,,,,,0.5,,,,,,,,,,,,,,,,,1.0,,,,,,,,,,,,,,,,,,,,,,,,,,,,,,,,,,,,,,,,,,,,,,,,,,,,,,,,,,,,,,,,,,,,,,,,,,,,,,,,,,,,,,,,,,,,
4257,,,,,,1.0,,,,,,,,,,,,,0.5,,,,,,,,,,,,,0.5,,,0.5,0.5,,,,,,,,,,,,,,,,,,,,,,,,1.0,,,,,,,,,0.5,,,,,,,,,,,,,,,,,,,,,,,,,,,,,,,,0.5,,,,,,,,,,,,,,,,,,,,,,,,,,,,,,,,,,,,,,,,,,,,,,,,,,,1.0,,,,,,0.0,,1.0,,,,,,,,,,,,0.0,,,,,,,,,,,,,,,,,,,,,,,,,
4290,,,,,,1.0,,1.0,,,,,,1.0,,,,1.0,,,,,,,,,,,,,,0.0,,,,,,,,,,,,,,,,,,,,,,,,,,,,,,1.0,,,,,,1.0,1.0,,,,,,,,,,,,,,,,,,,,,,1.0,,,,,,,,,,,,,,,,,,,,,,,,,,,,,1.0,0.0,,,,,,,,,,,,,,,,,,,,,,,1.0,,,,,,,,,,,,,,,,,,,,,,,,,,,0.5,,,,1.0,,,,,,,,,,,,,,,,,,,,,,
4304,,,,,,1.0,,,1.0,,1.0,,0.0,0.5,,0.0,,0.5,,,,1.0,,,1.0,,,,,0.0,0.0,,,,1.0,1.0,,,1.0,,,1.0,,,,,1.0,,,,,,,1.0,,0.5,,,,,,,,,,,,,,,,,,,,,,,1.0,,,,,,,,,,,,,,,,,,,,,,,,,,,,,,,0.0,,1.0,,,,,,,,,,,,0.5,,,,,,,,,,,,,,,,1.0,,,,,,,,,,,,1.0,,1.0,,,,,,,,,,,,,,,,1.0,,,1.0,,1.0,,,,,,,,,,,,,,,,,,,,,,
4355,,,,,,1.0,0.0,,1.0,,,,,,0.5,0.5,,,0.5,1.0,,,,,,,,,,,,0.0,1.0,,1.0,,,0.0,,,1.0,,,,0.0,,1.0,,,,0.0,0.0,,1.0,,1.0,,,,1.0,,,1.0,1.0,1.0,1.0,0.5,,1.0,,,1.0,0.5,,,,,,,,0.5,,,,1.0,,,,,,1.0,,,,0.0,,,,,,,,,,,,1.0,,,,,1.0,,,,,,,,0.5,,,,,,,0.0,,,,,,,1.0,,1.0,,1.0,,,,,,,,,,,,,1.0,1.0,,,1.0,,,,,,,0.0,,,1.0,,,,,,,0.0,,1.0,,,,,,,,,,,,,,,,,,,,,,,
4377,,,,,,1.0,,,,,,,,,,,,,,,,1.0,,,1.0,,,,,1.0,,,,,,,,1.0,,1.0,,,,,1.0,,1.0,,,,,,,,,,,,,0.0,,,,,,1.0,,,1.0,,,,,,,,,,,,0.0,,,,0.0,,,,,,,,,,1.0,,,,,,,,,,,,,,,0.0,,0.5,,,,,,,,,,0.0,,,,,,,,,,,,,,,,0.0,,,0.0,1.0,,1.0,,,,,,,,,,,0.5,,,,,,,,,,,,,,,,0.5,,,,,,,,,,,,,,,,,,,,,,,,,,
4415,,,,,,0.5,,1.0,,,,,,,,,,,,,,,,,,,,,,,,,,,,,,,,,,,,,,,,,,,,,,,,,,,,,,,,,,,,,,,,,,,,,,,,,,,,,,,,1.0,,,1.0,,,,,,,,,,,,,,,,,,,,,,,,,,,,,,,,,,,,,,,,,,,,,,,,,,1.0,,,,,,,,,,,,,,,,,,,0.5,,,,,,,,,,,,,,,,,,,,,,,,,,,,,,,,,,,,,
4417,,,,,,1.0,,,,,,,,,,,,,,,,,,,,,,,,,,,,,,,,,,,,,,,,,,,,,,,,,,,,,,,,,,,,,,,,0.5,,,,,,,,,,,,,,,,,,,,,,,,,,,,,,,,,,,,,,,,,,,,,,,,,,,0.0,,,,,,,,,,,,,,,,,,,,,,,,,,,,,,,,,,1.0,,0.0,,,,,,,,,,,,,,,,,,1.0,,,,,,,,,,,,,,,,,,,,,,
4420,,,,,,0.5,,,,,,,,,,,0.5,,,,,0.5,,,0.5,,,,,0.5,,,,,,,,,,,,,,,,,0.5,,,,,,,0.5,,,,,,,,,0.5,,,,,,,0.5,,,0.5,,,,,,,,,,,,0.5,,,0.5,,,,,,,,,,,,,,,,,0.5,,,,,,,,,,,,,,,,0.5,0.5,,0.5,,,,,,,,,,,,,,,,,,,,,,,,,,,,,,,,,,,,,,,,,,0.5,,,,0.5,0.5,,,,,,,,,,,,,,,,,,,,,,,,,,
4430,,,,,,1.0,,1.0,0.5,,,,,0.0,1.0,,,1.0,,,,,,,,,,,,1.0,0.5,,,,,1.0,,1.0,,0.5,1.0,,,0.0,,,,,0.5,,1.0,,,0.5,,1.0,,,,1.0,,,,,,,,,1.0,0.5,,,,,,,,,,,,,,,1.0,,,,,,,,0.5,,,,,,,,1.0,,,,,,1.0,,,,,,,,,,,,,,,,1.0,,,,1.0,,,,,,,1.0,,1.0,,1.0,,,1.0,1.0,,,,1.0,,,,,1.0,,,,0.5,,0.0,,,,,,,,,,,,,,,,,,,,,,,,,,,,,,,,,,,,,,,,
4440,,,,,,1.0,,,,,0.0,,,,,,,,,,,,,,,,,,,1.0,,,,,,,,,,,,,,,,,,,,,,,,,,,,,,,,,,,,,,,,,,,,,,,,,,,,,,,,,,,,,,,,,,,,,,,,,,,,,,,,,,1.0,,,,,,,,,,,,,,,,,,,,,,,,,,,,,,,,,,,,,,,,,,,,,,1.0,,,,,,,,,,,,,,,,,,,,,,,,,,,,,,,,,,,,,,,
4450,,,,,,0.0,,,0.5,,0.5,,,0.5,,0.0,,0.5,,0.0,,,,,,,,,,,,,,,0.5,,,,,1.0,1.0,,,1.0,,,,,,,,,,,,0.5,,,,,,,,,0.5,1.0,,1.0,,,,1.0,,,,,,,,,,,,,,,,1.0,,,1.0,,,,1.0,,,,,,,,,,,,,,,,,1.0,,,,,,,,1.0,,1.0,,,,,,,,,,,,1.0,,,,,,,1.0,,,,,,,,,,,,,,,,,,,,,,,,0.0,,,,,,0.5,,,1.0,,,,,,,,,,,,,,,,,,,,,,,
4452,,,,,,1.0,,,,,,,,,,0.5,,,,,,,,,,,,,,,,,,,,,,,,,,1.0,,0.5,,,,,,,,1.0,,,,,,,,,,,,,1.0,,,,,,,0.5,,,,,,,,,,,,,,,,,,,,,,,,,,,,,,,,,,,,,,,,,,,,,,,,,,,,,,,,,,,,,,,,,,,,,,,,,,,,,,,,,,,,,,,,,,1.0,,,,,,,,,0.5,,,,,,,,,,,,,,,,,,,,,,,,,,
4492,,,,,,1.0,,,,,,,,,,,,,,,,,,,,,,,,,,,,,,,,,,,,,,,,,,,,,,,,,,,,,,,,,,,,,,,,,,,,,,,,,,,,,,,,,,,,,,,,,,,,,,,,,,,,,,,,,,,,,,,,,,,,,,,,,,,,,,,,,,,,,,,,,,,,,,,,,,,,,,,,,,,,,,,,,,,,,,,,,,,,,,,,,,,,,,,,,,,,,,,
4501,,,,,,0.5,,,1.0,0.0,,,,,,,1.0,,,,0.5,,,,0.5,,,,,1.0,0.0,,,,,,,,1.0,,,,,1.0,,,,,,,,0.5,,,,,,,,,,,,1.0,,1.0,,1.0,,,,,,,,,,,,,,,,,,,,,,,,,,,0.5,,,,,,,,,,,,,,,,,1.0,,,,,,,,1.0,0.0,,,,,,,,,,,,,1.0,,,,1.0,,,1.0,,,,,,,,,,1.0,,,,,,0.5,,,,,,,,,,,,,,,,,,,,,,,,,,,,,,,,,,,,,,,,
4512,,,,,,1.0,,0.5,1.0,,,,,,0.5,0.5,,,,,,,,,1.0,,,,,1.0,,1.0,,,,,,,,,,,,,,,,,,,1.0,,,,,0.5,,,,,,,,,,,,,,,,,0.5,,,,,,1.0,,,,,,1.0,,,,,,,,,,,,,,,,,,,,,,,,,,,,,,,,,,,,,0.5,1.0,,,,,,1.0,,,,,1.0,,1.0,,,,,,,,,,,,,,,,,,,0.5,,,1.0,,,,,,,,,,,,,,,1.0,,,,,,,,,,,,,,,,,,,,,,,,
4518,,,,,,0.5,,,1.0,,,,,0.0,1.0,,,,0.0,,,,,,,,,,,0.0,,,0.0,,,0.0,,,,,,1.0,,,0.0,,,,,,,,,1.0,,,,,,1.0,,1.0,,,,,,1.0,1.0,,,,,,,,,,,,,,,,,,,,,,,,,,,,,,,,,,,,,,,,,,,,,,,,,,,,,,0.0,,,,,,,,,,,1.0,,1.0,,,,,1.0,1.0,,,,0.5,,,,,,,,,1.0,,,,,,,,,,,,,,,,,,,,,,,,,,,,,,,,,,,,,,,,,,
4521,,,,,,0.5,,,0.5,,,,0.5,0.5,0.5,0.5,,,0.5,,0.5,0.5,,,0.5,,,,,,0.5,0.5,,,0.5,,,0.5,,0.5,,,,,0.5,,,,,,0.5,0.5,,,,,,,,,,,0.5,,0.5,0.5,0.5,,0.5,,,,,,,,,0.5,,,,,,,0.5,,,0.5,,,0.5,,0.5,,0.5,,0.5,,,,0.5,,,,,,,,,0.5,,,,,,,,,,,0.5,0.5,,0.5,,,,,0.5,,,,,,,,,0.5,,0.5,0.5,,,0.5,,0.5,,,,,0.5,,,,0.5,,0.5,0.5,,,,,0.5,,0.5,0.5,,,,0.5,0.5,,,0.5,0.5,,,,,,,,,,,,,,,,,,,,,,
4549,,,,,,0.5,,,,,,,,,,,,,,,,,,,,,,,,0.5,,,,,,0.0,,,,,,,,0.5,,,,,,,,,,,,,,,,,,,,,,,,,,,,,1.0,,,,,,,,,,,,,,,,,,0.5,,,,1.0,,,,,,,,,,,,,,,1.0,,,,,,,,,,,,,,,,,,,1.0,,,,,,,,,,,,,,,,,,,,,,,,,,,,,,,,,,,,,,,,,,,,,,0.0,,,,,,,,,,,,,,,,,,,,,,
4550,,,,,,0.5,0.5,1.0,1.0,,,,,0.5,,,,1.0,,,,1.0,,,0.5,,,,,0.5,,,,,0.5,,,1.0,0.0,1.0,1.0,,,,,,,,,,,,,,,,,,,,,0.5,,,,1.0,0.5,1.0,1.0,,,,,,,,,,,,,,,,,,,,,,,,,,,,,,,,1.0,,,,0.5,,1.0,,,,,0.5,,,,,,,,,,0.0,,,,,1.0,,0.0,,,,,,,,,,,,,1.0,,,,,,,,,,,,,,,,,,,0.0,,,,,,,,,0.0,,,1.0,,,,,,,,,,,,,,,,,,,,,,,,1.0
4566,,,,,,1.0,,,,,,,,,,,,,,,,,,,,,,,,,,,,,,,,,,,,,,,,,,,,,,,,,,,,,,,,,,,,,,,,,,,,,,,,,,,,,,,,,,,,,,,,,,,,,,,,,,,,,,,,,,,,,,,,,,,,,,,,,,,,,,,,,,,,,,,,,,,,,,,,,,,,,,,,,,,,,,,,,,,,,1.0,,,,1.0,,,,,,,,,,,,,,,,,,,,,,
4570,,,,,,0.0,,,,,1.0,,,,1.0,,,,,0.0,,,,,,,,,,,,,,,,,,1.0,,,,,,1.0,1.0,,1.0,,,,0.0,,,,,,,,,,,0.0,,,,,,,,,,,,,,,,,,,,,,,1.0,,,,,,,,,,0.0,,,,,,,,,,,,,,,,,,,,,,,,,0.0,,,0.0,1.0,,,,,,,,,,1.0,,,,,,,,0.0,,1.0,,,,,,,,0.5,,,,,,,,1.0,1.0,0.0,,,,,,,,,,0.0,1.0,,,,,,,,,,,,,,,,,,,,,,,,
4585,,,,,,1.0,,,,,,,,,,,,0.0,,,0.5,,,,,,,,,,,0.5,0.5,,,,,1.0,,,,,,,,,1.0,,1.0,,0.5,,,,,0.5,,,,1.0,,,1.0,,,,,,,,,,,,,,,1.0,,,,,,,,,,,,,0.5,,,,0.5,,1.0,,,,,,,,,,,,,0.0,,,,,,,,,,,,,0.5,,,,,,,,,,,,,0.5,,,,,1.0,,,,,,,,,,,0.5,,,,,,,,,,,1.0,,0.5,,,,,,,0.0,,,1.0,,,,,,,,,,,,,,,,,,,,,,
8,,,,,,,0.0,,1.0,,,,,,,,1.0,,,0.0,,,,,1.0,,,,,0.5,,,0.0,,,,,0.0,,0.5,1.0,,,,0.0,,,,,,0.0,,,1.0,,,,,,1.0,,,1.0,1.0,1.0,1.0,,1.0,1.0,,,,,,,,,,,,0.0,,,,,,,,,,,,,,,,,,,,,,,,,,,,,,,,,,,,,,,,,,,,,,,,,,,,,,,,,,,,,,,,,,,,,,,,,,,,,,,,,,,,,,,,,,,,,,,,,,,,,,,,,,,,,,,,,,,,
32,,,,,,,1.0,,,,,,,1.0,,,1.0,,,,,,,,,,,,,,,,,,,,,,,,,,,1.0,,,,,,,,,,,,,,,,,,,,,,,,,,,,,,,,,,,,,,,,,,,,,,,,,,,,,,,,,,,,,,,,,,,,,,,,,,,,,,,,,,,,,,,,,,,,,,,,,,,,,,,,,,,,,,,,,,,,,,,,,,,,,,,,,,,,,,,,,,,,,,,,,,,,,,,,,
124,,,,,,,1.0,,,,,,,,,,,,,,,,,,,,,,,,,,,,,,,,,,,,,,,,,,,,,,,,,,,,,,,,,,,,,,,,,,,,,,,,,,,,,,,,,,,,,,,,,,,,,,,,,,,,,,,,,,,,,,,,,,,,,,,,,,,,,,,,,,,,,,,,,,,,,,,,,,,,,,,,,,,,,,,,,,,,,,,,,,,,,,,,,,,,,,,,,,,,,,
348,,,,,,,0.0,,,,,,,,,,,,,,,,,,,,,,,,,,,,,,,,,,,,,,,,,,,,,,,,,,,,,,,,,,,,,,,,,,,,,,,,,,,,,,,,,,,,,,,,,,,,,,,,,,,,,,,,,,,,,,,,,,,,,,,,,,,,,,,,,,,,,,,,,,,,,,,,,,,,,,,,,,,,,,,,,,,,,,,,,,,,,,,,,,,,,,,,,,,,,,
453,,,,,,,1.0,,1.0,,,,0.0,,1.0,,,0.0,1.0,1.0,,1.0,,,1.0,,,,,,1.0,1.0,,,,,,,0.0,0.0,1.0,,,,1.0,,0.0,,,,,,,,,,,,,,,,,,,,,,,,,,,,,,,,,,,,,,,,,,,,,,,,,,,,,,,,,,,,,,,,,,,,,,,,,,,,,,,,,,,,,,,,,,,,,,,,,,,,,,,,,,,,,,,,,,,,,,,,,,,,,,,,,,,,,,,,,,,,,,,,,,,,,,
663,,,,,,,1.0,1.0,1.0,,,,1.0,,,,1.0,,,,,,,,1.0,,,,,,,,1.0,,,1.0,,,,,1.0,,,,,,,,,,,,,,,,,,,,,,,1.0,,,,,,0.0,,,,,,,,1.0,0.5,,1.0,,,,,,,,,,,,0.0,,1.0,,,,,,1.0,,,,,,,,,,,1.0,,,,,,,,,,,,,,,0.5,,0.5,,,,,,,1.0,,,,1.0,,1.0,,,,,,,,,,1.0,,,,,,,,,,,,,,,,,,,,,,,,,,,,,,,,,,,,,,,,,,,,,
707,,,,,,,1.0,,,1.0,0.0,,0.0,0.0,1.0,0.0,1.0,,,1.0,,,,,,,,,,,,,,,,1.0,,,,,,,,,1.0,,1.0,,,,0.0,1.0,,1.0,,,,,,,,1.0,,,1.0,,,0.0,,,,1.0,0.0,,,,,,1.0,,,,,,,,,,,,,,,,,,,,,,,,,,,,,,,,,,,,,,,,,,,,,,,,,,,,,,,,,,,,,,,,,,,,,,,,,,,,,,,,,,,,,,,,,,,,,,,,,,,,,,,,,,,,,,,,,,,,,,
774,,,,,,,1.0,,,,,,,1.0,,,,,1.0,,,1.0,,,,,,,,,,,,,1.0,,,,,1.0,,,,,1.0,,1.0,,0.0,,1.0,,,,,1.0,,,,,,,,,,1.0,,,,,,1.0,,,,,,,1.0,,,,,,,,,,,,,,,,,,,,,,,,,,,,,,,,,,,,,,,,,,,,,,,,,,,,,,,,,,,,,,,,,,,,,,,,,,,,,,,,,,,,,,,,,,,,,,,,,,,,,,,,,,,,,,,,,,,,,,
809,,,,,,,0.0,1.0,,,0.0,,1.0,,1.0,,1.0,1.0,,0.0,,1.0,,,1.0,,,,,,,,,,1.0,,,,0.0,,,1.0,,,,,1.0,,0.0,,0.0,,,1.0,,,,,,1.0,,1.0,1.0,1.0,1.0,,,,,1.0,,1.0,0.5,,,,,1.0,1.0,,0.0,,,,,,,,,,,,,,,,,,,,,,,,,,,,,,,,,,,,,,,,,,,,,,,,,,,,,,,,,,,,,,,,,,,,,,,,,,,,,,,,,,,,,,,,,,,,,,,,,,,,,,,,,,,,,,,,,,,,
966,,,,,,,1.0,,1.0,,,,,,1.0,,,,0.5,,1.0,,,,,,,,,,0.5,,,,,,,,,,,,,,,,,,,,,,,,,,,,,,,,,,,,,,,,,,,,,,,,,,,,,,,,,,,,,,,,,,,,,,,,,,,,,,,,,,,,,,,,,,,,,,,,,,,,,,,,,,,,,,,,,,,,,,,,,,,,,,,,,,,,,,,,,,,,,,,,,,,,,,,,,,,,,,,,,,,,,,
1144,,,,,,,0.0,,,,,,,,0.0,,,,,0.0,,,,,,,,,,0.0,,,,,0.0,,,,,,,,,,,,,,0.0,,,,,,,,,,,,,,,,,,,,,,,,,,,,,0.0,,,1.0,,,,,,,,,,,,1.0,,,,,,,,,,,,,,,,,,,,,,,,,,,,,1.0,,,,,,,,,,,,,,,,,,,1.0,,,,1.0,0.0,,,,,,,,,,,,,,,,,,,,,,,,,,,,,,,,,,,,,,,,,,,,,,,,,,,
1200,,,,,,,1.0,,,,,,,,,,,,,,,,,,,,,,,,,,,,,,,,,,,,,,,,,,,,,,,,,,,,,,,,,,,,,,,,,,,,,,,,,,,,,,,,,,,,,,,,,,,,,,,,,,,,,,,,,,,,,,,,,,,,,,,,,,,,,,,,,,,,,,,,,,,,,,,,,,,,,,,,,,,,,,,,,,,,,,,,,,,,,,,,,,,,,,,,,,,,,,
1406,,,,,,,1.0,1.0,1.0,1.0,0.5,,0.0,0.5,,,,,,1.0,1.0,0.5,,,,,,,,0.0,,,,,1.0,,,,,0.5,1.0,1.0,,,1.0,,1.0,,1.0,,,,,1.0,,1.0,,,,,,,0.5,,1.0,1.0,,,,0.0,,,,,,,,1.0,,,,,,,,,,,,,0.5,,0.0,,1.0,,,,,,1.0,,,,1.0,,0.5,,,0.5,,1.0,,,,,,,,,,,,1.0,,,,,,,,,,,,,,,,,,,,,,,,,,,,,,,,,,,,,,,,,,,,,,,,,,,,,,,,,,,,,,,,,,,,,,,,,
1473,,,,,,,0.0,1.0,,,,,,,,,1.0,,,,,,,,,,,,,,,0.0,,,,,,,,,,1.0,,,,,,,,,,,,,,,,,,,,1.0,,,,,1.0,,,,,,,,,,,,,,,,,,,,,,,,,,,,,,,,,,,,,,,,,,,,,,,,,,,,,,,,,,,,,,,,,,,,,,,,,,,,,,,,,,,,,,,,,,,,,,,,,,,,,,,,,,,,,,,,,,,,,,,,,,,,,,,,,,
1480,,,,,,,0.5,,,,1.0,,,,,,,,0.0,,0.0,,,,,,,,,0.0,,,0.5,,,,,,,,,,,,,,,,,,,,,,,,,,,,,,,,,,,,,,,,,,,,,,,,,,,,,,,,,,,,,,0.0,,,,,,,,,,,,,,,,,1.0,,,,,,,,,,,,,,,,,,,,,,,,1.0,,,,,,,,,,,,,,,,,,,,,,,,,,,,,,,,,,,,,,,,,,,,,,,,,,,,,,,,,,,,,
1611,,,,,,,1.0,,,,,,,,,,,,,,1.0,,,,,,,,,,,1.0,,,,,,,,,,,,,,,,,1.0,,,,,,,,,,,,,,,,,,,,,,,,,,,,,,,,,,,,,,,,,,,,,,,,,,,,,,,,,,,,,,,,,,,,,,,,,,,,,,,,,,,,,,,,,,,,,,,,,,,,,,,,,,,,,,,,,,,,,,,,,,,,,,,,,,,,,,,,,,,,,,,,,,,,
1797,,,,,,,1.0,,1.0,,0.0,,,0.0,,,1.0,1.0,,,1.0,,,,,,,,,,,,,,,,,,,1.0,1.0,1.0,,,,,,,,,,,,,,1.0,,,,,,,,,,,,1.0,,,,,,,,,,1.0,1.0,,,,,,,,,,,,,,0.0,,,,,,,,,,,,1.0,,,,,,,0.0,,,,,,,,,,,,,,,,,,,,,,,,,,,,,,,,,,,,,,,,,,,,,,,,,,,,,,,,,,,,,,,,,,,,,,,,,,,,,,,,,,,,,
1896,,,,,,,0.0,1.0,,,1.0,,,,,1.0,,1.0,,,,,,,1.0,,,,,,,,,,0.0,,,,,,1.0,,,,,,,,,,,,,1.0,,0.0,,,,1.0,,,,,,,1.0,1.0,1.0,,,,,,,,,,,,,,,,,,,,,,,,,,,,,,,,,,,,,,,,,,,,,,,,,,,,,,,,,,,,,,,,,,,,,,,,,,,,,,,,,,,,,,,,,,,,,,,,,,,,,,,,,,,,,,,,,,,,,,,,,,,,,,,,
2486,,,,,,,1.0,,1.0,,,,,0.0,,,1.0,,,1.0,1.0,,,,,,,,,1.0,,,1.0,,1.0,,,1.0,1.0,,1.0,,,,,,,,1.0,,,,,,,1.0,,,,1.0,,,0.0,,,,,1.0,1.0,0.0,,0.0,,,,,,,1.0,,,,,,1.0,,,1.0,,,,,0.0,,,,,,,,,,,,,,,,,,,1.0,,,,,,,,,,,,,,,,,,,,,,1.0,,1.0,,1.0,,1.0,1.0,,,,,,,,,,1.0,,,,,,,,,,,,,,1.0,,,,,,,0.0,,,,,,,,,,,,,,,,,,,,,,,,,
2624,,,,,,,0.5,,0.5,0.5,0.5,,,,0.5,0.5,,,0.5,,,,,,,,,,,0.5,0.5,,,,,0.5,,0.5,,,,0.5,,0.5,0.5,,,,,,,,,,,,,,,0.5,,,,0.5,,0.5,,,0.5,,,,,,,,,,0.5,,,,,,,,,,,,,,,,0.5,,0.5,,,,,,,,0.5,,,,,,,,,,,,,,,,,,0.5,0.5,,,,,0.5,,,,,,,0.5,,,,,0.5,,,,,,,,,,,,,,,,,,,,,,,,,,,,,,,,,,,,,,,,,,,,,,,,,,,,,,,,
2785,,,,,,,0.0,,,,,,,,,,,,,,,,,,,,,,,,,,,,,,,,,,,,,,,,,,,,,,,,,,,,,,,,,,,,,,,,,,,,,,,,,,,,,,,,,,,,,,,,,,,,,,,,,,,,,,,,,,,,,,,,,,,,,,,,,,,,,,,,,,,,,,,,,,,,,,,,,,,,,,,,,,,,,,,,,,,,,,,,,,,,,,,,,,,,,,,,,,,,,,
2966,,,,,,,1.0,,,,,,0.5,,,,0.5,0.5,0.5,,0.5,,,,,,,,,,0.5,,0.5,,,,,0.5,,0.5,0.5,0.5,,0.5,,,,,,,0.5,0.5,,,,0.5,,,,,,1.0,0.5,0.5,,,0.5,,,,,0.5,,,,,,0.5,,,0.5,,,,,,,,,,,,,,,,,,,,,,,,0.5,,0.5,,,,,,,,,,,,,1.0,0.5,0.5,,0.5,,,0.5,,,,,,,,,,,0.5,,0.5,0.5,0.5,,,,,,,,,,,,,,,,,,,,,,,,,,,,,,,,,,,,,,,,,,,,,,,,,,,,,,,
3122,,,,,,,1.0,1.0,,,,,,,,,1.0,,0.5,0.0,0.5,,,,1.0,,,,,,,,0.0,,,,,,,,,,,,0.5,,,,,,,0.5,,,,,,,,,,,,,,1.0,,1.0,1.0,,,,,,,,,1.0,,,,,,,1.0,,,,,,,,,,,,1.0,,,,,,,,,,,,,1.0,,1.0,,,,,,,,,0.0,1.0,1.0,1.0,,,1.0,,,,,,,1.0,,,,1.0,,1.0,,1.0,,,,,,,,,,,,,,,,,,,,,,,,,,,,,,,,,,,,,,,,,,,,,,,,,,,,,,,
3152,,,,,,,1.0,,,,,,,1.0,,,,,,,1.0,,,,1.0,,,,,,,,,,,1.0,,,1.0,1.0,,,,0.0,,,,,,,,,,,,,,,,1.0,,,,,1.0,,,1.0,,,,,1.0,,,,,,,,,,,,,,,,,,1.0,,,,,,,,,,,,,,,,,,,1.0,,,,,,,,,,,,,,1.0,,,,,,,,,,,,,,,,,,,,1.0,,,,,,,1.0,,,,,,,,,,,,,,,,,,,,,,,,,,,,,,,,,,,,,,,,,,,,,,
3209,,,,,,,0.5,0.5,,,1.0,,,0.5,1.0,,,1.0,0.0,0.0,0.5,,,,,,,,,,,0.5,,,,,,0.5,,,1.0,,,,,,1.0,,,,,0.0,,,,,,,,,,,,,,1.0,,,,,,,1.0,,,,,0.0,0.0,,,,,,,,,,,,,,,,0.5,,,,,,1.0,,,,,,,,,,,1.0,,,,,,,,1.0,0.0,1.0,0.0,,,,1.0,,1.0,,,,,,,,,,,,1.0,,,,1.0,1.0,,,,,,,,,,,,,,,,,,,,,,,,,,,,,,,,,,,,,,,,,,,,,,,,,,,
3233,,,,,,,0.0,1.0,,,,,,,,0.0,1.0,,,0.0,,,,,,,,,,,,0.5,,,,,,1.0,,,,,,,,,,,,,,,,,,,,,,,,,,,,,1.0,,1.0,,,,1.0,,,,,,1.0,,,,,,1.0,,,,,,,,,,1.0,,,,,,,,,,,,,,,,,,,,,,,,,,,,1.0,,,,,,,,,,,1.0,,,,1.0,,,,,,,,1.0,,,,,,,,1.0,,,,,,,,,,,,,,,,,,,,,,,,,,,,,,,,,,,,,,,,,,,
3455,,,,,,,1.0,,,,,,,0.5,,,,,,,,1.0,,,,,,,,,,0.5,,,,,,,,1.0,1.0,,,,,,,,,,,,,1.0,,1.0,,,,,,1.0,,0.0,,,1.0,1.0,,,,,,,,,,,,,0.5,,,,,,,,,,1.0,,0.0,,,,,,,,,,,,,,,,,,,,,,,,,,,,,,1.0,,,,,,,,,,,,,,,,,1.0,,,,,,,,,,,,,,1.0,,,,,,1.0,,,,,0.0,,,,,,,,,,,,,,,,,,,,,,,,,,,,,,,,
3588,,,,,,,1.0,1.0,,,0.5,,,,,,1.0,,,,,,,,,,,,,,1.0,,1.0,,,,,,,,,,,,,,0.0,,,,,1.0,,,,,,,,,,,0.0,,,,,0.0,1.0,,,,,,,,,,,,,,,,0.0,,,,,,,,0.0,,,,,,,,1.0,,,,1.0,,1.0,,,,,,,,,,,,,,,,,1.0,,,,,,,,,,,,,,,,,,,,,,,,,,,,,,,,,0.0,0.0,,,,,,,,,,,,,,,,,,,,,,,,,,,,,,,,,,,,,,,
3685,,,,,,,0.5,,,,,,,,,,,,,,,,,,,,,,,,,,,,,,,,,,,,,,,,,,,,,,,,,,,,,,,,,,,,,,,,,,,,,,,1.0,,,,,,,,,,,,,,,,,,,,,,,,,,,,,,,,,,,,,,,,,,,,,,,,,,,,,,,,,,,,,,,,1.0,,,,,,,,,,,,,,,,,,,,,,,,,,,,,,,,,,,,,,,,,,,,,,,,,,,,,,,
3954,,,,,,,1.0,,,,,,,,,,,,,,,,,,,,,,,,,,,,,,,,,,,,,,,,,,,,,,,,,,,,,,,,,,,,,,,,,,,,,,,,,,,,,,,,,,,,,,,,,,,,,,,,,,,,,,,,,,,,,,,,,,,,,,,,,,,,,,,,,,,,,,,,,,,,,,,,,,,,,,,,,,,,,,,,,,,,,,,,,,,,,,,,,,,,,,,,,,,,,,
4029,,,,,,,1.0,,,,,,0.0,,,,,0.0,,,,,,,,,,,,,1.0,,,,,,,1.0,,,1.0,,,,,,,,,,,,,,,,,,,,,,,,,,,,,,,,0.0,,,,,,,,,,,,,,,,,,,,,,,,,,,,,,,,,,,,,,,,,,,,,,,,0.0,,,,,,,,1.0,,,,,,,,,1.0,,1.0,,,,,,,,,,,,,,,,,,1.0,,,,0.0,,,,,,,,,,1.0,,1.0,,,,,,,,,,,,,,,,,,,,,,,
4151,,,,,,,0.0,,,,,,,,,,,,,,,,,,1.0,,,,,,0.0,0.0,,,,,,,,,,,,1.0,,,,,,,,,,,,,,,,,,,,,,1.0,,,,,,,,,,,,,0.0,,,,,,,,,,,,,,,,,,,,,,,,,,,,,,,,,,,,,,,,,,,1.0,,,,,,,,,,,,,,,,,,,,,,,,,,,,,,,,,,,1.0,,,,0.0,,,,0.0,,,,,,,,,,,,,,,,,,,,,,,,,,,,,,,,
4165,,,,,,,1.0,,1.0,,,,,,,,,,,,,,,,,,,,,1.0,,,,,,1.0,,,,,,1.0,,,,,,,1.0,,,,,,,,,,,,,,,,,,,,,,,1.0,,,,,,,,,,,,,,,,,,,1.0,,,,,,,,,,1.0,,,,,,,,,,,,,,,,,,,,,,,0.0,,,,,,,,,,,,,,,,,,,,,,,,,,,,,,,,,,,,,,,0.5,,,1.0,,,,1.0,,,,,0.0,,,,,,,,,,,,,,,,,,,,,,
4193,,,,,,,1.0,,1.0,,,,,,,,,,,1.0,1.0,,,,,,,,,,,,,,,,,,0.0,,,,,,1.0,,,,,,,,,,,1.0,,,,,,0.0,,,,,,,,,,,,,,,,0.0,,,,,,,,,,,,,,,,,,,,,,,,,,,,,0.0,,,,,,,,,,,,,,,,,,,,,,,,,,,,,,,,,,1.0,,,,,,,,,,,,,1.0,,,0.0,,,,,,,,,,,,,,,0.0,,,,,,,,,,,,,,,,,,,,,,,,,
4205,,,,,,,0.5,,1.0,1.0,,,,,,,,,,,,,,,,,,,,,,,,,,,,0.0,,1.0,,,,,,,,,,,,,,,,,,,,1.0,,,,,,,0.5,,,,,,,,,,,,,,,,,,,,,,,,,,,,,,,,,,,,,,1.0,,,,,,,,,,,,,,,,0.5,,0.5,0.5,,,,,,,,,,,,0.5,,,,,,,,,0.5,,,,,,,,,,,,,0.0,,,0.0,0.0,,,,,,,,,,,,,,,,,,,,,,,,,,,,,,,,,,,
4208,,,,,,,0.5,,,,0.5,,,,0.5,,1.0,0.5,,,1.0,,,,,,,,,,,0.5,,,,,,,,,,,,0.5,1.0,,,,,,,,,0.5,,0.5,,,,1.0,,,,,,,,0.5,0.5,0.5,,0.5,,,,,,,,,,,,,0.5,,,,,,,,,,,,,,,,,,,,1.0,,,,,,,,,,,,,,,,,0.5,,0.5,,,,,,,,,,,,1.0,,,,0.5,,1.0,,0.0,,1.0,,,,,1.0,,,,,,,0.0,,,,0.5,0.5,,,,,,,,1.0,0.0,,,,,,,,,,,,,,,,,,,,,,,,,
4235,,,,,,,0.0,,,,,,,,,,,,,,,,,,1.0,,,,,,,,,,,,,,0.5,,,,,,,,,,,,,,,,,,,,,,,,,,,,,,,,,,,,,,,,,,,,,,,,,,,,,,,,,,,,,,,,,,,,,,,,,,,,,,,,,,,,,,,,,,,,,,,,,,,,,,,,,,,,,,,,,,,,,,,,,,,,,,,,,,,,,,,,,,,,,,,,,,,,,,,,,,,,,,
4249,,,,,,,1.0,,,,,,,,,,,0.0,,,,,,,,,,,,,,,,,,,,,,,,,,,1.0,,,,,,,,,,,,,,,,,,,,,,,,,,,,,,,,,,,,,,,,,,,,,,,,,,,,,,,,,,,,,,0.0,,,,,,,,,,,,,,,,,,,,,,,,,,,,,,,,,,,,,,,,,,,,,,,,,,,,,,,,,,,,,,,,,,,0.0,,,,,,,,,,,,,,,,,,,,,,,
4289,,,,,,,0.5,,,,,,,,,0.5,,,,,,0.0,,,,,,,,,,,,,,,,,,,,,,,,,1.0,,,,,,,,,,,,,1.0,,,,,,,,,,,,,,,,,,,,,,,,,,,,,,,,,,,,,,,,,,,,,1.0,,,,,,,,,,,,,,,,,,,,,,,,1.0,,,,,,,1.0,,,,,,,,,,1.0,,,,,,,,,,,,,,,,0.5,,,,0.0,,,,,,,1.0,,,,,,,,,,,,,,,,,,,,,,,,
4339,,,,,,,1.0,1.0,1.0,,0.5,,1.0,,,0.5,,0.5,0.5,1.0,0.5,1.0,,,,,,,,,,0.5,1.0,,,,,,,,,1.0,,,,,1.0,,0.5,,,,,,,,,,,1.0,,,,,,1.0,,,,,,1.0,0.5,,,,,0.5,,,,,,,1.0,,,,,,,,,,,,0.5,,,,1.0,,,,,,,,,,,,,,,,,,,1.0,1.0,,,0.5,,,,,,,,,,,,1.0,,,,1.0,,,,1.0,1.0,,,,,,1.0,,,1.0,0.5,,,1.0,,1.0,,,0.5,,0.0,,,,,,0.5,0.5,1.0,0.0,,,,,,,,,,,,,,,,,,,,,,,
4422,,,,,,,1.0,,,,0.5,,,,,,,,,1.0,,,,,,,,,,,,,,,,,,,1.0,,,,,,,,,,,,,,,,,,,,,,,,,,1.0,,1.0,,,,,,,,,,,,1.0,,,,,,,,,,,,,,,,1.0,,1.0,,,,,,,,,,,,,,,1.0,,,,,,,,,,,,1.0,,,,,,,,,,,,,,,,,,,,,,,,,,,,,,,,,,,,,,,,,,,,,,,,,,,,,,,,,,,,,,,,,,,,,,,,,
4475,,,,,,,1.0,,,,,,,,,,,,,,,,,,,,,,,,,,,,,,,,,,,,,,,,,,,,,,,,,,,,,,,,,,,,,,,,,,,,,,,,,,,,,,,,,,,,,,,,,,,,,,,,,,,,,,,,,,,,,,,,,,,,,,,,,,,,,,,,,,,,,,,,,,,,,,,,,,,,,,,,,,,,,,,,,,,,,,,,,,,,,,,,,,,,,,,,,,,,,,
4496,,,,,,,0.5,1.0,1.0,,,,0.5,,,,1.0,,,,,0.5,,,0.5,,,,,,,,,,,,,,0.0,,,,,,,,,,,,,,,,,,,,,,,1.0,,0.5,,,1.0,,,,,,,,,,,,,,,,,,,,,,,,,,,,,,,,,,,,,,,,,,,,,,,,,,,,,1.0,,,,0.5,,,1.0,,,,,,,1.0,,,,,,,1.0,1.0,,,,,,,,,,,,,,,,,,,,,,,0.5,1.0,,,,,,,,,,,,,,,,,,,,,,,,,,,,,,,
4527,,,,,,,1.0,,,,,,,,0.5,,1.0,0.5,,,,,,,,,,,,,1.0,,,,0.0,,,,0.0,1.0,,,,,,,,,,,,,,,,,,,,,,,,1.0,,,,,1.0,,,,,,,,,,,,1.0,,,,,,,0.0,,,,,1.0,,,,,,,,,,,,,,,,,,,,,,,,,,,,,,,,,,,,,,,,,,,,,,,1.0,,1.0,,,,1.0,,,,,,,,,,,,,,,,,,,,,,,,,,1.0,,,,,,,,,,,,,,,,,,,,,,,,,
4577,,,,,,,1.0,,,,,,,,,,,,,,,,,,,,,,,,,,,,,,,,,,,,,,,,0.0,,,,,,,,,,,,,,,,,,1.0,1.0,,,,,,,,,,,,,1.0,,,,,,,,,,,,,,,,1.0,,,,,,,,,,,,,,,,,,,,,,,,,,,,,,,,,,,,,,,,,,,,,,,,,,,,,,,,,,,,,,0.0,,,,,,,,,,,,,,,,,,,,,,,,,,,,,,,,,,,,,,,,
4593,,,,,,,1.0,,,,,,1.0,,,,,,,,,,,,0.0,,,,,,,,,,,,,0.0,,,,,,,,,,,,,,,,,,,,,,1.0,,,,,1.0,,,,,,,,,,,,,,0.0,,,,,,,,,,,,,,,,,,0.0,,,,,,,,,,,,,1.0,,1.0,,,,,,,,0.0,,0.0,,,,,,,,,,,,,,,,,,,1.0,,,,,,,,,,,,,1.0,,,,,,,0.0,,,,,,,,,,1.0,,,,,,,,,,,,,,,,,,,,,,,,,,
4595,,,,,,,1.0,1.0,,,,,,,,,,,,,,,,,1.0,,,,,,0.0,,,,,,,,,0.0,1.0,,,,,,,,0.0,,,,,,,,,,,,,1.0,1.0,,1.0,,,,,,,,,,,,,,,,,,,,,,,,,,,,,,,,,,,,,,,,,,1.0,,,0.0,,,,,,,,,,,0.0,,,0.0,,,,,1.0,,,,,,,,,,,,1.0,,,1.0,,,,,,,,1.0,,,,,,,,,0.0,,,,,,,,,,,0.0,,,,,,,,,,,,,,,,,,,,,,,,,
4614,,,,,,,1.0,1.0,,0.0,1.0,,,,,,,,,,,1.0,,,,,,,,1.0,1.0,,1.0,,,0.0,,0.5,,,,,,1.0,,,1.0,,,,,1.0,,,,1.0,,,,0.0,,,,0.0,1.0,1.0,,,,1.0,,,1.0,,,,,,,,,,,,,,,,,,,,1.0,,,,1.0,,,,,,,,,,,,,,,,,,,,,,,,0.5,,1.0,,,,0.0,,,,,,,,,0.0,,,,1.0,,,,,,1.0,,,,,,,,,,,0.0,1.0,,,,,1.0,,,,,,,1.0,,1.0,,,,,,,,,,,,,,,,,,,,,,,,,
4616,,,,,,,0.5,,,,,,,,,,,,,,,,,,,,,,,0.5,,,,,,,,,,,,,,0.5,,,,,,,,,,,,,,,,,,,,0.5,,,,,,0.5,,,,,,,,,,,,,,,,,,,,,,,0.5,,,,,,,,,,,,,,,,,,,,,,,,,,,,,0.5,,,,,,,,,,,,,,,,,,,,,,,,,,,,,,,,0.5,,,,,,,,,,,,,,,,,,,,,,,,,,,,,,,,,,,,,,,,,,,
4636,,,,,,,0.0,,0.0,1.0,0.5,,0.5,0.0,0.5,0.5,1.0,1.0,0.0,0.0,,0.5,,,0.0,,,,,1.0,1.0,,0.5,,1.0,1.0,,,1.0,0.0,1.0,,,,0.0,,0.5,,,,,0.5,,0.0,,0.0,,,,1.0,,,1.0,1.0,0.0,,1.0,,0.5,,,0.5,1.0,,,,,0.5,,,0.5,,,,1.0,,,0.0,,,0.5,,,,0.5,,0.5,,,,,,,,0.0,,,,,1.0,,0.5,,,,,,,,1.0,,,,,,,0.0,,1.0,,,,,,,0.5,,,,,,,,,,,,,,,,,,,,,,0.0,,,,,,,,,,,,,,,,,0.5,,,,,,,,,,,,,,,,,,,,,,
4638,,,,,,,1.0,,,,,,0.5,,,,,,,,,0.5,,,,,,,,1.0,,,,,,,,,,,,,,,,,0.5,,,,,,,,,,,,,,,,,,,,,,,,,,,,,,,,,,,,,,,,,,,,,,,,,,,,,,,,,,,,,,,,,,,,,,,,,,,,,,,,,,,,,,,,,,,,,,,,,,,,,,,,,,,,,,,,,,,,,,,,,,,,,,,,,,,,,,,,,,,,,,,,,,,,,,
4641,,,,,,,0.0,,,,,,,,,,,,,,,,,,,,,,,,,,,,1.0,,,,1.0,1.0,,,,,0.5,,,,,,,,,,,,,,,,,,,,,,1.0,,,,,,,,,,,,,,,,,,,,,,,,0.5,,,,,,,,,,,,,,,,,,,,,,,,,,,,,,,,,,,,,,,,,,,,,,,,,,,,,,,,,,,,,,,,,,,,,,,,,,,,,,,,,,,,,,,,,,,,,,,,,,,,,,,,,,
4644,,,,,,,1.0,,1.0,,,,1.0,0.5,,,,,,,,,,,,,,,,,,,,,,0.0,,,1.0,1.0,,,,,,,,,,,,,,,,,,,,,,,,,,,,1.0,,,,,,,,,,,,,,,,,,,,,,,,,,,,,,,,,,,,,,,,,,1.0,,,,,,,,,,,,,0.0,,,,1.0,,,,,,,,,,,,,,,,,,,,,,,,,,,,,,,0.0,,,,,,,,,,,,,,,,,,,,,,,,,,,,,,,,,,,,,,,
4659,,,,,,,0.5,,,,,,0.5,,,,,,,,,1.0,,,,,,,,1.0,,,,,,,,,,,,,,,,,,,,,,,,,,,,,,0.5,,,,,,,,0.5,,,,,,,,,,,,,,,,,,,,,,,,,,,,,,,,,,,,,,,,,,0.5,,,,,,,,,,0.5,,,,,,,0.0,,,,,,,1.0,,,,,,0.5,,,,,,,,,,,,,,,,,,,,,,,,,,,,,,,,,,,,,,,,,,,,,,,,,,,,,,,,,
624,,,,,,,,1.0,,,,,,,,,,,,,,,,,,,,,,,,,,,,,,,,,,,,,,,,,,,,,,,,,,,,,,,1.0,,,,,,,,,,,,,,,,,,,,,,,,,,,,,,,,,,,,,,,,,,,,,,,,,,,,,,,,,,,,,,,,,,,,,,,,,,,,,,,,,,,,,,,,,,,,,,,,,,,,,,,,,,,,,,,,,,,,,,,,,,,,,,,,,,,,,,
667,,,,,,,,1.0,,,1.0,,,0.0,1.0,,,1.0,,,,,,,,,,,,,,,,,,,,,0.5,,,0.0,,,,,,,,,,,,1.0,,,,,,,,,,,,,,,,1.0,,,0.5,,,,,,,,0.5,,,,,,,,,,,,,,,,,,,,,,,,,,,,,,,,,,,,,,,,,,,,,,,,,,,,,,,,,,,,,,,,,,,,,,,,,,,,,,,,,,,,,,,,,,,,,,,,,,,,,,,,,,,,,,,,,,,,
726,,,,,,,,0.0,,,,,,,,,,,,,,,,,,,,,,,,,,,,,,,,,,,,,,,,,,,,,,,,,,,,,,,,,,,,,,,,,,,,,,,,,,,,,,,,,,,,,,,,,,,,,,,,,,,,,,,,,,,,,,,,,,,,,,,,,,,,,,,,,,,,,,,,,,,,,,,,,,,,,,,,,,,,,,,,,,,,,,,,,,,,,,,,,,,,,,,,,,,,,
844,,,,,,,,1.0,,,,,,,,,1.0,,,,,,,,,,,,,,,,,,,,,,,,,,,,,,,,,,,,,,,1.0,,,,,,,,,,,,,1.0,,,,,,,,,,,,1.0,,,,,,,,,,,,,,,,,,,,,,,,,,,,,,,1.0,,,,,,,,,1.0,1.0,,,,,,,1.0,,,,,,,,,,,,,,,,,,,,,,,1.0,,,,,,,,,,,,,,,,,,,,,,,,,,,,,,,,,,,,,,,,,,,,,
919,,,,,,,,1.0,,0.0,,,1.0,,0.5,0.5,,,,,0.0,,,,0.0,,,,,,,,,,,1.0,,,,,,,,,,,1.0,,,,0.5,,,1.0,,0.0,,,,,,,,,,1.0,1.0,1.0,,1.0,,1.0,,,,,,0.0,0.0,,,,,,,,,,,,,,,,,,1.0,,,,,,,,,1.0,,,,,,,,,,,,,,,,,,,,,,,,,,,,,,,,,,,,,,,,,,,,,,,,,,,,,,,,,,,,,,,,,,,,,,,,,,,,,,,,,,,,,,,,,,,
928,,,,,,,,1.0,1.0,,,,,,1.0,,1.0,,,,,1.0,,,,,,,,0.0,0.0,,,,0.0,,,,1.0,,,,,1.0,0.0,,1.0,,,,1.0,1.0,,,,,,,,,,,,,,1.0,1.0,,,,,1.0,,,,,,0.0,,,,,,,,,,,,,,,,,,,,,,,,,,,,,,,,,,,,,,,,,,,,,,,,,,,,,,,,,,,,,,,,,,,,,,,,,,,,,,,,,,,,,,,,,,,,,,,,,,,,,,,,,,,,,,,,,,,,,,,
979,,,,,,,,1.0,,,,,,,,,,,,,0.0,1.0,,,,,,,,0.0,,,,,,0.5,,1.0,,,,1.0,,,,,,,,,,,,,,,,,,,,,,,,,,,,,,,,,,,,,0.0,,,,,,1.0,,,,,,1.0,,,,,,,,,,,,,,,,,,,,,,,,,,,,,1.0,,,1.0,,,,,,,,,,,,,,,,,,,,,,,,,,,,,,,,,,,,,,,,,,,,,,,,,,,,,,,,,,,,,,,,,,,,,,,,,,
1137,,,,,,,,1.0,,,,,,,,,,,,,,,,,,,,,,1.0,,,,,1.0,,,,,,,,,,,,,,,,,,,,,,,,,,,,,,,,,,,,,,,,,,,,,,,,,,,,,,,,,,,,,,,,,,1.0,,,,,,,,,,1.0,,,,,,,,,,,,,,,,,,,,,,,,,,,,,,,,,,,,,,,,,,,,,,,,,,,,,,,,,,,,,,,,,,,,,,,,,,,,,,,,,,,,,,
1309,,,,,,,,0.5,0.5,,,,,0.5,,,,,,,,,,,,,,,,,0.5,,,,,,,,,0.5,,0.5,,,,,,,,,,,,,,0.5,,,,,,,,,,,,,,0.5,,,,,,,,,,,0.5,,,,,,,,,,,,,,,,0.5,,,,,,,,,,,,,,,,,,,,,,,,,,,,,,,,,,,,,,,,,,,,,,,,,,,,,,,,,,,,,,,,,,,,,,,,,,,,,,,,,,,,,,,,,,,,,,,,,,,,
1703,,,,,,,,1.0,1.0,,,,,,,1.0,,,,,,,,,,,,,,0.0,,,,,,,,,,1.0,,,,,1.0,,1.0,,,,,,,,,,,,,1.0,,,,,,,,,,,,,,,,,,,,,,,,,,,,1.0,,,,,,,,,,,,,,,,,,,,,,1.0,,1.0,,,,,,,,,,,,,,,,,,,,,,,,,,,,,,,,,,,,,,,,,,,,,,,,,,,,,,,,,,,,,,,,,,,,,,,,,,,,,,,,,,,,,
1779,,,,,,,,1.0,,0.5,,,0.5,,,1.0,,,,,0.5,1.0,,,,,,,,1.0,,0.5,,,,0.5,,,,,,0.5,,,,,,,,,0.5,,,,,,,,,1.0,,,1.0,1.0,,,1.0,1.0,1.0,,,,,,,,,,,,0.5,,,,1.0,,,,,,,,,,0.5,,,,,,1.0,,,,,,,,,,,,,,,,,,,,,,,,,,,,,,,,,,,,,,,,,,,,,,,,,,,,,,,,,,,,,,,,,,,,,,,,,,,,,,,,,,,,,,,,,,,,,,,,
1954,,,,,,,,1.0,,,0.0,,,,,,,,,,,,,,,,,,,,,,,,,,,,,,,,,,,,,,,,,,,,,,,,,,,,1.0,,,,,1.0,,,,,,,,,,,,,,,,,,,,,,,1.0,,,,,,,,,,,,,,1.0,,,,,,,,,,,,,,,,,,,,,,,,,,,,,,,,,,,,,,,,,,,,,,,,,,,,,,,,,,,,,,,,,,,,,,,,,,,,,,,,,,,,,,,,,,,,
2086,,,,,,,,1.0,,,,,,,,,1.0,1.0,0.0,0.0,,,,,,,,,,,,0.0,,,1.0,0.0,,1.0,1.0,,,,,1.0,0.0,,,,,,,0.0,,,,0.0,,,,1.0,,,1.0,,,1.0,1.0,1.0,1.0,1.0,,,,,,,,0.0,,,,,,,,,,,,,1.0,,1.0,,,,1.0,,,,,,,,,,,,,1.0,,1.0,,,,,,,,1.0,0.0,,0.0,,,,1.0,,,,,,,,,,,,,,,,,,,,,,,,,,,,,,,,,,,,,,,,,,,,,,,,,,,,,,,,,,,,,,,,,,,,,,
2197,,,,,,,,1.0,,1.0,,,1.0,,,0.0,,1.0,0.0,1.0,0.0,,,,,,,,,,,0.0,,,,0.0,,1.0,1.0,,1.0,1.0,,1.0,,,,,,,1.0,1.0,,,,1.0,,,,,,,,,1.0,1.0,,,,1.0,,1.0,,,,,,0.0,,,1.0,,,,,,,,,,1.0,,1.0,,,,1.0,,,,1.0,,,,,,,,,,,,,,,,,,,1.0,1.0,1.0,,,,,1.0,,,,,,,,,,,,,,,,,,,,,,,,,,,,,,,,,,,,,,,,,,,,,,,,,,,,,,,,,,,,,,,,,,,,,,
2414,,,,,,,,1.0,1.0,,,,,0.5,,0.0,,,,0.5,,,,,0.5,,,,,,,,0.0,,,,,1.0,1.0,,,1.0,,,,,,,,,,,,,,,,,,1.0,,,,1.0,,,,,,,,1.0,1.0,,,,,,,,,,,,,,,,,,,,,,,,,,,,1.0,,,,,,1.0,,,,,1.0,,,,,,,,1.0,,,0.5,1.0,,,,,1.0,,,,,,,,,,,,,,,,,,,,,,,,,,,,,,,,,,,,,,,,,,,,,,,,,,,,,,,,,,,,,,,,,,,,
2482,,,,,,,,1.0,,,,,,,,,1.0,,,,,,,,,,,,,,0.0,,0.0,,1.0,,,,,1.0,,0.5,,,,,,,,,,,,,,,,,,,,,,,,,,,,,,1.0,,,,,,,,,,,,,1.0,,,1.0,,,,,,,,,,,,,,,,,,,,,,,,,,,,,,,,,,1.0,,,,,,,,,,,,,,,,,,,,,,,,0.0,,,,,,,,,,,,,,,,,,,,,,,,,,,,,,,,,,,,,,,,,,,,,,,,,,,
2709,,,,,,,,1.0,,1.0,,,1.0,,,,1.0,,,,,,,,1.0,,,,,,,,,,,,,,,1.0,1.0,,,,,,1.0,,,,,1.0,,1.0,,,,,,1.0,,,1.0,,,,1.0,,1.0,,,,,,,,,,,,0.0,,,,,,,,,,1.0,,,,,,,,,,,,,,1.0,,,,,,,1.0,,,,,,,,,1.0,1.0,,,,,,,,,,,,,,,,,,,,,,,1.0,,,,,,,,,,,,,,,,,,,,,,,,,,,,,,,,,,,,,,,,,,,,,,,,,,,,
2716,,,,,,,,1.0,1.0,,,,,,,,,,,,,,,,,,,,,,,,0.0,,,,,,,,,,,1.0,,,,,,,,,,1.0,,,,,,,,,,,,,,,1.0,,,,,,,,,,0.0,,,,,,,,,,,,,,,,,,1.0,,,,,,,,1.0,,,,,,,,,,,,,,,,,,,,,,,,,,,,,,,,,,,,,1.0,,,,,,,,,,,,,,,,,,,,,,,,,,,,,,,,,,,,,,,,,,,,,,,,,,,,,,,
2801,,,,,,,,1.0,,,,,,,,,1.0,,,,,,,,1.0,,,,,,,,0.0,,,,,,,1.0,,,,,,,,,,,,,,,,,,,,,,,,,,,,,,,,1.0,,,,,,,,,,,,,,,,,,,1.0,,,,,,,,,,,,,,,,,,,,,,,,,,,,,,,,,,,,,,,,,,,,,,,,,,,1.0,,1.0,,,,1.0,,,,,,,,,,,,,,,,,,,,,,,,,,,,,,,,,,,,,,,,,,,,,,,,,
2881,,,,,,,,1.0,,,,,1.0,,1.0,,1.0,1.0,,1.0,1.0,1.0,,,,,,,,1.0,0.0,1.0,,,,,,,1.0,,1.0,1.0,,,1.0,,1.0,,0.0,,,1.0,,,,1.0,,,,,,1.0,,1.0,,1.0,,,1.0,1.0,,,,,,,,1.0,1.0,,,,,,,,,1.0,,,,,,,,,,,,,0.0,,,,,,1.0,,,,,,,,,,,,,1.0,1.0,1.0,1.0,,,,1.0,,1.0,,,,,,,,,1.0,,1.0,,,,1.0,1.0,1.0,,,,,1.0,1.0,,,,,,,,,,,,,,,,,,,,,,,,,,,,,,,,,,,,,,,,,,,,,
2910,,,,,,,,1.0,,,,,,,,,,,,,,,,,,,,,,,,,,,,,,,,,,,,,,,,,,,,,,,,,,,,,,,,,,,,,,,,,,,,,,,,,,,,,,,,,,,,,,,,,,,,,,,,,,,1.0,,,,,,,,,,,,,,,,,,,,,,,,,,,,,,,,,,,,,,,,,,,,,,,,,,,,,,,,,,,,,,,,,,,,,,,,,,,,,,,,,,,,,,,,,,
3266,,,,,,,,1.0,,1.0,,,,,1.0,0.5,1.0,,,,,,,,,,,,,0.5,,,,,,,,,,0.5,,,,,,,,,,,,,,,,,,,,,,,1.0,,,,0.5,,,,,,,,,,,,,,,,,,,,,,,,,,0.5,,,,,,,,,,,,,,,,,,,,,,,,,,,,,,,,,,,,,,,,,,,1.0,,,,1.0,,,,,,,,,,,0.0,,,1.0,0.5,,,,,,,,,,,,,,,,,,,,,,,,,,,,,,,,,,,,,,,,,,
3387,,,,,,,,0.5,,,,,0.5,,,0.5,,,,,,,,,,,,,,,,,,,0.5,0.5,,,,,,,,,,,,,,,,,,,,,,,,,,,,,,,,,,,,,,,,,,,,,,,,,,,,,,,,,,,,,,,,,,,,,,,,,,,,,,,,,,,,,,,,,,,,,,,,,,,,,,,,,,,,,,0.5,,,,,,,,,,,,,,,,,,,,,,,,,,,,,,,,,,,,,,,,,,,,,,,,,,,
3420,,,,,,,,1.0,,,,,0.0,,,,,,1.0,,1.0,,,,1.0,,,,,,,,,,,,,,0.0,,,,,,,,,,,,,,,,,,,,,,,,,,,,,,,,,,,,,,,,,,,,,,,,,,,,,,,,,,,,,,,,,,,,,,,,,,,,,,,,,0.0,,,,,,,1.0,,,,,,,,,,,,,1.0,,,,,0.0,,,,,,,,,,,,,,,,,,0.5,,,,,,,,,,,,,,,,,,,,,,,,,,,,,,,,,,
3457,,,,,,,,1.0,1.0,,,,,,,,,,,,,,,,,,,,,,,,,,,,,,,0.5,,,,,,,,,,,,,,,,,,,,,,,,,,,,,,,,,0.5,,,,,,,,,,,,,,,,,,,,,,,,,,,,,,,,,,,,,,,,,,,,,,,,,,,,,,,,1.0,,,,,,,,,,,,,,,,,,,,,,,,,,,,,,,,,,,,,,,,,,,,,,,,,,,,,,,,,,,,,,,,,,,,
3664,,,,,,,,1.0,,,,,,,,,,,,,0.0,0.0,,,,,,,,0.0,,,,,,,,,,,1.0,0.0,,,,,,,,,,,,,,,,,,,,,,,0.5,,,,1.0,,,,,,,,,,,,,,,,,,,,,,,,1.0,,,,,,,,1.0,,,,,,,,,,,,,,,,,,,,,,,,,,,,,,,,,,,,,,,,1.0,1.0,,,,,,,,,,,,,0.5,,,,,,,,1.0,,,0.5,,,,,,,,,,,,,,,,,,,,,,,,,,,,,,,
3818,,,,,,,,1.0,,,,,,,,,,,,,,,,,,,,,,,0.0,,,,,,,,,1.0,,,,,,,,,,,,,,,,,,,,1.0,,,,,,,,,,,,1.0,,,,,,,,,,,,,1.0,,,1.0,,,,,,,1.0,,1.0,,,,,,,,,,,,,,,,,,,,,,,,0.0,,0.0,,,,,,1.0,,,,,,,,,,,,,0.0,,,1.0,1.0,,,,,,,,,,,,,,,,,,,,,,,,,,1.0,,,,,,,,,,,,,,,,,,,,,,,,,
4086,,,,,,,,1.0,0.0,,,,,,,,,,0.0,,0.0,0.0,,,,,,,,,,,,,,,,,,,,,,,,,,,,,,0.0,,,,,,,,,,,,,1.0,,,,,,,,0.0,,,,,0.0,1.0,,1.0,,,,,,,,,,,,,,1.0,,0.0,,,,,,,,,,,,,,,,,,,,,,,,,,,,,,,,,,,,,,,1.0,,,,,1.0,,,,1.0,,,,,,1.0,,,1.0,0.0,,,,,1.0,,,,,1.0,,,,,,,,,,,,,,,,,,,,,,,,,,,,,,,,
4088,,,,,,,,1.0,,,,,0.0,,,,,,,,,1.0,,,,,,,,,,,,,,,,,,,,,,,,,,,,,,,,1.0,,,,,,,,1.0,,,1.0,,,,,,,,,,,,,,,,1.0,,,,,,,,,,,,,,,,1.0,,,,,,,,,,,,,,,,,,,,,,,,1.0,,,,,,,,,,,,,,,,,0.0,,,,,,,,,,,,,,,,,,,0.0,,,1.0,,,,,1.0,,,,,,1.0,,,,,,,,,,,,,,,,,,,,,,,,,,
4116,,,,,,,,0.5,,,,,,,,,,1.0,,0.0,,,,,,,,,,,,,,,,,,0.5,,,1.0,,,,,,,,,,,,,,,,,,,1.0,,,1.0,,0.5,,,1.0,1.0,,,,,,,,,,,,,,,,,,,,,,,,,,,,1.0,,,,,,,,0.5,,,,,,,,,,,,,,,1.0,,1.0,,,,,,,,,,,,,,1.0,,,,,0.5,,,,1.0,,,,,,,,,,,,,,,1.0,,,,,,,,,,1.0,,,,,,,,,,,,,,,,,,,,,,,,,,,
4126,,,,,,,,1.0,,,,,,,,,,,,0.0,,,,,,,,,,,,,,,,,,,,,,,,,,,,,,,,0.5,,,,,,,,,,,,,1.0,,1.0,,,1.0,,,,,,,,,0.0,,,,,,,,,1.0,,,,,,,,,,,,,,,,,,,,,,1.0,,,,,,,,,,,,,,0.0,,,,,,,,,,,,,,,,1.0,,,,,,,,,,,,1.0,,,,,,,,,,,,,,,,,,,0.0,,,1.0,0.0,,,,,,,,,,,,,,,,,,,,,,
4130,,,,,,,,0.5,,,,,,,0.5,,,,,,,,,,0.5,,,,,,,,,,,0.5,,,,0.5,,,,0.5,,,,,,,,,,,,,,,,,,,,,,,0.5,,,,,,,,,,,,,,,,,,,,,,,,,,,,,,,,,,,,,,,,,,,,,,,,,,,,,,,,,,,,,,,,,,,,,,,0.5,,,,,,,,,,,,,,,,,,,,,,0.5,,,0.5,,,0.5,,,,,,,,,,,,,,,,,,,,,,,,,,,,,,,
4145,,,,,,,,1.0,,,,,,,,,,,,,,,,,,,,,,,,,,,,,,,,,,,,,,,,,,,,,,,,,,,,,,,,,,,,,,,,,,,,,,,,,,,,,,,,,,,,,,,,,,,,,,,,,,,,,,,,,,,,,,,,,,,,,,,,,,,,,,,,,,,,,,,,,,,,,,,,,,,,,,,,,,,,,,,,,,,,,,,,,,,,,,,,,,,,,,,,,,,,,
4220,,,,,,,,0.5,0.5,0.5,,,,,0.5,,,1.0,,,0.5,0.0,,,,,,,,,,0.0,0.5,,,0.0,,,,,,1.0,,,,,,,,,,,,1.0,,,,,,,,,,,1.0,0.5,,1.0,,,,,,,,,,,0.0,,,,,,,,,,,,,,,,,,,,,,0.5,,,,,,,,,,,1.0,,,,,,,,,,,0.0,,,,,,,,,,,,,,,,,1.0,1.0,,,1.0,,,,,,,1.0,,,,,,1.0,,,,0.5,,1.0,,,,,,,,0.5,1.0,1.0,,,,,,,,,,,,,,,,,,,,,,,,
4221,,,,,,,,1.0,,,0.5,,,,,,,,,,,,,,,,,,,,,,,,,,,,,,,,,,,,,,,,,,,,,,,,,,,,,,,,,,,,,,,,,,,,,,,,,,,,,,,,,,,,,,,,,,,,,,,,,,,,,,,,,,,,,,,,,,,,,,,,,,,,,,,,,,,,,,,,,,,,,,,,1.0,,,,,,,,0.5,,,,,,,,,,,,,,,,,,,,,,,,,,,,,,,,,,
4259,,,,,,,,0.5,,,,,,,,,0.0,,,,,,,,,,,,,,,,,,,,,,,,,,,,,,,,,,,,,,,0.0,,,,,,,,1.0,,,0.5,,,,,,,,,,,0.5,,,,,,,,,,,,,,,,,,,,,,,,,,,,,,,,,,,,,,,,,,,0.5,,,,,,,,,,,,,,,,,,,,,,,,,,,,,,,1.0,,,,,,,,,,,,,,,,,,,,,,,,,,,,,,,,,,,,,,,,,,,,,
4280,,,,,,,,1.0,,,,,,0.0,1.0,,,,,,,,,,0.5,,,,,,0.5,,,,,,,,0.0,,,,,,,,,,0.0,,,,,,,,,,,,,,,,,,,,,,,,,,,,,,,,,,,,,,,,,,,,,,,,,,,,,,,,,,,,,,,,,,,,,,,,,,,,,,,,,,,,,1.0,,,,,,,,,,,,,,,,,,1.0,,1.0,,,,,,,,,,,,,,,,,,,,,1.0,,,,,,,,,,,,,,,,,,,,,,
4367,,,,,,,,1.0,,1.0,,,1.0,0.5,,,1.0,,,1.0,,,,,,,,,,,,,1.0,,,,,,0.0,,1.0,,,,,,,,0.5,,0.5,,,0.0,,,,,,0.5,,,0.0,1.0,,,0.5,,,,,,,,,,,,,,,,,,1.0,,,0.5,,,,,,,,,,,,,,,,,,,,,,1.0,,,,,,,,,,,,,1.0,,,,,,,,,,,1.0,,1.0,,,,,1.0,1.0,,,0.0,,,,,,,0.5,,,,,,,,,,0.5,0.5,,1.0,1.0,,,,1.0,,0.0,1.0,,,,,,,,,,,,,,,,,,,,,,,,
4369,,,,,,,,1.0,1.0,1.0,0.5,,,,,,,,,,,,,,,,,,,,,,,,,,,,,,,,,,,,,,,,,,,,,,,,,,,,,,,,,,,,,,,,,,,,,,,,,,,,,,,,,,,,0.5,,,,,,,,,,,,,,,,,,,,,,,,,,,,,,,,,,,,,,,,,,,,,,,,,,,,,,,,,,,,,,,,,,,,,,,,,,,,,,,,,,,,,,,,,,,,,,,,,,,,,,
4379,,,,,,,,1.0,,,,,,,,,,,,,,,,,,,,,,,,,,,,,,,,,,,,,,,,,,,,,,,,,,,,,,,,,,,,,,,,,,,,,,,,,,,,,,,,,,,,,,,,,,,,,,,,,,,,,,,,,,,,,,,,,,,,,,,,,,,,,,,,,,,,,,,,,,,,,,,1.0,,,,,,,,,,,,,,,,,,,,1.0,,,,,,,,,,,,,,,,,,,,,,,,,,
4394,,,,,,,,1.0,,,,,,,,,,,,,,,,,,,,,,,,,,,,,,,,,,,,,,,,,,,,,,,,,,,,,,,,,,,,,,,,,,,,,,,,,,,,,,,,,,,,,,,,,,,,,,,,,,,,,,,,,,,,,,,,,,,,,,,,,,,,,,,,,,,,,,,,,,,,,,,,,,,,,,,,,,,,,,,,,,,,,,,,,,,,,,,,,,,,,,,,,,,,,
4424,,,,,,,,1.0,,,,,0.0,,,,,1.0,1.0,,,,,,,,,,,,,,,,,,,,,,,,,,,,,,1.0,,,,,,,,,,,,,,,,,,,,,,,,,,,,,,,,,,,,,,,,,,,,,,,,,,,,,,,,,,,,,,,,,,,,,,,,,,,,,,,,,,,,,,,1.0,,,,,,,,,,,,,,,,,,1.0,,,,,,,,,,,,,,,,,,,,,,,,,,,,,,,,,,,,,,,,,,,
4437,,,,,,,,1.0,,,0.5,,,,,,,,,,,,,,,,,,,,,,,,,,,1.0,,,,,,,,,,,,,,,,,,,,,,,,1.0,,,,,,,,,,,,,,,,1.0,,,,,,,,,,,,,,,,,,,,,,,1.0,,,,,,,,,,,,,,,,,,,,,,,1.0,,,,,,,,,,,,0.5,,,,1.0,,,,,,,,,,,,,,,,,,,,0.5,0.5,,,,,,,,,,,0.0,,,,,,,,,,,,,,,,,,,,,,,,,
4458,,,,,,,,1.0,,,,,,,,1.0,,,,,,,,,,,,,,,,,,,1.0,,,,,,,,,,,,1.0,,,,,1.0,,,,,,,,,,,,,,1.0,,,,,,,,,,,,,,,,,,,,,,,,,,,,,,,,,,,,,,,1.0,,,,,,,,,,,,,,,,,,,,,,,,,,,,,1.0,,1.0,,,,,,,,,,,,,,,,,,,,,,,,,,,,,,,,,,,,,,,,,,,,,,,,,,,,,,,,,,,,,
4509,,,,,,,,0.0,,,,,,,,,,,,0.0,,,,,,,,,,,,,,,,,,,,,,,,,,,,,,,,,,,,,,,,,,,,,,,,,,,,,,,,,,,,,,,,,,,,,,,,,,,,,,,,,,,,,,,,,,,,,,,,,,,,,,1.0,,,,,,,,,,,,,,,,,,,,,,,,,,,,,,,,,0.5,,,,,,,,,,,,,,,,,0.5,,,,,,,,,,,,,,,,,,,,,,,,,
4523,,,,,,,,1.0,,,,,,1.0,,,,,1.0,,,,,,,,,,,,,,,,,,,,,,,1.0,,,,,,,,,,,,,,,,,,,,,0.0,,,,,,,0.0,,,,,,,,,,,,,,,,,,,,,,,,,,,,,,,,,,,1.0,,,,,,,,,,,,,,,0.0,0.0,0.0,,,,,,,,,,,,,,,,,,,,,,,,,,,,,,,,,,,0.0,,,,,,,,,,,,,,,,,,,,,,,,,,,,,,,,,,,,,,,,
4559,,,,,,,,1.0,,,,,,,0.5,,,,,,,,,,,,,,,0.5,,,,,0.5,,,,,,,,,,,,,,,,,,,,,,,,,,,,,,,,,,,,,,,,,,,,,,,,,,,,,,,,1.0,,,,,,,,,,,,,,,,,,,,,,,,,,,,,,,,,,,,,,,,,,,,,,,,,,,,,,,,,,,,,,,,,,,,,,,0.5,,,,,,,,,,,,,,,,,,,,,,,,,,,,,,,,,,,
4590,,,,,,,,1.0,,,,,,,,,,,,,,,,,,,,,,,,,,,,,,1.0,,,,,,,,,,,,,,,,,,,,,,,,1.0,,,,,0.0,,,,,,,,,,,,,,,,,,,,,,,,,,,,,,,,,,,,,,,,,,,,,,,,,,,,,,,,,,,,,,,,,,,,,,,,,,,0.0,,,,0.0,,,,,,,,,,,,,,,,,,,,,,,,,,,,,1.0,,,,,,,,,,,,,,,,,,,,,,
4625,,,,,,,,1.0,,,,,,,,,,,,,,,,,,,,,,,,,,,,,,,,,,,,,,,,,,,,,,,,,,,,,,,,,,,,,,,,,,,,,,,,,,,,,,,,,,,,,,,,,,,,,,,,,,,,,,,,,,,,,,,,,,,,,,,,,,,,,,,,,,,,,,,,,,,,,,,,,,,,,,,,,,,,,,,,,,,,,,,,,,,,,,,,,,,,,,,,,,,,,
4639,,,,,,,,1.0,,,,,,,,,,,,,,,,,,,,,,,,,,,,,,,,,,,,,,,,,,,,,,,,,,,,,,,,,,,,,,,,,,,,,,,,,,,,,,,,,,,,,,,,,,,,,,,,,,,,,,,,,,,,,,,,,,,,,,,,,,,,,,,,,,,,,,,,,,,,,,,,,,,,,,,,,,,,,,,,,,,,,,,,,,,,,,,,,,,,,,,,,,,,,
121,,,,,,,,,0.5,,,,,,,,,,,,,,,,,,,,,,,0.5,,,,,,,,,,,,,,,,,,,,,,,,,,,,,,,,,,,,,,,,,,,,,,,,,,,,,,,,,,,,,,,,,,,,,,,,,,,,,,,,,,,,,,,,,,,,,,,,,,,,,,,,,,,,,,,,,,,,,,,,,,,,,,,,,,,,,,,,,,,,,,,,,,,,,,,,,,,,,,,,,,,,,
303,,,,,,,,,1.0,,,,,,,,,,,,,,,,,,,,,,,,,,,,,,,,,,,,,,,,,,,,,,,,,,,,,,,,,,,,,,,,,,,,,,,,,,,,,,,,,,,,,,,,,,,,,,,,,,,,,,,,,,,,,,,,,,,,,,,,,,,,,,,,,,,,,,,,,,,,,,,,,,,,,,,,,,,,,,,,,,,,,,,,,,,,,,,,,,,,,,,,,,,,
500,,,,,,,,,1.0,,1.0,,,,0.5,,,,,,0.0,1.0,,,0.5,,,,,,,0.0,,,0.0,,,,,,1.0,,,,,,,,,,,0.0,,,,,,,,,,,1.0,,,,,,,,,1.0,,,,,,,,,0.5,,,,,,,0.0,,,,,,,,,,,,,,,,,,,,,,,,,,,,,,,,,,,,,,,,,,,,,,,,,,,,,,,,,,,,,,,,,,,,,,,,,,,,,,,,,,,,,,,,,,,,,,,,,,,,,,,,,,,,,
599,,,,,,,,,1.0,,0.0,,1.0,0.0,,,,,1.0,1.0,,1.0,,,1.0,,,,,,,1.0,1.0,,1.0,1.0,,1.0,1.0,,,1.0,,1.0,,,1.0,,,,,1.0,,1.0,,,,,,1.0,,1.0,,1.0,,1.0,1.0,1.0,,,,,1.0,,,,,,,,,,,,,,,,,,,,,,,,,,,,,,,,,,,,,,,,,,,,,,,,,,,,,,,,,,,,,,,,,,,,,,,,,,,,,,,,,,,,,,,,,,,,,,,,,,,,,,,,,,,,,,,,,,,,,,,,,,,,
793,,,,,,,,,1.0,,,,,,,,,1.0,,,,,,,,,,,,,,,,,1.0,,,,,,,,,,,,,,,,,,,,,,,,,,,,,,,,,,,0.5,,,,,,,,,1.0,,,,,,1.0,,,,,,,,,,,,,,,,,,,,,,,,,,,,,,,,,,,,1.0,,,,,,,,,,,,,,,,,,,,,,,,0.5,,,,,,1.0,,,,,,,,,,,,,,,,,,,,,,,,,,,,,,,,,,,,,,,,,,,,,,
874,,,,,,,,,1.0,,,,1.0,,,,,,,,,,,,,,,,,,,,,,1.0,,,,,,,,,,0.0,,,,,,1.0,,,,,,,,,,,,,,1.0,,,,,,,1.0,,,,,,,,,,,,,,,,,,,,,,,,,,,,,,,,,,,,,,,,,,,,,,,,,,,,,,,,,,,,,,,,,,,,,,,,,,,,,,,,,,,,,,,,,,,,,,,,,,,,,,,,,,,,,,,,,,,,,,,,,,,,,
888,,,,,,,,,0.0,,,,,,,,,,0.0,,,,,,,,,,,0.0,,,,,0.0,1.0,,,,1.0,1.0,,,,,,,,0.0,,,0.0,,,,,,,,,,,,1.0,,,,,1.0,0.5,,,,,,,,,,,,,,,,,,,,,,,,,,,,,,,,,,,,,1.0,,,,,,,,,,,,,,,,,,,,,,,,,,,1.0,,,,1.0,,,,,,,,,,,,,,,,,,,,,,,,1.0,0.5,,0.0,,,,,,,,,,,,,,,,,,,,,,,,,,,,,,,,
893,,,,,,,,,0.5,,,,1.0,,,,,0.0,,,0.0,,,,,,,,,,,,,,,,,,,,,,,,0.0,,,,,,,,,,,,,,,,,,,,,,,,1.0,,,,,,,,,,,,,,,,,,,1.0,,,,,,,,,,,,,,,,,,,,,,,,,,,,,,,,,,,,,,,,,,,,,,,,,,,,1.0,,,,,,,,,,,,,,,,,,,,,,,,,,,,,,,,,,,,,,,,,,,,,,,,,,,,,,,,,
1209,,,,,,,,,1.0,1.0,,,0.0,,,,,,,,0.0,,,,,,,,,,0.5,0.5,,,,,,0.5,,,,,,0.0,,,,,0.0,,,,,,,,,,,,,,,1.0,1.0,,,1.0,1.0,,,,,,,,,,0.5,,,,,,,,,1.0,,,0.5,,,,,,,,,,,,,,1.0,,,,,,,,,,,,,,,,,,,,,,,,,,,,,,,,,,,,,,,,,,,,,,,,,,,,,,,,,,,,,,,,,,,,,,,,,,,,,,,,,,,,,,,,,,,,
1220,,,,,,,,,1.0,,,,,,,,,,,,,,,,,,,,,,,,,,,,,,,,,,,,,,,,,,,,,,,,,,,,,,,,,,,,,,,,,,,,,,,,,,,,,,,,,,,,,,,,,,,,,,,,,,,,,,,,,,,,,,,,,,,,,,,,,,,,,,,,,,,,,,,,,,,,,,,,,,,,,,,,,,,,,,,,,,,,,,,,,,,,,,,,,,,,,,,,,,,,
1308,,,,,,,,,0.0,1.0,,,,,,,,,,,,,,,,,,,,,,1.0,,,,,,,,,,,,,,,1.0,,,,,,,,,,,,,,,,,,,,0.0,,1.0,1.0,,,,,,,,,,,,,,,,,,,,,,,,,,,0.0,,,,,,,,,,,,,,,,,,,,,,,1.0,,,,,,,,,,,,,,1.0,,,,,,1.0,,,,,,,,,,,,,,,,,,,,,,,,,,,,,,,,,,,,,,,,,,,,,,,,,,,,,,,,,
1826,,,,,,,,,0.0,,,,,,,,,,,,,,,,,,,,,,,,,,,,,,,,,,,,,,,,,,,,,,,,,,,,,,,,,,,,,,,,,,,,,,,,,,,,,,,,,,,,,,,,,,,,,,,,,,,,,,,,,,,,,,,,,,,,,,,,,,,,,,,,,,,,,,,,,,,,,,,,,,,,,,,,,,,,,,,,,,,,,,,,,,,,,,,,,,,,,,,,,,,,
1852,,,,,,,,,1.0,,,,,,,,,,,,,,,,,,,,,,,,,,,,,,,,,,,,,,,,,,,,,,,,,,,,,,,,,,,,,,,,,,,,,,,,,,,,,,,,,,,,,,,,,,,,,,,,,,,,,,,,,,,,,,,,,,,,,,,,,,,,,,,,,,,,,,,,,,,,,,,,,,,,,,,,,,,,,,,,,,,,,,,,,,,,,,,,,,,,,,,,,,,,
1870,,,,,,,,,0.0,,,,,,,,1.0,1.0,1.0,1.0,,,,,,,,,,0.0,,,,,,,,,,1.0,,,,,,,,,,,,,,,,,,,,,,,,,1.0,,,,,,,,,,,,,,,,,,,,,,,,,,,,,,,,,,,,,,,,,,,,,,,,,,,,,,,,,,,,,,,,,,,,,,,,,,,,,,,,,,,,,,,,,,,,,,,,,,,,,,,,,,,,,,,,,,,,,,,,,,,,,,,,,,,,
2491,,,,,,,,,1.0,,,,,,,,,,,,,,,,,,,,,,,,,,,,,,,,,,,,0.0,,,,,,,,,,,,,,,,,,1.0,,,,,,,,,,,,,,,,,,,,,,,,,,,,,,,,,,,,,,,,,,,,,,,,,,,,,,,,,,,1.0,,,,,,,,,,,,,,,,,,,,,,,,,,,,,,,,,,,,,,,,,,,,,,,,,,,,,,,,,,,,,,,,,,,,,,,,,,,
2872,,,,,,,,,0.0,,0.0,,,1.0,1.0,,,1.0,0.0,,,,,,0.0,,,,,,0.0,,0.0,,,,,,,,,0.5,,0.0,,,,,,,,1.0,,1.0,,0.0,,,,,,,,,,,,,,,,,,,,,,0.0,,,,,,,,,,1.0,,,,,,,0.5,,,,,,,,,,,,1.0,,,,,1.0,,,,,,,,,,,,,,,,,,,,,,,,,,,,,,0.0,,,1.0,,,,,,,,,,,,,,,,,,,,,,,,,,,,,,,,,,,,,,,,,,,,,,,,,,,,
3170,,,,,,,,,1.0,,,,,,,,,,,,,,,,,,,,,,,,,,,,,,,,,,,,,,,,,,,,,,,,,,,,,,,,,,,,,,,,,,,,,,,,,,,,,,,,,,,,,,,,,,,,,,,,,,,,,,,,,,,,,,,,,,,,,,,,,,,,,,,,,,,,,,,,,,,,,,,,,,,,,,,,,,,,,,,,,,,,,,,,,,,,,,,,,,,,,,,,,,,,
3391,,,,,,,,,1.0,,,,,,,,,,,,,,,,,,,,,,,,,,,,,,,0.5,,,,,,,,,,,,,,,,,,,,,,,,,,,,,,,,,,,,,,,,,,,,,,,,,,,,,,,,,,,,,,,,,,,,,,,,,,,,,,,,,,,,,,,,,,,,,,,,,,0.0,,,,,,,,,,,,,,,,,,,,,,,,1.0,,,,,,,,,,,,,,,,,,,,,,,,,,,,,,,,,,,
3397,,,,,,,,,0.5,,,,,,,,,,,,,,,,,,,,,,,,,,,,,,,,,,,,,,,,,,,,,,,1.0,,,,,,,,,,,,,,,,,,,,,,,,,,,,,,,,,,,0.5,,0.0,,,,,,,,,,,,,,,,,,,,,,,,,,,,1.0,,,,,,,,1.0,,,,,,,,,,,,,,,,,,,,,,,,,,,,0.0,,,,,,0.5,,,,,,,,,,,,,,,,,,,,,,,,,,,,,,,,,,
3483,,,,,,,,,1.0,,,,,,,,,,,,,,,,,,,,,,,,,,,,,,,1.0,,,,,,,,,,,,,,1.0,,,,,,,,,,,,,,,,1.0,,,,,,,,,,,,,,,,,,,,,1.0,,,,,,,,,,,,,,,,,,,1.0,,,,,,,,,,,,,,,,,,,,,,,,,,,,1.0,,,,,,,,,,,,,,,,1.0,,,,,,,,,,,0.0,,,,,,,,,,,,,,,,,,,,,,,,,,,,,,,,
3565,,,,,,,,,0.5,,,,,,,,,,1.0,,,,,,,,,,,,,,,,,,,,,,,,,,,,,,,,,,,,,,,,,,,,,,,,,,,,,,,,,,,,,,,,,,,,,,,,,,,,,,,,,,,,,,,,,,,,,,,,,,,,,0.0,,,,,,,,,,,,,,,,0.0,,,,,,,,,,,,,,,,,,,,,,0.0,,,,,,,,,,,,,,,,,,,,,,,,,,,,,,,,,,,,,,,
3764,,,,,,,,,1.0,,,,,,,,,0.5,,,1.0,,,,,,,,,,,,,,,,,0.0,,0.5,,,,,0.0,,,,,,,,,,,,,,,0.0,,,,,,,0.5,,,,,,,,,,,,,,,,,,1.0,,,,,,,,,,,,,,,,,,,,,,,,,,,1.0,,,,,,,,,0.5,0.5,,,,,,,,,,,,,,,,,,,,,,,,1.0,,,,,,,,,,,,,,,,,,,0.0,,,,,,,,,,,,,,,,,,,,,,,,,,,,,,,,
3885,,,,,,,,,1.0,,,,,,,0.5,,0.5,,0.5,,,,,,,,,,,,,,,,,,0.5,,,,,,,,,1.0,,,,0.5,,,1.0,,,,,,0.5,,,,,1.0,,1.0,,1.0,1.0,,0.0,,,,,,0.5,,,,,,,1.0,,,,,,,,,,,,,,,,,,,,1.0,,,,,0.5,,1.0,,,,,,,,,,,,0.0,,,,,,,,,,,,,,,,,,,,,,,,,,,,,,,,,,,,,,,0.5,,,,,,,1.0,,1.0,,1.0,,,,,,,,,,,,,,,,,,,,,,,
3938,,,,,,,,,1.0,,,,0.5,0.0,0.5,,,,,1.0,0.0,,,,,,,,,0.5,,,,,,,,,0.5,0.5,1.0,,,,0.5,,0.5,,,,,,,,,0.5,,,,1.0,,0.5,,,,1.0,0.5,,,,,1.0,0.5,,,,,,,,,,,,,,,,,,,,,,,,,,,,,,,,,,,,,,,,,,,,,,,,,0.5,,,,,,,,,,,,,,1.0,,,,1.0,1.0,,,,,,,,,,,,,,,,,,,,,,,,1.0,,,,,,,,,1.0,,,,,,,,,,,,,,,,,,,,,,,
4071,,,,,,,,,1.0,,,,,,,,,,,,,,,,,,,,,,,,,,,,,,,0.5,,,,,,,,,0.0,,0.5,,,,,,,,,1.0,,,,,,,,,,,,,,,,,,,,,0.0,,,,,,,,,,,,,,,,,,,,,,,,,,,,,,,1.0,,,,,,,,0.5,,,,,,,,,,,,,,0.0,,,,0.0,,,,,,,,,,,,,,,,,,,,,,,,,,,,,,,,,,,,,,,,,,,,,,,,,,,,,,,,,,,
4122,,,,,,,,,1.0,,,,,,,,,,,,,,,,,,,,,,,,,,,,,,,,,,,,,,,,,,,,,,,,,,,,,,,,,,,,,,,,,,,,,,,,,,,,,,,,,,,,,,,,,,,,,,,,,,,,,,,,,,,,,,,,,,,,,,,,,,,,,,,,,,,,,,,,,,,,,,,,,,,,,,,,,,,,,,,,,,,,,,,,,,,,,,,,,,,,,,,,,,,,
4142,,,,,,,,,1.0,,,,,,,,,,,,,,,,,,,,,,,,,,,,,,,,,,,,,,,,,,,,,,,,,,,,,0.5,,1.0,,,,,,,,,,,,,,,,,,,,,,,,,,,,,1.0,,,,,,,,,,,,,,,,,,,,,,,,,,,,,,,,,,,,,,,,,,,,,,,,,,,,,,,,,,,,,,,,,,,,,,,,,,,,,1.0,,,,,1.0,,,,,,,,,,,,,,,,,,,,,,
4150,,,,,,,,,0.5,0.5,,,,,,,,,,,,,,,,,,,,,,,,,,,,,,,,,,,,,,,,,,,,,,,,,,,,,,,,,,,,,,,,,,,,,,,,,,,0.5,,,,,,,,,,,,,,,,,,,,,,,,,,,,,,,,,,,,,,,,,,,,,,,,,,,,,,,,,,,,,,,,,,,,,,,,,,,,,,,,,,,,,,,,,,,,,,,,,,,,,,,,,,,,,,,,
4175,,,,,,,,,1.0,,,,,,,,,,,,,,,,,,,,,,,,,,,,,,,,,,,,,,,,,,,1.0,,,,,,,,,,,,,,,,,,,,,1.0,,,,,,,,,,,,,,,,,,,,,,,,,,,,,,,,,,,,,,,,,,,,,,,,,,,,,,,,,,,,,,,,,,,,,,,,,,,,,,,,,,,,,,,,,,,,,,,,,,,,1.0,,,,,,,,,,,,,,,,,,,,,,,,
4187,,,,,,,,,0.5,,,,,0.0,,,,,0.0,,,,,,,,,,,,,,,,,,,,,,,,,,,,,,,,,,,,,,,,,,,,,,,,,,,,,,,,,,,,0.0,,,,,,,,,,,,,,,,,,,,,,,,,,,,,,,1.0,,,,,,,,,,,,,,,,,1.0,,,,,,,,,,,,,,,,,1.0,1.0,,,,,,,,,,,,,,,,,1.0,,,,,,,,,,,,,,,,,,,,,,,,,,,,,,,,,,,
4215,,,,,,,,,1.0,,,,,,,,,,,,,,,,,,,,,,,,,,,,,,,,,,,,,,,,,,,,,,,,,,,,,,,,,,,,,,,,,,,,,,,,,,,,,,,,,,,,,,,,,,,,,,,,,,,,,,,,,,,,,,,,,,,,,,,,,,,,,,,,,,,,,,,,,,,,,,,,,,,,,,,,,,,,,,,,,,,,,,,,,,,,,,,,,,,,,,,,,,,,
4256,,,,,,,,,1.0,,,,,,,0.5,,0.5,,,,1.0,,,,,,,,,,0.5,,,,,,,,,,,,,,,,,,,0.0,,,,,,,,,,,,,,,,,,,,,,,,,,,,,,,,,,,,,,,,,,,,,,,,,,,,,,,,,,,,,,,,,,,,,,,,,,,,,,,,,,,,,,,,,1.0,,,,,,,,,,,,,,,,,,,,,,,0.5,,,,,,,,,,,,,,,,,,,,,,,,,,,,,,,,,,
4277,,,,,,,,,1.0,,,,,,,,0.5,,,,,,,,,,,,,,,,0.5,,,,,0.5,,,,,,0.5,,,,,,,,,,,,,,,,,,,,,,,,,,,,1.0,,,,,,,,,,,,,,,,,,,,,,,,,,,,,,,,,,,0.0,,,1.0,,,,,,,,,,,,,,,,,0.0,,,,,,,1.0,,,,,,,1.0,,,1.0,,1.0,,,,,,,,1.0,,,,,,,,,,,,,,,,,,,,,,,,,,,,,,,,,,,,,,,,,,,
4344,,,,,,,,,1.0,,,,,,,,,,,1.0,1.0,,,,,,,,,,0.5,,,,,1.0,,,,,,,,,,,,,1.0,,,,,0.0,,,,,,0.5,,,,,,,,,,,,,,,,,,,1.0,,,,,,,,,,,,,,,,1.0,,,,,,,,,,,,,,,0.5,,,,,,,,,,,,,,,,,,,,,,,,,,,,,,,,,,,,,,,,,,,,,,,,,,,,,,,,,,,,,,,1.0,0.0,,,,,,,,,,,,,,,,,,,,,,,
4353,,,,,,,,,1.0,,0.5,,,,0.5,,,,,,1.0,,,,,,,,,0.0,,,,,0.0,,,,1.0,1.0,,,,,1.0,,,,,,,,,,,,,,,,,,,1.0,,,,,,,,,,,,,,,,,,,,,,,,,,,,,,,,,,,,,1.0,,,,,,0.0,,,,,,,,,,,,,1.0,,,,,,,,,,,,,,,,,,,,,,,,,,,,,,,0.5,,,,,,,,,,0.5,0.5,,,,,,,,,,,,1.0,,,,,,,,,,,,,,,,,,,,,,,
4366,,,,,,,,,0.5,,,,,,,,,,,,,,,,,,,,,,,,,,,,,,,,,,,,,,,,,,,,,,,,,,,,,,,,,,,,,,,,,,,,,,,,,,,,,,,,,,,,,,,,,,,,,,,,,,,,,,,,,,,,,,,,,,1.0,,,,,,,,,,,,,,,,,1.0,,,,,,1.0,,,,,,,,,0.5,,,,,,,,,,,,,,,,0.5,,,,,,,,,,,,,,,,,,,,,,,,,,
4395,,,,,,,,,1.0,,,,,,,,,,,,,1.0,,,,,,,,,,,,,,1.0,,,,,1.0,,,,,,,,,,,,,,,,,,,,,,,,,,,,,,,,,,,,,,,,,,,,,,,,,,,,,,1.0,,,,,,,,,,,,,,,,,,,,,,,,,,,,,,,,,,,,,,,,,,,,,,,,,1.0,,,,,,,,,,,,,,,,,,,,,,,,,,,,,,,,,,,,,,,,,,,,,,,,,,,,,
4423,,,,,,,,,1.0,,,,,,,,,,,1.0,,1.0,,,,,,,,,,,,,,,,,,1.0,,,,,,,1.0,,,,1.0,,,,,,,,,,,,,,,1.0,,,,,,,,,,,,,,,,,,,1.0,,,,,,,,,,1.0,,,,,,,,,,,,,,,,,,,,,,,,,,,,,,,,,,,,,,,,,,,,,,,,,,,,,,,,,1.0,,,,,,,,,,,,,,1.0,,,,,,,,,1.0,,,,,,,,,,,,,,,,,,,,,,
4431,,,,,,,,,1.0,,,,,,,1.0,,,,,,,,,,,,,,,,,,,,,,,,,,,,,,,,,,,,,,,,,,,,,,,,,,,,,,,,,0.5,,,,,,,,,,,,,,,,,,,,,,,,,,,,,,,,,,,,,1.0,,,,,,,,,,,,,,,,,,,,,,,,,,,,,,,,,,,,,,,,,,,,,,,1.0,,,,,,,,,,,,,,,,0.5,,0.5,,,,,,,,,,,,,,,,,,,,,,
4454,,,,,,,,,1.0,,,,,,,,,,,,,,,,,,,,,,,,,,,1.0,,,,,,,,,,,,,,,,,,,,,,,,,,,,,,,,,,,,,,,,,,,,,,,,,,,,,,,,,,,,,,,,,,,,,,,,,,,,,,,,,,,,,,,,,,,,,,,,,,1.0,,,,,,,,,,,,,,,,,,1.0,,,,,,,,,,1.0,,,,,,,,,,,,,,,,,,,,,,,,,,,,,,,,,,,
4515,,,,,,,,,1.0,,,,,,,,,,,,,,,,,,,,,,,,,,,,,,,,,,,,,,,,,,,,,,,,,,,,,,,,,,,,,,,,,,,,,,,,,,,,,,,,,,,,,,,,,,,,,,,,,,,,,,,,,,,,,,,,,,,,,,,,,,,,,,,,,,,,,,,,,,,,,,,,,,,,,,,,,,,,,,,,,,,,,,,,,,,,,,,,,,,,,,,,,,,,
4582,,,,,,,,,1.0,,,,,,,,,1.0,,,,,,,,,,,,,,,,,,,,,0.0,,,,,,,,,,,,,,,,,,,,,,,,,,,,,,,,,,,,,,,,,,,,,,,,,,,,,,,,,,,,,,,,,,1.0,,,,,,,,,,,,,,,,,,,,,,,,,,,,,,,,,,,1.0,,,,,,,,,,,,1.0,,1.0,,,,,,,,,,,,,,,,,,,,,,,,,,,,,,,,,,,,,,,,,,,
4637,,,,,,,,,1.0,,,,,,,,,0.5,,,,,,,,,,,,,,,,,1.0,,,,,,,,,,,,,,,,,,,,,,,,,,,,1.0,1.0,,,,,,,,,,,,,,,,,,,,,,,,,,,,,,,,,,,,,,,,,,,,,,,,,,,,,,,,0.0,,,,,,,,,,,,,,,,,,,,,,,,,,,,,,,,,,,,,,,,,,,,,,,,,,,,,,,,,,,,,,,,,,,,,,,,,,,,,
90,,,,,,,,,,0.0,,,,,,,,,,,,,,,,,,,,,,,,,,,,,,,,,,,,,,,,,,,,,,,,,,,,,,,,,,,,,,,,,,,,,,,,,,,,,,,,,,,,,,,,,,,,,,,,,,,,,,,,,,,,,,,,,,,,,,,,,,,,,,,,,,,,,,,,,,,,,,,,,,,,,,,,,,,,,,,,,,,,,,,,,,,,,,,,,,,,,,,,,,,
418,,,,,,,,,,0.0,,,,,,,,,,,,,,,,,,,,,,,,,,,,,,,,,,,,,,,,,,,,,,,,,,,,,,,,,,,,,,,,,,,,,,,,,,,,,,,,,,,,,,,,,,,,,,,,,,,,,,,,,,,,,,,,,,,,,,,,,,,,,,,,,,,,,,,,,,,,,,,,,,,,,,,,,,,,,,,,,,,,,,,,,,,,,,,,,,,,,,,,,,,
810,,,,,,,,,,0.5,,,0.5,1.0,1.0,,1.0,,,,,,,,,,,,,,0.5,,,,,,,,,,,,,,1.0,,1.0,,,,1.0,1.0,,,,,,,,,,,0.5,,1.0,,0.5,,,,,,0.5,,,,,,,,,,,,,,,,,,,,,,,,,,,,,,,,,,,,,,,,,,,,,,,,,,,,,,,,,,,,,,,,,,,,,,,,,,,,,,,,,,,,,,,,,,,,,,,,,,,,,,,,,,,,,,,,,,,,,,,,,,,,
1095,,,,,,,,,,1.0,,,,,,,,,,,,,,,,,,,,,,,,,,,,,,,,,,,,,,,,,1.0,,,,,,,,,,,,,,,,,,,,,,,,,,,,,,,,,,,,,,,,,,,,,,,,,,,,,,,,,,,,,,,,,,,,,,,,,,,,,,,,,,,,,,,,,,,,,,,,,,,,,,,,,,,,,,,,,,,,,,,,,,,,,,,,,,,,,,,,,,,,,,,,,,
1165,,,,,,,,,,1.0,,,0.0,,,,1.0,,,,,1.0,,,1.0,,,,,1.0,,,,,1.0,,,,,,,,,,,,,,,,,,,,,,,,,,,,,0.0,1.0,,,1.0,,,,,,,,,,,,,,,,,,,,,,,,,,,,,,,,,,,,,,,,,,,,,,,,,,,,,,,,,,,,,,,,,,,,,,,,,,,,,,,,,,,,,,,,,,,,,,,,,,,,,,,,,,,,,,,,,,,,,,,,,,,,,,,,,
1246,,,,,,,,,,1.0,,,,,,,,,,0.0,,,,,,,,,,,,,,,,,,,,,,,,,,,,,,,,,,,,,,,,,,,,,,,,,,,,,,,,,,,,,,,,,,,,,,,,,,,,,,,,,,,,,,,,,,,,,,,,,,,,,,,,,,,,,,,,,,,,,,,,,,,,,,,,,,,,,,,,,,,,,,,,,,,,,,,,,,,,,,,,,,,,,,,,,,,,,,,,,
1283,,,,,,,,,,0.5,,,,,,,,,,,,,,,,,,,,,,,1.0,,,,,,,,,,,,,,,,,,,,,,,,,,,,,,,,,,,,1.0,,,,,,,,,,,,,,,,,,,,,,,,,,,,,,,,,,,,,,,,,,,,,,,,,,,,,,,,,,,,,,,,,,,,,,,,,,,,,,,,,,,,,,,,,,,,,,,,,,,,,,,,,,,,,,,,,,,,,,,,,,,,,,,,
1382,,,,,,,,,,1.0,,,,,,,1.0,,,,0.0,,,,,,,,,1.0,,,,,,,,,1.0,,1.0,,,0.0,,,1.0,,1.0,,0.0,,,,,,,,,,,,,,,,,,,,,,,,,,,,,,1.0,,,,,,,1.0,,,,,1.0,,,,1.0,,,,1.0,,,,,,1.0,,,,,,,,,,,,,,,,,,,,,,,,,,,,,,,,,,,,,,,,,,,,,,,,,,,,,,,,,,,,,,,,,,,,,,,,,,,,,,,,,,,,,,,,,,
2483,,,,,,,,,,0.5,,,,,,0.5,0.5,,,,,,,,,,,,,,,,,,0.5,,,,,,,,,,,,,,,,,,,,,,,,,,,,,0.5,,,,,0.5,0.5,,0.5,0.5,,,,,,,,,,,,,,,,,,,,,,,,,,,,,,,,,,,,,,,,,,,,,,,0.5,0.5,,,,,,,,,,,,,,,,,,,,,,,,,,,,,,,,,,,,,,,,,,,,,,,,,,,,,,,,,,,,,,,,,,,,,,,,,,,,
2667,,,,,,,,,,0.0,,,,,,,,,,1.0,,,,,,,,,,,,,,,,,,,,,1.0,,,,,,,,,,,,,1.0,,,,,,,,,,,,,,,,,,,1.0,,,,,,0.0,,,,,,,,,,,,,,,,,,1.0,,,,,,,,,,,,,1.0,,,,,,,,,,,,,,,,,,,,,,,,,,,,,,,,,,0.0,,,,,,,,,,,,,,,,,,,,,,,,,,,,,,,,,,,,,,,,,,,,,,,,,,,,,
2736,,,,,,,,,,1.0,0.0,,,,,,,,,,,0.5,,,,,,,,,,,,,,,,,,,,,,,,,,,,,,,,,,,,,,,,,,,,,,,,,,,,,,,,,,,,,,,1.0,,,,,,,,,,,,,,,,,,,,,,,,,,,,,,,,,,,,0.5,,,,,,,,,,,,,,,,,,,,,,,,,,,,,,,,,,,,,,,,,,,,,,,,,,,,,,,,,,,,,,,,,,,,,,,,,,,,
2805,,,,,,,,,,0.0,1.0,,1.0,,,,1.0,,,,,,,,,,,,,,,0.0,0.0,,,,,,,,,,,1.0,,,,,,,,1.0,,,,,,,,,,,1.0,,,,,,,1.0,,1.0,,,,,,,,,,,,,,,,1.0,,,,,1.0,,,,,,,,,,,,0.5,,1.0,,,,,,,,,,,,,,,,,1.0,,,,,,,,,,,,,,,,,,,,,,,,,,,,,,,,,,1.0,,0.5,,,,,,,,,,,,,,,,,,,,,,,,,,,,,,,,,,,,,
3111,,,,,,,,,,1.0,,,,,,,,,,,,,,,,,,,,0.5,,,,,0.0,,,,,,,,,,,,,,,,,,,,,,,,,,,,,,,,,,,,,,,,,,,0.0,,,,,,,,,,,,,,,,,,,,,,,,,,,,,,,,,,,,,,,,,,,,,,0.5,,,,,,,,,,,,,,,,,,,,,,,,,,,,,,,,,,,,,,,,,,,,,,,,,,,,,,,,,,,,,,,,,,,,,,,,,
3171,,,,,,,,,,1.0,,,0.0,0.5,1.0,1.0,,1.0,1.0,1.0,0.5,,,,,,,,,,,,,,1.0,,,,0.0,0.5,,,,0.0,,,,,,,,,,,,1.0,,,,,,,,,,,0.5,,,,,0.0,,,,,,,,,,,,,,,,,,,,,0.0,,0.0,,0.5,,,,,,,,1.0,,,,,0.0,,1.0,,,,,,,,,,,,,,,1.0,,,,,,,,,,,0.5,,1.0,0.5,,,,,,,,,,1.0,,,1.0,,,,,,,,,,,,,,,,,,,,,,,,,,,,,,,,,,,,,,,,,,,
3347,,,,,,,,,,1.0,,,,,,,,,,,,,,,,,,,,,,,,,,,,,,,,,,,,,,,,,,,,,,,,,,,,,,,,,,,,,,,,,,,,,,,,,,,,,,,,,,,,,,,,,,,,,,,,,,,,,,,,,,,,,,,,,,,,,,,,,,,,,,,,,,,,,,,0.0,,,,,,,,,,,,,,,,,,,,,,,,,,,,,,,,,,,,,,,,,,,,,,,,,,,,
3496,,,,,,,,,,0.5,0.5,,1.0,,,,,,,,,,,,,,,,,,,,,,0.0,0.0,,,,,,,,0.5,,,1.0,,,,0.0,,,,,,,,,,,,,,1.0,,0.5,,1.0,,,,,,,,,0.0,0.0,,0.5,,,,,,,1.0,,,,,0.5,,,,,,,,1.0,,,,1.0,,1.0,,,,,,,,,,,,,1.0,,,,,,,,,,,,,,,,,,,,,,,,1.0,,,,,,,1.0,,,1.0,1.0,,1.0,,,,,,0.5,,,,,,,,,,,,,,,,,,,,,,,,,,,,,,,,,,
3627,,,,,,,,,,1.0,,,,,,,,,,,,,,,,,,,,,,,,,,,,,,,,,,1.0,,,,,,,,,,,,,,,,,,,,,,,,,,,,,,,,,,,,,,,,,,,,,,,,,,,,,,,,,,,,,,,,,,,,,,,,,,,,,,,,,,,,,,,,,,,,,,,,,,,,,,,,,,,,,,,,,,,,,,,,,,,,,,,,,,,,,,,,,,,,,,,,,,,,,,,,,
3771,,,,,,,,,,0.0,,,,1.0,0.0,,0.0,0.0,,,1.0,,,,0.0,,,,,,,1.0,,,,1.0,,,0.0,0.0,1.0,,,,,,,,,,1.0,,,0.0,,,,,,1.0,,,0.0,,,1.0,,,,,,,,,,,,,1.0,,,,,,1.0,,,,,,0.0,,,,1.0,,,,,,0.0,,,,0.0,,,,,0.0,,,,,,,,,,0.0,0.0,,,,,,,,0.0,,,,,,,0.0,,0.0,,,,,,,0.0,,,,,,0.0,0.0,,,,,0.0,0.0,,,0.0,,,,1.0,0.0,,,,,0.0,,,,,,,,,,,,,,,,,,,,,,,,,,
3895,,,,,,,,,,1.0,,,,1.0,,0.0,,0.5,,,0.5,,,,0.0,,,,,0.0,0.5,,,,,0.5,,0.5,,0.5,1.0,0.5,,0.0,1.0,,1.0,,0.5,,,,,0.5,,,,,,,,1.0,1.0,,1.0,1.0,0.0,0.0,,0.5,,0.5,0.5,,,,,,,,,,,,,,,,,,0.0,,,,,,,,,,,,,,,,0.0,,,,,,,,,,,,,0.0,,0.0,1.0,0.5,,,,,0.0,,,,,,,,,,,1.0,,1.0,,,0.5,,,,,,1.0,0.5,,0.5,,,0.0,,,0.0,,1.0,0.5,,,,,,,,1.0,,,,,,,,,,,,,,,,,,,,,,,,,,
4072,,,,,,,,,,1.0,,,,,,,,0.0,,,,,,,,,,,,0.0,,,,,,,,,,,,,,,,,,,,,1.0,,,,,,,,,,,,,,,,,,,,,,,,,,,,,,,,,,,,,,,,,,,,,,,,,,,,,,,,,,,,,,,,,,,,,,,,,,,,,,,,,,,,,,,,,,,,,,,,,,,,,,,,,,,,,,,,,,,,,,,,,,0.5,,,,,,,,,,,,,,,,,,,,,,,,
4074,,,,,,,,,,1.0,,,,,,,,,,,,,,,,,,,,,,,,,,,,,,,,,,,,,,,,,,,,,,,,,,,,,,,,,,,,,,,,,,,,,,,,,,,,,,,,,,,,,,,,,,,,,,,,,,,,,,,,,,,,,,,,1.0,,,,,,,,,,,,,,,,,,,,1.0,,,,,,,,,,,,,,,,,,,,,,,,,,,,,,,,,,,,,,,,,,,,,,,,,,,,,,,
4101,,,,,,,,,,0.5,,,,,,,,,,,,,,,,,,,,,,,,,,,,,,,,,,,,,,,,,,,,,,,,,,,,,,,,,,,,,,,,,,,,,,,,,,,,,,,,,,,,,,,,,,,,,,,,,,,,,,,,,,,,,,,,,,,,,,,,,,,,,,,,,,,,,,,,,,,,,,,,,,,,,,,,,,,,,,,,,,,,,,,,,,,,,,,,,,,,,,,,,,,
4106,,,,,,,,,,0.5,,,,,,,,,,,,,,,,,,,,,,,,,,,,,,,,,,,,,,,0.5,,,,,,,,,,,,,0.5,,,,,,,,,,,,,,,,,,,,,,,,,,,,,,,,,,,,,,,,,,,,,,,,,,,,,,,,,,,,,,,,,,,,,,,,,,,,0.5,,,,,,,,,,,,,,,,,,,,,,,0.5,,,,,,,,,,,,,,,,,,,,,,,,,,,,,,,,,,,,
4123,,,,,,,,,,1.0,1.0,,,,,,,,1.0,,,,,,,,,,,,0.0,,1.0,,0.0,,,,,0.0,1.0,,,,,,,,,,,1.0,,0.0,,,,,,,,,,0.0,,,,,,,,,,,,,,,,,,,,,0.0,,,1.0,,,,,,,,,,,,,,,,,,,,,,,,,,,,,,,,0.0,,,,,,,,,,,,,,0.0,,0.0,,0.0,,,,,,,,,,,,,0.0,,,,,,,,,0.5,1.0,,,,,,,,,0.0,0.5,,,0.0,,,,,,,,,,,,,,,,,,,,,,,
4300,,,,,,,,,,1.0,,,,1.0,,,,,0.0,,,,,,,,,,,,,,,,,,,,1.0,,,,,,,,,,0.0,,0.0,,,,,,,,,,,,1.0,,,,1.0,,,,,,,,,,,0.0,,,1.0,,,,,,,,,,,,,,,,,,,,,,,,,,1.0,,,,,,,,,,,,,,0.0,,,,,,1.0,,,,,,,,,,,,,,,1.0,,,,,,,,,,,,,,,,1.0,,1.0,,,,,,,,,,1.0,,,,0.0,,,,,,,,,,,,,,,,,,,,,,,
4322,,,,,,,,,,0.5,,,,,,,1.0,,0.5,,,1.0,,,1.0,,,,,,,,,,,,,,,,,,,,,,1.0,,,,,,,1.0,,,,,,1.0,,,1.0,1.0,,1.0,1.0,,,,,,,,,,,,,,,,,,,,,1.0,,,,,,,1.0,,,,,,1.0,,,,,,,,,,,,,,,,,,,1.0,,,1.0,,,,0.5,,,,,,,,,,,1.0,,,1.0,,,1.0,,1.0,,,,,,1.0,,1.0,,,,,,,,,,,,1.0,,,,,,,1.0,,,,,,,,,,,,,,,,,,,,,,,,
4337,,,,,,,,,,1.0,,,,,,,1.0,1.0,1.0,,,,,,,,,,,,,,,,,,,,1.0,,,,,,,,,,0.0,,0.0,,,,,,,,,0.5,,,1.0,,,,,,,,,1.0,,,,,,1.0,,,,,,,,,,1.0,,,1.0,,1.0,,1.0,,,,,,,,,,,,1.0,,,,,1.0,,,,,,,,,,,,,,,,,,,,,,,,,,,,,1.0,,,,,,,,,,,,,,,,,1.0,,,,,,,,,,,,,,0.0,1.0,0.0,,,,,,,,,,,,,,,,,,,,,,,
4401,,,,,,,,,,1.0,,,,,,,,,,,,,,,,,,,,,,,,,,,,,,,,,,,,,,,,,,,,,,,,,,,,,,,,,1.0,,,,,,,,,,,,,,,,,,,,,,,,,,,,,,,,,,,,,,,,,,,,,,,,,,,,,,,,,,,,,,,,,,,,,,,,,,,,,,,,,,,,,,,,,,,,,,,,,,,,,,,,,,,,,,,,,,,,,,,,,,,,,,,,,,
4416,,,,,,,,,,0.5,,,,,0.5,,,,0.5,,,,,,,,,,,,,,,,,,,,,,,,,,,,,,,,,,,,,,,,,,,0.5,0.5,,0.5,,,,,,,,,,,,,,,,,,,,,,,0.5,,,,,,,,,,,,,,,,,,,,,,,,,,,,,,,,,,,,0.5,,,,,,,,,,,,,,,,,,,,,,,,,,,,,,,,,,,,,,,,,,,,,,,,,,,,,,,,,,,,,,,,,,,,,,,,,
4428,,,,,,,,,,1.0,,,,,,,,1.0,,1.0,0.5,1.0,,,,,,,,,,,,,,,,,,,,,,,,,,,,,,,,,,,,,,,,,,,,,,,,,,,,,,,,,,,,,,,,,,,,,,,,,,,,,,,,,,,,,,,,,,,,,,,,,,,,,,,,,,,,,,,,,,,,,,,,,,,,,,,,,,,,,,,,,,,0.5,,,,,,,,,,,,,,,,,,,,,,,,,,,,,,,,,,,,
4444,,,,,,,,,,0.0,,,,,0.5,,,,,,,,,,,,,,,,,,,,,,,,,,,,,,,,,,,,,,,,,,,,,,,,,,,,,,,,,,,,,,,,,,,,,,,,,,,,,,,,,,,,,,,,,,,,,,,,,,,,,,,,,,,,,,,,,,,,,,,,,,,,,,,,,,,,,,,,,,,,,,,,,,,,,,,,,,,,,,,,1.0,,,,,,,,,,,,,,,,,,,,,,
4447,,,,,,,,,,1.0,,,,,,,,,,,,,,,,,,,,,,,,,,,,,,,,,,,,,,,,,,,,,,,,,,,,,,,,,,,,,,,,,,,,,,,,,,,,,,,,,,,,,,,,,,,,,,,,,,,,,,,,,,,,,,,,,,,,,,,,,,,,,,,,,,,,,,,,,,,,,,,,,,,,,,,,,,,,,,,,,,,,,,,,,,,,,,,,,,,,,,,,,,,
4457,,,,,,,,,,0.5,,,,,,,,,,,,,,,,,,,,,,,,,,,,,,,,,,0.0,,,,,,,,,,,,,,,,,,,,,,,,,,,,,,,,,,,,,,,,,,,,,,,,,,,,,,,,,,,,,,,,,,,,,,,,,,,,,,,,,,,,,,,,,,,,,,0.0,,,,,,,,,,,,,,,,,,,,,,,,,,,,,,,,,,,,,,,,,,,,,,,,,,,,,,,,,,,
4476,,,,,,,,,,1.0,,,,,1.0,,1.0,1.0,,,,0.0,,,,,,,,,,,,,,,,,,,,,,1.0,,,,,,,,0.0,,,,,,,,1.0,,,,,,1.0,,,,,,1.0,1.0,,,,,,,,,,,,,,,,,,1.0,,,,1.0,,,,,,1.0,,,,,,,,,,,,,,,,,,,,,1.0,0.0,,,,,,1.0,,,,,1.0,,,,,,,1.0,,,,1.0,,,,,,,,,,1.0,,,1.0,,,1.0,,,,0.0,,,,,1.0,,,,,0.5,,,,,,,,,,,,,,,,,,,,,,
4485,,,,,,,,,,1.0,,,,,,,,,,,,,,,,,,,,,0.0,,,,1.0,,,,,,,,,,,,,,,,,0.5,,,,,,,,,,,,,,,1.0,,,,,,,,,,,,,,,,,,,,,,,,,,,,,,,,,,,,,,,,,,,,,,,,,,,,,,,,,,,,0.5,,,,,,,,,,,,,,,,,,,,,,,,,,,,,,,,,,,,,,,,,,,,,,,,,,,,,,,,,,,,,,,,,,,,,,
4495,,,,,,,,,,1.0,,,,,,,,,,,,,,,1.0,,,,,,,,,,1.0,,,,,,,,,,,,1.0,,,,,,,,,,,,,,,,,,,,,,,,,,,,,,,,,,,,,,,,,,,,,,,,,,,,,,,,,,,,,,,,,,,,,,,,,,,,,,,,,,,,,,,,,,,,,,,,,,,,,,,,,,,1.0,,,,,,,,,,,,,,,,,,,,,,,,,,,,,,,,,,,,,,,,,,,
4505,,,,,,,,,,1.0,,,,,,0.5,,,,0.5,1.0,,,,,,,,,,1.0,,,,,,,0.5,,,,,,0.5,,,0.5,,,,,,,,,,,,,1.0,,,,,,1.0,0.5,0.5,1.0,1.0,,0.0,,,,,,,0.5,,1.0,,,,1.0,,,0.5,,,1.0,,,,,,,,,,,,,,,,,,,,,1.0,,,,,,,,,,1.0,,0.5,,,1.0,,0.0,,,,,,,,,,,,,,,1.0,,,,,,,,,,1.0,,,,,,1.0,0.5,,,,0.5,0.5,,,,,,,,0.0,0.5,,,,,,,,,,,,,,,,,,,,,,
4514,,,,,,,,,,1.0,,,,,,,1.0,,1.0,,,,,,,,,,,,1.0,,,,,,,,,,,,,,,,1.0,,,,1.0,,,,,,,,,,,,,1.0,,,,,,,,,,,,,,,,,1.0,,,,,,,,,,,,,,,,,,,,,,,,,,1.0,,,1.0,,,,,,,,,,,,,,,,,,,0.5,,,,,,,,,,,0.5,,,,,,,,,,,,,,,,,,,,,,,,,,,,,,0.5,,,,,,,,,,,,,,,,,,,,,,,,,,,
4537,,,,,,,,,,0.0,,,,,,,,,,0.0,,,,,1.0,,,,,,,0.0,,,,0.0,,,1.0,1.0,,,,,,,0.0,,0.0,,,,,,,,,,,,,,,,,,,,,,,,,,,,,0.0,,,,,,,,,,,,,,,0.0,,,,,,,,,,,,,,,,,,,,,,,,,,,1.0,,,,1.0,,,,,,,,,,1.0,,,,,,,,,,,1.0,,,,,,,,,,,,1.0,1.0,,,,,,,,,,,,,,1.0,,,,,,,,,,,,,,,,,,,,,,,,,
4579,,,,,,,,,,1.0,,,,,,,,,,,,,,,,,,,,,,,,,,,,1.0,,,,,,,1.0,,,,,,,,,,,,,,,,,,,,,,,,,,,,,,,,,1.0,,,,,,,,,,,,,,,,,1.0,,,,,,,,,,,,,,,,,,,,,,,,,,,,,,,,,,,,,,,,,,,,,,,,,,,,,,,,,,,1.0,0.5,,,,,,,,,,,,,,,,,,,,,,,,,,,,,,,,,,,,,,,,,,
4596,,,,,,,,,,1.0,,,,,,,,,,,,,,,,,,,,,,,1.0,,,,,,,,,,,,,,,,,,,,,,,,,,,,,,,,,,,,,,,,,,,,,,,,,,,,,,,,,,,,,,,,,,,,,,,,,,,,,,,,,,,,,,,,,,,,,,,,,,,,,0.0,,,,,,,,,,,,,,,,,,,,,,,,,,,,,,,,,,,,,,,,,,,,,,,,,,,,,,,,,,,,,,,
4646,,,,,,,,,,1.0,,,,,,,,,,,,,,,,,,,,,,,,,,,,,,,,,,,,,,,,,,,,,,,,,,,,,,,,,,,,,,,,,,,,,,,,,,,,,,,,,,,,,,,,,,,,,,,,,,,,,,,,,,,,,,,,,,,,,,,,,,,,,,,,,,,,,,,,,,,,,,,,,,,,,,,,,,,,,,,,,,,,,,,,,,,,,,,,,,,,,,,,,,,
4661,,,,,,,,,,0.5,,,0.5,0.5,,0.5,1.0,,,0.5,,1.0,,,,,,,,,,,,,,0.5,,,0.5,,,,,,,,,,,,,,,,,,,,,0.5,,,,,,,0.5,1.0,,,,,,,,,,,,,,,,,,,,,,,,,,,,,1.0,,,,,,,,,,0.5,,,,,,,,,,,,,,0.5,,,,,,,,,,,,,,,,,,,,,,,,0.5,,,,,,,,,,,,,,,,,,,,,,,,,0.5,,,1.0,,,,,,,,,,,,,,,,,,,,,,,,
57,,,,,,,,,,,0.0,,,,,,,,,,,,,,,,,,,,,,,,,,,,,,,,,,,,,,,,,,,,,,,,,,,,,,,,,,,,,,,,,,,,,,,,,,,,,,,,,,,,,,,,,,,,,,,,,,,,,,,,,,,,,,,,,,,,,,,,,,,,,,,,,,,,,,,,,,,,,,,,,,,,,,,,,,,,,,,,,,,,,,,,,,,,,,,,,,,,,,,,,,
279,,,,,,,,,,,0.0,,,,,,,,,,,,,,,,,,,,,,,,,,,,,,,,,,,,,,,,,,,,,,,,,,,,,,,,,,,,,,,,,,,,,,,,,,,,,,,,,,,,,,,,,,,,,,,,,,,,,,,,,,,,,,,,,,,,,,,,,,,,,,,,,,,,,,,,,,,,,,,,,,,,,,,,,,,,,,,,,,,,,,,,,,,,,,,,,,,,,,,,,,
953,,,,,,,,,,,0.0,,,,,,,,,,,,,,,,,,,,,,,,,,,,,,1.0,1.0,,,,,,,,,,,,,,,,,,,,,,,,,,,,,,,,,,,,,,,,,,,,,,,,,1.0,,,,,,,,,,,,,,,,,,,,,,,,,,,,,,,,,,,,,,,,,,,,,,,,,,,,,,,,,,,,,,,,,,,,,,,,,,,,,,,,,,,,,,,,,,,,,,,,,,,,,,,,,,
958,,,,,,,,,,,0.5,,,1.0,,0.5,,0.0,,1.0,,,,,,,,,,,,,,,,,,,,,,,,,,,1.0,,,,,,,,,,,,,,,,,,1.0,,,1.0,,,,0.0,,,,,,0.0,1.0,,,,,,1.0,,,,,,,,,,0.0,,,,,,,,,,,,,,,,,,,,,,,,,,,,,,,,,,,,,,,,,,,,,,,,,,,,,,,,,,,,,,,,,,,,,,,,,,,,,,,,,,,,,,,,,,,,,,,,,,,,,,
982,,,,,,,,,,,0.0,,,,,,,,,,,,,,1.0,,,,,,,,1.0,,,,,,,,,1.0,,0.0,,,,,,,,,,,,1.0,,,,1.0,,,,,,1.0,,,,,,0.0,,,,,,,,,,,,,,,,,,,,,,,1.0,,1.0,,,,,,,,,,,,,,,,,,,,,,,,,,,,,,,,,,,,,,,,,,,,,,,,,,,,,,,,,,,,,,,,,,,,,,,,,,,,,,,,,,,,,,,,,,,,,,,,,,,,
1600,,,,,,,,,,,1.0,,,,,,,,,,,,,,,,,,,,,,,,,,,,,,,,,,,,1.0,,,,,,,,,,,,,,,,,,,,,,,1.0,,,,,,,,,,,,,,,,,,,,,,,,,,,,,,,,,,,,,,,,,,,,,,,,,,,,,,,,,,,,,,,,,,,,,,,,,,,,,,,,,,,,,,,,,,,,,,,,,,,,,,,,,,,,,,,,,,,,,,,,,,,,,,,
1711,,,,,,,,,,,1.0,,1.0,,,,,,,,,,,,,,,,,,,,,,,,,,,1.0,,,,,,,,,,,,,,,,1.0,,,,,,,,,,,1.0,,,,,,,,,,,,,,,,,,,,,,,,,,,,,,,,,,,,,,,,,,,,,,,,,,,,,,,,,,,,,,,,,,,,,,,,,,,,,,,,,,,,,,,,,,,,,,,,,,,,,,,,,,,,,,,,,,,,,,,,,,,,,,,,,,
1760,,,,,,,,,,,1.0,,1.0,,,,,,0.0,,0.0,,,,,,,,,,,,0.0,,,,,,,,,0.0,,,0.0,,,,1.0,,,,,,,,,,,,,0.0,1.0,1.0,,,1.0,,,,,1.0,1.0,,,,,,0.0,,1.0,,,,,,,,,,,,1.0,,,,,,,,1.0,,,,1.0,,,,,,,,,,,,,,,,,,,,,,,,,,,,,,,,,,,,,,,,,,,,,,,,,,,,,,,,,,,,,,,,,,,,,,,,,,,,,,,,,,,,,,,,,,,,
1851,,,,,,,,,,,0.0,,,,,,,,0.0,,0.0,,,,,,,,,,,,,,0.0,,,,,,,,,,,,,,,,,,,,,,,,,,,,1.0,,,,,,,,,,,,,,,,,,,,,,,,,,,,,,,,,,1.0,,,,,,,,,,,,,,,,,,,,,,,,,,,,,,,,,,,,,,,,,,,,,,,,,,,,,,,,,,,,,,,,,,,,,,,,,,,,,,,,,,,,,,,,,,,,,,,,,,,,
1996,,,,,,,,,,,0.0,,,,,0.0,,1.0,,,0.0,,,,,,,,,,,,,,,1.0,,,,,,,,,,,1.0,,,,,,,,,,,,,,,1.0,,,1.0,,1.0,,,,,,1.0,,,,,,,,,,,,,,,,,,,,,,,,,,,,,,,,,,,,,,,,,,,,,,,1.0,,,,,,,,,,,,,,,,,,,,,,,,,,,,,,,,,,,,,,,,,,,,,,,,,,,,,,,,,,,,,,,,,,,,,,,,,,,,,
2118,,,,,,,,,,,0.5,,,,,,,,,,,,,,,,,,,,1.0,,,,,,,,,,,,,,,,,,,,,,,,,,,,,,,,,,,,,,,,,,,,,,,,,,,,,,,,,,,,,,,,,,,,,,,,,,,,,,,,,,,,,,,,,,,,,,,,,,,,,,,,,,,,,,,,,,,,,,,,,,,,,,,,,,,,,,,,,,,,,,,,,,,,,,,,,,,,,,,,,,,,,,
2552,,,,,,,,,,,0.0,,,,,,,,,,,,,,0.5,,,,,,,,,,,,,,,,,,,,,,,,,,1.0,,,,,,,,,,,,,,,,,,,,,,,,,,,,,,,,,,,,,,,,,,,,,,,,,,,,,,,,,,,,,,,,,,,,,,,,,,,,,,,,,,,,,,,,,,,,,,,,,,,,,,,,,,,,,,,,,,,,,,,,,,,,,,,,,,,,,,,,,,,,,,,,,,
2833,,,,,,,,,,,1.0,,,,,,,1.0,,,,,,,,,,,,,,0.5,,,,,,,,,,,,,,,,,,,,,,,,,,,,,,1.0,,,,,,,,,,,,,,,,1.0,,,,,,,1.0,,,,,,,,,,,,,,,,,,,,,,,,,,,,,,,,,,,,,,,,,,,,,,,,,,,,,1.0,,,,,,,,,,,1.0,,,,,,,,,,,,,,,,,,,,,,,,,,,,,,,,,,,,,,,,,,,,,,,,
3389,,,,,,,,,,,1.0,,,,,,,,,,,,,,,,,,,,,,,,,,,,,,,,,0.0,,,,,,,,,,1.0,,,,,,,,,,,,,,,,,,,,,,,,,,,,,,,,,,,,,,,,,,,,,,,,,,,,,,,,,,,,,,,,,,,,,,,,,,,,,,,,,,,,,,,,,,,,,,,,,,0.0,,,,,,,,,,,,,,,,,,,,,,,,,,,,,,,,,,,,,,,,,,,,,
3424,,,,,,,,,,,1.0,,,,0.5,,,,,,,,,,,,,,,,,,,,,,,,,,,,,,0.0,,,,,,0.5,,,,,,,,,,,,1.0,,,,,,1.0,1.0,,,,,,,,,,,,,,,,,,1.0,,,,,,,,,,,,,,,,,,,,,,,,,,,,,,,,1.0,,,,,,,,,,,,,,,,,,,,,,,,,1.0,,,,,,,,,,,,,,,,1.0,,,,,0.5,,,,,,,,,,,,,,,,,,,,,,,,,,,,,,,
3617,,,,,,,,,,,1.0,,,,,,,,,,,,,,,,,,,,,,,,,,,,,,,,,,,,,,,,,,,,,,,,,1.0,,,,,,,1.0,,,,,,,,,,,,,,,,,,,,,,,,1.0,,,,,,,,,,,,,,,,,,,,,,,,,,,,,,,,,,,,,,,,,,,,,,,,,,,,,,,,,,,,,,,,,,,,,,,,,,,,,,,,,,,,,,,,,,,,,,,,,,,,,,,,,,
4089,,,,,,,,,,,1.0,,,,0.0,,,,,,,,,,,,,,,,,,,,,,,,0.0,,,,,0.5,,,,,,,,,,,,,,,,,,,,,,,,,,,,,,,,,,,,,,,,,,,,,,,,,1.0,,1.0,,,,,,,,,,,,,,,,,,,,,,,,,,,,,,,,,,,,,,,,,,,,,,,,,,,,,,,,,,,,,,,,,,,,,,,,,,,,,,,,,,,,,,,,,,,,,,,,,,,,,,
4097,,,,,,,,,,,0.5,,,,,,,,,,,,,,,,,,,,,,,,,,,,,,,,,1.0,,,,,,,,,,,,,,,,,,,,,,,,,,,,,,,,,,1.0,,,0.0,,,,1.0,,,,,,,,,,,,,,,,1.0,,,,,,1.0,,,,,,,,,,,,,,,,,,,,1.0,,,,,,,,,,,,,,,,,1.0,,,,,,,,,,,,,,1.0,,,,,,,,,,,,,,,,,,,,,,,,,,,,,,,,,,,,,,,
4103,,,,,,,,,,,0.0,,,,,,,,,,,,,,,,,,,1.0,0.0,,,,,,,,,,,,,0.0,,,,,,,,,,,,,,,,,,,,,,,,,,,,,,,,,,,,,,,,,,,,,,,,,,,,,,,,,,,,,,,,,,,,,,,,,,,,,,,,,,,,,,,,,,,,,,,,,,1.0,,,,,,,,,,,,,,,,,,,,,,,,,,,,,,,,,,,,,,,,,,,,,,,,,,,,,,,
4163,,,,,,,,,,,1.0,,,,,,,1.0,1.0,,,1.0,,,,,,,,1.0,,,,,1.0,,,,,,1.0,,,,,,,,,,0.0,,,,,,,,,,,0.0,,,,,,,,,,,,,,,,,1.0,,,,,,,,,,,,,,,,,,,,,,,,,,,,,,,,,,,,,,,,,,,,,,,,,,,,,,,,,,,,,,,,,1.0,,,,,,,,,,,0.0,,,,,,,,,,,,,,,,,,,,,,,,,,,,,,,,,,,,,,,,,,
4188,,,,,,,,,,,0.5,,,,,,,,,0.0,,,,,1.0,,,,,,,,,,,,,,,0.5,,,,,,,,,,,,,,,,,,,,,,,,,,,,,,,,,,,,,,,,,,,,,,,,,,,,,,,,,,,,,,,,,,,,,,,,,,,,,,,,,0.5,,,,,,,,,,,,,1.0,,,,,,,,,,,,,,,,,,,,,,,,,,,,,,,,,,,,,,,,,,,,,,,,,,,,,,,,,,,,,,,
4199,,,,,,,,,,,0.5,,,,1.0,,,,,1.0,,,,,,,,,,,,,,,,,,,,,,,,,,,,,,,,,,,,,,,,,,,1.0,,,1.0,,,,,,,,,,,,,,,,,,,,,,,,,,,,,,,,,,,,,,,,,,,,,,,,,,,,,,,,,,,,,,,,,,,,,,,,,,,,,,,,,,,,,,,,,,,,,,,1.0,,,,,,,,,,,,,,,,,,,,,,,,,,,,,,,,,,,,
4231,,,,,,,,,,,1.0,,,,,,,,,,,,,,,,,,,,,,,,,,,,,,,,,,,,,,,,,,,,,,,,,,,,,1.0,,,,,,,,,,,,,,,,,,,,,,,,,,,,,,,,,,,,,,,,,,,,,,,,,,,,,,,,,,,,,,,,,,,,,,,,,,,,,,,,,,,,,,,,,,,,,,,,,,,,,,,,,,,,,,,,,,,,,,,,,,,,,,,,,,,,,
4295,,,,,,,,,,,0.0,,,,,,,,,,,,,,,,,,,,,,,,,,,,,,,,,,,,,,,,,,,,,,,,,,,,,,,,,,,,,,,,,,,,,,,,,,,,,,,,,,,,,,,,,,,,,,,,,,,,,,,,,,,,,,,,,,,,,,,,,,,,,,,,,,0.0,,,,,,,,,,,,,,,,,,,,,,,,,,,,,,,,,,,,,,,,,,,,,,,,,,,,,,,,
4309,,,,,,,,,,,0.5,,,,,,,,,,0.5,,,,,,,,,,,,,,,,,,,,,,,,,,,,,,,,,,,,,,,,,,,,,,,,,,,,,,,,,,,,,,,,,,,,,,,,,,,,,,,,,,,,,,,,,,,0.5,,,,,,,,,,,,,,,0.5,,,,,,,,,,,,,,,,,,,,,,,,,,,,,,,,,,,,,,,,,,,,,,,,,,,,,,,,,,,,,,,,,,,,,,
4364,,,,,,,,,,,1.0,,,,,,,,,,,,,,,,,,,,,,,,,,,,,,,,,,,,,,,,,,,,,,,,,,,,,1.0,1.0,,,,,,,,,,,,,,,,1.0,,,,,,,,,,,,,,,,,,,,,,,,,,,,,,,,,,,,,,,,,,,,,,,,,,,,,,,1.0,,,,,,,,,,,,,,,,,,,0.5,,,,,1.0,,,,,,,,,,,,,,,,,,,,,,,,,,,,,,,,,,,,,
4374,,,,,,,,,,,0.0,,,,0.0,,,1.0,,,,,,,,,,,,,,,1.0,,,,,,1.0,,,1.0,,,,,,,,,,,,0.0,,,,,,,,,,,,,,,,,,,,,,,,,,,,,,,,,,,,,,,,,,,,,,,,,,,,,,,,,,,,,,,,,,,,,,,,,,,,,,,,,,,,,,,,,,,,,,,,,,,,,,,,,,,,,,,,,,,,,,,,,,,,,,,,,,,,,,,,,,,,,,,
4390,,,,,,,,,,,1.0,,,,,0.5,,,,,,,,,1.0,,,,,,,,,,,,,,,,,,,,,,,,,,,,,,,,,,,,,,,,,,1.0,,,,,,1.0,,,,,,,,,,,,,,,,,,,,,,,,,,,,1.0,,,,,,,,,,,,,,,,,,,,,,,,,,,,,,,,,,,,,,,,,,,,1.0,,,,,,1.0,,,,,,,,,1.0,,,,,,,,,,,,,,,,,,,,,,,,,,,,,,,,,,,,,
4481,,,,,,,,,,,0.5,,,,,,,,,,,,,,,,,,,,,,,,,,,,,,,,,,,,,,,,,,,,,,,,,,,,,,,,,,,,,,,,,,,,,,,,,,,,,,,,,,,,,,,,,,,,,,,,,,,,,,,,,,,,,,,,,,,,,,,,,,,,,,,,,,,,,,,,,,,,,,,,,,,,,,,,,,,,,,,,,,,,,,,,,,,,,,,,,,,,,,,,,,
4534,,,,,,,,,,,0.5,,,,,,,,,,,,,,,,,,,,,,,,,,,,,,,,,,,,,,,,,,,1.0,,,,,,,,,,,,,,,,,,,,,,,,,,,,,,,,,,,,,,,,,,,,,,,,,,,,,,,,,,,,,,,,,,,,,,,,,,,,,,,,,,,,,,,,,,,,,,,,,,,,,,,,,,,,,,,,,,,,,,,,,,,,,,,,,,,,,,,,,,,,,,,
4545,,,,,,,,,,,0.5,,,,,,,,,,,,,,,,,,,,,,,,,,,,,,,,,,,,,,,,,,,,,,,,,,,,,,,,,1.0,,,,,,,,,,,,,,,,,,,,,,,,,,,,,,,,,1.0,,,,1.0,,,,,,,,,,,,,,,,,,,,,,,,,,,,,,,,,,,,,,,,,,,,,,,,,,,,1.0,,,,,,,,,,,,,,0.0,,,1.0,,,,,,,,,,,,,,,,,,,,,,,
4551,,,,,,,,,,,1.0,,,,,,1.0,,,,,,,,,,,,,0.5,,,,,,,,,,0.5,1.0,,,,0.0,,,,1.0,,1.0,,,,,,,,,0.5,,,1.0,,,,0.0,0.5,,,,,,,,,,,,,,,,,0.0,,,,,,,,0.0,,,,,,,,,,,,,,,,,0.0,,0.0,,,,,,,,,0.0,,,,,,,,,,,,,,,1.0,,,,1.0,,,,,0.0,0.5,,,,,,,,,,,,,,,,,,,,1.0,,,,0.0,,0.0,,,,,,,,,,,,,,,,,,,,,,,,,
4620,,,,,,,,,,,0.5,,,,,,,,,,,,,,,,,,,,,,,,,,,,,,,,,,,,,,,,,,,,,,,,,,,,,,,,,,,,,,,,,,,,,,,,,,,,,,,,,,,,,,,,,,,,,,,,,,,,,,,,,,,,,,,,,,,,,,,,,,,,,,,,,,,,,,,,,,,,,,,,,,,,,,,,,,,,,,,,,,,,,,,,,,,,,,,,,,,,,,,,,,
119,,,,,,,,,,,,,1.0,,,,,,,,,,,,,,,,,,,,,,,,,,,,,,,,,,,,,,,,,,,,,,,,,,,,,,,,,,,,,,,,,,,,,,,,,,,,,,,,,,,,,,,,,,,,,,,,,,,,,,,,,,,,,,,,,,,,,,,,,,,,,,,,,,,,,,,,,,,,,,,,,,,,,,,,,,,,,,,,,,,,,,,,,,,,,,,,,,,,,,,,
219,,,,,,,,,,,,,1.0,,,,,,,,,,,,,,,,,,,,,,,,,,,,,,,,,,,,,,,,,,,,,,,,,,,,,,,,,,,,,,,,,,,,,,,,,,,,,,,,,,,,,,,,,,,,,,,,,,,,,,,,,,,,,,,,,,,,,,,,,,,,,,,,,,,,,,,,,,,,,,,,,,,,,,,,,,,,,,,,,,,,,,,,,,,,,,,,,,,,,,,,
328,,,,,,,,,,,,,1.0,,,,,,,,,,,,,,,,,,0.0,,,,,,,,,,,,,,,,,,,,,,,,,,,,,,,,,,,,,,,,,,,,,,,,,,,,,,,,,,,,,,,,,,,,,,,,,,,,,,,,,,,,,,,,,,,,,,,,,,,,,,,,,,,,,,,,,,,,,,,,,,,,,,,,,,,,,,,,,,,,,,,,,,,,,,,,,,,,,,,,,,,,,,
338,,,,,,,,,,,,,0.5,,,,,,,,,,,,,,,,,,,,,,0.5,,,,,,,,,,,,,,,,,,,,,,,,,,,,,,,,,,,,,,,,,,,,,,,,,,,,,,,,,,,,,,,,,,,,,,,,,,,,,,,,,,,,,,,,,,,,,,,,,,,,,,,,,,,,,,,,,,,,,,,,,,,,,,,,,,,,,,,,,,,,,,,,,,,,,,,,,,,,,,,,,,
688,,,,,,,,,,,,,0.0,,,,,,,,,,,,,,,,,,,,,,,,,,,,,,,,,,,,,,,,,,,,,,,,,,,,,,,,,,,,,,,,,,,,,,,,,,,,,,,,,,,,,,,,,,,,,,,,,,,,,,,,,,,,,,,,,,,,,,,,,,,,,,,,,,,,,,,,,,,,,,,,,,,,,,,,,,,,,,,,,,,,,,,,,,,,,,,,,,,,,,,,
1332,,,,,,,,,,,,,1.0,,,,,,,,,,,,,,,,,,,,,,,,,,,,,,,,,,,,,,,,,,,,,,,,,,,,,,,,,,,,,,,,,,,,,,,,,,,,,,,,,,,,,,,,,,,,,,,,,,,,,,,,,,,,,,,,,,,,,,,,,,,,,,,,,,,,,,,,,,,,,,,,,,,,,,,,,,,,,,,,,,,,,,,,,,,,,,,,,,,,,,,,
1360,,,,,,,,,,,,,1.0,,,0.5,,,,,,0.5,,,,,,,,,,,,,0.0,,,,1.0,,,,,1.0,,,,,1.0,,,0.5,,,,,,,,,,1.0,,,0.5,,,1.0,,,,,1.0,,,,,,,,,,,,,,,,,,1.0,,,,,,,,,,,,,,1.0,,1.0,,,,,,,,,,,,,,,,,,,,1.0,,1.0,,,,,,,,,,,,,,,,,,,,,,,,,,,,,,,,,,,,,,,,,,,,,,,,,,,,,,,,,,,,,,,,,,,,
1601,,,,,,,,,,,,,1.0,,,,,,,,0.0,,,,,,,,,,,,,,,,,,,,,,,,,,,,,,,,,,,,,,,,,,,,,,,,,,,,,,,,,,,,,,,,,,,,,,,,,,,,,,,,,,,,,,,,,,,,,,,,,,,1.0,,,,,,,,,,,,,,,,,,,,,,,,,,,,,,,,,,,,,,,,,,,,,,,,,,,,,,,,,,,,,,,,,,,,,,,,,,,,,
1659,,,,,,,,,,,,,0.0,,,,,,,0.0,,,,,,,,,,0.0,,,,,,,,,,,,,,,0.0,,,,,,0.5,,,1.0,,,,,,,,,,1.0,,0.5,,,,,,,,,,,,,,,,,,,,,,,,,,,,,,,,,,,,,,,,,,,,,,,,,,,,,,,,,,,,,,,,,,,,,,,,,,,,,,,,,,,,,,,,,,,,,,,,,,,,,,,,,,,,,,,,,,,,,,,,,,,,,,,,,,,
1676,,,,,,,,,,,,,0.5,,,,,,,,,,,,,,,,,,,1.0,,,,,,,,0.5,,0.5,,,,,,,,,,,,0.5,,,,,,1.0,,1.0,,,,,,,,,,,,,,,,,0.5,,,,,,,,,,,,0.5,,0.5,,1.0,,,,,,,,,,0.5,,,,,,,1.0,,,,,,,,0.5,,,,,,,0.5,,,,,,,1.0,,,,0.5,,,,,,,1.0,,,,,,,,,,,,,,,,,,,,,,,,,,,,,,,,,,,,,,,,,,,,,,,,,,,,
1693,,,,,,,,,,,,,1.0,,,,,1.0,,0.0,,1.0,,,,,,,,,,,,,,,,,,,,,,,,,,,,,,,,1.0,,,,,,,,,1.0,,1.0,,,1.0,1.0,,,,,,,,,,0.0,,0.0,,,,1.0,,,,,,,,,,,,,,,,,,,,,,,,,,,,,,,,,,,,,,,,,,,,,,,,,,,,,,,,,,,,,,,,,,,,,,,,,,,,,,,,,,,,,,,,,,,,,,,,,,,,,,,,,,,,,,,,
1923,,,,,,,,,,,,,1.0,,,,,,,,,,,,,,,,,,,,,,,,,,,,,,,,,,,,,,,,,,,,,,,,,,,,,,,,,,,,,,,,,,,,,,,,,,,,,,,,,,,,,,,,,,,,,,,,,,,,,,,,,,,,,,,,,,,,,,,,,,,,,,,,,,,,,,,,,,,,,,,,,,,,,,,,,,,,,,,,,,,,,,,,,,,,,,,,,,,,,,,,
1978,,,,,,,,,,,,,0.0,1.0,,,,0.0,1.0,,1.0,,,,1.0,,,,,0.0,1.0,,1.0,,,,,,,,,,,0.0,,,0.0,,,,1.0,1.0,,,,1.0,,,,1.0,,,,,,0.0,,0.0,,,,0.0,0.0,,,,,1.0,,,,,,,,,,0.0,,,1.0,,,,,,0.0,,,,,,,,,,,,,0.0,,,,,,,,,,,,,,,,,,,,,,,,,,,,,,,,,,,,,,,,,,,,,,,,,,,,,,,,,,,,,,,,,,,,,,,,,,,,,,,,,,,,,,,
2187,,,,,,,,,,,,,1.0,,,,,1.0,,,0.5,0.5,,,,,,,,0.5,,,0.5,,,,,,1.0,1.0,,,,1.0,,,,,0.5,,,,,1.0,,0.5,,,,,,,,,,,,,,,,,,,,,,0.5,,,,,,,,,,,,,,,,,,,,,,,,,,,,,,,,,,,,,,,,,,1.0,1.0,,,,,,,,,,,,,1.0,,1.0,,1.0,,,,,,,1.0,1.0,,,,,1.0,,,,,,,,,,,,,,,,,,,,,,,,,,,,,,,,,,,,,,,,,,,,,,
3240,,,,,,,,,,,,,0.5,0.0,0.5,,1.0,,,,,0.0,,,1.0,,,,,,0.0,0.0,1.0,,,,,0.5,,,,0.5,,,1.0,,1.0,,,,,,,,,,,,,1.0,,1.0,1.0,1.0,1.0,,1.0,,1.0,,,,,,,,,0.0,,,,,,,,,,,,,0.5,,,,,,,,,,1.0,,,,,,1.0,,,1.0,,,,,,,,,,1.0,1.0,,1.0,,,,,,,,,,,,,1.0,,1.0,,,1.0,1.0,,1.0,0.5,1.0,,,,,1.0,,,1.0,,,,,,,,,,,,,,,,,,,,,,,,,,,,,,,,,,,,,,,,,,,
3249,,,,,,,,,,,,,0.0,,,,,,,,,1.0,,,0.0,,,,,,,,,,,,,,,,,,,,,,,,,,,,,,,,,,,,,,,,,,,,,,,0.5,,,,,,,,,1.0,,,,,,,,,,,,,,,,,,,,,,,,,,,,,,,,,,,,,,,,,,,,,,,,,,,,,,,,,,,,,,,,1.0,,,,,,,,,,,,,,,,,,,,,,,,,,,,,,,,,,,,,,,,,,,,,,,,,,,,
3302,,,,,,,,,,,,,0.0,,,,,,,,,,,,,,,,,1.0,,,,,,,,,,,1.0,,,,,,,,,,,,,,,,,,,,,,,,1.0,,,,,,,,,,,,,,,,,,,,,,,,,,,,,,,,,,,,,,,,,,,,,,,,,,,,,,,,,,,,,,,,,,,,,,,,,,,,,,,,,,,,,,,,,,,,,,,,,,,,,,,,,,,,,,,,,,,,,,,,,,,,,,,,,,,,
3679,,,,,,,,,,,,,0.5,,,,,,,,,,,,,,,,,,,,,,,,,,,,,,,,,,,,,,,,,,,,,,,1.0,,,,,,,,,,,,,,,,,,,,,,,,,,,,,,,,,0.5,,,,,,,,,,,,1.0,,,,,,,,,,,,,,,,,0.5,,,,,,,,,,,,,,,,,,,,,,,,,,,,,,,,,,,,,,,,,,,,,,,,,1.0,,,,,,,,,,,,,,,,,,,,,,,,,,
3859,,,,,,,,,,,,,0.5,,,,,,,,,,,,,,,,,,,,,,,,,,,,,,,,,,,,,,,,,,,,,,,,,,,,,,,,,,,,,,,,,,,,,,,,,,,,,,,,,,,,,,,,,,,,,,,,,,,,,,,,,,,,,,,,,,,,,,,,,,,,,,,,,,,,,,,,,,,,,,,,,,,,,,,,,,,,,,,,,,,,,,,,,,,,,,,,,,,,,,,,
4061,,,,,,,,,,,,,0.5,,,,,,,,,,,,,,,,,,,,,,,,,,,,,1.0,,,,,,,,,,,,1.0,,,,,,,,,,,,,,,,,,,,,,,,,,,,,,,,,,,,,,,0.0,,,,,,,,,,,,,,,,,,,,,,,,,,,,,,,,,,,,,,,,,,,,,,,,0.5,,,,,,,,,,,,,1.0,,,,,,,,,,,,,,,,,,,,,,,,,,,,,,,,,,,,,,,,,,,
4069,,,,,,,,,,,,,0.0,,,,,,,,,,,,,,,,,,,,,,,,,,,,,,,,,,,,,,,,,,,,,,,,,,,,,,,,,,,,,,,,,,,,,,,,,,,,,,,,,,,,,,,,,,,,,,,,,,,,,,,,,,,,,,,,,,,,,,,,,,,,,,,,,,,,,,,,,,,,,,,,,,,,,,,,,,,,,,,,,,,,,,,,,,,,,,,,,,,,,,,,
4083,,,,,,,,,,,,,1.0,,,,,,,,,,,,,,,,,,,,,,,,,,,,,,,,,,,,,,,,,,,,,,,,,,,,,,,,,,,,,,,,,,,,,,,,,,,,,,,,,,,,,,,,,,,,,,,,,,,,,,,,,,,,,,,,,,,,,,,,,,,,,,,,,,,,,,,,,,,,,,,,,,,,,,,,,,,,,,,,,,,,,,,,,,,,,,,,,,,,,,,,
4112,,,,,,,,,,,,,1.0,,,,,,,,,,,,,,,,,,,,,,,,,,,,,,,,,,0.0,,,,,,,,,,,,,,,,,,,,,,,,,,,,,,,,,,,,,,,,,,,,,,,,,,,,,,,,,,,,,,,,,,,,,,,,,,,,,,,,,,,,,,,,,,,,,,,,,,,,,,,,,,,,,,,,,,,,,,,,,,,,,,,,,,,,,,,,,,,,,,,,,,,,,,
4124,,,,,,,,,,,,,1.0,,,,,,,,,,,,,,,,,,,,,,,,,,,,,,,,,,,,,,,,,,,,,,,1.0,,,,,1.0,,,,,,,,,,,,,,,,,,,,,,,,,,,,,,,,,,,,,,,,,,,,,,,,,,,,,,,,,,,,,,,,,,,,,,,,,,,,,,,,,,,,,,,,,,,,,,,,,,,,,,,,,,0.5,,,,,,,,,,,,,,,,,,,,,,,,,,
4168,,,,,,,,,,,,,1.0,,,,,,,,,,,,,,,,,,,,,,,,,,,,,,,,,,,,,,,,,,,,,,,,,,,,,,,,,,,,,,,,,,,,,,,,,,,,,,,,,,,,,,,,,,,,,,,,,,,,,,,,,,,,,,,,,,,,,,,,,,,,,,,,,,,,,,,,,,,,,,,,,,,,,,,,,,,,,,,,,,,,,,,,,,,,,,,,,,,,,,,,
4253,,,,,,,,,,,,,1.0,1.0,1.0,1.0,,1.0,,,,1.0,,,,,,,,,,1.0,,,,,,1.0,,1.0,,1.0,,,1.0,,,,,,1.0,1.0,,,,,,,,1.0,,,1.0,1.0,,,,,,,,1.0,,,,,,,1.0,,,,,,,,,,,,,,,,,,,,,,,,,,,,1.0,,,,,,,,,,,,,1.0,,1.0,,,,,,,,,,,,1.0,,1.0,,,,1.0,1.0,1.0,,1.0,1.0,,,,,,1.0,,,,,,,,,,1.0,,,,1.0,1.0,,,,,,,,1.0,1.0,,,,,,,,,,,,,,,,,,,,,,
4297,,,,,,,,,,,,,1.0,,,,,,,,,,,,,,,,,,,,,,,,,,,,,,,,,,,,,,,,,,,,,,,,,,,,,,,,,,,,,,,,,,,,,,,,,,,,,,,,,,,,,,,,,,,,,,,,,,,,,,,,,,,,,,,,,,,,,,,,,,,,,,,,,,,,,,,,,,,,,,,,,,,,,,,,,,,,,,,,,,,,,,,,,,,,,,,,,,,,,,,,
4303,,,,,,,,,,,,,1.0,,0.5,,,,,,,,,,1.0,,,,,,,,,,,,,,0.5,,,,,,0.0,,0.0,,,,,,,,,,,,,,,,,,,,0.5,,,,,,,,,,,,,,0.5,,,,,,,,,,,,,,,,,,,,,,,,,,,,,1.0,,,,,,,,,,,,0.5,1.0,,,,,,,,,,,,,,,,,,,,,,,,,,,,,,,,,,,,,,1.0,,,,,,,,,,,,,0.5,,,,,,,,,,,,,,,,,,,,,,,
4361,,,,,,,,,,,,,1.0,,,,,1.0,,,,,,,,,,,,,0.0,,,,,,,,,,,,,,0.0,,,,,,,,,,,,,,,1.0,,,,,,,,,,,,,1.0,,,,,,,,,,,,,,,,,,,,,,,,,,,,,,,,,,,,,,,1.0,,,,,,,,,,1.0,1.0,,,,1.0,,,,,,,,,,,,,1.0,,,,,,,,,,,,,,,,,,1.0,,,,,,,,,,,,,,,,,,,,,,,,,,,,,,,,,,,,,,,
4470,,,,,,,,,,,,,1.0,0.5,1.0,,,,,,,,,,,,,,,,,,,,,,,0.0,,,,,,,,,,,,,,,,,,,,,,,,,1.0,,,,,,,,,,,,,,,,,,,,,,,,,,,,,,,,,,,,,,,,,,,,,,,,,,,,,,,,,,,,,,,,,,,,,,,,,,,,,,,,,,,,,,,,,,,,,,,,,,,,,,,,,,,,,,,,,,,,,,,,,,,,,,,,,,,,,,
4498,,,,,,,,,,,,,0.0,,,,,,,,,,,,,,,,,,,,,,,,,,,,,,,,,,,,,,,,,,,,,,,,,,,,,,,,,,,,,,,,,,,,,,,,,,,,,,,,,,,,,,,,,,,,,,,,,,,,,,,,,,,,,,,,,,,,,,,,,,,,,,,,,,,,,,,,,,,,,,,,,,,,,,,,,,,,,,,,,,,,,,,,,,,,,,,,,,,,,,,,
4517,,,,,,,,,,,,,0.0,,,,,,,,1.0,1.0,,,,,,,,,,1.0,,,,,,,,,1.0,,,,,,,,,,,,,,,1.0,,,,,,,,,,,,,,,,0.0,0.5,,,,,,,,,,,,,,,,,,,,,,,,1.0,,,,,,,,1.0,,,,,,,,,,,,,,,,,,,,,,,,,,,,,,,,,,,,,,,,,,,,,,,,,,,,0.0,0.0,,,,,,,1.0,,,,,,,,,,,,,,,,,,,,,,,,,,,,,,,,
4530,,,,,,,,,,,,,0.0,,,,,,0.0,,0.0,,,,,,,,,,,,0.0,,,,,,,,,,,,,,,,,,1.0,,,,,0.0,,,,,,,,1.0,,,,,,1.0,,,,,,,,,,,,,,,,,,,,,,,,,,,0.0,,,,,,,,,,,,,,,,,,,,,,,,,0.0,,,,,,,,,,,,,,,,,,,,,,,,,,,,,,,,0.0,,,,,,,1.0,,,,,,,,,,,1.0,,,,,,,,,,,,,,,,,,,,,,,,,
4586,,,,,,,,,,,,,0.0,,,0.0,,,,,,,,,,,,,,,,,1.0,,1.0,,,,,,,,,,,,,,,,,,,,,,,,,,,,1.0,,,,,,,,,,,,,,,,,,,,,,,,,,,,,,,,,,,,,,,,,,,,,,,,,,,,,,,,,,,,,,,,,,,,,,,,,,,,,,,,,,,,,,,,,,,,,,,,,,,,,,1.0,,,,,,,,,,,,,,,,,,,,,,,,,,,,,,,,
4663,,,,,,,,,,,,,1.0,,,,,,,,,,,,,,,,,,,,,,,,,,,,,,,,,,,,,,,,,,,,,,,,,1.0,,,,,,,,,,,,,,,,,,,,,,,,,,,,,0.5,,,,,,,,,,,,,,,,,,,,,,,,,,,,,,,,,,,,,,,,,,,,,,,,,,,,,,,,,,,,,,,,,,,,,,,,,,,,,,,,,,,,,,,,,,,,,,,,,,,,,,,,,,
577,,,,,,,,,,,,,,1.0,,,,,,,,,,,,,,,,,,1.0,,,,,,,,,1.0,1.0,,,,,,,,,,,,,,,,,,,,,,,,,,,,,,,,,,,,0.0,,,,,,,0.5,,,,,,,,,,,,,,,,,,,,,,,,,,,,,,,,,,,,,,,,,,,,,,,,,,,,,,,,,,,,,,,,,,,,,,,,,,,,,,,,,,,,,,,,,,,,,,,,,,,,,,,,,,,,,,,,
754,,,,,,,,,,,,,,1.0,1.0,,1.0,,1.0,,0.0,,,,,,,,,0.0,,,,,0.0,1.0,,,,,,,,,,,,,0.5,,1.0,1.0,,,,,,,,0.0,,,,,1.0,1.0,,1.0,,,,0.5,0.5,,,,,1.0,,,0.5,,,,,,,,,,,,,,,,,,,,,,,,,,,,,,,,,,,,,,,,,,,,,,,,,,,,,,,,,,,,,,,,,,,,,,,,,,,,,,,,,,,,,,,,,,,,,,,,,,,,,,,,,,,,,,,,,,,,
2014,,,,,,,,,,,,,,0.0,,,,,,0.0,,,,,,,,,,,,0.0,,,,,,1.0,1.0,,,1.0,,,,,1.0,,0.0,,,,,,,,,,,,,1.0,,,,1.0,1.0,,,,,,,,,,,,,,,,,,,,,,,,,,,,1.0,,,,,,1.0,,,,,,,,,1.0,,,,,,,,,,,,,,,,,,,,,,,,,,,,,,,,,,,,,,,,,,,,,,,,,,,,,,,,,,,,,,,,,,,,,,,,,,,,,,,,,,,,,,,
2081,,,,,,,,,,,,,,0.0,,,,,,,0.0,,,,,,,,,,,,,,,,,,,,,,,,,,,,,,,1.0,,,,,,,,,,,,,,,,,,,,,,,,,,,,,,,,,,,,,,,,,1.0,,,,,,,,,,,,,,,,,,,,,,,,,,,,,,,,,,,,,,,,,,,,,,,,,,,,,,,,,,,,,,,,,,,,,,,,,,,,,,,,,,,,,,,,,,,,,,,,,,,,,,,,
2649,,,,,,,,,,,,,,1.0,,,,,,,,,,,,,,,,,,,,,,,,,,,,,,,,,,,,,,,,,,,,,,,,,,,,,,,,,,,,,,,,,,,,,,,,,,,,,,,,,,,,,,,,,,,,,,,,,,,,,,,,,,,,,,,,,,,,,,,,,,,,,,,,,,,,,,,,,,,,,,,,,,,,,,,,,,,,,,,,,,,,,,,,,,,,,,,,,,,,,,,
2804,,,,,,,,,,,,,,1.0,,,,,,,,1.0,,,,,,,,,,,1.0,,,,,,,,,,,,,,1.0,,,,,,,,,,,,,1.0,,,,1.0,,,,,1.0,,,,1.0,,,,,1.0,,,,,,,,,,1.0,,,,,,,1.0,,,,,,,,,,,,,,,,,,,,,,,,,,,,,,,,,,,,,,,,,,,,,1.0,,,,,,,,,,,,,,,,,,,,,,,,,,,,,,,,,,,,,,,,,,,,,,,,,,,,,,,,,
3221,,,,,,,,,,,,,,0.0,,,,1.0,,,,,,,,,,,,,,,,,,1.0,,,,,1.0,,,,,,,,,,,,,,,,,,,,,,,,,,,,1.0,,,,,,,,,,,,1.0,,,,,,,,,,,,,,,,,,,,,,,,1.0,,,,,,,,,,,,,,,,,0.5,1.0,,,,,,,,,,,,,,,,,1.0,,,,,0.5,,,,,,,,,,,,,,,,,,,,,,,,,,,,,,,,,,,,,,,,,,,,,,,,,,,,
4055,,,,,,,,,,,,,,1.0,,,,,,,,,,,,,,,,,,,,,,,,,,,,,,,,,,,,,,,,,,,,,,1.0,,,,,1.0,,1.0,,,,,,,,,,,,,,,,,,,,,,,,,,,,,,,,,,,,,,,,,,,,,1.0,,,,,,,,,0.0,,,,,,,,,,,,,,,,,1.0,,,,,,,,,,,,,,,,,,,,,,,,,1.0,,,,,,,,0.0,,,,,,,,,,,,,,,,,,,,,,,,,,
4246,,,,,,,,,,,,,,0.5,,,,,,0.5,,,,,,,,,,,,,,,,,,,,,,,,,,,,,,,,0.5,,,,,,,,,,,,,,,,,,,,,,,,,,,,,,,,,,,,,,,,,,,,,,,,,,,,,,,,,,,,,,,,,,,,,,,,,,,,,,,,,,,,0.5,,,,,,,,0.5,,,,,,,,,,,,,,0.5,,,,,,,,,,,,,,,,0.5,,,,,,,,,,,,,,,,,,,,,,,
4268,,,,,,,,,,,,,,0.0,,,,,,,,,,,,,,,,,,,,,,,,,,,,,,,,,,,,,,,,,,,,,,,,,,,,,,,,,,,,,,,,,,,,,,,,,,,,,,,,,,,,,,,,,,,,,,,,,,,,,,,,,,,,,1.0,,,,,,,,,,,,,,,,,,,,,,,,,,,,,,,,,,,,,,,,,,,,,,,,,,,,,,,,,,,,,,,,,,,,,,,,,,
4330,,,,,,,,,,,,,,0.0,,,,,,,,,,,,,,,,,,,,,,,,,,,,,,,,,,,,,,,,,,1.0,,,,,,,,,1.0,,,,,,,,,,,,,,,,,,,,1.0,,,,,,,,,,,,,,,,,,,,,,,,,,,0.0,,,,,,,,1.0,0.5,,,,,,,,,,,,,0.5,,,,,,,,,,,,,,,,,1.0,,,,,,,1.0,,,,,,,,,,,,,,,,,,,,,,,,,,,,,,,,,,,,,,,
4478,,,,,,,,,,,,,,1.0,,,,,,,,,,,,,,,,,,,,,,,,,,,,,,,,,,,,,,,,,,,,,,,,,,,,,,,,,,,,,,,,,,,,,,,,,,,,,,,,,,,,,,,,,,,,,,,,,,,,,,,,,,,,,,,,,,,,,,,,,,,,,,,,,,,,,,,,,,,,,,,,,,,,,,,,,,,,,,,,,,,,,,,,,,,,,,,,,,,,,,,
4507,,,,,,,,,,,,,,1.0,,,1.0,,,,,,,,,,,,,,,,,,,,,,,,,,,,,,,,,,,,,,,,,,,,,,,,,,,,,,,,,,,,,,,,,,,,,,,,,,,,,,,,,,,,,,,,,,,,,,,,,,,,,,,,,,,,,,,,,,,,,,,,,,,,,,,,,,,,,,,,,,,,,,,,,,,,,,,,,,,,,,,,,,,,,,,,,,,,,,,,,,,,
4510,,,,,,,,,,,,,,1.0,,,,,,,,,,,,,,,,,,,,,,,,,,,,,,,,,,,,,,,,,,,,,,,,,,,,,,,,,,,,,,,,,,,,,,,,,,,,,,,,,,,,,,,,,,,,,,,,,,,,,,,,,,,,,,,,,,,,,,,,,,,,,,,,,,,,,,,,,,,,,,,,,,,,,,,,,,,,,,,,,,,,,,,,,,,,,,,,,,,,,,,
4540,,,,,,,,,,,,,,0.0,,,,,,1.0,,,,,,,,,,,,,,,,,,,,,,,,,,,1.0,,,,,,,,,,,,,,,,,,,,,,,,,,,,,,,,,,,,,,,,,,,,,,,,,,,,,,,,,,,,,,,,,,,,,,,,,,,,,,,,,,,,,,,,,0.0,,,,,,,,,,,,,,,,,,,,,,,,,1.0,,,,,,,,,,,,,,,,,,,,,,,,,,,,,,,,,,,,
4554,,,,,,,,,,,,,,0.5,,,,,,,,,,,,,,,,,,,,,,,,,,,,,,,,,,,,,0.5,,,,,,,,,,,,,,,,,,,,,,,,,,,,0.5,,,,,,0.5,,,,,,,,,,,,,,,,,,,,0.5,,,,,,,0.5,,,,,,,,,,,,,,,,,,,,,,,,,,,,,,,,,,,,,,,,,,,,,,,,,,,,,,,,,,,,,,,,,,,,,,,,,,,,,,,,,,,,,
4562,,,,,,,,,,,,,,0.5,,,,,,,,,,,,,,,,,,,,,,,,,,,,,,,,,,,,,,,,,,,,,,,,,,,,,,,,,,,,,,,,,,,,,,,,,,,,,,,,,,,,,,,,,,,,,,,,,,,,,,,,,,,,,,,,,,,,,,,,,,,,,,,,,,,,,,,,,,,,,,,,,,,,,,,,,,,,,,,,,,,,,,,,,,,,,,,,,,,,,,,
4628,,,,,,,,,,,,,,0.0,,,,,,,,,,,,,,,,,,,,,,,,,,,,,,,,,,,,,,,,,,,,,,,,,,,,,,,,,,,,,,,,,,,,,,,,,,1.0,,,,,,,,,,,,,,,,,,,,,,,,,,,,,,,,,,,,,,,,,,,,,,,,,,,,,,,,,,,,,,,,,,,,,,,,,,,,,,,,,,,,,,,,,,,,,,,,,,,,,,,,,,,,,
190,,,,,,,,,,,,,,,0.0,,,,,,,,,,,,,,,,,,,,,,,,,,,,,,,,,,,,,,,,,,,,,,,,,,,,,,,,,,,,,,,,,,,,,,,,,,,,,,,,,,,,,,,,,,,,,,,,,,,,,,,,,,,,,,,,,,,,,,,,,,,,,,,,,,,,,,,,,,,,,,,,,,,,,,,,,,,,,,,,,,,,,,,,,,,,,,,,,,,,,,
836,,,,,,,,,,,,,,,1.0,,,,,,,,,,,,,,,,,,,,,,,,,,,,,,,,,,,,,,,,,,,,,,,,,,,,,,,,,,,,,,,,,,,,,,,,,,,,,,,,,,,,,,,,,,,,,,,,,,,,,,,,,,,,,,,,,,,,,,,,,,,,,,,,,,,,,,,,,,,,,,,,,,,,,,,,,,,,,,,,,,,,,,,,,,,,,,,,,,,,,,
1284,,,,,,,,,,,,,,,0.5,1.0,,,,1.0,,,,,1.0,,,,,,,,,,,,,,,,,,,,0.0,,,,,,,,,,,,,,,,,,,,,,,,,,,1.0,,,,,,,,,0.5,,,,,,,,,,,,,,,,,,,,,,,,,,,,,,,,,,,,,,,,,,,,,,,,,,,,,,,,,,,,,,,,,,,,,,,,,,,,,,,,,,,,,,,,,,,,,,,,,,,,,,,,,,,,,,,,,,,,
1384,,,,,,,,,,,,,,,1.0,,,,,,,1.0,,,,,,,,,,,,,,,,,,,,,,,,,,,,,1.0,,,,,,,,,,,,,,,,,,,1.0,,,,,,,,,,,,,,,,,,,,,,,,,,,,,,,,,,,,,,,,,,,,,,,,,,1.0,,,,,,,,,,,,,,,,,,,,,,,,,,,,,,,,,,,,,,,,,,,,,,,,,,,,,,,,,,,,,,,,,,,,,,,,,,,,,
2516,,,,,,,,,,,,,,,1.0,,,,,,,,,,,,,,,,,,,,,,,,,,,,,,,,,,,,,,,,,,,,,,,,,,,,,,,,,,,,,,,,,,,,,,,,,,,,,,,,,,,,,,,,,,,,,,,,,,,,,,,,,,,,,,,,,,1.0,,,,,,,,,,,,,,,,,,,,,,,,,,,,,,,,,,,,,,,,,,,,,,,,,,,,,,,,,,,,,,,,,,,,
2855,,,,,,,,,,,,,,,1.0,,,,,,0.0,,,,,,,,,0.0,,,,,,,,1.0,1.0,,,1.0,,,,,,,0.0,,,,,,,1.0,,,,1.0,,,,1.0,,,1.0,,1.0,,,,,,,,,1.0,,,1.0,,,,,,,,,,,,,,,,,,,,1.0,,,,,,,,,1.0,,,,,,,,,,,,,,1.0,,,1.0,,,,,,,,,,,,,,,,,,,,,,,,,,,,,,,,,,,,,,,,,,,,,,,,,,,,,,,,,,,,,,,,,,,,,,
3252,,,,,,,,,,,,,,,1.0,,,,,,,,,,,,,,,,,,,,,,,,,,,,,,,,,,,,,,,,,,,,,,,,,,,,,,,,,,,,,,,,,,,,,,,,,,,,,,,,,,,,,,,,,,,,,,,,,,,,,,,,,,,,,,,,,,,,,,,,,,,,,,,,,,,,,,,,,,,,,,,,,,,,,,,,,,,,,,,,,,,,,,,,,,,,,,,,,,,,,,
3736,,,,,,,,,,,,,,,0.5,,,,,,,,,,,,,,,,0.0,,,,,1.0,,,,,,,,,,,,,,,,,,,,,,,,,,,,,,,,,,,,,,,,,,,0.0,,,,,,1.0,,,,,,,,,,,,,,,,,,,,,,,,,,,,,,,,,,,,,,,,,,,,,,,,,,,,,,,,1.0,,,,,,,,,,,0.0,,,,,,,,,,,,,,,,,,,,,,,,,,,,,,,,,,,,,,,,,,,,,
4094,,,,,,,,,,,,,,,1.0,,,,,,,,,,,,,,,,,,,,,,,,,,,,,0.5,,,,,,,,,,,,,,,,,,,,,,,,,,,,,,,,,,,,,,,,,,,,,,,,,,,,,,,,,1.0,,,,,,0.0,,,,,,,,,,,,,,,,,,,,,,0.5,,,,,,,,,,,,,,,,,,,,,,,,,,,,,,,,,,,,,,,,,,,,,,,,,,,,1.0,,,,,,,,,,,,,,,,
4202,,,,,,,,,,,,,,,1.0,,,1.0,,,0.5,,,,,,,,,,,,,,,1.0,,,,,,,,,,,,,,,1.0,,,,,,,,,,,,,,0.5,,,,,,,1.0,0.5,,,,,,,,,,,,,,,1.0,,,,,,,,,,,,,,,,,,,1.0,,,,,,,,,,,,,,,,,,,,,,,,,,,,,,,,,,,,,,,,,,,,,,,,,,,,,,,,,,,,,,,,,,,,,,,,,,,,,,,,,,,,,,,,,,
4217,,,,,,,,,,,,,,,0.5,,,,,,,,,,,,,,,,,,,,,,,,,,,,,,,,,,,,,,,,,,,,,,,,,,,,,,,,,,,,,,,,0.5,,0.5,,,,,,,0.5,,,,,,,,,,,,,,,,,,,,,,,,,,,,,,,,,,,,,,,,,,,,,,,,,,,,,,,,,,,,,,,,,,,,,,,,,,,,,,,,,,,,,,,,,,,,,,,,,,,,,,,,,,,,,
4258,,,,,,,,,,,,,,,0.0,,,,0.0,,,,,,,,,,,,,0.0,1.0,,,,,,,,,,,,,,,,,,0.0,,,,,,,,,,,,,,,,,0.0,,,,,,,,,,,,,,,,,,,,,,,,,0.0,,1.0,,,,,,1.0,,,,,,1.0,,,,,,,,,,,,,,,,,,,,1.0,,,,,,,,,1.0,,,,,,,,1.0,,,,,,,,,,,,,,,,,,,,,,,,,,,,,,,1.0,,,,,,,,,,,,,,,,,,,,,,
4283,,,,,,,,,,,,,,,1.0,1.0,,,1.0,,,,,,,,,,,,,,,,,,,,,,,,,,,,,,,,,,,,,,,,,,,,,,,,,,,,,,,,,,,,,,,,,,,,,,,,,,,,,,,,,,,,,,,,,,,,,,,,,,,,,,,,,,,,,,,,,,,,,,,,,,,1.0,,,,,,,,,,,,,,,,,,,,,,,,,,,,,,,,,,,,,,,,,,,,,,,,,,,,,,,
4314,,,,,,,,,,,,,,,0.5,,,,,1.0,,,,,,,,,,,,,,,,,,,,,1.0,,,,,,,,,,,,,,,,,,,,,,,,,,,,1.0,,,,,,,,,,,,,,,,,,,,,,,,1.0,,,,,,,,,,,,,,,,,,,,,,,,,,,,,,1.0,,,,,,,,,,,,,,,,,,,1.0,,,1.0,,,,,,,,,,,,,,,,,,,,,,,,,,,,,,0.5,,,,,,,,,,,,,,,,,,,,,,
4380,,,,,,,,,,,,,,,1.0,,,,,,,,,,,,,,,,,,,,,0.0,,,,,,,,,,,,,,,,,,,,,,,,,,,,,,1.0,,,,,,,,,,,,,,,,,,,,,,,,,,,,,,,,,,,,,,,,,,,,,,1.0,,,,,,,,,,,,,,,,,,,,,,,,,,,,,1.0,1.0,,,,,,,,,,,,,,,,,,1.0,,,,,0.0,,,,,,0.0,,,,,,,,,,,,,,,,,,,,,,,,,,
4386,,,,,,,,,,,,,,,0.5,,,,,0.5,,,,,,,,,,,,,,,,,,,,,,,,,,,,,,,,,,,,,,,,,,,,,,,,,,,,,,,,,,,,,,,,,,,,,,,,,,,,,,,,,,,,,,,,,,,,,,,,,,,,,,,0.5,,,,,,0.5,,,,,,,,,,,,,1.0,,,,,,,,,,,,,0.5,,,,,,,,,,,,,,,,,,,,,,,,,,,,,,,,,,,,,,,,,,
4407,,,,,,,,,,,,,,,1.0,,1.0,,,,0.0,,,,,,,,,,0.0,,,,,,,,1.0,,,,,,0.0,,,,,,,,,,,,,,,,,,1.0,,,,,,,,,1.0,,,,,,,,,,,,,,,,,,,,,,,,,,,,,,,,,,,,,,,,,,,,,,,,,,,1.0,,,,,,,,,,,,,,,,,,,,,,,,,,,,,,,,,,,,,,,,,,,,,,,,0.0,,,,,,,,,,,,,,,,,,,,,,,,,,
4587,,,,,,,,,,,,,,,0.5,,,,,,,,,,,,,,,,,,,,,,,,,,,,,,,,,,,,,,,,,,,,,,,,,,,,,,,,,,,,,,,,,,,,,,,,,,,,,,,,,,,,,,,,,,,,,,,,,,,,,,,,,,,,,,,,,,,,,,,,,,,,,,,,,,,,,,,,,,,,,,,,,,,,,,,,,,,,,,,,,,,,,,,,,,,,,,,,,,,,,,
55,,,,,,,,,,,,,,,,1.0,,,,,,,,,,,,,,,,,,,,,,,,,,,,,,,,,,,,,,,,,,,,,,,,,,,,,,,,,,,,,,,,,,,,,,,,,,,,,,,,,,,,,,,,,,,,,,,,,,,,,,,,,,,,,,,,,,,,,,,,,,,,,,,,,,,,,,,,,,,,,,,,,,,,,,,,,,,,,,,,,,,,,,,,,,,,,,,,,,,,,
155,,,,,,,,,,,,,,,,1.0,,0.5,,,,,,,,,,,,,,,,,,,,,,,,,,,,,,,,,,,,,,,,,,,,,,,,,,,,,,,,,,,,,,,,,,,,,,,,,,,,,,,,,,,,,,,,,,,,,,,,,,,,,,,,,,,,,,,,,,,,,,,,,,,,,,,,,,,,,,,,,,,,,,,,,,,,,,,,,,,,,,,,,,,,,,,,,,,,,,,,,,,
284,,,,,,,,,,,,,,,,0.5,,,,,,,,,,,,,,,,,,,,,,,,,,,,,,,,,,,,,,,,,,,,,,,,,,,,,,,,,,,,,,,,,,,,,,,,,,,,,,,,,,,,,,,,,,,,,,,,,,,,,,,,,,,,,,,,,,,,,,,,,,,,,,,,,,,,,,,,,,,,,,,,,,,,,,,,,,,,,,,,,,,,,,,,,,,,,,,,,,,,,
415,,,,,,,,,,,,,,,,0.0,,,,,,,,,,,,,,,,,,,,,,,,,,,,,,,,,,,,,,,,,,,,,,,,,,,,,,,,,,,,,,,,,,,,,,,,,,,,,,,,,,,,,,,,,,,,,,,,,,,,,,,,,,,,,,,,,,,,,,,,,,,,,,,,,,,,,,,,,,,,,,,,,,,,,,,,,,,,,,,,,,,,,,,,,,,,,,,,,,,,,
821,,,,,,,,,,,,,,,,0.0,,0.0,0.0,,,,,,,,,,,,,,,,,,,0.0,,,,,,,,,1.0,,,,,,,1.0,,0.0,,,,,,,1.0,,0.0,1.0,,,1.0,,,,1.0,,,,,0.0,,,,,,,,,,,,,,,,,,,,,,,,,,,,,,,,,,,,,,,,,,,,,,,,,,,,,,,,,,,,,,,,,,,,,,,,,,,,,,,,,,,,,,,,,,,,,,,,,,,,,,,,,,,,,,,,,,,,,,,
949,,,,,,,,,,,,,,,,1.0,,,,,,,,,,,,,,,,,,,,,,,,,,,,,,,,,,,,,,,,,,,,,,,,,,,,,,,,,,,,,,,,,,,,,,,,,,,,,,,,,,,,,,,,,,,,,,,,,,,,,,,,,,,,,,,,,,,,,,,,,,,,,,,,,,,,,,,,,,,,,,,,,,,,,,,,,,,,,,,,,,,,,,,,,,,,,,,,,,,,,
1119,,,,,,,,,,,,,,,,0.0,,,,0.0,,,,,0.0,,,,,,,,,,0.0,,,,,,1.0,,,,,,,,,,,1.0,,,,,,,,,,,,1.0,1.0,,,,,,,,,,,,,0.0,,,,,,,,,,1.0,,,,,,,0.0,,1.0,,,,,,,,,,,,,,,,,,,,,,,,,,,,,,,,,,,,,,,,,,,,,,,,,,,,,,,,,,,,,,,,,,,,,,,,,,,,,,,,,,,,,,,,,,,,,,,,,,,,
1849,,,,,,,,,,,,,,,,0.0,,,,,,,,,,,,,,,,,,,,,,,,,,,,,,,1.0,,,,,,,,,,,,,,,,,,,,,,,1.0,,,,,,,,,,,,,,,,,,,,,,,,,,,,,,,,,,,,,,,,,,,,,,,,,,,,,,,,,,,,,,,,,,,,,,,,,,,,,,,,,,,,,,,,,,,,,,,,,,,,,,,,,,,,,,,,,,,,,,,,,,,,,,,
2053,,,,,,,,,,,,,,,,0.0,,,,,,0.0,,,,,,,,,,,,,,0.0,,1.0,,,,,,,0.0,,,,0.0,,0.0,0.0,,,,0.0,,,,1.0,,0.0,,1.0,1.0,,,,,,,,,,,,,,,,0.0,,,,,,,1.0,,,,,,,,,,,,,,,,,1.0,,,,,,,,,,,,,,,,0.0,,0.0,,,,1.0,,,,,,,,,,,,,,,,,,,,,,,,,,,,,,,,,,,,,,,,,,,,,,,,,,,,,,,,,,,,,,,,,,,,,,
2403,,,,,,,,,,,,,,,,0.0,,,,,,,,,,,,,,,0.5,,0.5,,0.5,,,,,,,0.5,,,,,,,1.0,,,,,,,0.5,,,,,,,0.5,1.0,,,,1.0,,,,,,,,,,,,,,,,,,,,,,,,,,,,,,,,,1.0,,,,,,,,,1.0,,,,,,,,,,,,,,0.5,,,,,,,,,,,,,,,,,,,,,,,,,,,,,,,,,,,,,,,,,,,,,,,,,,,,,,,,,,,,,,,,,,,,,,,,,
3272,,,,,,,,,,,,,,,,0.5,1.0,,,,0.0,0.5,,,,,,,,,,,0.0,,,0.0,,0.5,1.0,,,,,,,,,,,,,,,,,,,,,,,1.0,,,,,,1.0,,,,,,,,,,,,,1.0,,,,1.0,,,,,,,,1.0,,,,,,,,,,,,,,1.0,,,,,,,,,,,,,,,,,0.5,,,,,,,,,,,,,,,,,,,,0.5,,,,,,,,,,,1.0,,,,,,,,,,,,,,,,,,,,,,,,,,,,,,,,,,,,,,,,,,
3852,,,,,,,,,,,,,,,,0.0,,,,,,,,,,,,,,,,,,,,,,,,,,,,,,,,,,,,,,,,,,,,,,,,,,,,,,,,,,,,,,1.0,,,,,,,,,,,,,,,,,,,,,,,,,,,,,,,,,,,,,,,,,,,,,,,,,,,0.0,,,,,,,,,,,,,,,,,,,,,,,,,,,,,,,,,,,,,,,,,,,,,,,,,,,,,,,,,,,,,,,,,,,,
4058,,,,,,,,,,,,,,,,1.0,,,,,,,,,,,,,,,,,,,,,,,,,,,,,,,,,,,,,,,,,,,,,,,,,,,,,,,,,,,,,,,,,,,,,,,,,,,,,,,,,,,,,,,,,,,,,,,,,,,,,,,,,,,,,,,,,,,,,,,,,,,,,,,,,,,,,,,,,,,,,,,,,,,,,,,,,,,,,,,,,,,,,,,,,,,,,,,,,,,,,
4070,,,,,,,,,,,,,,,,1.0,,1.0,,,,,,,,,,,,0.0,,,,,,,,,,,,,,,,,,,,,,,,,,,,,,,,,,,,,,,,,,,,,,,,,,,0.0,,,,,,,,,,1.0,,,,,,,,,,,,,,,,,,,,,,,,,,,,,,,,,,,,,,,,,,,,,,,,,,,,,,,,,,,,,,,,,,,,,,,,,,,,,,,,,,,0.0,,,,,,,,,,,,,,,,,,,,,,,
4079,,,,,,,,,,,,,,,,1.0,,,,,,0.0,,,,,,,,,,,,,,,,,,,,,,,,,,,,,,,,,,,,,,,,,,,,,,,,,,,,,,,,,,,,,,,,,,,,,,,,,,,,,,,,,,,,,,,,,,,,,,,,,,,,,,,,,,,,,,,,,,,,,,0.0,,,,,,,,,,,,,,,,,,,,,,,,,0.0,,,,,,,,,,,,,1.0,1.0,,,,,,,,,,,,,,,,,,
4138,,,,,,,,,,,,,,,,0.5,,,,,,,,,,,,,,,,,,,0.0,,,,,,,,,,,,,,0.5,,,,,,,,,,,,,,,,,,,,,,,,,,,,,,,,,,,,,,,,,,,,,,,,,,,,,,,,,,,,,,,,,,,,,,,,,1.0,,,,,,,,,,,,,,,,,,1.0,,,,,,,,,,,,,,,,,,,,,,,,,,,,,,1.0,,,1.0,,,,,,,,,,,,,,,,,,,,,,,,
4147,,,,,,,,,,,,,,,,0.5,,,,,,,,,,,,,,,,0.5,,,,0.5,,,,,,,,,,,,,,,,,,,,,,,,,,,,,,,,,,1.0,,,,,,,,,,,,,,,1.0,,,,,,,,,,,,,,,,,,,,,,,,,,,,,,,,,,,,,,,,,,,,,,,,,,,,,,,1.0,,,,,,,,,,,,,,,,,,,,,,,,,,,,,,1.0,,,,1.0,,,,,,,,,,,,,,,,,,,,,,,
4223,,,,,,,,,,,,,,,,0.5,,,,,,,,,,,,,,,,,,,,,,,,,,,,,,,,,,,,,,,,,,,,,,,,,,,,,,,,,,,,,,,,,,,,,,,,,,,,,,,,,,,,,,,,,,,,,,,,,,,,,,,,,,,,,,,,,,,,,,,,,,,,,,,,,,,,,,,,,,,,,,,,,,,,,,,,,,,,,,,,,,,,,,,,,,,,,,,,,,,,,
4230,,,,,,,,,,,,,,,,0.5,,,,1.0,,,,,,,,,,,,,,,,,,1.0,0.0,,,,,,,,,,,,,,,,,,,,,1.0,,,,,,,,,,,,,,,,,,,,,0.5,,,,,,,,,,,,,,,,,,,,,,,,1.0,,,,,,,,,,,,,,,,,,,,,,,,,,,,,,,,,1.0,,,1.0,,,,,,,,,,,,,,,,,1.0,,,,,0.5,,,,,,,,,,,,,,,,,,,,,,,,,,,,,,,,,,
4262,,,,,,,,,,,,,,,,0.5,,,,,,,,,,,,,,,,,,,,,,,,,,,,,,,,,,,,,,,,,,,,,,,,,,,,,,,,,,,,,,,,,,,,,,,,,,,,,,,,,,,,,,,,,,,,,,,,,,,,,,,,,,,,,,,,,0.0,,,,,,,,,,,,,,,,,,,,,,,,,,,,,,,,,,,,,,,,,,,,,,,,,,,,,,,,,,,,,,,,,,,,
4264,,,,,,,,,,,,,,,,0.5,,,,,,,,,,,,,,,,,,,,,,,,,,,,,,,,,,,,0.5,,,,,,,,,,,,,,,,,,,,,,,,,,,0.0,,,,,,,,,,,,,,,,,,,,,,,,,,,,,,,,,,,,,,,,,,,,,,,,,,,,,,,,,,,,,,,,,,,0.0,,,,,,,,,,,,,,,,,,,,,,,,,,,,,,,,,,,,,,,,,,,,,,,,,,,
4335,,,,,,,,,,,,,,,,1.0,,,,,,,,,,,,,,,,,,,,,,,,,,,,,,,,,,,,,,,,,,,,,,,,,,,,,,,,,,,,,,,,,,,,,,,,,,,,,,,,,,,,,,,,,,,,,,,,,,,,,,,,,,,,,,,,,,,,,,,,,,,,,,,,,,,,,,,,,,,,,,,,,,,,,,,,,,,,,,,,,,,,,,,,,,,,,,,,,,,,,
4350,,,,,,,,,,,,,,,,0.5,,,,,,,,,1.0,,,,,,,0.5,,,,,,,,,,,,,,,,,,,,,,,,,,,,,,,,,,,,,,,,,,,,,,,,,,,,,,,,,,,,,,,,,,,,,,,,,,,,,,,,,,,,,,,,,,,,,,,,,,,,,,,,,,,,,,,,,,,,,,,,,,,,,,,,,,,,,,,,,,,,,,,,,,,,,,,,,,,,,,,,,,,,,
4354,,,,,,,,,,,,,,,,0.5,1.0,,,0.5,,,,,,,,,,0.0,,,,,,1.0,,,,,1.0,,,,,,1.0,,,,,,,,,,,,,,,,,,,,,,,,,,,,,,,0.0,0.0,,,,,,,,,,,,,,,,,,,,,,,,,,,,,,,,,,,,,,,,,,,,,,,,,,,,,,,,,,,,,,,,,,1.0,,,,,,,,,1.0,,,,,,,,,,,,,,,,,,,,,,,,,,,,,,,,,,,,,,,,,,,
4467,,,,,,,,,,,,,,,,0.5,1.0,,,,,,,,,,,,,,,,,,,,,,,,,,,,,,,,,,,,,,,,,,,,,,,,,,,,,,,,,,,,,,,,,,,,,,,,,,,,,,,,,,,,,,,,,,1.0,,,,,,,,,,,,,,,,,,,,,,0.0,,,,,,,,,,,1.0,,,,,,,,,,,1.0,,,,,,,,,,,,,,,0.5,,,,,,0.0,,,,,,,,,,,,,,,,,,,,,,,,,
4524,,,,,,,,,,,,,,,,1.0,,,,,,,,,,,,,,,,,,,,,,,,,,,,,,,,,,,,,,,,,,,,,,,,,,,,,,,,,,,,,,,,,,,,,,,,,,,,,,,,,,,,,,,,,,,,,,,,,,,,,,,,,,,,,,,,,,,,,,,,,,,,,,,,,,,,,,,,,,,,,,,,,,,,,,,,,,,,,,,,,,,,,,,,,,,,,,,,,,,,,
4612,,,,,,,,,,,,,,,,0.5,,,,,,0.5,,,,,,,,,,,,,,,,,,,,0.5,,,,,,,,,,,,,,,,,,,,,,,,,,,,,,,,,,,,,,,,,,,,,,,,,0.5,,,,,,,,,,,,,,,,,,,,,,,,,,,,,,,,,,,,,,,,,,,,,,,,,,,0.5,,,0.5,,,,,,0.5,,,,,,0.5,,,,,,0.5,,,,,,,,,,0.5,,,,,,,,,,,,,,,,,,,,,,,,
4618,,,,,,,,,,,,,,,,0.5,,,,,,,,,,,,,,,,,,,,,,,,,,,,,,,,,,,,,,,,,,,,,,,1.0,,,,,,,,,,,,,,,,,,,,,,,,,,,,,,,,,,,,,,,,,,,,,,,,,1.0,,,,,,,,,,,,,,,,,,,,,,,,1.0,,,,,,,,,,,,,,,,,,,,,,,,,0.0,,,,,,,,,,,,,,,,,,,,,,,,,,,,,,,,,,,,
63,,,,,,,,,,,,,,,,,1.0,,,,,,,,,,,,,,,,,,,,,,,,,,,,,,,,,,,,,,,,,,,,,,,,,,,,,,,,,,,,,,,,,,,,,,,,,,,,,,,,,,,,,,,,,,,,,,,,,,,,,,,,,,,,,,,,,,,,,,,,,,,,,,,,,,,,,,,,,,,,,,,,,,,,,,,,,,,,,,,,,,,,,,,,,,,,,,,,,,,,
890,,,,,,,,,,,,,,,,,1.0,,,,,,,,,,,,,,,,,,,,,,,,,,,,,,,,,,,,,,,,,,,,,,,,,,,,,,,,,,,,,,,,,,,,,,,,,,,,,,,,,,,,,,,,,,,,,,,,,,,,,,,,,,,,,,,,,,,,,,,,,,,,,,,,,,,,,,,,,,,,,,,,,,,,,,,,,,,,,,,,,,,,,,,,,,,,,,,,,,,,
1376,,,,,,,,,,,,,,,,,1.0,,,,,,,,,,,,,0.0,0.0,,,,,,,,1.0,,,,,1.0,,,,,,,,,,,,,,,,,,,,,,,,,,,,,,,,,,,,,,,,,,,,,,,,,,,,,,,,,,,,,,,,,,1.0,,,,,,,,,,,,,0.0,,,,1.0,,,,,,,,,,,,,,,0.0,,1.0,,,,,,,,,,,,,,,,,,,,,,,,,,,,,,,,,,,,,,,,,,,,,,,,,,,,,
3672,,,,,,,,,,,,,,,,,0.0,,,,,,,,,,,,,,,0.0,,,,,,,,,,,,,,,,,,,,,,,,,,,,,,,,,,,,,,,,,,,,,,,,,,,,,,,,,,,,,,,,,,,,,,,,,,,,,,0.0,,,,,,,,,,,,,,,,,,,,,,,,,,,,,,,,,,,,,,,,,,,,,,,,,,,,,,,,,,,,,,,,,,,,,,,,,,,,,,,,,,,,,,,
3701,,,,,,,,,,,,,,,,,1.0,,,,,,,,,,,,,,,,,,,,,,,,,,,,0.5,,,,,,,,,,,,,,,,,,,,,,,,1.0,,,,,,,,,,,,,,,,,,,,,,,,,,,,,,,,,,,,,,,,,,,,,,,,,,,1.0,,,,,,,,,,,,,,,,,,,,,,,,,,,,,,,,,,,,,,1.0,,,,,,,,,,,,,,,,,,,,,,,,,,,,,,,,,,,,,,,
3841,,,,,,,,,,,,,,,,,1.0,,,,,1.0,,,,,,,,,,0.0,,,,,,,,1.0,,,,,,,,,,,,1.0,,,,,,,,,,,,1.0,,1.0,,,,,,1.0,,,,,,,,,,,,,,,,,,,,,,,,,,,,,0.5,,,,,,,,,,,,,,,,,,,1.0,,,,0.5,,,,,0.5,,,,,,,,,,,,,,,,,,,,,,,,,,,,,,,,,,,,,,,,,,,,,,,,,,,,,,,,,,,,,,,,,,,,
3930,,,,,,,,,,,,,,,,,1.0,,,,,,,,,,,,,,,,,,,,,,,,,,,,,,,,,,,,,,,,,,,,,,,,,,,,,,,,,,,,,,,,,,,,,,,,,,,,,,,,,,,,,,,,,,,,,,,,,,,,,,,,,,,,,,,,,,,,,,,,,,,,,,,,,,,,,,,,,,,,,,,,,,,,,,,,,,,,,,,,,,,,,,,,,,,,,,,,,,,,
4125,,,,,,,,,,,,,,,,,1.0,,,,,,,,,,,,,,,,,,,,,,,,,,,,,,,,,,,,,,,,,,,,,,,,,,,,,,,,,,,,,,,,,,,,,,,,,,,,,,,,,,,,,,,,,,,,,,,,,,,,,,,,,,,,,,,,,,,,,,,,,,,,,,,,,,,,,,,,,,,,,,,,,,,,,,,,,,,,,,,,,,,,,,,,,,,,,,,,,,,,
4186,,,,,,,,,,,,,,,,,0.0,,0.0,,,,,,,,,,,,,,0.0,,,,,,,,,,,,,,0.0,,,,,,,,,,,,,,,,,,,,,,,1.0,,,,,,,,0.0,0.0,,,,,,,,,,,,,,,,,,,,,,,,,,,,,,,,,,,,,,,,,,,1.0,,,,,,,,,,,,,,,,1.0,,,,,,,,,,,,,,,,,,,,,,,,,,,,,,,,,,,,,,,,,,,,,,,,,,,,,,,,,,,
4254,,,,,,,,,,,,,,,,,1.0,,,,,,,,,,,,,,,,,,,,,,,,,,,,,,,,,,,,,,,,,,,,,,,,,,,,,,,,,,,,,,,,,,,,,,,,,,,,,,,,,,,,,,,,,,,,,,,,,,,,,,,,,,,,,,,,,,,,,,,,,,,0.0,0.5,,,,,,,,,,,,,,,,,,,,,,,,,,,,,,,,,,,,,,,,,,,,,,,,,,,,,,,,
4388,,,,,,,,,,,,,,,,,1.0,,,,,,,,,,,,,,,,,,,,,,,,,,,,,,,,,,,,,,,,,,,,,,,,,,,,,,,,,,,,,,,,,,,,,,,,,,,,,,,,,,,,,,,,,,,,,,,,,,,,,,,,,,,,,,,,,,,,,,,,,,,,,,,,,,,,,,,,,,,,,,,,,,,,,,,,,,,,,,,,,,,,,,,,,,,,,,,,,,,,
4399,,,,,,,,,,,,,,,,,1.0,,,,,,,,,,,,,,,,,,,,,,,,,,,,,,,,,,,,,1.0,,,,,,,,,1.0,,1.0,,,,,,,,,,,,,,,,,,,,,,,,,,,,,,,,,,,,,,,,,,,,,,,,,,,,,,,,,,,,,,,,,,,,,,,1.0,,,,,1.0,,,,,,,,,,,,,,,,,,,,,,,,,,,,,,,1.0,,,,,,,,,,,,,,,,,,,,,,,,,
4453,,,,,,,,,,,,,,,,,1.0,,,,,,,,,,,,,,,,,,,,,,,,,,,,,,,,,,,,,,,,,,,,,,,,1.0,,,,0.0,,,,,,,,,,,,,,,,,,,,,,,,,,,,,,,,,,,,,,,,,,,,,,,,,,,,,,,,,,,,,,,,,,,1.0,,,,,,,,,,,,,,,,,,,,,,,,,,,,,,,,,,,,,0.0,,,,,,,,,,,,,,,,,,,,,,,,
4469,,,,,,,,,,,,,,,,,1.0,,,,,,,,,,,,,,,,,,,,,,,0.5,,,,,,,,,0.5,,,,,,,,,,,,,,,,,,,,,,,,,,,,,,,,,,,,,,,,,,1.0,,,,,,,,,,,,,,,,,,,,,,,,,,,,,,,,,,,,,,,,,,,,,1.0,,,,,,,,,,,,,,,,,,,,,,,,,,,,,,,,,,,,,,,,,,,,,,,,,,,,,,,,,,,,,
4589,,,,,,,,,,,,,,,,,0.0,,,,,,,,,,,,,,,,,,,,,,,,,,,,,,,,,,1.0,,,,,,,,,,,,,,,,,,,,,,,,,,,,,,,,,,,,,,,,,,,,,,,,,,0.0,,,,,,1.0,,,,,0.5,,,,,,,,,,,0.0,,,,,,,,,,,1.0,,,,,,,,,,,,,,,,,,,,,,,,,,,,,,,,,,,,,,,,,,,,,,,,,,,,,,,,,,,,,,,
4613,,,,,,,,,,,,,,,,,1.0,,,,,,,,,,,,,,,,,,,,,,,,,,,,,,,,,,,,,,,,,,,,,,,,0.0,,,,,,,,,,,,,,,,,,,,,,,,,,,,,,,,,,,,,,,,,,,,,,,,,,,,,,,,,,,,,,,,,,,,,,,,,,,,,,,,,,,,,,,,,,,,,,,,,,,,,,,,,,,,,,,,,,,,,,,,,,,,,,,,,,,,
4635,,,,,,,,,,,,,,,,,0.5,,,,,,,,,,,,,,,,,,,,,,,,,,,,,,,,,,,,,,,,,,,,,,,,,,,,,,,,,,,,,,,,,,,,,,,,,,,,,,,,,,,,,,,,,,,,,,,,,,,,,,,,,,,,,,,,,,,,,,,,,,,,,,,,,,,,,,,,,,,,,,,,,,,,,,,,,,,,,,,,,,,,,,,,,,,,,,,,,,,,
4647,,,,,,,,,,,,,,,,,0.5,,,,,,,,,,,,,,,,0.5,,,,,,0.5,,,,,,,,,,,,,,,,,,,,,,,,,,,,,,,,,,,,,,,,,,,,,,,,,0.5,,,,,,,0.5,,,,,,,,,,,,,,,,,,,,,,,,,,,,,,,,,,,,,,,,,,,,,,,,,,,,,,,,,,,,,,,,,,,,,,,,,,,,,,,,,,,,,,,,,,,,,,,,,,,,,,
123,,,,,,,,,,,,,,,,,,0.0,,,,,,,,,,,,,,,,,,,,,,,,,,,,,,,,,,,,,,,,,,,,,,,,,,,,,,,,,,,,,,,,,,,,,,,,,,,,,,,,,,,,,,,,,,,,,,,,,,,,,,,,,,,,,,,,,,,,,,,,,,,,,,,,,,,,,,,,,,,,,,,,,,,,,,,,,,,,,,,,,,,,,,,,,,,,,,,,,,,
315,,,,,,,,,,,,,,,,,,1.0,,,1.0,,,,,,,,,1.0,,,,,,,,,,,,,,,,,,,,,,,,,,,,,,,,,,,,,,,,,,,,,,,,,,,,,,,,,,,,,,,,,,,,,,,,,,,,,,,,,,,,,,,,,,,,,,,,,,,,,,,,,,,,,,,,,,,,,,,,,,,,,,,,,,,,,,,,,,,,,,,,,,,,,,,,,,,,,,,,,,,,,,,
691,,,,,,,,,,,,,,,,,,0.5,0.0,,1.0,,,,,,,,,,,,,,,,,,,1.0,1.0,,,,,,,,,,,,,,,,,,,,,1.0,1.0,,,,1.0,0.5,,,,,,,,,,,,,,,,,0.5,,,,,,,,,,,,,,,,,,,,,,,,,,,,,,,,,,,,,,,,,,,,,,,,,,,,,,,,,,,,,,,,,,,,,,,,,,,,,,,,,,,,,,,,,,,,,,,,,,,,,,,,,,,,,,,,
906,,,,,,,,,,,,,,,,,,1.0,,,,,,,,,,,,,,,,,,,,,,,,,,,,,,,,,,,,,,,,,,,,,,,,,,,,,,,,,,,,,,,,,,,,,,,,,,,,,,,,,,,,,,,,,,,,,,,,,,,,,,,,,,,,,,,,,,,,,,,,,,,,,,,,,,,,,,,,,,,,,,,,,,,,,,,,,,,,,,,,,,,,,,,,,,,,,,,,,,,
1457,,,,,,,,,,,,,,,,,,1.0,,,,,,,,,,,,,,,,,,,,,,,,,,,,,,,1.0,,,1.0,,,,,,,,,,,,,,,,,,,,,,,,,,1.0,,,,,,,1.0,,,,,,,,,,1.0,,,,,,,,,,,,,,,,,,,,,,,,,,,1.0,,,,,,,,,,,,,,,,,,,,,,,1.0,,,,,,,,,,,,,,,,,,,,,,,,,,,,,,,,,,,,,,,,,,,,,,,,,,,,
1625,,,,,,,,,,,,,,,,,,1.0,,,,,,,,,,,,,,,,,,,,,,,,,,,,,,,,,,,,,,,,,,,,,,,,,1.0,,,,,,,,,,,,,,,,,,,,,,,,,,,,,,,,,,,,,,,,,,,,,,,,,,,,,,,,,,,,,,,,,,,,,,,,,,,,,,,,,,,,,,,,,,,,,,,,,,,,,,,,,,,,,,,,,,,,,,,,,,,,,,,,,,
2853,,,,,,,,,,,,,,,,,,1.0,,,,,,,,,,,,,,,,,,,,,,,,,,,,,,,,,,,,,,,,,,,,,,,,,,,,,,,1.0,,,,,,,,,,,,,,,,,,,,,,,,,,,,,,,,,,,,,,,1.0,,,,,,,,,,,,,,,,,,,,,,,,,,,,,,,,,,,,,,,,,,,,,,,,,,,,,,,,,,,,,,,,,,,,,,,,,,,,,,,,,,,,,
3025,,,,,,,,,,,,,,,,,,1.0,,,,,,,,,,,,,,,,,,,,,,,,,,,0.0,,,,,,,,,,,,,,,1.0,,,,,,,,,,,,,,,,,,,,,,,,,,,,,,,,,,,1.0,,1.0,,,,1.0,,,,,,,,,,,1.0,,,,,,,,,,,1.0,,,,,,,,,,,1.0,,,,,,,,,,,,0.0,,,,,,,,,,,,,,,,,,,,,,,,,,,,,,,,,,,,,,,,,,,,,,,,,,,
3067,,,,,,,,,,,,,,,,,,1.0,0.0,,,,,,,,,,,,,,,,,,,,,,,,,,,,,,,,,,,,,,,,,,,,,,,1.0,,,,,,,1.0,,,,,0.5,,,,,,,,,,,,,,,,,,,1.0,,,,,,,,,,1.0,,,,,,,,,,,,,,,,,,,,,,,,,,,,,,,,,,1.0,,,,,,,,,,,,,,,,,,,,,,,,,,,,,,,,,,,,,,,,,,,,,,,,,,,,,,,,
3115,,,,,,,,,,,,,,,,,,1.0,,,0.0,,,,,,,,,0.0,,,,,,,,,,1.0,1.0,,,,,,,,,,,,,,,,,,,,,,,1.0,,,,,,,,,,,,,,,,,,,,,,,,,,,,,,,,,,,,,,,,,,,1.0,,,1.0,,1.0,,,,,,,,,,,,,,,,,,,,,,1.0,,,,,,,,,,,,,,,,,,,,,,,,,,,,,,,,,,,,,,,,,,,,,,,,,,,,,,,,,,,,,,,
3785,,,,,,,,,,,,,,,,,,1.0,,,,,,,,,,,,,,,,,,,,,,,,,,,,,0.0,,,,,,,,,,,,,0.5,,,,,,,0.5,,,,,,,,,,,,,,,,,,,,,,,,,,,,,,,,,,,,,,,,,,,,,1.0,,,,,,,,,,,,,,,,,,,,,,,,,,,,,,,,,,,,,,,,,,,0.0,,,,,,,,,,,,,,,,,,,,,,,,,,,,,,,,,,,,,,,,,,
3869,,,,,,,,,,,,,,,,,,0.5,,,,0.5,,,1.0,,,,,,,,0.0,,,,,,,,1.0,1.0,,,1.0,,,,,,,,,,,,,,,,,1.0,1.0,,,,,1.0,,0.5,,,,,,,,1.0,,,,,,,,,,,,,,,,,,,,,,,,,,,1.0,,,,,0.5,,,,,,,,,,,,0.0,,1.0,,,,,,,,,,,,,,,,1.0,,,,,0.0,,,,,,,0.5,,,,,,,,,,,,,0.5,,,,,,,,0.5,,,,,,,,,,,,,,,,,,,,,,,,
4184,,,,,,,,,,,,,,,,,,1.0,,,,,,,,,,,,,,,,,,,,,,,,,,,,,,,,,,,,,,,,,,,,,,,,,,,,,,,,,,,,,,,,,,,,,,,,,,,,,,,,,,,,,,,,,,,,,,,,,,,,,,1.0,,,,,,,,,,,,,,,,,,,,,,1.0,,,,,,,,,,,,,,,,,,,,,,,,,,,,,,,,,,,,,,,,,,,,,,,,,,,,,,,
4191,,,,,,,,,,,,,,,,,,0.5,,,,,,,,,,,,,,,,,,0.5,,,,,,,,,,,,,,,,,,,,,,,,,,,,,,0.5,,,,,,,,,,,,,,,,,,,,,,,,,,,,,,,,,,,,,,,,,,,,,,,,,,,,,,,,,,,,,,,,,,,,,,,,,,,,,,,,,,,,,,,,,,,,,,,,,,,,,,,,,,,,,,,,,,,,,,,,,,,,,,,,,,,
4286,,,,,,,,,,,,,,,,,,0.0,,,,,,,,,,,,,,1.0,,,,,,,,,,,,,,,,,,,,,,,,,,,,,,,,,,,,,,,,,,,,,,,,,,,,,,,,,,,,,,,,,,,,,,,,,,,,,,,,,,,,,,,,,,,,,,,0.0,,,,,,,,,,,,,,,,,,,,,,,,,,,,,,,,,,,,,,,,,,,,,,,,,,,,,,,,,,,,,,,,,,,,,,
4292,,,,,,,,,,,,,,,,,,0.5,1.0,,,,,,,,,,,,,,,,,,,,,,,,,,,,,,0.0,,,,,,,,,,,,,,,,,,,,,,,,,,,,,,,,,,,,,,,,,,,,,,,,,,,,,,,,,,,,,,,,,,,,,,,,,,,,,,,,,,,,,,,,,,,,,,,,,,,,,,,,,,,,,,,,,,,,,,,,,,,,,,,,,,,,,,,,,,,,,,,,,,,,
4319,,,,,,,,,,,,,,,,,,1.0,,,,,,,,,,,,,,,,,,,,,,,,,,,,,,,,,,,,,,,,,,,,,,,,,,,,,,,,,,,,,,,,,,,,,,,,,,,,,,,,,,,,,,,,,,,,,,,,,,,,,,,,,,,,,,,,,,,,,,,,,,,,,,,,,,,,,,,,,,,,,,,,,,,,,,,,,,,,,,,,,,,,,,,,,,,,,,,,,,,
4542,,,,,,,,,,,,,,,,,,0.0,,,,,,,,,,,,,,,0.0,,,,,,,,,,,,,,,,,,,,,,,,,,,,,,,,,,,,,,,,,,,,,,,,,,,,,,,,,,,,,,,,,,,,,,,,,,,,,,,,,,,,,,,,,,,,,,,,0.0,,,,,,,,,,,,,,,,,,,,,,,,,,,,,,,,,,,,,,,,,,,,,,,,,,,,,,,,,,,,,,,,,,,,
4572,,,,,,,,,,,,,,,,,,0.0,,,,,,,,,,,,,,,,,,,,,,0.0,,,,,,,,,,,,,,,,,,,,,,1.0,,,,1.0,1.0,,,,,,,,,,,,,,,,,,,,,1.0,,,,,,,,,,,,,,,,,,,,,,,,,,,,,,,,0.0,,1.0,,1.0,,,,,,,,,,,,,,,,,,,,,,,,,,,,,,,,,,,,,,,1.0,,,,,,,,,,1.0,,,,,,,,,,,,,,,,,,,,,,,,
4575,,,,,,,,,,,,,,,,,,1.0,0.0,,,,,,,,,,,,,1.0,,,,,,,,0.0,,,,,,,,,0.0,,,,,,,,,,,,,,,,1.0,,,,,,,,,,,,,,,,,,,,,,,1.0,,,,,,,,,,,,,,,,,,,,,,,,,,,,,,,,,,1.0,1.0,,,,,,,,,,,,,,,,,,,,,,,,,,,,,,,,,,,,,,,,,,1.0,,,,,0.5,,,,,,,,,,,,,,,,,,,,,,,,,,,
4584,,,,,,,,,,,,,,,,,,1.0,,,0.0,0.5,,,,,,,,,,,,,,,,,,,1.0,,,,0.0,,,,,,,,,,,,,,,,,,1.0,,,,,,,,,,,,,,,,0.5,,,,,,,,,,,,,,,,,,,,,,,,,,,,,,,,,,,,,,,,,,,1.0,,,,,,,1.0,,,,,,,,,,,,,,,,,,,,,,,,,,,,,,,,,,,,,0.0,,,,,,0.0,,1.0,,,,,,,,,,,,,,,,,,,,,,,
4615,,,,,,,,,,,,,,,,,,1.0,,,,,,,,,,,,,,,,,,,,,,,,,,1.0,,,,,,,,,,,,,,,,,,,,,,,,,0.5,,,,,,,,,,,,,,,,,,,,,,,,,,,,,,,,,,,,,,,,,,,,,,,,,,,,,,,1.0,,,,,,,,,,,,,,,,,,1.0,,,0.5,1.0,,,,,,,,,,,,,,,,,,,,,,,,,,0.0,1.0,,,,,,,,,,,,,,,,,,,,,,,,
4658,,,,,,,,,,,,,,,,,,0.5,,,,,,,,,,,,,,,,,1.0,,,,,,,,,,1.0,,,,,,,,,,,,,,,,,,,,,,,,,,,,,,,,,,,,,,,,,,,,,,,,,,,,,,,,,,,,,,,,,,,,,,,,,,,,,,,,,,,,,,,,,,,,,,,,,,,,,,,,,,,,,,,,,,,,,,,,,,,,,,,,,,,,,,,,,,,,,,,,,,,,,,,,
581,,,,,,,,,,,,,,,,,,,0.0,,,,,,,,,,,,,,,,,,,,,,,0.0,,,,,,,0.0,,1.0,,,,,,,,,,,,,,,,,,,,,1.0,,,,,,,,,,,,,,,,,,,,,,,,,,,,,,,,,,,,,,,,,,,,,,,,,,,,,,,,,,,,,,,,,,,,,,,,,,,,,,,,,,,,,,,,,,,,,,,,,,,,,,,,,,,,,,,,,,,,,,,,,,,,,
668,,,,,,,,,,,,,,,,,,,0.0,,,0.0,,,,,,,,,,,0.5,,,0.0,,,,,,,,,,,1.0,,,,,,,,,0.0,,,,,,,,,0.5,,,1.0,,1.0,,,,,,,,0.0,,,,,,,,,,,,,,,,,,,,,,,,,,,,,,,,,,,,,,,,,,,,,,,,,,,,,,,,,,,,,,,,,,,,,,,,,,,,,,,,,,,,,,,,,,,,,,,,,,,,,,,,,,,,,,,,,,,,,,,
1197,,,,,,,,,,,,,,,,,,,1.0,,,,,,,,,,,,,,,,,,,,,,,,,,,,,,,,,,,,,,,,,1.0,,,,,,,,,,,,,,,,,,,,,,,,,,,,,,,,,,,,,,,,,,,,,,,,,,,,,,,,,,,,,,,,,,,,,,,,,,,,,,,,,,,,,,,,,,,,,,,,,,,,,,,,,,,,,,,,,,,,,,,,,,,,,,,,,,,,,,,,,
1352,,,,,,,,,,,,,,,,,,,0.5,,,,,,,,,,,0.5,0.5,0.5,0.5,,,,,,,,,,,,0.5,,,,,,,0.5,,,,,,,,,,,,,,,,1.0,1.0,0.5,,,,,,,,0.5,,,,,,,,,,,,,,,,,,,1.0,,,,,,,,,,1.0,,,1.0,,,,,,,,,,1.0,0.5,,,1.0,,,,,,,,,,,,,,,,,,,,,,,,,,,,,,,,,,,,,,,,,,,,,,,,,,,,,,,,,,,,,,,,,,,,,,,,,
2054,,,,,,,,,,,,,,,,,,,1.0,,,,,,,,,,,,,,0.0,,,,,,,,0.0,0.0,,,0.0,,,,,,,,,,,,,,,,,,,,,,,,,1.0,,,,,,,,,,,,,,,,,,,,,,,,,,,,,,,,,,,,,,,,,,,,,,,,,,,,,,,,,,,,,,,,,,,,,,,,,,,,,,,,,,,,,,,,,,,,,,,,,,,,,,,,,,,,,,,,,,,,,,,,,,,,,,,
2595,,,,,,,,,,,,,,,,,,,0.0,,,,,,,,,,,,,,1.0,,,1.0,,,,,,,,,,,,,,,,,,,,,,,,,,,1.0,,1.0,,,,,,,,0.5,,,,,,,,,,,,,,,,,,,,,,1.0,,,,,,,,,,1.0,,,,,,,,,,,,,,,,,,1.0,,,,,,,,,,,0.5,,,,,,,,,,,,1.0,,,,,,,,,,,,,,,,,,,,,,,,,,,,,,,,,,,,,,,,,,,,,,,,,,,
2940,,,,,,,,,,,,,,,,,,,1.0,,,,,,,,,,,,,,,,,,,,,,,,,,,,,,,,,,,,,,,,,,,,,,,,,,,,,,,,,,,,,,,,,,,,,,,,,,,,,,,,,,,,,,,,,,,,,,,,,,,,,,,,,,,,,,,,,,,1.0,,,,,,,,,,,,,,,,,,,,,,,,,,,,,,,,,,,,,,,,,,,,,,,,,,,,,,,,,,,,,,,
3838,,,,,,,,,,,,,,,,,,,0.0,,,,,,,,,,,,,,,,,,,,,,,,,,,,,,,,,,,,,,,,,,,,,,,,,,,,,,,,,,,,,,,,,,,,,,,,,,,,,,,,,,,,,,,,,,,0.0,,,,,,,,,,,,,,,,,,,,,,,,,,,,,,,,,,,,,,,,,,,,,,,,,,,,,,,,,,,,,,,,,,,,,,,,,,,,,,,,,,,,,,,
4109,,,,,,,,,,,,,,,,,,,1.0,,,,,,,,,,,,,,,,,,,,,,,,,,,,,,,,,,,,,,,,,,,,,,,,,,,,,,,,,,,,,,,,,,,,,,,,,,,,,,,,,,,,,,,,,,,,,,,,,,,,,,,,,,,,,,,,,,,,,,,,,,,,,,,,,,,,,,,,,,,,,,,,,,,,,,,,,,,,,,,,,,,,,,,,,,,,,,,,,,
4288,,,,,,,,,,,,,,,,,,,1.0,,,,,,,,,,,,,,,,,,,,,,,,,,,,,,,,,,,,,,,,,,,,,,,,,,,,,,,,,,,,,,,,,,,,,,,,,,,,,,,,,,,,,,,,,,,,,,,,,,,,,,,,,,,,,,,,,,,,,,,,,,,,,,,,,,,,,,,,,,,,,,,,,,,,,,,,,,,,,,,,,,,,,,,,,,,,,,,,,,
4426,,,,,,,,,,,,,,,,,,,0.5,,,,,,,,,,,,,,,,,,,,,,,,,,,,,,,,,,,,,,,,,,,,,,,,,,,,,,,,,,,,,,,,,,,,,,,,,,,,,,,,,,,,,,,,,,,,,,,,,,,,,,,,,,,,,,,,,,,,,,,,,,,,,,,,,,,,,,,,,,,,,,,,,,,,,,,,,,,,,,,,,,,,,,,,,,,,,,,,,,
4563,,,,,,,,,,,,,,,,,,,1.0,,,,,,,,,,,,,,,,,,,,,,,,,,,,,,,,,,,,,,,,,,,,,,,,,,,,,,,,,,,,,,,,,,,,,,,,,,,,,,,,,,,,,,,,,,,,,,,,,,,,,,,,,,,,,,,,,,,,,,,,,,,,,,,,,,,,,,,,,,,,,,,,,,,,,,,,,,,,,,,,,,,,,,,,,,,,,,,,,,
442,,,,,,,,,,,,,,,,,,,,1.0,,,,,,,,,,,,,,,,,,,,,,,,,,,,,,,,,,,,,,,,,,,,,,,,,,,,,,,,,,,,,,,,,,,,,,,,,,,,,,,,,,,,,,,,,,,,,,,,,,,,,,,,,,,,,,,,,,,,,,,,,,,,,,,,,,,,,,,,,,,,,,,,,,,,,,,,,,,,,,,,,,,,,,,,,,,,,,,,,
487,,,,,,,,,,,,,,,,,,,,1.0,,,,,,,,,,,,,,,,,,,,,,,,,,,,,,,,,,,,,,,,,,,,,,,,,,,,,,,,,,,,,,,,,,,,,,,,,,,,,,,,,,,,,,,,,,,,,,,,,,,,,,,,,,,,,,,,,,,,,,,,,,,,,,,,,,,,,,,,,,,,,,,,,,,,,,,,,,,,,,,,,,,,,,,,,,,,,,,,,
1687,,,,,,,,,,,,,,,,,,,,0.0,,1.0,,,,,,,,0.0,0.0,,,,,0.5,,1.0,,,,0.5,,1.0,,,,,,,0.0,1.0,,,,,,,,1.0,,1.0,,,,1.0,,1.0,1.0,,,1.0,1.0,,,,,,,,,,,,,,,,,,,,,,1.0,,,,,,0.0,,,,,,,,,,,1.0,,,,,,,,,,,,,,,,,,,,,,,,,,,,,,,,,,,,,,,,,,,,,,,,,,,,,,,,,,,,,,,,,,,,,,,,,,,,,,,,,,,,,
2131,,,,,,,,,,,,,,,,,,,,1.0,,1.0,,,,,,,,,,,,,,,,,1.0,,,,,,0.0,,,,,,0.0,,,1.0,,1.0,,,,1.0,,1.0,,,,,,,1.0,1.0,,1.0,,,,,,,,,,,,,1.0,,,,,,,,,,,,,,,,,,,,,,,,,,,,,,,,,,,1.0,,,,,,,,,,,,,,,,,,,,,,,,,,,,,,,,,,,,,,,,,,,,,,,,,,,,,,,,,,,,,,,,,,,,,,,,,,,,,
2551,,,,,,,,,,,,,,,,,,,,1.0,,,,,,,,,,,,,,,,,,,,,,,,,,,,,,,,,,,,,,,,,,,,,,,,,,,,,,,,,,,,,,,,,,,,,,,,,,,,,,,,,,,,,,,,,,,,,,,,,,,,,,,,,,,,,,,,,,,,,,,,,,,,,,,,,,,,,,,,,,,,,,,,,,,,,,,,,,,,,,,,,,,,,,,,,,,,,,,,,
2827,,,,,,,,,,,,,,,,,,,,1.0,,,,,,,,,,,0.0,,,,,,,,,1.0,,,,,,,,,,,,,,,,,,,,,,,,1.0,1.0,,,,1.0,,,,,,,,,,,,,,,,,,,,,,,,,,,,,,,,,,,,,,,,,,,,,,,,,,,,,,,,,,,,,,,,,,,,,,,1.0,,,,,,,,,,,,,,,,,,,,,,,,,,,,,,,,,,,,,,,,,,,,,,,,,,,,,,,,,
2981,,,,,,,,,,,,,,,,,,,,0.0,,,,,,,,,,,,,,,,,,,,,,,,,,,1.0,,,,,,,,,,,,,,,,,,,,1.0,,,,,,,,,,,,,,,,,,,,,,,,,,,,1.0,,,,,,,,,,,,,,,,,,,,,,,,,1.0,,,,,,,,,1.0,,,,,,,,,,,,,,,,,,,,,,,,,,,,,,,,,,,,,,,,,,,,,,,,,,,,,,,,,,,,,,,,,,,,
3180,,,,,,,,,,,,,,,,,,,,0.5,,,,,,,,,,,,,,,,,,,,,,,,,,,,,,,,,,,,,,,,,,,,,,,,,,,,,,,,,,,,,,,,,,,,,,,,,,,,,,,,,,,,,,,,,,,,1.0,,,,,,,,,,,,,,,,,,,,,,,,,,,,,,,,,,,,,,,,,,,,,,,,,,,,,,,,,,,,,,,,,,,,,,,,,,,,,,,,,,,,,
4092,,,,,,,,,,,,,,,,,,,,0.5,,,,,,,,,,,,,,,,,,,,,,,,,,,,,,,,,,,,,,,,,,,,,,,,,,,,,,,,,,,,,,,,,,,,,,,,,,,,,,,,,,,,,,,,,,,,,,,,,,,,,,,,,,,,,,,,,,0.5,,,,,,,,,,,,,,,,,,,,,,,,,,,,,,,,,,,,,,,,,,,,,,,,,,,,,,,,,,,,,,,
4218,,,,,,,,,,,,,,,,,,,,1.0,,0.5,,,,,,,,,0.0,,,,,,,,,,,,,,,,,,,,,,,,,,,,,,,,,,,,,1.0,,,,,1.0,,,,,,,,,,,,,,,,,,,,,,,,0.5,,,,,,,,,,,,,,,,,,,,,,,0.0,,,,,,,,,,,,,,,,,,,,,,,,,,,,,,,,,,1.0,,,,,,,,,,,,,,,,,,,,,,,,,,,,,,,,,,,,,,,,,,,
4347,,,,,,,,,,,,,,,,,,,,1.0,,,,,,,,,,,,,,,,,,,,,,,,,,,,,,,,,,,,,,,,,,,,0.5,,,,,,,,,,,,,,,,,,,,,,,,,,,,,,,,,,,,,,,,,,,,,,,,,,,,,,,,,,,,,,,1.0,,,,,,,,,,,,,,,,,,,,,,,,,,,,,,,,,,,,,,,,,,,,,,,,,,,,,,,,,,,,,,,,,,,,,,
4397,,,,,,,,,,,,,,,,,,,,1.0,,,,,,,,,,,,,,,,,,,,,,,,,1.0,,,,,,,,,,,,,,,,,,,,,,,,,,,,,,,,,,,,,,,,,,,,,,,,,,,,,,,,,,,,1.0,,,,,,,,,,,,,,,,,,,,,,,,,,,,,,,,,,,,,,,,,,,,,,,,,,,,,,,,,,,,,,,,,0.5,,,,,,,,,,,,,,,,,,,,,,,,,,,
4506,,,,,,,,,,,,,,,,,,,,1.0,1.0,,,,,,,,,,,,,,,,,,,,,,,,,,,,,,,,,,,,,,,,,,,,,,,,,,,,,,,,,,,,,,,,,,,,,,,,,,,,,,,,,,,,,,,,,,,,,,,,,,,,,0.0,,,,,,,,,,,,,,,,,,,,,,,,,,,,,,,,,,,,,,,,,,,,,,,,,,,,,,,,,,,,,,,,,,,,,,,,,,,
4538,,,,,,,,,,,,,,,,,,,,1.0,,,,,,,,,,,,,,,,,,,,,,,,,,,,,,,,,,,,,,,,,,,,,,,,,,,,,,,,,,,,,,,,,,,,,,,,,,,,,,,,,,,,,,,,,,,,,,,,,,,,,,,,,,,,,,,,,,,,,,,,,,,,,,,,,,,,,,,,,,,,,,,,,,,,,,,,,,,,,,,,,,,,,,,,,,,,,,,,,
4541,,,,,,,,,,,,,,,,,,,,1.0,,,,,0.0,,,,,,,,,,0.0,,,,,,0.0,,,,1.0,,,,,,,,,,,,,,,0.0,,,,1.0,1.0,,1.0,,,,,,,,,,,,,,,,,,,,,,,,,,,,,,1.0,,,,,,,,,,,,,,,,,,,,,,,,,1.0,,,,,,,,,,,,,,,,,,,,,,,,,,,,,,,,,,,,,,,,,,,,,,,,,,,,,,,,,,,,,,,,,,,,,,,,,,,
4645,,,,,,,,,,,,,,,,,,,,0.0,0.0,,,,,,,,,,,,,,,,,,,1.0,,,,,,,,,,,,,,,,1.0,,,,,,,,,,1.0,,,,0.0,,,,,,,,,,,,,,,,,,,,,,,0.5,,,,,,,,,,,,,,,,,,,,,,,,,,,,,,,,,,,,,,,,,,,,,,,,,,,,1.0,,,,,,,0.5,,,,,,,,,,,,,,,,,,,,,,,,,,,,,,,,,,,,,,,,,,,,,
4656,,,,,,,,,,,,,,,,,,,,1.0,,,,,,,,,,,,,,,,,,,,,,,,,,,,,,,,,,,,,,,,,,,,,,,,,,,,,,,,,,,,,,,,,,,,,,,,,,,,,,,,,,,,,,,,,,,,,,,,,,,,,,,,,,,,,,,,,,,,,,,,,,,,,,,,,,,,,,,,,,,,,,,,,,,,,,,,,,,,,,,,,,,,,,,,,,,,,,,,,
359,,,,,,,,,,,,,,,,,,,,,0.0,,,,,,,,,,,,,,,,,,,0.5,,1.0,,,,,,,,,,,,,,,,,,,,,,,,,,,,,,,,,,,,,,,,,,,,,,,,,,,,,,,,,,,,,,,,,,,,,,,,,,,,,,,,,,,,,,,,,,,,,,,,,,,,,,,,,,,,,,,,,,,,,,,,,,,,,,,,,,,,,,,,,,,,,,,,,,,,,,,,,,,
484,,,,,,,,,,,,,,,,,,,,,1.0,,,,,,,,,,,,,,,,,,,,,,,,,,,,,,,,,,,,,,,,,,,,,,,,,,,,,,,,,,,,,,,,,,,,,,,,,,,,,,,,,,,,,,,,,,,,,,,,,,,,,,,,,,,,,,,,,,,,,,,,,,,,,,,,,,,,,,,,,,,,,,,,,,,,,,,,,,,,,,,,,,,,,,,,,,,,,,,,
744,,,,,,,,,,,,,,,,,,,,,0.0,,,,,,,,,,,,,,,,,,,,,,,0.0,,,1.0,,,,,,,,,,,,,,,,,,0.0,,,,,0.5,,,,,,,,,,,,,,,,,,,,,,,,,,,,,,,,,,,,,,,,,,,,,,,,,,,,,,,,,,,,,,,,,,,,,,,,,,,,,,,,,,,,,,,,,,,,,,,,,,,,,,,,,,,,,,,,,,,,,,,,,,,,,,,
920,,,,,,,,,,,,,,,,,,,,,0.0,,,,,,,,,,,,,,,,,,,,,,,,,,,,,,,,,,,,,,,,,,,,,1.0,,,,,,,,,,,,,,,,,,,,,,,,,,,,,,,,,,,,,,,,,,,,,,,,,,,,,,,,,,,,,,,,,,,,,,,,,,,,,,,,,,,,,,,,,,,,,,,,,,,,,,,,,,,,,,,,,,,,,,,,,,,,,,,,,,,
1609,,,,,,,,,,,,,,,,,,,,,1.0,,,,,,,,,,,,,,,,,,,,,,,,,,,,,,,,,,,,,,,,,,,,,,,,,,,,,,,,,,,,,,,,,,,,,,,,,,,,,,,,,,,,,,,,,,,,,,,,,,,,,,,,,,,,,,,,,,,,,,,,,,,,,,,,,,,,,,,,,,,,,,,,,,,,,,,,,,,,,,,,,,,,,,,,,,,,,,,,
2313,,,,,,,,,,,,,,,,,,,,,0.0,,,,,,,,,,1.0,,,,,,,,,,,,,,,,,,,,,,,,,,,,,,,,,,,,,,,,,,,,,,,,1.0,,,,,,,,,,,,,,,,,,,,,,,,,,,,,,,,,,,,,,,,,,,,,,,,,,,,,,,,,,,,,,,,,,,,,,,,,,,,,,,,,,,,,,,,,,,,,,,,,,,,,,,,,,,,,,,,,,,,,,
2387,,,,,,,,,,,,,,,,,,,,,1.0,,,,,,,,,,,,,,,,,,,,,0.5,,,,,1.0,,,,,,,,,,,,,,,,1.0,,,,,,,,,,,,,,,,,,,,,,,,,,,,,,0.0,,,,,,,,,,,,,,1.0,,,,,,,,,,,,,,1.0,,,1.0,,,,,0.0,,,,,,,,,,,,,,,,,,,,,,,,,,,,,,,,,,,,,,,,,,,,,,,,,,,,,,,,,,,,,,,,,,,,
3188,,,,,,,,,,,,,,,,,,,,,0.0,,,,,,,,,,0.5,1.0,,,,,,1.0,,,1.0,,,,,,,,0.0,,,,,,,,,,,,,,,,,,,,,,,,0.0,,,,,,,,,,,,1.0,,,,,,,,,,,,,,,,,,,,,,,,,,,,,,,,,,,,,,,,,,,,,,,,,,,,,,,,,,,,,,,,,,,,,,,,,,,,,,,,,,,,,,,,,,,,,,,,,,,,,,,,,,,,,,,,
4046,,,,,,,,,,,,,,,,,,,,,0.0,,,,,,,,,,,,,,,,,,,,,,,,,,,,,,,,,,,,,,,,,,,,,,,,,,,,,,,,,,,,,,,,,,,,,,,,,,,,,,,,,,,,,,,,,,,,,,,,,,,,,,,,,,,,,,,,,,,,,,,,,,,,,,,,,,,,,,,,,,,,,,,,,,,,,,,,,,,,,,,,,,,,,,,,,,,,,,,,
4210,,,,,,,,,,,,,,,,,,,,,0.0,,,,,,,,,0.0,,,,,,,,,,,,,,,,,,,,,,,,,,,,,,,,,,,,,,,,,,,,,,,,,,,,,,,,,,,,,,,,,,,,,,,,,,,,,,,,,,,,,,,,,,,,,,,,,,,,,,,,,,,,,,,,1.0,,,,,,,,,,,,,,,,,,,,,,,,,,,,,1.0,,,,,,,,,,,,,,,,,,,,,,,,,,
4278,,,,,,,,,,,,,,,,,,,,,0.5,,,,,,,,,,,,,,,,,,,,,,,,,,,,,,,,,,,,,,,,,,,0.0,,,,,,,,,,,,,,,,,,,,,,,,,,,,,,,,,,,,,,,,,,,,,,,,1.0,,,,,,,,,,,,1.0,,,,,,,,,,,,,,,,,,,,,,,,,,,,,,,,,0.0,,,,,,,,,,,,,,,,,,,,,,,,,,,,,,,,,,,,,,,,
4463,,,,,,,,,,,,,,,,,,,,,0.0,,,,,,,,,,,,,,,,,,,,,,,,,,,,,,,,,,,,,,,,,,,,,,,,,,,,,,,,,1.0,,,,,,,,,,,,,,,,,,,1.0,,,,,,,,,,,,,,,,,,,,,,,,,,,,,,,,,,,,,,,,,,,,,,,,,,,,,,,,,,,,,,,,,,,,,,,,,,,,,,,,,,,,,,,,,,,,,,,,,,,,
4631,,,,,,,,,,,,,,,,,,,,,0.0,,,,,,,,,,,,,,,,,,,,,,,,,,,,,,,,,,,,,,,,,,,,,,,,,,,1.0,,,,,,,,,,,,,,,,,,,,,,,,,,,,,,,,,,,,,,,,,,,,,,,,,,,,,,,,,,,,,,,,,,,,,,,,,,,,,,,,,,,,,,,,,,,,,,,,,,,,,,,,,,,,,,,,,,,,,,,,,,,,,
4662,,,,,,,,,,,,,,,,,,,,,1.0,,,,,,,,,,,,,,,,,,,,,,,,,,,,,,,,,,,,,,,,,,,,,,,,,,,,,,,,,,,,,,,,,,,,,,,,,,,,,,,,,,,,,,,,,,,,,,,,,,,,,,,,,,,,,,,,,,,,,,,,,,,,,,,,,,,,,,,,,,,,,,,,,,,,,,,,,,,,,,,,,,,,,,,,,,,,,,,,
3263,,,,,,,,,,,,,,,,,,,,,,1.0,,,,,,,,,,,,,,,,,,,,,,,,,,,,,0.0,,,,,,,,,,,,,,,,,,,,,,,,,,,,,,,,,,,,,,,,,,,,,,,,,,0.0,,,,,,,,,,,,,,,,,,,1.0,,,0.5,,,,,,,,,,,,,,,,,,,,,1.0,,,,,,,,1.0,,,,,,,,,,,,,,,,,,,,,,,,,,,,,,,,,,,,,,,,,,,,,
3274,,,,,,,,,,,,,,,,,,,,,,1.0,,,,,,,,,,,,,,,,,,,,,,,,,1.0,,,,,,,,,,,,,,,,,,,,,,,,,,,,,,,,,,,,,,,,,,,,,,,,,,,,,,,,,,,,,,,,,,,,,,,,,,,,,,,,,,,,,,,,,,,,,,,,,,,,,,,,,,,,,,,,,,,,,,,,,,,,,,,,,,,,,,,,,,,,,,,,,,,,,,
3460,,,,,,,,,,,,,,,,,,,,,,1.0,,,,,,,,,,0.0,,,,,,,,,,,,,1.0,,,,,,1.0,,,1.0,,,,,,,,,,,,,,,,,,,,,,,,,,,0.0,,,,,,,,,,,,,,,,1.0,,,,,,,,,,1.0,,,,,,,,,,,,,,,,,,,,,,1.0,,,,,,,,,,,,1.0,,,,,1.0,,,,,,,,,,,,,,,1.0,,,,,,,,,,,,,,,,,,,,,,,,,,,,,,,,,,,,
3643,,,,,,,,,,,,,,,,,,,,,,0.0,,,,,,,,,,,,,,,,,,,,1.0,,,,,,,,,,,,,,,,,,,,,1.0,,,,,,,,,,,,,,,,,,,,,,,,,,,,,,,,0.0,,,,,,0.0,,,,,,,,,,,,,,,,,,,,,,1.0,,,,1.0,,1.0,,,,,,,,,,,,,,,,,,,,,,,,,,,,,,,,,1.0,,,,,,,,,,,,,,,,,,,,,,,,,,,,,,,,,,,
3992,,,,,,,,,,,,,,,,,,,,,,1.0,,,,,,,,,,,,,,,,,,,,,,,,,,,,,,,,,,,,,,,,,,,,,,,,,,,,,,,,,,,,,,,,,,,,,,,,,,,,,,,,,,,,,,,,,,,,,,,,,,,,,,,,,,,,,,,,,,,,,,,,,,,,,,,,,,,,,,,,,,,,,,,,,,,,,,,,,,,,,,,,,,,,,,,,,,,,,,,
4068,,,,,,,,,,,,,,,,,,,,,,1.0,,,,,,,,,1.0,,,,,,,,,0.5,,,,,,,,,,,,,,,,,,,,,,,,,1.0,,,,,,,,,,,,,,,,,,,,,,,1.0,,,,,,,,,,,,,,,,,,,,,,,,,,,,,,,,,,,,,,,,,0.0,,,,,,,,,,,,,,,,,,,,,,,,,,,,,1.0,,,,0.5,1.0,,,,,,,,,,,,,,,,,,,,,,,,,,,,,,,,,,
4285,,,,,,,,,,,,,,,,,,,,,,1.0,,,,,,,,,,,,,,,,,,,,1.0,,,,,,,,,,,,,,,,,,,,,,,,,,,,,,,,,,,,,,,,,,,,,,,,,,,,,,,,,,,,,,,,,,,,,,,,,,,,,,,,,,0.0,,,,,0.0,,,,,,,,,,,,,,,,,,,,,,,,,,,,,,,,,,,,,,,,,,,,,,,,,,,,,,,,,,,,,,,,,,,,
4316,,,,,,,,,,,,,,,,,,,,,,1.0,,,,,,,,,,,,,,,,,,,,,,,,,,,,,,,,,,,,,,1.0,,,1.0,,1.0,,,,,,,,1.0,,,,,,,,,,,,,,,1.0,,,1.0,,,,,,1.0,,,,,,,,,,,,,,,,,,,,,,,1.0,0.0,,,0.0,,,,,,,,,,,,1.0,,,,1.0,0.0,1.0,,,,,,,,,,,,,1.0,,,1.0,,,,,,,,,,,,,,,,,0.5,,,,,,,,,,,1.0,,,,,,,,,,,
4317,,,,,,,,,,,,,,,,,,,,,,1.0,,,,,,,,,,1.0,,,,,,,,,,,,,,,,,,,,,,,,,,,,,,,,,,,,,,,,,,,,,,,,,,,,,,,,,,,,,,,,,,,,,,,,,,,,,,,,,,,,,,,,,,,,,,,,,,,,,,,,,,,,,,,,,,,,,,,,,,,,,,,,,,,,,,,,,,,,,,,,,,,,,,,,,,,,,,,,,,,,,
4340,,,,,,,,,,,,,,,,,,,,,,1.0,,,,,,,,,,,,,,,,,,,,,,,,,,,,,,,,,,,,,,,,,,,,,,,,,,,,,,,,,,,,,,,,,,,,,,,,,,,,,,,,,,,,,,,,,,,,,,,,,,,,,,,,,,,,,,,,,,,,,,,,,,,,,,,,,,,,,,,,,,,,,,,,,,,,,,,,,,,,,,,,,,,,,,,,,,,,,,,
4387,,,,,,,,,,,,,,,,,,,,,,1.0,,,,,,,,,,,,,,,,,,,,,,,,,,,,,,,,,,,,,,,,,,,,,,,,,,,,,,,,,,,,,,,,,,,,,,,,,,,,,,,,,,,,,,,,,,,,,,,,,,,,,,,,,,,,,,,,,,,,,,,,,,,,1.0,,,,,,,,,,,,,,,,,,,,,,,,,,,,,,,,,,,,,,,,,,,,,,,,,,,
4398,,,,,,,,,,,,,,,,,,,,,,0.5,,,,,,,,,0.5,,,,,,,,,,,,,,,,,,,,,,,,,,,,,,,,,,,,,,,,,,,,,,,,,,,,,,,,,,,,,,,,,,,,,,,,,,,,,,,,,,,,,,,,,,,,,,,,,,,,,,,,,0.5,,,,,,,,,,,,,,,,,,,,,0.5,,,,,,,,,,,,,,,,,,,,,,,,,,,,,,,,,,,,,,,,
4474,,,,,,,,,,,,,,,,,,,,,,0.5,,,,,,,,,,,,,,,,,,,,,,,,,,,,,,,,,,,,,,,,,,,,,,,,,,,,,,,,,,,,,,,,,,,,,,,,,,,,,,,,,,,,,,,,,,,,,,,,,,,,,,,,,,,,,,,,,,,,,,,,,,,,,,,,,,,,,,,,,,,,,,,,,,,,,,,,,,,,,,,,,,,,,,,,,,,,,,,
4489,,,,,,,,,,,,,,,,,,,,,,1.0,,,,,,,,,,,,,,,,,,,,,,,,,,,,,,,,1.0,,,,,,,,,,,,,,,,,,,,,,,,,,,,,,,,,,,,,,,,,0.5,,,,,,0.0,,,,,,,,,1.0,,,,,,,,,,,,,,,,,,,,,,,,,,,,,,,,,,,,,,,,,,,,,,,,,,,,,,,,,,,,,,,,,,,,,,,,,,,,,,,,,,,,,,,
4531,,,,,,,,,,,,,,,,,,,,,,1.0,,,,,,,,,,,,,,,,,,,,,,,,,,,,,,,,,,,,,,,,,,,,,,,,,,,,,,,,,,,,,,,,,,,,,,,,,,,,,,,,,,,,,,,,,,,,,,,,,,,,,,,,,,,,,,,,,,,,,,,,,,,,,,,,,,,,,,,,,,,,,,,,,,,,,,,,,,,,,,,,,,,,,,,,,,,,,,,
4604,,,,,,,,,,,,,,,,,,,,,,1.0,,,,,,,,,,,,,,,,,,,,,,1.0,,,,,,,1.0,0.5,,,,1.0,,,,,,,0.5,,,,,0.0,,,,,,,,,,,,,,,,,0.0,,,,,,,,,,,,,,,,,,,,,,0.0,,,0.5,,,,,,,,,,,,,,,,,,,,,,,,,,,,,,,0.0,0.5,,,,,,,,,,,,,,,,,,,,,,,,,,,,,,,,,,,,,,,,,,,,,,,,,,,,,,,
4653,,,,,,,,,,,,,,,,,,,,,,1.0,,,,,,,,,,,,,,,,,,,,,,,,,1.0,,,,,,,,,,,,,,,,,,0.0,,,,,,,,,,,,,,,,,,,,,,,,,,,,,,,,,,,,,,,,,,1.0,,,,,,,,,,,,,,,,,,,,,,,,,,,,,,,,,,,,,,,,,,,,,,,,,,,,,,,,,,,,,,,,,,,,,,,,,,,,,,,,,,,,,,,,,,
898,,,,,,,,,,,,,,,,,,,,,,,,,0.5,,,,,,,,1.0,,,,,,,,,,,,,,,,,,,,,1.0,,,,,,,,,,,,,,,,,,,,,,,,,,,,,,,,,,,,,,,,,,,,,,,,,,,,,,,,,,,,,,,,,,,,,,,,,,,,,,,,,,,,,,,,,,,,,,,,,,,,,,,,,,,,,,,,,,,,,,,,,,,,,,,,,,,,,,,,,,,,,,,
1222,,,,,,,,,,,,,,,,,,,,,,,,,1.0,,,,,,,,,,0.0,,,,,,,1.0,,,,,,,,,0.0,,,,,,,,,1.0,,,,1.0,,,,,,,,,0.0,,,,,1.0,,,,,,,,,,,,,,,,,,,,,,,,,,,,,,,,,,0.5,,,,,,,,,,,,,,,,,,,,,,,,,,,,,,,,,,,,,,,,,,,,,,,,,,,,,,,,,,,,,,,,,,,,,,,,,,,,,,,,,,,,,
3049,,,,,,,,,,,,,,,,,,,,,,,,,0.0,,,,,,,0.0,,,,,,,,,,,,,,,,,,,,,,,,,,,,,,,,,,,,,,,,,,,,,,,,,,,,,,,,,,,,,,,,,,,,,,,,,,,,,,,,,,,,,,,,,,,,,,,0.0,,,,,,,,,,,,,,,,,,,,,,,,,,,,,,,,,,,,,,,,,,,,,,,,,,,,,,,,,,,,,,,,,,,,,,
3461,,,,,,,,,,,,,,,,,,,,,,,,,0.5,,,,,,,,,,,,,,,,,,,,,,,,,,,,,,,,,,,,,,,,,,,,,,,,,,,,,,,,,,,,,,,,,,,,,,,,,,,,,,,,0.5,,,,,,,,,,,,,,,,,,,,,,,,,,,,,,,,,,,,,,,,,,,,,,,,,,,,,,,,,,0.5,,,,,,,,,,,,,,,,,,,,,,,,,,,,,,,,,,
3733,,,,,,,,,,,,,,,,,,,,,,,,,1.0,,,,,,,,,,,,,,,,,,,,,,,,,,,0.0,,,,,,,,,,,,,1.0,1.0,,,,,,,,,,,,1.0,1.0,,,,,,,,,,,,,,,,,,,,,,,,,,,,,,,,,,,,,,,,,,,,1.0,,,,,,,,,,,,,,,,,,,,,,,,,,,,,,,,,,,,,,,,,,,,,,,,,,,,,,,,,,,,,,,,,,,,,,,,,,
4520,,,,,,,,,,,,,,,,,,,,,,,,,0.5,,,,,,,,,,,,,,,,,,,,,,,,,,,,,,,,,,,,,,,,,,,,,,,,,,,,,,,,,,,,,,,,,,,,,,,,,,,,,,,,,,,,,,,,,,,,,,,,,,,,,,,,,,,,,,,,,,,,,,,,,,,,,,,,,,,,,,,,,,,,,,,,,,,,,,,,,,,,,,,,,,,,,,,,,,,,
4555,,,,,,,,,,,,,,,,,,,,,,,,,0.5,,,,,,,,,,,,,,,,,,,,,,,,,,,,,,,,,,,,,,,,,,,,,,,,,,,,,,,,,,,,,,,,,,,,,,,,,,,,,,,,,,,,,,,,,,,,,,,,,,,,,,,,,,,,,,,,,,,,,,,,,,,,,,,,,,,,,,,,,,,,,,,,,,,,,,,,,,,,,,,,,,,,,,,,,,,,
108,,,,,,,,,,,,,,,,,,,,,,,,,,,,,1.0,,,,,,,,,,,,,,,,,,,,,,,,,,,,,,,,,,,,,,,,,,,,,,,,,,,,,,,,,,,,,,,,,,,,,,,,,,,,,,,,,,,,,,,,,,,,,,,,,,,,,,,,,,,,,,,,,,,,,,,,,,,,,,,,,,,,,,,,,,,,,,,,,,,,,,,,,,,,,,,,,,,,,,,,
2142,,,,,,,,,,,,,,,,,,,,,,,,,,,,,,0.5,,0.0,,,,,,,,,,,,,,,1.0,,,,,,,1.0,,,,,,,,,,,,,,,,,,,,,,,,,,,,,,,,,,,,,,,,,,,,,,,,,,,,,,,,,,,,,,,,,,,,,,,,,,,,,,,,,,,,,,,,,,,,,,,,,,,,,,,,,,,,,,,,,,,,,,,,,,,,,,,,,,,,,,,,,,,,,,,
2588,,,,,,,,,,,,,,,,,,,,,,,,,,,,,,0.0,,,,,,,,,,,,,,,,,,,,,,,,,,,,,,,,,,,1.0,,,,,,,,,,,,,,,,,,,,,,,,,,,,1.0,,,,,,,,,,,,,,,,,,,,,,,,,,,,,,,,,,,,,,,,,,,,,1.0,,,,,,,,,,,,,,,,,,,,,,,,,,,,,,,,,,,,,,,,,,,,,,,,,,,,,,,,,,,
2826,,,,,,,,,,,,,,,,,,,,,,,,,,,,,,0.5,,,,,,,,,,,,,,,0.5,,,,,,,,,,,,,,,,,,,,,,,,,,,,,,,,,,,,,,,,,,,,,,,,,,,,,,,,,,,,,,,,,,,,,,,,,,,,,,,,,,,,,,,,,,,,,,,,1.0,,,,,,,,,,,,,,,,,,,,,,,,,,,,,,,,,,,,,,,,,,,,,,,,,,,,,,,,
2984,,,,,,,,,,,,,,,,,,,,,,,,,,,,,,0.0,,,,,,,,,,,,,,,,,,,,,,,,,,,,,,,,,,,,,,,,,,,,,,,,,,,,,,,,,,,,,,,,,,,,,,,,,,,,,,,,,,,,,,,,,,,,,,,,,,,,,,,,,,,,,,,,,,,,,,,,,,,,,,,,,,,,,,,,,,,,,,,,,,,,,,,,,,,,,,,,,,,,,,,
3614,,,,,,,,,,,,,,,,,,,,,,,,,,,,,,1.0,,,,,,,,,,,,,,,,,,,,,,,,,,,,,,,,,,,,,,,,,,,,,,,,,,,,,,,,,,,,,,,,,,,,,,,,,,,,,,,,,,,,,,,,,,,,,,,,,,,,,,,,,,,,,,,,,,,,,,,,,,,,,,,,,,,,,,,,,,,,,,,,,,,,,,,,,,,,,,,,,,,,,,,
3955,,,,,,,,,,,,,,,,,,,,,,,,,,,,,,0.5,,,,,,,,,,,,,,,,,,,,,,,,,,,,,,,,,,,,,,,,,,,,,,,,,,,,,,,,,,,,,,,,,,,,,,,,,,,,,,,,,,,,,,,,,,,,,,,,,,,,,,,,,,,,,,,,,,,,,,,,,,,,,,,,,,,,,,,,,,,,,,,,,,,,,,,,,,,,,,,,,,,,,,,
4078,,,,,,,,,,,,,,,,,,,,,,,,,,,,,,1.0,,,,,,,,,,,,,,,,,1.0,,,,,,,,,,,,,1.0,,,,,,,,,,,,,,,,,,,,,,,,,,,,,,,,,,,,,,,,,,,,,,,,,,,,,,,,,,,,,,,,,,,,,,,,,,,,,,,,,,,,,,,,,,,,,,,,,,,,,,,,,,,,,,,,,,,,,,,,,,,,,,,,,,,,,,,,,
4119,,,,,,,,,,,,,,,,,,,,,,,,,,,,,,0.0,0.5,,,,,,,,,,,1.0,,,1.0,,,,,,,,,,,,,,,,,,,,,,,,,0.5,,,,,,,,,,,,,,,,,,,,,,,,,,,,,,,,,,,,,,,,,,,,,,,,,,,,1.0,,,,,,,,,,,,,,,,,,,,,,,,,,,,,,,,1.0,,,,,,,,,,,0.5,,,,,,,,,,,,,,,,,,,,,,,,,,,,,,,,
4195,,,,,,,,,,,,,,,,,,,,,,,,,,,,,,0.5,,,,,,0.5,,,,,,,,,,,,,,,,,,,,,,,,,,,,,,,,0.5,,,,,,,,,,,,,,,,,,,,,,,,,,,,,1.0,,,,,,,,,,,,,,,1.0,,,,,,,,,,,0.5,,,,,,0.5,,,,,,,,,,,,,,,,,,,,,,,,,,,,0.5,,,,,,,,,,,,,,,,,,,,,,,,,,,,,,,,,,,,,,,,
4224,,,,,,,,,,,,,,,,,,,,,,,,,,,,,,1.0,,,,,,,,,,,,1.0,,,,,,,,,,,,,,1.0,,,,1.0,,0.0,,,,1.0,,,,,,,,,,,,,,,,,,,,,,,,,,,,,,,,,,,,,,,,,1.0,,,,,,,,,,,,,,,1.0,,0.5,,,,,,,,,,,,,,,,,,0.5,,,,,,,,,0.5,0.5,,,,,,,,,,,0.0,,,,,,,,,,1.0,,,,,,,,,,,,,,,,,,,,,,,,
4238,,,,,,,,,,,,,,,,,,,,,,,,,,,,,,0.5,,,,,,,,,,,,,,,,,,,,,,,,,,,,,,,,,,,,,,,,,,,,,,,,,,,,,,,,,,,,,,,,,,,,,,,,,,,,,,,,,,,,,,,,,,,,,,,,,,,,,,,,,,,,,,,,,,,,,,,,,,,,,,,,,,,,,,,,,,,,,,,,,,,,,,,,,,,,,,,,,,,,,,,
4326,,,,,,,,,,,,,,,,,,,,,,,,,,,,,,1.0,,1.0,,,,,,,,,,,,,,,,,,,,,,,,,,,,,,1.0,,,,,,,,0.0,,,,,,,,,,,,,,,,,,,,,,,,,,,,,,,,,,,,,,,,,,,,,,,,,,,,,,,,,,,,,,,,,,,,1.0,,,,,,,,,,,,,,,,,,,,,,,,,,,,,,,,,,,,,,,,,,,,,,,,,,,,,,,,,,,
4383,,,,,,,,,,,,,,,,,,,,,,,,,,,,,,0.5,,,,,,,,,,0.5,,,,,,,,,,,1.0,,,,,,,,,,,,,,,,0.5,,,,,,,,,,,,,,,,,,,,,,,,,,,,,,,,,,,,,,,,,,,,,,,,,,,,,,,,1.0,,,,,,,,,,,,,,,,,,,,,,,,,,,,1.0,,,,,,,,,,,,,,,,,,,,,,,,,,,,,,,,,,,,,,,,,,,,,,
4385,,,,,,,,,,,,,,,,,,,,,,,,,,,,,,1.0,,,,,,,,,,,,,,,,,,,,,,,,,,,,,,,,,,,,,,,,,,,,,,,,,,,,,,,,,,,,,,,,,,,,,,,,,,,,,,,,,,,,,,,,,,,,,,,,,,,,,,,,,,,,,,,,,,,,,,,,,,,,,,,,,,,,,,,,,,,,,,,,,,,,,,,,,,,,,,,,,,,,,,,
4525,,,,,,,,,,,,,,,,,,,,,,,,,,,,,,1.0,,,,,,,,,,,,,,,,,,,,,,,,,,,,,,,,,,,,,,,,,,,,,,,,,,,,,,,1.0,,,,,,,,,,,,,,,,,,,,,,,,,,,,,,,,,,,,,,,,,,,,,,,,,,,,,,,,,,,,,,,,,,,,,,,,,,,,,,,,,,,,,,,,,,,,,,,,,,,,,,,,,,,,,,,,
4552,,,,,,,,,,,,,,,,,,,,,,,,,,,,,,0.5,0.5,,,,,,,,,,0.5,,,,,,,,,,,,,,,,,,,,,,,,,,0.5,,,0.5,,,,,,,,,,,,,,,,,,,,,,,,,,,,,,,,,,,,,,,,0.5,,,,,,,,,,,,,,,,,,,,,,,,,,,,,,,,,,,,,,,,,0.5,,,,,,,,,,,,,,,,,,,,0.5,,,,,,,,,,,,,,,,,,,,,,,,,,
4650,,,,,,,,,,,,,,,,,,,,,,,,,,,,,,0.5,,,,,,,,,,,,,,,,,,,,,,,,,,,,,,,,,,,,,,,0.5,,,,,,,,,,,,,,,,,,,,,,,,,,,,,,,,,,,,,,,,,,,,,,,,,,,,,,,,,,,,,,,,,,,,,,,,,,,,,,,,,,0.5,,,,,,,,,,,,,,,,,,,0.5,,,,,,,,,,,,,,,,,,,,,,,,,,,
4660,,,,,,,,,,,,,,,,,,,,,,,,,,,,,,0.5,,,,,,,,,,,,,,,,,,,,,,,,,,1.0,,,,,,,,,,,,,,,,,,,,,,,,,,,,,,,,,,,,,,,,,,,,,,,,,,,,,,,,,,,,,,,,,,,,,,,,,,,,,,,,,,,,,,,,,,,,,,,,,,,,,,,,,,,,,,,,,,,,,,,,,,,,,,,,,,,,,,,,,,,,,
142,,,,,,,,,,,,,,,,,,,,,,,,,,,,,,,0.0,,,,,,,,,,,,,,,,,,,,,,,,,,,,,,,,,,,,,,,,,,,,,,,,,,,,,,,,,,,,,,,,,,,,,,,,,,,,,,,,,,,,,,,,,,,,,,,,,,,,,,,,,,,,,,,,,,,,,,,,,,,,,,,,,,,,,,,,,,,,,,,,,,,,,,,,,,,,,,,,,,,,,,
552,,,,,,,,,,,,,,,,,,,,,,,,,,,,,,,1.0,,,,,,,,,,,,,,,,,,,,,,,,,,,,,,,,,,,,,,,,,,,,,,,,,,,,,,,,,,,,,,,,,,,,,,,,,,,,,,,,,,,,,,,,,,,,,,,,,,,,,,,,,,,,,,,,,,,,,,,,,,,,,,,,,,,,,,,,,,,,,,,,,,,,,,,,,,,,,,,,,,,,,,
628,,,,,,,,,,,,,,,,,,,,,,,,,,,,,,,1.0,,,,,,,,,,,,,,,,,,,,,,,,,,,,,,,,,,,,,,,,,,,,,,,,,,,,,,,,,,,,,,,,,,,,,,,,,,,,,,,,,,,,,,,,,,,,,,,,,,,,,,,,,,,,,,,,,,,,,,,,,,,,,,,,,,,,,,,,,,,,,,,,,,,,,,,,,,,,,,,,,,,,,,
1633,,,,,,,,,,,,,,,,,,,,,,,,,,,,,,,0.0,,,,,,,,,,,,,,,,,,,,,,,,,,,,,,,,,,,,,,,,,,,,,,,,,,,,,,,,,,,,,,,,,,,,,,,,,,,,,,,,,,,,,,,,,,,,,,,,,,,,,,,,,,,,,,,,,,,,,,,,,,,,,,,,,,,,,,,,,,,,,,,,,,,,,,,,,,,,,,,,,,,,,,
2929,,,,,,,,,,,,,,,,,,,,,,,,,,,,,,,1.0,,,,,,,,,,,,,1.0,,,,,,,,1.0,,,,,,,,,,,,1.0,,,,1.0,,,,,,,,,,,,,,,,,,,,,,,,,,,1.0,,,,,,,,,,,,,,,,,,,,,,,,,,,,,,,,,,,,,,,,,,,,,,,,,,,1.0,,,,,,,,,,,,,,,,,,,,,,,,,,,,,,,,,,,,,,,,,,,,,,,,,,,
3197,,,,,,,,,,,,,,,,,,,,,,,,,,,,,,,0.5,,,,,,,,,,,,,,,,,,,,,,,,,,,,,,,,,,,,,,,,,,,,,,,,,,,,,,,,,,,,,,,,,,,,,,,,,,,,,,,,,,,,,,,,,,,,,,,,,,,,,,,,,,,,,,,,,,,,,,,,,,,,,,,,,,,,,,,,,,,,,,,,,,,,,,,,,,,,,,,,,,,,,,
4073,,,,,,,,,,,,,,,,,,,,,,,,,,,,,,,0.0,,,,,,,,,,,,,,,,,,,,,,,,,,,,,,,,,,,,,,,,,,,,,,,,,,,,,,,,,,,,,,,,,,,,,,,,,,,,,,,,,,,,,,,,,,,,,,,,,,,,,,,,,,,,,,,,,,,,,,,,,,,,0.0,,,,,,,,,,,,,,,,,,,,,,,,,,,,,,,,,,,,,,,,,,
4110,,,,,,,,,,,,,,,,,,,,,,,,,,,,,,,1.0,,,,,,,,,,,,,,,,,,,,,,,,,,,,,,,,,,,,,,,,,,,,,,,,,,,,,,,,,,,,,,,,,,,,,,,,,,,,,,,,,,,,,,,,,,,,,,,,,,,,,,,,,,,,,,,,,,,,,,,,,,,,,,,,,,,,,,,,,,,,,,,,,,,,,,,,,,,,,,,,,,,,,,
4113,,,,,,,,,,,,,,,,,,,,,,,,,,,,,,,0.0,,,,,,,,,,,,,,,,,,,,,,,,,,,,,,,,,1.0,,,,,,,,,,,,,,,1.0,,,,,,,,,,,,,,,,,,,,,,,,,,,,0.0,,,,,,,,,,,,,,,,,,,,,,,,,,,,,,,,,,,,,,,,,,,,,,,,,,,,,,,,,,,,,,,,,,,,,,,,,,,,,,,,,,,,,,,,,,
4174,,,,,,,,,,,,,,,,,,,,,,,,,,,,,,,0.0,,,,,,,,,,,,,,,,,,,,,,,,,,,,,,,,,,,,,,,,,,,,,,,,,,,,,,,,,,,,,,1.0,,,,,,,,,,,,,,,,,,,,,,,,,,,,,,,,,,,,,,,,,,,,,,,,0.0,,,,,,,,,,,,,,,,,,,,,,,,,,,,,,,,,,,,,,,,,,,,,,,,,,,,,,,,
4203,,,,,,,,,,,,,,,,,,,,,,,,,,,,,,,1.0,,,,,,,,,,,,,,,,,,,,,,,,,,,,,,,,,,,,,,,,,,,,,,,,,,,,,,,,,,,,,,,,,,,,,,,,,,,,,,,,,,,,,,,,,,,,,,,,,,,,,,,,,,,,,,,,,,,,,,,,,,,,,,,,,,,,,,,,,,,,,,,,,,,,,,,,,,,,,,,,,,,,,,
4255,,,,,,,,,,,,,,,,,,,,,,,,,,,,,,,0.0,,,,,,,,,,,,,,,,,,,,,,,,,,,,,,,,,,,,,1.0,,,,,,,,,,,,,,,,,,,,,,,,,,,,,1.0,,,,,,,,,,,,,,,,,,,,,,,,,,,,,,,,,,,,,,,,,,,,,,,,,,,,,,,,,,,,,,,,,,,,,,,,,,,,,,,,,,,,,,,,,,,,,,,,,,,,
4275,,,,,,,,,,,,,,,,,,,,,,,,,,,,,,,0.5,,,,,,,,,,,,,,,,,,,,,,,,,,,,,,,,,,1.0,,,,,,,,,,,,,,,,,,,,,,,0.5,,,,,,,,,,,,,,,,,,,,,,,,,,,,,,,,,,,,,,,,,,,,,,,,,,,,,1.0,,,,,,,,,,,,,,,,,,,,,,,,,,,,,,,,,,,,,,,,,,,,,,,,,,,,,,,,
4315,,,,,,,,,,,,,,,,,,,,,,,,,,,,,,,0.0,,0.0,,,,,,,,1.0,,,,,,,,,,,,,,,,,,,,,,,,,,,,,,,,,,,,,,,,,,,,,,,,,,,,,,,,,,,,,,,,,,,,,,,,,,,,,,,,,,,,,,,,,,,,,,,1.0,,,,,,,,,,,,,,,,,,,,,,,,,,,,,,,,,,,,,,,,,,,,,,,,,,,,,,,,,,,,,
4375,,,,,,,,,,,,,,,,,,,,,,,,,,,,,,,1.0,,0.0,,,,,,,,,,,,,,,,,,,,,,,,,,,,,,,,,,,,,,,,,,,,,,,,,,,,,,,,,,,,,,,,,,,,,,,,,,,,,,,,,,,,,,,,,,,,,,,,,,,,,,,,,,,,,,,,,,,,,,,,,,,,,,,,,,,,,,,,,,0.0,0.0,,,,,,,,,,,,,,,,,,,,,,,,,
4557,,,,,,,,,,,,,,,,,,,,,,,,,,,,,,,0.0,,,,,,,,,,,1.0,,,,,,,,,0.0,,,,,,,,,,,,1.0,,,,,,,,,,,,,,,,,,,,,,,,,,,,,,,,,,,,,,,,,,,,,,,,,,,,,,,,,,,,,,,,,,,,,,,,,,,,,1.0,,1.0,,,,,,,,,,,,,,,1.0,,,,,,,,,,,,,,,,,,,,,,,,,,,,,,,,,,,,,,,,
4580,,,,,,,,,,,,,,,,,,,,,,,,,,,,,,,0.5,,,,,,,,,,,,,,,,,,,,,,,,,,,,,,,,,,,,,,,,,,,,,,,,,,,,,,,,,,,,,,,,,,,,,,,,,,,,,,,,,,,,,,,,,,,,,,,,,,,,,,,,,,,,,,,,,,,,,,,,,,,,,,,,,,,,,,,,,,,,,,,,,,,,,,,,,,,,,,,,,,,,,,
3716,,,,,,,,,,,,,,,,,,,,,,,,,,,,,,,,0.0,,,,1.0,,,,,,,,,,,,,,,,,,,,,,,,,,,,,,,,,,0.0,,,,,,,,,,,,,,,,,,,,,,,,,,,,,,,,,,,,,,,,,,,,,,,,,,,,,,,,,,,,,,,,,,,,,,,,,,,,,,,,,,,,,,,,,,,,,,,,,,,,,,,,,,,,,,,,,,,,,,,,,,,,,,,
3779,,,,,,,,,,,,,,,,,,,,,,,,,,,,,,,,0.0,,,,,,,,,,,,,,,,,,,,,,,,,,,,,,,1.0,,,,,,,,,,,,,,,,,,,,,,,,,,,,,,,,,,,,,,,,,,,,,,,,,,,,,,,,,,,,,,,,,,,,,,,,,,,,,,,,,,,,,,,,,,,1.0,,,,,,,,,,,,,,,,,,,,,,,,,,,,,,,,,,,,,,,,,,,
4131,,,,,,,,,,,,,,,,,,,,,,,,,,,,,,,,0.0,,,,,,,,,,,,0.5,,,,,,,,,,,,,,,,,,,,,,,,,,,,,,,,,,,,,,,,,,,,,,,0.5,,,,,,,,,,,,,,,,,,,,,,,,,,,,,,,1.0,,,,,,,,,,,,,,,,,,,,,,,,,,,,,,,,,,,,,,,,,,,,,,,,,,,,,,,,,,,,,,,,,,,,,,,,,,,
4308,,,,,,,,,,,,,,,,,,,,,,,,,,,,,,,,0.5,,,,,,,,,,,,,,,,,,,,,,,,,,,,,,,,,,,,,,,,,,,,,,,,,,,,,,,,1.0,,,,,,,0.0,,,,,,,,,,,,,,,,,,,,,,,,,,,,,,,,,,1.0,,,,,,,,,,,,,,,,,,,,,,,,,,,,,,,,,,,,,,,,,,,,,,,,,,,,,,,,,,,,,,,,,,,,
4529,,,,,,,,,,,,,,,,,,,,,,,,,,,,,,,,1.0,,,,,,,,,,,,,,,,,,,,,,,,,,,,,,,,,,,,,,,,,,,,,,,,,,,,,0.5,,,,,,,,,,,,,,,,,,,,,,,,,,,,,,,,,,,,,,,,,,,,,,,,,,,,,,,,,,,,,,,,,,,,,,,,,,,,,,,,,,,,,,,1.0,,,,,,,,,,,,,,,,,,,,,,,,,
877,,,,,,,,,,,,,,,,,,,,,,,,,,,,,,,,,0.5,,,,,,,,,,,,,,,,,,,,,,,,,,,,,,,,0.5,,,,,,,,,,,,,,0.5,,,,,,,,,,,,,,,,,,,,,,,,,,,,,,,,,,,,,,,,,,,,,,,,,,,,,,,,,,,,,,,,,,,,,,,,,,,,,,,,,,,,,,,,,,,,,,,,,,,,,,,,,,,,,,,,,,,,,,
2751,,,,,,,,,,,,,,,,,,,,,,,,,,,,,,,,,1.0,,,,,,,,,1.0,,,,,,,,,,,,,,,,,,,,,,,,,,,,,,,,,,,,,,,,,,,,,,,,,,,,,,,,,,,,,,,,,,,,,,,,,,,,,,,,,,,,,,,,,,,,,,,,1.0,,,,,,,,,,,,,,,,,,,,,,,,,,,,,,,,,,,,,,,,,,,,,,,,,,,,,,,,,,,
3723,,,,,,,,,,,,,,,,,,,,,,,,,,,,,,,,,1.0,,,,,,,,,,,,,,,,,,,,,,,,,,,,,,,,,,,,,,,,,,,,,,,,,,,,,,,,,,,,,,,,,,,,,,,,,,,,,,,,,,,,,,,,,,,,,,,,,,,,,,,,,,,,,,,,,,,,,,,,,,,,,,,,,,,,,,,,,,,,,,,,,,,,,,,,,,,,,,,,,,,,
4325,,,,,,,,,,,,,,,,,,,,,,,,,,,,,,,,,1.0,,,,,,,,,,,,,,,,,,,,,,,,,,,,,,,,,,,,,,,,,,,,,,,,,,,,,,,,,,,,,,,,,,,,,,,,,,,,,,,,,,,,,,,,,,,,,,,,,,,,,,,,,,,,,,,,,,,,,,,,,,,,,,,,,,,,,,,,,,,,,,,,,,,,,,,,,,,,,,,,,,,,
4365,,,,,,,,,,,,,,,,,,,,,,,,,,,,,,,,,1.0,,,,,,,,,,,,,,,,,,,,,0.5,,,,,,,,,,,,1.0,,,,,,,,,,,,,,,,,,,,,,,,,,,,,,,,,,,,,,,,,,,,,,,,,,,,,,,,,,,,,,,,,,,,,,,,,,,,,,,,,,,,,,,,,,,,,,,,,,,,,,,,,,,,,,,,,,,,,,,,,,,,,,,,,,,
4410,,,,,,,,,,,,,,,,,,,,,,,,,,,,,,,,,0.5,,,0.5,,,,,,,,,,,,,,,,,,,,,,,,,,,,,0.5,,,,,,,,,,,,,,,,,,,,,,,0.5,,,,,,,,,,,,,,,,,,,,,,,,,,,,,,,,,,0.5,,,,,,,,,,,,,,,,,,,,,,,,,,,,,,,,,,,,,,,,,,,,,,,,,,,,,,,,,,,,,,,,,,,,,,,,,,,
3155,,,,,,,,,,,,,,,,,,,,,,,,,,,,,,,,,,,0.0,0.0,,,,,,,,,,,,,,,0.0,,,,,,,,,,,,,,,,,,,,,,,,,,,,,,,,,,,,,,,,,,,,,,,,,,,,,,,,,,,,,,,,,,,,,,,,,,,,,,,,,,,,,,,,,,,,,,,,,,,,,,,1.0,,,,,,,,,,,,,,,,,,,,,,,,,,,,,,,,,,,,,,,,,,,
3165,,,,,,,,,,,,,,,,,,,,,,,,,,,,,,,,,,,0.5,,,,,,,,,,,,,,,,,,,,,,,,,,,,,,,,,,,,,,,,,,,,,,,,,,,,,,,,,,,,,,,,,,,,,,,,,,,,,,,,,,,,,,,,,,,,,,,,,,,,,,,,,,,,,,,,,,,,,,,,,,,,,,,,,,,,,,,,,,,,,,,,,,,,,,,,,,,,,,,,,,
3364,,,,,,,,,,,,,,,,,,,,,,,,,,,,,,,,,,,1.0,,,,,,,,,,,,,,,,,,,,,,,,,,,,,,,,,,,,,,,,,,,,,,,,,,,,,,,,,,,,,,,,,,,,,,,,,,,,,,,,,,,,,,,,,,,,,,,,,,,,,,,,,,,,,,,,,,,,,,,,,,,,,,,,,,,,,,,,,,,,,,,,,,,,,,,,,,,,,,,,,,
3819,,,,,,,,,,,,,,,,,,,,,,,,,,,,,,,,,,,0.0,,,,,,,,,,,,,,,,,,,,,,,,,,,,,,,,,,,,,,,,,,,,,,,,,,,,,,,,,,,,,,,,,,,,,,,,,,,,,,,,,,,,,,,,,,,,,,,,,,,,,,,,,,,,,,,,,,,,,,,,,,,,,,,,,,,,,,,,,,,,,,,,,,,,,,,,,,,,,,,,,,
4051,,,,,,,,,,,,,,,,,,,,,,,,,,,,,,,,,,,0.5,0.5,,,,,,,,,,,,,,,,,,,,,,,,,,,,,,,,,,,,,,,,,,,,,,,,,,,,,,,,,,,,,,,,,,,,,,,,,,,,,,,,,,,,,,0.5,,,,,,,,,,,,,,,,,,,0.5,,,,,,,,,,,,,,,,,,,,,,,,,0.5,,,,,,,,,,,,,,,,,,,,,,,,,,,,,,,
4248,,,,,,,,,,,,,,,,,,,,,,,,,,,,,,,,,,,1.0,,,,,,,,,,,,,,,,,,,,,,,,,,,,,,,,,,,,,0.0,,,,,,,,,,,,,,,,,,,,,,,,,,,,,,,,,,,,,,,,,,,,,,,,1.0,,,,,,,,,,,,,,1.0,,,,,,,1.0,,,,,,,,,,,,,,,,,,,,,,,,,,,,,,,,,,1.0,,,,,,,,,,,,,,,,,,,,,,
4261,,,,,,,,,,,,,,,,,,,,,,,,,,,,,,,,,,,1.0,,,,,,1.0,,,,,,1.0,,,,,,,,,,,,,,,,,,,,,,,,,1.0,,,,,,,,,,,,,,,,,,,,,,,,,,,,,,,,,,,,,,,,,,,,,,,,,,,,,,,,,,,,,,,,,,,,,,,,,,,,,,,,,,,,,,,,,,,,,,,,,,,,,,,,,,,,,,,,,,,,,,,,,,,,,
4349,,,,,,,,,,,,,,,,,,,,,,,,,,,,,,,,,,,1.0,,,1.0,,,,,,,,,,,,,,1.0,,,,,,,,,,,,,,,,,,,,,,,,,,,,,,,,,,,,0.5,,,,,,,,,1.0,,,,,,,,,,,,,1.0,,,,,,,,,,,,,,,,,,,,,,,,,,,,,,,,,,,1.0,,,,,,,,,,,,,,,,,,0.5,,,,,,,,,,,,,,,,,,,,,,,,,,,,,,,,,,
4381,,,,,,,,,,,,,,,,,,,,,,,,,,,,,,,,,,,1.0,,,,,,,,,,,,,,,,,,,,,,,,,,,,,,,,0.5,,,,,,,,,,,,,,,,,,,,,,,,,,,,,,,,,,,,,,,,,,,,,,,,,,,,,,,,,,,,,,,,,,,,,,,,,,,,,,,,,,,,,,,,,,,,,1.0,,,,,,,,,,,,,,,,,,,,,,,,,,,,,,,,,,,,,
4384,,,,,,,,,,,,,,,,,,,,,,,,,,,,,,,,,,,0.5,,,,,,,,,,,,,,,,,,,,,,,,,,,,,,,,,,,,,1.0,,,,,,,,,,,,,,,,,,,,,,,,,,,,,,,,,,,,,,,,,,,,,,,,,,1.0,,,,,,,,,,,,,,,,0.5,,,,,,,,,,,,,,,,,,,,,,,,,,,,,,,,,,,,,,,,,,,,,,,,,,,,,,,,,,,
4438,,,,,,,,,,,,,,,,,,,,,,,,,,,,,,,,,,,1.0,,,,,,,,,,,,,,,,,,,,,,,,,,,,,,,,,,,,,,,,,,,,,,,,,,,,,,,,,,,,,,,,,,,,,,,,,,,,,,,,,,,,,,,,,,,,,,,,,,,,,,,,,,,,,,,,,,,,,,,,,,,,,,,,,,,,,,,1.0,,,,,,,,,,,,,,,,,,,,,,,,,,,
4484,,,,,,,,,,,,,,,,,,,,,,,,,,,,,,,,,,,1.0,,,,,,,,,,,,,,,,,,,,,,,,,,,,,,,,,,,,,,,,,,,,,,,,,,,,,,,,,,,,,,,,,,,,,,,,,,,,,,,,,,,,,,,,,,,,,,,,,,,,,,,,,,,,,,,,,,,,,,,,,,,,,,,,,,,,,,,,,,,,,,,,,,,,,,,,,,,,,,,,,,
4608,,,,,,,,,,,,,,,,,,,,,,,,,,,,,,,,,,,1.0,,,,,,,,,,,,0.0,,,,,,,,,,,,,,,,0.0,,,,1.0,,,,,,,,,,,1.0,,,,,,,,,,,,,,,,,,,,,,,,,,,,,,,,,,,,,,,,,,,,,,,,,,,,,,,,,,,,,,,,,,,,,,,,,,,,,,,,,,,,,,,,,,,,,,,,,,,,,,,,,,,,,,,,,,,,,,,
1066,,,,,,,,,,,,,,,,,,,,,,,,,,,,,,,,,,,,0.5,,,,,,,,,,,,,,,,,,,,,,,,,,,,,,,,,,,,,,,,,,,,,,,,,,,,,,,,,,,,,,,,,,,,,,,,,,,,,,,,,,,,,,,,,,,,,,,,,,,,,,,,,,,,,,,,,,,,,,,,,,,,,,,,,,,,,,,,,,,,,,,,,,,,,,,,,,,,,,,,,
1221,,,,,,,,,,,,,,,,,,,,,,,,,,,,,,,,,,,,1.0,,,,,,,,,,,,,,,,,,,,,,,,,,,,,,,,,,,,,,,,,,,,,,,,,,,,,,,,,,,,,,,,,,,,,,,,,,,,,,,,,,,,,,,,,,,,,,,,,,,,,,,,,,,,,,,,,,,,,,,,,,,,,,,,,,,,,,,,,,,,,,,,,,,,,,,,,,,,,,,,,
1354,,,,,,,,,,,,,,,,,,,,,,,,,,,,,,,,,,,,0.0,,,,,,,,,,,,,,,,,,,,,,,,,,,,,,,,,,,,,,,,,,,,,,,,,,,,,,,,,,,,,,,,,,,,,,,,,,,,,,,,,,,,,,,,,,,,,,,,,,,,,,,,,,,,,,,,,,,,,,,,,,,,,,,,,,,,,,,,,,,,,,,,,,,,,,,,,,,,,,,,,
2748,,,,,,,,,,,,,,,,,,,,,,,,,,,,,,,,,,,,0.0,,,,,,,,,,,,,,,,,,,,,,,,,,,,,,,,,,,,,,,,,,,,,,,,,,,,,,,,,,,,,,,,,,,,,,,,,,,,,,,,,,,,,,1.0,,,,,,,,,,,,,,,,,,,,,,,,,,,,,,,,,,,,,,,,,,,,,,,,,,,,,,,,,,,,,,,,,,,,,,,,,,,
3476,,,,,,,,,,,,,,,,,,,,,,,,,,,,,,,,,,,,1.0,,0.0,,,,,,0.5,,,,,,,,0.0,,,,,,,,,,,,,,,,,,,,,,,,,,,1.0,,,,,,,,,,,,,,,,,,,,,,,,,,,,,,,,,,,,,,,,,,,0.0,,,,,,,,,,,,,,,,,,,1.0,,,,,,,,,,,,,,,,,,,,,1.0,,,,,,,,,,,,,,,,,,,,,,,,,,,,,,,,,,,
3491,,,,,,,,,,,,,,,,,,,,,,,,,,,,,,,,,,,,0.5,,,,,,,,,,,,,,,,1.0,,,,,,,,,,,,,0.5,,,,,,,,,,,,,,,,,,,,,,,,,,,,,,,,,,,,0.5,,,,,,,,,,,,,,,,,,,,0.5,,,,,,,,,,,,,,,,,,,,,,,,1.0,,,,,,,,,,,,,,,,,,,,,,,,,,,,,,,,,,,,,,,,,,,,,,,,,,,,
3538,,,,,,,,,,,,,,,,,,,,,,,,,,,,,,,,,,,,0.5,,,,,,,,,,,,,,,,,,,,,,,,,,,,,,,,,,,,,,,,,,,,,,,,,,,,,,,,,,,,,,,,,,,,,,,,,,,,,,,,,,,,,,,,,,,,,,,,,,,,,,,,,,,,,1.0,,,,,,,,,,,,,,,,,,,,,,,,,,,,,,,,,,,,,,,,,,,,,,,,,,,,
4085,,,,,,,,,,,,,,,,,,,,,,,,,,,,,,,,,,,,1.0,,,,,,,,,,,,,,,,,,,,,,,,,,,,,,,,,,,,,,,,,,,,,,,,,,,,,,,,,,,,,,,,,,,,,,,,,,,,,,,,,,,,,,,,,,,,,,,,,,,,,,,,,,,,,,,,,,,,,,,,,,,,,,,,,,,,,,,,,,,,,,,,,,,,,,,,,,,,,,,,,
4320,,,,,,,,,,,,,,,,,,,,,,,,,,,,,,,,,,,,1.0,,,,,,,,,,,,,,,,,,,,,,,,,,,,,,,,,,,,,,,,,,,,,,,,,,,,,,,,,,,,,,,,,,,,,,,,,,,,,,,,,,,,,,,,,,,,,,,,,,,,,,,,,,,,,,,,,,,,,,,,,,,,,,,,,,,,,,,,,,,,,,,,,,,,,,,,,,,,,,,,,
4345,,,,,,,,,,,,,,,,,,,,,,,,,,,,,,,,,,,,1.0,,,,,,,,,,,,,,,,,,,,,,,,,,,,,,,,,,,,,,,,,,,,,,,,,,,,,,,,,,,,,,,,,,,,,,,,,,,,,,,,,,,,,,,,,,,,,,,,,,,,,,,,,,,,,,,,,,,,,,,,,,,,,,,,,,,,,,,,,,,,,,,,,,,,,,,,,,,,,,,,,
4666,,,,,,,,,,,,,,,,,,,,,,,,,,,,,,,,,,,,1.0,,,,,,,,,,,,,,,,,,,,,,,,,,,,,,,,,,,,,0.5,,,,,,,,,,,,,,,,,,,,,,,,,,,,,,,,,,,,,,,,,,,,,,,,,,,,,,,,,,,,,,,,,,,,,0.0,,,,,,,,,,,,,,,,,,,,,,,,,,,,,,,,,,,,,,,,,,,,,,,,,,,,,,,
1636,,,,,,,,,,,,,,,,,,,,,,,,,,,,,,,,,,,,,,1.0,1.0,,1.0,,,,,,,,,,1.0,,,,,1.0,,,,,,,,,0.0,,,,,,,,,,,,,,,,,,,,,,,1.0,,,,,,,,,,,,,,,,,,,,,,,,,,,,,,,,,,,,,,,,,,,,,,,,,,,,,,,,,,,,,,,,,,,,,,,,,,,,,,,,,,,,,,,,,,,,,,,,,,,,,,,,,,,,,
2637,,,,,,,,,,,,,,,,,,,,,,,,,,,,,,,,,,,,,,0.5,,,,,,,,,,,,,,,,,,,,,,,,0.5,,,,,,,,,,,,,,,,,,,,,,,,,,,,,,,,,,,,,,,,,,,,,,,,,,,,,,,,,,,,,,,,,,,,,,,,,,,,,,,,,,,,,,,,,,,,,,,,,,,,,,,,,,,,,,,,,,,,,,,,,,,,,,,,,,,,,,,
2964,,,,,,,,,,,,,,,,,,,,,,,,,,,,,,,,,,,,,,1.0,,,,,,,,,,,,,,,,,,,,,,,,,,,,,,,,,,,1.0,,,,,,,,,,,,,,,,,,,,,,,,,,,,,,,,,,,,,,,,,,,,,,,,,,,,,,,,,,,,,,,,,,,,,,,,,,,,,,,,,,,,,,,,,,,,,,,,,,,,,,,,,,,,,,,,,,,,,,,,,,,,
2991,,,,,,,,,,,,,,,,,,,,,,,,,,,,,,,,,,,,,,1.0,,,,,,,,,,,,,,,,,,,,,,,,,,,,,,,,,,,,,,,,,,,,,,,,,,,,,,,,,,,,,,,,,,,,,,,,,,,,,,,,,,,,,,,,,,,,,,,,,,,,,,,,,,,,,,,,,,,,,,,,,,,,,,,,,,,,,,,,,,,,,,,,,,,,,,,,,,,,,,,
3739,,,,,,,,,,,,,,,,,,,,,,,,,,,,,,,,,,,,,,0.5,,,,,,,,,,,,,,,,,,,,,,,,,,,,,,0.5,,,,,,,,,,,,,,,,,,,,,,,,,,,,,,,,,,,,,,,,,,,,,,,,,,,,,,,,,,,,,,,,,,,,,,,,,,,,,,,,,,,1.0,,,,,,,,,,,,,,,,,,,,,,,,,,,,,,,,,,,,,,,,,,,,,,
4054,,,,,,,,,,,,,,,,,,,,,,,,,,,,,,,,,,,,,,1.0,,,,,,,,,,,,,,,,,,,,,,,,,,1.0,,,,,,,,,,,,,,,,,,,,,,,,,,,,,,,,,,,,,,,,,,,,,,,,,,,,,,,,,,,,,,,,,,,,,,,,,,,,,,,,,,,,,,,,,,,,,,,,,,,,,,,,,,,,,,,,,,,,,,,,,,,,,,,,,,,,,
4196,,,,,,,,,,,,,,,,,,,,,,,,,,,,,,,,,,,,,,1.0,,,,,,,,,,,,,,,,,,,,,,,,,,,,,,,,,,,,,,,,,,,,,,,,,,,,,,,,,,,,,,,,,,,,,,,,,,,,,,,,,,,,,,,,,,,,,,,,,,,,,,,,,,,,,,,,,,,,,,,,,,,,,,,,,,,,,,,,,,,,,,,,,,,,,,,,,,,,,,,
4480,,,,,,,,,,,,,,,,,,,,,,,,,,,,,,,,,,,,,,1.0,,,,,,,0.5,,1.0,,,,,,,,,,,,,,,,,,,,,,1.0,,,,,,,,,,,,,,,,,,,,,,,,,,,,,,,,,,,,1.0,,,,,,,,,,,,,,,,,,,1.0,,,,,,,,,,,,,,,,,,,,,,,,,,,,,,,,,,,,,,,,,,,,,,,0.0,,,,,,,,,,,,,,,,,,,,,,,,,,
4526,,,,,,,,,,,,,,,,,,,,,,,,,,,,,,,,,,,,,,1.0,,,,,,,,,,,,,,,,,,,,,,,,,,,,,,,,,,,,,,,,,,,,,,,,,,,,,,,,,,,,,,,,,,,,,,,,,,,,,,,,,,,,,,,,,,,,,,,,,,,,,,,,,,,,,,,,,,,,,,,,,,,,,,,,,,,,,,,,,,,,,,,,,,,,,,,,,,,,,,,
4629,,,,,,,,,,,,,,,,,,,,,,,,,,,,,,,,,,,,,,0.0,,,,,,,,,,,,,,,,,,,,,,,,,1.0,,,,,,,,,,,,,,,1.0,,,,,,,,,,,,,,,,,,,,,,,,,,,,,,,,,,,,,,,,,,,,,,,,,,,,,,,,,,,,,,,,,,,,,,,,,,,,,,,,,,,,,,,,,,,,,,,,,,,,,,,,,,,,,,,,,,,,,,,
67,,,,,,,,,,,,,,,,,,,,,,,,,,,,,,,,,,,,,,,0.5,,,,,,,,,,,,,,,,,,,,,0.5,,,,,,,,,,,,,,,,,,,,,,,,,,,,,,,,,,,,,,,,,,,,,,,,,,,,,,,,,,,,,,,,,,,,,0.5,,,,,,,,,,,,,,,,,,,,,,,,,,,,,,,,,,,,,,,,,,,,,,,,,,,,,,,,,,,,,,,,,,,,
583,,,,,,,,,,,,,,,,,,,,,,,,,,,,,,,,,,,,,,,1.0,,,,,,,,,,,,,,,,,,,,,,,,,,,,,,,,,,,,,,,,,,,,,,,,,,,,,,,,,,,,,,,,,,,,,,,,,,,,,,,,,,,,,,,,,,,,,,,,,,,,,,,,,,,,,,,,,,,,,,,,,,,,,,,,,,,,,,,,,,,,,,,,,,,,,,,,,,,,,,
3158,,,,,,,,,,,,,,,,,,,,,,,,,,,,,,,,,,,,,,,0.5,,,,,,,,,,,,,,,,,,,,,,,,,,,,,,,,,,,,,,,,,,,,,,,,,0.5,,,,,,,,,,,,,,,,,,,,,,,,,,,,,,,,,0.0,,,,,,,,,,,,,,,,,,,,,,,,,,,,,,,,,,,,,,,,,,,,,,,,,,,,,,,,,,,,,,,,,,,,,,,,,,,,
3201,,,,,,,,,,,,,,,,,,,,,,,,,,,,,,,,,,,,,,,0.0,,,,,,,,,,,,,,,,,,,,,,,,,,,,,,,,,,,,,,,,,,,,,,,,,,,,,,,,,,,,,,,,,,,,,,,,,,,,,,,,,,,,,,,,,,1.0,,,,,1.0,,,,,,,,,,,,,,,,,,,,0.0,,,,,,,,,,,,,,,,,,,,,,,,,,,,,,,,,,,,,,,,,,,
3623,,,,,,,,,,,,,,,,,,,,,,,,,,,,,,,,,,,,,,,0.0,,,,,,,,,,,,,,,,,,,,,,,,,,,,,,,,,,,,,,,,,,,,,,,,,,,,,,,,,,,,,,,,,,,,,,,,,,,,,,,,,,,,,,,,,,,,,,,,,,,,,,,,,,,,,,,,,,,,,,,,,,,,,,,,,,1.0,,,,,,,,,,,,,,,,,,,,,,,,,,,,
3783,,,,,,,,,,,,,,,,,,,,,,,,,,,,,,,,,,,,,,,1.0,,,,,,,,,,,,,,,,,1.0,,,,,,,,,,,,,,,,,,,,,,,,,,,,,,,,,,,,,,,,,,,,,,,,,,,,,,,,,,,,,,,,,,,,,,,,,,,,,,,,,,,,,,,,,,,,,,,,,,,,,,,,,,,,,,,,,,,,,,,,,,,,,,,,,,,,,,,,,,,,,
3789,,,,,,,,,,,,,,,,,,,,,,,,,,,,,,,,,,,,,,,1.0,,,,,,,,,,,,,,,,,,,,,,,,,,,,,,,,,,,,,,,,,,,,,,,,,,,,,,,,,,,,,,,,,,,,,,,,,,,,,,,,,,,,,,,,,,,,,,,,,,,,,,,,,,,,,,,,,,,,,,,,,,,,,,,,,,,,,,,,,,,,,,,,,,,,,,,,,,,,,,
4169,,,,,,,,,,,,,,,,,,,,,,,,,,,,,,,,,,,,,,,0.5,,1.0,,,,,,1.0,,,,,,,,,,,,,,,,,,,,,,,,,,,,,,,,,,,,,,,,,,,,,,,,,,,,,,,,,,,,,,,,,,,,,,,,,,,,,,,,,,,,,,,,,,,1.0,,,,,,1.0,,0.5,,,,,,,,,,,,,,,,,,,,,,,,,,,,,,,,,,,,,,,,,,,,,,,,,,,
4483,,,,,,,,,,,,,,,,,,,,,,,,,,,,,,,,,,,,,,,1.0,,,,,,,,,,,,,,,,,,,,,,,,,,,,,,,,,1.0,,,,,,,,,,,,,,,,,,,,,,,,,,,,,,,,,,,,,,,,,,,,,,,,,,,,,,,,,,,,,,,,,,,,,,,,,,,,,,,,,,,1.0,,,,,,,,,,,,,,,,,,,,,,,,,,,,,,,,,,,,,,,,,,
4494,,,,,,,,,,,,,,,,,,,,,,,,,,,,,,,,,,,,,,,0.0,,,,,,,,,,,,,,,,,,,,,,,,,,,1.0,,,,,,,,,,,,,,,,,,,,,,,,,,,,,,,,,,,,,,,,,,,,,,,,,,,,,,,,,,,,,,,,,,,,,,,,,,,,,,,,,,,,,,,,,,,,,,,,,,,,,,,,,,0.0,,,,,,,,,,,,,,,,,,,,,,,,,
428,,,,,,,,,,,,,,,,,,,,,,,,,,,,,,,,,,,,,,,,1.0,,,,,,,,,,,,,,,,,,,,,,,,,,,,,,,,,,,,,,,,,,,,,,,,,,,,,,,,,,,,,,,,,,,,,,,,,,,,,,,,,,,,,,,,,,,,,,,,,,,,,,,,,,,,,,,,,,,,,,,,,,,,,,,,,,,,,,,,,,,,,,,,,,,,,,,,,,,,,
481,,,,,,,,,,,,,,,,,,,,,,,,,,,,,,,,,,,,,,,,0.5,,,,,,,,,,,,,,,,,,,,,,,,,,,,,,,,,,,,,,,,,,,,,,,,,,,,,,,,,,,,,,,,,,,,,,,,,,,,,,,,,,,,,,,,,,,,,,,,,,,,,,,,,,,,,,,,,,,,,,,,,,,,,,,,,,,,,,,,,,,,,,,,,,,,,,,,,,,,,
651,,,,,,,,,,,,,,,,,,,,,,,,,,,,,,,,,,,,,,,,1.0,,,,,,,,,,,,,,,,,,,,,,,,,,,,,,,,,,,,,,,,,,,,,,,,,,,,,,,,,,,,,,,,,,,,,,,,,,,,,,,,,,,,,,,,,,,,,,,,,,,,,,,,,,,,,,,,,,,,,,,,,,,,,,,,,,,,,,,,,,,,,,,,,,,,,,,,,,,,,
984,,,,,,,,,,,,,,,,,,,,,,,,,,,,,,,,,,,,,,,,1.0,,,,,,,,,,,,,,,,,,,,,,,,,,,,,,,,,,,,,,,,,,,,,,,,,,,,,,,,,,,,,,,,,,,,,,,,,,,,,,,,,,,,,,,,,,,,,,,,,,,,,,,,,,,,,,,,,,,,,,,,,,,,,,,,,,,,,,,,,,,,,,,,,,,,,,,,,,,,,
1638,,,,,,,,,,,,,,,,,,,,,,,,,,,,,,,,,,,,,,,,1.0,,,,,,,,,,,,1.0,,,,,,,,,,,,,,,,,,,,,,,,,,,,,,,,,,,,,,,,,,,,,,,,,,,,,,,,,,,,,,,,,,,,,,,,,,,,,,,,,,,,,,,,,,,,,,,,,,,,,,,,,,,,,,,,,,,,,,,,,,,,,,,,,,,,,,,,,,,,,,,,,
1680,,,,,,,,,,,,,,,,,,,,,,,,,,,,,,,,,,,,,,,,1.0,,,,,,,,,,,,,,1.0,,,,,,,,,,,,,,,,,,,,,,,,,,,,,,,,,,,,,,,,,,,,,,,,,,,,,,,,,,,,,,,,,,,,,,,,,,,,,,,,,,,,,,,,,,,,,,,,,,,,,,,,,,,,,,,,,,,,,,,,,,,,,,,,,,,,,,,,,,,,,,,
2642,,,,,,,,,,,,,,,,,,,,,,,,,,,,,,,,,,,,,,,,1.0,,,,,,,,,,,,,,,,,,,,,,,,,,,,,,,,,,,,,,,,,,,,,,,,,,,,,,,,,,,,,,,,,,,,,,,,,,,,,,,,,,,,,,,,,,,,,,,,,,,,,,,,,,,,,,,,,,,,,,,,,,,,,,,,,,,,,,,,,,,,,,,,,,,,,,,,,,,,,
3797,,,,,,,,,,,,,,,,,,,,,,,,,,,,,,,,,,,,,,,,1.0,,,,,,,,,,,,,,,,,,,,,,,,,,,,,,,,,,,,,,,,,,,,,,,,,,,,,,,,,,,,,,,,,,,,,,,,,,,,,,,,,,,,,,,,,,,,,,,,,,,,,,,,,,,,,,,,,,,,,,,,,,,,,,,,,,,,,,,,,,,,,,,,,,,,,,,,,,,,,
4015,,,,,,,,,,,,,,,,,,,,,,,,,,,,,,,,,,,,,,,,1.0,,,,,,,,,,,,,,,,,,,,,,,,,,,,,,,,,,,,,,,,,,,,,1.0,,,,,,,,,,,,,,,,,,,,,,,,,,,,,,,,,,,,,,,,,,,,,,,,,,,,,,,,1.0,,,,,,,,,,,,,1.0,,,,,,0.5,,,,,,,,,,,,,,,,,,,,,,,,,,,,,,,,,,,,,
4019,,,,,,,,,,,,,,,,,,,,,,,,,,,,,,,,,,,,,,,,1.0,,,,,,,,,,,,,,,,,,,,,,,,,,,,,,,,,,,,,,,,,,,,,,,,,,,,,,,,,,,,,,,,,,,,,,,,,,,,,,,,,,,,,,,,,,,,,,,,,,,,,,,,,,,,,,,,,,,,,,,,,,,,,,,,,,,,,,,,,,,,,,,,,,,,,,,,,,,,,
4100,,,,,,,,,,,,,,,,,,,,,,,,,,,,,,,,,,,,,,,,0.5,,,,,,,,,,,,,,,,,,,,,,,,,,,,,,,,,,,,,,,,,,,,,,,,,,,0.5,,,,,,,,,,,,,,,,,,,,,,,,,,,,,,,,,,,,,,,,,,,,,,,,,,,,,,,,,,,,,,,,,,,,,,,,,,,,,,,,,,,,,,,,,,,,,,,,,,,,,,,,,,
336,,,,,,,,,,,,,,,,,,,,,,,,,,,,,,,,,,,,,,,,,1.0,,,,,,,,,,,,,,,,,,,,,,,,,,,,,,,,,,,,,,,,,,,,,,,,,,,,,,,,,,,,,,,,,,,,,,,,,,,,,,,,,,,,,,,,,,,,,,,,,,,,,,,,,,,,,,,,,,,,,,,,,,,,,,,,,,,,,,,,,,,,,,,,,,,,,,,,,,,,
1010,,,,,,,,,,,,,,,,,,,,,,,,,,,,,,,,,,,,,,,,,1.0,,,,,,,,,,,,,,,,,,,,,,,,,,,,,,,,,,,,,,,,,,,,,,,,,,,,,,,,,,,,,,,,,,,,,,,,,,,,,,,,,,,,,,,,,,,,,,,,,,,,,,,,,,,,,,,,,,,,,,,,,,,,,,,,,,,,,,,,,,,,,,,,,,,,,,,,,,,,
1017,,,,,,,,,,,,,,,,,,,,,,,,,,,,,,,,,,,,,,,,,1.0,,,,,,1.0,,,,,,,,,,,,,,,1.0,,,,,,,,,,,,,,,,,,,,,,,,,,,,,,,,,,,,,,,,,,,,,,,,,,,,,,,,,,,,,,,,,,,,,,,,,,,,,,,,,,,,,,,,,,,,,,,,,,,,,,,,,,,,,,,,,,,,,,,,,,,,,,,,,,,,,,,
2460,,,,,,,,,,,,,,,,,,,,,,,,,,,,,,,,,,,,,,,,,1.0,,,,,,0.0,,,,,0.5,,,,,,,,,,,,,,,,,,,,,,,,,,1.0,,,,,,,,,,,,,,,,,,,,,,,,,,,,,,,,,,,,,,,,,,0.0,,,,,,,1.0,,,,,,,,,,,,,,,,,,,,,,,,,,,,,,,,,,,,,,,,,,,,,,,,,,,,,,,,,,,,,,,,,,,,,,
2473,,,,,,,,,,,,,,,,,,,,,,,,,,,,,,,,,,,,,,,,,0.0,,,,,,,,,,,,,,,,,,,,,,,,,,,,,,,,,,,,,,1.0,,,,,,,,,,,,,,,,,,,,,,,,,,,,,,,,,,,,,,,,,,,,,,,,,,,,,,,,,,,,,,,,,,,,,,,,,,,,,,,,,,,,,,,,,,,,,,,,,,,,,,,,,,,,,,,,,,,,,,
3135,,,,,,,,,,,,,,,,,,,,,,,,,,,,,,,,,,,,,,,,,0.0,,,,,,,,,,,,,,,,,,,,,,,,,,,,,,,,,,,,,,,,,,,,,,,,,,,,,,,,,,,,,,,,,,,,,,,,,,,,,,,,,,,,,,,,,,,,,,,,,,,,,,,,,,,,,,,,,,,,,,,,,,,,,,,,,,,,,,,,,,,,,,,,,,,,,,,,,,,,
4096,,,,,,,,,,,,,,,,,,,,,,,,,,,,,,,,,,,,,,,,,1.0,,,,,,,,,,,,,,,,,,,,,,,,,,,,,0.0,,,,,,,,,,,,,,,,,,,,,,,,,,,,,,,,,,,,,,,,,,,,,,,,,,,,,,,,,,,,,,,,,,,,,,1.0,,,,,,,,,,,,,,,,,,,,,,,,,,,,,,0.0,,,,,,,,,,,,,,,,,,,,,,,,,,,
4128,,,,,,,,,,,,,,,,,,,,,,,,,,,,,,,,,,,,,,,,,0.0,,,,,,,,,,,,,,,,,,,,,,,,,,,,,,,,,,,,,,,,,,,,,,,,,,,,,,,,,,,,,,,,,,,,,,,,,,,,,,,,,,,,,,,,,,,,,,,,,,,,,,,,,,,,,,,,,,,,,,,,,,,,,,,,,,,,,,,,,,,,,,,,,,,,,,,,,,,,
4172,,,,,,,,,,,,,,,,,,,,,,,,,,,,,,,,,,,,,,,,,1.0,,,,,,,,,,,,,,,,,,,,,,,,,,,,,,,,,,,,,,,,,,,,,,,,,,,,,,,,,,,,,,,,,,,,,,,,,,,,,,,,,,,,,,,,,,,,,,,,,,,,,,,,,,,,,,,,,,,,,,,,,,,,,,,,,,,,,,,,,,,,,,,,,,,,,,,,,,,,
4402,,,,,,,,,,,,,,,,,,,,,,,,,,,,,,,,,,,,,,,,,0.5,,,,,,,,,,,,,,,,,,,,,,,,,,,,,,,,,,,,,,,,,,,,,,,,,,,,,,,,,,,,,,,,,,,,,,,,,,,,,,,,,,,,,,,,,,,,,,,,,,,,,0.5,,,,,,,,,,,,,,,,,,,,,,,,,,,,,,0.5,,,,,,,,,,,,,,,,,,,,,,,,,
4127,,,,,,,,,,,,,,,,,,,,,,,,,,,,,,,,,,,,,,,,,,1.0,,,,,,,,,,,,,,,,,,,,,1.0,,,,,,,,,,,,,,,,,,,,,,,,,,,,,,,,,,,,,,,,,,,,,,,,,,,,,,,,,,,,,,,,,,,,,,,,,,,,,,,,,,,,,,,,,,,,,,,,,,,,,,,,,,,,,,,,,,,,,,,,,,,,,,,,,,,,,,
4211,,,,,,,,,,,,,,,,,,,,,,,,,,,,,,,,,,,,,,,,,,1.0,,,,,,,,,,,,,,,,,,,,,,,,,,,,,,,,,,,,,,,,,,,,,,,,,,,,,,,,,,,,,,,,,,,,,,,,,,,,,,,,,,,,,,,,,,,,,,,,,,,,,,,,,,,,,,,,,,,,,,,,,,,,,,,,,,,,,,,,,,,,,,,,,,,,,,,,,,,
4260,,,,,,,,,,,,,,,,,,,,,,,,,,,,,,,,,,,,,,,,,,0.5,,,,,,,,,,,,,,,,,,,,,,,,,,,,,,,0.5,,,,,,,,,,,,,,,,,,,,,,,,,,,,,,,,,,,,,,,,,,,,,,,,,,,,,,,,,,,,,,,,,,,,,,,0.5,,,,,,,,,,,,,,,,,1.0,,,,,,,,,,1.0,,,0.0,,,,,,,,,,,,,,,,,,,,,,,
331,,,,,,,,,,,,,,,,,,,,,,,,,,,,,,,,,,,,,,,,,,,1.0,,,,,,,,,,,,,,,,,,,,,,,,,,,,,,,,,,,,,,,,,,,,,,,,,,,,,,,,,,,,,,,,,,,,,,,,,,,,,,,,,,,,,,,,,,,,,,,,,,,,,,,,,,,,,,,,,,,,,,,,,,,,,,,,,,,,,,,,,,,,,,,,,,,,,,,,,,
2105,,,,,,,,,,,,,,,,,,,,,,,,,,,,,,,,,,,,,,,,,,,,1.0,,,,,,,,,,,,,,,,,,,,,,,,,,,,,,,,,,,,,,,,,,,,,,,,,,,,,,,,,,,,,,,,,,,,,,,,,,,,,,,,,,,,,,,,,,,,,,,,,,,,,,,,,,,,,,,,,,,,,,,,,,,,,,,,,,,,,,,,,,,,,,,,,,,,,,,,,
2396,,,,,,,,,,,,,,,,,,,,,,,,,,,,,,,,,,,,,,,,,,,,0.0,,,,,,,,,,,,,,,,,,,,,,,,,,,,,,,,,,,,,,,,,,,,,,,,,,,,,,,,,,,,,1.0,,,,,,,,,,,,,,,,,,,,,,,,,,,,,,,,,,,,,,,,,,,,,,,,,,,,,,,,,,,,,,,,,,,,,,,,,,,,,,,,,,,,,,,,,,,,
3394,,,,,,,,,,,,,,,,,,,,,,,,,,,,,,,,,,,,,,,,,,,,0.0,,,,,,,,,,,,,,,,,,,,,,,,,,,,,,,,,,,,,,,,,,,,,,,0.5,,,,,,,,,,,,,,,,,,,,,,,,,,,,,,,,,0.5,,,,,,,,,,1.0,,,,,,,,,,,,,,,,,,,,,,,,,,0.5,,,,,,,,,,,,,,,,,,,,,,,,,,,,,,,,,,,,,
3558,,,,,,,,,,,,,,,,,,,,,,,,,,,,,,,,,,,,,,,,,,,,0.5,,,,,,,,,,,,,,,,,,,,,,,,,,,,,,,,,,,,,,,,,,,,,,,,,,,,,,,,,,,,,,,,,,,,,,,,,,,,,,,,,,,,,,,,,,,,,,,,,,,,,,,,,,,,,,,,,,,,,,,,,,,,,,,,,,,,,,,,,,,,,,,,,,,,,,,,,
3809,,,,,,,,,,,,,,,,,,,,,,,,,,,,,,,,,,,,,,,,,,,,0.0,,,,,,,,,,,,,,,,,,,,,,,,,,,,,,,,,,,,,,,,,,,,,,,,,,,,,,,,,,,,,,,,,,0.0,,,,,,,,,,,,,,,,,,,,,,,,,,,,,,,,,,,,,,,,,,,,,,,,,,,,,,,,,,,,,,,,,,,,,,,,,,,,,,,,,,,,,,,
3971,,,,,,,,,,,,,,,,,,,,,,,,,,,,,,,,,,,,,,,,,,,,0.5,,,,,,,,,,,,,,,,,,,,,1.0,,,,,,,,,,,,,,,,,,,,,,,,,,,,,,,,1.0,,,,,,,,,,,,,,,,,,,,,,,,,,,,,,,,,,,,,,,,,,,,,,,,,,,,,,1.0,,,,,,,,,,,0.5,,,,,,,,,,,,,,,,,,,,,,,,,,,,,,,,,,,
4183,,,,,,,,,,,,,,,,,,,,,,,,,,,,,,,,,,,,,,,,,,,,1.0,,,,,,,,,,1.0,,,,,,,,,,,,,,,,,,,,,,,,,,,,,,,,,,,,,,,,,,,,,,,,,,,,,,,,,,,,,,,,,,,,,,,,,,,,,,,,,,,,,,,,,,,,,,,,,,,,,,,,,,1.0,,,,,,,,,,,,,,,,,,,,,,,,,,,,,,,,,,,,,
4373,,,,,,,,,,,,,,,,,,,,,,,,,,,,,,,,,,,,,,,,,,,,0.5,,,,,,,,,,,,,,,,,,,,,,,0.5,,,,,,,,,,,,,,,,,,,,,,,,,,,,,,,,,,,,,,,,,,,,,,,,,,,,,,,,,,,,,,,,,,,,,,,,,,,,,,,,,,,,,,,,,,,0.5,,,,,,,,,,,,,,,,,,,,,,,,,,,,,,,,,,,,,,,
4599,,,,,,,,,,,,,,,,,,,,,,,,,,,,,,,,,,,,,,,,,,,,0.0,,,,,,,,,,,,,,,,,,,,,1.0,,,,,,,,,,,,,,,,,,,,,,,,,,,,,,,,,,,,,,,,,,,,,0.0,,,,,,,,,,,,,,,,,,,,,,,,,,,,,,,,,,,,,,,,,,,,,,,,,,,,,,,,,,,,,,,,,,,,,,,,,,,,,,,,,,,,,,,
417,,,,,,,,,,,,,,,,,,,,,,,,,,,,,,,,,,,,,,,,,,,,,1.0,,,,,,,,,,,,,,,,,,,,,,,,,,,,,,,,,,,,,,,,,,,,,,,,,,,,,,,,,,,,,,,,,,,,,,,,,,,,,,,,,,,,,,,,,,,,,,,,,,,,,,,,,,,,,,,,,,,,,,,,,,,,,,,,,,,,,,,,,,,,,,,,,,,,,,,,
658,,,,,,,,,,,,,,,,,,,,,,,,,,,,,,,,,,,,,,,,,,,,,0.0,,,,,,,,,,,,,,,,,,,,,,,,,,,,,,,,,,,,,,,,,,,,,,,,,,,,,,,,,,,,,,,,,,,,,,,,,,,,,,,,,,,,,,,,,,,,,,,,,,,,,,,,,,,,,,,,,,,,,,,,,,,,,,,,,,,,,,,,,,,,,,,,,,,,,,,,
1712,,,,,,,,,,,,,,,,,,,,,,,,,,,,,,,,,,,,,,,,,,,,,0.0,,,,,,,,,,,,,,,,,,,,,,,,,,,,,,,,,,,,,,,,,,,,,,,,,,,,,,,,,,,,,,,,,,,,,,,,,,,,,,,,,,,,,,,,,,,,,,,,,,,,,,,,,,,,,,,,,,,,,,,,,,,,,,,,,,,,,,,,,,,,,,,,,,,,,,,,
2106,,,,,,,,,,,,,,,,,,,,,,,,,,,,,,,,,,,,,,,,,,,,,1.0,,,,,,,,,,,,,,,,,,,,,,,,,,,,,,,,,,,,,,,,,,,,,,,,,,,,,,,,,,,,,,,,,,,,,,,,,,,,,,,,,,,,,,,,,,,,,,,,,,,,,,,,,,,,,,,,,,,,,,,,,,,,,,,,,,,,,,,,,,,,,,,,,,,,,,,,
2893,,,,,,,,,,,,,,,,,,,,,,,,,,,,,,,,,,,,,,,,,,,,,1.0,,,,,,,,,,,,,,,,,,,,,,,,,,,,,,,,,,,,,,,,,,,,,,,,,,,,,,,,,,,,,,,,,,,,,,,,,,,,,,,,,,,,,,,,,,,,,,,,,,,,,,,,,,,,,,,,,,,,,,,,,,,,,,,,,,,,,,,,,,,,,,,,,,,,,,,,
4105,,,,,,,,,,,,,,,,,,,,,,,,,,,,,,,,,,,,,,,,,,,,,0.5,,,,,,,,,,,,,,,,,,,,,,,,,,,,,,,,,,,,,,,,,,,,,,,,,,,,,,,,,,,,,,,,,,,,,,,,,,,,,,,,,,,,,,,,,,,,,0.5,,,,,,,,,,,,,,,,,,,,,,,,,,,,,,,,,,,,,,,,,,,,,,,,,,,,,,,,,,,
4141,,,,,,,,,,,,,,,,,,,,,,,,,,,,,,,,,,,,,,,,,,,,,1.0,,,,,,,,,,,,,,,,,,,,,,,,,,,,,,,,,,,,,,,,,,,,,,,,,,,,,,,,,,,,,,,,,,,,,,,,,,,,,,,,,,,,,,,,,,,,,,,,,,,,,,,,,,,,,,,,,,,,,,,,,,,,,,,,,,,,,,,,,,,,,,,,,,,,,,,,
4370,,,,,,,,,,,,,,,,,,,,,,,,,,,,,,,,,,,,,,,,,,,,,1.0,,,,,,,,,,,,,,,,,,,,,,,,,,,,,,,,,,,,,,,,,,,,,,,,,,,,,,,,,,,,,,,,,,,,,,,,,,,,,,,,,,,,,,,,,,,,,,,,,,,,,,,,,,,,,,,,0.0,,,,,,0.5,,,,,,,,,,,,,,,,,,,,,,,,,,,,,,,,,,
4462,,,,,,,,,,,,,,,,,,,,,,,,,,,,,,,,,,,,,,,,,,,,,1.0,,,,,,,,,,,,,,,,,,,,,,,,,,,,,,,,,,,,,,,,,,,,,,,,,,,,,,,,,,,,,,,,,,,,,,,,,,,,,,,,,,,,,,,,,,,,,,,,,,,,,,,,,,,,,,,,,,,,,,,,,,,,,,,,,,,,,,,,,,,,,,,,,,,,,,,,
4536,,,,,,,,,,,,,,,,,,,,,,,,,,,,,,,,,,,,,,,,,,,,,0.5,,,,,,,,,,,,,,,,,,,,,,,,,,,,,,,,,,,,,,,,,,,,,,,,,,,,,,,,,,,,,,,,,,,,,,,,,,,,,,,,,,,,,,,,,,,,,,,,,,,,,,,,,,,,,,,,,,,,,,,,,,,,,,,,,,,,,,,,,,,,,,,,,,,,,,,,
4643,,,,,,,,,,,,,,,,,,,,,,,,,,,,,,,,,,,,,,,,,,,,,1.0,,,,,,,,,,,,,,,,,,,,,,,,,,,,,,,,,1.0,,,,,,,,,,1.0,,,,,,,,,,,,,,,,,,,,,,1.0,,,,,,,,,,,,,,,,,,,,,,,,,,,,,,,,,,,,,,,,,,,,,,,,,,,,,,,,,,,,,,,,,,,,,,,,,,,,,,,,,,,,,,,
371,,,,,,,,,,,,,,,,,,,,,,,,,,,,,,,,,,,,,,,,,,,,,,1.0,,,,,,,,,,,,,,,,,,,,,,,,,,,,,,,,,,,,,,,,,,,,,,,,,,,,,,,,,,,,,,,,,,,,,,,,,,,,,,,,,,,,,,,,,,,,,,,,,,,,,,,,,,,,,,,,,,,,,,,,,,,,,,,,,,,,,,,,,,,,,,,,,,,,,,,
1739,,,,,,,,,,,,,,,,,,,,,,,,,,,,,,,,,,,,,,,,,,,,,,,1.0,,,,,,,,,,,,,,,,,,,,,,,,,,,,,,,,,,,,,,1.0,,,,,,,,,,,,,,,,,,,,,,,,,,,,,,,,,,,1.0,,,,,,,,,,,,,,,,,,,,,,,,,,,,,,,,,,,,,,,,,,,,,,,,,,,,,,,,,,,,,,,,,,,,,,,,,,,,,
1784,,,,,,,,,,,,,,,,,,,,,,,,,,,,,,,,,,,,,,,,,,,,,,,1.0,,,,,,,,,,,,,,,,,,,,,,,,,,,,,,,,,,,,,,,,,,,,,,,,,,,,,,,,,,,,,,,,,,,,,,,,,,,,,,,,,,,,,,,,,,,,,,,,,,,,,,,,,,,,,,,,,,,,,,,,,,,,,,,,,,,,,,,,,,,,,,,,,,,,,,
2033,,,,,,,,,,,,,,,,,,,,,,,,,,,,,,,,,,,,,,,,,,,,,,,1.0,,,,,,,,,,,,,,,,,,,,,,,,,,,,,,,,,,,,,,,,,,,,,,,,,,,,,,,,,,,,,,,,,,,,,,,,,,,,,,,,,,,,,,,,,,,,,,,,,,,,,,,,,,,,,,,,,,,,,,,,,,,,,,,,,,,,,,,,,,,,,,,,,,,,,,
2297,,,,,,,,,,,,,,,,,,,,,,,,,,,,,,,,,,,,,,,,,,,,,,,1.0,,,,,,,,,,,,,,,,,,,,,,,,,,,,,,,,,,,,,,,,,,,,,,,,,,,,,,,,,,,,,,,,,,,,,,,,,,,,,,,,,,,,,,,,,,,,,,,,,,,,,,,,,,,,,,,,,,,,,,,,,,,,,,,,,,,,,,,,,,,,,,,,,,,,,,
2840,,,,,,,,,,,,,,,,,,,,,,,,,,,,,,,,,,,,,,,,,,,,,,,1.0,,,,,,,,,,,,,,,,,,,,,,,,,,,,,,,,,,,,,,,,,,,,,,,,,,,,,,,,,,,,,,,,,,,,,,,,,,,,,,,,,,,,,,,,,,,,,,,,,,,,,,,,,,,,,,,,,,,,,,,,,,,,,,,,,,,,,,,,,,,,,,,,,,,,,,
3392,,,,,,,,,,,,,,,,,,,,,,,,,,,,,,,,,,,,,,,,,,,,,,,1.0,,,,,0.5,,,,,,,,,,,,,,,,,,,,,,,,,,,,,,,,,,,,,,,,,,,,,,,,,,,,,,,1.0,,,,,,,,,,,,,,,,,,,,,,0.5,,,,,,,,,,,,,,,,,,,,,,,,,,,,,,,,,,,,,,,,,,,,,,,,,,,,,,,,,,,,,,,,,,,,
3698,,,,,,,,,,,,,,,,,,,,,,,,,,,,,,,,,,,,,,,,,,,,,,,1.0,,,,,,,,,,,,,,,,,,,,,,,,,,,,,,,,,,,,,,,,,,,,,,,,,,,,,,,,,,,,,,,,,,,,,,,,,,,,,,,,,,,,,,,,,,,,,,,,,,,,,,,,,,,,,,,,,,,,,,,,,,,,,,,,,,,,,,,,,,,,,,,,,,,,,,
3936,,,,,,,,,,,,,,,,,,,,,,,,,,,,,,,,,,,,,,,,,,,,,,,0.0,,,,,,,,,,,,,,,,,,,,,,,,,,,,,,,,,,,,,,,,,,,,,,,,,,,,,,,,,,,,,,,,,,,,,,,,,,,,,,,,1.0,,,,,,,,,,,,,,,,,,,,,,,,,,,,,,,,,,,,,,,,,,,,,,,,,,,,,,,,,,,,,,,,,,,,,,
4600,,,,,,,,,,,,,,,,,,,,,,,,,,,,,,,,,,,,,,,,,,,,,,,0.0,,0.0,,,,,,,,,,,,,,,,,,,,,,,,,,,,,,,,,,,,,,,,,,,,0.0,,1.0,,,,,,,,,,,,,,,,,,,,,,,,,0.5,,,,0.0,,,,,,,,,,,,,,,,,,,,0.0,,,,,,,,,,,,,,,,,,,,,,,,,,,,,,,,,,,,,,,,,,,,,,,,,,,,,
1044,,,,,,,,,,,,,,,,,,,,,,,,,,,,,,,,,,,,,,,,,,,,,,,,,0.0,,,,,,,,,,,,,,,,,,,,,,,,,,,,,,,,,,,,,,,,,,,,,,,,,,,,,,,,,,,,,,,,,,,,,,,,,,,,,,,,,,,,,,,,,,,,,,,,,,,,,,,,,,,,,,,,,,,,,,,,,,,,,,,,,,,,,,,,,,,,,,,,,,,,
4236,,,,,,,,,,,,,,,,,,,,,,,,,,,,,,,,,,,,,,,,,,,,,,,,,1.0,,,,,,,,,,,,,,,,,1.0,,,,,,,,,,,,,,,1.0,,,,,,,,,,,,,,,,,,,,,,,,,,,,,,,,,,,,,,,1.0,,,,,,,,,,,,,,,,1.0,,,,,,,,,,,,,,,,,,,,,,,,,,,,,,,,,,,,,,,,,,,,,,,,,,,,,,,,,,,,,
4357,,,,,,,,,,,,,,,,,,,,,,,,,,,,,,,,,,,,,,,,,,,,,,,,,0.5,,,,,,,,,,,,,,,,,,,,,,,,,,,,,,0.5,,,,,,,,,,,,,,,,,,,,,,,,,,,,,,,,,,,,,,,,,,,,,,,,,,,,,,,,,,,,,,,,,,,,,,,,,,,,,,,,,,,,,,,,,,,,,,,,,,,,,,,,,,,,,,,,,,,,,,
604,,,,,,,,,,,,,,,,,,,,,,,,,,,,,,,,,,,,,,,,,,,,,,,,,,,1.0,,,,,,,,,,,,,,,,,,,,,,,,,,,,,,,,,,,,,,,,,,,,,,,,,,,,,,,,,,,,,,,,,,,,,,,,,,,,,,,,,,,,,,,,,,,,,,,,,,,,,,,,,,,,,,,,,,,,,,,,,,,,,,,,,,,,,,,,,,,,,,,,,,
4018,,,,,,,,,,,,,,,,,,,,,,,,,,,,,,,,,,,,,,,,,,,,,,,,,,,0.5,,,,,,,,,,,,,,,,,,,,,,,,,,,,,,,,,,,,,,,,,,,,0.5,,,,,,,,,,,,,,,,,,,,,,,,,,,,,0.5,,,,,,,,,,,,,,,,,,,,,,,,,,,,,,,,,0.0,0.5,,,,,,,,,,,,,,0.0,,,,,,,,,,,,,,,,,,,,,,,,,
4129,,,,,,,,,,,,,,,,,,,,,,,,,,,,,,,,,,,,,,,,,,,,,,,,,,,1.0,,,,,,,,,,,,,,,,,,,,,,1.0,,,,,,,,,,,,,,,,,,,,,,,,,,,,,,,,,,,,,,,,,,,,,,,,,,,,,,,,,,,,,,,,,,,,,,,,,,,,,,,,,,,,,,,,,,,,,,,,,,,,,,,,,,,,,,,,,,,,,,,,,,,,
4154,,,,,,,,,,,,,,,,,,,,,,,,,,,,,,,,,,,,,,,,,,,,,,,,,,,0.0,,,,,,,,,,,,,,,,,,,,,,,,,,,,,,,,,,,,,,,,,,,,,,,,,,,,,,,,,,,,,,,,,,,,,,,,,,,,,,,,,,,,,,,,,,,,,,,,,,,,,,,,,,,,,,,,,,,,,,,,,,,,,,,,,,,,,,,,,,,,,,,,,,
4192,,,,,,,,,,,,,,,,,,,,,,,,,,,,,,,,,,,,,,,,,,,,,,,,,,,0.0,,,,,,,,,,,,,,,,,,,,,,,,,,,,,,,,,,,,,,,,,,,,,,,,,,,,,,1.0,,,,,,,,,,,,,,,,,,,,,,,,,,,,,,,,,,,,,,,,,,,,,,,,,,,,,,,,,,,,,,,,,,,,,,,,,,,,,,,,,,,,,,,,,,,,
4229,,,,,,,,,,,,,,,,,,,,,,,,,,,,,,,,,,,,,,,,,,,,,,,,,,,1.0,,,,,,,,,,,,,,,,,,,,,,,,,,,,,,,,,,,,,,,,,,,,,,,,,,,,,,,,,,,,,,,,,,,,,,,,,,,,,,,,,,,,,,,,,,,,,,,,,,,,,,,,,,,,,,,,,,,,,,,,,,,,,,,,,,,,,,,,,,,,,,,,,,
4294,,,,,,,,,,,,,,,,,,,,,,,,,,,,,,,,,,,,,,,,,,,,,,,,,,,1.0,,,,,,,,,,,,,,,,,,,,,,,,,,,,,,,,,,,,,,,,,,,,,,,,,,,,,,,,,,,,,,,,,,,,,,,,,,,,,,,,,,,,,,,,,,,,,,,,,,,,,,,,,,,,,,,,,,,,,,,,,,,,,,,,,,,,,,,,,,,,,,,,,,
4435,,,,,,,,,,,,,,,,,,,,,,,,,,,,,,,,,,,,,,,,,,,,,,,,,,,1.0,,,,,,,,,,,,,,,,,,,,,,,,,,,,,,,,,,,,,,,,,,,,,,,,,,,,,,,,,,,,,,,,,,,,,,,,,,,,,,,,,,,,,,,,,,,,,,,,,,,,,,,,,,,,,,,,,,,,,,,,,,,,,,,,,,,,,,,,,,,,,,,,,,
4460,,,,,,,,,,,,,,,,,,,,,,,,,,,,,,,,,,,,,,,,,,,,,,,,,,,1.0,,,,,,,,,,,,,,,,,,,,,,,,,,,,,,,,,,,,,,,,,,,,,,,,,,,,,,,,,,,,,,,,,,,,,,,,,,,,,,,,,,,,,,,,,,,,,,,,,,,,,,,,,,,,,,,,,,,,,,,,,,,,,,,,,,,,,,,,,,,,,,,,,,
540,,,,,,,,,,,,,,,,,,,,,,,,,,,,,,,,,,,,,,,,,,,,,,,,,,,,0.5,,,,,,,,,,,,,,,,,,,,,,,,,,,,,0.0,,,,,,,,,,,,,,,,,,,,,,,,,,,,,,,,,,,,,,,1.0,,,,,,,,,,,,,,,,,,,,,,,,,,,,,,,,,,,,,,,,,,,,,,,,,,,,,,,,,,,,,,,,,,,,,,,,,,,,,
2611,,,,,,,,,,,,,,,,,,,,,,,,,,,,,,,,,,,,,,,,,,,,,,,,,,,,1.0,,,,1.0,,,,,,,,,,,,,,,,,,,,,,,,,,,,,1.0,,,0.5,,,,,,,,,,,,,,,,,,,,,,,,,,,,,,,,,,,,,,,,,,,,,,,,0.5,,,,,,,,,,,,,,,,,,,,,,,,,,,,,,,,,,,,,,,,,,,,,,,,,,,,,,,,,,,,,
3724,,,,,,,,,,,,,,,,,,,,,,,,,,,,,,,,,,,,,,,,,,,,,,,,,,,,1.0,,,,,,,,,,1.0,,,,,,,,,,,,,,,,,1.0,,,,,,,,,,,,,,,,,,,,,,,,,,,,,,,,,,,,,,,,,,,,,,,,,,,,,,,1.0,,,,,,,,,,,,,,,,,,,,,,,1.0,,,,,,,,,,,,,,,,,,,,,,,,,,,,,,,,,,,,,,,,
4209,,,,,,,,,,,,,,,,,,,,,,,,,,,,,,,,,,,,,,,,,,,,,,,,,,,,1.0,,,,,,,,,,,,,,,,,,,,,,,,,,,,,,,,,,,,,,,,,,,,,,,,,,,,,,,,,,,,,,,,,,,,,,,,,,,,,,,,,,,,,,,,,,,,,,,,,,,,,,,,,,,,,,,,,,,,,,,,,,,,,,,,,,,,,,,,,,,,,,,,,
4271,,,,,,,,,,,,,,,,,,,,,,,,,,,,,,,,,,,,,,,,,,,,,,,,,,,,0.5,,,,,,,,,,,,,,,,,,,,,,,,,,,,,,,,,,,,,,,,,1.0,,,,,,,,,,,,,,,,,,,,,,,,,,,,,,,,,,,,,,,,,,,,,,,,,,,,,,,,,,,0.5,,,,,,,,,,,,,,,,,,,,,,,0.5,,,,,,,,,,,,,,,,,,,,,,
4372,,,,,,,,,,,,,,,,,,,,,,,,,,,,,,,,,,,,,,,,,,,,,,,,,,,,0.5,,,,,,,,,,,,,,,,,,,,,,,,,,,,,,,,,,,,0.5,,,,,,,,,,,,,,,,,,,,,,,,,,,,,,,,,,,1.0,,,,,,,,,,,,,,,,,,,,,0.5,,,,,,,,,,,,,,,,,,,,,,,,,,,,,,,,,,,,,,,,,,,,,,,,,,,,,
4418,,,,,,,,,,,,,,,,,,,,,,,,,,,,,,,,,,,,,,,,,,,,,,,,,,,,0.5,,,,,,,,,,,,,,,,1.0,,,,,,,,,,,,,,,,,,,,,,,,,,,,,,,,,,,,,0.5,,,,,,,,,,,,,,,,,,,,,,,,,,,,,,,,,,,,,,,,,,,,,,,,,,,,,,,,,,,,,,,,,,,,,,,,,,,,,,,,,,,,,,,,,,,,
4568,,,,,,,,,,,,,,,,,,,,,,,,,,,,,,,,,,,,,,,,,,,,,,,,,,,,1.0,,,,,,,,,,,,,,,,,,,,,,,,,,,,,,,,,,,,,,,,,,,,,,,,,,,,,,,,,,,,,,,,,,,,,,,,,,,,,,,,,,,,,,,,,,,,,,,,,,,,,,,,,,,,,,,,,,,,,,,,,,,,,,,,,,,,,,,,,,,,,,,,,
1351,,,,,,,,,,,,,,,,,,,,,,,,,,,,,,,,,,,,,,,,,,,,,,,,,,,,,,1.0,,,,,,,,,,,,,,,,,,,,,,,,,,,,,,,,,,,,,,,,,,,,,,,,,,,,,,,,,,,,,,,,,,,,,,,,,,,,,,,,,,,,,,,,,,,,,,,,,,,,,,,,,,,,,,,,,,,,,,,,,,,,,,,,,,,,,,,,,,,,,,,
1989,,,,,,,,,,,,,,,,,,,,,,,,,,,,,,,,,,,,,,,,,,,,,,,,,,,,,,1.0,,,,,,,,,,,,,,,,,,,,,,,,,,,,,,,,,,,,,,,,,,,,,,,,,,,,,,,,,,,,,,,,,,,,,,,,,,,,,,,,,,,,,,,,,,,,,,,,,,,,,,,,,,,,,,,,,,,,,,,,,,,,,,,,,,,,,,,,,,,,,,,
2269,,,,,,,,,,,,,,,,,,,,,,,,,,,,,,,,,,,,,,,,,,,,,,,,,,,,,,1.0,,,,,,,,,,,,,,,,,,,,,,,,,,,,,,,,,,,,,,,,,,,,,,,,,,,,,,,,,,,,,,,,,,,,,,,,,,,,,,,,,,,,,,,,,,,,,,,,,,,,,,,,,,,,,,,,,,,,,,,,,,,,,,,,,,,,,,,,,,,,,,,
2302,,,,,,,,,,,,,,,,,,,,,,,,,,,,,,,,,,,,,,,,,,,,,,,,,,,,,,0.5,,,,,,,,,,,,,,,,,,,,,,,,,,,,,,,,,,,,,,,,,,,,,,,,,,,,,,,,,,,,,,,,,,,,,,,,,,,,,,,,,,,,,,,,,,,,,,,,,,,,,,,,,,,,,,,,,,,,,,,,,,,,,,,,,,,,,,,,,,,,,,,
2962,,,,,,,,,,,,,,,,,,,,,,,,,,,,,,,,,,,,,,,,,,,,,,,,,,,,,,1.0,,,,,,,,,,,,,,,,,,,,,,,,,,,,,,,,,,,,,,,,,,,,,,,,,,,,,,,,,,,,,,,,,,,,,,,,,,,,,,,,,,,,,,,,,,,,,,,,,,,,,,,,,,,,,,,,,,,,,,,,,,,,,,,,,,,,,,,,,,,,,,,
3259,,,,,,,,,,,,,,,,,,,,,,,,,,,,,,,,,,,,,,,,,,,,,,,,,,,,,,1.0,,,,,,,,,,,,,,,,,,,,,,,,,,,,,,,,,,,,,,,,,,,,,,,,,,,,,,,,,,,,,,,,,,,,,,,,,,,,,,,,,,,,,,,,,,,,,,,,,,,,,,,,,,,,,,,,,,,,,,,,,,,,,,,,,,,,,,,,,,,,,,,
3344,,,,,,,,,,,,,,,,,,,,,,,,,,,,,,,,,,,,,,,,,,,,,,,,,,,,,,0.5,,,,,,,,,,,,,,,,,,,,,,,,,,,,,,,,,,,,,,,,,,,,,,,,,,,,,,,,,,,,,,,,,,,,,,,,,,,,,,,,,,,,,,,,,,,,,,,,,,,,,,,,,,,,,,,,,,,,,,,,,,,,,,,,,,,,,,,,,,,,,,,
3490,,,,,,,,,,,,,,,,,,,,,,,,,,,,,,,,,,,,,,,,,,,,,,,,,,,,,,1.0,,,,,,1.0,,,,,,,,,,,,0.5,,,,,,,,,,,,,1.0,,,,,,,,,,,,,,,,,,,,,,0.5,,,,,,,,,,,,,,,1.0,,,,,,,,,,,,,,,,,,,,,,,,,,,,,,,,,0.5,,,,,,,,,,,,,,,,,,,,,,,,,,,,,,,,,,,,,,,,,,
4067,,,,,,,,,,,,,,,,,,,,,,,,,,,,,,,,,,,,,,,,,,,,,,,,,,,,,,1.0,,,,,,,,,,,,,,,,,,,1.0,,,,,,,,,,,,,,,,,,,,,,,,,,,,,,,,,,,,,,,,,,,,,,,,,,,,,,,,,,,,,,,,,,,,,,,,,,,,,,,,,,,,,,,,,,,,,,,,,,,,,,,,,,,,,,,,,,,,,,,,,,,,
4082,,,,,,,,,,,,,,,,,,,,,,,,,,,,,,,,,,,,,,,,,,,,,,,,,,,,,,0.0,,,,,,,,,,,,,,,,,,,,,,,,,,,,,,,,,,,,,,,,,,,,,,,,,,,,,,,,,,,,,,,,,,,,,,,,,,,,,,,,,,,,,,,,,,,,,,,,,,,,,,,,,,,,,,,,,,,,,,,,,,,,,,,,,,,,,,,,,,,,,,,
4148,,,,,,,,,,,,,,,,,,,,,,,,,,,,,,,,,,,,,,,,,,,,,,,,,,,,,,0.0,,,,,,,,,,,,,,,,,,,,,,,,,,,,,,,,,,,,,,,,,,,,,,,,,,,,,,,,,,,,,,,,,,,,,,,,,,,,,,,,,,,,,,,,,,,,,,,,,,,,,,,,,,,,,,,,,,,,,,,,,,,,,,,,,,,,,,,,,,,,,,,
4287,,,,,,,,,,,,,,,,,,,,,,,,,,,,,,,,,,,,,,,,,,,,,,,,,,,,,,1.0,,,,,,,,,1.0,,,,,,,,,,,,,,,,,,,,,,,,,,,,1.0,,,,,,,,,,,,,,,,,,,,,,,,,,,,,,,,,,,,,,,,,,,,,,,,,,,,,,,,,,,,,,,,,,,,,,,,,,,,,,,,,,,,,,,,,,,,,,,,,,,,,,,,,,
4293,,,,,,,,,,,,,,,,,,,,,,,,,,,,,,,,,,,,,,,,,,,,,,,,,,,,,,0.0,,,,,,1.0,,,,,,,,,,,,,,,,,,,,,,,,,,,,0.0,,,,,,,,,,,,,,,,,,,,,,,,,,,,,,,,,,,,,,,,,,,,,,,,,,,,,,,,,,,,,,,,,,,,,,,,,,,,,,,,,,,,,,,,,,,,,,,,,,,,,,,,,,,,,
4667,,,,,,,,,,,,,,,,,,,,,,,,,,,,,,,,,,,,,,,,,,,,,,,,,,,,,,1.0,,,,,,,,,,0.0,,,,,,,,,,,,,,,,,,,,,,,,,,,,,,,,,,,,,,,,,,,,,,,,,,,,,,,,,,,,,,,,,,,,,,,,,,,,,,,,,,,,,,,,,,,,,,,,,,,,,,,,,,,,,,,,,,,,,,,,,,,,,,,,,,,,,
1561,,,,,,,,,,,,,,,,,,,,,,,,,,,,,,,,,,,,,,,,,,,,,,,,,,,,,,,,1.0,,,,,,,,,,,1.0,,,,,,,,,,,,,,1.0,,,,,,,,,,,,,,,,,,,,1.0,,,,,,,,,,,,,,,,,,,,,,,,,,,,,,,,,,,,,,,,,,,,,,,,,,,,,,,,,,,,,,,,,,,,,,,,,,,,,,,,,,,,,,,,,,,,,,,,
4102,,,,,,,,,,,,,,,,,,,,,,,,,,,,,,,,,,,,,,,,,,,,,,,,,,,,,,,,1.0,,,,,,,,,,,,,,,,,,,,,,,,,,,,,,,,,,,,,,,,,,,,,,,,,,,,,,,,,,,,,,,,,,,,,,,,,,,,,,,,,,,,,,,,,,,,,,,,,,,,,,,,,,,,,,,,,,,,,,,,,,,,,,,,,,,,,,,,,,,,,
4159,,,,,,,,,,,,,,,,,,,,,,,,,,,,,,,,,,,,,,,,,,,,,,,,,,,,,,,,1.0,,,,,,,,,1.0,,,,,,,,,,,,,,,,,,,,,,,,,,,,,,,,,,,,,,,,,,,,,,,,,,,,,,,,,,,,,,,,,,,,,,,,,,,,,,,,,,,,,,,,,,,,,,,,,,,,,,,,,,,,,,,,,,,,,,,,,,,,,,,,,,,,
4242,,,,,,,,,,,,,,,,,,,,,,,,,,,,,,,,,,,,,,,,,,,,,,,,,,,,,,,,1.0,,,,,,,,,,,,,,,,,,,,,,,,,,,,,,,,,,,,,,,,,,,,,,,,,,,,,,,,,,,,,,,,,,,,,,,,,,,,,,,,,,,,,,,,,,,,,,,,,,,,,,,,,,,,,,,,,,,,,,,,,,,,,,,,,,,,,,,,,,,,,
4323,,,,,,,,,,,,,,,,,,,,,,,,,,,,,,,,,,,,,,,,,,,,,,,,,,,,,,,,1.0,,,,,,,,,,,,,,,,,,,,,,,,,,,,,,,,,,,,,,,,,,,,,,,,,,,,,,,,,,,,,,,,,,,,,,,,,,,,,,,,,,,,,,,,,,,,,,,,,,,,,,,,,,,,,,,,,,,,,,,,,,,,,,,,,,,,,,,,,,,,,
4508,,,,,,,,,,,,,,,,,,,,,,,,,,,,,,,,,,,,,,,,,,,,,,,,,,,,,,,,0.5,,,,,,,,,,,0.5,,0.5,,,,,,,,,,,,,,,,,,,,,,,,,,,,,,,,,,,,,,,,,,,,,,,,,,,,,,,,,,,,,,,,,,,,,,,,,,,,,,,,,,,,,,,,,,,,,,,,,,,,,,,,,,,,,,,,,,,,,,,,,,,,,,,,
4564,,,,,,,,,,,,,,,,,,,,,,,,,,,,,,,,,,,,,,,,,,,,,,,,,,,,,,,,1.0,,,,1.0,,,,1.0,,,,,,,,1.0,,,,,,,,,,,,,,,,,,,,,,,,,,,,,,,,,,,,,,,,,,,,,,,,,1.0,,,,,,,,,,,,,,,,,,,,,,,,,,,,,,,,,,,,,,,,,,,,,,,,,,,,1.0,,,,,,,,,,,,,,,,,,,,,,,,
503,,,,,,,,,,,,,,,,,,,,,,,,,,,,,,,,,,,,,,,,,,,,,,,,,,,,,,,,,1.0,1.0,1.0,1.0,,,,,,,,,,,,,,,,,,,,,,,,,,,,,,,,,,,,,,,,,,,,,,,,,,,,,,,,,,,,,,,,,,,,,,,,,,,,,,,,,,,,,,,,,,,,,,,,,,,,,,,,,,,,,,,,,,,,,,,,,,,,,,,,,,,,,,,,,
813,,,,,,,,,,,,,,,,,,,,,,,,,,,,,,,,,,,,,,,,,,,,,,,,,,,,,,,,,,,,1.0,,,,,,,,,,,,,,,,,,,,,,,,,,,,,,,,,,,,,,,,,,,,,,,,,,,,,,,,,,,,,,,,,,,,,,,,,,,,,,,,,,,,,,,,,,,,,,,,,,,,,,,,,,,,,,,,,,,,,,,,,,,,,,,,,,,,,,,,,
1577,,,,,,,,,,,,,,,,,,,,,,,,,,,,,,,,,,,,,,,,,,,,,,,,,,,,,,,,,,,,1.0,,,,,,,,,,,,,,,,,,,,,,,,,,,,,,,,,,,,,,,,,,,,,,,,,,1.0,,,,,,,,,,,,,,,,,,,,,,,,,,,,,,,,,,,,,,,,,,,,,,,,,,,,,,,,,,,,,,,,,,,,,,,,,,,,,,,,,,,,,,,
3398,,,,,,,,,,,,,,,,,,,,,,,,,,,,,,,,,,,,,,,,,,,,,,,,,,,,,,,,,,,,1.0,,,,,,,,,,,,,,,,,,,,,,,,,,,,,,,,,,,,,,,,,,,,,,,,,,,,,,,,,,,,,,,,,,,,,,,,,,,,,,,,,,,,,,,,,,,,,,,,,,,,,,,,,,,,,,,,,,,,,,,,,,,,,,,,,,,,,,,,,
3448,,,,,,,,,,,,,,,,,,,,,,,,,,,,,,,,,,,,,,,,,,,,,,,,,,,,,,,,,,,,1.0,,,,,,,,,,,,,,,,,,,,,,,,,,,,,,,,,,,,,1.0,,,,,,,,,,,,,,,,,,,,,,,,,,,,,,,,,,,,,,,,,,,,,,,,,,,,,,,,,,,,,,,,,,,,,,,,,,,,,,,,,,,,,,,,,,,,,,,,,,,,
4284,,,,,,,,,,,,,,,,,,,,,,,,,,,,,,,,,,,,,,,,,,,,,,,,,,,,,,,,,,,,1.0,,,1.0,,,,,,,,,,,,,,,,,,,,,,,,,,,,,,,,,,,,,,,,,,,,,,,,,,,,,,,,,,1.0,,,,,,,,,,,,,,,,,,,,,,,,,,,,,,,,,,,,,,,,,,,,,,,,,,,,,,,,,,,,,,,,,,,,,,,,,,,,
4419,,,,,,,,,,,,,,,,,,,,,,,,,,,,,,,,,,,,,,,,,,,,,,,,,,,,,,,,,,,,1.0,,,,,,,,,,,,,,,,,,,,,,,,,,,,,,,,,,,,,,,,,,,,,,,,,,,,,,,,,,,,,,,,,,,,,,,,,,,,,,,,,,,,,,,,,,,,,,,,,,,,,,,,,,,,,,,,,,,,,,,,,,,,,,,,,,,,,,,,,
505,,,,,,,,,,,,,,,,,,,,,,,,,,,,,,,,,,,,,,,,,,,,,,,,,,,,,,,,,,,,,1.0,1.0,1.0,,,,,,,,,,,,,,,,,,,,,,,,,,,,,,,,,,,,,,,,,,,,,,,,,,,,,,,,,,,,,,,,,,,,,,,,,,,,,,,,,,,,,,,,,,,,,,,,,,,,,,,,,,,,,,,,,,,,,,,,,,,,,,,,,,,,,,
1134,,,,,,,,,,,,,,,,,,,,,,,,,,,,,,,,,,,,,,,,,,,,,,,,,,,,,,,,,,,,,,1.0,,,,1.0,,,,,,,,,,,,,,,,,,,,,,,,,,,,,,,,,,,,,,,,,,,,,,,,,,,,,,,,,,,,,,,,,,,,,,,,,,,,,,,,,,,,,,,,,,,,,,,,,,,,,,,,,,,,,,,,,,,,,,,,,,,,,,,,,,,
1630,,,,,,,,,,,,,,,,,,,,,,,,,,,,,,,,,,,,,,,,,,,,,,,,,,,,,,,,,,,,,,0.5,,,1.0,,,,,,,,,,,,,,,,,,,,,,,,,,,,,,,,,,,,,,,,,,,,,,,,,,,,,,,,,,,,,,,,,,,,,,,,,,,,,,,,,,,,,,,,,,,,,,,,,,,,,,,,,,,,,,,,,,,,,,,,,,,,,,,,,,,,
2015,,,,,,,,,,,,,,,,,,,,,,,,,,,,,,,,,,,,,,,,,,,,,,,,,,,,,,,,,,,,,,1.0,,,,,,,,,,,,,,,,,,,,,,,1.0,,,,,,,,,,,,,,,,,,,,,,,,,,,,,,,,,,,,,,,,,,,,,,,,,,,,,,,,,,,,,,,,,,,,,,,,,,,,,,,,,,,,,,,,,,,,,,,,,,,,,,,,,,,,,,,,
2433,,,,,,,,,,,,,,,,,,,,,,,,,,,,,,,,,,,,,,,,,,,,,,,,,,,,,,,,,,,,,,1.0,,,,,,,,,,,,,,,,,,,,,,,,,,,,,,,,,,,,,,,,,,,,,,,,,,,,,,,,,,,,,,,,,,,,,,,,,,,,,,,,,,,,,,,,,,,,,,,,,,,,,,,,,,,,,,,,,,,,,,,,,,,,,,,,,,,,,,,
3580,,,,,,,,,,,,,,,,,,,,,,,,,,,,,,,,,,,,,,,,,,,,,,,,,,,,,,,,,,,,,,1.0,,,,,,,,,,,,,,,,,,,,,,,,,,,,,,,,,,,,,,,,,,,,,,,,,,,,,,,,,,,,,,,,,,,,,,,,,,,,,,,,,,,,,,,,,,,,,,,,,,,0.5,,,,,,,,,,,,,,,,,,,,,,,,,,,,,,,,,,,,
4276,,,,,,,,,,,,,,,,,,,,,,,,,,,,,,,,,,,,,,,,,,,,,,,,,,,,,,,,,,,,,,0.0,,,,,,,,,,,,,,,,,,,,,,,,,,,,,,,,,,,,,,,,,,,,,,,,,,,,,,,,,,,,,,,,,,,,,,,,,,,,,,,,,,,,,,,,,,,,,,,,,,,,,,,,,,,,,,,,,,,,,,,,,,,,,,,,,,,,,,,
4298,,,,,,,,,,,,,,,,,,,,,,,,,,,,,,,,,,,,,,,,,,,,,,,,,,,,,,,,,,,,,,1.0,,,,,,,,,,,,,,,,,1.0,,0.5,,,,,,,,,,,,,,,,,,,,,,,,,,,,,,,,,,,,,,,,,,,,,,,,,,,,,,,,,,,,,,,,,,,,,,,,,,,,,,,,,1.0,,,,,,,,,,,,,,,,,,,,,,,,,,,,,,,,,,,
4425,,,,,,,,,,,,,,,,,,,,,,,,,,,,,,,,,,,,,,,,,,,,,,,,,,,,,,,,,,,,,,1.0,,,,,,,,,,,,,,,,,,,,,,,,,,,,,,,,,,,,,,,,,,,,,,,,,,,,,,,,,,,,,,,,,,,,,,,,,,,,,,,,,,,,,,,,,,,,,,,,,,,,,,,,,,,,,,,,,,,,,,,,,,,,,,,,,,,,,,,
4479,,,,,,,,,,,,,,,,,,,,,,,,,,,,,,,,,,,,,,,,,,,,,,,,,,,,,,,,,,,,,,1.0,,,,,,,,,,,,,,,,,,,,,,,,,,,,,,,,,,,,,,,,,,,,,,,,,,,,,,,,,,,,,,,,,,,,,,,,,,,,,,,,,,,,,,,,,,,,,,,,,,,,,,,,,,,,,,,,,,,,,,,,,,,,,,,,,,,,,,,
4565,,,,,,,,,,,,,,,,,,,,,,,,,,,,,,,,,,,,,,,,,,,,,,,,,,,,,,,,,,,,,,0.5,,,,,,,,,,,,,,,,,,,,,,,,,,,,,,,,,,,,,,,,,,,,,,,,,,,,,,,,,,,,,,,,,,,,,,,,,,,,,,,,,,,,,,,,,,,,,,,,,,,,,,,,,,,,,,,,,,,,,,,,,,,,,,,,,,,,,,,
4583,,,,,,,,,,,,,,,,,,,,,,,,,,,,,,,,,,,,,,,,,,,,,,,,,,,,,,,,,,,,,,1.0,,,,,,1.0,,,,,,,,,,,,,,,,,,,,,,,1.0,,,,,,,,,,,,,,,,,,,,,,,,,,,,,,,,,,,,,,,,,,,,,1.0,,,,,,,,,,,,,,,,,,,,,,,,,,,,,,,,,,,,,,,,,,,,,,,,,,,,,,,,,,,,,
2244,,,,,,,,,,,,,,,,,,,,,,,,,,,,,,,,,,,,,,,,,,,,,,,,,,,,,,,,,,,,,,,0.0,,,,,,,,,,,,,,,,,,,,,,,,,,,,,,,,,,,,,,,,,,,,,,,,,,,,,,,,,,,,,,,,,,,,,,,,,,,,,1.0,,,,,,,,,,,,,,,,,,,,,,,,,,,,,,,,,,,,,,,,,,,,,,,,,,,,,,,,,
4291,,,,,,,,,,,,,,,,,,,,,,,,,,,,,,,,,,,,,,,,,,,,,,,,,,,,,,,,,,,,,,,0.5,,,,,,,,,,,,,,,,,,,,,,,,,,,,,,,,,,,,,,,,,,,,,,,,,,,,,,,,,,,,,,,,,,,,,,,,,,,,,,,,,,,,,,,,,,,,,,,,,,,,,,0.5,,,,,,,,,,,,,,,,,,,,,,,,,,,,,,,,
4391,,,,,,,,,,,,,,,,,,,,,,,,,,,,,,,,,,,,,,,,,,,,,,,,,,,,,,,,,,,,,,,1.0,,,,,,,,,,,,,,,,,,,,,,,,,,,,,,,,,,,,,,,,,,,,,,,,,,,,,,,,,,,,,,,,,,,,,,,,,,,,,,,,,,,,,,,,,,,,,,,,,,,,,,0.0,,,,,,,,,,,,,,,,,,,,,,,,,,,,,,,,
2571,,,,,,,,,,,,,,,,,,,,,,,,,,,,,,,,,,,,,,,,,,,,,,,,,,,,,,,,,,,,,,,,1.0,,,,,,,,,,,,,,,,,,,,,,,,,,,,,,,,,,,,,,,,,,,,,,,,,,,,,,,,,,,,,,,,,,,,,,,,,,,,,,,,,,,,,,,,,,,,,,,,,,,,,,,,,,,,,,,,,,,,,,,,,,,,,,,,,,,,,
3320,,,,,,,,,,,,,,,,,,,,,,,,,,,,,,,,,,,,,,,,,,,,,,,,,,,,,,,,,,,,,,,,1.0,,,,,,,,,,,,,,,,,,,,,,,,,,,,,,,,,,,,,,,,,,,,,,,,,,,,,,,,,,,,,,,,,,,,,,,,,,,,,,,,,,,,,,,,,,,,,,,,,,,,,,,,,,,,,,,,,,,,,,,,,,,,,,,,,,,,,
4351,,,,,,,,,,,,,,,,,,,,,,,,,,,,,,,,,,,,,,,,,,,,,,,,,,,,,,,,,,,,,,,,1.0,,,,,,,,,,,,,,,,,,,,,,,,,,,,,,,,,,,,,,,,,,,,,,,,,,,,,,,,,,,,,,,,,,,,,,,,,,,,,,,,,,,,,,,,,,,,,,,,,,,,,,,,,,,,,,,,,,,,,,,,,,,,,,,,,,,,,
837,,,,,,,,,,,,,,,,,,,,,,,,,,,,,,,,,,,,,,,,,,,,,,,,,,,,,,,,,,,,,,,,,0.0,,,,,,,,,,,,,,,,,,,,,,,,,,,,,,,,,,,,,,,,,,,,,,,,,,,,,,,,,,,,,,,,,,,,,,,,,,,,,,,,,,,,,,,,,,,,,,,,,,,,,,,,,,,,,,,,,,,,,,,,,,,,,,,,,,,,
2598,,,,,,,,,,,,,,,,,,,,,,,,,,,,,,,,,,,,,,,,,,,,,,,,,,,,,,,,,,,,,,,,,1.0,,,,,,,,,,,,,,,,,,,,,,,,,,,,,,,,,,,,,,,,,,,,,,,,,,,,,,,,,,,,,,,,,,,,,,,,,,,1.0,,,,,,,,,,,,,,,,,,,,,,,,,,,,,,,,,,,,,,,,,,,,,,,,,,,,,,,,,
2925,,,,,,,,,,,,,,,,,,,,,,,,,,,,,,,,,,,,,,,,,,,,,,,,,,,,,,,,,,,,,,,,,1.0,,,,,,,,,,,,,,,,,,,,,,,,,,,,,,,,,,,,,,,,,,,,,,,,,,,,,,,,,,,,,,,,,,,,,,,,,,,,,,,,,,,,,,,,,,,,,,,,,,,,,,,,,,,,,,,,,,,,,,,,,,,,,,,,,,,,
4135,,,,,,,,,,,,,,,,,,,,,,,,,,,,,,,,,,,,,,,,,,,,,,,,,,,,,,,,,,,,,,,,,1.0,,,,,,,,,,,,,,,,0.5,,,,,,,,,,,,,,,,,,,,,,,,,,,,,,,,,,,,,,,1.0,,,,,,,1.0,,,,,,,,,,,,,,,,,,,,,,,,,,,1.0,1.0,,,,,,,,,,,,,,,,,,,,1.0,,,,,,,,,,,,,,,,,,,,,,
4368,,,,,,,,,,,,,,,,,,,,,,,,,,,,,,,,,,,,,,,,,,,,,,,,,,,,,,,,,,,,,,,,,1.0,,,,,,,,,,,,,,,,,,,,,,,,,,,,,,,,1.0,,,,,,,,,,,,,,,,,,,,,,,,,,,,,,,,,,,,,,,,,,,,,,,,,,,,,,,,,,,,,,,,,,,,,1.0,,,,,,,,,,,,,,,,,,,,,,,,,,,,,,,
4408,,,,,,,,,,,,,,,,,,,,,,,,,,,,,,,,,,,,,,,,,,,,,,,,,,,,,,,,,,,,,,,,,0.5,1.0,,,,,,,,,,,,,,,,,,,,,,,,,,,,,,,,,,,,,,,,,,,,,,,,,,,,,,,,,,,,,,,,,,,,,,,,,,,,,,,,,,,,,,,,,0.5,,,,,,0.5,,,,,,,,,,,,,,,,,,,,,,,,,,,,,,,,,,,,
4471,,,,,,,,,,,,,,,,,,,,,,,,,,,,,,,,,,,,,,,,,,,,,,,,,,,,,,,,,,,,,,,,,1.0,,,,,,,,,,,,,,,,,,,,,,,,,,,,,,,,,,,,,,,,,,,,,,,,,,,,,,,,,,,,,,,,,,,,,,,,,,,,,,,,,,,,,,,,,,,,,,,,,,,,,,,,,,,,,,,,,,,,,,,,,,,,,,,,,,,,
962,,,,,,,,,,,,,,,,,,,,,,,,,,,,,,,,,,,,,,,,,,,,,,,,,,,,,,,,,,,,,,,,,,1.0,,,,,,,,,,,,,,,,,,,,,,,,,,,,,,,,,,,,,,,,,,,,,,,,,,,,,,,,,,,,,,,,,,,,,,,,,,,,,,,,,,,,,,,,,,,,,,,,,,,,,,,,,,,,,,,,,,,,,,,,,,,,,,,,,,,
1686,,,,,,,,,,,,,,,,,,,,,,,,,,,,,,,,,,,,,,,,,,,,,,,,,,,,,,,,,,,,,,,,,,1.0,,,,,,,,,,,,,,,,,,,,,,,,,,,,,,,,,,,,,,,,,,,,,,,,,,,,,,,,,,,,,,,,,,,,,,,,,,,,,,,,,,,,,,,,,,,,,,,,,,,,,,,,,,,,,,,,,,,,,,,,,,,,,,,,,,,
4204,,,,,,,,,,,,,,,,,,,,,,,,,,,,,,,,,,,,,,,,,,,,,,,,,,,,,,,,,,,,,,,,,,1.0,,,,,,,,,,,,,,,,,,,,,,,,,,,,,,,,,,,,,,,,,,,,,,,,,,,,,,,,,,,,,,,,,,,,,,,,,,,,,,,,,,,,,,,,,,,,,,,,,,,,,,,,,,,,,,,,,,,,,,,,,,,,,,,,,,,
4237,,,,,,,,,,,,,,,,,,,,,,,,,,,,,,,,,,,,,,,,,,,,,,,,,,,,,,,,,,,,,,,,,,0.5,,,,,,,,,,,,,,,,,,,,,,,,,,,,,,,,,,,,,,,,,,,,,,,,,,,,,,,,,,,,,,,,,,,,,,,,,,,,,,,,,,,,,,,,,,,,,,,,,,,,,,,,,,,,,,,,,,,,,,,,,,,,,,,,,,,
531,,,,,,,,,,,,,,,,,,,,,,,,,,,,,,,,,,,,,,,,,,,,,,,,,,,,,,,,,,,,,,,,,,,1.0,1.0,,,,,,,,,,,,,,,,,,,,,,,,,,,,,,,,,,,,,,,,,,,,,,,,,,,,,,,,,,,,,,,,,,,,,,,,,,,,,,,,,,,,,,,,,,,,,,,,,,,,,,,,,,,,,,,,,,,,,,,,,,,,,,,,,
1911,,,,,,,,,,,,,,,,,,,,,,,,,,,,,,,,,,,,,,,,,,,,,,,,,,,,,,,,,,,,,,,,,,,1.0,,,,,,,,,,,,,,,,,,,,,,,,,,,,,,,,,,,,,,,,,,,,,,,,,,,,,,,,,,,,,,,,,,,,,,,,,,,,,,,,,,,,,,,,,,,,,,,,,,,,,,,,,,,,,,,,,,,,,,,,,,,,,,,,,,
3964,,,,,,,,,,,,,,,,,,,,,,,,,,,,,,,,,,,,,,,,,,,,,,,,,,,,,,,,,,,,,,,,,,,0.0,,,,,,,,,,,,,,,,,,,,,,,,,,,,,,,,,,,,,,,,,,,,,,,,,,,,,,,,,,,,,,,,,,,,,,,,,,,,,,,,,,,,,,,,,,,,,,,,,,,,,,,,,,,,,,,,,,,,,,,,,,,,,,,,,,
4063,,,,,,,,,,,,,,,,,,,,,,,,,,,,,,,,,,,,,,,,,,,,,,,,,,,,,,,,,,,,,,,,,,,0.5,,,,,,,,,,,,,,,,,,0.5,,,,,,,,,,,,,,,,,,,,,,,,,,,,,,,,,,,,,,,0.5,,,,,,,,,,,,,,,,,,,,,,,,,,,,,,,,,,,,,,,,,,,,,,,,,,,,,,,,,,,,,,,,,,,,,,,,,
4107,,,,,,,,,,,,,,,,,,,,,,,,,,,,,,,,,,,,,,,,,,,,,,,,,,,,,,,,,,,,,,,,,,,1.0,,,,,0.0,,,,,,,,,,,,,,,,,,,,,,,,,,,,,,,,,,,,,,1.0,,,,,,,,,,,,,,,,,,,,,,,,,,,,,,,,,,,,,,,,,,,,,,,,,,,,,,,,,,,,,,0.0,,,,,,,,,,,,,,,,,,,,,,,,,
4500,,,,,,,,,,,,,,,,,,,,,,,,,,,,,,,,,,,,,,,,,,,,,,,,,,,,,,,,,,,,,,,,,,,0.5,,,,,,,,,,,,,,,,,,,,,,,,,,,,,,,,,,,,,,,,,,,,,,,,,,,,,,,,,,,,,,,,,,,,,,,,,,,,,,,,,,,,,,,,,,,,,0.5,,,,,,,,,,,,,,,,,,,,,,,,,,,,,,,,,,,,,
4633,,,,,,,,,,,,,,,,,,,,,,,,,,,,,,,,,,,,,,,,,,,,,,,,,,,,,,,,,,,,,,,,,,,0.0,,,,,,,,,,,,,,,,,,0.0,,,,,,,,,,,,,,,,,,,,,,,,,,,,,,,,,,,,,,,,,,,,,,,,,,,,,,,,,,,,,,,,,,,,,,,,,,,,,,,,,,,,,,,,,,,,,,,,,,,,,,,,,,,,,,,,
585,,,,,,,,,,,,,,,,,,,,,,,,,,,,,,,,,,,,,,,,,,,,,,,,,,,,,,,,,,,,,,,,,,,,1.0,,,,,,,,,,,,,,,,,,,,,,,,,,,,,,,,,,,,,,,,,,,,,,,,,,,,,,,,,,,,,,,,,,,,,,,,,,,,,,,,,,,,,,,,,,,,,,,,,,,,,,,,,,,,,,,,,,,,,,,,,,,,,,,,,
1986,,,,,,,,,,,,,,,,,,,,,,,,,,,,,,,,,,,,,,,,,,,,,,,,,,,,,,,,,,,,,,,,,,,,1.0,,,,1.0,,,,,,,,,,,,,,,,,,,,,,,,,,,,,,,,,,,,,,,,,,,,,,,,,,,,,,,,,,,,,,,,,,,,,,,,,,,,,,,,,,,,,,,,,,,,,,,,,,,,,,,,,,,,,,,,,,,,,,,,,,,,,
2359,,,,,,,,,,,,,,,,,,,,,,,,,,,,,,,,,,,,,,,,,,,,,,,,,,,,,,,,,,,,,,,,,,,,1.0,,,,,,,,,,0.0,0.5,,,,,,,,,,,,,,,,,,,,,,,,,,,,,,,,,1.0,,,,,,,,,,,,,,,,,,,,,,,,,,,,,,,,,,,,,,,,,,,,,,,,,,,,,,,,,,,,,,,,,,,,,,,,,,,,,,,,,,,,,
2753,,,,,,,,,,,,,,,,,,,,,,,,,,,,,,,,,,,,,,,,,,,,,,,,,,,,,,,,,,,,,,,,,,,,1.0,,,,,,,,,,,,,,,,,,,,,,,,,,,,,,,,,,,,,,,,,,,,,,,,,,,,,,,,,,,,,,,,,,,,,,,,,,,,,,,,,,,,,,,,,,,,,,,,,,,,,,,,,,,,,,,,,,,,,,,,,,,,,,,,,
4132,,,,,,,,,,,,,,,,,,,,,,,,,,,,,,,,,,,,,,,,,,,,,,,,,,,,,,,,,,,,,,,,,,,,0.5,,,,,,,,,,,,,,,,,,,,,,,,,,,,,,,,,,,,,,,,,,,,,,,,,,,,,,,,,,,,,,,,,,,,,,,,,,,,,,,,,,,,,,,,,,,,,,,,,1.0,,,,,,,,,,,,,,,,,,,,,,,,,,,,,,,,
4190,,,,,,,,,,,,,,,,,,,,,,,,,,,,,,,,,,,,,,,,,,,,,,,,,,,,,,,,,,,,,,,,,,,,1.0,,,,,,,,,,,,,,,,,,,,,,,,,,,,,,,,,,,,,,,,,,,,,,,,,,,,,,,,,,,,,,,,,,,,,,,,,,,,,,,,,,,,,,,,,,,,,,,,,,,,,,,,,,,,,,,,,,,,,,,,,,,,,,,,,
4411,,,,,,,,,,,,,,,,,,,,,,,,,,,,,,,,,,,,,,,,,,,,,,,,,,,,,,,,,,,,,,,,,,,,0.5,,1.0,,,,,,,,,,,,,,,,,,,,,,,,,,,,,,,,,,,,,,,,,,,,,,,,,,,,0.0,,,,,,,,,,,,1.0,,,,,,,,,,,,,,,,,,,,,,,,,,,1.0,,0.5,,,,,,,,,,,,,,,,,,,,,,,,,,,,,,,,,,
2174,,,,,,,,,,,,,,,,,,,,,,,,,,,,,,,,,,,,,,,,,,,,,,,,,,,,,,,,,,,,,,,,,,,,,1.0,,,,,,,,,,,,,,,,1.0,,,,,,,,,,,,,,,,,,,,,,,,,1.0,,1.0,,,,,,,,,,,,,,,,,,,,,,,,,,1.0,,,,,,,,,,,,,,,,,,,,,,,,,,,,,,,,,,,,,,,,,,,,,,,,,,,,,,,,,,,
2177,,,,,,,,,,,,,,,,,,,,,,,,,,,,,,,,,,,,,,,,,,,,,,,,,,,,,,,,,,,,,,,,,,,,,1.0,,,,,,,,,,,,,,,,,,,,,,,,,,,,,,,,,,,,,,,,,,,,,,,,,,,,,,,,,,,,,,,,,,,,,,,,,,,,,,,,,,,,,,,,,,,,,,,,,,,,,,,,,,,,,,,,,,,,,,,,,,,,,,,,
2652,,,,,,,,,,,,,,,,,,,,,,,,,,,,,,,,,,,,,,,,,,,,,,,,,,,,,,,,,,,,,,,,,,,,,1.0,,,,,,,,,,,,,,,,,,,,,,,,,,,,,,,,,,,,,,,,,,,,,,,,,,,,,,,,,,,,,,,,,,,,,,,,,,,,,,,,,,,,,,,,,,,,,,,,,,,,,,,,,,,,,,,,,,,,,,,,,,,,,,,,
4062,,,,,,,,,,,,,,,,,,,,,,,,,,,,,,,,,,,,,,,,,,,,,,,,,,,,,,,,,,,,,,,,,,,,,1.0,,,,,,,,,,,,,,,,,,,,,,,,,,,,,,,,,,,,,,,,,,,,,,,,,,,,,,,,,,,,,,,,,,,,,,,,,,,,,,,,,,,,,,,,,,,,,,,,,,,,,,,,,,,,,,,,,,,,,,,,,,,,,,,,
4064,,,,,,,,,,,,,,,,,,,,,,,,,,,,,,,,,,,,,,,,,,,,,,,,,,,,,,,,,,,,,,,,,,,,,1.0,,,,,,,,,,,,,,,,,,,,,,,,,,,,,,,,,,,,,,,,,,,,,,,,,,,,,,,,,,,,,,,,,,,,,,,,,,,,,,,,,,,,,,,,,,,,,,,,,,,,,,,,,,,,,,,,,,,,,,,,,,,,,,,,
4244,,,,,,,,,,,,,,,,,,,,,,,,,,,,,,,,,,,,,,,,,,,,,,,,,,,,,,,,,,,,,,,,,,,,,1.0,,,,,,,,,,,,,,,,,,,,,,,,,,,,,,,,,,,,,,,,,,,,,,,,,,,,,,,,,,,,,,,,,,,,,,,,,,,,,,,,,,,,,,,,,,,,,,,,,,,,,,,,,,,,,,,,,,,,,,,,,,,,,,,,
4311,,,,,,,,,,,,,,,,,,,,,,,,,,,,,,,,,,,,,,,,,,,,,,,,,,,,,,,,,,,,,,,,,,,,,1.0,,,,,,,,,,,,,,,,1.0,,,,,,,,,,,,,,,,,,,,,,,,,,,,,,,,,,,,,,,,,,,,,,,,,,,,,,,,,,,,,,,,,,,,,,1.0,,,,,,,,,,,,,,,,,,,,,,,,,,,,,,,,,,,,,,,,,,
4648,,,,,,,,,,,,,,,,,,,,,,,,,,,,,,,,,,,,,,,,,,,,,,,,,,,,,,,,,,,,,,,,,,,,,1.0,,,,,,,,,,,,,,,,,,,,,,,,,,,,,,,,,,,,,,,,,,,,,,,,,,,,,,,,,,,,,,,,,,,,,,,,,,,,,,,,,,,,,,,,,,,,,,,,,,,,,,,,,,,,,,,,,,,,,,,,,,,,,,,,
955,,,,,,,,,,,,,,,,,,,,,,,,,,,,,,,,,,,,,,,,,,,,,,,,,,,,,,,,,,,,,,,,,,,,,,0.5,,,,,,,,,,,,,,,,,,,,,,,,,,,,,,,,,,,,,,,,,,,,,,,,,,,,,,,,,,,,,,,,,,,,,,,,,,,,,,,,,,,,,,,,,,,,,,,,,,,,,,,,,,,,,,,,,,,,,,,,,,,,,,,
3287,,,,,,,,,,,,,,,,,,,,,,,,,,,,,,,,,,,,,,,,,,,,,,,,,,,,,,,,,,,,,,,,,,,,,,0.5,,,,,,,,,,,,,,,,,,,,,,,,,,,,,,,,,,,,,,,,,,,,,,,,,,,,,,,,,,,,,,,,,,,,,,,,,,,,,,,,,,,,,,,,,,,,,,,,,,,,,,,,,,,,,,,,,,,,,,,,,,,,,,,
3521,,,,,,,,,,,,,,,,,,,,,,,,,,,,,,,,,,,,,,,,,,,,,,,,,,,,,,,,,,,,,,,,,,,,,,1.0,,,,,,,,,,,,,,,,,,,,,,,,,,,,,,,,,,,,,,,,,,,,,,,,,,,,,,,,,,,,,,,,,,,,,,,,,,,,,,,,,,,,,,,,,,,,,,,,,,,,,,,,,,,,,,,,,,,,,,,,,,,,,,,
1373,,,,,,,,,,,,,,,,,,,,,,,,,,,,,,,,,,,,,,,,,,,,,,,,,,,,,,,,,,,,,,,,,,,,,,,,1.0,,,,,,,,,,,,,,,,,,,,,,,,,,,,,,,,,,,,,,,,,,,,,,,,,,,,,,,,,,,,,,,,,,,,,,,,,,,,,,,,,,,,,,,,,,,,,,,,,,,,,,,,,,,,,,,,,,,,,,,,,,,,,
3118,,,,,,,,,,,,,,,,,,,,,,,,,,,,,,,,,,,,,,,,,,,,,,,,,,,,,,,,,,,,,,,,,,,,,,,,1.0,,,,,,,,,,,,,,,,,,,,,,,,,,,,,,,,,,,,,,,,,,,,,,,,,,,,,,,,,,,,,,,,,,,,,,,,,,,,,,,,,,,,,,,,,,,,,,,,,,,,,,,,,,,,,,,,,,,,,,,,,,,,,
4048,,,,,,,,,,,,,,,,,,,,,,,,,,,,,,,,,,,,,,,,,,,,,,,,,,,,,,,,,,,,,,,,,,,,,,,,1.0,,,,,,,,,,,,,,,,,,,,,,,,,,,,,,,,,,,,,,,,,,,,,,,,,,,,,,,,,,,,,,,,,,,,,,,,,,,,,,,,,,,,,,,,,,,,,,,,,,,,,,,,,,,,,,,,,,,,,,,,,,,,,
4362,,,,,,,,,,,,,,,,,,,,,,,,,,,,,,,,,,,,,,,,,,,,,,,,,,,,,,,,,,,,,,,,,,,,,,,,0.0,,,,,,,,,,,,,,,,,,,,,,,,,,,,,,,,,,,,,,,,,,,,,,,,,,,,,,,,,,,,,,,,,,,,,,,,,,,,,,,,,,,,,,,,,,,,,,,,,,,,,,,,,,,,,,,,,,,,,,,,,,,,,
1126,,,,,,,,,,,,,,,,,,,,,,,,,,,,,,,,,,,,,,,,,,,,,,,,,,,,,,,,,,,,,,,,,,,,,,,,,1.0,,,,,,,,,,,,,,,,,,,,,,,,,,,,1.0,,,,,,,,,,,,,,,,,,,,,,,,,,,,,,,,,,,,,,,,,,,,,,,,,,,,,,,,,,,,,,,,,,,,,,,,,,,,,,,,,,,,,,,,,,,,,,,,
1734,,,,,,,,,,,,,,,,,,,,,,,,,,,,,,,,,,,,,,,,,,,,,,,,,,,,,,,,,,,,,,,,,,,,,,,,,1.0,,,,,,,,,,,,,,,,,,,,,,,,,,,,,,,,,,,,,,,,,,,,,,,,,,,,,,,,,,,,,,,,,,,,,,,,,,,,,,,,,,,,,,,,,,,,,,,,,,,,,,,,,,,,,,,,,,,,,,,,,,,,
1906,,,,,,,,,,,,,,,,,,,,,,,,,,,,,,,,,,,,,,,,,,,,,,,,,,,,,,,,,,,,,,,,,,,,,,,,,1.0,,,,,,,,,,,,,,,1.0,,,,,,,1.0,,,,,,,,,,,,,,,,,,,,,,,,,,,,,,,,,,,,,,,,,,,,,,,,,,,,,,,,,,,,,,,,,,,,,,,,,,,,,,,,,,,,,,,,,,,,,,,,,,,,,,
4212,,,,,,,,,,,,,,,,,,,,,,,,,,,,,,,,,,,,,,,,,,,,,,,,,,,,,,,,,,,,,,,,,,,,,,,,,0.5,,,,,,,,,,,,,,,,,,,,,,,,,,,,,,,,,,,,,,,,,,,,,,,,,,,,,,,,,,,,,,,,,,,,,,,,,,,,,,,,,,,,,,,,,,,,,,,,,0.5,,,,,,,,,,,,,,,,,,,,,,,,,,,
4272,,,,,,,,,,,,,,,,,,,,,,,,,,,,,,,,,,,,,,,,,,,,,,,,,,,,,,,,,,,,,,,,,,,,,,,,,0.0,,,,,,,,,,,,,,,,,,,,,,,,,,,,,,,,,,,,,,,,,,,,,,,,,,,,,,,,,,,,,,,,,,,,,,,,,,,,,,,,,,,,,,,,,,,,,,,,,,,,,,,,,,,,,,,,,,,,,,,,,,,,
608,,,,,,,,,,,,,,,,,,,,,,,,,,,,,,,,,,,,,,,,,,,,,,,,,,,,,,,,,,,,,,,,,,,,,,,,,,,1.0,,,,,,,,,,,,,,,,,,,,,,,,,,,,,,,,,,,,,,,,,,,,,,,,,,,,,,,,,,,,,,,,,,,,,,,,,,,,,,,,,,,,,,,,,,,,,,,,,,,,,,,,,,,,,,,,,,,,,,,,,,
601,,,,,,,,,,,,,,,,,,,,,,,,,,,,,,,,,,,,,,,,,,,,,,,,,,,,,,,,,,,,,,,,,,,,,,,,,,,,,1.0,,,,,,,,,,,,,,,,,,,,,,,,,,,,,,,,,,,,,,,,,,,,,,,,,,,,,,,,,,,,,,,,,,,,,,,,,,,,,,,,,,,,,,,,,,,,,,,,,,,,,,,,,,,,,,,,,,,,,,,,
1396,,,,,,,,,,,,,,,,,,,,,,,,,,,,,,,,,,,,,,,,,,,,,,,,,,,,,,,,,,,,,,,,,,,,,,,,,,,,,,0.0,,,,,,,,,,,,,,,,,,,,,,,,,,,,,,,,,,,,,,,,,,,,,,,,,,,,,,,,,,,,,,,,,,,,,,,,,,,,,,,,,,,,,,,,,,,,,,,,,,,,,,,,,,,,,,,,,,,,,,,
3487,,,,,,,,,,,,,,,,,,,,,,,,,,,,,,,,,,,,,,,,,,,,,,,,,,,,,,,,,,,,,,,,,,,,,,,,,,,,,,1.0,,,,,,,,,,,,,,,,,,,,,,,,,,,,,,,,,,,,,,,,,,,,,,,,,,,,,,,,,,,,,,,,,,,,,,,,,,,,,,,,,,,,,,,,,,,,,,,,,,,,,,,,,,,,,,,,,,,,,,,
3874,,,,,,,,,,,,,,,,,,,,,,,,,,,,,,,,,,,,,,,,,,,,,,,,,,,,,,,,,,,,,,,,,,,,,,,,,,,,,,1.0,,,,,,,,,,,,,,,,,,,,,,,,,,,,,,,,,,,,,,,,,,,,,,,,,,,,,,,,,,,,,,,,,,,,,,,,,,,,,,,,,,,,,,,,,,,,,,,,,,,,,,,,,,,,,,,,,,,,,,,
4269,,,,,,,,,,,,,,,,,,,,,,,,,,,,,,,,,,,,,,,,,,,,,,,,,,,,,,,,,,,,,,,,,,,,,,,,,,,,,,1.0,,,,,,,,,,,,,,,,,1.0,,,,,,,,,,,,,,,,,,,,,,,,,,,,,,,,,,,,,,,,,,,,,,0.5,,,,,,,,,,0.5,,,,,,,,,,,,,,,,,,,,,,,,,,,,,,,,,,,,,,,,,,,,,,
4270,,,,,,,,,,,,,,,,,,,,,,,,,,,,,,,,,,,,,,,,,,,,,,,,,,,,,,,,,,,,,,,,,,,,,,,,,,,,,,1.0,,,,,,,,,,,,,,,,,,,,,,,,,,,,,0.0,,,,,,,,,,,,,0.0,,,,,,,,,,,,,,,,,,1.0,,,1.0,,,,,0.0,,,,,,,,0.0,,,,0.0,,,0.5,,,,,,,,,,,,,,,,,,,,,,,,,,,,,,,,,,,,
4281,,,,,,,,,,,,,,,,,,,,,,,,,,,,,,,,,,,,,,,,,,,,,,,,,,,,,,,,,,,,,,,,,,,,,,,,,,,,,,1.0,,,,,,,,,,,,,,,,,,,,,,,,,,,,,,,,,,,,,,,,,,,,,,,,,,,,,,,,,,,,,,,,,,,,,,,,,,,,,,,,,,,,,,,1.0,,,,,,,,,,,,,,,,,,,,,,,,,,,,,,,,
4404,,,,,,,,,,,,,,,,,,,,,,,,,,,,,,,,,,,,,,,,,,,,,,,,,,,,,,,,,,,,,,,,,,,,,,,,,,,,,,1.0,,,,,,,,,,,,,,,,,,,,,,,,,,,,,,,,,,,,,,,,,,,,,,,,,,,,,,,,,,,,,,,,,,,,,,,,,,,,,,,,,,,,,,,,,,,,,,,0.5,,,,,,,,,,,,,,,,,,,,,,,,
4499,,,,,,,,,,,,,,,,,,,,,,,,,,,,,,,,,,,,,,,,,,,,,,,,,,,,,,,,,,,,,,,,,,,,,,,,,,,,,,1.0,,,,,,,,,,,,,,,1.0,,,,,,,,,,,,,,,,,,,1.0,,,,,,,,,,,,,,,,,,,,,,,,,,,,,,,,,,,,,,,,,,,,,0.0,,,,,,,,,,,,,,,,,,,,,,,,,,,,,,,,,,,,,,,,
4569,,,,,,,,,,,,,,,,,,,,,,,,,,,,,,,,,,,,,,,,,,,,,,,,,,,,,,,,,,,,,,,,,,,,,,,,,,,,,,1.0,,,,,,,,,,,,,,,,,,,,,,,,,,,,,,,,0.0,,,,,,,,,,,,,,,,,,,,,,,,,,,,,,,,,,,0.0,,,,,,0.0,,,,,,,,,0.0,1.0,,1.0,,,,,,,,,,0.0,,,,,,,,,,,,,,,,,,,,,,,,
4605,,,,,,,,,,,,,,,,,,,,,,,,,,,,,,,,,,,,,,,,,,,,,,,,,,,,,,,,,,,,,,,,,,,,,,,,,,,,,,0.0,,,,,,,,,,,,,,,,,,,,,,,,,,,,,,,,,,,,,,,,,,,,,,,,,,,,,,,,,,,,,,,,,,,,,,,,,,,,,,,,,,,,,,,,,,,,,,,,,,,,,,,,,,,,,,,,,,,,,,,
4606,,,,,,,,,,,,,,,,,,,,,,,,,,,,,,,,,,,,,,,,,,,,,,,,,,,,,,,,,,,,,,,,,,,,,,,,,,,,,,1.0,,,,,,,1.0,,,,,,,,,,,,,,,,,,,,,,,,,,,,,,,,,,,,,,,,,,,,,,,,,,,,,,,,,,,,,,,,,,,,,,,,,,,,,,,,,,,,,,,,,,,,,,,,,,,,,,,,,,,,,,,,
4607,,,,,,,,,,,,,,,,,,,,,,,,,,,,,,,,,,,,,,,,,,,,,,,,,,,,,,,,,,,,,,,,,,,,,,,,,,,,,,1.0,,,,,,,,,,,,,,,,,,,,,,,,,,,,,,,,,,,,,,,,,,,,,,,,,,,,,,,,,,,,,,,,,,,,,,,,,,,,,,,,,,,,,,,,,,,,,,,,,,,,,,,,,,,,,,,,,,,,,,,
946,,,,,,,,,,,,,,,,,,,,,,,,,,,,,,,,,,,,,,,,,,,,,,,,,,,,,,,,,,,,,,,,,,,,,,,,,,,,,,,1.0,,,,,,,,,,,,,,,,,,,,,,,,,,,,,,,,,,,,,,,,,,,,,,,,,,,,,,,,,,,,,,,,,,,,,,,,,,,,,,,,,,,,,,,,,,,,,,,,,,,,,,,,,,,,,,,,,,,,,,
3207,,,,,,,,,,,,,,,,,,,,,,,,,,,,,,,,,,,,,,,,,,,,,,,,,,,,,,,,,,,,,,,,,,,,,,,,,,,,,,,1.0,,,,,,,,,,,,,,,,,,,,,,,,,,,,,,,,,,,,,,,,,,,,,,,,,,,,,,,,,,,,,,,,,,,,,,,,,,,,,,,,,,,,,,,,,,,,,,,,,,,,,,,,,,,,,,,,,,,,,,
4406,,,,,,,,,,,,,,,,,,,,,,,,,,,,,,,,,,,,,,,,,,,,,,,,,,,,,,,,,,,,,,,,,,,,,,,,,,,,,,,1.0,,,,,,,,,,,,,,,,,,,,,,,,,,,,,,,,,,,,,,,,,,,,,,,,,,,,,,,,,,,,,,,,,,,,,,,,,,,,,,,,,,,,,,,,,,,,,,,,,,,,,,,,,,,,,,,,,,,,,,
4513,,,,,,,,,,,,,,,,,,,,,,,,,,,,,,,,,,,,,,,,,,,,,,,,,,,,,,,,,,,,,,,,,,,,,,,,,,,,,,,1.0,,,,,,,,,,,,,,,,,,,,,,,,,,,,,,,,,,,,,,,,,,,,,,,,,,,,,,,,,,,,,,,,,,,,,,,,,,,,,,,,,,,,,,,,,,,,,,,,,,,,,,,,,,,,,,,,,,,,,,
657,,,,,,,,,,,,,,,,,,,,,,,,,,,,,,,,,,,,,,,,,,,,,,,,,,,,,,,,,,,,,,,,,,,,,,,,,,,,,,,,,0.0,,,,,,,,,,,,,,,,,,,,,,,,,,,,,,,,,,,,,,,,,,,,,,,,,,,,,,,,,,,,,,,,,,,,,,,,,,,,,,,,,,,,,,,,,,,,,,,,,,,,,,,,,,,,,,,,,,,,
4057,,,,,,,,,,,,,,,,,,,,,,,,,,,,,,,,,,,,,,,,,,,,,,,,,,,,,,,,,,,,,,,,,,,,,,,,,,,,,,,,,1.0,,,,,,,,,,,,,,,,,,,,,,,,,,,,,,,,,,,,,,,,,,,,,,,,,,,,,,,,,,,,,,,,,,,,,,,,,,,,,,,,,,,,,,,,,,,,,,,,,,,,,,,,,,,,,,,,,,,,
741,,,,,,,,,,,,,,,,,,,,,,,,,,,,,,,,,,,,,,,,,,,,,,,,,,,,,,,,,,,,,,,,,,,,,,,,,,,,,,,,,,,,,0.0,,,,,,,,,,,,,,,,,,,,,,,,,,,,,,,,,,,,,,,,,,,,,,,,,,,,,,,,,,,,,,,,,,,,,,,,,,,,,,,,,,,,,,,,,,,,,,,,,,,,,,,,,,,,,,,,
4153,,,,,,,,,,,,,,,,,,,,,,,,,,,,,,,,,,,,,,,,,,,,,,,,,,,,,,,,,,,,,,,,,,,,,,,,,,,,,,,,,,,,,1.0,,,,,,,,,,,,,,,,,,,,,,,,,,,,,,,,,,,,,,,,,,,,,,,,,,,,,,,,,,,,,,,,,,,,,,,,,,,,,,,,,,,,,,,,,,,,,,,,,,,,,,,,,,,,,,,,
4328,,,,,,,,,,,,,,,,,,,,,,,,,,,,,,,,,,,,,,,,,,,,,,,,,,,,,,,,,,,,,,,,,,,,,,,,,,,,,,,,,,,,,1.0,,,,,,,,,,,,,,,,,,,,,,,,,,,,,,,,,,,,,,,,,,,,,,,,,,,,,,,,,,,,,,,,,,,,,,,,,,,,,,,,,,,,,,,,,,,,,,,,,,,,,,,,,,,,,,,,
4487,,,,,,,,,,,,,,,,,,,,,,,,,,,,,,,,,,,,,,,,,,,,,,,,,,,,,,,,,,,,,,,,,,,,,,,,,,,,,,,,,,,,,1.0,,,,,,,,,,,,,,,,,,,,,,,,,,,,,,,,,,,,,,,,,,,,,,,,,,,,,,,,,,,,,,,,,,,,,,,,,,,,,,,,,,,,,,,1.0,,,,,,,,,,,,,,,,,,,,,,,,,
4511,,,,,,,,,,,,,,,,,,,,,,,,,,,,,,,,,,,,,,,,,,,,,,,,,,,,,,,,,,,,,,,,,,,,,,,,,,,,,,,,,,,,,1.0,,,,,,,,,,,,,,,,,,,,,,,,,,,,,,,,,,,,,,,,,,,,,,,,,,,,,,,,,,,,,,,,,,,,,,,,,,,,,,,,,,,,,,,,,,,,,,,,,,,,,,,,,,,,,,,,
2854,,,,,,,,,,,,,,,,,,,,,,,,,,,,,,,,,,,,,,,,,,,,,,,,,,,,,,,,,,,,,,,,,,,,,,,,,,,,,,,,,,,,,,,,1.0,,,,,,,,,,,,,,,,,,,,,,,,,,,,,,,,,,,1.0,,,,,,,,,,,,,,,,,,,,,,,,,,,,,,,,,,,1.0,,,,,,,,,,,,,,,,,,,,,,,,,,,,,,,,,,,,,,,
3737,,,,,,,,,,,,,,,,,,,,,,,,,,,,,,,,,,,,,,,,,,,,,,,,,,,,,,,,,,,,,,,,,,,,,,,,,,,,,,,,,,,,,,,,1.0,,,,,,,,,,,,,,,,,,,,,,,,,,,,,,,,,,,,,,,,,,,,,,,,,,,,,,,,,,,,,,,,,,,,,,,,,,,,,,,,,,,,,,,,,,,,,,,,,,,,,,,,,,,,,
4219,,,,,,,,,,,,,,,,,,,,,,,,,,,,,,,,,,,,,,,,,,,,,,,,,,,,,,,,,,,,,,,,,,,,,,,,,,,,,,,,,,,,,,,,0.0,,,,,,,,,,,,,,,,,,,,,,,,,,,,,,,,1.0,,,,,,,,,,,,,,,,,,,,,,,,,1.0,,,,,,,,,,,,,,,1.0,,,,,,,,,,1.0,,,,,,,,,,,,,,,,,,,,,,,,,,,
4598,,,,,,,,,,,,,,,,,,,,,,,,,,,,,,,,,,,,,,,,,,,,,,,,,,,,,,,,,,,,,,,,,,,,,,,,,,,,,,,,,,,,,,,,1.0,,,,,,,,,,,,,,,,,,,,,,,,,,,,,,,,,,,,,,,,,,,,,,,,,,,,,,,,,,,,,,,,,,,,,,,,,,,,,,,,,,,,,,,,,,,,,,,,,,,,,,,,,,,,,
4630,,,,,,,,,,,,,,,,,,,,,,,,,,,,,,,,,,,,,,,,,,,,,,,,,,,,,,,,,,,,,,,,,,,,,,,,,,,,,,,,,,,,,,,,1.0,,,,,,,,,,,,,,,,,,,,,,,,,,,,,,,,,,,,,,,,,,,,,,,,,,,,,,,,,,,,,,,,,,,,,,,,,,,,,,,,,,,,,,,,,,,,,,,,,,,,,,,,,,,,,
1545,,,,,,,,,,,,,,,,,,,,,,,,,,,,,,,,,,,,,,,,,,,,,,,,,,,,,,,,,,,,,,,,,,,,,,,,,,,,,,,,,,,,,,,,,,,1.0,,,,,,,,,,,,,,,,,,,,,,,,,,,,,,,,,,,,,,,,,,,,,,,,,,,,,,,,,,,,,,,,,,,,,,,,,,,,,,,,,,,,,,,,,,,,,,,,,,,,,,,,,,
2032,,,,,,,,,,,,,,,,,,,,,,,,,,,,,,,,,,,,,,,,,,,,,,,,,,,,,,,,,,,,,,,,,,,,,,,,,,,,,,,,,,,,,,,,,,,1.0,,,,,,,,,,,,,,,,,,,,,,,,,,,,,,,,,,,,,,,,,,,,,,,,,,,,,,,,,,,,,,,,,,,,,,,,,,,,,,,,,,,,,,,,,,,,,,,,,,,,,,,,,,
2814,,,,,,,,,,,,,,,,,,,,,,,,,,,,,,,,,,,,,,,,,,,,,,,,,,,,,,,,,,,,,,,,,,,,,,,,,,,,,,,,,,,,,,,,,,,1.0,,,,,,,,,,,,,,,,,,,,,,,,,,,,,,,,,,,,,,,,,,,,,,,,,,,,,,,,,,,,,,,,,,,,,,,,,,,,,,,,,,,,,,,,,,,,,,,,,,,,,,,,,,
2915,,,,,,,,,,,,,,,,,,,,,,,,,,,,,,,,,,,,,,,,,,,,,,,,,,,,,,,,,,,,,,,,,,,,,,,,,,,,,,,,,,,,,,,,,,,0.0,,,,,,,,,,,,,,,,,,,,,,,,,,,,,,,,,,,,,,,,,,,,,,,,,,,,,,,,,,,,,,,,,,,,,,,,,,,,,,,,,,,,,,,,,,,,,,,,,,,,,,,,,,
4434,,,,,,,,,,,,,,,,,,,,,,,,,,,,,,,,,,,,,,,,,,,,,,,,,,,,,,,,,,,,,,,,,,,,,,,,,,,,,,,,,,,,,,,,,,,1.0,,,,,,,,,,,,,,,,,,,,,,,,,,,,,,,,,,,,,,,,,,,,,,,,,,,,,,,,,,,,,,,,,,,,,,,,,,,,,,,,,,,,,,,,,,,,,,,,,,,,,,,,,,
4446,,,,,,,,,,,,,,,,,,,,,,,,,,,,,,,,,,,,,,,,,,,,,,,,,,,,,,,,,,,,,,,,,,,,,,,,,,,,,,,,,,,,,,,,,,,1.0,,,,,,,,,,,,,,,,,,,,,,,,,,,,,,,,,,,,,,,,,,,,,,,,,,,,,,,,,,,,,,,,,,,,,,,,,,,,,,,,,,,,,,,,,,,,,,,,,,,,,,,,,,
482,,,,,,,,,,,,,,,,,,,,,,,,,,,,,,,,,,,,,,,,,,,,,,,,,,,,,,,,,,,,,,,,,,,,,,,,,,,,,,,,,,,,,,,,,,,,,1.0,,,,,,,,,,,,,,,,,,,,,,,,,,,,,,,,,,,,,,,,,,,,,,,,,,,,,,,,,,,,,,,,,,,,,,,,,,,,,,,,,,,,,,,,,,,,,,,,,,,,,,,,
1040,,,,,,,,,,,,,,,,,,,,,,,,,,,,,,,,,,,,,,,,,,,,,,,,,,,,,,,,,,,,,,,,,,,,,,,,,,,,,,,,,,,,,,,,,,,,,0.0,,,,,,,,,,,,,,,,,,,,,,,,,,,,,,,,,,,,,,,,,,,,,,,,,,,,,,,,,,,,,,,,,,,,,,,,,,,,,,,,,,,,,,,,,,,,,,,,,,,,,,,,
1518,,,,,,,,,,,,,,,,,,,,,,,,,,,,,,,,,,,,,,,,,,,,,,,,,,,,,,,,,,,,,,,,,,,,,,,,,,,,,,,,,,,,,,,,,,,,,1.0,,,,,,,,,,,,,,,,,,,,,,,,,,,,,,,,,,,,,,,,,,,,,,,,,,,,,,,,,,,,,,,,,,,,,,,,,,,,,,,,,,,,,,,,,,,,,,,,,,,,,,,,
3915,,,,,,,,,,,,,,,,,,,,,,,,,,,,,,,,,,,,,,,,,,,,,,,,,,,,,,,,,,,,,,,,,,,,,,,,,,,,,,,,,,,,,,,,,,,,,0.5,,,,,,,,,,,,,,,,,,,,,,,,,,,,,,,,,,,,,,,,,,,,,,,,,,,,,,,,,,,,,,,,,,,,,,,,,,,,,,,,,,,,,,,,,,,,,,,,,,,,,,,,
4472,,,,,,,,,,,,,,,,,,,,,,,,,,,,,,,,,,,,,,,,,,,,,,,,,,,,,,,,,,,,,,,,,,,,,,,,,,,,,,,,,,,,,,,,,,,,,0.5,,,,,,,,,,,,,,,,,,,,,,,,,,,,,,,,,,,,,,,,,,,,,,,,,,,,,,,,,,,,,,,,,,,,,,,,,0.5,,,,,,,,,,,,,,,,,,,,,,,,,,,,,,,
886,,,,,,,,,,,,,,,,,,,,,,,,,,,,,,,,,,,,,,,,,,,,,,,,,,,,,,,,,,,,,,,,,,,,,,,,,,,,,,,,,,,,,,,,,,,,,,1.0,,,,,,,,,,,,,,,,,,,,,,,,,,,,,,,,,,,,,,,,,,,,,,,,,,,,,,,,,,,,,,,,,,,,,,,,,,,,,,,,,,,,,,,,,,,,,,,,,,,,,,,
4080,,,,,,,,,,,,,,,,,,,,,,,,,,,,,,,,,,,,,,,,,,,,,,,,,,,,,,,,,,,,,,,,,,,,,,,,,,,,,,,,,,,,,,,,,,,,,,,0.5,,,,,,0.0,,,,,,,,,,,,,,,,,,,,,,,,,,,,,,,,,,,,,1.0,,,,,,,,1.0,,,,,,0.5,,,,,,,,,,,,,,,,,,,,,,,,,,,,,,,,,,,,,,,,,,,,,
4104,,,,,,,,,,,,,,,,,,,,,,,,,,,,,,,,,,,,,,,,,,,,,,,,,,,,,,,,,,,,,,,,,,,,,,,,,,,,,,,,,,,,,,,,,,,,,,,0.5,,,,,,,,,,,,,,,,,,,,,,,,,,,,,,,,,,,,,,,,,,,,,,,,,,,,,,,,,,,,,,,,,,,,,,,,,,,,,,,,,,,,,,,,,,,,,,,,,,,,,,
4455,,,,,,,,,,,,,,,,,,,,,,,,,,,,,,,,,,,,,,,,,,,,,,,,,,,,,,,,,,,,,,,,,,,,,,,,,,,,,,,,,,,,,,,,,,,,,,,1.0,,,,,,,,,,,,,,,,,,,,,,,,,,,,,,,,,,,,,,,,,,,,,,,,,,,,,,,,,,,,,,,,,,,,,,,,,,,,,,,,,,,,,,,,,,,,,,,,,,,,,,
2455,,,,,,,,,,,,,,,,,,,,,,,,,,,,,,,,,,,,,,,,,,,,,,,,,,,,,,,,,,,,,,,,,,,,,,,,,,,,,,,,,,,,,,,,,,,,,,,,,1.0,,,,,,,,,,,,,,,,,,,,,,,,,,,,,,,,,,,,,,,,,,,,,,,,,,,,,,,,,,,,,,,,,,,,,,,,,,,,,,,,,,,,,,,,,,,,,,,,,,,,
2867,,,,,,,,,,,,,,,,,,,,,,,,,,,,,,,,,,,,,,,,,,,,,,,,,,,,,,,,,,,,,,,,,,,,,,,,,,,,,,,,,,,,,,,,,,,,,,,,,1.0,,,,,,,,,,,,,,,,,,,,,,,,,,,,,,,,,,,,,,,,,,,,,,,,,,,,,,,,,,,,,,,,,,,,,,,,,,,,,,,,,,,,,,,,,,,,,,,,,,,,
3365,,,,,,,,,,,,,,,,,,,,,,,,,,,,,,,,,,,,,,,,,,,,,,,,,,,,,,,,,,,,,,,,,,,,,,,,,,,,,,,,,,,,,,,,,,,,,,,,,0.5,,,,,,,,,,,,,,,,,,,,,,,,,,,,,,,,,,,,,,,,,,,,,,,,,,,,,,,,,,,,,,,,,,,,,,,,,,,,,,,,,,,,,,,,,,,,,,,,,,,,
3952,,,,,,,,,,,,,,,,,,,,,,,,,,,,,,,,,,,,,,,,,,,,,,,,,,,,,,,,,,,,,,,,,,,,,,,,,,,,,,,,,,,,,,,,,,,,,,,,,1.0,,,,,,,,,,,,,,,,,,,,,,,,,,,,,,,,,,,,,,,,,,,,,,,,,,,,,,,,,,,,,,,,,,,,,,,,,,,,,,,,,,,,,,,,,,,,,,,,,,,,
4093,,,,,,,,,,,,,,,,,,,,,,,,,,,,,,,,,,,,,,,,,,,,,,,,,,,,,,,,,,,,,,,,,,,,,,,,,,,,,,,,,,,,,,,,,,,,,,,,,0.5,,,,,,,,,,,,,,,,,,,,,,,,,,,,,,,,,,,,,,,,,,,,,,,,,,,,,,,,,,,,,,,,,,,,,,,,,,,,0.5,,,,,,,,,,,,,,,,,,,,,,,,
4137,,,,,,,,,,,,,,,,,,,,,,,,,,,,,,,,,,,,,,,,,,,,,,,,,,,,,,,,,,,,,,,,,,,,,,,,,,,,,,,,,,,,,,,,,,,,,,,,,1.0,,,,,,,,,,,,,,,,,,,,,,,,,,,,,,,,,,,,,,,,,,,,,,,,,,,,,,,,,,,,,,,,,0.0,,,,,,,,,,,,,,,,,,,,,,,,,,,,,,,,,,,
4392,,,,,,,,,,,,,,,,,,,,,,,,,,,,,,,,,,,,,,,,,,,,,,,,,,,,,,,,,,,,,,,,,,,,,,,,,,,,,,,,,,,,,,,,,,,,,,,,,1.0,,,,,,,,,,,,,,,,,,,,,,,,,,,,,,,,,,,,,,,,,,,,,,,,,,,,,,,,,,,,,,,,,,,,,,,,,,,,,,,,,,,,,,,,,,,,,,,,,,,,
4393,,,,,,,,,,,,,,,,,,,,,,,,,,,,,,,,,,,,,,,,,,,,,,,,,,,,,,,,,,,,,,,,,,,,,,,,,,,,,,,,,,,,,,,,,,,,,,,,,1.0,,,,,,,,,,,,,,,,,,,,,,,,,,,,,,,,,,,,,,,,,,,,,,,,,,,,,,,,,,,,,,,,,,,,,,,,,,,,,,,,,,,,,,,,,,,,,,,,,,,,
4482,,,,,,,,,,,,,,,,,,,,,,,,,,,,,,,,,,,,,,,,,,,,,,,,,,,,,,,,,,,,,,,,,,,,,,,,,,,,,,,,,,,,,,,,,,,,,,,,,0.0,,,,,,,,,,,,,,,,,,,,,,,,,,,,,,,,,,,,,,,,,,,,,,,,,,,,,,,,,,,,,,,,,,,,,,,,,,,,,,,,,,,,,,,,,,,,,,,,,,,,
2121,,,,,,,,,,,,,,,,,,,,,,,,,,,,,,,,,,,,,,,,,,,,,,,,,,,,,,,,,,,,,,,,,,,,,,,,,,,,,,,,,,,,,,,,,,,,,,,,,,,,,1.0,,,,,,,,,,,,,,,,,,,,,,,,,,,,,,,,,,,,,,,,,,,,,,,,,,,,,,,,,,,,,,,,,,,,,,,,,,,,,,,,,,,,,,,,,,,,,,,,
2520,,,,,,,,,,,,,,,,,,,,,,,,,,,,,,,,,,,,,,,,,,,,,,,,,,,,,,,,,,,,,,,,,,,,,,,,,,,,,,,,,,,,,,,,,,,,,,,,,,,,,0.5,,,,,,,,,,,,,,,,,,,,,,,,,,,,,,,,,,,,,,,,,,,,,,,,,,,,,,,,,,,,,,,,,,,,,,,,,,,,,,,,,,,,,,,,,,,,,,,,
4243,,,,,,,,,,,,,,,,,,,,,,,,,,,,,,,,,,,,,,,,,,,,,,,,,,,,,,,,,,,,,,,,,,,,,,,,,,,,,,,,,,,,,,,,,,,,,,,,,,,,,1.0,,,,,,,,,,,,,,,,,,,,,,,,,,,,,,,,,,,,,,,,,,,,,,,,,,,,,,,,,,,,,,,,,,,,,,,,,,,,,,,,,,,,,,,,,,,,,,,,
4251,,,,,,,,,,,,,,,,,,,,,,,,,,,,,,,,,,,,,,,,,,,,,,,,,,,,,,,,,,,,,,,,,,,,,,,,,,,,,,,,,,,,,,,,,,,,,,,,,,,,,0.0,,,,,,,,,,,,,,,,,,,,,,,,,,,,,,,,,,,,,,,,,,,,,,,,,,,,,,,,,,,,,,,,,,,,,,,,,,,,,,,,,,,,,,,,,,,,,,,,
4451,,,,,,,,,,,,,,,,,,,,,,,,,,,,,,,,,,,,,,,,,,,,,,,,,,,,,,,,,,,,,,,,,,,,,,,,,,,,,,,,,,,,,,,,,,,,,,,,,,,,,1.0,,,,,,,,,,,,,,,,,,,,,,,,,,,,,,,,,,,,,,,,,,,,,,,,,,,,,,,,,,,,,,,,,,,,,,,,,,,,,,,,,,,,,,,,,,,,,,,,
3940,,,,,,,,,,,,,,,,,,,,,,,,,,,,,,,,,,,,,,,,,,,,,,,,,,,,,,,,,,,,,,,,,,,,,,,,,,,,,,,,,,,,,,,,,,,,,,,,,,,,,,,,,1.0,,,,,,,,,,,,,,,,,,,,,,,,,,,,,,,,,,,,,,,,,,,,,,,,,,,,,1.0,,,,,,,,,,,,,,,,,,,,,,,,,,,,,,,,,,,,,,,
4161,,,,,,,,,,,,,,,,,,,,,,,,,,,,,,,,,,,,,,,,,,,,,,,,,,,,,,,,,,,,,,,,,,,,,,,,,,,,,,,,,,,,,,,,,,,,,,,,,,,,,,,,,0.0,,,,,,,,,,,,,,,0.0,,,,,,,,,,,,,,,,,,,,,,,,,,,,,,,,,,,,,,,,,,,,,,,,,,,,,,,,,,,,,,,,,,,,,,,,,,,,,
4466,,,,,,,,,,,,,,,,,,,,,,,,,,,,,,,,,,,,,,,,,,,,,,,,,,,,,,,,,,,,,,,,,,,,,,,,,,,,,,,,,,,,,,,,,,,,,,,,,,,,,,,,,1.0,,,,,,,,,,,,,,,,,,,,,,,,,,,,,,,,,,,,,,,,,,,,,,,,,,,,,,,,,,,,,,,,,,,,,,,,,,,,,,,,,,,,,,,,,,,,
4539,,,,,,,,,,,,,,,,,,,,,,,,,,,,,,,,,,,,,,,,,,,,,,,,,,,,,,,,,,,,,,,,,,,,,,,,,,,,,,,,,,,,,,,,,,,,,,,,,,,,,,,,,1.0,,,,,,,,,,,,,,,,,,,,,,,,,,,,,,,,,,,,,,,,,,,,,,,,,,,,,,,,,,,,,,,,,,,,,,,,,,,,,,,,,,,,,,,,,,,,
4601,,,,,,,,,,,,,,,,,,,,,,,,,,,,,,,,,,,,,,,,,,,,,,,,,,,,,,,,,,,,,,,,,,,,,,,,,,,,,,,,,,,,,,,,,,,,,,,,,,,,,,,,,0.5,,,,,,,,,,,,,,,0.5,,,,,,,,,,,,,,,,,,,,,,,,,,,,,,,,,,,,,,,,,,,,,,,,,,,,,,,,,,,,,,,,,,,,,,,,,,,,,
4619,,,,,,,,,,,,,,,,,,,,,,,,,,,,,,,,,,,,,,,,,,,,,,,,,,,,,,,,,,,,,,,,,,,,,,,,,,,,,,,,,,,,,,,,,,,,,,,,,,,,,,,,,1.0,,,,,,,,,,,,,,,,,,,,,,,,,,,,,,,,,,,,,,,,,,,,,,,,,,,,,,,,,,,,,,,,,,,,,,,,,,,,,,,,,,,,,,,,,,,,
1266,,,,,,,,,,,,,,,,,,,,,,,,,,,,,,,,,,,,,,,,,,,,,,,,,,,,,,,,,,,,,,,,,,,,,,,,,,,,,,,,,,,,,,,,,,,,,,,,,,,,,,,,,,,1.0,,,,,,,,,,,,,,,,,,,,,,,,,,,,,,,,,,,,,,,,,,,,,,,,,,,,,,,,,,,,,,,,,,,,,,,,,,,,,,,,,,,,,,,,,,
2622,,,,,,,,,,,,,,,,,,,,,,,,,,,,,,,,,,,,,,,,,,,,,,,,,,,,,,,,,,,,,,,,,,,,,,,,,,,,,,,,,,,,,,,,,,,,,,,,,,,,,,,,,,,1.0,,,,,,,,,,,,,,,1.0,,,,,,,,,,,,,,,,,,,,,,,,,,,,,,,,,,,,,,,,,,,,,,,,,,,,,,,,,,,,,,,,,,,,,,,,,,,
3551,,,,,,,,,,,,,,,,,,,,,,,,,,,,,,,,,,,,,,,,,,,,,,,,,,,,,,,,,,,,,,,,,,,,,,,,,,,,,,,,,,,,,,,,,,,,,,,,,,,,,,,,,,,1.0,,,,,,,,,,,,,,,,,,,,,,,,,,,,,,,,,,,,,,,,,,,,,,,,1.0,,,,,,,,,,,,,,,,,,,,,,,,,,,,,,,,,,,,,,,,,,
4358,,,,,,,,,,,,,,,,,,,,,,,,,,,,,,,,,,,,,,,,,,,,,,,,,,,,,,,,,,,,,,,,,,,,,,,,,,,,,,,,,,,,,,,,,,,,,,,,,,,,,,,,,,,1.0,,,,,,,,,,,,,,,,1.0,,,,,,,,,,,,,,,,,,,,,,,,,,,,,,,,,,,,,,,,,,,,,,,,,,,,,,,,,,,,,,,,,,,,,,,,,,
1936,,,,,,,,,,,,,,,,,,,,,,,,,,,,,,,,,,,,,,,,,,,,,,,,,,,,,,,,,,,,,,,,,,,,,,,,,,,,,,,,,,,,,,,,,,,,,,,,,,,,,,,,,,,,,,1.0,,,,,,,,,,,,,,,,,,,,,,,,,,,,,,,,,,,,,,,,,,,,,,,,,,,,,,,,,,,,,,,,,,,,,,,,,,,,,,,,,,,,,,,
3775,,,,,,,,,,,,,,,,,,,,,,,,,,,,,,,,,,,,,,,,,,,,,,,,,,,,,,,,,,,,,,,,,,,,,,,,,,,,,,,,,,,,,,,,,,,,,,,,,,,,,,,,,,,,,,0.0,,,,,,,,,,,,,,,,,,,,,,,,,,,,,,,,,,,,,,,,,,,,,,,,,,,,,,,,,,,,,,,,,,,,,,,,,,,,,,,,,,,,,,,
4167,,,,,,,,,,,,,,,,,,,,,,,,,,,,,,,,,,,,,,,,,,,,,,,,,,,,,,,,,,,,,,,,,,,,,,,,,,,,,,,,,,,,,,,,,,,,,,,,,,,,,,,,,,,,,,1.0,,,,,,,,,,,,,,,,,,,,,,,,,,,,,,,,,,,,,,,,,,,,,,,,,,,,,,,,,,,,,,,,,,,,,,,,,,,,,,,,,,,,,,,
4306,,,,,,,,,,,,,,,,,,,,,,,,,,,,,,,,,,,,,,,,,,,,,,,,,,,,,,,,,,,,,,,,,,,,,,,,,,,,,,,,,,,,,,,,,,,,,,,,,,,,,,,,,,,,,,1.0,,,,,,,,,,,,,,,,,,,,,,,,,,,,,,,,,,,,,,,,,,,,,,,,,,,,,,,,,,,,,,,,,,,,,,,,,,,,,,,,,,,,,,,
4356,,,,,,,,,,,,,,,,,,,,,,,,,,,,,,,,,,,,,,,,,,,,,,,,,,,,,,,,,,,,,,,,,,,,,,,,,,,,,,,,,,,,,,,,,,,,,,,,,,,,,,,,,,,,,,1.0,,,,,,,,,,,,,,,,,,,,,,,,,,,,,,,,,,,,,,,,,,,,,,,,,,,,,,,,,,,,,,,,,,,,,,,,,,,,,,,,,,,,,,,
4436,,,,,,,,,,,,,,,,,,,,,,,,,,,,,,,,,,,,,,,,,,,,,,,,,,,,,,,,,,,,,,,,,,,,,,,,,,,,,,,,,,,,,,,,,,,,,,,,,,,,,,,,,,,,,,0.5,,,,,,,,,,,,,,,,,,,,,,,,,,,,,,,,,,,,,,,,,,,,,,,,,,,,,,,,,,,,,,,,,,,,,,,,,,,,,,,,,,,,,,,
4602,,,,,,,,,,,,,,,,,,,,,,,,,,,,,,,,,,,,,,,,,,,,,,,,,,,,,,,,,,,,,,,,,,,,,,,,,,,,,,,,,,,,,,,,,,,,,,,,,,,,,,,,,,,,,,0.5,,,,,,,,,,,,,,,,,,,,,,,,,,,,,,,,,,,,,,,,,,,,,,,,,,,,,,,,,,,,,,,,,,,,,,,,,,,,,,,,,,,,,,,
4603,,,,,,,,,,,,,,,,,,,,,,,,,,,,,,,,,,,,,,,,,,,,,,,,,,,,,,,,,,,,,,,,,,,,,,,,,,,,,,,,,,,,,,,,,,,,,,,,,,,,,,,,,,,,,,0.5,,,,,,,,,,,,,,,,,,,,,,,,,,,,,,,,,,,,,,,,,,,,,,,,,,,,,,,,,,,,,,,,,,,,,,,,,,,,,,,,,,,,,,,
4623,,,,,,,,,,,,,,,,,,,,,,,,,,,,,,,,,,,,,,,,,,,,,,,,,,,,,,,,,,,,,,,,,,,,,,,,,,,,,,,,,,,,,,,,,,,,,,,,,,,,,,,,,,,,,,0.5,,,,,,,,,,,,,,,,,,,,,,,,,,,,,,,,,,,,,,,,,,,,,,,,,,,,,,,,,,,,,,,,,,,,,,,,,,,,,,,,,,,,,,,
470,,,,,,,,,,,,,,,,,,,,,,,,,,,,,,,,,,,,,,,,,,,,,,,,,,,,,,,,,,,,,,,,,,,,,,,,,,,,,,,,,,,,,,,,,,,,,,,,,,,,,,,,,,,,,,,,0.5,,,,,,,,,,,,,,,,,,,,,,,,,,,,,,,,,,,,,,,,,,,,,,,,,,,,,,,,,,,,,,,,,,,,,,,,,,,,,,,,,,,,,
1903,,,,,,,,,,,,,,,,,,,,,,,,,,,,,,,,,,,,,,,,,,,,,,,,,,,,,,,,,,,,,,,,,,,,,,,,,,,,,,,,,,,,,,,,,,,,,,,,,,,,,,,,,,,,,,,,1.0,,,,,,,,,,,,,,,,,,,,,,,,,,,,,,,,,,,,,,,,,,,,,,,,,,,,,,,,,,,,,,,,,,,,,,,,,,,,,,,,,,,,,
2345,,,,,,,,,,,,,,,,,,,,,,,,,,,,,,,,,,,,,,,,,,,,,,,,,,,,,,,,,,,,,,,,,,,,,,,,,,,,,,,,,,,,,,,,,,,,,,,,,,,,,,,,,,,,,,,,1.0,,,,,,,,,,,,,,,,,,,,,,,,,,,,,,,,,,,,,,,,,,,,,,,,,,,,,,,,,,,,,,,,,,,,,,,,,,,,,,,,,,,,,
2698,,,,,,,,,,,,,,,,,,,,,,,,,,,,,,,,,,,,,,,,,,,,,,,,,,,,,,,,,,,,,,,,,,,,,,,,,,,,,,,,,,,,,,,,,,,,,,,,,,,,,,,,,,,,,,,,1.0,,,,,,,,,,,,,,,,,,,,,,,,,,,,,,,,,,,,,,,,,,,,,,,,,,,,,,,,,,,,,,,,,,,,,,,,,,,,,,,,,,,,,
4302,,,,,,,,,,,,,,,,,,,,,,,,,,,,,,,,,,,,,,,,,,,,,,,,,,,,,,,,,,,,,,,,,,,,,,,,,,,,,,,,,,,,,,,,,,,,,,,,,,,,,,,,,,,,,,,,0.5,,,,,,,,,,,,,,,,,,,,,,,,,,,,,,,,0.5,,,,,,,,,,,,,,,,,0.5,,,,,,,,,,,,,,,,,,,,,,,,,,,,,,,,,,,,
4343,,,,,,,,,,,,,,,,,,,,,,,,,,,,,,,,,,,,,,,,,,,,,,,,,,,,,,,,,,,,,,,,,,,,,,,,,,,,,,,,,,,,,,,,,,,,,,,,,,,,,,,,,,,,,,,,1.0,,,,,,,,,,,,,,,,,,,,,,,,,,,,,,,,,,,,,,,,,,,,,,,,,,,,,,,,,,,,,,,,,,,,,,,,,,,,,,,,,,,,,
4581,,,,,,,,,,,,,,,,,,,,,,,,,,,,,,,,,,,,,,,,,,,,,,,,,,,,,,,,,,,,,,,,,,,,,,,,,,,,,,,,,,,,,,,,,,,,,,,,,,,,,,,,,,,,,,,,1.0,,,,,,,,,,,,,,,,,,,,,,,,,,,,,,,,,,,,,,,,,,,,,,,,,,,,,,,,,,,,,,,,,,,,,,,,,,,,,,,,,,,,,
1213,,,,,,,,,,,,,,,,,,,,,,,,,,,,,,,,,,,,,,,,,,,,,,,,,,,,,,,,,,,,,,,,,,,,,,,,,,,,,,,,,,,,,,,,,,,,,,,,,,,,,,,,,,,,,,,,,,1.0,,,,,,,,,,,,,,,,,,,,,,,,,,,,,,,,,,,,,,,,,,,,,,,,,,,,,,,,,,,,,,,,,,,,,,,,,,,,,,,,,,,
1587,,,,,,,,,,,,,,,,,,,,,,,,,,,,,,,,,,,,,,,,,,,,,,,,,,,,,,,,,,,,,,,,,,,,,,,,,,,,,,,,,,,,,,,,,,,,,,,,,,,,,,,,,,,,,,,,,,,,,,,,1.0,,,,,,,,,,,,,,,,,,,,,,,,,,,,,,,,,,,,,,,,,,,,,,,,,,,,,,,,,,,,,,,,,,,,,,,,,,,,,
1804,,,,,,,,,,,,,,,,,,,,,,,,,,,,,,,,,,,,,,,,,,,,,,,,,,,,,,,,,,,,,,,,,,,,,,,,,,,,,,,,,,,,,,,,,,,,,,,,,,,,,,,,,,,,,,,,,,,,,,,,1.0,,,,,,,,,,,,,,,,,,,,,,,,,,,,,,,,,,,,,,,,,,,,,,,,,,,,,,,,,,,,,,,,,,,,,,,,,,,,,
1950,,,,,,,,,,,,,,,,,,,,,,,,,,,,,,,,,,,,,,,,,,,,,,,,,,,,,,,,,,,,,,,,,,,,,,,,,,,,,,,,,,,,,,,,,,,,,,,,,,,,,,,,,,,,,,,,,,,,,,,,1.0,,,,,,,,,,,,,,,,,,,,,,,,,,,,,,,,,,,,,,,,,,,,,,,,,,,,,,,,,,,,,,,,,,,,,,,,,,,,,
2323,,,,,,,,,,,,,,,,,,,,,,,,,,,,,,,,,,,,,,,,,,,,,,,,,,,,,,,,,,,,,,,,,,,,,,,,,,,,,,,,,,,,,,,,,,,,,,,,,,,,,,,,,,,,,,,,,,,,,,,,1.0,,,,,,,,,,,,,,,,,,,,,,,,,,,,,,,,,,,,,,,,,,,,,,,,,,,,,,,,,,,,,,,,,,,,,,,,,,,,,
2413,,,,,,,,,,,,,,,,,,,,,,,,,,,,,,,,,,,,,,,,,,,,,,,,,,,,,,,,,,,,,,,,,,,,,,,,,,,,,,,,,,,,,,,,,,,,,,,,,,,,,,,,,,,,,,,,,,,,,,,,1.0,,,,,,,,,,,,,,,,,,,,,,,,,,,,,,,,,,,,,,,,,,,,,,,,,,,,,,,,,,,,,,,,,,,,,,,,,,,,,
2931,,,,,,,,,,,,,,,,,,,,,,,,,,,,,,,,,,,,,,,,,,,,,,,,,,,,,,,,,,,,,,,,,,,,,,,,,,,,,,,,,,,,,,,,,,,,,,,,,,,,,,,,,,,,,,,,,,,,,,,,1.0,,,,,,,,,,,,,,,,,,,,,,,,,,,,,,,,,,,,,,,,,,,,,,,,,,,,,,,,,,,,,,,,,,,,,,,,,,,,,
3139,,,,,,,,,,,,,,,,,,,,,,,,,,,,,,,,,,,,,,,,,,,,,,,,,,,,,,,,,,,,,,,,,,,,,,,,,,,,,,,,,,,,,,,,,,,,,,,,,,,,,,,,,,,,,,,,,,,,,,,,0.0,,,,,,,,,,,,,,,,,,,,,,,,,,,,,,,,,,,,,,,,,,,,,,,,,,,,,,,,,,,,,,,,,,,,,,,,,,,,,
4263,,,,,,,,,,,,,,,,,,,,,,,,,,,,,,,,,,,,,,,,,,,,,,,,,,,,,,,,,,,,,,,,,,,,,,,,,,,,,,,,,,,,,,,,,,,,,,,,,,,,,,,,,,,,,,,,,,,,,,,,0.0,,,,,,,,,,,,,,,,,,,,,,,,,,,,,,,,,,,,,,,,,,,,,,,,,,,,,,,,,,,,,,,,,,,,,,,,,,,,,
4503,,,,,,,,,,,,,,,,,,,,,,,,,,,,,,,,,,,,,,,,,,,,,,,,,,,,,,,,,,,,,,,,,,,,,,,,,,,,,,,,,,,,,,,,,,,,,,,,,,,,,,,,,,,,,,,,,,,,,,,,1.0,,,,,,,,,,,,,,,,0.0,,,,,,,,,,,,,,,,,,,,,,,,,,,,,,,,,,,,,,,,,,,,,,,,,,,,,,,,,,,,,
4504,,,,,,,,,,,,,,,,,,,,,,,,,,,,,,,,,,,,,,,,,,,,,,,,,,,,,,,,,,,,,,,,,,,,,,,,,,,,,,,,,,,,,,,,,,,,,,,,,,,,,,,,,,,,,,,,,,,,,,,,1.0,,,,,,,,,,,,,,,,,,,,,,,,,,,,,,,,,,,,,,,,,,,,,,,,,,,,,,,,,,,,,,,,,,,,,,,,,,,,,
3712,,,,,,,,,,,,,,,,,,,,,,,,,,,,,,,,,,,,,,,,,,,,,,,,,,,,,,,,,,,,,,,,,,,,,,,,,,,,,,,,,,,,,,,,,,,,,,,,,,,,,,,,,,,,,,,,,,,,,,,,,1.0,,,,,,,,,,,,,,,,,,,,,,,,,,,,,,,,,,,,,,,,,,,,,,,,,,,,,,,,,,,,,,,,,,,,,,,,,,,,
4240,,,,,,,,,,,,,,,,,,,,,,,,,,,,,,,,,,,,,,,,,,,,,,,,,,,,,,,,,,,,,,,,,,,,,,,,,,,,,,,,,,,,,,,,,,,,,,,,,,,,,,,,,,,,,,,,,,,,,,,,,1.0,,,,,,,,,,,,,,,,,,,,,,,,,,,,,,,,,,,,,,,,,,,,,,,,,,,,,,,,,,,,,,,,,,,,,,,,,,,,
2221,,,,,,,,,,,,,,,,,,,,,,,,,,,,,,,,,,,,,,,,,,,,,,,,,,,,,,,,,,,,,,,,,,,,,,,,,,,,,,,,,,,,,,,,,,,,,,,,,,,,,,,,,,,,,,,,,,,,,,,,,,1.0,,,,,,,,,,,,,,,,,,,,,,,,,,,,,,,,,,,,,,,,,,,,,,,,,,,,,,,,,,,,,,,,,,,,,,,,,,,
2651,,,,,,,,,,,,,,,,,,,,,,,,,,,,,,,,,,,,,,,,,,,,,,,,,,,,,,,,,,,,,,,,,,,,,,,,,,,,,,,,,,,,,,,,,,,,,,,,,,,,,,,,,,,,,,,,,,,,,,,,,,1.0,,,,,,,,,,,,,,,,,,,,,,,,,,,,,,,,,,,,,,,,,,,,,,,,,,,,,,,,,,,,,,,,,,,,,,,,,,,
3006,,,,,,,,,,,,,,,,,,,,,,,,,,,,,,,,,,,,,,,,,,,,,,,,,,,,,,,,,,,,,,,,,,,,,,,,,,,,,,,,,,,,,,,,,,,,,,,,,,,,,,,,,,,,,,,,,,,,,,,,,,1.0,,,,,,,,,,,,,,,,,,,,,,,,,,,,,,,,,,,,,,,,,,,,,,,,,,,,,,,,,,,,,,,,,,,,,,,,,,,
1166,,,,,,,,,,,,,,,,,,,,,,,,,,,,,,,,,,,,,,,,,,,,,,,,,,,,,,,,,,,,,,,,,,,,,,,,,,,,,,,,,,,,,,,,,,,,,,,,,,,,,,,,,,,,,,,,,,,,,,,,,,,,1.0,,,,,,,,,,,,,,,,,,,,,,,,,,,,,,,,,,,,,,,,,,,,,,,,,,,,,,,,,,,,,,,,,,,,,,,,,
4099,,,,,,,,,,,,,,,,,,,,,,,,,,,,,,,,,,,,,,,,,,,,,,,,,,,,,,,,,,,,,,,,,,,,,,,,,,,,,,,,,,,,,,,,,,,,,,,,,,,,,,,,,,,,,,,,,,,,,,,,,,,,0.5,,,,,,,,,,,,,,,,,,,,,,,,,,,,,,,,,,,,,,,,,,,,,,,,,,,,,,,,,,,,,,,,,,,,,,,,,
4442,,,,,,,,,,,,,,,,,,,,,,,,,,,,,,,,,,,,,,,,,,,,,,,,,,,,,,,,,,,,,,,,,,,,,,,,,,,,,,,,,,,,,,,,,,,,,,,,,,,,,,,,,,,,,,,,,,,,,,,,,,,,0.5,,,,,,,,,,,,,,,,,,,,,,,,,,,,,,,,,,,,,,,,,,,,,,,,,,,,,,,,,,,,,,,,,,,,,,,,,
2060,,,,,,,,,,,,,,,,,,,,,,,,,,,,,,,,,,,,,,,,,,,,,,,,,,,,,,,,,,,,,,,,,,,,,,,,,,,,,,,,,,,,,,,,,,,,,,,,,,,,,,,,,,,,,,,,,,,,,,,,,,,,,,,1.0,,,,,,,,,,,,,,,,,,,,,,,,,,,,,,,,,,,,,,,,,,,,,,,,,,,,,,,,,,,,,,,,,,,,,,
4146,,,,,,,,,,,,,,,,,,,,,,,,,,,,,,,,,,,,,,,,,,,,,,,,,,,,,,,,,,,,,,,,,,,,,,,,,,,,,,,,,,,,,,,,,,,,,,,,,,,,,,,,,,,,,,,,,,,,,,,,,,,,,,,1.0,,,,,,,1.0,,,,,,,,,,,,,,,,,,,,,,,,,,,,,,,,,,,,,,,,,,,,,,,,,,,,,,,,,,,,,,,
4158,,,,,,,,,,,,,,,,,,,,,,,,,,,,,,,,,,,,,,,,,,,,,,,,,,,,,,,,,,,,,,,,,,,,,,,,,,,,,,,,,,,,,,,,,,,,,,,,,,,,,,,,,,,,,,,,,,,,,,,,,,,,,,,0.5,,,,,,,,,,,,,,,,,,,,,,,,,,,,,,,,,,,,,,,,,,,,,,,,,,,,,,,,,,,,,,,,,,,,,,
4245,,,,,,,,,,,,,,,,,,,,,,,,,,,,,,,,,,,,,,,,,,,,,,,,,,,,,,,,,,,,,,,,,,,,,,,,,,,,,,,,,,,,,,,,,,,,,,,,,,,,,,,,,,,,,,,,,,,,,,,,,,,,,,,1.0,,,,,,,,,,,,,,,,,,,,,,,,,,,,,,,,,,,,,,,,,,,,,,,,,,,,,,,,,,,,,,,,,,,,,,
1248,,,,,,,,,,,,,,,,,,,,,,,,,,,,,,,,,,,,,,,,,,,,,,,,,,,,,,,,,,,,,,,,,,,,,,,,,,,,,,,,,,,,,,,,,,,,,,,,,,,,,,,,,,,,,,,,,,,,,,,,,,,,,,,,,,,,1.0,,,,,,,,,,,,,,,,,,,,,,,,,,,,,,,,,,,,,,,,,,,,,,,,,,,,,,,,,,,,,,,,,
1942,,,,,,,,,,,,,,,,,,,,,,,,,,,,,,,,,,,,,,,,,,,,,,,,,,,,,,,,,,,,,,,,,,,,,,,,,,,,,,,,,,,,,,,,,,,,,,,,,,,,,,,,,,,,,,,,,,,,,,,,,,,,,,,,,,,,,1.0,,,,,,,,,,,,,,,,,,,,,,,,,,,,,,,,,,,,,,,,,,,,,,,,,,,,,,,,,,,,,,,,
2432,,,,,,,,,,,,,,,,,,,,,,,,,,,,,,,,,,,,,,,,,,,,,,,,,,,,,,,,,,,,,,,,,,,,,,,,,,,,,,,,,,,,,,,,,,,,,,,,,,,,,,,,,,,,,,,,,,,,,,,,,,,,,,,,,,,,,,1.0,,,,,,,,,,,,,,,,,,,,,,,,,,,,,,,,,,,,,,,,,,,,,,,,,,,,,,,,,,,,,,,
4456,,,,,,,,,,,,,,,,,,,,,,,,,,,,,,,,,,,,,,,,,,,,,,,,,,,,,,,,,,,,,,,,,,,,,,,,,,,,,,,,,,,,,,,,,,,,,,,,,,,,,,,,,,,,,,,,,,,,,,,,,,,,,,,,,,,,,,0.5,,,,,,,,,,,,,,,,,,,,,,,,,,,,,,,,,,,,,,,,,,,,,,,,,,,,,,,,,,,,,,,
2874,,,,,,,,,,,,,,,,,,,,,,,,,,,,,,,,,,,,,,,,,,,,,,,,,,,,,,,,,,,,,,,,,,,,,,,,,,,,,,,,,,,,,,,,,,,,,,,,,,,,,,,,,,,,,,,,,,,,,,,,,,,,,,,,,,,,,,,,1.0,,,,,,,,,,,,,,,,,,,,,,,,,,,,,,,,,,,,,,,,,,,,,,,,,,,,,,,,,,,,,
4049,,,,,,,,,,,,,,,,,,,,,,,,,,,,,,,,,,,,,,,,,,,,,,,,,,,,,,,,,,,,,,,,,,,,,,,,,,,,,,,,,,,,,,,,,,,,,,,,,,,,,,,,,,,,,,,,,,,,,,,,,,,,,,,,,,,,,,,,1.0,,,,,,,,,,,,,,,,,,,,,,,,,,,,,,,,,,,,,,,,,,,,,,,,,,,,,,,,,,,,,
4176,,,,,,,,,,,,,,,,,,,,,,,,,,,,,,,,,,,,,,,,,,,,,,,,,,,,,,,,,,,,,,,,,,,,,,,,,,,,,,,,,,,,,,,,,,,,,,,,,,,,,,,,,,,,,,,,,,,,,,,,,,,,,,,,,,,,,,,,0.0,,,,,,,,,,,,,,,,,,,,,,,,,,,,,,,,,,,,,,,,,,,,,,,,,,,,,,,,,,,,,
3727,,,,,,,,,,,,,,,,,,,,,,,,,,,,,,,,,,,,,,,,,,,,,,,,,,,,,,,,,,,,,,,,,,,,,,,,,,,,,,,,,,,,,,,,,,,,,,,,,,,,,,,,,,,,,,,,,,,,,,,,,,,,,,,,,,,,,,,,,,,,1.0,,,,,,,,,,,,,,,,,,,,,,,,,,,,,,,,,,,,,,,,,,,,,,,,,,,,,,,,,
4166,,,,,,,,,,,,,,,,,,,,,,,,,,,,,,,,,,,,,,,,,,,,,,,,,,,,,,,,,,,,,,,,,,,,,,,,,,,,,,,,,,,,,,,,,,,,,,,,,,,,,,,,,,,,,,,,,,,,,,,,,,,,,,,,,,,,,,,,,,,,0.5,,,,,,,,,,,,,,,,,,,,,,,,,,,,,,0.5,,,,,,,,,,,,,,,,,,,,,,,,,,,
2612,,,,,,,,,,,,,,,,,,,,,,,,,,,,,,,,,,,,,,,,,,,,,,,,,,,,,,,,,,,,,,,,,,,,,,,,,,,,,,,,,,,,,,,,,,,,,,,,,,,,,,,,,,,,,,,,,,,,,,,,,,,,,,,,,,,,,,,,,,,,,1.0,,,,,,,,,,,,,,,,,,,,,,,,,,,,,,,,,,,,,,,,,,,,,,,,,,,,,,,,
4312,,,,,,,,,,,,,,,,,,,,,,,,,,,,,,,,,,,,,,,,,,,,,,,,,,,,,,,,,,,,,,,,,,,,,,,,,,,,,,,,,,,,,,,,,,,,,,,,,,,,,,,,,,,,,,,,,,,,,,,,,,,,,,,,,,,,,,,,,,,,,1.0,,,,,,,,,,,,,,,,,,,,,,,,,,,,,,,,,,,,,,,,,,,,,,,,,,,,,,,,
4155,,,,,,,,,,,,,,,,,,,,,,,,,,,,,,,,,,,,,,,,,,,,,,,,,,,,,,,,,,,,,,,,,,,,,,,,,,,,,,,,,,,,,,,,,,,,,,,,,,,,,,,,,,,,,,,,,,,,,,,,,,,,,,,,,,,,,,,,,,,,,,1.0,,,,,,,,,,,,,,,,,,,,,,,,,,,,,,,,,,,,,,,,,,,,,,,,,,,,,,,
4329,,,,,,,,,,,,,,,,,,,,,,,,,,,,,,,,,,,,,,,,,,,,,,,,,,,,,,,,,,,,,,,,,,,,,,,,,,,,,,,,,,,,,,,,,,,,,,,,,,,,,,,,,,,,,,,,,,,,,,,,,,,,,,,,,,,,,,,,,,,,,,1.0,,,,,,,,,,,,,,,,,,,,,,,,,,,,,,,,,,,,,,,,,,,,,,,,,,,,,,,
4432,,,,,,,,,,,,,,,,,,,,,,,,,,,,,,,,,,,,,,,,,,,,,,,,,,,,,,,,,,,,,,,,,,,,,,,,,,,,,,,,,,,,,,,,,,,,,,,,,,,,,,,,,,,,,,,,,,,,,,,,,,,,,,,,,,,,,,,,,,,,,,1.0,,,,,,,,,,,,,,,,,,,,,,,,,,,,,,,,,,,,,,,,,,,,,,,,,,,,,,,
4282,,,,,,,,,,,,,,,,,,,,,,,,,,,,,,,,,,,,,,,,,,,,,,,,,,,,,,,,,,,,,,,,,,,,,,,,,,,,,,,,,,,,,,,,,,,,,,,,,,,,,,,,,,,,,,,,,,,,,,,,,,,,,,,,,,,,,,,,,,,,,,,,1.0,,,,,,,,,,,,,,,,,,,,,,,,,,,,,,,,,,,,,,,,,,,,,,,,,,,,,
4543,,,,,,,,,,,,,,,,,,,,,,,,,,,,,,,,,,,,,,,,,,,,,,,,,,,,,,,,,,,,,,,,,,,,,,,,,,,,,,,,,,,,,,,,,,,,,,,,,,,,,,,,,,,,,,,,,,,,,,,,,,,,,,,,,,,,,,,,,,,,,,,,1.0,,,,,,,,,,,,,,,,,,,,,,,,,,,,,,,,,,,,,,,,,,,,,,,,,,,,,
3072,,,,,,,,,,,,,,,,,,,,,,,,,,,,,,,,,,,,,,,,,,,,,,,,,,,,,,,,,,,,,,,,,,,,,,,,,,,,,,,,,,,,,,,,,,,,,,,,,,,,,,,,,,,,,,,,,,,,,,,,,,,,,,,,,,,,,,,,,,,,,,,,,1.0,,,,,,,,,,,,,,,,,,,,,,,,,,,,,,,,,,,,,,,,,,,,,,,,,,,,
4409,,,,,,,,,,,,,,,,,,,,,,,,,,,,,,,,,,,,,,,,,,,,,,,,,,,,,,,,,,,,,,,,,,,,,,,,,,,,,,,,,,,,,,,,,,,,,,,,,,,,,,,,,,,,,,,,,,,,,,,,,,,,,,,,,,,,,,,,,,,,,,,,,0.5,,,,,,,,,,,,,,,,,,,,,,,,,,,,,,,,,,,,,,,,,,,,,,,,,,,,
4535,,,,,,,,,,,,,,,,,,,,,,,,,,,,,,,,,,,,,,,,,,,,,,,,,,,,,,,,,,,,,,,,,,,,,,,,,,,,,,,,,,,,,,,,,,,,,,,,,,,,,,,,,,,,,,,,,,,,,,,,,,,,,,,,,,,,,,,,,,,,,,,,,1.0,,,,,,,,,,,,,,,,,,,,,,,,,,,,,,,,,,,,,,,,,,,,,,,,,,,,
4228,,,,,,,,,,,,,,,,,,,,,,,,,,,,,,,,,,,,,,,,,,,,,,,,,,,,,,,,,,,,,,,,,,,,,,,,,,,,,,,,,,,,,,,,,,,,,,,,,,,,,,,,,,,,,,,,,,,,,,,,,,,,,,,,,,,,,,,,,,,,,,,,,,1.0,,,,,,,,,,,,,,,,,,,,,,,,,,,,,,,,,,,,,,,,,,,,,,,,,,,
4473,,,,,,,,,,,,,,,,,,,,,,,,,,,,,,,,,,,,,,,,,,,,,,,,,,,,,,,,,,,,,,,,,,,,,,,,,,,,,,,,,,,,,,,,,,,,,,,,,,,,,,,,,,,,,,,,,,,,,,,,,,,,,,,,,,,,,,,,,,,,,,,,,,1.0,,,,,,,,,,,,,,,,,,,,,,,,,,,,,,,,,,,,,,,,,,,,,,,,,,,
4488,,,,,,,,,,,,,,,,,,,,,,,,,,,,,,,,,,,,,,,,,,,,,,,,,,,,,,,,,,,,,,,,,,,,,,,,,,,,,,,,,,,,,,,,,,,,,,,,,,,,,,,,,,,,,,,,,,,,,,,,,,,,,,,,,,,,,,,,,,,,,,,,,,1.0,,,,,,,,,,,,,,,,,,,,,,,,,,,,,,,,,,,,,,,,,,,,,,,,,,,
2442,,,,,,,,,,,,,,,,,,,,,,,,,,,,,,,,,,,,,,,,,,,,,,,,,,,,,,,,,,,,,,,,,,,,,,,,,,,,,,,,,,,,,,,,,,,,,,,,,,,,,,,,,,,,,,,,,,,,,,,,,,,,,,,,,,,,,,,,,,,,,,,,,,,,,,,1.0,,,,,,,,,,,,,,,,,,,,,,,,,,,,,,,,,,,,,,,,,,,,,,
2938,,,,,,,,,,,,,,,,,,,,,,,,,,,,,,,,,,,,,,,,,,,,,,,,,,,,,,,,,,,,,,,,,,,,,,,,,,,,,,,,,,,,,,,,,,,,,,,,,,,,,,,,,,,,,,,,,,,,,,,,,,,,,,,,,,,,,,,,,,,,,,,,,,,,,,,1.0,,,,,,,,,,,,,,,,,,,,,,,,,,,,,,,,,,,,,,,,,,,,,,
3376,,,,,,,,,,,,,,,,,,,,,,,,,,,,,,,,,,,,,,,,,,,,,,,,,,,,,,,,,,,,,,,,,,,,,,,,,,,,,,,,,,,,,,,,,,,,,,,,,,,,,,,,,,,,,,,,,,,,,,,,,,,,,,,,,,,,,,,,,,,,,,,,,,,,,,,1.0,,,,,,,,,,,,,,,,,,,,,,,,,,,,,,,,,,,,,,,,,,,,,,
2999,,,,,,,,,,,,,,,,,,,,,,,,,,,,,,,,,,,,,,,,,,,,,,,,,,,,,,,,,,,,,,,,,,,,,,,,,,,,,,,,,,,,,,,,,,,,,,,,,,,,,,,,,,,,,,,,,,,,,,,,,,,,,,,,,,,,,,,,,,,,,,,,,,,,,,,,1.0,,,,,,,,,,,,,,,,,,,,,,,,,,,,,,,,,,,,,,,,,,,,,
4497,,,,,,,,,,,,,,,,,,,,,,,,,,,,,,,,,,,,,,,,,,,,,,,,,,,,,,,,,,,,,,,,,,,,,,,,,,,,,,,,,,,,,,,,,,,,,,,,,,,,,,,,,,,,,,,,,,,,,,,,,,,,,,,,,,,,,,,,,,,,,,,,,,,,,,,,0.5,,1.0,,,,,,,,,,,,,,,,,,,1.0,,,,,,,,,,,,,,,,,,,,,,,,
4197,,,,,,,,,,,,,,,,,,,,,,,,,,,,,,,,,,,,,,,,,,,,,,,,,,,,,,,,,,,,,,,,,,,,,,,,,,,,,,,,,,,,,,,,,,,,,,,,,,,,,,,,,,,,,,,,,,,,,,,,,,,,,,,,,,,,,,,,,,,,,,,,,,,,,,,,,,1.0,,,,,,,,,,,,1.0,,,,,,,,,,,,,,,,,,,,,,,,,,,,,,,
4111,,,,,,,,,,,,,,,,,,,,,,,,,,,,,,,,,,,,,,,,,,,,,,,,,,,,,,,,,,,,,,,,,,,,,,,,,,,,,,,,,,,,,,,,,,,,,,,,,,,,,,,,,,,,,,,,,,,,,,,,,,,,,,,,,,,,,,,,,,,,,,,,,,,,,,,,,,,1.0,,,,,,,,,,,,,,,,,,,,,,,,,,,,,,,,,,,,,,,,,,
4532,,,,,,,,,,,,,,,,,,,,,,,,,,,,,,,,,,,,,,,,,,,,,,,,,,,,,,,,,,,,,,,,,,,,,,,,,,,,,,,,,,,,,,,,,,,,,,,,,,,,,,,,,,,,,,,,,,,,,,,,,,,,,,,,,,,,,,,,,,,,,,,,,,,,,,,,,,,1.0,,,,,,,,,,,,,,,,,,,,,,,,,,,,,,,,,,,,,,,,,,
3929,,,,,,,,,,,,,,,,,,,,,,,,,,,,,,,,,,,,,,,,,,,,,,,,,,,,,,,,,,,,,,,,,,,,,,,,,,,,,,,,,,,,,,,,,,,,,,,,,,,,,,,,,,,,,,,,,,,,,,,,,,,,,,,,,,,,,,,,,,,,,,,,,,,,,,,,,,,,,1.0,,,,,,,,,,,,,,,,,,,,,,,,,,,,,,,,,,,,,,,,
4324,,,,,,,,,,,,,,,,,,,,,,,,,,,,,,,,,,,,,,,,,,,,,,,,,,,,,,,,,,,,,,,,,,,,,,,,,,,,,,,,,,,,,,,,,,,,,,,,,,,,,,,,,,,,,,,,,,,,,,,,,,,,,,,,,,,,,,,,,,,,,,,,,,,,,,,,,,,,,0.0,,,,,,,,,,,,,,,,,,,,,,,,,,,,,,,,,,,,,,,,
4332,,,,,,,,,,,,,,,,,,,,,,,,,,,,,,,,,,,,,,,,,,,,,,,,,,,,,,,,,,,,,,,,,,,,,,,,,,,,,,,,,,,,,,,,,,,,,,,,,,,,,,,,,,,,,,,,,,,,,,,,,,,,,,,,,,,,,,,,,,,,,,,,,,,,,,,,,,,,,0.0,,,,,,,,,,,,,,,,,,,,,,,,,,,,,,,,,,,,,,,,
3649,,,,,,,,,,,,,,,,,,,,,,,,,,,,,,,,,,,,,,,,,,,,,,,,,,,,,,,,,,,,,,,,,,,,,,,,,,,,,,,,,,,,,,,,,,,,,,,,,,,,,,,,,,,,,,,,,,,,,,,,,,,,,,,,,,,,,,,,,,,,,,,,,,,,,,,,,,,,,,1.0,,,,,,,,,,,,,,,,,,,,,,,,,,,,,,,,,,,,,,,
4346,,,,,,,,,,,,,,,,,,,,,,,,,,,,,,,,,,,,,,,,,,,,,,,,,,,,,,,,,,,,,,,,,,,,,,,,,,,,,,,,,,,,,,,,,,,,,,,,,,,,,,,,,,,,,,,,,,,,,,,,,,,,,,,,,,,,,,,,,,,,,,,,,,,,,,,,,,,,,,1.0,,,,,,,,,,,,,,,,,,,,,,,,,,,,,,,,,,,,,,,
4573,,,,,,,,,,,,,,,,,,,,,,,,,,,,,,,,,,,,,,,,,,,,,,,,,,,,,,,,,,,,,,,,,,,,,,,,,,,,,,,,,,,,,,,,,,,,,,,,,,,,,,,,,,,,,,,,,,,,,,,,,,,,,,,,,,,,,,,,,,,,,,,,,,,,,,,,,,,,,,0.5,,,,,,,,,,,,,,,,,,,,,,,,,,,,,,,,,,,,,,,
1065,,,,,,,,,,,,,,,,,,,,,,,,,,,,,,,,,,,,,,,,,,,,,,,,,,,,,,,,,,,,,,,,,,,,,,,,,,,,,,,,,,,,,,,,,,,,,,,,,,,,,,,,,,,,,,,,,,,,,,,,,,,,,,,,,,,,,,,,,,,,,,,,,,,,,,,,,,,,,,,,1.0,1.0,1.0,1.0,,,,,,,,,,,,,,,,,,,,,,,,,,,,,,,,,,
4241,,,,,,,,,,,,,,,,,,,,,,,,,,,,,,,,,,,,,,,,,,,,,,,,,,,,,,,,,,,,,,,,,,,,,,,,,,,,,,,,,,,,,,,,,,,,,,,,,,,,,,,,,,,,,,,,,,,,,,,,,,,,,,,,,,,,,,,,,,,,,,,,,,,,,,,,,,,,,,,,0.5,,,,,,,,,,,,,,,,,,,,,,,,,,,,,,,,,,,,,
3534,,,,,,,,,,,,,,,,,,,,,,,,,,,,,,,,,,,,,,,,,,,,,,,,,,,,,,,,,,,,,,,,,,,,,,,,,,,,,,,,,,,,,,,,,,,,,,,,,,,,,,,,,,,,,,,,,,,,,,,,,,,,,,,,,,,,,,,,,,,,,,,,,,,,,,,,,,,,,,,,,,0.5,,,,,,,,,,,,,,,,,,,,,,,,,,,,,,,,,,,
4065,,,,,,,,,,,,,,,,,,,,,,,,,,,,,,,,,,,,,,,,,,,,,,,,,,,,,,,,,,,,,,,,,,,,,,,,,,,,,,,,,,,,,,,,,,,,,,,,,,,,,,,,,,,,,,,,,,,,,,,,,,,,,,,,,,,,,,,,,,,,,,,,,,,,,,,,,,,,,,,,,,,0.5,,,,,,,,,,,,,,,,,,,,,,,,,,,,,,,,,,
3933,,,,,,,,,,,,,,,,,,,,,,,,,,,,,,,,,,,,,,,,,,,,,,,,,,,,,,,,,,,,,,,,,,,,,,,,,,,,,,,,,,,,,,,,,,,,,,,,,,,,,,,,,,,,,,,,,,,,,,,,,,,,,,,,,,,,,,,,,,,,,,,,,,,,,,,,,,,,,,,,,,,,,,1.0,,,,,,,,,,,,,,,,,,,,,,,,,,,,,,,
4120,,,,,,,,,,,,,,,,,,,,,,,,,,,,,,,,,,,,,,,,,,,,,,,,,,,,,,,,,,,,,,,,,,,,,,,,,,,,,,,,,,,,,,,,,,,,,,,,,,,,,,,,,,,,,,,,,,,,,,,,,,,,,,,,,,,,,,,,,,,,,,,,,,,,,,,,,,,,,,,,,,,,,,1.0,,,,,,,,,,,,,,,,,,1.0,,,,,,,,,,,,,
4216,,,,,,,,,,,,,,,,,,,,,,,,,,,,,,,,,,,,,,,,,,,,,,,,,,,,,,,,,,,,,,,,,,,,,,,,,,,,,,,,,,,,,,,,,,,,,,,,,,,,,,,,,,,,,,,,,,,,,,,,,,,,,,,,,,,,,,,,,,,,,,,,,,,,,,,,,,,,,,,,,,,,,,,,,,1.0,,,,,,,,,,,,,,,,,,,,,,,,,,,
4250,,,,,,,,,,,,,,,,,,,,,,,,,,,,,,,,,,,,,,,,,,,,,,,,,,,,,,,,,,,,,,,,,,,,,,,,,,,,,,,,,,,,,,,,,,,,,,,,,,,,,,,,,,,,,,,,,,,,,,,,,,,,,,,,,,,,,,,,,,,,,,,,,,,,,,,,,,,,,,,,,,,,,,,,,,1.0,,,,,,,,,,,,,,,,,,,,,,,,,,,
3730,,,,,,,,,,,,,,,,,,,,,,,,,,,,,,,,,,,,,,,,,,,,,,,,,,,,,,,,,,,,,,,,,,,,,,,,,,,,,,,,,,,,,,,,,,,,,,,,,,,,,,,,,,,,,,,,,,,,,,,,,,,,,,,,,,,,,,,,,,,,,,,,,,,,,,,,,,,,,,,,,,,,,,,,,,,0.5,,,,,,,,,,,,,,,,,,,,,,,,,,
4121,,,,,,,,,,,,,,,,,,,,,,,,,,,,,,,,,,,,,,,,,,,,,,,,,,,,,,,,,,,,,,,,,,,,,,,,,,,,,,,,,,,,,,,,,,,,,,,,,,,,,,,,,,,,,,,,,,,,,,,,,,,,,,,,,,,,,,,,,,,,,,,,,,,,,,,,,,,,,,,,,,,,,,,,,,,0.0,,,,,,,,,,,,,,,,,,,,,,,,,,
4461,,,,,,,,,,,,,,,,,,,,,,,,,,,,,,,,,,,,,,,,,,,,,,,,,,,,,,,,,,,,,,,,,,,,,,,,,,,,,,,,,,,,,,,,,,,,,,,,,,,,,,,,,,,,,,,,,,,,,,,,,,,,,,,,,,,,,,,,,,,,,,,,,,,,,,,,,,,,,,,,,,,,,,,,,,,0.5,,,,,,,,,,,,,,,,,,,,,,,,,,
3904,,,,,,,,,,,,,,,,,,,,,,,,,,,,,,,,,,,,,,,,,,,,,,,,,,,,,,,,,,,,,,,,,,,,,,,,,,,,,,,,,,,,,,,,,,,,,,,,,,,,,,,,,,,,,,,,,,,,,,,,,,,,,,,,,,,,,,,,,,,,,,,,,,,,,,,,,,,,,,,,,,,,,,,,,,,,0.0,,,,,,,,,,,,,,,,,,,,,,,,,
4348,,,,,,,,,,,,,,,,,,,,,,,,,,,,,,,,,,,,,,,,,,,,,,,,,,,,,,,,,,,,,,,,,,,,,,,,,,,,,,,,,,,,,,,,,,,,,,,,,,,,,,,,,,,,,,,,,,,,,,,,,,,,,,,,,,,,,,,,,,,,,,,,,,,,,,,,,,,,,,,,,,,,,,,,,,,,,1.0,,,,,,,,,,,,,,,,,,,,,,,,
4139,,,,,,,,,,,,,,,,,,,,,,,,,,,,,,,,,,,,,,,,,,,,,,,,,,,,,,,,,,,,,,,,,,,,,,,,,,,,,,,,,,,,,,,,,,,,,,,,,,,,,,,,,,,,,,,,,,,,,,,,,,,,,,,,,,,,,,,,,,,,,,,,,,,,,,,,,,,,,,,,,,,,,,,,,,,,,,1.0,,,,,,,,,,,,,,,,,,,,,,,
4267,,,,,,,,,,,,,,,,,,,,,,,,,,,,,,,,,,,,,,,,,,,,,,,,,,,,,,,,,,,,,,,,,,,,,,,,,,,,,,,,,,,,,,,,,,,,,,,,,,,,,,,,,,,,,,,,,,,,,,,,,,,,,,,,,,,,,,,,,,,,,,,,,,,,,,,,,,,,,,,,,,,,,,,,,,,,,,,1.0,,,,,,,,,,,,,,,,,,,,,,
4133,,,,,,,,,,,,,,,,,,,,,,,,,,,,,,,,,,,,,,,,,,,,,,,,,,,,,,,,,,,,,,,,,,,,,,,,,,,,,,,,,,,,,,,,,,,,,,,,,,,,,,,,,,,,,,,,,,,,,,,,,,,,,,,,,,,,,,,,,,,,,,,,,,,,,,,,,,,,,,,,,,,,,,,,,,,,,,,,,,,,,,,,,1.0,,,,,,,,,,,,
4363,,,,,,,,,,,,,,,,,,,,,,,,,,,,,,,,,,,,,,,,,,,,,,,,,,,,,,,,,,,,,,,,,,,,,,,,,,,,,,,,,,,,,,,,,,,,,,,,,,,,,,,,,,,,,,,,,,,,,,,,,,,,,,,,,,,,,,,,,,,,,,,,,,,,,,,,,,,,,,,,,,,,,,,,,,,,,,,,,,,,,,,,,,,1.0,,,,,,,,,,
4378,,,,,,,,,,,,,,,,,,,,,,,,,,,,,,,,,,,,,,,,,,,,,,,,,,,,,,,,,,,,,,,,,,,,,,,,,,,,,,,,,,,,,,,,,,,,,,,,,,,,,,,,,,,,,,,,,,,,,,,,,,,,,,,,,,,,,,,,,,,,,,,,,,,,,,,,,,,,,,,,,,,,,,,,,,,,,,,,,,,,,,,,,,,,1.0,,,,,,,,,
