respondentId,party,color
0,HR,#bc8144
1,IS,#2ca02c
2,NO,#3d8e61
3,RO,#b06e48
4,RU,#61667a
5,ES,#eeb33e
6,GB,#7fa047
7,FR,#b49f44
8,RS,#c17541
9,AM,#d1322e
10,AT,#ae8648
11,HU,#ac7c49
12,FR,#b49f44
13,AM,#d1322e
14,DK,#6b8e57
15,BG,#c66a3e
16,CZ,#97854f
17,AM,#d1322e
18,HU,#ac7c49
19,IT,#ce893f
20,AT,#ae8648
21,NL,#8c974b
22,SK,#9d7d4f
23,DK,#6b8e57
24,IS,#2ca02c
25,IS,#2ca02c
26,BY,#7b7261
27,SE,#3c8a6a
28,DK,#6b8e57
29,CH,#b19246
30,FI,#2b8384
31,GE,#c43d39
32,SI,#b58346
33,NL,#8c974b
34,RO,#b06e48
35,HR,#bc8144
36,NL,#8c974b
37,GB,#7fa047
38,AL,#d87539
39,DK,#6b8e57
40,AL,#d87539
41,HR,#bc8144
42,AL,#d87539
43,IS,#2ca02c
44,LT,#6e7a64
45,DK,#6b8e57
46,CH,#b19246
47,GE,#c43d39
48,EE,#507d73
49,RO,#b06e48
50,NL,#8c974b
51,AM,#d1322e
52,DE,#918e4e
53,GB,#7fa047
54,BA,#c37c41
55,DE,#918e4e
56,BA,#c37c41
57,AL,#d87539
58,CH,#b19246
59,GE,#c43d39
60,IS,#2ca02c
61,CH,#b19246
62,IT,#ce893f
63,AM,#d1322e
64,FI,#2b8384
65,CH,#b19246
66,LT,#6e7a64
67,FR,#b49f44
68,LT,#6e7a64
69,ES,#eeb33e
70,DK,#6b8e57
71,ES,#eeb33e
72,ES,#eeb33e
73,NL,#8c974b
74,NO,#3d8e61
75,AL,#d87539
76,DK,#6b8e57
77,FR,#b49f44
78,IT,#ce893f
79,SK,#9d7d4f
80,FR,#b49f44
81,RU,#61667a
82,DE,#918e4e
83,RO,#b06e48
84,BA,#c37c41
85,DE,#918e4e
86,DK,#6b8e57
87,EE,#507d73
88,GB,#7fa047
89,AL,#d87539
90,HU,#ac7c49
91,HR,#bc8144
92,GE,#c43d39
93,DK,#6b8e57
94,HU,#ac7c49
95,FR,#b49f44
96,BA,#c37c41
97,CH,#b19246
98,GE,#c43d39
99,GE,#c43d39
100,GB,#7fa047
101,RS,#c17541
102,RU,#61667a
103,HR,#bc8144
104,CH,#b19246
105,CZ,#97854f
106,PT,#f8bf3f
107,SK,#9d7d4f
108,BA,#c37c41
109,PT,#f8bf3f
110,SE,#3c8a6a
111,RU,#61667a
112,CH,#b19246
113,DK,#6b8e57
114,RU,#61667a
115,AT,#ae8648
116,SK,#9d7d4f
117,DK,#6b8e57
118,IS,#2ca02c
119,RO,#b06e48
120,AL,#d87539
121,ES,#eeb33e
122,DK,#6b8e57
123,SK,#9d7d4f
124,SK,#9d7d4f
125,FI,#2b8384
126,BG,#c66a3e
127,SE,#3c8a6a
128,EE,#507d73
129,SE,#3c8a6a
130,NL,#8c974b
131,ME,#d1783c
132,DE,#918e4e
133,GB,#7fa047
134,CH,#b19246
135,DK,#6b8e57
136,DE,#918e4e
137,EE,#507d73
138,NL,#8c974b
139,NL,#8c974b
140,DK,#6b8e57
141,CH,#b19246
142,NL,#8c974b
143,GB,#7fa047
144,CH,#b19246
145,FR,#b49f44
146,BG,#c66a3e
147,BY,#7b7261
148,FR,#b49f44
149,IS,#2ca02c
150,NL,#8c974b
151,DK,#6b8e57
152,GB,#7fa047
153,CH,#b19246
154,DE,#918e4e
155,LT,#6e7a64
156,DK,#6b8e57
157,SI,#b58346
158,EE,#507d73
159,FR,#b49f44
160,DE,#918e4e
161,NL,#8c974b
162,CZ,#97854f
163,AT,#ae8648
164,BA,#c37c41
165,NL,#8c974b
166,IS,#2ca02c
167,LT,#6e7a64
168,PT,#f8bf3f
169,CH,#b19246
170,DE,#918e4e
171,EE,#507d73
172,RU,#61667a
173,SI,#b58346
174,ME,#d1783c
175,BG,#c66a3e
176,NO,#3d8e61
177,AL,#d87539
178,SE,#3c8a6a
179,RS,#c17541
180,DE,#918e4e
181,RO,#b06e48
182,AZ,#cf2a2d
183,AM,#d1322e
184,RS,#c17541
185,CH,#b19246
186,ES,#eeb33e
187,RS,#c17541
188,CH,#b19246
189,LT,#6e7a64
190,AL,#d87539
191,GB,#7fa047
192,ME,#d1783c
193,NL,#8c974b
194,DK,#6b8e57
195,SE,#3c8a6a
196,EE,#507d73
197,DE,#918e4e
198,DK,#6b8e57
199,CH,#b19246
200,LT,#6e7a64
201,SE,#3c8a6a
202,RS,#c17541
203,IT,#ce893f
204,PL,#867f57
205,EE,#507d73
206,DK,#6b8e57
207,HU,#ac7c49
208,DK,#6b8e57
209,CH,#b19246
210,BG,#c66a3e
211,DK,#6b8e57
212,SE,#3c8a6a
213,DE,#918e4e
214,DK,#6b8e57
215,BG,#c66a3e
216,RU,#61667a
217,FR,#b49f44
218,SE,#3c8a6a
219,RS,#c17541
220,AL,#d87539
221,CH,#b19246
222,SI,#b58346
223,HR,#bc8144
224,CZ,#97854f
225,BA,#c37c41
226,AM,#d1322e
227,DE,#918e4e
228,PT,#f8bf3f
229,FI,#2b8384
230,FI,#2b8384
231,SK,#9d7d4f
232,DK,#6b8e57
233,HU,#ac7c49
234,IT,#ce893f
235,DK,#6b8e57
236,BY,#7b7261
237,DK,#6b8e57
238,CH,#b19246
239,FI,#2b8384
240,SK,#9d7d4f
241,AL,#d87539
242,HR,#bc8144
243,AT,#ae8648
244,SI,#b58346
245,PL,#867f57
246,MK,#d0733c
247,HR,#bc8144
248,BG,#c66a3e
249,IS,#2ca02c
250,AL,#d87539
251,DK,#6b8e57
252,GB,#7fa047
253,SE,#3c8a6a
254,AM,#d1322e
255,DK,#6b8e57
256,SK,#9d7d4f
257,SE,#3c8a6a
258,LT,#6e7a64
259,FR,#b49f44
260,IT,#ce893f
261,BA,#c37c41
262,DE,#918e4e
263,IT,#ce893f
264,HR,#bc8144
265,BG,#c66a3e
266,SI,#b58346
267,SK,#9d7d4f
268,AT,#ae8648
269,DK,#6b8e57
270,DE,#918e4e
271,NO,#3d8e61
272,AL,#d87539
273,SI,#b58346
274,NL,#8c974b
275,SI,#b58346
276,AM,#d1322e
277,BA,#c37c41
278,PL,#867f57
279,RO,#b06e48
280,CH,#b19246
281,CH,#b19246
282,RU,#61667a
283,SE,#3c8a6a
284,BA,#c37c41
285,AL,#d87539
286,HU,#ac7c49
287,SE,#3c8a6a
288,EE,#507d73
289,IS,#2ca02c
290,HU,#ac7c49
291,FR,#b49f44
292,PL,#867f57
293,ME,#d1783c
294,DE,#918e4e
295,PT,#f8bf3f
296,DK,#6b8e57
297,DK,#6b8e57
298,NO,#3d8e61
299,HR,#bc8144
300,RO,#b06e48
301,AL,#d87539
302,NL,#8c974b
303,BY,#7b7261
304,NL,#8c974b
305,AT,#ae8648
306,DK,#6b8e57
307,CH,#b19246
308,SI,#b58346
309,DK,#6b8e57
310,SE,#3c8a6a
311,HU,#ac7c49
312,GE,#c43d39
313,IT,#ce893f
314,MK,#d0733c
315,ES,#eeb33e
316,IT,#ce893f
317,MK,#d0733c
318,NO,#3d8e61
319,HU,#ac7c49
320,DK,#6b8e57
321,RS,#c17541
322,AM,#d1322e
323,BY,#7b7261
324,CH,#b19246
325,RU,#61667a
326,BY,#7b7261
327,IS,#2ca02c
328,SE,#3c8a6a
329,FR,#b49f44
330,SK,#9d7d4f
331,DE,#918e4e
332,IS,#2ca02c
333,ME,#d1783c
334,HU,#ac7c49
335,SK,#9d7d4f
336,CH,#b19246
337,CH,#b19246
338,RS,#c17541
339,SK,#9d7d4f
340,DK,#6b8e57
341,AT,#ae8648
342,BG,#c66a3e
343,CZ,#97854f
344,PL,#867f57
345,DK,#6b8e57
346,NL,#8c974b
347,NO,#3d8e61
348,FI,#2b8384
349,FI,#2b8384
350,CZ,#97854f
351,SK,#9d7d4f
352,AL,#d87539
353,DK,#6b8e57
354,DE,#918e4e
355,AZ,#cf2a2d
356,DE,#918e4e
357,DK,#6b8e57
358,ME,#d1783c
359,RS,#c17541
360,SE,#3c8a6a
361,AT,#ae8648
362,AM,#d1322e
363,IT,#ce893f
364,PL,#867f57
365,LT,#6e7a64
366,GB,#7fa047
367,AT,#ae8648
368,CZ,#97854f
369,CH,#b19246
370,GE,#c43d39
371,IT,#ce893f
372,EE,#507d73
373,RS,#c17541
374,AL,#d87539
375,AL,#d87539
376,BA,#c37c41
377,RU,#61667a
378,DK,#6b8e57
379,SK,#9d7d4f
380,BG,#c66a3e
381,AL,#d87539
382,CH,#b19246
383,GE,#c43d39
384,AL,#d87539
385,FR,#b49f44
386,CZ,#97854f
387,DE,#918e4e
388,SK,#9d7d4f
389,SK,#9d7d4f
390,BY,#7b7261
391,FI,#2b8384
392,GE,#c43d39
393,CH,#b19246
394,FI,#2b8384
395,CH,#b19246
396,GE,#c43d39
397,GB,#7fa047
398,CZ,#97854f
399,ES,#eeb33e
400,DK,#6b8e57
401,SK,#9d7d4f
402,HR,#bc8144
403,RS,#c17541
404,NL,#8c974b
405,DE,#918e4e
406,CZ,#97854f
407,GE,#c43d39
408,DK,#6b8e57
409,BG,#c66a3e
410,AM,#d1322e
411,SE,#3c8a6a
412,SE,#3c8a6a
413,PL,#867f57
414,HR,#bc8144
415,IS,#2ca02c
416,RU,#61667a
417,DE,#918e4e
418,HU,#ac7c49
419,AM,#d1322e
420,ES,#eeb33e
421,PT,#f8bf3f
422,IS,#2ca02c
423,SK,#9d7d4f
424,FR,#b49f44
425,FR,#b49f44
426,RO,#b06e48
427,GB,#7fa047
428,DK,#6b8e57
429,NL,#8c974b
430,BA,#c37c41
431,DK,#6b8e57
432,SE,#3c8a6a
433,AT,#ae8648
434,RS,#c17541
435,NL,#8c974b
436,AZ,#cf2a2d
437,GE,#c43d39
438,HU,#ac7c49
439,DE,#918e4e
440,RS,#c17541
441,AT,#ae8648
442,CH,#b19246
443,DE,#918e4e
444,DE,#918e4e
445,NO,#3d8e61
446,DK,#6b8e57
447,HU,#ac7c49
448,DE,#918e4e
449,IS,#2ca02c
450,DK,#6b8e57
451,BY,#7b7261
452,FI,#2b8384
453,GE,#c43d39
454,RO,#b06e48
455,SE,#3c8a6a
456,SE,#3c8a6a
457,CZ,#97854f
458,DE,#918e4e
459,SE,#3c8a6a
460,NL,#8c974b
461,AT,#ae8648
462,AL,#d87539
463,SE,#3c8a6a
464,IS,#2ca02c
465,BA,#c37c41
466,BY,#7b7261
467,IS,#2ca02c
468,PL,#867f57
469,FI,#2b8384
470,CH,#b19246
471,GB,#7fa047
472,EE,#507d73
473,GE,#c43d39
474,FR,#b49f44
475,FR,#b49f44
476,PT,#f8bf3f
477,IS,#2ca02c
478,HR,#bc8144
479,DK,#6b8e57
480,HR,#bc8144
481,DE,#918e4e
482,RS,#c17541
483,BY,#7b7261
484,AM,#d1322e
485,CH,#b19246
486,HU,#ac7c49
487,FI,#2b8384
488,NL,#8c974b
489,GB,#7fa047
490,FI,#2b8384
491,CH,#b19246
492,EE,#507d73
493,AM,#d1322e
494,IT,#ce893f
495,AL,#d87539
496,RO,#b06e48
497,NO,#3d8e61
498,DE,#918e4e
499,CZ,#97854f
500,IS,#2ca02c
501,CH,#b19246
502,BY,#7b7261
503,SK,#9d7d4f
504,HU,#ac7c49
505,GE,#c43d39
506,BG,#c66a3e
507,HU,#ac7c49
508,BG,#c66a3e
509,SE,#3c8a6a
510,DK,#6b8e57
511,GE,#c43d39
512,DK,#6b8e57
513,HU,#ac7c49
514,EE,#507d73
515,PL,#867f57
516,HR,#bc8144
517,DK,#6b8e57
518,IT,#ce893f
519,PL,#867f57
520,DE,#918e4e
521,AT,#ae8648
522,SI,#b58346
523,IS,#2ca02c
524,FR,#b49f44
525,FI,#2b8384
526,GB,#7fa047
527,PL,#867f57
528,GB,#7fa047
529,AM,#d1322e
530,SI,#b58346
531,BA,#c37c41
532,DK,#6b8e57
533,AL,#d87539
534,PT,#f8bf3f
535,DE,#918e4e
536,AM,#d1322e
537,DK,#6b8e57
538,BA,#c37c41
539,ES,#eeb33e
540,PL,#867f57
541,DK,#6b8e57
542,NO,#3d8e61
543,NO,#3d8e61
544,EE,#507d73
545,SK,#9d7d4f
546,DE,#918e4e
547,BG,#c66a3e
548,ES,#eeb33e
549,IS,#2ca02c
550,NO,#3d8e61
551,EE,#507d73
552,CH,#b19246
553,GE,#c43d39
554,CZ,#97854f
555,GB,#7fa047
556,DK,#6b8e57
557,AM,#d1322e
558,AT,#ae8648
559,DK,#6b8e57
560,SK,#9d7d4f
561,NO,#3d8e61
562,ES,#eeb33e
563,SE,#3c8a6a
564,BA,#c37c41
565,PL,#867f57
566,GB,#7fa047
567,CZ,#97854f
568,IS,#2ca02c
569,GB,#7fa047
570,ME,#d1783c
571,FR,#b49f44
572,RS,#c17541
573,ES,#eeb33e
574,AT,#ae8648
575,CH,#b19246
576,DK,#6b8e57
577,NL,#8c974b
578,AL,#d87539
579,DK,#6b8e57
580,CH,#b19246
581,CZ,#97854f
582,AL,#d87539
583,DK,#6b8e57
584,SI,#b58346
585,NL,#8c974b
586,BA,#c37c41
587,SE,#3c8a6a
588,GE,#c43d39
589,AT,#ae8648
590,IT,#ce893f
591,DK,#6b8e57
592,DE,#918e4e
593,GB,#7fa047
594,HU,#ac7c49
595,NL,#8c974b
596,NL,#8c974b
597,DK,#6b8e57
598,SE,#3c8a6a
599,IT,#ce893f
600,CH,#b19246
601,IT,#ce893f
602,AT,#ae8648
603,FR,#b49f44
604,HU,#ac7c49
605,DE,#918e4e
606,DE,#918e4e
607,BG,#c66a3e
608,NL,#8c974b
609,DK,#6b8e57
610,CH,#b19246
611,DE,#918e4e
612,RS,#c17541
613,AM,#d1322e
614,IS,#2ca02c
615,IS,#2ca02c
616,FR,#b49f44
617,LT,#6e7a64
618,AT,#ae8648
619,GE,#c43d39
620,IS,#2ca02c
621,SI,#b58346
622,CH,#b19246
623,AL,#d87539
624,CH,#b19246
625,NL,#8c974b
626,ES,#eeb33e
627,AZ,#cf2a2d
628,PT,#f8bf3f
629,BA,#c37c41
630,CZ,#97854f
631,DK,#6b8e57
632,BA,#c37c41
633,NL,#8c974b
634,PL,#867f57
635,AL,#d87539
636,GB,#7fa047
637,DE,#918e4e
638,RU,#61667a
639,SK,#9d7d4f
640,GE,#c43d39
641,SE,#3c8a6a
642,CH,#b19246
643,SE,#3c8a6a
644,DK,#6b8e57
645,GB,#7fa047
646,NL,#8c974b
647,DE,#918e4e
648,NO,#3d8e61
649,RS,#c17541
650,GB,#7fa047
651,GE,#c43d39
652,BA,#c37c41
653,DE,#918e4e
654,SE,#3c8a6a
655,DK,#6b8e57
656,GB,#7fa047
657,FR,#b49f44
658,DE,#918e4e
659,NL,#8c974b
660,FR,#b49f44
661,AM,#d1322e
662,ME,#d1783c
663,BA,#c37c41
664,LT,#6e7a64
665,DK,#6b8e57
666,DE,#918e4e
667,DK,#6b8e57
668,AM,#d1322e
669,AT,#ae8648
670,DK,#6b8e57
671,PT,#f8bf3f
672,DK,#6b8e57
673,DK,#6b8e57
674,IT,#ce893f
675,NL,#8c974b
676,DE,#918e4e
677,CZ,#97854f
678,BY,#7b7261
679,DK,#6b8e57
680,ME,#d1783c
681,CZ,#97854f
682,ES,#eeb33e
683,SE,#3c8a6a
684,PT,#f8bf3f
685,CH,#b19246
686,AM,#d1322e
687,CZ,#97854f
688,NO,#3d8e61
689,CH,#b19246
690,DK,#6b8e57
691,AM,#d1322e
692,BY,#7b7261
693,FI,#2b8384
694,AL,#d87539
695,SK,#9d7d4f
696,DK,#6b8e57
697,HU,#ac7c49
698,ES,#eeb33e
699,AT,#ae8648
700,PT,#f8bf3f
701,GB,#7fa047
702,DK,#6b8e57
703,AM,#d1322e
704,ES,#eeb33e
705,AT,#ae8648
706,BG,#c66a3e
707,IT,#ce893f
708,AL,#d87539
709,AL,#d87539
710,CH,#b19246
711,SK,#9d7d4f
712,BA,#c37c41
713,GB,#7fa047
714,AL,#d87539
715,DE,#918e4e
716,PT,#f8bf3f
717,NL,#8c974b
718,EE,#507d73
719,DK,#6b8e57
720,AM,#d1322e
721,GE,#c43d39
722,BA,#c37c41
723,IS,#2ca02c
724,PT,#f8bf3f
725,CH,#b19246
726,FR,#b49f44
727,RU,#61667a
728,DE,#918e4e
729,AZ,#cf2a2d
730,DK,#6b8e57
731,RU,#61667a
732,EE,#507d73
733,CZ,#97854f
734,IT,#ce893f
735,HR,#bc8144
736,SK,#9d7d4f
737,SK,#9d7d4f
738,CZ,#97854f
739,NO,#3d8e61
740,SI,#b58346
741,FR,#b49f44
742,CZ,#97854f
743,BY,#7b7261
744,DE,#918e4e
745,HU,#ac7c49
746,ES,#eeb33e
747,CH,#b19246
748,PT,#f8bf3f
749,RU,#61667a
750,NL,#8c974b
751,CH,#b19246
752,AZ,#cf2a2d
753,GE,#c43d39
754,SK,#9d7d4f
755,DE,#918e4e
756,BG,#c66a3e
757,SE,#3c8a6a
758,SK,#9d7d4f
759,CZ,#97854f
760,DK,#6b8e57
761,GB,#7fa047
762,GE,#c43d39
763,LT,#6e7a64
764,PT,#f8bf3f
765,MK,#d0733c
766,DE,#918e4e
767,AT,#ae8648
768,HR,#bc8144
769,RO,#b06e48
770,PL,#867f57
771,IT,#ce893f
772,ES,#eeb33e
773,DK,#6b8e57
774,DK,#6b8e57
775,MK,#d0733c
776,AM,#d1322e
777,FI,#2b8384
778,BG,#c66a3e
779,CZ,#97854f
780,CH,#b19246
781,BA,#c37c41
782,DK,#6b8e57
783,AZ,#cf2a2d
784,CH,#b19246
785,FR,#b49f44
786,RS,#c17541
787,DK,#6b8e57
788,GE,#c43d39
789,CH,#b19246
790,GB,#7fa047
791,DK,#6b8e57
792,FR,#b49f44
793,AL,#d87539
794,NL,#8c974b
795,CH,#b19246
796,DK,#6b8e57
797,AM,#d1322e
798,CH,#b19246
799,AT,#ae8648
800,RS,#c17541
801,ES,#eeb33e
802,AT,#ae8648
803,AM,#d1322e
804,CZ,#97854f
805,ES,#eeb33e
806,GE,#c43d39
807,IT,#ce893f
808,IT,#ce893f
809,DE,#918e4e
810,AM,#d1322e
811,GB,#7fa047
812,IT,#ce893f
813,GB,#7fa047
814,RU,#61667a
815,SI,#b58346
816,RU,#61667a
817,PL,#867f57
818,PL,#867f57
819,FI,#2b8384
820,FI,#2b8384
821,EE,#507d73
822,IS,#2ca02c
823,LT,#6e7a64
824,SI,#b58346
825,FI,#2b8384
826,ES,#eeb33e
827,DE,#918e4e
828,GB,#7fa047
829,DK,#6b8e57
830,IS,#2ca02c
831,CH,#b19246
832,FR,#b49f44
833,NL,#8c974b
834,RS,#c17541
835,AM,#d1322e
836,PT,#f8bf3f
837,NL,#8c974b
838,DE,#918e4e
839,AL,#d87539
840,AM,#d1322e
841,EE,#507d73
842,HU,#ac7c49
843,DK,#6b8e57
844,AT,#ae8648
845,AL,#d87539
846,SI,#b58346
847,CH,#b19246
848,RO,#b06e48
849,GB,#7fa047
850,NL,#8c974b
851,DK,#6b8e57
852,RO,#b06e48
853,AM,#d1322e
854,GB,#7fa047
855,HR,#bc8144
856,BG,#c66a3e
857,HU,#ac7c49
858,CH,#b19246
859,RU,#61667a
860,RO,#b06e48
861,SI,#b58346
862,DK,#6b8e57
863,IS,#2ca02c
864,FR,#b49f44
865,GE,#c43d39
866,ME,#d1783c
867,IT,#ce893f
868,IS,#2ca02c
869,HU,#ac7c49
870,MK,#d0733c
871,CZ,#97854f
872,SE,#3c8a6a
873,CH,#b19246
874,AZ,#cf2a2d
875,DK,#6b8e57
876,DK,#6b8e57
877,NL,#8c974b
878,RU,#61667a
879,PT,#f8bf3f
880,NL,#8c974b
881,GE,#c43d39
882,CZ,#97854f
883,BY,#7b7261
884,AM,#d1322e
885,DK,#6b8e57
886,LT,#6e7a64
887,PL,#867f57
888,RU,#61667a
889,DK,#6b8e57
890,RO,#b06e48
891,FR,#b49f44
892,IT,#ce893f
893,FR,#b49f44
894,RO,#b06e48
895,EE,#507d73
896,HU,#ac7c49
897,DK,#6b8e57
898,NL,#8c974b
899,GB,#7fa047
900,CZ,#97854f
901,BA,#c37c41
902,NO,#3d8e61
903,DK,#6b8e57
904,SE,#3c8a6a
905,FR,#b49f44
906,NL,#8c974b
907,CH,#b19246
908,DE,#918e4e
909,PL,#867f57
910,SI,#b58346
911,PL,#867f57
912,FR,#b49f44
913,FR,#b49f44
914,LT,#6e7a64
915,IT,#ce893f
916,PT,#f8bf3f
917,IS,#2ca02c
918,PT,#f8bf3f
919,DK,#6b8e57
920,DE,#918e4e
921,AM,#d1322e
922,GB,#7fa047
923,MK,#d0733c
924,DK,#6b8e57
925,DK,#6b8e57
926,BG,#c66a3e
927,AM,#d1322e
928,HR,#bc8144
929,FR,#b49f44
930,DK,#6b8e57
931,FR,#b49f44
932,BG,#c66a3e
933,GE,#c43d39
934,NO,#3d8e61
935,HR,#bc8144
936,NL,#8c974b
937,IS,#2ca02c
938,SE,#3c8a6a
939,IT,#ce893f
940,IS,#2ca02c
941,GB,#7fa047
942,CH,#b19246
943,DK,#6b8e57
944,FI,#2b8384
945,SK,#9d7d4f
946,AZ,#cf2a2d
947,BG,#c66a3e
948,ES,#eeb33e
949,GE,#c43d39
950,FR,#b49f44
951,AZ,#cf2a2d
952,SE,#3c8a6a
953,CH,#b19246
954,SE,#3c8a6a
955,BA,#c37c41
956,AT,#ae8648
957,GE,#c43d39
958,SK,#9d7d4f
959,CH,#b19246
960,DK,#6b8e57
961,NL,#8c974b
962,GB,#7fa047
963,NL,#8c974b
964,IS,#2ca02c
965,DK,#6b8e57
966,NL,#8c974b
967,CZ,#97854f
968,HU,#ac7c49
969,HR,#bc8144
970,GE,#c43d39
971,CH,#b19246
972,NL,#8c974b
973,EE,#507d73
974,HR,#bc8144
975,IS,#2ca02c
976,RO,#b06e48
977,CZ,#97854f
978,FR,#b49f44
979,DK,#6b8e57
980,IS,#2ca02c
981,HU,#ac7c49
982,IS,#2ca02c
983,IT,#ce893f
984,HU,#ac7c49
985,FR,#b49f44
986,EE,#507d73
987,HU,#ac7c49
988,AT,#ae8648
989,FR,#b49f44
990,BA,#c37c41
991,GE,#c43d39
992,GB,#7fa047
993,BG,#c66a3e
994,AL,#d87539
995,IS,#2ca02c
996,AM,#d1322e
997,BG,#c66a3e
998,RS,#c17541
999,GB,#7fa047
1000,AT,#ae8648
1001,DK,#6b8e57
1002,AT,#ae8648
1003,IT,#ce893f
1004,DK,#6b8e57
1005,RS,#c17541
1006,FI,#2b8384
1007,DK,#6b8e57
1008,DE,#918e4e
1009,IT,#ce893f
1010,IT,#ce893f
1011,GE,#c43d39
1012,GB,#7fa047
1013,SK,#9d7d4f
1014,RO,#b06e48
1015,BA,#c37c41
1016,DK,#6b8e57
1017,DK,#6b8e57
1018,NL,#8c974b
1019,EE,#507d73
1020,HR,#bc8144
1021,RS,#c17541
1022,ME,#d1783c
1023,FI,#2b8384
1024,DK,#6b8e57
1025,RS,#c17541
1026,DK,#6b8e57
1027,CH,#b19246
1028,SK,#9d7d4f
1029,CH,#b19246
1030,NO,#3d8e61
1031,CH,#b19246
1032,NL,#8c974b
1033,BG,#c66a3e
1034,CZ,#97854f
1035,BY,#7b7261
1036,BA,#c37c41
1037,SI,#b58346
1038,BY,#7b7261
1039,BY,#7b7261
1040,DK,#6b8e57
1041,LT,#6e7a64
1042,NO,#3d8e61
1043,SI,#b58346
1044,HU,#ac7c49
1045,LT,#6e7a64
1046,SE,#3c8a6a
1047,BA,#c37c41
1048,CZ,#97854f
1049,PT,#f8bf3f
1050,RU,#61667a
1051,DE,#918e4e
1052,CH,#b19246
1053,DK,#6b8e57
1054,IS,#2ca02c
1055,DE,#918e4e
1056,BG,#c66a3e
1057,IT,#ce893f
1058,AT,#ae8648
1059,PL,#867f57
1060,HR,#bc8144
1061,AT,#ae8648
1062,HR,#bc8144
1063,GE,#c43d39
1064,ES,#eeb33e
1065,PT,#f8bf3f
1066,IS,#2ca02c
1067,RO,#b06e48
1068,AT,#ae8648
1069,GB,#7fa047
1070,NL,#8c974b
1071,FR,#b49f44
1072,HU,#ac7c49
1073,NO,#3d8e61
1074,IT,#ce893f
1075,AZ,#cf2a2d
1076,AM,#d1322e
1077,RS,#c17541
1078,GE,#c43d39
1079,FR,#b49f44
1080,NL,#8c974b
1081,CH,#b19246
1082,DK,#6b8e57
1083,CH,#b19246
1084,CH,#b19246
1085,FR,#b49f44
1086,AM,#d1322e
1087,FR,#b49f44
1088,IT,#ce893f
1089,DE,#918e4e
1090,DE,#918e4e
1091,DE,#918e4e
1092,GB,#7fa047
1093,FI,#2b8384
1094,HR,#bc8144
1095,AM,#d1322e
1096,CH,#b19246
1097,BA,#c37c41
1098,AT,#ae8648
1099,AM,#d1322e
1100,CZ,#97854f
1101,BY,#7b7261
1102,NL,#8c974b
1103,IT,#ce893f
1104,EE,#507d73
1105,DE,#918e4e
1106,DK,#6b8e57
1107,LT,#6e7a64
1108,ES,#eeb33e
1109,HR,#bc8144
1110,SE,#3c8a6a
1111,PL,#867f57
1112,ES,#eeb33e
1113,IS,#2ca02c
1114,HU,#ac7c49
1115,PL,#867f57
1116,LT,#6e7a64
1117,BA,#c37c41
1118,HR,#bc8144
1119,IT,#ce893f
1120,BY,#7b7261
1121,AL,#d87539
1122,PL,#867f57
1123,DK,#6b8e57
1124,AT,#ae8648
1125,SE,#3c8a6a
1126,PL,#867f57
1127,MK,#d0733c
1128,CH,#b19246
1129,RS,#c17541
1130,PL,#867f57
1131,CZ,#97854f
1132,PT,#f8bf3f
1133,NO,#3d8e61
1134,DE,#918e4e
1135,DE,#918e4e
1136,CH,#b19246
1137,HR,#bc8144
1138,IS,#2ca02c
1139,AZ,#cf2a2d
1140,AM,#d1322e
1141,HR,#bc8144
1142,SI,#b58346
1143,DK,#6b8e57
1144,ES,#eeb33e
1145,DE,#918e4e
1146,DK,#6b8e57
1147,CZ,#97854f
1148,NL,#8c974b
1149,PL,#867f57
1150,AT,#ae8648
1151,ME,#d1783c
1152,CH,#b19246
1153,AT,#ae8648
1154,BG,#c66a3e
1155,SK,#9d7d4f
1156,DK,#6b8e57
1157,CH,#b19246
1158,MK,#d0733c
1159,CH,#b19246
1160,NL,#8c974b
1161,BY,#7b7261
1162,SI,#b58346
1163,DK,#6b8e57
1164,FI,#2b8384
1165,NL,#8c974b
1166,ES,#eeb33e
1167,SK,#9d7d4f
1168,HR,#bc8144
1169,GB,#7fa047
1170,HR,#bc8144
1171,PL,#867f57
1172,CH,#b19246
1173,CZ,#97854f
1174,DE,#918e4e
1175,SE,#3c8a6a
1176,EE,#507d73
1177,GB,#7fa047
1178,DK,#6b8e57
1179,BY,#7b7261
1180,DK,#6b8e57
1181,IT,#ce893f
1182,GB,#7fa047
1183,DE,#918e4e
1184,CH,#b19246
1185,SK,#9d7d4f
1186,HR,#bc8144
1187,MK,#d0733c
1188,SE,#3c8a6a
1189,GB,#7fa047
1190,GE,#c43d39
1191,LT,#6e7a64
1192,CZ,#97854f
1193,NO,#3d8e61
1194,HU,#ac7c49
1195,AM,#d1322e
1196,AZ,#cf2a2d
1197,DK,#6b8e57
1198,BG,#c66a3e
1199,DK,#6b8e57
1200,CH,#b19246
1201,DK,#6b8e57
1202,CH,#b19246
1203,BY,#7b7261
1204,HR,#bc8144
1205,SK,#9d7d4f
1206,IS,#2ca02c
1207,DK,#6b8e57
1208,HU,#ac7c49
1209,SE,#3c8a6a
1210,CH,#b19246
1211,GB,#7fa047
1212,MK,#d0733c
1213,PL,#867f57
1214,CH,#b19246
1215,GB,#7fa047
1216,SE,#3c8a6a
1217,SI,#b58346
1218,SE,#3c8a6a
1219,DK,#6b8e57
1220,SE,#3c8a6a
1221,CH,#b19246
1222,BY,#7b7261
1223,CH,#b19246
1224,CH,#b19246
1225,SK,#9d7d4f
1226,IT,#ce893f
1227,LT,#6e7a64
1228,IS,#2ca02c
1229,RO,#b06e48
1230,BA,#c37c41
1231,IT,#ce893f
1232,ES,#eeb33e
1233,HR,#bc8144
1234,AZ,#cf2a2d
1235,AL,#d87539
1236,SI,#b58346
1237,HR,#bc8144
1238,DE,#918e4e
1239,IS,#2ca02c
1240,DK,#6b8e57
1241,AL,#d87539
1242,DK,#6b8e57
1243,LT,#6e7a64
1244,DE,#918e4e
1245,SE,#3c8a6a
1246,BA,#c37c41
1247,BY,#7b7261
1248,CH,#b19246
1249,PL,#867f57
1250,BY,#7b7261
1251,SK,#9d7d4f
1252,NL,#8c974b
1253,FR,#b49f44
1254,SI,#b58346
1255,DE,#918e4e
1256,EE,#507d73
1257,BY,#7b7261
1258,CH,#b19246
1259,PL,#867f57
1260,NL,#8c974b
1261,RU,#61667a
1262,NL,#8c974b
1263,AT,#ae8648
1264,IS,#2ca02c
1265,ES,#eeb33e
1266,LT,#6e7a64
1267,DK,#6b8e57
1268,PL,#867f57
1269,RO,#b06e48
1270,FI,#2b8384
1271,NL,#8c974b
1272,AL,#d87539
1273,SK,#9d7d4f
1274,BY,#7b7261
1275,GE,#c43d39
1276,DK,#6b8e57
1277,BG,#c66a3e
1278,HU,#ac7c49
1279,RS,#c17541
1280,IT,#ce893f
1281,AT,#ae8648
1282,NO,#3d8e61
1283,SI,#b58346
1284,DE,#918e4e
1285,DE,#918e4e
1286,RU,#61667a
1287,GE,#c43d39
1288,RS,#c17541
1289,DK,#6b8e57
1290,NL,#8c974b
1291,FR,#b49f44
1292,HR,#bc8144
1293,DK,#6b8e57
1294,BG,#c66a3e
1295,ES,#eeb33e
1296,AM,#d1322e
1297,GE,#c43d39
1298,CH,#b19246
1299,DK,#6b8e57
1300,ES,#eeb33e
1301,CH,#b19246
1302,HR,#bc8144
1303,SE,#3c8a6a
1304,DE,#918e4e
1305,GE,#c43d39
1306,BA,#c37c41
1307,NL,#8c974b
1308,DK,#6b8e57
1309,NL,#8c974b
1310,MK,#d0733c
1311,NL,#8c974b
1312,FR,#b49f44
1313,LT,#6e7a64
1314,RU,#61667a
1315,GE,#c43d39
1316,RS,#c17541
1317,SK,#9d7d4f
1318,MK,#d0733c
1319,DK,#6b8e57
1320,DE,#918e4e
1321,DE,#918e4e
1322,CH,#b19246
1323,NL,#8c974b
1324,NO,#3d8e61
1325,RO,#b06e48
1326,DE,#918e4e
1327,IS,#2ca02c
1328,CZ,#97854f
1329,CH,#b19246
1330,NL,#8c974b
1331,DK,#6b8e57
1332,FI,#2b8384
1333,HR,#bc8144
1334,FI,#2b8384
1335,NO,#3d8e61
1336,BA,#c37c41
1337,CZ,#97854f
1338,AM,#d1322e
1339,HU,#ac7c49
1340,NO,#3d8e61
1341,CZ,#97854f
1342,AZ,#cf2a2d
1343,IT,#ce893f
1344,CH,#b19246
1345,BG,#c66a3e
1346,SE,#3c8a6a
1347,AL,#d87539
1348,BY,#7b7261
1349,AL,#d87539
1350,AZ,#cf2a2d
1351,FR,#b49f44
1352,FR,#b49f44
1353,FI,#2b8384
1354,ES,#eeb33e
1355,IS,#2ca02c
1356,MK,#d0733c
1357,BY,#7b7261
1358,RO,#b06e48
1359,BA,#c37c41
1360,GB,#7fa047
1361,RU,#61667a
1362,GB,#7fa047
1363,HR,#bc8144
1364,BY,#7b7261
1365,AT,#ae8648
1366,FI,#2b8384
1367,RO,#b06e48
1368,AT,#ae8648
1369,SE,#3c8a6a
1370,DK,#6b8e57
1371,NL,#8c974b
1372,GE,#c43d39
1373,HR,#bc8144
1374,RS,#c17541
1375,GE,#c43d39
1376,PT,#f8bf3f
1377,SE,#3c8a6a
1378,HU,#ac7c49
1379,AT,#ae8648
1380,DE,#918e4e
1381,LT,#6e7a64
1382,IS,#2ca02c
1383,FI,#2b8384
1384,ES,#eeb33e
1385,AM,#d1322e
1386,NL,#8c974b
1387,FR,#b49f44
1388,DK,#6b8e57
1389,DE,#918e4e
1390,GB,#7fa047
1391,FR,#b49f44
1392,RU,#61667a
1393,BA,#c37c41
1394,RS,#c17541
1395,AL,#d87539
1396,RU,#61667a
1397,IT,#ce893f
1398,SI,#b58346
1399,SK,#9d7d4f
1400,GB,#7fa047
1401,CZ,#97854f
1402,AM,#d1322e
1403,IS,#2ca02c
1404,IS,#2ca02c
1405,NL,#8c974b
1406,HU,#ac7c49
1407,GB,#7fa047
1408,DE,#918e4e
1409,CH,#b19246
1410,RO,#b06e48
1411,PL,#867f57
1412,IT,#ce893f
1413,GB,#7fa047
1414,AT,#ae8648
1415,CH,#b19246
1416,IT,#ce893f
1417,DK,#6b8e57
1418,IS,#2ca02c
1419,RS,#c17541
1420,ES,#eeb33e
1421,DK,#6b8e57
1422,CH,#b19246
1423,MK,#d0733c
1424,RO,#b06e48
1425,IT,#ce893f
1426,NL,#8c974b
1427,ME,#d1783c
1428,BG,#c66a3e
1429,PL,#867f57
1430,AL,#d87539
1431,DK,#6b8e57
1432,SK,#9d7d4f
1433,BA,#c37c41
1434,BA,#c37c41
1435,CZ,#97854f
1436,DK,#6b8e57
1437,SK,#9d7d4f
1438,AM,#d1322e
1439,AT,#ae8648
1440,LT,#6e7a64
1441,GE,#c43d39
1442,CH,#b19246
1443,GB,#7fa047
1444,SK,#9d7d4f
1445,CH,#b19246
1446,FI,#2b8384
1447,ES,#eeb33e
1448,RO,#b06e48
1449,DK,#6b8e57
1450,BA,#c37c41
1451,DE,#918e4e
1452,FI,#2b8384
1453,DK,#6b8e57
1454,FR,#b49f44
1455,CH,#b19246
1456,SE,#3c8a6a
1457,FR,#b49f44
1458,DE,#918e4e
1459,SE,#3c8a6a
1460,BY,#7b7261
1461,ES,#eeb33e
1462,GE,#c43d39
1463,BA,#c37c41
1464,GB,#7fa047
1465,CH,#b19246
1466,BY,#7b7261
1467,CH,#b19246
1468,DK,#6b8e57
1469,CZ,#97854f
1470,SE,#3c8a6a
1471,FI,#2b8384
1472,SK,#9d7d4f
1473,AZ,#cf2a2d
1474,DE,#918e4e
1475,CH,#b19246
1476,DK,#6b8e57
1477,ES,#eeb33e
1478,AT,#ae8648
1479,DK,#6b8e57
1480,DK,#6b8e57
1481,GB,#7fa047
1482,GB,#7fa047
1483,EE,#507d73
1484,HR,#bc8144
1485,IT,#ce893f
1486,RU,#61667a
1487,HU,#ac7c49
1488,AM,#d1322e
1489,DE,#918e4e
1490,CH,#b19246
1491,GE,#c43d39
1492,AL,#d87539
1493,IT,#ce893f
1494,IT,#ce893f
1495,HR,#bc8144
1496,PT,#f8bf3f
1497,SI,#b58346
1498,ES,#eeb33e
1499,FI,#2b8384
1500,IT,#ce893f
1501,NL,#8c974b
1502,ES,#eeb33e
1503,CH,#b19246
1504,DE,#918e4e
1505,BG,#c66a3e
1506,IT,#ce893f
1507,BA,#c37c41
1508,AM,#d1322e
1509,DE,#918e4e
1510,RO,#b06e48
1511,LT,#6e7a64
1512,DK,#6b8e57
1513,GB,#7fa047
1514,SK,#9d7d4f
1515,SK,#9d7d4f
1516,BY,#7b7261
1517,AT,#ae8648
1518,DK,#6b8e57
1519,DK,#6b8e57
1520,FI,#2b8384
1521,CH,#b19246
1522,CZ,#97854f
1523,DK,#6b8e57
1524,IS,#2ca02c
1525,SI,#b58346
1526,ME,#d1783c
1527,NL,#8c974b
1528,AT,#ae8648
1529,CH,#b19246
1530,IT,#ce893f
1531,PL,#867f57
1532,CH,#b19246
1533,ME,#d1783c
1534,IT,#ce893f
1535,NL,#8c974b
1536,BY,#7b7261
1537,IT,#ce893f
1538,AT,#ae8648
1539,BA,#c37c41
1540,DE,#918e4e
1541,DK,#6b8e57
1542,RU,#61667a
1543,NO,#3d8e61
1544,GB,#7fa047
1545,IS,#2ca02c
1546,HU,#ac7c49
1547,DK,#6b8e57
1548,SI,#b58346
1549,BY,#7b7261
1550,PL,#867f57
1551,IT,#ce893f
1552,SE,#3c8a6a
1553,NO,#3d8e61
1554,NL,#8c974b
1555,DK,#6b8e57
1556,AM,#d1322e
1557,GB,#7fa047
1558,BY,#7b7261
1559,NO,#3d8e61
1560,RO,#b06e48
1561,CH,#b19246
1562,HU,#ac7c49
1563,IT,#ce893f
1564,CH,#b19246
1565,SI,#b58346
1566,FR,#b49f44
1567,GE,#c43d39
1568,GE,#c43d39
1569,HU,#ac7c49
1570,SI,#b58346
1571,RO,#b06e48
1572,NL,#8c974b
1573,BA,#c37c41
1574,IT,#ce893f
1575,BG,#c66a3e
1576,PL,#867f57
1577,SK,#9d7d4f
1578,HU,#ac7c49
1579,NO,#3d8e61
1580,SI,#b58346
1581,BG,#c66a3e
1582,IS,#2ca02c
1583,GB,#7fa047
1584,SK,#9d7d4f
1585,SK,#9d7d4f
1586,FI,#2b8384
1587,BA,#c37c41
1588,CZ,#97854f
1589,IS,#2ca02c
1590,GE,#c43d39
1591,AM,#d1322e
1592,ME,#d1783c
1593,HR,#bc8144
1594,PL,#867f57
1595,BA,#c37c41
1596,NL,#8c974b
1597,GB,#7fa047
1598,IS,#2ca02c
1599,BY,#7b7261
1600,IS,#2ca02c
1601,FR,#b49f44
1602,IS,#2ca02c
1603,HR,#bc8144
1604,GE,#c43d39
1605,SE,#3c8a6a
1606,FI,#2b8384
1607,GB,#7fa047
1608,SE,#3c8a6a
1609,HU,#ac7c49
1610,MK,#d0733c
1611,NO,#3d8e61
1612,BG,#c66a3e
1613,GE,#c43d39
1614,ES,#eeb33e
1615,RO,#b06e48
1616,IT,#ce893f
1617,IT,#ce893f
1618,MK,#d0733c
1619,AM,#d1322e
1620,HU,#ac7c49
1621,BA,#c37c41
1622,DE,#918e4e
1623,DK,#6b8e57
1624,DE,#918e4e
1625,GB,#7fa047
1626,RU,#61667a
1627,HU,#ac7c49
1628,HU,#ac7c49
1629,GE,#c43d39
1630,MK,#d0733c
1631,PL,#867f57
1632,BA,#c37c41
1633,AT,#ae8648
1634,RU,#61667a
1635,RU,#61667a
1636,HR,#bc8144
1637,GB,#7fa047
1638,AL,#d87539
1639,LT,#6e7a64
1640,BG,#c66a3e
1641,CH,#b19246
1642,SI,#b58346
1643,GE,#c43d39
1644,LT,#6e7a64
1645,BA,#c37c41
1646,RO,#b06e48
1647,LT,#6e7a64
1648,GE,#c43d39
1649,HR,#bc8144
1650,BY,#7b7261
1651,AM,#d1322e
1652,RU,#61667a
1653,RO,#b06e48
1654,HR,#bc8144
1655,MK,#d0733c
1656,NL,#8c974b
1657,CH,#b19246
1658,BA,#c37c41
1659,AM,#d1322e
1660,IS,#2ca02c
1661,DK,#6b8e57
1662,BY,#7b7261
1663,IS,#2ca02c
1664,RU,#61667a
1665,AZ,#cf2a2d
1666,AM,#d1322e
1667,BG,#c66a3e
1668,RU,#61667a
1669,BA,#c37c41
1670,CH,#b19246
1671,MK,#d0733c
1672,ES,#eeb33e
1673,SI,#b58346
1674,IT,#ce893f
1675,DK,#6b8e57
1676,IS,#2ca02c
1677,ES,#eeb33e
1678,SK,#9d7d4f
1679,GB,#7fa047
1680,DK,#6b8e57
1681,DK,#6b8e57
1682,BY,#7b7261
1683,AT,#ae8648
1684,HR,#bc8144
1685,RO,#b06e48
1686,GB,#7fa047
1687,EE,#507d73
1688,AM,#d1322e
1689,AL,#d87539
1690,BG,#c66a3e
1691,FI,#2b8384
1692,SK,#9d7d4f
1693,DK,#6b8e57
1694,IT,#ce893f
1695,AT,#ae8648
1696,DE,#918e4e
1697,HR,#bc8144
1698,AM,#d1322e
1699,NO,#3d8e61
1700,AL,#d87539
1701,CH,#b19246
1702,CH,#b19246
1703,NO,#3d8e61
1704,CH,#b19246
1705,SK,#9d7d4f
1706,GE,#c43d39
1707,AM,#d1322e
1708,HR,#bc8144
1709,CZ,#97854f
1710,AL,#d87539
1711,AM,#d1322e
1712,GB,#7fa047
1713,DK,#6b8e57
1714,GB,#7fa047
1715,RS,#c17541
1716,RU,#61667a
1717,RO,#b06e48
1718,IT,#ce893f
1719,ES,#eeb33e
1720,DK,#6b8e57
1721,IS,#2ca02c
1722,CH,#b19246
1723,IS,#2ca02c
1724,DK,#6b8e57
1725,IT,#ce893f
1726,FR,#b49f44
1727,ES,#eeb33e
1728,SK,#9d7d4f
1729,FR,#b49f44
1730,CH,#b19246
1731,MK,#d0733c
1732,RO,#b06e48
1733,HR,#bc8144
1734,BG,#c66a3e
1735,AL,#d87539
1736,AT,#ae8648
1737,AM,#d1322e
1738,RU,#61667a
1739,SK,#9d7d4f
1740,AM,#d1322e
1741,GE,#c43d39
1742,SE,#3c8a6a
1743,DK,#6b8e57
1744,CZ,#97854f
1745,HR,#bc8144
1746,DK,#6b8e57
1747,CH,#b19246
1748,GE,#c43d39
1749,DK,#6b8e57
1750,HU,#ac7c49
1751,AZ,#cf2a2d
1752,EE,#507d73
1753,CH,#b19246
1754,NL,#8c974b
1755,DK,#6b8e57
1756,CH,#b19246
1757,DK,#6b8e57
1758,AZ,#cf2a2d
1759,GB,#7fa047
1760,PL,#867f57
1761,NL,#8c974b
1762,GE,#c43d39
1763,SE,#3c8a6a
1764,HR,#bc8144
1765,AZ,#cf2a2d
1766,FI,#2b8384
1767,PL,#867f57
1768,HR,#bc8144
1769,BA,#c37c41
1770,SE,#3c8a6a
1771,DK,#6b8e57
1772,AL,#d87539
1773,IS,#2ca02c
1774,CZ,#97854f
1775,SE,#3c8a6a
1776,FI,#2b8384
1777,FR,#b49f44
1778,AZ,#cf2a2d
1779,RO,#b06e48
1780,CH,#b19246
1781,LT,#6e7a64
1782,GB,#7fa047
1783,DE,#918e4e
1784,GB,#7fa047
1785,DE,#918e4e
1786,NL,#8c974b
1787,DK,#6b8e57
1788,DE,#918e4e
1789,FR,#b49f44
1790,AT,#ae8648
1791,NO,#3d8e61
1792,CZ,#97854f
1793,CH,#b19246
1794,CH,#b19246
1795,NL,#8c974b
1796,PT,#f8bf3f
1797,NL,#8c974b
1798,AM,#d1322e
1799,NL,#8c974b
1800,SE,#3c8a6a
1801,HR,#bc8144
1802,SI,#b58346
1803,DE,#918e4e
1804,CH,#b19246
1805,IT,#ce893f
1806,GE,#c43d39
1807,GE,#c43d39
1808,ES,#eeb33e
1809,AZ,#cf2a2d
1810,DE,#918e4e
1811,LT,#6e7a64
1812,DK,#6b8e57
1813,RS,#c17541
1814,GE,#c43d39
1815,LT,#6e7a64
1816,GE,#c43d39
1817,EE,#507d73
1818,CH,#b19246
1819,ES,#eeb33e
1820,AM,#d1322e
1821,NL,#8c974b
1822,BY,#7b7261
1823,SE,#3c8a6a
1824,BA,#c37c41
1825,EE,#507d73
1826,IS,#2ca02c
1827,AM,#d1322e
1828,DK,#6b8e57
1829,DE,#918e4e
1830,NO,#3d8e61
1831,AL,#d87539
1832,SE,#3c8a6a
1833,LT,#6e7a64
1834,FR,#b49f44
1835,IT,#ce893f
1836,RS,#c17541
1837,RS,#c17541
1838,RU,#61667a
1839,BY,#7b7261
1840,FR,#b49f44
1841,GE,#c43d39
1842,DK,#6b8e57
1843,DK,#6b8e57
1844,FI,#2b8384
1845,SK,#9d7d4f
1846,DK,#6b8e57
1847,CH,#b19246
1848,HU,#ac7c49
1849,GB,#7fa047
1850,AL,#d87539
1851,DE,#918e4e
1852,SE,#3c8a6a
1853,BA,#c37c41
1854,IT,#ce893f
1855,FR,#b49f44
1856,ES,#eeb33e
1857,NL,#8c974b
1858,CH,#b19246
1859,GB,#7fa047
1860,FR,#b49f44
1861,CZ,#97854f
1862,AZ,#cf2a2d
1863,SK,#9d7d4f
1864,NL,#8c974b
1865,AZ,#cf2a2d
1866,CH,#b19246
1867,HU,#ac7c49
1868,CH,#b19246
1869,BG,#c66a3e
1870,PL,#867f57
1871,IT,#ce893f
1872,EE,#507d73
1873,RU,#61667a
1874,PT,#f8bf3f
1875,CH,#b19246
1876,FI,#2b8384
1877,IS,#2ca02c
1878,DE,#918e4e
1879,PL,#867f57
1880,GE,#c43d39
1881,AT,#ae8648
1882,RO,#b06e48
1883,IT,#ce893f
1884,GB,#7fa047
1885,GB,#7fa047
1886,AT,#ae8648
1887,NL,#8c974b
1888,DE,#918e4e
1889,BA,#c37c41
1890,AT,#ae8648
1891,BG,#c66a3e
1892,RS,#c17541
1893,CZ,#97854f
1894,DE,#918e4e
1895,CZ,#97854f
1896,BA,#c37c41
1897,NL,#8c974b
1898,RO,#b06e48
1899,DK,#6b8e57
1900,DK,#6b8e57
1901,CH,#b19246
1902,DE,#918e4e
1903,NO,#3d8e61
1904,BA,#c37c41
1905,SE,#3c8a6a
1906,BA,#c37c41
1907,ME,#d1783c
1908,FI,#2b8384
1909,IS,#2ca02c
1910,CH,#b19246
1911,RU,#61667a
1912,CH,#b19246
1913,NO,#3d8e61
1914,AM,#d1322e
1915,MK,#d0733c
1916,IT,#ce893f
1917,CZ,#97854f
1918,HU,#ac7c49
1919,CH,#b19246
1920,BA,#c37c41
1921,LT,#6e7a64
1922,GB,#7fa047
1923,FR,#b49f44
1924,ES,#eeb33e
1925,NO,#3d8e61
1926,IS,#2ca02c
1927,AL,#d87539
1928,SE,#3c8a6a
1929,RS,#c17541
1930,DK,#6b8e57
1931,LT,#6e7a64
1932,DK,#6b8e57
1933,AZ,#cf2a2d
1934,RO,#b06e48
1935,RO,#b06e48
1936,CZ,#97854f
1937,NL,#8c974b
1938,DE,#918e4e
1939,AL,#d87539
1940,FI,#2b8384
1941,GB,#7fa047
1942,CZ,#97854f
1943,PT,#f8bf3f
1944,DK,#6b8e57
1945,FI,#2b8384
1946,GE,#c43d39
1947,SI,#b58346
1948,GE,#c43d39
1949,HU,#ac7c49
1950,FR,#b49f44
1951,IT,#ce893f
1952,SK,#9d7d4f
1953,AL,#d87539
1954,HU,#ac7c49
1955,AM,#d1322e
1956,AZ,#cf2a2d
1957,AL,#d87539
1958,AM,#d1322e
1959,DK,#6b8e57
1960,IT,#ce893f
1961,PL,#867f57
1962,ES,#eeb33e
1963,IS,#2ca02c
1964,HU,#ac7c49
1965,SI,#b58346
1966,IT,#ce893f
1967,BY,#7b7261
1968,NL,#8c974b
1969,AT,#ae8648
1970,PL,#867f57
1971,DE,#918e4e
1972,CZ,#97854f
1973,DK,#6b8e57
1974,GE,#c43d39
1975,CZ,#97854f
1976,AT,#ae8648
1977,HR,#bc8144
1978,HR,#bc8144
1979,NO,#3d8e61
1980,CH,#b19246
1981,DK,#6b8e57
1982,SE,#3c8a6a
1983,EE,#507d73
1984,GE,#c43d39
1985,SE,#3c8a6a
1986,CH,#b19246
1987,EE,#507d73
1988,DK,#6b8e57
1989,SK,#9d7d4f
1990,DK,#6b8e57
1991,FI,#2b8384
1992,PL,#867f57
1993,CH,#b19246
1994,CH,#b19246
1995,RU,#61667a
1996,EE,#507d73
1997,MK,#d0733c
1998,AM,#d1322e
1999,HU,#ac7c49
2000,ES,#eeb33e
2001,DE,#918e4e
2002,IT,#ce893f
2003,SI,#b58346
2004,CH,#b19246
2005,GE,#c43d39
2006,NO,#3d8e61
2007,DK,#6b8e57
2008,SE,#3c8a6a
2009,LT,#6e7a64
2010,RO,#b06e48
2011,NL,#8c974b
2012,CH,#b19246
2013,AL,#d87539
2014,DK,#6b8e57
2015,GB,#7fa047
2016,NL,#8c974b
2017,SI,#b58346
2018,RO,#b06e48
2019,HU,#ac7c49
2020,NL,#8c974b
2021,BA,#c37c41
2022,CZ,#97854f
2023,SK,#9d7d4f
2024,LT,#6e7a64
2025,NL,#8c974b
2026,SE,#3c8a6a
2027,DK,#6b8e57
2028,DK,#6b8e57
2029,DK,#6b8e57
2030,AL,#d87539
2031,GB,#7fa047
2032,IT,#ce893f
2033,GB,#7fa047
2034,GE,#c43d39
2035,DK,#6b8e57
2036,CH,#b19246
2037,DE,#918e4e
2038,IS,#2ca02c
2039,ME,#d1783c
2040,AT,#ae8648
2041,DE,#918e4e
2042,CH,#b19246
2043,ME,#d1783c
2044,DK,#6b8e57
2045,CH,#b19246
2046,AM,#d1322e
2047,FI,#2b8384
2048,RS,#c17541
2049,PL,#867f57
2050,FI,#2b8384
2051,HR,#bc8144
2052,NO,#3d8e61
2053,DK,#6b8e57
2054,BA,#c37c41
2055,CH,#b19246
2056,AT,#ae8648
2057,RU,#61667a
2058,DE,#918e4e
2059,AT,#ae8648
2060,NL,#8c974b
2061,IT,#ce893f
2062,BA,#c37c41
2063,AL,#d87539
2064,DK,#6b8e57
2065,DK,#6b8e57
2066,SK,#9d7d4f
2067,IT,#ce893f
2068,IS,#2ca02c
2069,RU,#61667a
2070,HU,#ac7c49
2071,PT,#f8bf3f
2072,SK,#9d7d4f
2073,DE,#918e4e
2074,CH,#b19246
2075,AT,#ae8648
2076,RS,#c17541
2077,AM,#d1322e
2078,FR,#b49f44
2079,FR,#b49f44
2080,FI,#2b8384
2081,AM,#d1322e
2082,ME,#d1783c
2083,AM,#d1322e
2084,NL,#8c974b
2085,SK,#9d7d4f
2086,CH,#b19246
2087,AT,#ae8648
2088,NO,#3d8e61
2089,BA,#c37c41
2090,AZ,#cf2a2d
2091,GE,#c43d39
2092,PT,#f8bf3f
2093,BY,#7b7261
2094,SE,#3c8a6a
2095,DK,#6b8e57
2096,IS,#2ca02c
2097,DK,#6b8e57
2098,GB,#7fa047
2099,HU,#ac7c49
2100,GE,#c43d39
2101,DK,#6b8e57
2102,DE,#918e4e
2103,PL,#867f57
2104,LT,#6e7a64
2105,HR,#bc8144
2106,AT,#ae8648
2107,CH,#b19246
2108,LT,#6e7a64
2109,ES,#eeb33e
2110,BA,#c37c41
2111,GB,#7fa047
2112,CH,#b19246
2113,NL,#8c974b
2114,DE,#918e4e
2115,RS,#c17541
2116,FI,#2b8384
2117,DE,#918e4e
2118,AM,#d1322e
2119,AT,#ae8648
2120,RS,#c17541
2121,BG,#c66a3e
2122,DK,#6b8e57
2123,CH,#b19246
2124,IS,#2ca02c
2125,PT,#f8bf3f
2126,FI,#2b8384
2127,DK,#6b8e57
2128,CZ,#97854f
2129,RO,#b06e48
2130,CH,#b19246
2131,DE,#918e4e
2132,DE,#918e4e
2133,CZ,#97854f
2134,NL,#8c974b
2135,CH,#b19246
2136,GE,#c43d39
2137,NL,#8c974b
2138,IT,#ce893f
2139,SI,#b58346
2140,GB,#7fa047
2141,AM,#d1322e
2142,CH,#b19246
2143,EE,#507d73
2144,NO,#3d8e61
2145,FI,#2b8384
2146,HR,#bc8144
2147,DK,#6b8e57
2148,HU,#ac7c49
2149,DK,#6b8e57
2150,PL,#867f57
2151,IT,#ce893f
2152,AM,#d1322e
2153,DE,#918e4e
2154,FI,#2b8384
2155,CH,#b19246
2156,NL,#8c974b
2157,CZ,#97854f
2158,EE,#507d73
2159,BY,#7b7261
2160,GB,#7fa047
2161,SK,#9d7d4f
2162,NL,#8c974b
2163,SK,#9d7d4f
2164,FI,#2b8384
2165,AL,#d87539
2166,NL,#8c974b
2167,IT,#ce893f
2168,CZ,#97854f
2169,LT,#6e7a64
2170,DE,#918e4e
2171,NL,#8c974b
2172,AM,#d1322e
2173,AM,#d1322e
2174,CH,#b19246
2175,ES,#eeb33e
2176,PL,#867f57
2177,SK,#9d7d4f
2178,IS,#2ca02c
2179,SE,#3c8a6a
2180,ME,#d1783c
2181,IT,#ce893f
2182,FI,#2b8384
2183,FI,#2b8384
2184,DK,#6b8e57
2185,DE,#918e4e
2186,DE,#918e4e
2187,IT,#ce893f
2188,CZ,#97854f
2189,DK,#6b8e57
2190,IT,#ce893f
2191,AL,#d87539
2192,PL,#867f57
2193,FR,#b49f44
2194,MK,#d0733c
2195,BA,#c37c41
2196,ES,#eeb33e
2197,PL,#867f57
2198,CH,#b19246
2199,SK,#9d7d4f
2200,BA,#c37c41
2201,NL,#8c974b
2202,RU,#61667a
2203,FI,#2b8384
2204,FI,#2b8384
2205,PL,#867f57
2206,CZ,#97854f
2207,CH,#b19246
2208,RO,#b06e48
2209,HR,#bc8144
2210,AZ,#cf2a2d
2211,SI,#b58346
2212,MK,#d0733c
2213,PL,#867f57
2214,IS,#2ca02c
2215,BA,#c37c41
2216,GB,#7fa047
2217,BA,#c37c41
2218,CH,#b19246
2219,DK,#6b8e57
2220,GB,#7fa047
2221,NL,#8c974b
2222,DK,#6b8e57
2223,NL,#8c974b
2224,DE,#918e4e
2225,GE,#c43d39
2226,NO,#3d8e61
2227,MK,#d0733c
2228,DK,#6b8e57
2229,DK,#6b8e57
2230,IT,#ce893f
2231,AM,#d1322e
2232,AM,#d1322e
2233,RS,#c17541
2234,IT,#ce893f
2235,SK,#9d7d4f
2236,GE,#c43d39
2237,SK,#9d7d4f
2238,DK,#6b8e57
2239,GB,#7fa047
2240,CH,#b19246
2241,IS,#2ca02c
2242,IT,#ce893f
2243,AL,#d87539
2244,GB,#7fa047
2245,AM,#d1322e
2246,RS,#c17541
2247,DK,#6b8e57
2248,MK,#d0733c
2249,BA,#c37c41
2250,NO,#3d8e61
2251,CH,#b19246
2252,SE,#3c8a6a
2253,GB,#7fa047
2254,DK,#6b8e57
2255,FI,#2b8384
2256,DK,#6b8e57
2257,EE,#507d73
2258,HR,#bc8144
2259,PT,#f8bf3f
2260,ES,#eeb33e
2261,NL,#8c974b
2262,CH,#b19246
2263,CZ,#97854f
2264,BA,#c37c41
2265,PT,#f8bf3f
2266,GB,#7fa047
2267,RO,#b06e48
2268,CH,#b19246
2269,RO,#b06e48
2270,NL,#8c974b
2271,DK,#6b8e57
2272,CH,#b19246
2273,CH,#b19246
2274,DK,#6b8e57
2275,CH,#b19246
2276,AT,#ae8648
2277,MK,#d0733c
2278,LT,#6e7a64
2279,RU,#61667a
2280,AZ,#cf2a2d
2281,MK,#d0733c
2282,BG,#c66a3e
2283,ES,#eeb33e
2284,IT,#ce893f
2285,NL,#8c974b
2286,IS,#2ca02c
2287,AT,#ae8648
2288,DE,#918e4e
2289,HU,#ac7c49
2290,RS,#c17541
2291,CZ,#97854f
2292,GB,#7fa047
2293,CZ,#97854f
2294,AT,#ae8648
2295,AL,#d87539
2296,CH,#b19246
2297,GB,#7fa047
2298,AZ,#cf2a2d
2299,IS,#2ca02c
2300,IS,#2ca02c
2301,CZ,#97854f
2302,SE,#3c8a6a
2303,PT,#f8bf3f
2304,RO,#b06e48
2305,SK,#9d7d4f
2306,GE,#c43d39
2307,SK,#9d7d4f
2308,NL,#8c974b
2309,CZ,#97854f
2310,FR,#b49f44
2311,GB,#7fa047
2312,GB,#7fa047
2313,RO,#b06e48
2314,CZ,#97854f
2315,DK,#6b8e57
2316,GE,#c43d39
2317,DE,#918e4e
2318,FR,#b49f44
2319,ES,#eeb33e
2320,CH,#b19246
2321,PL,#867f57
2322,GB,#7fa047
2323,DK,#6b8e57
2324,RU,#61667a
2325,CH,#b19246
2326,SK,#9d7d4f
2327,ME,#d1783c
2328,AM,#d1322e
2329,SK,#9d7d4f
2330,RO,#b06e48
2331,CH,#b19246
2332,FR,#b49f44
2333,EE,#507d73
2334,SK,#9d7d4f
2335,AZ,#cf2a2d
2336,GE,#c43d39
2337,RS,#c17541
2338,AT,#ae8648
2339,RO,#b06e48
2340,RS,#c17541
2341,BY,#7b7261
2342,BA,#c37c41
2343,DK,#6b8e57
2344,IS,#2ca02c
2345,NL,#8c974b
2346,CH,#b19246
2347,CH,#b19246
2348,CH,#b19246
2349,PL,#867f57
2350,NO,#3d8e61
2351,FR,#b49f44
2352,SK,#9d7d4f
2353,DK,#6b8e57
2354,CZ,#97854f
2355,SI,#b58346
2356,FR,#b49f44
2357,MK,#d0733c
2358,CH,#b19246
2359,IT,#ce893f
2360,DE,#918e4e
2361,MK,#d0733c
2362,CZ,#97854f
2363,BG,#c66a3e
2364,IT,#ce893f
2365,HR,#bc8144
2366,CZ,#97854f
2367,NL,#8c974b
2368,SE,#3c8a6a
2369,RU,#61667a
2370,HU,#ac7c49
2371,CH,#b19246
2372,NL,#8c974b
2373,CH,#b19246
2374,NO,#3d8e61
2375,CZ,#97854f
2376,CH,#b19246
2377,ES,#eeb33e
2378,AM,#d1322e
2379,LT,#6e7a64
2380,SK,#9d7d4f
2381,CH,#b19246
2382,GE,#c43d39
2383,DE,#918e4e
2384,EE,#507d73
2385,CH,#b19246
2386,FI,#2b8384
2387,DE,#918e4e
2388,LT,#6e7a64
2389,MK,#d0733c
2390,ES,#eeb33e
2391,BA,#c37c41
2392,FI,#2b8384
2393,PT,#f8bf3f
2394,AT,#ae8648
2395,AT,#ae8648
2396,EE,#507d73
2397,IT,#ce893f
2398,SK,#9d7d4f
2399,CH,#b19246
2400,SI,#b58346
2401,NO,#3d8e61
2402,RS,#c17541
2403,AT,#ae8648
2404,AZ,#cf2a2d
2405,SK,#9d7d4f
2406,CH,#b19246
2407,HR,#bc8144
2408,DK,#6b8e57
2409,RU,#61667a
2410,CH,#b19246
2411,FR,#b49f44
2412,BA,#c37c41
2413,BA,#c37c41
2414,BG,#c66a3e
2415,DK,#6b8e57
2416,FI,#2b8384
2417,SE,#3c8a6a
2418,IT,#ce893f
2419,HR,#bc8144
2420,HU,#ac7c49
2421,AT,#ae8648
2422,DK,#6b8e57
2423,FR,#b49f44
2424,HU,#ac7c49
2425,BG,#c66a3e
2426,DK,#6b8e57
2427,AT,#ae8648
2428,AM,#d1322e
2429,IS,#2ca02c
2430,GB,#7fa047
2431,IT,#ce893f
2432,SI,#b58346
2433,RO,#b06e48
2434,RU,#61667a
2435,FR,#b49f44
2436,LT,#6e7a64
2437,BA,#c37c41
2438,ES,#eeb33e
2439,SE,#3c8a6a
2440,GE,#c43d39
2441,CH,#b19246
2442,CH,#b19246
2443,AL,#d87539
2444,GE,#c43d39
2445,HU,#ac7c49
2446,SK,#9d7d4f
2447,RS,#c17541
2448,DK,#6b8e57
2449,NL,#8c974b
2450,BY,#7b7261
2451,FI,#2b8384
2452,RO,#b06e48
2453,SE,#3c8a6a
2454,ES,#eeb33e
2455,GB,#7fa047
2456,DE,#918e4e
2457,GE,#c43d39
2458,DK,#6b8e57
2459,IT,#ce893f
2460,GE,#c43d39
2461,DE,#918e4e
2462,DE,#918e4e
2463,IS,#2ca02c
2464,CH,#b19246
2465,NO,#3d8e61
2466,HR,#bc8144
2467,RU,#61667a
2468,NL,#8c974b
2469,MK,#d0733c
2470,BG,#c66a3e
2471,IT,#ce893f
2472,DK,#6b8e57
2473,IS,#2ca02c
2474,SE,#3c8a6a
2475,NL,#8c974b
2476,GE,#c43d39
2477,SI,#b58346
2478,DK,#6b8e57
2479,CH,#b19246
2480,NL,#8c974b
2481,NL,#8c974b
2482,EE,#507d73
2483,DE,#918e4e
2484,RU,#61667a
2485,NO,#3d8e61
2486,CH,#b19246
2487,HR,#bc8144
2488,CH,#b19246
2489,IS,#2ca02c
2490,GB,#7fa047
2491,NL,#8c974b
2492,CH,#b19246
2493,MK,#d0733c
2494,RO,#b06e48
2495,CH,#b19246
2496,GB,#7fa047
2497,BA,#c37c41
2498,CH,#b19246
2499,CH,#b19246
2500,GB,#7fa047
2501,RU,#61667a
2502,FR,#b49f44
2503,RS,#c17541
2504,GE,#c43d39
2505,RO,#b06e48
2506,AT,#ae8648
2507,DK,#6b8e57
2508,NO,#3d8e61
2509,RS,#c17541
2510,NO,#3d8e61
2511,AT,#ae8648
2512,LT,#6e7a64
2513,MK,#d0733c
2514,AZ,#cf2a2d
2515,IS,#2ca02c
2516,NL,#8c974b
2517,SI,#b58346
2518,BA,#c37c41
2519,CZ,#97854f
2520,RU,#61667a
2521,LT,#6e7a64
2522,LT,#6e7a64
2523,ES,#eeb33e
2524,CZ,#97854f
2525,FI,#2b8384
2526,NL,#8c974b
2527,CH,#b19246
2528,HU,#ac7c49
2529,CH,#b19246
2530,SE,#3c8a6a
2531,FR,#b49f44
2532,SE,#3c8a6a
2533,SI,#b58346
2534,BG,#c66a3e
2535,BA,#c37c41
2536,DK,#6b8e57
2537,DK,#6b8e57
2538,CH,#b19246
2539,CH,#b19246
2540,FR,#b49f44
2541,AM,#d1322e
2542,SE,#3c8a6a
2543,SE,#3c8a6a
2544,DK,#6b8e57
2545,RU,#61667a
2546,NL,#8c974b
2547,AT,#ae8648
2548,SI,#b58346
2549,CZ,#97854f
2550,AL,#d87539
2551,CH,#b19246
2552,HR,#bc8144
2553,AL,#d87539
2554,AT,#ae8648
2555,SE,#3c8a6a
2556,CH,#b19246
2557,BY,#7b7261
2558,FR,#b49f44
2559,RS,#c17541
2560,PL,#867f57
2561,ES,#eeb33e
2562,LT,#6e7a64
2563,ME,#d1783c
2564,FI,#2b8384
2565,IT,#ce893f
2566,CH,#b19246
2567,NO,#3d8e61
2568,EE,#507d73
2569,NL,#8c974b
2570,AL,#d87539
2571,PT,#f8bf3f
2572,CH,#b19246
2573,AL,#d87539
2574,CH,#b19246
2575,LT,#6e7a64
2576,FR,#b49f44
2577,GE,#c43d39
2578,HR,#bc8144
2579,DK,#6b8e57
2580,DK,#6b8e57
2581,FR,#b49f44
2582,AT,#ae8648
2583,CZ,#97854f
2584,AL,#d87539
2585,RU,#61667a
2586,IS,#2ca02c
2587,ME,#d1783c
2588,DK,#6b8e57
2589,CZ,#97854f
2590,DE,#918e4e
2591,CZ,#97854f
2592,CH,#b19246
2593,LT,#6e7a64
2594,IT,#ce893f
2595,HU,#ac7c49
2596,NO,#3d8e61
2597,AZ,#cf2a2d
2598,GB,#7fa047
2599,DK,#6b8e57
2600,RS,#c17541
2601,CH,#b19246
2602,RU,#61667a
2603,DK,#6b8e57
2604,IT,#ce893f
2605,IT,#ce893f
2606,BA,#c37c41
2607,ES,#eeb33e
2608,RO,#b06e48
2609,FR,#b49f44
2610,IT,#ce893f
2611,HR,#bc8144
2612,CH,#b19246
2613,AM,#d1322e
2614,DK,#6b8e57
2615,GB,#7fa047
2616,IT,#ce893f
2617,CH,#b19246
2618,RO,#b06e48
2619,RS,#c17541
2620,NL,#8c974b
2621,SE,#3c8a6a
2622,NO,#3d8e61
2623,LT,#6e7a64
2624,CH,#b19246
2625,HU,#ac7c49
2626,IS,#2ca02c
2627,IT,#ce893f
2628,IT,#ce893f
2629,PT,#f8bf3f
2630,DK,#6b8e57
2631,BY,#7b7261
2632,SK,#9d7d4f
2633,BY,#7b7261
2634,EE,#507d73
2635,ME,#d1783c
2636,SE,#3c8a6a
2637,GB,#7fa047
2638,GB,#7fa047
2639,DK,#6b8e57
2640,DK,#6b8e57
2641,AM,#d1322e
2642,AM,#d1322e
2643,AT,#ae8648
2644,CZ,#97854f
2645,IT,#ce893f
2646,HU,#ac7c49
2647,DK,#6b8e57
2648,IT,#ce893f
2649,PL,#867f57
2650,DK,#6b8e57
2651,BA,#c37c41
2652,IT,#ce893f
2653,IT,#ce893f
2654,AM,#d1322e
2655,GB,#7fa047
2656,HR,#bc8144
2657,DK,#6b8e57
2658,HU,#ac7c49
2659,NO,#3d8e61
2660,CZ,#97854f
2661,CZ,#97854f
2662,CH,#b19246
2663,BY,#7b7261
2664,IT,#ce893f
2665,SE,#3c8a6a
2666,RU,#61667a
2667,BY,#7b7261
2668,DK,#6b8e57
2669,RO,#b06e48
2670,ES,#eeb33e
2671,CZ,#97854f
2672,DK,#6b8e57
2673,DK,#6b8e57
2674,CZ,#97854f
2675,NO,#3d8e61
2676,PT,#f8bf3f
2677,DE,#918e4e
2678,PT,#f8bf3f
2679,CZ,#97854f
2680,AZ,#cf2a2d
2681,FR,#b49f44
2682,DK,#6b8e57
2683,CH,#b19246
2684,GE,#c43d39
2685,SE,#3c8a6a
2686,DK,#6b8e57
2687,NL,#8c974b
2688,SE,#3c8a6a
2689,AM,#d1322e
2690,GE,#c43d39
2691,SI,#b58346
2692,BA,#c37c41
2693,DE,#918e4e
2694,EE,#507d73
2695,HR,#bc8144
2696,NL,#8c974b
2697,ME,#d1783c
2698,LT,#6e7a64
2699,CZ,#97854f
2700,AT,#ae8648
2701,AL,#d87539
2702,FR,#b49f44
2703,CH,#b19246
2704,DK,#6b8e57
2705,RS,#c17541
2706,ME,#d1783c
2707,NO,#3d8e61
2708,AT,#ae8648
2709,PL,#867f57
2710,CH,#b19246
2711,NL,#8c974b
2712,DK,#6b8e57
2713,AM,#d1322e
2714,DK,#6b8e57
2715,RU,#61667a
2716,GB,#7fa047
2717,SE,#3c8a6a
2718,NO,#3d8e61
2719,RU,#61667a
2720,CH,#b19246
2721,DK,#6b8e57
2722,RU,#61667a
2723,FR,#b49f44
2724,AT,#ae8648
2725,DK,#6b8e57
2726,SK,#9d7d4f
2727,DK,#6b8e57
2728,HU,#ac7c49
2729,FI,#2b8384
2730,NL,#8c974b
2731,AT,#ae8648
2732,DK,#6b8e57
2733,RO,#b06e48
2734,NL,#8c974b
2735,NL,#8c974b
2736,SI,#b58346
2737,ES,#eeb33e
2738,NO,#3d8e61
2739,DK,#6b8e57
2740,IT,#ce893f
2741,NL,#8c974b
2742,PT,#f8bf3f
2743,EE,#507d73
2744,AT,#ae8648
2745,BY,#7b7261
2746,AM,#d1322e
2747,FI,#2b8384
2748,NL,#8c974b
2749,DK,#6b8e57
2750,SE,#3c8a6a
2751,AM,#d1322e
2752,EE,#507d73
2753,PT,#f8bf3f
2754,DK,#6b8e57
2755,CZ,#97854f
2756,AM,#d1322e
2757,IT,#ce893f
2758,BA,#c37c41
2759,DK,#6b8e57
2760,IS,#2ca02c
2761,GB,#7fa047
2762,RU,#61667a
2763,NO,#3d8e61
2764,NL,#8c974b
2765,GE,#c43d39
2766,RS,#c17541
2767,BA,#c37c41
2768,DK,#6b8e57
2769,BG,#c66a3e
2770,HU,#ac7c49
2771,RO,#b06e48
2772,NL,#8c974b
2773,SE,#3c8a6a
2774,DK,#6b8e57
2775,GE,#c43d39
2776,LT,#6e7a64
2777,IS,#2ca02c
2778,CH,#b19246
2779,FR,#b49f44
2780,FR,#b49f44
2781,IS,#2ca02c
2782,NL,#8c974b
2783,CH,#b19246
2784,GB,#7fa047
2785,IT,#ce893f
2786,RO,#b06e48
2787,GE,#c43d39
2788,DK,#6b8e57
2789,RS,#c17541
2790,HU,#ac7c49
2791,HR,#bc8144
2792,CH,#b19246
2793,SE,#3c8a6a
2794,SE,#3c8a6a
2795,NL,#8c974b
2796,CH,#b19246
2797,GE,#c43d39
2798,SK,#9d7d4f
2799,DK,#6b8e57
2800,RO,#b06e48
2801,NL,#8c974b
2802,GB,#7fa047
2803,NO,#3d8e61
2804,CZ,#97854f
2805,HR,#bc8144
2806,PL,#867f57
2807,SE,#3c8a6a
2808,AT,#ae8648
2809,BG,#c66a3e
2810,DE,#918e4e
2811,AM,#d1322e
2812,DE,#918e4e
2813,RO,#b06e48
2814,RU,#61667a
2815,AT,#ae8648
2816,HU,#ac7c49
2817,CZ,#97854f
2818,AZ,#cf2a2d
2819,DE,#918e4e
2820,NO,#3d8e61
2821,IS,#2ca02c
2822,IT,#ce893f
2823,ME,#d1783c
2824,FR,#b49f44
2825,PL,#867f57
2826,NL,#8c974b
2827,BA,#c37c41
2828,RS,#c17541
2829,SI,#b58346
2830,AZ,#cf2a2d
2831,GB,#7fa047
2832,HR,#bc8144
2833,AT,#ae8648
2834,NL,#8c974b
2835,HR,#bc8144
2836,NL,#8c974b
2837,GB,#7fa047
2838,DE,#918e4e
2839,RO,#b06e48
2840,AM,#d1322e
2841,PL,#867f57
2842,AM,#d1322e
2843,NL,#8c974b
2844,BG,#c66a3e
2845,HU,#ac7c49
2846,GE,#c43d39
2847,RU,#61667a
2848,CZ,#97854f
2849,IS,#2ca02c
2850,CZ,#97854f
2851,BG,#c66a3e
2852,CH,#b19246
2853,SE,#3c8a6a
2854,CH,#b19246
2855,RU,#61667a
2856,AT,#ae8648
2857,HU,#ac7c49
2858,AT,#ae8648
2859,SK,#9d7d4f
2860,RS,#c17541
2861,RU,#61667a
2862,ES,#eeb33e
2863,ME,#d1783c
2864,CZ,#97854f
2865,RO,#b06e48
2866,PL,#867f57
2867,CH,#b19246
2868,AT,#ae8648
2869,DE,#918e4e
2870,BY,#7b7261
2871,ME,#d1783c
2872,GB,#7fa047
2873,BY,#7b7261
2874,AL,#d87539
2875,DK,#6b8e57
2876,GB,#7fa047
2877,CH,#b19246
2878,SE,#3c8a6a
2879,IS,#2ca02c
2880,SE,#3c8a6a
2881,DK,#6b8e57
2882,NL,#8c974b
2883,AL,#d87539
2884,PL,#867f57
2885,GB,#7fa047
2886,PT,#f8bf3f
2887,PT,#f8bf3f
2888,CH,#b19246
2889,NO,#3d8e61
2890,PL,#867f57
2891,HU,#ac7c49
2892,DE,#918e4e
2893,RO,#b06e48
2894,AL,#d87539
2895,BG,#c66a3e
2896,DK,#6b8e57
2897,IT,#ce893f
2898,GE,#c43d39
2899,DK,#6b8e57
2900,IS,#2ca02c
2901,DK,#6b8e57
2902,CH,#b19246
2903,BG,#c66a3e
2904,PT,#f8bf3f
2905,AT,#ae8648
2906,RS,#c17541
2907,ES,#eeb33e
2908,IS,#2ca02c
2909,NL,#8c974b
2910,GB,#7fa047
2911,IS,#2ca02c
2912,GB,#7fa047
2913,DE,#918e4e
2914,DK,#6b8e57
2915,HR,#bc8144
2916,RO,#b06e48
2917,IS,#2ca02c
2918,BA,#c37c41
2919,DK,#6b8e57
2920,DK,#6b8e57
2921,ES,#eeb33e
2922,PT,#f8bf3f
2923,DE,#918e4e
2924,MK,#d0733c
2925,IT,#ce893f
2926,CZ,#97854f
2927,FR,#b49f44
2928,AM,#d1322e
2929,AL,#d87539
2930,GB,#7fa047
2931,FI,#2b8384
2932,GE,#c43d39
2933,RS,#c17541
2934,AM,#d1322e
2935,AZ,#cf2a2d
2936,SE,#3c8a6a
2937,CH,#b19246
2938,CH,#b19246
2939,NL,#8c974b
2940,NO,#3d8e61
2941,FI,#2b8384
2942,AL,#d87539
2943,GE,#c43d39
2944,BY,#7b7261
2945,NL,#8c974b
2946,AT,#ae8648
2947,NO,#3d8e61
2948,SE,#3c8a6a
2949,NL,#8c974b
2950,PL,#867f57
2951,DK,#6b8e57
2952,DK,#6b8e57
2953,BA,#c37c41
2954,SI,#b58346
2955,SK,#9d7d4f
2956,NL,#8c974b
2957,IS,#2ca02c
2958,IS,#2ca02c
2959,EE,#507d73
2960,AL,#d87539
2961,FI,#2b8384
2962,IS,#2ca02c
2963,CH,#b19246
2964,HR,#bc8144
2965,AT,#ae8648
2966,AT,#ae8648
2967,GE,#c43d39
2968,DK,#6b8e57
2969,GE,#c43d39
2970,FI,#2b8384
2971,AT,#ae8648
2972,NL,#8c974b
2973,HU,#ac7c49
2974,AZ,#cf2a2d
2975,PL,#867f57
2976,NO,#3d8e61
2977,AZ,#cf2a2d
2978,IT,#ce893f
2979,BA,#c37c41
2980,AT,#ae8648
2981,IT,#ce893f
2982,PT,#f8bf3f
2983,DK,#6b8e57
2984,FR,#b49f44
2985,HR,#bc8144
2986,BY,#7b7261
2987,RS,#c17541
2988,SK,#9d7d4f
2989,IS,#2ca02c
2990,RO,#b06e48
2991,DE,#918e4e
2992,AM,#d1322e
2993,SI,#b58346
2994,FI,#2b8384
2995,RS,#c17541
2996,NL,#8c974b
2997,DE,#918e4e
2998,HR,#bc8144
2999,NO,#3d8e61
3000,GB,#7fa047
3001,BG,#c66a3e
3002,HR,#bc8144
3003,NL,#8c974b
3004,PT,#f8bf3f
3005,CH,#b19246
3006,RO,#b06e48
3007,GB,#7fa047
3008,NO,#3d8e61
3009,MK,#d0733c
3010,DE,#918e4e
3011,IT,#ce893f
3012,GB,#7fa047
3013,EE,#507d73
3014,DE,#918e4e
3015,CH,#b19246
3016,RS,#c17541
3017,DK,#6b8e57
3018,NO,#3d8e61
3019,AT,#ae8648
3020,ES,#eeb33e
3021,CH,#b19246
3022,CH,#b19246
3023,NO,#3d8e61
3024,SI,#b58346
3025,SI,#b58346
3026,GB,#7fa047
3027,FR,#b49f44
3028,GE,#c43d39
3029,EE,#507d73
3030,BA,#c37c41
3031,AM,#d1322e
3032,GE,#c43d39
3033,CZ,#97854f
3034,GE,#c43d39
3035,AT,#ae8648
3036,NO,#3d8e61
3037,IS,#2ca02c
3038,BY,#7b7261
3039,BG,#c66a3e
3040,CH,#b19246
3041,HR,#bc8144
3042,IS,#2ca02c
3043,FI,#2b8384
3044,NO,#3d8e61
3045,CZ,#97854f
3046,CZ,#97854f
3047,CH,#b19246
3048,GE,#c43d39
3049,NL,#8c974b
3050,FI,#2b8384
3051,DE,#918e4e
3052,SE,#3c8a6a
3053,FI,#2b8384
3054,SI,#b58346
3055,RS,#c17541
3056,DK,#6b8e57
3057,PT,#f8bf3f
3058,AM,#d1322e
3059,DK,#6b8e57
3060,SK,#9d7d4f
3061,PT,#f8bf3f
3062,ES,#eeb33e
3063,CH,#b19246
3064,SE,#3c8a6a
3065,CH,#b19246
3066,GE,#c43d39
3067,DK,#6b8e57
3068,PL,#867f57
3069,AM,#d1322e
3070,PL,#867f57
3071,BG,#c66a3e
3072,SK,#9d7d4f
3073,RO,#b06e48
3074,HR,#bc8144
3075,IT,#ce893f
3076,NL,#8c974b
3077,FR,#b49f44
3078,AT,#ae8648
3079,GB,#7fa047
3080,SE,#3c8a6a
3081,FI,#2b8384
3082,SI,#b58346
3083,SK,#9d7d4f
3084,IS,#2ca02c
3085,GE,#c43d39
3086,SE,#3c8a6a
3087,ES,#eeb33e
3088,RO,#b06e48
3089,EE,#507d73
3090,NL,#8c974b
3091,AM,#d1322e
3092,FR,#b49f44
3093,PT,#f8bf3f
3094,MK,#d0733c
3095,SE,#3c8a6a
3096,FR,#b49f44
3097,HU,#ac7c49
3098,PL,#867f57
3099,DE,#918e4e
3100,IS,#2ca02c
3101,AT,#ae8648
3102,IS,#2ca02c
3103,LT,#6e7a64
3104,GB,#7fa047
3105,NL,#8c974b
3106,SI,#b58346
3107,SE,#3c8a6a
3108,DK,#6b8e57
3109,NL,#8c974b
3110,BY,#7b7261
3111,AT,#ae8648
3112,RO,#b06e48
3113,CZ,#97854f
3114,NL,#8c974b
3115,AM,#d1322e
3116,FR,#b49f44
3117,NO,#3d8e61
3118,DK,#6b8e57
3119,HR,#bc8144
3120,GE,#c43d39
3121,DK,#6b8e57
3122,AM,#d1322e
3123,DK,#6b8e57
3124,FI,#2b8384
3125,SK,#9d7d4f
3126,CH,#b19246
3127,SE,#3c8a6a
3128,CH,#b19246
3129,AT,#ae8648
3130,IS,#2ca02c
3131,FR,#b49f44
3132,CH,#b19246
3133,DE,#918e4e
3134,BG,#c66a3e
3135,CH,#b19246
3136,NL,#8c974b
3137,NL,#8c974b
3138,NL,#8c974b
3139,CH,#b19246
3140,CZ,#97854f
3141,CH,#b19246
3142,HU,#ac7c49
3143,GB,#7fa047
3144,DE,#918e4e
3145,RS,#c17541
3146,LT,#6e7a64
3147,IT,#ce893f
3148,DK,#6b8e57
3149,PT,#f8bf3f
3150,IS,#2ca02c
3151,GB,#7fa047
3152,CH,#b19246
3153,IT,#ce893f
3154,DE,#918e4e
3155,CH,#b19246
3156,CZ,#97854f
3157,SK,#9d7d4f
3158,CH,#b19246
3159,GB,#7fa047
3160,BY,#7b7261
3161,BA,#c37c41
3162,PL,#867f57
3163,RU,#61667a
3164,HU,#ac7c49
3165,IS,#2ca02c
3166,IS,#2ca02c
3167,FR,#b49f44
3168,AZ,#cf2a2d
3169,FR,#b49f44
3170,RU,#61667a
3171,BA,#c37c41
3172,GB,#7fa047
3173,SE,#3c8a6a
3174,RS,#c17541
3175,ES,#eeb33e
3176,GB,#7fa047
3177,BG,#c66a3e
3178,PT,#f8bf3f
3179,BA,#c37c41
3180,DK,#6b8e57
3181,PT,#f8bf3f
3182,AT,#ae8648
3183,NL,#8c974b
3184,SE,#3c8a6a
3185,IS,#2ca02c
3186,GB,#7fa047
3187,DK,#6b8e57
3188,NL,#8c974b
3189,SK,#9d7d4f
3190,IS,#2ca02c
3191,LT,#6e7a64
3192,DK,#6b8e57
3193,DE,#918e4e
3194,AT,#ae8648
3195,AM,#d1322e
3196,AM,#d1322e
3197,CH,#b19246
3198,CZ,#97854f
3199,DK,#6b8e57
3200,PT,#f8bf3f
3201,HR,#bc8144
3202,CH,#b19246
3203,AL,#d87539
3204,GB,#7fa047
3205,DK,#6b8e57
3206,DK,#6b8e57
3207,AM,#d1322e
3208,NL,#8c974b
3209,SE,#3c8a6a
3210,NL,#8c974b
3211,EE,#507d73
3212,PL,#867f57
3213,ME,#d1783c
3214,DK,#6b8e57
3215,AT,#ae8648
3216,ES,#eeb33e
3217,CZ,#97854f
3218,FR,#b49f44
3219,DE,#918e4e
3220,AL,#d87539
3221,BG,#c66a3e
3222,HR,#bc8144
3223,SE,#3c8a6a
3224,SK,#9d7d4f
3225,BA,#c37c41
3226,AT,#ae8648
3227,LT,#6e7a64
3228,BG,#c66a3e
3229,FR,#b49f44
3230,AM,#d1322e
3231,IS,#2ca02c
3232,RU,#61667a
3233,BG,#c66a3e
3234,CH,#b19246
3235,FI,#2b8384
3236,HU,#ac7c49
3237,DK,#6b8e57
3238,EE,#507d73
3239,MK,#d0733c
3240,DE,#918e4e
3241,BA,#c37c41
3242,NL,#8c974b
3243,IT,#ce893f
3244,FI,#2b8384
3245,CH,#b19246
3246,FR,#b49f44
3247,CH,#b19246
3248,PT,#f8bf3f
3249,NL,#8c974b
3250,DK,#6b8e57
3251,IS,#2ca02c
3252,CZ,#97854f
3253,HR,#bc8144
3254,IS,#2ca02c
3255,GE,#c43d39
3256,AZ,#cf2a2d
3257,ME,#d1783c
3258,CH,#b19246
3259,NO,#3d8e61
3260,AZ,#cf2a2d
3261,ES,#eeb33e
3262,DE,#918e4e
3263,AM,#d1322e
3264,HU,#ac7c49
3265,RU,#61667a
3266,DK,#6b8e57
3267,NL,#8c974b
3268,IS,#2ca02c
3269,BA,#c37c41
3270,AM,#d1322e
3271,AT,#ae8648
3272,MK,#d0733c
3273,PL,#867f57
3274,AT,#ae8648
3275,SK,#9d7d4f
3276,IT,#ce893f
3277,SE,#3c8a6a
3278,SI,#b58346
3279,FI,#2b8384
3280,GB,#7fa047
3281,RU,#61667a
3282,PT,#f8bf3f
3283,GB,#7fa047
3284,FI,#2b8384
3285,SK,#9d7d4f
3286,BY,#7b7261
3287,RO,#b06e48
3288,HR,#bc8144
3289,NL,#8c974b
3290,FR,#b49f44
3291,BA,#c37c41
3292,DE,#918e4e
3293,BA,#c37c41
3294,BY,#7b7261
3295,FI,#2b8384
3296,FR,#b49f44
3297,HU,#ac7c49
3298,DE,#918e4e
3299,DK,#6b8e57
3300,AT,#ae8648
3301,NL,#8c974b
3302,FI,#2b8384
3303,PT,#f8bf3f
3304,ME,#d1783c
3305,FR,#b49f44
3306,BG,#c66a3e
3307,NL,#8c974b
3308,CH,#b19246
3309,SE,#3c8a6a
3310,SK,#9d7d4f
3311,NL,#8c974b
3312,IS,#2ca02c
3313,CH,#b19246
3314,CH,#b19246
3315,GE,#c43d39
3316,CH,#b19246
3317,MK,#d0733c
3318,NO,#3d8e61
3319,DK,#6b8e57
3320,BG,#c66a3e
3321,GB,#7fa047
3322,NL,#8c974b
3323,IS,#2ca02c
3324,PL,#867f57
3325,AL,#d87539
3326,DE,#918e4e
3327,DK,#6b8e57
3328,DE,#918e4e
3329,NL,#8c974b
3330,BA,#c37c41
3331,ME,#d1783c
3332,FR,#b49f44
3333,DE,#918e4e
3334,GB,#7fa047
3335,DK,#6b8e57
3336,CH,#b19246
3337,ME,#d1783c
3338,HU,#ac7c49
3339,AT,#ae8648
3340,HU,#ac7c49
3341,GB,#7fa047
3342,AZ,#cf2a2d
3343,ES,#eeb33e
3344,NL,#8c974b
3345,NL,#8c974b
3346,BA,#c37c41
3347,NO,#3d8e61
3348,DK,#6b8e57
3349,NL,#8c974b
3350,DK,#6b8e57
3351,SE,#3c8a6a
3352,DK,#6b8e57
3353,NL,#8c974b
3354,AT,#ae8648
3355,AT,#ae8648
3356,DE,#918e4e
3357,IS,#2ca02c
3358,GB,#7fa047
3359,HU,#ac7c49
3360,MK,#d0733c
3361,BY,#7b7261
3362,SE,#3c8a6a
3363,DE,#918e4e
3364,IS,#2ca02c
3365,HU,#ac7c49
3366,PL,#867f57
3367,NL,#8c974b
3368,GE,#c43d39
3369,LT,#6e7a64
3370,IT,#ce893f
3371,LT,#6e7a64
3372,CH,#b19246
3373,HR,#bc8144
3374,RU,#61667a
3375,DK,#6b8e57
3376,SK,#9d7d4f
3377,AL,#d87539
3378,FI,#2b8384
3379,ME,#d1783c
3380,CZ,#97854f
3381,EE,#507d73
3382,PL,#867f57
3383,RO,#b06e48
3384,DE,#918e4e
3385,GB,#7fa047
3386,IS,#2ca02c
3387,SK,#9d7d4f
3388,RO,#b06e48
3389,CZ,#97854f
3390,BA,#c37c41
3391,GB,#7fa047
3392,DK,#6b8e57
3393,CZ,#97854f
3394,CH,#b19246
3395,CH,#b19246
3396,NL,#8c974b
3397,GE,#c43d39
3398,DK,#6b8e57
3399,CH,#b19246
3400,GE,#c43d39
3401,AZ,#cf2a2d
3402,AZ,#cf2a2d
3403,BY,#7b7261
3404,FR,#b49f44
3405,BY,#7b7261
3406,DK,#6b8e57
3407,DK,#6b8e57
3408,PL,#867f57
3409,CH,#b19246
3410,SI,#b58346
3411,DK,#6b8e57
3412,DK,#6b8e57
3413,SE,#3c8a6a
3414,DK,#6b8e57
3415,IS,#2ca02c
3416,FR,#b49f44
3417,SK,#9d7d4f
3418,LT,#6e7a64
3419,IS,#2ca02c
3420,CH,#b19246
3421,AZ,#cf2a2d
3422,CH,#b19246
3423,FR,#b49f44
3424,DE,#918e4e
3425,GB,#7fa047
3426,RO,#b06e48
3427,CZ,#97854f
3428,IS,#2ca02c
3429,GE,#c43d39
3430,SK,#9d7d4f
3431,PL,#867f57
3432,GB,#7fa047
3433,NO,#3d8e61
3434,IS,#2ca02c
3435,DK,#6b8e57
3436,AM,#d1322e
3437,FI,#2b8384
3438,FR,#b49f44
3439,NL,#8c974b
3440,GE,#c43d39
3441,NO,#3d8e61
3442,AM,#d1322e
3443,HU,#ac7c49
3444,CH,#b19246
3445,SE,#3c8a6a
3446,ES,#eeb33e
3447,AZ,#cf2a2d
3448,AZ,#cf2a2d
3449,GE,#c43d39
3450,DE,#918e4e
3451,DE,#918e4e
3452,HU,#ac7c49
3453,HU,#ac7c49
3454,BG,#c66a3e
3455,NL,#8c974b
3456,NO,#3d8e61
3457,DK,#6b8e57
3458,FI,#2b8384
3459,CH,#b19246
3460,NL,#8c974b
3461,DE,#918e4e
3462,BG,#c66a3e
3463,FI,#2b8384
3464,HU,#ac7c49
3465,CH,#b19246
3466,AM,#d1322e
3467,NO,#3d8e61
3468,CH,#b19246
3469,IT,#ce893f
3470,AZ,#cf2a2d
3471,CH,#b19246
3472,AM,#d1322e
3473,GB,#7fa047
3474,IS,#2ca02c
3475,NO,#3d8e61
3476,FI,#2b8384
3477,BA,#c37c41
3478,IS,#2ca02c
3479,FI,#2b8384
3480,BY,#7b7261
3481,AM,#d1322e
3482,SI,#b58346
3483,PL,#867f57
3484,HR,#bc8144
3485,ES,#eeb33e
3486,FI,#2b8384
3487,DE,#918e4e
3488,SE,#3c8a6a
3489,HU,#ac7c49
3490,NO,#3d8e61
3491,BA,#c37c41
3492,DE,#918e4e
3493,GB,#7fa047
3494,ES,#eeb33e
3495,GB,#7fa047
3496,ES,#eeb33e
3497,DK,#6b8e57
3498,DK,#6b8e57
3499,DK,#6b8e57
3500,HU,#ac7c49
3501,DK,#6b8e57
3502,DK,#6b8e57
3503,DE,#918e4e
3504,NO,#3d8e61
3505,PL,#867f57
3506,MK,#d0733c
3507,GE,#c43d39
3508,NL,#8c974b
3509,RS,#c17541
3510,HR,#bc8144
3511,AL,#d87539
3512,NO,#3d8e61
3513,DE,#918e4e
3514,DK,#6b8e57
3515,BY,#7b7261
3516,FI,#2b8384
3517,AM,#d1322e
3518,AZ,#cf2a2d
3519,DK,#6b8e57
3520,PL,#867f57
3521,ES,#eeb33e
3522,MK,#d0733c
3523,LT,#6e7a64
3524,IT,#ce893f
3525,LT,#6e7a64
3526,RO,#b06e48
3527,CH,#b19246
3528,NL,#8c974b
3529,DE,#918e4e
3530,FI,#2b8384
3531,RS,#c17541
3532,CZ,#97854f
3533,GE,#c43d39
3534,CH,#b19246
3535,AL,#d87539
3536,CZ,#97854f
3537,AL,#d87539
3538,DK,#6b8e57
3539,DE,#918e4e
3540,DK,#6b8e57
3541,AL,#d87539
3542,AL,#d87539
3543,SK,#9d7d4f
3544,DE,#918e4e
3545,CH,#b19246
3546,FI,#2b8384
3547,DK,#6b8e57
3548,MK,#d0733c
3549,NL,#8c974b
3550,NO,#3d8e61
3551,HU,#ac7c49
3552,AT,#ae8648
3553,GB,#7fa047
3554,DK,#6b8e57
3555,IT,#ce893f
3556,GE,#c43d39
3557,DK,#6b8e57
3558,NL,#8c974b
3559,DE,#918e4e
3560,IS,#2ca02c
3561,NL,#8c974b
3562,GB,#7fa047
3563,SK,#9d7d4f
3564,FI,#2b8384
3565,FR,#b49f44
3566,GB,#7fa047
3567,CH,#b19246
3568,BY,#7b7261
3569,PL,#867f57
3570,AT,#ae8648
3571,IT,#ce893f
3572,NO,#3d8e61
3573,SI,#b58346
3574,RS,#c17541
3575,FR,#b49f44
3576,GE,#c43d39
3577,CH,#b19246
3578,BG,#c66a3e
3579,NL,#8c974b
3580,CH,#b19246
3581,SK,#9d7d4f
3582,DK,#6b8e57
3583,CH,#b19246
3584,AL,#d87539
3585,AL,#d87539
3586,FR,#b49f44
3587,BG,#c66a3e
3588,BG,#c66a3e
3589,GB,#7fa047
3590,GE,#c43d39
3591,NL,#8c974b
3592,FR,#b49f44
3593,HR,#bc8144
3594,NL,#8c974b
3595,BA,#c37c41
3596,NL,#8c974b
3597,CH,#b19246
3598,BA,#c37c41
3599,CH,#b19246
3600,DK,#6b8e57
3601,FI,#2b8384
3602,DK,#6b8e57
3603,FR,#b49f44
3604,LT,#6e7a64
3605,AT,#ae8648
3606,DK,#6b8e57
3607,HR,#bc8144
3608,SE,#3c8a6a
3609,DK,#6b8e57
3610,DE,#918e4e
3611,FI,#2b8384
3612,AZ,#cf2a2d
3613,IT,#ce893f
3614,RU,#61667a
3615,NO,#3d8e61
3616,NL,#8c974b
3617,SE,#3c8a6a
3618,CH,#b19246
3619,AM,#d1322e
3620,PL,#867f57
3621,AM,#d1322e
3622,ES,#eeb33e
3623,MK,#d0733c
3624,FI,#2b8384
3625,EE,#507d73
3626,AL,#d87539
3627,PT,#f8bf3f
3628,HR,#bc8144
3629,NO,#3d8e61
3630,SI,#b58346
3631,HR,#bc8144
3632,BA,#c37c41
3633,SE,#3c8a6a
3634,AM,#d1322e
3635,SI,#b58346
3636,AM,#d1322e
3637,DE,#918e4e
3638,RU,#61667a
3639,IS,#2ca02c
3640,AZ,#cf2a2d
3641,DK,#6b8e57
3642,IS,#2ca02c
3643,CH,#b19246
3644,BG,#c66a3e
3645,GE,#c43d39
3646,IT,#ce893f
3647,DE,#918e4e
3648,BY,#7b7261
3649,CZ,#97854f
3650,FI,#2b8384
3651,SK,#9d7d4f
3652,SE,#3c8a6a
3653,AT,#ae8648
3654,CZ,#97854f
3655,HU,#ac7c49
3656,FR,#b49f44
3657,CH,#b19246
3658,MK,#d0733c
3659,SI,#b58346
3660,HU,#ac7c49
3661,RO,#b06e48
3662,NL,#8c974b
3663,GB,#7fa047
3664,CH,#b19246
3665,GE,#c43d39
3666,HU,#ac7c49
3667,RO,#b06e48
3668,NO,#3d8e61
3669,CH,#b19246
3670,BG,#c66a3e
3671,EE,#507d73
3672,CH,#b19246
3673,FR,#b49f44
3674,CH,#b19246
3675,GE,#c43d39
3676,PT,#f8bf3f
3677,NL,#8c974b
3678,DE,#918e4e
3679,DE,#918e4e
3680,RO,#b06e48
3681,ME,#d1783c
3682,SK,#9d7d4f
3683,HU,#ac7c49
3684,GB,#7fa047
3685,NL,#8c974b
3686,SI,#b58346
3687,CH,#b19246
3688,BY,#7b7261
3689,DE,#918e4e
3690,NO,#3d8e61
3691,CH,#b19246
3692,HU,#ac7c49
3693,AL,#d87539
3694,FR,#b49f44
3695,PL,#867f57
3696,HR,#bc8144
3697,BG,#c66a3e
3698,RO,#b06e48
3699,RS,#c17541
3700,SI,#b58346
3701,CH,#b19246
3702,GB,#7fa047
3703,BG,#c66a3e
3704,DE,#918e4e
3705,AZ,#cf2a2d
3706,NO,#3d8e61
3707,SK,#9d7d4f
3708,PL,#867f57
3709,MK,#d0733c
3710,AZ,#cf2a2d
3711,NL,#8c974b
3712,AL,#d87539
3713,DK,#6b8e57
3714,DK,#6b8e57
3715,BA,#c37c41
3716,MK,#d0733c
3717,CH,#b19246
3718,SK,#9d7d4f
3719,MK,#d0733c
3720,DE,#918e4e
3721,RS,#c17541
3722,SE,#3c8a6a
3723,SI,#b58346
3724,ME,#d1783c
3725,IT,#ce893f
3726,BA,#c37c41
3727,BG,#c66a3e
3728,AL,#d87539
3729,DE,#918e4e
3730,FR,#b49f44
3731,NL,#8c974b
3732,GB,#7fa047
3733,AL,#d87539
3734,PL,#867f57
3735,CZ,#97854f
3736,NO,#3d8e61
3737,CZ,#97854f
3738,HU,#ac7c49
3739,IT,#ce893f
3740,BG,#c66a3e
3741,NO,#3d8e61
3742,RO,#b06e48
3743,DK,#6b8e57
3744,MK,#d0733c
3745,AM,#d1322e
3746,DK,#6b8e57
3747,IT,#ce893f
3748,AT,#ae8648
3749,DK,#6b8e57
3750,DE,#918e4e
3751,PL,#867f57
3752,IT,#ce893f
3753,FR,#b49f44
3754,SI,#b58346
3755,IS,#2ca02c
3756,NL,#8c974b
3757,AM,#d1322e
3758,GB,#7fa047
3759,CH,#b19246
3760,RS,#c17541
3761,BY,#7b7261
3762,NO,#3d8e61
3763,DK,#6b8e57
3764,GB,#7fa047
3765,CH,#b19246
3766,NL,#8c974b
3767,FI,#2b8384
3768,CH,#b19246
3769,DK,#6b8e57
3770,NO,#3d8e61
3771,NO,#3d8e61
3772,AZ,#cf2a2d
3773,BG,#c66a3e
3774,CH,#b19246
3775,GB,#7fa047
3776,FI,#2b8384
3777,HR,#bc8144
3778,HU,#ac7c49
3779,IT,#ce893f
3780,DE,#918e4e
3781,GB,#7fa047
3782,CH,#b19246
3783,NL,#8c974b
3784,DE,#918e4e
3785,GB,#7fa047
3786,BA,#c37c41
3787,GE,#c43d39
3788,DK,#6b8e57
3789,NO,#3d8e61
3790,FR,#b49f44
3791,NO,#3d8e61
3792,NL,#8c974b
3793,GE,#c43d39
3794,AL,#d87539
3795,BG,#c66a3e
3796,HR,#bc8144
3797,BA,#c37c41
3798,GE,#c43d39
3799,BA,#c37c41
3800,IT,#ce893f
3801,HR,#bc8144
3802,HU,#ac7c49
3803,FI,#2b8384
3804,NL,#8c974b
3805,HU,#ac7c49
3806,NL,#8c974b
3807,BA,#c37c41
3808,DE,#918e4e
3809,IT,#ce893f
3810,GB,#7fa047
3811,NL,#8c974b
3812,GB,#7fa047
3813,IT,#ce893f
3814,FI,#2b8384
3815,PT,#f8bf3f
3816,CH,#b19246
3817,RO,#b06e48
3818,ME,#d1783c
3819,IT,#ce893f
3820,BA,#c37c41
3821,NL,#8c974b
3822,SE,#3c8a6a
3823,GB,#7fa047
3824,CH,#b19246
3825,CH,#b19246
3826,AZ,#cf2a2d
3827,IT,#ce893f
3828,DK,#6b8e57
3829,NO,#3d8e61
3830,RS,#c17541
3831,DE,#918e4e
3832,SI,#b58346
3833,GE,#c43d39
3834,CH,#b19246
3835,CZ,#97854f
3836,SI,#b58346
3837,CZ,#97854f
3838,DK,#6b8e57
3839,CH,#b19246
3840,GE,#c43d39
3841,MK,#d0733c
3842,BA,#c37c41
3843,EE,#507d73
3844,DK,#6b8e57
3845,SE,#3c8a6a
3846,ME,#d1783c
3847,PL,#867f57
3848,SE,#3c8a6a
3849,GB,#7fa047
3850,GB,#7fa047
3851,BY,#7b7261
3852,GE,#c43d39
3853,DE,#918e4e
3854,DK,#6b8e57
3855,AT,#ae8648
3856,GE,#c43d39
3857,EE,#507d73
3858,FI,#2b8384
3859,MK,#d0733c
3860,NO,#3d8e61
3861,EE,#507d73
3862,IS,#2ca02c
3863,BY,#7b7261
3864,FI,#2b8384
3865,FI,#2b8384
3866,MK,#d0733c
3867,GE,#c43d39
3868,LT,#6e7a64
3869,CH,#b19246
3870,HR,#bc8144
3871,EE,#507d73
3872,NO,#3d8e61
3873,DE,#918e4e
3874,IS,#2ca02c
3875,AT,#ae8648
3876,BA,#c37c41
3877,SE,#3c8a6a
3878,CZ,#97854f
3879,HR,#bc8144
3880,SI,#b58346
3881,GE,#c43d39
3882,NO,#3d8e61
3883,IT,#ce893f
3884,NL,#8c974b
3885,GB,#7fa047
3886,NL,#8c974b
3887,HR,#bc8144
3888,DE,#918e4e
3889,RO,#b06e48
3890,CH,#b19246
3891,CH,#b19246
3892,GB,#7fa047
3893,FI,#2b8384
3894,SK,#9d7d4f
3895,PT,#f8bf3f
3896,DK,#6b8e57
3897,SI,#b58346
3898,DK,#6b8e57
3899,DK,#6b8e57
3900,EE,#507d73
3901,IT,#ce893f
3902,CZ,#97854f
3903,BA,#c37c41
3904,DK,#6b8e57
3905,NO,#3d8e61
3906,IT,#ce893f
3907,FR,#b49f44
3908,FR,#b49f44
3909,AL,#d87539
3910,IT,#ce893f
3911,NL,#8c974b
3912,CH,#b19246
3913,CH,#b19246
3914,NL,#8c974b
3915,GE,#c43d39
3916,CH,#b19246
3917,BA,#c37c41
3918,GE,#c43d39
3919,BY,#7b7261
3920,DK,#6b8e57
3921,FI,#2b8384
3922,AL,#d87539
3923,IT,#ce893f
3924,FR,#b49f44
3925,GB,#7fa047
3926,IT,#ce893f
3927,HU,#ac7c49
3928,DK,#6b8e57
3929,NL,#8c974b
3930,GE,#c43d39
3931,FR,#b49f44
3932,IT,#ce893f
3933,BA,#c37c41
3934,IS,#2ca02c
3935,GE,#c43d39
3936,FR,#b49f44
3937,CH,#b19246
3938,RU,#61667a
3939,IT,#ce893f
3940,NL,#8c974b
3941,NO,#3d8e61
3942,NO,#3d8e61
3943,SE,#3c8a6a
3944,BG,#c66a3e
3945,AM,#d1322e
3946,GB,#7fa047
3947,RS,#c17541
3948,CZ,#97854f
3949,AL,#d87539
3950,HR,#bc8144
3951,DE,#918e4e
3952,RO,#b06e48
3953,NL,#8c974b
3954,IT,#ce893f
3955,GB,#7fa047
3956,AM,#d1322e
3957,LT,#6e7a64
3958,AL,#d87539
3959,FI,#2b8384
3960,DE,#918e4e
3961,DE,#918e4e
3962,CH,#b19246
3963,AZ,#cf2a2d
3964,IT,#ce893f
3965,IT,#ce893f
3966,DE,#918e4e
3967,IT,#ce893f
3968,DK,#6b8e57
3969,DK,#6b8e57
3970,BA,#c37c41
3971,ES,#eeb33e
3972,AT,#ae8648
3973,DK,#6b8e57
3974,SE,#3c8a6a
3975,GB,#7fa047
3976,DE,#918e4e
3977,PL,#867f57
3978,MK,#d0733c
3979,AL,#d87539
3980,GB,#7fa047
3981,GE,#c43d39
3982,HU,#ac7c49
3983,NO,#3d8e61
3984,NL,#8c974b
3985,IT,#ce893f
3986,RO,#b06e48
3987,GB,#7fa047
3988,LT,#6e7a64
3989,SE,#3c8a6a
3990,DK,#6b8e57
3991,DK,#6b8e57
3992,AM,#d1322e
3993,CH,#b19246
3994,AZ,#cf2a2d
3995,CH,#b19246
3996,AM,#d1322e
3997,GE,#c43d39
3998,NL,#8c974b
3999,AZ,#cf2a2d
4000,GB,#7fa047
4001,BA,#c37c41
4002,BA,#c37c41
4003,CH,#b19246
4004,CH,#b19246
4005,FI,#2b8384
4006,HR,#bc8144
4007,SK,#9d7d4f
4008,RS,#c17541
4009,CZ,#97854f
4010,FR,#b49f44
4011,NL,#8c974b
4012,IT,#ce893f
4013,AM,#d1322e
4014,DK,#6b8e57
4015,AT,#ae8648
4016,GE,#c43d39
4017,NO,#3d8e61
4018,NO,#3d8e61
4019,BA,#c37c41
4020,RS,#c17541
4021,FR,#b49f44
4022,SE,#3c8a6a
4023,EE,#507d73
4024,FI,#2b8384
4025,NL,#8c974b
4026,DK,#6b8e57
4027,FR,#b49f44
4028,NL,#8c974b
4029,AM,#d1322e
4030,DE,#918e4e
4031,RS,#c17541
4032,NO,#3d8e61
4033,CH,#b19246
4034,PT,#f8bf3f
4035,BA,#c37c41
4036,PT,#f8bf3f
4037,AL,#d87539
4038,RU,#61667a
4039,SE,#3c8a6a
4040,DE,#918e4e
4041,FI,#2b8384
4042,GE,#c43d39
4043,DK,#6b8e57
4044,CH,#b19246
4045,MK,#d0733c
4046,SE,#3c8a6a
4047,LT,#6e7a64
4048,BA,#c37c41
4049,PT,#f8bf3f
4050,CH,#b19246
4051,IT,#ce893f
4052,EE,#507d73
4053,GB,#7fa047
4054,ES,#eeb33e
4055,DK,#6b8e57
4056,GE,#c43d39
4057,FI,#2b8384
4058,CZ,#97854f
4059,MK,#d0733c
4060,HR,#bc8144
4061,IS,#2ca02c
4062,BY,#7b7261
4063,MK,#d0733c
4064,RO,#b06e48
4065,DK,#6b8e57
4066,IS,#2ca02c
4067,PT,#f8bf3f
4068,DK,#6b8e57
4069,BG,#c66a3e
4070,CZ,#97854f
4071,GB,#7fa047
4072,DE,#918e4e
4073,SI,#b58346
4074,AL,#d87539
4075,RU,#61667a
4076,PL,#867f57
4077,PT,#f8bf3f
4078,NL,#8c974b
4079,HU,#ac7c49
4080,IS,#2ca02c
4081,PT,#f8bf3f
4082,DK,#6b8e57
4083,GB,#7fa047
4084,SI,#b58346
4085,SK,#9d7d4f
4086,AZ,#cf2a2d
4087,RS,#c17541
4088,FI,#2b8384
4089,HU,#ac7c49
4090,MK,#d0733c
4091,IS,#2ca02c
4092,FI,#2b8384
4093,SI,#b58346
4094,BG,#c66a3e
4095,AL,#d87539
4096,PL,#867f57
4097,RU,#61667a
4098,AM,#d1322e
4099,PT,#f8bf3f
4100,HR,#bc8144
4101,DE,#918e4e
4102,LT,#6e7a64
4103,IS,#2ca02c
4104,GE,#c43d39
4105,RU,#61667a
4106,CH,#b19246
4107,PT,#f8bf3f
4108,SK,#9d7d4f
4109,ES,#eeb33e
4110,AZ,#cf2a2d
4111,BA,#c37c41
4112,CH,#b19246
4113,MK,#d0733c
4114,PL,#867f57
4115,AT,#ae8648
4116,ME,#d1783c
4117,AM,#d1322e
4118,SI,#b58346
4119,IT,#ce893f
4120,EE,#507d73
4121,MK,#d0733c
4122,DK,#6b8e57
4123,AM,#d1322e
4124,SI,#b58346
4125,SI,#b58346
4126,SE,#3c8a6a
4127,IT,#ce893f
4128,GB,#7fa047
4129,ME,#d1783c
4130,HU,#ac7c49
4131,SE,#3c8a6a
4132,LT,#6e7a64
4133,AZ,#cf2a2d
4134,IT,#ce893f
4135,GB,#7fa047
4136,RO,#b06e48
4137,AT,#ae8648
4138,LT,#6e7a64
4139,CH,#b19246
4140,NL,#8c974b
4141,RU,#61667a
4142,CH,#b19246
4143,DE,#918e4e
4144,ME,#d1783c
4145,DK,#6b8e57
4146,AT,#ae8648
4147,DK,#6b8e57
4148,RO,#b06e48
4149,DE,#918e4e
4150,CH,#b19246
4151,DK,#6b8e57
4152,CZ,#97854f
4153,DE,#918e4e
4154,GE,#c43d39
4155,AM,#d1322e
4156,GE,#c43d39
4157,IS,#2ca02c
4158,AT,#ae8648
4159,AM,#d1322e
4160,CH,#b19246
4161,CZ,#97854f
4162,GB,#7fa047
4163,MK,#d0733c
4164,SK,#9d7d4f
4165,CZ,#97854f
4166,GB,#7fa047
4167,DK,#6b8e57
4168,RO,#b06e48
4169,PT,#f8bf3f
4170,AT,#ae8648
4171,DE,#918e4e
4172,RO,#b06e48
4173,HU,#ac7c49
4174,IS,#2ca02c
4175,AM,#d1322e
4176,RO,#b06e48
4177,AT,#ae8648
4178,NO,#3d8e61
4179,FR,#b49f44
4180,HU,#ac7c49
4181,EE,#507d73
4182,DK,#6b8e57
4183,LT,#6e7a64
4184,DK,#6b8e57
4185,LT,#6e7a64
4186,RO,#b06e48
4187,DK,#6b8e57
4188,CH,#b19246
4189,FR,#b49f44
4190,AM,#d1322e
4191,AL,#d87539
4192,CH,#b19246
4193,CH,#b19246
4194,NL,#8c974b
4195,AZ,#cf2a2d
4196,NL,#8c974b
4197,AT,#ae8648
4198,DE,#918e4e
4199,HR,#bc8144
4200,SI,#b58346
4201,BA,#c37c41
4202,DK,#6b8e57
4203,DK,#6b8e57
4204,AT,#ae8648
4205,BA,#c37c41
4206,EE,#507d73
4207,IT,#ce893f
4208,RU,#61667a
4209,NL,#8c974b
4210,CZ,#97854f
4211,RS,#c17541
4212,DK,#6b8e57
4213,IS,#2ca02c
4214,DE,#918e4e
4215,DE,#918e4e
4216,ME,#d1783c
4217,NL,#8c974b
4218,DK,#6b8e57
4219,SK,#9d7d4f
4220,BG,#c66a3e
4221,BA,#c37c41
4222,NO,#3d8e61
4223,GE,#c43d39
4224,HR,#bc8144
4225,BA,#c37c41
4226,AL,#d87539
4227,GE,#c43d39
4228,AL,#d87539
4229,HR,#bc8144
4230,AL,#d87539
4231,FI,#2b8384
4232,CZ,#97854f
4233,CH,#b19246
4234,SK,#9d7d4f
4235,BY,#7b7261
4236,SE,#3c8a6a
4237,BA,#c37c41
4238,AT,#ae8648
4239,RU,#61667a
4240,HR,#bc8144
4241,HU,#ac7c49
4242,DK,#6b8e57
4243,GB,#7fa047
4244,RS,#c17541
4245,AZ,#cf2a2d
4246,IT,#ce893f
4247,CH,#b19246
4248,NL,#8c974b
4249,BA,#c37c41
4250,IT,#ce893f
4251,CH,#b19246
4252,IT,#ce893f
4253,AZ,#cf2a2d
4254,DE,#918e4e
4255,DE,#918e4e
4256,DK,#6b8e57
4257,DK,#6b8e57
4258,AL,#d87539
4259,AT,#ae8648
4260,MK,#d0733c
4261,PT,#f8bf3f
4262,AM,#d1322e
4263,NL,#8c974b
4264,DK,#6b8e57
4265,DK,#6b8e57
4266,LT,#6e7a64
4267,DK,#6b8e57
4268,CH,#b19246
4269,CZ,#97854f
4270,DK,#6b8e57
4271,IS,#2ca02c
4272,CZ,#97854f
4273,SE,#3c8a6a
4274,IS,#2ca02c
4275,RO,#b06e48
4276,BG,#c66a3e
4277,FI,#2b8384
4278,BY,#7b7261
4279,RU,#61667a
4280,AL,#d87539
4281,AL,#d87539
4282,BG,#c66a3e
4283,NO,#3d8e61
4284,FI,#2b8384
4285,SI,#b58346
4286,DK,#6b8e57
4287,DK,#6b8e57
4288,FR,#b49f44
4289,GB,#7fa047
4290,CZ,#97854f
4291,NL,#8c974b
4292,AM,#d1322e
4293,SI,#b58346
4294,GB,#7fa047
4295,BG,#c66a3e
4296,IS,#2ca02c
4297,DK,#6b8e57
4298,CZ,#97854f
4299,CH,#b19246
4300,DK,#6b8e57
4301,RU,#61667a
4302,DK,#6b8e57
4303,SE,#3c8a6a
4304,AT,#ae8648
4305,CZ,#97854f
4306,LT,#6e7a64
4307,ES,#eeb33e
4308,DE,#918e4e
4309,DK,#6b8e57
4310,SE,#3c8a6a
4311,SK,#9d7d4f
4312,IS,#2ca02c
4313,GE,#c43d39
4314,IS,#2ca02c
4315,IS,#2ca02c
4316,BG,#c66a3e
4317,IT,#ce893f
4318,DE,#918e4e
4319,AT,#ae8648
4320,IT,#ce893f
4321,BY,#7b7261
4322,RS,#c17541
4323,SK,#9d7d4f
4324,AM,#d1322e
4325,RU,#61667a
4326,GE,#c43d39
4327,SE,#3c8a6a
4328,NL,#8c974b
4329,AM,#d1322e
4330,NO,#3d8e61
4331,AL,#d87539
4332,DK,#6b8e57
4333,AM,#d1322e
4334,FR,#b49f44
4335,DK,#6b8e57
4336,SE,#3c8a6a
4337,CH,#b19246
4338,CH,#b19246
4339,HU,#ac7c49
4340,AT,#ae8648
4341,GB,#7fa047
4342,BY,#7b7261
4343,DK,#6b8e57
4344,GB,#7fa047
4345,PT,#f8bf3f
4346,GB,#7fa047
4347,DK,#6b8e57
4348,AL,#d87539
4349,AL,#d87539
4350,RU,#61667a
4351,CH,#b19246
4352,SE,#3c8a6a
4353,IS,#2ca02c
4354,HU,#ac7c49
4355,DK,#6b8e57
4356,AT,#ae8648
4357,BA,#c37c41
4358,DK,#6b8e57
4359,AT,#ae8648
4360,CZ,#97854f
4361,PL,#867f57
4362,SK,#9d7d4f
4363,IT,#ce893f
4364,DE,#918e4e
4365,RU,#61667a
4366,GB,#7fa047
4367,RS,#c17541
4368,BY,#7b7261
4369,BA,#c37c41
4370,FR,#b49f44
4371,RS,#c17541
4372,RO,#b06e48
4373,BG,#c66a3e
4374,ES,#eeb33e
4375,CH,#b19246
4376,GB,#7fa047
4377,CH,#b19246
4378,DK,#6b8e57
4379,SE,#3c8a6a
4380,PL,#867f57
4381,EE,#507d73
4382,IT,#ce893f
4383,CZ,#97854f
4384,RO,#b06e48
4385,NL,#8c974b
4386,CH,#b19246
4387,CH,#b19246
4388,GE,#c43d39
4389,ME,#d1783c
4390,PL,#867f57
4391,GB,#7fa047
4392,IT,#ce893f
4393,CH,#b19246
4394,FR,#b49f44
4395,DK,#6b8e57
4396,GB,#7fa047
4397,GB,#7fa047
4398,RU,#61667a
4399,RO,#b06e48
4400,RO,#b06e48
4401,BA,#c37c41
4402,GB,#7fa047
4403,DE,#918e4e
4404,CZ,#97854f
4405,HR,#bc8144
4406,CH,#b19246
4407,HR,#bc8144
4408,BA,#c37c41
4409,DK,#6b8e57
4410,ES,#eeb33e
4411,DE,#918e4e
4412,RS,#c17541
4413,RO,#b06e48
4414,FR,#b49f44
4415,BA,#c37c41
4416,RU,#61667a
4417,HU,#ac7c49
4418,IT,#ce893f
4419,RS,#c17541
4420,GB,#7fa047
4421,DE,#918e4e
4422,BG,#c66a3e
4423,GE,#c43d39
4424,CH,#b19246
4425,GB,#7fa047
4426,NL,#8c974b
4427,DE,#918e4e
4428,ME,#d1783c
4429,CH,#b19246
4430,SI,#b58346
4431,NO,#3d8e61
4432,EE,#507d73
4433,CH,#b19246
4434,NO,#3d8e61
4435,FI,#2b8384
4436,CZ,#97854f
4437,DE,#918e4e
4438,DK,#6b8e57
4439,EE,#507d73
4440,BG,#c66a3e
4441,IS,#2ca02c
4442,RS,#c17541
4443,EE,#507d73
4444,GE,#c43d39
4445,GB,#7fa047
4446,GE,#c43d39
4447,LT,#6e7a64
4448,CZ,#97854f
4449,NL,#8c974b
4450,AT,#ae8648
4451,AT,#ae8648
4452,BA,#c37c41
4453,FI,#2b8384
4454,BY,#7b7261
4455,FI,#2b8384
4456,RU,#61667a
4457,DK,#6b8e57
4458,IS,#2ca02c
4459,ES,#eeb33e
4460,GB,#7fa047
4461,BY,#7b7261
4462,AM,#d1322e
4463,BA,#c37c41
4464,DK,#6b8e57
4465,NO,#3d8e61
4466,CH,#b19246
4467,IS,#2ca02c
4468,NL,#8c974b
4469,PL,#867f57
4470,HR,#bc8144
4471,CH,#b19246
4472,ES,#eeb33e
4473,FR,#b49f44
4474,MK,#d0733c
4475,AT,#ae8648
4476,DK,#6b8e57
4477,EE,#507d73
4478,DK,#6b8e57
4479,CZ,#97854f
4480,GB,#7fa047
4481,IT,#ce893f
4482,CZ,#97854f
4483,RO,#b06e48
4484,CH,#b19246
4485,CH,#b19246
4486,DK,#6b8e57
4487,DK,#6b8e57
4488,RS,#c17541
4489,FI,#2b8384
4490,ES,#eeb33e
4491,NO,#3d8e61
4492,NO,#3d8e61
4493,BA,#c37c41
4494,HU,#ac7c49
4495,IS,#2ca02c
4496,IT,#ce893f
4497,PL,#867f57
4498,RS,#c17541
4499,NO,#3d8e61
4500,LT,#6e7a64
4501,GE,#c43d39
4502,BG,#c66a3e
4503,PT,#f8bf3f
4504,DE,#918e4e
4505,SI,#b58346
4506,PL,#867f57
4507,BA,#c37c41
4508,HR,#bc8144
4509,EE,#507d73
4510,DK,#6b8e57
4511,BY,#7b7261
4512,FI,#2b8384
4513,IS,#2ca02c
4514,PL,#867f57
4515,DE,#918e4e
4516,SI,#b58346
4517,HR,#bc8144
4518,DE,#918e4e
4519,HR,#bc8144
4520,DK,#6b8e57
4521,IS,#2ca02c
4522,DE,#918e4e
4523,AL,#d87539
4524,SE,#3c8a6a
4525,GE,#c43d39
4526,ES,#eeb33e
4527,GE,#c43d39
4528,BG,#c66a3e
4529,MK,#d0733c
4530,GE,#c43d39
4531,PL,#867f57
4532,RS,#c17541
4533,SE,#3c8a6a
4534,FR,#b49f44
4535,AZ,#cf2a2d
4536,CZ,#97854f
4537,CH,#b19246
4538,GB,#7fa047
4539,CH,#b19246
4540,IT,#ce893f
4541,DK,#6b8e57
4542,NL,#8c974b
4543,GB,#7fa047
4544,BA,#c37c41
4545,CH,#b19246
4546,PT,#f8bf3f
4547,NL,#8c974b
4548,SE,#3c8a6a
4549,DK,#6b8e57
4550,FI,#2b8384
4551,DK,#6b8e57
4552,IS,#2ca02c
4553,IT,#ce893f
4554,RU,#61667a
4555,SK,#9d7d4f
4556,NL,#8c974b
4557,SI,#b58346
4558,RS,#c17541
4559,CZ,#97854f
4560,HU,#ac7c49
4561,AT,#ae8648
4562,CH,#b19246
4563,BY,#7b7261
4564,DK,#6b8e57
4565,HU,#ac7c49
4566,BY,#7b7261
4567,PT,#f8bf3f
4568,GB,#7fa047
4569,DE,#918e4e
4570,PL,#867f57
4571,BA,#c37c41
4572,HR,#bc8144
4573,GE,#c43d39
4574,LT,#6e7a64
4575,HR,#bc8144
4576,MK,#d0733c
4577,GB,#7fa047
4578,IT,#ce893f
4579,GB,#7fa047
4580,IS,#2ca02c
4581,SE,#3c8a6a
4582,FI,#2b8384
4583,AL,#d87539
4584,IT,#ce893f
4585,GE,#c43d39
4586,CH,#b19246
4587,FI,#2b8384
4588,NL,#8c974b
4589,IS,#2ca02c
4590,BY,#7b7261
4591,AM,#d1322e
4592,DE,#918e4e
4593,DE,#918e4e
4594,DK,#6b8e57
4595,GB,#7fa047
4596,AM,#d1322e
4597,DK,#6b8e57
4598,BY,#7b7261
4599,DK,#6b8e57
4600,CH,#b19246
4601,AT,#ae8648
4602,MK,#d0733c
4603,SK,#9d7d4f
4604,SI,#b58346
4605,BG,#c66a3e
4606,GE,#c43d39
4607,FR,#b49f44
4608,AL,#d87539
4609,CH,#b19246
4610,AT,#ae8648
4611,MK,#d0733c
4612,SE,#3c8a6a
4613,CZ,#97854f
4614,CH,#b19246
4615,DK,#6b8e57
4616,FI,#2b8384
4617,GE,#c43d39
4618,CH,#b19246
4619,CH,#b19246
4620,SK,#9d7d4f
4621,DK,#6b8e57
4622,ES,#eeb33e
4623,IT,#ce893f
4624,RS,#c17541
4625,GB,#7fa047
4626,NO,#3d8e61
4627,DK,#6b8e57
4628,NO,#3d8e61
4629,FR,#b49f44
4630,BY,#7b7261
4631,AT,#ae8648
4632,SK,#9d7d4f
4633,PT,#f8bf3f
4634,CH,#b19246
4635,BA,#c37c41
4636,CH,#b19246
4637,PT,#f8bf3f
4638,IS,#2ca02c
4639,GB,#7fa047
4640,IS,#2ca02c
4641,HR,#bc8144
4642,NL,#8c974b
4643,BG,#c66a3e
4644,AZ,#cf2a2d
4645,BA,#c37c41
4646,EE,#507d73
4647,CZ,#97854f
4648,LT,#6e7a64
4649,SK,#9d7d4f
4650,BG,#c66a3e
4651,ES,#eeb33e
4652,DK,#6b8e57
4653,NL,#8c974b
4654,CH,#b19246
4655,CZ,#97854f
4656,IS,#2ca02c
4657,CH,#b19246
4658,IT,#ce893f
4659,PL,#867f57
4660,PL,#867f57
4661,DK,#6b8e57
4662,FI,#2b8384
4663,IT,#ce893f
4664,CH,#b19246
4665,RO,#b06e48
4666,CH,#b19246
4667,CH,#b19246
4668,SK,#9d7d4f
4669,DK,#6b8e57
4670,HR,#bc8144
4671,GB,#7fa047
4672,IS,#2ca02c
4673,ES,#eeb33e
4674,HU,#ac7c49
4675,IS,#2ca02c
4676,DE,#918e4e
4677,IT,#ce893f
4678,IS,#2ca02c
4679,CZ,#97854f
4680,RU,#61667a
4681,RU,#61667a
4682,SE,#3c8a6a
4683,RO,#b06e48
4684,NL,#8c974b
4685,HU,#ac7c49
4686,FI,#2b8384
4687,CH,#b19246
4688,RU,#61667a
4689,BG,#c66a3e
4690,BA,#c37c41
4691,DK,#6b8e57
4692,SK,#9d7d4f
4693,NL,#8c974b
4694,CH,#b19246
4695,FR,#b49f44
4696,PL,#867f57
4697,ES,#eeb33e
4698,LT,#6e7a64
4699,PL,#867f57
4700,IS,#2ca02c
4701,FI,#2b8384
4702,SE,#3c8a6a
4703,IS,#2ca02c
4704,RU,#61667a
4705,GB,#7fa047
4706,RU,#61667a
4707,DK,#6b8e57
4708,CH,#b19246
4709,RO,#b06e48
4710,RS,#c17541
4711,DK,#6b8e57
4712,EE,#507d73
4713,IS,#2ca02c
4714,GB,#7fa047
4715,DK,#6b8e57
4716,BA,#c37c41
4717,CH,#b19246
4718,NL,#8c974b
4719,NL,#8c974b
4720,DK,#6b8e57
4721,DK,#6b8e57
4722,AL,#d87539
4723,AZ,#cf2a2d
4724,BA,#c37c41
4725,FR,#b49f44
4726,SI,#b58346
4727,CH,#b19246
4728,HR,#bc8144
4729,IT,#ce893f
4730,HU,#ac7c49
4731,FI,#2b8384
4732,EE,#507d73
4733,IS,#2ca02c
4734,PT,#f8bf3f
4735,IS,#2ca02c
4736,DK,#6b8e57
4737,NL,#8c974b
4738,PT,#f8bf3f
4739,AT,#ae8648
4740,GE,#c43d39
4741,CH,#b19246
4742,NL,#8c974b
4743,PT,#f8bf3f
4744,GE,#c43d39
4745,LT,#6e7a64
4746,BA,#c37c41
4747,RO,#b06e48
4748,AL,#d87539
4749,PT,#f8bf3f
4750,PL,#867f57
4751,RU,#61667a
4752,SK,#9d7d4f
4753,HR,#bc8144
4754,AL,#d87539
4755,GE,#c43d39
4756,FI,#2b8384
4757,CH,#b19246
4758,MK,#d0733c
4759,HR,#bc8144
4760,BY,#7b7261
4761,IT,#ce893f
4762,GE,#c43d39
4763,DE,#918e4e
4764,SI,#b58346
4765,AM,#d1322e
4766,NO,#3d8e61
4767,IS,#2ca02c
4768,BY,#7b7261
4769,NL,#8c974b
4770,FI,#2b8384
4771,RO,#b06e48
4772,AM,#d1322e
4773,CH,#b19246
4774,RU,#61667a
4775,IT,#ce893f
4776,AZ,#cf2a2d
4777,NL,#8c974b
4778,IT,#ce893f
4779,CZ,#97854f
4780,FI,#2b8384
4781,IS,#2ca02c
4782,GB,#7fa047
4783,NL,#8c974b
4784,EE,#507d73
4785,DK,#6b8e57
4786,GB,#7fa047
4787,FI,#2b8384
4788,FR,#b49f44
4789,ES,#eeb33e
4790,NO,#3d8e61
4791,RS,#c17541
4792,DE,#918e4e
4793,SI,#b58346
4794,NO,#3d8e61
4795,NL,#8c974b
4796,AM,#d1322e
4797,CH,#b19246
4798,PL,#867f57
4799,CZ,#97854f
4800,GB,#7fa047
4801,GB,#7fa047
4802,HU,#ac7c49
4803,FR,#b49f44
4804,AM,#d1322e
4805,NO,#3d8e61
4806,NO,#3d8e61
4807,FI,#2b8384
4808,NL,#8c974b
4809,PT,#f8bf3f
4810,CZ,#97854f
4811,AT,#ae8648
4812,CH,#b19246
4813,PT,#f8bf3f
4814,GE,#c43d39
4815,LT,#6e7a64
4816,IT,#ce893f
4817,GB,#7fa047
4818,IS,#2ca02c
4819,FR,#b49f44
4820,EE,#507d73
4821,MK,#d0733c
4822,PL,#867f57
4823,BA,#c37c41
4824,GB,#7fa047
4825,PL,#867f57
4826,CH,#b19246
4827,AZ,#cf2a2d
4828,RO,#b06e48
4829,FI,#2b8384
4830,DK,#6b8e57
4831,DK,#6b8e57
4832,IT,#ce893f
4833,AM,#d1322e
4834,AZ,#cf2a2d
4835,HU,#ac7c49
4836,BA,#c37c41
4837,MK,#d0733c
4838,CZ,#97854f
4839,CH,#b19246
4840,CH,#b19246
4841,IT,#ce893f
4842,IS,#2ca02c
4843,AM,#d1322e
4844,NO,#3d8e61
4845,GE,#c43d39
4846,SE,#3c8a6a
4847,EE,#507d73
4848,NL,#8c974b
4849,ES,#eeb33e
4850,CH,#b19246
4851,BA,#c37c41
4852,DK,#6b8e57
4853,CH,#b19246
4854,SK,#9d7d4f
4855,RS,#c17541
4856,AL,#d87539
4857,DE,#918e4e
4858,NL,#8c974b
4859,HU,#ac7c49
4860,IT,#ce893f
4861,ES,#eeb33e
4862,AZ,#cf2a2d
4863,NL,#8c974b
4864,PL,#867f57
4865,FR,#b49f44
4866,CH,#b19246
4867,AT,#ae8648
4868,GB,#7fa047
4869,DE,#918e4e
4870,AM,#d1322e
4871,NO,#3d8e61
4872,PL,#867f57
4873,NL,#8c974b
4874,BG,#c66a3e
4875,PL,#867f57
4876,CH,#b19246
4877,BY,#7b7261
4878,AZ,#cf2a2d
4879,BG,#c66a3e
4880,DK,#6b8e57
4881,CH,#b19246
4882,CH,#b19246
4883,EE,#507d73
4884,CH,#b19246
4885,ES,#eeb33e
4886,GE,#c43d39
4887,FI,#2b8384
4888,GB,#7fa047
4889,CH,#b19246
4890,AT,#ae8648
4891,SI,#b58346
4892,FR,#b49f44
4893,RU,#61667a
4894,GB,#7fa047
4895,IS,#2ca02c
4896,RO,#b06e48
4897,CH,#b19246
4898,SE,#3c8a6a
4899,AL,#d87539
4900,DK,#6b8e57
4901,NL,#8c974b
4902,AM,#d1322e
4903,AT,#ae8648
4904,RU,#61667a
4905,DE,#918e4e
4906,CH,#b19246
4907,DE,#918e4e
4908,DK,#6b8e57
4909,PT,#f8bf3f
4910,DK,#6b8e57
4911,FR,#b49f44
4912,DE,#918e4e
4913,AT,#ae8648
4914,GE,#c43d39
4915,IS,#2ca02c
4916,EE,#507d73
4917,BG,#c66a3e
4918,IS,#2ca02c
4919,AM,#d1322e
4920,AT,#ae8648
4921,NL,#8c974b
4922,RS,#c17541
4923,CZ,#97854f
4924,DK,#6b8e57
4925,FI,#2b8384
4926,DK,#6b8e57
4927,SK,#9d7d4f
4928,CZ,#97854f
4929,AM,#d1322e
4930,BY,#7b7261
4931,CH,#b19246
4932,AZ,#cf2a2d
4933,FI,#2b8384
4934,CH,#b19246
4935,AZ,#cf2a2d
4936,IS,#2ca02c
4937,NL,#8c974b
4938,FI,#2b8384
4939,NL,#8c974b
4940,IT,#ce893f
4941,BA,#c37c41
4942,GE,#c43d39
4943,AT,#ae8648
4944,CH,#b19246
4945,BA,#c37c41
4946,BY,#7b7261
4947,HR,#bc8144
4948,IT,#ce893f
4949,MK,#d0733c
4950,DK,#6b8e57
4951,ES,#eeb33e
4952,NO,#3d8e61
4953,NL,#8c974b
4954,AT,#ae8648
4955,CH,#b19246
4956,RO,#b06e48
4957,IT,#ce893f
4958,PT,#f8bf3f
4959,DE,#918e4e
4960,CZ,#97854f
4961,SI,#b58346
4962,PL,#867f57
4963,DE,#918e4e
4964,NO,#3d8e61
4965,NL,#8c974b
4966,DK,#6b8e57
4967,AL,#d87539
4968,RU,#61667a
4969,EE,#507d73
4970,DK,#6b8e57
4971,ES,#eeb33e
4972,IS,#2ca02c
4973,HR,#bc8144
4974,NO,#3d8e61
4975,AT,#ae8648
4976,ME,#d1783c
4977,DK,#6b8e57
4978,DE,#918e4e
4979,IT,#ce893f
4980,AT,#ae8648
4981,SK,#9d7d4f
4982,FR,#b49f44
4983,SK,#9d7d4f
4984,AT,#ae8648
4985,PL,#867f57
4986,GB,#7fa047
4987,IT,#ce893f
4988,CZ,#97854f
4989,DE,#918e4e
4990,SK,#9d7d4f
4991,IT,#ce893f
4992,LT,#6e7a64
4993,AM,#d1322e
4994,NO,#3d8e61
4995,BG,#c66a3e
4996,CH,#b19246
4997,DK,#6b8e57
4998,CH,#b19246
4999,CH,#b19246
5000,BG,#c66a3e
5001,DE,#918e4e
5002,DK,#6b8e57
5003,BY,#7b7261
5004,SE,#3c8a6a
5005,DK,#6b8e57
5006,PT,#f8bf3f
5007,NL,#8c974b
5008,DK,#6b8e57
5009,CH,#b19246
5010,CH,#b19246
5011,GE,#c43d39
5012,MK,#d0733c
5013,CH,#b19246
5014,NO,#3d8e61
5015,SE,#3c8a6a
5016,ES,#eeb33e
5017,HU,#ac7c49
5018,BY,#7b7261
5019,CZ,#97854f
5020,LT,#6e7a64
5021,IT,#ce893f
5022,SE,#3c8a6a
5023,RU,#61667a
5024,HU,#ac7c49
5025,IS,#2ca02c
5026,NO,#3d8e61
5027,FR,#b49f44
5028,NO,#3d8e61
5029,AM,#d1322e
5030,BA,#c37c41
5031,RU,#61667a
5032,HU,#ac7c49
5033,BG,#c66a3e
5034,CH,#b19246
5035,FR,#b49f44
5036,AT,#ae8648
5037,RS,#c17541
5038,CH,#b19246
5039,RO,#b06e48
5040,DK,#6b8e57
5041,GB,#7fa047
5042,FR,#b49f44
5043,CZ,#97854f
5044,LT,#6e7a64
5045,BA,#c37c41
5046,BG,#c66a3e
5047,BG,#c66a3e
5048,NL,#8c974b
5049,AZ,#cf2a2d
5050,AL,#d87539
5051,BY,#7b7261
5052,FR,#b49f44
5053,NL,#8c974b
5054,NO,#3d8e61
5055,DE,#918e4e
5056,AL,#d87539
5057,DK,#6b8e57
5058,BY,#7b7261
5059,ES,#eeb33e
5060,RS,#c17541
5061,EE,#507d73
5062,SK,#9d7d4f
5063,RU,#61667a
5064,NO,#3d8e61
5065,SK,#9d7d4f
5066,GB,#7fa047
5067,CH,#b19246
5068,DE,#918e4e
5069,AT,#ae8648
5070,GB,#7fa047
5071,PT,#f8bf3f
5072,DK,#6b8e57
5073,FI,#2b8384
5074,NL,#8c974b
5075,BY,#7b7261
5076,EE,#507d73
5077,RO,#b06e48
5078,PL,#867f57
5079,PL,#867f57
5080,DK,#6b8e57
5081,DK,#6b8e57
5082,SK,#9d7d4f
5083,DK,#6b8e57
5084,CH,#b19246
5085,NO,#3d8e61
5086,CH,#b19246
5087,IT,#ce893f
5088,IT,#ce893f
5089,MK,#d0733c
5090,NL,#8c974b
5091,IT,#ce893f
5092,GB,#7fa047
5093,DE,#918e4e
5094,SE,#3c8a6a
5095,GB,#7fa047
5096,RS,#c17541
5097,HU,#ac7c49
5098,NL,#8c974b
5099,DK,#6b8e57
5100,NO,#3d8e61
5101,BA,#c37c41
5102,FI,#2b8384
5103,HU,#ac7c49
5104,SE,#3c8a6a
5105,IT,#ce893f
5106,HR,#bc8144
5107,DK,#6b8e57
5108,NL,#8c974b
5109,CH,#b19246
5110,SE,#3c8a6a
5111,DK,#6b8e57
5112,DK,#6b8e57
5113,SK,#9d7d4f
5114,BY,#7b7261
5115,RO,#b06e48
5116,BG,#c66a3e
5117,DE,#918e4e
5118,IS,#2ca02c
5119,CH,#b19246
5120,EE,#507d73
5121,IT,#ce893f
5122,DK,#6b8e57
5123,DE,#918e4e
5124,FI,#2b8384
5125,PT,#f8bf3f
5126,BG,#c66a3e
5127,MK,#d0733c
5128,SE,#3c8a6a
5129,ME,#d1783c
5130,FR,#b49f44
5131,ES,#eeb33e
5132,ES,#eeb33e
5133,GE,#c43d39
5134,PL,#867f57
5135,GB,#7fa047
5136,SK,#9d7d4f
5137,NL,#8c974b
5138,BY,#7b7261
5139,AT,#ae8648
5140,PL,#867f57
5141,HR,#bc8144
5142,CZ,#97854f
5143,DK,#6b8e57
5144,MK,#d0733c
5145,DK,#6b8e57
5146,CZ,#97854f
5147,CZ,#97854f
5148,SE,#3c8a6a
5149,GB,#7fa047
5150,HR,#bc8144
5151,AT,#ae8648
5152,GB,#7fa047
5153,PT,#f8bf3f
5154,GB,#7fa047
5155,PT,#f8bf3f
5156,FR,#b49f44
5157,PL,#867f57
5158,SK,#9d7d4f
5159,GE,#c43d39
5160,AT,#ae8648
5161,NL,#8c974b
5162,GB,#7fa047
5163,RO,#b06e48
5164,GE,#c43d39
5165,BY,#7b7261
5166,DE,#918e4e
5167,IT,#ce893f
5168,PT,#f8bf3f
5169,HU,#ac7c49
5170,AM,#d1322e
5171,AM,#d1322e
5172,BA,#c37c41
5173,CH,#b19246
5174,HU,#ac7c49
5175,FR,#b49f44
5176,AM,#d1322e
5177,AT,#ae8648
5178,DK,#6b8e57
5179,GB,#7fa047
5180,NO,#3d8e61
5181,DK,#6b8e57
5182,AL,#d87539
5183,GB,#7fa047
5184,ES,#eeb33e
5185,AL,#d87539
5186,IT,#ce893f
5187,FI,#2b8384
5188,NO,#3d8e61
5189,DE,#918e4e
5190,SK,#9d7d4f
5191,FR,#b49f44
5192,FR,#b49f44
5193,DK,#6b8e57
5194,DK,#6b8e57
5195,CH,#b19246
5196,DK,#6b8e57
5197,GB,#7fa047
5198,AT,#ae8648
5199,CH,#b19246
5200,CZ,#97854f
5201,BY,#7b7261
5202,EE,#507d73
5203,IS,#2ca02c
5204,FR,#b49f44
5205,DK,#6b8e57
5206,IT,#ce893f
5207,CH,#b19246
5208,CH,#b19246
5209,DK,#6b8e57
5210,CH,#b19246
5211,MK,#d0733c
5212,CH,#b19246
5213,IS,#2ca02c
5214,AL,#d87539
5215,HR,#bc8144
5216,BY,#7b7261
5217,GB,#7fa047
5218,IT,#ce893f
5219,HU,#ac7c49
5220,ME,#d1783c
5221,SK,#9d7d4f
5222,AT,#ae8648
5223,HU,#ac7c49
5224,DE,#918e4e
5225,ES,#eeb33e
5226,AT,#ae8648
5227,NO,#3d8e61
5228,SK,#9d7d4f
5229,IT,#ce893f
5230,CH,#b19246
5231,IS,#2ca02c
5232,NO,#3d8e61
5233,BY,#7b7261
5234,NL,#8c974b
5235,AM,#d1322e
5236,DK,#6b8e57
5237,DK,#6b8e57
5238,HU,#ac7c49
5239,DK,#6b8e57
5240,CZ,#97854f
5241,IS,#2ca02c
5242,CZ,#97854f
5243,RS,#c17541
5244,BG,#c66a3e
5245,CH,#b19246
5246,DE,#918e4e
5247,FR,#b49f44
5248,DK,#6b8e57
5249,AM,#d1322e
5250,PL,#867f57
5251,FI,#2b8384
5252,ME,#d1783c
5253,SE,#3c8a6a
5254,BA,#c37c41
5255,BA,#c37c41
5256,DE,#918e4e
5257,AT,#ae8648
5258,DK,#6b8e57
5259,FR,#b49f44
5260,NO,#3d8e61
5261,NL,#8c974b
5262,DK,#6b8e57
5263,RU,#61667a
5264,CH,#b19246
5265,NL,#8c974b
5266,CH,#b19246
5267,BG,#c66a3e
5268,FR,#b49f44
5269,FR,#b49f44
5270,DE,#918e4e
5271,RO,#b06e48
5272,GB,#7fa047
5273,SI,#b58346
5274,CH,#b19246
5275,GB,#7fa047
5276,ME,#d1783c
5277,SI,#b58346
5278,GB,#7fa047
5279,BY,#7b7261
5280,BA,#c37c41
5281,IT,#ce893f
5282,SE,#3c8a6a
5283,SI,#b58346
5284,AM,#d1322e
5285,IS,#2ca02c
5286,FR,#b49f44
5287,CH,#b19246
5288,GB,#7fa047
5289,CZ,#97854f
5290,ES,#eeb33e
5291,LT,#6e7a64
5292,NL,#8c974b
5293,GE,#c43d39
5294,PT,#f8bf3f
5295,HR,#bc8144
5296,NO,#3d8e61
5297,BY,#7b7261
5298,IS,#2ca02c
5299,CZ,#97854f
5300,CH,#b19246
5301,HU,#ac7c49
5302,CH,#b19246
5303,SE,#3c8a6a
5304,IS,#2ca02c
5305,IS,#2ca02c
5306,CH,#b19246
5307,AT,#ae8648
5308,HU,#ac7c49
5309,FR,#b49f44
5310,BY,#7b7261
5311,GB,#7fa047
5312,NO,#3d8e61
5313,LT,#6e7a64
5314,RU,#61667a
5315,AT,#ae8648
5316,GB,#7fa047
5317,AL,#d87539
5318,GE,#c43d39
5319,DK,#6b8e57
5320,IS,#2ca02c
5321,HR,#bc8144
5322,AM,#d1322e
5323,SE,#3c8a6a
5324,DE,#918e4e
5325,IT,#ce893f
5326,AM,#d1322e
5327,SK,#9d7d4f
5328,NL,#8c974b
5329,CH,#b19246
5330,AT,#ae8648
5331,CZ,#97854f
5332,AZ,#cf2a2d
5333,AL,#d87539
5334,PT,#f8bf3f
5335,BY,#7b7261
5336,HU,#ac7c49
5337,SK,#9d7d4f
5338,PL,#867f57
5339,HR,#bc8144
5340,HR,#bc8144
5341,IT,#ce893f
5342,RO,#b06e48
5343,IS,#2ca02c
5344,AT,#ae8648
5345,AL,#d87539
5346,RU,#61667a
5347,FI,#2b8384
5348,FR,#b49f44
5349,ME,#d1783c
5350,PT,#f8bf3f
5351,AL,#d87539
5352,DE,#918e4e
5353,DK,#6b8e57
5354,GE,#c43d39
5355,GE,#c43d39
5356,CH,#b19246
5357,PL,#867f57
5358,LT,#6e7a64
5359,CZ,#97854f
5360,AM,#d1322e
5361,AZ,#cf2a2d
5362,PT,#f8bf3f
5363,DK,#6b8e57
5364,PT,#f8bf3f
5365,CH,#b19246
5366,FR,#b49f44
5367,PT,#f8bf3f
5368,NL,#8c974b
5369,BA,#c37c41
5370,IS,#2ca02c
5371,BG,#c66a3e
5372,SK,#9d7d4f
5373,NO,#3d8e61
5374,GB,#7fa047
5375,AT,#ae8648
5376,SE,#3c8a6a
5377,NO,#3d8e61
5378,SE,#3c8a6a
5379,HU,#ac7c49
5380,SI,#b58346
5381,CZ,#97854f
5382,AL,#d87539
5383,BY,#7b7261
5384,HR,#bc8144
5385,IS,#2ca02c
5386,RS,#c17541
5387,AT,#ae8648
5388,NO,#3d8e61
5389,CZ,#97854f
5390,BG,#c66a3e
5391,PL,#867f57
5392,CH,#b19246
5393,LT,#6e7a64
5394,IS,#2ca02c
5395,RS,#c17541
5396,NL,#8c974b
5397,SE,#3c8a6a
5398,IS,#2ca02c
5399,IS,#2ca02c
5400,FR,#b49f44
5401,AT,#ae8648
5402,CH,#b19246
5403,AM,#d1322e
5404,PT,#f8bf3f
5405,HU,#ac7c49
5406,DK,#6b8e57
5407,PT,#f8bf3f
5408,DK,#6b8e57
5409,LT,#6e7a64
5410,LT,#6e7a64
5411,SE,#3c8a6a
5412,IT,#ce893f
5413,LT,#6e7a64
5414,SK,#9d7d4f
5415,CH,#b19246
5416,SK,#9d7d4f
5417,LT,#6e7a64
5418,RO,#b06e48
5419,SE,#3c8a6a
5420,CH,#b19246
5421,FR,#b49f44
5422,HU,#ac7c49
5423,CZ,#97854f
5424,DK,#6b8e57
5425,NO,#3d8e61
5426,NL,#8c974b
5427,RU,#61667a
5428,IT,#ce893f
5429,AT,#ae8648
5430,EE,#507d73
5431,DE,#918e4e
5432,GE,#c43d39
5433,MK,#d0733c
5434,SI,#b58346
5435,ES,#eeb33e
5436,IS,#2ca02c
5437,DK,#6b8e57
5438,NL,#8c974b
5439,RO,#b06e48
5440,DE,#918e4e
5441,BG,#c66a3e
5442,BA,#c37c41
5443,FR,#b49f44
5444,GE,#c43d39
5445,RO,#b06e48
5446,CZ,#97854f
5447,GB,#7fa047
5448,DE,#918e4e
5449,BY,#7b7261
5450,RS,#c17541
5451,AM,#d1322e
5452,MK,#d0733c
5453,NL,#8c974b
5454,DK,#6b8e57
5455,BA,#c37c41
5456,GE,#c43d39
5457,GE,#c43d39
5458,IS,#2ca02c
5459,HU,#ac7c49
5460,AT,#ae8648
5461,BA,#c37c41
5462,IS,#2ca02c
5463,FI,#2b8384
5464,BA,#c37c41
5465,SI,#b58346
5466,RO,#b06e48
5467,CH,#b19246
5468,SE,#3c8a6a
5469,LT,#6e7a64
5470,CH,#b19246
5471,RS,#c17541
5472,FI,#2b8384
5473,BA,#c37c41
5474,CZ,#97854f
5475,RS,#c17541
5476,BA,#c37c41
5477,IT,#ce893f
5478,PL,#867f57
5479,DK,#6b8e57
5480,AM,#d1322e
5481,DK,#6b8e57
5482,PL,#867f57
5483,NL,#8c974b
5484,AT,#ae8648
5485,LT,#6e7a64
5486,AL,#d87539
5487,SI,#b58346
5488,CH,#b19246
5489,BG,#c66a3e
5490,CH,#b19246
5491,AZ,#cf2a2d
5492,GE,#c43d39
5493,IS,#2ca02c
5494,IS,#2ca02c
5495,DE,#918e4e
5496,GB,#7fa047
5497,PT,#f8bf3f
5498,DK,#6b8e57
5499,HU,#ac7c49
5500,AM,#d1322e
5501,BA,#c37c41
5502,BG,#c66a3e
5503,RO,#b06e48
5504,DE,#918e4e
5505,IT,#ce893f
5506,DK,#6b8e57
5507,CH,#b19246
5508,IT,#ce893f
5509,GB,#7fa047
5510,GB,#7fa047
5511,CH,#b19246
5512,DK,#6b8e57
5513,EE,#507d73
5514,IT,#ce893f
5515,DK,#6b8e57
5516,AZ,#cf2a2d
5517,AZ,#cf2a2d
5518,BA,#c37c41
5519,PL,#867f57
5520,AZ,#cf2a2d
5521,GE,#c43d39
5522,NO,#3d8e61
5523,NL,#8c974b
5524,AL,#d87539
5525,ES,#eeb33e
5526,LT,#6e7a64
5527,NL,#8c974b
5528,FR,#b49f44
5529,CZ,#97854f
5530,DK,#6b8e57
5531,DK,#6b8e57
5532,PT,#f8bf3f
5533,CH,#b19246
5534,GE,#c43d39
5535,EE,#507d73
5536,NO,#3d8e61
5537,PL,#867f57
5538,AL,#d87539
5539,MK,#d0733c
5540,PT,#f8bf3f
5541,HU,#ac7c49
5542,GE,#c43d39
5543,GE,#c43d39
5544,AZ,#cf2a2d
5545,CZ,#97854f
5546,SK,#9d7d4f
5547,PL,#867f57
5548,PL,#867f57
5549,NL,#8c974b
5550,LT,#6e7a64
5551,HU,#ac7c49
5552,BY,#7b7261
5553,HR,#bc8144
5554,DE,#918e4e
5555,CH,#b19246
5556,BG,#c66a3e
5557,AT,#ae8648
5558,GB,#7fa047
5559,NL,#8c974b
5560,DE,#918e4e
5561,AM,#d1322e
5562,NL,#8c974b
5563,NL,#8c974b
5564,RU,#61667a
5565,AM,#d1322e
5566,CZ,#97854f
5567,SK,#9d7d4f
5568,IS,#2ca02c
5569,RO,#b06e48
5570,NO,#3d8e61
5571,CH,#b19246
5572,RO,#b06e48
5573,RS,#c17541
5574,HU,#ac7c49
5575,NL,#8c974b
5576,NL,#8c974b
5577,PL,#867f57
5578,GE,#c43d39
5579,RS,#c17541
5580,GB,#7fa047
5581,FR,#b49f44
5582,NL,#8c974b
5583,FR,#b49f44
5584,IT,#ce893f
5585,DK,#6b8e57
5586,DE,#918e4e
5587,GB,#7fa047
5588,HU,#ac7c49
5589,AZ,#cf2a2d
5590,ES,#eeb33e
5591,DK,#6b8e57
5592,IT,#ce893f
5593,CH,#b19246
5594,ES,#eeb33e
5595,CH,#b19246
5596,SE,#3c8a6a
5597,NL,#8c974b
5598,SK,#9d7d4f
5599,RS,#c17541
5600,CH,#b19246
5601,AL,#d87539
5602,ES,#eeb33e
5603,GB,#7fa047
5604,NL,#8c974b
5605,HR,#bc8144
5606,BG,#c66a3e
5607,SE,#3c8a6a
5608,AT,#ae8648
5609,DK,#6b8e57
5610,AM,#d1322e
5611,PT,#f8bf3f
5612,SI,#b58346
5613,SE,#3c8a6a
5614,FI,#2b8384
5615,ES,#eeb33e
5616,DK,#6b8e57
5617,GE,#c43d39
5618,ES,#eeb33e
5619,AL,#d87539
5620,BA,#c37c41
5621,NL,#8c974b
5622,RO,#b06e48
5623,IT,#ce893f
5624,CH,#b19246
5625,SI,#b58346
5626,AZ,#cf2a2d
5627,AT,#ae8648
5628,GB,#7fa047
5629,SE,#3c8a6a
5630,DE,#918e4e
5631,MK,#d0733c
5632,RO,#b06e48
5633,BA,#c37c41
5634,GE,#c43d39
5635,CZ,#97854f
5636,MK,#d0733c
5637,DE,#918e4e
5638,FI,#2b8384
5639,CZ,#97854f
5640,GE,#c43d39
5641,IT,#ce893f
5642,BY,#7b7261
5643,SE,#3c8a6a
5644,RS,#c17541
5645,PT,#f8bf3f
5646,DK,#6b8e57
5647,NL,#8c974b
5648,NL,#8c974b
5649,NL,#8c974b
5650,HU,#ac7c49
5651,CH,#b19246
5652,DK,#6b8e57
5653,DK,#6b8e57
5654,NO,#3d8e61
5655,SE,#3c8a6a
5656,CZ,#97854f
5657,ES,#eeb33e
5658,BG,#c66a3e
5659,CH,#b19246
5660,SK,#9d7d4f
5661,DE,#918e4e
5662,AT,#ae8648
5663,GE,#c43d39
5664,NL,#8c974b
5665,CZ,#97854f
5666,SE,#3c8a6a
5667,FR,#b49f44
5668,HU,#ac7c49
5669,PL,#867f57
5670,DK,#6b8e57
5671,PT,#f8bf3f
5672,GE,#c43d39
5673,CH,#b19246
5674,AM,#d1322e
5675,DK,#6b8e57
5676,SK,#9d7d4f
5677,SE,#3c8a6a
5678,NL,#8c974b
5679,DE,#918e4e
5680,AL,#d87539
5681,NL,#8c974b
5682,NO,#3d8e61
5683,SE,#3c8a6a
5684,NO,#3d8e61
5685,IT,#ce893f
5686,DK,#6b8e57
5687,NO,#3d8e61
5688,SE,#3c8a6a
5689,EE,#507d73
5690,NL,#8c974b
5691,CZ,#97854f
5692,DK,#6b8e57
5693,DE,#918e4e
5694,AT,#ae8648
5695,AT,#ae8648
5696,SK,#9d7d4f
5697,NL,#8c974b
5698,PT,#f8bf3f
5699,BG,#c66a3e
5700,DK,#6b8e57
5701,CH,#b19246
5702,PL,#867f57
5703,AT,#ae8648
5704,NL,#8c974b
5705,AT,#ae8648
5706,BY,#7b7261
5707,SI,#b58346
5708,GE,#c43d39
5709,LT,#6e7a64
5710,ES,#eeb33e
5711,SK,#9d7d4f
5712,NO,#3d8e61
5713,FI,#2b8384
5714,NL,#8c974b
5715,AL,#d87539
5716,RO,#b06e48
5717,PT,#f8bf3f
5718,RO,#b06e48
5719,NO,#3d8e61
5720,MK,#d0733c
5721,ME,#d1783c
5722,ES,#eeb33e
5723,NL,#8c974b
5724,BA,#c37c41
5725,EE,#507d73
5726,FR,#b49f44
5727,NL,#8c974b
5728,AL,#d87539
5729,GE,#c43d39
5730,FR,#b49f44
5731,CZ,#97854f
5732,BA,#c37c41
5733,IS,#2ca02c
5734,AT,#ae8648
5735,RO,#b06e48
5736,NL,#8c974b
5737,CH,#b19246
5738,EE,#507d73
5739,DK,#6b8e57
5740,AZ,#cf2a2d
5741,GB,#7fa047
5742,NO,#3d8e61
5743,SK,#9d7d4f
5744,FR,#b49f44
5745,FI,#2b8384
5746,HR,#bc8144
5747,AT,#ae8648
5748,HU,#ac7c49
5749,DE,#918e4e
5750,CH,#b19246
5751,SE,#3c8a6a
5752,DE,#918e4e
5753,RO,#b06e48
5754,RO,#b06e48
5755,BG,#c66a3e
5756,AZ,#cf2a2d
5757,AT,#ae8648
5758,GB,#7fa047
5759,CZ,#97854f
5760,BG,#c66a3e
5761,GB,#7fa047
5762,GB,#7fa047
5763,PL,#867f57
5764,DE,#918e4e
5765,CH,#b19246
5766,FR,#b49f44
5767,NL,#8c974b
5768,FI,#2b8384
5769,NO,#3d8e61
5770,SI,#b58346
5771,EE,#507d73
5772,SK,#9d7d4f
5773,FI,#2b8384
5774,DE,#918e4e
5775,HU,#ac7c49
5776,GB,#7fa047
5777,ES,#eeb33e
5778,HR,#bc8144
5779,NL,#8c974b
5780,AM,#d1322e
5781,FI,#2b8384
5782,FI,#2b8384
5783,SK,#9d7d4f
5784,DK,#6b8e57
5785,SK,#9d7d4f
5786,DK,#6b8e57
5787,IS,#2ca02c
5788,RS,#c17541
5789,FR,#b49f44
5790,SK,#9d7d4f
5791,EE,#507d73
5792,FI,#2b8384
5793,RS,#c17541
5794,NO,#3d8e61
5795,BA,#c37c41
5796,CH,#b19246
5797,GE,#c43d39
5798,BA,#c37c41
5799,AZ,#cf2a2d
5800,ME,#d1783c
5801,CH,#b19246
5802,RS,#c17541
5803,GE,#c43d39
5804,IT,#ce893f
5805,SK,#9d7d4f
5806,GE,#c43d39
5807,PL,#867f57
5808,AT,#ae8648
5809,GB,#7fa047
5810,IT,#ce893f
5811,NL,#8c974b
5812,HR,#bc8144
5813,AZ,#cf2a2d
5814,GB,#7fa047
5815,FI,#2b8384
5816,GB,#7fa047
5817,NO,#3d8e61
5818,NL,#8c974b
5819,AZ,#cf2a2d
5820,IT,#ce893f
5821,HU,#ac7c49
5822,IS,#2ca02c
5823,HU,#ac7c49
5824,RU,#61667a
5825,CH,#b19246
5826,AL,#d87539
5827,ES,#eeb33e
5828,AL,#d87539
5829,DK,#6b8e57
5830,PL,#867f57
5831,HU,#ac7c49
5832,DK,#6b8e57
5833,HU,#ac7c49
5834,NO,#3d8e61
5835,DK,#6b8e57
5836,IS,#2ca02c
5837,ME,#d1783c
5838,ME,#d1783c
5839,RS,#c17541
5840,CZ,#97854f
5841,PL,#867f57
5842,DK,#6b8e57
5843,NL,#8c974b
5844,AZ,#cf2a2d
5845,AM,#d1322e
5846,CH,#b19246
5847,SI,#b58346
5848,GB,#7fa047
5849,AT,#ae8648
5850,NL,#8c974b
5851,BA,#c37c41
5852,RU,#61667a
5853,PL,#867f57
5854,CH,#b19246
5855,MK,#d0733c
5856,AT,#ae8648
5857,IS,#2ca02c
5858,EE,#507d73
5859,HR,#bc8144
5860,BY,#7b7261
5861,BA,#c37c41
5862,HU,#ac7c49
5863,DE,#918e4e
5864,GE,#c43d39
5865,RU,#61667a
5866,AZ,#cf2a2d
5867,FR,#b49f44
5868,HU,#ac7c49
5869,FR,#b49f44
5870,AL,#d87539
5871,IS,#2ca02c
5872,AM,#d1322e
5873,DK,#6b8e57
5874,IS,#2ca02c
5875,HU,#ac7c49
5876,IS,#2ca02c
5877,SE,#3c8a6a
5878,NL,#8c974b
5879,ES,#eeb33e
5880,HU,#ac7c49
5881,RU,#61667a
5882,HR,#bc8144
5883,BY,#7b7261
5884,AT,#ae8648
5885,PL,#867f57
5886,FI,#2b8384
5887,IT,#ce893f
5888,RO,#b06e48
5889,DK,#6b8e57
5890,AZ,#cf2a2d
5891,AM,#d1322e
5892,DE,#918e4e
5893,BY,#7b7261
5894,CZ,#97854f
5895,GE,#c43d39
5896,IT,#ce893f
5897,GB,#7fa047
5898,CH,#b19246
5899,HU,#ac7c49
5900,EE,#507d73
5901,AZ,#cf2a2d
5902,SE,#3c8a6a
5903,IS,#2ca02c
5904,NO,#3d8e61
5905,IS,#2ca02c
5906,BY,#7b7261
5907,PT,#f8bf3f
5908,AM,#d1322e
5909,SK,#9d7d4f
5910,EE,#507d73
5911,BG,#c66a3e
5912,SK,#9d7d4f
5913,CZ,#97854f
5914,DE,#918e4e
5915,IT,#ce893f
5916,NL,#8c974b
5917,CZ,#97854f
5918,IS,#2ca02c
5919,SI,#b58346
5920,RS,#c17541
5921,IT,#ce893f
5922,AL,#d87539
5923,GB,#7fa047
5924,AL,#d87539
5925,BA,#c37c41
5926,HR,#bc8144
5927,DE,#918e4e
5928,AT,#ae8648
5929,CZ,#97854f
5930,SE,#3c8a6a
5931,AZ,#cf2a2d
5932,DE,#918e4e
5933,ES,#eeb33e
5934,SE,#3c8a6a
5935,CZ,#97854f
5936,SE,#3c8a6a
5937,FR,#b49f44
5938,BG,#c66a3e
5939,RO,#b06e48
5940,BG,#c66a3e
5941,PT,#f8bf3f
5942,IT,#ce893f
5943,MK,#d0733c
5944,NL,#8c974b
5945,CH,#b19246
5946,CZ,#97854f
5947,RS,#c17541
5948,DK,#6b8e57
5949,AT,#ae8648
5950,FI,#2b8384
5951,SE,#3c8a6a
5952,GB,#7fa047
5953,PL,#867f57
5954,SE,#3c8a6a
5955,HR,#bc8144
5956,EE,#507d73
5957,RU,#61667a
5958,IT,#ce893f
5959,CH,#b19246
5960,NL,#8c974b
5961,HR,#bc8144
5962,CZ,#97854f
5963,DE,#918e4e
5964,AT,#ae8648
5965,DK,#6b8e57
5966,FI,#2b8384
5967,NO,#3d8e61
5968,NL,#8c974b
5969,MK,#d0733c
5970,DK,#6b8e57
5971,ES,#eeb33e
5972,HU,#ac7c49
5973,ME,#d1783c
5974,CH,#b19246
5975,BG,#c66a3e
5976,LT,#6e7a64
5977,NO,#3d8e61
5978,AZ,#cf2a2d
5979,IS,#2ca02c
5980,FI,#2b8384
5981,SK,#9d7d4f
5982,ES,#eeb33e
5983,MK,#d0733c
5984,DE,#918e4e
5985,IS,#2ca02c
5986,IS,#2ca02c
5987,SK,#9d7d4f
5988,ME,#d1783c
5989,BG,#c66a3e
5990,AT,#ae8648
5991,SK,#9d7d4f
5992,CH,#b19246
5993,FI,#2b8384
5994,DK,#6b8e57
5995,SI,#b58346
5996,DK,#6b8e57
5997,AM,#d1322e
5998,DE,#918e4e
5999,FR,#b49f44
6000,NL,#8c974b
6001,GE,#c43d39
6002,HU,#ac7c49
6003,HR,#bc8144
6004,CH,#b19246
6005,DE,#918e4e
6006,HR,#bc8144
6007,DK,#6b8e57
6008,HR,#bc8144
6009,CH,#b19246
6010,NO,#3d8e61
6011,PT,#f8bf3f
6012,GB,#7fa047
6013,SE,#3c8a6a
6014,DK,#6b8e57
6015,ES,#eeb33e
6016,NL,#8c974b
6017,BA,#c37c41
6018,SI,#b58346
6019,CH,#b19246
6020,DE,#918e4e
6021,NO,#3d8e61
6022,NL,#8c974b
6023,PT,#f8bf3f
6024,CH,#b19246
6025,SE,#3c8a6a
6026,AL,#d87539
6027,AL,#d87539
6028,HU,#ac7c49
6029,HR,#bc8144
6030,FI,#2b8384
6031,BA,#c37c41
6032,SE,#3c8a6a
6033,DK,#6b8e57
6034,IS,#2ca02c
6035,RO,#b06e48
6036,RO,#b06e48
6037,AM,#d1322e
6038,NO,#3d8e61
6039,ME,#d1783c
6040,HU,#ac7c49
6041,DK,#6b8e57
6042,IT,#ce893f
6043,HR,#bc8144
6044,DE,#918e4e
6045,RO,#b06e48
6046,CH,#b19246
6047,FI,#2b8384
6048,RO,#b06e48
6049,SE,#3c8a6a
6050,LT,#6e7a64
6051,DK,#6b8e57
6052,GE,#c43d39
6053,IT,#ce893f
6054,BA,#c37c41
6055,SI,#b58346
6056,SI,#b58346
6057,PT,#f8bf3f
6058,RS,#c17541
6059,GE,#c43d39
6060,PT,#f8bf3f
6061,GB,#7fa047
6062,SE,#3c8a6a
6063,AZ,#cf2a2d
6064,NL,#8c974b
6065,NL,#8c974b
6066,HU,#ac7c49
6067,HU,#ac7c49
6068,RS,#c17541
6069,DK,#6b8e57
6070,CH,#b19246
6071,DK,#6b8e57
6072,AT,#ae8648
6073,HR,#bc8144
6074,NL,#8c974b
6075,HR,#bc8144
6076,MK,#d0733c
6077,BA,#c37c41
6078,ES,#eeb33e
6079,FR,#b49f44
6080,GE,#c43d39
6081,CH,#b19246
6082,AM,#d1322e
6083,IS,#2ca02c
6084,HR,#bc8144
6085,CH,#b19246
6086,RS,#c17541
6087,LT,#6e7a64
6088,GE,#c43d39
6089,CH,#b19246
6090,PT,#f8bf3f
6091,CZ,#97854f
6092,RU,#61667a
6093,GE,#c43d39
6094,EE,#507d73
6095,GB,#7fa047
6096,AT,#ae8648
6097,DE,#918e4e
6098,SE,#3c8a6a
6099,GE,#c43d39
6100,IT,#ce893f
6101,DE,#918e4e
6102,SK,#9d7d4f
6103,AL,#d87539
6104,SE,#3c8a6a
6105,DK,#6b8e57
6106,AT,#ae8648
6107,CH,#b19246
6108,CH,#b19246
6109,PL,#867f57
6110,RS,#c17541
6111,FI,#2b8384
6112,BA,#c37c41
6113,CZ,#97854f
6114,AT,#ae8648
6115,GB,#7fa047
6116,IT,#ce893f
6117,DK,#6b8e57
6118,IS,#2ca02c
6119,CZ,#97854f
6120,AL,#d87539
6121,ES,#eeb33e
6122,SE,#3c8a6a
6123,NO,#3d8e61
6124,CH,#b19246
6125,AT,#ae8648
6126,DE,#918e4e
6127,ES,#eeb33e
6128,FR,#b49f44
6129,GB,#7fa047
6130,BA,#c37c41
6131,DE,#918e4e
6132,EE,#507d73
6133,DK,#6b8e57
6134,FI,#2b8384
6135,GB,#7fa047
6136,AM,#d1322e
6137,NL,#8c974b
6138,DK,#6b8e57
6139,IT,#ce893f
6140,RS,#c17541
6141,MK,#d0733c
6142,BY,#7b7261
6143,IT,#ce893f
6144,RU,#61667a
6145,RS,#c17541
6146,FR,#b49f44
6147,ES,#eeb33e
6148,PT,#f8bf3f
6149,CH,#b19246
6150,NL,#8c974b
6151,HR,#bc8144
6152,SK,#9d7d4f
6153,NL,#8c974b
6154,CH,#b19246
6155,BY,#7b7261
6156,IS,#2ca02c
6157,LT,#6e7a64
6158,CH,#b19246
6159,DK,#6b8e57
6160,AM,#d1322e
6161,BA,#c37c41
6162,CZ,#97854f
6163,GB,#7fa047
6164,NL,#8c974b
6165,DK,#6b8e57
6166,GE,#c43d39
6167,FI,#2b8384
6168,ME,#d1783c
6169,NL,#8c974b
6170,GE,#c43d39
6171,HU,#ac7c49
6172,RU,#61667a
6173,FI,#2b8384
6174,BA,#c37c41
6175,EE,#507d73
6176,CZ,#97854f
6177,AZ,#cf2a2d
6178,GB,#7fa047
6179,AL,#d87539
6180,DK,#6b8e57
6181,SI,#b58346
6182,DK,#6b8e57
6183,HR,#bc8144
6184,AL,#d87539
6185,CH,#b19246
6186,RS,#c17541
6187,NO,#3d8e61
6188,AM,#d1322e
6189,BA,#c37c41
6190,HU,#ac7c49
6191,DK,#6b8e57
6192,CZ,#97854f
6193,HU,#ac7c49
6194,AT,#ae8648
6195,SI,#b58346
6196,AT,#ae8648
6197,EE,#507d73
6198,AT,#ae8648
6199,AM,#d1322e
6200,CH,#b19246
6201,AT,#ae8648
6202,DK,#6b8e57
6203,NL,#8c974b
6204,BA,#c37c41
6205,GB,#7fa047
6206,CH,#b19246
6207,AT,#ae8648
6208,FI,#2b8384
6209,BA,#c37c41
6210,CZ,#97854f
6211,AM,#d1322e
6212,EE,#507d73
6213,ES,#eeb33e
6214,CZ,#97854f
6215,GB,#7fa047
6216,NL,#8c974b
6217,BG,#c66a3e
6218,DE,#918e4e
6219,PL,#867f57
6220,AT,#ae8648
6221,IS,#2ca02c
6222,IS,#2ca02c
6223,PT,#f8bf3f
6224,NL,#8c974b
6225,PL,#867f57
6226,RO,#b06e48
6227,HU,#ac7c49
6228,CH,#b19246
6229,HU,#ac7c49
6230,EE,#507d73
6231,PT,#f8bf3f
6232,AT,#ae8648
6233,BA,#c37c41
6234,DK,#6b8e57
6235,DK,#6b8e57
6236,DE,#918e4e
6237,BY,#7b7261
6238,DK,#6b8e57
6239,CH,#b19246
6240,GB,#7fa047
6241,CH,#b19246
6242,MK,#d0733c
6243,BA,#c37c41
6244,NL,#8c974b
6245,DK,#6b8e57
6246,AT,#ae8648
6247,BY,#7b7261
6248,SE,#3c8a6a
6249,DK,#6b8e57
6250,BA,#c37c41
6251,DK,#6b8e57
6252,GB,#7fa047
6253,AM,#d1322e
6254,SK,#9d7d4f
6255,BA,#c37c41
6256,AL,#d87539
6257,FI,#2b8384
6258,MK,#d0733c
6259,LT,#6e7a64
6260,RS,#c17541
6261,IT,#ce893f
6262,GB,#7fa047
6263,ES,#eeb33e
6264,ES,#eeb33e
6265,NO,#3d8e61
6266,CH,#b19246
6267,NL,#8c974b
6268,DK,#6b8e57
6269,BG,#c66a3e
6270,AT,#ae8648
6271,IS,#2ca02c
6272,FI,#2b8384
6273,CH,#b19246
6274,RS,#c17541
6275,AZ,#cf2a2d
6276,HU,#ac7c49
6277,CH,#b19246
6278,SI,#b58346
6279,AZ,#cf2a2d
6280,IT,#ce893f
6281,SK,#9d7d4f
6282,CH,#b19246
6283,RS,#c17541
6284,SE,#3c8a6a
6285,CH,#b19246
6286,HR,#bc8144
6287,SE,#3c8a6a
6288,CH,#b19246
6289,AM,#d1322e
6290,NL,#8c974b
6291,HR,#bc8144
6292,RU,#61667a
6293,HR,#bc8144
6294,PL,#867f57
6295,BY,#7b7261
6296,RU,#61667a
6297,CH,#b19246
6298,IT,#ce893f
6299,DK,#6b8e57
6300,IT,#ce893f
6301,AZ,#cf2a2d
6302,IT,#ce893f
6303,IS,#2ca02c
6304,HR,#bc8144
6305,HU,#ac7c49
6306,DK,#6b8e57
6307,CH,#b19246
6308,ES,#eeb33e
6309,CZ,#97854f
6310,DE,#918e4e
6311,CH,#b19246
6312,HR,#bc8144
6313,ME,#d1783c
6314,PL,#867f57
6315,HR,#bc8144
6316,RS,#c17541
6317,NL,#8c974b
6318,SE,#3c8a6a
6319,DK,#6b8e57
6320,SE,#3c8a6a
6321,IS,#2ca02c
6322,PL,#867f57
6323,CH,#b19246
6324,CZ,#97854f
6325,CZ,#97854f
6326,AT,#ae8648
6327,CH,#b19246
6328,GB,#7fa047
6329,AM,#d1322e
6330,AZ,#cf2a2d
6331,CH,#b19246
6332,IS,#2ca02c
6333,DK,#6b8e57
6334,IS,#2ca02c
6335,CH,#b19246
6336,CH,#b19246
6337,SI,#b58346
6338,NL,#8c974b
6339,CH,#b19246
6340,PT,#f8bf3f
6341,GE,#c43d39
6342,SE,#3c8a6a
6343,SK,#9d7d4f
6344,AM,#d1322e
6345,SI,#b58346
6346,LT,#6e7a64
6347,AZ,#cf2a2d
6348,HR,#bc8144
6349,IT,#ce893f
6350,HU,#ac7c49
6351,SK,#9d7d4f
6352,IT,#ce893f
6353,SI,#b58346
6354,DE,#918e4e
6355,NO,#3d8e61
6356,BA,#c37c41
6357,DE,#918e4e
6358,GB,#7fa047
6359,PL,#867f57
6360,SI,#b58346
6361,SE,#3c8a6a
6362,GE,#c43d39
6363,SI,#b58346
6364,HU,#ac7c49
6365,GE,#c43d39
6366,GB,#7fa047
6367,IS,#2ca02c
6368,GB,#7fa047
6369,GB,#7fa047
6370,RU,#61667a
6371,AL,#d87539
6372,CH,#b19246
6373,GE,#c43d39
6374,MK,#d0733c
6375,HR,#bc8144
6376,BG,#c66a3e
6377,DK,#6b8e57
6378,CZ,#97854f
6379,HU,#ac7c49
6380,FR,#b49f44
6381,GE,#c43d39
6382,BA,#c37c41
6383,AL,#d87539
6384,EE,#507d73
6385,FR,#b49f44
6386,GB,#7fa047
6387,AZ,#cf2a2d
6388,SK,#9d7d4f
6389,CH,#b19246
6390,SE,#3c8a6a
6391,SE,#3c8a6a
6392,GB,#7fa047
6393,IS,#2ca02c
6394,DK,#6b8e57
6395,PT,#f8bf3f
6396,SE,#3c8a6a
6397,FR,#b49f44
6398,HR,#bc8144
6399,DK,#6b8e57
6400,AZ,#cf2a2d
6401,IT,#ce893f
6402,CZ,#97854f
6403,NL,#8c974b
6404,DK,#6b8e57
6405,CH,#b19246
6406,HR,#bc8144
6407,AZ,#cf2a2d
6408,SK,#9d7d4f
6409,BG,#c66a3e
6410,IS,#2ca02c
6411,GB,#7fa047
6412,PL,#867f57
6413,FI,#2b8384
6414,DE,#918e4e
6415,IT,#ce893f
6416,DK,#6b8e57
6417,IS,#2ca02c
6418,SK,#9d7d4f
6419,HR,#bc8144
6420,DK,#6b8e57
6421,CH,#b19246
6422,AL,#d87539
6423,LT,#6e7a64
6424,IT,#ce893f
6425,BA,#c37c41
6426,LT,#6e7a64
6427,IS,#2ca02c
6428,FI,#2b8384
6429,IT,#ce893f
6430,NL,#8c974b
6431,GB,#7fa047
6432,CZ,#97854f
6433,BA,#c37c41
6434,NL,#8c974b
6435,DE,#918e4e
6436,AZ,#cf2a2d
6437,RO,#b06e48
6438,CH,#b19246
6439,GE,#c43d39
6440,DK,#6b8e57
6441,IT,#ce893f
6442,CH,#b19246
6443,DE,#918e4e
6444,BG,#c66a3e
6445,HR,#bc8144
6446,DK,#6b8e57
6447,CH,#b19246
6448,AT,#ae8648
6449,CH,#b19246
6450,LT,#6e7a64
6451,AM,#d1322e
6452,BA,#c37c41
6453,DE,#918e4e
6454,AM,#d1322e
6455,BG,#c66a3e
6456,BG,#c66a3e
6457,CZ,#97854f
6458,IT,#ce893f
6459,NO,#3d8e61
6460,NL,#8c974b
6461,HR,#bc8144
6462,FR,#b49f44
6463,DK,#6b8e57
6464,AM,#d1322e
6465,CH,#b19246
6466,GB,#7fa047
6467,IT,#ce893f
6468,MK,#d0733c
6469,PT,#f8bf3f
6470,RS,#c17541
6471,GB,#7fa047
6472,DK,#6b8e57
6473,HU,#ac7c49
6474,AZ,#cf2a2d
6475,SK,#9d7d4f
6476,SK,#9d7d4f
6477,RS,#c17541
6478,LT,#6e7a64
6479,BA,#c37c41
6480,IS,#2ca02c
6481,SK,#9d7d4f
6482,BA,#c37c41
6483,DK,#6b8e57
6484,MK,#d0733c
6485,DE,#918e4e
6486,SE,#3c8a6a
6487,HU,#ac7c49
6488,RU,#61667a
6489,DE,#918e4e
6490,FI,#2b8384
6491,HU,#ac7c49
6492,DE,#918e4e
6493,AT,#ae8648
6494,SK,#9d7d4f
6495,FR,#b49f44
6496,NO,#3d8e61
6497,HU,#ac7c49
6498,FI,#2b8384
6499,NL,#8c974b
6500,GE,#c43d39
6501,IT,#ce893f
6502,FR,#b49f44
6503,IT,#ce893f
6504,CZ,#97854f
6505,AT,#ae8648
6506,NO,#3d8e61
6507,FR,#b49f44
6508,DK,#6b8e57
6509,SI,#b58346
6510,RS,#c17541
6511,CZ,#97854f
6512,FI,#2b8384
6513,MK,#d0733c
6514,IT,#ce893f
6515,GB,#7fa047
6516,SE,#3c8a6a
6517,IT,#ce893f
6518,DE,#918e4e
6519,CH,#b19246
6520,HU,#ac7c49
6521,ME,#d1783c
6522,EE,#507d73
6523,BG,#c66a3e
6524,BA,#c37c41
6525,IT,#ce893f
6526,SK,#9d7d4f
6527,IT,#ce893f
6528,AM,#d1322e
6529,AM,#d1322e
6530,CH,#b19246
6531,DK,#6b8e57
6532,AM,#d1322e
6533,AL,#d87539
6534,NO,#3d8e61
6535,AL,#d87539
6536,CH,#b19246
6537,NL,#8c974b
6538,IT,#ce893f
6539,SE,#3c8a6a
6540,FI,#2b8384
6541,HU,#ac7c49
6542,AT,#ae8648
6543,AM,#d1322e
6544,IT,#ce893f
6545,DE,#918e4e
6546,GB,#7fa047
6547,DK,#6b8e57
6548,CH,#b19246
6549,CH,#b19246
6550,FR,#b49f44
6551,GE,#c43d39
6552,DK,#6b8e57
6553,HR,#bc8144
6554,SI,#b58346
6555,SE,#3c8a6a
6556,IT,#ce893f
6557,CZ,#97854f
6558,DE,#918e4e
6559,HU,#ac7c49
6560,FR,#b49f44
6561,CZ,#97854f
6562,DK,#6b8e57
6563,SE,#3c8a6a
6564,NO,#3d8e61
6565,IT,#ce893f
6566,IS,#2ca02c
6567,DK,#6b8e57
6568,DE,#918e4e
6569,BA,#c37c41
6570,PT,#f8bf3f
6571,SE,#3c8a6a
6572,FI,#2b8384
6573,HU,#ac7c49
6574,IT,#ce893f
6575,AM,#d1322e
6576,LT,#6e7a64
6577,AL,#d87539
6578,AZ,#cf2a2d
6579,MK,#d0733c
6580,DK,#6b8e57
6581,IT,#ce893f
6582,CZ,#97854f
6583,CH,#b19246
6584,RS,#c17541
6585,HU,#ac7c49
6586,BA,#c37c41
6587,DK,#6b8e57
6588,AT,#ae8648
6589,HU,#ac7c49
6590,HR,#bc8144
6591,IS,#2ca02c
6592,HU,#ac7c49
6593,NL,#8c974b
6594,GE,#c43d39
6595,ES,#eeb33e
6596,BY,#7b7261
6597,RS,#c17541
6598,CH,#b19246
6599,CH,#b19246
6600,HU,#ac7c49
6601,BA,#c37c41
6602,GE,#c43d39
6603,IS,#2ca02c
6604,IS,#2ca02c
6605,EE,#507d73
6606,CH,#b19246
6607,SE,#3c8a6a
6608,LT,#6e7a64
6609,NO,#3d8e61
6610,BA,#c37c41
6611,DK,#6b8e57
6612,CH,#b19246
6613,NL,#8c974b
6614,CH,#b19246
6615,AL,#d87539
6616,HU,#ac7c49
6617,RU,#61667a
6618,AM,#d1322e
6619,AM,#d1322e
6620,FR,#b49f44
6621,AM,#d1322e
6622,IT,#ce893f
6623,HR,#bc8144
6624,HR,#bc8144
6625,ES,#eeb33e
6626,FI,#2b8384
6627,CH,#b19246
6628,IT,#ce893f
6629,SK,#9d7d4f
6630,AZ,#cf2a2d
6631,DK,#6b8e57
6632,DK,#6b8e57
6633,GB,#7fa047
6634,GE,#c43d39
6635,AT,#ae8648
6636,BA,#c37c41
6637,RO,#b06e48
6638,CH,#b19246
6639,AT,#ae8648
6640,FR,#b49f44
6641,SE,#3c8a6a
6642,IS,#2ca02c
6643,RU,#61667a
6644,AZ,#cf2a2d
6645,NL,#8c974b
6646,SK,#9d7d4f
6647,DE,#918e4e
6648,NL,#8c974b
6649,DE,#918e4e
6650,CZ,#97854f
6651,IT,#ce893f
6652,FR,#b49f44
6653,EE,#507d73
6654,GE,#c43d39
6655,BY,#7b7261
6656,CH,#b19246
6657,FR,#b49f44
6658,FR,#b49f44
6659,CH,#b19246
6660,IS,#2ca02c
6661,FI,#2b8384
6662,PL,#867f57
6663,BY,#7b7261
6664,HU,#ac7c49
6665,DE,#918e4e
6666,AT,#ae8648
6667,AL,#d87539
6668,NO,#3d8e61
6669,SI,#b58346
6670,SK,#9d7d4f
6671,DE,#918e4e
6672,BA,#c37c41
6673,GB,#7fa047
6674,RS,#c17541
6675,DK,#6b8e57
6676,IS,#2ca02c
6677,IT,#ce893f
6678,IS,#2ca02c
6679,HR,#bc8144
6680,EE,#507d73
6681,AL,#d87539
6682,SK,#9d7d4f
6683,DE,#918e4e
6684,IS,#2ca02c
6685,FI,#2b8384
6686,AZ,#cf2a2d
6687,HR,#bc8144
6688,CZ,#97854f
6689,HR,#bc8144
6690,CH,#b19246
6691,EE,#507d73
6692,NL,#8c974b
6693,AL,#d87539
6694,BG,#c66a3e
6695,AM,#d1322e
6696,FI,#2b8384
6697,GB,#7fa047
6698,IS,#2ca02c
6699,IS,#2ca02c
6700,AZ,#cf2a2d
6701,AL,#d87539
6702,SE,#3c8a6a
6703,IS,#2ca02c
6704,EE,#507d73
6705,GB,#7fa047
6706,DK,#6b8e57
6707,DE,#918e4e
6708,FR,#b49f44
6709,FI,#2b8384
6710,FR,#b49f44
6711,AM,#d1322e
6712,NL,#8c974b
6713,GE,#c43d39
6714,CH,#b19246
6715,DK,#6b8e57
6716,CZ,#97854f
6717,SK,#9d7d4f
6718,AT,#ae8648
6719,CZ,#97854f
6720,SE,#3c8a6a
6721,BY,#7b7261
6722,AZ,#cf2a2d
6723,ME,#d1783c
6724,AM,#d1322e
6725,DK,#6b8e57
6726,GE,#c43d39
6727,AM,#d1322e
6728,NL,#8c974b
6729,IT,#ce893f
6730,GE,#c43d39
6731,BY,#7b7261
6732,NL,#8c974b
6733,GB,#7fa047
6734,SE,#3c8a6a
6735,SE,#3c8a6a
6736,DE,#918e4e
6737,BG,#c66a3e
6738,BA,#c37c41
6739,SE,#3c8a6a
6740,ES,#eeb33e
6741,BG,#c66a3e
6742,ES,#eeb33e
6743,SE,#3c8a6a
6744,BA,#c37c41
6745,SK,#9d7d4f
6746,NO,#3d8e61
6747,DK,#6b8e57
6748,SE,#3c8a6a
6749,NO,#3d8e61
6750,BA,#c37c41
6751,ME,#d1783c
6752,HU,#ac7c49
6753,GB,#7fa047
6754,HU,#ac7c49
6755,BY,#7b7261
6756,AM,#d1322e
6757,DK,#6b8e57
6758,MK,#d0733c
6759,DK,#6b8e57
6760,CH,#b19246
6761,LT,#6e7a64
6762,GB,#7fa047
6763,GB,#7fa047
6764,CH,#b19246
6765,CH,#b19246
6766,FI,#2b8384
6767,BG,#c66a3e
6768,DE,#918e4e
6769,SE,#3c8a6a
6770,DK,#6b8e57
6771,FR,#b49f44
6772,NL,#8c974b
6773,RS,#c17541
6774,NO,#3d8e61
6775,BA,#c37c41
6776,DE,#918e4e
6777,FI,#2b8384
6778,HR,#bc8144
6779,SI,#b58346
6780,GE,#c43d39
6781,DK,#6b8e57
6782,NO,#3d8e61
6783,ES,#eeb33e
6784,DK,#6b8e57
6785,CH,#b19246
6786,FR,#b49f44
6787,AT,#ae8648
6788,AL,#d87539
6789,LT,#6e7a64
6790,GB,#7fa047
6791,LT,#6e7a64
6792,HU,#ac7c49
6793,DK,#6b8e57
6794,DK,#6b8e57
6795,DK,#6b8e57
6796,BY,#7b7261
6797,DE,#918e4e
6798,NO,#3d8e61
6799,AT,#ae8648
6800,IT,#ce893f
6801,AT,#ae8648
6802,ES,#eeb33e
6803,CZ,#97854f
6804,FR,#b49f44
6805,IS,#2ca02c
6806,SI,#b58346
6807,AZ,#cf2a2d
6808,EE,#507d73
6809,AT,#ae8648
6810,CH,#b19246
6811,IS,#2ca02c
6812,RU,#61667a
6813,SI,#b58346
6814,GE,#c43d39
6815,BY,#7b7261
6816,NO,#3d8e61
6817,AT,#ae8648
6818,BA,#c37c41
6819,AZ,#cf2a2d
6820,BA,#c37c41
6821,BG,#c66a3e
6822,PL,#867f57
6823,RO,#b06e48
6824,HR,#bc8144
6825,DE,#918e4e
6826,IT,#ce893f
6827,DE,#918e4e
6828,AT,#ae8648
6829,BY,#7b7261
6830,GB,#7fa047
6831,PT,#f8bf3f
6832,NO,#3d8e61
6833,PL,#867f57
6834,DK,#6b8e57
6835,DE,#918e4e
6836,DK,#6b8e57
6837,NO,#3d8e61
6838,BY,#7b7261
6839,NL,#8c974b
6840,AZ,#cf2a2d
6841,IT,#ce893f
6842,FR,#b49f44
6843,DK,#6b8e57
6844,NL,#8c974b
6845,RU,#61667a
6846,AM,#d1322e
6847,DE,#918e4e
6848,GB,#7fa047
6849,DK,#6b8e57
6850,HU,#ac7c49
6851,AZ,#cf2a2d
6852,GE,#c43d39
6853,NL,#8c974b
6854,RO,#b06e48
6855,SK,#9d7d4f
6856,LT,#6e7a64
6857,AL,#d87539
6858,DE,#918e4e
6859,AZ,#cf2a2d
6860,NL,#8c974b
6861,RU,#61667a
6862,FR,#b49f44
6863,AL,#d87539
6864,GE,#c43d39
6865,HU,#ac7c49
6866,FI,#2b8384
6867,DK,#6b8e57
6868,AL,#d87539
6869,FI,#2b8384
6870,NL,#8c974b
6871,GB,#7fa047
6872,NL,#8c974b
6873,GB,#7fa047
6874,IS,#2ca02c
6875,HR,#bc8144
6876,RS,#c17541
6877,DE,#918e4e
6878,PT,#f8bf3f
6879,SE,#3c8a6a
6880,CH,#b19246
6881,NL,#8c974b
6882,DE,#918e4e
6883,NL,#8c974b
6884,IS,#2ca02c
6885,PL,#867f57
6886,NL,#8c974b
6887,DK,#6b8e57
6888,RO,#b06e48
6889,CH,#b19246
6890,GB,#7fa047
6891,RS,#c17541
6892,GB,#7fa047
6893,DK,#6b8e57
6894,GE,#c43d39
6895,PL,#867f57
6896,SI,#b58346
6897,SK,#9d7d4f
6898,DK,#6b8e57
6899,HR,#bc8144
6900,CH,#b19246
6901,HR,#bc8144
6902,HU,#ac7c49
6903,PT,#f8bf3f
6904,BG,#c66a3e
6905,SE,#3c8a6a
6906,RU,#61667a
6907,NO,#3d8e61
6908,CH,#b19246
6909,RS,#c17541
6910,EE,#507d73
6911,CZ,#97854f
6912,LT,#6e7a64
6913,SK,#9d7d4f
6914,IT,#ce893f
6915,CH,#b19246
6916,AL,#d87539
6917,LT,#6e7a64
6918,FI,#2b8384
6919,DE,#918e4e
6920,BA,#c37c41
6921,CH,#b19246
6922,IT,#ce893f
6923,HR,#bc8144
6924,CH,#b19246
6925,CH,#b19246
6926,FR,#b49f44
6927,BY,#7b7261
6928,GB,#7fa047
6929,NL,#8c974b
6930,DK,#6b8e57
6931,RU,#61667a
6932,NL,#8c974b
6933,NL,#8c974b
6934,ES,#eeb33e
6935,DK,#6b8e57
6936,IT,#ce893f
6937,AT,#ae8648
6938,ES,#eeb33e
6939,HR,#bc8144
6940,SE,#3c8a6a
6941,BG,#c66a3e
6942,HU,#ac7c49
6943,HU,#ac7c49
6944,PL,#867f57
6945,RS,#c17541
6946,GB,#7fa047
6947,NL,#8c974b
6948,CH,#b19246
6949,CH,#b19246
6950,GE,#c43d39
6951,GB,#7fa047
6952,RU,#61667a
6953,IT,#ce893f
6954,PL,#867f57
6955,FR,#b49f44
6956,HU,#ac7c49
6957,IS,#2ca02c
6958,RS,#c17541
6959,IT,#ce893f
6960,SI,#b58346
6961,HU,#ac7c49
6962,RO,#b06e48
6963,IS,#2ca02c
6964,DK,#6b8e57
6965,FR,#b49f44
6966,BG,#c66a3e
6967,NO,#3d8e61
6968,SI,#b58346
6969,IS,#2ca02c
6970,SE,#3c8a6a
6971,SK,#9d7d4f
6972,RO,#b06e48
6973,ME,#d1783c
6974,FR,#b49f44
6975,PL,#867f57
6976,CH,#b19246
6977,PT,#f8bf3f
6978,AL,#d87539
6979,EE,#507d73
6980,RS,#c17541
6981,SI,#b58346
6982,BY,#7b7261
6983,DE,#918e4e
6984,AT,#ae8648
6985,RS,#c17541
6986,IS,#2ca02c
6987,DE,#918e4e
6988,ES,#eeb33e
6989,FR,#b49f44
6990,SE,#3c8a6a
6991,CH,#b19246
6992,FR,#b49f44
6993,CZ,#97854f
6994,CH,#b19246
6995,NL,#8c974b
6996,MK,#d0733c
6997,DE,#918e4e
6998,BA,#c37c41
6999,EE,#507d73
7000,HR,#bc8144
7001,RS,#c17541
7002,SK,#9d7d4f
7003,IS,#2ca02c
7004,GB,#7fa047
7005,BA,#c37c41
7006,PL,#867f57
7007,SE,#3c8a6a
7008,SK,#9d7d4f
7009,NO,#3d8e61
7010,DK,#6b8e57
7011,IT,#ce893f
7012,DK,#6b8e57
7013,IS,#2ca02c
7014,CH,#b19246
7015,AT,#ae8648
7016,DK,#6b8e57
7017,FR,#b49f44
7018,SE,#3c8a6a
7019,DK,#6b8e57
7020,HR,#bc8144
7021,BA,#c37c41
7022,CH,#b19246
7023,DK,#6b8e57
7024,DK,#6b8e57
7025,DK,#6b8e57
7026,AT,#ae8648
7027,SE,#3c8a6a
7028,EE,#507d73
7029,CH,#b19246
7030,AM,#d1322e
7031,IT,#ce893f
7032,BG,#c66a3e
7033,IT,#ce893f
7034,SE,#3c8a6a
7035,RS,#c17541
7036,CZ,#97854f
7037,NL,#8c974b
7038,CH,#b19246
7039,NO,#3d8e61
7040,PT,#f8bf3f
7041,BG,#c66a3e
7042,RU,#61667a
7043,IS,#2ca02c
7044,BA,#c37c41
7045,RS,#c17541
7046,RS,#c17541
7047,CH,#b19246
7048,CH,#b19246
7049,CH,#b19246
7050,IS,#2ca02c
7051,HU,#ac7c49
7052,RO,#b06e48
7053,AM,#d1322e
7054,PL,#867f57
7055,DK,#6b8e57
7056,LT,#6e7a64
7057,NO,#3d8e61
7058,DK,#6b8e57
7059,LT,#6e7a64
7060,GB,#7fa047
7061,RO,#b06e48
7062,NL,#8c974b
7063,RO,#b06e48
7064,DK,#6b8e57
7065,HU,#ac7c49
7066,IT,#ce893f
7067,BY,#7b7261
7068,DE,#918e4e
7069,DK,#6b8e57
7070,LT,#6e7a64
7071,ES,#eeb33e
7072,FR,#b49f44
7073,BA,#c37c41
7074,SK,#9d7d4f
7075,BY,#7b7261
7076,DK,#6b8e57
7077,NO,#3d8e61
7078,DK,#6b8e57
7079,HR,#bc8144
7080,IT,#ce893f
7081,IT,#ce893f
7082,HU,#ac7c49
7083,FI,#2b8384
7084,PT,#f8bf3f
7085,FI,#2b8384
7086,IS,#2ca02c
7087,DK,#6b8e57
7088,RO,#b06e48
7089,HR,#bc8144
7090,SE,#3c8a6a
7091,AT,#ae8648
7092,CH,#b19246
7093,IS,#2ca02c
7094,GB,#7fa047
7095,FI,#2b8384
7096,RO,#b06e48
7097,IT,#ce893f
7098,RS,#c17541
7099,GB,#7fa047
7100,GE,#c43d39
7101,RO,#b06e48
7102,HU,#ac7c49
7103,RS,#c17541
7104,AL,#d87539
7105,AM,#d1322e
7106,DK,#6b8e57
7107,NO,#3d8e61
7108,AT,#ae8648
7109,CH,#b19246
7110,AZ,#cf2a2d
7111,FR,#b49f44
7112,DK,#6b8e57
7113,GE,#c43d39
7114,IT,#ce893f
7115,HR,#bc8144
7116,BY,#7b7261
7117,SK,#9d7d4f
7118,IS,#2ca02c
7119,DK,#6b8e57
7120,FI,#2b8384
7121,DK,#6b8e57
7122,RU,#61667a
7123,SK,#9d7d4f
7124,CH,#b19246
7125,CZ,#97854f
7126,AZ,#cf2a2d
7127,DK,#6b8e57
7128,CZ,#97854f
7129,AL,#d87539
7130,BG,#c66a3e
7131,DE,#918e4e
7132,PT,#f8bf3f
7133,DE,#918e4e
7134,RO,#b06e48
7135,FR,#b49f44
7136,FI,#2b8384
7137,NO,#3d8e61
7138,DE,#918e4e
7139,IT,#ce893f
7140,RO,#b06e48
7141,AL,#d87539
7142,NO,#3d8e61
7143,IS,#2ca02c
7144,NO,#3d8e61
7145,DE,#918e4e
7146,DK,#6b8e57
7147,LT,#6e7a64
7148,EE,#507d73
7149,FR,#b49f44
7150,SI,#b58346
7151,PL,#867f57
7152,SE,#3c8a6a
7153,DE,#918e4e
7154,RO,#b06e48
7155,BA,#c37c41
7156,ES,#eeb33e
7157,RO,#b06e48
7158,MK,#d0733c
7159,AZ,#cf2a2d
7160,RS,#c17541
7161,AZ,#cf2a2d
7162,BG,#c66a3e
7163,CZ,#97854f
7164,NO,#3d8e61
7165,DK,#6b8e57
7166,RU,#61667a
7167,CH,#b19246
7168,PT,#f8bf3f
7169,IT,#ce893f
7170,DK,#6b8e57
7171,IT,#ce893f
7172,NO,#3d8e61
7173,NO,#3d8e61
7174,CH,#b19246
7175,PL,#867f57
7176,RU,#61667a
7177,ME,#d1783c
7178,SK,#9d7d4f
7179,ME,#d1783c
7180,AL,#d87539
7181,CH,#b19246
7182,BG,#c66a3e
7183,DE,#918e4e
7184,FR,#b49f44
7185,FI,#2b8384
7186,LT,#6e7a64
7187,EE,#507d73
7188,PT,#f8bf3f
7189,HR,#bc8144
7190,CH,#b19246
7191,RO,#b06e48
7192,GB,#7fa047
7193,HR,#bc8144
7194,FR,#b49f44
7195,IT,#ce893f
7196,RU,#61667a
7197,IS,#2ca02c
7198,DK,#6b8e57
7199,DK,#6b8e57
7200,IS,#2ca02c
7201,BA,#c37c41
7202,HR,#bc8144
7203,DK,#6b8e57
7204,CH,#b19246
7205,GB,#7fa047
7206,NO,#3d8e61
7207,FI,#2b8384
7208,BG,#c66a3e
7209,RS,#c17541
7210,ES,#eeb33e
7211,SK,#9d7d4f
7212,FR,#b49f44
7213,FR,#b49f44
7214,HU,#ac7c49
7215,AZ,#cf2a2d
7216,FR,#b49f44
7217,SK,#9d7d4f
7218,HR,#bc8144
7219,FI,#2b8384
7220,AM,#d1322e
7221,AM,#d1322e
7222,LT,#6e7a64
7223,GB,#7fa047
7224,GB,#7fa047
7225,RU,#61667a
7226,AM,#d1322e
7227,RU,#61667a
7228,IS,#2ca02c
7229,DK,#6b8e57
7230,AT,#ae8648
7231,GB,#7fa047
7232,CH,#b19246
7233,RU,#61667a
7234,FR,#b49f44
7235,CH,#b19246
7236,HR,#bc8144
7237,ES,#eeb33e
7238,CH,#b19246
7239,LT,#6e7a64
7240,BA,#c37c41
7241,SE,#3c8a6a
7242,DK,#6b8e57
7243,AL,#d87539
7244,NO,#3d8e61
7245,DK,#6b8e57
7246,GE,#c43d39
7247,AZ,#cf2a2d
7248,HU,#ac7c49
7249,CZ,#97854f
7250,BA,#c37c41
7251,ES,#eeb33e
7252,NL,#8c974b
7253,RO,#b06e48
7254,RO,#b06e48
7255,IS,#2ca02c
7256,RO,#b06e48
7257,BY,#7b7261
7258,SK,#9d7d4f
7259,IS,#2ca02c
7260,AT,#ae8648
7261,IS,#2ca02c
7262,CZ,#97854f
7263,DE,#918e4e
7264,IT,#ce893f
7265,CH,#b19246
7266,DK,#6b8e57
7267,DK,#6b8e57
7268,EE,#507d73
7269,CH,#b19246
7270,HU,#ac7c49
7271,DK,#6b8e57
7272,DE,#918e4e
7273,FR,#b49f44
7274,HU,#ac7c49
7275,BY,#7b7261
7276,BG,#c66a3e
7277,ES,#eeb33e
7278,FR,#b49f44
7279,DE,#918e4e
7280,GE,#c43d39
7281,SK,#9d7d4f
7282,PT,#f8bf3f
7283,DK,#6b8e57
7284,IS,#2ca02c
7285,FR,#b49f44
7286,GE,#c43d39
7287,NL,#8c974b
7288,RS,#c17541
7289,CH,#b19246
7290,ME,#d1783c
7291,BG,#c66a3e
7292,PT,#f8bf3f
7293,DE,#918e4e
7294,DK,#6b8e57
7295,IS,#2ca02c
7296,HU,#ac7c49
7297,IT,#ce893f
7298,GE,#c43d39
7299,DK,#6b8e57
7300,FI,#2b8384
7301,HR,#bc8144
7302,CH,#b19246
7303,NO,#3d8e61
7304,GE,#c43d39
7305,CH,#b19246
7306,FR,#b49f44
7307,SK,#9d7d4f
7308,HU,#ac7c49
7309,CH,#b19246
7310,CZ,#97854f
7311,GE,#c43d39
7312,CH,#b19246
7313,IT,#ce893f
7314,HR,#bc8144
7315,IT,#ce893f
7316,CZ,#97854f
7317,IS,#2ca02c
7318,GE,#c43d39
7319,GB,#7fa047
7320,GE,#c43d39
7321,FR,#b49f44
7322,MK,#d0733c
7323,AM,#d1322e
7324,AL,#d87539
7325,AM,#d1322e
7326,IS,#2ca02c
7327,CH,#b19246
7328,FR,#b49f44
7329,IT,#ce893f
7330,DK,#6b8e57
7331,DE,#918e4e
7332,CH,#b19246
7333,AL,#d87539
7334,DE,#918e4e
7335,SI,#b58346
7336,NL,#8c974b
7337,DE,#918e4e
7338,GB,#7fa047
7339,BY,#7b7261
7340,SK,#9d7d4f
7341,IT,#ce893f
7342,ES,#eeb33e
7343,DK,#6b8e57
7344,GB,#7fa047
7345,CZ,#97854f
7346,MK,#d0733c
7347,RU,#61667a
7348,NL,#8c974b
7349,DK,#6b8e57
7350,NL,#8c974b
7351,AZ,#cf2a2d
7352,RS,#c17541
7353,GB,#7fa047
7354,SK,#9d7d4f
7355,AZ,#cf2a2d
7356,IT,#ce893f
7357,GE,#c43d39
7358,LT,#6e7a64
7359,IS,#2ca02c
7360,IS,#2ca02c
7361,CH,#b19246
7362,CZ,#97854f
7363,RS,#c17541
7364,NL,#8c974b
7365,AT,#ae8648
7366,AT,#ae8648
7367,AZ,#cf2a2d
7368,BG,#c66a3e
7369,DK,#6b8e57
7370,GE,#c43d39
7371,IT,#ce893f
7372,CH,#b19246
7373,HU,#ac7c49
7374,GB,#7fa047
7375,EE,#507d73
7376,DK,#6b8e57
7377,SI,#b58346
7378,HU,#ac7c49
7379,BY,#7b7261
7380,LT,#6e7a64
7381,CZ,#97854f
7382,HU,#ac7c49
7383,IS,#2ca02c
7384,DK,#6b8e57
7385,GE,#c43d39
7386,SI,#b58346
7387,CZ,#97854f
7388,NO,#3d8e61
7389,DK,#6b8e57
7390,HU,#ac7c49
7391,GB,#7fa047
7392,ES,#eeb33e
7393,BY,#7b7261
7394,RU,#61667a
7395,FI,#2b8384
7396,DK,#6b8e57
7397,DK,#6b8e57
7398,BA,#c37c41
7399,CH,#b19246
7400,MK,#d0733c
7401,FR,#b49f44
7402,DK,#6b8e57
7403,DK,#6b8e57
7404,HR,#bc8144
7405,HU,#ac7c49
7406,IS,#2ca02c
7407,AM,#d1322e
7408,DE,#918e4e
7409,CZ,#97854f
7410,CH,#b19246
7411,GB,#7fa047
7412,IT,#ce893f
7413,HU,#ac7c49
7414,HU,#ac7c49
7415,DK,#6b8e57
7416,FI,#2b8384
7417,SI,#b58346
7418,NL,#8c974b
7419,SE,#3c8a6a
7420,FI,#2b8384
7421,SI,#b58346
7422,HR,#bc8144
7423,FI,#2b8384
7424,IT,#ce893f
7425,AM,#d1322e
7426,IS,#2ca02c
7427,SI,#b58346
7428,RO,#b06e48
7429,SK,#9d7d4f
7430,PL,#867f57
7431,CZ,#97854f
7432,CZ,#97854f
7433,AZ,#cf2a2d
7434,SI,#b58346
7435,CH,#b19246
7436,FR,#b49f44
7437,AT,#ae8648
7438,DK,#6b8e57
7439,SE,#3c8a6a
7440,FI,#2b8384
7441,EE,#507d73
7442,AM,#d1322e
7443,SK,#9d7d4f
7444,RU,#61667a
7445,BG,#c66a3e
7446,HU,#ac7c49
7447,PL,#867f57
7448,GB,#7fa047
7449,CZ,#97854f
7450,HR,#bc8144
7451,DE,#918e4e
7452,FR,#b49f44
7453,DK,#6b8e57
7454,CZ,#97854f
7455,HU,#ac7c49
7456,SE,#3c8a6a
7457,NL,#8c974b
7458,RU,#61667a
7459,PL,#867f57
7460,DK,#6b8e57
7461,DK,#6b8e57
7462,AM,#d1322e
7463,NL,#8c974b
7464,NL,#8c974b
7465,NL,#8c974b
7466,BA,#c37c41
7467,DK,#6b8e57
7468,AM,#d1322e
7469,DK,#6b8e57
7470,AM,#d1322e
7471,FI,#2b8384
7472,PL,#867f57
7473,GB,#7fa047
7474,DK,#6b8e57
7475,BA,#c37c41
7476,HU,#ac7c49
7477,PT,#f8bf3f
7478,DE,#918e4e
7479,BY,#7b7261
7480,NL,#8c974b
7481,SI,#b58346
7482,HU,#ac7c49
7483,BA,#c37c41
7484,PT,#f8bf3f
7485,RU,#61667a
7486,CH,#b19246
7487,HR,#bc8144
7488,BA,#c37c41
7489,BA,#c37c41
7490,GB,#7fa047
7491,IT,#ce893f
7492,NL,#8c974b
7493,AM,#d1322e
7494,RO,#b06e48
7495,RO,#b06e48
7496,BA,#c37c41
7497,BY,#7b7261
7498,SK,#9d7d4f
7499,BG,#c66a3e
7500,AL,#d87539
7501,CH,#b19246
7502,BA,#c37c41
7503,LT,#6e7a64
7504,IS,#2ca02c
7505,MK,#d0733c
7506,DK,#6b8e57
7507,HR,#bc8144
7508,DK,#6b8e57
7509,PT,#f8bf3f
7510,BA,#c37c41
7511,ME,#d1783c
7512,FR,#b49f44
7513,BY,#7b7261
7514,IS,#2ca02c
7515,DE,#918e4e
7516,NL,#8c974b
7517,DK,#6b8e57
7518,NL,#8c974b
7519,NL,#8c974b
7520,LT,#6e7a64
7521,GE,#c43d39
7522,AZ,#cf2a2d
7523,HU,#ac7c49
7524,PT,#f8bf3f
7525,DK,#6b8e57
7526,BY,#7b7261
7527,AT,#ae8648
7528,IS,#2ca02c
7529,NL,#8c974b
7530,NO,#3d8e61
7531,IT,#ce893f
7532,SI,#b58346
7533,BA,#c37c41
7534,PL,#867f57
7535,NL,#8c974b
7536,CH,#b19246
7537,SK,#9d7d4f
7538,GB,#7fa047
7539,SK,#9d7d4f
7540,DK,#6b8e57
7541,CH,#b19246
7542,DK,#6b8e57
7543,SI,#b58346
7544,BY,#7b7261
7545,MK,#d0733c
7546,GE,#c43d39
7547,CH,#b19246
7548,AM,#d1322e
7549,GE,#c43d39
7550,FI,#2b8384
7551,FI,#2b8384
7552,BA,#c37c41
7553,NL,#8c974b
7554,DE,#918e4e
7555,FI,#2b8384
7556,GE,#c43d39
7557,NL,#8c974b
7558,HU,#ac7c49
7559,ES,#eeb33e
7560,GB,#7fa047
7561,GB,#7fa047
7562,GB,#7fa047
7563,BA,#c37c41
7564,CH,#b19246
7565,GE,#c43d39
7566,GB,#7fa047
7567,FR,#b49f44
7568,AL,#d87539
7569,FR,#b49f44
7570,AM,#d1322e
7571,DE,#918e4e
7572,PL,#867f57
7573,SI,#b58346
7574,BA,#c37c41
7575,GE,#c43d39
7576,BY,#7b7261
7577,LT,#6e7a64
7578,AT,#ae8648
7579,BA,#c37c41
7580,ES,#eeb33e
7581,AZ,#cf2a2d
7582,AZ,#cf2a2d
7583,DK,#6b8e57
7584,AM,#d1322e
7585,NL,#8c974b
7586,BG,#c66a3e
7587,CH,#b19246
7588,GE,#c43d39
7589,BA,#c37c41
7590,CH,#b19246
7591,AT,#ae8648
7592,RO,#b06e48
7593,ES,#eeb33e
7594,HR,#bc8144
7595,RO,#b06e48
7596,GB,#7fa047
7597,CH,#b19246
7598,FR,#b49f44
7599,NL,#8c974b
7600,CH,#b19246
7601,PL,#867f57
7602,SK,#9d7d4f
7603,HU,#ac7c49
7604,DE,#918e4e
7605,DK,#6b8e57
7606,DK,#6b8e57
7607,HU,#ac7c49
7608,FR,#b49f44
7609,LT,#6e7a64
7610,GB,#7fa047
7611,FR,#b49f44
7612,ME,#d1783c
7613,HR,#bc8144
7614,AZ,#cf2a2d
7615,CZ,#97854f
7616,FR,#b49f44
7617,DK,#6b8e57
7618,HR,#bc8144
7619,HU,#ac7c49
7620,DE,#918e4e
7621,AT,#ae8648
7622,HU,#ac7c49
7623,SE,#3c8a6a
7624,BG,#c66a3e
7625,IS,#2ca02c
7626,SK,#9d7d4f
7627,CH,#b19246
7628,ME,#d1783c
7629,RS,#c17541
7630,IS,#2ca02c
7631,BG,#c66a3e
7632,ES,#eeb33e
7633,BA,#c37c41
7634,NL,#8c974b
7635,CH,#b19246
7636,BY,#7b7261
7637,CH,#b19246
7638,SE,#3c8a6a
7639,GB,#7fa047
7640,CH,#b19246
7641,PL,#867f57
7642,GB,#7fa047
7643,SK,#9d7d4f
7644,IT,#ce893f
7645,DK,#6b8e57
7646,BA,#c37c41
7647,DK,#6b8e57
7648,PT,#f8bf3f
7649,BY,#7b7261
7650,DE,#918e4e
7651,AL,#d87539
7652,NL,#8c974b
7653,RS,#c17541
7654,SE,#3c8a6a
7655,IS,#2ca02c
7656,FI,#2b8384
7657,DK,#6b8e57
7658,AM,#d1322e
7659,NL,#8c974b
7660,NO,#3d8e61
7661,AL,#d87539
7662,GE,#c43d39
7663,SK,#9d7d4f
7664,CH,#b19246
7665,DK,#6b8e57
7666,NO,#3d8e61
7667,NL,#8c974b
7668,HU,#ac7c49
7669,AL,#d87539
7670,HU,#ac7c49
7671,FR,#b49f44
7672,HR,#bc8144
7673,SE,#3c8a6a
7674,BA,#c37c41
7675,BA,#c37c41
7676,FI,#2b8384
7677,SK,#9d7d4f
7678,GB,#7fa047
7679,NL,#8c974b
7680,CH,#b19246
7681,NO,#3d8e61
7682,AZ,#cf2a2d
7683,NO,#3d8e61
7684,GB,#7fa047
7685,ES,#eeb33e
7686,NL,#8c974b
7687,GB,#7fa047
7688,HU,#ac7c49
7689,CH,#b19246
7690,FI,#2b8384
7691,AM,#d1322e
7692,DK,#6b8e57
7693,CZ,#97854f
7694,GB,#7fa047
7695,DK,#6b8e57
7696,DK,#6b8e57
7697,HR,#bc8144
7698,MK,#d0733c
7699,CZ,#97854f
7700,IT,#ce893f
7701,GB,#7fa047
7702,MK,#d0733c
7703,DK,#6b8e57
7704,CH,#b19246
7705,IS,#2ca02c
7706,NO,#3d8e61
7707,AM,#d1322e
7708,GE,#c43d39
7709,BG,#c66a3e
7710,RU,#61667a
7711,NL,#8c974b
7712,DK,#6b8e57
7713,DK,#6b8e57
7714,GB,#7fa047
7715,HU,#ac7c49
7716,MK,#d0733c
7717,RS,#c17541
7718,BG,#c66a3e
7719,GE,#c43d39
7720,SK,#9d7d4f
7721,CH,#b19246
7722,IS,#2ca02c
7723,FI,#2b8384
7724,NO,#3d8e61
7725,GE,#c43d39
7726,HR,#bc8144
7727,RO,#b06e48
7728,RU,#61667a
7729,FI,#2b8384
7730,LT,#6e7a64
7731,SK,#9d7d4f
7732,LT,#6e7a64
7733,GE,#c43d39
7734,NO,#3d8e61
7735,SI,#b58346
7736,AM,#d1322e
7737,EE,#507d73
7738,DE,#918e4e
7739,ES,#eeb33e
7740,NL,#8c974b
7741,DE,#918e4e
7742,IS,#2ca02c
7743,AT,#ae8648
7744,AT,#ae8648
7745,AM,#d1322e
7746,CH,#b19246
7747,CH,#b19246
7748,RS,#c17541
7749,SK,#9d7d4f
7750,CZ,#97854f
7751,CH,#b19246
7752,ES,#eeb33e
7753,BA,#c37c41
7754,DK,#6b8e57
7755,PT,#f8bf3f
7756,NO,#3d8e61
7757,DK,#6b8e57
7758,NL,#8c974b
7759,CH,#b19246
7760,MK,#d0733c
7761,NO,#3d8e61
7762,DE,#918e4e
7763,CH,#b19246
7764,SE,#3c8a6a
7765,MK,#d0733c
7766,SE,#3c8a6a
7767,NL,#8c974b
7768,BY,#7b7261
7769,GB,#7fa047
7770,IS,#2ca02c
7771,HU,#ac7c49
7772,CH,#b19246
7773,CH,#b19246
7774,AM,#d1322e
7775,HU,#ac7c49
7776,IT,#ce893f
7777,SI,#b58346
7778,DK,#6b8e57
7779,RO,#b06e48
7780,SE,#3c8a6a
7781,IT,#ce893f
7782,RO,#b06e48
7783,IT,#ce893f
7784,DK,#6b8e57
7785,GB,#7fa047
7786,GB,#7fa047
7787,PL,#867f57
7788,HR,#bc8144
7789,BA,#c37c41
7790,IS,#2ca02c
7791,NL,#8c974b
7792,IS,#2ca02c
7793,NL,#8c974b
7794,SK,#9d7d4f
7795,GB,#7fa047
7796,NO,#3d8e61
7797,ES,#eeb33e
7798,IT,#ce893f
7799,AM,#d1322e
7800,RU,#61667a
7801,BA,#c37c41
7802,SE,#3c8a6a
7803,NO,#3d8e61
7804,IS,#2ca02c
7805,ME,#d1783c
7806,NO,#3d8e61
7807,GB,#7fa047
7808,NO,#3d8e61
7809,CH,#b19246
7810,BY,#7b7261
7811,AL,#d87539
7812,NO,#3d8e61
7813,NL,#8c974b
7814,RS,#c17541
7815,IS,#2ca02c
7816,GE,#c43d39
7817,GB,#7fa047
7818,CH,#b19246
7819,MK,#d0733c
7820,AT,#ae8648
7821,DE,#918e4e
7822,SK,#9d7d4f
7823,RS,#c17541
7824,DK,#6b8e57
7825,ES,#eeb33e
7826,CZ,#97854f
7827,HR,#bc8144
7828,BG,#c66a3e
7829,GE,#c43d39
7830,NL,#8c974b
7831,AZ,#cf2a2d
7832,FI,#2b8384
7833,AL,#d87539
7834,IT,#ce893f
7835,AZ,#cf2a2d
7836,PT,#f8bf3f
7837,DK,#6b8e57
7838,DK,#6b8e57
7839,AT,#ae8648
7840,GB,#7fa047
7841,AT,#ae8648
7842,DK,#6b8e57
7843,FI,#2b8384
7844,SK,#9d7d4f
7845,AM,#d1322e
7846,IS,#2ca02c
7847,IS,#2ca02c
7848,GB,#7fa047
7849,SE,#3c8a6a
7850,PL,#867f57
7851,RU,#61667a
7852,AZ,#cf2a2d
7853,PL,#867f57
7854,SK,#9d7d4f
7855,BY,#7b7261
7856,IT,#ce893f
7857,SK,#9d7d4f
7858,PT,#f8bf3f
7859,AT,#ae8648
7860,DK,#6b8e57
7861,RS,#c17541
7862,CZ,#97854f
7863,AL,#d87539
7864,GE,#c43d39
7865,PL,#867f57
7866,HU,#ac7c49
7867,CH,#b19246
7868,RS,#c17541
7869,LT,#6e7a64
7870,CH,#b19246
7871,RO,#b06e48
7872,DK,#6b8e57
7873,IS,#2ca02c
7874,RU,#61667a
7875,PL,#867f57
7876,IT,#ce893f
7877,NO,#3d8e61
7878,GB,#7fa047
7879,AL,#d87539
7880,IS,#2ca02c
7881,BA,#c37c41
7882,BA,#c37c41
7883,RU,#61667a
7884,CZ,#97854f
7885,AL,#d87539
7886,FR,#b49f44
7887,GE,#c43d39
7888,PL,#867f57
7889,CH,#b19246
7890,IT,#ce893f
7891,SE,#3c8a6a
7892,GE,#c43d39
7893,NL,#8c974b
7894,SI,#b58346
7895,IT,#ce893f
7896,FR,#b49f44
7897,AM,#d1322e
7898,RS,#c17541
7899,DE,#918e4e
7900,FR,#b49f44
7901,BG,#c66a3e
7902,CH,#b19246
7903,LT,#6e7a64
7904,BG,#c66a3e
7905,SI,#b58346
7906,GB,#7fa047
7907,RO,#b06e48
7908,ES,#eeb33e
7909,ES,#eeb33e
7910,SK,#9d7d4f
7911,NL,#8c974b
7912,HU,#ac7c49
7913,GE,#c43d39
7914,IT,#ce893f
7915,SE,#3c8a6a
7916,SK,#9d7d4f
7917,FR,#b49f44
7918,MK,#d0733c
7919,AZ,#cf2a2d
7920,CH,#b19246
7921,SI,#b58346
7922,ES,#eeb33e
7923,NL,#8c974b
7924,BY,#7b7261
7925,RO,#b06e48
7926,BG,#c66a3e
7927,DK,#6b8e57
7928,FR,#b49f44
7929,DE,#918e4e
7930,CH,#b19246
7931,RO,#b06e48
7932,AT,#ae8648
7933,HU,#ac7c49
7934,SK,#9d7d4f
7935,IS,#2ca02c
7936,CH,#b19246
7937,HR,#bc8144
7938,GB,#7fa047
7939,MK,#d0733c
7940,RU,#61667a
7941,AT,#ae8648
7942,GE,#c43d39
7943,DK,#6b8e57
7944,IS,#2ca02c
7945,AM,#d1322e
7946,CH,#b19246
7947,IT,#ce893f
7948,RS,#c17541
7949,ES,#eeb33e
7950,EE,#507d73
7951,NL,#8c974b
7952,BA,#c37c41
7953,AT,#ae8648
7954,HR,#bc8144
7955,SE,#3c8a6a
7956,NO,#3d8e61
7957,NO,#3d8e61
7958,CH,#b19246
7959,GE,#c43d39
7960,DK,#6b8e57
7961,AZ,#cf2a2d
7962,BG,#c66a3e
7963,ME,#d1783c
7964,HU,#ac7c49
7965,AM,#d1322e
7966,FR,#b49f44
7967,HU,#ac7c49
7968,PL,#867f57
7969,AT,#ae8648
7970,AL,#d87539
7971,CH,#b19246
7972,CH,#b19246
7973,AM,#d1322e
7974,FR,#b49f44
7975,FR,#b49f44
7976,GB,#7fa047
7977,AT,#ae8648
7978,SK,#9d7d4f
7979,MK,#d0733c
7980,LT,#6e7a64
7981,GB,#7fa047
7982,CZ,#97854f
7983,HR,#bc8144
7984,CZ,#97854f
7985,AZ,#cf2a2d
7986,SI,#b58346
7987,GB,#7fa047
7988,CH,#b19246
7989,AT,#ae8648
7990,RU,#61667a
7991,DK,#6b8e57
7992,CH,#b19246
7993,GE,#c43d39
7994,RS,#c17541
7995,BG,#c66a3e
7996,IS,#2ca02c
7997,SK,#9d7d4f
7998,DK,#6b8e57
7999,PT,#f8bf3f
8000,FR,#b49f44
8001,BY,#7b7261
8002,PL,#867f57
8003,GB,#7fa047
8004,DE,#918e4e
8005,RU,#61667a
8006,RO,#b06e48
8007,HR,#bc8144
8008,AT,#ae8648
8009,FR,#b49f44
8010,RU,#61667a
8011,SI,#b58346
8012,PT,#f8bf3f
8013,SI,#b58346
8014,NL,#8c974b
8015,NL,#8c974b
8016,NO,#3d8e61
8017,SK,#9d7d4f
8018,MK,#d0733c
8019,AL,#d87539
8020,SK,#9d7d4f
8021,GB,#7fa047
8022,RS,#c17541
8023,NO,#3d8e61
8024,ES,#eeb33e
8025,SE,#3c8a6a
8026,DE,#918e4e
8027,BA,#c37c41
8028,ES,#eeb33e
8029,AZ,#cf2a2d
8030,FI,#2b8384
8031,DK,#6b8e57
8032,DK,#6b8e57
8033,RS,#c17541
8034,SI,#b58346
8035,MK,#d0733c
8036,DK,#6b8e57
8037,ES,#eeb33e
8038,NO,#3d8e61
8039,SK,#9d7d4f
8040,AT,#ae8648
8041,DE,#918e4e
8042,RO,#b06e48
8043,RU,#61667a
8044,BA,#c37c41
8045,AT,#ae8648
8046,HR,#bc8144
8047,ME,#d1783c
8048,GB,#7fa047
8049,DE,#918e4e
8050,EE,#507d73
8051,HU,#ac7c49
8052,RU,#61667a
8053,NL,#8c974b
8054,FR,#b49f44
8055,SI,#b58346
8056,NL,#8c974b
8057,DK,#6b8e57
8058,CH,#b19246
8059,CZ,#97854f
8060,IS,#2ca02c
8061,FI,#2b8384
8062,IS,#2ca02c
8063,GE,#c43d39
8064,DK,#6b8e57
8065,AT,#ae8648
8066,AZ,#cf2a2d
8067,IS,#2ca02c
8068,SI,#b58346
8069,GE,#c43d39
8070,FI,#2b8384
8071,AT,#ae8648
8072,AT,#ae8648
8073,DK,#6b8e57
8074,SI,#b58346
8075,AL,#d87539
8076,RU,#61667a
8077,PT,#f8bf3f
8078,CZ,#97854f
8079,SK,#9d7d4f
8080,DK,#6b8e57
8081,AT,#ae8648
8082,AM,#d1322e
8083,IS,#2ca02c
8084,SI,#b58346
8085,NL,#8c974b
8086,IS,#2ca02c
8087,NO,#3d8e61
8088,NL,#8c974b
8089,SI,#b58346
8090,AT,#ae8648
8091,FI,#2b8384
8092,GE,#c43d39
8093,CH,#b19246
8094,PL,#867f57
8095,PT,#f8bf3f
8096,DK,#6b8e57
8097,GB,#7fa047
8098,NL,#8c974b
8099,DK,#6b8e57
8100,NL,#8c974b
8101,IS,#2ca02c
8102,HR,#bc8144
8103,DK,#6b8e57
8104,GB,#7fa047
8105,CH,#b19246
8106,DK,#6b8e57
8107,GB,#7fa047
8108,CH,#b19246
8109,DE,#918e4e
8110,GB,#7fa047
8111,CH,#b19246
8112,DK,#6b8e57
8113,SK,#9d7d4f
8114,LT,#6e7a64
8115,HR,#bc8144
8116,HR,#bc8144
8117,FR,#b49f44
8118,ME,#d1783c
8119,AZ,#cf2a2d
8120,LT,#6e7a64
8121,BG,#c66a3e
8122,DK,#6b8e57
8123,DK,#6b8e57
8124,MK,#d0733c
8125,SI,#b58346
8126,CH,#b19246
8127,LT,#6e7a64
8128,GB,#7fa047
8129,BY,#7b7261
8130,BY,#7b7261
8131,CH,#b19246
8132,CZ,#97854f
8133,AT,#ae8648
8134,PL,#867f57
8135,DK,#6b8e57
8136,RU,#61667a
8137,CH,#b19246
8138,EE,#507d73
8139,NO,#3d8e61
8140,AL,#d87539
8141,CZ,#97854f
8142,SE,#3c8a6a
8143,BG,#c66a3e
8144,DE,#918e4e
8145,IT,#ce893f
8146,GE,#c43d39
8147,EE,#507d73
8148,GE,#c43d39
8149,DK,#6b8e57
8150,NO,#3d8e61
8151,HR,#bc8144
8152,RS,#c17541
8153,SI,#b58346
8154,BG,#c66a3e
8155,CH,#b19246
8156,DK,#6b8e57
8157,IT,#ce893f
8158,SI,#b58346
8159,NL,#8c974b
8160,GB,#7fa047
8161,GE,#c43d39
8162,PT,#f8bf3f
8163,DK,#6b8e57
8164,BA,#c37c41
8165,DK,#6b8e57
8166,FR,#b49f44
8167,PT,#f8bf3f
8168,GE,#c43d39
8169,RS,#c17541
8170,AT,#ae8648
8171,SK,#9d7d4f
8172,AL,#d87539
8173,DK,#6b8e57
8174,AT,#ae8648
8175,PL,#867f57
8176,DK,#6b8e57
8177,DE,#918e4e
8178,DE,#918e4e
8179,BG,#c66a3e
8180,CH,#b19246
8181,SE,#3c8a6a
8182,AT,#ae8648
8183,DK,#6b8e57
8184,PL,#867f57
8185,IS,#2ca02c
8186,AZ,#cf2a2d
8187,PT,#f8bf3f
8188,HR,#bc8144
8189,DE,#918e4e
8190,HU,#ac7c49
8191,CH,#b19246
8192,SK,#9d7d4f
8193,NO,#3d8e61
8194,GE,#c43d39
8195,DK,#6b8e57
8196,RU,#61667a
8197,DK,#6b8e57
8198,RU,#61667a
8199,IS,#2ca02c
8200,SE,#3c8a6a
8201,GB,#7fa047
8202,PL,#867f57
8203,RO,#b06e48
8204,RS,#c17541
8205,GE,#c43d39
8206,CH,#b19246
8207,IS,#2ca02c
8208,DK,#6b8e57
8209,ME,#d1783c
8210,AM,#d1322e
8211,FI,#2b8384
8212,RS,#c17541
8213,DK,#6b8e57
8214,HU,#ac7c49
8215,RS,#c17541
8216,SE,#3c8a6a
8217,PL,#867f57
8218,IS,#2ca02c
8219,FR,#b49f44
8220,CH,#b19246
8221,DK,#6b8e57
8222,SK,#9d7d4f
8223,ES,#eeb33e
8224,EE,#507d73
8225,CZ,#97854f
8226,BA,#c37c41
8227,EE,#507d73
8228,NL,#8c974b
8229,FR,#b49f44
8230,CH,#b19246
8231,AL,#d87539
8232,AM,#d1322e
8233,NL,#8c974b
8234,DE,#918e4e
8235,BA,#c37c41
8236,RS,#c17541
8237,NO,#3d8e61
8238,SE,#3c8a6a
8239,SK,#9d7d4f
8240,IS,#2ca02c
8241,DE,#918e4e
8242,DK,#6b8e57
8243,BY,#7b7261
8244,CZ,#97854f
8245,NL,#8c974b
8246,NL,#8c974b
8247,NO,#3d8e61
8248,DK,#6b8e57
8249,DK,#6b8e57
8250,IS,#2ca02c
8251,NL,#8c974b
8252,IT,#ce893f
8253,GB,#7fa047
8254,NO,#3d8e61
8255,FI,#2b8384
8256,NO,#3d8e61
8257,CH,#b19246
8258,IT,#ce893f
8259,GB,#7fa047
8260,IS,#2ca02c
8261,LT,#6e7a64
8262,PL,#867f57
8263,FR,#b49f44
8264,NL,#8c974b
8265,FI,#2b8384
8266,GB,#7fa047
8267,NL,#8c974b
8268,HR,#bc8144
8269,GB,#7fa047
8270,SI,#b58346
8271,IS,#2ca02c
8272,IS,#2ca02c
8273,DK,#6b8e57
8274,BY,#7b7261
8275,PT,#f8bf3f
8276,DK,#6b8e57
8277,BY,#7b7261
8278,CH,#b19246
8279,BY,#7b7261
8280,MK,#d0733c
8281,PL,#867f57
8282,BA,#c37c41
8283,DE,#918e4e
8284,RO,#b06e48
8285,PL,#867f57
8286,GE,#c43d39
8287,HR,#bc8144
8288,AT,#ae8648
8289,LT,#6e7a64
8290,CH,#b19246
8291,DK,#6b8e57
8292,IS,#2ca02c
8293,HU,#ac7c49
8294,BA,#c37c41
8295,NL,#8c974b
8296,RU,#61667a
8297,HR,#bc8144
8298,GB,#7fa047
8299,SE,#3c8a6a
8300,IS,#2ca02c
8301,BA,#c37c41
8302,BA,#c37c41
8303,DK,#6b8e57
8304,DE,#918e4e
8305,DK,#6b8e57
8306,FR,#b49f44
8307,DK,#6b8e57
8308,BY,#7b7261
8309,FR,#b49f44
8310,IT,#ce893f
8311,BG,#c66a3e
8312,FI,#2b8384
8313,SK,#9d7d4f
8314,BY,#7b7261
8315,AM,#d1322e
8316,BA,#c37c41
8317,DK,#6b8e57
8318,DK,#6b8e57
8319,SE,#3c8a6a
8320,GB,#7fa047
8321,NL,#8c974b
8322,ES,#eeb33e
8323,CZ,#97854f
8324,ES,#eeb33e
8325,MK,#d0733c
8326,CH,#b19246
8327,NL,#8c974b
8328,ES,#eeb33e
8329,GE,#c43d39
8330,DE,#918e4e
8331,CZ,#97854f
8332,DE,#918e4e
8333,NO,#3d8e61
8334,FR,#b49f44
8335,IT,#ce893f
8336,DK,#6b8e57
8337,GE,#c43d39
8338,PL,#867f57
8339,AT,#ae8648
8340,RO,#b06e48
8341,GB,#7fa047
8342,GE,#c43d39
8343,CH,#b19246
8344,AT,#ae8648
8345,HU,#ac7c49
8346,NO,#3d8e61
8347,NO,#3d8e61
8348,HU,#ac7c49
8349,GE,#c43d39
8350,AL,#d87539
8351,CZ,#97854f
8352,BA,#c37c41
8353,IT,#ce893f
8354,BA,#c37c41
8355,DE,#918e4e
8356,CZ,#97854f
8357,RU,#61667a
8358,GB,#7fa047
8359,LT,#6e7a64
8360,GB,#7fa047
8361,PT,#f8bf3f
8362,DK,#6b8e57
8363,GB,#7fa047
8364,HR,#bc8144
8365,AT,#ae8648
8366,AT,#ae8648
8367,AL,#d87539
8368,NL,#8c974b
8369,IS,#2ca02c
8370,BG,#c66a3e
8371,DK,#6b8e57
8372,DK,#6b8e57
8373,AT,#ae8648
8374,LT,#6e7a64
8375,BA,#c37c41
8376,DK,#6b8e57
8377,AM,#d1322e
8378,RU,#61667a
8379,SI,#b58346
8380,RO,#b06e48
8381,CZ,#97854f
8382,CH,#b19246
8383,RO,#b06e48
8384,ES,#eeb33e
8385,GE,#c43d39
8386,BA,#c37c41
8387,BY,#7b7261
8388,DK,#6b8e57
8389,SK,#9d7d4f
8390,CZ,#97854f
8391,CH,#b19246
8392,PL,#867f57
8393,DK,#6b8e57
8394,ES,#eeb33e
8395,BY,#7b7261
8396,RU,#61667a
8397,IT,#ce893f
8398,CH,#b19246
8399,EE,#507d73
8400,SK,#9d7d4f
8401,DK,#6b8e57
8402,AT,#ae8648
8403,NO,#3d8e61
8404,MK,#d0733c
8405,GB,#7fa047
8406,DE,#918e4e
8407,NL,#8c974b
8408,FR,#b49f44
8409,MK,#d0733c
8410,RO,#b06e48
8411,NO,#3d8e61
8412,AM,#d1322e
8413,NO,#3d8e61
8414,BA,#c37c41
8415,SE,#3c8a6a
8416,HR,#bc8144
8417,NO,#3d8e61
8418,CH,#b19246
8419,AM,#d1322e
8420,HR,#bc8144
8421,HU,#ac7c49
8422,FR,#b49f44
8423,SI,#b58346
8424,EE,#507d73
8425,IT,#ce893f
8426,DE,#918e4e
8427,CH,#b19246
8428,SK,#9d7d4f
8429,HU,#ac7c49
8430,CH,#b19246
8431,CH,#b19246
8432,DK,#6b8e57
8433,AM,#d1322e
8434,RU,#61667a
8435,IS,#2ca02c
8436,DE,#918e4e
8437,AL,#d87539
8438,SK,#9d7d4f
8439,HR,#bc8144
8440,BG,#c66a3e
8441,SK,#9d7d4f
8442,ME,#d1783c
8443,IS,#2ca02c
8444,AT,#ae8648
8445,ES,#eeb33e
8446,NL,#8c974b
8447,DE,#918e4e
8448,BA,#c37c41
8449,NL,#8c974b
8450,PL,#867f57
8451,AZ,#cf2a2d
8452,BY,#7b7261
8453,DK,#6b8e57
8454,BA,#c37c41
8455,CH,#b19246
8456,NL,#8c974b
8457,DK,#6b8e57
8458,HU,#ac7c49
8459,AT,#ae8648
8460,ES,#eeb33e
8461,GE,#c43d39
8462,RS,#c17541
8463,BG,#c66a3e
8464,RO,#b06e48
8465,EE,#507d73
8466,IT,#ce893f
8467,HR,#bc8144
8468,IT,#ce893f
8469,AT,#ae8648
8470,IS,#2ca02c
8471,NL,#8c974b
8472,PT,#f8bf3f
8473,NL,#8c974b
8474,DK,#6b8e57
8475,AM,#d1322e
8476,HU,#ac7c49
8477,AT,#ae8648
8478,IS,#2ca02c
8479,GE,#c43d39
8480,DK,#6b8e57
8481,HR,#bc8144
8482,SI,#b58346
8483,NL,#8c974b
8484,BY,#7b7261
8485,FI,#2b8384
8486,RO,#b06e48
8487,SE,#3c8a6a
8488,NL,#8c974b
8489,GE,#c43d39
8490,CH,#b19246
8491,RU,#61667a
8492,NO,#3d8e61
8493,ES,#eeb33e
8494,BY,#7b7261
8495,SK,#9d7d4f
8496,BY,#7b7261
8497,NL,#8c974b
8498,NL,#8c974b
8499,DK,#6b8e57
8500,HR,#bc8144
8501,RO,#b06e48
8502,RS,#c17541
8503,BY,#7b7261
8504,HR,#bc8144
8505,NO,#3d8e61
8506,FR,#b49f44
8507,ES,#eeb33e
8508,IS,#2ca02c
8509,CH,#b19246
8510,NL,#8c974b
8511,HR,#bc8144
8512,PL,#867f57
8513,PT,#f8bf3f
8514,AZ,#cf2a2d
8515,DK,#6b8e57
8516,AL,#d87539
8517,NO,#3d8e61
8518,AL,#d87539
8519,AL,#d87539
8520,CH,#b19246
8521,EE,#507d73
8522,FI,#2b8384
8523,SK,#9d7d4f
8524,CH,#b19246
8525,GE,#c43d39
8526,BY,#7b7261
8527,EE,#507d73
8528,FR,#b49f44
8529,FR,#b49f44
8530,DK,#6b8e57
8531,RO,#b06e48
8532,GE,#c43d39
8533,ME,#d1783c
8534,DK,#6b8e57
8535,GE,#c43d39
8536,SE,#3c8a6a
8537,PL,#867f57
8538,DK,#6b8e57
8539,FI,#2b8384
8540,ME,#d1783c
8541,GE,#c43d39
8542,PT,#f8bf3f
8543,CH,#b19246
8544,IS,#2ca02c
8545,NL,#8c974b
8546,DK,#6b8e57
8547,GB,#7fa047
8548,DE,#918e4e
8549,AZ,#cf2a2d
8550,CH,#b19246
8551,GE,#c43d39
8552,DE,#918e4e
8553,AZ,#cf2a2d
8554,DK,#6b8e57
8555,NO,#3d8e61
8556,NL,#8c974b
8557,GE,#c43d39
8558,BG,#c66a3e
8559,EE,#507d73
8560,NL,#8c974b
8561,CH,#b19246
8562,CH,#b19246
8563,PL,#867f57
8564,NL,#8c974b
8565,CH,#b19246
8566,EE,#507d73
8567,DK,#6b8e57
8568,NL,#8c974b
8569,NL,#8c974b
8570,HR,#bc8144
8571,DE,#918e4e
8572,AT,#ae8648
8573,CH,#b19246
8574,NL,#8c974b
8575,GB,#7fa047
8576,BY,#7b7261
8577,DE,#918e4e
8578,AZ,#cf2a2d
8579,CH,#b19246
8580,FI,#2b8384
8581,FI,#2b8384
8582,NO,#3d8e61
8583,LT,#6e7a64
8584,HR,#bc8144
8585,FI,#2b8384
8586,SI,#b58346
8587,HR,#bc8144
8588,PT,#f8bf3f
8589,CZ,#97854f
8590,NO,#3d8e61
8591,MK,#d0733c
8592,GE,#c43d39
8593,CH,#b19246
8594,HR,#bc8144
8595,DE,#918e4e
8596,AL,#d87539
8597,PT,#f8bf3f
8598,PL,#867f57
8599,HR,#bc8144
8600,BY,#7b7261
8601,SE,#3c8a6a
8602,BG,#c66a3e
8603,ES,#eeb33e
8604,SK,#9d7d4f
8605,HU,#ac7c49
8606,IS,#2ca02c
8607,IS,#2ca02c
8608,IT,#ce893f
8609,CH,#b19246
8610,HU,#ac7c49
8611,CZ,#97854f
8612,ES,#eeb33e
8613,PL,#867f57
8614,GE,#c43d39
8615,FR,#b49f44
8616,CH,#b19246
8617,HR,#bc8144
8618,BA,#c37c41
8619,CZ,#97854f
8620,DK,#6b8e57
8621,CZ,#97854f
8622,HU,#ac7c49
8623,FR,#b49f44
8624,IS,#2ca02c
8625,AM,#d1322e
8626,IS,#2ca02c
8627,AT,#ae8648
8628,DK,#6b8e57
8629,RO,#b06e48
8630,RO,#b06e48
8631,IS,#2ca02c
8632,GB,#7fa047
8633,GB,#7fa047
8634,IT,#ce893f
8635,CZ,#97854f
8636,DK,#6b8e57
8637,BG,#c66a3e
8638,MK,#d0733c
8639,CH,#b19246
8640,IS,#2ca02c
8641,DK,#6b8e57
8642,LT,#6e7a64
8643,RS,#c17541
8644,CH,#b19246
8645,EE,#507d73
8646,RU,#61667a
8647,AM,#d1322e
8648,BG,#c66a3e
8649,AL,#d87539
8650,ES,#eeb33e
8651,HR,#bc8144
8652,ES,#eeb33e
8653,DE,#918e4e
8654,AL,#d87539
8655,BY,#7b7261
8656,NL,#8c974b
8657,SE,#3c8a6a
8658,LT,#6e7a64
8659,DK,#6b8e57
8660,AM,#d1322e
8661,DE,#918e4e
8662,IT,#ce893f
8663,AZ,#cf2a2d
8664,SE,#3c8a6a
8665,NL,#8c974b
8666,MK,#d0733c
8667,SE,#3c8a6a
8668,PT,#f8bf3f
8669,AM,#d1322e
8670,BY,#7b7261
8671,LT,#6e7a64
8672,CZ,#97854f
8673,AT,#ae8648
8674,CH,#b19246
8675,PL,#867f57
8676,CH,#b19246
8677,AT,#ae8648
8678,HR,#bc8144
8679,ES,#eeb33e
8680,HU,#ac7c49
8681,SK,#9d7d4f
8682,BG,#c66a3e
8683,AZ,#cf2a2d
8684,BA,#c37c41
8685,NL,#8c974b
8686,FI,#2b8384
8687,BA,#c37c41
8688,BY,#7b7261
8689,FR,#b49f44
8690,GB,#7fa047
8691,AT,#ae8648
8692,IS,#2ca02c
8693,DK,#6b8e57
8694,CH,#b19246
8695,SE,#3c8a6a
8696,NO,#3d8e61
8697,FR,#b49f44
8698,AM,#d1322e
8699,IS,#2ca02c
8700,AL,#d87539
8701,DE,#918e4e
8702,BY,#7b7261
8703,GB,#7fa047
8704,PT,#f8bf3f
8705,DK,#6b8e57
8706,SK,#9d7d4f
8707,RO,#b06e48
8708,SE,#3c8a6a
8709,BG,#c66a3e
8710,FI,#2b8384
8711,SE,#3c8a6a
8712,AZ,#cf2a2d
8713,BA,#c37c41
8714,BY,#7b7261
8715,GB,#7fa047
8716,NO,#3d8e61
8717,SE,#3c8a6a
8718,PT,#f8bf3f
8719,NL,#8c974b
8720,BG,#c66a3e
8721,BA,#c37c41
8722,DK,#6b8e57
8723,RO,#b06e48
8724,SI,#b58346
8725,SI,#b58346
8726,GE,#c43d39
8727,CH,#b19246
8728,SE,#3c8a6a
8729,IS,#2ca02c
8730,DE,#918e4e
8731,NL,#8c974b
8732,GE,#c43d39
8733,DK,#6b8e57
8734,CH,#b19246
8735,FI,#2b8384
8736,BA,#c37c41
8737,DK,#6b8e57
8738,ES,#eeb33e
8739,AL,#d87539
8740,IT,#ce893f
8741,CZ,#97854f
8742,CZ,#97854f
8743,IT,#ce893f
8744,GE,#c43d39
8745,AM,#d1322e
8746,IT,#ce893f
8747,FI,#2b8384
8748,SK,#9d7d4f
8749,ES,#eeb33e
8750,CH,#b19246
8751,NL,#8c974b
8752,HU,#ac7c49
8753,CH,#b19246
8754,DE,#918e4e
8755,BA,#c37c41
8756,IT,#ce893f
8757,CZ,#97854f
8758,DE,#918e4e
8759,NO,#3d8e61
8760,CZ,#97854f
8761,IT,#ce893f
8762,SE,#3c8a6a
8763,AL,#d87539
8764,LT,#6e7a64
8765,FI,#2b8384
8766,RS,#c17541
8767,DE,#918e4e
8768,RS,#c17541
8769,PT,#f8bf3f
8770,RU,#61667a
8771,GE,#c43d39
8772,NL,#8c974b
8773,CH,#b19246
8774,HU,#ac7c49
8775,GE,#c43d39
8776,LT,#6e7a64
8777,AM,#d1322e
8778,NL,#8c974b
8779,AZ,#cf2a2d
8780,AM,#d1322e
8781,ES,#eeb33e
8782,PT,#f8bf3f
8783,GE,#c43d39
8784,GB,#7fa047
8785,CH,#b19246
8786,NL,#8c974b
8787,IT,#ce893f
8788,LT,#6e7a64
8789,BG,#c66a3e
8790,AZ,#cf2a2d
8791,DE,#918e4e
8792,NL,#8c974b
8793,DE,#918e4e
8794,AM,#d1322e
8795,RS,#c17541
8796,SI,#b58346
8797,MK,#d0733c
8798,CH,#b19246
8799,BY,#7b7261
8800,CH,#b19246
8801,SI,#b58346
8802,IT,#ce893f
8803,IT,#ce893f
8804,NL,#8c974b
8805,MK,#d0733c
8806,FR,#b49f44
8807,HU,#ac7c49
8808,DE,#918e4e
8809,CH,#b19246
8810,NL,#8c974b
8811,SK,#9d7d4f
8812,DE,#918e4e
8813,SE,#3c8a6a
8814,BG,#c66a3e
8815,FI,#2b8384
8816,GE,#c43d39
8817,IT,#ce893f
8818,NL,#8c974b
8819,HR,#bc8144
8820,AT,#ae8648
8821,SK,#9d7d4f
8822,IS,#2ca02c
8823,CH,#b19246
8824,BA,#c37c41
8825,AT,#ae8648
8826,EE,#507d73
8827,PL,#867f57
8828,RO,#b06e48
8829,HR,#bc8144
8830,AL,#d87539
8831,NL,#8c974b
8832,CZ,#97854f
8833,HR,#bc8144
8834,AT,#ae8648
8835,HU,#ac7c49
8836,CH,#b19246
8837,CZ,#97854f
8838,RO,#b06e48
8839,DK,#6b8e57
8840,GE,#c43d39
8841,IT,#ce893f
8842,RS,#c17541
8843,DK,#6b8e57
8844,CH,#b19246
8845,DK,#6b8e57
8846,CH,#b19246
8847,AT,#ae8648
8848,AZ,#cf2a2d
8849,AZ,#cf2a2d
8850,GB,#7fa047
8851,CH,#b19246
8852,CZ,#97854f
8853,BA,#c37c41
8854,IS,#2ca02c
8855,NL,#8c974b
8856,NO,#3d8e61
8857,CH,#b19246
8858,AZ,#cf2a2d
8859,RU,#61667a
8860,NL,#8c974b
8861,FR,#b49f44
8862,AT,#ae8648
8863,CH,#b19246
8864,SI,#b58346
8865,NL,#8c974b
8866,HR,#bc8144
8867,SI,#b58346
8868,DK,#6b8e57
8869,SE,#3c8a6a
8870,LT,#6e7a64
8871,HR,#bc8144
8872,DE,#918e4e
8873,IT,#ce893f
8874,BA,#c37c41
8875,DE,#918e4e
8876,IT,#ce893f
8877,AT,#ae8648
8878,IS,#2ca02c
8879,SI,#b58346
8880,AM,#d1322e
8881,CH,#b19246
8882,NL,#8c974b
8883,GE,#c43d39
8884,CH,#b19246
8885,DE,#918e4e
8886,IS,#2ca02c
8887,GB,#7fa047
8888,LT,#6e7a64
8889,GB,#7fa047
8890,GE,#c43d39
8891,DE,#918e4e
8892,DE,#918e4e
8893,GB,#7fa047
8894,GE,#c43d39
8895,DK,#6b8e57
8896,IT,#ce893f
8897,DK,#6b8e57
8898,IT,#ce893f
8899,NL,#8c974b
8900,RS,#c17541
8901,DE,#918e4e
8902,CH,#b19246
8903,ME,#d1783c
8904,BA,#c37c41
8905,DK,#6b8e57
8906,FI,#2b8384
8907,AL,#d87539
8908,GE,#c43d39
8909,HU,#ac7c49
8910,CZ,#97854f
8911,BA,#c37c41
8912,FI,#2b8384
8913,CH,#b19246
8914,AT,#ae8648
8915,RU,#61667a
8916,FI,#2b8384
8917,DK,#6b8e57
8918,MK,#d0733c
8919,CZ,#97854f
8920,DK,#6b8e57
8921,CH,#b19246
8922,FR,#b49f44
8923,DK,#6b8e57
8924,FR,#b49f44
8925,IT,#ce893f
8926,GE,#c43d39
8927,SK,#9d7d4f
8928,CH,#b19246
8929,GB,#7fa047
8930,AM,#d1322e
8931,GB,#7fa047
8932,RO,#b06e48
8933,LT,#6e7a64
8934,FI,#2b8384
8935,GB,#7fa047
8936,SE,#3c8a6a
8937,DE,#918e4e
8938,AZ,#cf2a2d
8939,DK,#6b8e57
8940,SK,#9d7d4f
8941,RS,#c17541
8942,IT,#ce893f
8943,NL,#8c974b
8944,DK,#6b8e57
8945,ES,#eeb33e
8946,AM,#d1322e
8947,BA,#c37c41
8948,NO,#3d8e61
8949,SE,#3c8a6a
8950,IS,#2ca02c
8951,GE,#c43d39
8952,ES,#eeb33e
8953,GB,#7fa047
8954,CH,#b19246
8955,SK,#9d7d4f
8956,IT,#ce893f
8957,IS,#2ca02c
8958,RS,#c17541
8959,AM,#d1322e
8960,NL,#8c974b
8961,GB,#7fa047
8962,ES,#eeb33e
8963,AM,#d1322e
8964,GB,#7fa047
8965,CZ,#97854f
8966,GB,#7fa047
8967,NL,#8c974b
8968,GE,#c43d39
8969,CH,#b19246
8970,HR,#bc8144
8971,AT,#ae8648
8972,SI,#b58346
8973,ES,#eeb33e
8974,IT,#ce893f
8975,BA,#c37c41
8976,SK,#9d7d4f
8977,SK,#9d7d4f
8978,SK,#9d7d4f
8979,AL,#d87539
8980,NO,#3d8e61
8981,PL,#867f57
8982,IS,#2ca02c
8983,BA,#c37c41
8984,CH,#b19246
8985,PT,#f8bf3f
8986,DE,#918e4e
8987,NL,#8c974b
8988,DK,#6b8e57
8989,AT,#ae8648
8990,PL,#867f57
8991,IS,#2ca02c
8992,AM,#d1322e
8993,GE,#c43d39
8994,LT,#6e7a64
8995,GB,#7fa047
8996,HU,#ac7c49
8997,BY,#7b7261
8998,AZ,#cf2a2d
8999,FI,#2b8384
9000,BA,#c37c41
9001,IS,#2ca02c
9002,CH,#b19246
9003,RO,#b06e48
9004,NO,#3d8e61
9005,IT,#ce893f
9006,AT,#ae8648
9007,NO,#3d8e61
9008,FR,#b49f44
9009,PT,#f8bf3f
9010,DE,#918e4e
9011,HU,#ac7c49
9012,NO,#3d8e61
9013,DE,#918e4e
9014,DK,#6b8e57
9015,SK,#9d7d4f
9016,NL,#8c974b
9017,NL,#8c974b
9018,BY,#7b7261
9019,ME,#d1783c
9020,CH,#b19246
9021,NL,#8c974b
9022,RO,#b06e48
9023,DK,#6b8e57
9024,CH,#b19246
9025,RU,#61667a
9026,GB,#7fa047
9027,IT,#ce893f
9028,BY,#7b7261
9029,NL,#8c974b
9030,RU,#61667a
9031,PT,#f8bf3f
9032,DE,#918e4e
9033,HU,#ac7c49
9034,AT,#ae8648
9035,NL,#8c974b
9036,IS,#2ca02c
9037,IT,#ce893f
9038,IT,#ce893f
9039,SI,#b58346
9040,SI,#b58346
9041,AT,#ae8648
9042,FR,#b49f44
9043,CH,#b19246
9044,CH,#b19246
9045,IS,#2ca02c
9046,HU,#ac7c49
9047,GB,#7fa047
9048,HR,#bc8144
9049,RS,#c17541
9050,RS,#c17541
9051,FR,#b49f44
9052,DE,#918e4e
9053,AT,#ae8648
9054,GE,#c43d39
9055,PT,#f8bf3f
9056,HU,#ac7c49
9057,IS,#2ca02c
9058,IS,#2ca02c
9059,RO,#b06e48
9060,RO,#b06e48
9061,CH,#b19246
9062,GB,#7fa047
9063,PL,#867f57
9064,MK,#d0733c
9065,CH,#b19246
9066,SE,#3c8a6a
9067,ME,#d1783c
9068,RS,#c17541
9069,SK,#9d7d4f
9070,GB,#7fa047
9071,DK,#6b8e57
9072,CH,#b19246
9073,AM,#d1322e
9074,CH,#b19246
9075,DE,#918e4e
9076,SE,#3c8a6a
9077,GE,#c43d39
9078,EE,#507d73
9079,CH,#b19246
9080,GB,#7fa047
9081,FI,#2b8384
9082,NO,#3d8e61
9083,PT,#f8bf3f
9084,DK,#6b8e57
9085,ME,#d1783c
9086,ES,#eeb33e
9087,PT,#f8bf3f
9088,RU,#61667a
9089,AM,#d1322e
9090,BY,#7b7261
9091,CH,#b19246
9092,GB,#7fa047
9093,BA,#c37c41
9094,NO,#3d8e61
9095,DK,#6b8e57
9096,PL,#867f57
9097,MK,#d0733c
9098,CH,#b19246
9099,SK,#9d7d4f
9100,FI,#2b8384
9101,AZ,#cf2a2d
9102,RS,#c17541
9103,DK,#6b8e57
9104,HR,#bc8144
9105,BG,#c66a3e
9106,MK,#d0733c
9107,DK,#6b8e57
9108,NL,#8c974b
9109,SK,#9d7d4f
9110,GE,#c43d39
9111,HR,#bc8144
9112,CH,#b19246
9113,ES,#eeb33e
9114,CH,#b19246
9115,AL,#d87539
9116,EE,#507d73
9117,GB,#7fa047
9118,IS,#2ca02c
9119,NL,#8c974b
9120,BY,#7b7261
9121,AT,#ae8648
9122,RU,#61667a
9123,RO,#b06e48
9124,PL,#867f57
9125,BY,#7b7261
9126,IS,#2ca02c
9127,SI,#b58346
9128,AM,#d1322e
9129,HR,#bc8144
9130,PL,#867f57
9131,IT,#ce893f
9132,NL,#8c974b
9133,FR,#b49f44
9134,ES,#eeb33e
9135,CZ,#97854f
9136,CZ,#97854f
9137,CH,#b19246
9138,NO,#3d8e61
9139,GB,#7fa047
9140,HR,#bc8144
9141,NO,#3d8e61
9142,AT,#ae8648
9143,RS,#c17541
9144,NO,#3d8e61
9145,ES,#eeb33e
9146,SE,#3c8a6a
9147,HR,#bc8144
9148,NO,#3d8e61
9149,DK,#6b8e57
9150,CZ,#97854f
9151,AT,#ae8648
9152,FI,#2b8384
9153,CZ,#97854f
9154,DK,#6b8e57
9155,BG,#c66a3e
9156,CZ,#97854f
9157,DE,#918e4e
9158,MK,#d0733c
9159,CH,#b19246
9160,RO,#b06e48
9161,HU,#ac7c49
9162,EE,#507d73
9163,PT,#f8bf3f
9164,IT,#ce893f
9165,PL,#867f57
9166,SK,#9d7d4f
9167,SK,#9d7d4f
9168,AL,#d87539
9169,BG,#c66a3e
9170,AZ,#cf2a2d
9171,HU,#ac7c49
9172,FR,#b49f44
9173,CH,#b19246
9174,PL,#867f57
9175,CZ,#97854f
9176,PL,#867f57
9177,NO,#3d8e61
9178,CH,#b19246
9179,BA,#c37c41
9180,NL,#8c974b
9181,PT,#f8bf3f
9182,CH,#b19246
9183,RU,#61667a
9184,PT,#f8bf3f
9185,AM,#d1322e
9186,DK,#6b8e57
9187,DK,#6b8e57
9188,NO,#3d8e61
9189,AT,#ae8648
9190,FR,#b49f44
9191,NO,#3d8e61
9192,BY,#7b7261
9193,DE,#918e4e
9194,NL,#8c974b
9195,GB,#7fa047
9196,FI,#2b8384
9197,SI,#b58346
9198,DK,#6b8e57
9199,AZ,#cf2a2d
9200,FR,#b49f44
9201,SK,#9d7d4f
9202,FR,#b49f44
9203,SE,#3c8a6a
9204,AZ,#cf2a2d
9205,CZ,#97854f
9206,IS,#2ca02c
9207,CZ,#97854f
9208,RO,#b06e48
9209,BA,#c37c41
9210,IS,#2ca02c
9211,ME,#d1783c
9212,DE,#918e4e
9213,FR,#b49f44
9214,AM,#d1322e
9215,RS,#c17541
9216,GB,#7fa047
9217,DK,#6b8e57
9218,FI,#2b8384
9219,AM,#d1322e
9220,FR,#b49f44
9221,AM,#d1322e
9222,PL,#867f57
9223,ES,#eeb33e
9224,CH,#b19246
9225,NL,#8c974b
9226,RU,#61667a
9227,RO,#b06e48
9228,DK,#6b8e57
9229,CZ,#97854f
9230,MK,#d0733c
9231,HR,#bc8144
9232,AT,#ae8648
9233,IT,#ce893f
9234,BG,#c66a3e
9235,AT,#ae8648
9236,AL,#d87539
9237,RS,#c17541
9238,NL,#8c974b
9239,GB,#7fa047
9240,IS,#2ca02c
9241,NO,#3d8e61
9242,HU,#ac7c49
9243,AL,#d87539
9244,HU,#ac7c49
9245,DE,#918e4e
9246,HR,#bc8144
9247,PL,#867f57
9248,FR,#b49f44
9249,HU,#ac7c49
9250,RS,#c17541
9251,BG,#c66a3e
9252,EE,#507d73
9253,GB,#7fa047
9254,IS,#2ca02c
9255,NO,#3d8e61
9256,NO,#3d8e61
9257,BG,#c66a3e
9258,ES,#eeb33e
9259,AT,#ae8648
9260,AL,#d87539
9261,NO,#3d8e61
9262,NO,#3d8e61
9263,IT,#ce893f
9264,AL,#d87539
9265,CZ,#97854f
9266,CH,#b19246
9267,AT,#ae8648
9268,ES,#eeb33e
9269,CH,#b19246
9270,PL,#867f57
9271,HR,#bc8144
9272,CH,#b19246
9273,IT,#ce893f
9274,DK,#6b8e57
9275,RU,#61667a
9276,DK,#6b8e57
9277,AZ,#cf2a2d
9278,DK,#6b8e57
9279,IT,#ce893f
9280,BY,#7b7261
9281,IS,#2ca02c
9282,CH,#b19246
9283,GE,#c43d39
9284,GB,#7fa047
9285,NL,#8c974b
9286,GE,#c43d39
9287,NL,#8c974b
9288,IS,#2ca02c
9289,IT,#ce893f
9290,BA,#c37c41
9291,FR,#b49f44
9292,NL,#8c974b
9293,NO,#3d8e61
9294,AT,#ae8648
9295,NL,#8c974b
9296,EE,#507d73
9297,HU,#ac7c49
9298,FR,#b49f44
9299,DK,#6b8e57
9300,GB,#7fa047
9301,NL,#8c974b
9302,CH,#b19246
9303,BA,#c37c41
9304,AL,#d87539
9305,NL,#8c974b
9306,DE,#918e4e
9307,AT,#ae8648
9308,NL,#8c974b
9309,DK,#6b8e57
9310,CZ,#97854f
9311,RS,#c17541
9312,RU,#61667a
9313,AZ,#cf2a2d
9314,AM,#d1322e
9315,RO,#b06e48
9316,NL,#8c974b
9317,MK,#d0733c
9318,HR,#bc8144
9319,DE,#918e4e
9320,AM,#d1322e
9321,BA,#c37c41
9322,BG,#c66a3e
9323,NL,#8c974b
9324,HR,#bc8144
9325,HR,#bc8144
9326,CH,#b19246
9327,AL,#d87539
9328,LT,#6e7a64
9329,IT,#ce893f
9330,NL,#8c974b
9331,BA,#c37c41
9332,DE,#918e4e
9333,AZ,#cf2a2d
9334,MK,#d0733c
9335,SI,#b58346
9336,FI,#2b8384
9337,FI,#2b8384
9338,FI,#2b8384
9339,SE,#3c8a6a
9340,AL,#d87539
9341,BY,#7b7261
9342,NL,#8c974b
9343,CH,#b19246
9344,GE,#c43d39
9345,LT,#6e7a64
9346,IS,#2ca02c
9347,NL,#8c974b
9348,NO,#3d8e61
9349,NL,#8c974b
9350,SK,#9d7d4f
9351,FR,#b49f44
9352,CH,#b19246
9353,ES,#eeb33e
9354,RO,#b06e48
9355,GB,#7fa047
9356,MK,#d0733c
9357,CH,#b19246
9358,SK,#9d7d4f
9359,PL,#867f57
9360,BY,#7b7261
9361,AT,#ae8648
9362,CH,#b19246
9363,FR,#b49f44
9364,PT,#f8bf3f
9365,IT,#ce893f
9366,BY,#7b7261
9367,SK,#9d7d4f
9368,IT,#ce893f
9369,SE,#3c8a6a
9370,BG,#c66a3e
9371,GB,#7fa047
9372,BG,#c66a3e
9373,FR,#b49f44
9374,EE,#507d73
9375,GB,#7fa047
9376,AZ,#cf2a2d
9377,PL,#867f57
9378,RO,#b06e48
9379,GE,#c43d39
9380,RU,#61667a
9381,SK,#9d7d4f
9382,GE,#c43d39
9383,AT,#ae8648
9384,LT,#6e7a64
9385,GE,#c43d39
9386,GB,#7fa047
9387,MK,#d0733c
9388,RO,#b06e48
9389,CH,#b19246
9390,CH,#b19246
9391,AM,#d1322e
9392,AZ,#cf2a2d
9393,IT,#ce893f
9394,AT,#ae8648
9395,DK,#6b8e57
9396,BY,#7b7261
9397,RS,#c17541
9398,PL,#867f57
9399,CH,#b19246
9400,BY,#7b7261
9401,HR,#bc8144
9402,EE,#507d73
9403,CZ,#97854f
9404,CZ,#97854f
9405,AZ,#cf2a2d
9406,AM,#d1322e
9407,IS,#2ca02c
9408,AT,#ae8648
9409,SI,#b58346
9410,CH,#b19246
9411,GE,#c43d39
9412,NL,#8c974b
9413,DK,#6b8e57
9414,BY,#7b7261
9415,AT,#ae8648
9416,HU,#ac7c49
9417,GE,#c43d39
9418,IS,#2ca02c
9419,MK,#d0733c
9420,IT,#ce893f
9421,SK,#9d7d4f
9422,DK,#6b8e57
9423,CH,#b19246
9424,SE,#3c8a6a
9425,DK,#6b8e57
9426,FI,#2b8384
9427,CH,#b19246
9428,PL,#867f57
9429,AM,#d1322e
9430,DK,#6b8e57
9431,FR,#b49f44
9432,DK,#6b8e57
9433,DK,#6b8e57
9434,DK,#6b8e57
9435,DK,#6b8e57
9436,BY,#7b7261
9437,AM,#d1322e
9438,AZ,#cf2a2d
9439,HR,#bc8144
9440,RO,#b06e48
9441,AZ,#cf2a2d
9442,GB,#7fa047
9443,DK,#6b8e57
9444,NL,#8c974b
9445,GE,#c43d39
9446,AL,#d87539
9447,RO,#b06e48
9448,RS,#c17541
9449,DK,#6b8e57
9450,CH,#b19246
9451,AT,#ae8648
9452,IT,#ce893f
9453,RO,#b06e48
9454,BG,#c66a3e
9455,IS,#2ca02c
9456,FR,#b49f44
9457,NL,#8c974b
9458,NO,#3d8e61
9459,BY,#7b7261
9460,GB,#7fa047
9461,DK,#6b8e57
9462,SK,#9d7d4f
9463,GB,#7fa047
9464,EE,#507d73
9465,MK,#d0733c
9466,FR,#b49f44
9467,RO,#b06e48
9468,DK,#6b8e57
9469,CH,#b19246
9470,AT,#ae8648
9471,NL,#8c974b
9472,NL,#8c974b
9473,CH,#b19246
9474,AL,#d87539
9475,RO,#b06e48
9476,AL,#d87539
9477,CZ,#97854f
9478,PL,#867f57
9479,IT,#ce893f
9480,IT,#ce893f
9481,NL,#8c974b
9482,IT,#ce893f
9483,BG,#c66a3e
9484,BA,#c37c41
9485,FI,#2b8384
9486,FR,#b49f44
9487,GE,#c43d39
9488,GB,#7fa047
9489,CH,#b19246
9490,AT,#ae8648
9491,IS,#2ca02c
9492,NL,#8c974b
9493,AT,#ae8648
9494,PL,#867f57
9495,HR,#bc8144
9496,SK,#9d7d4f
9497,FI,#2b8384
9498,LT,#6e7a64
9499,SE,#3c8a6a
9500,HR,#bc8144
9501,ES,#eeb33e
9502,SK,#9d7d4f
9503,PL,#867f57
9504,CH,#b19246
9505,FI,#2b8384
9506,NL,#8c974b
9507,AM,#d1322e
9508,DE,#918e4e
9509,AT,#ae8648
9510,SE,#3c8a6a
9511,DE,#918e4e
9512,LT,#6e7a64
9513,GB,#7fa047
9514,ES,#eeb33e
9515,SI,#b58346
9516,BY,#7b7261
9517,EE,#507d73
9518,AM,#d1322e
9519,DE,#918e4e
9520,RO,#b06e48
9521,SI,#b58346
9522,CH,#b19246
9523,IS,#2ca02c
9524,NL,#8c974b
9525,CH,#b19246
9526,DK,#6b8e57
9527,DK,#6b8e57
9528,IS,#2ca02c
9529,DK,#6b8e57
9530,RU,#61667a
9531,IS,#2ca02c
9532,FR,#b49f44
9533,BY,#7b7261
9534,FR,#b49f44
9535,DK,#6b8e57
9536,GB,#7fa047
9537,BY,#7b7261
9538,BA,#c37c41
9539,CH,#b19246
9540,GE,#c43d39
9541,FR,#b49f44
9542,PL,#867f57
9543,IS,#2ca02c
9544,NO,#3d8e61
9545,IT,#ce893f
9546,PL,#867f57
9547,HU,#ac7c49
9548,IS,#2ca02c
9549,SK,#9d7d4f
9550,DE,#918e4e
9551,AT,#ae8648
9552,CH,#b19246
9553,NL,#8c974b
9554,IT,#ce893f
9555,RS,#c17541
9556,NL,#8c974b
9557,CH,#b19246
9558,NL,#8c974b
9559,IT,#ce893f
9560,SE,#3c8a6a
9561,GB,#7fa047
9562,AM,#d1322e
9563,CH,#b19246
9564,FR,#b49f44
9565,PL,#867f57
9566,IT,#ce893f
9567,NO,#3d8e61
9568,FI,#2b8384
9569,BA,#c37c41
9570,HR,#bc8144
9571,CH,#b19246
9572,CH,#b19246
9573,FI,#2b8384
9574,RS,#c17541
9575,GB,#7fa047
9576,BA,#c37c41
9577,GE,#c43d39
9578,NL,#8c974b
9579,FI,#2b8384
9580,AL,#d87539
9581,DK,#6b8e57
9582,HR,#bc8144
9583,AM,#d1322e
9584,FI,#2b8384
9585,DE,#918e4e
9586,RS,#c17541
9587,IS,#2ca02c
9588,GB,#7fa047
9589,AL,#d87539
9590,NL,#8c974b
9591,DK,#6b8e57
9592,FR,#b49f44
9593,ES,#eeb33e
9594,FR,#b49f44
9595,IT,#ce893f
9596,IS,#2ca02c
9597,GB,#7fa047
9598,DK,#6b8e57
9599,CH,#b19246
9600,AM,#d1322e
9601,BY,#7b7261
9602,CZ,#97854f
9603,ME,#d1783c
9604,EE,#507d73
9605,AT,#ae8648
9606,CZ,#97854f
9607,LT,#6e7a64
9608,AZ,#cf2a2d
9609,IT,#ce893f
9610,RU,#61667a
9611,SI,#b58346
9612,CH,#b19246
9613,CH,#b19246
9614,FI,#2b8384
9615,GB,#7fa047
9616,AT,#ae8648
9617,SK,#9d7d4f
9618,SK,#9d7d4f
9619,NO,#3d8e61
9620,IS,#2ca02c
9621,HR,#bc8144
9622,NO,#3d8e61
9623,SK,#9d7d4f
9624,IS,#2ca02c
9625,IT,#ce893f
9626,CH,#b19246
9627,GE,#c43d39
9628,MK,#d0733c
9629,NL,#8c974b
9630,CH,#b19246
9631,AM,#d1322e
9632,AM,#d1322e
9633,CZ,#97854f
9634,SI,#b58346
9635,IT,#ce893f
9636,DK,#6b8e57
9637,FR,#b49f44
9638,EE,#507d73
9639,ME,#d1783c
9640,DE,#918e4e
9641,MK,#d0733c
9642,IS,#2ca02c
9643,AT,#ae8648
9644,GB,#7fa047
9645,RU,#61667a
9646,PT,#f8bf3f
9647,AM,#d1322e
9648,NO,#3d8e61
9649,PT,#f8bf3f
9650,DE,#918e4e
9651,DK,#6b8e57
9652,ES,#eeb33e
9653,DK,#6b8e57
9654,DE,#918e4e
9655,DK,#6b8e57
9656,HR,#bc8144
9657,DK,#6b8e57
9658,NO,#3d8e61
9659,GE,#c43d39
9660,FR,#b49f44
9661,NO,#3d8e61
9662,IT,#ce893f
9663,NL,#8c974b
9664,DK,#6b8e57
9665,SK,#9d7d4f
9666,SE,#3c8a6a
9667,AM,#d1322e
9668,SK,#9d7d4f
9669,AT,#ae8648
9670,ME,#d1783c
9671,PL,#867f57
9672,BY,#7b7261
9673,HU,#ac7c49
9674,FI,#2b8384
9675,FI,#2b8384
9676,FI,#2b8384
9677,FR,#b49f44
9678,AT,#ae8648
9679,IT,#ce893f
9680,RS,#c17541
9681,DE,#918e4e
9682,NO,#3d8e61
9683,HU,#ac7c49
9684,DK,#6b8e57
9685,HR,#bc8144
9686,FR,#b49f44
9687,SE,#3c8a6a
9688,FI,#2b8384
9689,BG,#c66a3e
9690,IS,#2ca02c
9691,FR,#b49f44
9692,DK,#6b8e57
9693,FR,#b49f44
9694,PL,#867f57
9695,GB,#7fa047
9696,RU,#61667a
9697,IT,#ce893f
9698,DK,#6b8e57
9699,LT,#6e7a64
9700,IT,#ce893f
9701,FI,#2b8384
9702,HR,#bc8144
9703,DE,#918e4e
9704,NO,#3d8e61
9705,IS,#2ca02c
9706,LT,#6e7a64
9707,EE,#507d73
9708,SK,#9d7d4f
9709,PT,#f8bf3f
9710,NO,#3d8e61
9711,CH,#b19246
9712,CH,#b19246
9713,AZ,#cf2a2d
9714,GB,#7fa047
9715,DK,#6b8e57
9716,IS,#2ca02c
9717,NL,#8c974b
9718,HU,#ac7c49
9719,EE,#507d73
9720,RU,#61667a
9721,SE,#3c8a6a
9722,PT,#f8bf3f
9723,IT,#ce893f
9724,RO,#b06e48
9725,DK,#6b8e57
9726,AT,#ae8648
9727,CH,#b19246
9728,FR,#b49f44
9729,IS,#2ca02c
9730,DK,#6b8e57
9731,GE,#c43d39
9732,BA,#c37c41
9733,BY,#7b7261
9734,NO,#3d8e61
9735,IT,#ce893f
9736,CH,#b19246
9737,FR,#b49f44
9738,DK,#6b8e57
9739,IS,#2ca02c
9740,LT,#6e7a64
9741,FI,#2b8384
9742,RO,#b06e48
9743,AT,#ae8648
9744,GE,#c43d39
9745,FI,#2b8384
9746,NL,#8c974b
9747,DK,#6b8e57
9748,DK,#6b8e57
9749,BG,#c66a3e
9750,RU,#61667a
9751,GB,#7fa047
9752,IS,#2ca02c
9753,DE,#918e4e
9754,GB,#7fa047
9755,FR,#b49f44
9756,PL,#867f57
9757,IT,#ce893f
9758,AL,#d87539
9759,GE,#c43d39
9760,NO,#3d8e61
9761,FR,#b49f44
9762,IT,#ce893f
9763,PT,#f8bf3f
9764,PL,#867f57
9765,BG,#c66a3e
9766,GB,#7fa047
9767,LT,#6e7a64
9768,CH,#b19246
9769,NL,#8c974b
9770,HU,#ac7c49
9771,CH,#b19246
9772,IT,#ce893f
9773,FI,#2b8384
9774,NL,#8c974b
9775,NO,#3d8e61
9776,AZ,#cf2a2d
9777,SI,#b58346
9778,AZ,#cf2a2d
9779,SK,#9d7d4f
9780,HR,#bc8144
9781,AM,#d1322e
9782,FI,#2b8384
9783,NL,#8c974b
9784,BA,#c37c41
9785,GB,#7fa047
9786,AM,#d1322e
9787,HR,#bc8144
9788,BG,#c66a3e
9789,AM,#d1322e
9790,RO,#b06e48
9791,CH,#b19246
9792,NO,#3d8e61
9793,RU,#61667a
9794,CZ,#97854f
9795,AM,#d1322e
9796,NO,#3d8e61
9797,FI,#2b8384
9798,NO,#3d8e61
9799,BY,#7b7261
9800,DK,#6b8e57
9801,AL,#d87539
9802,CH,#b19246
9803,DK,#6b8e57
9804,AZ,#cf2a2d
9805,DK,#6b8e57
9806,ES,#eeb33e
9807,IS,#2ca02c
9808,HR,#bc8144
9809,DE,#918e4e
9810,HU,#ac7c49
9811,DE,#918e4e
9812,DK,#6b8e57
9813,HU,#ac7c49
9814,NL,#8c974b
9815,ME,#d1783c
9816,BA,#c37c41
9817,DK,#6b8e57
9818,IS,#2ca02c
9819,SE,#3c8a6a
9820,GB,#7fa047
9821,SK,#9d7d4f
9822,FI,#2b8384
9823,EE,#507d73
9824,SK,#9d7d4f
9825,ES,#eeb33e
9826,CH,#b19246
9827,FR,#b49f44
9828,GE,#c43d39
9829,CH,#b19246
9830,SK,#9d7d4f
9831,SK,#9d7d4f
9832,IT,#ce893f
9833,EE,#507d73
9834,IS,#2ca02c
9835,CH,#b19246
9836,ME,#d1783c
9837,DE,#918e4e
9838,LT,#6e7a64
9839,DK,#6b8e57
9840,DK,#6b8e57
9841,CZ,#97854f
9842,CH,#b19246
9843,IT,#ce893f
9844,AL,#d87539
9845,CH,#b19246
9846,CH,#b19246
9847,BA,#c37c41
9848,PT,#f8bf3f
9849,SK,#9d7d4f
9850,NL,#8c974b
9851,SE,#3c8a6a
9852,DK,#6b8e57
9853,NO,#3d8e61
9854,RU,#61667a
9855,DE,#918e4e
9856,BY,#7b7261
9857,CH,#b19246
9858,IS,#2ca02c
9859,DK,#6b8e57
9860,GE,#c43d39
9861,CH,#b19246
9862,NL,#8c974b
9863,CZ,#97854f
9864,AZ,#cf2a2d
9865,GE,#c43d39
9866,PL,#867f57
9867,FR,#b49f44
9868,GE,#c43d39
9869,RS,#c17541
9870,AL,#d87539
9871,CH,#b19246
9872,GE,#c43d39
9873,CH,#b19246
9874,IS,#2ca02c
9875,AZ,#cf2a2d
9876,GB,#7fa047
9877,GE,#c43d39
9878,GB,#7fa047
9879,AZ,#cf2a2d
9880,FI,#2b8384
9881,NO,#3d8e61
9882,GE,#c43d39
9883,NL,#8c974b
9884,NL,#8c974b
9885,IS,#2ca02c
9886,IT,#ce893f
9887,MK,#d0733c
9888,DK,#6b8e57
9889,IS,#2ca02c
9890,FR,#b49f44
9891,SI,#b58346
9892,RO,#b06e48
9893,ES,#eeb33e
9894,IS,#2ca02c
9895,AL,#d87539
9896,PT,#f8bf3f
9897,CZ,#97854f
9898,AT,#ae8648
9899,CH,#b19246
9900,HR,#bc8144
9901,NL,#8c974b
9902,FR,#b49f44
9903,FR,#b49f44
9904,BA,#c37c41
9905,DK,#6b8e57
9906,AT,#ae8648
9907,MK,#d0733c
9908,PL,#867f57
9909,AT,#ae8648
9910,SI,#b58346
9911,BA,#c37c41
9912,SI,#b58346
9913,AT,#ae8648
9914,AZ,#cf2a2d
9915,GB,#7fa047
9916,MK,#d0733c
9917,BY,#7b7261
9918,RO,#b06e48
9919,MK,#d0733c
9920,BA,#c37c41
9921,FR,#b49f44
9922,DK,#6b8e57
9923,GB,#7fa047
9924,NO,#3d8e61
9925,RO,#b06e48
9926,IS,#2ca02c
9927,CH,#b19246
9928,CZ,#97854f
9929,IT,#ce893f
9930,DK,#6b8e57
9931,GB,#7fa047
9932,DK,#6b8e57
9933,SE,#3c8a6a
9934,BA,#c37c41
9935,PL,#867f57
9936,NO,#3d8e61
9937,CH,#b19246
9938,GE,#c43d39
9939,EE,#507d73
9940,RS,#c17541
9941,NL,#8c974b
9942,SI,#b58346
9943,EE,#507d73
9944,FI,#2b8384
9945,DE,#918e4e
9946,ES,#eeb33e
9947,FR,#b49f44
9948,HR,#bc8144
9949,ES,#eeb33e
9950,PT,#f8bf3f
9951,AT,#ae8648
9952,IT,#ce893f
9953,IS,#2ca02c
9954,GB,#7fa047
9955,NL,#8c974b
9956,CH,#b19246
9957,IS,#2ca02c
9958,CH,#b19246
9959,GB,#7fa047
9960,HR,#bc8144
9961,NL,#8c974b
9962,FI,#2b8384
9963,IT,#ce893f
9964,ES,#eeb33e
9965,HU,#ac7c49
9966,DE,#918e4e
9967,NL,#8c974b
9968,ES,#eeb33e
9969,RU,#61667a
9970,AM,#d1322e
9971,HR,#bc8144
9972,NO,#3d8e61
9973,SI,#b58346
9974,IS,#2ca02c
9975,RO,#b06e48
9976,CH,#b19246
9977,BY,#7b7261
9978,CZ,#97854f
9979,GE,#c43d39
9980,EE,#507d73
9981,SI,#b58346
9982,DE,#918e4e
9983,GB,#7fa047
9984,DK,#6b8e57
9985,MK,#d0733c
9986,AL,#d87539
9987,GE,#c43d39
9988,AL,#d87539
9989,BY,#7b7261
9990,ES,#eeb33e
9991,IS,#2ca02c
9992,DK,#6b8e57
9993,IS,#2ca02c
9994,DK,#6b8e57
9995,ME,#d1783c
9996,GE,#c43d39
9997,RU,#61667a
9998,GE,#c43d39
9999,AL,#d87539
10000,DK,#6b8e57
10001,FI,#2b8384
10002,RO,#b06e48
10003,DK,#6b8e57
10004,RO,#b06e48
10005,AL,#d87539
10006,LT,#6e7a64
10007,HR,#bc8144
10008,DK,#6b8e57
10009,BA,#c37c41
10010,GE,#c43d39
10011,NO,#3d8e61
10012,AL,#d87539
10013,CH,#b19246
10014,HR,#bc8144
10015,HU,#ac7c49
10016,CZ,#97854f
10017,AT,#ae8648
10018,ES,#eeb33e
10019,AM,#d1322e
10020,SI,#b58346
10021,FR,#b49f44
10022,BY,#7b7261
10023,ME,#d1783c
10024,DE,#918e4e
10025,BA,#c37c41
10026,IT,#ce893f
10027,RS,#c17541
10028,CH,#b19246
10029,MK,#d0733c
10030,IT,#ce893f
10031,DK,#6b8e57
10032,AL,#d87539
10033,DK,#6b8e57
10034,PT,#f8bf3f
10035,SK,#9d7d4f
10036,NO,#3d8e61
10037,RU,#61667a
10038,SK,#9d7d4f
10039,PT,#f8bf3f
10040,SK,#9d7d4f
10041,AM,#d1322e
10042,PL,#867f57
10043,NO,#3d8e61
10044,PT,#f8bf3f
10045,EE,#507d73
10046,CH,#b19246
10047,NL,#8c974b
10048,RO,#b06e48
10049,LT,#6e7a64
10050,HU,#ac7c49
10051,AM,#d1322e
10052,DK,#6b8e57
10053,GB,#7fa047
10054,AM,#d1322e
10055,DK,#6b8e57
10056,SI,#b58346
10057,PL,#867f57
10058,HR,#bc8144
10059,AZ,#cf2a2d
10060,IS,#2ca02c
10061,PL,#867f57
10062,RS,#c17541
10063,HU,#ac7c49
10064,MK,#d0733c
10065,DE,#918e4e
10066,CH,#b19246
10067,DK,#6b8e57
10068,DE,#918e4e
10069,AM,#d1322e
10070,NL,#8c974b
10071,GB,#7fa047
10072,GE,#c43d39
10073,CZ,#97854f
10074,SK,#9d7d4f
10075,GB,#7fa047
10076,FR,#b49f44
10077,ES,#eeb33e
10078,RU,#61667a
10079,CZ,#97854f
10080,RU,#61667a
10081,SE,#3c8a6a
10082,DK,#6b8e57
10083,FI,#2b8384
10084,BG,#c66a3e
10085,RO,#b06e48
10086,NL,#8c974b
10087,CZ,#97854f
10088,GB,#7fa047
10089,MK,#d0733c
10090,BY,#7b7261
10091,RU,#61667a
10092,BY,#7b7261
10093,SI,#b58346
10094,GB,#7fa047
10095,DK,#6b8e57
10096,GB,#7fa047
10097,CH,#b19246
10098,DK,#6b8e57
10099,MK,#d0733c
10100,IT,#ce893f
10101,IT,#ce893f
10102,FI,#2b8384
10103,DK,#6b8e57
10104,AT,#ae8648
10105,RS,#c17541
10106,BY,#7b7261
10107,CH,#b19246
10108,ES,#eeb33e
10109,AM,#d1322e
10110,RU,#61667a
10111,AT,#ae8648
10112,SK,#9d7d4f
10113,DK,#6b8e57
10114,FI,#2b8384
10115,SE,#3c8a6a
10116,AT,#ae8648
10117,IT,#ce893f
10118,FI,#2b8384
10119,CH,#b19246
10120,MK,#d0733c
10121,HU,#ac7c49
10122,NO,#3d8e61
10123,AT,#ae8648
10124,NL,#8c974b
10125,SI,#b58346
10126,CH,#b19246
10127,RS,#c17541
10128,HR,#bc8144
10129,CZ,#97854f
10130,AT,#ae8648
10131,RS,#c17541
10132,DK,#6b8e57
10133,SK,#9d7d4f
10134,AT,#ae8648
10135,GB,#7fa047
10136,AM,#d1322e
10137,DK,#6b8e57
10138,BA,#c37c41
10139,BY,#7b7261
10140,BY,#7b7261
10141,IS,#2ca02c
10142,DK,#6b8e57
10143,AT,#ae8648
10144,DK,#6b8e57
10145,RS,#c17541
10146,DE,#918e4e
10147,BY,#7b7261
10148,AL,#d87539
10149,CH,#b19246
10150,ME,#d1783c
10151,BY,#7b7261
10152,PT,#f8bf3f
10153,EE,#507d73
10154,BA,#c37c41
10155,LT,#6e7a64
10156,CZ,#97854f
10157,GB,#7fa047
10158,BG,#c66a3e
10159,CH,#b19246
10160,GE,#c43d39
10161,NL,#8c974b
10162,RS,#c17541
10163,NL,#8c974b
10164,NO,#3d8e61
10165,RO,#b06e48
10166,BY,#7b7261
10167,FI,#2b8384
10168,GB,#7fa047
10169,AT,#ae8648
10170,IS,#2ca02c
10171,CH,#b19246
10172,MK,#d0733c
10173,DK,#6b8e57
10174,SE,#3c8a6a
10175,HU,#ac7c49
10176,CZ,#97854f
10177,PT,#f8bf3f
10178,DK,#6b8e57
10179,RO,#b06e48
10180,NL,#8c974b
10181,GB,#7fa047
10182,NL,#8c974b
10183,GB,#7fa047
10184,NL,#8c974b
10185,CH,#b19246
10186,IT,#ce893f
10187,AT,#ae8648
10188,DK,#6b8e57
10189,AT,#ae8648
10190,DE,#918e4e
10191,CZ,#97854f
10192,PL,#867f57
10193,HR,#bc8144
10194,HU,#ac7c49
10195,ES,#eeb33e
10196,CH,#b19246
10197,NL,#8c974b
10198,GB,#7fa047
10199,DK,#6b8e57
10200,CH,#b19246
10201,FR,#b49f44
10202,GB,#7fa047
10203,BA,#c37c41
10204,CH,#b19246
10205,RU,#61667a
10206,CZ,#97854f
10207,ME,#d1783c
10208,CH,#b19246
10209,BG,#c66a3e
10210,FR,#b49f44
10211,IS,#2ca02c
10212,PT,#f8bf3f
10213,HU,#ac7c49
10214,BY,#7b7261
10215,NO,#3d8e61
10216,PT,#f8bf3f
10217,HU,#ac7c49
10218,CZ,#97854f
10219,CH,#b19246
10220,NO,#3d8e61
10221,AM,#d1322e
10222,ES,#eeb33e
10223,RS,#c17541
10224,HU,#ac7c49
10225,FI,#2b8384
10226,DE,#918e4e
10227,IS,#2ca02c
10228,LT,#6e7a64
10229,CH,#b19246
10230,DK,#6b8e57
10231,CH,#b19246
10232,AL,#d87539
10233,NL,#8c974b
10234,ME,#d1783c
10235,RO,#b06e48
10236,CH,#b19246
10237,NO,#3d8e61
10238,CH,#b19246
10239,DK,#6b8e57
10240,PT,#f8bf3f
10241,HU,#ac7c49
10242,RS,#c17541
10243,SI,#b58346
10244,NO,#3d8e61
10245,NL,#8c974b
10246,SE,#3c8a6a
10247,AZ,#cf2a2d
10248,EE,#507d73
10249,BG,#c66a3e
10250,GE,#c43d39
10251,DK,#6b8e57
10252,BG,#c66a3e
10253,BA,#c37c41
10254,ME,#d1783c
10255,DK,#6b8e57
10256,AL,#d87539
10257,DK,#6b8e57
10258,IS,#2ca02c
10259,IS,#2ca02c
10260,IS,#2ca02c
10261,DE,#918e4e
10262,PT,#f8bf3f
10263,RU,#61667a
10264,AT,#ae8648
10265,GE,#c43d39
10266,IS,#2ca02c
10267,NL,#8c974b
10268,NO,#3d8e61
10269,SK,#9d7d4f
10270,CH,#b19246
10271,MK,#d0733c
10272,RU,#61667a
10273,BY,#7b7261
10274,FR,#b49f44
10275,LT,#6e7a64
10276,AT,#ae8648
10277,RU,#61667a
10278,DK,#6b8e57
10279,AM,#d1322e
10280,CH,#b19246
10281,FI,#2b8384
10282,NL,#8c974b
10283,RS,#c17541
10284,IT,#ce893f
10285,CH,#b19246
10286,DE,#918e4e
10287,MK,#d0733c
10288,CH,#b19246
10289,AZ,#cf2a2d
10290,CZ,#97854f
10291,LT,#6e7a64
10292,FR,#b49f44
10293,BA,#c37c41
10294,RS,#c17541
10295,EE,#507d73
10296,DE,#918e4e
10297,CZ,#97854f
10298,CH,#b19246
10299,IS,#2ca02c
10300,IS,#2ca02c
10301,IS,#2ca02c
10302,NO,#3d8e61
10303,SE,#3c8a6a
10304,GE,#c43d39
10305,SI,#b58346
10306,HU,#ac7c49
10307,DK,#6b8e57
10308,DK,#6b8e57
10309,GE,#c43d39
10310,BA,#c37c41
10311,CH,#b19246
10312,AT,#ae8648
10313,BY,#7b7261
10314,RS,#c17541
10315,GE,#c43d39
10316,CH,#b19246
10317,DK,#6b8e57
10318,CZ,#97854f
10319,NL,#8c974b
10320,HR,#bc8144
10321,NO,#3d8e61
10322,DE,#918e4e
10323,LT,#6e7a64
10324,GB,#7fa047
10325,FI,#2b8384
10326,CH,#b19246
10327,CH,#b19246
10328,AT,#ae8648
10329,NL,#8c974b
10330,AM,#d1322e
10331,HR,#bc8144
10332,BY,#7b7261
10333,LT,#6e7a64
10334,FI,#2b8384
10335,FR,#b49f44
10336,BA,#c37c41
10337,HU,#ac7c49
10338,BG,#c66a3e
10339,HR,#bc8144
10340,HR,#bc8144
10341,FR,#b49f44
10342,SI,#b58346
10343,EE,#507d73
10344,FR,#b49f44
10345,SK,#9d7d4f
10346,RU,#61667a
10347,DK,#6b8e57
10348,CZ,#97854f
10349,NL,#8c974b
10350,HU,#ac7c49
10351,SK,#9d7d4f
10352,CZ,#97854f
10353,DK,#6b8e57
10354,HR,#bc8144
10355,NL,#8c974b
10356,CH,#b19246
10357,MK,#d0733c
10358,NL,#8c974b
10359,DE,#918e4e
10360,DK,#6b8e57
10361,HR,#bc8144
10362,CH,#b19246
10363,NL,#8c974b
10364,GE,#c43d39
10365,GB,#7fa047
10366,HU,#ac7c49
10367,NO,#3d8e61
10368,DE,#918e4e
10369,FR,#b49f44
10370,CZ,#97854f
10371,LT,#6e7a64
10372,HR,#bc8144
10373,HR,#bc8144
10374,CH,#b19246
10375,LT,#6e7a64
10376,DE,#918e4e
10377,AM,#d1322e
10378,LT,#6e7a64
10379,AM,#d1322e
10380,BG,#c66a3e
10381,ME,#d1783c
10382,ES,#eeb33e
10383,FR,#b49f44
10384,CH,#b19246
10385,GB,#7fa047
10386,PL,#867f57
10387,DK,#6b8e57
10388,SK,#9d7d4f
10389,SK,#9d7d4f
10390,HR,#bc8144
10391,MK,#d0733c
10392,CH,#b19246
10393,AT,#ae8648
10394,CH,#b19246
10395,IS,#2ca02c
10396,IS,#2ca02c
10397,PL,#867f57
10398,DK,#6b8e57
10399,AM,#d1322e
10400,SK,#9d7d4f
10401,AT,#ae8648
10402,RS,#c17541
10403,PT,#f8bf3f
10404,GB,#7fa047
10405,CH,#b19246
10406,FR,#b49f44
10407,GB,#7fa047
10408,AM,#d1322e
10409,RU,#61667a
10410,ES,#eeb33e
10411,GB,#7fa047
10412,NL,#8c974b
10413,SK,#9d7d4f
10414,PL,#867f57
10415,DK,#6b8e57
10416,IT,#ce893f
10417,BA,#c37c41
10418,AM,#d1322e
10419,GE,#c43d39
10420,NL,#8c974b
10421,NO,#3d8e61
10422,SE,#3c8a6a
10423,IT,#ce893f
10424,CH,#b19246
10425,AM,#d1322e
10426,AL,#d87539
10427,DK,#6b8e57
10428,BG,#c66a3e
10429,RU,#61667a
10430,AT,#ae8648
10431,FR,#b49f44
10432,SE,#3c8a6a
10433,NL,#8c974b
10434,MK,#d0733c
10435,SI,#b58346
10436,NL,#8c974b
10437,RU,#61667a
10438,DE,#918e4e
10439,BY,#7b7261
10440,LT,#6e7a64
10441,SI,#b58346
10442,HU,#ac7c49
10443,RO,#b06e48
10444,DE,#918e4e
10445,HU,#ac7c49
10446,HU,#ac7c49
10447,EE,#507d73
10448,DK,#6b8e57
10449,GB,#7fa047
10450,AM,#d1322e
10451,SI,#b58346
10452,IS,#2ca02c
10453,PT,#f8bf3f
10454,GB,#7fa047
10455,GB,#7fa047
10456,AT,#ae8648
10457,IS,#2ca02c
10458,SI,#b58346
10459,FR,#b49f44
10460,ES,#eeb33e
10461,AL,#d87539
10462,PT,#f8bf3f
10463,HU,#ac7c49
10464,EE,#507d73
10465,SE,#3c8a6a
10466,GB,#7fa047
10467,IS,#2ca02c
10468,NL,#8c974b
10469,CH,#b19246
10470,BY,#7b7261
10471,SE,#3c8a6a
10472,DK,#6b8e57
10473,NO,#3d8e61
10474,FR,#b49f44
10475,CZ,#97854f
10476,DK,#6b8e57
10477,PT,#f8bf3f
10478,HR,#bc8144
10479,IS,#2ca02c
10480,DK,#6b8e57
10481,RU,#61667a
10482,NO,#3d8e61
10483,BG,#c66a3e
10484,DK,#6b8e57
10485,FR,#b49f44
10486,ES,#eeb33e
10487,LT,#6e7a64
10488,IT,#ce893f
10489,DK,#6b8e57
10490,AM,#d1322e
10491,GB,#7fa047
10492,RO,#b06e48
10493,DK,#6b8e57
10494,SK,#9d7d4f
10495,CH,#b19246
10496,HU,#ac7c49
10497,BA,#c37c41
10498,BG,#c66a3e
10499,GB,#7fa047
10500,ME,#d1783c
10501,ES,#eeb33e
10502,NL,#8c974b
10503,FI,#2b8384
10504,DK,#6b8e57
10505,AZ,#cf2a2d
10506,PL,#867f57
10507,DE,#918e4e
10508,CH,#b19246
10509,DE,#918e4e
10510,PL,#867f57
10511,SI,#b58346
10512,AT,#ae8648
10513,DK,#6b8e57
10514,GB,#7fa047
10515,EE,#507d73
10516,AL,#d87539
10517,IS,#2ca02c
10518,FI,#2b8384
10519,DK,#6b8e57
10520,NL,#8c974b
10521,BA,#c37c41
10522,AZ,#cf2a2d
10523,NL,#8c974b
10524,GB,#7fa047
10525,AZ,#cf2a2d
10526,HU,#ac7c49
10527,DE,#918e4e
10528,PL,#867f57
10529,FI,#2b8384
10530,PT,#f8bf3f
10531,CH,#b19246
10532,GE,#c43d39
10533,GE,#c43d39
10534,BG,#c66a3e
10535,BG,#c66a3e
10536,DK,#6b8e57
10537,RO,#b06e48
10538,AM,#d1322e
10539,IS,#2ca02c
10540,CH,#b19246
10541,IS,#2ca02c
10542,DK,#6b8e57
10543,PT,#f8bf3f
10544,PL,#867f57
10545,HR,#bc8144
10546,SE,#3c8a6a
10547,DE,#918e4e
10548,SK,#9d7d4f
10549,IS,#2ca02c
10550,LT,#6e7a64
10551,IS,#2ca02c
10552,IT,#ce893f
10553,IT,#ce893f
10554,HU,#ac7c49
10555,DE,#918e4e
10556,IT,#ce893f
10557,PL,#867f57
10558,LT,#6e7a64
10559,RU,#61667a
10560,BY,#7b7261
10561,SI,#b58346
10562,NO,#3d8e61
10563,MK,#d0733c
10564,ES,#eeb33e
10565,DE,#918e4e
10566,IS,#2ca02c
10567,DK,#6b8e57
10568,RS,#c17541
10569,AL,#d87539
10570,CH,#b19246
10571,LT,#6e7a64
10572,BG,#c66a3e
10573,FI,#2b8384
10574,AL,#d87539
10575,PL,#867f57
10576,NL,#8c974b
10577,FR,#b49f44
10578,AT,#ae8648
10579,RU,#61667a
10580,NO,#3d8e61
10581,PL,#867f57
10582,GE,#c43d39
10583,GB,#7fa047
10584,GE,#c43d39
10585,GB,#7fa047
10586,RO,#b06e48
10587,NL,#8c974b
10588,RU,#61667a
10589,DE,#918e4e
10590,HR,#bc8144
10591,DK,#6b8e57
10592,BA,#c37c41
10593,RU,#61667a
10594,DK,#6b8e57
10595,SE,#3c8a6a
10596,IT,#ce893f
10597,GE,#c43d39
10598,PT,#f8bf3f
10599,DK,#6b8e57
10600,AL,#d87539
10601,PL,#867f57
10602,PL,#867f57
10603,ME,#d1783c
10604,PT,#f8bf3f
10605,GB,#7fa047
10606,DK,#6b8e57
10607,AL,#d87539
10608,HR,#bc8144
10609,GB,#7fa047
10610,DK,#6b8e57
10611,AT,#ae8648
10612,RU,#61667a
10613,ME,#d1783c
10614,HR,#bc8144
10615,SE,#3c8a6a
10616,CH,#b19246
10617,DK,#6b8e57
10618,PT,#f8bf3f
10619,IT,#ce893f
10620,AT,#ae8648
10621,LT,#6e7a64
10622,DK,#6b8e57
10623,DK,#6b8e57
10624,BY,#7b7261
10625,SK,#9d7d4f
10626,FI,#2b8384
10627,DK,#6b8e57
10628,CZ,#97854f
10629,DK,#6b8e57
10630,BA,#c37c41
10631,DK,#6b8e57
10632,BA,#c37c41
10633,IT,#ce893f
10634,CH,#b19246
10635,RU,#61667a
10636,EE,#507d73
10637,CH,#b19246
10638,HR,#bc8144
10639,GB,#7fa047
10640,AT,#ae8648
10641,DE,#918e4e
10642,FR,#b49f44
10643,SK,#9d7d4f
10644,AL,#d87539
10645,BG,#c66a3e
10646,GE,#c43d39
10647,AM,#d1322e
10648,DK,#6b8e57
10649,ES,#eeb33e
10650,ES,#eeb33e
10651,AT,#ae8648
10652,GB,#7fa047
10653,GE,#c43d39
10654,NO,#3d8e61
10655,NL,#8c974b
10656,DK,#6b8e57
10657,NL,#8c974b
10658,RU,#61667a
10659,AM,#d1322e
10660,AM,#d1322e
10661,BG,#c66a3e
10662,DK,#6b8e57
10663,BA,#c37c41
10664,CH,#b19246
10665,RS,#c17541
10666,DK,#6b8e57
10667,SE,#3c8a6a
10668,PL,#867f57
10669,DK,#6b8e57
10670,IT,#ce893f
10671,RS,#c17541
10672,AM,#d1322e
10673,BA,#c37c41
10674,ME,#d1783c
10675,CH,#b19246
10676,CH,#b19246
10677,PL,#867f57
10678,ES,#eeb33e
10679,AT,#ae8648
10680,AM,#d1322e
10681,RS,#c17541
10682,DK,#6b8e57
10683,AL,#d87539
10684,HR,#bc8144
10685,ME,#d1783c
10686,IS,#2ca02c
10687,CH,#b19246
10688,DK,#6b8e57
10689,MK,#d0733c
10690,HU,#ac7c49
10691,GE,#c43d39
10692,HU,#ac7c49
10693,BY,#7b7261
10694,PT,#f8bf3f
10695,BY,#7b7261
10696,ES,#eeb33e
10697,PL,#867f57
10698,AT,#ae8648
10699,NL,#8c974b
10700,CZ,#97854f
10701,IS,#2ca02c
10702,DK,#6b8e57
10703,MK,#d0733c
10704,IS,#2ca02c
10705,FI,#2b8384
10706,AZ,#cf2a2d
10707,DE,#918e4e
10708,DE,#918e4e
10709,PL,#867f57
10710,IT,#ce893f
10711,SE,#3c8a6a
10712,CH,#b19246
10713,NO,#3d8e61
10714,CH,#b19246
10715,CH,#b19246
10716,GE,#c43d39
10717,SE,#3c8a6a
10718,SI,#b58346
10719,AM,#d1322e
10720,DK,#6b8e57
10721,AT,#ae8648
10722,BA,#c37c41
10723,AT,#ae8648
10724,CZ,#97854f
10725,AT,#ae8648
10726,GE,#c43d39
10727,IS,#2ca02c
10728,AL,#d87539
10729,RO,#b06e48
10730,RO,#b06e48
10731,AL,#d87539
10732,GE,#c43d39
10733,SK,#9d7d4f
10734,DK,#6b8e57
10735,GE,#c43d39
10736,DK,#6b8e57
10737,FI,#2b8384
10738,HR,#bc8144
10739,DK,#6b8e57
10740,PT,#f8bf3f
10741,FR,#b49f44
10742,GB,#7fa047
10743,IT,#ce893f
10744,BY,#7b7261
10745,CZ,#97854f
10746,CH,#b19246
10747,PT,#f8bf3f
10748,CZ,#97854f
10749,HU,#ac7c49
10750,GB,#7fa047
10751,PT,#f8bf3f
10752,BA,#c37c41
10753,CZ,#97854f
10754,RO,#b06e48
10755,HR,#bc8144
10756,SI,#b58346
10757,SI,#b58346
10758,IT,#ce893f
10759,FI,#2b8384
10760,LT,#6e7a64
10761,RO,#b06e48
10762,NL,#8c974b
10763,AT,#ae8648
10764,GE,#c43d39
10765,PT,#f8bf3f
10766,HR,#bc8144
10767,DK,#6b8e57
10768,HR,#bc8144
10769,DK,#6b8e57
10770,GB,#7fa047
10771,DK,#6b8e57
10772,NL,#8c974b
10773,RS,#c17541
10774,FI,#2b8384
10775,PL,#867f57
10776,ES,#eeb33e
10777,IT,#ce893f
10778,BA,#c37c41
10779,NO,#3d8e61
10780,EE,#507d73
10781,NL,#8c974b
10782,CH,#b19246
10783,DK,#6b8e57
10784,CH,#b19246
10785,DE,#918e4e
10786,AM,#d1322e
10787,DK,#6b8e57
10788,CH,#b19246
10789,DK,#6b8e57
10790,RS,#c17541
10791,AT,#ae8648
10792,ES,#eeb33e
10793,HR,#bc8144
10794,IS,#2ca02c
10795,DE,#918e4e
10796,CH,#b19246
10797,FI,#2b8384
10798,MK,#d0733c
10799,GE,#c43d39
10800,HU,#ac7c49
10801,HR,#bc8144
10802,DE,#918e4e
10803,CZ,#97854f
10804,GE,#c43d39
10805,DE,#918e4e
10806,DK,#6b8e57
10807,BY,#7b7261
10808,BY,#7b7261
10809,HR,#bc8144
10810,LT,#6e7a64
10811,SK,#9d7d4f
10812,NO,#3d8e61
10813,DK,#6b8e57
10814,RU,#61667a
10815,FI,#2b8384
10816,RS,#c17541
10817,HR,#bc8144
10818,CZ,#97854f
10819,GB,#7fa047
10820,FI,#2b8384
10821,DK,#6b8e57
10822,FR,#b49f44
10823,FI,#2b8384
10824,RO,#b06e48
10825,DK,#6b8e57
10826,AZ,#cf2a2d
10827,IT,#ce893f
10828,RO,#b06e48
10829,HU,#ac7c49
10830,AM,#d1322e
10831,ES,#eeb33e
10832,IT,#ce893f
10833,PL,#867f57
10834,BA,#c37c41
10835,HR,#bc8144
10836,RU,#61667a
10837,AL,#d87539
10838,CH,#b19246
10839,DK,#6b8e57
10840,NL,#8c974b
10841,SI,#b58346
10842,NL,#8c974b
10843,PL,#867f57
10844,CH,#b19246
10845,RS,#c17541
10846,HR,#bc8144
10847,AZ,#cf2a2d
10848,PL,#867f57
10849,IS,#2ca02c
10850,ME,#d1783c
10851,CH,#b19246
10852,CH,#b19246
10853,CH,#b19246
10854,EE,#507d73
10855,CZ,#97854f
10856,BG,#c66a3e
10857,BA,#c37c41
10858,IT,#ce893f
10859,RS,#c17541
10860,GE,#c43d39
10861,GB,#7fa047
10862,DK,#6b8e57
10863,DK,#6b8e57
10864,SK,#9d7d4f
10865,AM,#d1322e
10866,NO,#3d8e61
10867,EE,#507d73
10868,GE,#c43d39
10869,HR,#bc8144
10870,DK,#6b8e57
10871,LT,#6e7a64
10872,RO,#b06e48
10873,DK,#6b8e57
10874,RO,#b06e48
10875,DE,#918e4e
10876,SI,#b58346
10877,AZ,#cf2a2d
10878,AL,#d87539
10879,AM,#d1322e
10880,CZ,#97854f
10881,DE,#918e4e
10882,CZ,#97854f
10883,PT,#f8bf3f
10884,RU,#61667a
10885,FI,#2b8384
10886,GB,#7fa047
10887,HR,#bc8144
10888,CZ,#97854f
10889,AL,#d87539
10890,GE,#c43d39
10891,HR,#bc8144
10892,NO,#3d8e61
10893,HR,#bc8144
10894,IS,#2ca02c
10895,BG,#c66a3e
10896,AZ,#cf2a2d
10897,SK,#9d7d4f
10898,RO,#b06e48
10899,AL,#d87539
10900,DE,#918e4e
10901,FI,#2b8384
10902,EE,#507d73
10903,FR,#b49f44
10904,MK,#d0733c
10905,AL,#d87539
10906,LT,#6e7a64
10907,AM,#d1322e
10908,SI,#b58346
10909,CZ,#97854f
10910,NO,#3d8e61
10911,DK,#6b8e57
10912,HU,#ac7c49
10913,AL,#d87539
10914,CH,#b19246
10915,AL,#d87539
10916,EE,#507d73
10917,IS,#2ca02c
10918,SI,#b58346
10919,DK,#6b8e57
10920,BA,#c37c41
10921,AT,#ae8648
10922,NL,#8c974b
10923,CH,#b19246
10924,EE,#507d73
10925,AT,#ae8648
10926,GB,#7fa047
10927,AT,#ae8648
10928,AT,#ae8648
10929,DK,#6b8e57
10930,DE,#918e4e
10931,HR,#bc8144
10932,FR,#b49f44
10933,IT,#ce893f
10934,SE,#3c8a6a
10935,SI,#b58346
10936,CZ,#97854f
10937,DK,#6b8e57
10938,DK,#6b8e57
10939,DK,#6b8e57
10940,FR,#b49f44
10941,AT,#ae8648
10942,MK,#d0733c
10943,RO,#b06e48
10944,DK,#6b8e57
10945,GB,#7fa047
10946,NL,#8c974b
10947,GB,#7fa047
10948,PL,#867f57
10949,EE,#507d73
10950,DK,#6b8e57
10951,AM,#d1322e
10952,BY,#7b7261
10953,AT,#ae8648
10954,RS,#c17541
10955,CH,#b19246
10956,BA,#c37c41
10957,GE,#c43d39
10958,DK,#6b8e57
10959,LT,#6e7a64
10960,BA,#c37c41
10961,DK,#6b8e57
10962,RS,#c17541
10963,NL,#8c974b
10964,BY,#7b7261
10965,GB,#7fa047
10966,RU,#61667a
10967,PL,#867f57
10968,FR,#b49f44
10969,BA,#c37c41
10970,GE,#c43d39
10971,AM,#d1322e
10972,DE,#918e4e
10973,IS,#2ca02c
10974,SE,#3c8a6a
10975,ES,#eeb33e
10976,FI,#2b8384
10977,NO,#3d8e61
10978,AM,#d1322e
10979,ES,#eeb33e
10980,AT,#ae8648
10981,CH,#b19246
10982,SE,#3c8a6a
10983,GE,#c43d39
10984,RO,#b06e48
10985,SI,#b58346
10986,SK,#9d7d4f
10987,AL,#d87539
10988,GE,#c43d39
10989,GB,#7fa047
10990,NO,#3d8e61
10991,RU,#61667a
10992,RU,#61667a
10993,AL,#d87539
10994,SI,#b58346
10995,GB,#7fa047
10996,LT,#6e7a64
10997,HR,#bc8144
10998,MK,#d0733c
10999,DE,#918e4e
11000,IT,#ce893f
11001,SK,#9d7d4f
11002,AT,#ae8648
11003,RS,#c17541
11004,DK,#6b8e57
11005,LT,#6e7a64
11006,PL,#867f57
11007,EE,#507d73
11008,AZ,#cf2a2d
11009,BA,#c37c41
11010,GE,#c43d39
11011,FR,#b49f44
11012,BG,#c66a3e
11013,RU,#61667a
11014,PT,#f8bf3f
11015,IT,#ce893f
11016,SE,#3c8a6a
11017,PT,#f8bf3f
11018,HR,#bc8144
11019,RS,#c17541
11020,CH,#b19246
11021,CH,#b19246
11022,CZ,#97854f
11023,GB,#7fa047
11024,FR,#b49f44
11025,IS,#2ca02c
11026,DK,#6b8e57
11027,SI,#b58346
11028,CZ,#97854f
11029,AT,#ae8648
11030,AL,#d87539
11031,SI,#b58346
11032,BA,#c37c41
11033,AT,#ae8648
11034,BA,#c37c41
11035,RS,#c17541
11036,CH,#b19246
11037,MK,#d0733c
11038,IT,#ce893f
11039,NL,#8c974b
11040,SE,#3c8a6a
11041,BG,#c66a3e
11042,BA,#c37c41
11043,DK,#6b8e57
11044,GE,#c43d39
11045,IT,#ce893f
11046,AZ,#cf2a2d
11047,IT,#ce893f
11048,RS,#c17541
11049,AL,#d87539
11050,RO,#b06e48
11051,PL,#867f57
11052,ME,#d1783c
11053,CZ,#97854f
11054,GB,#7fa047
11055,GE,#c43d39
11056,BA,#c37c41
11057,BY,#7b7261
11058,SE,#3c8a6a
11059,CH,#b19246
11060,FR,#b49f44
11061,IS,#2ca02c
11062,EE,#507d73
11063,GB,#7fa047
11064,SE,#3c8a6a
11065,EE,#507d73
11066,NO,#3d8e61
11067,FI,#2b8384
11068,CH,#b19246
11069,SE,#3c8a6a
11070,SI,#b58346
11071,BY,#7b7261
11072,AM,#d1322e
11073,GB,#7fa047
11074,SE,#3c8a6a
11075,RO,#b06e48
11076,DE,#918e4e
11077,AT,#ae8648
11078,RU,#61667a
11079,NO,#3d8e61
11080,DK,#6b8e57
11081,AL,#d87539
11082,HU,#ac7c49
11083,CH,#b19246
11084,AL,#d87539
11085,DE,#918e4e
11086,DK,#6b8e57
11087,SE,#3c8a6a
11088,NL,#8c974b
11089,AZ,#cf2a2d
11090,NL,#8c974b
11091,PL,#867f57
11092,BA,#c37c41
11093,DK,#6b8e57
11094,DE,#918e4e
11095,CZ,#97854f
11096,IS,#2ca02c
11097,IT,#ce893f
11098,HU,#ac7c49
11099,FR,#b49f44
11100,FI,#2b8384
11101,IT,#ce893f
11102,DK,#6b8e57
11103,AZ,#cf2a2d
11104,AT,#ae8648
11105,MK,#d0733c
11106,IS,#2ca02c
11107,HU,#ac7c49
11108,FI,#2b8384
11109,BA,#c37c41
11110,CZ,#97854f
11111,CH,#b19246
11112,NL,#8c974b
11113,SE,#3c8a6a
11114,IT,#ce893f
11115,SE,#3c8a6a
11116,DK,#6b8e57
11117,FI,#2b8384
11118,GE,#c43d39
11119,HU,#ac7c49
11120,NL,#8c974b
11121,NO,#3d8e61
11122,SI,#b58346
11123,LT,#6e7a64
11124,SE,#3c8a6a
11125,FI,#2b8384
11126,RU,#61667a
11127,AT,#ae8648
11128,DK,#6b8e57
11129,SE,#3c8a6a
11130,RS,#c17541
11131,DK,#6b8e57
11132,CH,#b19246
11133,FI,#2b8384
11134,DK,#6b8e57
11135,CH,#b19246
11136,AM,#d1322e
11137,RU,#61667a
11138,NL,#8c974b
11139,DK,#6b8e57
11140,BG,#c66a3e
11141,AZ,#cf2a2d
11142,AT,#ae8648
11143,AM,#d1322e
11144,GB,#7fa047
11145,NO,#3d8e61
11146,HR,#bc8144
11147,AL,#d87539
11148,AM,#d1322e
11149,CH,#b19246
11150,CH,#b19246
11151,IS,#2ca02c
11152,HU,#ac7c49
11153,CH,#b19246
11154,DE,#918e4e
11155,SK,#9d7d4f
11156,DK,#6b8e57
11157,RS,#c17541
11158,AL,#d87539
11159,GE,#c43d39
11160,CZ,#97854f
11161,SE,#3c8a6a
11162,CH,#b19246
11163,HR,#bc8144
11164,GB,#7fa047
11165,CH,#b19246
11166,ES,#eeb33e
11167,GB,#7fa047
11168,EE,#507d73
11169,NL,#8c974b
11170,FR,#b49f44
11171,MK,#d0733c
11172,AT,#ae8648
11173,FR,#b49f44
11174,IT,#ce893f
11175,DE,#918e4e
11176,AL,#d87539
11177,FI,#2b8384
11178,NO,#3d8e61
11179,ME,#d1783c
11180,DK,#6b8e57
11181,SI,#b58346
11182,SE,#3c8a6a
11183,NL,#8c974b
11184,CH,#b19246
11185,CH,#b19246
11186,GB,#7fa047
11187,DK,#6b8e57
11188,GB,#7fa047
11189,CH,#b19246
11190,DK,#6b8e57
11191,RS,#c17541
11192,DK,#6b8e57
11193,NL,#8c974b
11194,FI,#2b8384
11195,MK,#d0733c
11196,SE,#3c8a6a
11197,CZ,#97854f
11198,DK,#6b8e57
11199,DK,#6b8e57
11200,EE,#507d73
11201,AM,#d1322e
11202,SI,#b58346
11203,HU,#ac7c49
11204,NL,#8c974b
11205,CH,#b19246
11206,IT,#ce893f
11207,BY,#7b7261
11208,DK,#6b8e57
11209,CH,#b19246
11210,GE,#c43d39
11211,RS,#c17541
11212,DE,#918e4e
11213,BG,#c66a3e
11214,GE,#c43d39
11215,DE,#918e4e
11216,CZ,#97854f
11217,ME,#d1783c
11218,GB,#7fa047
11219,HU,#ac7c49
11220,DK,#6b8e57
11221,NO,#3d8e61
11222,DK,#6b8e57
11223,BY,#7b7261
11224,AZ,#cf2a2d
11225,IT,#ce893f
11226,CZ,#97854f
11227,DK,#6b8e57
11228,NL,#8c974b
11229,DE,#918e4e
11230,SE,#3c8a6a
11231,MK,#d0733c
11232,DE,#918e4e
11233,AM,#d1322e
11234,BY,#7b7261
11235,FR,#b49f44
11236,AL,#d87539
11237,SE,#3c8a6a
11238,AT,#ae8648
11239,RS,#c17541
11240,CZ,#97854f
11241,MK,#d0733c
11242,BY,#7b7261
11243,NL,#8c974b
11244,CZ,#97854f
11245,CH,#b19246
11246,DE,#918e4e
11247,SK,#9d7d4f
11248,BA,#c37c41
11249,CH,#b19246
11250,AT,#ae8648
11251,DE,#918e4e
11252,CH,#b19246
11253,RO,#b06e48
11254,AM,#d1322e
11255,NO,#3d8e61
11256,DK,#6b8e57
11257,DK,#6b8e57
11258,DK,#6b8e57
11259,ES,#eeb33e
11260,IS,#2ca02c
11261,DK,#6b8e57
11262,GE,#c43d39
11263,GB,#7fa047
11264,DK,#6b8e57
11265,RU,#61667a
11266,NO,#3d8e61
11267,AT,#ae8648
11268,DK,#6b8e57
11269,GE,#c43d39
11270,SI,#b58346
11271,IT,#ce893f
11272,NO,#3d8e61
11273,RO,#b06e48
11274,GB,#7fa047
11275,AT,#ae8648
11276,EE,#507d73
11277,AL,#d87539
11278,NL,#8c974b
11279,CH,#b19246
11280,DE,#918e4e
11281,DE,#918e4e
11282,SE,#3c8a6a
11283,DK,#6b8e57
11284,SE,#3c8a6a
11285,RU,#61667a
11286,DK,#6b8e57
11287,HU,#ac7c49
11288,SK,#9d7d4f
11289,GE,#c43d39
11290,DK,#6b8e57
11291,IT,#ce893f
11292,CH,#b19246
11293,RO,#b06e48
11294,CH,#b19246
11295,RO,#b06e48
11296,LT,#6e7a64
11297,DK,#6b8e57
11298,GB,#7fa047
11299,NO,#3d8e61
11300,GE,#c43d39
11301,FR,#b49f44
11302,DE,#918e4e
11303,HU,#ac7c49
11304,ME,#d1783c
11305,SE,#3c8a6a
11306,GB,#7fa047
11307,AM,#d1322e
11308,NL,#8c974b
11309,GB,#7fa047
11310,MK,#d0733c
11311,AM,#d1322e
11312,AZ,#cf2a2d
11313,FR,#b49f44
11314,IT,#ce893f
11315,RU,#61667a
11316,CH,#b19246
11317,CH,#b19246
11318,ME,#d1783c
11319,HR,#bc8144
11320,SI,#b58346
11321,LT,#6e7a64
11322,SI,#b58346
11323,AM,#d1322e
11324,DK,#6b8e57
11325,DK,#6b8e57
11326,HU,#ac7c49
11327,FR,#b49f44
11328,RO,#b06e48
11329,HU,#ac7c49
11330,PT,#f8bf3f
11331,NO,#3d8e61
11332,SK,#9d7d4f
11333,GE,#c43d39
11334,ES,#eeb33e
11335,SK,#9d7d4f
11336,NL,#8c974b
11337,CH,#b19246
11338,DK,#6b8e57
11339,ME,#d1783c
11340,FR,#b49f44
11341,SK,#9d7d4f
11342,BG,#c66a3e
11343,GB,#7fa047
11344,NL,#8c974b
11345,DK,#6b8e57
11346,HR,#bc8144
11347,CH,#b19246
11348,HR,#bc8144
11349,PT,#f8bf3f
11350,IS,#2ca02c
11351,BA,#c37c41
11352,AL,#d87539
11353,HR,#bc8144
11354,HU,#ac7c49
11355,CH,#b19246
11356,IS,#2ca02c
11357,GB,#7fa047
11358,NL,#8c974b
11359,GE,#c43d39
11360,RS,#c17541
11361,BA,#c37c41
11362,DE,#918e4e
11363,GB,#7fa047
11364,AM,#d1322e
11365,SK,#9d7d4f
11366,CZ,#97854f
11367,DE,#918e4e
11368,ES,#eeb33e
11369,CH,#b19246
11370,CH,#b19246
11371,GB,#7fa047
11372,IT,#ce893f
11373,DK,#6b8e57
11374,GB,#7fa047
11375,IT,#ce893f
11376,BG,#c66a3e
11377,GB,#7fa047
11378,DK,#6b8e57
11379,DK,#6b8e57
11380,CZ,#97854f
11381,HU,#ac7c49
11382,BG,#c66a3e
11383,AT,#ae8648
11384,NO,#3d8e61
11385,AL,#d87539
11386,DK,#6b8e57
11387,IS,#2ca02c
11388,MK,#d0733c
11389,DK,#6b8e57
11390,AZ,#cf2a2d
11391,DE,#918e4e
11392,RU,#61667a
11393,NO,#3d8e61
11394,BA,#c37c41
11395,DK,#6b8e57
11396,GE,#c43d39
11397,GB,#7fa047
11398,GB,#7fa047
11399,DK,#6b8e57
11400,AT,#ae8648
11401,AT,#ae8648
11402,DK,#6b8e57
11403,GB,#7fa047
11404,RO,#b06e48
11405,GB,#7fa047
11406,IS,#2ca02c
11407,ES,#eeb33e
11408,DK,#6b8e57
11409,ES,#eeb33e
11410,DE,#918e4e
11411,FR,#b49f44
11412,AM,#d1322e
11413,CH,#b19246
11414,BA,#c37c41
11415,NL,#8c974b
11416,EE,#507d73
11417,RS,#c17541
11418,AL,#d87539
11419,DK,#6b8e57
11420,NO,#3d8e61
11421,RO,#b06e48
11422,CH,#b19246
11423,AL,#d87539
11424,BY,#7b7261
11425,AL,#d87539
11426,AT,#ae8648
11427,CH,#b19246
11428,CZ,#97854f
11429,AL,#d87539
11430,NL,#8c974b
11431,GB,#7fa047
11432,GB,#7fa047
11433,PL,#867f57
11434,DK,#6b8e57
11435,CH,#b19246
11436,FI,#2b8384
11437,DE,#918e4e
11438,RU,#61667a
11439,AT,#ae8648
11440,HU,#ac7c49
11441,RS,#c17541
11442,MK,#d0733c
11443,DE,#918e4e
11444,CZ,#97854f
11445,BG,#c66a3e
11446,LT,#6e7a64
11447,IS,#2ca02c
11448,SE,#3c8a6a
11449,CH,#b19246
11450,FR,#b49f44
11451,LT,#6e7a64
11452,DE,#918e4e
11453,AT,#ae8648
11454,FR,#b49f44
11455,IT,#ce893f
11456,EE,#507d73
11457,DE,#918e4e
11458,PL,#867f57
11459,DK,#6b8e57
11460,NO,#3d8e61
11461,NL,#8c974b
11462,NO,#3d8e61
11463,GB,#7fa047
11464,AZ,#cf2a2d
11465,DK,#6b8e57
11466,HR,#bc8144
11467,SK,#9d7d4f
11468,RO,#b06e48
11469,NO,#3d8e61
11470,RS,#c17541
11471,HR,#bc8144
11472,FR,#b49f44
11473,IT,#ce893f
11474,DK,#6b8e57
11475,CH,#b19246
11476,SE,#3c8a6a
11477,RS,#c17541
11478,RU,#61667a
11479,AM,#d1322e
11480,FR,#b49f44
11481,CH,#b19246
11482,GB,#7fa047
11483,BY,#7b7261
11484,HU,#ac7c49
11485,GE,#c43d39
11486,NO,#3d8e61
11487,RS,#c17541
11488,AT,#ae8648
11489,DK,#6b8e57
11490,DK,#6b8e57
11491,RU,#61667a
11492,SI,#b58346
11493,PL,#867f57
11494,DE,#918e4e
11495,NL,#8c974b
11496,ES,#eeb33e
11497,FI,#2b8384
11498,AL,#d87539
11499,HR,#bc8144
11500,DK,#6b8e57
11501,BY,#7b7261
11502,AL,#d87539
11503,NL,#8c974b
11504,HU,#ac7c49
11505,GB,#7fa047
11506,IS,#2ca02c
11507,SI,#b58346
11508,FI,#2b8384
11509,CH,#b19246
11510,GE,#c43d39
11511,DE,#918e4e
11512,DE,#918e4e
11513,ES,#eeb33e
11514,AL,#d87539
11515,AL,#d87539
11516,DK,#6b8e57
11517,AT,#ae8648
11518,DK,#6b8e57
11519,BG,#c66a3e
11520,CH,#b19246
11521,NO,#3d8e61
11522,HU,#ac7c49
11523,BY,#7b7261
11524,AT,#ae8648
11525,FI,#2b8384
11526,NL,#8c974b
11527,BY,#7b7261
11528,DE,#918e4e
11529,PL,#867f57
11530,PL,#867f57
11531,PT,#f8bf3f
11532,CH,#b19246
11533,NO,#3d8e61
11534,GB,#7fa047
11535,NL,#8c974b
11536,RO,#b06e48
11537,AL,#d87539
11538,DE,#918e4e
11539,SI,#b58346
11540,MK,#d0733c
11541,IT,#ce893f
11542,DE,#918e4e
11543,PL,#867f57
11544,IS,#2ca02c
11545,DE,#918e4e
11546,EE,#507d73
11547,BY,#7b7261
11548,RS,#c17541
11549,ES,#eeb33e
11550,SE,#3c8a6a
11551,BA,#c37c41
11552,LT,#6e7a64
11553,IT,#ce893f
11554,NL,#8c974b
11555,CH,#b19246
11556,GE,#c43d39
11557,CH,#b19246
11558,NL,#8c974b
11559,FR,#b49f44
11560,GE,#c43d39
11561,DE,#918e4e
11562,FR,#b49f44
11563,DE,#918e4e
11564,PT,#f8bf3f
11565,IS,#2ca02c
11566,IT,#ce893f
11567,ME,#d1783c
11568,IS,#2ca02c
11569,SI,#b58346
11570,AT,#ae8648
11571,DE,#918e4e
11572,DK,#6b8e57
11573,NL,#8c974b
11574,AL,#d87539
11575,HR,#bc8144
11576,EE,#507d73
11577,LT,#6e7a64
11578,DE,#918e4e
11579,HU,#ac7c49
11580,IS,#2ca02c
11581,CH,#b19246
11582,ES,#eeb33e
11583,GE,#c43d39
11584,SI,#b58346
11585,BY,#7b7261
11586,CH,#b19246
11587,HU,#ac7c49
11588,IS,#2ca02c
11589,FR,#b49f44
11590,NL,#8c974b
11591,AM,#d1322e
11592,GB,#7fa047
11593,MK,#d0733c
11594,BY,#7b7261
11595,CH,#b19246
11596,RU,#61667a
11597,FR,#b49f44
11598,BY,#7b7261
11599,CH,#b19246
11600,FR,#b49f44
11601,PL,#867f57
11602,AM,#d1322e
11603,EE,#507d73
11604,GB,#7fa047
11605,DK,#6b8e57
11606,SI,#b58346
11607,DK,#6b8e57
11608,AM,#d1322e
11609,RU,#61667a
11610,DK,#6b8e57
11611,GE,#c43d39
11612,EE,#507d73
11613,NO,#3d8e61
11614,RU,#61667a
11615,GB,#7fa047
11616,FI,#2b8384
11617,ES,#eeb33e
11618,CH,#b19246
11619,FR,#b49f44
11620,NO,#3d8e61
11621,HR,#bc8144
11622,NO,#3d8e61
11623,HR,#bc8144
11624,IS,#2ca02c
11625,DE,#918e4e
11626,HU,#ac7c49
11627,MK,#d0733c
11628,NL,#8c974b
11629,GB,#7fa047
11630,NL,#8c974b
11631,AM,#d1322e
11632,DK,#6b8e57
11633,DE,#918e4e
11634,FR,#b49f44
11635,MK,#d0733c
11636,AT,#ae8648
11637,HU,#ac7c49
11638,BY,#7b7261
11639,SI,#b58346
11640,DE,#918e4e
11641,CH,#b19246
11642,FR,#b49f44
11643,ME,#d1783c
11644,ES,#eeb33e
11645,CH,#b19246
11646,DE,#918e4e
11647,ES,#eeb33e
11648,BA,#c37c41
11649,AT,#ae8648
11650,IT,#ce893f
11651,DK,#6b8e57
11652,IS,#2ca02c
11653,DE,#918e4e
11654,DK,#6b8e57
11655,DK,#6b8e57
11656,RU,#61667a
11657,CH,#b19246
11658,DK,#6b8e57
11659,GB,#7fa047
11660,IS,#2ca02c
11661,HR,#bc8144
11662,AZ,#cf2a2d
11663,BY,#7b7261
11664,BY,#7b7261
11665,FR,#b49f44
11666,GB,#7fa047
11667,DK,#6b8e57
11668,DK,#6b8e57
11669,SK,#9d7d4f
11670,BY,#7b7261
11671,PL,#867f57
11672,IT,#ce893f
11673,DK,#6b8e57
11674,NL,#8c974b
11675,GB,#7fa047
11676,MK,#d0733c
11677,BY,#7b7261
11678,AM,#d1322e
11679,IT,#ce893f
11680,SK,#9d7d4f
11681,GB,#7fa047
11682,DE,#918e4e
11683,ES,#eeb33e
11684,MK,#d0733c
11685,IS,#2ca02c
11686,DK,#6b8e57
11687,IT,#ce893f
11688,IT,#ce893f
11689,RS,#c17541
11690,SE,#3c8a6a
11691,FR,#b49f44
11692,NL,#8c974b
11693,FI,#2b8384
11694,DK,#6b8e57
11695,DK,#6b8e57
11696,NL,#8c974b
11697,CH,#b19246
11698,AL,#d87539
11699,IT,#ce893f
11700,IS,#2ca02c
11701,DK,#6b8e57
11702,ES,#eeb33e
11703,HU,#ac7c49
11704,BY,#7b7261
11705,DK,#6b8e57
11706,IS,#2ca02c
11707,LT,#6e7a64
11708,GB,#7fa047
11709,HR,#bc8144
11710,SI,#b58346
11711,RS,#c17541
11712,HU,#ac7c49
11713,NO,#3d8e61
11714,DK,#6b8e57
11715,CH,#b19246
11716,AZ,#cf2a2d
11717,CH,#b19246
11718,FR,#b49f44
11719,PT,#f8bf3f
11720,GE,#c43d39
11721,AT,#ae8648
11722,EE,#507d73
11723,NO,#3d8e61
11724,IT,#ce893f
11725,AZ,#cf2a2d
11726,RU,#61667a
11727,ME,#d1783c
11728,AT,#ae8648
11729,DK,#6b8e57
11730,AL,#d87539
11731,AT,#ae8648
11732,IT,#ce893f
11733,DE,#918e4e
11734,CH,#b19246
11735,GE,#c43d39
11736,HR,#bc8144
11737,SI,#b58346
11738,CH,#b19246
11739,BY,#7b7261
11740,SK,#9d7d4f
11741,NO,#3d8e61
11742,CH,#b19246
11743,AZ,#cf2a2d
11744,GB,#7fa047
11745,DK,#6b8e57
11746,AL,#d87539
11747,FR,#b49f44
11748,AM,#d1322e
11749,NO,#3d8e61
11750,AT,#ae8648
11751,BY,#7b7261
11752,GB,#7fa047
11753,IS,#2ca02c
11754,BA,#c37c41
11755,ME,#d1783c
11756,FI,#2b8384
11757,AT,#ae8648
11758,FI,#2b8384
11759,BG,#c66a3e
11760,PT,#f8bf3f
11761,CZ,#97854f
11762,IT,#ce893f
11763,FI,#2b8384
11764,GE,#c43d39
11765,GE,#c43d39
11766,CH,#b19246
11767,FI,#2b8384
11768,AL,#d87539
11769,CZ,#97854f
11770,FR,#b49f44
11771,ES,#eeb33e
11772,AL,#d87539
11773,BG,#c66a3e
11774,FR,#b49f44
11775,GE,#c43d39
11776,DE,#918e4e
11777,DK,#6b8e57
11778,GB,#7fa047
11779,SK,#9d7d4f
11780,CH,#b19246
11781,CH,#b19246
11782,EE,#507d73
11783,SK,#9d7d4f
11784,DE,#918e4e
11785,AZ,#cf2a2d
11786,CH,#b19246
11787,RO,#b06e48
11788,BG,#c66a3e
11789,AT,#ae8648
11790,NL,#8c974b
11791,SE,#3c8a6a
11792,DE,#918e4e
11793,FR,#b49f44
11794,NO,#3d8e61
11795,DK,#6b8e57
11796,NL,#8c974b
11797,HR,#bc8144
11798,AL,#d87539
11799,GB,#7fa047
11800,CH,#b19246
11801,AL,#d87539
11802,AM,#d1322e
11803,NO,#3d8e61
11804,SE,#3c8a6a
11805,BA,#c37c41
11806,AT,#ae8648
11807,ME,#d1783c
11808,DK,#6b8e57
11809,HU,#ac7c49
11810,DK,#6b8e57
11811,NL,#8c974b
11812,RO,#b06e48
11813,NO,#3d8e61
11814,MK,#d0733c
11815,ME,#d1783c
11816,DK,#6b8e57
11817,IT,#ce893f
11818,DK,#6b8e57
11819,LT,#6e7a64
11820,PT,#f8bf3f
11821,RS,#c17541
11822,NL,#8c974b
11823,FI,#2b8384
11824,NL,#8c974b
11825,BY,#7b7261
11826,FI,#2b8384
11827,AM,#d1322e
11828,RO,#b06e48
11829,RO,#b06e48
11830,FI,#2b8384
11831,DK,#6b8e57
11832,IT,#ce893f
11833,RS,#c17541
11834,PT,#f8bf3f
11835,RU,#61667a
11836,FI,#2b8384
11837,NL,#8c974b
11838,RU,#61667a
11839,PT,#f8bf3f
11840,AM,#d1322e
11841,IS,#2ca02c
11842,SE,#3c8a6a
11843,CH,#b19246
11844,DK,#6b8e57
11845,LT,#6e7a64
11846,HR,#bc8144
11847,LT,#6e7a64
11848,FR,#b49f44
11849,SI,#b58346
11850,HU,#ac7c49
11851,DK,#6b8e57
11852,GE,#c43d39
11853,RU,#61667a
11854,AM,#d1322e
11855,RU,#61667a
11856,CZ,#97854f
11857,CH,#b19246
11858,RS,#c17541
11859,AM,#d1322e
11860,IT,#ce893f
11861,RO,#b06e48
11862,DK,#6b8e57
11863,HU,#ac7c49
11864,SI,#b58346
11865,SE,#3c8a6a
11866,BY,#7b7261
11867,EE,#507d73
11868,PT,#f8bf3f
11869,DK,#6b8e57
11870,AL,#d87539
11871,AM,#d1322e
11872,AL,#d87539
11873,DK,#6b8e57
11874,NL,#8c974b
11875,AL,#d87539
11876,CH,#b19246
11877,NL,#8c974b
11878,DK,#6b8e57
11879,AL,#d87539
11880,RS,#c17541
11881,AZ,#cf2a2d
11882,DK,#6b8e57
11883,DE,#918e4e
11884,AM,#d1322e
11885,ES,#eeb33e
11886,CH,#b19246
11887,BA,#c37c41
11888,BA,#c37c41
11889,CH,#b19246
11890,GB,#7fa047
11891,AT,#ae8648
11892,SK,#9d7d4f
11893,RU,#61667a
11894,EE,#507d73
11895,ME,#d1783c
11896,MK,#d0733c
11897,GE,#c43d39
11898,DE,#918e4e
11899,AZ,#cf2a2d
11900,SI,#b58346
11901,CZ,#97854f
11902,BG,#c66a3e
11903,DK,#6b8e57
11904,AL,#d87539
11905,HR,#bc8144
11906,SE,#3c8a6a
11907,NO,#3d8e61
11908,BA,#c37c41
11909,IS,#2ca02c
11910,CH,#b19246
11911,AZ,#cf2a2d
11912,NO,#3d8e61
11913,AT,#ae8648
11914,SK,#9d7d4f
11915,BA,#c37c41
11916,DK,#6b8e57
11917,PT,#f8bf3f
11918,BY,#7b7261
11919,PL,#867f57
11920,BA,#c37c41
11921,IS,#2ca02c
11922,NL,#8c974b
11923,LT,#6e7a64
11924,DK,#6b8e57
11925,CH,#b19246
11926,IS,#2ca02c
11927,AM,#d1322e
11928,NO,#3d8e61
11929,PL,#867f57
11930,SK,#9d7d4f
11931,HR,#bc8144
11932,SE,#3c8a6a
11933,RO,#b06e48
11934,CH,#b19246
11935,HU,#ac7c49
11936,DK,#6b8e57
11937,ME,#d1783c
11938,SE,#3c8a6a
11939,IT,#ce893f
11940,HU,#ac7c49
11941,CH,#b19246
11942,HR,#bc8144
11943,SI,#b58346
11944,AL,#d87539
11945,AZ,#cf2a2d
11946,DK,#6b8e57
11947,CH,#b19246
11948,HR,#bc8144
11949,IT,#ce893f
11950,DE,#918e4e
11951,SK,#9d7d4f
11952,IT,#ce893f
11953,LT,#6e7a64
11954,GB,#7fa047
11955,SK,#9d7d4f
11956,NO,#3d8e61
11957,BY,#7b7261
11958,RU,#61667a
11959,IS,#2ca02c
11960,HR,#bc8144
11961,SK,#9d7d4f
11962,IS,#2ca02c
11963,DK,#6b8e57
11964,CH,#b19246
11965,CH,#b19246
11966,EE,#507d73
11967,GE,#c43d39
11968,GE,#c43d39
11969,PT,#f8bf3f
11970,DK,#6b8e57
11971,PL,#867f57
11972,BA,#c37c41
11973,NL,#8c974b
11974,BA,#c37c41
11975,FR,#b49f44
11976,CH,#b19246
11977,IS,#2ca02c
11978,BA,#c37c41
11979,RO,#b06e48
11980,GE,#c43d39
11981,PL,#867f57
11982,IS,#2ca02c
11983,GB,#7fa047
11984,DK,#6b8e57
11985,DE,#918e4e
11986,CH,#b19246
11987,DK,#6b8e57
11988,FI,#2b8384
11989,AM,#d1322e
11990,CH,#b19246
11991,CH,#b19246
11992,CH,#b19246
11993,ES,#eeb33e
11994,PL,#867f57
11995,BG,#c66a3e
11996,SK,#9d7d4f
11997,FI,#2b8384
11998,RU,#61667a
11999,CH,#b19246
12000,CH,#b19246
12001,DK,#6b8e57
12002,NL,#8c974b
12003,BA,#c37c41
12004,PL,#867f57
12005,DK,#6b8e57
12006,AL,#d87539
12007,DE,#918e4e
12008,HR,#bc8144
12009,AM,#d1322e
12010,PL,#867f57
12011,DE,#918e4e
12012,CZ,#97854f
12013,SI,#b58346
12014,AM,#d1322e
12015,IS,#2ca02c
12016,RS,#c17541
12017,AL,#d87539
12018,IT,#ce893f
12019,HR,#bc8144
12020,DK,#6b8e57
12021,SK,#9d7d4f
12022,AM,#d1322e
12023,AM,#d1322e
12024,IT,#ce893f
12025,DK,#6b8e57
12026,DE,#918e4e
12027,EE,#507d73
12028,NO,#3d8e61
12029,BY,#7b7261
12030,BY,#7b7261
12031,AZ,#cf2a2d
12032,HR,#bc8144
12033,NO,#3d8e61
12034,AM,#d1322e
12035,PL,#867f57
12036,CH,#b19246
12037,RO,#b06e48
12038,CH,#b19246
12039,CH,#b19246
12040,DE,#918e4e
12041,DK,#6b8e57
12042,CH,#b19246
12043,DK,#6b8e57
12044,NL,#8c974b
12045,CH,#b19246
12046,CH,#b19246
12047,GB,#7fa047
12048,CH,#b19246
12049,DK,#6b8e57
12050,BG,#c66a3e
12051,GE,#c43d39
12052,DE,#918e4e
12053,IT,#ce893f
12054,CH,#b19246
12055,NO,#3d8e61
12056,DK,#6b8e57
12057,HU,#ac7c49
12058,DK,#6b8e57
12059,CH,#b19246
12060,DE,#918e4e
12061,FR,#b49f44
12062,DK,#6b8e57
12063,HU,#ac7c49
12064,DE,#918e4e
12065,ME,#d1783c
12066,CH,#b19246
12067,GE,#c43d39
12068,IT,#ce893f
12069,FI,#2b8384
12070,IT,#ce893f
12071,MK,#d0733c
12072,NL,#8c974b
12073,DE,#918e4e
12074,NL,#8c974b
12075,CH,#b19246
12076,BA,#c37c41
12077,HR,#bc8144
12078,CH,#b19246
12079,FR,#b49f44
12080,CH,#b19246
12081,AL,#d87539
12082,DK,#6b8e57
12083,SK,#9d7d4f
12084,AT,#ae8648
12085,GB,#7fa047
12086,IT,#ce893f
12087,CH,#b19246
12088,NL,#8c974b
12089,CH,#b19246
12090,CH,#b19246
12091,GE,#c43d39
12092,AL,#d87539
12093,AL,#d87539
12094,BG,#c66a3e
12095,RO,#b06e48
12096,FI,#2b8384
12097,AM,#d1322e
12098,RO,#b06e48
12099,NL,#8c974b
12100,RO,#b06e48
12101,NL,#8c974b
12102,AZ,#cf2a2d
12103,NL,#8c974b
12104,FR,#b49f44
12105,DE,#918e4e
12106,NL,#8c974b
12107,DK,#6b8e57
12108,SK,#9d7d4f
12109,NL,#8c974b
12110,BY,#7b7261
12111,DK,#6b8e57
12112,ES,#eeb33e
12113,DK,#6b8e57
12114,IT,#ce893f
12115,PL,#867f57
12116,RS,#c17541
12117,IS,#2ca02c
12118,LT,#6e7a64
12119,MK,#d0733c
12120,IS,#2ca02c
12121,FI,#2b8384
12122,BA,#c37c41
12123,AL,#d87539
12124,HR,#bc8144
12125,HR,#bc8144
12126,CH,#b19246
12127,HU,#ac7c49
12128,DE,#918e4e
12129,GE,#c43d39
12130,ES,#eeb33e
12131,IT,#ce893f
12132,LT,#6e7a64
12133,DK,#6b8e57
12134,DE,#918e4e
12135,ES,#eeb33e
12136,LT,#6e7a64
12137,DK,#6b8e57
12138,AT,#ae8648
12139,RU,#61667a
12140,BY,#7b7261
12141,IS,#2ca02c
12142,BG,#c66a3e
12143,SK,#9d7d4f
12144,RU,#61667a
12145,RS,#c17541
12146,NL,#8c974b
12147,IT,#ce893f
12148,AL,#d87539
12149,DK,#6b8e57
12150,MK,#d0733c
12151,FR,#b49f44
12152,BA,#c37c41
12153,NO,#3d8e61
12154,SK,#9d7d4f
12155,RS,#c17541
12156,BY,#7b7261
12157,BY,#7b7261
12158,AM,#d1322e
12159,GE,#c43d39
12160,SE,#3c8a6a
12161,IT,#ce893f
12162,FR,#b49f44
12163,DK,#6b8e57
12164,GE,#c43d39
12165,BY,#7b7261
12166,BA,#c37c41
12167,NO,#3d8e61
12168,DE,#918e4e
12169,PT,#f8bf3f
12170,FR,#b49f44
12171,BG,#c66a3e
12172,RS,#c17541
12173,DK,#6b8e57
12174,AZ,#cf2a2d
12175,PT,#f8bf3f
12176,SK,#9d7d4f
12177,BA,#c37c41
12178,NL,#8c974b
12179,ES,#eeb33e
12180,NO,#3d8e61
12181,ES,#eeb33e
12182,RS,#c17541
12183,GB,#7fa047
12184,FR,#b49f44
12185,HR,#bc8144
12186,IT,#ce893f
12187,SK,#9d7d4f
12188,AL,#d87539
12189,CH,#b19246
12190,DK,#6b8e57
12191,DK,#6b8e57
12192,DK,#6b8e57
12193,GE,#c43d39
12194,HR,#bc8144
12195,NO,#3d8e61
12196,CH,#b19246
12197,NO,#3d8e61
12198,CH,#b19246
12199,RU,#61667a
12200,DK,#6b8e57
12201,DK,#6b8e57
12202,DE,#918e4e
12203,PL,#867f57
12204,GB,#7fa047
12205,NL,#8c974b
12206,AZ,#cf2a2d
12207,RS,#c17541
12208,BG,#c66a3e
12209,NO,#3d8e61
12210,HR,#bc8144
12211,HR,#bc8144
12212,AT,#ae8648
12213,SE,#3c8a6a
12214,SK,#9d7d4f
12215,CZ,#97854f
12216,IT,#ce893f
12217,SK,#9d7d4f
12218,FR,#b49f44
12219,BG,#c66a3e
12220,NO,#3d8e61
12221,SE,#3c8a6a
12222,RS,#c17541
12223,SE,#3c8a6a
12224,DE,#918e4e
12225,DK,#6b8e57
12226,IT,#ce893f
12227,HU,#ac7c49
12228,BA,#c37c41
12229,NL,#8c974b
12230,FI,#2b8384
12231,NL,#8c974b
12232,NL,#8c974b
12233,ME,#d1783c
12234,MK,#d0733c
12235,SK,#9d7d4f
12236,NO,#3d8e61
12237,CH,#b19246
12238,BA,#c37c41
12239,LT,#6e7a64
12240,DK,#6b8e57
12241,RU,#61667a
12242,GE,#c43d39
12243,SE,#3c8a6a
12244,RU,#61667a
12245,CH,#b19246
12246,EE,#507d73
12247,IS,#2ca02c
12248,BA,#c37c41
12249,CH,#b19246
12250,AZ,#cf2a2d
12251,RS,#c17541
12252,AL,#d87539
12253,IT,#ce893f
12254,PT,#f8bf3f
12255,NL,#8c974b
12256,HU,#ac7c49
12257,ES,#eeb33e
12258,DE,#918e4e
12259,CH,#b19246
12260,RO,#b06e48
12261,IT,#ce893f
12262,CH,#b19246
12263,CZ,#97854f
12264,DK,#6b8e57
12265,IT,#ce893f
12266,CH,#b19246
12267,IT,#ce893f
12268,DK,#6b8e57
12269,IT,#ce893f
12270,CZ,#97854f
12271,SE,#3c8a6a
12272,CH,#b19246
12273,CH,#b19246
12274,GE,#c43d39
12275,DK,#6b8e57
12276,HR,#bc8144
12277,RS,#c17541
12278,AM,#d1322e
12279,RS,#c17541
12280,SE,#3c8a6a
12281,AT,#ae8648
12282,NL,#8c974b
12283,IT,#ce893f
12284,CH,#b19246
12285,GB,#7fa047
12286,BA,#c37c41
12287,PT,#f8bf3f
12288,DK,#6b8e57
12289,DK,#6b8e57
12290,IT,#ce893f
12291,NL,#8c974b
12292,NL,#8c974b
12293,CH,#b19246
12294,CH,#b19246
12295,IS,#2ca02c
12296,RS,#c17541
12297,HR,#bc8144
12298,DK,#6b8e57
12299,IS,#2ca02c
12300,CH,#b19246
12301,AL,#d87539
12302,AT,#ae8648
12303,GB,#7fa047
12304,DK,#6b8e57
12305,CH,#b19246
12306,AT,#ae8648
12307,ES,#eeb33e
12308,FI,#2b8384
12309,AM,#d1322e
12310,RU,#61667a
12311,LT,#6e7a64
12312,DK,#6b8e57
12313,GE,#c43d39
12314,IT,#ce893f
12315,BG,#c66a3e
12316,BA,#c37c41
12317,IS,#2ca02c
12318,GB,#7fa047
12319,GB,#7fa047
12320,GB,#7fa047
12321,SK,#9d7d4f
12322,CH,#b19246
12323,FR,#b49f44
12324,DK,#6b8e57
12325,AL,#d87539
12326,GB,#7fa047
12327,BY,#7b7261
12328,EE,#507d73
12329,CH,#b19246
12330,CH,#b19246
12331,DE,#918e4e
12332,AZ,#cf2a2d
12333,GB,#7fa047
12334,CZ,#97854f
12335,GE,#c43d39
12336,NO,#3d8e61
12337,PT,#f8bf3f
12338,CZ,#97854f
12339,NL,#8c974b
12340,CH,#b19246
12341,FR,#b49f44
12342,DE,#918e4e
12343,AL,#d87539
12344,HR,#bc8144
12345,FI,#2b8384
12346,DE,#918e4e
12347,IS,#2ca02c
12348,AL,#d87539
12349,ES,#eeb33e
12350,BG,#c66a3e
12351,BA,#c37c41
12352,DE,#918e4e
12353,AL,#d87539
12354,NL,#8c974b
12355,FR,#b49f44
12356,AT,#ae8648
12357,CH,#b19246
12358,NL,#8c974b
12359,CH,#b19246
12360,NO,#3d8e61
12361,GE,#c43d39
12362,DK,#6b8e57
12363,HU,#ac7c49
12364,MK,#d0733c
12365,CH,#b19246
12366,NO,#3d8e61
12367,PL,#867f57
12368,IT,#ce893f
12369,AM,#d1322e
12370,LT,#6e7a64
12371,SI,#b58346
12372,CH,#b19246
12373,HR,#bc8144
12374,PL,#867f57
12375,DK,#6b8e57
12376,NL,#8c974b
12377,DK,#6b8e57
12378,FR,#b49f44
12379,ES,#eeb33e
12380,PT,#f8bf3f
12381,FR,#b49f44
12382,CH,#b19246
12383,IS,#2ca02c
12384,FI,#2b8384
12385,NO,#3d8e61
12386,AT,#ae8648
12387,IS,#2ca02c
12388,AZ,#cf2a2d
12389,CZ,#97854f
12390,FR,#b49f44
12391,PL,#867f57
12392,BG,#c66a3e
12393,PL,#867f57
12394,CH,#b19246
12395,DK,#6b8e57
12396,ME,#d1783c
12397,BA,#c37c41
12398,CH,#b19246
12399,ES,#eeb33e
12400,DK,#6b8e57
12401,PT,#f8bf3f
12402,DK,#6b8e57
12403,ME,#d1783c
12404,AT,#ae8648
12405,DE,#918e4e
12406,CH,#b19246
12407,GE,#c43d39
12408,RS,#c17541
12409,AT,#ae8648
12410,DK,#6b8e57
12411,CH,#b19246
12412,CZ,#97854f
12413,GB,#7fa047
12414,RO,#b06e48
12415,GE,#c43d39
12416,IS,#2ca02c
12417,DE,#918e4e
12418,AL,#d87539
12419,RU,#61667a
12420,CH,#b19246
12421,AL,#d87539
12422,DK,#6b8e57
12423,CZ,#97854f
12424,RS,#c17541
12425,ES,#eeb33e
12426,DK,#6b8e57
12427,PT,#f8bf3f
12428,LT,#6e7a64
12429,AM,#d1322e
12430,BG,#c66a3e
12431,CH,#b19246
12432,DK,#6b8e57
12433,HR,#bc8144
12434,IT,#ce893f
12435,ES,#eeb33e
12436,SE,#3c8a6a
12437,DK,#6b8e57
12438,DK,#6b8e57
12439,NO,#3d8e61
12440,SK,#9d7d4f
12441,DE,#918e4e
12442,DK,#6b8e57
12443,FI,#2b8384
12444,DK,#6b8e57
12445,CH,#b19246
12446,CH,#b19246
12447,NO,#3d8e61
12448,BY,#7b7261
12449,AZ,#cf2a2d
12450,CH,#b19246
12451,HU,#ac7c49
12452,RS,#c17541
12453,HU,#ac7c49
12454,BA,#c37c41
12455,DE,#918e4e
12456,DE,#918e4e
12457,FI,#2b8384
12458,PT,#f8bf3f
12459,AL,#d87539
12460,FR,#b49f44
12461,DK,#6b8e57
12462,IT,#ce893f
12463,NL,#8c974b
12464,CH,#b19246
12465,ES,#eeb33e
12466,HR,#bc8144
12467,RU,#61667a
12468,SE,#3c8a6a
12469,BG,#c66a3e
12470,CH,#b19246
12471,GE,#c43d39
12472,SI,#b58346
12473,AM,#d1322e
12474,HU,#ac7c49
12475,GB,#7fa047
12476,DK,#6b8e57
12477,RU,#61667a
12478,FR,#b49f44
12479,IT,#ce893f
12480,BA,#c37c41
12481,GB,#7fa047
12482,AM,#d1322e
12483,SK,#9d7d4f
12484,AL,#d87539
12485,CH,#b19246
12486,FI,#2b8384
12487,GE,#c43d39
12488,FR,#b49f44
12489,BA,#c37c41
12490,CH,#b19246
12491,DE,#918e4e
12492,DK,#6b8e57
12493,CH,#b19246
12494,CH,#b19246
12495,SK,#9d7d4f
12496,RU,#61667a
12497,ES,#eeb33e
12498,NO,#3d8e61
12499,FI,#2b8384
12500,EE,#507d73
12501,HR,#bc8144
12502,HR,#bc8144
12503,BA,#c37c41
12504,GB,#7fa047
12505,MK,#d0733c
12506,RO,#b06e48
12507,ES,#eeb33e
12508,DK,#6b8e57
12509,RU,#61667a
12510,LT,#6e7a64
12511,MK,#d0733c
12512,DK,#6b8e57
12513,SE,#3c8a6a
12514,SK,#9d7d4f
12515,ES,#eeb33e
12516,GE,#c43d39
12517,AT,#ae8648
12518,CH,#b19246
12519,LT,#6e7a64
12520,IT,#ce893f
12521,IT,#ce893f
12522,DE,#918e4e
12523,PL,#867f57
12524,GB,#7fa047
12525,IT,#ce893f
12526,IT,#ce893f
12527,RS,#c17541
12528,CH,#b19246
12529,GE,#c43d39
12530,AL,#d87539
12531,GB,#7fa047
12532,NO,#3d8e61
12533,GB,#7fa047
12534,RS,#c17541
12535,GB,#7fa047
12536,PT,#f8bf3f
12537,CZ,#97854f
12538,AL,#d87539
12539,IT,#ce893f
12540,DK,#6b8e57
12541,CH,#b19246
12542,AZ,#cf2a2d
12543,AM,#d1322e
12544,AM,#d1322e
12545,NL,#8c974b
12546,BA,#c37c41
12547,HU,#ac7c49
12548,MK,#d0733c
12549,FI,#2b8384
12550,SE,#3c8a6a
12551,CH,#b19246
12552,NO,#3d8e61
12553,CH,#b19246
12554,HU,#ac7c49
12555,SK,#9d7d4f
12556,SI,#b58346
12557,FI,#2b8384
12558,GE,#c43d39
12559,LT,#6e7a64
12560,AL,#d87539
12561,AL,#d87539
12562,NL,#8c974b
12563,BG,#c66a3e
12564,CH,#b19246
12565,LT,#6e7a64
12566,AL,#d87539
12567,SI,#b58346
12568,IT,#ce893f
12569,HR,#bc8144
12570,HR,#bc8144
12571,BG,#c66a3e
12572,DK,#6b8e57
12573,IS,#2ca02c
12574,GE,#c43d39
12575,NL,#8c974b
12576,DE,#918e4e
12577,DE,#918e4e
12578,CH,#b19246
12579,AT,#ae8648
12580,IT,#ce893f
12581,AZ,#cf2a2d
12582,DK,#6b8e57
12583,CZ,#97854f
12584,FI,#2b8384
12585,DK,#6b8e57
12586,HR,#bc8144
12587,EE,#507d73
12588,RS,#c17541
12589,SK,#9d7d4f
12590,BA,#c37c41
12591,CH,#b19246
12592,EE,#507d73
12593,DK,#6b8e57
12594,EE,#507d73
12595,NL,#8c974b
12596,NL,#8c974b
12597,GB,#7fa047
12598,AL,#d87539
12599,DE,#918e4e
12600,BA,#c37c41
12601,CH,#b19246
12602,DE,#918e4e
12603,NL,#8c974b
12604,CH,#b19246
12605,DE,#918e4e
12606,AM,#d1322e
12607,DK,#6b8e57
12608,DK,#6b8e57
12609,GB,#7fa047
12610,HR,#bc8144
12611,ES,#eeb33e
12612,GE,#c43d39
12613,AL,#d87539
12614,GB,#7fa047
12615,PL,#867f57
12616,SK,#9d7d4f
12617,HU,#ac7c49
12618,AM,#d1322e
12619,MK,#d0733c
12620,LT,#6e7a64
12621,AL,#d87539
12622,RO,#b06e48
12623,NL,#8c974b
12624,HR,#bc8144
12625,SE,#3c8a6a
12626,DK,#6b8e57
12627,PT,#f8bf3f
12628,BA,#c37c41
12629,RO,#b06e48
12630,LT,#6e7a64
12631,AM,#d1322e
12632,BG,#c66a3e
12633,IS,#2ca02c
12634,IS,#2ca02c
12635,FR,#b49f44
12636,DK,#6b8e57
12637,FI,#2b8384
12638,AM,#d1322e
12639,BA,#c37c41
12640,FR,#b49f44
12641,IS,#2ca02c
12642,HU,#ac7c49
12643,IS,#2ca02c
12644,IS,#2ca02c
12645,BY,#7b7261
12646,BA,#c37c41
12647,NO,#3d8e61
12648,DK,#6b8e57
12649,NL,#8c974b
12650,IT,#ce893f
12651,MK,#d0733c
12652,SK,#9d7d4f
12653,ES,#eeb33e
12654,AM,#d1322e
12655,DK,#6b8e57
12656,FI,#2b8384
12657,AZ,#cf2a2d
12658,NL,#8c974b
12659,PL,#867f57
12660,LT,#6e7a64
12661,ME,#d1783c
12662,BG,#c66a3e
12663,DE,#918e4e
12664,DK,#6b8e57
12665,NL,#8c974b
12666,SE,#3c8a6a
12667,BA,#c37c41
12668,HR,#bc8144
12669,BY,#7b7261
12670,GB,#7fa047
12671,NO,#3d8e61
12672,DK,#6b8e57
12673,BG,#c66a3e
12674,AL,#d87539
12675,RS,#c17541
12676,BG,#c66a3e
12677,AT,#ae8648
12678,HU,#ac7c49
12679,CH,#b19246
12680,SK,#9d7d4f
12681,GB,#7fa047
12682,AM,#d1322e
12683,RO,#b06e48
12684,RU,#61667a
12685,BA,#c37c41
12686,HR,#bc8144
12687,NL,#8c974b
12688,AT,#ae8648
12689,RU,#61667a
12690,DK,#6b8e57
12691,BA,#c37c41
12692,NL,#8c974b
12693,AM,#d1322e
12694,BG,#c66a3e
12695,FR,#b49f44
12696,NO,#3d8e61
12697,SK,#9d7d4f
12698,AT,#ae8648
12699,NO,#3d8e61
12700,MK,#d0733c
12701,DE,#918e4e
12702,SI,#b58346
12703,LT,#6e7a64
12704,SK,#9d7d4f
12705,AZ,#cf2a2d
12706,AT,#ae8648
12707,NL,#8c974b
12708,RU,#61667a
12709,HR,#bc8144
12710,DK,#6b8e57
12711,RU,#61667a
12712,FI,#2b8384
12713,AL,#d87539
12714,DK,#6b8e57
12715,RU,#61667a
12716,DE,#918e4e
12717,AM,#d1322e
12718,BA,#c37c41
12719,LT,#6e7a64
12720,DK,#6b8e57
12721,BA,#c37c41
12722,DE,#918e4e
12723,BA,#c37c41
12724,DK,#6b8e57
12725,PL,#867f57
12726,ES,#eeb33e
12727,CH,#b19246
12728,NL,#8c974b
12729,AT,#ae8648
12730,NO,#3d8e61
12731,DK,#6b8e57
12732,RS,#c17541
12733,CZ,#97854f
12734,DK,#6b8e57
12735,DK,#6b8e57
12736,CH,#b19246
12737,AT,#ae8648
12738,PL,#867f57
12739,AM,#d1322e
12740,IS,#2ca02c
12741,SI,#b58346
12742,DE,#918e4e
12743,SI,#b58346
12744,GE,#c43d39
12745,PL,#867f57
12746,GB,#7fa047
12747,NL,#8c974b
12748,AM,#d1322e
12749,AM,#d1322e
12750,DK,#6b8e57
12751,RU,#61667a
12752,CH,#b19246
12753,SK,#9d7d4f
12754,NL,#8c974b
12755,SE,#3c8a6a
12756,SI,#b58346
12757,EE,#507d73
12758,CZ,#97854f
12759,AM,#d1322e
12760,HU,#ac7c49
12761,SI,#b58346
12762,HU,#ac7c49
12763,AL,#d87539
12764,PL,#867f57
12765,RO,#b06e48
12766,AZ,#cf2a2d
12767,HR,#bc8144
12768,AT,#ae8648
12769,AM,#d1322e
12770,BA,#c37c41
12771,IT,#ce893f
12772,SI,#b58346
12773,BY,#7b7261
12774,FI,#2b8384
12775,CH,#b19246
12776,FI,#2b8384
12777,IT,#ce893f
12778,MK,#d0733c
12779,ES,#eeb33e
12780,ES,#eeb33e
12781,RO,#b06e48
12782,BG,#c66a3e
12783,GB,#7fa047
12784,CH,#b19246
12785,GB,#7fa047
12786,FR,#b49f44
12787,CH,#b19246
12788,HU,#ac7c49
12789,CZ,#97854f
12790,BA,#c37c41
12791,ES,#eeb33e
12792,CH,#b19246
12793,RO,#b06e48
12794,NL,#8c974b
12795,LT,#6e7a64
12796,NL,#8c974b
12797,CH,#b19246
12798,NL,#8c974b
12799,DK,#6b8e57
12800,SK,#9d7d4f
12801,IS,#2ca02c
12802,NO,#3d8e61
12803,AT,#ae8648
12804,SE,#3c8a6a
12805,GB,#7fa047
12806,HR,#bc8144
12807,NL,#8c974b
12808,DE,#918e4e
12809,SE,#3c8a6a
12810,NL,#8c974b
12811,GE,#c43d39
12812,BA,#c37c41
12813,CZ,#97854f
12814,NL,#8c974b
12815,SK,#9d7d4f
12816,FR,#b49f44
12817,GE,#c43d39
12818,RU,#61667a
12819,NL,#8c974b
12820,NL,#8c974b
12821,SE,#3c8a6a
12822,SE,#3c8a6a
12823,AL,#d87539
12824,NO,#3d8e61
12825,CZ,#97854f
12826,CH,#b19246
12827,BG,#c66a3e
12828,FI,#2b8384
12829,IT,#ce893f
12830,SE,#3c8a6a
12831,GB,#7fa047
12832,RO,#b06e48
12833,SK,#9d7d4f
12834,FR,#b49f44
12835,DK,#6b8e57
12836,HU,#ac7c49
12837,SK,#9d7d4f
12838,IT,#ce893f
12839,AT,#ae8648
12840,GE,#c43d39
12841,IS,#2ca02c
12842,BA,#c37c41
12843,ES,#eeb33e
12844,NO,#3d8e61
12845,CH,#b19246
12846,DK,#6b8e57
12847,SE,#3c8a6a
12848,GB,#7fa047
12849,HR,#bc8144
12850,AZ,#cf2a2d
12851,GB,#7fa047
12852,PL,#867f57
12853,PL,#867f57
12854,CZ,#97854f
12855,DK,#6b8e57
12856,CH,#b19246
12857,NL,#8c974b
12858,AL,#d87539
12859,IT,#ce893f
12860,PT,#f8bf3f
12861,NL,#8c974b
12862,NL,#8c974b
12863,DE,#918e4e
12864,AM,#d1322e
12865,GB,#7fa047
12866,SK,#9d7d4f
12867,GB,#7fa047
12868,HU,#ac7c49
12869,FI,#2b8384
12870,NL,#8c974b
12871,RU,#61667a
12872,IT,#ce893f
12873,RS,#c17541
12874,DK,#6b8e57
12875,RS,#c17541
12876,BA,#c37c41
12877,CH,#b19246
12878,ES,#eeb33e
12879,EE,#507d73
12880,AZ,#cf2a2d
12881,EE,#507d73
12882,RS,#c17541
12883,DK,#6b8e57
12884,DK,#6b8e57
12885,RO,#b06e48
12886,GB,#7fa047
12887,FR,#b49f44
12888,CH,#b19246
12889,SK,#9d7d4f
12890,IS,#2ca02c
12891,GB,#7fa047
12892,MK,#d0733c
12893,DK,#6b8e57
12894,IS,#2ca02c
12895,IS,#2ca02c
12896,CH,#b19246
12897,MK,#d0733c
12898,CH,#b19246
12899,SI,#b58346
12900,AL,#d87539
12901,NO,#3d8e61
12902,DK,#6b8e57
12903,IS,#2ca02c
12904,DK,#6b8e57
12905,GE,#c43d39
12906,PL,#867f57
12907,NO,#3d8e61
12908,RO,#b06e48
12909,DK,#6b8e57
12910,FR,#b49f44
12911,HU,#ac7c49
12912,NL,#8c974b
12913,SK,#9d7d4f
12914,MK,#d0733c
12915,ME,#d1783c
12916,DK,#6b8e57
12917,AL,#d87539
12918,DK,#6b8e57
12919,CZ,#97854f
12920,CH,#b19246
12921,HU,#ac7c49
12922,NL,#8c974b
12923,GB,#7fa047
12924,NL,#8c974b
12925,RS,#c17541
12926,PL,#867f57
12927,RU,#61667a
12928,RO,#b06e48
12929,FR,#b49f44
12930,MK,#d0733c
12931,AM,#d1322e
12932,FR,#b49f44
12933,CH,#b19246
12934,SK,#9d7d4f
12935,PL,#867f57
12936,IS,#2ca02c
12937,AT,#ae8648
12938,IS,#2ca02c
12939,DK,#6b8e57
12940,CH,#b19246
12941,ES,#eeb33e
12942,FR,#b49f44
12943,FR,#b49f44
12944,MK,#d0733c
12945,RS,#c17541
12946,CH,#b19246
12947,DK,#6b8e57
12948,CH,#b19246
12949,NL,#8c974b
12950,EE,#507d73
12951,IT,#ce893f
12952,IT,#ce893f
12953,GE,#c43d39
12954,DE,#918e4e
12955,IT,#ce893f
12956,DK,#6b8e57
12957,CH,#b19246
12958,DK,#6b8e57
12959,SI,#b58346
12960,RS,#c17541
12961,CH,#b19246
12962,EE,#507d73
12963,DK,#6b8e57
12964,NL,#8c974b
12965,DK,#6b8e57
12966,SI,#b58346
12967,BG,#c66a3e
12968,RS,#c17541
12969,EE,#507d73
12970,AT,#ae8648
12971,GE,#c43d39
12972,BA,#c37c41
12973,IS,#2ca02c
12974,HU,#ac7c49
12975,FR,#b49f44
12976,PL,#867f57
12977,HR,#bc8144
12978,RO,#b06e48
12979,AT,#ae8648
12980,AL,#d87539
12981,HU,#ac7c49
12982,CH,#b19246
12983,FR,#b49f44
12984,DE,#918e4e
12985,BA,#c37c41
12986,NO,#3d8e61
12987,RU,#61667a
12988,HR,#bc8144
12989,DE,#918e4e
12990,DK,#6b8e57
12991,SE,#3c8a6a
12992,PL,#867f57
12993,ES,#eeb33e
12994,CH,#b19246
12995,IS,#2ca02c
12996,RO,#b06e48
12997,NO,#3d8e61
12998,GB,#7fa047
12999,GB,#7fa047
13000,PT,#f8bf3f
13001,IT,#ce893f
13002,NL,#8c974b
13003,NL,#8c974b
13004,RS,#c17541
13005,CH,#b19246
13006,FR,#b49f44
13007,PL,#867f57
13008,RS,#c17541
13009,IS,#2ca02c
13010,CZ,#97854f
13011,FR,#b49f44
13012,FR,#b49f44
13013,SK,#9d7d4f
13014,CH,#b19246
13015,ME,#d1783c
13016,CH,#b19246
13017,HU,#ac7c49
13018,BA,#c37c41
13019,CH,#b19246
13020,RS,#c17541
13021,HU,#ac7c49
13022,CH,#b19246
13023,DK,#6b8e57
13024,NO,#3d8e61
13025,RU,#61667a
13026,DE,#918e4e
13027,AM,#d1322e
13028,SK,#9d7d4f
13029,GE,#c43d39
13030,DK,#6b8e57
13031,DK,#6b8e57
13032,IT,#ce893f
13033,DK,#6b8e57
13034,NL,#8c974b
13035,SE,#3c8a6a
13036,EE,#507d73
13037,GB,#7fa047
13038,NO,#3d8e61
13039,DE,#918e4e
13040,CH,#b19246
13041,NL,#8c974b
13042,CH,#b19246
13043,HU,#ac7c49
13044,RO,#b06e48
13045,IS,#2ca02c
13046,RU,#61667a
13047,SK,#9d7d4f
13048,HU,#ac7c49
13049,FI,#2b8384
13050,HR,#bc8144
13051,SE,#3c8a6a
13052,AL,#d87539
13053,GE,#c43d39
13054,NO,#3d8e61
13055,FI,#2b8384
13056,GB,#7fa047
13057,AL,#d87539
13058,CH,#b19246
13059,EE,#507d73
13060,HU,#ac7c49
13061,DK,#6b8e57
13062,IT,#ce893f
13063,ME,#d1783c
13064,NL,#8c974b
13065,AT,#ae8648
13066,DE,#918e4e
13067,CH,#b19246
13068,AL,#d87539
13069,IS,#2ca02c
13070,DK,#6b8e57
13071,RU,#61667a
13072,CH,#b19246
13073,GE,#c43d39
13074,SK,#9d7d4f
13075,DK,#6b8e57
13076,BY,#7b7261
13077,FR,#b49f44
13078,CZ,#97854f
13079,CH,#b19246
13080,RO,#b06e48
13081,RS,#c17541
13082,AT,#ae8648
13083,IS,#2ca02c
13084,BG,#c66a3e
13085,SE,#3c8a6a
13086,RO,#b06e48
13087,NO,#3d8e61
13088,FR,#b49f44
13089,GB,#7fa047
13090,SK,#9d7d4f
13091,AM,#d1322e
13092,RO,#b06e48
13093,EE,#507d73
13094,GB,#7fa047
13095,FI,#2b8384
13096,GB,#7fa047
13097,SK,#9d7d4f
13098,DE,#918e4e
13099,AM,#d1322e
13100,AM,#d1322e
13101,CH,#b19246
13102,NL,#8c974b
13103,CH,#b19246
13104,GB,#7fa047
13105,AZ,#cf2a2d
13106,PT,#f8bf3f
13107,FI,#2b8384
13108,DK,#6b8e57
13109,BY,#7b7261
13110,GE,#c43d39
13111,CH,#b19246
13112,RO,#b06e48
13113,CH,#b19246
13114,PL,#867f57
13115,IS,#2ca02c
13116,AM,#d1322e
13117,SI,#b58346
13118,SI,#b58346
13119,SK,#9d7d4f
13120,AL,#d87539
13121,DK,#6b8e57
13122,RS,#c17541
13123,HR,#bc8144
13124,AL,#d87539
13125,GB,#7fa047
13126,DK,#6b8e57
13127,DE,#918e4e
13128,RO,#b06e48
13129,RU,#61667a
13130,DK,#6b8e57
13131,HU,#ac7c49
13132,DK,#6b8e57
13133,DK,#6b8e57
13134,CH,#b19246
13135,FI,#2b8384
13136,GE,#c43d39
13137,FR,#b49f44
13138,MK,#d0733c
13139,RU,#61667a
13140,DE,#918e4e
13141,BY,#7b7261
13142,EE,#507d73
13143,PT,#f8bf3f
13144,AM,#d1322e
13145,HR,#bc8144
13146,AT,#ae8648
13147,IS,#2ca02c
13148,RS,#c17541
13149,AZ,#cf2a2d
13150,DE,#918e4e
13151,IT,#ce893f
13152,CH,#b19246
13153,SI,#b58346
13154,BY,#7b7261
13155,SK,#9d7d4f
13156,SK,#9d7d4f
13157,BA,#c37c41
13158,HR,#bc8144
13159,DK,#6b8e57
13160,CH,#b19246
13161,GB,#7fa047
13162,RO,#b06e48
13163,AZ,#cf2a2d
13164,SK,#9d7d4f
13165,BY,#7b7261
13166,BA,#c37c41
13167,BG,#c66a3e
13168,CH,#b19246
13169,DK,#6b8e57
13170,GE,#c43d39
13171,DK,#6b8e57
13172,CZ,#97854f
13173,EE,#507d73
13174,AT,#ae8648
13175,IS,#2ca02c
13176,IS,#2ca02c
13177,DK,#6b8e57
13178,CH,#b19246
13179,DK,#6b8e57
13180,MK,#d0733c
13181,AM,#d1322e
13182,DE,#918e4e
13183,BG,#c66a3e
13184,GE,#c43d39
13185,RU,#61667a
13186,CH,#b19246
13187,DE,#918e4e
13188,BG,#c66a3e
13189,BA,#c37c41
13190,SI,#b58346
13191,GE,#c43d39
13192,PT,#f8bf3f
13193,DK,#6b8e57
13194,RS,#c17541
13195,DK,#6b8e57
13196,CZ,#97854f
13197,IS,#2ca02c
13198,NL,#8c974b
13199,BA,#c37c41
13200,DE,#918e4e
13201,ME,#d1783c
13202,CH,#b19246
13203,SK,#9d7d4f
13204,NO,#3d8e61
13205,IS,#2ca02c
13206,RU,#61667a
13207,DK,#6b8e57
13208,AZ,#cf2a2d
13209,SE,#3c8a6a
13210,MK,#d0733c
13211,NL,#8c974b
13212,DK,#6b8e57
13213,IT,#ce893f
13214,GB,#7fa047
13215,SK,#9d7d4f
13216,SE,#3c8a6a
13217,IT,#ce893f
13218,NO,#3d8e61
13219,GE,#c43d39
13220,DK,#6b8e57
13221,BG,#c66a3e
13222,CH,#b19246
13223,PL,#867f57
13224,DK,#6b8e57
13225,RU,#61667a
13226,RO,#b06e48
13227,GB,#7fa047
13228,CZ,#97854f
13229,LT,#6e7a64
13230,CH,#b19246
13231,RS,#c17541
13232,FR,#b49f44
13233,SK,#9d7d4f
13234,SI,#b58346
13235,PL,#867f57
13236,NO,#3d8e61
13237,IS,#2ca02c
13238,GE,#c43d39
13239,AZ,#cf2a2d
13240,RO,#b06e48
13241,RU,#61667a
13242,BA,#c37c41
13243,PT,#f8bf3f
13244,BA,#c37c41
13245,NO,#3d8e61
13246,CH,#b19246
13247,GB,#7fa047
13248,CH,#b19246
13249,CZ,#97854f
13250,NL,#8c974b
13251,NL,#8c974b
13252,BY,#7b7261
13253,CH,#b19246
13254,AM,#d1322e
13255,SK,#9d7d4f
13256,PL,#867f57
13257,ME,#d1783c
13258,SI,#b58346
13259,GE,#c43d39
13260,CH,#b19246
13261,NO,#3d8e61
13262,HU,#ac7c49
13263,AZ,#cf2a2d
13264,DK,#6b8e57
13265,SK,#9d7d4f
13266,GB,#7fa047
13267,AL,#d87539
13268,AM,#d1322e
13269,HU,#ac7c49
13270,CH,#b19246
13271,PL,#867f57
13272,MK,#d0733c
13273,FR,#b49f44
13274,NO,#3d8e61
13275,AL,#d87539
13276,GB,#7fa047
13277,BY,#7b7261
13278,NO,#3d8e61
13279,ES,#eeb33e
13280,DE,#918e4e
13281,AL,#d87539
13282,FI,#2b8384
13283,SI,#b58346
13284,DE,#918e4e
13285,CH,#b19246
13286,DK,#6b8e57
13287,SE,#3c8a6a
13288,CZ,#97854f
13289,ME,#d1783c
13290,RS,#c17541
13291,NL,#8c974b
13292,DK,#6b8e57
13293,GE,#c43d39
13294,GB,#7fa047
13295,RO,#b06e48
13296,DK,#6b8e57
13297,NL,#8c974b
13298,CH,#b19246
13299,DE,#918e4e
13300,CH,#b19246
13301,EE,#507d73
13302,DK,#6b8e57
13303,HU,#ac7c49
13304,NL,#8c974b
13305,NL,#8c974b
13306,AT,#ae8648
13307,PT,#f8bf3f
13308,LT,#6e7a64
13309,HU,#ac7c49
13310,DE,#918e4e
13311,BY,#7b7261
13312,FR,#b49f44
13313,DE,#918e4e
13314,BA,#c37c41
13315,IS,#2ca02c
13316,RO,#b06e48
13317,AT,#ae8648
13318,SI,#b58346
13319,GE,#c43d39
13320,CH,#b19246
13321,NO,#3d8e61
13322,CH,#b19246
13323,DE,#918e4e
13324,AL,#d87539
13325,CH,#b19246
13326,NL,#8c974b
13327,DK,#6b8e57
13328,GE,#c43d39
13329,RS,#c17541
13330,DK,#6b8e57
13331,DK,#6b8e57
13332,ES,#eeb33e
13333,FR,#b49f44
13334,NO,#3d8e61
13335,NL,#8c974b
13336,CH,#b19246
13337,NL,#8c974b
13338,AL,#d87539
13339,RO,#b06e48
13340,BG,#c66a3e
13341,IT,#ce893f
13342,RS,#c17541
13343,IT,#ce893f
13344,FI,#2b8384
13345,LT,#6e7a64
13346,RS,#c17541
13347,IS,#2ca02c
13348,GE,#c43d39
13349,IT,#ce893f
13350,IS,#2ca02c
13351,FR,#b49f44
13352,HU,#ac7c49
13353,HU,#ac7c49
13354,SK,#9d7d4f
13355,AZ,#cf2a2d
13356,BA,#c37c41
13357,DK,#6b8e57
13358,ES,#eeb33e
13359,CH,#b19246
13360,CH,#b19246
13361,DK,#6b8e57
13362,DK,#6b8e57
13363,CZ,#97854f
13364,NL,#8c974b
13365,IS,#2ca02c
13366,IS,#2ca02c
13367,BY,#7b7261
13368,DK,#6b8e57
13369,NL,#8c974b
13370,GE,#c43d39
13371,CH,#b19246
13372,RU,#61667a
13373,AT,#ae8648
13374,GE,#c43d39
13375,ES,#eeb33e
13376,NO,#3d8e61
13377,DK,#6b8e57
13378,AT,#ae8648
13379,BA,#c37c41
13380,IT,#ce893f
13381,AL,#d87539
13382,ME,#d1783c
13383,AT,#ae8648
13384,GB,#7fa047
13385,GB,#7fa047
13386,AZ,#cf2a2d
13387,CZ,#97854f
13388,LT,#6e7a64
13389,DE,#918e4e
13390,IS,#2ca02c
13391,GB,#7fa047
13392,IS,#2ca02c
13393,RU,#61667a
13394,SK,#9d7d4f
13395,HU,#ac7c49
13396,EE,#507d73
13397,BA,#c37c41
13398,CH,#b19246
13399,AZ,#cf2a2d
13400,FI,#2b8384
13401,PT,#f8bf3f
13402,GE,#c43d39
13403,ES,#eeb33e
13404,FI,#2b8384
13405,BY,#7b7261
13406,NO,#3d8e61
13407,IS,#2ca02c
13408,RO,#b06e48
13409,AT,#ae8648
13410,DE,#918e4e
13411,SE,#3c8a6a
13412,LT,#6e7a64
13413,AZ,#cf2a2d
13414,IT,#ce893f
13415,RU,#61667a
13416,HU,#ac7c49
13417,CH,#b19246
13418,CH,#b19246
13419,NL,#8c974b
13420,GE,#c43d39
13421,BA,#c37c41
13422,MK,#d0733c
13423,HU,#ac7c49
13424,SI,#b58346
13425,AM,#d1322e
13426,IS,#2ca02c
13427,AL,#d87539
13428,BA,#c37c41
13429,DE,#918e4e
13430,FI,#2b8384
13431,NO,#3d8e61
13432,MK,#d0733c
13433,CH,#b19246
13434,DK,#6b8e57
13435,CH,#b19246
13436,PL,#867f57
13437,SE,#3c8a6a
13438,FR,#b49f44
13439,HR,#bc8144
13440,SI,#b58346
13441,CH,#b19246
13442,ME,#d1783c
13443,CH,#b19246
13444,HU,#ac7c49
13445,RS,#c17541
13446,AL,#d87539
13447,FR,#b49f44
13448,GB,#7fa047
13449,BG,#c66a3e
13450,PL,#867f57
13451,FI,#2b8384
13452,SK,#9d7d4f
13453,IT,#ce893f
13454,BY,#7b7261
13455,GE,#c43d39
13456,GE,#c43d39
13457,FI,#2b8384
13458,RO,#b06e48
13459,ES,#eeb33e
13460,DE,#918e4e
13461,GB,#7fa047
13462,FI,#2b8384
13463,FI,#2b8384
13464,GB,#7fa047
13465,FI,#2b8384
13466,DE,#918e4e
13467,FR,#b49f44
13468,CZ,#97854f
13469,GE,#c43d39
13470,SK,#9d7d4f
13471,CZ,#97854f
13472,RU,#61667a
13473,DK,#6b8e57
13474,NO,#3d8e61
13475,AT,#ae8648
13476,CZ,#97854f
13477,RO,#b06e48
13478,IS,#2ca02c
13479,SE,#3c8a6a
13480,ME,#d1783c
13481,BA,#c37c41
13482,GE,#c43d39
13483,HU,#ac7c49
13484,GB,#7fa047
13485,AZ,#cf2a2d
13486,SE,#3c8a6a
13487,NL,#8c974b
13488,GB,#7fa047
13489,NL,#8c974b
13490,HR,#bc8144
13491,AM,#d1322e
13492,NO,#3d8e61
13493,BY,#7b7261
13494,SI,#b58346
13495,DK,#6b8e57
13496,SE,#3c8a6a
13497,IT,#ce893f
13498,SE,#3c8a6a
13499,BG,#c66a3e
13500,CH,#b19246
13501,RS,#c17541
13502,CZ,#97854f
13503,NO,#3d8e61
13504,AM,#d1322e
13505,NL,#8c974b
13506,DK,#6b8e57
13507,FR,#b49f44
13508,BY,#7b7261
13509,AL,#d87539
13510,AM,#d1322e
13511,NO,#3d8e61
13512,EE,#507d73
13513,FI,#2b8384
13514,SK,#9d7d4f
13515,PL,#867f57
13516,IT,#ce893f
13517,RU,#61667a
13518,FR,#b49f44
13519,AT,#ae8648
13520,DK,#6b8e57
13521,CH,#b19246
13522,CH,#b19246
13523,SK,#9d7d4f
13524,EE,#507d73
13525,IT,#ce893f
13526,BG,#c66a3e
13527,DK,#6b8e57
13528,GB,#7fa047
13529,BA,#c37c41
13530,IT,#ce893f
13531,SK,#9d7d4f
13532,FR,#b49f44
13533,AL,#d87539
13534,RO,#b06e48
13535,SE,#3c8a6a
13536,RS,#c17541
13537,NO,#3d8e61
13538,DK,#6b8e57
13539,AZ,#cf2a2d
13540,AT,#ae8648
13541,SK,#9d7d4f
13542,SK,#9d7d4f
13543,NL,#8c974b
13544,BA,#c37c41
13545,SE,#3c8a6a
13546,GE,#c43d39
13547,HR,#bc8144
13548,CH,#b19246
13549,FR,#b49f44
13550,DE,#918e4e
13551,LT,#6e7a64
13552,CH,#b19246
13553,DK,#6b8e57
13554,SE,#3c8a6a
13555,NL,#8c974b
13556,AZ,#cf2a2d
13557,AM,#d1322e
13558,PL,#867f57
13559,FR,#b49f44
13560,BA,#c37c41
13561,CH,#b19246
13562,NO,#3d8e61
13563,DK,#6b8e57
13564,ES,#eeb33e
13565,HU,#ac7c49
13566,NL,#8c974b
13567,BA,#c37c41
13568,PT,#f8bf3f
13569,GE,#c43d39
13570,HU,#ac7c49
13571,ES,#eeb33e
13572,RO,#b06e48
13573,NL,#8c974b
13574,NO,#3d8e61
13575,BA,#c37c41
13576,NO,#3d8e61
13577,BY,#7b7261
13578,CH,#b19246
13579,DK,#6b8e57
13580,AZ,#cf2a2d
13581,IT,#ce893f
13582,HR,#bc8144
13583,CZ,#97854f
13584,GB,#7fa047
13585,HR,#bc8144
13586,DE,#918e4e
13587,NL,#8c974b
13588,CZ,#97854f
13589,AL,#d87539
13590,AT,#ae8648
13591,NO,#3d8e61
13592,DK,#6b8e57
13593,RS,#c17541
13594,HU,#ac7c49
13595,IS,#2ca02c
13596,RU,#61667a
13597,LT,#6e7a64
13598,HU,#ac7c49
13599,AL,#d87539
13600,RU,#61667a
13601,AT,#ae8648
13602,NL,#8c974b
13603,GE,#c43d39
13604,RO,#b06e48
13605,FR,#b49f44
13606,GB,#7fa047
13607,NL,#8c974b
13608,MK,#d0733c
13609,RU,#61667a
13610,PT,#f8bf3f
13611,AZ,#cf2a2d
13612,SE,#3c8a6a
13613,HR,#bc8144
13614,AT,#ae8648
13615,BA,#c37c41
13616,ES,#eeb33e
13617,NO,#3d8e61
13618,AT,#ae8648
13619,GE,#c43d39
13620,RU,#61667a
13621,HR,#bc8144
13622,EE,#507d73
13623,RO,#b06e48
13624,NO,#3d8e61
13625,HU,#ac7c49
13626,GB,#7fa047
13627,FI,#2b8384
13628,IT,#ce893f
13629,FR,#b49f44
13630,IS,#2ca02c
13631,AL,#d87539
13632,FI,#2b8384
13633,NL,#8c974b
13634,GB,#7fa047
13635,BA,#c37c41
13636,MK,#d0733c
13637,CH,#b19246
13638,PL,#867f57
13639,AM,#d1322e
13640,LT,#6e7a64
13641,CH,#b19246
13642,CH,#b19246
13643,NL,#8c974b
13644,FI,#2b8384
13645,GE,#c43d39
13646,SE,#3c8a6a
13647,LT,#6e7a64
13648,FI,#2b8384
13649,AZ,#cf2a2d
13650,NL,#8c974b
13651,DE,#918e4e
13652,DE,#918e4e
13653,CH,#b19246
13654,GE,#c43d39
13655,FI,#2b8384
13656,DK,#6b8e57
13657,GE,#c43d39
13658,BA,#c37c41
13659,HU,#ac7c49
13660,BA,#c37c41
13661,BY,#7b7261
13662,FR,#b49f44
13663,BY,#7b7261
13664,FR,#b49f44
13665,CZ,#97854f
13666,DK,#6b8e57
13667,EE,#507d73
13668,NL,#8c974b
13669,CH,#b19246
13670,IS,#2ca02c
13671,AZ,#cf2a2d
13672,SI,#b58346
13673,MK,#d0733c
13674,SE,#3c8a6a
13675,SI,#b58346
13676,NL,#8c974b
13677,EE,#507d73
13678,DK,#6b8e57
13679,DK,#6b8e57
13680,NL,#8c974b
13681,CZ,#97854f
13682,RO,#b06e48
13683,DK,#6b8e57
13684,RU,#61667a
13685,NO,#3d8e61
13686,AT,#ae8648
13687,AT,#ae8648
13688,DK,#6b8e57
13689,BY,#7b7261
13690,FR,#b49f44
13691,GB,#7fa047
13692,SE,#3c8a6a
13693,GB,#7fa047
13694,SI,#b58346
13695,FR,#b49f44
13696,RS,#c17541
13697,BY,#7b7261
13698,AM,#d1322e
13699,CH,#b19246
13700,IS,#2ca02c
13701,PL,#867f57
13702,MK,#d0733c
13703,PL,#867f57
13704,BA,#c37c41
13705,CH,#b19246
13706,RS,#c17541
13707,FR,#b49f44
13708,AT,#ae8648
13709,BY,#7b7261
13710,BY,#7b7261
13711,BA,#c37c41
13712,MK,#d0733c
13713,FI,#2b8384
13714,CH,#b19246
13715,FI,#2b8384
13716,FR,#b49f44
13717,SI,#b58346
13718,GE,#c43d39
13719,GB,#7fa047
13720,CZ,#97854f
13721,IT,#ce893f
13722,IS,#2ca02c
13723,RU,#61667a
13724,FI,#2b8384
13725,DE,#918e4e
13726,DK,#6b8e57
13727,BG,#c66a3e
13728,PL,#867f57
13729,CH,#b19246
13730,GB,#7fa047
13731,ME,#d1783c
13732,AM,#d1322e
13733,CZ,#97854f
13734,HU,#ac7c49
13735,NL,#8c974b
13736,SI,#b58346
13737,NL,#8c974b
13738,AT,#ae8648
13739,ES,#eeb33e
13740,RU,#61667a
13741,HU,#ac7c49
13742,DK,#6b8e57
13743,BY,#7b7261
13744,GB,#7fa047
13745,IT,#ce893f
13746,IS,#2ca02c
13747,IT,#ce893f
13748,RO,#b06e48
13749,AL,#d87539
13750,AT,#ae8648
13751,RS,#c17541
13752,SK,#9d7d4f
13753,FR,#b49f44
13754,EE,#507d73
13755,SE,#3c8a6a
13756,NL,#8c974b
13757,GE,#c43d39
13758,ME,#d1783c
13759,IS,#2ca02c
13760,CH,#b19246
13761,FI,#2b8384
13762,FI,#2b8384
13763,CZ,#97854f
13764,DK,#6b8e57
13765,AZ,#cf2a2d
13766,AZ,#cf2a2d
13767,CZ,#97854f
13768,DE,#918e4e
13769,FI,#2b8384
13770,BG,#c66a3e
13771,SE,#3c8a6a
13772,SK,#9d7d4f
13773,RS,#c17541
13774,NL,#8c974b
13775,DE,#918e4e
13776,LT,#6e7a64
13777,NL,#8c974b
13778,HU,#ac7c49
13779,AM,#d1322e
13780,RS,#c17541
13781,BA,#c37c41
13782,NL,#8c974b
13783,GB,#7fa047
13784,CZ,#97854f
13785,AL,#d87539
13786,CH,#b19246
13787,MK,#d0733c
13788,FR,#b49f44
13789,CH,#b19246
13790,EE,#507d73
13791,CH,#b19246
13792,DK,#6b8e57
13793,IS,#2ca02c
13794,AZ,#cf2a2d
13795,FI,#2b8384
13796,SI,#b58346
13797,FR,#b49f44
13798,LT,#6e7a64
13799,RS,#c17541
13800,CH,#b19246
13801,PL,#867f57
13802,HU,#ac7c49
13803,CH,#b19246
13804,SK,#9d7d4f
13805,NL,#8c974b
13806,GE,#c43d39
13807,SI,#b58346
13808,IT,#ce893f
13809,FI,#2b8384
13810,IT,#ce893f
13811,EE,#507d73
13812,NO,#3d8e61
13813,AL,#d87539
13814,AT,#ae8648
13815,CH,#b19246
13816,NO,#3d8e61
13817,BY,#7b7261
13818,DE,#918e4e
13819,CH,#b19246
13820,NO,#3d8e61
13821,DE,#918e4e
13822,FR,#b49f44
13823,HR,#bc8144
13824,IS,#2ca02c
13825,MK,#d0733c
13826,RO,#b06e48
13827,IS,#2ca02c
13828,MK,#d0733c
13829,SK,#9d7d4f
13830,AT,#ae8648
13831,AT,#ae8648
13832,GB,#7fa047
13833,LT,#6e7a64
13834,DK,#6b8e57
13835,LT,#6e7a64
13836,GE,#c43d39
13837,MK,#d0733c
13838,GE,#c43d39
13839,DE,#918e4e
13840,HU,#ac7c49
13841,NL,#8c974b
13842,CH,#b19246
13843,CH,#b19246
13844,PT,#f8bf3f
13845,IT,#ce893f
13846,EE,#507d73
13847,MK,#d0733c
13848,CZ,#97854f
13849,ME,#d1783c
13850,HU,#ac7c49
13851,FR,#b49f44
13852,AM,#d1322e
13853,CH,#b19246
13854,RS,#c17541
13855,BY,#7b7261
13856,IS,#2ca02c
13857,AL,#d87539
13858,DK,#6b8e57
13859,FI,#2b8384
13860,SK,#9d7d4f
13861,GB,#7fa047
13862,RO,#b06e48
13863,NO,#3d8e61
13864,NL,#8c974b
13865,FR,#b49f44
13866,FI,#2b8384
13867,ME,#d1783c
13868,CZ,#97854f
13869,AT,#ae8648
13870,SK,#9d7d4f
13871,AM,#d1322e
13872,SE,#3c8a6a
13873,SE,#3c8a6a
13874,FI,#2b8384
13875,BA,#c37c41
13876,BA,#c37c41
13877,BY,#7b7261
13878,DK,#6b8e57
13879,BA,#c37c41
13880,AL,#d87539
13881,MK,#d0733c
13882,SE,#3c8a6a
13883,DE,#918e4e
13884,NL,#8c974b
13885,CH,#b19246
13886,FI,#2b8384
13887,RS,#c17541
13888,DK,#6b8e57
13889,DE,#918e4e
13890,IS,#2ca02c
13891,BA,#c37c41
13892,GB,#7fa047
13893,BG,#c66a3e
13894,CH,#b19246
13895,AM,#d1322e
13896,GE,#c43d39
13897,CZ,#97854f
13898,RS,#c17541
13899,DE,#918e4e
13900,RU,#61667a
13901,CH,#b19246
13902,NO,#3d8e61
13903,SI,#b58346
13904,NO,#3d8e61
13905,CH,#b19246
13906,HU,#ac7c49
13907,PL,#867f57
13908,ES,#eeb33e
13909,RU,#61667a
13910,NO,#3d8e61
13911,CH,#b19246
13912,DE,#918e4e
13913,AM,#d1322e
13914,SE,#3c8a6a
13915,RU,#61667a
13916,NO,#3d8e61
13917,RU,#61667a
13918,HR,#bc8144
13919,HR,#bc8144
13920,BA,#c37c41
13921,RO,#b06e48
13922,AT,#ae8648
13923,GE,#c43d39
13924,SE,#3c8a6a
13925,AM,#d1322e
13926,PT,#f8bf3f
13927,IT,#ce893f
13928,DK,#6b8e57
13929,BY,#7b7261
13930,HR,#bc8144
13931,NL,#8c974b
13932,HU,#ac7c49
13933,HR,#bc8144
13934,NL,#8c974b
13935,DE,#918e4e
13936,CH,#b19246
13937,DK,#6b8e57
13938,RS,#c17541
13939,ME,#d1783c
13940,AL,#d87539
13941,DK,#6b8e57
13942,FR,#b49f44
13943,BA,#c37c41
13944,FR,#b49f44
13945,IT,#ce893f
13946,CH,#b19246
13947,FR,#b49f44
13948,NO,#3d8e61
13949,IT,#ce893f
13950,AL,#d87539
13951,FR,#b49f44
13952,IS,#2ca02c
13953,EE,#507d73
13954,CZ,#97854f
13955,IS,#2ca02c
13956,RO,#b06e48
13957,NO,#3d8e61
13958,CH,#b19246
13959,MK,#d0733c
13960,CH,#b19246
13961,MK,#d0733c
13962,MK,#d0733c
13963,RS,#c17541
13964,IS,#2ca02c
13965,FR,#b49f44
13966,DE,#918e4e
13967,CH,#b19246
13968,RO,#b06e48
13969,BY,#7b7261
13970,GB,#7fa047
13971,NL,#8c974b
13972,HU,#ac7c49
13973,HU,#ac7c49
13974,GE,#c43d39
13975,IT,#ce893f
13976,FR,#b49f44
13977,RS,#c17541
13978,FI,#2b8384
13979,FR,#b49f44
13980,CH,#b19246
13981,SE,#3c8a6a
13982,CH,#b19246
13983,FI,#2b8384
13984,CH,#b19246
13985,CH,#b19246
13986,HR,#bc8144
13987,BY,#7b7261
13988,HU,#ac7c49
13989,GB,#7fa047
13990,ES,#eeb33e
13991,AL,#d87539
13992,RO,#b06e48
13993,CH,#b19246
13994,CH,#b19246
13995,CZ,#97854f
13996,DK,#6b8e57
13997,LT,#6e7a64
13998,RO,#b06e48
13999,HU,#ac7c49
14000,HU,#ac7c49
14001,BA,#c37c41
14002,CH,#b19246
14003,AT,#ae8648
14004,AL,#d87539
14005,AM,#d1322e
14006,AM,#d1322e
14007,CH,#b19246
14008,LT,#6e7a64
14009,FI,#2b8384
14010,PL,#867f57
14011,IT,#ce893f
14012,DK,#6b8e57
14013,ES,#eeb33e
14014,HU,#ac7c49
14015,RO,#b06e48
14016,AZ,#cf2a2d
14017,GB,#7fa047
14018,AZ,#cf2a2d
14019,CH,#b19246
14020,CH,#b19246
14021,DK,#6b8e57
14022,ES,#eeb33e
14023,DK,#6b8e57
14024,DK,#6b8e57
14025,DK,#6b8e57
14026,FR,#b49f44
14027,DK,#6b8e57
14028,CZ,#97854f
14029,DK,#6b8e57
14030,AL,#d87539
14031,BY,#7b7261
14032,FR,#b49f44
14033,LT,#6e7a64
14034,HR,#bc8144
14035,ES,#eeb33e
14036,NL,#8c974b
14037,FR,#b49f44
14038,CH,#b19246
14039,DK,#6b8e57
14040,BY,#7b7261
14041,LT,#6e7a64
14042,GE,#c43d39
14043,DK,#6b8e57
14044,AM,#d1322e
14045,DE,#918e4e
14046,DK,#6b8e57
14047,AT,#ae8648
14048,SK,#9d7d4f
14049,LT,#6e7a64
14050,RS,#c17541
14051,NL,#8c974b
14052,BY,#7b7261
14053,AM,#d1322e
14054,AM,#d1322e
14055,AL,#d87539
14056,GE,#c43d39
14057,PT,#f8bf3f
14058,EE,#507d73
14059,DK,#6b8e57
14060,RU,#61667a
14061,CH,#b19246
14062,ES,#eeb33e
14063,FR,#b49f44
14064,DK,#6b8e57
14065,PL,#867f57
14066,FR,#b49f44
14067,SK,#9d7d4f
14068,BA,#c37c41
14069,NL,#8c974b
14070,FR,#b49f44
14071,AM,#d1322e
14072,AT,#ae8648
14073,CZ,#97854f
14074,FI,#2b8384
14075,CH,#b19246
14076,DE,#918e4e
14077,SE,#3c8a6a
14078,FI,#2b8384
14079,IS,#2ca02c
14080,AT,#ae8648
14081,ME,#d1783c
14082,CH,#b19246
14083,HU,#ac7c49
14084,BY,#7b7261
14085,CZ,#97854f
14086,NL,#8c974b
14087,MK,#d0733c
14088,RO,#b06e48
14089,ES,#eeb33e
14090,BG,#c66a3e
14091,DK,#6b8e57
14092,GB,#7fa047
14093,MK,#d0733c
14094,BA,#c37c41
14095,AZ,#cf2a2d
14096,CH,#b19246
14097,CH,#b19246
14098,SE,#3c8a6a
14099,FR,#b49f44
14100,DK,#6b8e57
14101,FR,#b49f44
14102,DE,#918e4e
14103,AL,#d87539
14104,DK,#6b8e57
14105,DE,#918e4e
14106,HU,#ac7c49
14107,SI,#b58346
14108,NL,#8c974b
14109,LT,#6e7a64
14110,RO,#b06e48
14111,AT,#ae8648
14112,GE,#c43d39
14113,CH,#b19246
14114,HR,#bc8144
14115,CH,#b19246
14116,CZ,#97854f
14117,DE,#918e4e
14118,SE,#3c8a6a
14119,DE,#918e4e
14120,GE,#c43d39
14121,ME,#d1783c
14122,FI,#2b8384
14123,HR,#bc8144
14124,IS,#2ca02c
14125,AT,#ae8648
14126,LT,#6e7a64
14127,CH,#b19246
14128,DK,#6b8e57
14129,ES,#eeb33e
14130,RO,#b06e48
14131,GB,#7fa047
14132,IT,#ce893f
14133,AT,#ae8648
14134,AT,#ae8648
14135,BA,#c37c41
14136,RS,#c17541
14137,DE,#918e4e
14138,NO,#3d8e61
14139,EE,#507d73
14140,IT,#ce893f
14141,DK,#6b8e57
14142,HU,#ac7c49
14143,GB,#7fa047
14144,IS,#2ca02c
14145,CH,#b19246
14146,RO,#b06e48
14147,RS,#c17541
14148,AM,#d1322e
14149,DE,#918e4e
14150,IS,#2ca02c
14151,DK,#6b8e57
14152,GB,#7fa047
14153,FI,#2b8384
14154,RS,#c17541
14155,IS,#2ca02c
14156,CH,#b19246
14157,IT,#ce893f
14158,RO,#b06e48
14159,GB,#7fa047
14160,AL,#d87539
14161,GE,#c43d39
14162,DE,#918e4e
14163,LT,#6e7a64
14164,ES,#eeb33e
14165,AT,#ae8648
14166,FR,#b49f44
14167,PL,#867f57
14168,GE,#c43d39
14169,PL,#867f57
14170,NO,#3d8e61
14171,BY,#7b7261
14172,CH,#b19246
14173,DK,#6b8e57
14174,AL,#d87539
14175,CH,#b19246
14176,NO,#3d8e61
14177,FI,#2b8384
14178,AM,#d1322e
14179,HU,#ac7c49
14180,DK,#6b8e57
14181,DE,#918e4e
14182,DK,#6b8e57
14183,NL,#8c974b
14184,ME,#d1783c
14185,IS,#2ca02c
14186,BG,#c66a3e
14187,LT,#6e7a64
14188,DK,#6b8e57
14189,HU,#ac7c49
14190,RO,#b06e48
14191,RO,#b06e48
14192,GB,#7fa047
14193,AM,#d1322e
14194,IS,#2ca02c
14195,GE,#c43d39
14196,NL,#8c974b
14197,SE,#3c8a6a
14198,DK,#6b8e57
14199,CH,#b19246
14200,DK,#6b8e57
14201,SK,#9d7d4f
14202,CZ,#97854f
14203,IS,#2ca02c
14204,IT,#ce893f
14205,SK,#9d7d4f
14206,FI,#2b8384
14207,IT,#ce893f
14208,IS,#2ca02c
14209,BG,#c66a3e
14210,SK,#9d7d4f
14211,AZ,#cf2a2d
14212,SK,#9d7d4f
14213,FR,#b49f44
14214,CH,#b19246
14215,DK,#6b8e57
14216,HU,#ac7c49
14217,DK,#6b8e57
14218,NL,#8c974b
14219,FR,#b49f44
14220,FI,#2b8384
14221,IT,#ce893f
14222,AL,#d87539
14223,EE,#507d73
14224,HR,#bc8144
14225,DE,#918e4e
14226,EE,#507d73
14227,PL,#867f57
14228,AL,#d87539
14229,HU,#ac7c49
14230,CZ,#97854f
14231,HR,#bc8144
14232,FI,#2b8384
14233,AM,#d1322e
14234,RO,#b06e48
14235,AM,#d1322e
14236,BA,#c37c41
14237,ME,#d1783c
14238,DK,#6b8e57
14239,IT,#ce893f
14240,DK,#6b8e57
14241,DE,#918e4e
14242,CZ,#97854f
14243,PT,#f8bf3f
14244,MK,#d0733c
14245,LT,#6e7a64
14246,BY,#7b7261
14247,NL,#8c974b
14248,NL,#8c974b
14249,DK,#6b8e57
14250,FI,#2b8384
14251,EE,#507d73
14252,NO,#3d8e61
14253,AZ,#cf2a2d
14254,DK,#6b8e57
14255,RU,#61667a
14256,CZ,#97854f
14257,HU,#ac7c49
14258,AT,#ae8648
14259,IT,#ce893f
14260,MK,#d0733c
14261,BG,#c66a3e
14262,DE,#918e4e
14263,AT,#ae8648
14264,SE,#3c8a6a
14265,CH,#b19246
14266,AL,#d87539
14267,HU,#ac7c49
14268,HU,#ac7c49
14269,IS,#2ca02c
14270,CH,#b19246
14271,HR,#bc8144
14272,GE,#c43d39
14273,AM,#d1322e
14274,HU,#ac7c49
14275,PL,#867f57
14276,SE,#3c8a6a
14277,BA,#c37c41
14278,SE,#3c8a6a
14279,GE,#c43d39
14280,DK,#6b8e57
14281,DK,#6b8e57
14282,GB,#7fa047
14283,GB,#7fa047
14284,FR,#b49f44
14285,BA,#c37c41
14286,AT,#ae8648
14287,PL,#867f57
14288,CZ,#97854f
14289,IT,#ce893f
14290,DK,#6b8e57
14291,PT,#f8bf3f
14292,FR,#b49f44
14293,IS,#2ca02c
14294,CH,#b19246
14295,PT,#f8bf3f
14296,HU,#ac7c49
14297,SE,#3c8a6a
14298,SE,#3c8a6a
14299,PL,#867f57
14300,SE,#3c8a6a
14301,IS,#2ca02c
14302,FI,#2b8384
14303,DE,#918e4e
14304,DK,#6b8e57
14305,BG,#c66a3e
14306,DE,#918e4e
14307,PT,#f8bf3f
14308,SI,#b58346
14309,HU,#ac7c49
14310,NL,#8c974b
14311,IS,#2ca02c
14312,GB,#7fa047
14313,AM,#d1322e
14314,FI,#2b8384
14315,IS,#2ca02c
14316,HU,#ac7c49
14317,AT,#ae8648
14318,EE,#507d73
14319,CH,#b19246
14320,BG,#c66a3e
14321,AZ,#cf2a2d
14322,ES,#eeb33e
14323,SK,#9d7d4f
14324,AL,#d87539
14325,FI,#2b8384
14326,BY,#7b7261
14327,FI,#2b8384
14328,AT,#ae8648
14329,SI,#b58346
14330,IT,#ce893f
14331,CH,#b19246
14332,ES,#eeb33e
14333,DK,#6b8e57
14334,HR,#bc8144
14335,BA,#c37c41
14336,RS,#c17541
14337,CZ,#97854f
14338,NO,#3d8e61
14339,GE,#c43d39
14340,RO,#b06e48
14341,IT,#ce893f
14342,CZ,#97854f
14343,IT,#ce893f
14344,DK,#6b8e57
14345,NO,#3d8e61
14346,PL,#867f57
14347,IS,#2ca02c
14348,FR,#b49f44
14349,RU,#61667a
14350,NL,#8c974b
14351,GB,#7fa047
14352,BA,#c37c41
14353,CZ,#97854f
14354,DK,#6b8e57
14355,HR,#bc8144
14356,IT,#ce893f
14357,DK,#6b8e57
14358,CH,#b19246
14359,BA,#c37c41
14360,AL,#d87539
14361,NL,#8c974b
14362,DK,#6b8e57
14363,ES,#eeb33e
14364,ES,#eeb33e
14365,DK,#6b8e57
14366,CH,#b19246
14367,ES,#eeb33e
14368,SI,#b58346
14369,HU,#ac7c49
14370,NL,#8c974b
14371,NL,#8c974b
14372,DK,#6b8e57
14373,DE,#918e4e
14374,BA,#c37c41
14375,GE,#c43d39
14376,GB,#7fa047
14377,NL,#8c974b
14378,HR,#bc8144
14379,ES,#eeb33e
14380,FI,#2b8384
14381,PL,#867f57
14382,GB,#7fa047
14383,BA,#c37c41
14384,NL,#8c974b
14385,GE,#c43d39
14386,PT,#f8bf3f
14387,BA,#c37c41
14388,RU,#61667a
14389,DK,#6b8e57
14390,HR,#bc8144
14391,EE,#507d73
14392,RO,#b06e48
14393,IS,#2ca02c
14394,NO,#3d8e61
14395,IS,#2ca02c
14396,GB,#7fa047
14397,PL,#867f57
14398,DK,#6b8e57
14399,SE,#3c8a6a
14400,CH,#b19246
14401,DK,#6b8e57
14402,CH,#b19246
14403,DE,#918e4e
14404,HU,#ac7c49
14405,PL,#867f57
14406,DK,#6b8e57
14407,ME,#d1783c
14408,CH,#b19246
14409,DK,#6b8e57
14410,CH,#b19246
14411,FI,#2b8384
14412,BA,#c37c41
14413,PT,#f8bf3f
14414,CH,#b19246
14415,SK,#9d7d4f
14416,SK,#9d7d4f
14417,DK,#6b8e57
14418,DK,#6b8e57
14419,CH,#b19246
14420,DK,#6b8e57
14421,FR,#b49f44
14422,DE,#918e4e
14423,CH,#b19246
14424,IT,#ce893f
14425,AL,#d87539
14426,GE,#c43d39
14427,CZ,#97854f
14428,BG,#c66a3e
14429,MK,#d0733c
14430,DK,#6b8e57
14431,RO,#b06e48
14432,DK,#6b8e57
14433,MK,#d0733c
14434,AT,#ae8648
14435,DK,#6b8e57
14436,AM,#d1322e
14437,GE,#c43d39
14438,IS,#2ca02c
14439,FI,#2b8384
14440,SK,#9d7d4f
14441,CH,#b19246
14442,RS,#c17541
14443,SK,#9d7d4f
14444,DK,#6b8e57
14445,DK,#6b8e57
14446,AM,#d1322e
14447,DK,#6b8e57
14448,NO,#3d8e61
14449,BG,#c66a3e
14450,SK,#9d7d4f
14451,GE,#c43d39
14452,AT,#ae8648
14453,BY,#7b7261
14454,RO,#b06e48
14455,PL,#867f57
14456,RU,#61667a
14457,HU,#ac7c49
14458,SI,#b58346
14459,SE,#3c8a6a
14460,FR,#b49f44
14461,DE,#918e4e
14462,LT,#6e7a64
14463,CH,#b19246
14464,HU,#ac7c49
14465,SI,#b58346
14466,CH,#b19246
14467,GE,#c43d39
14468,GE,#c43d39
14469,CH,#b19246
14470,MK,#d0733c
14471,BY,#7b7261
14472,AM,#d1322e
14473,AZ,#cf2a2d
14474,BA,#c37c41
14475,AT,#ae8648
14476,RO,#b06e48
14477,NL,#8c974b
14478,RO,#b06e48
14479,AM,#d1322e
14480,DK,#6b8e57
14481,BG,#c66a3e
14482,CZ,#97854f
14483,CH,#b19246
14484,FI,#2b8384
14485,AM,#d1322e
14486,CH,#b19246
14487,NL,#8c974b
14488,DK,#6b8e57
14489,FR,#b49f44
14490,IS,#2ca02c
14491,HU,#ac7c49
14492,DE,#918e4e
14493,NO,#3d8e61
14494,HU,#ac7c49
14495,GB,#7fa047
14496,ES,#eeb33e
14497,GB,#7fa047
14498,RU,#61667a
14499,FR,#b49f44
14500,CH,#b19246
14501,CH,#b19246
14502,DE,#918e4e
14503,LT,#6e7a64
14504,AT,#ae8648
14505,DE,#918e4e
14506,SI,#b58346
14507,DK,#6b8e57
14508,GE,#c43d39
14509,CH,#b19246
14510,SE,#3c8a6a
14511,DK,#6b8e57
14512,SK,#9d7d4f
14513,AZ,#cf2a2d
14514,DK,#6b8e57
14515,DE,#918e4e
14516,FI,#2b8384
14517,DE,#918e4e
14518,IT,#ce893f
14519,IT,#ce893f
14520,FR,#b49f44
14521,CH,#b19246
14522,ES,#eeb33e
14523,RO,#b06e48
14524,BA,#c37c41
14525,HR,#bc8144
14526,DK,#6b8e57
14527,FR,#b49f44
14528,LT,#6e7a64
14529,CH,#b19246
14530,CH,#b19246
14531,CZ,#97854f
14532,NL,#8c974b
14533,NL,#8c974b
14534,SK,#9d7d4f
14535,GE,#c43d39
14536,DE,#918e4e
14537,AL,#d87539
14538,IS,#2ca02c
14539,HU,#ac7c49
14540,NL,#8c974b
14541,PT,#f8bf3f
14542,GE,#c43d39
14543,GE,#c43d39
14544,GE,#c43d39
14545,GB,#7fa047
14546,GE,#c43d39
14547,PT,#f8bf3f
14548,IT,#ce893f
14549,BY,#7b7261
14550,PL,#867f57
14551,DK,#6b8e57
14552,HU,#ac7c49
14553,NL,#8c974b
14554,IS,#2ca02c
14555,AL,#d87539
14556,SK,#9d7d4f
14557,BA,#c37c41
14558,DE,#918e4e
14559,PL,#867f57
14560,GE,#c43d39
14561,NL,#8c974b
14562,RS,#c17541
14563,DK,#6b8e57
14564,NO,#3d8e61
14565,AM,#d1322e
14566,SE,#3c8a6a
14567,HU,#ac7c49
14568,SE,#3c8a6a
14569,RU,#61667a
14570,BA,#c37c41
14571,GE,#c43d39
14572,PT,#f8bf3f
14573,PL,#867f57
14574,IS,#2ca02c
14575,RO,#b06e48
14576,SK,#9d7d4f
14577,HU,#ac7c49
14578,RS,#c17541
14579,AL,#d87539
14580,SI,#b58346
14581,AT,#ae8648
14582,GB,#7fa047
14583,IT,#ce893f
14584,GB,#7fa047
14585,GB,#7fa047
14586,DK,#6b8e57
14587,SE,#3c8a6a
14588,IT,#ce893f
14589,IT,#ce893f
14590,BY,#7b7261
14591,PT,#f8bf3f
14592,AZ,#cf2a2d
14593,CZ,#97854f
14594,CH,#b19246
14595,CH,#b19246
14596,ME,#d1783c
14597,IT,#ce893f
14598,IS,#2ca02c
14599,NO,#3d8e61
14600,CH,#b19246
14601,BG,#c66a3e
14602,DK,#6b8e57
14603,GE,#c43d39
14604,SI,#b58346
14605,SK,#9d7d4f
14606,GB,#7fa047
14607,AT,#ae8648
14608,SE,#3c8a6a
14609,CH,#b19246
14610,FI,#2b8384
14611,RS,#c17541
14612,BA,#c37c41
14613,HR,#bc8144
14614,RU,#61667a
14615,CH,#b19246
14616,HR,#bc8144
14617,SI,#b58346
14618,CH,#b19246
14619,RS,#c17541
14620,NL,#8c974b
14621,EE,#507d73
14622,RU,#61667a
14623,RS,#c17541
14624,IT,#ce893f
14625,BA,#c37c41
14626,SE,#3c8a6a
14627,FR,#b49f44
14628,FR,#b49f44
14629,FR,#b49f44
14630,RS,#c17541
14631,GE,#c43d39
14632,CH,#b19246
14633,ME,#d1783c
14634,SE,#3c8a6a
14635,SE,#3c8a6a
14636,BA,#c37c41
14637,GB,#7fa047
14638,IT,#ce893f
14639,GB,#7fa047
14640,HR,#bc8144
14641,DK,#6b8e57
14642,HU,#ac7c49
14643,IS,#2ca02c
14644,DE,#918e4e
14645,IS,#2ca02c
14646,AT,#ae8648
14647,NL,#8c974b
14648,GB,#7fa047
14649,AM,#d1322e
14650,ES,#eeb33e
14651,HU,#ac7c49
14652,ES,#eeb33e
14653,FR,#b49f44
14654,MK,#d0733c
14655,AL,#d87539
14656,DK,#6b8e57
14657,DK,#6b8e57
14658,GE,#c43d39
14659,CH,#b19246
14660,AM,#d1322e
14661,AT,#ae8648
14662,ES,#eeb33e
14663,HU,#ac7c49
14664,AL,#d87539
14665,BA,#c37c41
14666,IT,#ce893f
14667,SK,#9d7d4f
14668,GB,#7fa047
14669,IT,#ce893f
14670,BG,#c66a3e
14671,IS,#2ca02c
14672,SE,#3c8a6a
14673,HR,#bc8144
14674,NL,#8c974b
14675,DK,#6b8e57
14676,DK,#6b8e57
14677,CH,#b19246
14678,SK,#9d7d4f
14679,FI,#2b8384
14680,SE,#3c8a6a
14681,DK,#6b8e57
14682,IT,#ce893f
14683,AM,#d1322e
14684,NL,#8c974b
14685,IT,#ce893f
14686,LT,#6e7a64
14687,BG,#c66a3e
14688,AT,#ae8648
14689,NO,#3d8e61
14690,CH,#b19246
14691,CZ,#97854f
14692,SE,#3c8a6a
14693,AM,#d1322e
14694,AL,#d87539
14695,DK,#6b8e57
14696,GB,#7fa047
14697,CH,#b19246
14698,NL,#8c974b
14699,GE,#c43d39
14700,IT,#ce893f
14701,FR,#b49f44
14702,HR,#bc8144
14703,IS,#2ca02c
14704,FI,#2b8384
14705,LT,#6e7a64
14706,CH,#b19246
14707,CH,#b19246
14708,DE,#918e4e
14709,SK,#9d7d4f
14710,AT,#ae8648
14711,NL,#8c974b
14712,FR,#b49f44
14713,CH,#b19246
14714,SI,#b58346
14715,DE,#918e4e
14716,LT,#6e7a64
14717,AM,#d1322e
14718,DK,#6b8e57
14719,CH,#b19246
14720,CH,#b19246
14721,FR,#b49f44
14722,DK,#6b8e57
14723,HR,#bc8144
14724,LT,#6e7a64
14725,GB,#7fa047
14726,AM,#d1322e
14727,ME,#d1783c
14728,PT,#f8bf3f
14729,AZ,#cf2a2d
14730,DK,#6b8e57
14731,HU,#ac7c49
14732,DE,#918e4e
14733,DE,#918e4e
14734,RO,#b06e48
14735,AM,#d1322e
14736,DK,#6b8e57
14737,DK,#6b8e57
14738,GE,#c43d39
14739,BY,#7b7261
14740,CZ,#97854f
14741,NL,#8c974b
14742,SK,#9d7d4f
14743,SE,#3c8a6a
14744,AL,#d87539
14745,SI,#b58346
14746,NL,#8c974b
14747,CZ,#97854f
14748,FR,#b49f44
14749,SI,#b58346
14750,AT,#ae8648
14751,EE,#507d73
14752,CH,#b19246
14753,DK,#6b8e57
14754,DK,#6b8e57
14755,DK,#6b8e57
14756,FI,#2b8384
14757,RO,#b06e48
14758,AZ,#cf2a2d
14759,ME,#d1783c
14760,ME,#d1783c
14761,CH,#b19246
14762,EE,#507d73
14763,SI,#b58346
14764,CH,#b19246
14765,IT,#ce893f
14766,DE,#918e4e
14767,NO,#3d8e61
14768,AM,#d1322e
14769,CH,#b19246
14770,ES,#eeb33e
14771,SI,#b58346
14772,NL,#8c974b
14773,IS,#2ca02c
14774,HU,#ac7c49
14775,BA,#c37c41
14776,HR,#bc8144
14777,BA,#c37c41
14778,DE,#918e4e
14779,SI,#b58346
14780,NL,#8c974b
14781,CZ,#97854f
14782,HR,#bc8144
14783,CH,#b19246
14784,IS,#2ca02c
14785,BA,#c37c41
14786,NO,#3d8e61
14787,CH,#b19246
14788,GB,#7fa047
14789,SI,#b58346
14790,DK,#6b8e57
14791,FI,#2b8384
14792,DE,#918e4e
14793,GE,#c43d39
14794,AZ,#cf2a2d
14795,FI,#2b8384
14796,BG,#c66a3e
14797,AT,#ae8648
14798,AT,#ae8648
14799,PT,#f8bf3f
14800,DK,#6b8e57
14801,GE,#c43d39
14802,EE,#507d73
14803,IS,#2ca02c
14804,GE,#c43d39
14805,RU,#61667a
14806,BA,#c37c41
14807,RO,#b06e48
14808,CH,#b19246
14809,IS,#2ca02c
14810,RS,#c17541
14811,GB,#7fa047
14812,AT,#ae8648
14813,GE,#c43d39
14814,SK,#9d7d4f
14815,AM,#d1322e
14816,DE,#918e4e
14817,DK,#6b8e57
14818,SK,#9d7d4f
14819,SI,#b58346
14820,BG,#c66a3e
14821,IS,#2ca02c
14822,AZ,#cf2a2d
14823,NL,#8c974b
14824,GE,#c43d39
14825,AM,#d1322e
14826,HR,#bc8144
14827,LT,#6e7a64
14828,FR,#b49f44
14829,NO,#3d8e61
14830,PT,#f8bf3f
14831,CH,#b19246
14832,BA,#c37c41
14833,RS,#c17541
14834,AT,#ae8648
14835,NL,#8c974b
14836,MK,#d0733c
14837,RO,#b06e48
14838,CH,#b19246
14839,HR,#bc8144
14840,EE,#507d73
14841,AL,#d87539
14842,AL,#d87539
14843,BY,#7b7261
14844,IT,#ce893f
14845,LT,#6e7a64
14846,ME,#d1783c
14847,BG,#c66a3e
14848,LT,#6e7a64
14849,IT,#ce893f
14850,DK,#6b8e57
14851,ME,#d1783c
14852,CH,#b19246
14853,DK,#6b8e57
14854,RS,#c17541
14855,PL,#867f57
14856,GB,#7fa047
14857,NL,#8c974b
14858,NO,#3d8e61
14859,CH,#b19246
14860,CZ,#97854f
14861,AM,#d1322e
14862,CH,#b19246
14863,DK,#6b8e57
14864,SK,#9d7d4f
14865,DE,#918e4e
14866,ES,#eeb33e
14867,DK,#6b8e57
14868,RS,#c17541
14869,MK,#d0733c
14870,IS,#2ca02c
14871,IT,#ce893f
14872,SI,#b58346
14873,GE,#c43d39
14874,FR,#b49f44
14875,GB,#7fa047
14876,IT,#ce893f
14877,IS,#2ca02c
14878,RS,#c17541
14879,AM,#d1322e
14880,BY,#7b7261
14881,NL,#8c974b
14882,HU,#ac7c49
14883,DK,#6b8e57
14884,AM,#d1322e
14885,SE,#3c8a6a
14886,FI,#2b8384
14887,FR,#b49f44
14888,ME,#d1783c
14889,SI,#b58346
14890,FR,#b49f44
14891,LT,#6e7a64
14892,HU,#ac7c49
14893,HU,#ac7c49
14894,AM,#d1322e
14895,ME,#d1783c
14896,DE,#918e4e
14897,HU,#ac7c49
14898,IT,#ce893f
14899,DK,#6b8e57
14900,HU,#ac7c49
14901,SE,#3c8a6a
14902,HR,#bc8144
14903,CH,#b19246
14904,GB,#7fa047
14905,AZ,#cf2a2d
14906,DE,#918e4e
14907,HR,#bc8144
14908,NO,#3d8e61
14909,SK,#9d7d4f
14910,GB,#7fa047
14911,ME,#d1783c
14912,BA,#c37c41
14913,NL,#8c974b
14914,FR,#b49f44
14915,MK,#d0733c
14916,CZ,#97854f
14917,CZ,#97854f
14918,DK,#6b8e57
14919,SK,#9d7d4f
14920,AL,#d87539
14921,EE,#507d73
14922,MK,#d0733c
14923,AT,#ae8648
14924,HR,#bc8144
14925,DK,#6b8e57
14926,SK,#9d7d4f
14927,MK,#d0733c
14928,NO,#3d8e61
14929,FI,#2b8384
14930,IT,#ce893f
14931,CH,#b19246
14932,CZ,#97854f
14933,FI,#2b8384
14934,RS,#c17541
14935,PL,#867f57
14936,MK,#d0733c
14937,CH,#b19246
14938,AT,#ae8648
14939,NL,#8c974b
14940,HU,#ac7c49
14941,RO,#b06e48
14942,BA,#c37c41
14943,IS,#2ca02c
14944,DE,#918e4e
14945,GE,#c43d39
14946,CH,#b19246
14947,GE,#c43d39
14948,RS,#c17541
14949,DE,#918e4e
14950,FI,#2b8384
14951,ME,#d1783c
14952,AT,#ae8648
14953,AZ,#cf2a2d
14954,AM,#d1322e
14955,DK,#6b8e57
14956,GB,#7fa047
14957,BY,#7b7261
14958,CH,#b19246
14959,RS,#c17541
14960,BA,#c37c41
14961,BY,#7b7261
14962,FR,#b49f44
14963,RU,#61667a
14964,DK,#6b8e57
14965,HU,#ac7c49
14966,RS,#c17541
14967,FI,#2b8384
14968,SK,#9d7d4f
14969,SE,#3c8a6a
14970,LT,#6e7a64
14971,SE,#3c8a6a
14972,DE,#918e4e
14973,DE,#918e4e
14974,DK,#6b8e57
14975,IS,#2ca02c
14976,CH,#b19246
14977,CH,#b19246
14978,DK,#6b8e57
14979,FI,#2b8384
14980,RU,#61667a
14981,FR,#b49f44
14982,DK,#6b8e57
14983,NL,#8c974b
14984,DK,#6b8e57
14985,BG,#c66a3e
14986,IS,#2ca02c
14987,IS,#2ca02c
14988,AM,#d1322e
14989,GB,#7fa047
14990,DK,#6b8e57
14991,IT,#ce893f
14992,AT,#ae8648
14993,PT,#f8bf3f
14994,SK,#9d7d4f
14995,BA,#c37c41
14996,IT,#ce893f
14997,RS,#c17541
14998,HU,#ac7c49
14999,DK,#6b8e57
15000,IS,#2ca02c
15001,GB,#7fa047
15002,BA,#c37c41
15003,NL,#8c974b
15004,EE,#507d73
15005,DK,#6b8e57
15006,PT,#f8bf3f
15007,BG,#c66a3e
15008,DE,#918e4e
15009,HR,#bc8144
15010,IT,#ce893f
15011,CZ,#97854f
15012,FR,#b49f44
15013,AZ,#cf2a2d
15014,AZ,#cf2a2d
15015,DK,#6b8e57
15016,EE,#507d73
15017,CH,#b19246
15018,LT,#6e7a64
15019,SK,#9d7d4f
15020,GE,#c43d39
15021,DK,#6b8e57
15022,IS,#2ca02c
15023,GB,#7fa047
15024,BA,#c37c41
15025,HR,#bc8144
15026,GE,#c43d39
15027,GB,#7fa047
15028,AL,#d87539
15029,GB,#7fa047
15030,RU,#61667a
15031,GB,#7fa047
15032,AL,#d87539
15033,BA,#c37c41
15034,HR,#bc8144
15035,BY,#7b7261
15036,CH,#b19246
15037,ME,#d1783c
15038,HU,#ac7c49
15039,HR,#bc8144
15040,DE,#918e4e
15041,GE,#c43d39
15042,NL,#8c974b
15043,DE,#918e4e
15044,NL,#8c974b
15045,GB,#7fa047
15046,AM,#d1322e
15047,BA,#c37c41
15048,RO,#b06e48
15049,HU,#ac7c49
15050,GB,#7fa047
15051,PT,#f8bf3f
15052,CH,#b19246
15053,AL,#d87539
15054,AZ,#cf2a2d
15055,PT,#f8bf3f
15056,CH,#b19246
15057,RU,#61667a
15058,CH,#b19246
15059,LT,#6e7a64
15060,CZ,#97854f
15061,RU,#61667a
15062,GE,#c43d39
15063,DE,#918e4e
15064,LT,#6e7a64
15065,GB,#7fa047
15066,AT,#ae8648
15067,HR,#bc8144
15068,FR,#b49f44
15069,AM,#d1322e
15070,PT,#f8bf3f
15071,SE,#3c8a6a
15072,EE,#507d73
15073,DE,#918e4e
15074,AM,#d1322e
15075,FI,#2b8384
15076,PL,#867f57
15077,SI,#b58346
15078,ES,#eeb33e
15079,PT,#f8bf3f
15080,AZ,#cf2a2d
15081,RS,#c17541
15082,HU,#ac7c49
15083,AL,#d87539
15084,IS,#2ca02c
15085,LT,#6e7a64
15086,IT,#ce893f
15087,FR,#b49f44
15088,NL,#8c974b
15089,CH,#b19246
15090,IS,#2ca02c
15091,NO,#3d8e61
15092,IT,#ce893f
15093,CH,#b19246
15094,DK,#6b8e57
15095,HR,#bc8144
15096,AM,#d1322e
15097,MK,#d0733c
15098,CZ,#97854f
15099,GE,#c43d39
15100,PL,#867f57
15101,BG,#c66a3e
15102,DK,#6b8e57
15103,BY,#7b7261
15104,BA,#c37c41
15105,SE,#3c8a6a
15106,DE,#918e4e
15107,BA,#c37c41
15108,AL,#d87539
15109,SK,#9d7d4f
15110,BA,#c37c41
15111,NL,#8c974b
15112,BA,#c37c41
15113,DE,#918e4e
15114,RS,#c17541
15115,NL,#8c974b
15116,GB,#7fa047
15117,SI,#b58346
15118,DK,#6b8e57
15119,CH,#b19246
15120,RS,#c17541
15121,BY,#7b7261
15122,SK,#9d7d4f
15123,SK,#9d7d4f
15124,AT,#ae8648
15125,DK,#6b8e57
15126,FR,#b49f44
15127,DK,#6b8e57
15128,LT,#6e7a64
15129,DK,#6b8e57
15130,GB,#7fa047
15131,MK,#d0733c
15132,RS,#c17541
15133,LT,#6e7a64
15134,CZ,#97854f
15135,GB,#7fa047
15136,AZ,#cf2a2d
15137,CH,#b19246
15138,IT,#ce893f
15139,ES,#eeb33e
15140,SE,#3c8a6a
15141,FI,#2b8384
15142,DK,#6b8e57
15143,PL,#867f57
15144,IT,#ce893f
15145,BG,#c66a3e
15146,HR,#bc8144
15147,RS,#c17541
15148,DE,#918e4e
15149,DK,#6b8e57
15150,CZ,#97854f
15151,GB,#7fa047
15152,IT,#ce893f
15153,RO,#b06e48
15154,AL,#d87539
15155,ME,#d1783c
15156,BY,#7b7261
15157,LT,#6e7a64
15158,HR,#bc8144
15159,FI,#2b8384
15160,DK,#6b8e57
15161,NL,#8c974b
15162,GB,#7fa047
15163,BY,#7b7261
15164,AL,#d87539
15165,AT,#ae8648
15166,HR,#bc8144
15167,IT,#ce893f
15168,NL,#8c974b
15169,AM,#d1322e
15170,IS,#2ca02c
15171,HR,#bc8144
15172,HR,#bc8144
15173,CH,#b19246
15174,BA,#c37c41
15175,BY,#7b7261
15176,CH,#b19246
15177,AL,#d87539
15178,CH,#b19246
15179,CZ,#97854f
15180,ME,#d1783c
15181,IS,#2ca02c
15182,NL,#8c974b
15183,MK,#d0733c
15184,SI,#b58346
15185,NL,#8c974b
15186,BA,#c37c41
15187,EE,#507d73
15188,AT,#ae8648
15189,AM,#d1322e
15190,IS,#2ca02c
15191,CH,#b19246
15192,GE,#c43d39
15193,SK,#9d7d4f
15194,BY,#7b7261
15195,RU,#61667a
15196,EE,#507d73
15197,EE,#507d73
15198,CH,#b19246
15199,SE,#3c8a6a
15200,SK,#9d7d4f
15201,FI,#2b8384
15202,PT,#f8bf3f
15203,CZ,#97854f
15204,GB,#7fa047
15205,GE,#c43d39
15206,FR,#b49f44
15207,EE,#507d73
15208,BA,#c37c41
15209,ES,#eeb33e
15210,HR,#bc8144
15211,BA,#c37c41
15212,EE,#507d73
15213,RS,#c17541
15214,CH,#b19246
15215,SK,#9d7d4f
15216,FI,#2b8384
15217,EE,#507d73
15218,GE,#c43d39
15219,AM,#d1322e
15220,ME,#d1783c
15221,DK,#6b8e57
15222,BG,#c66a3e
15223,GB,#7fa047
15224,PT,#f8bf3f
15225,BA,#c37c41
15226,FR,#b49f44
15227,MK,#d0733c
15228,MK,#d0733c
15229,AM,#d1322e
15230,FR,#b49f44
15231,PL,#867f57
15232,AL,#d87539
15233,SK,#9d7d4f
15234,AM,#d1322e
15235,ES,#eeb33e
15236,CH,#b19246
15237,HR,#bc8144
15238,AM,#d1322e
15239,IT,#ce893f
15240,CH,#b19246
15241,AL,#d87539
15242,IS,#2ca02c
15243,HU,#ac7c49
15244,DE,#918e4e
15245,SI,#b58346
15246,SK,#9d7d4f
15247,DK,#6b8e57
15248,DE,#918e4e
15249,AL,#d87539
15250,CH,#b19246
15251,NL,#8c974b
15252,DK,#6b8e57
15253,AT,#ae8648
15254,PT,#f8bf3f
15255,RO,#b06e48
15256,GB,#7fa047
15257,FI,#2b8384
15258,BA,#c37c41
15259,AL,#d87539
15260,CH,#b19246
15261,CH,#b19246
15262,NO,#3d8e61
15263,CH,#b19246
15264,BY,#7b7261
15265,RU,#61667a
15266,CZ,#97854f
15267,CH,#b19246
15268,HU,#ac7c49
15269,EE,#507d73
15270,NL,#8c974b
15271,MK,#d0733c
15272,EE,#507d73
15273,LT,#6e7a64
15274,HR,#bc8144
15275,PL,#867f57
15276,AT,#ae8648
15277,DK,#6b8e57
15278,DK,#6b8e57
15279,FI,#2b8384
15280,PL,#867f57
15281,SI,#b58346
15282,DK,#6b8e57
15283,DK,#6b8e57
15284,NO,#3d8e61
15285,AZ,#cf2a2d
15286,FR,#b49f44
15287,NL,#8c974b
15288,FR,#b49f44
15289,PL,#867f57
15290,ES,#eeb33e
15291,GB,#7fa047
15292,MK,#d0733c
15293,PT,#f8bf3f
15294,HR,#bc8144
15295,CH,#b19246
15296,RS,#c17541
15297,ES,#eeb33e
15298,DK,#6b8e57
15299,HR,#bc8144
15300,BA,#c37c41
15301,MK,#d0733c
15302,AT,#ae8648
15303,BY,#7b7261
15304,AM,#d1322e
15305,RS,#c17541
15306,RS,#c17541
15307,NL,#8c974b
15308,GB,#7fa047
15309,SK,#9d7d4f
15310,HU,#ac7c49
15311,CZ,#97854f
15312,CH,#b19246
15313,BG,#c66a3e
15314,FI,#2b8384
15315,FR,#b49f44
15316,MK,#d0733c
15317,CH,#b19246
15318,DK,#6b8e57
15319,SI,#b58346
15320,RU,#61667a
15321,CH,#b19246
15322,HU,#ac7c49
15323,RS,#c17541
15324,DK,#6b8e57
15325,IS,#2ca02c
15326,CH,#b19246
15327,AM,#d1322e
15328,BG,#c66a3e
15329,EE,#507d73
15330,CZ,#97854f
15331,DE,#918e4e
15332,SI,#b58346
15333,IT,#ce893f
15334,NO,#3d8e61
15335,DE,#918e4e
15336,IT,#ce893f
15337,CH,#b19246
15338,SE,#3c8a6a
15339,DK,#6b8e57
15340,HR,#bc8144
15341,GE,#c43d39
15342,NL,#8c974b
15343,ES,#eeb33e
15344,FR,#b49f44
15345,DK,#6b8e57
15346,FI,#2b8384
15347,IS,#2ca02c
15348,AT,#ae8648
15349,CZ,#97854f
15350,SI,#b58346
15351,BA,#c37c41
15352,IT,#ce893f
15353,NL,#8c974b
15354,CH,#b19246
15355,RS,#c17541
15356,AZ,#cf2a2d
15357,FI,#2b8384
15358,DK,#6b8e57
15359,DK,#6b8e57
15360,CH,#b19246
15361,DE,#918e4e
15362,IS,#2ca02c
15363,IT,#ce893f
15364,FI,#2b8384
15365,CH,#b19246
15366,AT,#ae8648
15367,IT,#ce893f
15368,SK,#9d7d4f
15369,AM,#d1322e
15370,IT,#ce893f
15371,BG,#c66a3e
15372,FI,#2b8384
15373,LT,#6e7a64
15374,ES,#eeb33e
15375,SK,#9d7d4f
15376,IT,#ce893f
15377,CH,#b19246
15378,AL,#d87539
15379,PL,#867f57
15380,HU,#ac7c49
15381,DK,#6b8e57
15382,IS,#2ca02c
15383,AZ,#cf2a2d
15384,CH,#b19246
15385,RU,#61667a
15386,DK,#6b8e57
15387,CH,#b19246
15388,DE,#918e4e
15389,IS,#2ca02c
15390,NL,#8c974b
15391,DK,#6b8e57
15392,DE,#918e4e
15393,GB,#7fa047
15394,PT,#f8bf3f
15395,ES,#eeb33e
15396,CH,#b19246
15397,FR,#b49f44
15398,RO,#b06e48
15399,NL,#8c974b
15400,AL,#d87539
15401,CH,#b19246
15402,SI,#b58346
15403,SE,#3c8a6a
15404,BY,#7b7261
15405,CZ,#97854f
15406,FI,#2b8384
15407,HR,#bc8144
15408,HR,#bc8144
15409,RS,#c17541
15410,PL,#867f57
15411,GE,#c43d39
15412,AM,#d1322e
15413,GB,#7fa047
15414,SK,#9d7d4f
15415,BA,#c37c41
15416,AM,#d1322e
15417,DE,#918e4e
15418,RU,#61667a
15419,IS,#2ca02c
15420,EE,#507d73
15421,CH,#b19246
15422,NL,#8c974b
15423,CH,#b19246
15424,BG,#c66a3e
15425,CH,#b19246
15426,BY,#7b7261
15427,IS,#2ca02c
15428,DE,#918e4e
15429,FI,#2b8384
15430,RS,#c17541
15431,AL,#d87539
15432,IT,#ce893f
15433,AL,#d87539
15434,SI,#b58346
15435,DK,#6b8e57
15436,DE,#918e4e
15437,NL,#8c974b
15438,SI,#b58346
15439,GB,#7fa047
15440,GB,#7fa047
15441,SE,#3c8a6a
15442,AT,#ae8648
15443,AZ,#cf2a2d
15444,MK,#d0733c
15445,EE,#507d73
15446,HR,#bc8144
15447,FR,#b49f44
15448,RU,#61667a
15449,DK,#6b8e57
15450,DE,#918e4e
15451,DE,#918e4e
15452,RO,#b06e48
15453,SE,#3c8a6a
15454,IS,#2ca02c
15455,ES,#eeb33e
15456,IT,#ce893f
15457,SE,#3c8a6a
15458,SK,#9d7d4f
15459,BY,#7b7261
15460,NL,#8c974b
15461,EE,#507d73
15462,AL,#d87539
15463,EE,#507d73
15464,GB,#7fa047
15465,AT,#ae8648
15466,SK,#9d7d4f
15467,AM,#d1322e
15468,HU,#ac7c49
15469,RU,#61667a
15470,BA,#c37c41
15471,CH,#b19246
15472,NL,#8c974b
15473,CH,#b19246
15474,HR,#bc8144
15475,DK,#6b8e57
15476,CH,#b19246
15477,AL,#d87539
15478,FR,#b49f44
15479,IT,#ce893f
15480,NO,#3d8e61
15481,HU,#ac7c49
15482,IT,#ce893f
15483,NO,#3d8e61
15484,NL,#8c974b
15485,DE,#918e4e
15486,CZ,#97854f
15487,EE,#507d73
15488,NO,#3d8e61
15489,SE,#3c8a6a
15490,BY,#7b7261
15491,FR,#b49f44
15492,EE,#507d73
15493,AL,#d87539
15494,DK,#6b8e57
15495,FI,#2b8384
15496,NO,#3d8e61
15497,ME,#d1783c
15498,IS,#2ca02c
15499,AT,#ae8648
15500,NL,#8c974b
15501,RS,#c17541
15502,AM,#d1322e
15503,BA,#c37c41
15504,AT,#ae8648
15505,DK,#6b8e57
15506,BA,#c37c41
15507,DK,#6b8e57
15508,CZ,#97854f
15509,AM,#d1322e
15510,GB,#7fa047
15511,GB,#7fa047
15512,BA,#c37c41
15513,RO,#b06e48
15514,FR,#b49f44
15515,EE,#507d73
15516,CH,#b19246
15517,FI,#2b8384
15518,DK,#6b8e57
15519,BA,#c37c41
15520,CH,#b19246
15521,NL,#8c974b
15522,DE,#918e4e
15523,FI,#2b8384
15524,FR,#b49f44
15525,GE,#c43d39
15526,IS,#2ca02c
15527,PL,#867f57
15528,AZ,#cf2a2d
15529,DE,#918e4e
15530,CH,#b19246
15531,FR,#b49f44
15532,AM,#d1322e
15533,DK,#6b8e57
15534,DK,#6b8e57
15535,FR,#b49f44
15536,ES,#eeb33e
15537,FR,#b49f44
15538,AT,#ae8648
15539,CH,#b19246
15540,DE,#918e4e
15541,CZ,#97854f
15542,IS,#2ca02c
15543,HU,#ac7c49
15544,GE,#c43d39
15545,LT,#6e7a64
15546,FR,#b49f44
15547,NL,#8c974b
15548,SI,#b58346
15549,IS,#2ca02c
15550,DK,#6b8e57
15551,GE,#c43d39
15552,IT,#ce893f
15553,BY,#7b7261
15554,HR,#bc8144
15555,RO,#b06e48
15556,RO,#b06e48
15557,GE,#c43d39
15558,AM,#d1322e
15559,DK,#6b8e57
15560,DE,#918e4e
15561,BY,#7b7261
15562,BG,#c66a3e
15563,IT,#ce893f
15564,CZ,#97854f
15565,AL,#d87539
15566,AL,#d87539
15567,AT,#ae8648
15568,FI,#2b8384
15569,DK,#6b8e57
15570,PL,#867f57
15571,PT,#f8bf3f
15572,FR,#b49f44
15573,RO,#b06e48
15574,SK,#9d7d4f
15575,SK,#9d7d4f
15576,GB,#7fa047
15577,CH,#b19246
15578,RS,#c17541
15579,DK,#6b8e57
15580,NL,#8c974b
15581,RS,#c17541
15582,DE,#918e4e
15583,RO,#b06e48
15584,SI,#b58346
15585,IT,#ce893f
15586,HU,#ac7c49
15587,GB,#7fa047
15588,FI,#2b8384
15589,PT,#f8bf3f
15590,BY,#7b7261
15591,BY,#7b7261
15592,EE,#507d73
15593,CZ,#97854f
15594,CZ,#97854f
15595,RS,#c17541
15596,BA,#c37c41
15597,DK,#6b8e57
15598,FR,#b49f44
15599,BA,#c37c41
15600,CZ,#97854f
15601,NL,#8c974b
15602,SE,#3c8a6a
15603,PL,#867f57
15604,ME,#d1783c
15605,AZ,#cf2a2d
15606,IT,#ce893f
15607,AL,#d87539
15608,SK,#9d7d4f
15609,NL,#8c974b
15610,NO,#3d8e61
15611,ES,#eeb33e
15612,IT,#ce893f
15613,BA,#c37c41
15614,BA,#c37c41
15615,AM,#d1322e
15616,CH,#b19246
15617,CH,#b19246
15618,SE,#3c8a6a
15619,SK,#9d7d4f
15620,PL,#867f57
15621,DK,#6b8e57
15622,IS,#2ca02c
15623,DK,#6b8e57
15624,CZ,#97854f
15625,BA,#c37c41
15626,SE,#3c8a6a
15627,DE,#918e4e
15628,NO,#3d8e61
15629,NL,#8c974b
15630,CH,#b19246
15631,GE,#c43d39
15632,RU,#61667a
15633,IS,#2ca02c
15634,BG,#c66a3e
15635,HU,#ac7c49
15636,HU,#ac7c49
15637,BY,#7b7261
15638,GE,#c43d39
15639,IS,#2ca02c
15640,CZ,#97854f
15641,CH,#b19246
15642,CH,#b19246
15643,NL,#8c974b
15644,NL,#8c974b
15645,CH,#b19246
15646,AM,#d1322e
15647,ES,#eeb33e
15648,FI,#2b8384
15649,PT,#f8bf3f
15650,RO,#b06e48
15651,PT,#f8bf3f
15652,PL,#867f57
15653,AM,#d1322e
15654,CH,#b19246
15655,GE,#c43d39
15656,FI,#2b8384
15657,NL,#8c974b
15658,FI,#2b8384
15659,GE,#c43d39
15660,AT,#ae8648
15661,DK,#6b8e57
15662,AM,#d1322e
15663,HR,#bc8144
15664,GB,#7fa047
15665,DE,#918e4e
15666,HR,#bc8144
15667,SE,#3c8a6a
15668,BA,#c37c41
15669,FR,#b49f44
15670,LT,#6e7a64
15671,MK,#d0733c
15672,CH,#b19246
15673,AM,#d1322e
15674,DK,#6b8e57
15675,IS,#2ca02c
15676,HR,#bc8144
15677,DK,#6b8e57
15678,DK,#6b8e57
15679,LT,#6e7a64
15680,RU,#61667a
15681,ES,#eeb33e
15682,AZ,#cf2a2d
15683,SI,#b58346
15684,DK,#6b8e57
15685,HR,#bc8144
15686,FR,#b49f44
15687,CH,#b19246
15688,RU,#61667a
15689,BA,#c37c41
15690,GB,#7fa047
15691,HU,#ac7c49
15692,NL,#8c974b
15693,RO,#b06e48
15694,FR,#b49f44
15695,PL,#867f57
15696,BY,#7b7261
15697,SK,#9d7d4f
15698,ES,#eeb33e
15699,AL,#d87539
15700,HR,#bc8144
15701,RO,#b06e48
15702,FI,#2b8384
15703,SE,#3c8a6a
15704,DE,#918e4e
15705,HR,#bc8144
15706,MK,#d0733c
15707,SK,#9d7d4f
15708,HR,#bc8144
15709,MK,#d0733c
15710,BA,#c37c41
15711,DK,#6b8e57
15712,FI,#2b8384
15713,CZ,#97854f
15714,AM,#d1322e
15715,CZ,#97854f
15716,DE,#918e4e
15717,NO,#3d8e61
15718,RS,#c17541
15719,MK,#d0733c
15720,DK,#6b8e57
15721,FR,#b49f44
15722,BY,#7b7261
15723,AM,#d1322e
15724,GE,#c43d39
15725,HU,#ac7c49
15726,NL,#8c974b
15727,SI,#b58346
15728,BY,#7b7261
15729,SI,#b58346
15730,FI,#2b8384
15731,IS,#2ca02c
15732,DE,#918e4e
15733,CH,#b19246
15734,RU,#61667a
15735,FR,#b49f44
15736,BY,#7b7261
15737,ES,#eeb33e
15738,SE,#3c8a6a
15739,PT,#f8bf3f
15740,IT,#ce893f
15741,BY,#7b7261
15742,ES,#eeb33e
15743,NL,#8c974b
15744,RO,#b06e48
15745,CZ,#97854f
15746,AT,#ae8648
15747,SE,#3c8a6a
15748,BA,#c37c41
15749,CH,#b19246
15750,RO,#b06e48
15751,SK,#9d7d4f
15752,MK,#d0733c
15753,AL,#d87539
15754,FR,#b49f44
15755,AM,#d1322e
15756,SK,#9d7d4f
15757,DK,#6b8e57
15758,AL,#d87539
15759,EE,#507d73
15760,PL,#867f57
15761,CH,#b19246
15762,DK,#6b8e57
15763,NL,#8c974b
15764,NO,#3d8e61
15765,IT,#ce893f
15766,PT,#f8bf3f
15767,FR,#b49f44
15768,IT,#ce893f
15769,BA,#c37c41
15770,AM,#d1322e
15771,GB,#7fa047
15772,NL,#8c974b
15773,EE,#507d73
15774,FI,#2b8384
15775,PT,#f8bf3f
15776,PL,#867f57
15777,DK,#6b8e57
15778,CH,#b19246
15779,FR,#b49f44
15780,DK,#6b8e57
15781,RU,#61667a
15782,HR,#bc8144
15783,GE,#c43d39
15784,RU,#61667a
15785,NO,#3d8e61
15786,DK,#6b8e57
15787,RO,#b06e48
15788,AL,#d87539
15789,GE,#c43d39
15790,RO,#b06e48
15791,AZ,#cf2a2d
15792,NL,#8c974b
15793,BA,#c37c41
15794,AM,#d1322e
15795,BG,#c66a3e
15796,AL,#d87539
15797,RU,#61667a
15798,HR,#bc8144
15799,HU,#ac7c49
15800,BA,#c37c41
15801,NO,#3d8e61
15802,LT,#6e7a64
15803,AL,#d87539
15804,AM,#d1322e
15805,DK,#6b8e57
15806,PT,#f8bf3f
15807,AT,#ae8648
15808,PL,#867f57
15809,ES,#eeb33e
15810,CZ,#97854f
15811,IS,#2ca02c
15812,IT,#ce893f
15813,SI,#b58346
15814,CH,#b19246
15815,LT,#6e7a64
15816,ME,#d1783c
15817,GB,#7fa047
15818,DE,#918e4e
15819,BA,#c37c41
15820,DE,#918e4e
15821,RU,#61667a
15822,BG,#c66a3e
15823,GE,#c43d39
15824,PT,#f8bf3f
15825,EE,#507d73
15826,FR,#b49f44
15827,AT,#ae8648
15828,DK,#6b8e57
15829,DK,#6b8e57
15830,IT,#ce893f
15831,RS,#c17541
15832,GE,#c43d39
15833,DK,#6b8e57
15834,DK,#6b8e57
15835,ES,#eeb33e
15836,SE,#3c8a6a
15837,RU,#61667a
15838,DE,#918e4e
15839,EE,#507d73
15840,DK,#6b8e57
15841,CZ,#97854f
15842,NL,#8c974b
15843,SE,#3c8a6a
15844,DE,#918e4e
15845,CH,#b19246
15846,NO,#3d8e61
15847,NL,#8c974b
15848,LT,#6e7a64
15849,AM,#d1322e
15850,AT,#ae8648
15851,NL,#8c974b
15852,CH,#b19246
15853,BA,#c37c41
15854,CZ,#97854f
15855,BA,#c37c41
15856,HR,#bc8144
15857,GE,#c43d39
15858,HR,#bc8144
15859,AT,#ae8648
15860,FR,#b49f44
15861,AM,#d1322e
15862,DE,#918e4e
15863,DE,#918e4e
15864,HU,#ac7c49
15865,BA,#c37c41
15866,DK,#6b8e57
15867,FR,#b49f44
15868,AM,#d1322e
15869,NO,#3d8e61
15870,CH,#b19246
15871,BG,#c66a3e
15872,GE,#c43d39
15873,GB,#7fa047
15874,HR,#bc8144
15875,NO,#3d8e61
15876,HR,#bc8144
15877,AT,#ae8648
15878,GB,#7fa047
15879,MK,#d0733c
15880,NL,#8c974b
15881,IS,#2ca02c
15882,BA,#c37c41
15883,DE,#918e4e
15884,DE,#918e4e
15885,PL,#867f57
15886,HR,#bc8144
15887,NL,#8c974b
15888,DE,#918e4e
15889,DE,#918e4e
15890,DK,#6b8e57
15891,NL,#8c974b
15892,MK,#d0733c
15893,IT,#ce893f
15894,RO,#b06e48
15895,SI,#b58346
15896,NL,#8c974b
15897,IS,#2ca02c
15898,CH,#b19246
15899,CZ,#97854f
15900,FR,#b49f44
15901,EE,#507d73
15902,DK,#6b8e57
15903,NL,#8c974b
15904,BA,#c37c41
15905,BG,#c66a3e
15906,DK,#6b8e57
15907,RU,#61667a
15908,PL,#867f57
15909,DE,#918e4e
15910,DE,#918e4e
15911,GB,#7fa047
15912,SK,#9d7d4f
15913,DK,#6b8e57
15914,PL,#867f57
15915,GB,#7fa047
15916,ES,#eeb33e
15917,HU,#ac7c49
15918,GE,#c43d39
15919,IS,#2ca02c
15920,SE,#3c8a6a
15921,CZ,#97854f
15922,GB,#7fa047
15923,AZ,#cf2a2d
15924,GE,#c43d39
15925,HU,#ac7c49
15926,SE,#3c8a6a
15927,GE,#c43d39
15928,GB,#7fa047
15929,AL,#d87539
15930,HU,#ac7c49
15931,AL,#d87539
15932,MK,#d0733c
15933,RS,#c17541
15934,CH,#b19246
15935,AZ,#cf2a2d
15936,SK,#9d7d4f
15937,AT,#ae8648
15938,GB,#7fa047
15939,GB,#7fa047
15940,IS,#2ca02c
15941,RS,#c17541
15942,EE,#507d73
15943,PT,#f8bf3f
15944,SE,#3c8a6a
15945,IS,#2ca02c
15946,EE,#507d73
15947,BY,#7b7261
15948,NL,#8c974b
15949,PT,#f8bf3f
15950,LT,#6e7a64
15951,IT,#ce893f
15952,DE,#918e4e
15953,SK,#9d7d4f
15954,IS,#2ca02c
15955,NL,#8c974b
15956,HU,#ac7c49
15957,FR,#b49f44
15958,DK,#6b8e57
15959,AM,#d1322e
15960,MK,#d0733c
15961,AT,#ae8648
15962,BA,#c37c41
15963,CH,#b19246
15964,FI,#2b8384
15965,GB,#7fa047
15966,AT,#ae8648
15967,CZ,#97854f
15968,AM,#d1322e
15969,NL,#8c974b
15970,GB,#7fa047
15971,BG,#c66a3e
15972,AT,#ae8648
15973,DK,#6b8e57
15974,NL,#8c974b
15975,AM,#d1322e
15976,RU,#61667a
15977,NO,#3d8e61
15978,DE,#918e4e
15979,FR,#b49f44
15980,FR,#b49f44
15981,SI,#b58346
15982,SK,#9d7d4f
15983,RU,#61667a
15984,AT,#ae8648
15985,BA,#c37c41
15986,CH,#b19246
15987,HU,#ac7c49
15988,NL,#8c974b
15989,ME,#d1783c
15990,CH,#b19246
15991,HU,#ac7c49
15992,IT,#ce893f
15993,NL,#8c974b
15994,DE,#918e4e
15995,SE,#3c8a6a
15996,DK,#6b8e57
15997,ME,#d1783c
15998,DE,#918e4e
15999,DK,#6b8e57
16000,GB,#7fa047
16001,RO,#b06e48
16002,AT,#ae8648
16003,FI,#2b8384
16004,HU,#ac7c49
16005,NL,#8c974b
16006,GB,#7fa047
16007,RS,#c17541
16008,ES,#eeb33e
16009,GB,#7fa047
16010,AL,#d87539
16011,RS,#c17541
16012,PT,#f8bf3f
16013,ES,#eeb33e
16014,DK,#6b8e57
16015,RS,#c17541
16016,NL,#8c974b
16017,DE,#918e4e
16018,DK,#6b8e57
16019,NO,#3d8e61
16020,RS,#c17541
16021,IT,#ce893f
16022,SI,#b58346
16023,NO,#3d8e61
16024,GE,#c43d39
16025,CZ,#97854f
16026,AL,#d87539
16027,FR,#b49f44
16028,HU,#ac7c49
16029,IS,#2ca02c
16030,IT,#ce893f
16031,FI,#2b8384
16032,AZ,#cf2a2d
16033,LT,#6e7a64
16034,IS,#2ca02c
16035,DK,#6b8e57
16036,ES,#eeb33e
16037,SE,#3c8a6a
16038,MK,#d0733c
16039,CH,#b19246
16040,SK,#9d7d4f
16041,BG,#c66a3e
16042,DK,#6b8e57
16043,SE,#3c8a6a
16044,CH,#b19246
16045,DE,#918e4e
16046,DK,#6b8e57
16047,AT,#ae8648
16048,CH,#b19246
16049,NL,#8c974b
16050,NL,#8c974b
16051,PL,#867f57
16052,ES,#eeb33e
16053,DK,#6b8e57
16054,CH,#b19246
16055,EE,#507d73
16056,BA,#c37c41
16057,AM,#d1322e
16058,DK,#6b8e57
16059,DE,#918e4e
16060,GE,#c43d39
16061,RO,#b06e48
16062,GE,#c43d39
16063,CZ,#97854f
16064,AT,#ae8648
16065,AT,#ae8648
16066,CH,#b19246
16067,AZ,#cf2a2d
16068,PL,#867f57
16069,NO,#3d8e61
16070,DK,#6b8e57
16071,RS,#c17541
16072,SK,#9d7d4f
16073,SK,#9d7d4f
16074,GB,#7fa047
16075,BG,#c66a3e
16076,AM,#d1322e
16077,BY,#7b7261
16078,CH,#b19246
16079,SE,#3c8a6a
16080,PT,#f8bf3f
16081,AM,#d1322e
16082,NL,#8c974b
16083,NL,#8c974b
16084,DK,#6b8e57
16085,NL,#8c974b
16086,BY,#7b7261
16087,SK,#9d7d4f
16088,BA,#c37c41
16089,AL,#d87539
16090,IS,#2ca02c
16091,BA,#c37c41
16092,IT,#ce893f
16093,HR,#bc8144
16094,EE,#507d73
16095,EE,#507d73
16096,GB,#7fa047
16097,FR,#b49f44
16098,BA,#c37c41
16099,HR,#bc8144
16100,CZ,#97854f
16101,RU,#61667a
16102,AZ,#cf2a2d
16103,CH,#b19246
16104,RU,#61667a
16105,NO,#3d8e61
16106,DE,#918e4e
16107,DE,#918e4e
16108,RO,#b06e48
16109,FR,#b49f44
16110,DK,#6b8e57
16111,PL,#867f57
16112,HU,#ac7c49
16113,LT,#6e7a64
16114,SK,#9d7d4f
16115,BY,#7b7261
16116,LT,#6e7a64
16117,HR,#bc8144
16118,SE,#3c8a6a
16119,IS,#2ca02c
16120,BG,#c66a3e
16121,SI,#b58346
16122,IS,#2ca02c
16123,AZ,#cf2a2d
16124,RU,#61667a
16125,BG,#c66a3e
16126,DK,#6b8e57
16127,AT,#ae8648
16128,IS,#2ca02c
16129,LT,#6e7a64
16130,BY,#7b7261
16131,CH,#b19246
16132,CH,#b19246
16133,DK,#6b8e57
16134,HU,#ac7c49
16135,ME,#d1783c
16136,DK,#6b8e57
16137,DE,#918e4e
16138,CZ,#97854f
16139,NL,#8c974b
16140,CH,#b19246
16141,BA,#c37c41
16142,BA,#c37c41
16143,SK,#9d7d4f
16144,AZ,#cf2a2d
16145,SK,#9d7d4f
16146,AT,#ae8648
16147,RS,#c17541
16148,GB,#7fa047
16149,AT,#ae8648
16150,FR,#b49f44
16151,IS,#2ca02c
16152,SI,#b58346
16153,CH,#b19246
16154,NL,#8c974b
16155,CH,#b19246
16156,HU,#ac7c49
16157,AT,#ae8648
16158,CH,#b19246
16159,NL,#8c974b
16160,RO,#b06e48
16161,ES,#eeb33e
16162,FR,#b49f44
16163,CH,#b19246
16164,NO,#3d8e61
16165,ES,#eeb33e
16166,BG,#c66a3e
16167,GB,#7fa047
16168,SK,#9d7d4f
16169,FI,#2b8384
16170,SK,#9d7d4f
16171,CZ,#97854f
16172,AT,#ae8648
16173,DK,#6b8e57
16174,FR,#b49f44
16175,DE,#918e4e
16176,CH,#b19246
16177,CZ,#97854f
16178,GB,#7fa047
16179,GB,#7fa047
16180,DK,#6b8e57
16181,DK,#6b8e57
16182,ES,#eeb33e
16183,RO,#b06e48
16184,GB,#7fa047
16185,MK,#d0733c
16186,IS,#2ca02c
16187,GE,#c43d39
16188,DK,#6b8e57
16189,DK,#6b8e57
16190,DK,#6b8e57
16191,DK,#6b8e57
16192,RO,#b06e48
16193,FR,#b49f44
16194,RS,#c17541
16195,DK,#6b8e57
16196,GE,#c43d39
16197,NL,#8c974b
16198,SI,#b58346
16199,IS,#2ca02c
16200,DK,#6b8e57
16201,AT,#ae8648
16202,CZ,#97854f
16203,CH,#b19246
16204,NO,#3d8e61
16205,DK,#6b8e57
16206,DK,#6b8e57
16207,IT,#ce893f
16208,AT,#ae8648
16209,IS,#2ca02c
16210,IT,#ce893f
16211,AM,#d1322e
16212,IS,#2ca02c
16213,HR,#bc8144
16214,RS,#c17541
16215,CZ,#97854f
16216,CZ,#97854f
16217,LT,#6e7a64
16218,ES,#eeb33e
16219,AZ,#cf2a2d
16220,AZ,#cf2a2d
16221,PL,#867f57
16222,IS,#2ca02c
16223,BA,#c37c41
16224,AT,#ae8648
16225,GB,#7fa047
16226,PT,#f8bf3f
16227,CH,#b19246
16228,BG,#c66a3e
16229,PT,#f8bf3f
16230,FI,#2b8384
16231,SK,#9d7d4f
16232,BG,#c66a3e
16233,IT,#ce893f
16234,MK,#d0733c
16235,AM,#d1322e
16236,BY,#7b7261
16237,AT,#ae8648
16238,DE,#918e4e
16239,CH,#b19246
16240,BY,#7b7261
16241,FI,#2b8384
16242,AL,#d87539
16243,PL,#867f57
16244,SE,#3c8a6a
16245,HU,#ac7c49
16246,GE,#c43d39
16247,AM,#d1322e
16248,FR,#b49f44
16249,DE,#918e4e
16250,BG,#c66a3e
16251,DE,#918e4e
16252,AM,#d1322e
16253,AZ,#cf2a2d
16254,GE,#c43d39
16255,NO,#3d8e61
16256,IT,#ce893f
16257,HU,#ac7c49
16258,AT,#ae8648
16259,AZ,#cf2a2d
16260,GE,#c43d39
16261,DK,#6b8e57
16262,CH,#b19246
16263,CZ,#97854f
16264,HR,#bc8144
16265,FI,#2b8384
16266,AM,#d1322e
16267,IT,#ce893f
16268,GB,#7fa047
16269,CZ,#97854f
16270,PL,#867f57
16271,EE,#507d73
16272,NL,#8c974b
16273,DK,#6b8e57
16274,RS,#c17541
16275,CH,#b19246
16276,GB,#7fa047
16277,GE,#c43d39
16278,DE,#918e4e
16279,EE,#507d73
16280,DE,#918e4e
16281,DK,#6b8e57
16282,BA,#c37c41
16283,AM,#d1322e
16284,AL,#d87539
16285,SK,#9d7d4f
16286,NL,#8c974b
16287,RS,#c17541
16288,GB,#7fa047
16289,SK,#9d7d4f
16290,DK,#6b8e57
16291,AL,#d87539
16292,AZ,#cf2a2d
16293,DK,#6b8e57
16294,DK,#6b8e57
16295,GE,#c43d39
16296,DK,#6b8e57
16297,FR,#b49f44
16298,MK,#d0733c
16299,DE,#918e4e
16300,NL,#8c974b
16301,NO,#3d8e61
16302,BA,#c37c41
16303,GB,#7fa047
16304,DK,#6b8e57
16305,SE,#3c8a6a
16306,SE,#3c8a6a
16307,ES,#eeb33e
16308,DK,#6b8e57
16309,SK,#9d7d4f
16310,FR,#b49f44
16311,ME,#d1783c
16312,CZ,#97854f
16313,DE,#918e4e
16314,PL,#867f57
16315,SK,#9d7d4f
16316,GB,#7fa047
16317,PL,#867f57
16318,AL,#d87539
16319,DE,#918e4e
16320,CZ,#97854f
16321,LT,#6e7a64
16322,DE,#918e4e
16323,CH,#b19246
16324,CH,#b19246
16325,SE,#3c8a6a
16326,SK,#9d7d4f
16327,PT,#f8bf3f
16328,FI,#2b8384
16329,SK,#9d7d4f
16330,AM,#d1322e
16331,DK,#6b8e57
16332,ES,#eeb33e
16333,MK,#d0733c
16334,DE,#918e4e
16335,SE,#3c8a6a
16336,DK,#6b8e57
16337,HU,#ac7c49
16338,NL,#8c974b
16339,CH,#b19246
16340,NL,#8c974b
16341,DK,#6b8e57
16342,LT,#6e7a64
16343,PT,#f8bf3f
16344,AL,#d87539
16345,CZ,#97854f
16346,AT,#ae8648
16347,NL,#8c974b
16348,FI,#2b8384
16349,GE,#c43d39
16350,DE,#918e4e
16351,DK,#6b8e57
16352,BA,#c37c41
16353,AT,#ae8648
16354,ES,#eeb33e
16355,PL,#867f57
16356,BA,#c37c41
16357,SI,#b58346
16358,GE,#c43d39
16359,DK,#6b8e57
16360,IT,#ce893f
16361,DK,#6b8e57
16362,HU,#ac7c49
16363,NL,#8c974b
16364,IT,#ce893f
16365,DK,#6b8e57
16366,DE,#918e4e
16367,DE,#918e4e
16368,PT,#f8bf3f
16369,HR,#bc8144
16370,CH,#b19246
16371,NL,#8c974b
16372,IT,#ce893f
16373,RS,#c17541
16374,IS,#2ca02c
16375,AL,#d87539
16376,RO,#b06e48
16377,AT,#ae8648
16378,RS,#c17541
16379,IT,#ce893f
16380,HR,#bc8144
16381,GE,#c43d39
16382,FR,#b49f44
16383,SI,#b58346
16384,AL,#d87539
16385,SE,#3c8a6a
16386,NL,#8c974b
16387,IT,#ce893f
16388,GB,#7fa047
16389,AL,#d87539
16390,DK,#6b8e57
16391,EE,#507d73
16392,AZ,#cf2a2d
16393,PT,#f8bf3f
16394,HR,#bc8144
16395,SE,#3c8a6a
16396,NO,#3d8e61
16397,NL,#8c974b
16398,DE,#918e4e
16399,NO,#3d8e61
16400,AL,#d87539
16401,GE,#c43d39
16402,AT,#ae8648
16403,PT,#f8bf3f
16404,NL,#8c974b
16405,CH,#b19246
16406,RS,#c17541
16407,EE,#507d73
16408,RS,#c17541
16409,IS,#2ca02c
16410,GB,#7fa047
16411,RS,#c17541
16412,ES,#eeb33e
16413,DK,#6b8e57
16414,DK,#6b8e57
16415,SK,#9d7d4f
16416,MK,#d0733c
16417,AM,#d1322e
16418,CH,#b19246
16419,FR,#b49f44
16420,HR,#bc8144
16421,EE,#507d73
16422,NO,#3d8e61
16423,HR,#bc8144
16424,RO,#b06e48
16425,AM,#d1322e
16426,AM,#d1322e
16427,CH,#b19246
16428,GB,#7fa047
16429,BA,#c37c41
16430,GE,#c43d39
16431,BA,#c37c41
16432,IS,#2ca02c
16433,RO,#b06e48
16434,GB,#7fa047
16435,FR,#b49f44
16436,SI,#b58346
16437,ME,#d1783c
16438,DE,#918e4e
16439,LT,#6e7a64
16440,DE,#918e4e
16441,DE,#918e4e
16442,DK,#6b8e57
16443,RS,#c17541
16444,AZ,#cf2a2d
16445,ES,#eeb33e
16446,HU,#ac7c49
16447,IS,#2ca02c
16448,NL,#8c974b
16449,HU,#ac7c49
16450,GE,#c43d39
16451,DK,#6b8e57
16452,AT,#ae8648
16453,SK,#9d7d4f
16454,BA,#c37c41
16455,NL,#8c974b
16456,IS,#2ca02c
16457,NL,#8c974b
16458,DK,#6b8e57
16459,NL,#8c974b
16460,AM,#d1322e
16461,DK,#6b8e57
16462,RS,#c17541
16463,HU,#ac7c49
16464,HR,#bc8144
16465,DK,#6b8e57
16466,ES,#eeb33e
16467,FI,#2b8384
16468,SI,#b58346
16469,GB,#7fa047
16470,CH,#b19246
16471,AM,#d1322e
16472,SK,#9d7d4f
16473,SI,#b58346
16474,CH,#b19246
16475,AT,#ae8648
16476,AZ,#cf2a2d
16477,FI,#2b8384
16478,DK,#6b8e57
16479,AL,#d87539
16480,NL,#8c974b
16481,CH,#b19246
16482,FR,#b49f44
16483,CZ,#97854f
16484,AM,#d1322e
16485,DK,#6b8e57
16486,RU,#61667a
16487,GB,#7fa047
16488,BY,#7b7261
16489,SI,#b58346
16490,GB,#7fa047
16491,AM,#d1322e
16492,ES,#eeb33e
16493,DK,#6b8e57
16494,BA,#c37c41
16495,RO,#b06e48
16496,AZ,#cf2a2d
16497,SE,#3c8a6a
16498,DK,#6b8e57
16499,NL,#8c974b
16500,LT,#6e7a64
16501,GB,#7fa047
16502,RS,#c17541
16503,CH,#b19246
16504,RS,#c17541
16505,LT,#6e7a64
16506,CH,#b19246
16507,FI,#2b8384
16508,SI,#b58346
16509,GE,#c43d39
16510,RO,#b06e48
16511,GB,#7fa047
16512,PL,#867f57
16513,NL,#8c974b
16514,GE,#c43d39
16515,IS,#2ca02c
16516,ME,#d1783c
16517,DK,#6b8e57
16518,DK,#6b8e57
16519,CH,#b19246
16520,PL,#867f57
16521,BY,#7b7261
16522,GE,#c43d39
16523,DE,#918e4e
16524,NO,#3d8e61
16525,NO,#3d8e61
16526,DK,#6b8e57
16527,EE,#507d73
16528,FR,#b49f44
16529,DK,#6b8e57
16530,PL,#867f57
16531,SE,#3c8a6a
16532,CH,#b19246
16533,ME,#d1783c
16534,DK,#6b8e57
16535,AT,#ae8648
16536,AL,#d87539
16537,DE,#918e4e
16538,AL,#d87539
16539,BG,#c66a3e
16540,ES,#eeb33e
16541,NO,#3d8e61
16542,NO,#3d8e61
16543,IS,#2ca02c
16544,MK,#d0733c
16545,FR,#b49f44
16546,BA,#c37c41
16547,SE,#3c8a6a
16548,DE,#918e4e
16549,BA,#c37c41
16550,RO,#b06e48
16551,IS,#2ca02c
16552,SK,#9d7d4f
16553,NO,#3d8e61
16554,BA,#c37c41
16555,ES,#eeb33e
16556,GE,#c43d39
16557,CH,#b19246
16558,BG,#c66a3e
16559,HU,#ac7c49
16560,NO,#3d8e61
16561,ES,#eeb33e
16562,DK,#6b8e57
16563,AZ,#cf2a2d
16564,AT,#ae8648
16565,MK,#d0733c
16566,IS,#2ca02c
16567,CH,#b19246
16568,HR,#bc8144
16569,CH,#b19246
16570,PL,#867f57
16571,GE,#c43d39
16572,PT,#f8bf3f
16573,BA,#c37c41
16574,IT,#ce893f
16575,PT,#f8bf3f
16576,ES,#eeb33e
16577,AT,#ae8648
16578,SE,#3c8a6a
16579,IT,#ce893f
16580,IT,#ce893f
16581,AM,#d1322e
16582,SK,#9d7d4f
16583,FR,#b49f44
16584,ES,#eeb33e
16585,AZ,#cf2a2d
16586,GE,#c43d39
16587,DK,#6b8e57
16588,SE,#3c8a6a
16589,PT,#f8bf3f
16590,CZ,#97854f
16591,GE,#c43d39
16592,AZ,#cf2a2d
16593,MK,#d0733c
16594,AL,#d87539
16595,AL,#d87539
16596,NL,#8c974b
16597,DK,#6b8e57
16598,BA,#c37c41
16599,GE,#c43d39
16600,SE,#3c8a6a
16601,HR,#bc8144
16602,GE,#c43d39
16603,CH,#b19246
16604,IT,#ce893f
16605,RO,#b06e48
16606,SI,#b58346
16607,EE,#507d73
16608,NL,#8c974b
16609,NL,#8c974b
16610,SE,#3c8a6a
16611,AZ,#cf2a2d
16612,DK,#6b8e57
16613,AT,#ae8648
16614,IS,#2ca02c
16615,IT,#ce893f
16616,CZ,#97854f
16617,IS,#2ca02c
16618,AL,#d87539
16619,IT,#ce893f
16620,SK,#9d7d4f
16621,PT,#f8bf3f
16622,IS,#2ca02c
16623,NO,#3d8e61
16624,RS,#c17541
16625,DE,#918e4e
16626,LT,#6e7a64
16627,PL,#867f57
16628,NO,#3d8e61
16629,CH,#b19246
16630,CH,#b19246
16631,DE,#918e4e
16632,GE,#c43d39
16633,FR,#b49f44
16634,RO,#b06e48
16635,GE,#c43d39
16636,AL,#d87539
16637,DK,#6b8e57
16638,ME,#d1783c
16639,NO,#3d8e61
16640,AT,#ae8648
16641,DE,#918e4e
16642,SE,#3c8a6a
16643,NO,#3d8e61
16644,NL,#8c974b
16645,LT,#6e7a64
16646,ES,#eeb33e
16647,CH,#b19246
16648,DK,#6b8e57
16649,FI,#2b8384
16650,DK,#6b8e57
16651,IT,#ce893f
16652,RS,#c17541
16653,MK,#d0733c
16654,DK,#6b8e57
16655,EE,#507d73
16656,FI,#2b8384
16657,LT,#6e7a64
16658,CH,#b19246
16659,IT,#ce893f
16660,ES,#eeb33e
16661,RO,#b06e48
16662,CZ,#97854f
16663,DK,#6b8e57
16664,HU,#ac7c49
16665,PT,#f8bf3f
16666,HR,#bc8144
16667,CH,#b19246
16668,CH,#b19246
16669,IT,#ce893f
16670,IS,#2ca02c
16671,NO,#3d8e61
16672,SK,#9d7d4f
16673,IT,#ce893f
16674,BA,#c37c41
16675,GE,#c43d39
16676,DK,#6b8e57
16677,AZ,#cf2a2d
16678,DK,#6b8e57
16679,CH,#b19246
16680,AL,#d87539
16681,RU,#61667a
16682,BA,#c37c41
16683,PT,#f8bf3f
16684,DK,#6b8e57
16685,LT,#6e7a64
16686,AL,#d87539
16687,GB,#7fa047
16688,GE,#c43d39
16689,BA,#c37c41
16690,NO,#3d8e61
16691,DK,#6b8e57
16692,CH,#b19246
16693,RS,#c17541
16694,RU,#61667a
16695,PL,#867f57
16696,RO,#b06e48
16697,GE,#c43d39
16698,DE,#918e4e
16699,HR,#bc8144
16700,DK,#6b8e57
16701,BA,#c37c41
16702,GE,#c43d39
16703,CZ,#97854f
16704,FR,#b49f44
16705,BA,#c37c41
16706,IS,#2ca02c
16707,NL,#8c974b
16708,BY,#7b7261
16709,NO,#3d8e61
16710,AM,#d1322e
16711,RU,#61667a
16712,MK,#d0733c
16713,NL,#8c974b
16714,NL,#8c974b
16715,FI,#2b8384
16716,PT,#f8bf3f
16717,BG,#c66a3e
16718,BG,#c66a3e
16719,PT,#f8bf3f
16720,GE,#c43d39
16721,SK,#9d7d4f
16722,FI,#2b8384
16723,IT,#ce893f
16724,DK,#6b8e57
16725,DK,#6b8e57
16726,DK,#6b8e57
16727,RS,#c17541
16728,MK,#d0733c
16729,IT,#ce893f
16730,AM,#d1322e
16731,HR,#bc8144
16732,IT,#ce893f
16733,NL,#8c974b
16734,CH,#b19246
16735,FR,#b49f44
16736,DE,#918e4e
16737,CZ,#97854f
16738,NL,#8c974b
16739,CH,#b19246
16740,NL,#8c974b
16741,ES,#eeb33e
16742,CH,#b19246
16743,HU,#ac7c49
16744,NO,#3d8e61
16745,CH,#b19246
16746,GB,#7fa047
16747,HU,#ac7c49
16748,BA,#c37c41
16749,HU,#ac7c49
16750,BY,#7b7261
16751,IT,#ce893f
16752,ES,#eeb33e
16753,IT,#ce893f
16754,GE,#c43d39
16755,RS,#c17541
16756,CH,#b19246
16757,BG,#c66a3e
16758,BA,#c37c41
16759,DK,#6b8e57
16760,AM,#d1322e
16761,DE,#918e4e
16762,IT,#ce893f
16763,FR,#b49f44
16764,IT,#ce893f
16765,DK,#6b8e57
16766,AZ,#cf2a2d
16767,RO,#b06e48
16768,AM,#d1322e
16769,AM,#d1322e
16770,DK,#6b8e57
16771,AL,#d87539
16772,CH,#b19246
16773,PT,#f8bf3f
16774,DK,#6b8e57
16775,NL,#8c974b
16776,AM,#d1322e
16777,DK,#6b8e57
16778,AM,#d1322e
16779,IT,#ce893f
16780,NL,#8c974b
16781,FI,#2b8384
16782,RS,#c17541
16783,GE,#c43d39
16784,FI,#2b8384
16785,ME,#d1783c
16786,DK,#6b8e57
16787,GB,#7fa047
16788,HR,#bc8144
16789,HR,#bc8144
16790,CZ,#97854f
16791,GE,#c43d39
16792,LT,#6e7a64
16793,HU,#ac7c49
16794,HR,#bc8144
16795,SK,#9d7d4f
16796,NO,#3d8e61
16797,PL,#867f57
16798,NO,#3d8e61
16799,DK,#6b8e57
16800,DK,#6b8e57
16801,IT,#ce893f
16802,DE,#918e4e
16803,RO,#b06e48
16804,AL,#d87539
16805,BG,#c66a3e
16806,AM,#d1322e
16807,RU,#61667a
16808,LT,#6e7a64
16809,GE,#c43d39
16810,SI,#b58346
16811,BY,#7b7261
16812,IS,#2ca02c
16813,MK,#d0733c
16814,RU,#61667a
16815,DK,#6b8e57
16816,SI,#b58346
16817,SE,#3c8a6a
16818,SK,#9d7d4f
16819,CZ,#97854f
16820,ES,#eeb33e
16821,PT,#f8bf3f
16822,ES,#eeb33e
16823,PL,#867f57
16824,RU,#61667a
16825,HU,#ac7c49
16826,CZ,#97854f
16827,HU,#ac7c49
16828,HR,#bc8144
16829,HR,#bc8144
16830,IS,#2ca02c
16831,PT,#f8bf3f
16832,SI,#b58346
16833,HU,#ac7c49
16834,DK,#6b8e57
16835,BA,#c37c41
16836,DK,#6b8e57
16837,AT,#ae8648
16838,AT,#ae8648
16839,NL,#8c974b
16840,RO,#b06e48
16841,NO,#3d8e61
16842,CH,#b19246
16843,MK,#d0733c
16844,HR,#bc8144
16845,PT,#f8bf3f
16846,DE,#918e4e
16847,FI,#2b8384
16848,FR,#b49f44
16849,CH,#b19246
16850,RS,#c17541
16851,SE,#3c8a6a
16852,GE,#c43d39
16853,DK,#6b8e57
16854,GE,#c43d39
16855,DE,#918e4e
16856,NO,#3d8e61
16857,GE,#c43d39
16858,MK,#d0733c
16859,RO,#b06e48
16860,DK,#6b8e57
16861,NO,#3d8e61
16862,BG,#c66a3e
16863,HU,#ac7c49
16864,BA,#c37c41
16865,DE,#918e4e
16866,GB,#7fa047
16867,FI,#2b8384
16868,SE,#3c8a6a
16869,AT,#ae8648
16870,AZ,#cf2a2d
16871,SK,#9d7d4f
16872,DE,#918e4e
16873,HU,#ac7c49
16874,SE,#3c8a6a
16875,DE,#918e4e
16876,PT,#f8bf3f
16877,SE,#3c8a6a
16878,SE,#3c8a6a
16879,RU,#61667a
16880,DE,#918e4e
16881,PT,#f8bf3f
16882,AT,#ae8648
16883,MK,#d0733c
16884,DE,#918e4e
16885,FI,#2b8384
16886,GB,#7fa047
16887,HR,#bc8144
16888,RS,#c17541
16889,MK,#d0733c
16890,CZ,#97854f
16891,FI,#2b8384
16892,AT,#ae8648
16893,PL,#867f57
16894,CZ,#97854f
16895,SK,#9d7d4f
16896,CH,#b19246
16897,RO,#b06e48
16898,AM,#d1322e
16899,SK,#9d7d4f
16900,CH,#b19246
16901,CZ,#97854f
16902,BY,#7b7261
16903,EE,#507d73
16904,AZ,#cf2a2d
16905,SE,#3c8a6a
16906,ES,#eeb33e
16907,DE,#918e4e
16908,NL,#8c974b
16909,SI,#b58346
16910,NL,#8c974b
16911,NL,#8c974b
16912,RS,#c17541
16913,FI,#2b8384
16914,IS,#2ca02c
16915,CH,#b19246
16916,SI,#b58346
16917,GE,#c43d39
16918,EE,#507d73
16919,RS,#c17541
16920,IT,#ce893f
16921,DK,#6b8e57
16922,PL,#867f57
16923,CZ,#97854f
16924,EE,#507d73
16925,NL,#8c974b
16926,EE,#507d73
16927,ES,#eeb33e
16928,NL,#8c974b
16929,NL,#8c974b
16930,NO,#3d8e61
16931,GB,#7fa047
16932,ES,#eeb33e
16933,AL,#d87539
16934,CZ,#97854f
16935,NO,#3d8e61
16936,EE,#507d73
16937,SE,#3c8a6a
16938,GE,#c43d39
16939,SK,#9d7d4f
16940,BA,#c37c41
16941,SI,#b58346
16942,SK,#9d7d4f
16943,NO,#3d8e61
16944,HU,#ac7c49
16945,SI,#b58346
16946,SK,#9d7d4f
16947,GB,#7fa047
16948,GB,#7fa047
16949,HU,#ac7c49
16950,IT,#ce893f
16951,IS,#2ca02c
16952,BA,#c37c41
16953,DK,#6b8e57
16954,DK,#6b8e57
16955,RU,#61667a
16956,AM,#d1322e
16957,IS,#2ca02c
16958,IT,#ce893f
16959,SE,#3c8a6a
16960,PL,#867f57
16961,NL,#8c974b
16962,HR,#bc8144
16963,IS,#2ca02c
16964,HU,#ac7c49
16965,DK,#6b8e57
16966,RU,#61667a
16967,GB,#7fa047
16968,IT,#ce893f
16969,HU,#ac7c49
16970,AT,#ae8648
16971,DE,#918e4e
16972,NL,#8c974b
16973,GB,#7fa047
16974,NO,#3d8e61
16975,FR,#b49f44
16976,SK,#9d7d4f
16977,CZ,#97854f
16978,DE,#918e4e
16979,DK,#6b8e57
16980,NO,#3d8e61
16981,BY,#7b7261
16982,AM,#d1322e
16983,RU,#61667a
16984,ES,#eeb33e
16985,CZ,#97854f
16986,HU,#ac7c49
16987,IS,#2ca02c
16988,CH,#b19246
16989,EE,#507d73
16990,MK,#d0733c
16991,DK,#6b8e57
16992,MK,#d0733c
16993,AT,#ae8648
16994,NL,#8c974b
16995,DK,#6b8e57
16996,AM,#d1322e
16997,SK,#9d7d4f
16998,CH,#b19246
16999,HR,#bc8144
17000,FI,#2b8384
17001,BA,#c37c41
17002,AT,#ae8648
17003,AM,#d1322e
17004,CH,#b19246
17005,GE,#c43d39
17006,HU,#ac7c49
17007,GB,#7fa047
17008,BA,#c37c41
17009,NL,#8c974b
17010,CZ,#97854f
17011,SI,#b58346
17012,PT,#f8bf3f
17013,DK,#6b8e57
17014,IT,#ce893f
17015,RU,#61667a
17016,NO,#3d8e61
17017,BG,#c66a3e
17018,DK,#6b8e57
17019,BA,#c37c41
17020,FI,#2b8384
17021,LT,#6e7a64
17022,AL,#d87539
17023,BA,#c37c41
17024,GB,#7fa047
17025,GB,#7fa047
17026,IT,#ce893f
17027,RS,#c17541
17028,IS,#2ca02c
17029,FR,#b49f44
17030,NO,#3d8e61
17031,IT,#ce893f
17032,HU,#ac7c49
17033,AT,#ae8648
17034,PT,#f8bf3f
17035,FR,#b49f44
17036,GB,#7fa047
17037,SK,#9d7d4f
17038,FR,#b49f44
17039,NO,#3d8e61
17040,HR,#bc8144
17041,BY,#7b7261
17042,MK,#d0733c
17043,SE,#3c8a6a
17044,AM,#d1322e
17045,DK,#6b8e57
17046,DK,#6b8e57
17047,SE,#3c8a6a
17048,NL,#8c974b
17049,RU,#61667a
17050,AL,#d87539
17051,SI,#b58346
17052,FI,#2b8384
17053,BG,#c66a3e
17054,LT,#6e7a64
17055,DK,#6b8e57
17056,PT,#f8bf3f
17057,DK,#6b8e57
17058,EE,#507d73
17059,ES,#eeb33e
17060,DK,#6b8e57
17061,CH,#b19246
17062,NL,#8c974b
17063,GB,#7fa047
17064,MK,#d0733c
17065,ME,#d1783c
17066,HR,#bc8144
17067,BA,#c37c41
17068,CH,#b19246
17069,LT,#6e7a64
17070,DE,#918e4e
17071,DE,#918e4e
17072,FI,#2b8384
17073,EE,#507d73
17074,CH,#b19246
17075,CH,#b19246
17076,DE,#918e4e
17077,FI,#2b8384
17078,BG,#c66a3e
17079,NL,#8c974b
17080,IS,#2ca02c
17081,NL,#8c974b
17082,BA,#c37c41
17083,IS,#2ca02c
17084,SI,#b58346
17085,SI,#b58346
17086,IS,#2ca02c
17087,FR,#b49f44
17088,AM,#d1322e
17089,GB,#7fa047
17090,GB,#7fa047
17091,SE,#3c8a6a
17092,HU,#ac7c49
17093,RO,#b06e48
17094,MK,#d0733c
17095,DK,#6b8e57
17096,CH,#b19246
17097,RS,#c17541
17098,ME,#d1783c
17099,IS,#2ca02c
17100,DK,#6b8e57
17101,DE,#918e4e
17102,DE,#918e4e
17103,AL,#d87539
17104,SK,#9d7d4f
17105,ME,#d1783c
17106,AL,#d87539
17107,ME,#d1783c
17108,GB,#7fa047
17109,HU,#ac7c49
17110,DE,#918e4e
17111,BA,#c37c41
17112,NO,#3d8e61
17113,GE,#c43d39
17114,DK,#6b8e57
17115,AL,#d87539
17116,MK,#d0733c
17117,PL,#867f57
17118,GE,#c43d39
17119,PL,#867f57
17120,BY,#7b7261
17121,BG,#c66a3e
17122,DK,#6b8e57
17123,GE,#c43d39
17124,ES,#eeb33e
17125,RS,#c17541
17126,AM,#d1322e
17127,HU,#ac7c49
17128,HU,#ac7c49
17129,GE,#c43d39
17130,RU,#61667a
17131,SE,#3c8a6a
17132,DK,#6b8e57
17133,RS,#c17541
17134,NL,#8c974b
17135,IT,#ce893f
17136,CH,#b19246
17137,PL,#867f57
17138,EE,#507d73
17139,SI,#b58346
17140,IT,#ce893f
17141,MK,#d0733c
17142,FR,#b49f44
17143,GB,#7fa047
17144,RU,#61667a
17145,PT,#f8bf3f
17146,BA,#c37c41
17147,SI,#b58346
17148,CZ,#97854f
17149,AL,#d87539
17150,IT,#ce893f
17151,SE,#3c8a6a
17152,CH,#b19246
17153,HU,#ac7c49
17154,NL,#8c974b
17155,DK,#6b8e57
17156,IT,#ce893f
17157,RO,#b06e48
17158,PL,#867f57
17159,NL,#8c974b
17160,NL,#8c974b
17161,BA,#c37c41
17162,RS,#c17541
17163,FR,#b49f44
17164,BA,#c37c41
17165,MK,#d0733c
17166,DK,#6b8e57
17167,DK,#6b8e57
17168,NL,#8c974b
17169,AL,#d87539
17170,DK,#6b8e57
17171,RO,#b06e48
17172,NO,#3d8e61
17173,CH,#b19246
17174,AT,#ae8648
17175,RO,#b06e48
17176,HR,#bc8144
17177,AT,#ae8648
17178,GB,#7fa047
17179,PL,#867f57
17180,GB,#7fa047
17181,NO,#3d8e61
17182,AZ,#cf2a2d
17183,CH,#b19246
17184,BG,#c66a3e
17185,BA,#c37c41
17186,HU,#ac7c49
17187,RS,#c17541
17188,AT,#ae8648
17189,GB,#7fa047
17190,AM,#d1322e
17191,CH,#b19246
17192,ES,#eeb33e
17193,ES,#eeb33e
17194,RU,#61667a
17195,AT,#ae8648
17196,AZ,#cf2a2d
17197,SE,#3c8a6a
17198,FI,#2b8384
17199,IT,#ce893f
17200,NO,#3d8e61
17201,BA,#c37c41
17202,CZ,#97854f
17203,NL,#8c974b
17204,ES,#eeb33e
17205,RU,#61667a
17206,HR,#bc8144
17207,DE,#918e4e
17208,NL,#8c974b
17209,RS,#c17541
17210,BY,#7b7261
17211,IT,#ce893f
17212,BG,#c66a3e
17213,RU,#61667a
17214,GB,#7fa047
17215,PT,#f8bf3f
17216,ES,#eeb33e
17217,LT,#6e7a64
17218,CH,#b19246
17219,GB,#7fa047
17220,DK,#6b8e57
17221,LT,#6e7a64
17222,DK,#6b8e57
17223,AL,#d87539
17224,EE,#507d73
17225,GE,#c43d39
17226,FR,#b49f44
17227,SE,#3c8a6a
17228,AM,#d1322e
17229,AL,#d87539
17230,DE,#918e4e
17231,RS,#c17541
17232,CH,#b19246
17233,IS,#2ca02c
17234,IT,#ce893f
17235,BG,#c66a3e
17236,RO,#b06e48
17237,RU,#61667a
17238,AT,#ae8648
17239,RO,#b06e48
17240,HR,#bc8144
17241,RS,#c17541
17242,GE,#c43d39
17243,NL,#8c974b
17244,DK,#6b8e57
17245,NO,#3d8e61
17246,EE,#507d73
17247,CZ,#97854f
17248,GE,#c43d39
17249,FI,#2b8384
17250,RO,#b06e48
17251,BY,#7b7261
17252,RS,#c17541
17253,AL,#d87539
17254,GB,#7fa047
17255,HU,#ac7c49
17256,DK,#6b8e57
17257,AT,#ae8648
17258,GB,#7fa047
17259,NL,#8c974b
17260,BA,#c37c41
17261,IT,#ce893f
17262,SI,#b58346
17263,AZ,#cf2a2d
17264,RS,#c17541
17265,DK,#6b8e57
17266,DE,#918e4e
17267,PT,#f8bf3f
17268,CH,#b19246
17269,EE,#507d73
17270,HU,#ac7c49
17271,FI,#2b8384
17272,PT,#f8bf3f
17273,RS,#c17541
17274,BY,#7b7261
17275,GB,#7fa047
17276,AZ,#cf2a2d
17277,SI,#b58346
17278,DK,#6b8e57
17279,IS,#2ca02c
17280,IT,#ce893f
17281,AL,#d87539
17282,IS,#2ca02c
17283,CH,#b19246
17284,DE,#918e4e
17285,HR,#bc8144
17286,ES,#eeb33e
17287,CZ,#97854f
17288,DK,#6b8e57
17289,NL,#8c974b
17290,FR,#b49f44
17291,FR,#b49f44
17292,BA,#c37c41
17293,FI,#2b8384
17294,CH,#b19246
17295,BA,#c37c41
17296,DE,#918e4e
17297,SE,#3c8a6a
17298,PT,#f8bf3f
17299,AT,#ae8648
17300,BY,#7b7261
17301,GE,#c43d39
17302,IT,#ce893f
17303,FR,#b49f44
17304,HU,#ac7c49
17305,BY,#7b7261
17306,GB,#7fa047
17307,GB,#7fa047
17308,CH,#b19246
17309,BY,#7b7261
17310,GB,#7fa047
17311,EE,#507d73
17312,SK,#9d7d4f
17313,IT,#ce893f
17314,CH,#b19246
17315,SK,#9d7d4f
17316,DK,#6b8e57
17317,SK,#9d7d4f
17318,DK,#6b8e57
17319,LT,#6e7a64
17320,LT,#6e7a64
17321,CH,#b19246
17322,AL,#d87539
17323,DK,#6b8e57
17324,GE,#c43d39
17325,LT,#6e7a64
17326,ME,#d1783c
17327,DK,#6b8e57
17328,IS,#2ca02c
17329,DK,#6b8e57
17330,AZ,#cf2a2d
17331,DK,#6b8e57
17332,RU,#61667a
17333,BA,#c37c41
17334,BY,#7b7261
17335,IS,#2ca02c
17336,FI,#2b8384
17337,RO,#b06e48
17338,RO,#b06e48
17339,RS,#c17541
17340,AM,#d1322e
17341,NO,#3d8e61
17342,CZ,#97854f
17343,NL,#8c974b
17344,NL,#8c974b
17345,CH,#b19246
17346,CH,#b19246
17347,ES,#eeb33e
17348,FR,#b49f44
17349,AM,#d1322e
17350,CH,#b19246
17351,DK,#6b8e57
17352,GB,#7fa047
17353,GE,#c43d39
17354,FI,#2b8384
17355,CH,#b19246
17356,BG,#c66a3e
17357,GB,#7fa047
17358,CZ,#97854f
17359,DK,#6b8e57
17360,CH,#b19246
17361,ME,#d1783c
17362,SE,#3c8a6a
17363,PL,#867f57
17364,AZ,#cf2a2d
17365,NL,#8c974b
17366,IT,#ce893f
17367,IT,#ce893f
17368,NL,#8c974b
17369,IS,#2ca02c
17370,NO,#3d8e61
17371,NO,#3d8e61
17372,SE,#3c8a6a
17373,RS,#c17541
17374,GE,#c43d39
17375,AZ,#cf2a2d
17376,HR,#bc8144
17377,NO,#3d8e61
17378,CH,#b19246
17379,PT,#f8bf3f
17380,FR,#b49f44
17381,FR,#b49f44
17382,DK,#6b8e57
17383,HU,#ac7c49
17384,ME,#d1783c
17385,IS,#2ca02c
17386,BA,#c37c41
17387,FR,#b49f44
17388,DK,#6b8e57
17389,NL,#8c974b
17390,BY,#7b7261
17391,BY,#7b7261
17392,SE,#3c8a6a
17393,FI,#2b8384
17394,HR,#bc8144
17395,DK,#6b8e57
17396,AT,#ae8648
17397,BA,#c37c41
17398,AL,#d87539
17399,FI,#2b8384
17400,NL,#8c974b
17401,CH,#b19246
17402,BA,#c37c41
17403,BA,#c37c41
17404,MK,#d0733c
17405,DE,#918e4e
17406,GB,#7fa047
17407,AM,#d1322e
17408,RS,#c17541
17409,RU,#61667a
17410,MK,#d0733c
17411,SE,#3c8a6a
17412,HR,#bc8144
17413,AM,#d1322e
17414,BA,#c37c41
17415,EE,#507d73
17416,CZ,#97854f
17417,DK,#6b8e57
17418,NO,#3d8e61
17419,BA,#c37c41
17420,BA,#c37c41
17421,CH,#b19246
17422,CZ,#97854f
17423,HU,#ac7c49
17424,AL,#d87539
17425,EE,#507d73
17426,FR,#b49f44
17427,AZ,#cf2a2d
17428,NL,#8c974b
17429,AT,#ae8648
17430,CH,#b19246
17431,FR,#b49f44
17432,IT,#ce893f
17433,ES,#eeb33e
17434,GE,#c43d39
17435,FI,#2b8384
17436,IT,#ce893f
17437,EE,#507d73
17438,CH,#b19246
17439,SK,#9d7d4f
17440,IT,#ce893f
17441,CZ,#97854f
17442,EE,#507d73
17443,SI,#b58346
17444,BA,#c37c41
17445,GE,#c43d39
17446,BA,#c37c41
17447,CZ,#97854f
17448,DK,#6b8e57
17449,LT,#6e7a64
17450,SE,#3c8a6a
17451,NL,#8c974b
17452,DE,#918e4e
17453,NO,#3d8e61
17454,PT,#f8bf3f
17455,HR,#bc8144
17456,DE,#918e4e
17457,DK,#6b8e57
17458,AM,#d1322e
17459,DK,#6b8e57
17460,DK,#6b8e57
17461,EE,#507d73
17462,BG,#c66a3e
17463,GB,#7fa047
17464,GE,#c43d39
17465,NO,#3d8e61
17466,CH,#b19246
17467,GE,#c43d39
17468,IT,#ce893f
17469,SI,#b58346
17470,BG,#c66a3e
17471,FR,#b49f44
17472,PL,#867f57
17473,HU,#ac7c49
17474,CH,#b19246
17475,AM,#d1322e
17476,IT,#ce893f
17477,DK,#6b8e57
17478,NL,#8c974b
17479,SK,#9d7d4f
17480,SE,#3c8a6a
17481,AT,#ae8648
17482,NL,#8c974b
17483,HR,#bc8144
17484,BY,#7b7261
17485,GE,#c43d39
17486,IT,#ce893f
17487,NO,#3d8e61
17488,CZ,#97854f
17489,FI,#2b8384
17490,IS,#2ca02c
17491,MK,#d0733c
17492,CZ,#97854f
17493,CZ,#97854f
17494,SE,#3c8a6a
17495,IS,#2ca02c
17496,FR,#b49f44
17497,FI,#2b8384
17498,FI,#2b8384
17499,CH,#b19246
17500,AM,#d1322e
17501,SI,#b58346
17502,DK,#6b8e57
17503,AM,#d1322e
17504,RU,#61667a
17505,HU,#ac7c49
17506,AL,#d87539
17507,DK,#6b8e57
17508,SE,#3c8a6a
17509,AZ,#cf2a2d
17510,CZ,#97854f
17511,LT,#6e7a64
17512,NO,#3d8e61
17513,GB,#7fa047
17514,DK,#6b8e57
17515,CH,#b19246
17516,ME,#d1783c
17517,BY,#7b7261
17518,IS,#2ca02c
17519,AT,#ae8648
17520,DE,#918e4e
17521,AM,#d1322e
17522,DK,#6b8e57
17523,AM,#d1322e
17524,AL,#d87539
17525,DK,#6b8e57
17526,GE,#c43d39
17527,NL,#8c974b
17528,GE,#c43d39
17529,PL,#867f57
17530,DE,#918e4e
17531,AL,#d87539
17532,AM,#d1322e
17533,AT,#ae8648
17534,BA,#c37c41
17535,SK,#9d7d4f
17536,FI,#2b8384
17537,PL,#867f57
17538,AZ,#cf2a2d
17539,EE,#507d73
17540,DK,#6b8e57
17541,PL,#867f57
17542,SI,#b58346
17543,SI,#b58346
17544,HR,#bc8144
17545,RU,#61667a
17546,HU,#ac7c49
17547,GE,#c43d39
17548,NO,#3d8e61
17549,SE,#3c8a6a
17550,AT,#ae8648
17551,CH,#b19246
17552,GE,#c43d39
17553,FR,#b49f44
17554,NO,#3d8e61
17555,CH,#b19246
17556,FI,#2b8384
17557,NO,#3d8e61
17558,SK,#9d7d4f
17559,SK,#9d7d4f
17560,CH,#b19246
17561,GB,#7fa047
17562,HU,#ac7c49
17563,HR,#bc8144
17564,RS,#c17541
17565,CH,#b19246
17566,CH,#b19246
17567,NL,#8c974b
17568,SI,#b58346
17569,NL,#8c974b
17570,FR,#b49f44
17571,BG,#c66a3e
17572,NO,#3d8e61
17573,FR,#b49f44
17574,HU,#ac7c49
17575,FR,#b49f44
17576,PL,#867f57
17577,DE,#918e4e
17578,SE,#3c8a6a
17579,DE,#918e4e
17580,FR,#b49f44
17581,FR,#b49f44
17582,GE,#c43d39
17583,BA,#c37c41
17584,NL,#8c974b
17585,DE,#918e4e
17586,LT,#6e7a64
17587,SK,#9d7d4f
17588,BY,#7b7261
17589,SI,#b58346
17590,RS,#c17541
17591,RS,#c17541
17592,GE,#c43d39
17593,SE,#3c8a6a
17594,AM,#d1322e
17595,IT,#ce893f
17596,AT,#ae8648
17597,NL,#8c974b
17598,PL,#867f57
17599,NL,#8c974b
17600,IS,#2ca02c
17601,PT,#f8bf3f
17602,ME,#d1783c
17603,MK,#d0733c
17604,CH,#b19246
17605,FI,#2b8384
17606,HR,#bc8144
17607,DE,#918e4e
17608,IS,#2ca02c
17609,DK,#6b8e57
17610,RU,#61667a
17611,SI,#b58346
17612,GE,#c43d39
17613,RO,#b06e48
17614,GE,#c43d39
17615,AT,#ae8648
17616,DK,#6b8e57
17617,CH,#b19246
17618,DE,#918e4e
17619,DK,#6b8e57
17620,RS,#c17541
17621,CH,#b19246
17622,AL,#d87539
17623,SI,#b58346
17624,DK,#6b8e57
17625,IS,#2ca02c
17626,LT,#6e7a64
17627,GB,#7fa047
17628,GE,#c43d39
17629,RS,#c17541
17630,SK,#9d7d4f
17631,BG,#c66a3e
17632,RU,#61667a
17633,DK,#6b8e57
17634,IT,#ce893f
17635,AZ,#cf2a2d
17636,DK,#6b8e57
17637,CH,#b19246
17638,CZ,#97854f
17639,AL,#d87539
17640,ES,#eeb33e
17641,IS,#2ca02c
17642,NO,#3d8e61
17643,NL,#8c974b
17644,HR,#bc8144
17645,CH,#b19246
17646,AM,#d1322e
17647,DE,#918e4e
17648,BG,#c66a3e
17649,LT,#6e7a64
17650,HR,#bc8144
17651,CH,#b19246
17652,ME,#d1783c
17653,HU,#ac7c49
17654,AM,#d1322e
17655,CZ,#97854f
17656,GB,#7fa047
17657,RS,#c17541
17658,SE,#3c8a6a
17659,NL,#8c974b
17660,IT,#ce893f
17661,DK,#6b8e57
17662,DK,#6b8e57
17663,NL,#8c974b
17664,BA,#c37c41
17665,NO,#3d8e61
17666,NL,#8c974b
17667,GB,#7fa047
17668,GB,#7fa047
17669,SE,#3c8a6a
17670,BY,#7b7261
17671,CZ,#97854f
17672,DE,#918e4e
17673,CH,#b19246
17674,CH,#b19246
17675,NL,#8c974b
17676,CH,#b19246
17677,DK,#6b8e57
17678,ME,#d1783c
17679,IT,#ce893f
17680,NO,#3d8e61
17681,LT,#6e7a64
17682,CZ,#97854f
17683,RS,#c17541
17684,AT,#ae8648
17685,DE,#918e4e
17686,DK,#6b8e57
17687,BY,#7b7261
17688,SE,#3c8a6a
17689,DK,#6b8e57
17690,HR,#bc8144
17691,BA,#c37c41
17692,BG,#c66a3e
17693,CH,#b19246
17694,CH,#b19246
17695,NL,#8c974b
17696,IS,#2ca02c
17697,DK,#6b8e57
17698,CH,#b19246
17699,CH,#b19246
17700,AT,#ae8648
17701,FR,#b49f44
17702,GE,#c43d39
17703,DK,#6b8e57
17704,CH,#b19246
17705,CH,#b19246
17706,NO,#3d8e61
17707,CH,#b19246
17708,CZ,#97854f
17709,DK,#6b8e57
17710,GB,#7fa047
17711,CH,#b19246
17712,DK,#6b8e57
17713,DK,#6b8e57
17714,PT,#f8bf3f
17715,CH,#b19246
17716,BA,#c37c41
17717,NO,#3d8e61
17718,FI,#2b8384
17719,RO,#b06e48
17720,DK,#6b8e57
17721,PL,#867f57
17722,CZ,#97854f
17723,FI,#2b8384
17724,SK,#9d7d4f
17725,NO,#3d8e61
17726,RS,#c17541
17727,IT,#ce893f
17728,CH,#b19246
17729,EE,#507d73
17730,DE,#918e4e
17731,BA,#c37c41
17732,HU,#ac7c49
17733,BY,#7b7261
17734,FR,#b49f44
17735,BY,#7b7261
17736,HU,#ac7c49
17737,CH,#b19246
17738,MK,#d0733c
17739,IS,#2ca02c
17740,SK,#9d7d4f
17741,DE,#918e4e
17742,SE,#3c8a6a
17743,IS,#2ca02c
17744,GB,#7fa047
17745,SE,#3c8a6a
17746,FI,#2b8384
17747,SE,#3c8a6a
17748,PT,#f8bf3f
17749,RS,#c17541
17750,FI,#2b8384
17751,NL,#8c974b
17752,LT,#6e7a64
17753,SE,#3c8a6a
17754,NL,#8c974b
17755,GE,#c43d39
17756,BY,#7b7261
17757,IT,#ce893f
17758,CH,#b19246
17759,FR,#b49f44
17760,NO,#3d8e61
17761,DK,#6b8e57
17762,NO,#3d8e61
17763,CZ,#97854f
17764,CH,#b19246
17765,PL,#867f57
17766,AM,#d1322e
17767,BG,#c66a3e
17768,AL,#d87539
17769,DE,#918e4e
17770,ME,#d1783c
17771,ES,#eeb33e
17772,CH,#b19246
17773,FR,#b49f44
17774,SI,#b58346
17775,IS,#2ca02c
17776,BG,#c66a3e
17777,GB,#7fa047
17778,AT,#ae8648
17779,PL,#867f57
17780,HU,#ac7c49
17781,ES,#eeb33e
17782,BA,#c37c41
17783,IS,#2ca02c
17784,FR,#b49f44
17785,ES,#eeb33e
17786,CH,#b19246
17787,BA,#c37c41
17788,GB,#7fa047
17789,DK,#6b8e57
17790,NO,#3d8e61
17791,RU,#61667a
17792,GB,#7fa047
17793,HR,#bc8144
17794,RU,#61667a
17795,RS,#c17541
17796,GE,#c43d39
17797,RO,#b06e48
17798,DK,#6b8e57
17799,AM,#d1322e
17800,HR,#bc8144
17801,LT,#6e7a64
17802,CZ,#97854f
17803,GE,#c43d39
17804,FI,#2b8384
17805,GB,#7fa047
17806,GB,#7fa047
17807,FI,#2b8384
17808,NL,#8c974b
17809,AM,#d1322e
17810,GE,#c43d39
17811,DE,#918e4e
17812,BY,#7b7261
17813,IT,#ce893f
17814,RU,#61667a
17815,IT,#ce893f
17816,FR,#b49f44
17817,GB,#7fa047
17818,BG,#c66a3e
17819,IS,#2ca02c
17820,GB,#7fa047
17821,MK,#d0733c
17822,BA,#c37c41
17823,AT,#ae8648
17824,NL,#8c974b
17825,FR,#b49f44
17826,BY,#7b7261
17827,IS,#2ca02c
17828,GB,#7fa047
17829,BY,#7b7261
17830,DK,#6b8e57
17831,BY,#7b7261
17832,EE,#507d73
17833,RO,#b06e48
17834,SI,#b58346
17835,HR,#bc8144
17836,BA,#c37c41
17837,DK,#6b8e57
17838,IS,#2ca02c
17839,HU,#ac7c49
17840,BA,#c37c41
17841,AT,#ae8648
17842,SE,#3c8a6a
17843,CH,#b19246
17844,HU,#ac7c49
17845,DE,#918e4e
17846,ES,#eeb33e
17847,BY,#7b7261
17848,SE,#3c8a6a
17849,NL,#8c974b
17850,MK,#d0733c
17851,FR,#b49f44
17852,IS,#2ca02c
17853,GB,#7fa047
17854,DK,#6b8e57
17855,LT,#6e7a64
17856,IT,#ce893f
17857,LT,#6e7a64
17858,RO,#b06e48
17859,DK,#6b8e57
17860,AT,#ae8648
17861,EE,#507d73
17862,EE,#507d73
17863,NO,#3d8e61
17864,ME,#d1783c
17865,AL,#d87539
17866,CH,#b19246
17867,ME,#d1783c
17868,PL,#867f57
17869,IT,#ce893f
17870,DK,#6b8e57
17871,MK,#d0733c
17872,FR,#b49f44
17873,FI,#2b8384
17874,FI,#2b8384
17875,FI,#2b8384
17876,PL,#867f57
17877,DE,#918e4e
17878,DK,#6b8e57
17879,SI,#b58346
17880,AL,#d87539
17881,AL,#d87539
17882,IS,#2ca02c
17883,GE,#c43d39
17884,AT,#ae8648
17885,RO,#b06e48
17886,DK,#6b8e57
17887,RS,#c17541
17888,HR,#bc8144
17889,DK,#6b8e57
17890,AT,#ae8648
17891,GE,#c43d39
17892,AL,#d87539
17893,AM,#d1322e
17894,ME,#d1783c
17895,AT,#ae8648
17896,BA,#c37c41
17897,SE,#3c8a6a
17898,HR,#bc8144
17899,HR,#bc8144
17900,HR,#bc8144
17901,RU,#61667a
17902,AM,#d1322e
17903,SK,#9d7d4f
17904,CH,#b19246
17905,DK,#6b8e57
17906,IS,#2ca02c
17907,FI,#2b8384
17908,DE,#918e4e
17909,FI,#2b8384
17910,IT,#ce893f
17911,BY,#7b7261
17912,AM,#d1322e
17913,BG,#c66a3e
17914,IT,#ce893f
17915,DK,#6b8e57
17916,CH,#b19246
17917,GB,#7fa047
17918,PT,#f8bf3f
17919,NO,#3d8e61
17920,EE,#507d73
17921,IT,#ce893f
17922,AL,#d87539
17923,AT,#ae8648
17924,NO,#3d8e61
17925,NL,#8c974b
17926,GE,#c43d39
17927,CZ,#97854f
17928,IT,#ce893f
17929,AT,#ae8648
17930,CZ,#97854f
17931,BA,#c37c41
17932,GB,#7fa047
17933,CZ,#97854f
17934,NL,#8c974b
17935,GB,#7fa047
17936,DK,#6b8e57
17937,NL,#8c974b
17938,PL,#867f57
17939,LT,#6e7a64
17940,AT,#ae8648
17941,PT,#f8bf3f
17942,DK,#6b8e57
17943,DK,#6b8e57
17944,BG,#c66a3e
17945,IT,#ce893f
17946,FI,#2b8384
17947,FI,#2b8384
17948,RS,#c17541
17949,IT,#ce893f
17950,ES,#eeb33e
17951,AM,#d1322e
17952,DK,#6b8e57
17953,AZ,#cf2a2d
17954,RO,#b06e48
17955,SE,#3c8a6a
17956,AL,#d87539
17957,AZ,#cf2a2d
17958,CH,#b19246
17959,CH,#b19246
17960,IS,#2ca02c
17961,AM,#d1322e
17962,IT,#ce893f
17963,BY,#7b7261
17964,HR,#bc8144
17965,CH,#b19246
17966,IS,#2ca02c
17967,ES,#eeb33e
17968,GB,#7fa047
17969,DK,#6b8e57
17970,DK,#6b8e57
17971,GB,#7fa047
17972,BA,#c37c41
17973,GB,#7fa047
17974,RS,#c17541
17975,IS,#2ca02c
17976,SI,#b58346
17977,SE,#3c8a6a
17978,CH,#b19246
17979,AZ,#cf2a2d
17980,AZ,#cf2a2d
17981,ES,#eeb33e
17982,CZ,#97854f
17983,DK,#6b8e57
17984,AT,#ae8648
17985,IS,#2ca02c
17986,NO,#3d8e61
17987,NO,#3d8e61
17988,FI,#2b8384
17989,RU,#61667a
17990,CH,#b19246
17991,SE,#3c8a6a
17992,FR,#b49f44
17993,AM,#d1322e
17994,CZ,#97854f
17995,DK,#6b8e57
17996,BY,#7b7261
17997,ES,#eeb33e
17998,HU,#ac7c49
17999,RO,#b06e48
18000,NL,#8c974b
18001,AT,#ae8648
18002,HR,#bc8144
18003,ES,#eeb33e
18004,CH,#b19246
18005,DK,#6b8e57
18006,SI,#b58346
18007,RS,#c17541
18008,DE,#918e4e
18009,FI,#2b8384
18010,RU,#61667a
18011,IS,#2ca02c
18012,HR,#bc8144
18013,NL,#8c974b
18014,HR,#bc8144
18015,ME,#d1783c
18016,GB,#7fa047
18017,CH,#b19246
18018,NL,#8c974b
18019,CH,#b19246
18020,CH,#b19246
18021,DK,#6b8e57
18022,NL,#8c974b
18023,HR,#bc8144
18024,FI,#2b8384
18025,AL,#d87539
18026,CH,#b19246
18027,GE,#c43d39
18028,BA,#c37c41
18029,HU,#ac7c49
18030,IT,#ce893f
18031,CH,#b19246
18032,DK,#6b8e57
18033,DE,#918e4e
18034,HR,#bc8144
18035,PL,#867f57
18036,SE,#3c8a6a
18037,RU,#61667a
18038,PT,#f8bf3f
18039,FI,#2b8384
18040,HR,#bc8144
18041,FI,#2b8384
18042,AT,#ae8648
18043,AM,#d1322e
18044,AM,#d1322e
18045,BG,#c66a3e
18046,FI,#2b8384
18047,HU,#ac7c49
18048,DK,#6b8e57
18049,DE,#918e4e
18050,ES,#eeb33e
18051,AL,#d87539
18052,FR,#b49f44
18053,NL,#8c974b
18054,GE,#c43d39
18055,RO,#b06e48
18056,NL,#8c974b
18057,CH,#b19246
18058,AL,#d87539
18059,RS,#c17541
18060,PT,#f8bf3f
18061,AL,#d87539
18062,DK,#6b8e57
18063,DK,#6b8e57
18064,NO,#3d8e61
18065,RU,#61667a
18066,LT,#6e7a64
18067,DK,#6b8e57
18068,AZ,#cf2a2d
18069,CH,#b19246
18070,BA,#c37c41
18071,DK,#6b8e57
18072,SI,#b58346
18073,CH,#b19246
18074,SE,#3c8a6a
18075,GE,#c43d39
18076,NL,#8c974b
18077,LT,#6e7a64
18078,PL,#867f57
18079,AZ,#cf2a2d
18080,EE,#507d73
18081,BY,#7b7261
18082,BA,#c37c41
18083,NO,#3d8e61
18084,IT,#ce893f
18085,IT,#ce893f
18086,FR,#b49f44
18087,IT,#ce893f
18088,CH,#b19246
18089,RU,#61667a
18090,CH,#b19246
18091,IS,#2ca02c
18092,DE,#918e4e
18093,SE,#3c8a6a
18094,NO,#3d8e61
18095,DE,#918e4e
18096,BY,#7b7261
18097,NL,#8c974b
18098,HR,#bc8144
18099,GE,#c43d39
18100,ME,#d1783c
18101,FR,#b49f44
18102,HR,#bc8144
18103,NL,#8c974b
18104,PT,#f8bf3f
18105,PT,#f8bf3f
18106,RS,#c17541
18107,NO,#3d8e61
18108,HR,#bc8144
18109,CH,#b19246
18110,DK,#6b8e57
18111,AT,#ae8648
18112,NL,#8c974b
18113,CH,#b19246
18114,SE,#3c8a6a
18115,CH,#b19246
18116,SK,#9d7d4f
18117,NO,#3d8e61
18118,GB,#7fa047
18119,AZ,#cf2a2d
18120,PL,#867f57
18121,BY,#7b7261
18122,DK,#6b8e57
18123,SI,#b58346
18124,DK,#6b8e57
18125,DK,#6b8e57
18126,AZ,#cf2a2d
18127,HR,#bc8144
18128,AZ,#cf2a2d
18129,FR,#b49f44
18130,SK,#9d7d4f
18131,BA,#c37c41
18132,AL,#d87539
18133,GB,#7fa047
18134,BA,#c37c41
18135,DE,#918e4e
18136,RU,#61667a
18137,DE,#918e4e
18138,FI,#2b8384
18139,PL,#867f57
18140,IT,#ce893f
18141,CH,#b19246
18142,FR,#b49f44
18143,IT,#ce893f
18144,AL,#d87539
18145,RU,#61667a
18146,EE,#507d73
18147,IT,#ce893f
18148,DK,#6b8e57
18149,NL,#8c974b
18150,FR,#b49f44
18151,LT,#6e7a64
18152,NL,#8c974b
18153,RU,#61667a
18154,HU,#ac7c49
18155,IS,#2ca02c
18156,GB,#7fa047
18157,GE,#c43d39
18158,DK,#6b8e57
18159,CZ,#97854f
18160,DE,#918e4e
18161,AL,#d87539
18162,NO,#3d8e61
18163,HR,#bc8144
18164,BA,#c37c41
18165,AT,#ae8648
18166,AT,#ae8648
18167,NO,#3d8e61
18168,NL,#8c974b
18169,CH,#b19246
18170,CZ,#97854f
18171,PL,#867f57
18172,IT,#ce893f
18173,GE,#c43d39
18174,AZ,#cf2a2d
18175,IT,#ce893f
18176,RS,#c17541
18177,AZ,#cf2a2d
18178,CH,#b19246
18179,HR,#bc8144
18180,PL,#867f57
18181,AT,#ae8648
18182,NO,#3d8e61
18183,DK,#6b8e57
18184,SE,#3c8a6a
18185,AL,#d87539
18186,PL,#867f57
18187,BY,#7b7261
18188,LT,#6e7a64
18189,LT,#6e7a64
18190,SE,#3c8a6a
18191,EE,#507d73
18192,FI,#2b8384
18193,CH,#b19246
18194,HR,#bc8144
18195,BA,#c37c41
18196,GB,#7fa047
18197,MK,#d0733c
18198,GE,#c43d39
18199,AZ,#cf2a2d
18200,IT,#ce893f
18201,GE,#c43d39
18202,NL,#8c974b
18203,HR,#bc8144
18204,DK,#6b8e57
18205,DK,#6b8e57
18206,SE,#3c8a6a
18207,AM,#d1322e
18208,EE,#507d73
18209,RU,#61667a
18210,SK,#9d7d4f
18211,AZ,#cf2a2d
18212,FI,#2b8384
18213,HR,#bc8144
18214,GB,#7fa047
18215,CH,#b19246
18216,CH,#b19246
18217,CH,#b19246
18218,DK,#6b8e57
18219,RS,#c17541
18220,IS,#2ca02c
18221,GB,#7fa047
18222,DK,#6b8e57
18223,FR,#b49f44
18224,PL,#867f57
18225,CH,#b19246
18226,FR,#b49f44
18227,BG,#c66a3e
18228,GB,#7fa047
18229,NL,#8c974b
18230,NO,#3d8e61
18231,NL,#8c974b
18232,FI,#2b8384
18233,DE,#918e4e
18234,AT,#ae8648
18235,AL,#d87539
18236,DK,#6b8e57
18237,ES,#eeb33e
18238,NO,#3d8e61
18239,CZ,#97854f
18240,SK,#9d7d4f
18241,DE,#918e4e
18242,GB,#7fa047
18243,NL,#8c974b
18244,LT,#6e7a64
18245,CZ,#97854f
18246,DK,#6b8e57
18247,GB,#7fa047
18248,AT,#ae8648
18249,PT,#f8bf3f
18250,DK,#6b8e57
18251,SI,#b58346
18252,NL,#8c974b
18253,AL,#d87539
18254,DK,#6b8e57
18255,BY,#7b7261
18256,AM,#d1322e
18257,FI,#2b8384
18258,CZ,#97854f
18259,GB,#7fa047
18260,AM,#d1322e
18261,NL,#8c974b
18262,LT,#6e7a64
18263,LT,#6e7a64
18264,FI,#2b8384
18265,SK,#9d7d4f
18266,DK,#6b8e57
18267,GE,#c43d39
18268,CH,#b19246
18269,AM,#d1322e
18270,LT,#6e7a64
18271,AM,#d1322e
18272,NL,#8c974b
18273,CZ,#97854f
18274,ME,#d1783c
18275,NO,#3d8e61
18276,CH,#b19246
18277,BG,#c66a3e
18278,GB,#7fa047
18279,SI,#b58346
18280,BA,#c37c41
18281,HR,#bc8144
18282,ES,#eeb33e
18283,MK,#d0733c
18284,DE,#918e4e
18285,GE,#c43d39
18286,NL,#8c974b
18287,DK,#6b8e57
18288,IS,#2ca02c
18289,NL,#8c974b
18290,FR,#b49f44
18291,DK,#6b8e57
18292,FR,#b49f44
18293,EE,#507d73
18294,LT,#6e7a64
18295,SE,#3c8a6a
18296,IS,#2ca02c
18297,DK,#6b8e57
18298,IS,#2ca02c
18299,DK,#6b8e57
18300,CZ,#97854f
18301,RU,#61667a
18302,ES,#eeb33e
18303,SK,#9d7d4f
18304,RS,#c17541
18305,HU,#ac7c49
18306,RO,#b06e48
18307,CH,#b19246
18308,AL,#d87539
18309,ES,#eeb33e
18310,RO,#b06e48
18311,NL,#8c974b
18312,HU,#ac7c49
18313,SK,#9d7d4f
18314,IS,#2ca02c
18315,GB,#7fa047
18316,SI,#b58346
18317,CZ,#97854f
18318,SI,#b58346
18319,NL,#8c974b
18320,LT,#6e7a64
18321,DK,#6b8e57
18322,GE,#c43d39
18323,FI,#2b8384
18324,LT,#6e7a64
18325,AM,#d1322e
18326,BA,#c37c41
18327,LT,#6e7a64
18328,ME,#d1783c
18329,DE,#918e4e
18330,SI,#b58346
18331,AT,#ae8648
18332,AM,#d1322e
18333,ES,#eeb33e
18334,NL,#8c974b
18335,BG,#c66a3e
18336,AL,#d87539
18337,CZ,#97854f
18338,BA,#c37c41
18339,MK,#d0733c
18340,IT,#ce893f
18341,FI,#2b8384
18342,DK,#6b8e57
18343,GB,#7fa047
18344,BA,#c37c41
18345,DE,#918e4e
18346,AM,#d1322e
18347,FR,#b49f44
18348,DE,#918e4e
18349,AZ,#cf2a2d
18350,MK,#d0733c
18351,SE,#3c8a6a
18352,SK,#9d7d4f
18353,SI,#b58346
18354,SK,#9d7d4f
18355,DK,#6b8e57
18356,IS,#2ca02c
18357,GB,#7fa047
18358,HU,#ac7c49
18359,NO,#3d8e61
18360,AT,#ae8648
18361,SE,#3c8a6a
18362,GB,#7fa047
18363,DK,#6b8e57
18364,FI,#2b8384
18365,NL,#8c974b
18366,HR,#bc8144
18367,AL,#d87539
18368,BY,#7b7261
18369,BG,#c66a3e
18370,GB,#7fa047
18371,IT,#ce893f
18372,MK,#d0733c
18373,GB,#7fa047
18374,DE,#918e4e
18375,SE,#3c8a6a
18376,CH,#b19246
18377,NL,#8c974b
18378,BG,#c66a3e
18379,IS,#2ca02c
18380,RS,#c17541
18381,RS,#c17541
18382,CZ,#97854f
18383,GE,#c43d39
18384,PT,#f8bf3f
18385,AM,#d1322e
18386,ME,#d1783c
18387,DK,#6b8e57
18388,CH,#b19246
18389,AT,#ae8648
18390,NL,#8c974b
18391,IS,#2ca02c
18392,HU,#ac7c49
18393,AT,#ae8648
18394,NO,#3d8e61
18395,CH,#b19246
18396,DK,#6b8e57
18397,NL,#8c974b
18398,RU,#61667a
18399,BG,#c66a3e
18400,PL,#867f57
18401,RS,#c17541
18402,PT,#f8bf3f
18403,CH,#b19246
18404,RU,#61667a
18405,FR,#b49f44
18406,CH,#b19246
18407,SK,#9d7d4f
18408,DK,#6b8e57
18409,NL,#8c974b
18410,IT,#ce893f
18411,DK,#6b8e57
18412,NL,#8c974b
18413,PL,#867f57
18414,GE,#c43d39
18415,ES,#eeb33e
18416,IS,#2ca02c
18417,GE,#c43d39
18418,IS,#2ca02c
18419,BY,#7b7261
18420,CH,#b19246
18421,FR,#b49f44
18422,FR,#b49f44
18423,BG,#c66a3e
18424,DK,#6b8e57
18425,HU,#ac7c49
18426,NL,#8c974b
18427,IT,#ce893f
18428,FR,#b49f44
18429,GE,#c43d39
18430,DE,#918e4e
18431,AL,#d87539
18432,HR,#bc8144
18433,FR,#b49f44
18434,IT,#ce893f
18435,SI,#b58346
18436,AL,#d87539
18437,MK,#d0733c
18438,CH,#b19246
18439,DK,#6b8e57
18440,BA,#c37c41
18441,SE,#3c8a6a
18442,IS,#2ca02c
18443,RS,#c17541
18444,SI,#b58346
18445,CZ,#97854f
18446,SE,#3c8a6a
18447,CZ,#97854f
18448,MK,#d0733c
18449,AT,#ae8648
18450,BA,#c37c41
18451,ES,#eeb33e
18452,DK,#6b8e57
18453,ES,#eeb33e
18454,DK,#6b8e57
18455,HR,#bc8144
18456,DK,#6b8e57
18457,SK,#9d7d4f
18458,DE,#918e4e
18459,AT,#ae8648
18460,BG,#c66a3e
18461,AT,#ae8648
18462,SE,#3c8a6a
18463,BA,#c37c41
18464,NO,#3d8e61
18465,DK,#6b8e57
18466,GB,#7fa047
18467,DK,#6b8e57
18468,CH,#b19246
18469,DK,#6b8e57
18470,IS,#2ca02c
18471,EE,#507d73
18472,IS,#2ca02c
18473,ES,#eeb33e
18474,GB,#7fa047
18475,IS,#2ca02c
18476,IT,#ce893f
18477,NL,#8c974b
18478,RS,#c17541
18479,AM,#d1322e
18480,PL,#867f57
18481,CZ,#97854f
18482,CH,#b19246
18483,GE,#c43d39
18484,DK,#6b8e57
18485,DE,#918e4e
18486,IS,#2ca02c
18487,RU,#61667a
18488,SK,#9d7d4f
18489,AZ,#cf2a2d
18490,ME,#d1783c
18491,HU,#ac7c49
18492,RO,#b06e48
18493,AL,#d87539
18494,HU,#ac7c49
18495,FR,#b49f44
18496,HU,#ac7c49
18497,DK,#6b8e57
18498,IT,#ce893f
18499,PT,#f8bf3f
18500,HR,#bc8144
18501,CH,#b19246
18502,AT,#ae8648
18503,GB,#7fa047
18504,BG,#c66a3e
18505,AM,#d1322e
18506,HU,#ac7c49
18507,IT,#ce893f
18508,DK,#6b8e57
18509,ES,#eeb33e
18510,RU,#61667a
18511,AL,#d87539
18512,NL,#8c974b
18513,AM,#d1322e
18514,LT,#6e7a64
18515,EE,#507d73
18516,LT,#6e7a64
18517,SI,#b58346
18518,PT,#f8bf3f
18519,NL,#8c974b
18520,RU,#61667a
18521,SK,#9d7d4f
18522,GB,#7fa047
18523,CH,#b19246
18524,SK,#9d7d4f
18525,SI,#b58346
18526,HU,#ac7c49
18527,DK,#6b8e57
18528,IT,#ce893f
18529,LT,#6e7a64
18530,NO,#3d8e61
18531,BY,#7b7261
18532,GB,#7fa047
18533,RO,#b06e48
18534,PT,#f8bf3f
18535,AM,#d1322e
18536,RO,#b06e48
18537,AZ,#cf2a2d
18538,BA,#c37c41
18539,CH,#b19246
18540,RU,#61667a
18541,FR,#b49f44
18542,AM,#d1322e
18543,SE,#3c8a6a
18544,ES,#eeb33e
18545,CH,#b19246
18546,HU,#ac7c49
18547,IT,#ce893f
18548,SE,#3c8a6a
18549,CH,#b19246
18550,GE,#c43d39
18551,BG,#c66a3e
18552,GE,#c43d39
18553,FI,#2b8384
18554,AT,#ae8648
18555,IT,#ce893f
18556,RS,#c17541
18557,IS,#2ca02c
18558,FR,#b49f44
18559,AM,#d1322e
18560,BG,#c66a3e
18561,PT,#f8bf3f
18562,RO,#b06e48
18563,FR,#b49f44
18564,SK,#9d7d4f
18565,NO,#3d8e61
18566,AM,#d1322e
18567,SI,#b58346
18568,SK,#9d7d4f
18569,SI,#b58346
18570,GE,#c43d39
18571,DK,#6b8e57
18572,RO,#b06e48
18573,BG,#c66a3e
18574,EE,#507d73
18575,CH,#b19246
18576,DE,#918e4e
18577,IS,#2ca02c
18578,FI,#2b8384
18579,DK,#6b8e57
18580,ME,#d1783c
18581,HR,#bc8144
18582,FI,#2b8384
18583,DE,#918e4e
18584,BA,#c37c41
18585,CH,#b19246
18586,BA,#c37c41
18587,DE,#918e4e
18588,BG,#c66a3e
18589,FR,#b49f44
18590,EE,#507d73
18591,CH,#b19246
18592,RS,#c17541
18593,ME,#d1783c
18594,DK,#6b8e57
18595,DK,#6b8e57
18596,DE,#918e4e
18597,BG,#c66a3e
18598,FI,#2b8384
18599,NO,#3d8e61
18600,AM,#d1322e
18601,AT,#ae8648
18602,SI,#b58346
18603,CH,#b19246
18604,AZ,#cf2a2d
18605,BA,#c37c41
18606,HU,#ac7c49
18607,AT,#ae8648
18608,GE,#c43d39
18609,RS,#c17541
18610,AL,#d87539
18611,DK,#6b8e57
18612,RU,#61667a
18613,CH,#b19246
18614,DK,#6b8e57
18615,RU,#61667a
18616,NL,#8c974b
18617,CH,#b19246
18618,FR,#b49f44
18619,CH,#b19246
18620,BY,#7b7261
18621,IS,#2ca02c
18622,CH,#b19246
18623,MK,#d0733c
18624,CZ,#97854f
18625,AL,#d87539
18626,BG,#c66a3e
18627,CZ,#97854f
18628,FI,#2b8384
18629,AM,#d1322e
18630,ME,#d1783c
18631,RO,#b06e48
18632,BA,#c37c41
18633,SK,#9d7d4f
18634,DE,#918e4e
18635,DE,#918e4e
18636,FR,#b49f44
18637,HR,#bc8144
18638,LT,#6e7a64
18639,DK,#6b8e57
18640,AT,#ae8648
18641,EE,#507d73
18642,CH,#b19246
18643,CH,#b19246
18644,SI,#b58346
18645,RS,#c17541
18646,IT,#ce893f
18647,NL,#8c974b
18648,NL,#8c974b
18649,CZ,#97854f
18650,BY,#7b7261
18651,AM,#d1322e
18652,IT,#ce893f
18653,HR,#bc8144
18654,DK,#6b8e57
18655,FI,#2b8384
18656,AT,#ae8648
18657,EE,#507d73
18658,NL,#8c974b
18659,DE,#918e4e
18660,DE,#918e4e
18661,HR,#bc8144
18662,GB,#7fa047
18663,HU,#ac7c49
18664,RS,#c17541
18665,CZ,#97854f
18666,FI,#2b8384
18667,RS,#c17541
18668,IS,#2ca02c
18669,IT,#ce893f
18670,AM,#d1322e
18671,GE,#c43d39
18672,IS,#2ca02c
18673,IT,#ce893f
18674,DK,#6b8e57
18675,DK,#6b8e57
18676,RU,#61667a
18677,IS,#2ca02c
18678,AZ,#cf2a2d
18679,AT,#ae8648
18680,FI,#2b8384
18681,NL,#8c974b
18682,SE,#3c8a6a
18683,AM,#d1322e
18684,RS,#c17541
18685,CH,#b19246
18686,NL,#8c974b
18687,BA,#c37c41
18688,IT,#ce893f
18689,DK,#6b8e57
18690,RU,#61667a
18691,RO,#b06e48
18692,HU,#ac7c49
18693,IS,#2ca02c
18694,AT,#ae8648
18695,RU,#61667a
18696,SK,#9d7d4f
18697,NL,#8c974b
18698,IT,#ce893f
18699,PL,#867f57
18700,FI,#2b8384
18701,CH,#b19246
18702,DK,#6b8e57
18703,DE,#918e4e
18704,BA,#c37c41
18705,BA,#c37c41
18706,RU,#61667a
18707,CZ,#97854f
18708,CH,#b19246
18709,IT,#ce893f
18710,HU,#ac7c49
18711,HR,#bc8144
18712,CZ,#97854f
18713,PL,#867f57
18714,FI,#2b8384
18715,FI,#2b8384
18716,RS,#c17541
18717,DK,#6b8e57
18718,IS,#2ca02c
18719,GB,#7fa047
18720,CH,#b19246
18721,DK,#6b8e57
18722,DK,#6b8e57
18723,CZ,#97854f
18724,MK,#d0733c
18725,ES,#eeb33e
18726,RU,#61667a
18727,DK,#6b8e57
18728,IT,#ce893f
18729,PT,#f8bf3f
18730,ME,#d1783c
18731,CH,#b19246
18732,CH,#b19246
18733,IS,#2ca02c
18734,AM,#d1322e
18735,DE,#918e4e
18736,NL,#8c974b
18737,RS,#c17541
18738,IT,#ce893f
18739,FI,#2b8384
18740,GE,#c43d39
18741,PT,#f8bf3f
18742,DK,#6b8e57
18743,CH,#b19246
18744,PL,#867f57
18745,IS,#2ca02c
18746,DK,#6b8e57
18747,IT,#ce893f
18748,SK,#9d7d4f
18749,HR,#bc8144
18750,DK,#6b8e57
18751,ES,#eeb33e
18752,AL,#d87539
18753,FR,#b49f44
18754,IT,#ce893f
18755,GB,#7fa047
18756,CH,#b19246
18757,MK,#d0733c
18758,IS,#2ca02c
18759,SK,#9d7d4f
18760,DK,#6b8e57
18761,IT,#ce893f
18762,HR,#bc8144
18763,EE,#507d73
18764,DK,#6b8e57
18765,GB,#7fa047
18766,NO,#3d8e61
18767,CZ,#97854f
18768,FI,#2b8384
18769,AZ,#cf2a2d
18770,DK,#6b8e57
18771,BG,#c66a3e
18772,CH,#b19246
18773,IS,#2ca02c
18774,NL,#8c974b
18775,LT,#6e7a64
18776,SK,#9d7d4f
18777,HR,#bc8144
18778,DK,#6b8e57
18779,DE,#918e4e
18780,HR,#bc8144
18781,BG,#c66a3e
18782,PL,#867f57
18783,DK,#6b8e57
18784,DE,#918e4e
18785,IS,#2ca02c
18786,SK,#9d7d4f
18787,DE,#918e4e
18788,DK,#6b8e57
18789,NL,#8c974b
18790,DE,#918e4e
18791,HR,#bc8144
18792,SK,#9d7d4f
18793,RU,#61667a
18794,GB,#7fa047
18795,CZ,#97854f
18796,GE,#c43d39
18797,EE,#507d73
18798,RS,#c17541
18799,RS,#c17541
18800,AT,#ae8648
18801,BA,#c37c41
18802,DK,#6b8e57
18803,AL,#d87539
18804,FI,#2b8384
18805,AM,#d1322e
18806,RS,#c17541
18807,IT,#ce893f
18808,DE,#918e4e
18809,ES,#eeb33e
18810,DK,#6b8e57
18811,GB,#7fa047
18812,RU,#61667a
18813,PL,#867f57
18814,ME,#d1783c
18815,PT,#f8bf3f
18816,BG,#c66a3e
18817,CH,#b19246
18818,CH,#b19246
18819,NL,#8c974b
18820,ES,#eeb33e
18821,ES,#eeb33e
18822,IT,#ce893f
18823,AM,#d1322e
18824,NL,#8c974b
18825,SE,#3c8a6a
18826,PL,#867f57
18827,BA,#c37c41
18828,RS,#c17541
18829,HR,#bc8144
18830,AM,#d1322e
18831,AM,#d1322e
18832,AM,#d1322e
18833,IT,#ce893f
18834,BA,#c37c41
18835,BA,#c37c41
18836,CH,#b19246
18837,IT,#ce893f
18838,FR,#b49f44
18839,BA,#c37c41
18840,BA,#c37c41
18841,DK,#6b8e57
18842,RS,#c17541
18843,IS,#2ca02c
18844,DE,#918e4e
18845,RS,#c17541
18846,BA,#c37c41
18847,LT,#6e7a64
18848,DK,#6b8e57
18849,AT,#ae8648
18850,DK,#6b8e57
18851,FR,#b49f44
18852,DK,#6b8e57
18853,RS,#c17541
18854,IT,#ce893f
18855,AZ,#cf2a2d
18856,ME,#d1783c
18857,DK,#6b8e57
18858,DK,#6b8e57
18859,NL,#8c974b
18860,DE,#918e4e
18861,HR,#bc8144
18862,SE,#3c8a6a
18863,DK,#6b8e57
18864,RO,#b06e48
18865,CH,#b19246
18866,HR,#bc8144
18867,CZ,#97854f
18868,AZ,#cf2a2d
18869,ES,#eeb33e
18870,GE,#c43d39
18871,GE,#c43d39
18872,AZ,#cf2a2d
18873,RS,#c17541
18874,NL,#8c974b
18875,CH,#b19246
18876,CZ,#97854f
18877,NL,#8c974b
18878,HR,#bc8144
18879,AT,#ae8648
18880,PL,#867f57
18881,IS,#2ca02c
18882,GB,#7fa047
18883,GB,#7fa047
18884,PL,#867f57
18885,BY,#7b7261
18886,SK,#9d7d4f
18887,DK,#6b8e57
18888,RO,#b06e48
18889,HR,#bc8144
18890,NL,#8c974b
18891,GB,#7fa047
18892,FI,#2b8384
18893,SE,#3c8a6a
18894,GB,#7fa047
18895,BA,#c37c41
18896,CH,#b19246
18897,DK,#6b8e57
18898,NL,#8c974b
18899,AM,#d1322e
18900,HR,#bc8144
18901,AT,#ae8648
18902,IT,#ce893f
18903,AT,#ae8648
18904,MK,#d0733c
18905,RS,#c17541
18906,RU,#61667a
18907,NL,#8c974b
18908,HU,#ac7c49
18909,MK,#d0733c
18910,RS,#c17541
18911,HU,#ac7c49
18912,RO,#b06e48
18913,SE,#3c8a6a
18914,EE,#507d73
18915,ES,#eeb33e
18916,CH,#b19246
18917,SE,#3c8a6a
18918,AL,#d87539
18919,CH,#b19246
18920,IS,#2ca02c
18921,GB,#7fa047
18922,IT,#ce893f
18923,ES,#eeb33e
18924,BA,#c37c41
18925,DE,#918e4e
18926,SI,#b58346
18927,BA,#c37c41
18928,CH,#b19246
18929,ES,#eeb33e
18930,GB,#7fa047
18931,DK,#6b8e57
18932,GE,#c43d39
18933,GE,#c43d39
18934,NL,#8c974b
18935,IS,#2ca02c
18936,LT,#6e7a64
18937,PT,#f8bf3f
18938,CH,#b19246
18939,DE,#918e4e
18940,AM,#d1322e
18941,ES,#eeb33e
18942,IS,#2ca02c
18943,DE,#918e4e
18944,FR,#b49f44
18945,CH,#b19246
18946,ES,#eeb33e
18947,CH,#b19246
18948,DK,#6b8e57
18949,RS,#c17541
18950,FR,#b49f44
18951,DE,#918e4e
18952,DE,#918e4e
18953,CH,#b19246
18954,BY,#7b7261
18955,HU,#ac7c49
18956,RS,#c17541
18957,FR,#b49f44
18958,IS,#2ca02c
18959,BA,#c37c41
18960,GB,#7fa047
18961,DE,#918e4e
18962,NL,#8c974b
18963,DK,#6b8e57
18964,NO,#3d8e61
18965,DK,#6b8e57
18966,AZ,#cf2a2d
18967,CH,#b19246
18968,CZ,#97854f
18969,AM,#d1322e
18970,RS,#c17541
18971,FR,#b49f44
18972,AZ,#cf2a2d
18973,CH,#b19246
18974,CH,#b19246
18975,FI,#2b8384
18976,GB,#7fa047
18977,CH,#b19246
18978,IT,#ce893f
18979,NL,#8c974b
18980,CH,#b19246
18981,GE,#c43d39
18982,DE,#918e4e
18983,SI,#b58346
18984,AL,#d87539
18985,LT,#6e7a64
18986,DE,#918e4e
18987,RS,#c17541
18988,IT,#ce893f
18989,EE,#507d73
18990,IT,#ce893f
18991,IT,#ce893f
18992,ES,#eeb33e
18993,ME,#d1783c
18994,DK,#6b8e57
18995,NL,#8c974b
18996,RO,#b06e48
18997,FR,#b49f44
18998,MK,#d0733c
18999,BA,#c37c41
19000,RU,#61667a
19001,AL,#d87539
19002,ES,#eeb33e
19003,PT,#f8bf3f
19004,BA,#c37c41
19005,PT,#f8bf3f
19006,RS,#c17541
19007,HU,#ac7c49
19008,ES,#eeb33e
19009,AT,#ae8648
19010,AM,#d1322e
19011,CH,#b19246
19012,SI,#b58346
19013,MK,#d0733c
19014,CH,#b19246
19015,LT,#6e7a64
19016,GB,#7fa047
19017,IT,#ce893f
19018,RS,#c17541
19019,NL,#8c974b
19020,DK,#6b8e57
19021,DK,#6b8e57
19022,BG,#c66a3e
19023,RS,#c17541
19024,AM,#d1322e
19025,CH,#b19246
19026,NL,#8c974b
19027,HR,#bc8144
19028,GE,#c43d39
19029,GB,#7fa047
19030,LT,#6e7a64
19031,DK,#6b8e57
19032,DK,#6b8e57
19033,FR,#b49f44
19034,FI,#2b8384
19035,IS,#2ca02c
19036,SI,#b58346
19037,HU,#ac7c49
19038,BA,#c37c41
19039,AL,#d87539
19040,PL,#867f57
19041,BG,#c66a3e
19042,AZ,#cf2a2d
19043,CH,#b19246
19044,BG,#c66a3e
19045,IT,#ce893f
19046,BY,#7b7261
19047,SE,#3c8a6a
19048,DK,#6b8e57
19049,DE,#918e4e
19050,IT,#ce893f
19051,AT,#ae8648
19052,IS,#2ca02c
19053,DK,#6b8e57
19054,CH,#b19246
19055,DE,#918e4e
19056,RS,#c17541
19057,BA,#c37c41
19058,NO,#3d8e61
19059,ME,#d1783c
19060,AT,#ae8648
19061,HR,#bc8144
19062,AT,#ae8648
19063,FI,#2b8384
19064,PL,#867f57
19065,BA,#c37c41
19066,IS,#2ca02c
19067,CH,#b19246
19068,HR,#bc8144
19069,BA,#c37c41
19070,MK,#d0733c
19071,AM,#d1322e
19072,IS,#2ca02c
19073,RO,#b06e48
19074,MK,#d0733c
19075,BA,#c37c41
19076,CH,#b19246
19077,ES,#eeb33e
19078,ES,#eeb33e
19079,NL,#8c974b
19080,BG,#c66a3e
19081,AT,#ae8648
19082,LT,#6e7a64
19083,IS,#2ca02c
19084,FI,#2b8384
19085,FI,#2b8384
19086,PL,#867f57
19087,CH,#b19246
19088,CH,#b19246
19089,CH,#b19246
19090,GE,#c43d39
19091,PT,#f8bf3f
19092,AT,#ae8648
19093,RO,#b06e48
19094,FR,#b49f44
19095,BG,#c66a3e
19096,IS,#2ca02c
19097,SE,#3c8a6a
19098,CH,#b19246
19099,AL,#d87539
19100,CH,#b19246
19101,HR,#bc8144
19102,IS,#2ca02c
19103,RU,#61667a
19104,NO,#3d8e61
19105,CZ,#97854f
19106,FI,#2b8384
19107,FR,#b49f44
19108,CH,#b19246
19109,CH,#b19246
19110,RS,#c17541
19111,RU,#61667a
19112,DK,#6b8e57
19113,DK,#6b8e57
19114,GB,#7fa047
19115,IT,#ce893f
19116,RS,#c17541
19117,RU,#61667a
19118,FI,#2b8384
19119,AL,#d87539
19120,BA,#c37c41
19121,IS,#2ca02c
19122,AT,#ae8648
19123,PT,#f8bf3f
19124,CH,#b19246
19125,DK,#6b8e57
19126,DK,#6b8e57
19127,LT,#6e7a64
19128,PT,#f8bf3f
19129,HU,#ac7c49
19130,AL,#d87539
19131,IT,#ce893f
19132,AT,#ae8648
19133,AM,#d1322e
19134,NL,#8c974b
19135,DE,#918e4e
19136,FI,#2b8384
19137,FI,#2b8384
19138,IS,#2ca02c
19139,BY,#7b7261
19140,DK,#6b8e57
19141,SE,#3c8a6a
19142,DE,#918e4e
19143,IT,#ce893f
19144,RU,#61667a
19145,GE,#c43d39
19146,DK,#6b8e57
19147,SE,#3c8a6a
19148,SK,#9d7d4f
19149,FR,#b49f44
19150,GB,#7fa047
19151,SE,#3c8a6a
19152,FI,#2b8384
19153,AT,#ae8648
19154,HU,#ac7c49
19155,MK,#d0733c
19156,SE,#3c8a6a
19157,GE,#c43d39
19158,RU,#61667a
19159,CH,#b19246
19160,SI,#b58346
19161,AT,#ae8648
19162,DE,#918e4e
19163,FI,#2b8384
19164,NO,#3d8e61
19165,DE,#918e4e
19166,AT,#ae8648
19167,PT,#f8bf3f
19168,MK,#d0733c
19169,CZ,#97854f
19170,SE,#3c8a6a
19171,GE,#c43d39
19172,MK,#d0733c
19173,SK,#9d7d4f
19174,DK,#6b8e57
19175,SK,#9d7d4f
19176,AZ,#cf2a2d
19177,NL,#8c974b
19178,SI,#b58346
19179,GE,#c43d39
19180,IT,#ce893f
19181,PT,#f8bf3f
19182,HR,#bc8144
19183,AM,#d1322e
19184,BY,#7b7261
19185,RS,#c17541
19186,FR,#b49f44
19187,SI,#b58346
19188,PT,#f8bf3f
19189,PL,#867f57
19190,FR,#b49f44
19191,LT,#6e7a64
19192,DK,#6b8e57
19193,SK,#9d7d4f
19194,DE,#918e4e
19195,EE,#507d73
19196,RO,#b06e48
19197,HR,#bc8144
19198,AL,#d87539
19199,HR,#bc8144
19200,FR,#b49f44
19201,AL,#d87539
19202,DK,#6b8e57
19203,SE,#3c8a6a
19204,NO,#3d8e61
19205,RO,#b06e48
19206,RU,#61667a
19207,AZ,#cf2a2d
19208,HU,#ac7c49
19209,DE,#918e4e
19210,RO,#b06e48
19211,BA,#c37c41
19212,SE,#3c8a6a
19213,DK,#6b8e57
19214,FR,#b49f44
19215,CZ,#97854f
19216,CZ,#97854f
19217,LT,#6e7a64
19218,NL,#8c974b
19219,RO,#b06e48
19220,PT,#f8bf3f
19221,FR,#b49f44
19222,FR,#b49f44
19223,DK,#6b8e57
19224,AL,#d87539
19225,IS,#2ca02c
19226,CZ,#97854f
19227,RO,#b06e48
19228,CH,#b19246
19229,RO,#b06e48
19230,SI,#b58346
19231,FR,#b49f44
19232,HU,#ac7c49
19233,AM,#d1322e
19234,ES,#eeb33e
19235,GE,#c43d39
19236,AM,#d1322e
19237,RS,#c17541
19238,AM,#d1322e
19239,DK,#6b8e57
19240,RS,#c17541
19241,GE,#c43d39
19242,SK,#9d7d4f
19243,ES,#eeb33e
19244,DK,#6b8e57
19245,GE,#c43d39
19246,BY,#7b7261
19247,GB,#7fa047
19248,RS,#c17541
19249,AZ,#cf2a2d
19250,DK,#6b8e57
19251,EE,#507d73
19252,HR,#bc8144
19253,IS,#2ca02c
19254,DK,#6b8e57
19255,NL,#8c974b
19256,HU,#ac7c49
19257,HR,#bc8144
19258,DK,#6b8e57
19259,CH,#b19246
19260,DE,#918e4e
19261,NL,#8c974b
19262,HR,#bc8144
19263,HR,#bc8144
19264,RS,#c17541
19265,DK,#6b8e57
19266,GE,#c43d39
19267,CH,#b19246
19268,DE,#918e4e
19269,GE,#c43d39
19270,RU,#61667a
19271,GE,#c43d39
19272,GB,#7fa047
19273,CH,#b19246
19274,HU,#ac7c49
19275,PL,#867f57
19276,FI,#2b8384
19277,ES,#eeb33e
19278,DK,#6b8e57
19279,AM,#d1322e
19280,BA,#c37c41
19281,DK,#6b8e57
19282,SK,#9d7d4f
19283,CH,#b19246
19284,IS,#2ca02c
19285,DE,#918e4e
19286,PT,#f8bf3f
19287,CH,#b19246
19288,HU,#ac7c49
19289,BA,#c37c41
19290,PL,#867f57
19291,FI,#2b8384
19292,SI,#b58346
19293,CH,#b19246
19294,CH,#b19246
19295,CH,#b19246
19296,FR,#b49f44
19297,GE,#c43d39
19298,GB,#7fa047
19299,AM,#d1322e
19300,HR,#bc8144
19301,GE,#c43d39
19302,RS,#c17541
19303,IT,#ce893f
19304,PT,#f8bf3f
19305,NL,#8c974b
19306,CH,#b19246
19307,DK,#6b8e57
19308,CH,#b19246
19309,GE,#c43d39
19310,NL,#8c974b
19311,AT,#ae8648
19312,RO,#b06e48
19313,FI,#2b8384
19314,SK,#9d7d4f
19315,DK,#6b8e57
19316,PL,#867f57
19317,FI,#2b8384
19318,NL,#8c974b
19319,ES,#eeb33e
19320,IS,#2ca02c
19321,PL,#867f57
19322,SE,#3c8a6a
19323,IS,#2ca02c
19324,AZ,#cf2a2d
19325,IS,#2ca02c
19326,FR,#b49f44
19327,MK,#d0733c
19328,CH,#b19246
19329,BG,#c66a3e
19330,BA,#c37c41
19331,PL,#867f57
19332,CH,#b19246
19333,IT,#ce893f
19334,DK,#6b8e57
19335,SE,#3c8a6a
19336,AL,#d87539
19337,SE,#3c8a6a
19338,GE,#c43d39
19339,RU,#61667a
19340,SI,#b58346
19341,HR,#bc8144
19342,DE,#918e4e
19343,IS,#2ca02c
19344,AM,#d1322e
19345,CZ,#97854f
19346,GB,#7fa047
19347,DE,#918e4e
19348,CH,#b19246
19349,EE,#507d73
19350,FI,#2b8384
19351,FR,#b49f44
19352,EE,#507d73
19353,NL,#8c974b
19354,ES,#eeb33e
19355,AM,#d1322e
19356,IT,#ce893f
19357,GE,#c43d39
19358,NO,#3d8e61
19359,IS,#2ca02c
19360,CH,#b19246
19361,CH,#b19246
19362,NL,#8c974b
19363,CZ,#97854f
19364,GB,#7fa047
19365,NL,#8c974b
19366,PL,#867f57
19367,NO,#3d8e61
19368,IS,#2ca02c
19369,RU,#61667a
19370,IS,#2ca02c
19371,SK,#9d7d4f
19372,NL,#8c974b
19373,AZ,#cf2a2d
19374,HR,#bc8144
19375,IT,#ce893f
19376,BG,#c66a3e
19377,CZ,#97854f
19378,AT,#ae8648
19379,PL,#867f57
19380,DK,#6b8e57
19381,DE,#918e4e
19382,CH,#b19246
19383,GE,#c43d39
19384,CZ,#97854f
19385,AZ,#cf2a2d
19386,FR,#b49f44
19387,FI,#2b8384
19388,DK,#6b8e57
19389,DK,#6b8e57
19390,SK,#9d7d4f
19391,AZ,#cf2a2d
19392,DK,#6b8e57
19393,SI,#b58346
19394,BA,#c37c41
19395,DK,#6b8e57
19396,CH,#b19246
19397,GE,#c43d39
19398,DE,#918e4e
19399,BY,#7b7261
19400,GB,#7fa047
19401,IS,#2ca02c
19402,IS,#2ca02c
19403,DK,#6b8e57
19404,HR,#bc8144
19405,LT,#6e7a64
19406,DE,#918e4e
19407,DE,#918e4e
19408,PL,#867f57
19409,CZ,#97854f
19410,DK,#6b8e57
19411,DK,#6b8e57
19412,SK,#9d7d4f
19413,DK,#6b8e57
19414,DK,#6b8e57
19415,BY,#7b7261
19416,AM,#d1322e
19417,PL,#867f57
19418,SK,#9d7d4f
19419,FR,#b49f44
19420,HR,#bc8144
19421,LT,#6e7a64
19422,EE,#507d73
19423,FR,#b49f44
19424,FR,#b49f44
19425,PT,#f8bf3f
19426,NO,#3d8e61
19427,CH,#b19246
19428,DK,#6b8e57
19429,IT,#ce893f
19430,IT,#ce893f
19431,EE,#507d73
19432,ES,#eeb33e
19433,BY,#7b7261
19434,ME,#d1783c
19435,ES,#eeb33e
19436,IT,#ce893f
19437,AM,#d1322e
19438,DK,#6b8e57
19439,CZ,#97854f
19440,SI,#b58346
19441,GB,#7fa047
19442,BA,#c37c41
19443,MK,#d0733c
19444,EE,#507d73
19445,FI,#2b8384
19446,FI,#2b8384
19447,CH,#b19246
19448,FR,#b49f44
19449,CH,#b19246
19450,IT,#ce893f
19451,IS,#2ca02c
19452,AT,#ae8648
19453,RU,#61667a
19454,DK,#6b8e57
19455,MK,#d0733c
19456,RO,#b06e48
19457,RO,#b06e48
19458,LT,#6e7a64
19459,NL,#8c974b
19460,BY,#7b7261
19461,CZ,#97854f
19462,BA,#c37c41
19463,FI,#2b8384
19464,HU,#ac7c49
19465,GB,#7fa047
19466,NL,#8c974b
19467,BG,#c66a3e
19468,SE,#3c8a6a
19469,AL,#d87539
19470,AT,#ae8648
19471,ES,#eeb33e
19472,RO,#b06e48
19473,HU,#ac7c49
19474,CH,#b19246
19475,IT,#ce893f
19476,SK,#9d7d4f
19477,FR,#b49f44
19478,LT,#6e7a64
19479,FR,#b49f44
19480,NO,#3d8e61
19481,FI,#2b8384
19482,SK,#9d7d4f
19483,NO,#3d8e61
19484,CZ,#97854f
19485,CH,#b19246
19486,CZ,#97854f
19487,IS,#2ca02c
19488,LT,#6e7a64
19489,BA,#c37c41
19490,ME,#d1783c
19491,DK,#6b8e57
19492,CH,#b19246
19493,HR,#bc8144
19494,SE,#3c8a6a
19495,GB,#7fa047
19496,NL,#8c974b
19497,GB,#7fa047
19498,NO,#3d8e61
19499,SE,#3c8a6a
19500,DK,#6b8e57
19501,AZ,#cf2a2d
19502,NO,#3d8e61
19503,SI,#b58346
19504,BY,#7b7261
19505,CH,#b19246
19506,DK,#6b8e57
19507,LT,#6e7a64
19508,AT,#ae8648
19509,IS,#2ca02c
19510,RS,#c17541
19511,NL,#8c974b
19512,FI,#2b8384
19513,AL,#d87539
19514,IS,#2ca02c
19515,RS,#c17541
19516,DK,#6b8e57
19517,BY,#7b7261
19518,ES,#eeb33e
19519,IT,#ce893f
19520,DK,#6b8e57
19521,CH,#b19246
19522,DK,#6b8e57
19523,NL,#8c974b
19524,GB,#7fa047
19525,AM,#d1322e
19526,BA,#c37c41
19527,SI,#b58346
19528,NO,#3d8e61
19529,DK,#6b8e57
19530,AM,#d1322e
19531,RS,#c17541
19532,DK,#6b8e57
19533,ES,#eeb33e
19534,GE,#c43d39
19535,EE,#507d73
19536,DK,#6b8e57
19537,IS,#2ca02c
19538,CZ,#97854f
19539,DK,#6b8e57
19540,NL,#8c974b
19541,GB,#7fa047
19542,GB,#7fa047
19543,RU,#61667a
19544,ME,#d1783c
19545,SE,#3c8a6a
19546,HR,#bc8144
19547,PT,#f8bf3f
19548,PT,#f8bf3f
19549,CH,#b19246
19550,EE,#507d73
19551,DK,#6b8e57
19552,NL,#8c974b
19553,DK,#6b8e57
19554,NO,#3d8e61
19555,IS,#2ca02c
19556,RO,#b06e48
19557,HU,#ac7c49
19558,FR,#b49f44
19559,PL,#867f57
19560,DK,#6b8e57
19561,HU,#ac7c49
19562,AT,#ae8648
19563,CH,#b19246
19564,NL,#8c974b
19565,GE,#c43d39
19566,BY,#7b7261
19567,ME,#d1783c
19568,FI,#2b8384
19569,CZ,#97854f
19570,CH,#b19246
19571,HU,#ac7c49
19572,BA,#c37c41
19573,NO,#3d8e61
19574,DE,#918e4e
19575,CH,#b19246
19576,FI,#2b8384
19577,IT,#ce893f
19578,IS,#2ca02c
19579,NL,#8c974b
19580,IT,#ce893f
19581,DE,#918e4e
19582,FR,#b49f44
19583,GE,#c43d39
19584,GB,#7fa047
19585,AT,#ae8648
19586,CH,#b19246
19587,DE,#918e4e
19588,AT,#ae8648
19589,SE,#3c8a6a
19590,AL,#d87539
19591,RU,#61667a
19592,CH,#b19246
19593,SE,#3c8a6a
19594,GE,#c43d39
19595,PL,#867f57
19596,SE,#3c8a6a
19597,GB,#7fa047
19598,CH,#b19246
19599,GB,#7fa047
19600,DE,#918e4e
19601,DE,#918e4e
19602,HU,#ac7c49
19603,AM,#d1322e
19604,BA,#c37c41
19605,NL,#8c974b
19606,DK,#6b8e57
19607,SK,#9d7d4f
19608,GB,#7fa047
19609,FI,#2b8384
19610,CH,#b19246
19611,SK,#9d7d4f
19612,GB,#7fa047
19613,IS,#2ca02c
19614,GE,#c43d39
19615,AM,#d1322e
19616,PL,#867f57
19617,SI,#b58346
19618,CZ,#97854f
19619,LT,#6e7a64
19620,GE,#c43d39
19621,DE,#918e4e
19622,ES,#eeb33e
19623,HR,#bc8144
19624,AL,#d87539
19625,NO,#3d8e61
19626,GE,#c43d39
19627,MK,#d0733c
19628,RO,#b06e48
19629,IT,#ce893f
19630,SE,#3c8a6a
19631,GB,#7fa047
19632,RO,#b06e48
19633,RS,#c17541
19634,FI,#2b8384
19635,RU,#61667a
19636,GB,#7fa047
19637,AT,#ae8648
19638,AL,#d87539
19639,GB,#7fa047
19640,DK,#6b8e57
19641,DE,#918e4e
19642,SK,#9d7d4f
19643,AM,#d1322e
19644,PT,#f8bf3f
19645,RS,#c17541
19646,AT,#ae8648
19647,BY,#7b7261
19648,SE,#3c8a6a
19649,RU,#61667a
19650,DK,#6b8e57
19651,ME,#d1783c
19652,PL,#867f57
19653,LT,#6e7a64
19654,MK,#d0733c
19655,BY,#7b7261
19656,AM,#d1322e
19657,IT,#ce893f
19658,IS,#2ca02c
19659,MK,#d0733c
19660,NO,#3d8e61
19661,RU,#61667a
19662,MK,#d0733c
19663,GB,#7fa047
19664,DK,#6b8e57
19665,HR,#bc8144
19666,DE,#918e4e
19667,AM,#d1322e
19668,HR,#bc8144
19669,ES,#eeb33e
19670,GE,#c43d39
19671,DE,#918e4e
19672,ES,#eeb33e
19673,AT,#ae8648
19674,NO,#3d8e61
19675,ME,#d1783c
19676,HU,#ac7c49
19677,FR,#b49f44
19678,AT,#ae8648
19679,DE,#918e4e
19680,RU,#61667a
19681,FR,#b49f44
19682,PL,#867f57
19683,GE,#c43d39
19684,MK,#d0733c
19685,IS,#2ca02c
19686,GE,#c43d39
19687,GE,#c43d39
19688,SE,#3c8a6a
19689,NL,#8c974b
19690,FR,#b49f44
19691,BA,#c37c41
19692,GB,#7fa047
19693,EE,#507d73
19694,RO,#b06e48
19695,NL,#8c974b
19696,IT,#ce893f
19697,CH,#b19246
19698,AT,#ae8648
19699,LT,#6e7a64
19700,EE,#507d73
19701,PL,#867f57
19702,GE,#c43d39
19703,CH,#b19246
19704,ES,#eeb33e
19705,GE,#c43d39
19706,GB,#7fa047
19707,BA,#c37c41
19708,BY,#7b7261
19709,AM,#d1322e
19710,NL,#8c974b
19711,BA,#c37c41
19712,AZ,#cf2a2d
19713,ME,#d1783c
19714,AZ,#cf2a2d
19715,RO,#b06e48
19716,DE,#918e4e
19717,DE,#918e4e
19718,CH,#b19246
19719,SI,#b58346
19720,DK,#6b8e57
19721,IT,#ce893f
19722,BA,#c37c41
19723,IT,#ce893f
19724,SE,#3c8a6a
19725,GE,#c43d39
19726,BY,#7b7261
19727,NO,#3d8e61
19728,SI,#b58346
19729,NL,#8c974b
19730,GB,#7fa047
19731,BG,#c66a3e
19732,DK,#6b8e57
19733,IT,#ce893f
19734,ME,#d1783c
19735,SI,#b58346
19736,GB,#7fa047
19737,NO,#3d8e61
19738,CH,#b19246
19739,CH,#b19246
19740,FI,#2b8384
19741,IT,#ce893f
19742,FI,#2b8384
19743,FI,#2b8384
19744,RU,#61667a
19745,SE,#3c8a6a
19746,AZ,#cf2a2d
19747,CH,#b19246
19748,PL,#867f57
19749,CZ,#97854f
19750,SI,#b58346
19751,CH,#b19246
19752,SE,#3c8a6a
19753,AZ,#cf2a2d
19754,HR,#bc8144
19755,SE,#3c8a6a
19756,PL,#867f57
19757,GB,#7fa047
19758,PL,#867f57
19759,FR,#b49f44
19760,CH,#b19246
19761,CH,#b19246
19762,AL,#d87539
19763,SE,#3c8a6a
19764,AL,#d87539
19765,SE,#3c8a6a
19766,NO,#3d8e61
19767,SK,#9d7d4f
19768,IT,#ce893f
19769,MK,#d0733c
19770,HR,#bc8144
19771,SI,#b58346
19772,AT,#ae8648
19773,CH,#b19246
19774,NL,#8c974b
19775,CZ,#97854f
19776,DK,#6b8e57
19777,NL,#8c974b
19778,BY,#7b7261
19779,PT,#f8bf3f
19780,NO,#3d8e61
19781,IS,#2ca02c
19782,FR,#b49f44
19783,GE,#c43d39
19784,RO,#b06e48
19785,NL,#8c974b
19786,MK,#d0733c
19787,PT,#f8bf3f
19788,AM,#d1322e
19789,ES,#eeb33e
19790,CZ,#97854f
19791,ME,#d1783c
19792,LT,#6e7a64
19793,FR,#b49f44
19794,PT,#f8bf3f
19795,DE,#918e4e
19796,DE,#918e4e
19797,CH,#b19246
19798,CH,#b19246
19799,PL,#867f57
19800,BA,#c37c41
19801,DK,#6b8e57
19802,NO,#3d8e61
19803,CZ,#97854f
19804,IT,#ce893f
19805,NO,#3d8e61
19806,IS,#2ca02c
19807,DK,#6b8e57
19808,GB,#7fa047
19809,IT,#ce893f
19810,MK,#d0733c
19811,NL,#8c974b
19812,IT,#ce893f
19813,FI,#2b8384
19814,DK,#6b8e57
19815,IT,#ce893f
19816,NL,#8c974b
19817,IS,#2ca02c
19818,IT,#ce893f
19819,DE,#918e4e
19820,SK,#9d7d4f
19821,CH,#b19246
19822,CZ,#97854f
19823,PL,#867f57
19824,RS,#c17541
19825,FI,#2b8384
19826,FI,#2b8384
19827,DE,#918e4e
19828,ES,#eeb33e
19829,AT,#ae8648
19830,CH,#b19246
19831,RS,#c17541
19832,GB,#7fa047
19833,RO,#b06e48
19834,BA,#c37c41
19835,FR,#b49f44
19836,BY,#7b7261
19837,ES,#eeb33e
19838,ES,#eeb33e
19839,DK,#6b8e57
19840,AZ,#cf2a2d
19841,FR,#b49f44
19842,BY,#7b7261
19843,DK,#6b8e57
19844,NL,#8c974b
19845,GE,#c43d39
19846,AZ,#cf2a2d
19847,LT,#6e7a64
19848,IS,#2ca02c
19849,AL,#d87539
19850,CH,#b19246
19851,SK,#9d7d4f
19852,DK,#6b8e57
19853,HR,#bc8144
19854,GB,#7fa047
19855,CH,#b19246
19856,NL,#8c974b
19857,RU,#61667a
19858,CH,#b19246
19859,AM,#d1322e
19860,AZ,#cf2a2d
19861,GE,#c43d39
19862,SE,#3c8a6a
19863,PL,#867f57
19864,CH,#b19246
19865,SE,#3c8a6a
19866,BA,#c37c41
19867,EE,#507d73
19868,ME,#d1783c
19869,CH,#b19246
19870,PL,#867f57
19871,IT,#ce893f
19872,GE,#c43d39
19873,NL,#8c974b
19874,DK,#6b8e57
19875,AT,#ae8648
19876,BG,#c66a3e
19877,IS,#2ca02c
19878,BY,#7b7261
19879,AT,#ae8648
19880,BY,#7b7261
19881,AT,#ae8648
19882,DE,#918e4e
19883,PT,#f8bf3f
19884,NO,#3d8e61
19885,FI,#2b8384
19886,BA,#c37c41
19887,IT,#ce893f
19888,AM,#d1322e
19889,CH,#b19246
19890,RU,#61667a
19891,FI,#2b8384
19892,PL,#867f57
19893,PL,#867f57
19894,GB,#7fa047
19895,IT,#ce893f
19896,CH,#b19246
19897,LT,#6e7a64
19898,PT,#f8bf3f
19899,IT,#ce893f
19900,IT,#ce893f
19901,GE,#c43d39
19902,DK,#6b8e57
19903,IS,#2ca02c
19904,FR,#b49f44
19905,NO,#3d8e61
19906,BY,#7b7261
19907,CH,#b19246
19908,ES,#eeb33e
19909,CZ,#97854f
19910,LT,#6e7a64
19911,HR,#bc8144
19912,NL,#8c974b
19913,IT,#ce893f
19914,SE,#3c8a6a
19915,BA,#c37c41
19916,DE,#918e4e
19917,ES,#eeb33e
19918,RO,#b06e48
19919,BY,#7b7261
19920,DE,#918e4e
19921,GE,#c43d39
19922,AT,#ae8648
19923,AM,#d1322e
19924,CH,#b19246
19925,IS,#2ca02c
19926,AZ,#cf2a2d
19927,GB,#7fa047
19928,ES,#eeb33e
19929,PT,#f8bf3f
19930,DE,#918e4e
19931,DE,#918e4e
19932,PL,#867f57
19933,NO,#3d8e61
19934,DK,#6b8e57
19935,AT,#ae8648
19936,CH,#b19246
19937,HU,#ac7c49
19938,NO,#3d8e61
19939,GE,#c43d39
19940,CH,#b19246
19941,CH,#b19246
19942,FI,#2b8384
19943,IS,#2ca02c
19944,ES,#eeb33e
19945,FR,#b49f44
19946,PT,#f8bf3f
19947,DK,#6b8e57
19948,NO,#3d8e61
19949,NL,#8c974b
19950,BA,#c37c41
19951,DE,#918e4e
19952,AT,#ae8648
19953,BA,#c37c41
19954,CH,#b19246
19955,RO,#b06e48
19956,IS,#2ca02c
19957,FI,#2b8384
19958,FI,#2b8384
19959,CH,#b19246
19960,IT,#ce893f
19961,IS,#2ca02c
19962,IT,#ce893f
19963,SK,#9d7d4f
19964,DK,#6b8e57
19965,CZ,#97854f
19966,DK,#6b8e57
19967,AZ,#cf2a2d
19968,MK,#d0733c
19969,BY,#7b7261
19970,AL,#d87539
19971,IT,#ce893f
19972,MK,#d0733c
19973,GE,#c43d39
19974,AT,#ae8648
19975,DK,#6b8e57
19976,GE,#c43d39
19977,DK,#6b8e57
19978,IT,#ce893f
19979,DK,#6b8e57
19980,SI,#b58346
19981,HU,#ac7c49
19982,NL,#8c974b
19983,BG,#c66a3e
19984,CZ,#97854f
19985,NO,#3d8e61
19986,GB,#7fa047
19987,GB,#7fa047
19988,AT,#ae8648
19989,CZ,#97854f
19990,MK,#d0733c
19991,HR,#bc8144
19992,CZ,#97854f
19993,ME,#d1783c
19994,EE,#507d73
19995,CH,#b19246
19996,CZ,#97854f
19997,GE,#c43d39
19998,RS,#c17541
19999,CH,#b19246
20000,DK,#6b8e57
20001,PL,#867f57
20002,GB,#7fa047
20003,CH,#b19246
20004,BA,#c37c41
20005,HU,#ac7c49
20006,SK,#9d7d4f
20007,DK,#6b8e57
20008,IS,#2ca02c
20009,DK,#6b8e57
20010,AT,#ae8648
20011,AZ,#cf2a2d
20012,SE,#3c8a6a
20013,CH,#b19246
20014,ES,#eeb33e
20015,PL,#867f57
20016,CH,#b19246
20017,AT,#ae8648
20018,EE,#507d73
20019,SE,#3c8a6a
20020,FR,#b49f44
20021,IS,#2ca02c
20022,EE,#507d73
20023,BA,#c37c41
20024,FI,#2b8384
20025,HR,#bc8144
20026,AZ,#cf2a2d
20027,AM,#d1322e
20028,PT,#f8bf3f
20029,GB,#7fa047
20030,AT,#ae8648
20031,DK,#6b8e57
20032,IT,#ce893f
20033,FI,#2b8384
20034,NL,#8c974b
20035,DK,#6b8e57
20036,PL,#867f57
20037,CH,#b19246
20038,AM,#d1322e
20039,AZ,#cf2a2d
20040,NL,#8c974b
20041,DE,#918e4e
20042,CZ,#97854f
20043,FI,#2b8384
20044,SI,#b58346
20045,FI,#2b8384
20046,MK,#d0733c
20047,NO,#3d8e61
20048,DK,#6b8e57
20049,GB,#7fa047
20050,NO,#3d8e61
20051,DK,#6b8e57
20052,NL,#8c974b
20053,SE,#3c8a6a
20054,CZ,#97854f
20055,DK,#6b8e57
20056,CH,#b19246
20057,HU,#ac7c49
20058,CH,#b19246
20059,HR,#bc8144
20060,DK,#6b8e57
20061,IT,#ce893f
20062,BA,#c37c41
20063,PL,#867f57
20064,ES,#eeb33e
20065,PL,#867f57
20066,GE,#c43d39
20067,SE,#3c8a6a
20068,CH,#b19246
20069,CZ,#97854f
20070,NO,#3d8e61
20071,GE,#c43d39
20072,AL,#d87539
20073,RO,#b06e48
20074,FI,#2b8384
20075,IS,#2ca02c
20076,DK,#6b8e57
20077,HR,#bc8144
20078,GB,#7fa047
20079,CH,#b19246
20080,GB,#7fa047
20081,DK,#6b8e57
20082,FR,#b49f44
20083,FI,#2b8384
20084,SK,#9d7d4f
20085,GE,#c43d39
20086,CH,#b19246
20087,MK,#d0733c
20088,AM,#d1322e
20089,BY,#7b7261
20090,GE,#c43d39
20091,IT,#ce893f
20092,CZ,#97854f
20093,DK,#6b8e57
20094,SE,#3c8a6a
20095,GB,#7fa047
20096,RO,#b06e48
20097,FI,#2b8384
20098,NL,#8c974b
20099,CZ,#97854f
20100,CH,#b19246
20101,HU,#ac7c49
20102,AT,#ae8648
20103,RO,#b06e48
20104,AM,#d1322e
20105,BA,#c37c41
20106,CZ,#97854f
20107,NO,#3d8e61
20108,BA,#c37c41
20109,AZ,#cf2a2d
20110,FR,#b49f44
20111,DE,#918e4e
20112,RS,#c17541
20113,FR,#b49f44
20114,AL,#d87539
20115,PT,#f8bf3f
20116,AM,#d1322e
20117,RO,#b06e48
20118,DE,#918e4e
20119,CH,#b19246
20120,DE,#918e4e
20121,PL,#867f57
20122,DK,#6b8e57
20123,AL,#d87539
20124,BA,#c37c41
20125,AZ,#cf2a2d
20126,BY,#7b7261
20127,CH,#b19246
20128,CH,#b19246
20129,NL,#8c974b
20130,DE,#918e4e
20131,RU,#61667a
20132,SE,#3c8a6a
20133,EE,#507d73
20134,NL,#8c974b
20135,DK,#6b8e57
20136,FI,#2b8384
20137,NL,#8c974b
20138,SE,#3c8a6a
20139,HU,#ac7c49
20140,NL,#8c974b
20141,CH,#b19246
20142,SI,#b58346
20143,HU,#ac7c49
20144,GB,#7fa047
20145,GB,#7fa047
20146,FR,#b49f44
20147,AZ,#cf2a2d
20148,DK,#6b8e57
20149,CH,#b19246
20150,RS,#c17541
20151,GB,#7fa047
20152,CH,#b19246
20153,DK,#6b8e57
20154,AT,#ae8648
20155,AM,#d1322e
20156,CH,#b19246
20157,IS,#2ca02c
20158,EE,#507d73
20159,DK,#6b8e57
20160,IT,#ce893f
20161,DK,#6b8e57
20162,FR,#b49f44
20163,NL,#8c974b
20164,DK,#6b8e57
20165,RO,#b06e48
20166,BA,#c37c41
20167,RU,#61667a
20168,AL,#d87539
20169,HU,#ac7c49
20170,AM,#d1322e
20171,CH,#b19246
20172,FR,#b49f44
20173,SK,#9d7d4f
20174,GE,#c43d39
20175,EE,#507d73
20176,BG,#c66a3e
20177,DK,#6b8e57
20178,SE,#3c8a6a
20179,AT,#ae8648
20180,GB,#7fa047
20181,LT,#6e7a64
20182,DK,#6b8e57
20183,AT,#ae8648
20184,DE,#918e4e
20185,DK,#6b8e57
20186,NL,#8c974b
20187,HU,#ac7c49
20188,BY,#7b7261
20189,RO,#b06e48
20190,DE,#918e4e
20191,AZ,#cf2a2d
20192,IT,#ce893f
20193,HU,#ac7c49
20194,CH,#b19246
20195,NO,#3d8e61
20196,CH,#b19246
20197,AM,#d1322e
20198,NL,#8c974b
20199,BG,#c66a3e
20200,HU,#ac7c49
20201,FR,#b49f44
20202,DK,#6b8e57
20203,DK,#6b8e57
20204,FI,#2b8384
20205,DK,#6b8e57
20206,CZ,#97854f
20207,IS,#2ca02c
20208,AT,#ae8648
20209,DK,#6b8e57
20210,CH,#b19246
20211,GB,#7fa047
20212,FI,#2b8384
20213,PT,#f8bf3f
20214,NO,#3d8e61
20215,RS,#c17541
20216,NO,#3d8e61
20217,DE,#918e4e
20218,BG,#c66a3e
20219,FI,#2b8384
20220,RU,#61667a
20221,BA,#c37c41
20222,NL,#8c974b
20223,GB,#7fa047
20224,AM,#d1322e
20225,RS,#c17541
20226,DE,#918e4e
20227,RO,#b06e48
20228,AT,#ae8648
20229,CH,#b19246
20230,NO,#3d8e61
20231,NO,#3d8e61
20232,AM,#d1322e
20233,SK,#9d7d4f
20234,ME,#d1783c
20235,AZ,#cf2a2d
20236,DK,#6b8e57
20237,PL,#867f57
20238,DK,#6b8e57
20239,SE,#3c8a6a
20240,DK,#6b8e57
20241,FR,#b49f44
20242,NL,#8c974b
20243,SK,#9d7d4f
20244,AT,#ae8648
20245,HU,#ac7c49
20246,HU,#ac7c49
20247,IT,#ce893f
20248,RS,#c17541
20249,AT,#ae8648
20250,AM,#d1322e
20251,AT,#ae8648
20252,AT,#ae8648
20253,SI,#b58346
20254,IT,#ce893f
20255,HR,#bc8144
20256,SE,#3c8a6a
20257,IS,#2ca02c
20258,HR,#bc8144
20259,CH,#b19246
20260,BA,#c37c41
20261,PT,#f8bf3f
20262,DK,#6b8e57
20263,SE,#3c8a6a
20264,CH,#b19246
20265,BA,#c37c41
20266,PT,#f8bf3f
20267,EE,#507d73
20268,SK,#9d7d4f
20269,NO,#3d8e61
20270,GE,#c43d39
20271,PL,#867f57
20272,DE,#918e4e
20273,GE,#c43d39
20274,ME,#d1783c
20275,MK,#d0733c
20276,IS,#2ca02c
20277,ME,#d1783c
20278,CH,#b19246
20279,EE,#507d73
20280,NO,#3d8e61
20281,AT,#ae8648
20282,DK,#6b8e57
20283,NO,#3d8e61
20284,CH,#b19246
20285,PT,#f8bf3f
20286,FR,#b49f44
20287,SK,#9d7d4f
20288,AT,#ae8648
20289,CZ,#97854f
20290,SE,#3c8a6a
20291,AT,#ae8648
20292,DK,#6b8e57
20293,RS,#c17541
20294,HU,#ac7c49
20295,LT,#6e7a64
20296,ME,#d1783c
20297,CH,#b19246
20298,GE,#c43d39
20299,GE,#c43d39
20300,FI,#2b8384
20301,DK,#6b8e57
20302,IS,#2ca02c
20303,FI,#2b8384
20304,CH,#b19246
20305,NL,#8c974b
20306,RS,#c17541
20307,IS,#2ca02c
20308,AM,#d1322e
20309,RS,#c17541
20310,CH,#b19246
20311,GB,#7fa047
20312,CH,#b19246
20313,IS,#2ca02c
20314,AM,#d1322e
20315,DK,#6b8e57
20316,FR,#b49f44
20317,AT,#ae8648
20318,CZ,#97854f
20319,IS,#2ca02c
20320,HU,#ac7c49
20321,DK,#6b8e57
20322,IS,#2ca02c
20323,HU,#ac7c49
20324,ES,#eeb33e
20325,CZ,#97854f
20326,DE,#918e4e
20327,MK,#d0733c
20328,AM,#d1322e
20329,CH,#b19246
20330,CH,#b19246
20331,HR,#bc8144
20332,LT,#6e7a64
20333,CH,#b19246
20334,DK,#6b8e57
20335,DK,#6b8e57
20336,DK,#6b8e57
20337,BG,#c66a3e
20338,AZ,#cf2a2d
20339,SK,#9d7d4f
20340,DK,#6b8e57
20341,CH,#b19246
20342,DE,#918e4e
20343,NO,#3d8e61
20344,DK,#6b8e57
20345,GB,#7fa047
20346,GB,#7fa047
20347,GE,#c43d39
20348,NL,#8c974b
20349,CZ,#97854f
20350,GE,#c43d39
20351,DK,#6b8e57
20352,RO,#b06e48
20353,GE,#c43d39
20354,IS,#2ca02c
20355,ES,#eeb33e
20356,DE,#918e4e
20357,HU,#ac7c49
20358,SI,#b58346
20359,GE,#c43d39
20360,ME,#d1783c
20361,EE,#507d73
20362,DK,#6b8e57
20363,AM,#d1322e
20364,DK,#6b8e57
20365,DK,#6b8e57
20366,NO,#3d8e61
20367,DK,#6b8e57
20368,FI,#2b8384
20369,MK,#d0733c
20370,SE,#3c8a6a
20371,IT,#ce893f
20372,ES,#eeb33e
20373,SE,#3c8a6a
20374,CH,#b19246
20375,FI,#2b8384
20376,NL,#8c974b
20377,CH,#b19246
20378,SK,#9d7d4f
20379,GB,#7fa047
20380,HU,#ac7c49
20381,SI,#b58346
20382,CZ,#97854f
20383,AL,#d87539
20384,GE,#c43d39
20385,RS,#c17541
20386,NO,#3d8e61
20387,DK,#6b8e57
20388,AZ,#cf2a2d
20389,FR,#b49f44
20390,SE,#3c8a6a
20391,EE,#507d73
20392,AZ,#cf2a2d
20393,AL,#d87539
20394,PL,#867f57
20395,BY,#7b7261
20396,SE,#3c8a6a
20397,LT,#6e7a64
20398,IS,#2ca02c
20399,AM,#d1322e
20400,NO,#3d8e61
20401,BA,#c37c41
20402,SE,#3c8a6a
20403,IS,#2ca02c
20404,AZ,#cf2a2d
20405,AZ,#cf2a2d
20406,IT,#ce893f
20407,HU,#ac7c49
20408,NL,#8c974b
20409,AL,#d87539
20410,FI,#2b8384
20411,AL,#d87539
20412,CH,#b19246
20413,IS,#2ca02c
20414,DK,#6b8e57
20415,CH,#b19246
20416,DK,#6b8e57
20417,DK,#6b8e57
20418,CH,#b19246
20419,CH,#b19246
20420,NL,#8c974b
20421,PL,#867f57
20422,IT,#ce893f
20423,SI,#b58346
20424,SK,#9d7d4f
20425,GE,#c43d39
20426,AM,#d1322e
20427,MK,#d0733c
20428,FR,#b49f44
20429,PL,#867f57
20430,AM,#d1322e
20431,LT,#6e7a64
20432,IS,#2ca02c
20433,NL,#8c974b
20434,DE,#918e4e
20435,AM,#d1322e
20436,DK,#6b8e57
20437,LT,#6e7a64
20438,AM,#d1322e
20439,PL,#867f57
20440,AM,#d1322e
20441,GB,#7fa047
20442,RO,#b06e48
20443,CZ,#97854f
20444,PT,#f8bf3f
20445,NO,#3d8e61
20446,AZ,#cf2a2d
20447,DK,#6b8e57
20448,CZ,#97854f
20449,LT,#6e7a64
20450,ES,#eeb33e
20451,DK,#6b8e57
20452,PL,#867f57
20453,SI,#b58346
20454,ES,#eeb33e
20455,EE,#507d73
20456,DE,#918e4e
20457,AT,#ae8648
20458,BA,#c37c41
20459,CZ,#97854f
20460,IS,#2ca02c
20461,AZ,#cf2a2d
20462,AT,#ae8648
20463,FR,#b49f44
20464,CH,#b19246
20465,MK,#d0733c
20466,SE,#3c8a6a
20467,SE,#3c8a6a
20468,DK,#6b8e57
20469,CZ,#97854f
20470,GB,#7fa047
20471,FI,#2b8384
20472,FI,#2b8384
20473,LT,#6e7a64
20474,MK,#d0733c
20475,SK,#9d7d4f
20476,ES,#eeb33e
20477,AT,#ae8648
20478,HR,#bc8144
20479,PT,#f8bf3f
20480,IS,#2ca02c
20481,CZ,#97854f
20482,CH,#b19246
20483,AM,#d1322e
20484,RS,#c17541
20485,SK,#9d7d4f
20486,EE,#507d73
20487,ME,#d1783c
20488,SK,#9d7d4f
20489,CH,#b19246
20490,ES,#eeb33e
20491,DK,#6b8e57
20492,GB,#7fa047
20493,SK,#9d7d4f
20494,DK,#6b8e57
20495,HU,#ac7c49
20496,AM,#d1322e
20497,HR,#bc8144
20498,NL,#8c974b
20499,FR,#b49f44
20500,NO,#3d8e61
20501,BY,#7b7261
20502,DE,#918e4e
20503,RU,#61667a
20504,CH,#b19246
20505,AZ,#cf2a2d
20506,BG,#c66a3e
20507,IS,#2ca02c
20508,IS,#2ca02c
20509,FI,#2b8384
20510,AZ,#cf2a2d
20511,SI,#b58346
20512,CH,#b19246
20513,CH,#b19246
20514,CH,#b19246
20515,CH,#b19246
20516,DK,#6b8e57
20517,RU,#61667a
20518,AL,#d87539
20519,AT,#ae8648
20520,GB,#7fa047
20521,BY,#7b7261
20522,DE,#918e4e
20523,SK,#9d7d4f
20524,BA,#c37c41
20525,ME,#d1783c
20526,IS,#2ca02c
20527,HU,#ac7c49
20528,HR,#bc8144
20529,GB,#7fa047
20530,GE,#c43d39
20531,NL,#8c974b
20532,BY,#7b7261
20533,MK,#d0733c
20534,CH,#b19246
20535,ME,#d1783c
20536,GB,#7fa047
20537,GB,#7fa047
20538,HR,#bc8144
20539,LT,#6e7a64
20540,SI,#b58346
20541,DE,#918e4e
20542,CH,#b19246
20543,CZ,#97854f
20544,GE,#c43d39
20545,AL,#d87539
20546,NO,#3d8e61
20547,SK,#9d7d4f
20548,DE,#918e4e
20549,AT,#ae8648
20550,LT,#6e7a64
20551,DK,#6b8e57
20552,CH,#b19246
20553,AT,#ae8648
20554,RU,#61667a
20555,NL,#8c974b
20556,IT,#ce893f
20557,BG,#c66a3e
20558,DK,#6b8e57
20559,IT,#ce893f
20560,ES,#eeb33e
20561,RO,#b06e48
20562,FI,#2b8384
20563,FI,#2b8384
20564,FR,#b49f44
20565,ES,#eeb33e
20566,AM,#d1322e
20567,IS,#2ca02c
20568,SI,#b58346
20569,DK,#6b8e57
20570,DK,#6b8e57
20571,RO,#b06e48
20572,EE,#507d73
20573,FR,#b49f44
20574,HR,#bc8144
20575,RO,#b06e48
20576,AM,#d1322e
20577,IS,#2ca02c
20578,RU,#61667a
20579,PL,#867f57
20580,SE,#3c8a6a
20581,DK,#6b8e57
20582,CZ,#97854f
20583,DK,#6b8e57
20584,DE,#918e4e
20585,RS,#c17541
20586,RU,#61667a
20587,AZ,#cf2a2d
20588,SK,#9d7d4f
20589,FI,#2b8384
20590,BG,#c66a3e
20591,NL,#8c974b
20592,SE,#3c8a6a
20593,SE,#3c8a6a
20594,NO,#3d8e61
20595,DE,#918e4e
20596,DK,#6b8e57
20597,IT,#ce893f
20598,MK,#d0733c
20599,CZ,#97854f
20600,GE,#c43d39
20601,CH,#b19246
20602,DE,#918e4e
20603,DK,#6b8e57
20604,AL,#d87539
20605,ES,#eeb33e
20606,IT,#ce893f
20607,CH,#b19246
20608,CH,#b19246
20609,AM,#d1322e
20610,RU,#61667a
20611,RS,#c17541
20612,BA,#c37c41
20613,RS,#c17541
20614,AZ,#cf2a2d
20615,LT,#6e7a64
20616,CZ,#97854f
20617,AM,#d1322e
20618,BG,#c66a3e
20619,PT,#f8bf3f
20620,RO,#b06e48
20621,AL,#d87539
20622,MK,#d0733c
20623,PT,#f8bf3f
20624,SE,#3c8a6a
20625,CH,#b19246
20626,IS,#2ca02c
20627,DK,#6b8e57
20628,BY,#7b7261
20629,HR,#bc8144
20630,GE,#c43d39
20631,FR,#b49f44
20632,IS,#2ca02c
20633,AZ,#cf2a2d
20634,IT,#ce893f
20635,IT,#ce893f
20636,PT,#f8bf3f
20637,SI,#b58346
20638,GB,#7fa047
20639,BA,#c37c41
20640,AT,#ae8648
20641,CH,#b19246
20642,GB,#7fa047
20643,RO,#b06e48
20644,DK,#6b8e57
20645,DK,#6b8e57
20646,HR,#bc8144
20647,EE,#507d73
20648,CZ,#97854f
20649,DK,#6b8e57
20650,FI,#2b8384
20651,PL,#867f57
20652,RU,#61667a
20653,DE,#918e4e
20654,DK,#6b8e57
20655,AZ,#cf2a2d
20656,AZ,#cf2a2d
20657,SK,#9d7d4f
20658,BA,#c37c41
20659,FI,#2b8384
20660,RU,#61667a
20661,FI,#2b8384
20662,IS,#2ca02c
20663,BY,#7b7261
20664,FR,#b49f44
20665,NL,#8c974b
20666,BG,#c66a3e
20667,AZ,#cf2a2d
20668,SK,#9d7d4f
20669,DK,#6b8e57
20670,CH,#b19246
20671,LT,#6e7a64
20672,FI,#2b8384
20673,DK,#6b8e57
20674,MK,#d0733c
20675,RO,#b06e48
20676,DK,#6b8e57
20677,FR,#b49f44
20678,RS,#c17541
20679,NL,#8c974b
20680,IS,#2ca02c
20681,RS,#c17541
20682,AT,#ae8648
20683,AT,#ae8648
20684,GB,#7fa047
20685,IT,#ce893f
20686,CH,#b19246
20687,NO,#3d8e61
20688,CH,#b19246
20689,HR,#bc8144
20690,RS,#c17541
20691,DE,#918e4e
20692,RU,#61667a
20693,HU,#ac7c49
20694,ME,#d1783c
20695,NL,#8c974b
20696,BY,#7b7261
20697,NO,#3d8e61
20698,LT,#6e7a64
20699,IT,#ce893f
20700,RS,#c17541
20701,IT,#ce893f
20702,IS,#2ca02c
20703,RO,#b06e48
20704,GB,#7fa047
20705,SE,#3c8a6a
20706,DK,#6b8e57
20707,RS,#c17541
20708,AT,#ae8648
20709,IS,#2ca02c
20710,DK,#6b8e57
20711,PT,#f8bf3f
20712,NO,#3d8e61
20713,HR,#bc8144
20714,IT,#ce893f
20715,AM,#d1322e
20716,RU,#61667a
20717,CH,#b19246
20718,BA,#c37c41
20719,BG,#c66a3e
20720,SI,#b58346
20721,BY,#7b7261
20722,ES,#eeb33e
20723,NO,#3d8e61
20724,DE,#918e4e
20725,CH,#b19246
20726,IT,#ce893f
20727,AL,#d87539
20728,HU,#ac7c49
20729,GB,#7fa047
20730,CH,#b19246
20731,CH,#b19246
20732,CZ,#97854f
20733,HR,#bc8144
20734,CZ,#97854f
20735,CH,#b19246
20736,RS,#c17541
20737,IS,#2ca02c
20738,IS,#2ca02c
20739,GE,#c43d39
20740,NO,#3d8e61
20741,CH,#b19246
20742,AT,#ae8648
20743,CH,#b19246
20744,SE,#3c8a6a
20745,SI,#b58346
20746,AM,#d1322e
20747,DE,#918e4e
20748,GB,#7fa047
20749,PL,#867f57
20750,NL,#8c974b
20751,PL,#867f57
20752,DK,#6b8e57
20753,ES,#eeb33e
20754,AM,#d1322e
20755,CH,#b19246
20756,CH,#b19246
20757,CH,#b19246
20758,PT,#f8bf3f
20759,BY,#7b7261
20760,AL,#d87539
20761,CH,#b19246
20762,GE,#c43d39
20763,EE,#507d73
20764,PT,#f8bf3f
20765,CZ,#97854f
20766,GE,#c43d39
20767,AL,#d87539
20768,DK,#6b8e57
20769,BG,#c66a3e
20770,MK,#d0733c
20771,BG,#c66a3e
20772,BY,#7b7261
20773,DE,#918e4e
20774,RS,#c17541
20775,PL,#867f57
20776,PL,#867f57
20777,DE,#918e4e
20778,RO,#b06e48
20779,SI,#b58346
20780,BG,#c66a3e
20781,CZ,#97854f
20782,IT,#ce893f
20783,RS,#c17541
20784,DK,#6b8e57
20785,DK,#6b8e57
20786,BA,#c37c41
20787,ES,#eeb33e
20788,DK,#6b8e57
20789,PL,#867f57
20790,RU,#61667a
20791,RS,#c17541
20792,PT,#f8bf3f
20793,PT,#f8bf3f
20794,AZ,#cf2a2d
20795,LT,#6e7a64
20796,BY,#7b7261
20797,DK,#6b8e57
20798,CH,#b19246
20799,FI,#2b8384
20800,BG,#c66a3e
20801,AM,#d1322e
20802,IS,#2ca02c
20803,EE,#507d73
20804,GB,#7fa047
20805,AL,#d87539
20806,DK,#6b8e57
20807,SK,#9d7d4f
20808,GE,#c43d39
20809,GE,#c43d39
20810,SE,#3c8a6a
20811,GE,#c43d39
20812,DE,#918e4e
20813,AT,#ae8648
20814,HU,#ac7c49
20815,AM,#d1322e
20816,NL,#8c974b
20817,IS,#2ca02c
20818,DE,#918e4e
20819,DK,#6b8e57
20820,RU,#61667a
20821,AZ,#cf2a2d
20822,MK,#d0733c
20823,FI,#2b8384
20824,BG,#c66a3e
20825,HU,#ac7c49
20826,RS,#c17541
20827,AL,#d87539
20828,CZ,#97854f
20829,DE,#918e4e
20830,DK,#6b8e57
20831,IS,#2ca02c
20832,AZ,#cf2a2d
20833,SK,#9d7d4f
20834,IT,#ce893f
20835,BY,#7b7261
20836,LT,#6e7a64
20837,HU,#ac7c49
20838,CH,#b19246
20839,DE,#918e4e
20840,FI,#2b8384
20841,LT,#6e7a64
20842,AM,#d1322e
20843,BG,#c66a3e
20844,SK,#9d7d4f
20845,AM,#d1322e
20846,RO,#b06e48
20847,DK,#6b8e57
20848,DK,#6b8e57
20849,AL,#d87539
20850,DK,#6b8e57
20851,NL,#8c974b
20852,SK,#9d7d4f
20853,GE,#c43d39
20854,HU,#ac7c49
20855,NL,#8c974b
20856,GE,#c43d39
20857,CH,#b19246
20858,NO,#3d8e61
20859,DK,#6b8e57
20860,NO,#3d8e61
20861,GE,#c43d39
20862,FR,#b49f44
20863,CH,#b19246
20864,GE,#c43d39
20865,CH,#b19246
20866,DK,#6b8e57
20867,AT,#ae8648
20868,AL,#d87539
20869,MK,#d0733c
20870,FR,#b49f44
20871,FR,#b49f44
20872,RU,#61667a
20873,NL,#8c974b
20874,AM,#d1322e
20875,AT,#ae8648
20876,GE,#c43d39
20877,NL,#8c974b
20878,AZ,#cf2a2d
20879,AZ,#cf2a2d
20880,CH,#b19246
20881,CZ,#97854f
20882,DK,#6b8e57
20883,NL,#8c974b
20884,BG,#c66a3e
20885,AM,#d1322e
20886,GB,#7fa047
20887,NO,#3d8e61
20888,PL,#867f57
20889,ES,#eeb33e
20890,HU,#ac7c49
20891,GE,#c43d39
20892,IS,#2ca02c
20893,IS,#2ca02c
20894,BA,#c37c41
20895,CH,#b19246
20896,HR,#bc8144
20897,MK,#d0733c
20898,AL,#d87539
20899,SK,#9d7d4f
20900,LT,#6e7a64
20901,CH,#b19246
20902,EE,#507d73
20903,HU,#ac7c49
20904,DK,#6b8e57
20905,HR,#bc8144
20906,GB,#7fa047
20907,SI,#b58346
20908,MK,#d0733c
20909,CH,#b19246
20910,BA,#c37c41
20911,SE,#3c8a6a
20912,FR,#b49f44
20913,AZ,#cf2a2d
20914,HU,#ac7c49
20915,IS,#2ca02c
20916,IT,#ce893f
20917,SI,#b58346
20918,NO,#3d8e61
20919,DK,#6b8e57
20920,HR,#bc8144
20921,ME,#d1783c
20922,HR,#bc8144
20923,AM,#d1322e
20924,NL,#8c974b
20925,AM,#d1322e
20926,AT,#ae8648
20927,SE,#3c8a6a
20928,FI,#2b8384
20929,NO,#3d8e61
20930,CH,#b19246
20931,IT,#ce893f
20932,CH,#b19246
20933,AT,#ae8648
20934,DK,#6b8e57
20935,DK,#6b8e57
20936,FR,#b49f44
20937,CH,#b19246
20938,AL,#d87539
20939,RS,#c17541
20940,MK,#d0733c
20941,PT,#f8bf3f
20942,CZ,#97854f
20943,GB,#7fa047
20944,AL,#d87539
20945,CH,#b19246
20946,AM,#d1322e
20947,AZ,#cf2a2d
20948,RU,#61667a
20949,CH,#b19246
20950,FI,#2b8384
20951,SK,#9d7d4f
20952,ME,#d1783c
20953,DK,#6b8e57
20954,CH,#b19246
20955,EE,#507d73
20956,IT,#ce893f
20957,IT,#ce893f
20958,NL,#8c974b
20959,CZ,#97854f
20960,GB,#7fa047
20961,DK,#6b8e57
20962,GB,#7fa047
20963,AL,#d87539
20964,HR,#bc8144
20965,IS,#2ca02c
20966,SE,#3c8a6a
20967,IS,#2ca02c
20968,PL,#867f57
20969,CH,#b19246
20970,BY,#7b7261
20971,MK,#d0733c
20972,SI,#b58346
20973,NL,#8c974b
20974,CH,#b19246
20975,RS,#c17541
20976,GE,#c43d39
20977,DE,#918e4e
20978,DK,#6b8e57
20979,IT,#ce893f
20980,MK,#d0733c
20981,RS,#c17541
20982,AL,#d87539
20983,GB,#7fa047
20984,BY,#7b7261
20985,FI,#2b8384
20986,FI,#2b8384
20987,CH,#b19246
20988,LT,#6e7a64
20989,DK,#6b8e57
20990,AM,#d1322e
20991,CH,#b19246
20992,ES,#eeb33e
20993,CZ,#97854f
20994,AT,#ae8648
20995,SK,#9d7d4f
20996,CH,#b19246
20997,SE,#3c8a6a
20998,NO,#3d8e61
20999,DK,#6b8e57
21000,GB,#7fa047
21001,RU,#61667a
21002,IS,#2ca02c
21003,ES,#eeb33e
21004,DK,#6b8e57
21005,SE,#3c8a6a
21006,AL,#d87539
21007,GB,#7fa047
21008,IT,#ce893f
21009,IT,#ce893f
21010,CZ,#97854f
21011,AM,#d1322e
21012,RS,#c17541
21013,CH,#b19246
21014,FI,#2b8384
21015,DK,#6b8e57
21016,PT,#f8bf3f
21017,ES,#eeb33e
21018,HR,#bc8144
21019,RO,#b06e48
21020,ES,#eeb33e
21021,MK,#d0733c
21022,AL,#d87539
21023,DE,#918e4e
21024,NO,#3d8e61
21025,AL,#d87539
21026,CH,#b19246
21027,GE,#c43d39
21028,GE,#c43d39
21029,NL,#8c974b
21030,BG,#c66a3e
21031,AT,#ae8648
21032,AZ,#cf2a2d
21033,NL,#8c974b
21034,GB,#7fa047
21035,AM,#d1322e
21036,IT,#ce893f
21037,GB,#7fa047
21038,HR,#bc8144
21039,RO,#b06e48
21040,BG,#c66a3e
21041,FR,#b49f44
21042,LT,#6e7a64
21043,BA,#c37c41
21044,DE,#918e4e
21045,LT,#6e7a64
21046,DE,#918e4e
21047,HR,#bc8144
21048,LT,#6e7a64
21049,BA,#c37c41
21050,HR,#bc8144
21051,SI,#b58346
21052,DE,#918e4e
21053,BY,#7b7261
21054,BY,#7b7261
21055,SK,#9d7d4f
21056,CH,#b19246
21057,AT,#ae8648
21058,SE,#3c8a6a
21059,DE,#918e4e
21060,AL,#d87539
21061,BG,#c66a3e
21062,NO,#3d8e61
21063,CH,#b19246
21064,AL,#d87539
21065,RS,#c17541
21066,DK,#6b8e57
21067,DK,#6b8e57
21068,BA,#c37c41
21069,CH,#b19246
21070,SK,#9d7d4f
21071,DK,#6b8e57
21072,CZ,#97854f
21073,HR,#bc8144
21074,SK,#9d7d4f
21075,HR,#bc8144
21076,HR,#bc8144
21077,IS,#2ca02c
21078,AM,#d1322e
21079,AM,#d1322e
21080,MK,#d0733c
21081,PL,#867f57
21082,CH,#b19246
21083,PT,#f8bf3f
21084,DK,#6b8e57
21085,RU,#61667a
21086,LT,#6e7a64
21087,FI,#2b8384
21088,ES,#eeb33e
21089,IS,#2ca02c
21090,BA,#c37c41
21091,BG,#c66a3e
21092,DK,#6b8e57
21093,CH,#b19246
21094,AZ,#cf2a2d
21095,GB,#7fa047
21096,CZ,#97854f
21097,IS,#2ca02c
21098,RO,#b06e48
21099,NL,#8c974b
21100,CH,#b19246
21101,DE,#918e4e
21102,HU,#ac7c49
21103,BA,#c37c41
21104,BY,#7b7261
21105,GE,#c43d39
21106,SI,#b58346
21107,SI,#b58346
21108,AZ,#cf2a2d
21109,GB,#7fa047
21110,GB,#7fa047
21111,CH,#b19246
21112,HR,#bc8144
21113,BY,#7b7261
21114,PT,#f8bf3f
21115,RU,#61667a
21116,GB,#7fa047
21117,NL,#8c974b
21118,PL,#867f57
21119,NL,#8c974b
21120,IS,#2ca02c
21121,FI,#2b8384
21122,CH,#b19246
21123,HR,#bc8144
21124,NO,#3d8e61
21125,NL,#8c974b
21126,AM,#d1322e
21127,IT,#ce893f
21128,BA,#c37c41
21129,GE,#c43d39
21130,RU,#61667a
21131,RS,#c17541
21132,DK,#6b8e57
21133,HU,#ac7c49
21134,DK,#6b8e57
21135,RU,#61667a
21136,IS,#2ca02c
21137,NL,#8c974b
21138,DE,#918e4e
21139,CH,#b19246
21140,SK,#9d7d4f
21141,NO,#3d8e61
21142,CZ,#97854f
21143,RS,#c17541
21144,FR,#b49f44
21145,IT,#ce893f
21146,LT,#6e7a64
21147,IT,#ce893f
21148,SK,#9d7d4f
21149,NO,#3d8e61
21150,HR,#bc8144
21151,LT,#6e7a64
21152,BY,#7b7261
21153,IS,#2ca02c
21154,CH,#b19246
21155,DK,#6b8e57
21156,AM,#d1322e
21157,CZ,#97854f
21158,FR,#b49f44
21159,CH,#b19246
21160,SK,#9d7d4f
21161,DK,#6b8e57
21162,IT,#ce893f
21163,PL,#867f57
21164,GB,#7fa047
21165,CZ,#97854f
21166,GE,#c43d39
21167,IT,#ce893f
21168,GB,#7fa047
21169,DK,#6b8e57
21170,AM,#d1322e
21171,SE,#3c8a6a
21172,BA,#c37c41
21173,AT,#ae8648
21174,BG,#c66a3e
21175,AZ,#cf2a2d
21176,NL,#8c974b
21177,IT,#ce893f
21178,DE,#918e4e
21179,FR,#b49f44
21180,DK,#6b8e57
21181,LT,#6e7a64
21182,AL,#d87539
21183,DE,#918e4e
21184,DE,#918e4e
21185,DK,#6b8e57
21186,NO,#3d8e61
21187,AZ,#cf2a2d
21188,AM,#d1322e
21189,DK,#6b8e57
21190,RS,#c17541
21191,NL,#8c974b
21192,EE,#507d73
21193,AZ,#cf2a2d
21194,CH,#b19246
21195,SE,#3c8a6a
21196,CZ,#97854f
21197,AT,#ae8648
21198,BA,#c37c41
21199,MK,#d0733c
21200,NO,#3d8e61
21201,ES,#eeb33e
21202,IS,#2ca02c
21203,DK,#6b8e57
21204,CH,#b19246
21205,PL,#867f57
21206,AT,#ae8648
21207,NL,#8c974b
21208,FR,#b49f44
21209,IS,#2ca02c
21210,NL,#8c974b
21211,LT,#6e7a64
21212,BG,#c66a3e
21213,FI,#2b8384
21214,FR,#b49f44
21215,GE,#c43d39
21216,BY,#7b7261
21217,RO,#b06e48
21218,DK,#6b8e57
21219,NO,#3d8e61
21220,SK,#9d7d4f
21221,FR,#b49f44
21222,CH,#b19246
21223,IS,#2ca02c
21224,AZ,#cf2a2d
21225,BA,#c37c41
21226,CH,#b19246
21227,PL,#867f57
21228,EE,#507d73
21229,HR,#bc8144
21230,IS,#2ca02c
21231,SI,#b58346
21232,GE,#c43d39
21233,PT,#f8bf3f
21234,GE,#c43d39
21235,BA,#c37c41
21236,RS,#c17541
21237,RU,#61667a
21238,BA,#c37c41
21239,ES,#eeb33e
21240,RS,#c17541
21241,RS,#c17541
21242,IT,#ce893f
21243,DE,#918e4e
21244,IS,#2ca02c
21245,SE,#3c8a6a
21246,CZ,#97854f
21247,AM,#d1322e
21248,CH,#b19246
21249,IS,#2ca02c
21250,RU,#61667a
21251,GB,#7fa047
21252,PL,#867f57
21253,LT,#6e7a64
21254,NL,#8c974b
21255,HU,#ac7c49
21256,IS,#2ca02c
21257,DK,#6b8e57
21258,AM,#d1322e
21259,HR,#bc8144
21260,GE,#c43d39
21261,BG,#c66a3e
21262,IS,#2ca02c
21263,BY,#7b7261
21264,IS,#2ca02c
21265,LT,#6e7a64
21266,BY,#7b7261
21267,PL,#867f57
21268,IS,#2ca02c
21269,GE,#c43d39
21270,BG,#c66a3e
21271,MK,#d0733c
21272,RS,#c17541
21273,DK,#6b8e57
21274,FI,#2b8384
21275,DK,#6b8e57
21276,CZ,#97854f
21277,MK,#d0733c
21278,CH,#b19246
21279,CH,#b19246
21280,AT,#ae8648
21281,RO,#b06e48
21282,CZ,#97854f
21283,AM,#d1322e
21284,ES,#eeb33e
21285,BG,#c66a3e
21286,BY,#7b7261
21287,CH,#b19246
21288,CH,#b19246
21289,PL,#867f57
21290,LT,#6e7a64
21291,HR,#bc8144
21292,CZ,#97854f
21293,MK,#d0733c
21294,AT,#ae8648
21295,NL,#8c974b
21296,DK,#6b8e57
21297,DK,#6b8e57
21298,NL,#8c974b
21299,AT,#ae8648
21300,FI,#2b8384
21301,AL,#d87539
21302,IT,#ce893f
21303,CZ,#97854f
21304,DE,#918e4e
21305,DK,#6b8e57
21306,GB,#7fa047
21307,NL,#8c974b
21308,IS,#2ca02c
21309,MK,#d0733c
21310,DE,#918e4e
21311,NL,#8c974b
21312,CH,#b19246
21313,SK,#9d7d4f
21314,GB,#7fa047
21315,FI,#2b8384
21316,AT,#ae8648
21317,IT,#ce893f
21318,SK,#9d7d4f
21319,HU,#ac7c49
21320,SI,#b58346
21321,GE,#c43d39
21322,IT,#ce893f
21323,CZ,#97854f
21324,CH,#b19246
21325,HU,#ac7c49
21326,AZ,#cf2a2d
21327,GB,#7fa047
21328,SK,#9d7d4f
21329,FR,#b49f44
21330,DK,#6b8e57
21331,CZ,#97854f
21332,NL,#8c974b
21333,RU,#61667a
21334,HR,#bc8144
21335,DE,#918e4e
21336,EE,#507d73
21337,IT,#ce893f
21338,GB,#7fa047
21339,DK,#6b8e57
21340,IT,#ce893f
21341,FR,#b49f44
21342,GB,#7fa047
21343,SI,#b58346
21344,RU,#61667a
21345,IS,#2ca02c
21346,DK,#6b8e57
21347,IT,#ce893f
21348,HR,#bc8144
21349,NO,#3d8e61
21350,HR,#bc8144
21351,CH,#b19246
21352,DE,#918e4e
21353,IS,#2ca02c
21354,CH,#b19246
21355,PL,#867f57
21356,EE,#507d73
21357,PT,#f8bf3f
21358,DK,#6b8e57
21359,SK,#9d7d4f
21360,SE,#3c8a6a
21361,DK,#6b8e57
21362,AM,#d1322e
21363,FI,#2b8384
21364,DK,#6b8e57
21365,AZ,#cf2a2d
21366,PL,#867f57
21367,RS,#c17541
21368,BA,#c37c41
21369,CH,#b19246
21370,GB,#7fa047
21371,CH,#b19246
21372,FI,#2b8384
21373,CH,#b19246
21374,BY,#7b7261
21375,DE,#918e4e
21376,NO,#3d8e61
21377,MK,#d0733c
21378,DE,#918e4e
21379,AM,#d1322e
21380,DE,#918e4e
21381,RU,#61667a
21382,PT,#f8bf3f
21383,CH,#b19246
21384,LT,#6e7a64
21385,LT,#6e7a64
21386,RS,#c17541
21387,ME,#d1783c
21388,AT,#ae8648
21389,CZ,#97854f
21390,GE,#c43d39
21391,DK,#6b8e57
21392,FR,#b49f44
21393,BA,#c37c41
21394,SE,#3c8a6a
21395,NL,#8c974b
21396,SE,#3c8a6a
21397,EE,#507d73
21398,AL,#d87539
21399,AM,#d1322e
21400,FR,#b49f44
21401,IT,#ce893f
21402,AL,#d87539
21403,CH,#b19246
21404,CH,#b19246
21405,IS,#2ca02c
21406,CH,#b19246
21407,EE,#507d73
21408,NO,#3d8e61
21409,IS,#2ca02c
21410,FI,#2b8384
21411,RO,#b06e48
21412,PT,#f8bf3f
21413,MK,#d0733c
21414,SK,#9d7d4f
21415,IT,#ce893f
21416,DK,#6b8e57
21417,IT,#ce893f
21418,DK,#6b8e57
21419,NO,#3d8e61
21420,NL,#8c974b
21421,DK,#6b8e57
21422,GE,#c43d39
21423,AZ,#cf2a2d
21424,AT,#ae8648
21425,DK,#6b8e57
21426,AM,#d1322e
21427,FR,#b49f44
21428,CZ,#97854f
21429,AM,#d1322e
21430,DE,#918e4e
21431,RS,#c17541
21432,SI,#b58346
21433,PT,#f8bf3f
21434,DK,#6b8e57
21435,AM,#d1322e
21436,GE,#c43d39
21437,HU,#ac7c49
21438,HR,#bc8144
21439,DK,#6b8e57
21440,PL,#867f57
21441,RO,#b06e48
21442,PL,#867f57
21443,DK,#6b8e57
21444,RS,#c17541
21445,PL,#867f57
21446,DK,#6b8e57
21447,PL,#867f57
21448,LT,#6e7a64
21449,BY,#7b7261
21450,NL,#8c974b
21451,SK,#9d7d4f
21452,SE,#3c8a6a
21453,FR,#b49f44
21454,RU,#61667a
21455,GE,#c43d39
21456,NL,#8c974b
21457,IS,#2ca02c
21458,NL,#8c974b
21459,RS,#c17541
21460,CH,#b19246
21461,EE,#507d73
21462,FR,#b49f44
21463,DK,#6b8e57
21464,LT,#6e7a64
21465,AM,#d1322e
21466,ES,#eeb33e
21467,GE,#c43d39
21468,BY,#7b7261
21469,FI,#2b8384
21470,PT,#f8bf3f
21471,CH,#b19246
21472,DE,#918e4e
21473,SE,#3c8a6a
21474,DK,#6b8e57
21475,CH,#b19246
21476,DE,#918e4e
21477,DK,#6b8e57
21478,DK,#6b8e57
21479,EE,#507d73
21480,GE,#c43d39
21481,PL,#867f57
21482,BG,#c66a3e
21483,DK,#6b8e57
21484,MK,#d0733c
21485,GE,#c43d39
21486,AT,#ae8648
21487,SK,#9d7d4f
21488,HU,#ac7c49
21489,HR,#bc8144
21490,HU,#ac7c49
21491,AT,#ae8648
21492,DE,#918e4e
21493,RO,#b06e48
21494,HR,#bc8144
21495,NO,#3d8e61
21496,HR,#bc8144
21497,AM,#d1322e
21498,FI,#2b8384
21499,AM,#d1322e
21500,DK,#6b8e57
21501,SI,#b58346
21502,PL,#867f57
21503,DE,#918e4e
21504,AZ,#cf2a2d
21505,DK,#6b8e57
21506,SE,#3c8a6a
21507,GB,#7fa047
21508,AZ,#cf2a2d
21509,RU,#61667a
21510,PT,#f8bf3f
21511,CH,#b19246
21512,AL,#d87539
21513,FI,#2b8384
21514,HU,#ac7c49
21515,AL,#d87539
21516,DK,#6b8e57
21517,FI,#2b8384
21518,FI,#2b8384
21519,BG,#c66a3e
21520,DK,#6b8e57
21521,CH,#b19246
21522,SI,#b58346
21523,DK,#6b8e57
21524,AT,#ae8648
21525,SE,#3c8a6a
21526,AT,#ae8648
21527,IS,#2ca02c
21528,SK,#9d7d4f
21529,CH,#b19246
21530,DK,#6b8e57
21531,GE,#c43d39
21532,GB,#7fa047
21533,GB,#7fa047
21534,BA,#c37c41
21535,IS,#2ca02c
21536,NL,#8c974b
21537,DE,#918e4e
21538,AT,#ae8648
21539,BY,#7b7261
21540,FI,#2b8384
21541,EE,#507d73
21542,BG,#c66a3e
21543,HU,#ac7c49
21544,ES,#eeb33e
21545,SI,#b58346
21546,AL,#d87539
21547,DK,#6b8e57
21548,HU,#ac7c49
21549,IS,#2ca02c
21550,SK,#9d7d4f
21551,BG,#c66a3e
21552,FR,#b49f44
21553,BG,#c66a3e
21554,NL,#8c974b
21555,ES,#eeb33e
21556,ES,#eeb33e
21557,PL,#867f57
21558,AZ,#cf2a2d
21559,MK,#d0733c
21560,BG,#c66a3e
21561,CH,#b19246
21562,SK,#9d7d4f
21563,CH,#b19246
21564,ME,#d1783c
21565,AT,#ae8648
21566,FI,#2b8384
21567,IT,#ce893f
21568,CH,#b19246
21569,BG,#c66a3e
21570,ES,#eeb33e
21571,HR,#bc8144
21572,HU,#ac7c49
21573,ME,#d1783c
21574,FI,#2b8384
21575,PT,#f8bf3f
21576,AT,#ae8648
21577,CH,#b19246
21578,IT,#ce893f
21579,AZ,#cf2a2d
21580,NL,#8c974b
21581,IT,#ce893f
21582,RU,#61667a
21583,FR,#b49f44
21584,RS,#c17541
21585,NL,#8c974b
21586,CH,#b19246
21587,IT,#ce893f
21588,FR,#b49f44
21589,HU,#ac7c49
21590,SK,#9d7d4f
21591,CH,#b19246
21592,AM,#d1322e
21593,DK,#6b8e57
21594,GB,#7fa047
21595,BG,#c66a3e
21596,NL,#8c974b
21597,FI,#2b8384
21598,DK,#6b8e57
21599,BG,#c66a3e
21600,CH,#b19246
21601,DK,#6b8e57
21602,CZ,#97854f
21603,AM,#d1322e
21604,IS,#2ca02c
21605,RS,#c17541
21606,RS,#c17541
21607,LT,#6e7a64
21608,PT,#f8bf3f
21609,BA,#c37c41
21610,SI,#b58346
21611,CZ,#97854f
21612,SE,#3c8a6a
21613,BY,#7b7261
21614,AM,#d1322e
21615,GE,#c43d39
21616,GE,#c43d39
21617,CZ,#97854f
21618,RO,#b06e48
21619,RS,#c17541
21620,AL,#d87539
21621,FI,#2b8384
21622,ME,#d1783c
21623,IT,#ce893f
21624,BG,#c66a3e
21625,PT,#f8bf3f
21626,AZ,#cf2a2d
21627,RU,#61667a
21628,AM,#d1322e
21629,AL,#d87539
21630,IT,#ce893f
21631,CH,#b19246
21632,BY,#7b7261
21633,GB,#7fa047
21634,BY,#7b7261
21635,BY,#7b7261
21636,NL,#8c974b
21637,AM,#d1322e
21638,LT,#6e7a64
21639,BG,#c66a3e
21640,FR,#b49f44
21641,GB,#7fa047
21642,IS,#2ca02c
21643,PT,#f8bf3f
21644,CZ,#97854f
21645,DE,#918e4e
21646,SK,#9d7d4f
21647,AM,#d1322e
21648,BA,#c37c41
21649,BA,#c37c41
21650,FR,#b49f44
21651,HR,#bc8144
21652,DE,#918e4e
21653,AM,#d1322e
21654,CH,#b19246
21655,DK,#6b8e57
21656,RU,#61667a
21657,AT,#ae8648
21658,GB,#7fa047
21659,IS,#2ca02c
21660,NO,#3d8e61
21661,DE,#918e4e
21662,SI,#b58346
21663,SE,#3c8a6a
21664,RO,#b06e48
21665,NO,#3d8e61
21666,DK,#6b8e57
21667,EE,#507d73
21668,GE,#c43d39
21669,AL,#d87539
21670,HU,#ac7c49
21671,IS,#2ca02c
21672,AT,#ae8648
21673,NL,#8c974b
21674,BY,#7b7261
21675,IS,#2ca02c
21676,IT,#ce893f
21677,NL,#8c974b
21678,HR,#bc8144
21679,DE,#918e4e
21680,AT,#ae8648
21681,PL,#867f57
21682,IT,#ce893f
21683,BA,#c37c41
21684,DE,#918e4e
21685,NL,#8c974b
21686,AT,#ae8648
21687,DK,#6b8e57
21688,FI,#2b8384
21689,NL,#8c974b
21690,CH,#b19246
21691,RU,#61667a
21692,RO,#b06e48
21693,SE,#3c8a6a
21694,GB,#7fa047
21695,SI,#b58346
21696,SE,#3c8a6a
21697,AL,#d87539
21698,BY,#7b7261
21699,RS,#c17541
21700,HR,#bc8144
21701,FI,#2b8384
21702,GB,#7fa047
21703,IT,#ce893f
21704,DE,#918e4e
21705,AZ,#cf2a2d
21706,NO,#3d8e61
21707,CH,#b19246
21708,NL,#8c974b
21709,RU,#61667a
21710,GB,#7fa047
21711,IT,#ce893f
21712,DK,#6b8e57
21713,SK,#9d7d4f
21714,DE,#918e4e
21715,IT,#ce893f
21716,NL,#8c974b
21717,IS,#2ca02c
21718,FR,#b49f44
21719,GB,#7fa047
21720,AM,#d1322e
21721,FR,#b49f44
21722,DE,#918e4e
21723,PL,#867f57
21724,AL,#d87539
21725,DK,#6b8e57
21726,BY,#7b7261
21727,CZ,#97854f
21728,DK,#6b8e57
21729,DK,#6b8e57
21730,ES,#eeb33e
21731,BA,#c37c41
21732,DE,#918e4e
21733,BA,#c37c41
21734,PT,#f8bf3f
21735,GB,#7fa047
21736,DK,#6b8e57
21737,BY,#7b7261
21738,FR,#b49f44
21739,GB,#7fa047
21740,AT,#ae8648
21741,BA,#c37c41
21742,NL,#8c974b
21743,IS,#2ca02c
21744,GE,#c43d39
21745,FI,#2b8384
21746,GE,#c43d39
21747,AL,#d87539
21748,HU,#ac7c49
21749,SK,#9d7d4f
21750,HU,#ac7c49
21751,BA,#c37c41
21752,IS,#2ca02c
21753,DK,#6b8e57
21754,IS,#2ca02c
21755,DK,#6b8e57
21756,IT,#ce893f
21757,DE,#918e4e
21758,SE,#3c8a6a
21759,CZ,#97854f
21760,GB,#7fa047
21761,DE,#918e4e
21762,RS,#c17541
21763,AM,#d1322e
21764,SE,#3c8a6a
21765,IS,#2ca02c
21766,EE,#507d73
21767,NL,#8c974b
21768,DK,#6b8e57
21769,HR,#bc8144
21770,HU,#ac7c49
21771,CZ,#97854f
21772,DK,#6b8e57
21773,IS,#2ca02c
21774,SE,#3c8a6a
21775,HU,#ac7c49
21776,HR,#bc8144
21777,GE,#c43d39
21778,DK,#6b8e57
21779,IT,#ce893f
21780,CH,#b19246
21781,AM,#d1322e
21782,CH,#b19246
21783,BG,#c66a3e
21784,GE,#c43d39
21785,LT,#6e7a64
21786,GB,#7fa047
21787,DE,#918e4e
21788,HU,#ac7c49
21789,SI,#b58346
21790,CH,#b19246
21791,CH,#b19246
21792,SI,#b58346
21793,CH,#b19246
21794,IS,#2ca02c
21795,HU,#ac7c49
21796,CH,#b19246
21797,GB,#7fa047
21798,IS,#2ca02c
21799,CH,#b19246
21800,RU,#61667a
21801,GE,#c43d39
21802,PT,#f8bf3f
21803,DE,#918e4e
21804,AT,#ae8648
21805,DK,#6b8e57
21806,AT,#ae8648
21807,HU,#ac7c49
21808,AM,#d1322e
21809,DK,#6b8e57
21810,FI,#2b8384
21811,DK,#6b8e57
21812,BA,#c37c41
21813,DK,#6b8e57
21814,CH,#b19246
21815,IT,#ce893f
21816,LT,#6e7a64
21817,PL,#867f57
21818,RU,#61667a
21819,RS,#c17541
21820,FR,#b49f44
21821,BA,#c37c41
21822,BY,#7b7261
21823,HR,#bc8144
21824,DK,#6b8e57
21825,NO,#3d8e61
21826,RS,#c17541
21827,DK,#6b8e57
21828,BY,#7b7261
21829,LT,#6e7a64
21830,ES,#eeb33e
21831,IT,#ce893f
21832,GE,#c43d39
21833,MK,#d0733c
21834,BY,#7b7261
21835,IS,#2ca02c
21836,HR,#bc8144
21837,BG,#c66a3e
21838,GB,#7fa047
21839,DE,#918e4e
21840,ES,#eeb33e
21841,IT,#ce893f
21842,NO,#3d8e61
21843,AT,#ae8648
21844,BA,#c37c41
21845,BA,#c37c41
21846,AL,#d87539
21847,FI,#2b8384
21848,DE,#918e4e
21849,CH,#b19246
21850,ES,#eeb33e
21851,CZ,#97854f
21852,ES,#eeb33e
21853,AT,#ae8648
21854,GE,#c43d39
21855,HU,#ac7c49
21856,NO,#3d8e61
21857,RS,#c17541
21858,CZ,#97854f
21859,FI,#2b8384
21860,ES,#eeb33e
21861,HU,#ac7c49
21862,DE,#918e4e
21863,DE,#918e4e
21864,SK,#9d7d4f
21865,DK,#6b8e57
21866,GE,#c43d39
21867,RS,#c17541
21868,FR,#b49f44
21869,CH,#b19246
21870,FI,#2b8384
21871,EE,#507d73
21872,SE,#3c8a6a
21873,SK,#9d7d4f
21874,CH,#b19246
21875,DK,#6b8e57
21876,FI,#2b8384
21877,BG,#c66a3e
21878,BG,#c66a3e
21879,GB,#7fa047
21880,AL,#d87539
21881,NL,#8c974b
21882,IT,#ce893f
21883,GB,#7fa047
21884,SE,#3c8a6a
21885,DK,#6b8e57
21886,SI,#b58346
21887,PT,#f8bf3f
21888,NO,#3d8e61
21889,DK,#6b8e57
21890,AM,#d1322e
21891,CH,#b19246
21892,AM,#d1322e
21893,DK,#6b8e57
21894,CH,#b19246
21895,HU,#ac7c49
21896,GE,#c43d39
21897,BG,#c66a3e
21898,BA,#c37c41
21899,GB,#7fa047
21900,PT,#f8bf3f
21901,RU,#61667a
21902,DK,#6b8e57
21903,PL,#867f57
21904,IT,#ce893f
21905,FR,#b49f44
21906,FI,#2b8384
21907,SK,#9d7d4f
21908,PL,#867f57
21909,HR,#bc8144
21910,EE,#507d73
21911,CH,#b19246
21912,PL,#867f57
21913,ME,#d1783c
21914,GE,#c43d39
21915,BY,#7b7261
21916,MK,#d0733c
21917,IT,#ce893f
21918,CH,#b19246
21919,GE,#c43d39
21920,SI,#b58346
21921,DK,#6b8e57
21922,IS,#2ca02c
21923,AL,#d87539
21924,CZ,#97854f
21925,CZ,#97854f
21926,LT,#6e7a64
21927,FI,#2b8384
21928,HR,#bc8144
21929,HU,#ac7c49
21930,IT,#ce893f
21931,CH,#b19246
21932,CZ,#97854f
21933,DE,#918e4e
21934,AM,#d1322e
21935,GB,#7fa047
21936,CH,#b19246
21937,AM,#d1322e
21938,GB,#7fa047
21939,DE,#918e4e
21940,NL,#8c974b
21941,RO,#b06e48
21942,BG,#c66a3e
21943,RS,#c17541
21944,GB,#7fa047
21945,DK,#6b8e57
21946,DK,#6b8e57
21947,SK,#9d7d4f
21948,AM,#d1322e
21949,HR,#bc8144
21950,SE,#3c8a6a
21951,CH,#b19246
21952,AZ,#cf2a2d
21953,DK,#6b8e57
21954,DK,#6b8e57
21955,HU,#ac7c49
21956,BG,#c66a3e
21957,DK,#6b8e57
21958,DE,#918e4e
21959,CH,#b19246
21960,DK,#6b8e57
21961,DK,#6b8e57
21962,MK,#d0733c
21963,GE,#c43d39
21964,IT,#ce893f
21965,GE,#c43d39
21966,PT,#f8bf3f
21967,HR,#bc8144
21968,DE,#918e4e
21969,CH,#b19246
21970,IS,#2ca02c
21971,NL,#8c974b
21972,ME,#d1783c
21973,BG,#c66a3e
21974,AT,#ae8648
21975,NL,#8c974b
21976,IS,#2ca02c
21977,NO,#3d8e61
21978,MK,#d0733c
21979,IS,#2ca02c
21980,BY,#7b7261
21981,RU,#61667a
21982,AT,#ae8648
21983,AM,#d1322e
21984,DE,#918e4e
21985,HR,#bc8144
21986,CH,#b19246
21987,GB,#7fa047
21988,HU,#ac7c49
21989,GB,#7fa047
21990,CH,#b19246
21991,AT,#ae8648
21992,NL,#8c974b
21993,AM,#d1322e
21994,AL,#d87539
21995,GE,#c43d39
21996,IS,#2ca02c
21997,ES,#eeb33e
21998,CH,#b19246
21999,RS,#c17541
22000,FR,#b49f44
22001,HU,#ac7c49
22002,IT,#ce893f
22003,MK,#d0733c
22004,HR,#bc8144
22005,CH,#b19246
22006,AZ,#cf2a2d
22007,ME,#d1783c
22008,BG,#c66a3e
22009,ME,#d1783c
22010,GB,#7fa047
22011,SK,#9d7d4f
22012,SE,#3c8a6a
22013,HR,#bc8144
22014,GB,#7fa047
22015,SI,#b58346
22016,IT,#ce893f
22017,IS,#2ca02c
22018,CZ,#97854f
22019,DE,#918e4e
22020,PL,#867f57
22021,CH,#b19246
22022,CH,#b19246
22023,EE,#507d73
22024,DK,#6b8e57
22025,SK,#9d7d4f
22026,GE,#c43d39
22027,CH,#b19246
22028,DE,#918e4e
22029,HU,#ac7c49
22030,ES,#eeb33e
22031,FI,#2b8384
22032,GE,#c43d39
22033,CH,#b19246
22034,SE,#3c8a6a
22035,RO,#b06e48
22036,RS,#c17541
22037,CZ,#97854f
22038,BG,#c66a3e
22039,PL,#867f57
22040,MK,#d0733c
22041,SI,#b58346
22042,FI,#2b8384
22043,IT,#ce893f
22044,BA,#c37c41
22045,NO,#3d8e61
22046,CZ,#97854f
22047,DE,#918e4e
22048,BA,#c37c41
22049,MK,#d0733c
22050,CH,#b19246
22051,EE,#507d73
22052,CH,#b19246
22053,GE,#c43d39
22054,FI,#2b8384
22055,BA,#c37c41
22056,AL,#d87539
22057,CH,#b19246
22058,DK,#6b8e57
22059,CZ,#97854f
22060,SE,#3c8a6a
22061,NL,#8c974b
22062,DK,#6b8e57
22063,GE,#c43d39
22064,EE,#507d73
22065,PT,#f8bf3f
22066,GE,#c43d39
22067,FI,#2b8384
22068,SK,#9d7d4f
22069,SI,#b58346
22070,SE,#3c8a6a
22071,CH,#b19246
22072,DK,#6b8e57
22073,DK,#6b8e57
22074,GB,#7fa047
22075,SK,#9d7d4f
22076,HU,#ac7c49
22077,DE,#918e4e
22078,RO,#b06e48
22079,DK,#6b8e57
22080,GB,#7fa047
22081,BA,#c37c41
22082,BY,#7b7261
22083,RO,#b06e48
22084,GB,#7fa047
22085,CZ,#97854f
22086,DE,#918e4e
22087,ES,#eeb33e
22088,NL,#8c974b
22089,CH,#b19246
22090,AM,#d1322e
22091,BA,#c37c41
22092,PL,#867f57
22093,RO,#b06e48
22094,BY,#7b7261
22095,SK,#9d7d4f
22096,LT,#6e7a64
22097,GE,#c43d39
22098,SK,#9d7d4f
22099,BA,#c37c41
22100,CH,#b19246
22101,CH,#b19246
22102,AZ,#cf2a2d
22103,GB,#7fa047
22104,SK,#9d7d4f
22105,PT,#f8bf3f
22106,HU,#ac7c49
22107,HU,#ac7c49
22108,DK,#6b8e57
22109,PL,#867f57
22110,GB,#7fa047
22111,RS,#c17541
22112,BG,#c66a3e
22113,IT,#ce893f
22114,DK,#6b8e57
22115,SK,#9d7d4f
22116,ES,#eeb33e
22117,MK,#d0733c
22118,IT,#ce893f
22119,ME,#d1783c
22120,AL,#d87539
22121,AZ,#cf2a2d
22122,GB,#7fa047
22123,DK,#6b8e57
22124,RO,#b06e48
22125,DK,#6b8e57
22126,GB,#7fa047
22127,DK,#6b8e57
22128,AM,#d1322e
22129,SI,#b58346
22130,MK,#d0733c
22131,NL,#8c974b
22132,AM,#d1322e
22133,BG,#c66a3e
22134,DE,#918e4e
22135,RS,#c17541
22136,AZ,#cf2a2d
22137,BY,#7b7261
22138,PL,#867f57
22139,AZ,#cf2a2d
22140,DE,#918e4e
22141,DK,#6b8e57
22142,PT,#f8bf3f
22143,IS,#2ca02c
22144,AT,#ae8648
22145,DK,#6b8e57
22146,FR,#b49f44
22147,DK,#6b8e57
22148,FI,#2b8384
22149,HR,#bc8144
22150,DE,#918e4e
22151,CH,#b19246
22152,IS,#2ca02c
22153,DK,#6b8e57
22154,NL,#8c974b
22155,CH,#b19246
22156,FR,#b49f44
22157,SI,#b58346
22158,SE,#3c8a6a
22159,AT,#ae8648
22160,AL,#d87539
22161,AL,#d87539
22162,DE,#918e4e
22163,CH,#b19246
22164,ES,#eeb33e
22165,DK,#6b8e57
22166,AT,#ae8648
22167,DE,#918e4e
22168,MK,#d0733c
22169,AT,#ae8648
22170,HU,#ac7c49
22171,DK,#6b8e57
22172,HR,#bc8144
22173,NL,#8c974b
22174,ME,#d1783c
22175,HR,#bc8144
22176,RU,#61667a
22177,BG,#c66a3e
22178,SE,#3c8a6a
22179,RU,#61667a
22180,BG,#c66a3e
22181,AL,#d87539
22182,IT,#ce893f
22183,IS,#2ca02c
22184,NO,#3d8e61
22185,NL,#8c974b
22186,FI,#2b8384
22187,CH,#b19246
22188,RO,#b06e48
22189,DE,#918e4e
22190,NL,#8c974b
22191,HU,#ac7c49
22192,FI,#2b8384
22193,AL,#d87539
22194,DK,#6b8e57
22195,FR,#b49f44
22196,PT,#f8bf3f
22197,SI,#b58346
22198,RO,#b06e48
22199,NL,#8c974b
22200,DE,#918e4e
22201,IT,#ce893f
22202,HR,#bc8144
22203,NL,#8c974b
22204,NL,#8c974b
22205,BA,#c37c41
22206,AL,#d87539
22207,GE,#c43d39
22208,NO,#3d8e61
22209,DK,#6b8e57
22210,AL,#d87539
22211,PL,#867f57
22212,AL,#d87539
22213,IT,#ce893f
22214,BA,#c37c41
22215,FR,#b49f44
22216,BA,#c37c41
22217,NL,#8c974b
22218,CZ,#97854f
22219,SE,#3c8a6a
22220,CZ,#97854f
22221,FI,#2b8384
22222,DK,#6b8e57
22223,PL,#867f57
22224,BA,#c37c41
22225,SK,#9d7d4f
22226,GE,#c43d39
22227,NO,#3d8e61
22228,AL,#d87539
22229,NO,#3d8e61
22230,AM,#d1322e
22231,PT,#f8bf3f
22232,DE,#918e4e
22233,IS,#2ca02c
22234,DE,#918e4e
22235,SI,#b58346
22236,NL,#8c974b
22237,MK,#d0733c
22238,SK,#9d7d4f
22239,AT,#ae8648
22240,IS,#2ca02c
22241,BY,#7b7261
22242,RS,#c17541
22243,CH,#b19246
22244,AL,#d87539
22245,RO,#b06e48
22246,DK,#6b8e57
22247,CH,#b19246
22248,IS,#2ca02c
22249,FI,#2b8384
22250,CH,#b19246
22251,HR,#bc8144
22252,FR,#b49f44
22253,RU,#61667a
22254,IT,#ce893f
22255,RO,#b06e48
22256,AT,#ae8648
22257,BG,#c66a3e
22258,RS,#c17541
22259,GB,#7fa047
22260,CH,#b19246
22261,FI,#2b8384
22262,FR,#b49f44
22263,PT,#f8bf3f
22264,HU,#ac7c49
22265,DK,#6b8e57
22266,BY,#7b7261
22267,BY,#7b7261
22268,BA,#c37c41
22269,CH,#b19246
22270,SE,#3c8a6a
22271,DK,#6b8e57
22272,RU,#61667a
22273,DK,#6b8e57
22274,SI,#b58346
22275,FR,#b49f44
22276,DK,#6b8e57
22277,GE,#c43d39
22278,SE,#3c8a6a
22279,MK,#d0733c
22280,PL,#867f57
22281,HR,#bc8144
22282,DK,#6b8e57
22283,EE,#507d73
22284,ES,#eeb33e
22285,DE,#918e4e
22286,SK,#9d7d4f
22287,RO,#b06e48
22288,BA,#c37c41
22289,CH,#b19246
22290,AZ,#cf2a2d
22291,FR,#b49f44
22292,AZ,#cf2a2d
22293,MK,#d0733c
22294,DK,#6b8e57
22295,NL,#8c974b
22296,DK,#6b8e57
22297,BY,#7b7261
22298,IS,#2ca02c
22299,CH,#b19246
22300,DE,#918e4e
22301,GE,#c43d39
22302,IS,#2ca02c
22303,PT,#f8bf3f
22304,GE,#c43d39
22305,GB,#7fa047
22306,HU,#ac7c49
22307,IS,#2ca02c
22308,NO,#3d8e61
22309,AZ,#cf2a2d
22310,DK,#6b8e57
22311,GB,#7fa047
22312,FI,#2b8384
22313,ES,#eeb33e
22314,DE,#918e4e
22315,NO,#3d8e61
22316,GE,#c43d39
22317,CH,#b19246
22318,BA,#c37c41
22319,EE,#507d73
22320,NL,#8c974b
22321,NL,#8c974b
22322,AM,#d1322e
22323,HU,#ac7c49
22324,AT,#ae8648
22325,RS,#c17541
22326,GB,#7fa047
22327,HR,#bc8144
22328,MK,#d0733c
22329,AT,#ae8648
22330,CZ,#97854f
22331,IT,#ce893f
22332,GE,#c43d39
22333,CH,#b19246
22334,AZ,#cf2a2d
22335,HU,#ac7c49
22336,LT,#6e7a64
22337,RS,#c17541
22338,DK,#6b8e57
22339,IS,#2ca02c
22340,FI,#2b8384
22341,NO,#3d8e61
22342,CH,#b19246
22343,HU,#ac7c49
22344,MK,#d0733c
22345,DK,#6b8e57
22346,IT,#ce893f
22347,NL,#8c974b
22348,NO,#3d8e61
22349,RO,#b06e48
22350,BY,#7b7261
22351,DE,#918e4e
22352,RS,#c17541
22353,FI,#2b8384
22354,AM,#d1322e
22355,CZ,#97854f
22356,GE,#c43d39
22357,CZ,#97854f
22358,CH,#b19246
22359,CH,#b19246
22360,GB,#7fa047
22361,DE,#918e4e
22362,RS,#c17541
22363,CH,#b19246
22364,SK,#9d7d4f
22365,CH,#b19246
22366,GE,#c43d39
22367,FI,#2b8384
22368,CH,#b19246
22369,RO,#b06e48
22370,IS,#2ca02c
22371,NO,#3d8e61
22372,RU,#61667a
22373,ES,#eeb33e
22374,AM,#d1322e
22375,NL,#8c974b
22376,CZ,#97854f
22377,MK,#d0733c
22378,RS,#c17541
22379,NL,#8c974b
22380,BY,#7b7261
22381,DE,#918e4e
22382,FI,#2b8384
22383,RS,#c17541
22384,RS,#c17541
22385,IS,#2ca02c
22386,HR,#bc8144
22387,RU,#61667a
22388,DK,#6b8e57
22389,FR,#b49f44
22390,DE,#918e4e
22391,CZ,#97854f
22392,RO,#b06e48
22393,CH,#b19246
22394,SI,#b58346
22395,PL,#867f57
22396,RS,#c17541
22397,CH,#b19246
22398,NL,#8c974b
22399,FR,#b49f44
22400,GB,#7fa047
22401,SK,#9d7d4f
22402,SE,#3c8a6a
22403,BA,#c37c41
22404,MK,#d0733c
22405,CH,#b19246
22406,RU,#61667a
22407,AL,#d87539
22408,CZ,#97854f
22409,CH,#b19246
22410,IS,#2ca02c
22411,RU,#61667a
22412,IS,#2ca02c
22413,DK,#6b8e57
22414,GE,#c43d39
22415,HU,#ac7c49
22416,AL,#d87539
22417,NL,#8c974b
22418,NL,#8c974b
22419,SE,#3c8a6a
22420,AT,#ae8648
22421,DK,#6b8e57
22422,AM,#d1322e
22423,SE,#3c8a6a
22424,DE,#918e4e
22425,IT,#ce893f
22426,RU,#61667a
22427,AL,#d87539
22428,BY,#7b7261
22429,RS,#c17541
22430,SI,#b58346
22431,RS,#c17541
22432,SK,#9d7d4f
22433,BY,#7b7261
22434,DK,#6b8e57
22435,NL,#8c974b
22436,NL,#8c974b
22437,GE,#c43d39
22438,FI,#2b8384
22439,HR,#bc8144
22440,EE,#507d73
22441,RU,#61667a
22442,NL,#8c974b
22443,SE,#3c8a6a
22444,ES,#eeb33e
22445,PL,#867f57
22446,GE,#c43d39
22447,RS,#c17541
22448,DE,#918e4e
22449,HU,#ac7c49
22450,LT,#6e7a64
22451,CZ,#97854f
22452,BA,#c37c41
22453,SE,#3c8a6a
22454,IS,#2ca02c
22455,PL,#867f57
22456,GB,#7fa047
22457,GE,#c43d39
22458,RS,#c17541
22459,AT,#ae8648
22460,RS,#c17541
22461,DK,#6b8e57
22462,CH,#b19246
22463,PL,#867f57
22464,AM,#d1322e
22465,HU,#ac7c49
22466,BY,#7b7261
22467,BG,#c66a3e
22468,AL,#d87539
22469,GB,#7fa047
22470,CZ,#97854f
22471,ME,#d1783c
22472,RU,#61667a
22473,RO,#b06e48
22474,GE,#c43d39
22475,RO,#b06e48
22476,BY,#7b7261
22477,CZ,#97854f
22478,DK,#6b8e57
22479,GE,#c43d39
22480,DE,#918e4e
22481,AT,#ae8648
22482,DE,#918e4e
22483,GE,#c43d39
22484,RS,#c17541
22485,HR,#bc8144
22486,RO,#b06e48
22487,DE,#918e4e
22488,NO,#3d8e61
22489,NL,#8c974b
22490,IS,#2ca02c
22491,GE,#c43d39
22492,MK,#d0733c
22493,IT,#ce893f
22494,SK,#9d7d4f
22495,CH,#b19246
22496,GE,#c43d39
22497,BG,#c66a3e
22498,DK,#6b8e57
22499,AM,#d1322e
22500,HU,#ac7c49
22501,BA,#c37c41
22502,CH,#b19246
22503,CH,#b19246
22504,NO,#3d8e61
22505,DE,#918e4e
22506,RO,#b06e48
22507,HR,#bc8144
22508,ES,#eeb33e
22509,HU,#ac7c49
22510,PT,#f8bf3f
22511,BY,#7b7261
22512,DK,#6b8e57
22513,IS,#2ca02c
22514,AT,#ae8648
22515,DE,#918e4e
22516,CH,#b19246
22517,SK,#9d7d4f
22518,CH,#b19246
22519,DK,#6b8e57
22520,GE,#c43d39
22521,DK,#6b8e57
22522,SK,#9d7d4f
22523,MK,#d0733c
22524,BA,#c37c41
22525,HR,#bc8144
22526,CH,#b19246
22527,CH,#b19246
22528,NO,#3d8e61
22529,ES,#eeb33e
22530,BG,#c66a3e
22531,RO,#b06e48
22532,GB,#7fa047
22533,DE,#918e4e
22534,DE,#918e4e
22535,ME,#d1783c
22536,CZ,#97854f
22537,NL,#8c974b
22538,DE,#918e4e
22539,BA,#c37c41
22540,BY,#7b7261
22541,AT,#ae8648
22542,RU,#61667a
22543,CH,#b19246
22544,BA,#c37c41
22545,DE,#918e4e
22546,HU,#ac7c49
22547,PL,#867f57
22548,DE,#918e4e
22549,PT,#f8bf3f
22550,RS,#c17541
22551,FI,#2b8384
22552,SE,#3c8a6a
22553,RO,#b06e48
22554,IT,#ce893f
22555,IT,#ce893f
22556,IT,#ce893f
22557,BA,#c37c41
22558,HU,#ac7c49
22559,SI,#b58346
22560,ES,#eeb33e
22561,RS,#c17541
22562,CH,#b19246
22563,DE,#918e4e
22564,DK,#6b8e57
22565,FR,#b49f44
22566,RS,#c17541
22567,DE,#918e4e
22568,SE,#3c8a6a
22569,BA,#c37c41
22570,DE,#918e4e
22571,CH,#b19246
22572,AM,#d1322e
22573,CH,#b19246
22574,AZ,#cf2a2d
22575,DK,#6b8e57
22576,SE,#3c8a6a
22577,NL,#8c974b
22578,ES,#eeb33e
22579,EE,#507d73
22580,ME,#d1783c
22581,PT,#f8bf3f
22582,HU,#ac7c49
22583,EE,#507d73
22584,LT,#6e7a64
22585,DK,#6b8e57
22586,SK,#9d7d4f
22587,AM,#d1322e
22588,NL,#8c974b
22589,CH,#b19246
22590,SK,#9d7d4f
22591,CH,#b19246
22592,CZ,#97854f
22593,SI,#b58346
22594,PL,#867f57
22595,IT,#ce893f
22596,CH,#b19246
22597,BG,#c66a3e
22598,RO,#b06e48
22599,GB,#7fa047
22600,RU,#61667a
22601,IT,#ce893f
22602,CH,#b19246
22603,EE,#507d73
22604,PL,#867f57
22605,CH,#b19246
22606,IT,#ce893f
22607,HU,#ac7c49
22608,CH,#b19246
22609,AZ,#cf2a2d
22610,IT,#ce893f
22611,CH,#b19246
22612,GE,#c43d39
22613,ES,#eeb33e
22614,LT,#6e7a64
22615,GB,#7fa047
22616,IS,#2ca02c
22617,IS,#2ca02c
22618,CH,#b19246
22619,DK,#6b8e57
22620,HR,#bc8144
22621,SK,#9d7d4f
22622,GB,#7fa047
22623,IT,#ce893f
22624,CH,#b19246
22625,FI,#2b8384
22626,CH,#b19246
22627,LT,#6e7a64
22628,SI,#b58346
22629,SK,#9d7d4f
22630,DK,#6b8e57
22631,SK,#9d7d4f
22632,FI,#2b8384
22633,RU,#61667a
22634,DK,#6b8e57
22635,NL,#8c974b
22636,AZ,#cf2a2d
22637,PL,#867f57
22638,FR,#b49f44
22639,FR,#b49f44
22640,CZ,#97854f
22641,GB,#7fa047
22642,HR,#bc8144
22643,BY,#7b7261
22644,BY,#7b7261
22645,BG,#c66a3e
22646,AM,#d1322e
22647,AT,#ae8648
22648,SK,#9d7d4f
22649,AT,#ae8648
22650,DK,#6b8e57
22651,NO,#3d8e61
22652,BY,#7b7261
22653,DE,#918e4e
22654,BG,#c66a3e
22655,NO,#3d8e61
22656,CH,#b19246
22657,SK,#9d7d4f
22658,CH,#b19246
22659,NO,#3d8e61
22660,IS,#2ca02c
22661,SK,#9d7d4f
22662,DK,#6b8e57
22663,DK,#6b8e57
22664,LT,#6e7a64
22665,DK,#6b8e57
22666,DE,#918e4e
22667,FR,#b49f44
22668,RS,#c17541
22669,AZ,#cf2a2d
22670,RU,#61667a
22671,RS,#c17541
22672,CH,#b19246
22673,CH,#b19246
22674,RU,#61667a
22675,RS,#c17541
22676,IS,#2ca02c
22677,IT,#ce893f
22678,FI,#2b8384
22679,IT,#ce893f
22680,BG,#c66a3e
22681,CH,#b19246
22682,IS,#2ca02c
22683,FI,#2b8384
22684,LT,#6e7a64
22685,BG,#c66a3e
22686,AT,#ae8648
22687,NO,#3d8e61
22688,CH,#b19246
22689,RO,#b06e48
22690,GB,#7fa047
22691,FI,#2b8384
22692,AT,#ae8648
22693,AM,#d1322e
22694,NL,#8c974b
22695,BG,#c66a3e
22696,NO,#3d8e61
22697,FR,#b49f44
22698,CH,#b19246
22699,GE,#c43d39
22700,RU,#61667a
22701,AT,#ae8648
22702,PT,#f8bf3f
22703,NL,#8c974b
22704,FI,#2b8384
22705,GE,#c43d39
22706,HR,#bc8144
22707,DK,#6b8e57
22708,GE,#c43d39
22709,CH,#b19246
22710,DK,#6b8e57
22711,BA,#c37c41
22712,IT,#ce893f
22713,AM,#d1322e
22714,DK,#6b8e57
22715,BY,#7b7261
22716,CZ,#97854f
22717,ES,#eeb33e
22718,PL,#867f57
22719,FI,#2b8384
22720,RS,#c17541
22721,RU,#61667a
22722,CZ,#97854f
22723,PT,#f8bf3f
22724,IT,#ce893f
22725,AM,#d1322e
22726,FI,#2b8384
22727,AZ,#cf2a2d
22728,SI,#b58346
22729,HR,#bc8144
22730,HU,#ac7c49
22731,GB,#7fa047
22732,FI,#2b8384
22733,NL,#8c974b
22734,DK,#6b8e57
22735,AM,#d1322e
22736,PL,#867f57
22737,HU,#ac7c49
22738,AZ,#cf2a2d
22739,NO,#3d8e61
22740,AT,#ae8648
22741,DK,#6b8e57
22742,BA,#c37c41
22743,IT,#ce893f
22744,SE,#3c8a6a
22745,CH,#b19246
22746,PL,#867f57
22747,DK,#6b8e57
22748,LT,#6e7a64
22749,HU,#ac7c49
22750,PL,#867f57
22751,IS,#2ca02c
22752,GE,#c43d39
22753,CH,#b19246
22754,IT,#ce893f
22755,SK,#9d7d4f
22756,BG,#c66a3e
22757,GE,#c43d39
22758,GB,#7fa047
22759,BG,#c66a3e
22760,CH,#b19246
22761,CH,#b19246
22762,GB,#7fa047
22763,NO,#3d8e61
22764,RU,#61667a
22765,DK,#6b8e57
22766,HU,#ac7c49
22767,RU,#61667a
22768,RS,#c17541
22769,CH,#b19246
22770,CH,#b19246
22771,RS,#c17541
22772,PL,#867f57
22773,CH,#b19246
22774,FI,#2b8384
22775,AM,#d1322e
22776,DE,#918e4e
22777,MK,#d0733c
22778,AL,#d87539
22779,GB,#7fa047
22780,DE,#918e4e
22781,RS,#c17541
22782,CH,#b19246
22783,RU,#61667a
22784,BG,#c66a3e
22785,NL,#8c974b
22786,SK,#9d7d4f
22787,HR,#bc8144
22788,AT,#ae8648
22789,CH,#b19246
22790,DK,#6b8e57
22791,FR,#b49f44
22792,BY,#7b7261
22793,DK,#6b8e57
22794,DK,#6b8e57
22795,PL,#867f57
22796,BA,#c37c41
22797,NO,#3d8e61
22798,AT,#ae8648
22799,IS,#2ca02c
22800,BY,#7b7261
22801,HU,#ac7c49
22802,BA,#c37c41
22803,BA,#c37c41
22804,PT,#f8bf3f
22805,CZ,#97854f
22806,NL,#8c974b
22807,FR,#b49f44
22808,GB,#7fa047
22809,CZ,#97854f
22810,CZ,#97854f
22811,AL,#d87539
22812,HR,#bc8144
22813,NL,#8c974b
22814,GB,#7fa047
22815,DK,#6b8e57
22816,CH,#b19246
22817,LT,#6e7a64
22818,HU,#ac7c49
22819,NL,#8c974b
22820,BY,#7b7261
22821,PL,#867f57
22822,FR,#b49f44
22823,DK,#6b8e57
22824,BG,#c66a3e
22825,HU,#ac7c49
22826,HR,#bc8144
22827,AM,#d1322e
22828,AL,#d87539
22829,BG,#c66a3e
22830,CZ,#97854f
22831,AT,#ae8648
22832,FR,#b49f44
22833,NO,#3d8e61
22834,BY,#7b7261
22835,PL,#867f57
22836,BA,#c37c41
22837,NO,#3d8e61
22838,MK,#d0733c
22839,DK,#6b8e57
22840,DE,#918e4e
22841,DK,#6b8e57
22842,MK,#d0733c
22843,NO,#3d8e61
22844,CH,#b19246
22845,AM,#d1322e
22846,ME,#d1783c
22847,GE,#c43d39
22848,GB,#7fa047
22849,GE,#c43d39
22850,BG,#c66a3e
22851,PL,#867f57
22852,CZ,#97854f
22853,HU,#ac7c49
22854,DK,#6b8e57
22855,GB,#7fa047
22856,MK,#d0733c
22857,FI,#2b8384
22858,RO,#b06e48
22859,BY,#7b7261
22860,EE,#507d73
22861,NO,#3d8e61
22862,AM,#d1322e
22863,RO,#b06e48
22864,AZ,#cf2a2d
22865,CZ,#97854f
22866,FI,#2b8384
22867,DK,#6b8e57
22868,IS,#2ca02c
22869,FI,#2b8384
22870,HR,#bc8144
22871,AT,#ae8648
22872,HR,#bc8144
22873,ME,#d1783c
22874,AT,#ae8648
22875,GE,#c43d39
22876,NL,#8c974b
22877,NO,#3d8e61
22878,IT,#ce893f
22879,NL,#8c974b
22880,GB,#7fa047
22881,BY,#7b7261
22882,NL,#8c974b
22883,FR,#b49f44
22884,MK,#d0733c
22885,AL,#d87539
22886,EE,#507d73
22887,NO,#3d8e61
22888,DK,#6b8e57
22889,GE,#c43d39
22890,BG,#c66a3e
22891,PT,#f8bf3f
22892,DK,#6b8e57
22893,NO,#3d8e61
22894,SE,#3c8a6a
22895,CH,#b19246
22896,FR,#b49f44
22897,CH,#b19246
22898,PL,#867f57
22899,AT,#ae8648
22900,BA,#c37c41
22901,IS,#2ca02c
22902,NL,#8c974b
22903,GE,#c43d39
22904,BY,#7b7261
22905,AL,#d87539
22906,BG,#c66a3e
22907,RS,#c17541
22908,PT,#f8bf3f
22909,GB,#7fa047
22910,AM,#d1322e
22911,IS,#2ca02c
22912,DK,#6b8e57
22913,GE,#c43d39
22914,HU,#ac7c49
22915,AM,#d1322e
22916,BA,#c37c41
22917,DK,#6b8e57
22918,SI,#b58346
22919,AM,#d1322e
22920,FI,#2b8384
22921,NO,#3d8e61
22922,GB,#7fa047
22923,BA,#c37c41
22924,NL,#8c974b
22925,HU,#ac7c49
22926,AM,#d1322e
22927,BY,#7b7261
22928,IT,#ce893f
22929,BA,#c37c41
22930,DE,#918e4e
22931,ME,#d1783c
22932,DK,#6b8e57
22933,BY,#7b7261
22934,DK,#6b8e57
22935,IT,#ce893f
22936,RS,#c17541
22937,NL,#8c974b
22938,SE,#3c8a6a
22939,EE,#507d73
22940,AL,#d87539
22941,FR,#b49f44
22942,NO,#3d8e61
22943,HR,#bc8144
22944,DE,#918e4e
22945,IT,#ce893f
22946,HR,#bc8144
22947,RS,#c17541
22948,DE,#918e4e
22949,AT,#ae8648
22950,HR,#bc8144
22951,LT,#6e7a64
22952,MK,#d0733c
22953,AM,#d1322e
22954,CH,#b19246
22955,AT,#ae8648
22956,AM,#d1322e
22957,SE,#3c8a6a
22958,FR,#b49f44
22959,BA,#c37c41
22960,PL,#867f57
22961,PL,#867f57
22962,AT,#ae8648
22963,PL,#867f57
22964,DK,#6b8e57
22965,SI,#b58346
22966,DE,#918e4e
22967,NL,#8c974b
22968,IS,#2ca02c
22969,AZ,#cf2a2d
22970,BY,#7b7261
22971,IS,#2ca02c
22972,IS,#2ca02c
22973,AT,#ae8648
22974,BA,#c37c41
22975,GB,#7fa047
22976,DK,#6b8e57
22977,CH,#b19246
22978,RU,#61667a
22979,DE,#918e4e
22980,HU,#ac7c49
22981,DK,#6b8e57
22982,RO,#b06e48
22983,LT,#6e7a64
22984,AT,#ae8648
22985,FR,#b49f44
22986,NL,#8c974b
22987,GB,#7fa047
22988,AM,#d1322e
22989,NL,#8c974b
22990,HR,#bc8144
22991,EE,#507d73
22992,GB,#7fa047
22993,AM,#d1322e
22994,BG,#c66a3e
22995,BA,#c37c41
22996,DK,#6b8e57
22997,AL,#d87539
22998,CH,#b19246
22999,CZ,#97854f
23000,RS,#c17541
23001,RS,#c17541
23002,GE,#c43d39
23003,DK,#6b8e57
23004,DK,#6b8e57
23005,NL,#8c974b
23006,CH,#b19246
23007,HR,#bc8144
23008,CH,#b19246
23009,HR,#bc8144
23010,NL,#8c974b
23011,BA,#c37c41
23012,SI,#b58346
23013,IS,#2ca02c
23014,PT,#f8bf3f
23015,DK,#6b8e57
23016,LT,#6e7a64
23017,CH,#b19246
23018,SK,#9d7d4f
23019,HU,#ac7c49
23020,RU,#61667a
23021,RS,#c17541
23022,GE,#c43d39
23023,PL,#867f57
23024,PL,#867f57
23025,MK,#d0733c
23026,HR,#bc8144
23027,GE,#c43d39
23028,DK,#6b8e57
23029,ME,#d1783c
23030,AM,#d1322e
23031,GB,#7fa047
23032,FR,#b49f44
23033,GB,#7fa047
23034,DE,#918e4e
23035,FI,#2b8384
23036,DE,#918e4e
23037,NO,#3d8e61
23038,FI,#2b8384
23039,PL,#867f57
23040,CZ,#97854f
23041,PT,#f8bf3f
23042,HR,#bc8144
23043,DE,#918e4e
23044,RS,#c17541
23045,NL,#8c974b
23046,IS,#2ca02c
23047,AT,#ae8648
23048,ES,#eeb33e
23049,CH,#b19246
23050,HU,#ac7c49
23051,NL,#8c974b
23052,NL,#8c974b
23053,CH,#b19246
23054,SK,#9d7d4f
23055,LT,#6e7a64
23056,MK,#d0733c
23057,EE,#507d73
23058,ES,#eeb33e
23059,BY,#7b7261
23060,SE,#3c8a6a
23061,BA,#c37c41
23062,ES,#eeb33e
23063,ME,#d1783c
23064,PT,#f8bf3f
23065,RU,#61667a
23066,DK,#6b8e57
23067,SE,#3c8a6a
23068,DK,#6b8e57
23069,EE,#507d73
23070,GE,#c43d39
23071,SK,#9d7d4f
23072,DK,#6b8e57
23073,CZ,#97854f
23074,FR,#b49f44
23075,DK,#6b8e57
23076,NO,#3d8e61
23077,NO,#3d8e61
23078,HR,#bc8144
23079,NL,#8c974b
23080,NO,#3d8e61
23081,BY,#7b7261
23082,PL,#867f57
23083,BA,#c37c41
23084,SI,#b58346
23085,MK,#d0733c
23086,HU,#ac7c49
23087,CH,#b19246
23088,NL,#8c974b
23089,CZ,#97854f
23090,AZ,#cf2a2d
23091,DK,#6b8e57
23092,RU,#61667a
23093,RU,#61667a
23094,DK,#6b8e57
23095,NO,#3d8e61
23096,HU,#ac7c49
23097,AZ,#cf2a2d
23098,FR,#b49f44
23099,SK,#9d7d4f
23100,IS,#2ca02c
23101,DE,#918e4e
23102,CH,#b19246
23103,GB,#7fa047
23104,BG,#c66a3e
23105,CZ,#97854f
23106,GB,#7fa047
23107,RS,#c17541
23108,ME,#d1783c
23109,DE,#918e4e
23110,AT,#ae8648
23111,DK,#6b8e57
23112,GE,#c43d39
23113,DK,#6b8e57
23114,IT,#ce893f
23115,AL,#d87539
23116,GE,#c43d39
23117,RO,#b06e48
23118,SI,#b58346
23119,NL,#8c974b
23120,DK,#6b8e57
23121,NL,#8c974b
23122,DK,#6b8e57
23123,RO,#b06e48
23124,MK,#d0733c
23125,HU,#ac7c49
23126,GB,#7fa047
23127,DE,#918e4e
23128,SE,#3c8a6a
23129,IT,#ce893f
23130,ES,#eeb33e
23131,NL,#8c974b
23132,AL,#d87539
23133,AT,#ae8648
23134,NL,#8c974b
23135,RS,#c17541
23136,AM,#d1322e
23137,AT,#ae8648
23138,BA,#c37c41
23139,SK,#9d7d4f
23140,PT,#f8bf3f
23141,RU,#61667a
23142,PL,#867f57
23143,FI,#2b8384
23144,CH,#b19246
23145,ES,#eeb33e
23146,ES,#eeb33e
23147,ME,#d1783c
23148,IT,#ce893f
23149,DK,#6b8e57
23150,RO,#b06e48
23151,SK,#9d7d4f
23152,CH,#b19246
23153,SI,#b58346
23154,DK,#6b8e57
23155,PL,#867f57
23156,BA,#c37c41
23157,AT,#ae8648
23158,NL,#8c974b
23159,CH,#b19246
23160,HU,#ac7c49
23161,HR,#bc8144
23162,AT,#ae8648
23163,DE,#918e4e
23164,HR,#bc8144
23165,RS,#c17541
23166,SK,#9d7d4f
23167,GB,#7fa047
23168,GB,#7fa047
23169,AT,#ae8648
23170,EE,#507d73
23171,GB,#7fa047
23172,HU,#ac7c49
23173,NL,#8c974b
23174,DK,#6b8e57
23175,GE,#c43d39
23176,NO,#3d8e61
23177,CH,#b19246
23178,CH,#b19246
23179,CZ,#97854f
23180,RS,#c17541
23181,NL,#8c974b
23182,IT,#ce893f
23183,IT,#ce893f
23184,DK,#6b8e57
23185,DK,#6b8e57
23186,DK,#6b8e57
23187,HR,#bc8144
23188,DE,#918e4e
23189,CH,#b19246
23190,DK,#6b8e57
23191,FR,#b49f44
23192,AL,#d87539
23193,PL,#867f57
23194,BG,#c66a3e
23195,NO,#3d8e61
23196,SE,#3c8a6a
23197,RS,#c17541
23198,IT,#ce893f
23199,DE,#918e4e
23200,DK,#6b8e57
23201,IT,#ce893f
23202,BG,#c66a3e
23203,BG,#c66a3e
23204,IS,#2ca02c
23205,DE,#918e4e
23206,GB,#7fa047
23207,LT,#6e7a64
23208,AL,#d87539
23209,FR,#b49f44
23210,CH,#b19246
23211,CH,#b19246
23212,CH,#b19246
23213,RS,#c17541
23214,AZ,#cf2a2d
23215,DK,#6b8e57
23216,IT,#ce893f
23217,GB,#7fa047
23218,RS,#c17541
23219,CZ,#97854f
23220,DE,#918e4e
23221,HR,#bc8144
23222,HR,#bc8144
23223,GB,#7fa047
23224,AL,#d87539
23225,NO,#3d8e61
23226,PT,#f8bf3f
23227,AZ,#cf2a2d
23228,GB,#7fa047
23229,PL,#867f57
23230,IT,#ce893f
23231,BY,#7b7261
23232,RS,#c17541
23233,CZ,#97854f
23234,AT,#ae8648
23235,LT,#6e7a64
23236,AT,#ae8648
23237,RU,#61667a
23238,CZ,#97854f
23239,GB,#7fa047
23240,HU,#ac7c49
23241,DE,#918e4e
23242,FR,#b49f44
23243,IT,#ce893f
23244,CH,#b19246
23245,NO,#3d8e61
23246,BY,#7b7261
23247,BY,#7b7261
23248,SK,#9d7d4f
23249,FI,#2b8384
23250,AZ,#cf2a2d
23251,RO,#b06e48
23252,HR,#bc8144
23253,GE,#c43d39
23254,AM,#d1322e
23255,HU,#ac7c49
23256,BA,#c37c41
23257,GB,#7fa047
23258,BY,#7b7261
23259,LT,#6e7a64
23260,CH,#b19246
23261,LT,#6e7a64
23262,DK,#6b8e57
23263,RO,#b06e48
23264,FI,#2b8384
23265,DK,#6b8e57
23266,BA,#c37c41
23267,DE,#918e4e
23268,DK,#6b8e57
23269,SK,#9d7d4f
23270,DE,#918e4e
23271,CH,#b19246
23272,DK,#6b8e57
23273,AM,#d1322e
23274,SI,#b58346
23275,SK,#9d7d4f
23276,CH,#b19246
23277,AL,#d87539
23278,DE,#918e4e
23279,HR,#bc8144
23280,EE,#507d73
23281,IT,#ce893f
23282,NO,#3d8e61
23283,AT,#ae8648
23284,NL,#8c974b
23285,DK,#6b8e57
23286,PL,#867f57
23287,NO,#3d8e61
23288,AM,#d1322e
23289,SI,#b58346
23290,FI,#2b8384
23291,RU,#61667a
23292,RS,#c17541
23293,DK,#6b8e57
23294,FI,#2b8384
23295,AL,#d87539
23296,SI,#b58346
23297,PT,#f8bf3f
23298,AZ,#cf2a2d
23299,SE,#3c8a6a
23300,CH,#b19246
23301,SE,#3c8a6a
23302,GB,#7fa047
23303,GB,#7fa047
23304,SK,#9d7d4f
23305,FR,#b49f44
23306,AL,#d87539
23307,DK,#6b8e57
23308,CH,#b19246
23309,AL,#d87539
23310,FI,#2b8384
23311,GE,#c43d39
23312,IS,#2ca02c
23313,AT,#ae8648
23314,AM,#d1322e
23315,CZ,#97854f
23316,AL,#d87539
23317,LT,#6e7a64
23318,RS,#c17541
23319,NO,#3d8e61
23320,GB,#7fa047
23321,AL,#d87539
23322,AM,#d1322e
23323,LT,#6e7a64
23324,HU,#ac7c49
23325,MK,#d0733c
23326,RO,#b06e48
23327,AM,#d1322e
23328,ES,#eeb33e
23329,DK,#6b8e57
23330,RU,#61667a
23331,SK,#9d7d4f
23332,AM,#d1322e
23333,BG,#c66a3e
23334,DK,#6b8e57
23335,BA,#c37c41
23336,FR,#b49f44
23337,DE,#918e4e
23338,HU,#ac7c49
23339,SI,#b58346
23340,DK,#6b8e57
23341,DK,#6b8e57
23342,SE,#3c8a6a
23343,DK,#6b8e57
23344,NL,#8c974b
23345,NO,#3d8e61
23346,AT,#ae8648
23347,RO,#b06e48
23348,AM,#d1322e
23349,FR,#b49f44
23350,PL,#867f57
23351,HR,#bc8144
23352,AT,#ae8648
23353,FI,#2b8384
23354,IT,#ce893f
23355,ES,#eeb33e
23356,EE,#507d73
23357,NL,#8c974b
23358,GB,#7fa047
23359,NL,#8c974b
23360,HU,#ac7c49
23361,DE,#918e4e
23362,ES,#eeb33e
23363,NL,#8c974b
23364,NL,#8c974b
23365,CZ,#97854f
23366,CH,#b19246
23367,AT,#ae8648
23368,GB,#7fa047
23369,DK,#6b8e57
23370,FI,#2b8384
23371,FI,#2b8384
23372,AT,#ae8648
23373,DE,#918e4e
23374,GE,#c43d39
23375,DK,#6b8e57
23376,FI,#2b8384
23377,DK,#6b8e57
23378,DK,#6b8e57
23379,GB,#7fa047
23380,NL,#8c974b
23381,AZ,#cf2a2d
23382,SE,#3c8a6a
23383,SI,#b58346
23384,LT,#6e7a64
23385,LT,#6e7a64
23386,DE,#918e4e
23387,CH,#b19246
23388,CH,#b19246
23389,FR,#b49f44
23390,CZ,#97854f
23391,RU,#61667a
23392,RU,#61667a
23393,BG,#c66a3e
23394,LT,#6e7a64
23395,SK,#9d7d4f
23396,AM,#d1322e
23397,NL,#8c974b
23398,FI,#2b8384
23399,DK,#6b8e57
23400,IT,#ce893f
23401,FR,#b49f44
23402,DK,#6b8e57
23403,RO,#b06e48
23404,PT,#f8bf3f
23405,SI,#b58346
23406,IT,#ce893f
23407,GB,#7fa047
23408,NO,#3d8e61
23409,SE,#3c8a6a
23410,AL,#d87539
23411,ES,#eeb33e
23412,AT,#ae8648
23413,AL,#d87539
23414,AM,#d1322e
23415,CH,#b19246
23416,IT,#ce893f
23417,PL,#867f57
23418,IS,#2ca02c
23419,FI,#2b8384
23420,HU,#ac7c49
23421,RU,#61667a
23422,IS,#2ca02c
23423,SE,#3c8a6a
23424,RS,#c17541
23425,PT,#f8bf3f
23426,RU,#61667a
23427,IS,#2ca02c
23428,DK,#6b8e57
23429,RS,#c17541
23430,LT,#6e7a64
23431,FI,#2b8384
23432,DE,#918e4e
23433,AM,#d1322e
23434,DE,#918e4e
23435,CH,#b19246
23436,HR,#bc8144
23437,ES,#eeb33e
23438,AM,#d1322e
23439,AM,#d1322e
23440,IT,#ce893f
23441,AL,#d87539
23442,BY,#7b7261
23443,DE,#918e4e
23444,GE,#c43d39
23445,RS,#c17541
23446,BY,#7b7261
23447,CZ,#97854f
23448,EE,#507d73
23449,ES,#eeb33e
23450,DK,#6b8e57
23451,AT,#ae8648
23452,CZ,#97854f
23453,AT,#ae8648
23454,IT,#ce893f
23455,NL,#8c974b
23456,AL,#d87539
23457,GB,#7fa047
23458,HU,#ac7c49
23459,RO,#b06e48
23460,AT,#ae8648
23461,AT,#ae8648
23462,AT,#ae8648
23463,AL,#d87539
23464,DK,#6b8e57
23465,DK,#6b8e57
23466,AL,#d87539
23467,GE,#c43d39
23468,NO,#3d8e61
23469,NO,#3d8e61
23470,PL,#867f57
23471,DK,#6b8e57
23472,IT,#ce893f
23473,ES,#eeb33e
23474,IS,#2ca02c
23475,DK,#6b8e57
23476,BG,#c66a3e
23477,HR,#bc8144
23478,NO,#3d8e61
23479,ES,#eeb33e
23480,GB,#7fa047
23481,BY,#7b7261
23482,FR,#b49f44
23483,SI,#b58346
23484,CH,#b19246
23485,EE,#507d73
23486,FI,#2b8384
23487,IT,#ce893f
23488,GB,#7fa047
23489,SK,#9d7d4f
23490,AT,#ae8648
23491,FI,#2b8384
23492,FI,#2b8384
23493,GB,#7fa047
23494,DE,#918e4e
23495,DK,#6b8e57
23496,NL,#8c974b
23497,IS,#2ca02c
23498,NL,#8c974b
23499,CZ,#97854f
23500,SI,#b58346
23501,BG,#c66a3e
23502,ES,#eeb33e
23503,RS,#c17541
23504,DK,#6b8e57
23505,DK,#6b8e57
23506,DK,#6b8e57
23507,DK,#6b8e57
23508,CH,#b19246
23509,AT,#ae8648
23510,CH,#b19246
23511,AZ,#cf2a2d
23512,CH,#b19246
23513,FR,#b49f44
23514,HU,#ac7c49
23515,CZ,#97854f
23516,DK,#6b8e57
23517,CH,#b19246
23518,AM,#d1322e
23519,LT,#6e7a64
23520,FI,#2b8384
23521,CH,#b19246
23522,RU,#61667a
23523,NL,#8c974b
23524,FR,#b49f44
23525,DE,#918e4e
23526,AL,#d87539
23527,IT,#ce893f
23528,AL,#d87539
23529,AM,#d1322e
23530,LT,#6e7a64
23531,AL,#d87539
23532,PT,#f8bf3f
23533,DE,#918e4e
23534,HR,#bc8144
23535,CH,#b19246
23536,SI,#b58346
23537,CH,#b19246
23538,SK,#9d7d4f
23539,NO,#3d8e61
23540,BA,#c37c41
23541,SE,#3c8a6a
23542,DK,#6b8e57
23543,NO,#3d8e61
23544,NL,#8c974b
23545,NO,#3d8e61
23546,MK,#d0733c
23547,CH,#b19246
23548,SE,#3c8a6a
23549,MK,#d0733c
23550,IS,#2ca02c
23551,MK,#d0733c
23552,RU,#61667a
23553,HU,#ac7c49
23554,CH,#b19246
23555,RU,#61667a
23556,BG,#c66a3e
23557,FR,#b49f44
23558,GB,#7fa047
23559,CH,#b19246
23560,DK,#6b8e57
23561,EE,#507d73
23562,CH,#b19246
23563,DK,#6b8e57
23564,DK,#6b8e57
23565,ES,#eeb33e
23566,GE,#c43d39
23567,PT,#f8bf3f
23568,NL,#8c974b
23569,RU,#61667a
23570,NL,#8c974b
23571,AT,#ae8648
23572,HR,#bc8144
23573,ME,#d1783c
23574,CZ,#97854f
23575,MK,#d0733c
23576,GB,#7fa047
23577,GE,#c43d39
23578,GB,#7fa047
23579,CZ,#97854f
23580,IS,#2ca02c
23581,GB,#7fa047
23582,ES,#eeb33e
23583,DE,#918e4e
23584,NL,#8c974b
23585,DK,#6b8e57
23586,GB,#7fa047
23587,LT,#6e7a64
23588,PT,#f8bf3f
23589,CH,#b19246
23590,NL,#8c974b
23591,NL,#8c974b
23592,AT,#ae8648
23593,CH,#b19246
23594,BY,#7b7261
23595,ME,#d1783c
23596,CH,#b19246
23597,HU,#ac7c49
23598,DK,#6b8e57
23599,FR,#b49f44
23600,IS,#2ca02c
23601,ES,#eeb33e
23602,NL,#8c974b
23603,GB,#7fa047
23604,NO,#3d8e61
23605,FI,#2b8384
23606,GE,#c43d39
23607,CH,#b19246
23608,DK,#6b8e57
23609,AT,#ae8648
23610,IS,#2ca02c
23611,MK,#d0733c
23612,CH,#b19246
23613,NL,#8c974b
23614,NO,#3d8e61
23615,PL,#867f57
23616,ES,#eeb33e
23617,CZ,#97854f
23618,PT,#f8bf3f
23619,PT,#f8bf3f
23620,DK,#6b8e57
23621,IT,#ce893f
23622,CH,#b19246
23623,SK,#9d7d4f
23624,BA,#c37c41
23625,AT,#ae8648
23626,RO,#b06e48
23627,SK,#9d7d4f
23628,DE,#918e4e
23629,SE,#3c8a6a
23630,SE,#3c8a6a
23631,ES,#eeb33e
23632,SE,#3c8a6a
23633,BA,#c37c41
23634,DE,#918e4e
23635,SK,#9d7d4f
23636,EE,#507d73
23637,ES,#eeb33e
23638,RU,#61667a
23639,ES,#eeb33e
23640,DE,#918e4e
23641,NL,#8c974b
23642,EE,#507d73
23643,HR,#bc8144
23644,EE,#507d73
23645,SE,#3c8a6a
23646,ME,#d1783c
23647,SK,#9d7d4f
23648,BA,#c37c41
23649,HR,#bc8144
23650,EE,#507d73
23651,IS,#2ca02c
23652,RS,#c17541
23653,BA,#c37c41
23654,NL,#8c974b
23655,SI,#b58346
23656,AL,#d87539
23657,PL,#867f57
23658,EE,#507d73
23659,IT,#ce893f
23660,GE,#c43d39
23661,NO,#3d8e61
23662,AT,#ae8648
23663,SK,#9d7d4f
23664,DK,#6b8e57
23665,DK,#6b8e57
23666,RO,#b06e48
23667,BG,#c66a3e
23668,HR,#bc8144
23669,AM,#d1322e
23670,FI,#2b8384
23671,ES,#eeb33e
23672,HR,#bc8144
23673,DK,#6b8e57
23674,DK,#6b8e57
23675,CH,#b19246
23676,IS,#2ca02c
23677,AT,#ae8648
23678,HR,#bc8144
23679,ES,#eeb33e
23680,CZ,#97854f
23681,IS,#2ca02c
23682,SK,#9d7d4f
23683,AL,#d87539
23684,IS,#2ca02c
23685,CH,#b19246
23686,SI,#b58346
23687,RO,#b06e48
23688,BY,#7b7261
23689,RU,#61667a
23690,AM,#d1322e
23691,NL,#8c974b
23692,DK,#6b8e57
23693,NO,#3d8e61
23694,FR,#b49f44
23695,CZ,#97854f
23696,AL,#d87539
23697,AL,#d87539
23698,HU,#ac7c49
23699,NL,#8c974b
23700,RO,#b06e48
23701,RO,#b06e48
23702,IS,#2ca02c
23703,GB,#7fa047
23704,EE,#507d73
23705,BA,#c37c41
23706,GE,#c43d39
23707,DE,#918e4e
23708,SI,#b58346
23709,SE,#3c8a6a
23710,DK,#6b8e57
23711,LT,#6e7a64
23712,GE,#c43d39
23713,HR,#bc8144
23714,SK,#9d7d4f
23715,BY,#7b7261
23716,RU,#61667a
23717,BA,#c37c41
23718,DK,#6b8e57
23719,PT,#f8bf3f
23720,AZ,#cf2a2d
23721,BA,#c37c41
23722,GB,#7fa047
23723,HU,#ac7c49
23724,RS,#c17541
23725,SK,#9d7d4f
23726,FR,#b49f44
23727,SI,#b58346
23728,RS,#c17541
23729,IT,#ce893f
23730,CH,#b19246
23731,DK,#6b8e57
23732,ES,#eeb33e
23733,AL,#d87539
23734,FI,#2b8384
23735,AZ,#cf2a2d
23736,SI,#b58346
23737,PT,#f8bf3f
23738,SK,#9d7d4f
23739,NO,#3d8e61
23740,BA,#c37c41
23741,ES,#eeb33e
23742,SK,#9d7d4f
23743,AM,#d1322e
23744,MK,#d0733c
23745,PL,#867f57
23746,AM,#d1322e
23747,PT,#f8bf3f
23748,AZ,#cf2a2d
23749,DK,#6b8e57
23750,IT,#ce893f
23751,DE,#918e4e
23752,BY,#7b7261
23753,BA,#c37c41
23754,IS,#2ca02c
23755,GE,#c43d39
23756,IT,#ce893f
23757,FR,#b49f44
23758,AZ,#cf2a2d
23759,GE,#c43d39
23760,LT,#6e7a64
23761,IT,#ce893f
23762,FI,#2b8384
23763,LT,#6e7a64
23764,SI,#b58346
23765,FI,#2b8384
23766,CH,#b19246
23767,FI,#2b8384
23768,BG,#c66a3e
23769,DK,#6b8e57
23770,GE,#c43d39
23771,BA,#c37c41
23772,AZ,#cf2a2d
23773,CH,#b19246
23774,FI,#2b8384
23775,FR,#b49f44
23776,GE,#c43d39
23777,CZ,#97854f
23778,IS,#2ca02c
23779,AT,#ae8648
23780,AT,#ae8648
23781,IT,#ce893f
23782,AZ,#cf2a2d
23783,BA,#c37c41
23784,HU,#ac7c49
23785,FR,#b49f44
23786,CH,#b19246
23787,CH,#b19246
23788,NO,#3d8e61
23789,MK,#d0733c
23790,GE,#c43d39
23791,SK,#9d7d4f
23792,FI,#2b8384
23793,FI,#2b8384
23794,BY,#7b7261
23795,BY,#7b7261
23796,HR,#bc8144
23797,DE,#918e4e
23798,DE,#918e4e
23799,GE,#c43d39
23800,SK,#9d7d4f
23801,AZ,#cf2a2d
23802,FI,#2b8384
23803,AT,#ae8648
23804,RU,#61667a
23805,SI,#b58346
23806,IS,#2ca02c
23807,DK,#6b8e57
23808,GE,#c43d39
23809,AZ,#cf2a2d
23810,IS,#2ca02c
23811,SI,#b58346
23812,AZ,#cf2a2d
23813,AT,#ae8648
23814,DK,#6b8e57
23815,GB,#7fa047
23816,HR,#bc8144
23817,FR,#b49f44
23818,NO,#3d8e61
23819,NL,#8c974b
23820,GB,#7fa047
23821,IT,#ce893f
23822,CH,#b19246
23823,EE,#507d73
23824,CZ,#97854f
23825,CH,#b19246
23826,GE,#c43d39
23827,AZ,#cf2a2d
23828,PT,#f8bf3f
23829,NL,#8c974b
23830,HR,#bc8144
23831,IT,#ce893f
23832,CH,#b19246
23833,RU,#61667a
23834,FR,#b49f44
23835,SE,#3c8a6a
23836,AT,#ae8648
23837,RO,#b06e48
23838,CZ,#97854f
23839,RS,#c17541
23840,AT,#ae8648
23841,SK,#9d7d4f
23842,DK,#6b8e57
23843,IS,#2ca02c
23844,BA,#c37c41
23845,DK,#6b8e57
23846,MK,#d0733c
23847,RS,#c17541
23848,AM,#d1322e
23849,ES,#eeb33e
23850,FR,#b49f44
23851,BY,#7b7261
23852,AM,#d1322e
23853,PL,#867f57
23854,CH,#b19246
23855,RU,#61667a
23856,AL,#d87539
23857,DK,#6b8e57
23858,AT,#ae8648
23859,AT,#ae8648
23860,CH,#b19246
23861,SI,#b58346
23862,CH,#b19246
23863,RS,#c17541
23864,IT,#ce893f
23865,GB,#7fa047
23866,HU,#ac7c49
23867,PT,#f8bf3f
23868,BG,#c66a3e
23869,AM,#d1322e
23870,CH,#b19246
23871,CH,#b19246
23872,CH,#b19246
23873,IT,#ce893f
23874,DK,#6b8e57
23875,SK,#9d7d4f
23876,DK,#6b8e57
23877,IS,#2ca02c
23878,FI,#2b8384
23879,SI,#b58346
23880,DK,#6b8e57
23881,HR,#bc8144
23882,AM,#d1322e
23883,ES,#eeb33e
23884,DK,#6b8e57
23885,GB,#7fa047
23886,NL,#8c974b
23887,HU,#ac7c49
23888,HR,#bc8144
23889,RS,#c17541
23890,LT,#6e7a64
23891,BG,#c66a3e
23892,AT,#ae8648
23893,GE,#c43d39
23894,DK,#6b8e57
23895,BA,#c37c41
23896,PL,#867f57
23897,NL,#8c974b
23898,DK,#6b8e57
23899,CH,#b19246
23900,HU,#ac7c49
23901,GB,#7fa047
23902,LT,#6e7a64
23903,DE,#918e4e
23904,DK,#6b8e57
23905,ME,#d1783c
23906,NL,#8c974b
23907,BY,#7b7261
23908,BA,#c37c41
23909,RU,#61667a
23910,AM,#d1322e
23911,BA,#c37c41
23912,CH,#b19246
23913,DK,#6b8e57
23914,SK,#9d7d4f
23915,FR,#b49f44
23916,CH,#b19246
23917,FI,#2b8384
23918,AT,#ae8648
23919,GB,#7fa047
23920,BY,#7b7261
23921,BA,#c37c41
23922,ME,#d1783c
23923,CH,#b19246
23924,DK,#6b8e57
23925,SE,#3c8a6a
23926,NL,#8c974b
23927,RS,#c17541
23928,AM,#d1322e
23929,HU,#ac7c49
23930,DK,#6b8e57
23931,HR,#bc8144
23932,AM,#d1322e
23933,AM,#d1322e
23934,NL,#8c974b
23935,AM,#d1322e
23936,RO,#b06e48
23937,FR,#b49f44
23938,GE,#c43d39
23939,GB,#7fa047
23940,RS,#c17541
23941,CH,#b19246
23942,GB,#7fa047
23943,FR,#b49f44
23944,AT,#ae8648
23945,SI,#b58346
23946,AT,#ae8648
23947,CH,#b19246
23948,HR,#bc8144
23949,GB,#7fa047
23950,RS,#c17541
23951,DK,#6b8e57
23952,CZ,#97854f
23953,BA,#c37c41
23954,BA,#c37c41
23955,RU,#61667a
23956,AM,#d1322e
23957,IS,#2ca02c
23958,BA,#c37c41
23959,RO,#b06e48
23960,BA,#c37c41
23961,FI,#2b8384
23962,GB,#7fa047
23963,NL,#8c974b
23964,ES,#eeb33e
23965,NO,#3d8e61
23966,DE,#918e4e
23967,DK,#6b8e57
23968,BA,#c37c41
23969,IS,#2ca02c
23970,CH,#b19246
23971,CZ,#97854f
23972,FR,#b49f44
23973,SI,#b58346
23974,HR,#bc8144
23975,DK,#6b8e57
23976,FR,#b49f44
23977,AT,#ae8648
23978,NL,#8c974b
23979,RO,#b06e48
23980,RS,#c17541
23981,ES,#eeb33e
23982,CH,#b19246
23983,BY,#7b7261
23984,PL,#867f57
23985,HU,#ac7c49
23986,BG,#c66a3e
23987,CZ,#97854f
23988,GB,#7fa047
23989,FR,#b49f44
23990,HR,#bc8144
23991,CH,#b19246
23992,AL,#d87539
23993,AZ,#cf2a2d
23994,DK,#6b8e57
23995,SE,#3c8a6a
23996,CH,#b19246
23997,BA,#c37c41
23998,DE,#918e4e
23999,RS,#c17541
24000,RU,#61667a
24001,CH,#b19246
24002,NL,#8c974b
24003,DE,#918e4e
24004,AM,#d1322e
24005,SE,#3c8a6a
24006,SE,#3c8a6a
24007,AT,#ae8648
24008,NO,#3d8e61
24009,DK,#6b8e57
24010,SE,#3c8a6a
24011,SK,#9d7d4f
24012,SI,#b58346
24013,BA,#c37c41
24014,PL,#867f57
24015,AM,#d1322e
24016,DK,#6b8e57
24017,NL,#8c974b
24018,BY,#7b7261
24019,AZ,#cf2a2d
24020,ME,#d1783c
24021,ME,#d1783c
24022,GE,#c43d39
24023,SK,#9d7d4f
24024,BG,#c66a3e
24025,GE,#c43d39
24026,AZ,#cf2a2d
24027,FR,#b49f44
24028,ME,#d1783c
24029,ES,#eeb33e
24030,HR,#bc8144
24031,AT,#ae8648
24032,DE,#918e4e
24033,GE,#c43d39
24034,HR,#bc8144
24035,SK,#9d7d4f
24036,NO,#3d8e61
24037,SI,#b58346
24038,AM,#d1322e
24039,ES,#eeb33e
24040,NO,#3d8e61
24041,AL,#d87539
24042,FR,#b49f44
24043,BA,#c37c41
24044,NL,#8c974b
24045,RO,#b06e48
24046,NL,#8c974b
24047,AT,#ae8648
24048,HU,#ac7c49
24049,DK,#6b8e57
24050,RO,#b06e48
24051,BG,#c66a3e
24052,HR,#bc8144
24053,SE,#3c8a6a
24054,IS,#2ca02c
24055,NO,#3d8e61
24056,GB,#7fa047
24057,NO,#3d8e61
24058,CH,#b19246
24059,AT,#ae8648
24060,BA,#c37c41
24061,BG,#c66a3e
24062,PT,#f8bf3f
24063,PL,#867f57
24064,FR,#b49f44
24065,SE,#3c8a6a
24066,BY,#7b7261
24067,RO,#b06e48
24068,AT,#ae8648
24069,EE,#507d73
24070,NL,#8c974b
24071,BG,#c66a3e
24072,HR,#bc8144
24073,NL,#8c974b
24074,GE,#c43d39
24075,CZ,#97854f
24076,CH,#b19246
24077,NL,#8c974b
24078,RS,#c17541
24079,CH,#b19246
24080,DE,#918e4e
24081,IS,#2ca02c
24082,BY,#7b7261
24083,DK,#6b8e57
24084,DK,#6b8e57
24085,AL,#d87539
24086,DE,#918e4e
24087,LT,#6e7a64
24088,DK,#6b8e57
24089,FI,#2b8384
24090,ES,#eeb33e
24091,HU,#ac7c49
24092,BY,#7b7261
24093,IS,#2ca02c
24094,AT,#ae8648
24095,AT,#ae8648
24096,CH,#b19246
24097,NO,#3d8e61
24098,EE,#507d73
24099,FI,#2b8384
24100,DK,#6b8e57
24101,IS,#2ca02c
24102,HU,#ac7c49
24103,AZ,#cf2a2d
24104,HR,#bc8144
24105,NL,#8c974b
24106,AT,#ae8648
24107,LT,#6e7a64
24108,ES,#eeb33e
24109,AZ,#cf2a2d
24110,IT,#ce893f
24111,DE,#918e4e
24112,GB,#7fa047
24113,GB,#7fa047
24114,SK,#9d7d4f
24115,BY,#7b7261
24116,PL,#867f57
24117,GE,#c43d39
24118,DK,#6b8e57
24119,CH,#b19246
24120,LT,#6e7a64
24121,DK,#6b8e57
24122,HU,#ac7c49
24123,FI,#2b8384
24124,SK,#9d7d4f
24125,CH,#b19246
24126,CH,#b19246
24127,DE,#918e4e
24128,RU,#61667a
24129,IT,#ce893f
24130,SK,#9d7d4f
24131,BY,#7b7261
24132,FI,#2b8384
24133,CH,#b19246
24134,CH,#b19246
24135,DK,#6b8e57
24136,BG,#c66a3e
24137,PL,#867f57
24138,DK,#6b8e57
24139,AM,#d1322e
24140,GB,#7fa047
24141,SK,#9d7d4f
24142,BG,#c66a3e
24143,GB,#7fa047
24144,NL,#8c974b
24145,CH,#b19246
24146,HR,#bc8144
24147,IS,#2ca02c
24148,AT,#ae8648
24149,PT,#f8bf3f
24150,IT,#ce893f
24151,AM,#d1322e
24152,IT,#ce893f
24153,GB,#7fa047
24154,DE,#918e4e
24155,HR,#bc8144
24156,RO,#b06e48
24157,CZ,#97854f
24158,NL,#8c974b
24159,SI,#b58346
24160,GB,#7fa047
24161,IT,#ce893f
24162,BG,#c66a3e
24163,AZ,#cf2a2d
24164,SK,#9d7d4f
24165,RU,#61667a
24166,AM,#d1322e
24167,IT,#ce893f
24168,GB,#7fa047
24169,HR,#bc8144
24170,AL,#d87539
24171,DK,#6b8e57
24172,BG,#c66a3e
24173,FI,#2b8384
24174,GB,#7fa047
24175,GB,#7fa047
24176,FI,#2b8384
24177,FI,#2b8384
24178,RU,#61667a
24179,IS,#2ca02c
24180,GE,#c43d39
24181,BG,#c66a3e
24182,RO,#b06e48
24183,RU,#61667a
24184,AT,#ae8648
24185,GB,#7fa047
24186,NL,#8c974b
24187,DE,#918e4e
24188,BA,#c37c41
24189,PL,#867f57
24190,IT,#ce893f
24191,GB,#7fa047
24192,AM,#d1322e
24193,SE,#3c8a6a
24194,SI,#b58346
24195,CH,#b19246
24196,BG,#c66a3e
24197,IT,#ce893f
24198,SK,#9d7d4f
24199,FR,#b49f44
24200,CH,#b19246
24201,CH,#b19246
24202,CH,#b19246
24203,SI,#b58346
24204,DK,#6b8e57
24205,CH,#b19246
24206,FI,#2b8384
24207,CH,#b19246
24208,DK,#6b8e57
24209,CH,#b19246
24210,SI,#b58346
24211,CZ,#97854f
24212,GB,#7fa047
24213,RU,#61667a
24214,AT,#ae8648
24215,AT,#ae8648
24216,PL,#867f57
24217,AT,#ae8648
24218,GE,#c43d39
24219,IS,#2ca02c
24220,DE,#918e4e
24221,NL,#8c974b
24222,DK,#6b8e57
24223,PT,#f8bf3f
24224,DK,#6b8e57
24225,CH,#b19246
24226,HU,#ac7c49
24227,SI,#b58346
24228,GB,#7fa047
24229,HU,#ac7c49
24230,BG,#c66a3e
24231,BA,#c37c41
24232,AZ,#cf2a2d
24233,RS,#c17541
24234,PT,#f8bf3f
24235,HR,#bc8144
24236,BY,#7b7261
24237,IS,#2ca02c
24238,SI,#b58346
24239,DK,#6b8e57
24240,ES,#eeb33e
24241,FR,#b49f44
24242,IS,#2ca02c
24243,DK,#6b8e57
24244,FI,#2b8384
24245,DK,#6b8e57
24246,RO,#b06e48
24247,DK,#6b8e57
24248,CZ,#97854f
24249,HU,#ac7c49
24250,DK,#6b8e57
24251,RO,#b06e48
24252,GB,#7fa047
24253,DK,#6b8e57
24254,PL,#867f57
24255,DK,#6b8e57
24256,FR,#b49f44
24257,CH,#b19246
24258,SK,#9d7d4f
24259,IT,#ce893f
24260,IT,#ce893f
24261,CH,#b19246
24262,SK,#9d7d4f
24263,BA,#c37c41
24264,CZ,#97854f
24265,PL,#867f57
24266,IS,#2ca02c
24267,CH,#b19246
24268,CH,#b19246
24269,PT,#f8bf3f
24270,AT,#ae8648
24271,IT,#ce893f
24272,SE,#3c8a6a
24273,FI,#2b8384
24274,AZ,#cf2a2d
24275,NL,#8c974b
24276,SK,#9d7d4f
24277,AM,#d1322e
24278,GE,#c43d39
24279,SK,#9d7d4f
24280,NO,#3d8e61
24281,GB,#7fa047
24282,CH,#b19246
24283,NO,#3d8e61
24284,DE,#918e4e
24285,SK,#9d7d4f
24286,DK,#6b8e57
24287,BG,#c66a3e
24288,CZ,#97854f
24289,IS,#2ca02c
24290,GB,#7fa047
24291,DK,#6b8e57
24292,AM,#d1322e
24293,GE,#c43d39
24294,AL,#d87539
24295,FR,#b49f44
24296,DK,#6b8e57
24297,DK,#6b8e57
24298,SI,#b58346
24299,FR,#b49f44
24300,AT,#ae8648
24301,DE,#918e4e
24302,CH,#b19246
24303,BY,#7b7261
24304,NL,#8c974b
24305,DK,#6b8e57
24306,IT,#ce893f
24307,SE,#3c8a6a
24308,SI,#b58346
24309,NL,#8c974b
24310,NL,#8c974b
24311,AT,#ae8648
24312,AZ,#cf2a2d
24313,CZ,#97854f
24314,DK,#6b8e57
24315,CH,#b19246
24316,CH,#b19246
24317,BA,#c37c41
24318,IS,#2ca02c
24319,PT,#f8bf3f
24320,NL,#8c974b
24321,IS,#2ca02c
24322,BA,#c37c41
24323,NL,#8c974b
24324,CH,#b19246
24325,SK,#9d7d4f
24326,MK,#d0733c
24327,NL,#8c974b
24328,FR,#b49f44
24329,BA,#c37c41
24330,PT,#f8bf3f
24331,AT,#ae8648
24332,HU,#ac7c49
24333,GB,#7fa047
24334,CH,#b19246
24335,DE,#918e4e
24336,ES,#eeb33e
24337,LT,#6e7a64
24338,HU,#ac7c49
24339,HR,#bc8144
24340,RO,#b06e48
24341,AT,#ae8648
24342,BY,#7b7261
24343,CH,#b19246
24344,DK,#6b8e57
24345,IS,#2ca02c
24346,DE,#918e4e
24347,RU,#61667a
24348,AT,#ae8648
24349,DK,#6b8e57
24350,SE,#3c8a6a
24351,DK,#6b8e57
24352,NL,#8c974b
24353,AT,#ae8648
24354,CZ,#97854f
24355,CH,#b19246
24356,DK,#6b8e57
24357,SK,#9d7d4f
24358,AT,#ae8648
24359,MK,#d0733c
24360,DK,#6b8e57
24361,RU,#61667a
24362,PL,#867f57
24363,CZ,#97854f
24364,CH,#b19246
24365,DE,#918e4e
24366,ES,#eeb33e
24367,DK,#6b8e57
24368,FR,#b49f44
24369,SE,#3c8a6a
24370,DE,#918e4e
24371,HU,#ac7c49
24372,GE,#c43d39
24373,EE,#507d73
24374,AM,#d1322e
24375,AM,#d1322e
24376,CH,#b19246
24377,MK,#d0733c
24378,PT,#f8bf3f
24379,HR,#bc8144
24380,PT,#f8bf3f
24381,AT,#ae8648
24382,NL,#8c974b
24383,BY,#7b7261
24384,CZ,#97854f
24385,CH,#b19246
24386,IS,#2ca02c
24387,BG,#c66a3e
24388,ES,#eeb33e
24389,NL,#8c974b
24390,CZ,#97854f
24391,SI,#b58346
24392,CH,#b19246
24393,IT,#ce893f
24394,FR,#b49f44
24395,ES,#eeb33e
24396,RO,#b06e48
24397,IT,#ce893f
24398,IT,#ce893f
24399,HU,#ac7c49
24400,CZ,#97854f
24401,BG,#c66a3e
24402,CH,#b19246
24403,IS,#2ca02c
24404,FR,#b49f44
24405,AZ,#cf2a2d
24406,GB,#7fa047
24407,LT,#6e7a64
24408,BG,#c66a3e
24409,DK,#6b8e57
24410,DE,#918e4e
24411,ES,#eeb33e
24412,DK,#6b8e57
24413,HR,#bc8144
24414,ES,#eeb33e
24415,AM,#d1322e
24416,BY,#7b7261
24417,BA,#c37c41
24418,GB,#7fa047
24419,CZ,#97854f
24420,NO,#3d8e61
24421,GE,#c43d39
24422,IT,#ce893f
24423,PL,#867f57
24424,DK,#6b8e57
24425,BY,#7b7261
24426,RS,#c17541
24427,NL,#8c974b
24428,SK,#9d7d4f
24429,FR,#b49f44
24430,CH,#b19246
24431,AZ,#cf2a2d
24432,AZ,#cf2a2d
24433,GB,#7fa047
24434,IS,#2ca02c
24435,ME,#d1783c
24436,GB,#7fa047
24437,SI,#b58346
24438,IS,#2ca02c
24439,GE,#c43d39
24440,HR,#bc8144
24441,CH,#b19246
24442,SE,#3c8a6a
24443,BA,#c37c41
24444,GB,#7fa047
24445,DK,#6b8e57
24446,FR,#b49f44
24447,BA,#c37c41
24448,BA,#c37c41
24449,DE,#918e4e
24450,AM,#d1322e
24451,BA,#c37c41
24452,IT,#ce893f
24453,SI,#b58346
24454,AL,#d87539
24455,HR,#bc8144
24456,RU,#61667a
24457,DK,#6b8e57
24458,HU,#ac7c49
24459,IT,#ce893f
24460,DE,#918e4e
24461,IS,#2ca02c
24462,PT,#f8bf3f
24463,CH,#b19246
24464,NO,#3d8e61
24465,RU,#61667a
24466,ME,#d1783c
24467,AT,#ae8648
24468,SE,#3c8a6a
24469,BY,#7b7261
24470,GB,#7fa047
24471,CH,#b19246
24472,NL,#8c974b
24473,GE,#c43d39
24474,CZ,#97854f
24475,IS,#2ca02c
24476,CH,#b19246
24477,DK,#6b8e57
24478,AM,#d1322e
24479,CH,#b19246
24480,GB,#7fa047
24481,BG,#c66a3e
24482,SK,#9d7d4f
24483,NO,#3d8e61
24484,NL,#8c974b
24485,GB,#7fa047
24486,FR,#b49f44
24487,NL,#8c974b
24488,SE,#3c8a6a
24489,IS,#2ca02c
24490,DK,#6b8e57
24491,ES,#eeb33e
24492,GB,#7fa047
24493,FR,#b49f44
24494,GE,#c43d39
24495,AT,#ae8648
24496,IT,#ce893f
24497,AM,#d1322e
24498,GB,#7fa047
24499,NO,#3d8e61
24500,PT,#f8bf3f
24501,GB,#7fa047
24502,DK,#6b8e57
24503,NL,#8c974b
24504,HU,#ac7c49
24505,CH,#b19246
24506,GB,#7fa047
24507,CH,#b19246
24508,FI,#2b8384
24509,HR,#bc8144
24510,CZ,#97854f
24511,DK,#6b8e57
24512,AL,#d87539
24513,HR,#bc8144
24514,DK,#6b8e57
24515,CH,#b19246
24516,DK,#6b8e57
24517,DK,#6b8e57
24518,HU,#ac7c49
24519,CH,#b19246
24520,IT,#ce893f
24521,GE,#c43d39
24522,RS,#c17541
24523,IT,#ce893f
24524,IS,#2ca02c
24525,SK,#9d7d4f
24526,FI,#2b8384
24527,RS,#c17541
24528,FI,#2b8384
24529,CZ,#97854f
24530,FR,#b49f44
24531,CH,#b19246
24532,AT,#ae8648
24533,HU,#ac7c49
24534,DK,#6b8e57
24535,CH,#b19246
24536,NL,#8c974b
24537,SE,#3c8a6a
24538,SK,#9d7d4f
24539,CH,#b19246
24540,BA,#c37c41
24541,FR,#b49f44
24542,DE,#918e4e
24543,HU,#ac7c49
24544,AT,#ae8648
24545,CH,#b19246
24546,BG,#c66a3e
24547,IT,#ce893f
24548,NO,#3d8e61
24549,BA,#c37c41
24550,ME,#d1783c
24551,HU,#ac7c49
24552,RU,#61667a
24553,RS,#c17541
24554,CH,#b19246
24555,RU,#61667a
24556,DK,#6b8e57
24557,CH,#b19246
24558,DK,#6b8e57
24559,NO,#3d8e61
24560,AT,#ae8648
24561,AT,#ae8648
24562,SI,#b58346
24563,BY,#7b7261
24564,FR,#b49f44
24565,IS,#2ca02c
24566,RU,#61667a
24567,CH,#b19246
24568,PL,#867f57
24569,NL,#8c974b
24570,DK,#6b8e57
24571,NL,#8c974b
24572,NL,#8c974b
24573,AT,#ae8648
24574,BY,#7b7261
24575,IS,#2ca02c
24576,HR,#bc8144
24577,IT,#ce893f
24578,AM,#d1322e
24579,FR,#b49f44
24580,RU,#61667a
24581,FI,#2b8384
24582,AT,#ae8648
24583,ES,#eeb33e
24584,IT,#ce893f
24585,ES,#eeb33e
24586,DK,#6b8e57
24587,NL,#8c974b
24588,AM,#d1322e
24589,DK,#6b8e57
24590,DK,#6b8e57
24591,BG,#c66a3e
24592,RU,#61667a
24593,GE,#c43d39
24594,CH,#b19246
24595,SE,#3c8a6a
24596,DE,#918e4e
24597,FI,#2b8384
24598,HU,#ac7c49
24599,SE,#3c8a6a
24600,AT,#ae8648
24601,GB,#7fa047
24602,HU,#ac7c49
24603,DK,#6b8e57
24604,HU,#ac7c49
24605,RS,#c17541
24606,AL,#d87539
24607,IS,#2ca02c
24608,RS,#c17541
24609,ME,#d1783c
24610,EE,#507d73
24611,SE,#3c8a6a
24612,AT,#ae8648
24613,NL,#8c974b
24614,HU,#ac7c49
24615,GE,#c43d39
24616,SK,#9d7d4f
24617,SE,#3c8a6a
24618,DK,#6b8e57
24619,RS,#c17541
24620,NO,#3d8e61
24621,DE,#918e4e
24622,GB,#7fa047
24623,MK,#d0733c
24624,BY,#7b7261
24625,AL,#d87539
24626,SK,#9d7d4f
24627,EE,#507d73
24628,GB,#7fa047
24629,GB,#7fa047
24630,CZ,#97854f
24631,AM,#d1322e
24632,EE,#507d73
24633,IT,#ce893f
24634,HU,#ac7c49
24635,RS,#c17541
24636,AM,#d1322e
24637,IT,#ce893f
24638,FI,#2b8384
24639,PT,#f8bf3f
24640,NO,#3d8e61
24641,BA,#c37c41
24642,CZ,#97854f
24643,GB,#7fa047
24644,RS,#c17541
24645,CH,#b19246
24646,PL,#867f57
24647,DK,#6b8e57
24648,BG,#c66a3e
24649,CZ,#97854f
24650,PT,#f8bf3f
24651,BA,#c37c41
24652,IS,#2ca02c
24653,GE,#c43d39
24654,GB,#7fa047
24655,GB,#7fa047
24656,DE,#918e4e
24657,CH,#b19246
24658,DE,#918e4e
24659,CH,#b19246
24660,RS,#c17541
24661,DK,#6b8e57
24662,DK,#6b8e57
24663,SE,#3c8a6a
24664,DE,#918e4e
24665,IS,#2ca02c
24666,RO,#b06e48
24667,AT,#ae8648
24668,DE,#918e4e
24669,SK,#9d7d4f
24670,AZ,#cf2a2d
24671,DE,#918e4e
24672,CH,#b19246
24673,NL,#8c974b
24674,GE,#c43d39
24675,IS,#2ca02c
24676,AZ,#cf2a2d
24677,BY,#7b7261
24678,BG,#c66a3e
24679,HU,#ac7c49
24680,DE,#918e4e
24681,IS,#2ca02c
24682,DE,#918e4e
24683,IT,#ce893f
24684,ES,#eeb33e
24685,AL,#d87539
24686,FI,#2b8384
24687,CZ,#97854f
24688,IS,#2ca02c
24689,HU,#ac7c49
24690,RO,#b06e48
24691,DK,#6b8e57
24692,ME,#d1783c
24693,NO,#3d8e61
24694,NO,#3d8e61
24695,SK,#9d7d4f
24696,DE,#918e4e
24697,CH,#b19246
24698,DK,#6b8e57
24699,DE,#918e4e
24700,EE,#507d73
24701,AL,#d87539
24702,FR,#b49f44
24703,BY,#7b7261
24704,NO,#3d8e61
24705,BA,#c37c41
24706,NL,#8c974b
24707,NL,#8c974b
24708,DK,#6b8e57
24709,SK,#9d7d4f
24710,IS,#2ca02c
24711,NL,#8c974b
24712,PT,#f8bf3f
24713,RU,#61667a
24714,SI,#b58346
24715,CH,#b19246
24716,NO,#3d8e61
24717,HR,#bc8144
24718,DE,#918e4e
24719,SE,#3c8a6a
24720,MK,#d0733c
24721,BY,#7b7261
24722,SE,#3c8a6a
24723,RU,#61667a
24724,DK,#6b8e57
24725,GE,#c43d39
24726,NL,#8c974b
24727,MK,#d0733c
24728,DE,#918e4e
24729,GB,#7fa047
24730,IT,#ce893f
24731,EE,#507d73
24732,FI,#2b8384
24733,CZ,#97854f
24734,MK,#d0733c
24735,CZ,#97854f
24736,RS,#c17541
24737,DK,#6b8e57
24738,NO,#3d8e61
24739,SI,#b58346
24740,IT,#ce893f
24741,FI,#2b8384
24742,FI,#2b8384
24743,FR,#b49f44
24744,NL,#8c974b
24745,FR,#b49f44
24746,IT,#ce893f
24747,ES,#eeb33e
24748,HU,#ac7c49
24749,HU,#ac7c49
24750,SK,#9d7d4f
24751,AZ,#cf2a2d
24752,ES,#eeb33e
24753,SI,#b58346
24754,IT,#ce893f
24755,GE,#c43d39
24756,IS,#2ca02c
24757,CH,#b19246
24758,RU,#61667a
24759,FR,#b49f44
24760,CZ,#97854f
24761,IT,#ce893f
24762,SI,#b58346
24763,ME,#d1783c
24764,BA,#c37c41
24765,ME,#d1783c
24766,RS,#c17541
24767,RS,#c17541
24768,HR,#bc8144
24769,CH,#b19246
24770,CZ,#97854f
24771,BY,#7b7261
24772,HR,#bc8144
24773,AZ,#cf2a2d
24774,BA,#c37c41
24775,SE,#3c8a6a
24776,CH,#b19246
24777,RU,#61667a
24778,AZ,#cf2a2d
24779,AT,#ae8648
24780,RU,#61667a
24781,NL,#8c974b
24782,EE,#507d73
24783,AM,#d1322e
24784,DK,#6b8e57
24785,GB,#7fa047
24786,NO,#3d8e61
24787,BY,#7b7261
24788,SE,#3c8a6a
24789,GE,#c43d39
24790,CH,#b19246
24791,BY,#7b7261
24792,NO,#3d8e61
24793,FI,#2b8384
24794,EE,#507d73
24795,HU,#ac7c49
24796,PL,#867f57
24797,FI,#2b8384
24798,IT,#ce893f
24799,SE,#3c8a6a
24800,HU,#ac7c49
24801,GB,#7fa047
24802,NO,#3d8e61
24803,EE,#507d73
24804,PL,#867f57
24805,SI,#b58346
24806,DK,#6b8e57
24807,SK,#9d7d4f
24808,FI,#2b8384
24809,FI,#2b8384
24810,DE,#918e4e
24811,IT,#ce893f
24812,FR,#b49f44
24813,AT,#ae8648
24814,IS,#2ca02c
24815,CZ,#97854f
24816,NL,#8c974b
24817,NO,#3d8e61
24818,FR,#b49f44
24819,AL,#d87539
24820,PL,#867f57
24821,HU,#ac7c49
24822,DK,#6b8e57
24823,RO,#b06e48
24824,RS,#c17541
24825,DK,#6b8e57
24826,GB,#7fa047
24827,DE,#918e4e
24828,CH,#b19246
24829,NL,#8c974b
24830,HR,#bc8144
24831,DK,#6b8e57
24832,IT,#ce893f
24833,GE,#c43d39
24834,ES,#eeb33e
24835,NO,#3d8e61
24836,RU,#61667a
24837,BA,#c37c41
24838,CH,#b19246
24839,RS,#c17541
24840,BA,#c37c41
24841,GE,#c43d39
24842,CH,#b19246
24843,FR,#b49f44
24844,ES,#eeb33e
24845,DE,#918e4e
24846,AZ,#cf2a2d
24847,BA,#c37c41
24848,SE,#3c8a6a
24849,NO,#3d8e61
24850,DK,#6b8e57
24851,FR,#b49f44
24852,ME,#d1783c
24853,BA,#c37c41
24854,BA,#c37c41
24855,CH,#b19246
24856,RU,#61667a
24857,IS,#2ca02c
24858,DK,#6b8e57
24859,AM,#d1322e
24860,HU,#ac7c49
24861,ME,#d1783c
24862,BA,#c37c41
24863,GE,#c43d39
24864,IS,#2ca02c
24865,DK,#6b8e57
24866,EE,#507d73
24867,DK,#6b8e57
24868,AM,#d1322e
24869,RO,#b06e48
24870,HR,#bc8144
24871,IS,#2ca02c
24872,CH,#b19246
24873,PT,#f8bf3f
24874,GB,#7fa047
24875,AT,#ae8648
24876,CH,#b19246
24877,SI,#b58346
24878,NO,#3d8e61
24879,RU,#61667a
24880,IT,#ce893f
24881,IT,#ce893f
24882,DE,#918e4e
24883,GE,#c43d39
24884,EE,#507d73
24885,GB,#7fa047
24886,AZ,#cf2a2d
24887,CH,#b19246
24888,DE,#918e4e
24889,IS,#2ca02c
24890,AT,#ae8648
24891,DK,#6b8e57
24892,HU,#ac7c49
24893,BG,#c66a3e
24894,HU,#ac7c49
24895,SE,#3c8a6a
24896,DK,#6b8e57
24897,BA,#c37c41
24898,RU,#61667a
24899,CH,#b19246
24900,IT,#ce893f
24901,GB,#7fa047
24902,DE,#918e4e
24903,AT,#ae8648
24904,DK,#6b8e57
24905,FR,#b49f44
24906,NL,#8c974b
24907,HR,#bc8144
24908,CH,#b19246
24909,SI,#b58346
24910,DE,#918e4e
24911,SI,#b58346
24912,SE,#3c8a6a
24913,GB,#7fa047
24914,GB,#7fa047
24915,GE,#c43d39
24916,CH,#b19246
24917,GE,#c43d39
24918,ES,#eeb33e
24919,GB,#7fa047
24920,BY,#7b7261
24921,AZ,#cf2a2d
24922,RO,#b06e48
24923,SE,#3c8a6a
24924,FR,#b49f44
24925,GE,#c43d39
24926,CH,#b19246
24927,CH,#b19246
24928,CH,#b19246
24929,IS,#2ca02c
24930,BY,#7b7261
24931,CH,#b19246
24932,GE,#c43d39
24933,AM,#d1322e
24934,CH,#b19246
24935,IT,#ce893f
24936,LT,#6e7a64
24937,CH,#b19246
24938,IT,#ce893f
24939,GE,#c43d39
24940,DK,#6b8e57
24941,SI,#b58346
24942,AZ,#cf2a2d
24943,DK,#6b8e57
24944,NO,#3d8e61
24945,SK,#9d7d4f
24946,RO,#b06e48
24947,GE,#c43d39
24948,FR,#b49f44
24949,CH,#b19246
24950,CH,#b19246
24951,SE,#3c8a6a
24952,RO,#b06e48
24953,SE,#3c8a6a
24954,BG,#c66a3e
24955,AL,#d87539
24956,NO,#3d8e61
24957,PT,#f8bf3f
24958,DE,#918e4e
24959,ES,#eeb33e
24960,DK,#6b8e57
24961,CH,#b19246
24962,PT,#f8bf3f
24963,LT,#6e7a64
24964,CZ,#97854f
24965,AT,#ae8648
24966,CZ,#97854f
24967,BA,#c37c41
24968,CH,#b19246
24969,IT,#ce893f
24970,SK,#9d7d4f
24971,RU,#61667a
24972,DE,#918e4e
24973,PT,#f8bf3f
24974,RO,#b06e48
24975,IS,#2ca02c
24976,DK,#6b8e57
24977,IT,#ce893f
24978,DK,#6b8e57
24979,DE,#918e4e
24980,LT,#6e7a64
24981,ME,#d1783c
24982,AM,#d1322e
24983,BG,#c66a3e
24984,AT,#ae8648
24985,DK,#6b8e57
24986,CH,#b19246
24987,BA,#c37c41
24988,NL,#8c974b
24989,EE,#507d73
24990,NL,#8c974b
24991,PL,#867f57
24992,AZ,#cf2a2d
24993,FI,#2b8384
24994,GE,#c43d39
24995,DE,#918e4e
24996,MK,#d0733c
24997,HR,#bc8144
24998,RU,#61667a
24999,DK,#6b8e57
25000,MK,#d0733c
25001,CH,#b19246
25002,SI,#b58346
25003,FR,#b49f44
25004,LT,#6e7a64
25005,ME,#d1783c
25006,FR,#b49f44
25007,FR,#b49f44
25008,AZ,#cf2a2d
25009,SI,#b58346
25010,RS,#c17541
25011,MK,#d0733c
25012,DK,#6b8e57
25013,DK,#6b8e57
25014,FR,#b49f44
25015,NL,#8c974b
25016,AM,#d1322e
25017,RS,#c17541
25018,NL,#8c974b
25019,GB,#7fa047
25020,CH,#b19246
25021,SE,#3c8a6a
25022,DK,#6b8e57
25023,AM,#d1322e
25024,AM,#d1322e
25025,DE,#918e4e
25026,IS,#2ca02c
25027,IT,#ce893f
25028,FR,#b49f44
25029,DE,#918e4e
25030,CH,#b19246
25031,GE,#c43d39
25032,RS,#c17541
25033,FI,#2b8384
25034,DK,#6b8e57
25035,PL,#867f57
25036,CH,#b19246
25037,CZ,#97854f
25038,CH,#b19246
25039,ES,#eeb33e
25040,CH,#b19246
25041,AM,#d1322e
25042,DE,#918e4e
25043,FI,#2b8384
25044,RS,#c17541
25045,GE,#c43d39
25046,AL,#d87539
25047,FI,#2b8384
25048,AM,#d1322e
25049,AZ,#cf2a2d
25050,CH,#b19246
25051,CH,#b19246
25052,SK,#9d7d4f
25053,EE,#507d73
25054,DE,#918e4e
25055,DK,#6b8e57
25056,FR,#b49f44
25057,IS,#2ca02c
25058,MK,#d0733c
25059,CH,#b19246
25060,ME,#d1783c
25061,CH,#b19246
25062,SE,#3c8a6a
25063,NO,#3d8e61
25064,CH,#b19246
25065,CH,#b19246
25066,CZ,#97854f
25067,SK,#9d7d4f
25068,HU,#ac7c49
25069,ES,#eeb33e
25070,BY,#7b7261
25071,DE,#918e4e
25072,GE,#c43d39
25073,DK,#6b8e57
25074,NL,#8c974b
25075,FR,#b49f44
25076,SE,#3c8a6a
25077,SK,#9d7d4f
25078,EE,#507d73
25079,LT,#6e7a64
25080,SI,#b58346
25081,FR,#b49f44
25082,NO,#3d8e61
25083,GE,#c43d39
25084,RS,#c17541
25085,NL,#8c974b
25086,FR,#b49f44
25087,AM,#d1322e
25088,AT,#ae8648
25089,HR,#bc8144
25090,BG,#c66a3e
25091,SE,#3c8a6a
25092,FR,#b49f44
25093,DK,#6b8e57
25094,AZ,#cf2a2d
25095,LT,#6e7a64
25096,AL,#d87539
25097,BG,#c66a3e
25098,SI,#b58346
25099,RS,#c17541
25100,SE,#3c8a6a
25101,DE,#918e4e
25102,GB,#7fa047
25103,RO,#b06e48
25104,DK,#6b8e57
25105,PL,#867f57
25106,HU,#ac7c49
25107,GE,#c43d39
25108,FR,#b49f44
25109,BA,#c37c41
25110,NL,#8c974b
25111,CH,#b19246
25112,NL,#8c974b
25113,IT,#ce893f
25114,BA,#c37c41
25115,IT,#ce893f
25116,IS,#2ca02c
25117,SI,#b58346
25118,HR,#bc8144
25119,PL,#867f57
25120,LT,#6e7a64
25121,HU,#ac7c49
25122,BY,#7b7261
25123,FR,#b49f44
25124,CH,#b19246
25125,RU,#61667a
25126,ES,#eeb33e
25127,DK,#6b8e57
25128,HR,#bc8144
25129,BA,#c37c41
25130,AM,#d1322e
25131,RS,#c17541
25132,BY,#7b7261
25133,CZ,#97854f
25134,NL,#8c974b
25135,GE,#c43d39
25136,FR,#b49f44
25137,GE,#c43d39
25138,SE,#3c8a6a
25139,CH,#b19246
25140,IT,#ce893f
25141,CH,#b19246
25142,FI,#2b8384
25143,DE,#918e4e
25144,RO,#b06e48
25145,GE,#c43d39
25146,ES,#eeb33e
25147,BA,#c37c41
25148,HR,#bc8144
25149,SK,#9d7d4f
25150,CH,#b19246
25151,NL,#8c974b
25152,BA,#c37c41
25153,CH,#b19246
25154,FI,#2b8384
25155,DE,#918e4e
25156,DE,#918e4e
25157,AZ,#cf2a2d
25158,PL,#867f57
25159,HU,#ac7c49
25160,AM,#d1322e
25161,BA,#c37c41
25162,SE,#3c8a6a
25163,AT,#ae8648
25164,ME,#d1783c
25165,GB,#7fa047
25166,DE,#918e4e
25167,GB,#7fa047
25168,BG,#c66a3e
25169,BY,#7b7261
25170,BY,#7b7261
25171,BG,#c66a3e
25172,BY,#7b7261
25173,DK,#6b8e57
25174,FR,#b49f44
25175,IS,#2ca02c
25176,BG,#c66a3e
25177,SE,#3c8a6a
25178,NL,#8c974b
25179,AT,#ae8648
25180,GB,#7fa047
25181,FI,#2b8384
25182,ME,#d1783c
25183,ES,#eeb33e
25184,SE,#3c8a6a
25185,DE,#918e4e
25186,NL,#8c974b
25187,AT,#ae8648
25188,ES,#eeb33e
25189,FR,#b49f44
25190,NL,#8c974b
25191,HR,#bc8144
25192,NO,#3d8e61
25193,GB,#7fa047
25194,NL,#8c974b
25195,HU,#ac7c49
25196,CH,#b19246
25197,LT,#6e7a64
25198,CZ,#97854f
25199,DE,#918e4e
25200,FR,#b49f44
25201,FR,#b49f44
25202,NL,#8c974b
25203,HU,#ac7c49
25204,DK,#6b8e57
25205,SE,#3c8a6a
25206,BG,#c66a3e
25207,CH,#b19246
25208,PT,#f8bf3f
25209,FR,#b49f44
25210,RO,#b06e48
25211,IT,#ce893f
25212,GE,#c43d39
25213,FR,#b49f44
25214,DK,#6b8e57
25215,FR,#b49f44
25216,CH,#b19246
25217,NO,#3d8e61
25218,FR,#b49f44
25219,AL,#d87539
25220,DE,#918e4e
25221,PL,#867f57
25222,NO,#3d8e61
25223,AM,#d1322e
25224,PL,#867f57
25225,DK,#6b8e57
25226,BG,#c66a3e
25227,SE,#3c8a6a
25228,GE,#c43d39
25229,CH,#b19246
25230,AL,#d87539
25231,DK,#6b8e57
25232,NO,#3d8e61
25233,DK,#6b8e57
25234,IT,#ce893f
25235,DK,#6b8e57
25236,SI,#b58346
25237,NO,#3d8e61
25238,DK,#6b8e57
25239,AZ,#cf2a2d
25240,FI,#2b8384
25241,MK,#d0733c
25242,IS,#2ca02c
25243,GE,#c43d39
25244,EE,#507d73
25245,CH,#b19246
25246,ME,#d1783c
25247,PL,#867f57
25248,FI,#2b8384
25249,AZ,#cf2a2d
25250,DK,#6b8e57
25251,AM,#d1322e
25252,DK,#6b8e57
25253,BG,#c66a3e
25254,NL,#8c974b
25255,IT,#ce893f
25256,BY,#7b7261
25257,PT,#f8bf3f
25258,SE,#3c8a6a
25259,BG,#c66a3e
25260,AL,#d87539
25261,AZ,#cf2a2d
25262,BA,#c37c41
25263,AM,#d1322e
25264,LT,#6e7a64
25265,CH,#b19246
25266,GE,#c43d39
25267,GE,#c43d39
25268,NL,#8c974b
25269,AM,#d1322e
25270,DE,#918e4e
25271,RS,#c17541
25272,NL,#8c974b
25273,DE,#918e4e
25274,GB,#7fa047
25275,NO,#3d8e61
25276,IS,#2ca02c
25277,NL,#8c974b
25278,HU,#ac7c49
25279,AM,#d1322e
25280,FI,#2b8384
25281,SI,#b58346
25282,SK,#9d7d4f
25283,CZ,#97854f
25284,IS,#2ca02c
25285,NO,#3d8e61
25286,PT,#f8bf3f
25287,CZ,#97854f
25288,GB,#7fa047
25289,GE,#c43d39
25290,BA,#c37c41
25291,DE,#918e4e
25292,GE,#c43d39
25293,EE,#507d73
25294,DE,#918e4e
25295,EE,#507d73
25296,RU,#61667a
25297,NO,#3d8e61
25298,CH,#b19246
25299,CH,#b19246
25300,SI,#b58346
25301,DK,#6b8e57
25302,NO,#3d8e61
25303,IT,#ce893f
25304,FR,#b49f44
25305,RO,#b06e48
25306,DK,#6b8e57
25307,ME,#d1783c
25308,PT,#f8bf3f
25309,SK,#9d7d4f
25310,GE,#c43d39
25311,AM,#d1322e
25312,IT,#ce893f
25313,DK,#6b8e57
25314,SI,#b58346
25315,GE,#c43d39
25316,FI,#2b8384
25317,RO,#b06e48
25318,CZ,#97854f
25319,EE,#507d73
25320,HR,#bc8144
25321,MK,#d0733c
25322,PL,#867f57
25323,LT,#6e7a64
25324,CH,#b19246
25325,DE,#918e4e
25326,IT,#ce893f
25327,HR,#bc8144
25328,CH,#b19246
25329,GE,#c43d39
25330,DE,#918e4e
25331,IS,#2ca02c
25332,CH,#b19246
25333,RS,#c17541
25334,HR,#bc8144
25335,HU,#ac7c49
25336,EE,#507d73
25337,HR,#bc8144
25338,HU,#ac7c49
25339,NL,#8c974b
25340,DK,#6b8e57
25341,AL,#d87539
25342,IS,#2ca02c
25343,GB,#7fa047
25344,CH,#b19246
25345,DK,#6b8e57
25346,AL,#d87539
25347,NL,#8c974b
25348,PL,#867f57
25349,SK,#9d7d4f
25350,BG,#c66a3e
25351,RS,#c17541
25352,PL,#867f57
25353,SE,#3c8a6a
25354,NL,#8c974b
25355,DK,#6b8e57
25356,HU,#ac7c49
25357,DK,#6b8e57
25358,MK,#d0733c
25359,HR,#bc8144
25360,DK,#6b8e57
25361,CZ,#97854f
25362,BY,#7b7261
25363,CH,#b19246
25364,DK,#6b8e57
25365,NL,#8c974b
25366,NL,#8c974b
25367,FR,#b49f44
25368,AL,#d87539
25369,LT,#6e7a64
25370,DK,#6b8e57
25371,ME,#d1783c
25372,IT,#ce893f
25373,DK,#6b8e57
25374,CH,#b19246
25375,FR,#b49f44
25376,ES,#eeb33e
25377,HU,#ac7c49
25378,RS,#c17541
25379,DK,#6b8e57
25380,FR,#b49f44
25381,SK,#9d7d4f
25382,AL,#d87539
25383,PL,#867f57
25384,SI,#b58346
25385,BY,#7b7261
25386,PT,#f8bf3f
25387,RS,#c17541
25388,DK,#6b8e57
25389,CH,#b19246
25390,CH,#b19246
25391,DK,#6b8e57
25392,DK,#6b8e57
25393,CZ,#97854f
25394,DK,#6b8e57
25395,IS,#2ca02c
25396,FR,#b49f44
25397,IS,#2ca02c
25398,IT,#ce893f
25399,GB,#7fa047
25400,GB,#7fa047
25401,AT,#ae8648
25402,ES,#eeb33e
25403,IS,#2ca02c
25404,RS,#c17541
25405,NL,#8c974b
25406,GE,#c43d39
25407,FI,#2b8384
25408,NL,#8c974b
25409,DK,#6b8e57
25410,RO,#b06e48
25411,GE,#c43d39
25412,GE,#c43d39
25413,BG,#c66a3e
25414,RU,#61667a
25415,IT,#ce893f
25416,RS,#c17541
25417,CH,#b19246
25418,AZ,#cf2a2d
25419,HU,#ac7c49
25420,CH,#b19246
25421,AM,#d1322e
25422,HU,#ac7c49
25423,CH,#b19246
25424,PT,#f8bf3f
25425,NO,#3d8e61
25426,FR,#b49f44
25427,SK,#9d7d4f
25428,DK,#6b8e57
25429,AT,#ae8648
25430,DE,#918e4e
25431,DE,#918e4e
25432,DE,#918e4e
25433,MK,#d0733c
25434,ES,#eeb33e
25435,CZ,#97854f
25436,HU,#ac7c49
25437,AT,#ae8648
25438,CH,#b19246
25439,NL,#8c974b
25440,CH,#b19246
25441,RO,#b06e48
25442,GE,#c43d39
25443,CZ,#97854f
25444,RS,#c17541
25445,GE,#c43d39
25446,SK,#9d7d4f
25447,CH,#b19246
25448,IT,#ce893f
25449,PT,#f8bf3f
25450,DK,#6b8e57
25451,CH,#b19246
25452,LT,#6e7a64
25453,AT,#ae8648
25454,CH,#b19246
25455,GB,#7fa047
25456,RS,#c17541
25457,IT,#ce893f
25458,SK,#9d7d4f
25459,FR,#b49f44
25460,CZ,#97854f
25461,DE,#918e4e
25462,FR,#b49f44
25463,GE,#c43d39
25464,FR,#b49f44
25465,RS,#c17541
25466,IS,#2ca02c
25467,HU,#ac7c49
25468,DK,#6b8e57
25469,GB,#7fa047
25470,SE,#3c8a6a
25471,DK,#6b8e57
25472,CH,#b19246
25473,PL,#867f57
25474,EE,#507d73
25475,FR,#b49f44
25476,DE,#918e4e
25477,SI,#b58346
25478,HU,#ac7c49
25479,AZ,#cf2a2d
25480,AT,#ae8648
25481,LT,#6e7a64
25482,CH,#b19246
25483,BY,#7b7261
25484,GE,#c43d39
25485,NL,#8c974b
25486,AL,#d87539
25487,RU,#61667a
25488,SK,#9d7d4f
25489,LT,#6e7a64
25490,BG,#c66a3e
25491,DK,#6b8e57
25492,DK,#6b8e57
25493,SI,#b58346
25494,CH,#b19246
25495,FR,#b49f44
25496,BY,#7b7261
25497,DK,#6b8e57
25498,IT,#ce893f
25499,CH,#b19246
25500,FI,#2b8384
25501,BY,#7b7261
25502,CH,#b19246
25503,NL,#8c974b
25504,DK,#6b8e57
25505,NO,#3d8e61
25506,AZ,#cf2a2d
25507,PL,#867f57
25508,NO,#3d8e61
25509,DK,#6b8e57
25510,DK,#6b8e57
25511,ES,#eeb33e
25512,BA,#c37c41
25513,RS,#c17541
25514,FR,#b49f44
25515,DK,#6b8e57
25516,CH,#b19246
25517,HU,#ac7c49
25518,FI,#2b8384
25519,ME,#d1783c
25520,IT,#ce893f
25521,AZ,#cf2a2d
25522,BA,#c37c41
25523,BA,#c37c41
25524,RU,#61667a
25525,IS,#2ca02c
25526,SE,#3c8a6a
25527,CH,#b19246
25528,PT,#f8bf3f
25529,SE,#3c8a6a
25530,LT,#6e7a64
25531,CH,#b19246
25532,HR,#bc8144
25533,DK,#6b8e57
25534,GE,#c43d39
25535,AZ,#cf2a2d
25536,LT,#6e7a64
25537,CZ,#97854f
25538,DK,#6b8e57
25539,AL,#d87539
25540,CZ,#97854f
25541,HU,#ac7c49
25542,AT,#ae8648
25543,AL,#d87539
25544,BA,#c37c41
25545,SI,#b58346
25546,ES,#eeb33e
25547,IT,#ce893f
25548,PL,#867f57
25549,PL,#867f57
25550,SE,#3c8a6a
25551,ES,#eeb33e
25552,NL,#8c974b
25553,CZ,#97854f
25554,DE,#918e4e
25555,AL,#d87539
25556,NO,#3d8e61
25557,FI,#2b8384
25558,RO,#b06e48
25559,RU,#61667a
25560,HR,#bc8144
25561,IT,#ce893f
25562,DK,#6b8e57
25563,BA,#c37c41
25564,AL,#d87539
25565,DE,#918e4e
25566,BY,#7b7261
25567,BA,#c37c41
25568,DK,#6b8e57
25569,ES,#eeb33e
25570,NO,#3d8e61
25571,AL,#d87539
25572,DK,#6b8e57
25573,PT,#f8bf3f
25574,BA,#c37c41
25575,GB,#7fa047
25576,BY,#7b7261
25577,NO,#3d8e61
25578,RS,#c17541
25579,GB,#7fa047
25580,HU,#ac7c49
25581,PL,#867f57
25582,HR,#bc8144
25583,AM,#d1322e
25584,AL,#d87539
25585,IT,#ce893f
25586,DE,#918e4e
25587,PL,#867f57
25588,RU,#61667a
25589,DK,#6b8e57
25590,LT,#6e7a64
25591,PL,#867f57
25592,IS,#2ca02c
25593,HR,#bc8144
25594,BG,#c66a3e
25595,SE,#3c8a6a
25596,CH,#b19246
25597,ES,#eeb33e
25598,AL,#d87539
25599,SE,#3c8a6a
25600,LT,#6e7a64
25601,NL,#8c974b
25602,BA,#c37c41
25603,BY,#7b7261
25604,SI,#b58346
25605,AL,#d87539
25606,HR,#bc8144
25607,NL,#8c974b
25608,RO,#b06e48
25609,DK,#6b8e57
25610,DK,#6b8e57
25611,AT,#ae8648
25612,BA,#c37c41
25613,IS,#2ca02c
25614,FI,#2b8384
25615,EE,#507d73
25616,IS,#2ca02c
25617,CZ,#97854f
25618,RO,#b06e48
25619,DE,#918e4e
25620,GB,#7fa047
25621,BY,#7b7261
25622,PT,#f8bf3f
25623,PL,#867f57
25624,HU,#ac7c49
25625,NL,#8c974b
25626,BG,#c66a3e
25627,IT,#ce893f
25628,CH,#b19246
25629,SI,#b58346
25630,HR,#bc8144
25631,CH,#b19246
25632,CH,#b19246
25633,ES,#eeb33e
25634,NL,#8c974b
25635,HR,#bc8144
25636,NL,#8c974b
25637,HU,#ac7c49
25638,PL,#867f57
25639,GE,#c43d39
25640,RS,#c17541
25641,AL,#d87539
25642,HU,#ac7c49
25643,HR,#bc8144
25644,AZ,#cf2a2d
25645,GE,#c43d39
25646,DK,#6b8e57
25647,RU,#61667a
25648,MK,#d0733c
25649,CH,#b19246
25650,ME,#d1783c
25651,AM,#d1322e
25652,DE,#918e4e
25653,RO,#b06e48
25654,CH,#b19246
25655,RU,#61667a
25656,CH,#b19246
25657,FR,#b49f44
25658,BG,#c66a3e
25659,DK,#6b8e57
25660,DK,#6b8e57
25661,DK,#6b8e57
25662,HU,#ac7c49
25663,CH,#b19246
25664,AZ,#cf2a2d
25665,CH,#b19246
25666,CH,#b19246
25667,BY,#7b7261
25668,SI,#b58346
25669,SK,#9d7d4f
25670,BA,#c37c41
25671,DK,#6b8e57
25672,HU,#ac7c49
25673,CZ,#97854f
25674,FR,#b49f44
25675,BY,#7b7261
25676,NL,#8c974b
25677,CH,#b19246
25678,DE,#918e4e
25679,FI,#2b8384
25680,HR,#bc8144
25681,SI,#b58346
25682,PT,#f8bf3f
25683,FR,#b49f44
25684,PT,#f8bf3f
25685,FI,#2b8384
25686,PL,#867f57
25687,CZ,#97854f
25688,MK,#d0733c
25689,FR,#b49f44
25690,BY,#7b7261
25691,BA,#c37c41
25692,FI,#2b8384
25693,HR,#bc8144
25694,RS,#c17541
25695,AZ,#cf2a2d
25696,GB,#7fa047
25697,SK,#9d7d4f
25698,AT,#ae8648
25699,DK,#6b8e57
25700,DK,#6b8e57
25701,SI,#b58346
25702,IS,#2ca02c
25703,AL,#d87539
25704,ES,#eeb33e
25705,PT,#f8bf3f
25706,DE,#918e4e
25707,DE,#918e4e
25708,DK,#6b8e57
25709,NL,#8c974b
25710,DK,#6b8e57
25711,DK,#6b8e57
25712,CH,#b19246
25713,DK,#6b8e57
25714,HR,#bc8144
25715,GB,#7fa047
25716,NO,#3d8e61
25717,CH,#b19246
25718,SK,#9d7d4f
25719,LT,#6e7a64
25720,HR,#bc8144
25721,CH,#b19246
25722,RO,#b06e48
25723,CZ,#97854f
25724,RS,#c17541
25725,BA,#c37c41
25726,CH,#b19246
25727,EE,#507d73
25728,CH,#b19246
25729,BA,#c37c41
25730,NO,#3d8e61
25731,CZ,#97854f
25732,ES,#eeb33e
25733,CH,#b19246
25734,CH,#b19246
25735,CH,#b19246
25736,GB,#7fa047
25737,DE,#918e4e
25738,GE,#c43d39
25739,NL,#8c974b
25740,NL,#8c974b
25741,AL,#d87539
25742,RO,#b06e48
25743,NO,#3d8e61
25744,CH,#b19246
25745,RS,#c17541
25746,DK,#6b8e57
25747,MK,#d0733c
25748,ES,#eeb33e
25749,NL,#8c974b
25750,NL,#8c974b
25751,ES,#eeb33e
25752,AL,#d87539
25753,NO,#3d8e61
25754,IS,#2ca02c
25755,GB,#7fa047
25756,AZ,#cf2a2d
25757,GE,#c43d39
25758,BA,#c37c41
25759,GE,#c43d39
25760,AZ,#cf2a2d
25761,FI,#2b8384
25762,DK,#6b8e57
25763,SI,#b58346
25764,RU,#61667a
25765,CH,#b19246
25766,RS,#c17541
25767,NL,#8c974b
25768,GE,#c43d39
25769,IT,#ce893f
25770,CH,#b19246
25771,FR,#b49f44
25772,DK,#6b8e57
25773,PL,#867f57
25774,DK,#6b8e57
25775,BA,#c37c41
25776,NL,#8c974b
25777,PL,#867f57
25778,FI,#2b8384
25779,HR,#bc8144
25780,RS,#c17541
25781,AM,#d1322e
25782,AL,#d87539
25783,DK,#6b8e57
25784,PT,#f8bf3f
25785,AZ,#cf2a2d
25786,RS,#c17541
25787,PL,#867f57
25788,DE,#918e4e
25789,IS,#2ca02c
25790,AL,#d87539
25791,BA,#c37c41
25792,DK,#6b8e57
25793,PT,#f8bf3f
25794,GE,#c43d39
25795,GE,#c43d39
25796,DE,#918e4e
25797,CH,#b19246
25798,RO,#b06e48
25799,FI,#2b8384
25800,RS,#c17541
25801,BA,#c37c41
25802,PT,#f8bf3f
25803,DK,#6b8e57
25804,IT,#ce893f
25805,LT,#6e7a64
25806,ES,#eeb33e
25807,RU,#61667a
25808,DK,#6b8e57
25809,CH,#b19246
25810,DE,#918e4e
25811,CH,#b19246
25812,SE,#3c8a6a
25813,DK,#6b8e57
25814,ES,#eeb33e
25815,BG,#c66a3e
25816,DK,#6b8e57
25817,DK,#6b8e57
25818,ES,#eeb33e
25819,MK,#d0733c
25820,SI,#b58346
25821,CH,#b19246
25822,AL,#d87539
25823,IT,#ce893f
25824,HU,#ac7c49
25825,NL,#8c974b
25826,AM,#d1322e
25827,NO,#3d8e61
25828,AM,#d1322e
25829,GE,#c43d39
25830,SE,#3c8a6a
25831,BY,#7b7261
25832,FI,#2b8384
25833,GE,#c43d39
25834,BG,#c66a3e
25835,SI,#b58346
25836,IS,#2ca02c
25837,RO,#b06e48
25838,MK,#d0733c
25839,GB,#7fa047
25840,GB,#7fa047
25841,NO,#3d8e61
25842,SK,#9d7d4f
25843,NO,#3d8e61
25844,ES,#eeb33e
25845,SE,#3c8a6a
25846,GB,#7fa047
25847,AM,#d1322e
25848,RU,#61667a
25849,IS,#2ca02c
25850,AL,#d87539
25851,BY,#7b7261
25852,DE,#918e4e
25853,FR,#b49f44
25854,CH,#b19246
25855,SI,#b58346
25856,RU,#61667a
25857,RU,#61667a
25858,DK,#6b8e57
25859,SE,#3c8a6a
25860,ME,#d1783c
25861,GE,#c43d39
25862,AZ,#cf2a2d
25863,BY,#7b7261
25864,NL,#8c974b
25865,BA,#c37c41
25866,BA,#c37c41
25867,SE,#3c8a6a
25868,IS,#2ca02c
25869,DK,#6b8e57
25870,BY,#7b7261
25871,GE,#c43d39
25872,DK,#6b8e57
25873,DK,#6b8e57
25874,HR,#bc8144
25875,CH,#b19246
25876,MK,#d0733c
25877,SI,#b58346
25878,PT,#f8bf3f
25879,CH,#b19246
25880,CH,#b19246
25881,HR,#bc8144
25882,IS,#2ca02c
25883,GB,#7fa047
25884,NL,#8c974b
25885,AT,#ae8648
25886,CH,#b19246
25887,GE,#c43d39
25888,BA,#c37c41
25889,CH,#b19246
25890,DE,#918e4e
25891,HR,#bc8144
25892,CH,#b19246
25893,MK,#d0733c
25894,DK,#6b8e57
25895,AM,#d1322e
25896,HR,#bc8144
25897,RO,#b06e48
25898,GB,#7fa047
25899,AM,#d1322e
25900,CH,#b19246
25901,DK,#6b8e57
25902,NL,#8c974b
25903,RU,#61667a
25904,DE,#918e4e
25905,DE,#918e4e
25906,CH,#b19246
25907,MK,#d0733c
25908,LT,#6e7a64
25909,BA,#c37c41
25910,DK,#6b8e57
25911,SI,#b58346
25912,PL,#867f57
25913,BA,#c37c41
25914,RO,#b06e48
25915,IS,#2ca02c
25916,SK,#9d7d4f
25917,MK,#d0733c
25918,BA,#c37c41
25919,IT,#ce893f
25920,IT,#ce893f
25921,AM,#d1322e
25922,SE,#3c8a6a
25923,DK,#6b8e57
25924,CH,#b19246
25925,IT,#ce893f
25926,DK,#6b8e57
25927,FR,#b49f44
25928,EE,#507d73
25929,NO,#3d8e61
25930,NL,#8c974b
25931,CH,#b19246
25932,FI,#2b8384
25933,IS,#2ca02c
25934,NO,#3d8e61
25935,AT,#ae8648
25936,NL,#8c974b
25937,DE,#918e4e
25938,CZ,#97854f
25939,DE,#918e4e
25940,FR,#b49f44
25941,DK,#6b8e57
25942,BA,#c37c41
25943,SI,#b58346
25944,BY,#7b7261
25945,NL,#8c974b
25946,CZ,#97854f
25947,EE,#507d73
25948,CH,#b19246
25949,IS,#2ca02c
25950,CH,#b19246
25951,HU,#ac7c49
25952,GE,#c43d39
25953,SK,#9d7d4f
25954,DE,#918e4e
25955,EE,#507d73
25956,ME,#d1783c
25957,AL,#d87539
25958,GE,#c43d39
25959,DK,#6b8e57
25960,HU,#ac7c49
25961,BG,#c66a3e
25962,BY,#7b7261
25963,FI,#2b8384
25964,GE,#c43d39
25965,IS,#2ca02c
25966,MK,#d0733c
25967,FR,#b49f44
25968,NO,#3d8e61
25969,DK,#6b8e57
25970,NL,#8c974b
25971,DK,#6b8e57
25972,RO,#b06e48
25973,RO,#b06e48
25974,GE,#c43d39
25975,PL,#867f57
25976,CH,#b19246
25977,AM,#d1322e
25978,FI,#2b8384
25979,AT,#ae8648
25980,GB,#7fa047
25981,IT,#ce893f
25982,AL,#d87539
25983,GE,#c43d39
25984,SK,#9d7d4f
25985,MK,#d0733c
25986,BY,#7b7261
25987,NO,#3d8e61
25988,PL,#867f57
25989,EE,#507d73
25990,HR,#bc8144
25991,DE,#918e4e
25992,IT,#ce893f
25993,GE,#c43d39
25994,GB,#7fa047
25995,NO,#3d8e61
25996,DE,#918e4e
25997,IT,#ce893f
25998,DK,#6b8e57
25999,DK,#6b8e57
26000,HU,#ac7c49
26001,DE,#918e4e
26002,AT,#ae8648
26003,DK,#6b8e57
26004,SE,#3c8a6a
26005,AT,#ae8648
26006,GE,#c43d39
26007,DE,#918e4e
26008,CH,#b19246
26009,FI,#2b8384
26010,PL,#867f57
26011,RS,#c17541
26012,DK,#6b8e57
26013,IT,#ce893f
26014,BG,#c66a3e
26015,AM,#d1322e
26016,AL,#d87539
26017,SE,#3c8a6a
26018,DE,#918e4e
26019,CZ,#97854f
26020,FR,#b49f44
26021,AL,#d87539
26022,CH,#b19246
26023,DK,#6b8e57
26024,FR,#b49f44
26025,DK,#6b8e57
26026,NL,#8c974b
26027,FI,#2b8384
26028,HU,#ac7c49
26029,CH,#b19246
26030,IS,#2ca02c
26031,DK,#6b8e57
26032,NO,#3d8e61
26033,LT,#6e7a64
26034,CH,#b19246
26035,SE,#3c8a6a
26036,BA,#c37c41
26037,HR,#bc8144
26038,ES,#eeb33e
26039,RU,#61667a
26040,CZ,#97854f
26041,CH,#b19246
26042,IT,#ce893f
26043,IS,#2ca02c
26044,AM,#d1322e
26045,AT,#ae8648
26046,HR,#bc8144
26047,NL,#8c974b
26048,CH,#b19246
26049,HU,#ac7c49
26050,HU,#ac7c49
26051,GB,#7fa047
26052,CH,#b19246
26053,DE,#918e4e
26054,CH,#b19246
26055,CH,#b19246
26056,LT,#6e7a64
26057,SK,#9d7d4f
26058,RU,#61667a
26059,DK,#6b8e57
26060,EE,#507d73
26061,FI,#2b8384
26062,RU,#61667a
26063,HR,#bc8144
26064,AZ,#cf2a2d
26065,ME,#d1783c
26066,DE,#918e4e
26067,GB,#7fa047
26068,DE,#918e4e
26069,GE,#c43d39
26070,SK,#9d7d4f
26071,EE,#507d73
26072,BY,#7b7261
26073,BA,#c37c41
26074,SE,#3c8a6a
26075,DE,#918e4e
26076,HU,#ac7c49
26077,BG,#c66a3e
26078,HU,#ac7c49
26079,CH,#b19246
26080,CH,#b19246
26081,DK,#6b8e57
26082,DE,#918e4e
26083,ES,#eeb33e
26084,HR,#bc8144
26085,RU,#61667a
26086,SK,#9d7d4f
26087,AZ,#cf2a2d
26088,DK,#6b8e57
26089,RO,#b06e48
26090,DE,#918e4e
26091,DK,#6b8e57
26092,FR,#b49f44
26093,CH,#b19246
26094,EE,#507d73
26095,IT,#ce893f
26096,SK,#9d7d4f
26097,CH,#b19246
26098,GB,#7fa047
26099,AM,#d1322e
26100,AM,#d1322e
26101,RO,#b06e48
26102,AM,#d1322e
26103,IS,#2ca02c
26104,PT,#f8bf3f
26105,GB,#7fa047
26106,PT,#f8bf3f
26107,DE,#918e4e
26108,RU,#61667a
26109,CH,#b19246
26110,BA,#c37c41
26111,DE,#918e4e
26112,EE,#507d73
26113,SK,#9d7d4f
26114,IS,#2ca02c
26115,DK,#6b8e57
26116,SE,#3c8a6a
26117,HR,#bc8144
26118,ES,#eeb33e
26119,NL,#8c974b
26120,HR,#bc8144
26121,SI,#b58346
26122,DE,#918e4e
26123,GE,#c43d39
26124,DK,#6b8e57
26125,GE,#c43d39
26126,DE,#918e4e
26127,CH,#b19246
26128,RO,#b06e48
26129,BY,#7b7261
26130,DK,#6b8e57
26131,GB,#7fa047
26132,IS,#2ca02c
26133,DK,#6b8e57
26134,DK,#6b8e57
26135,DK,#6b8e57
26136,IS,#2ca02c
26137,BY,#7b7261
26138,BY,#7b7261
26139,GB,#7fa047
26140,CH,#b19246
26141,FR,#b49f44
26142,DK,#6b8e57
26143,GB,#7fa047
26144,FI,#2b8384
26145,SE,#3c8a6a
26146,RO,#b06e48
26147,BG,#c66a3e
26148,BA,#c37c41
26149,MK,#d0733c
26150,PT,#f8bf3f
26151,PT,#f8bf3f
26152,NL,#8c974b
26153,FR,#b49f44
26154,CH,#b19246
26155,NO,#3d8e61
26156,NO,#3d8e61
26157,RO,#b06e48
26158,DK,#6b8e57
26159,GE,#c43d39
26160,AT,#ae8648
26161,AL,#d87539
26162,ES,#eeb33e
26163,NL,#8c974b
26164,EE,#507d73
26165,LT,#6e7a64
26166,ES,#eeb33e
26167,SE,#3c8a6a
26168,NL,#8c974b
26169,CH,#b19246
26170,DK,#6b8e57
26171,CZ,#97854f
26172,SI,#b58346
26173,DE,#918e4e
26174,NL,#8c974b
26175,NL,#8c974b
26176,SI,#b58346
26177,IS,#2ca02c
26178,BG,#c66a3e
26179,IT,#ce893f
26180,SK,#9d7d4f
26181,FR,#b49f44
26182,IS,#2ca02c
26183,IS,#2ca02c
26184,LT,#6e7a64
26185,DK,#6b8e57
26186,CZ,#97854f
26187,LT,#6e7a64
26188,AM,#d1322e
26189,DK,#6b8e57
26190,RS,#c17541
26191,SK,#9d7d4f
26192,AZ,#cf2a2d
26193,NL,#8c974b
26194,IS,#2ca02c
26195,NO,#3d8e61
26196,DK,#6b8e57
26197,FI,#2b8384
26198,IS,#2ca02c
26199,IT,#ce893f
26200,CH,#b19246
26201,NO,#3d8e61
26202,LT,#6e7a64
26203,HR,#bc8144
26204,SK,#9d7d4f
26205,DK,#6b8e57
26206,IT,#ce893f
26207,DK,#6b8e57
26208,CH,#b19246
26209,NL,#8c974b
26210,RO,#b06e48
26211,SK,#9d7d4f
26212,DK,#6b8e57
26213,FI,#2b8384
26214,LT,#6e7a64
26215,GE,#c43d39
26216,BA,#c37c41
26217,CH,#b19246
26218,RO,#b06e48
26219,AM,#d1322e
26220,IS,#2ca02c
26221,NL,#8c974b
26222,DK,#6b8e57
26223,PT,#f8bf3f
26224,SK,#9d7d4f
26225,NL,#8c974b
26226,AM,#d1322e
26227,GE,#c43d39
26228,GB,#7fa047
26229,BA,#c37c41
26230,AM,#d1322e
26231,LT,#6e7a64
26232,HR,#bc8144
26233,NL,#8c974b
26234,BY,#7b7261
26235,DK,#6b8e57
26236,DE,#918e4e
26237,GE,#c43d39
26238,GE,#c43d39
26239,PL,#867f57
26240,CZ,#97854f
26241,RS,#c17541
26242,ES,#eeb33e
26243,GB,#7fa047
26244,DK,#6b8e57
26245,RO,#b06e48
26246,PT,#f8bf3f
26247,GB,#7fa047
26248,NL,#8c974b
26249,DK,#6b8e57
26250,AL,#d87539
26251,SI,#b58346
26252,EE,#507d73
26253,NO,#3d8e61
26254,DE,#918e4e
26255,GB,#7fa047
26256,DE,#918e4e
26257,LT,#6e7a64
26258,HR,#bc8144
26259,NO,#3d8e61
26260,SI,#b58346
26261,NL,#8c974b
26262,IS,#2ca02c
26263,IS,#2ca02c
26264,DE,#918e4e
26265,BA,#c37c41
26266,FR,#b49f44
26267,IS,#2ca02c
26268,HU,#ac7c49
26269,HR,#bc8144
26270,AT,#ae8648
26271,AT,#ae8648
26272,BA,#c37c41
26273,CH,#b19246
26274,DK,#6b8e57
26275,NO,#3d8e61
26276,AT,#ae8648
26277,AM,#d1322e
26278,HR,#bc8144
26279,ES,#eeb33e
26280,PT,#f8bf3f
26281,NL,#8c974b
26282,DK,#6b8e57
26283,NL,#8c974b
26284,SE,#3c8a6a
26285,GE,#c43d39
26286,IS,#2ca02c
26287,CH,#b19246
26288,BG,#c66a3e
26289,DK,#6b8e57
26290,NL,#8c974b
26291,AM,#d1322e
26292,DK,#6b8e57
26293,BA,#c37c41
26294,NL,#8c974b
26295,RU,#61667a
26296,HR,#bc8144
26297,DK,#6b8e57
26298,EE,#507d73
26299,DK,#6b8e57
26300,ME,#d1783c
26301,DK,#6b8e57
26302,RU,#61667a
26303,DK,#6b8e57
26304,ME,#d1783c
26305,RO,#b06e48
26306,RS,#c17541
26307,NL,#8c974b
26308,AM,#d1322e
26309,IT,#ce893f
26310,NL,#8c974b
26311,DK,#6b8e57
26312,PT,#f8bf3f
26313,BA,#c37c41
26314,RU,#61667a
26315,SI,#b58346
26316,CH,#b19246
26317,GB,#7fa047
26318,IS,#2ca02c
26319,EE,#507d73
26320,RS,#c17541
26321,IS,#2ca02c
26322,NL,#8c974b
26323,AT,#ae8648
26324,IS,#2ca02c
26325,DK,#6b8e57
26326,CZ,#97854f
26327,HU,#ac7c49
26328,FI,#2b8384
26329,AM,#d1322e
26330,FR,#b49f44
26331,BG,#c66a3e
26332,RS,#c17541
26333,IS,#2ca02c
26334,DE,#918e4e
26335,ES,#eeb33e
26336,AT,#ae8648
26337,ES,#eeb33e
26338,SK,#9d7d4f
26339,DK,#6b8e57
26340,CH,#b19246
26341,NO,#3d8e61
26342,RU,#61667a
26343,AT,#ae8648
26344,DE,#918e4e
26345,GB,#7fa047
26346,NL,#8c974b
26347,BG,#c66a3e
26348,RO,#b06e48
26349,ES,#eeb33e
26350,NO,#3d8e61
26351,RU,#61667a
26352,AM,#d1322e
26353,AL,#d87539
26354,IT,#ce893f
26355,CH,#b19246
26356,GB,#7fa047
26357,IS,#2ca02c
26358,CZ,#97854f
26359,EE,#507d73
26360,BG,#c66a3e
26361,GB,#7fa047
26362,DK,#6b8e57
26363,FI,#2b8384
26364,LT,#6e7a64
26365,LT,#6e7a64
26366,CH,#b19246
26367,PL,#867f57
26368,CH,#b19246
26369,DE,#918e4e
26370,IS,#2ca02c
26371,BA,#c37c41
26372,RU,#61667a
26373,GE,#c43d39
26374,CH,#b19246
26375,EE,#507d73
26376,SE,#3c8a6a
26377,BG,#c66a3e
26378,HU,#ac7c49
26379,RO,#b06e48
26380,NO,#3d8e61
26381,RU,#61667a
26382,FI,#2b8384
26383,ME,#d1783c
26384,ES,#eeb33e
26385,RO,#b06e48
26386,HU,#ac7c49
26387,FI,#2b8384
26388,IT,#ce893f
26389,BY,#7b7261
26390,HU,#ac7c49
26391,IS,#2ca02c
26392,DK,#6b8e57
26393,FR,#b49f44
26394,CH,#b19246
26395,DK,#6b8e57
26396,CH,#b19246
26397,NL,#8c974b
26398,GB,#7fa047
26399,GE,#c43d39
26400,DK,#6b8e57
26401,BA,#c37c41
26402,CH,#b19246
26403,DE,#918e4e
26404,HR,#bc8144
26405,IT,#ce893f
26406,SI,#b58346
26407,NL,#8c974b
26408,DK,#6b8e57
26409,AT,#ae8648
26410,AT,#ae8648
26411,CH,#b19246
26412,GE,#c43d39
26413,IS,#2ca02c
26414,GB,#7fa047
26415,HU,#ac7c49
26416,PL,#867f57
26417,FR,#b49f44
26418,PL,#867f57
26419,DK,#6b8e57
26420,BY,#7b7261
26421,IT,#ce893f
26422,FI,#2b8384
26423,GB,#7fa047
26424,NL,#8c974b
26425,DK,#6b8e57
26426,DE,#918e4e
26427,HR,#bc8144
26428,GE,#c43d39
26429,CH,#b19246
26430,IS,#2ca02c
26431,IT,#ce893f
26432,HU,#ac7c49
26433,GB,#7fa047
26434,FI,#2b8384
26435,DE,#918e4e
26436,BA,#c37c41
26437,GB,#7fa047
26438,DK,#6b8e57
26439,AT,#ae8648
26440,AL,#d87539
26441,ES,#eeb33e
26442,CZ,#97854f
26443,SK,#9d7d4f
26444,PT,#f8bf3f
26445,GB,#7fa047
26446,GE,#c43d39
26447,SK,#9d7d4f
26448,MK,#d0733c
26449,IT,#ce893f
26450,IS,#2ca02c
26451,CH,#b19246
26452,DK,#6b8e57
26453,RU,#61667a
26454,AT,#ae8648
26455,HU,#ac7c49
26456,BA,#c37c41
26457,AM,#d1322e
26458,FR,#b49f44
26459,CH,#b19246
26460,SE,#3c8a6a
26461,AL,#d87539
26462,AT,#ae8648
26463,GE,#c43d39
26464,NL,#8c974b
26465,SI,#b58346
26466,LT,#6e7a64
26467,CZ,#97854f
26468,SE,#3c8a6a
26469,GB,#7fa047
26470,FR,#b49f44
26471,SE,#3c8a6a
26472,CH,#b19246
26473,DK,#6b8e57
26474,FR,#b49f44
26475,SE,#3c8a6a
26476,DE,#918e4e
26477,SI,#b58346
26478,AT,#ae8648
26479,CH,#b19246
26480,DK,#6b8e57
26481,HU,#ac7c49
26482,AZ,#cf2a2d
26483,CZ,#97854f
26484,RU,#61667a
26485,CH,#b19246
26486,IT,#ce893f
26487,RS,#c17541
26488,AM,#d1322e
26489,CH,#b19246
26490,IT,#ce893f
26491,HR,#bc8144
26492,SI,#b58346
26493,RO,#b06e48
26494,DK,#6b8e57
26495,FR,#b49f44
26496,SK,#9d7d4f
26497,MK,#d0733c
26498,DK,#6b8e57
26499,FR,#b49f44
26500,ES,#eeb33e
26501,GE,#c43d39
26502,HR,#bc8144
26503,GB,#7fa047
26504,AL,#d87539
26505,NO,#3d8e61
26506,BY,#7b7261
26507,GB,#7fa047
26508,FI,#2b8384
26509,CH,#b19246
26510,FR,#b49f44
26511,IS,#2ca02c
26512,DK,#6b8e57
26513,AM,#d1322e
26514,NL,#8c974b
26515,FI,#2b8384
26516,IS,#2ca02c
26517,FI,#2b8384
26518,DE,#918e4e
26519,CH,#b19246
26520,MK,#d0733c
26521,DK,#6b8e57
26522,NO,#3d8e61
26523,AL,#d87539
26524,CH,#b19246
26525,BG,#c66a3e
26526,HU,#ac7c49
26527,CH,#b19246
26528,FR,#b49f44
26529,RO,#b06e48
26530,AL,#d87539
26531,NO,#3d8e61
26532,NL,#8c974b
26533,CH,#b19246
26534,HU,#ac7c49
26535,FR,#b49f44
26536,FR,#b49f44
26537,RS,#c17541
26538,FR,#b49f44
26539,FR,#b49f44
26540,BG,#c66a3e
26541,LT,#6e7a64
26542,IS,#2ca02c
26543,SE,#3c8a6a
26544,HR,#bc8144
26545,HU,#ac7c49
26546,DK,#6b8e57
26547,CH,#b19246
26548,CH,#b19246
26549,PT,#f8bf3f
26550,SI,#b58346
26551,HR,#bc8144
26552,GE,#c43d39
26553,AL,#d87539
26554,RO,#b06e48
26555,AT,#ae8648
26556,DE,#918e4e
26557,DK,#6b8e57
26558,NO,#3d8e61
26559,BA,#c37c41
26560,FI,#2b8384
26561,RS,#c17541
26562,SK,#9d7d4f
26563,AL,#d87539
26564,GE,#c43d39
26565,DK,#6b8e57
26566,CH,#b19246
26567,AL,#d87539
26568,HR,#bc8144
26569,BA,#c37c41
26570,AT,#ae8648
26571,SE,#3c8a6a
26572,IT,#ce893f
26573,RO,#b06e48
26574,IS,#2ca02c
26575,DK,#6b8e57
26576,GB,#7fa047
26577,DK,#6b8e57
26578,GE,#c43d39
26579,GE,#c43d39
26580,CH,#b19246
26581,PL,#867f57
26582,HR,#bc8144
26583,GB,#7fa047
26584,DE,#918e4e
26585,BY,#7b7261
26586,GB,#7fa047
26587,NL,#8c974b
26588,SE,#3c8a6a
26589,BA,#c37c41
26590,ES,#eeb33e
26591,PT,#f8bf3f
26592,DK,#6b8e57
26593,HU,#ac7c49
26594,DK,#6b8e57
26595,GB,#7fa047
26596,NO,#3d8e61
26597,CH,#b19246
26598,IT,#ce893f
26599,CH,#b19246
26600,DK,#6b8e57
26601,DK,#6b8e57
26602,DK,#6b8e57
26603,BA,#c37c41
26604,NL,#8c974b
26605,SE,#3c8a6a
26606,CZ,#97854f
26607,IS,#2ca02c
26608,RU,#61667a
26609,AM,#d1322e
26610,DK,#6b8e57
26611,FR,#b49f44
26612,RO,#b06e48
26613,AT,#ae8648
26614,GE,#c43d39
26615,HU,#ac7c49
26616,NL,#8c974b
26617,GB,#7fa047
26618,AZ,#cf2a2d
26619,NL,#8c974b
26620,DK,#6b8e57
26621,SE,#3c8a6a
26622,CH,#b19246
26623,DK,#6b8e57
26624,CH,#b19246
26625,HU,#ac7c49
26626,BY,#7b7261
26627,AT,#ae8648
26628,MK,#d0733c
26629,GB,#7fa047
26630,PL,#867f57
26631,SI,#b58346
26632,AT,#ae8648
26633,HU,#ac7c49
26634,PT,#f8bf3f
26635,BY,#7b7261
26636,AL,#d87539
26637,SE,#3c8a6a
26638,AZ,#cf2a2d
26639,SE,#3c8a6a
26640,CH,#b19246
26641,EE,#507d73
26642,SE,#3c8a6a
26643,CH,#b19246
26644,FR,#b49f44
26645,IS,#2ca02c
26646,RU,#61667a
26647,AM,#d1322e
26648,GE,#c43d39
26649,FI,#2b8384
26650,SI,#b58346
26651,CH,#b19246
26652,AZ,#cf2a2d
26653,AM,#d1322e
26654,HR,#bc8144
26655,GE,#c43d39
26656,DE,#918e4e
26657,NO,#3d8e61
26658,GB,#7fa047
26659,CH,#b19246
26660,DK,#6b8e57
26661,NL,#8c974b
26662,FI,#2b8384
26663,ES,#eeb33e
26664,BG,#c66a3e
26665,BY,#7b7261
26666,IT,#ce893f
26667,HU,#ac7c49
26668,HR,#bc8144
26669,SK,#9d7d4f
26670,RO,#b06e48
26671,LT,#6e7a64
26672,NO,#3d8e61
26673,NO,#3d8e61
26674,ME,#d1783c
26675,CZ,#97854f
26676,BY,#7b7261
26677,AL,#d87539
26678,RO,#b06e48
26679,IT,#ce893f
26680,ES,#eeb33e
26681,IS,#2ca02c
26682,CH,#b19246
26683,MK,#d0733c
26684,DK,#6b8e57
26685,DK,#6b8e57
26686,HU,#ac7c49
26687,SK,#9d7d4f
26688,AL,#d87539
26689,SK,#9d7d4f
26690,HU,#ac7c49
26691,CH,#b19246
26692,FI,#2b8384
26693,CZ,#97854f
26694,GB,#7fa047
26695,CZ,#97854f
26696,GB,#7fa047
26697,FI,#2b8384
26698,CH,#b19246
26699,RU,#61667a
26700,SI,#b58346
26701,HR,#bc8144
26702,RS,#c17541
26703,CH,#b19246
26704,DE,#918e4e
26705,DK,#6b8e57
26706,SE,#3c8a6a
26707,NL,#8c974b
26708,DK,#6b8e57
26709,FI,#2b8384
26710,SI,#b58346
26711,GE,#c43d39
26712,CH,#b19246
26713,AZ,#cf2a2d
26714,CH,#b19246
26715,NL,#8c974b
26716,DK,#6b8e57
26717,AT,#ae8648
26718,EE,#507d73
26719,PT,#f8bf3f
26720,GE,#c43d39
26721,CH,#b19246
26722,DK,#6b8e57
26723,DK,#6b8e57
26724,LT,#6e7a64
26725,HU,#ac7c49
26726,AM,#d1322e
26727,AL,#d87539
26728,GE,#c43d39
26729,HU,#ac7c49
26730,GB,#7fa047
26731,AL,#d87539
26732,PL,#867f57
26733,GB,#7fa047
26734,HU,#ac7c49
26735,GB,#7fa047
26736,NO,#3d8e61
26737,CH,#b19246
26738,IT,#ce893f
26739,RO,#b06e48
26740,DE,#918e4e
26741,DK,#6b8e57
26742,HU,#ac7c49
26743,RS,#c17541
26744,FI,#2b8384
26745,RU,#61667a
26746,LT,#6e7a64
26747,CH,#b19246
26748,DK,#6b8e57
26749,CH,#b19246
26750,HU,#ac7c49
26751,DK,#6b8e57
26752,SI,#b58346
26753,GB,#7fa047
26754,RO,#b06e48
26755,CH,#b19246
26756,FI,#2b8384
26757,SK,#9d7d4f
26758,NL,#8c974b
26759,RS,#c17541
26760,DK,#6b8e57
26761,HU,#ac7c49
26762,IT,#ce893f
26763,SK,#9d7d4f
26764,DK,#6b8e57
26765,SK,#9d7d4f
26766,SK,#9d7d4f
26767,FR,#b49f44
26768,SE,#3c8a6a
26769,CZ,#97854f
26770,IS,#2ca02c
26771,SI,#b58346
26772,RU,#61667a
26773,RU,#61667a
26774,DK,#6b8e57
26775,BG,#c66a3e
26776,RS,#c17541
26777,AM,#d1322e
26778,BA,#c37c41
26779,DK,#6b8e57
26780,BA,#c37c41
26781,CH,#b19246
26782,FR,#b49f44
26783,DE,#918e4e
26784,GB,#7fa047
26785,RS,#c17541
26786,LT,#6e7a64
26787,SE,#3c8a6a
26788,PT,#f8bf3f
26789,IS,#2ca02c
26790,FR,#b49f44
26791,HR,#bc8144
26792,GE,#c43d39
26793,SE,#3c8a6a
26794,HR,#bc8144
26795,BY,#7b7261
26796,DK,#6b8e57
26797,BA,#c37c41
26798,DK,#6b8e57
26799,CH,#b19246
26800,DK,#6b8e57
26801,AT,#ae8648
26802,SK,#9d7d4f
26803,NO,#3d8e61
26804,FI,#2b8384
26805,IS,#2ca02c
26806,DE,#918e4e
26807,GB,#7fa047
26808,HU,#ac7c49
26809,SK,#9d7d4f
26810,PL,#867f57
26811,DE,#918e4e
26812,FR,#b49f44
26813,AM,#d1322e
26814,DE,#918e4e
26815,AM,#d1322e
26816,RO,#b06e48
26817,GB,#7fa047
26818,EE,#507d73
26819,CH,#b19246
26820,BA,#c37c41
26821,GE,#c43d39
26822,SE,#3c8a6a
26823,FR,#b49f44
26824,GE,#c43d39
26825,AT,#ae8648
26826,BY,#7b7261
26827,NO,#3d8e61
26828,ES,#eeb33e
26829,DE,#918e4e
26830,NO,#3d8e61
26831,LT,#6e7a64
26832,GE,#c43d39
26833,SI,#b58346
26834,GB,#7fa047
26835,EE,#507d73
26836,BA,#c37c41
26837,RU,#61667a
26838,AM,#d1322e
26839,IT,#ce893f
26840,HU,#ac7c49
26841,IT,#ce893f
26842,RS,#c17541
26843,BY,#7b7261
26844,DE,#918e4e
26845,GB,#7fa047
26846,GB,#7fa047
26847,FR,#b49f44
26848,BA,#c37c41
26849,NL,#8c974b
26850,AM,#d1322e
26851,BG,#c66a3e
26852,AT,#ae8648
26853,AT,#ae8648
26854,BA,#c37c41
26855,NO,#3d8e61
26856,HR,#bc8144
26857,NO,#3d8e61
26858,HR,#bc8144
26859,FI,#2b8384
26860,MK,#d0733c
26861,HU,#ac7c49
26862,BY,#7b7261
26863,RO,#b06e48
26864,RU,#61667a
26865,SI,#b58346
26866,DK,#6b8e57
26867,FR,#b49f44
26868,ES,#eeb33e
26869,DK,#6b8e57
26870,CH,#b19246
26871,BG,#c66a3e
26872,RO,#b06e48
26873,RU,#61667a
26874,DK,#6b8e57
26875,BY,#7b7261
26876,BY,#7b7261
26877,PL,#867f57
26878,GE,#c43d39
26879,PT,#f8bf3f
26880,DK,#6b8e57
26881,DK,#6b8e57
26882,NO,#3d8e61
26883,CH,#b19246
26884,RS,#c17541
26885,CH,#b19246
26886,FI,#2b8384
26887,CZ,#97854f
26888,DK,#6b8e57
26889,MK,#d0733c
26890,EE,#507d73
26891,DK,#6b8e57
26892,CH,#b19246
26893,ES,#eeb33e
26894,AT,#ae8648
26895,DE,#918e4e
26896,DE,#918e4e
26897,ES,#eeb33e
26898,SK,#9d7d4f
26899,AL,#d87539
26900,NL,#8c974b
26901,RU,#61667a
26902,GB,#7fa047
26903,AT,#ae8648
26904,SE,#3c8a6a
26905,CH,#b19246
26906,PL,#867f57
26907,RS,#c17541
26908,CH,#b19246
26909,IS,#2ca02c
26910,DE,#918e4e
26911,DK,#6b8e57
26912,HR,#bc8144
26913,RO,#b06e48
26914,GE,#c43d39
26915,IT,#ce893f
26916,CH,#b19246
26917,SK,#9d7d4f
26918,FR,#b49f44
26919,GE,#c43d39
26920,FR,#b49f44
26921,BA,#c37c41
26922,BG,#c66a3e
26923,FI,#2b8384
26924,EE,#507d73
26925,NO,#3d8e61
26926,DE,#918e4e
26927,IS,#2ca02c
26928,IT,#ce893f
26929,RS,#c17541
26930,DK,#6b8e57
26931,RO,#b06e48
26932,PT,#f8bf3f
26933,HU,#ac7c49
26934,SE,#3c8a6a
26935,IS,#2ca02c
26936,HR,#bc8144
26937,FR,#b49f44
26938,LT,#6e7a64
26939,RU,#61667a
26940,SE,#3c8a6a
26941,DK,#6b8e57
26942,NO,#3d8e61
26943,SI,#b58346
26944,CH,#b19246
26945,DE,#918e4e
26946,HR,#bc8144
26947,LT,#6e7a64
26948,IS,#2ca02c
26949,GB,#7fa047
26950,NL,#8c974b
26951,CH,#b19246
26952,HR,#bc8144
26953,ME,#d1783c
26954,LT,#6e7a64
26955,GB,#7fa047
26956,RS,#c17541
26957,NL,#8c974b
26958,SK,#9d7d4f
26959,PL,#867f57
26960,AM,#d1322e
26961,DK,#6b8e57
26962,FI,#2b8384
26963,IS,#2ca02c
26964,LT,#6e7a64
26965,AL,#d87539
26966,CH,#b19246
26967,CZ,#97854f
26968,AM,#d1322e
26969,RS,#c17541
26970,PT,#f8bf3f
26971,IS,#2ca02c
26972,IT,#ce893f
26973,IS,#2ca02c
26974,DE,#918e4e
26975,LT,#6e7a64
26976,RU,#61667a
26977,IT,#ce893f
26978,AT,#ae8648
26979,DK,#6b8e57
26980,HU,#ac7c49
26981,GE,#c43d39
26982,IS,#2ca02c
26983,CZ,#97854f
26984,RO,#b06e48
26985,FI,#2b8384
26986,BG,#c66a3e
26987,SK,#9d7d4f
26988,HU,#ac7c49
26989,CH,#b19246
26990,CH,#b19246
26991,SK,#9d7d4f
26992,IS,#2ca02c
26993,NO,#3d8e61
26994,AL,#d87539
26995,FI,#2b8384
26996,CZ,#97854f
26997,DE,#918e4e
26998,IT,#ce893f
26999,RS,#c17541
27000,MK,#d0733c
27001,HR,#bc8144
27002,GB,#7fa047
27003,CH,#b19246
27004,IT,#ce893f
27005,NL,#8c974b
27006,CH,#b19246
27007,AT,#ae8648
27008,AM,#d1322e
27009,CH,#b19246
27010,CH,#b19246
27011,ME,#d1783c
27012,SE,#3c8a6a
27013,AL,#d87539
27014,SK,#9d7d4f
27015,FI,#2b8384
27016,SI,#b58346
27017,IT,#ce893f
27018,CH,#b19246
27019,FR,#b49f44
27020,GE,#c43d39
27021,HU,#ac7c49
27022,IS,#2ca02c
27023,RO,#b06e48
27024,AM,#d1322e
27025,AZ,#cf2a2d
27026,AT,#ae8648
27027,IS,#2ca02c
27028,NO,#3d8e61
27029,SI,#b58346
27030,NO,#3d8e61
27031,BA,#c37c41
27032,HR,#bc8144
27033,HR,#bc8144
27034,AT,#ae8648
27035,FI,#2b8384
27036,RU,#61667a
27037,IT,#ce893f
27038,DK,#6b8e57
27039,FI,#2b8384
27040,FR,#b49f44
27041,BA,#c37c41
27042,FR,#b49f44
27043,AT,#ae8648
27044,DE,#918e4e
27045,HU,#ac7c49
27046,BA,#c37c41
27047,PT,#f8bf3f
27048,FR,#b49f44
27049,DK,#6b8e57
27050,SE,#3c8a6a
27051,NO,#3d8e61
27052,IS,#2ca02c
27053,BG,#c66a3e
27054,RU,#61667a
27055,HR,#bc8144
27056,AT,#ae8648
27057,DE,#918e4e
27058,ES,#eeb33e
27059,DE,#918e4e
27060,CZ,#97854f
27061,BA,#c37c41
27062,GB,#7fa047
27063,CH,#b19246
27064,DK,#6b8e57
27065,FR,#b49f44
27066,NL,#8c974b
27067,CH,#b19246
27068,BG,#c66a3e
27069,ME,#d1783c
27070,HR,#bc8144
27071,HR,#bc8144
27072,AM,#d1322e
27073,PT,#f8bf3f
27074,NO,#3d8e61
27075,BG,#c66a3e
27076,ES,#eeb33e
27077,AL,#d87539
27078,IT,#ce893f
27079,AT,#ae8648
27080,MK,#d0733c
27081,BA,#c37c41
27082,SE,#3c8a6a
27083,FI,#2b8384
27084,PL,#867f57
27085,GB,#7fa047
27086,SK,#9d7d4f
27087,AL,#d87539
27088,CZ,#97854f
27089,BG,#c66a3e
27090,GE,#c43d39
27091,RS,#c17541
27092,SE,#3c8a6a
27093,AL,#d87539
27094,DK,#6b8e57
27095,IS,#2ca02c
27096,CH,#b19246
27097,SK,#9d7d4f
27098,FR,#b49f44
27099,AZ,#cf2a2d
27100,GE,#c43d39
27101,AM,#d1322e
27102,RO,#b06e48
27103,AM,#d1322e
27104,DK,#6b8e57
27105,DK,#6b8e57
27106,DK,#6b8e57
27107,FR,#b49f44
27108,SI,#b58346
27109,BG,#c66a3e
27110,IS,#2ca02c
27111,EE,#507d73
27112,NO,#3d8e61
27113,GB,#7fa047
27114,NL,#8c974b
27115,RU,#61667a
27116,LT,#6e7a64
27117,FI,#2b8384
27118,HU,#ac7c49
27119,EE,#507d73
27120,BG,#c66a3e
27121,HU,#ac7c49
27122,AZ,#cf2a2d
27123,SK,#9d7d4f
27124,CZ,#97854f
27125,FR,#b49f44
27126,DE,#918e4e
27127,HR,#bc8144
27128,AL,#d87539
27129,IS,#2ca02c
27130,AM,#d1322e
27131,SE,#3c8a6a
27132,NO,#3d8e61
27133,MK,#d0733c
27134,AZ,#cf2a2d
27135,IS,#2ca02c
27136,MK,#d0733c
27137,CZ,#97854f
27138,AM,#d1322e
27139,ES,#eeb33e
27140,SI,#b58346
27141,IS,#2ca02c
27142,FI,#2b8384
27143,GB,#7fa047
27144,NO,#3d8e61
27145,IT,#ce893f
27146,BG,#c66a3e
27147,SE,#3c8a6a
27148,HR,#bc8144
27149,FI,#2b8384
27150,FR,#b49f44
27151,EE,#507d73
27152,FI,#2b8384
27153,DK,#6b8e57
27154,FI,#2b8384
27155,DK,#6b8e57
27156,AZ,#cf2a2d
27157,GB,#7fa047
27158,CH,#b19246
27159,GB,#7fa047
27160,HR,#bc8144
27161,FI,#2b8384
27162,FR,#b49f44
27163,BA,#c37c41
27164,CH,#b19246
27165,HR,#bc8144
27166,BA,#c37c41
27167,NO,#3d8e61
27168,IS,#2ca02c
27169,FI,#2b8384
27170,DK,#6b8e57
27171,FI,#2b8384
27172,SK,#9d7d4f
27173,IT,#ce893f
27174,HR,#bc8144
27175,FR,#b49f44
27176,AZ,#cf2a2d
27177,DK,#6b8e57
27178,AM,#d1322e
27179,ME,#d1783c
27180,CZ,#97854f
27181,CH,#b19246
27182,RU,#61667a
27183,CH,#b19246
27184,GB,#7fa047
27185,SK,#9d7d4f
27186,NL,#8c974b
27187,IS,#2ca02c
27188,SK,#9d7d4f
27189,FR,#b49f44
27190,NO,#3d8e61
27191,GB,#7fa047
27192,PT,#f8bf3f
27193,DK,#6b8e57
27194,AM,#d1322e
27195,CH,#b19246
27196,FR,#b49f44
27197,GB,#7fa047
27198,LT,#6e7a64
27199,AZ,#cf2a2d
27200,SK,#9d7d4f
27201,DK,#6b8e57
27202,SE,#3c8a6a
27203,NO,#3d8e61
27204,SE,#3c8a6a
27205,DK,#6b8e57
27206,GB,#7fa047
27207,BG,#c66a3e
27208,BG,#c66a3e
27209,AT,#ae8648
27210,DE,#918e4e
27211,GB,#7fa047
27212,HR,#bc8144
27213,NL,#8c974b
27214,AM,#d1322e
27215,AT,#ae8648
27216,IS,#2ca02c
27217,PL,#867f57
27218,CH,#b19246
27219,NL,#8c974b
27220,SK,#9d7d4f
27221,CH,#b19246
27222,BA,#c37c41
27223,GB,#7fa047
27224,BG,#c66a3e
27225,DK,#6b8e57
27226,BG,#c66a3e
27227,BA,#c37c41
27228,RS,#c17541
27229,FR,#b49f44
27230,NL,#8c974b
27231,CH,#b19246
27232,BA,#c37c41
27233,PL,#867f57
27234,SK,#9d7d4f
27235,FR,#b49f44
27236,IT,#ce893f
27237,NL,#8c974b
27238,PL,#867f57
27239,BG,#c66a3e
27240,CZ,#97854f
27241,DE,#918e4e
27242,BY,#7b7261
27243,GE,#c43d39
27244,BG,#c66a3e
27245,CZ,#97854f
27246,HU,#ac7c49
27247,ES,#eeb33e
27248,SE,#3c8a6a
27249,DE,#918e4e
27250,IT,#ce893f
27251,SK,#9d7d4f
27252,NL,#8c974b
27253,MK,#d0733c
27254,RO,#b06e48
27255,FI,#2b8384
27256,ES,#eeb33e
27257,HU,#ac7c49
27258,CZ,#97854f
27259,HR,#bc8144
27260,FR,#b49f44
27261,GB,#7fa047
27262,EE,#507d73
27263,FI,#2b8384
27264,NL,#8c974b
27265,DK,#6b8e57
27266,NL,#8c974b
27267,DE,#918e4e
27268,IS,#2ca02c
27269,FR,#b49f44
27270,CH,#b19246
27271,ES,#eeb33e
27272,IT,#ce893f
27273,AZ,#cf2a2d
27274,HR,#bc8144
27275,CH,#b19246
27276,BG,#c66a3e
27277,HU,#ac7c49
27278,RS,#c17541
27279,GE,#c43d39
27280,ES,#eeb33e
27281,CH,#b19246
27282,SI,#b58346
27283,PT,#f8bf3f
27284,FR,#b49f44
27285,PL,#867f57
27286,IS,#2ca02c
27287,FR,#b49f44
27288,CH,#b19246
27289,CH,#b19246
27290,DK,#6b8e57
27291,BA,#c37c41
27292,AT,#ae8648
27293,GB,#7fa047
27294,CH,#b19246
27295,GE,#c43d39
27296,ES,#eeb33e
27297,RS,#c17541
27298,SK,#9d7d4f
27299,AT,#ae8648
27300,AT,#ae8648
27301,RU,#61667a
27302,DK,#6b8e57
27303,FI,#2b8384
27304,GB,#7fa047
27305,HU,#ac7c49
27306,DE,#918e4e
27307,SK,#9d7d4f
27308,CH,#b19246
27309,DK,#6b8e57
27310,IT,#ce893f
27311,NL,#8c974b
27312,ES,#eeb33e
27313,DK,#6b8e57
27314,DE,#918e4e
27315,ME,#d1783c
27316,MK,#d0733c
27317,PT,#f8bf3f
27318,EE,#507d73
27319,RU,#61667a
27320,IS,#2ca02c
27321,EE,#507d73
27322,BG,#c66a3e
27323,BY,#7b7261
27324,BA,#c37c41
27325,IT,#ce893f
27326,FR,#b49f44
27327,IT,#ce893f
27328,DE,#918e4e
27329,HU,#ac7c49
27330,CH,#b19246
27331,GB,#7fa047
27332,GB,#7fa047
27333,AM,#d1322e
27334,DK,#6b8e57
27335,GB,#7fa047
27336,DK,#6b8e57
27337,DE,#918e4e
27338,DK,#6b8e57
27339,BA,#c37c41
27340,RO,#b06e48
27341,ES,#eeb33e
27342,FR,#b49f44
27343,DK,#6b8e57
27344,DK,#6b8e57
27345,BA,#c37c41
27346,RU,#61667a
27347,SE,#3c8a6a
27348,PT,#f8bf3f
27349,GE,#c43d39
27350,ME,#d1783c
27351,FI,#2b8384
27352,SK,#9d7d4f
27353,IS,#2ca02c
27354,AL,#d87539
27355,PL,#867f57
27356,AM,#d1322e
27357,AT,#ae8648
27358,DE,#918e4e
27359,NL,#8c974b
27360,FR,#b49f44
27361,RO,#b06e48
27362,NL,#8c974b
27363,HU,#ac7c49
27364,HR,#bc8144
27365,GB,#7fa047
27366,IT,#ce893f
27367,DK,#6b8e57
27368,IT,#ce893f
27369,CH,#b19246
27370,AT,#ae8648
27371,CH,#b19246
27372,SI,#b58346
27373,AT,#ae8648
27374,GB,#7fa047
27375,EE,#507d73
27376,DK,#6b8e57
27377,NL,#8c974b
27378,HR,#bc8144
27379,NL,#8c974b
27380,LT,#6e7a64
27381,DK,#6b8e57
27382,BA,#c37c41
27383,ES,#eeb33e
27384,RU,#61667a
27385,MK,#d0733c
27386,GB,#7fa047
27387,CH,#b19246
27388,BA,#c37c41
27389,AZ,#cf2a2d
27390,EE,#507d73
27391,AT,#ae8648
27392,RO,#b06e48
27393,MK,#d0733c
27394,CH,#b19246
27395,DK,#6b8e57
27396,GE,#c43d39
27397,DE,#918e4e
27398,RS,#c17541
27399,DK,#6b8e57
27400,NO,#3d8e61
27401,SI,#b58346
27402,CH,#b19246
27403,NO,#3d8e61
27404,CH,#b19246
27405,AZ,#cf2a2d
27406,DK,#6b8e57
27407,AT,#ae8648
27408,GE,#c43d39
27409,NL,#8c974b
27410,FR,#b49f44
27411,DE,#918e4e
27412,DK,#6b8e57
27413,BA,#c37c41
27414,SE,#3c8a6a
27415,DK,#6b8e57
27416,HR,#bc8144
27417,AT,#ae8648
27418,AL,#d87539
27419,LT,#6e7a64
27420,BG,#c66a3e
27421,EE,#507d73
27422,CZ,#97854f
27423,GE,#c43d39
27424,SE,#3c8a6a
27425,SI,#b58346
27426,NL,#8c974b
27427,CZ,#97854f
27428,DE,#918e4e
27429,PL,#867f57
27430,DK,#6b8e57
27431,PT,#f8bf3f
27432,HU,#ac7c49
27433,BG,#c66a3e
27434,MK,#d0733c
27435,BA,#c37c41
27436,NO,#3d8e61
27437,PT,#f8bf3f
27438,DK,#6b8e57
27439,BG,#c66a3e
27440,CZ,#97854f
27441,CH,#b19246
27442,PL,#867f57
27443,GE,#c43d39
27444,NL,#8c974b
27445,SI,#b58346
27446,DK,#6b8e57
27447,SE,#3c8a6a
27448,HU,#ac7c49
27449,FI,#2b8384
27450,GB,#7fa047
27451,BA,#c37c41
27452,IT,#ce893f
27453,AT,#ae8648
27454,ES,#eeb33e
27455,AL,#d87539
27456,MK,#d0733c
27457,AL,#d87539
27458,RS,#c17541
27459,NL,#8c974b
27460,BA,#c37c41
27461,NL,#8c974b
27462,RO,#b06e48
27463,PL,#867f57
27464,GB,#7fa047
27465,IS,#2ca02c
27466,GB,#7fa047
27467,IS,#2ca02c
27468,NO,#3d8e61
27469,DK,#6b8e57
27470,RO,#b06e48
27471,CZ,#97854f
27472,CH,#b19246
27473,DK,#6b8e57
27474,PL,#867f57
27475,DK,#6b8e57
27476,RU,#61667a
27477,SE,#3c8a6a
27478,ME,#d1783c
27479,CH,#b19246
27480,DK,#6b8e57
27481,ME,#d1783c
27482,BG,#c66a3e
27483,CH,#b19246
27484,BA,#c37c41
27485,SK,#9d7d4f
27486,DK,#6b8e57
27487,GE,#c43d39
27488,FI,#2b8384
27489,CZ,#97854f
27490,AZ,#cf2a2d
27491,CH,#b19246
27492,AT,#ae8648
27493,AT,#ae8648
27494,AM,#d1322e
27495,HU,#ac7c49
27496,FR,#b49f44
27497,CH,#b19246
27498,DK,#6b8e57
27499,RS,#c17541
27500,RU,#61667a
27501,SE,#3c8a6a
27502,CH,#b19246
27503,MK,#d0733c
27504,PL,#867f57
27505,NL,#8c974b
27506,LT,#6e7a64
27507,FR,#b49f44
27508,GE,#c43d39
27509,BA,#c37c41
27510,ME,#d1783c
27511,DE,#918e4e
27512,SI,#b58346
27513,GB,#7fa047
27514,CH,#b19246
27515,IS,#2ca02c
27516,FR,#b49f44
27517,CZ,#97854f
27518,DK,#6b8e57
27519,IT,#ce893f
27520,ME,#d1783c
27521,EE,#507d73
27522,IS,#2ca02c
27523,ES,#eeb33e
27524,HU,#ac7c49
27525,RS,#c17541
27526,RS,#c17541
27527,FR,#b49f44
27528,GE,#c43d39
27529,NO,#3d8e61
27530,DE,#918e4e
27531,NO,#3d8e61
27532,SI,#b58346
27533,AZ,#cf2a2d
27534,AZ,#cf2a2d
27535,BA,#c37c41
27536,DK,#6b8e57
27537,HR,#bc8144
27538,PL,#867f57
27539,IT,#ce893f
27540,HR,#bc8144
27541,IT,#ce893f
27542,CH,#b19246
27543,DK,#6b8e57
27544,BA,#c37c41
27545,DK,#6b8e57
27546,FI,#2b8384
27547,SI,#b58346
27548,BA,#c37c41
27549,BY,#7b7261
27550,HU,#ac7c49
27551,SI,#b58346
27552,IT,#ce893f
27553,DK,#6b8e57
27554,AM,#d1322e
27555,FI,#2b8384
27556,SE,#3c8a6a
27557,FR,#b49f44
27558,FR,#b49f44
27559,DK,#6b8e57
27560,RU,#61667a
27561,FI,#2b8384
27562,DK,#6b8e57
27563,DK,#6b8e57
27564,RS,#c17541
27565,RU,#61667a
27566,BA,#c37c41
27567,SK,#9d7d4f
27568,SK,#9d7d4f
27569,BA,#c37c41
27570,NO,#3d8e61
27571,HU,#ac7c49
27572,ES,#eeb33e
27573,GB,#7fa047
27574,RU,#61667a
27575,NL,#8c974b
27576,DK,#6b8e57
27577,BA,#c37c41
27578,BA,#c37c41
27579,BA,#c37c41
27580,HR,#bc8144
27581,DK,#6b8e57
27582,BY,#7b7261
27583,CZ,#97854f
27584,FR,#b49f44
27585,BA,#c37c41
27586,SK,#9d7d4f
27587,FI,#2b8384
27588,BY,#7b7261
27589,FI,#2b8384
27590,CH,#b19246
27591,RS,#c17541
27592,RO,#b06e48
27593,HU,#ac7c49
27594,HU,#ac7c49
27595,FR,#b49f44
27596,NL,#8c974b
27597,FR,#b49f44
27598,AM,#d1322e
27599,BA,#c37c41
27600,RU,#61667a
27601,CH,#b19246
27602,FI,#2b8384
27603,RO,#b06e48
27604,GB,#7fa047
27605,NL,#8c974b
27606,AM,#d1322e
27607,DK,#6b8e57
27608,AM,#d1322e
27609,DK,#6b8e57
27610,SK,#9d7d4f
27611,CH,#b19246
27612,RU,#61667a
27613,SK,#9d7d4f
27614,NL,#8c974b
27615,MK,#d0733c
27616,RS,#c17541
27617,AT,#ae8648
27618,HU,#ac7c49
27619,IT,#ce893f
27620,DK,#6b8e57
27621,DK,#6b8e57
27622,EE,#507d73
27623,HR,#bc8144
27624,RS,#c17541
27625,SI,#b58346
27626,CZ,#97854f
27627,BA,#c37c41
27628,DK,#6b8e57
27629,ME,#d1783c
27630,NL,#8c974b
27631,SK,#9d7d4f
27632,PL,#867f57
27633,NL,#8c974b
27634,DK,#6b8e57
27635,CZ,#97854f
27636,CH,#b19246
27637,IS,#2ca02c
27638,NL,#8c974b
27639,AM,#d1322e
27640,IT,#ce893f
27641,SK,#9d7d4f
27642,MK,#d0733c
27643,GE,#c43d39
27644,FR,#b49f44
27645,HR,#bc8144
27646,IS,#2ca02c
27647,GB,#7fa047
27648,ES,#eeb33e
27649,SK,#9d7d4f
27650,DK,#6b8e57
27651,SK,#9d7d4f
27652,EE,#507d73
27653,DK,#6b8e57
27654,CH,#b19246
27655,ME,#d1783c
27656,BY,#7b7261
27657,FR,#b49f44
27658,GE,#c43d39
27659,DK,#6b8e57
27660,DK,#6b8e57
27661,HR,#bc8144
27662,SE,#3c8a6a
27663,ME,#d1783c
27664,RU,#61667a
27665,RU,#61667a
27666,CZ,#97854f
27667,RO,#b06e48
27668,CH,#b19246
27669,BG,#c66a3e
27670,RU,#61667a
27671,PL,#867f57
27672,BA,#c37c41
27673,GB,#7fa047
27674,DK,#6b8e57
27675,GB,#7fa047
27676,CH,#b19246
27677,HR,#bc8144
27678,EE,#507d73
27679,CZ,#97854f
27680,SE,#3c8a6a
27681,HU,#ac7c49
27682,FR,#b49f44
27683,BA,#c37c41
27684,DE,#918e4e
27685,DE,#918e4e
27686,HR,#bc8144
27687,SE,#3c8a6a
27688,NO,#3d8e61
27689,LT,#6e7a64
27690,SE,#3c8a6a
27691,BY,#7b7261
27692,ES,#eeb33e
27693,FR,#b49f44
27694,AT,#ae8648
27695,HR,#bc8144
27696,CH,#b19246
27697,AT,#ae8648
27698,BA,#c37c41
27699,AT,#ae8648
27700,AM,#d1322e
27701,BG,#c66a3e
27702,FI,#2b8384
27703,AL,#d87539
27704,BG,#c66a3e
27705,CZ,#97854f
27706,CH,#b19246
27707,CH,#b19246
27708,IT,#ce893f
27709,CH,#b19246
27710,AM,#d1322e
27711,CZ,#97854f
27712,CH,#b19246
27713,AM,#d1322e
27714,EE,#507d73
27715,IS,#2ca02c
27716,FI,#2b8384
27717,GE,#c43d39
27718,HR,#bc8144
27719,EE,#507d73
27720,BA,#c37c41
27721,DK,#6b8e57
27722,AM,#d1322e
27723,AZ,#cf2a2d
27724,IT,#ce893f
27725,EE,#507d73
27726,EE,#507d73
27727,HR,#bc8144
27728,AT,#ae8648
27729,GE,#c43d39
27730,GE,#c43d39
27731,IT,#ce893f
27732,DE,#918e4e
27733,GB,#7fa047
27734,GB,#7fa047
27735,IT,#ce893f
27736,AL,#d87539
27737,DE,#918e4e
27738,SE,#3c8a6a
27739,GE,#c43d39
27740,HR,#bc8144
27741,DE,#918e4e
27742,AL,#d87539
27743,HR,#bc8144
27744,SE,#3c8a6a
27745,DE,#918e4e
27746,GE,#c43d39
27747,CH,#b19246
27748,AM,#d1322e
27749,BG,#c66a3e
27750,AL,#d87539
27751,IT,#ce893f
27752,DK,#6b8e57
27753,AT,#ae8648
27754,DK,#6b8e57
27755,EE,#507d73
27756,FR,#b49f44
27757,SK,#9d7d4f
27758,DK,#6b8e57
27759,GE,#c43d39
27760,SE,#3c8a6a
27761,DK,#6b8e57
27762,DK,#6b8e57
27763,DE,#918e4e
27764,AT,#ae8648
27765,GB,#7fa047
27766,DK,#6b8e57
27767,NL,#8c974b
27768,FR,#b49f44
27769,DE,#918e4e
27770,CZ,#97854f
27771,SI,#b58346
27772,GB,#7fa047
27773,DK,#6b8e57
27774,HU,#ac7c49
27775,DK,#6b8e57
27776,GE,#c43d39
27777,NO,#3d8e61
27778,DK,#6b8e57
27779,BG,#c66a3e
27780,BG,#c66a3e
27781,DE,#918e4e
27782,IS,#2ca02c
27783,MK,#d0733c
27784,NO,#3d8e61
27785,LT,#6e7a64
27786,AZ,#cf2a2d
27787,SK,#9d7d4f
27788,CH,#b19246
27789,RO,#b06e48
27790,DK,#6b8e57
27791,SI,#b58346
27792,DK,#6b8e57
27793,CZ,#97854f
27794,FI,#2b8384
27795,SI,#b58346
27796,AL,#d87539
27797,IT,#ce893f
27798,IS,#2ca02c
27799,DK,#6b8e57
27800,LT,#6e7a64
27801,HR,#bc8144
27802,DK,#6b8e57
27803,DK,#6b8e57
27804,IT,#ce893f
27805,CH,#b19246
27806,SE,#3c8a6a
27807,NL,#8c974b
27808,PL,#867f57
27809,ES,#eeb33e
27810,DK,#6b8e57
27811,SI,#b58346
27812,RS,#c17541
27813,AM,#d1322e
27814,ES,#eeb33e
27815,DE,#918e4e
27816,AL,#d87539
27817,NL,#8c974b
27818,DK,#6b8e57
27819,GB,#7fa047
27820,RO,#b06e48
27821,AT,#ae8648
27822,RO,#b06e48
27823,AT,#ae8648
27824,IT,#ce893f
27825,SK,#9d7d4f
27826,SI,#b58346
27827,IS,#2ca02c
27828,BY,#7b7261
27829,BG,#c66a3e
27830,HR,#bc8144
27831,GB,#7fa047
27832,RO,#b06e48
27833,NO,#3d8e61
27834,DK,#6b8e57
27835,AT,#ae8648
27836,AM,#d1322e
27837,SE,#3c8a6a
27838,SE,#3c8a6a
27839,ME,#d1783c
27840,RO,#b06e48
27841,ES,#eeb33e
27842,GB,#7fa047
27843,ES,#eeb33e
27844,SI,#b58346
27845,ME,#d1783c
27846,IT,#ce893f
27847,SE,#3c8a6a
27848,CZ,#97854f
27849,NO,#3d8e61
27850,SE,#3c8a6a
27851,DE,#918e4e
27852,MK,#d0733c
27853,BY,#7b7261
27854,GB,#7fa047
27855,DK,#6b8e57
27856,DK,#6b8e57
27857,IT,#ce893f
27858,PL,#867f57
27859,DE,#918e4e
27860,SE,#3c8a6a
27861,SE,#3c8a6a
27862,BA,#c37c41
27863,AM,#d1322e
27864,MK,#d0733c
27865,GB,#7fa047
27866,LT,#6e7a64
27867,DK,#6b8e57
27868,NL,#8c974b
27869,BA,#c37c41
27870,BA,#c37c41
27871,FI,#2b8384
27872,FI,#2b8384
27873,CH,#b19246
27874,RS,#c17541
27875,GB,#7fa047
27876,EE,#507d73
27877,NL,#8c974b
27878,AT,#ae8648
27879,FI,#2b8384
27880,PT,#f8bf3f
27881,FI,#2b8384
27882,NL,#8c974b
27883,GE,#c43d39
27884,BY,#7b7261
27885,CZ,#97854f
27886,NL,#8c974b
27887,IS,#2ca02c
27888,DK,#6b8e57
27889,GE,#c43d39
27890,GB,#7fa047
27891,DK,#6b8e57
27892,CH,#b19246
27893,BY,#7b7261
27894,SI,#b58346
27895,SI,#b58346
27896,IS,#2ca02c
27897,AT,#ae8648
27898,HR,#bc8144
27899,DE,#918e4e
27900,IS,#2ca02c
27901,FR,#b49f44
27902,LT,#6e7a64
27903,SI,#b58346
27904,AM,#d1322e
27905,MK,#d0733c
27906,MK,#d0733c
27907,RS,#c17541
27908,RU,#61667a
27909,FR,#b49f44
27910,HU,#ac7c49
27911,CH,#b19246
27912,AT,#ae8648
27913,IT,#ce893f
27914,NL,#8c974b
27915,DK,#6b8e57
27916,AM,#d1322e
27917,CZ,#97854f
27918,FR,#b49f44
27919,RO,#b06e48
27920,NO,#3d8e61
27921,SE,#3c8a6a
27922,NL,#8c974b
27923,GE,#c43d39
27924,DE,#918e4e
27925,ES,#eeb33e
27926,DE,#918e4e
27927,NO,#3d8e61
27928,DK,#6b8e57
27929,FI,#2b8384
27930,RU,#61667a
27931,EE,#507d73
27932,CH,#b19246
27933,SK,#9d7d4f
27934,SK,#9d7d4f
27935,NO,#3d8e61
27936,NL,#8c974b
27937,AT,#ae8648
27938,GE,#c43d39
27939,FR,#b49f44
27940,DK,#6b8e57
27941,LT,#6e7a64
27942,IS,#2ca02c
27943,LT,#6e7a64
27944,HR,#bc8144
27945,HR,#bc8144
27946,CZ,#97854f
27947,NO,#3d8e61
27948,DK,#6b8e57
27949,NL,#8c974b
27950,BY,#7b7261
27951,RU,#61667a
27952,NO,#3d8e61
27953,IT,#ce893f
27954,GE,#c43d39
27955,GB,#7fa047
27956,DK,#6b8e57
27957,CH,#b19246
27958,NL,#8c974b
27959,DK,#6b8e57
27960,BA,#c37c41
27961,ES,#eeb33e
27962,ES,#eeb33e
27963,FR,#b49f44
27964,PL,#867f57
27965,HU,#ac7c49
27966,DE,#918e4e
27967,EE,#507d73
27968,BA,#c37c41
27969,CZ,#97854f
27970,DK,#6b8e57
27971,ME,#d1783c
27972,FI,#2b8384
27973,RS,#c17541
27974,HR,#bc8144
27975,RS,#c17541
27976,HU,#ac7c49
27977,IS,#2ca02c
27978,IS,#2ca02c
27979,EE,#507d73
27980,PT,#f8bf3f
27981,SE,#3c8a6a
27982,AM,#d1322e
27983,NO,#3d8e61
27984,DK,#6b8e57
27985,IS,#2ca02c
27986,GE,#c43d39
27987,RO,#b06e48
27988,AZ,#cf2a2d
27989,CH,#b19246
27990,IT,#ce893f
27991,SK,#9d7d4f
27992,BA,#c37c41
27993,DK,#6b8e57
27994,HU,#ac7c49
27995,IT,#ce893f
27996,FR,#b49f44
27997,PL,#867f57
27998,AL,#d87539
27999,RO,#b06e48
28000,BY,#7b7261
28001,GB,#7fa047
28002,BG,#c66a3e
28003,GE,#c43d39
28004,GB,#7fa047
28005,LT,#6e7a64
28006,HR,#bc8144
28007,DE,#918e4e
28008,ME,#d1783c
28009,CH,#b19246
28010,SE,#3c8a6a
28011,CH,#b19246
28012,DK,#6b8e57
28013,LT,#6e7a64
28014,IS,#2ca02c
28015,AL,#d87539
28016,AL,#d87539
28017,GB,#7fa047
28018,FI,#2b8384
28019,ES,#eeb33e
28020,DK,#6b8e57
28021,IS,#2ca02c
28022,FR,#b49f44
28023,GE,#c43d39
28024,RO,#b06e48
28025,GB,#7fa047
28026,IT,#ce893f
28027,AT,#ae8648
28028,CH,#b19246
28029,PL,#867f57
28030,HR,#bc8144
28031,FR,#b49f44
28032,DK,#6b8e57
28033,CH,#b19246
28034,RO,#b06e48
28035,ME,#d1783c
28036,HU,#ac7c49
28037,BY,#7b7261
28038,AT,#ae8648
28039,GB,#7fa047
28040,SI,#b58346
28041,CH,#b19246
28042,FR,#b49f44
28043,FR,#b49f44
28044,FI,#2b8384
28045,GE,#c43d39
28046,PT,#f8bf3f
28047,SK,#9d7d4f
28048,GE,#c43d39
28049,RU,#61667a
28050,GB,#7fa047
28051,FI,#2b8384
28052,MK,#d0733c
28053,HR,#bc8144
28054,CH,#b19246
28055,PL,#867f57
28056,NL,#8c974b
28057,PL,#867f57
28058,AL,#d87539
28059,SI,#b58346
28060,LT,#6e7a64
28061,BA,#c37c41
28062,IT,#ce893f
28063,MK,#d0733c
28064,ME,#d1783c
28065,FI,#2b8384
28066,RS,#c17541
28067,PT,#f8bf3f
28068,GE,#c43d39
28069,AL,#d87539
28070,DK,#6b8e57
28071,RU,#61667a
28072,IT,#ce893f
28073,HU,#ac7c49
28074,BA,#c37c41
28075,NL,#8c974b
28076,GE,#c43d39
28077,SE,#3c8a6a
28078,CH,#b19246
28079,CH,#b19246
28080,DE,#918e4e
28081,NL,#8c974b
28082,GE,#c43d39
28083,DE,#918e4e
28084,GB,#7fa047
28085,NL,#8c974b
28086,NO,#3d8e61
28087,SE,#3c8a6a
28088,DK,#6b8e57
28089,SE,#3c8a6a
28090,NO,#3d8e61
28091,IT,#ce893f
28092,HU,#ac7c49
28093,SI,#b58346
28094,PT,#f8bf3f
28095,IS,#2ca02c
28096,HU,#ac7c49
28097,IT,#ce893f
28098,EE,#507d73
28099,SE,#3c8a6a
28100,MK,#d0733c
28101,HR,#bc8144
28102,DE,#918e4e
28103,EE,#507d73
28104,DE,#918e4e
28105,GB,#7fa047
28106,HU,#ac7c49
28107,AL,#d87539
28108,IT,#ce893f
28109,AM,#d1322e
28110,NL,#8c974b
28111,DK,#6b8e57
28112,CH,#b19246
28113,RU,#61667a
28114,BG,#c66a3e
28115,CH,#b19246
28116,AM,#d1322e
28117,RU,#61667a
28118,RO,#b06e48
28119,DK,#6b8e57
28120,DE,#918e4e
28121,MK,#d0733c
28122,LT,#6e7a64
28123,GB,#7fa047
28124,NL,#8c974b
28125,DK,#6b8e57
28126,DE,#918e4e
28127,AM,#d1322e
28128,IS,#2ca02c
28129,IS,#2ca02c
28130,FI,#2b8384
28131,IT,#ce893f
28132,GE,#c43d39
28133,SE,#3c8a6a
28134,GB,#7fa047
28135,HR,#bc8144
28136,SK,#9d7d4f
28137,SK,#9d7d4f
28138,FR,#b49f44
28139,AL,#d87539
28140,IT,#ce893f
28141,BA,#c37c41
28142,PL,#867f57
28143,DK,#6b8e57
28144,GE,#c43d39
28145,SK,#9d7d4f
28146,CH,#b19246
28147,IS,#2ca02c
28148,NL,#8c974b
28149,HR,#bc8144
28150,DK,#6b8e57
28151,CH,#b19246
28152,GB,#7fa047
28153,DK,#6b8e57
28154,HU,#ac7c49
28155,PT,#f8bf3f
28156,NO,#3d8e61
28157,CZ,#97854f
28158,GE,#c43d39
28159,SK,#9d7d4f
28160,NL,#8c974b
28161,SK,#9d7d4f
28162,BY,#7b7261
28163,CH,#b19246
28164,GE,#c43d39
28165,ME,#d1783c
28166,SI,#b58346
28167,PT,#f8bf3f
28168,HR,#bc8144
28169,BG,#c66a3e
28170,DK,#6b8e57
28171,CH,#b19246
28172,FI,#2b8384
28173,SK,#9d7d4f
28174,GE,#c43d39
28175,ES,#eeb33e
28176,IS,#2ca02c
28177,BA,#c37c41
28178,AM,#d1322e
28179,IS,#2ca02c
28180,NO,#3d8e61
28181,EE,#507d73
28182,FR,#b49f44
28183,HR,#bc8144
28184,DK,#6b8e57
28185,AT,#ae8648
28186,DK,#6b8e57
28187,SK,#9d7d4f
28188,DK,#6b8e57
28189,IS,#2ca02c
28190,DK,#6b8e57
28191,NL,#8c974b
28192,BY,#7b7261
28193,NO,#3d8e61
28194,PL,#867f57
28195,LT,#6e7a64
28196,GE,#c43d39
28197,BY,#7b7261
28198,IS,#2ca02c
28199,BG,#c66a3e
28200,IT,#ce893f
28201,RO,#b06e48
28202,BY,#7b7261
28203,GB,#7fa047
28204,MK,#d0733c
28205,DE,#918e4e
28206,BY,#7b7261
28207,DE,#918e4e
28208,BG,#c66a3e
28209,IT,#ce893f
28210,RO,#b06e48
28211,CZ,#97854f
28212,DK,#6b8e57
28213,CH,#b19246
28214,GB,#7fa047
28215,IT,#ce893f
28216,HR,#bc8144
28217,NL,#8c974b
28218,IT,#ce893f
28219,BA,#c37c41
28220,FR,#b49f44
28221,IS,#2ca02c
28222,BY,#7b7261
28223,HU,#ac7c49
28224,GB,#7fa047
28225,IT,#ce893f
28226,DK,#6b8e57
28227,DK,#6b8e57
28228,FI,#2b8384
28229,IT,#ce893f
28230,DK,#6b8e57
28231,AT,#ae8648
28232,GE,#c43d39
28233,IS,#2ca02c
28234,PL,#867f57
28235,DE,#918e4e
28236,AT,#ae8648
28237,IS,#2ca02c
28238,MK,#d0733c
28239,AM,#d1322e
28240,RO,#b06e48
28241,RU,#61667a
28242,DK,#6b8e57
28243,AT,#ae8648
28244,HU,#ac7c49
28245,RS,#c17541
28246,AT,#ae8648
28247,NL,#8c974b
28248,CH,#b19246
28249,IT,#ce893f
28250,NL,#8c974b
28251,GE,#c43d39
28252,AZ,#cf2a2d
28253,CH,#b19246
28254,PL,#867f57
28255,HU,#ac7c49
28256,SK,#9d7d4f
28257,PL,#867f57
28258,DE,#918e4e
28259,BY,#7b7261
28260,CZ,#97854f
28261,IT,#ce893f
28262,CH,#b19246
28263,IS,#2ca02c
28264,RU,#61667a
28265,DK,#6b8e57
28266,AT,#ae8648
28267,AM,#d1322e
28268,GB,#7fa047
28269,HU,#ac7c49
28270,SK,#9d7d4f
28271,DK,#6b8e57
28272,DE,#918e4e
28273,BA,#c37c41
28274,BG,#c66a3e
28275,IT,#ce893f
28276,MK,#d0733c
28277,SI,#b58346
28278,HR,#bc8144
28279,IT,#ce893f
28280,BA,#c37c41
28281,SI,#b58346
28282,GE,#c43d39
28283,DK,#6b8e57
28284,DK,#6b8e57
28285,SE,#3c8a6a
28286,GB,#7fa047
28287,DK,#6b8e57
28288,FI,#2b8384
28289,NO,#3d8e61
28290,HR,#bc8144
28291,DK,#6b8e57
28292,CH,#b19246
28293,IT,#ce893f
28294,HU,#ac7c49
28295,EE,#507d73
28296,CZ,#97854f
28297,RU,#61667a
28298,GB,#7fa047
28299,HR,#bc8144
28300,AZ,#cf2a2d
28301,SE,#3c8a6a
28302,DK,#6b8e57
28303,CH,#b19246
28304,FR,#b49f44
28305,ES,#eeb33e
28306,DE,#918e4e
28307,GE,#c43d39
28308,AM,#d1322e
28309,BG,#c66a3e
28310,FI,#2b8384
28311,BA,#c37c41
28312,AM,#d1322e
28313,CH,#b19246
28314,HU,#ac7c49
28315,SK,#9d7d4f
28316,NO,#3d8e61
28317,IT,#ce893f
28318,SE,#3c8a6a
28319,FR,#b49f44
28320,RU,#61667a
28321,CZ,#97854f
28322,IS,#2ca02c
28323,NL,#8c974b
28324,IS,#2ca02c
28325,SK,#9d7d4f
28326,IT,#ce893f
28327,IT,#ce893f
28328,GB,#7fa047
28329,SI,#b58346
28330,AT,#ae8648
28331,DE,#918e4e
28332,NL,#8c974b
28333,NL,#8c974b
28334,GB,#7fa047
28335,PL,#867f57
28336,ME,#d1783c
28337,FI,#2b8384
28338,MK,#d0733c
28339,HU,#ac7c49
28340,ES,#eeb33e
28341,NO,#3d8e61
28342,GE,#c43d39
28343,DK,#6b8e57
28344,CH,#b19246
28345,DE,#918e4e
28346,MK,#d0733c
28347,GE,#c43d39
28348,AM,#d1322e
28349,AM,#d1322e
28350,SE,#3c8a6a
28351,DK,#6b8e57
28352,HR,#bc8144
28353,LT,#6e7a64
28354,BG,#c66a3e
28355,NO,#3d8e61
28356,CH,#b19246
28357,RS,#c17541
28358,SE,#3c8a6a
28359,RO,#b06e48
28360,DK,#6b8e57
28361,FI,#2b8384
28362,BY,#7b7261
28363,SK,#9d7d4f
28364,IT,#ce893f
28365,CH,#b19246
28366,MK,#d0733c
28367,RO,#b06e48
28368,AM,#d1322e
28369,SE,#3c8a6a
28370,BG,#c66a3e
28371,NL,#8c974b
28372,NO,#3d8e61
28373,NL,#8c974b
28374,NL,#8c974b
28375,CH,#b19246
28376,DK,#6b8e57
28377,DK,#6b8e57
28378,NO,#3d8e61
28379,SI,#b58346
28380,CZ,#97854f
28381,DK,#6b8e57
28382,DK,#6b8e57
28383,DK,#6b8e57
28384,BA,#c37c41
28385,NL,#8c974b
28386,ES,#eeb33e
28387,RS,#c17541
28388,FI,#2b8384
28389,CH,#b19246
28390,AT,#ae8648
28391,IT,#ce893f
28392,BY,#7b7261
28393,AL,#d87539
28394,DK,#6b8e57
28395,PT,#f8bf3f
28396,RO,#b06e48
28397,CZ,#97854f
28398,BA,#c37c41
28399,DK,#6b8e57
28400,CZ,#97854f
28401,DK,#6b8e57
28402,DK,#6b8e57
28403,ES,#eeb33e
28404,FI,#2b8384
28405,DK,#6b8e57
28406,RU,#61667a
28407,LT,#6e7a64
28408,BA,#c37c41
28409,DE,#918e4e
28410,BG,#c66a3e
28411,AT,#ae8648
28412,FR,#b49f44
28413,NL,#8c974b
28414,GE,#c43d39
28415,CH,#b19246
28416,GE,#c43d39
28417,GB,#7fa047
28418,SK,#9d7d4f
28419,MK,#d0733c
28420,SE,#3c8a6a
28421,RS,#c17541
28422,DE,#918e4e
28423,DK,#6b8e57
28424,DE,#918e4e
28425,CH,#b19246
28426,RU,#61667a
28427,HR,#bc8144
28428,CH,#b19246
28429,CZ,#97854f
28430,GE,#c43d39
28431,DK,#6b8e57
28432,IS,#2ca02c
28433,FR,#b49f44
28434,DK,#6b8e57
28435,NL,#8c974b
28436,DK,#6b8e57
28437,SK,#9d7d4f
28438,BA,#c37c41
28439,PL,#867f57
28440,AL,#d87539
28441,LT,#6e7a64
28442,NL,#8c974b
28443,DK,#6b8e57
28444,NL,#8c974b
28445,CH,#b19246
28446,BG,#c66a3e
28447,CH,#b19246
28448,DK,#6b8e57
28449,RS,#c17541
28450,HU,#ac7c49
28451,CH,#b19246
28452,AL,#d87539
28453,PL,#867f57
28454,DK,#6b8e57
28455,DK,#6b8e57
28456,DE,#918e4e
28457,NL,#8c974b
28458,NL,#8c974b
28459,BA,#c37c41
28460,RS,#c17541
28461,BA,#c37c41
28462,CZ,#97854f
28463,RS,#c17541
28464,RS,#c17541
28465,AT,#ae8648
28466,IT,#ce893f
28467,GB,#7fa047
28468,CH,#b19246
28469,IS,#2ca02c
28470,AM,#d1322e
28471,FI,#2b8384
28472,HU,#ac7c49
28473,BA,#c37c41
28474,EE,#507d73
28475,DE,#918e4e
28476,DK,#6b8e57
28477,GB,#7fa047
28478,AT,#ae8648
28479,HU,#ac7c49
28480,IS,#2ca02c
28481,HU,#ac7c49
28482,AZ,#cf2a2d
28483,RS,#c17541
28484,AZ,#cf2a2d
28485,GE,#c43d39
28486,RS,#c17541
28487,HU,#ac7c49
28488,DK,#6b8e57
28489,NL,#8c974b
28490,FR,#b49f44
28491,SK,#9d7d4f
28492,HU,#ac7c49
28493,NL,#8c974b
28494,BG,#c66a3e
28495,DE,#918e4e
28496,DK,#6b8e57
28497,CH,#b19246
28498,MK,#d0733c
28499,CH,#b19246
28500,RS,#c17541
28501,GE,#c43d39
28502,SI,#b58346
28503,EE,#507d73
28504,RS,#c17541
28505,PL,#867f57
28506,DE,#918e4e
28507,NO,#3d8e61
28508,IS,#2ca02c
28509,CH,#b19246
28510,AL,#d87539
28511,NO,#3d8e61
28512,AM,#d1322e
28513,MK,#d0733c
28514,SI,#b58346
28515,SK,#9d7d4f
28516,FI,#2b8384
28517,AL,#d87539
28518,HR,#bc8144
28519,RS,#c17541
28520,GE,#c43d39
28521,DK,#6b8e57
28522,CH,#b19246
28523,DE,#918e4e
28524,CH,#b19246
28525,NL,#8c974b
28526,NO,#3d8e61
28527,DK,#6b8e57
28528,PL,#867f57
28529,BA,#c37c41
28530,DK,#6b8e57
28531,RS,#c17541
28532,SE,#3c8a6a
28533,DK,#6b8e57
28534,CH,#b19246
28535,FR,#b49f44
28536,DE,#918e4e
28537,FI,#2b8384
28538,HR,#bc8144
28539,DK,#6b8e57
28540,NL,#8c974b
28541,GB,#7fa047
28542,PT,#f8bf3f
28543,DK,#6b8e57
28544,HU,#ac7c49
28545,BY,#7b7261
28546,SE,#3c8a6a
28547,FI,#2b8384
28548,DE,#918e4e
28549,SK,#9d7d4f
28550,RU,#61667a
28551,DK,#6b8e57
28552,IT,#ce893f
28553,NL,#8c974b
28554,AL,#d87539
28555,NO,#3d8e61
28556,RS,#c17541
28557,BA,#c37c41
28558,NL,#8c974b
28559,FI,#2b8384
28560,LT,#6e7a64
28561,AM,#d1322e
28562,DK,#6b8e57
28563,ES,#eeb33e
28564,RO,#b06e48
28565,CZ,#97854f
28566,SE,#3c8a6a
28567,CH,#b19246
28568,DE,#918e4e
28569,NL,#8c974b
28570,FR,#b49f44
28571,GE,#c43d39
28572,AM,#d1322e
28573,GB,#7fa047
28574,BA,#c37c41
28575,DK,#6b8e57
28576,AM,#d1322e
28577,AT,#ae8648
28578,SE,#3c8a6a
28579,DE,#918e4e
28580,HU,#ac7c49
28581,DE,#918e4e
28582,AL,#d87539
28583,DK,#6b8e57
28584,ES,#eeb33e
28585,IT,#ce893f
28586,BY,#7b7261
28587,AM,#d1322e
28588,ME,#d1783c
28589,GE,#c43d39
28590,IS,#2ca02c
28591,FI,#2b8384
28592,BG,#c66a3e
28593,DK,#6b8e57
28594,RS,#c17541
28595,AM,#d1322e
28596,NL,#8c974b
28597,RU,#61667a
28598,GB,#7fa047
28599,HR,#bc8144
28600,CZ,#97854f
28601,CZ,#97854f
28602,MK,#d0733c
28603,CH,#b19246
28604,PT,#f8bf3f
28605,DK,#6b8e57
28606,NL,#8c974b
28607,GB,#7fa047
28608,AL,#d87539
28609,LT,#6e7a64
28610,DK,#6b8e57
28611,HU,#ac7c49
28612,IS,#2ca02c
28613,MK,#d0733c
28614,IS,#2ca02c
28615,SK,#9d7d4f
28616,BG,#c66a3e
28617,NL,#8c974b
28618,NL,#8c974b
28619,CH,#b19246
28620,FI,#2b8384
28621,FR,#b49f44
28622,NO,#3d8e61
28623,AL,#d87539
28624,BY,#7b7261
28625,IS,#2ca02c
28626,GB,#7fa047
28627,IS,#2ca02c
28628,DK,#6b8e57
28629,SK,#9d7d4f
28630,DK,#6b8e57
28631,CH,#b19246
28632,GE,#c43d39
28633,HR,#bc8144
28634,BA,#c37c41
28635,SK,#9d7d4f
28636,DE,#918e4e
28637,DK,#6b8e57
28638,IS,#2ca02c
28639,IS,#2ca02c
28640,IS,#2ca02c
28641,GB,#7fa047
28642,DK,#6b8e57
28643,SI,#b58346
28644,NL,#8c974b
28645,RS,#c17541
28646,EE,#507d73
28647,AL,#d87539
28648,GE,#c43d39
28649,RO,#b06e48
28650,MK,#d0733c
28651,GB,#7fa047
28652,IS,#2ca02c
28653,RS,#c17541
28654,BG,#c66a3e
28655,HU,#ac7c49
28656,DK,#6b8e57
28657,CH,#b19246
28658,RU,#61667a
28659,BA,#c37c41
28660,GE,#c43d39
28661,LT,#6e7a64
28662,NO,#3d8e61
28663,DK,#6b8e57
28664,ME,#d1783c
28665,EE,#507d73
28666,MK,#d0733c
28667,SI,#b58346
28668,NL,#8c974b
28669,RU,#61667a
28670,FR,#b49f44
28671,DK,#6b8e57
28672,NL,#8c974b
28673,SI,#b58346
28674,PL,#867f57
28675,LT,#6e7a64
28676,GB,#7fa047
28677,IT,#ce893f
28678,RS,#c17541
28679,FR,#b49f44
28680,ES,#eeb33e
28681,AT,#ae8648
28682,DK,#6b8e57
28683,CZ,#97854f
28684,CH,#b19246
28685,PT,#f8bf3f
28686,NL,#8c974b
28687,AM,#d1322e
28688,NL,#8c974b
28689,IT,#ce893f
28690,IS,#2ca02c
28691,PL,#867f57
28692,DK,#6b8e57
28693,AT,#ae8648
28694,HU,#ac7c49
28695,LT,#6e7a64
28696,ES,#eeb33e
28697,IS,#2ca02c
28698,DE,#918e4e
28699,CZ,#97854f
28700,IS,#2ca02c
28701,CZ,#97854f
28702,DK,#6b8e57
28703,CZ,#97854f
28704,FR,#b49f44
28705,CH,#b19246
28706,RS,#c17541
28707,DK,#6b8e57
28708,NL,#8c974b
28709,AT,#ae8648
28710,GB,#7fa047
28711,SE,#3c8a6a
28712,LT,#6e7a64
28713,GE,#c43d39
28714,BA,#c37c41
28715,NL,#8c974b
28716,IT,#ce893f
28717,DK,#6b8e57
28718,PT,#f8bf3f
28719,DK,#6b8e57
28720,DE,#918e4e
28721,BA,#c37c41
28722,GB,#7fa047
28723,RU,#61667a
28724,GE,#c43d39
28725,FI,#2b8384
28726,NL,#8c974b
28727,DK,#6b8e57
28728,HU,#ac7c49
28729,NL,#8c974b
28730,BY,#7b7261
28731,BG,#c66a3e
28732,BA,#c37c41
28733,DE,#918e4e
28734,DK,#6b8e57
28735,DK,#6b8e57
28736,DK,#6b8e57
28737,RO,#b06e48
28738,PL,#867f57
28739,GE,#c43d39
28740,FI,#2b8384
28741,GE,#c43d39
28742,NL,#8c974b
28743,DK,#6b8e57
28744,BY,#7b7261
28745,BA,#c37c41
28746,CZ,#97854f
28747,IT,#ce893f
28748,BY,#7b7261
28749,GB,#7fa047
28750,LT,#6e7a64
28751,SI,#b58346
28752,IS,#2ca02c
28753,PT,#f8bf3f
28754,HU,#ac7c49
28755,NL,#8c974b
28756,IT,#ce893f
28757,HR,#bc8144
28758,GB,#7fa047
28759,AT,#ae8648
28760,IS,#2ca02c
28761,SK,#9d7d4f
28762,FR,#b49f44
28763,IS,#2ca02c
28764,PT,#f8bf3f
28765,PT,#f8bf3f
28766,FI,#2b8384
28767,ME,#d1783c
28768,NO,#3d8e61
28769,CZ,#97854f
28770,DK,#6b8e57
28771,GE,#c43d39
28772,DE,#918e4e
28773,CZ,#97854f
28774,SE,#3c8a6a
28775,NL,#8c974b
28776,RO,#b06e48
28777,CH,#b19246
28778,GB,#7fa047
28779,CZ,#97854f
28780,AL,#d87539
28781,AM,#d1322e
28782,AZ,#cf2a2d
28783,FR,#b49f44
28784,PL,#867f57
28785,GB,#7fa047
28786,NL,#8c974b
28787,AM,#d1322e
28788,PT,#f8bf3f
28789,AL,#d87539
28790,DE,#918e4e
28791,AM,#d1322e
28792,RU,#61667a
28793,FR,#b49f44
28794,NL,#8c974b
28795,BA,#c37c41
28796,GB,#7fa047
28797,RU,#61667a
28798,ME,#d1783c
28799,DK,#6b8e57
28800,IS,#2ca02c
28801,IT,#ce893f
28802,NL,#8c974b
28803,BG,#c66a3e
28804,IS,#2ca02c
28805,PL,#867f57
28806,GB,#7fa047
28807,CH,#b19246
28808,MK,#d0733c
28809,CH,#b19246
28810,ME,#d1783c
28811,SI,#b58346
28812,SK,#9d7d4f
28813,BY,#7b7261
28814,RU,#61667a
28815,FI,#2b8384
28816,GE,#c43d39
28817,SK,#9d7d4f
28818,HU,#ac7c49
28819,GB,#7fa047
28820,MK,#d0733c
28821,DK,#6b8e57
28822,BY,#7b7261
28823,DK,#6b8e57
28824,PL,#867f57
28825,CH,#b19246
28826,PL,#867f57
28827,DK,#6b8e57
28828,MK,#d0733c
28829,SE,#3c8a6a
28830,DK,#6b8e57
28831,NO,#3d8e61
28832,PL,#867f57
28833,NO,#3d8e61
28834,IT,#ce893f
28835,LT,#6e7a64
28836,DK,#6b8e57
28837,SE,#3c8a6a
28838,DE,#918e4e
28839,GE,#c43d39
28840,DK,#6b8e57
28841,NO,#3d8e61
28842,IT,#ce893f
28843,BY,#7b7261
28844,RS,#c17541
28845,GB,#7fa047
28846,DK,#6b8e57
28847,SI,#b58346
28848,DK,#6b8e57
28849,CH,#b19246
28850,SK,#9d7d4f
28851,CH,#b19246
28852,RU,#61667a
28853,GB,#7fa047
28854,SK,#9d7d4f
28855,LT,#6e7a64
28856,RU,#61667a
28857,GB,#7fa047
28858,SE,#3c8a6a
28859,AZ,#cf2a2d
28860,RU,#61667a
28861,HU,#ac7c49
28862,RS,#c17541
28863,NO,#3d8e61
28864,SK,#9d7d4f
28865,CZ,#97854f
28866,CH,#b19246
28867,DE,#918e4e
28868,NO,#3d8e61
28869,CH,#b19246
28870,RO,#b06e48
28871,PT,#f8bf3f
28872,NL,#8c974b
28873,FR,#b49f44
28874,SK,#9d7d4f
28875,NL,#8c974b
28876,HU,#ac7c49
28877,BA,#c37c41
28878,SK,#9d7d4f
28879,RU,#61667a
28880,DK,#6b8e57
28881,CZ,#97854f
28882,NL,#8c974b
28883,EE,#507d73
28884,NL,#8c974b
28885,RS,#c17541
28886,IT,#ce893f
28887,IS,#2ca02c
28888,NO,#3d8e61
28889,CZ,#97854f
28890,EE,#507d73
28891,SE,#3c8a6a
28892,GB,#7fa047
28893,IS,#2ca02c
28894,BY,#7b7261
28895,MK,#d0733c
28896,NO,#3d8e61
28897,RS,#c17541
28898,BA,#c37c41
28899,SI,#b58346
28900,CH,#b19246
28901,ES,#eeb33e
28902,SI,#b58346
28903,DK,#6b8e57
28904,GE,#c43d39
28905,CZ,#97854f
28906,AM,#d1322e
28907,DE,#918e4e
28908,CZ,#97854f
28909,NL,#8c974b
28910,DE,#918e4e
28911,DE,#918e4e
28912,DK,#6b8e57
28913,DE,#918e4e
28914,NL,#8c974b
28915,NO,#3d8e61
28916,RU,#61667a
28917,DE,#918e4e
28918,PT,#f8bf3f
28919,RU,#61667a
28920,AL,#d87539
28921,NL,#8c974b
28922,RU,#61667a
28923,DE,#918e4e
28924,AL,#d87539
28925,GB,#7fa047
28926,PL,#867f57
28927,HU,#ac7c49
28928,RO,#b06e48
28929,GE,#c43d39
28930,MK,#d0733c
28931,DK,#6b8e57
28932,CH,#b19246
28933,EE,#507d73
28934,CH,#b19246
28935,CH,#b19246
28936,IS,#2ca02c
28937,CH,#b19246
28938,IS,#2ca02c
28939,SK,#9d7d4f
28940,DE,#918e4e
28941,HR,#bc8144
28942,GE,#c43d39
28943,CH,#b19246
28944,RS,#c17541
28945,IT,#ce893f
28946,AZ,#cf2a2d
28947,RS,#c17541
28948,AT,#ae8648
28949,CH,#b19246
28950,CH,#b19246
28951,DE,#918e4e
28952,CH,#b19246
28953,CH,#b19246
28954,GE,#c43d39
28955,PT,#f8bf3f
28956,LT,#6e7a64
28957,DK,#6b8e57
28958,HR,#bc8144
28959,GB,#7fa047
28960,AT,#ae8648
28961,NL,#8c974b
28962,SK,#9d7d4f
28963,CH,#b19246
28964,HU,#ac7c49
28965,CZ,#97854f
28966,PT,#f8bf3f
28967,NL,#8c974b
28968,BA,#c37c41
28969,ES,#eeb33e
28970,SE,#3c8a6a
28971,RO,#b06e48
28972,HU,#ac7c49
28973,SI,#b58346
28974,SK,#9d7d4f
28975,SE,#3c8a6a
28976,CH,#b19246
28977,AT,#ae8648
28978,DK,#6b8e57
28979,GB,#7fa047
28980,FI,#2b8384
28981,NO,#3d8e61
28982,GB,#7fa047
28983,AM,#d1322e
28984,NO,#3d8e61
28985,RO,#b06e48
28986,AT,#ae8648
28987,GE,#c43d39
28988,RU,#61667a
28989,CH,#b19246
28990,SK,#9d7d4f
28991,RS,#c17541
28992,PT,#f8bf3f
28993,SE,#3c8a6a
28994,AT,#ae8648
28995,CZ,#97854f
28996,CZ,#97854f
28997,IT,#ce893f
28998,SI,#b58346
28999,AT,#ae8648
29000,HU,#ac7c49
29001,PT,#f8bf3f
29002,SK,#9d7d4f
29003,FR,#b49f44
29004,SE,#3c8a6a
29005,DE,#918e4e
29006,SE,#3c8a6a
29007,HU,#ac7c49
29008,DK,#6b8e57
29009,DE,#918e4e
29010,FI,#2b8384
29011,DE,#918e4e
29012,DK,#6b8e57
29013,BA,#c37c41
29014,CZ,#97854f
29015,DK,#6b8e57
29016,AL,#d87539
29017,DK,#6b8e57
29018,NL,#8c974b
29019,ME,#d1783c
29020,CH,#b19246
29021,ES,#eeb33e
29022,FI,#2b8384
29023,FR,#b49f44
29024,CH,#b19246
29025,AT,#ae8648
29026,FR,#b49f44
29027,ES,#eeb33e
29028,AL,#d87539
29029,AL,#d87539
29030,AM,#d1322e
29031,CH,#b19246
29032,EE,#507d73
29033,AT,#ae8648
29034,DE,#918e4e
29035,IT,#ce893f
29036,IT,#ce893f
29037,CH,#b19246
29038,PT,#f8bf3f
29039,DK,#6b8e57
29040,PL,#867f57
29041,FI,#2b8384
29042,BA,#c37c41
29043,IT,#ce893f
29044,RS,#c17541
29045,NO,#3d8e61
29046,NO,#3d8e61
29047,FI,#2b8384
29048,DK,#6b8e57
29049,SI,#b58346
29050,DE,#918e4e
29051,BY,#7b7261
29052,FR,#b49f44
29053,DK,#6b8e57
29054,DK,#6b8e57
29055,GB,#7fa047
29056,DK,#6b8e57
29057,IT,#ce893f
29058,AT,#ae8648
29059,PT,#f8bf3f
29060,PT,#f8bf3f
29061,AT,#ae8648
29062,AT,#ae8648
29063,EE,#507d73
29064,ES,#eeb33e
29065,AT,#ae8648
29066,NL,#8c974b
29067,AL,#d87539
29068,AM,#d1322e
29069,DK,#6b8e57
29070,DK,#6b8e57
29071,SE,#3c8a6a
29072,CH,#b19246
29073,HR,#bc8144
29074,DK,#6b8e57
29075,AL,#d87539
29076,RU,#61667a
29077,AL,#d87539
29078,FR,#b49f44
29079,GE,#c43d39
29080,IT,#ce893f
29081,AT,#ae8648
29082,AZ,#cf2a2d
29083,RO,#b06e48
29084,MK,#d0733c
29085,GB,#7fa047
29086,CZ,#97854f
29087,FI,#2b8384
29088,IS,#2ca02c
29089,FR,#b49f44
29090,DK,#6b8e57
29091,SI,#b58346
29092,RS,#c17541
29093,DK,#6b8e57
29094,NO,#3d8e61
29095,HR,#bc8144
29096,CZ,#97854f
29097,CH,#b19246
29098,CH,#b19246
29099,GB,#7fa047
29100,ES,#eeb33e
29101,AM,#d1322e
29102,AT,#ae8648
29103,CZ,#97854f
29104,DK,#6b8e57
29105,AL,#d87539
29106,SE,#3c8a6a
29107,IS,#2ca02c
29108,EE,#507d73
29109,NO,#3d8e61
29110,NO,#3d8e61
29111,SE,#3c8a6a
29112,DK,#6b8e57
29113,DE,#918e4e
29114,DK,#6b8e57
29115,CH,#b19246
29116,DK,#6b8e57
29117,GB,#7fa047
29118,NL,#8c974b
29119,GE,#c43d39
29120,ES,#eeb33e
29121,CH,#b19246
29122,NO,#3d8e61
29123,AM,#d1322e
29124,BY,#7b7261
29125,ME,#d1783c
29126,ES,#eeb33e
29127,BY,#7b7261
29128,DK,#6b8e57
29129,BY,#7b7261
29130,BA,#c37c41
29131,GB,#7fa047
29132,BG,#c66a3e
29133,NL,#8c974b
29134,SE,#3c8a6a
29135,SE,#3c8a6a
29136,MK,#d0733c
29137,DK,#6b8e57
29138,CH,#b19246
29139,GB,#7fa047
29140,BA,#c37c41
29141,HR,#bc8144
29142,PL,#867f57
29143,CH,#b19246
29144,NO,#3d8e61
29145,DK,#6b8e57
29146,HU,#ac7c49
29147,GE,#c43d39
29148,DE,#918e4e
29149,CH,#b19246
29150,CH,#b19246
29151,IS,#2ca02c
29152,BY,#7b7261
29153,HU,#ac7c49
29154,DK,#6b8e57
29155,IS,#2ca02c
29156,SE,#3c8a6a
29157,RU,#61667a
29158,GE,#c43d39
29159,IT,#ce893f
29160,DE,#918e4e
29161,DK,#6b8e57
29162,DK,#6b8e57
29163,RS,#c17541
29164,MK,#d0733c
29165,BY,#7b7261
29166,BA,#c37c41
29167,BY,#7b7261
29168,CZ,#97854f
29169,RS,#c17541
29170,NO,#3d8e61
29171,BA,#c37c41
29172,AL,#d87539
29173,PL,#867f57
29174,SI,#b58346
29175,RO,#b06e48
29176,EE,#507d73
29177,DK,#6b8e57
29178,DE,#918e4e
29179,FI,#2b8384
29180,AM,#d1322e
29181,IT,#ce893f
29182,BA,#c37c41
29183,RS,#c17541
29184,NL,#8c974b
29185,GE,#c43d39
29186,DE,#918e4e
29187,RO,#b06e48
29188,IT,#ce893f
29189,BA,#c37c41
29190,GB,#7fa047
29191,DK,#6b8e57
29192,DK,#6b8e57
29193,BA,#c37c41
29194,CZ,#97854f
29195,CH,#b19246
29196,FI,#2b8384
29197,DK,#6b8e57
29198,PL,#867f57
29199,AZ,#cf2a2d
29200,FR,#b49f44
29201,GB,#7fa047
29202,AT,#ae8648
29203,HR,#bc8144
29204,HU,#ac7c49
29205,GB,#7fa047
29206,NO,#3d8e61
29207,DK,#6b8e57
29208,HU,#ac7c49
29209,GB,#7fa047
29210,MK,#d0733c
29211,NL,#8c974b
29212,BG,#c66a3e
29213,BY,#7b7261
29214,PL,#867f57
29215,SE,#3c8a6a
29216,IT,#ce893f
29217,DE,#918e4e
29218,GB,#7fa047
29219,DK,#6b8e57
29220,IT,#ce893f
29221,NL,#8c974b
29222,SK,#9d7d4f
29223,AM,#d1322e
29224,DK,#6b8e57
29225,PL,#867f57
29226,HR,#bc8144
29227,AT,#ae8648
29228,GE,#c43d39
29229,SK,#9d7d4f
29230,AT,#ae8648
29231,IT,#ce893f
29232,AT,#ae8648
29233,GE,#c43d39
29234,GE,#c43d39
29235,FI,#2b8384
29236,SK,#9d7d4f
29237,AZ,#cf2a2d
29238,AT,#ae8648
29239,BA,#c37c41
29240,AT,#ae8648
29241,IT,#ce893f
29242,CH,#b19246
29243,BG,#c66a3e
29244,GE,#c43d39
29245,GB,#7fa047
29246,DE,#918e4e
29247,FR,#b49f44
29248,FR,#b49f44
29249,DE,#918e4e
29250,NO,#3d8e61
29251,HR,#bc8144
29252,AZ,#cf2a2d
29253,PT,#f8bf3f
29254,PT,#f8bf3f
29255,HU,#ac7c49
29256,SK,#9d7d4f
29257,RS,#c17541
29258,CH,#b19246
29259,AZ,#cf2a2d
29260,DK,#6b8e57
29261,BG,#c66a3e
29262,SK,#9d7d4f
29263,GE,#c43d39
29264,DK,#6b8e57
29265,FI,#2b8384
29266,DE,#918e4e
29267,AT,#ae8648
29268,IS,#2ca02c
29269,BA,#c37c41
29270,DK,#6b8e57
29271,RS,#c17541
29272,HU,#ac7c49
29273,AM,#d1322e
29274,SI,#b58346
29275,FR,#b49f44
29276,DK,#6b8e57
29277,CH,#b19246
29278,MK,#d0733c
29279,ME,#d1783c
29280,DK,#6b8e57
29281,CZ,#97854f
29282,CH,#b19246
29283,HR,#bc8144
29284,FI,#2b8384
29285,NL,#8c974b
29286,CZ,#97854f
29287,AL,#d87539
29288,PT,#f8bf3f
29289,HR,#bc8144
29290,BA,#c37c41
29291,ME,#d1783c
29292,IT,#ce893f
29293,ES,#eeb33e
29294,SK,#9d7d4f
29295,PT,#f8bf3f
29296,DK,#6b8e57
29297,AL,#d87539
29298,DK,#6b8e57
29299,BY,#7b7261
29300,NO,#3d8e61
29301,SK,#9d7d4f
29302,MK,#d0733c
29303,FR,#b49f44
29304,GE,#c43d39
29305,GE,#c43d39
29306,AT,#ae8648
29307,DK,#6b8e57
29308,DE,#918e4e
29309,RS,#c17541
29310,GB,#7fa047
29311,NO,#3d8e61
29312,IS,#2ca02c
29313,GE,#c43d39
29314,IS,#2ca02c
29315,AM,#d1322e
29316,IT,#ce893f
29317,IT,#ce893f
29318,BG,#c66a3e
29319,AL,#d87539
29320,FR,#b49f44
29321,AT,#ae8648
29322,LT,#6e7a64
29323,DK,#6b8e57
29324,CH,#b19246
29325,DE,#918e4e
29326,SI,#b58346
29327,PT,#f8bf3f
29328,MK,#d0733c
29329,GB,#7fa047
29330,DE,#918e4e
29331,CH,#b19246
29332,DE,#918e4e
29333,RS,#c17541
29334,DK,#6b8e57
29335,BA,#c37c41
29336,HR,#bc8144
29337,FR,#b49f44
29338,DK,#6b8e57
29339,CH,#b19246
29340,NL,#8c974b
29341,CH,#b19246
29342,AM,#d1322e
29343,NO,#3d8e61
29344,NL,#8c974b
29345,HU,#ac7c49
29346,FR,#b49f44
29347,PL,#867f57
29348,CH,#b19246
29349,SE,#3c8a6a
29350,EE,#507d73
29351,CH,#b19246
29352,NL,#8c974b
29353,DK,#6b8e57
29354,DE,#918e4e
29355,AT,#ae8648
29356,HU,#ac7c49
29357,DK,#6b8e57
29358,BY,#7b7261
29359,FI,#2b8384
29360,CZ,#97854f
29361,GB,#7fa047
29362,GB,#7fa047
29363,IT,#ce893f
29364,SI,#b58346
29365,DK,#6b8e57
29366,CZ,#97854f
29367,AM,#d1322e
29368,DE,#918e4e
29369,IS,#2ca02c
29370,AT,#ae8648
29371,FR,#b49f44
29372,BA,#c37c41
29373,CH,#b19246
29374,GB,#7fa047
29375,BA,#c37c41
29376,DK,#6b8e57
29377,CH,#b19246
29378,DE,#918e4e
29379,NL,#8c974b
29380,IS,#2ca02c
29381,CH,#b19246
29382,IS,#2ca02c
29383,DE,#918e4e
29384,MK,#d0733c
29385,BY,#7b7261
29386,HU,#ac7c49
29387,ME,#d1783c
29388,IT,#ce893f
29389,FR,#b49f44
29390,PL,#867f57
29391,DE,#918e4e
29392,NO,#3d8e61
29393,AZ,#cf2a2d
29394,RO,#b06e48
29395,NL,#8c974b
29396,FR,#b49f44
29397,GB,#7fa047
29398,HR,#bc8144
29399,HR,#bc8144
29400,HR,#bc8144
29401,GB,#7fa047
29402,CH,#b19246
29403,FR,#b49f44
29404,HU,#ac7c49
29405,HR,#bc8144
29406,AT,#ae8648
29407,AM,#d1322e
29408,AT,#ae8648
29409,GB,#7fa047
29410,AT,#ae8648
29411,LT,#6e7a64
29412,CZ,#97854f
29413,DE,#918e4e
29414,BY,#7b7261
29415,BG,#c66a3e
29416,DE,#918e4e
29417,HR,#bc8144
29418,GB,#7fa047
29419,RO,#b06e48
29420,SE,#3c8a6a
29421,BY,#7b7261
29422,IS,#2ca02c
29423,NO,#3d8e61
29424,RO,#b06e48
29425,DK,#6b8e57
29426,BG,#c66a3e
29427,NO,#3d8e61
29428,PT,#f8bf3f
29429,AM,#d1322e
29430,BY,#7b7261
29431,AZ,#cf2a2d
29432,DK,#6b8e57
29433,HR,#bc8144
29434,GB,#7fa047
29435,GE,#c43d39
29436,FI,#2b8384
29437,PL,#867f57
29438,FR,#b49f44
29439,GB,#7fa047
29440,IT,#ce893f
29441,HU,#ac7c49
29442,GE,#c43d39
29443,SE,#3c8a6a
29444,HU,#ac7c49
29445,CH,#b19246
29446,AL,#d87539
29447,PL,#867f57
29448,NO,#3d8e61
29449,DK,#6b8e57
29450,SK,#9d7d4f
29451,CZ,#97854f
29452,AL,#d87539
29453,IS,#2ca02c
29454,AL,#d87539
29455,DK,#6b8e57
29456,NO,#3d8e61
29457,DK,#6b8e57
29458,AL,#d87539
29459,EE,#507d73
29460,MK,#d0733c
29461,NO,#3d8e61
29462,CZ,#97854f
29463,BA,#c37c41
29464,HU,#ac7c49
29465,BA,#c37c41
29466,GB,#7fa047
29467,FR,#b49f44
29468,CZ,#97854f
29469,FR,#b49f44
29470,MK,#d0733c
29471,GB,#7fa047
29472,BA,#c37c41
29473,AL,#d87539
29474,HU,#ac7c49
29475,AZ,#cf2a2d
29476,DK,#6b8e57
29477,HU,#ac7c49
29478,DK,#6b8e57
29479,BG,#c66a3e
29480,RU,#61667a
29481,DK,#6b8e57
29482,AZ,#cf2a2d
29483,PL,#867f57
29484,BA,#c37c41
29485,AL,#d87539
29486,AT,#ae8648
29487,RU,#61667a
29488,DE,#918e4e
29489,PL,#867f57
29490,IS,#2ca02c
29491,IS,#2ca02c
29492,HU,#ac7c49
29493,BG,#c66a3e
29494,PL,#867f57
29495,FI,#2b8384
29496,AM,#d1322e
29497,DK,#6b8e57
29498,IT,#ce893f
29499,BY,#7b7261
29500,CH,#b19246
29501,CH,#b19246
29502,RS,#c17541
29503,PL,#867f57
29504,SE,#3c8a6a
29505,FR,#b49f44
29506,AZ,#cf2a2d
29507,RS,#c17541
29508,FI,#2b8384
29509,ME,#d1783c
29510,CH,#b19246
29511,MK,#d0733c
29512,CH,#b19246
29513,GE,#c43d39
29514,SI,#b58346
29515,IT,#ce893f
29516,FI,#2b8384
29517,HR,#bc8144
29518,DK,#6b8e57
29519,CH,#b19246
29520,PT,#f8bf3f
29521,DK,#6b8e57
29522,NL,#8c974b
29523,BG,#c66a3e
29524,GB,#7fa047
29525,BA,#c37c41
29526,PL,#867f57
29527,DE,#918e4e
29528,BA,#c37c41
29529,NO,#3d8e61
29530,HR,#bc8144
29531,DK,#6b8e57
29532,CH,#b19246
29533,DE,#918e4e
29534,HU,#ac7c49
29535,ME,#d1783c
29536,CH,#b19246
29537,CH,#b19246
29538,IS,#2ca02c
29539,DE,#918e4e
29540,AZ,#cf2a2d
29541,GB,#7fa047
29542,FI,#2b8384
29543,DK,#6b8e57
29544,PL,#867f57
29545,AM,#d1322e
29546,FI,#2b8384
29547,DK,#6b8e57
29548,NL,#8c974b
29549,SE,#3c8a6a
29550,GE,#c43d39
29551,AT,#ae8648
29552,BY,#7b7261
29553,FR,#b49f44
29554,DK,#6b8e57
29555,DK,#6b8e57
29556,SK,#9d7d4f
29557,FI,#2b8384
29558,PL,#867f57
29559,PL,#867f57
29560,GB,#7fa047
29561,BA,#c37c41
29562,PL,#867f57
29563,PL,#867f57
29564,SK,#9d7d4f
29565,FI,#2b8384
29566,IS,#2ca02c
29567,DE,#918e4e
29568,FR,#b49f44
29569,CH,#b19246
29570,FI,#2b8384
29571,MK,#d0733c
29572,HU,#ac7c49
29573,CH,#b19246
29574,DK,#6b8e57
29575,CH,#b19246
29576,NL,#8c974b
29577,NL,#8c974b
29578,BG,#c66a3e
29579,GB,#7fa047
29580,HU,#ac7c49
29581,AT,#ae8648
29582,DE,#918e4e
29583,IT,#ce893f
29584,DK,#6b8e57
29585,AZ,#cf2a2d
29586,SE,#3c8a6a
29587,GB,#7fa047
29588,MK,#d0733c
29589,GB,#7fa047
29590,DE,#918e4e
29591,BA,#c37c41
29592,GE,#c43d39
29593,HR,#bc8144
29594,AT,#ae8648
29595,AL,#d87539
29596,GE,#c43d39
29597,AM,#d1322e
29598,DE,#918e4e
29599,RU,#61667a
29600,AL,#d87539
29601,CZ,#97854f
29602,RO,#b06e48
29603,HR,#bc8144
29604,CH,#b19246
29605,SE,#3c8a6a
29606,DK,#6b8e57
29607,AT,#ae8648
29608,CH,#b19246
29609,GB,#7fa047
29610,LT,#6e7a64
29611,MK,#d0733c
29612,RO,#b06e48
29613,FR,#b49f44
29614,AT,#ae8648
29615,AZ,#cf2a2d
29616,HR,#bc8144
29617,PL,#867f57
29618,PL,#867f57
29619,FR,#b49f44
29620,SI,#b58346
29621,BG,#c66a3e
29622,EE,#507d73
29623,GE,#c43d39
29624,NL,#8c974b
29625,BA,#c37c41
29626,ME,#d1783c
29627,LT,#6e7a64
29628,FI,#2b8384
29629,RS,#c17541
29630,GB,#7fa047
29631,IS,#2ca02c
29632,HU,#ac7c49
29633,DK,#6b8e57
29634,AL,#d87539
29635,AT,#ae8648
29636,DK,#6b8e57
29637,FI,#2b8384
29638,LT,#6e7a64
29639,CH,#b19246
29640,DK,#6b8e57
29641,DK,#6b8e57
29642,HU,#ac7c49
29643,BG,#c66a3e
29644,CH,#b19246
29645,IS,#2ca02c
29646,BY,#7b7261
29647,AL,#d87539
29648,IS,#2ca02c
29649,SE,#3c8a6a
29650,CZ,#97854f
29651,IT,#ce893f
29652,HU,#ac7c49
29653,GE,#c43d39
29654,NL,#8c974b
29655,RS,#c17541
29656,AL,#d87539
29657,CH,#b19246
29658,AL,#d87539
29659,AM,#d1322e
29660,CH,#b19246
29661,CH,#b19246
29662,FR,#b49f44
29663,ME,#d1783c
29664,CH,#b19246
29665,CH,#b19246
29666,BA,#c37c41
29667,LT,#6e7a64
29668,RU,#61667a
29669,ES,#eeb33e
29670,CZ,#97854f
29671,GE,#c43d39
29672,DK,#6b8e57
29673,AZ,#cf2a2d
29674,CH,#b19246
29675,IS,#2ca02c
29676,HR,#bc8144
29677,CH,#b19246
29678,BG,#c66a3e
29679,HR,#bc8144
29680,SE,#3c8a6a
29681,NL,#8c974b
29682,CH,#b19246
29683,GB,#7fa047
29684,MK,#d0733c
29685,HU,#ac7c49
29686,FR,#b49f44
29687,NO,#3d8e61
29688,FR,#b49f44
29689,IT,#ce893f
29690,EE,#507d73
29691,SE,#3c8a6a
29692,MK,#d0733c
29693,NO,#3d8e61
29694,DK,#6b8e57
29695,CH,#b19246
29696,ME,#d1783c
29697,BA,#c37c41
29698,IT,#ce893f
29699,IS,#2ca02c
29700,HR,#bc8144
29701,GE,#c43d39
29702,AL,#d87539
29703,GE,#c43d39
29704,FR,#b49f44
29705,SI,#b58346
29706,NL,#8c974b
29707,HR,#bc8144
29708,BA,#c37c41
29709,AM,#d1322e
29710,AL,#d87539
29711,AT,#ae8648
29712,DE,#918e4e
29713,SK,#9d7d4f
29714,GE,#c43d39
29715,NL,#8c974b
29716,DK,#6b8e57
29717,IS,#2ca02c
29718,AM,#d1322e
29719,IS,#2ca02c
29720,LT,#6e7a64
29721,MK,#d0733c
29722,AM,#d1322e
29723,AM,#d1322e
29724,PL,#867f57
29725,NL,#8c974b
29726,CZ,#97854f
29727,DK,#6b8e57
29728,DE,#918e4e
29729,GE,#c43d39
29730,DK,#6b8e57
29731,SE,#3c8a6a
29732,EE,#507d73
29733,LT,#6e7a64
29734,AL,#d87539
29735,RU,#61667a
29736,EE,#507d73
29737,SE,#3c8a6a
29738,AZ,#cf2a2d
29739,AT,#ae8648
29740,IT,#ce893f
29741,HR,#bc8144
29742,ES,#eeb33e
29743,NO,#3d8e61
29744,NL,#8c974b
29745,AT,#ae8648
29746,BA,#c37c41
29747,DK,#6b8e57
29748,HR,#bc8144
29749,LT,#6e7a64
29750,GE,#c43d39
29751,GB,#7fa047
29752,SK,#9d7d4f
29753,DE,#918e4e
29754,BY,#7b7261
29755,AT,#ae8648
29756,DE,#918e4e
29757,FR,#b49f44
29758,RO,#b06e48
29759,CH,#b19246
29760,CZ,#97854f
29761,CH,#b19246
29762,NL,#8c974b
29763,GB,#7fa047
29764,AT,#ae8648
29765,IS,#2ca02c
29766,RO,#b06e48
29767,FI,#2b8384
29768,GB,#7fa047
29769,DK,#6b8e57
29770,FR,#b49f44
29771,FR,#b49f44
29772,IS,#2ca02c
29773,SI,#b58346
29774,SE,#3c8a6a
29775,HU,#ac7c49
29776,NL,#8c974b
29777,DK,#6b8e57
29778,RU,#61667a
29779,NO,#3d8e61
29780,RU,#61667a
29781,RO,#b06e48
29782,GE,#c43d39
29783,CZ,#97854f
29784,BY,#7b7261
29785,ES,#eeb33e
29786,DK,#6b8e57
29787,SE,#3c8a6a
29788,RO,#b06e48
29789,SE,#3c8a6a
29790,DK,#6b8e57
29791,HR,#bc8144
29792,CH,#b19246
29793,MK,#d0733c
29794,DK,#6b8e57
29795,HU,#ac7c49
29796,NO,#3d8e61
29797,FR,#b49f44
29798,DK,#6b8e57
29799,AM,#d1322e
29800,BA,#c37c41
29801,DK,#6b8e57
29802,IT,#ce893f
29803,NO,#3d8e61
29804,HU,#ac7c49
29805,HU,#ac7c49
29806,SI,#b58346
29807,GE,#c43d39
29808,LT,#6e7a64
29809,DK,#6b8e57
29810,AL,#d87539
29811,LT,#6e7a64
29812,RO,#b06e48
29813,AT,#ae8648
29814,RS,#c17541
29815,IS,#2ca02c
29816,DK,#6b8e57
29817,CH,#b19246
29818,PL,#867f57
29819,RS,#c17541
29820,NL,#8c974b
29821,GE,#c43d39
29822,IS,#2ca02c
29823,SK,#9d7d4f
29824,SI,#b58346
29825,FR,#b49f44
29826,FI,#2b8384
29827,CH,#b19246
29828,RU,#61667a
29829,PT,#f8bf3f
29830,DE,#918e4e
29831,IS,#2ca02c
29832,PL,#867f57
29833,IS,#2ca02c
29834,SE,#3c8a6a
29835,PT,#f8bf3f
29836,CZ,#97854f
29837,IS,#2ca02c
29838,RO,#b06e48
29839,GB,#7fa047
29840,PL,#867f57
29841,SE,#3c8a6a
29842,BA,#c37c41
29843,IT,#ce893f
29844,DE,#918e4e
29845,SE,#3c8a6a
29846,AM,#d1322e
29847,FR,#b49f44
29848,MK,#d0733c
29849,NL,#8c974b
29850,NL,#8c974b
29851,PT,#f8bf3f
29852,SK,#9d7d4f
29853,DE,#918e4e
29854,IT,#ce893f
29855,EE,#507d73
29856,LT,#6e7a64
29857,NL,#8c974b
29858,CH,#b19246
29859,HR,#bc8144
29860,FI,#2b8384
29861,DE,#918e4e
29862,DK,#6b8e57
29863,GE,#c43d39
29864,IS,#2ca02c
29865,GB,#7fa047
29866,HR,#bc8144
29867,EE,#507d73
29868,BY,#7b7261
29869,NL,#8c974b
29870,IT,#ce893f
29871,HR,#bc8144
29872,RU,#61667a
29873,CH,#b19246
29874,AT,#ae8648
29875,GE,#c43d39
29876,NL,#8c974b
29877,PT,#f8bf3f
29878,HR,#bc8144
29879,LT,#6e7a64
29880,FI,#2b8384
29881,EE,#507d73
29882,GB,#7fa047
29883,BG,#c66a3e
29884,HR,#bc8144
29885,AZ,#cf2a2d
29886,FR,#b49f44
29887,DE,#918e4e
29888,LT,#6e7a64
29889,HU,#ac7c49
29890,IS,#2ca02c
29891,BG,#c66a3e
29892,NO,#3d8e61
29893,CH,#b19246
29894,DK,#6b8e57
29895,HR,#bc8144
29896,GE,#c43d39
29897,FI,#2b8384
29898,GB,#7fa047
29899,RS,#c17541
29900,BA,#c37c41
29901,LT,#6e7a64
29902,AZ,#cf2a2d
29903,IS,#2ca02c
29904,DE,#918e4e
29905,AZ,#cf2a2d
29906,DK,#6b8e57
29907,IS,#2ca02c
29908,HU,#ac7c49
29909,MK,#d0733c
29910,GE,#c43d39
29911,DK,#6b8e57
29912,GB,#7fa047
29913,NL,#8c974b
29914,FI,#2b8384
29915,DE,#918e4e
29916,DK,#6b8e57
29917,EE,#507d73
29918,EE,#507d73
29919,HR,#bc8144
29920,MK,#d0733c
29921,GB,#7fa047
29922,DK,#6b8e57
29923,BA,#c37c41
29924,AT,#ae8648
29925,DE,#918e4e
29926,CH,#b19246
29927,GB,#7fa047
29928,AZ,#cf2a2d
29929,HU,#ac7c49
29930,BA,#c37c41
29931,IS,#2ca02c
29932,FI,#2b8384
29933,AL,#d87539
29934,ME,#d1783c
29935,IT,#ce893f
29936,CH,#b19246
29937,IS,#2ca02c
29938,RU,#61667a
29939,ES,#eeb33e
29940,GE,#c43d39
29941,NO,#3d8e61
29942,BA,#c37c41
29943,DE,#918e4e
29944,GE,#c43d39
29945,GE,#c43d39
29946,DE,#918e4e
29947,DK,#6b8e57
29948,CH,#b19246
29949,GB,#7fa047
29950,GE,#c43d39
29951,HU,#ac7c49
29952,FR,#b49f44
29953,ES,#eeb33e
29954,HU,#ac7c49
29955,ME,#d1783c
29956,CZ,#97854f
29957,DK,#6b8e57
29958,DE,#918e4e
29959,NO,#3d8e61
29960,DK,#6b8e57
29961,CH,#b19246
29962,BG,#c66a3e
29963,HR,#bc8144
29964,PT,#f8bf3f
29965,IT,#ce893f
29966,MK,#d0733c
29967,SE,#3c8a6a
29968,MK,#d0733c
29969,HR,#bc8144
29970,IT,#ce893f
29971,RS,#c17541
29972,CH,#b19246
29973,NL,#8c974b
29974,BY,#7b7261
29975,ES,#eeb33e
29976,DK,#6b8e57
29977,RU,#61667a
29978,GB,#7fa047
29979,CH,#b19246
29980,CH,#b19246
29981,ME,#d1783c
29982,BA,#c37c41
29983,DK,#6b8e57
29984,DK,#6b8e57
29985,AL,#d87539
29986,ES,#eeb33e
29987,HU,#ac7c49
29988,DK,#6b8e57
29989,GB,#7fa047
29990,CZ,#97854f
29991,SE,#3c8a6a
29992,CH,#b19246
29993,FI,#2b8384
29994,BA,#c37c41
29995,CZ,#97854f
29996,CH,#b19246
29997,AL,#d87539
29998,BY,#7b7261
29999,EE,#507d73
30000,CH,#b19246
30001,BA,#c37c41
30002,CH,#b19246
30003,AL,#d87539
30004,DK,#6b8e57
30005,IT,#ce893f
30006,CH,#b19246
30007,HU,#ac7c49
30008,GB,#7fa047
30009,CH,#b19246
30010,GB,#7fa047
30011,ES,#eeb33e
30012,IT,#ce893f
30013,SE,#3c8a6a
30014,DE,#918e4e
30015,DE,#918e4e
30016,RS,#c17541
30017,BA,#c37c41
30018,NL,#8c974b
30019,IS,#2ca02c
30020,FI,#2b8384
30021,MK,#d0733c
30022,DK,#6b8e57
30023,HR,#bc8144
30024,GB,#7fa047
30025,BG,#c66a3e
30026,NO,#3d8e61
30027,LT,#6e7a64
30028,IS,#2ca02c
30029,DE,#918e4e
30030,HR,#bc8144
30031,BG,#c66a3e
30032,GE,#c43d39
30033,GE,#c43d39
30034,DK,#6b8e57
30035,FR,#b49f44
30036,AT,#ae8648
30037,BG,#c66a3e
30038,HR,#bc8144
30039,BY,#7b7261
30040,GB,#7fa047
30041,BA,#c37c41
30042,CZ,#97854f
30043,NL,#8c974b
30044,DK,#6b8e57
30045,NL,#8c974b
30046,HU,#ac7c49
30047,GB,#7fa047
30048,SK,#9d7d4f
30049,DK,#6b8e57
30050,GB,#7fa047
30051,SE,#3c8a6a
30052,AL,#d87539
30053,ME,#d1783c
30054,BY,#7b7261
30055,LT,#6e7a64
30056,AL,#d87539
30057,CZ,#97854f
30058,DK,#6b8e57
30059,HU,#ac7c49
30060,DE,#918e4e
30061,IT,#ce893f
30062,HU,#ac7c49
30063,IT,#ce893f
30064,NL,#8c974b
30065,IS,#2ca02c
30066,IS,#2ca02c
30067,BA,#c37c41
30068,IS,#2ca02c
30069,DK,#6b8e57
30070,MK,#d0733c
30071,BG,#c66a3e
30072,SE,#3c8a6a
30073,CH,#b19246
30074,AZ,#cf2a2d
30075,FR,#b49f44
30076,EE,#507d73
30077,RO,#b06e48
30078,GB,#7fa047
30079,ES,#eeb33e
30080,SI,#b58346
30081,IS,#2ca02c
30082,AZ,#cf2a2d
30083,GE,#c43d39
30084,SK,#9d7d4f
30085,BA,#c37c41
30086,ES,#eeb33e
30087,FR,#b49f44
30088,FR,#b49f44
30089,RU,#61667a
30090,AM,#d1322e
30091,FI,#2b8384
30092,ES,#eeb33e
30093,IS,#2ca02c
30094,CH,#b19246
30095,CH,#b19246
30096,NO,#3d8e61
30097,MK,#d0733c
30098,EE,#507d73
30099,SK,#9d7d4f
30100,FR,#b49f44
30101,CH,#b19246
30102,HR,#bc8144
30103,BG,#c66a3e
30104,DE,#918e4e
30105,IS,#2ca02c
30106,AT,#ae8648
30107,CZ,#97854f
30108,CH,#b19246
30109,NO,#3d8e61
30110,DE,#918e4e
30111,BG,#c66a3e
30112,CH,#b19246
30113,NL,#8c974b
30114,HR,#bc8144
30115,ME,#d1783c
30116,AM,#d1322e
30117,BG,#c66a3e
30118,GE,#c43d39
30119,SK,#9d7d4f
30120,DE,#918e4e
30121,GE,#c43d39
30122,AT,#ae8648
30123,BY,#7b7261
30124,AZ,#cf2a2d
30125,GB,#7fa047
30126,FR,#b49f44
30127,IS,#2ca02c
30128,PT,#f8bf3f
30129,IS,#2ca02c
30130,IS,#2ca02c
30131,RU,#61667a
30132,AT,#ae8648
30133,ES,#eeb33e
30134,RS,#c17541
30135,IS,#2ca02c
30136,CH,#b19246
30137,IT,#ce893f
30138,SI,#b58346
30139,MK,#d0733c
30140,FI,#2b8384
30141,DE,#918e4e
30142,GB,#7fa047
30143,FR,#b49f44
30144,GB,#7fa047
30145,RO,#b06e48
30146,GE,#c43d39
30147,DK,#6b8e57
30148,ES,#eeb33e
30149,PT,#f8bf3f
30150,NL,#8c974b
30151,CZ,#97854f
30152,DK,#6b8e57
30153,GB,#7fa047
30154,DK,#6b8e57
30155,AZ,#cf2a2d
30156,CH,#b19246
30157,DE,#918e4e
30158,ES,#eeb33e
30159,FI,#2b8384
30160,DE,#918e4e
30161,PL,#867f57
30162,FI,#2b8384
30163,FR,#b49f44
30164,IS,#2ca02c
30165,DE,#918e4e
30166,AL,#d87539
30167,CH,#b19246
30168,CH,#b19246
30169,CH,#b19246
30170,IT,#ce893f
30171,DK,#6b8e57
30172,DE,#918e4e
30173,HR,#bc8144
30174,AL,#d87539
30175,BG,#c66a3e
30176,HR,#bc8144
30177,HR,#bc8144
30178,AM,#d1322e
30179,SE,#3c8a6a
30180,IS,#2ca02c
30181,IT,#ce893f
30182,GB,#7fa047
30183,IT,#ce893f
30184,PL,#867f57
30185,FI,#2b8384
30186,NL,#8c974b
30187,GE,#c43d39
30188,NO,#3d8e61
30189,IT,#ce893f
30190,RO,#b06e48
30191,ES,#eeb33e
30192,AT,#ae8648
30193,DK,#6b8e57
30194,RU,#61667a
30195,NL,#8c974b
30196,AZ,#cf2a2d
30197,RS,#c17541
30198,NO,#3d8e61
30199,GE,#c43d39
30200,DK,#6b8e57
30201,CZ,#97854f
30202,PT,#f8bf3f
30203,BA,#c37c41
30204,PT,#f8bf3f
30205,CH,#b19246
30206,GB,#7fa047
30207,NL,#8c974b
30208,CH,#b19246
30209,NL,#8c974b
30210,DK,#6b8e57
30211,EE,#507d73
30212,BA,#c37c41
30213,CH,#b19246
30214,BY,#7b7261
30215,FR,#b49f44
30216,DE,#918e4e
30217,LT,#6e7a64
30218,IT,#ce893f
30219,GB,#7fa047
30220,ME,#d1783c
30221,RS,#c17541
30222,NL,#8c974b
30223,SK,#9d7d4f
30224,HU,#ac7c49
30225,MK,#d0733c
30226,CZ,#97854f
30227,AL,#d87539
30228,IT,#ce893f
30229,DK,#6b8e57
30230,CH,#b19246
30231,CH,#b19246
30232,NL,#8c974b
30233,DE,#918e4e
30234,HR,#bc8144
30235,IT,#ce893f
30236,HR,#bc8144
30237,AM,#d1322e
30238,CH,#b19246
30239,BA,#c37c41
30240,DK,#6b8e57
30241,DK,#6b8e57
30242,CH,#b19246
30243,IT,#ce893f
30244,PT,#f8bf3f
30245,PL,#867f57
30246,AM,#d1322e
30247,DK,#6b8e57
30248,EE,#507d73
30249,AT,#ae8648
30250,SK,#9d7d4f
30251,CH,#b19246
30252,CH,#b19246
30253,PT,#f8bf3f
30254,GB,#7fa047
30255,LT,#6e7a64
30256,GE,#c43d39
30257,LT,#6e7a64
30258,RO,#b06e48
30259,GB,#7fa047
30260,MK,#d0733c
30261,AM,#d1322e
30262,GB,#7fa047
30263,FR,#b49f44
30264,FR,#b49f44
30265,SI,#b58346
30266,AZ,#cf2a2d
30267,DE,#918e4e
30268,CH,#b19246
30269,CH,#b19246
30270,DE,#918e4e
30271,CZ,#97854f
30272,FR,#b49f44
30273,IT,#ce893f
30274,IT,#ce893f
30275,FR,#b49f44
30276,FR,#b49f44
30277,BY,#7b7261
30278,FR,#b49f44
30279,FR,#b49f44
30280,IT,#ce893f
30281,IS,#2ca02c
30282,CH,#b19246
30283,AL,#d87539
30284,FI,#2b8384
30285,IS,#2ca02c
30286,DK,#6b8e57
30287,IT,#ce893f
30288,CH,#b19246
30289,PL,#867f57
30290,FR,#b49f44
30291,CH,#b19246
30292,AM,#d1322e
30293,DK,#6b8e57
30294,DK,#6b8e57
30295,AL,#d87539
30296,DK,#6b8e57
30297,PL,#867f57
30298,GB,#7fa047
30299,SE,#3c8a6a
30300,GE,#c43d39
30301,IS,#2ca02c
30302,PL,#867f57
30303,IS,#2ca02c
30304,CH,#b19246
30305,AM,#d1322e
30306,GE,#c43d39
30307,BY,#7b7261
30308,AT,#ae8648
30309,RS,#c17541
30310,SE,#3c8a6a
30311,DE,#918e4e
30312,FI,#2b8384
30313,BA,#c37c41
30314,LT,#6e7a64
30315,NO,#3d8e61
30316,RU,#61667a
30317,AM,#d1322e
30318,FI,#2b8384
30319,DK,#6b8e57
30320,AZ,#cf2a2d
30321,FI,#2b8384
30322,AM,#d1322e
30323,IT,#ce893f
30324,ME,#d1783c
30325,HU,#ac7c49
30326,FR,#b49f44
30327,DE,#918e4e
30328,NL,#8c974b
30329,BA,#c37c41
30330,CH,#b19246
30331,AL,#d87539
30332,AT,#ae8648
30333,DE,#918e4e
30334,AT,#ae8648
30335,IT,#ce893f
30336,HR,#bc8144
30337,DE,#918e4e
30338,MK,#d0733c
30339,FI,#2b8384
30340,NL,#8c974b
30341,AM,#d1322e
30342,CZ,#97854f
30343,IS,#2ca02c
30344,IT,#ce893f
30345,CH,#b19246
30346,NO,#3d8e61
30347,GE,#c43d39
30348,ES,#eeb33e
30349,AM,#d1322e
30350,FI,#2b8384
30351,AZ,#cf2a2d
30352,RO,#b06e48
30353,NO,#3d8e61
30354,SK,#9d7d4f
30355,GE,#c43d39
30356,BY,#7b7261
30357,IS,#2ca02c
30358,ES,#eeb33e
30359,DK,#6b8e57
30360,DE,#918e4e
30361,DK,#6b8e57
30362,AL,#d87539
30363,DK,#6b8e57
30364,NL,#8c974b
30365,GB,#7fa047
30366,AM,#d1322e
30367,CH,#b19246
30368,IS,#2ca02c
30369,GB,#7fa047
30370,GE,#c43d39
30371,SE,#3c8a6a
30372,PT,#f8bf3f
30373,ES,#eeb33e
30374,RS,#c17541
30375,HR,#bc8144
30376,DK,#6b8e57
30377,AZ,#cf2a2d
30378,HU,#ac7c49
30379,BG,#c66a3e
30380,ME,#d1783c
30381,NO,#3d8e61
30382,ES,#eeb33e
30383,BG,#c66a3e
30384,DK,#6b8e57
30385,SE,#3c8a6a
30386,SK,#9d7d4f
30387,DK,#6b8e57
30388,FI,#2b8384
30389,BG,#c66a3e
30390,NL,#8c974b
30391,DK,#6b8e57
30392,NO,#3d8e61
30393,SE,#3c8a6a
30394,NO,#3d8e61
30395,HU,#ac7c49
30396,AT,#ae8648
30397,CH,#b19246
30398,RU,#61667a
30399,AM,#d1322e
30400,DE,#918e4e
30401,GB,#7fa047
30402,DK,#6b8e57
30403,GE,#c43d39
30404,NO,#3d8e61
30405,AT,#ae8648
30406,FI,#2b8384
30407,GB,#7fa047
30408,AM,#d1322e
30409,DE,#918e4e
30410,DK,#6b8e57
30411,AM,#d1322e
30412,AL,#d87539
30413,DE,#918e4e
30414,PT,#f8bf3f
30415,IS,#2ca02c
30416,FI,#2b8384
30417,NL,#8c974b
30418,BG,#c66a3e
30419,GE,#c43d39
30420,NO,#3d8e61
30421,NO,#3d8e61
30422,CH,#b19246
30423,DK,#6b8e57
30424,AL,#d87539
30425,HR,#bc8144
30426,AT,#ae8648
30427,IT,#ce893f
30428,IS,#2ca02c
30429,LT,#6e7a64
30430,BA,#c37c41
30431,SI,#b58346
30432,DK,#6b8e57
30433,BA,#c37c41
30434,LT,#6e7a64
30435,IT,#ce893f
30436,BA,#c37c41
30437,AT,#ae8648
30438,HR,#bc8144
30439,AM,#d1322e
30440,FI,#2b8384
30441,CZ,#97854f
30442,CH,#b19246
30443,DE,#918e4e
30444,CH,#b19246
30445,DK,#6b8e57
30446,DE,#918e4e
30447,FI,#2b8384
30448,DK,#6b8e57
30449,NL,#8c974b
30450,BA,#c37c41
30451,AM,#d1322e
30452,DE,#918e4e
30453,SI,#b58346
30454,SK,#9d7d4f
30455,BY,#7b7261
30456,DK,#6b8e57
30457,AT,#ae8648
30458,LT,#6e7a64
30459,SE,#3c8a6a
30460,GE,#c43d39
30461,PT,#f8bf3f
30462,CH,#b19246
30463,SI,#b58346
30464,RU,#61667a
30465,CH,#b19246
30466,DE,#918e4e
30467,GB,#7fa047
30468,AM,#d1322e
30469,GE,#c43d39
30470,AL,#d87539
30471,BY,#7b7261
30472,LT,#6e7a64
30473,SK,#9d7d4f
30474,AL,#d87539
30475,RS,#c17541
30476,BG,#c66a3e
30477,NL,#8c974b
30478,CH,#b19246
30479,HR,#bc8144
30480,FI,#2b8384
30481,LT,#6e7a64
30482,EE,#507d73
30483,IS,#2ca02c
30484,ES,#eeb33e
30485,DK,#6b8e57
30486,EE,#507d73
30487,NL,#8c974b
30488,DE,#918e4e
30489,DE,#918e4e
30490,CH,#b19246
30491,CH,#b19246
30492,BY,#7b7261
30493,BA,#c37c41
30494,BY,#7b7261
30495,GB,#7fa047
30496,EE,#507d73
30497,CZ,#97854f
30498,GE,#c43d39
30499,GE,#c43d39
30500,AM,#d1322e
30501,CH,#b19246
30502,HR,#bc8144
30503,PL,#867f57
30504,IS,#2ca02c
30505,DK,#6b8e57
30506,EE,#507d73
30507,PT,#f8bf3f
30508,BY,#7b7261
30509,RO,#b06e48
30510,SI,#b58346
30511,BA,#c37c41
30512,NO,#3d8e61
30513,GE,#c43d39
30514,ME,#d1783c
30515,FI,#2b8384
30516,CH,#b19246
30517,RS,#c17541
30518,NL,#8c974b
30519,DK,#6b8e57
30520,IT,#ce893f
30521,PL,#867f57
30522,DK,#6b8e57
30523,CH,#b19246
30524,MK,#d0733c
30525,SK,#9d7d4f
30526,DK,#6b8e57
30527,DE,#918e4e
30528,DK,#6b8e57
30529,DE,#918e4e
30530,EE,#507d73
30531,DK,#6b8e57
30532,DE,#918e4e
30533,DK,#6b8e57
30534,CH,#b19246
30535,HU,#ac7c49
30536,IT,#ce893f
30537,PL,#867f57
30538,IS,#2ca02c
30539,DE,#918e4e
30540,AZ,#cf2a2d
30541,CH,#b19246
30542,CZ,#97854f
30543,NL,#8c974b
30544,CH,#b19246
30545,LT,#6e7a64
30546,DK,#6b8e57
30547,SI,#b58346
30548,SK,#9d7d4f
30549,IT,#ce893f
30550,CH,#b19246
30551,RO,#b06e48
30552,AT,#ae8648
30553,BA,#c37c41
30554,GE,#c43d39
30555,CH,#b19246
30556,DE,#918e4e
30557,SE,#3c8a6a
30558,AM,#d1322e
30559,AM,#d1322e
30560,AL,#d87539
30561,GB,#7fa047
30562,RS,#c17541
30563,NL,#8c974b
30564,BY,#7b7261
30565,GB,#7fa047
30566,PL,#867f57
30567,AZ,#cf2a2d
30568,AL,#d87539
30569,IS,#2ca02c
30570,AL,#d87539
30571,EE,#507d73
30572,BG,#c66a3e
30573,RS,#c17541
30574,EE,#507d73
30575,GE,#c43d39
30576,GE,#c43d39
30577,EE,#507d73
30578,CH,#b19246
30579,NL,#8c974b
30580,SI,#b58346
30581,CZ,#97854f
30582,PT,#f8bf3f
30583,GB,#7fa047
30584,IS,#2ca02c
30585,GE,#c43d39
30586,DK,#6b8e57
30587,DK,#6b8e57
30588,BA,#c37c41
30589,SK,#9d7d4f
30590,AT,#ae8648
30591,DK,#6b8e57
30592,NL,#8c974b
30593,MK,#d0733c
30594,NL,#8c974b
30595,CH,#b19246
30596,FI,#2b8384
30597,FR,#b49f44
30598,RO,#b06e48
30599,NL,#8c974b
30600,CH,#b19246
30601,AZ,#cf2a2d
30602,RU,#61667a
30603,BG,#c66a3e
30604,BA,#c37c41
30605,FI,#2b8384
30606,BA,#c37c41
30607,CH,#b19246
30608,BY,#7b7261
30609,NL,#8c974b
30610,BA,#c37c41
30611,DK,#6b8e57
30612,HU,#ac7c49
30613,MK,#d0733c
30614,NO,#3d8e61
30615,FR,#b49f44
30616,SE,#3c8a6a
30617,FI,#2b8384
30618,IS,#2ca02c
30619,NL,#8c974b
30620,CH,#b19246
30621,CZ,#97854f
30622,CZ,#97854f
30623,BY,#7b7261
30624,NO,#3d8e61
30625,RO,#b06e48
30626,AL,#d87539
30627,AM,#d1322e
30628,NL,#8c974b
30629,NL,#8c974b
30630,FR,#b49f44
30631,NO,#3d8e61
30632,CZ,#97854f
30633,AM,#d1322e
30634,GE,#c43d39
30635,AZ,#cf2a2d
30636,RU,#61667a
30637,SE,#3c8a6a
30638,DE,#918e4e
30639,IS,#2ca02c
30640,RU,#61667a
30641,DE,#918e4e
30642,SE,#3c8a6a
30643,DK,#6b8e57
30644,EE,#507d73
30645,BA,#c37c41
30646,HU,#ac7c49
30647,DK,#6b8e57
30648,FR,#b49f44
30649,AT,#ae8648
30650,FI,#2b8384
30651,DE,#918e4e
30652,HU,#ac7c49
30653,HU,#ac7c49
30654,AM,#d1322e
30655,PL,#867f57
30656,LT,#6e7a64
30657,SI,#b58346
30658,SK,#9d7d4f
30659,FR,#b49f44
30660,BA,#c37c41
30661,AM,#d1322e
30662,DE,#918e4e
30663,AZ,#cf2a2d
30664,AL,#d87539
30665,AT,#ae8648
30666,BY,#7b7261
30667,FR,#b49f44
30668,GB,#7fa047
30669,IS,#2ca02c
30670,RO,#b06e48
30671,FR,#b49f44
30672,CH,#b19246
30673,GB,#7fa047
30674,RO,#b06e48
30675,BY,#7b7261
30676,BY,#7b7261
30677,HU,#ac7c49
30678,RS,#c17541
30679,IT,#ce893f
30680,DK,#6b8e57
30681,GB,#7fa047
30682,DE,#918e4e
30683,NL,#8c974b
30684,SK,#9d7d4f
30685,RS,#c17541
30686,CZ,#97854f
30687,CH,#b19246
30688,NO,#3d8e61
30689,GB,#7fa047
30690,GB,#7fa047
30691,ES,#eeb33e
30692,ME,#d1783c
30693,DE,#918e4e
30694,FR,#b49f44
30695,SE,#3c8a6a
30696,DK,#6b8e57
30697,CH,#b19246
30698,DE,#918e4e
30699,RO,#b06e48
30700,SK,#9d7d4f
30701,GE,#c43d39
30702,AT,#ae8648
30703,DE,#918e4e
30704,FR,#b49f44
30705,GE,#c43d39
30706,NO,#3d8e61
30707,NL,#8c974b
30708,AM,#d1322e
30709,DK,#6b8e57
30710,CH,#b19246
30711,GB,#7fa047
30712,GB,#7fa047
30713,FR,#b49f44
30714,AL,#d87539
30715,DE,#918e4e
30716,MK,#d0733c
30717,NL,#8c974b
30718,BA,#c37c41
30719,EE,#507d73
30720,FR,#b49f44
30721,EE,#507d73
30722,IS,#2ca02c
30723,HR,#bc8144
30724,BY,#7b7261
30725,AT,#ae8648
30726,RO,#b06e48
30727,CH,#b19246
30728,SE,#3c8a6a
30729,IT,#ce893f
30730,SI,#b58346
30731,DE,#918e4e
30732,CZ,#97854f
30733,AL,#d87539
30734,SK,#9d7d4f
30735,LT,#6e7a64
30736,DK,#6b8e57
30737,FR,#b49f44
30738,CZ,#97854f
30739,RS,#c17541
30740,DK,#6b8e57
30741,DK,#6b8e57
30742,NO,#3d8e61
30743,DE,#918e4e
30744,BG,#c66a3e
30745,SE,#3c8a6a
30746,RO,#b06e48
30747,GB,#7fa047
30748,CH,#b19246
30749,RS,#c17541
30750,IT,#ce893f
30751,RS,#c17541
30752,ES,#eeb33e
30753,IT,#ce893f
30754,LT,#6e7a64
30755,SI,#b58346
30756,RS,#c17541
30757,FI,#2b8384
30758,DK,#6b8e57
30759,RU,#61667a
30760,GB,#7fa047
30761,NO,#3d8e61
30762,DK,#6b8e57
30763,DK,#6b8e57
30764,SE,#3c8a6a
30765,AT,#ae8648
30766,DK,#6b8e57
30767,DK,#6b8e57
30768,CZ,#97854f
30769,BG,#c66a3e
30770,BA,#c37c41
30771,ES,#eeb33e
30772,GB,#7fa047
30773,DK,#6b8e57
30774,ME,#d1783c
30775,BY,#7b7261
30776,PL,#867f57
30777,HR,#bc8144
30778,BY,#7b7261
30779,IS,#2ca02c
30780,IS,#2ca02c
30781,RO,#b06e48
30782,RS,#c17541
30783,HU,#ac7c49
30784,DK,#6b8e57
30785,IS,#2ca02c
30786,MK,#d0733c
30787,AL,#d87539
30788,ES,#eeb33e
30789,NL,#8c974b
30790,DK,#6b8e57
30791,DK,#6b8e57
30792,NO,#3d8e61
30793,AT,#ae8648
30794,SE,#3c8a6a
30795,PL,#867f57
30796,GB,#7fa047
30797,FR,#b49f44
30798,BG,#c66a3e
30799,IT,#ce893f
30800,AT,#ae8648
30801,CH,#b19246
30802,DE,#918e4e
30803,CH,#b19246
30804,BG,#c66a3e
30805,RO,#b06e48
30806,FR,#b49f44
30807,CH,#b19246
30808,IS,#2ca02c
30809,GB,#7fa047
30810,EE,#507d73
30811,AL,#d87539
30812,BA,#c37c41
30813,RS,#c17541
30814,GB,#7fa047
30815,FR,#b49f44
30816,SI,#b58346
30817,FI,#2b8384
30818,GB,#7fa047
30819,IS,#2ca02c
30820,SK,#9d7d4f
30821,DE,#918e4e
30822,PL,#867f57
30823,RU,#61667a
30824,DE,#918e4e
30825,GE,#c43d39
30826,AM,#d1322e
30827,EE,#507d73
30828,MK,#d0733c
30829,RU,#61667a
30830,CH,#b19246
30831,RS,#c17541
30832,IT,#ce893f
30833,PL,#867f57
30834,FR,#b49f44
30835,GB,#7fa047
30836,DE,#918e4e
30837,HR,#bc8144
30838,AZ,#cf2a2d
30839,LT,#6e7a64
30840,SK,#9d7d4f
30841,PT,#f8bf3f
30842,SK,#9d7d4f
30843,GE,#c43d39
30844,HU,#ac7c49
30845,AM,#d1322e
30846,AM,#d1322e
30847,PL,#867f57
30848,FI,#2b8384
30849,AZ,#cf2a2d
30850,BA,#c37c41
30851,RU,#61667a
30852,CH,#b19246
30853,NL,#8c974b
30854,IT,#ce893f
30855,AT,#ae8648
30856,HU,#ac7c49
30857,AL,#d87539
30858,CZ,#97854f
30859,IT,#ce893f
30860,AM,#d1322e
30861,SE,#3c8a6a
30862,SK,#9d7d4f
30863,SK,#9d7d4f
30864,AL,#d87539
30865,NL,#8c974b
30866,IT,#ce893f
30867,DK,#6b8e57
30868,BY,#7b7261
30869,RU,#61667a
30870,PT,#f8bf3f
30871,RO,#b06e48
30872,RO,#b06e48
30873,PT,#f8bf3f
30874,AT,#ae8648
30875,GE,#c43d39
30876,GB,#7fa047
30877,AM,#d1322e
30878,DE,#918e4e
30879,ES,#eeb33e
30880,AZ,#cf2a2d
30881,NL,#8c974b
30882,DK,#6b8e57
30883,BY,#7b7261
30884,NL,#8c974b
30885,CH,#b19246
30886,AT,#ae8648
30887,ME,#d1783c
30888,IT,#ce893f
30889,BY,#7b7261
30890,IT,#ce893f
30891,RU,#61667a
30892,RO,#b06e48
30893,LT,#6e7a64
30894,EE,#507d73
30895,DK,#6b8e57
30896,NL,#8c974b
30897,SE,#3c8a6a
30898,HR,#bc8144
30899,RS,#c17541
30900,BG,#c66a3e
30901,AZ,#cf2a2d
30902,GB,#7fa047
30903,EE,#507d73
30904,DK,#6b8e57
30905,IT,#ce893f
30906,GB,#7fa047
30907,DE,#918e4e
30908,AZ,#cf2a2d
30909,HU,#ac7c49
30910,GB,#7fa047
30911,GE,#c43d39
30912,AL,#d87539
30913,AZ,#cf2a2d
30914,NO,#3d8e61
30915,NL,#8c974b
30916,AM,#d1322e
30917,NO,#3d8e61
30918,DE,#918e4e
30919,DK,#6b8e57
30920,HR,#bc8144
30921,PT,#f8bf3f
30922,GB,#7fa047
30923,AT,#ae8648
30924,CH,#b19246
30925,DK,#6b8e57
30926,DK,#6b8e57
30927,FI,#2b8384
30928,AM,#d1322e
30929,FI,#2b8384
30930,RS,#c17541
30931,NL,#8c974b
30932,CH,#b19246
30933,CZ,#97854f
30934,IT,#ce893f
30935,AL,#d87539
30936,CH,#b19246
30937,DE,#918e4e
30938,NL,#8c974b
30939,GB,#7fa047
30940,PL,#867f57
30941,ES,#eeb33e
30942,AT,#ae8648
30943,DK,#6b8e57
30944,BG,#c66a3e
30945,PT,#f8bf3f
30946,SE,#3c8a6a
30947,MK,#d0733c
30948,AM,#d1322e
30949,HR,#bc8144
30950,EE,#507d73
30951,IT,#ce893f
30952,HU,#ac7c49
30953,DK,#6b8e57
30954,CH,#b19246
30955,NL,#8c974b
30956,FR,#b49f44
30957,SE,#3c8a6a
30958,IT,#ce893f
30959,MK,#d0733c
30960,GB,#7fa047
30961,AL,#d87539
30962,AL,#d87539
30963,DK,#6b8e57
30964,ES,#eeb33e
30965,HR,#bc8144
30966,MK,#d0733c
30967,SE,#3c8a6a
30968,HU,#ac7c49
30969,DE,#918e4e
30970,DK,#6b8e57
30971,HR,#bc8144
30972,NO,#3d8e61
30973,DK,#6b8e57
30974,CH,#b19246
30975,DK,#6b8e57
30976,AL,#d87539
30977,AL,#d87539
30978,BA,#c37c41
30979,RO,#b06e48
30980,CH,#b19246
30981,AT,#ae8648
30982,DK,#6b8e57
30983,CZ,#97854f
30984,RO,#b06e48
30985,LT,#6e7a64
30986,DK,#6b8e57
30987,IS,#2ca02c
30988,IS,#2ca02c
30989,BA,#c37c41
30990,PT,#f8bf3f
30991,IT,#ce893f
30992,DK,#6b8e57
30993,DK,#6b8e57
30994,IT,#ce893f
30995,EE,#507d73
30996,CH,#b19246
30997,PL,#867f57
30998,SE,#3c8a6a
30999,AM,#d1322e
31000,LT,#6e7a64
31001,NL,#8c974b
31002,IS,#2ca02c
31003,NL,#8c974b
31004,IS,#2ca02c
31005,AL,#d87539
31006,GE,#c43d39
31007,HR,#bc8144
31008,CH,#b19246
31009,DK,#6b8e57
31010,RU,#61667a
31011,AT,#ae8648
31012,IS,#2ca02c
31013,CH,#b19246
31014,GE,#c43d39
31015,AM,#d1322e
31016,RO,#b06e48
31017,CH,#b19246
31018,IS,#2ca02c
31019,FR,#b49f44
31020,GB,#7fa047
31021,BY,#7b7261
31022,GB,#7fa047
31023,GB,#7fa047
31024,GE,#c43d39
31025,RS,#c17541
31026,FR,#b49f44
31027,PT,#f8bf3f
31028,ME,#d1783c
31029,EE,#507d73
31030,GB,#7fa047
31031,CH,#b19246
31032,HR,#bc8144
31033,PT,#f8bf3f
31034,FI,#2b8384
31035,CH,#b19246
31036,DE,#918e4e
31037,SK,#9d7d4f
31038,NL,#8c974b
31039,NL,#8c974b
31040,IS,#2ca02c
31041,CH,#b19246
31042,FR,#b49f44
31043,AT,#ae8648
31044,EE,#507d73
31045,GE,#c43d39
31046,LT,#6e7a64
31047,NL,#8c974b
31048,BG,#c66a3e
31049,CH,#b19246
31050,RU,#61667a
31051,NO,#3d8e61
31052,PT,#f8bf3f
31053,AT,#ae8648
31054,PL,#867f57
31055,AL,#d87539
31056,LT,#6e7a64
31057,NL,#8c974b
31058,FR,#b49f44
31059,RS,#c17541
31060,SK,#9d7d4f
31061,NL,#8c974b
31062,PT,#f8bf3f
31063,CH,#b19246
31064,SE,#3c8a6a
31065,BY,#7b7261
31066,NL,#8c974b
31067,AL,#d87539
31068,NL,#8c974b
31069,CZ,#97854f
31070,HU,#ac7c49
31071,AL,#d87539
31072,DE,#918e4e
31073,RU,#61667a
31074,PT,#f8bf3f
31075,AM,#d1322e
31076,CH,#b19246
31077,AT,#ae8648
31078,DK,#6b8e57
31079,CH,#b19246
31080,DK,#6b8e57
31081,ES,#eeb33e
31082,HU,#ac7c49
31083,NO,#3d8e61
31084,FR,#b49f44
31085,GE,#c43d39
31086,CZ,#97854f
31087,NO,#3d8e61
31088,DE,#918e4e
31089,SI,#b58346
31090,IS,#2ca02c
31091,BA,#c37c41
31092,IS,#2ca02c
31093,SE,#3c8a6a
31094,SI,#b58346
31095,CH,#b19246
31096,SE,#3c8a6a
31097,CH,#b19246
31098,FR,#b49f44
31099,NL,#8c974b
31100,AM,#d1322e
31101,FR,#b49f44
31102,CH,#b19246
31103,FI,#2b8384
31104,BY,#7b7261
31105,GE,#c43d39
31106,DK,#6b8e57
31107,RO,#b06e48
31108,SI,#b58346
31109,IS,#2ca02c
31110,AM,#d1322e
31111,AT,#ae8648
31112,LT,#6e7a64
31113,GB,#7fa047
31114,BY,#7b7261
31115,BG,#c66a3e
31116,AM,#d1322e
31117,NO,#3d8e61
31118,NL,#8c974b
31119,NL,#8c974b
31120,GE,#c43d39
31121,PT,#f8bf3f
31122,MK,#d0733c
31123,SI,#b58346
31124,GB,#7fa047
31125,RS,#c17541
31126,CZ,#97854f
31127,SE,#3c8a6a
31128,AL,#d87539
31129,BG,#c66a3e
31130,IS,#2ca02c
31131,NL,#8c974b
31132,IT,#ce893f
31133,IT,#ce893f
31134,EE,#507d73
31135,IT,#ce893f
31136,DK,#6b8e57
31137,DK,#6b8e57
31138,MK,#d0733c
31139,GB,#7fa047
31140,CH,#b19246
31141,AM,#d1322e
31142,AM,#d1322e
31143,DE,#918e4e
31144,ME,#d1783c
31145,GB,#7fa047
31146,GB,#7fa047
31147,DE,#918e4e
31148,IT,#ce893f
31149,NL,#8c974b
31150,DK,#6b8e57
31151,AM,#d1322e
31152,SI,#b58346
31153,DK,#6b8e57
31154,BA,#c37c41
31155,RS,#c17541
31156,DK,#6b8e57
31157,DK,#6b8e57
31158,FI,#2b8384
31159,SK,#9d7d4f
31160,BY,#7b7261
31161,CH,#b19246
31162,RU,#61667a
31163,EE,#507d73
31164,CH,#b19246
31165,GE,#c43d39
31166,BY,#7b7261
31167,IS,#2ca02c
31168,LT,#6e7a64
31169,DK,#6b8e57
31170,GE,#c43d39
31171,DK,#6b8e57
31172,RU,#61667a
31173,IT,#ce893f
31174,NO,#3d8e61
31175,AZ,#cf2a2d
31176,DE,#918e4e
31177,DK,#6b8e57
31178,AL,#d87539
31179,RO,#b06e48
31180,GE,#c43d39
31181,DE,#918e4e
31182,SK,#9d7d4f
31183,IS,#2ca02c
31184,CH,#b19246
31185,RU,#61667a
31186,GB,#7fa047
31187,BA,#c37c41
31188,IT,#ce893f
31189,GE,#c43d39
31190,BA,#c37c41
31191,PL,#867f57
31192,HU,#ac7c49
31193,DK,#6b8e57
31194,NL,#8c974b
31195,DE,#918e4e
31196,GE,#c43d39
31197,DK,#6b8e57
31198,MK,#d0733c
31199,IS,#2ca02c
31200,MK,#d0733c
31201,FI,#2b8384
31202,PT,#f8bf3f
31203,NO,#3d8e61
31204,CH,#b19246
31205,NL,#8c974b
31206,PT,#f8bf3f
31207,CH,#b19246
31208,IT,#ce893f
31209,DK,#6b8e57
31210,SE,#3c8a6a
31211,FR,#b49f44
31212,GB,#7fa047
31213,IS,#2ca02c
31214,CH,#b19246
31215,ES,#eeb33e
31216,DK,#6b8e57
31217,CH,#b19246
31218,AZ,#cf2a2d
31219,ES,#eeb33e
31220,GB,#7fa047
31221,IS,#2ca02c
31222,DK,#6b8e57
31223,IS,#2ca02c
31224,DE,#918e4e
31225,ES,#eeb33e
31226,AZ,#cf2a2d
31227,EE,#507d73
31228,GB,#7fa047
31229,CH,#b19246
31230,GE,#c43d39
31231,GB,#7fa047
31232,AL,#d87539
31233,HR,#bc8144
31234,EE,#507d73
31235,RS,#c17541
31236,CH,#b19246
31237,CH,#b19246
31238,AM,#d1322e
31239,GE,#c43d39
31240,BG,#c66a3e
31241,AZ,#cf2a2d
31242,RS,#c17541
31243,CH,#b19246
31244,GB,#7fa047
31245,GB,#7fa047
31246,RS,#c17541
31247,RO,#b06e48
31248,NL,#8c974b
31249,NL,#8c974b
31250,PT,#f8bf3f
31251,SE,#3c8a6a
31252,GB,#7fa047
31253,GE,#c43d39
31254,SK,#9d7d4f
31255,RU,#61667a
31256,CH,#b19246
31257,CH,#b19246
31258,IT,#ce893f
31259,AZ,#cf2a2d
31260,AL,#d87539
31261,NL,#8c974b
31262,NL,#8c974b
31263,MK,#d0733c
31264,PL,#867f57
31265,DK,#6b8e57
31266,BG,#c66a3e
31267,RO,#b06e48
31268,EE,#507d73
31269,ME,#d1783c
31270,IT,#ce893f
31271,NL,#8c974b
31272,FI,#2b8384
31273,AT,#ae8648
31274,EE,#507d73
31275,GB,#7fa047
31276,NL,#8c974b
31277,CH,#b19246
31278,CZ,#97854f
31279,IT,#ce893f
31280,MK,#d0733c
31281,DK,#6b8e57
31282,NL,#8c974b
31283,ES,#eeb33e
31284,NL,#8c974b
31285,NL,#8c974b
31286,NL,#8c974b
31287,HU,#ac7c49
31288,GB,#7fa047
31289,RS,#c17541
31290,NO,#3d8e61
31291,DK,#6b8e57
31292,RS,#c17541
31293,DK,#6b8e57
31294,RO,#b06e48
31295,LT,#6e7a64
31296,PT,#f8bf3f
31297,AT,#ae8648
31298,CH,#b19246
31299,DK,#6b8e57
31300,HR,#bc8144
31301,IT,#ce893f
31302,NL,#8c974b
31303,DK,#6b8e57
31304,AZ,#cf2a2d
31305,IT,#ce893f
31306,HU,#ac7c49
31307,CZ,#97854f
31308,LT,#6e7a64
31309,AL,#d87539
31310,MK,#d0733c
31311,FR,#b49f44
31312,AT,#ae8648
31313,NL,#8c974b
31314,CH,#b19246
31315,NL,#8c974b
31316,GB,#7fa047
31317,AZ,#cf2a2d
31318,NL,#8c974b
31319,CZ,#97854f
31320,SE,#3c8a6a
31321,RU,#61667a
31322,AL,#d87539
31323,GE,#c43d39
31324,AZ,#cf2a2d
31325,DE,#918e4e
31326,GB,#7fa047
31327,CH,#b19246
31328,RU,#61667a
31329,SI,#b58346
31330,RO,#b06e48
31331,EE,#507d73
31332,DK,#6b8e57
31333,SE,#3c8a6a
31334,GB,#7fa047
31335,NO,#3d8e61
31336,DE,#918e4e
31337,CH,#b19246
31338,CH,#b19246
31339,RS,#c17541
31340,AZ,#cf2a2d
31341,DK,#6b8e57
31342,AZ,#cf2a2d
31343,SK,#9d7d4f
31344,PL,#867f57
31345,DK,#6b8e57
31346,BA,#c37c41
31347,LT,#6e7a64
31348,HU,#ac7c49
31349,DK,#6b8e57
31350,NL,#8c974b
31351,BA,#c37c41
31352,AM,#d1322e
31353,DE,#918e4e
31354,FR,#b49f44
31355,FR,#b49f44
31356,EE,#507d73
31357,GE,#c43d39
31358,FI,#2b8384
31359,ES,#eeb33e
31360,DK,#6b8e57
31361,FI,#2b8384
31362,AT,#ae8648
31363,GB,#7fa047
31364,DE,#918e4e
31365,BA,#c37c41
31366,DE,#918e4e
31367,HR,#bc8144
31368,SK,#9d7d4f
31369,ME,#d1783c
31370,DK,#6b8e57
31371,NL,#8c974b
31372,SK,#9d7d4f
31373,CH,#b19246
31374,CH,#b19246
31375,NL,#8c974b
31376,AL,#d87539
31377,DK,#6b8e57
31378,HR,#bc8144
31379,RO,#b06e48
31380,GE,#c43d39
31381,CH,#b19246
31382,CH,#b19246
31383,DE,#918e4e
31384,FR,#b49f44
31385,FI,#2b8384
31386,RO,#b06e48
31387,GE,#c43d39
31388,AT,#ae8648
31389,HR,#bc8144
31390,CZ,#97854f
31391,ME,#d1783c
31392,FR,#b49f44
31393,DK,#6b8e57
31394,RS,#c17541
31395,DK,#6b8e57
31396,PL,#867f57
31397,EE,#507d73
31398,CZ,#97854f
31399,SK,#9d7d4f
31400,CH,#b19246
31401,CH,#b19246
31402,NL,#8c974b
31403,ES,#eeb33e
31404,AZ,#cf2a2d
31405,LT,#6e7a64
31406,NL,#8c974b
31407,GE,#c43d39
31408,AL,#d87539
31409,EE,#507d73
31410,SI,#b58346
31411,BA,#c37c41
31412,IS,#2ca02c
31413,RS,#c17541
31414,DK,#6b8e57
31415,HR,#bc8144
31416,NL,#8c974b
31417,AL,#d87539
31418,FI,#2b8384
31419,ES,#eeb33e
31420,SI,#b58346
31421,DK,#6b8e57
31422,GE,#c43d39
31423,AM,#d1322e
31424,GB,#7fa047
31425,IT,#ce893f
31426,BY,#7b7261
31427,CH,#b19246
31428,NO,#3d8e61
31429,AM,#d1322e
31430,BY,#7b7261
31431,GB,#7fa047
31432,DK,#6b8e57
31433,CH,#b19246
31434,MK,#d0733c
31435,HU,#ac7c49
31436,FR,#b49f44
31437,ES,#eeb33e
31438,BA,#c37c41
31439,DK,#6b8e57
31440,IT,#ce893f
31441,IS,#2ca02c
31442,EE,#507d73
31443,BA,#c37c41
31444,CH,#b19246
31445,MK,#d0733c
31446,NL,#8c974b
31447,BA,#c37c41
31448,AL,#d87539
31449,CH,#b19246
31450,BY,#7b7261
31451,SI,#b58346
31452,ME,#d1783c
31453,RS,#c17541
31454,AL,#d87539
31455,DE,#918e4e
31456,DE,#918e4e
31457,AT,#ae8648
31458,RU,#61667a
31459,CH,#b19246
31460,HR,#bc8144
31461,DK,#6b8e57
31462,CH,#b19246
31463,RU,#61667a
31464,NL,#8c974b
31465,IS,#2ca02c
31466,AZ,#cf2a2d
31467,RS,#c17541
31468,DE,#918e4e
31469,GB,#7fa047
31470,SE,#3c8a6a
31471,CH,#b19246
31472,BA,#c37c41
31473,ES,#eeb33e
31474,EE,#507d73
31475,AM,#d1322e
31476,BA,#c37c41
31477,LT,#6e7a64
31478,EE,#507d73
31479,RU,#61667a
31480,RU,#61667a
31481,DK,#6b8e57
31482,IT,#ce893f
31483,PT,#f8bf3f
31484,DK,#6b8e57
31485,HR,#bc8144
31486,DK,#6b8e57
31487,FI,#2b8384
31488,PT,#f8bf3f
31489,SE,#3c8a6a
31490,CH,#b19246
31491,PL,#867f57
31492,IS,#2ca02c
31493,CZ,#97854f
31494,NL,#8c974b
31495,FI,#2b8384
31496,DK,#6b8e57
31497,DE,#918e4e
31498,SE,#3c8a6a
31499,EE,#507d73
31500,AM,#d1322e
31501,AZ,#cf2a2d
31502,MK,#d0733c
31503,IT,#ce893f
31504,ME,#d1783c
31505,AZ,#cf2a2d
31506,BY,#7b7261
31507,NL,#8c974b
31508,RS,#c17541
31509,CZ,#97854f
31510,LT,#6e7a64
31511,DK,#6b8e57
31512,IS,#2ca02c
31513,DK,#6b8e57
31514,DK,#6b8e57
31515,SI,#b58346
31516,RU,#61667a
31517,CH,#b19246
31518,FR,#b49f44
31519,IT,#ce893f
31520,ME,#d1783c
31521,BG,#c66a3e
31522,BY,#7b7261
31523,AZ,#cf2a2d
31524,DE,#918e4e
31525,NO,#3d8e61
31526,PT,#f8bf3f
31527,FI,#2b8384
31528,FR,#b49f44
31529,BA,#c37c41
31530,AT,#ae8648
31531,IS,#2ca02c
31532,GE,#c43d39
31533,DK,#6b8e57
31534,IS,#2ca02c
31535,CH,#b19246
31536,BY,#7b7261
31537,GE,#c43d39
31538,HR,#bc8144
31539,NO,#3d8e61
31540,GB,#7fa047
31541,GB,#7fa047
31542,BG,#c66a3e
31543,DE,#918e4e
31544,EE,#507d73
31545,IS,#2ca02c
31546,SE,#3c8a6a
31547,PT,#f8bf3f
31548,PT,#f8bf3f
31549,HR,#bc8144
31550,DK,#6b8e57
31551,GE,#c43d39
31552,AM,#d1322e
31553,FR,#b49f44
31554,EE,#507d73
31555,CH,#b19246
31556,DK,#6b8e57
31557,NO,#3d8e61
31558,BG,#c66a3e
31559,DK,#6b8e57
31560,RO,#b06e48
31561,HR,#bc8144
31562,AM,#d1322e
31563,HU,#ac7c49
31564,BY,#7b7261
31565,AT,#ae8648
31566,SI,#b58346
31567,AT,#ae8648
31568,HU,#ac7c49
31569,CH,#b19246
31570,DE,#918e4e
31571,IT,#ce893f
31572,AM,#d1322e
31573,DK,#6b8e57
31574,EE,#507d73
31575,BY,#7b7261
31576,RO,#b06e48
31577,NL,#8c974b
31578,MK,#d0733c
31579,GB,#7fa047
31580,EE,#507d73
31581,RS,#c17541
31582,IS,#2ca02c
31583,RU,#61667a
31584,FI,#2b8384
31585,AZ,#cf2a2d
31586,CH,#b19246
31587,BA,#c37c41
31588,SI,#b58346
31589,RU,#61667a
31590,NL,#8c974b
31591,NO,#3d8e61
31592,GE,#c43d39
31593,CZ,#97854f
31594,CH,#b19246
31595,NL,#8c974b
31596,SI,#b58346
31597,AL,#d87539
31598,MK,#d0733c
31599,BA,#c37c41
31600,RU,#61667a
31601,IT,#ce893f
31602,CH,#b19246
31603,SE,#3c8a6a
31604,DE,#918e4e
31605,GE,#c43d39
31606,GE,#c43d39
31607,HR,#bc8144
31608,DK,#6b8e57
31609,CH,#b19246
31610,ME,#d1783c
31611,GE,#c43d39
31612,NL,#8c974b
31613,HU,#ac7c49
31614,CH,#b19246
31615,HU,#ac7c49
31616,FI,#2b8384
31617,FI,#2b8384
31618,SE,#3c8a6a
31619,AT,#ae8648
31620,CH,#b19246
31621,FI,#2b8384
31622,AM,#d1322e
31623,AM,#d1322e
31624,CH,#b19246
31625,AZ,#cf2a2d
31626,FI,#2b8384
31627,CH,#b19246
31628,NL,#8c974b
31629,AL,#d87539
31630,AT,#ae8648
31631,SK,#9d7d4f
31632,FI,#2b8384
31633,PT,#f8bf3f
31634,EE,#507d73
31635,EE,#507d73
31636,PT,#f8bf3f
31637,CH,#b19246
31638,GB,#7fa047
31639,AZ,#cf2a2d
31640,DK,#6b8e57
31641,DE,#918e4e
31642,RU,#61667a
31643,GB,#7fa047
31644,NL,#8c974b
31645,NL,#8c974b
31646,RU,#61667a
31647,AL,#d87539
31648,AM,#d1322e
31649,AM,#d1322e
31650,RS,#c17541
31651,PT,#f8bf3f
31652,DE,#918e4e
31653,SE,#3c8a6a
31654,DK,#6b8e57
31655,ME,#d1783c
31656,SE,#3c8a6a
31657,AZ,#cf2a2d
31658,PT,#f8bf3f
31659,DE,#918e4e
31660,BY,#7b7261
31661,NO,#3d8e61
31662,GB,#7fa047
31663,NO,#3d8e61
31664,DE,#918e4e
31665,SE,#3c8a6a
31666,DE,#918e4e
31667,LT,#6e7a64
31668,DE,#918e4e
31669,FR,#b49f44
31670,HU,#ac7c49
31671,CH,#b19246
31672,GB,#7fa047
31673,NL,#8c974b
31674,BY,#7b7261
31675,NO,#3d8e61
31676,AM,#d1322e
31677,NL,#8c974b
31678,IS,#2ca02c
31679,DK,#6b8e57
31680,CH,#b19246
31681,NL,#8c974b
31682,FI,#2b8384
31683,DK,#6b8e57
31684,CH,#b19246
31685,IS,#2ca02c
31686,IT,#ce893f
31687,CZ,#97854f
31688,NL,#8c974b
31689,CH,#b19246
31690,NL,#8c974b
31691,SI,#b58346
31692,BG,#c66a3e
31693,ME,#d1783c
31694,CZ,#97854f
31695,IT,#ce893f
31696,GB,#7fa047
31697,AL,#d87539
31698,CH,#b19246
31699,FI,#2b8384
31700,RS,#c17541
31701,BA,#c37c41
31702,AZ,#cf2a2d
31703,RS,#c17541
31704,HR,#bc8144
31705,DK,#6b8e57
31706,DK,#6b8e57
31707,EE,#507d73
31708,RS,#c17541
31709,IT,#ce893f
31710,CH,#b19246
31711,IS,#2ca02c
31712,DK,#6b8e57
31713,NL,#8c974b
31714,CH,#b19246
31715,GB,#7fa047
31716,CH,#b19246
31717,MK,#d0733c
31718,DE,#918e4e
31719,BG,#c66a3e
31720,BA,#c37c41
31721,IS,#2ca02c
31722,DK,#6b8e57
31723,DK,#6b8e57
31724,RS,#c17541
31725,AT,#ae8648
31726,DK,#6b8e57
31727,CZ,#97854f
31728,PL,#867f57
31729,PL,#867f57
31730,AL,#d87539
31731,RU,#61667a
31732,HR,#bc8144
31733,FR,#b49f44
31734,BG,#c66a3e
31735,IT,#ce893f
31736,NL,#8c974b
31737,FI,#2b8384
31738,EE,#507d73
31739,GB,#7fa047
31740,DK,#6b8e57
31741,GB,#7fa047
31742,IS,#2ca02c
31743,NO,#3d8e61
31744,DK,#6b8e57
31745,RO,#b06e48
31746,SK,#9d7d4f
31747,SE,#3c8a6a
31748,CZ,#97854f
31749,GE,#c43d39
31750,CZ,#97854f
31751,HU,#ac7c49
31752,CH,#b19246
31753,SK,#9d7d4f
31754,AT,#ae8648
31755,DE,#918e4e
31756,FR,#b49f44
31757,DE,#918e4e
31758,PL,#867f57
31759,CH,#b19246
31760,CH,#b19246
31761,FR,#b49f44
31762,DK,#6b8e57
31763,DK,#6b8e57
31764,RU,#61667a
31765,GE,#c43d39
31766,AT,#ae8648
31767,DK,#6b8e57
31768,NO,#3d8e61
31769,NL,#8c974b
31770,AL,#d87539
31771,RO,#b06e48
31772,RU,#61667a
31773,PL,#867f57
31774,DK,#6b8e57
31775,CZ,#97854f
31776,DE,#918e4e
31777,DE,#918e4e
31778,DK,#6b8e57
31779,DE,#918e4e
31780,CH,#b19246
31781,RO,#b06e48
31782,SK,#9d7d4f
31783,NO,#3d8e61
31784,CH,#b19246
31785,MK,#d0733c
31786,BA,#c37c41
31787,RO,#b06e48
31788,DK,#6b8e57
31789,ES,#eeb33e
31790,PL,#867f57
31791,CZ,#97854f
31792,IT,#ce893f
31793,IT,#ce893f
31794,GB,#7fa047
31795,IT,#ce893f
31796,RO,#b06e48
31797,GE,#c43d39
31798,RO,#b06e48
31799,CZ,#97854f
31800,NL,#8c974b
31801,GB,#7fa047
31802,SI,#b58346
31803,NL,#8c974b
31804,HU,#ac7c49
31805,AT,#ae8648
31806,AZ,#cf2a2d
31807,AL,#d87539
31808,CH,#b19246
31809,AL,#d87539
31810,NL,#8c974b
31811,DE,#918e4e
31812,CH,#b19246
31813,CH,#b19246
31814,IT,#ce893f
31815,DK,#6b8e57
31816,IT,#ce893f
31817,GB,#7fa047
31818,SI,#b58346
31819,RS,#c17541
31820,DK,#6b8e57
31821,RO,#b06e48
31822,DE,#918e4e
31823,IT,#ce893f
31824,IS,#2ca02c
31825,RU,#61667a
31826,AM,#d1322e
31827,NL,#8c974b
31828,FR,#b49f44
31829,CH,#b19246
31830,IT,#ce893f
31831,GE,#c43d39
31832,AT,#ae8648
31833,BA,#c37c41
31834,CZ,#97854f
31835,RU,#61667a
31836,GB,#7fa047
31837,GB,#7fa047
31838,GE,#c43d39
31839,BA,#c37c41
31840,SE,#3c8a6a
31841,PL,#867f57
31842,RS,#c17541
31843,CZ,#97854f
31844,IT,#ce893f
31845,IS,#2ca02c
31846,ME,#d1783c
31847,AM,#d1322e
31848,SE,#3c8a6a
31849,FR,#b49f44
31850,SI,#b58346
31851,CH,#b19246
31852,RU,#61667a
31853,BA,#c37c41
31854,ES,#eeb33e
31855,AL,#d87539
31856,IT,#ce893f
31857,AL,#d87539
31858,HR,#bc8144
31859,IS,#2ca02c
31860,DE,#918e4e
31861,AZ,#cf2a2d
31862,GE,#c43d39
31863,RO,#b06e48
31864,EE,#507d73
31865,DK,#6b8e57
31866,DE,#918e4e
31867,GB,#7fa047
31868,BG,#c66a3e
31869,HU,#ac7c49
31870,FR,#b49f44
31871,AM,#d1322e
31872,RO,#b06e48
31873,GB,#7fa047
31874,SK,#9d7d4f
31875,AL,#d87539
31876,FI,#2b8384
31877,CH,#b19246
31878,EE,#507d73
31879,NL,#8c974b
31880,BY,#7b7261
31881,PT,#f8bf3f
31882,DE,#918e4e
31883,BY,#7b7261
31884,PL,#867f57
31885,FI,#2b8384
31886,CH,#b19246
31887,IT,#ce893f
31888,IS,#2ca02c
31889,NL,#8c974b
31890,ES,#eeb33e
31891,GB,#7fa047
31892,CH,#b19246
31893,GE,#c43d39
31894,ES,#eeb33e
31895,DK,#6b8e57
31896,AT,#ae8648
31897,IS,#2ca02c
31898,LT,#6e7a64
31899,DE,#918e4e
31900,PL,#867f57
31901,DK,#6b8e57
31902,SI,#b58346
31903,GE,#c43d39
31904,BA,#c37c41
31905,DK,#6b8e57
31906,CZ,#97854f
31907,ES,#eeb33e
31908,NL,#8c974b
31909,SK,#9d7d4f
31910,BA,#c37c41
31911,IS,#2ca02c
31912,BG,#c66a3e
31913,DK,#6b8e57
31914,IS,#2ca02c
31915,RS,#c17541
31916,RS,#c17541
31917,BG,#c66a3e
31918,ES,#eeb33e
31919,GB,#7fa047
31920,BA,#c37c41
31921,CZ,#97854f
31922,GE,#c43d39
31923,AZ,#cf2a2d
31924,IS,#2ca02c
31925,IS,#2ca02c
31926,DK,#6b8e57
31927,CZ,#97854f
31928,PL,#867f57
31929,SI,#b58346
31930,CH,#b19246
31931,BG,#c66a3e
31932,IS,#2ca02c
31933,CZ,#97854f
31934,FR,#b49f44
31935,FR,#b49f44
31936,AM,#d1322e
31937,SE,#3c8a6a
31938,CH,#b19246
31939,ME,#d1783c
31940,DK,#6b8e57
31941,BG,#c66a3e
31942,AT,#ae8648
31943,CZ,#97854f
31944,NL,#8c974b
31945,CZ,#97854f
31946,RO,#b06e48
31947,AM,#d1322e
31948,CH,#b19246
31949,SI,#b58346
31950,SI,#b58346
31951,NL,#8c974b
31952,NL,#8c974b
31953,SK,#9d7d4f
31954,AT,#ae8648
31955,CH,#b19246
31956,LT,#6e7a64
31957,AM,#d1322e
31958,BG,#c66a3e
31959,FR,#b49f44
31960,EE,#507d73
31961,NO,#3d8e61
31962,CH,#b19246
31963,ES,#eeb33e
31964,IS,#2ca02c
31965,CH,#b19246
31966,HR,#bc8144
31967,HR,#bc8144
31968,RS,#c17541
31969,DK,#6b8e57
31970,FR,#b49f44
31971,AM,#d1322e
31972,SE,#3c8a6a
31973,FI,#2b8384
31974,CZ,#97854f
31975,BY,#7b7261
31976,CH,#b19246
31977,AL,#d87539
31978,CH,#b19246
31979,ES,#eeb33e
31980,IS,#2ca02c
31981,HU,#ac7c49
31982,BY,#7b7261
31983,SI,#b58346
31984,GE,#c43d39
31985,IT,#ce893f
31986,AT,#ae8648
31987,CH,#b19246
31988,HR,#bc8144
31989,NL,#8c974b
31990,BY,#7b7261
31991,AM,#d1322e
31992,AM,#d1322e
31993,SE,#3c8a6a
31994,MK,#d0733c
31995,IS,#2ca02c
31996,RO,#b06e48
31997,BA,#c37c41
31998,AL,#d87539
31999,FR,#b49f44
32000,GB,#7fa047
32001,CH,#b19246
32002,MK,#d0733c
32003,DK,#6b8e57
32004,GB,#7fa047
32005,DK,#6b8e57
32006,AM,#d1322e
32007,RO,#b06e48
32008,LT,#6e7a64
32009,CH,#b19246
32010,FR,#b49f44
32011,PT,#f8bf3f
32012,GE,#c43d39
32013,HU,#ac7c49
32014,IT,#ce893f
32015,AT,#ae8648
32016,RO,#b06e48
32017,DK,#6b8e57
32018,CZ,#97854f
32019,FR,#b49f44
32020,NL,#8c974b
32021,IT,#ce893f
32022,HR,#bc8144
32023,RS,#c17541
32024,GE,#c43d39
32025,SE,#3c8a6a
32026,CH,#b19246
32027,AM,#d1322e
32028,AZ,#cf2a2d
32029,NL,#8c974b
32030,NL,#8c974b
32031,LT,#6e7a64
32032,GE,#c43d39
32033,FI,#2b8384
32034,PL,#867f57
32035,NL,#8c974b
32036,HU,#ac7c49
32037,BY,#7b7261
32038,FR,#b49f44
32039,SK,#9d7d4f
32040,AM,#d1322e
32041,NL,#8c974b
32042,RO,#b06e48
32043,HU,#ac7c49
32044,NO,#3d8e61
32045,DK,#6b8e57
32046,FI,#2b8384
32047,HR,#bc8144
32048,GB,#7fa047
32049,RU,#61667a
32050,FI,#2b8384
32051,SI,#b58346
32052,BY,#7b7261
32053,NL,#8c974b
32054,CH,#b19246
32055,LT,#6e7a64
32056,IT,#ce893f
32057,AZ,#cf2a2d
32058,IT,#ce893f
32059,AZ,#cf2a2d
32060,GB,#7fa047
32061,GE,#c43d39
32062,AZ,#cf2a2d
32063,CH,#b19246
32064,PT,#f8bf3f
32065,BA,#c37c41
32066,CZ,#97854f
32067,SE,#3c8a6a
32068,AM,#d1322e
32069,HR,#bc8144
32070,BG,#c66a3e
32071,DK,#6b8e57
32072,CH,#b19246
32073,MK,#d0733c
32074,RU,#61667a
32075,IS,#2ca02c
32076,BA,#c37c41
32077,NO,#3d8e61
32078,PL,#867f57
32079,IT,#ce893f
32080,GE,#c43d39
32081,AM,#d1322e
32082,CH,#b19246
32083,BA,#c37c41
32084,NL,#8c974b
32085,ES,#eeb33e
32086,EE,#507d73
32087,SK,#9d7d4f
32088,LT,#6e7a64
32089,LT,#6e7a64
32090,CH,#b19246
32091,NO,#3d8e61
32092,CH,#b19246
32093,RU,#61667a
32094,DE,#918e4e
32095,AM,#d1322e
32096,NL,#8c974b
32097,HR,#bc8144
32098,ME,#d1783c
32099,CZ,#97854f
32100,RU,#61667a
32101,FR,#b49f44
32102,SK,#9d7d4f
32103,PL,#867f57
32104,DK,#6b8e57
32105,AL,#d87539
32106,NO,#3d8e61
32107,ES,#eeb33e
32108,AL,#d87539
32109,HU,#ac7c49
32110,AM,#d1322e
32111,IT,#ce893f
32112,DK,#6b8e57
32113,DK,#6b8e57
32114,BA,#c37c41
32115,AM,#d1322e
32116,DE,#918e4e
32117,MK,#d0733c
32118,GB,#7fa047
32119,AM,#d1322e
32120,LT,#6e7a64
32121,IT,#ce893f
32122,MK,#d0733c
32123,RO,#b06e48
32124,PL,#867f57
32125,HU,#ac7c49
32126,SE,#3c8a6a
32127,CZ,#97854f
32128,NO,#3d8e61
32129,NO,#3d8e61
32130,FI,#2b8384
32131,CZ,#97854f
32132,AM,#d1322e
32133,RO,#b06e48
32134,DK,#6b8e57
32135,DK,#6b8e57
32136,RS,#c17541
32137,PT,#f8bf3f
32138,AZ,#cf2a2d
32139,DE,#918e4e
32140,BA,#c37c41
32141,GE,#c43d39
32142,HU,#ac7c49
32143,AM,#d1322e
32144,GB,#7fa047
32145,NL,#8c974b
32146,DK,#6b8e57
32147,NO,#3d8e61
32148,RO,#b06e48
32149,PL,#867f57
32150,IS,#2ca02c
32151,GE,#c43d39
32152,GE,#c43d39
32153,DK,#6b8e57
32154,RO,#b06e48
32155,ES,#eeb33e
32156,EE,#507d73
32157,IT,#ce893f
32158,PL,#867f57
32159,RO,#b06e48
32160,AM,#d1322e
32161,RO,#b06e48
32162,SK,#9d7d4f
32163,NL,#8c974b
32164,BG,#c66a3e
32165,FI,#2b8384
32166,FR,#b49f44
32167,GE,#c43d39
32168,RO,#b06e48
32169,IT,#ce893f
32170,DE,#918e4e
32171,NL,#8c974b
32172,PT,#f8bf3f
32173,FR,#b49f44
32174,BA,#c37c41
32175,DE,#918e4e
32176,FI,#2b8384
32177,HU,#ac7c49
32178,EE,#507d73
32179,SE,#3c8a6a
32180,SE,#3c8a6a
32181,LT,#6e7a64
32182,AM,#d1322e
32183,FR,#b49f44
32184,FR,#b49f44
32185,DK,#6b8e57
32186,LT,#6e7a64
32187,CH,#b19246
32188,GB,#7fa047
32189,AL,#d87539
32190,AT,#ae8648
32191,DK,#6b8e57
32192,DK,#6b8e57
32193,BY,#7b7261
32194,IS,#2ca02c
32195,SK,#9d7d4f
32196,RS,#c17541
32197,CH,#b19246
32198,CH,#b19246
32199,ES,#eeb33e
32200,AM,#d1322e
32201,FI,#2b8384
32202,FI,#2b8384
32203,SK,#9d7d4f
32204,CH,#b19246
32205,DE,#918e4e
32206,CH,#b19246
32207,FI,#2b8384
32208,AM,#d1322e
32209,NO,#3d8e61
32210,NL,#8c974b
32211,BA,#c37c41
32212,CH,#b19246
32213,HU,#ac7c49
32214,GB,#7fa047
32215,ES,#eeb33e
32216,NO,#3d8e61
32217,IT,#ce893f
32218,IT,#ce893f
32219,DK,#6b8e57
32220,NL,#8c974b
32221,PL,#867f57
32222,PT,#f8bf3f
32223,NL,#8c974b
32224,PL,#867f57
32225,NO,#3d8e61
32226,CZ,#97854f
32227,DK,#6b8e57
32228,CH,#b19246
32229,BY,#7b7261
32230,AM,#d1322e
32231,CH,#b19246
32232,IT,#ce893f
32233,AZ,#cf2a2d
32234,GB,#7fa047
32235,NL,#8c974b
32236,DK,#6b8e57
32237,NL,#8c974b
32238,DE,#918e4e
32239,BG,#c66a3e
32240,AZ,#cf2a2d
32241,ME,#d1783c
32242,DK,#6b8e57
32243,CH,#b19246
32244,PL,#867f57
32245,MK,#d0733c
32246,LT,#6e7a64
32247,RO,#b06e48
32248,DK,#6b8e57
32249,HU,#ac7c49
32250,NL,#8c974b
32251,CH,#b19246
32252,HU,#ac7c49
32253,DK,#6b8e57
32254,IT,#ce893f
32255,SK,#9d7d4f
32256,HU,#ac7c49
32257,BG,#c66a3e
32258,HR,#bc8144
32259,CH,#b19246
32260,GE,#c43d39
32261,IS,#2ca02c
32262,IT,#ce893f
32263,HU,#ac7c49
32264,CZ,#97854f
32265,DK,#6b8e57
32266,SK,#9d7d4f
32267,IT,#ce893f
32268,SI,#b58346
32269,GB,#7fa047
32270,MK,#d0733c
32271,MK,#d0733c
32272,DE,#918e4e
32273,ES,#eeb33e
32274,RO,#b06e48
32275,NO,#3d8e61
32276,IT,#ce893f
32277,NL,#8c974b
32278,LT,#6e7a64
32279,SK,#9d7d4f
32280,RU,#61667a
32281,HU,#ac7c49
32282,ES,#eeb33e
32283,BG,#c66a3e
32284,RS,#c17541
32285,FR,#b49f44
32286,LT,#6e7a64
32287,MK,#d0733c
32288,FI,#2b8384
32289,IS,#2ca02c
32290,IS,#2ca02c
32291,PL,#867f57
32292,RO,#b06e48
32293,AL,#d87539
32294,ES,#eeb33e
32295,CH,#b19246
32296,AT,#ae8648
32297,ES,#eeb33e
32298,DE,#918e4e
32299,RO,#b06e48
32300,BY,#7b7261
32301,MK,#d0733c
32302,PT,#f8bf3f
32303,DK,#6b8e57
32304,IT,#ce893f
32305,DK,#6b8e57
32306,MK,#d0733c
32307,GB,#7fa047
32308,DK,#6b8e57
32309,AL,#d87539
32310,SE,#3c8a6a
32311,DK,#6b8e57
32312,BA,#c37c41
32313,RS,#c17541
32314,BA,#c37c41
32315,BA,#c37c41
32316,HR,#bc8144
32317,BA,#c37c41
32318,NO,#3d8e61
32319,LT,#6e7a64
32320,HR,#bc8144
32321,HR,#bc8144
32322,CH,#b19246
32323,AM,#d1322e
32324,SE,#3c8a6a
32325,SE,#3c8a6a
32326,DK,#6b8e57
32327,BG,#c66a3e
32328,BY,#7b7261
32329,RU,#61667a
32330,RU,#61667a
32331,BA,#c37c41
32332,RU,#61667a
32333,SK,#9d7d4f
32334,FI,#2b8384
32335,AT,#ae8648
32336,FR,#b49f44
32337,EE,#507d73
32338,IS,#2ca02c
32339,IS,#2ca02c
32340,DE,#918e4e
32341,BA,#c37c41
32342,DE,#918e4e
32343,GB,#7fa047
32344,IS,#2ca02c
32345,DK,#6b8e57
32346,ES,#eeb33e
32347,DK,#6b8e57
32348,CH,#b19246
32349,FR,#b49f44
32350,AZ,#cf2a2d
32351,SI,#b58346
32352,IS,#2ca02c
32353,DE,#918e4e
32354,AZ,#cf2a2d
32355,CH,#b19246
32356,SI,#b58346
32357,CZ,#97854f
32358,BA,#c37c41
32359,IS,#2ca02c
32360,BA,#c37c41
32361,ME,#d1783c
32362,MK,#d0733c
32363,FI,#2b8384
32364,DK,#6b8e57
32365,HR,#bc8144
32366,HU,#ac7c49
32367,CH,#b19246
32368,SK,#9d7d4f
32369,SK,#9d7d4f
32370,DK,#6b8e57
32371,EE,#507d73
32372,BA,#c37c41
32373,DK,#6b8e57
32374,BG,#c66a3e
32375,SI,#b58346
32376,AZ,#cf2a2d
32377,RO,#b06e48
32378,DK,#6b8e57
32379,NO,#3d8e61
32380,NO,#3d8e61
32381,HR,#bc8144
32382,IT,#ce893f
32383,HU,#ac7c49
32384,AM,#d1322e
32385,GE,#c43d39
32386,IT,#ce893f
32387,HR,#bc8144
32388,AM,#d1322e
32389,DK,#6b8e57
32390,GB,#7fa047
32391,AL,#d87539
32392,DK,#6b8e57
32393,EE,#507d73
32394,AZ,#cf2a2d
32395,CH,#b19246
32396,NL,#8c974b
32397,CH,#b19246
32398,SK,#9d7d4f
32399,BY,#7b7261
32400,DE,#918e4e
32401,FI,#2b8384
32402,CH,#b19246
32403,ES,#eeb33e
32404,NO,#3d8e61
32405,CZ,#97854f
32406,CH,#b19246
32407,DE,#918e4e
32408,GB,#7fa047
32409,PL,#867f57
32410,CH,#b19246
32411,DK,#6b8e57
32412,FR,#b49f44
32413,IS,#2ca02c
32414,DK,#6b8e57
32415,CH,#b19246
32416,NO,#3d8e61
32417,BA,#c37c41
32418,CH,#b19246
32419,BY,#7b7261
32420,DK,#6b8e57
32421,DK,#6b8e57
32422,CH,#b19246
32423,DE,#918e4e
32424,BY,#7b7261
32425,CH,#b19246
32426,RO,#b06e48
32427,CH,#b19246
32428,DK,#6b8e57
32429,NO,#3d8e61
32430,NO,#3d8e61
32431,GB,#7fa047
32432,AM,#d1322e
32433,AL,#d87539
32434,SK,#9d7d4f
32435,CH,#b19246
32436,NL,#8c974b
32437,HR,#bc8144
32438,IT,#ce893f
32439,BG,#c66a3e
32440,CH,#b19246
32441,EE,#507d73
32442,RS,#c17541
32443,PL,#867f57
32444,IT,#ce893f
32445,BG,#c66a3e
32446,ES,#eeb33e
32447,FI,#2b8384
32448,EE,#507d73
32449,AM,#d1322e
32450,GE,#c43d39
32451,DK,#6b8e57
32452,PT,#f8bf3f
32453,BA,#c37c41
32454,CH,#b19246
32455,DK,#6b8e57
32456,SE,#3c8a6a
32457,DK,#6b8e57
32458,BA,#c37c41
32459,DE,#918e4e
32460,SE,#3c8a6a
32461,EE,#507d73
32462,CH,#b19246
32463,AM,#d1322e
32464,CH,#b19246
32465,DK,#6b8e57
32466,ME,#d1783c
32467,AL,#d87539
32468,GB,#7fa047
32469,RU,#61667a
32470,HR,#bc8144
32471,GE,#c43d39
32472,GB,#7fa047
32473,DK,#6b8e57
32474,ME,#d1783c
32475,GB,#7fa047
32476,CH,#b19246
32477,PT,#f8bf3f
32478,AL,#d87539
32479,BA,#c37c41
32480,RS,#c17541
32481,RS,#c17541
32482,RU,#61667a
32483,ES,#eeb33e
32484,GE,#c43d39
32485,IS,#2ca02c
32486,NL,#8c974b
32487,DK,#6b8e57
32488,FR,#b49f44
32489,IT,#ce893f
32490,CH,#b19246
32491,IS,#2ca02c
32492,CH,#b19246
32493,DK,#6b8e57
32494,AM,#d1322e
32495,DE,#918e4e
32496,BA,#c37c41
32497,PL,#867f57
32498,CZ,#97854f
32499,MK,#d0733c
32500,RO,#b06e48
32501,RU,#61667a
32502,DK,#6b8e57
32503,HU,#ac7c49
32504,CH,#b19246
32505,NL,#8c974b
32506,NL,#8c974b
32507,IT,#ce893f
32508,SI,#b58346
32509,FR,#b49f44
32510,NL,#8c974b
32511,DK,#6b8e57
32512,CH,#b19246
32513,HR,#bc8144
32514,HR,#bc8144
32515,AT,#ae8648
32516,MK,#d0733c
32517,RO,#b06e48
32518,CH,#b19246
32519,RS,#c17541
32520,ES,#eeb33e
32521,AT,#ae8648
32522,PT,#f8bf3f
32523,AL,#d87539
32524,DE,#918e4e
32525,FR,#b49f44
32526,LT,#6e7a64
32527,CH,#b19246
32528,DK,#6b8e57
32529,CZ,#97854f
32530,DE,#918e4e
32531,DK,#6b8e57
32532,NL,#8c974b
32533,DK,#6b8e57
32534,CZ,#97854f
32535,BG,#c66a3e
32536,RS,#c17541
32537,AM,#d1322e
32538,HU,#ac7c49
32539,GE,#c43d39
32540,GB,#7fa047
32541,IT,#ce893f
32542,AM,#d1322e
32543,CH,#b19246
32544,NL,#8c974b
32545,GB,#7fa047
32546,NO,#3d8e61
32547,AT,#ae8648
32548,FR,#b49f44
32549,EE,#507d73
32550,CZ,#97854f
32551,IT,#ce893f
32552,NL,#8c974b
32553,BA,#c37c41
32554,GE,#c43d39
32555,CH,#b19246
32556,SE,#3c8a6a
32557,DE,#918e4e
32558,AM,#d1322e
32559,CZ,#97854f
32560,HR,#bc8144
32561,GB,#7fa047
32562,PL,#867f57
32563,AT,#ae8648
32564,CZ,#97854f
32565,CZ,#97854f
32566,HU,#ac7c49
32567,GB,#7fa047
32568,AM,#d1322e
32569,BG,#c66a3e
32570,PT,#f8bf3f
32571,AL,#d87539
32572,RS,#c17541
32573,DK,#6b8e57
32574,IS,#2ca02c
32575,HR,#bc8144
32576,DK,#6b8e57
32577,FR,#b49f44
32578,CH,#b19246
32579,CH,#b19246
32580,RS,#c17541
32581,RU,#61667a
32582,RS,#c17541
32583,PT,#f8bf3f
32584,SE,#3c8a6a
32585,CH,#b19246
32586,GE,#c43d39
32587,NL,#8c974b
32588,NL,#8c974b
32589,DK,#6b8e57
32590,AL,#d87539
32591,DK,#6b8e57
32592,IT,#ce893f
32593,CZ,#97854f
32594,DE,#918e4e
32595,DK,#6b8e57
32596,AL,#d87539
32597,DE,#918e4e
32598,BG,#c66a3e
32599,CH,#b19246
32600,RU,#61667a
32601,RO,#b06e48
32602,NO,#3d8e61
32603,IT,#ce893f
32604,FI,#2b8384
32605,NO,#3d8e61
32606,PT,#f8bf3f
32607,GB,#7fa047
32608,RS,#c17541
32609,PL,#867f57
32610,NL,#8c974b
32611,CH,#b19246
32612,CZ,#97854f
32613,FI,#2b8384
32614,EE,#507d73
32615,FI,#2b8384
32616,CH,#b19246
32617,DK,#6b8e57
32618,CH,#b19246
32619,BG,#c66a3e
32620,IS,#2ca02c
32621,BA,#c37c41
32622,SI,#b58346
32623,GE,#c43d39
32624,DE,#918e4e
32625,CH,#b19246
32626,CH,#b19246
32627,HR,#bc8144
32628,FR,#b49f44
32629,NO,#3d8e61
32630,IT,#ce893f
32631,RS,#c17541
32632,AT,#ae8648
32633,DK,#6b8e57
32634,FI,#2b8384
32635,IT,#ce893f
32636,DK,#6b8e57
32637,RS,#c17541
32638,MK,#d0733c
32639,AL,#d87539
32640,RU,#61667a
32641,LT,#6e7a64
32642,EE,#507d73
32643,FI,#2b8384
32644,MK,#d0733c
32645,DE,#918e4e
32646,SE,#3c8a6a
32647,FR,#b49f44
32648,CH,#b19246
32649,BG,#c66a3e
32650,BY,#7b7261
32651,DK,#6b8e57
32652,PL,#867f57
32653,HR,#bc8144
32654,EE,#507d73
32655,NL,#8c974b
32656,FR,#b49f44
32657,RO,#b06e48
32658,SE,#3c8a6a
32659,HU,#ac7c49
32660,SK,#9d7d4f
32661,DE,#918e4e
32662,RS,#c17541
32663,CH,#b19246
32664,NO,#3d8e61
32665,IT,#ce893f
32666,AT,#ae8648
32667,GB,#7fa047
32668,PL,#867f57
32669,SI,#b58346
32670,AM,#d1322e
32671,HU,#ac7c49
32672,NL,#8c974b
32673,AT,#ae8648
32674,GE,#c43d39
32675,PT,#f8bf3f
32676,AL,#d87539
32677,IS,#2ca02c
32678,NL,#8c974b
32679,AM,#d1322e
32680,DK,#6b8e57
32681,CH,#b19246
32682,FI,#2b8384
32683,RS,#c17541
32684,IT,#ce893f
32685,RU,#61667a
32686,SI,#b58346
32687,BA,#c37c41
32688,IT,#ce893f
32689,DE,#918e4e
32690,DK,#6b8e57
32691,AZ,#cf2a2d
32692,HU,#ac7c49
32693,BA,#c37c41
32694,DE,#918e4e
32695,SE,#3c8a6a
32696,CH,#b19246
32697,AT,#ae8648
32698,AT,#ae8648
32699,CH,#b19246
32700,IT,#ce893f
32701,ES,#eeb33e
32702,GB,#7fa047
32703,MK,#d0733c
32704,PL,#867f57
32705,DE,#918e4e
32706,DE,#918e4e
32707,IS,#2ca02c
32708,DK,#6b8e57
32709,BA,#c37c41
32710,NO,#3d8e61
32711,IT,#ce893f
32712,NL,#8c974b
32713,SI,#b58346
32714,CH,#b19246
32715,BG,#c66a3e
32716,DK,#6b8e57
32717,PL,#867f57
32718,IS,#2ca02c
32719,GE,#c43d39
32720,AL,#d87539
32721,DK,#6b8e57
32722,DE,#918e4e
32723,CH,#b19246
32724,PL,#867f57
32725,GB,#7fa047
32726,CH,#b19246
32727,DK,#6b8e57
32728,SI,#b58346
32729,IT,#ce893f
32730,IS,#2ca02c
32731,AL,#d87539
32732,AT,#ae8648
32733,CH,#b19246
32734,HR,#bc8144
32735,MK,#d0733c
32736,BA,#c37c41
32737,AZ,#cf2a2d
32738,DE,#918e4e
32739,FI,#2b8384
32740,GE,#c43d39
32741,DK,#6b8e57
32742,ME,#d1783c
32743,FI,#2b8384
32744,AL,#d87539
32745,NL,#8c974b
32746,RU,#61667a
32747,GB,#7fa047
32748,SK,#9d7d4f
32749,GE,#c43d39
32750,HR,#bc8144
32751,CH,#b19246
32752,EE,#507d73
32753,GE,#c43d39
32754,BA,#c37c41
32755,CZ,#97854f
32756,ES,#eeb33e
32757,AM,#d1322e
32758,DK,#6b8e57
32759,CH,#b19246
32760,CZ,#97854f
32761,RU,#61667a
32762,DK,#6b8e57
32763,DE,#918e4e
32764,NL,#8c974b
32765,SE,#3c8a6a
32766,LT,#6e7a64
32767,AM,#d1322e
32768,BG,#c66a3e
32769,CH,#b19246
32770,AZ,#cf2a2d
32771,AT,#ae8648
32772,DK,#6b8e57
32773,DK,#6b8e57
32774,RO,#b06e48
32775,HU,#ac7c49
32776,ME,#d1783c
32777,NL,#8c974b
32778,PT,#f8bf3f
32779,CH,#b19246
32780,HR,#bc8144
32781,CZ,#97854f
32782,DK,#6b8e57
32783,IS,#2ca02c
32784,EE,#507d73
32785,CZ,#97854f
32786,DK,#6b8e57
32787,DK,#6b8e57
32788,CZ,#97854f
32789,SK,#9d7d4f
32790,DK,#6b8e57
32791,EE,#507d73
32792,HU,#ac7c49
32793,PT,#f8bf3f
32794,SK,#9d7d4f
32795,RU,#61667a
32796,FI,#2b8384
32797,RS,#c17541
32798,CZ,#97854f
32799,FI,#2b8384
32800,GB,#7fa047
32801,BG,#c66a3e
32802,BY,#7b7261
32803,PL,#867f57
32804,AM,#d1322e
32805,MK,#d0733c
32806,FR,#b49f44
32807,DK,#6b8e57
32808,FR,#b49f44
32809,SI,#b58346
32810,FI,#2b8384
32811,FR,#b49f44
32812,IT,#ce893f
32813,GB,#7fa047
32814,GE,#c43d39
32815,BA,#c37c41
32816,CH,#b19246
32817,ES,#eeb33e
32818,AM,#d1322e
32819,FI,#2b8384
32820,HU,#ac7c49
32821,SI,#b58346
32822,SI,#b58346
32823,PL,#867f57
32824,IT,#ce893f
32825,FR,#b49f44
32826,DK,#6b8e57
32827,RU,#61667a
32828,DE,#918e4e
32829,GE,#c43d39
32830,IT,#ce893f
32831,BG,#c66a3e
32832,GB,#7fa047
32833,PL,#867f57
32834,DK,#6b8e57
32835,RO,#b06e48
32836,DK,#6b8e57
32837,IT,#ce893f
32838,CH,#b19246
32839,DK,#6b8e57
32840,NL,#8c974b
32841,CZ,#97854f
32842,AM,#d1322e
32843,HU,#ac7c49
32844,HU,#ac7c49
32845,ME,#d1783c
32846,AM,#d1322e
32847,GB,#7fa047
32848,NL,#8c974b
32849,RO,#b06e48
32850,DK,#6b8e57
32851,EE,#507d73
32852,IS,#2ca02c
32853,SK,#9d7d4f
32854,SI,#b58346
32855,SE,#3c8a6a
32856,IT,#ce893f
32857,CZ,#97854f
32858,ES,#eeb33e
32859,IS,#2ca02c
32860,AL,#d87539
32861,NL,#8c974b
32862,HR,#bc8144
32863,NL,#8c974b
32864,GB,#7fa047
32865,IT,#ce893f
32866,IS,#2ca02c
32867,BA,#c37c41
32868,GB,#7fa047
32869,NL,#8c974b
32870,DE,#918e4e
32871,DK,#6b8e57
32872,IS,#2ca02c
32873,CH,#b19246
32874,GB,#7fa047
32875,PT,#f8bf3f
32876,BA,#c37c41
32877,RU,#61667a
32878,CH,#b19246
32879,CZ,#97854f
32880,AM,#d1322e
32881,AM,#d1322e
32882,SK,#9d7d4f
32883,SK,#9d7d4f
32884,GE,#c43d39
32885,IS,#2ca02c
32886,AM,#d1322e
32887,IS,#2ca02c
32888,GE,#c43d39
32889,HU,#ac7c49
32890,IT,#ce893f
32891,GB,#7fa047
32892,AL,#d87539
32893,HR,#bc8144
32894,SI,#b58346
32895,IT,#ce893f
32896,AL,#d87539
32897,AT,#ae8648
32898,AM,#d1322e
32899,IT,#ce893f
32900,FR,#b49f44
32901,DK,#6b8e57
32902,SE,#3c8a6a
32903,AZ,#cf2a2d
32904,DK,#6b8e57
32905,BY,#7b7261
32906,EE,#507d73
32907,HU,#ac7c49
32908,SK,#9d7d4f
32909,ME,#d1783c
32910,CZ,#97854f
32911,SE,#3c8a6a
32912,DK,#6b8e57
32913,SE,#3c8a6a
32914,NL,#8c974b
32915,ME,#d1783c
32916,BA,#c37c41
32917,BA,#c37c41
32918,BA,#c37c41
32919,SE,#3c8a6a
32920,DE,#918e4e
32921,IS,#2ca02c
32922,AT,#ae8648
32923,AM,#d1322e
32924,PL,#867f57
32925,HU,#ac7c49
32926,CH,#b19246
32927,HU,#ac7c49
32928,RO,#b06e48
32929,PT,#f8bf3f
32930,SI,#b58346
32931,NL,#8c974b
32932,DE,#918e4e
32933,FR,#b49f44
32934,FI,#2b8384
32935,HU,#ac7c49
32936,GE,#c43d39
32937,IS,#2ca02c
32938,HU,#ac7c49
32939,DE,#918e4e
32940,GB,#7fa047
32941,SK,#9d7d4f
32942,IS,#2ca02c
32943,BG,#c66a3e
32944,ES,#eeb33e
32945,BG,#c66a3e
32946,AL,#d87539
32947,RS,#c17541
32948,DE,#918e4e
32949,BY,#7b7261
32950,BG,#c66a3e
32951,AL,#d87539
32952,EE,#507d73
32953,RO,#b06e48
32954,BA,#c37c41
32955,GE,#c43d39
32956,IT,#ce893f
32957,AT,#ae8648
32958,FI,#2b8384
32959,BA,#c37c41
32960,IT,#ce893f
32961,SE,#3c8a6a
32962,CZ,#97854f
32963,IS,#2ca02c
32964,AT,#ae8648
32965,EE,#507d73
32966,SK,#9d7d4f
32967,RU,#61667a
32968,RO,#b06e48
32969,NO,#3d8e61
32970,CH,#b19246
32971,PT,#f8bf3f
32972,IS,#2ca02c
32973,PT,#f8bf3f
32974,FI,#2b8384
32975,CH,#b19246
32976,GE,#c43d39
32977,CH,#b19246
32978,IT,#ce893f
32979,GB,#7fa047
32980,SE,#3c8a6a
32981,DE,#918e4e
32982,PL,#867f57
32983,NL,#8c974b
32984,NL,#8c974b
32985,IS,#2ca02c
32986,DK,#6b8e57
32987,HR,#bc8144
32988,FI,#2b8384
32989,IS,#2ca02c
32990,GB,#7fa047
32991,PL,#867f57
32992,AT,#ae8648
32993,NL,#8c974b
32994,PT,#f8bf3f
32995,NL,#8c974b
32996,CH,#b19246
32997,AT,#ae8648
32998,AM,#d1322e
32999,HR,#bc8144
33000,SE,#3c8a6a
33001,CH,#b19246
33002,AT,#ae8648
33003,EE,#507d73
33004,IS,#2ca02c
33005,HR,#bc8144
33006,CZ,#97854f
33007,DK,#6b8e57
33008,BA,#c37c41
33009,HU,#ac7c49
33010,FR,#b49f44
33011,LT,#6e7a64
33012,IS,#2ca02c
33013,NL,#8c974b
33014,NO,#3d8e61
33015,HR,#bc8144
33016,ES,#eeb33e
33017,DK,#6b8e57
33018,SK,#9d7d4f
33019,MK,#d0733c
33020,RS,#c17541
33021,BG,#c66a3e
33022,RU,#61667a
33023,NO,#3d8e61
33024,IS,#2ca02c
33025,DK,#6b8e57
33026,RS,#c17541
33027,PT,#f8bf3f
33028,SK,#9d7d4f
33029,DK,#6b8e57
33030,NL,#8c974b
33031,NO,#3d8e61
33032,DE,#918e4e
33033,HR,#bc8144
33034,IT,#ce893f
33035,AZ,#cf2a2d
33036,AZ,#cf2a2d
33037,AM,#d1322e
33038,DK,#6b8e57
33039,DK,#6b8e57
33040,CH,#b19246
33041,MK,#d0733c
33042,FI,#2b8384
33043,DE,#918e4e
33044,GE,#c43d39
33045,DK,#6b8e57
33046,DK,#6b8e57
33047,CH,#b19246
33048,FR,#b49f44
33049,BG,#c66a3e
33050,DE,#918e4e
33051,GB,#7fa047
33052,BY,#7b7261
33053,IS,#2ca02c
33054,SE,#3c8a6a
33055,FR,#b49f44
33056,NL,#8c974b
33057,LT,#6e7a64
33058,BG,#c66a3e
33059,ME,#d1783c
33060,GE,#c43d39
33061,BY,#7b7261
33062,NO,#3d8e61
33063,CH,#b19246
33064,MK,#d0733c
33065,GE,#c43d39
33066,CH,#b19246
33067,CZ,#97854f
33068,CH,#b19246
33069,BG,#c66a3e
33070,BY,#7b7261
33071,AT,#ae8648
33072,BG,#c66a3e
33073,GE,#c43d39
33074,SK,#9d7d4f
33075,IT,#ce893f
33076,CH,#b19246
33077,AZ,#cf2a2d
33078,AL,#d87539
33079,IT,#ce893f
33080,MK,#d0733c
33081,BA,#c37c41
33082,IT,#ce893f
33083,CH,#b19246
33084,AZ,#cf2a2d
33085,CH,#b19246
33086,EE,#507d73
33087,RO,#b06e48
33088,GE,#c43d39
33089,AT,#ae8648
33090,GE,#c43d39
33091,GE,#c43d39
33092,GB,#7fa047
33093,BG,#c66a3e
33094,DK,#6b8e57
33095,GE,#c43d39
33096,BY,#7b7261
33097,DK,#6b8e57
33098,DK,#6b8e57
33099,NO,#3d8e61
33100,NL,#8c974b
33101,CH,#b19246
33102,BA,#c37c41
33103,GE,#c43d39
33104,EE,#507d73
33105,NL,#8c974b
33106,IS,#2ca02c
33107,CH,#b19246
33108,CZ,#97854f
33109,AM,#d1322e
33110,AZ,#cf2a2d
33111,SE,#3c8a6a
33112,CZ,#97854f
33113,RS,#c17541
33114,SI,#b58346
33115,ME,#d1783c
33116,CH,#b19246
33117,CH,#b19246
33118,DK,#6b8e57
33119,SI,#b58346
33120,ES,#eeb33e
33121,AM,#d1322e
33122,BA,#c37c41
33123,BG,#c66a3e
33124,FR,#b49f44
33125,IS,#2ca02c
33126,NO,#3d8e61
33127,FI,#2b8384
33128,CH,#b19246
33129,AT,#ae8648
33130,BG,#c66a3e
33131,IT,#ce893f
33132,NO,#3d8e61
33133,HU,#ac7c49
33134,AT,#ae8648
33135,SK,#9d7d4f
33136,CH,#b19246
33137,RS,#c17541
33138,AZ,#cf2a2d
33139,SE,#3c8a6a
33140,BG,#c66a3e
33141,IS,#2ca02c
33142,GB,#7fa047
33143,NO,#3d8e61
33144,FR,#b49f44
33145,AM,#d1322e
33146,DK,#6b8e57
33147,RS,#c17541
33148,ME,#d1783c
33149,SK,#9d7d4f
33150,BY,#7b7261
33151,CH,#b19246
33152,EE,#507d73
33153,GB,#7fa047
33154,SE,#3c8a6a
33155,AL,#d87539
33156,AL,#d87539
33157,RO,#b06e48
33158,BA,#c37c41
33159,AL,#d87539
33160,RO,#b06e48
33161,CH,#b19246
33162,DE,#918e4e
33163,NL,#8c974b
33164,HR,#bc8144
33165,RO,#b06e48
33166,CZ,#97854f
33167,NO,#3d8e61
33168,HU,#ac7c49
33169,RS,#c17541
33170,MK,#d0733c
33171,BG,#c66a3e
33172,AZ,#cf2a2d
33173,NL,#8c974b
33174,IT,#ce893f
33175,NL,#8c974b
33176,NL,#8c974b
33177,PT,#f8bf3f
33178,DK,#6b8e57
33179,NL,#8c974b
33180,AZ,#cf2a2d
33181,SI,#b58346
33182,AZ,#cf2a2d
33183,ME,#d1783c
33184,FR,#b49f44
33185,NL,#8c974b
33186,DK,#6b8e57
33187,DK,#6b8e57
33188,RS,#c17541
33189,PT,#f8bf3f
33190,CH,#b19246
33191,BA,#c37c41
33192,RU,#61667a
33193,BA,#c37c41
33194,FI,#2b8384
33195,DK,#6b8e57
33196,DK,#6b8e57
33197,CH,#b19246
33198,DK,#6b8e57
33199,BY,#7b7261
33200,NL,#8c974b
33201,DK,#6b8e57
33202,AM,#d1322e
33203,SE,#3c8a6a
33204,IS,#2ca02c
33205,GE,#c43d39
33206,FR,#b49f44
33207,SK,#9d7d4f
33208,AL,#d87539
33209,PL,#867f57
33210,DE,#918e4e
33211,CH,#b19246
33212,FR,#b49f44
33213,IT,#ce893f
33214,IT,#ce893f
33215,CH,#b19246
33216,IS,#2ca02c
33217,PL,#867f57
33218,IS,#2ca02c
33219,CH,#b19246
33220,DK,#6b8e57
33221,GE,#c43d39
33222,DK,#6b8e57
33223,CH,#b19246
33224,NL,#8c974b
33225,GB,#7fa047
33226,SK,#9d7d4f
33227,RO,#b06e48
33228,BY,#7b7261
33229,CH,#b19246
33230,GB,#7fa047
33231,ES,#eeb33e
33232,DE,#918e4e
33233,FR,#b49f44
33234,AZ,#cf2a2d
33235,ES,#eeb33e
33236,IS,#2ca02c
33237,GE,#c43d39
33238,IS,#2ca02c
33239,DE,#918e4e
33240,HR,#bc8144
33241,NL,#8c974b
33242,GE,#c43d39
33243,RS,#c17541
33244,DE,#918e4e
33245,GB,#7fa047
33246,BG,#c66a3e
33247,AL,#d87539
33248,NO,#3d8e61
33249,IT,#ce893f
33250,FR,#b49f44
33251,AM,#d1322e
33252,FI,#2b8384
33253,IT,#ce893f
33254,BA,#c37c41
33255,IT,#ce893f
33256,PT,#f8bf3f
33257,BG,#c66a3e
33258,ES,#eeb33e
33259,SK,#9d7d4f
33260,CH,#b19246
33261,CZ,#97854f
33262,GB,#7fa047
33263,CH,#b19246
33264,IT,#ce893f
33265,EE,#507d73
33266,AL,#d87539
33267,BA,#c37c41
33268,HU,#ac7c49
33269,BG,#c66a3e
33270,DK,#6b8e57
33271,NL,#8c974b
33272,DK,#6b8e57
33273,HR,#bc8144
33274,ES,#eeb33e
33275,AZ,#cf2a2d
33276,SE,#3c8a6a
33277,BA,#c37c41
33278,IS,#2ca02c
33279,CZ,#97854f
33280,DK,#6b8e57
33281,AT,#ae8648
33282,RS,#c17541
33283,GB,#7fa047
33284,HU,#ac7c49
33285,FR,#b49f44
33286,FI,#2b8384
33287,AZ,#cf2a2d
33288,BG,#c66a3e
33289,CH,#b19246
33290,ME,#d1783c
33291,HR,#bc8144
33292,CH,#b19246
33293,NL,#8c974b
33294,SK,#9d7d4f
33295,GB,#7fa047
33296,GE,#c43d39
33297,BG,#c66a3e
33298,NL,#8c974b
33299,SK,#9d7d4f
33300,GE,#c43d39
33301,SE,#3c8a6a
33302,AZ,#cf2a2d
33303,GB,#7fa047
33304,AL,#d87539
33305,AL,#d87539
33306,DK,#6b8e57
33307,GB,#7fa047
33308,SE,#3c8a6a
33309,RS,#c17541
33310,SI,#b58346
33311,IT,#ce893f
33312,SK,#9d7d4f
33313,EE,#507d73
33314,BY,#7b7261
33315,CZ,#97854f
33316,FR,#b49f44
33317,IS,#2ca02c
33318,FI,#2b8384
33319,IT,#ce893f
33320,FI,#2b8384
33321,IS,#2ca02c
33322,SK,#9d7d4f
33323,DK,#6b8e57
33324,GE,#c43d39
33325,RO,#b06e48
33326,SK,#9d7d4f
33327,IS,#2ca02c
33328,IS,#2ca02c
33329,AM,#d1322e
33330,AZ,#cf2a2d
33331,BA,#c37c41
33332,EE,#507d73
33333,AL,#d87539
33334,BG,#c66a3e
33335,DK,#6b8e57
33336,AL,#d87539
33337,AM,#d1322e
33338,IT,#ce893f
33339,IT,#ce893f
33340,IT,#ce893f
33341,CH,#b19246
33342,FI,#2b8384
33343,HR,#bc8144
33344,IT,#ce893f
33345,DK,#6b8e57
33346,BY,#7b7261
33347,SK,#9d7d4f
33348,BG,#c66a3e
33349,DK,#6b8e57
33350,NO,#3d8e61
33351,NL,#8c974b
33352,SE,#3c8a6a
33353,DK,#6b8e57
33354,AM,#d1322e
33355,MK,#d0733c
33356,HR,#bc8144
33357,HR,#bc8144
33358,GE,#c43d39
33359,FI,#2b8384
33360,FI,#2b8384
33361,DK,#6b8e57
33362,FI,#2b8384
33363,AL,#d87539
33364,CH,#b19246
33365,IT,#ce893f
33366,EE,#507d73
33367,CH,#b19246
33368,HU,#ac7c49
33369,RU,#61667a
33370,DK,#6b8e57
33371,HR,#bc8144
33372,RU,#61667a
33373,NO,#3d8e61
33374,HR,#bc8144
33375,SE,#3c8a6a
33376,HU,#ac7c49
33377,NL,#8c974b
33378,NO,#3d8e61
33379,FR,#b49f44
33380,FI,#2b8384
33381,MK,#d0733c
33382,GB,#7fa047
33383,HU,#ac7c49
33384,BA,#c37c41
33385,SI,#b58346
33386,RU,#61667a
33387,AT,#ae8648
33388,NL,#8c974b
33389,BG,#c66a3e
33390,NO,#3d8e61
33391,PL,#867f57
33392,CZ,#97854f
33393,SK,#9d7d4f
33394,HR,#bc8144
33395,MK,#d0733c
33396,NO,#3d8e61
33397,PL,#867f57
33398,DK,#6b8e57
33399,BA,#c37c41
33400,DK,#6b8e57
33401,IT,#ce893f
33402,PT,#f8bf3f
33403,IS,#2ca02c
33404,AT,#ae8648
33405,CZ,#97854f
33406,RS,#c17541
33407,IS,#2ca02c
33408,RU,#61667a
33409,DK,#6b8e57
33410,NO,#3d8e61
33411,HU,#ac7c49
33412,CH,#b19246
33413,NO,#3d8e61
33414,IT,#ce893f
33415,CH,#b19246
33416,IT,#ce893f
33417,GB,#7fa047
33418,IS,#2ca02c
33419,NO,#3d8e61
33420,NL,#8c974b
33421,NO,#3d8e61
33422,CH,#b19246
33423,DK,#6b8e57
33424,DK,#6b8e57
33425,GB,#7fa047
33426,AM,#d1322e
33427,HR,#bc8144
33428,SE,#3c8a6a
33429,NL,#8c974b
33430,GB,#7fa047
33431,AM,#d1322e
33432,RU,#61667a
33433,RU,#61667a
33434,PT,#f8bf3f
33435,SI,#b58346
33436,MK,#d0733c
33437,CH,#b19246
33438,HR,#bc8144
33439,IT,#ce893f
33440,RS,#c17541
33441,SE,#3c8a6a
33442,GE,#c43d39
33443,ME,#d1783c
33444,AL,#d87539
33445,IT,#ce893f
33446,EE,#507d73
33447,BA,#c37c41
33448,DK,#6b8e57
33449,SE,#3c8a6a
33450,ME,#d1783c
33451,NL,#8c974b
33452,AM,#d1322e
33453,AZ,#cf2a2d
33454,CH,#b19246
33455,NL,#8c974b
33456,DK,#6b8e57
33457,FR,#b49f44
33458,AT,#ae8648
33459,BA,#c37c41
33460,IT,#ce893f
33461,HU,#ac7c49
33462,CH,#b19246
33463,AM,#d1322e
33464,GB,#7fa047
33465,PT,#f8bf3f
33466,HR,#bc8144
33467,IT,#ce893f
33468,DE,#918e4e
33469,NL,#8c974b
33470,DK,#6b8e57
33471,GE,#c43d39
33472,FI,#2b8384
33473,CZ,#97854f
33474,LT,#6e7a64
33475,CZ,#97854f
33476,GB,#7fa047
33477,IS,#2ca02c
33478,RS,#c17541
33479,HR,#bc8144
33480,RO,#b06e48
33481,GB,#7fa047
33482,DE,#918e4e
33483,SE,#3c8a6a
33484,SK,#9d7d4f
33485,DK,#6b8e57
33486,DK,#6b8e57
33487,DK,#6b8e57
33488,CH,#b19246
33489,SE,#3c8a6a
33490,HU,#ac7c49
33491,IS,#2ca02c
33492,CH,#b19246
33493,DK,#6b8e57
33494,HU,#ac7c49
33495,GE,#c43d39
33496,NL,#8c974b
33497,AL,#d87539
33498,PT,#f8bf3f
33499,NL,#8c974b
33500,BY,#7b7261
33501,AM,#d1322e
33502,AZ,#cf2a2d
33503,SE,#3c8a6a
33504,BG,#c66a3e
33505,NL,#8c974b
33506,GB,#7fa047
33507,CZ,#97854f
33508,AL,#d87539
33509,HU,#ac7c49
33510,DK,#6b8e57
33511,IT,#ce893f
33512,DE,#918e4e
33513,AL,#d87539
33514,BA,#c37c41
33515,GB,#7fa047
33516,DE,#918e4e
33517,NL,#8c974b
33518,RU,#61667a
33519,CH,#b19246
33520,AT,#ae8648
33521,FR,#b49f44
33522,GB,#7fa047
33523,SE,#3c8a6a
33524,CZ,#97854f
33525,AL,#d87539
33526,AM,#d1322e
33527,DE,#918e4e
33528,PL,#867f57
33529,SK,#9d7d4f
33530,NO,#3d8e61
33531,IT,#ce893f
33532,AT,#ae8648
33533,FI,#2b8384
33534,GB,#7fa047
33535,CH,#b19246
33536,DE,#918e4e
33537,CZ,#97854f
33538,LT,#6e7a64
33539,DK,#6b8e57
33540,PL,#867f57
33541,CH,#b19246
33542,AL,#d87539
33543,DE,#918e4e
33544,ES,#eeb33e
33545,BG,#c66a3e
33546,IT,#ce893f
33547,BA,#c37c41
33548,SE,#3c8a6a
33549,LT,#6e7a64
33550,DK,#6b8e57
33551,IS,#2ca02c
33552,HR,#bc8144
33553,CZ,#97854f
33554,DK,#6b8e57
33555,DK,#6b8e57
33556,AM,#d1322e
33557,EE,#507d73
33558,SI,#b58346
33559,AM,#d1322e
33560,BG,#c66a3e
33561,DK,#6b8e57
33562,SI,#b58346
33563,DK,#6b8e57
33564,HU,#ac7c49
33565,HR,#bc8144
33566,DE,#918e4e
33567,DK,#6b8e57
33568,PT,#f8bf3f
33569,SK,#9d7d4f
33570,HU,#ac7c49
33571,GB,#7fa047
33572,BG,#c66a3e
33573,RS,#c17541
33574,NL,#8c974b
33575,GB,#7fa047
33576,GE,#c43d39
33577,BY,#7b7261
33578,PT,#f8bf3f
33579,SI,#b58346
33580,DE,#918e4e
33581,BA,#c37c41
33582,GB,#7fa047
33583,AM,#d1322e
33584,ES,#eeb33e
33585,NO,#3d8e61
33586,AT,#ae8648
33587,GB,#7fa047
33588,HU,#ac7c49
33589,DE,#918e4e
33590,HU,#ac7c49
33591,NO,#3d8e61
33592,GE,#c43d39
33593,RO,#b06e48
33594,SI,#b58346
33595,AZ,#cf2a2d
33596,AT,#ae8648
33597,RU,#61667a
33598,SK,#9d7d4f
33599,GE,#c43d39
33600,DE,#918e4e
33601,MK,#d0733c
33602,PL,#867f57
33603,SK,#9d7d4f
33604,GE,#c43d39
33605,EE,#507d73
33606,DE,#918e4e
33607,FR,#b49f44
33608,DK,#6b8e57
33609,AZ,#cf2a2d
33610,FR,#b49f44
33611,SK,#9d7d4f
33612,SK,#9d7d4f
33613,LT,#6e7a64
33614,IS,#2ca02c
33615,DK,#6b8e57
33616,IS,#2ca02c
33617,AL,#d87539
33618,GB,#7fa047
33619,AZ,#cf2a2d
33620,AL,#d87539
33621,FR,#b49f44
33622,GE,#c43d39
33623,CZ,#97854f
33624,DK,#6b8e57
33625,RS,#c17541
33626,GE,#c43d39
33627,HR,#bc8144
33628,CH,#b19246
33629,BA,#c37c41
33630,IT,#ce893f
33631,SK,#9d7d4f
33632,PL,#867f57
33633,AZ,#cf2a2d
33634,NL,#8c974b
33635,PL,#867f57
33636,NO,#3d8e61
33637,IS,#2ca02c
33638,CH,#b19246
33639,FI,#2b8384
33640,RO,#b06e48
33641,NO,#3d8e61
33642,RS,#c17541
33643,PT,#f8bf3f
33644,AT,#ae8648
33645,CH,#b19246
33646,DE,#918e4e
33647,CH,#b19246
33648,NO,#3d8e61
33649,AM,#d1322e
33650,IT,#ce893f
33651,GB,#7fa047
33652,BA,#c37c41
33653,AZ,#cf2a2d
33654,CZ,#97854f
33655,CH,#b19246
33656,HU,#ac7c49
33657,MK,#d0733c
33658,RO,#b06e48
33659,NO,#3d8e61
33660,PT,#f8bf3f
33661,CH,#b19246
33662,FR,#b49f44
33663,DK,#6b8e57
33664,CH,#b19246
33665,FI,#2b8384
33666,NL,#8c974b
33667,SK,#9d7d4f
33668,LT,#6e7a64
33669,GE,#c43d39
33670,NL,#8c974b
33671,PT,#f8bf3f
33672,AM,#d1322e
33673,AM,#d1322e
33674,CH,#b19246
33675,AL,#d87539
33676,RS,#c17541
33677,HU,#ac7c49
33678,BA,#c37c41
33679,AL,#d87539
33680,FR,#b49f44
33681,DK,#6b8e57
33682,EE,#507d73
33683,AM,#d1322e
33684,ME,#d1783c
33685,ME,#d1783c
33686,LT,#6e7a64
33687,CH,#b19246
33688,RS,#c17541
33689,HR,#bc8144
33690,AM,#d1322e
33691,BA,#c37c41
33692,BG,#c66a3e
33693,CH,#b19246
33694,MK,#d0733c
33695,PT,#f8bf3f
33696,HU,#ac7c49
33697,DK,#6b8e57
33698,BY,#7b7261
33699,AL,#d87539
33700,FR,#b49f44
33701,FI,#2b8384
33702,DK,#6b8e57
33703,AL,#d87539
33704,AM,#d1322e
33705,PL,#867f57
33706,CZ,#97854f
33707,RS,#c17541
33708,NL,#8c974b
33709,CH,#b19246
33710,CH,#b19246
33711,BA,#c37c41
33712,CH,#b19246
33713,AM,#d1322e
33714,PT,#f8bf3f
33715,FI,#2b8384
33716,IT,#ce893f
33717,BG,#c66a3e
33718,IS,#2ca02c
33719,CH,#b19246
33720,DK,#6b8e57
33721,PT,#f8bf3f
33722,ES,#eeb33e
33723,BY,#7b7261
33724,BY,#7b7261
33725,AM,#d1322e
33726,GB,#7fa047
33727,AT,#ae8648
33728,NL,#8c974b
33729,BA,#c37c41
33730,AT,#ae8648
33731,HR,#bc8144
33732,GE,#c43d39
33733,HU,#ac7c49
33734,NO,#3d8e61
33735,AT,#ae8648
33736,CH,#b19246
33737,SE,#3c8a6a
33738,IS,#2ca02c
33739,DE,#918e4e
33740,AZ,#cf2a2d
33741,MK,#d0733c
33742,AT,#ae8648
33743,AM,#d1322e
33744,PT,#f8bf3f
33745,DE,#918e4e
33746,DK,#6b8e57
33747,DK,#6b8e57
33748,RS,#c17541
33749,SI,#b58346
33750,AM,#d1322e
33751,FR,#b49f44
33752,DK,#6b8e57
33753,RO,#b06e48
33754,CH,#b19246
33755,BG,#c66a3e
33756,DE,#918e4e
33757,SK,#9d7d4f
33758,BA,#c37c41
33759,CZ,#97854f
33760,CH,#b19246
33761,SI,#b58346
33762,NO,#3d8e61
33763,IS,#2ca02c
33764,IT,#ce893f
33765,PL,#867f57
33766,CZ,#97854f
33767,GE,#c43d39
33768,MK,#d0733c
33769,IS,#2ca02c
33770,IT,#ce893f
33771,BY,#7b7261
33772,RS,#c17541
33773,RO,#b06e48
33774,IS,#2ca02c
33775,IS,#2ca02c
33776,AZ,#cf2a2d
33777,RS,#c17541
33778,SE,#3c8a6a
33779,NL,#8c974b
33780,NL,#8c974b
33781,DE,#918e4e
33782,SI,#b58346
33783,SK,#9d7d4f
33784,GE,#c43d39
33785,DE,#918e4e
33786,NL,#8c974b
33787,DK,#6b8e57
33788,RU,#61667a
33789,LT,#6e7a64
33790,CH,#b19246
33791,CH,#b19246
33792,DK,#6b8e57
33793,GB,#7fa047
33794,CH,#b19246
33795,AT,#ae8648
33796,CH,#b19246
33797,BG,#c66a3e
33798,LT,#6e7a64
33799,PT,#f8bf3f
33800,AT,#ae8648
33801,AM,#d1322e
33802,GE,#c43d39
33803,BA,#c37c41
33804,BA,#c37c41
33805,GB,#7fa047
33806,DE,#918e4e
33807,BA,#c37c41
33808,AT,#ae8648
33809,CH,#b19246
33810,GB,#7fa047
33811,RU,#61667a
33812,RU,#61667a
33813,CZ,#97854f
33814,DE,#918e4e
33815,SK,#9d7d4f
33816,NL,#8c974b
33817,LT,#6e7a64
33818,LT,#6e7a64
33819,DK,#6b8e57
33820,IT,#ce893f
33821,DE,#918e4e
33822,RS,#c17541
33823,CH,#b19246
33824,SE,#3c8a6a
33825,IS,#2ca02c
33826,DE,#918e4e
33827,BG,#c66a3e
33828,RO,#b06e48
33829,DK,#6b8e57
33830,NL,#8c974b
33831,NL,#8c974b
33832,NL,#8c974b
33833,AZ,#cf2a2d
33834,SI,#b58346
33835,IT,#ce893f
33836,CH,#b19246
33837,DE,#918e4e
33838,HU,#ac7c49
33839,NO,#3d8e61
33840,NO,#3d8e61
33841,GB,#7fa047
33842,HR,#bc8144
33843,FI,#2b8384
33844,AT,#ae8648
33845,GE,#c43d39
33846,AL,#d87539
33847,GB,#7fa047
33848,BG,#c66a3e
33849,DK,#6b8e57
33850,DK,#6b8e57
33851,BA,#c37c41
33852,NL,#8c974b
33853,IT,#ce893f
33854,PL,#867f57
33855,NL,#8c974b
33856,IT,#ce893f
33857,BA,#c37c41
33858,IS,#2ca02c
33859,SE,#3c8a6a
33860,DE,#918e4e
33861,BY,#7b7261
33862,RO,#b06e48
33863,HR,#bc8144
33864,NL,#8c974b
33865,AT,#ae8648
33866,SE,#3c8a6a
33867,NL,#8c974b
33868,CH,#b19246
33869,DE,#918e4e
33870,PT,#f8bf3f
33871,HU,#ac7c49
33872,CZ,#97854f
33873,SE,#3c8a6a
33874,EE,#507d73
33875,CH,#b19246
33876,NO,#3d8e61
33877,EE,#507d73
33878,DK,#6b8e57
33879,NL,#8c974b
33880,DK,#6b8e57
33881,GE,#c43d39
33882,MK,#d0733c
33883,SI,#b58346
33884,DK,#6b8e57
33885,GB,#7fa047
33886,CZ,#97854f
33887,LT,#6e7a64
33888,AT,#ae8648
33889,GB,#7fa047
33890,NL,#8c974b
33891,GB,#7fa047
33892,CH,#b19246
33893,DE,#918e4e
33894,AZ,#cf2a2d
33895,DK,#6b8e57
33896,AZ,#cf2a2d
33897,RS,#c17541
33898,IS,#2ca02c
33899,SE,#3c8a6a
33900,RS,#c17541
33901,DE,#918e4e
33902,IT,#ce893f
33903,CH,#b19246
33904,DE,#918e4e
33905,GB,#7fa047
33906,GB,#7fa047
33907,DK,#6b8e57
33908,SK,#9d7d4f
33909,IS,#2ca02c
33910,PT,#f8bf3f
33911,CH,#b19246
33912,LT,#6e7a64
33913,NL,#8c974b
33914,FR,#b49f44
33915,AT,#ae8648
33916,FI,#2b8384
33917,DK,#6b8e57
33918,AM,#d1322e
33919,HU,#ac7c49
33920,AT,#ae8648
33921,DE,#918e4e
33922,IS,#2ca02c
33923,RS,#c17541
33924,IT,#ce893f
33925,GE,#c43d39
33926,AZ,#cf2a2d
33927,IS,#2ca02c
33928,GB,#7fa047
33929,NL,#8c974b
33930,ES,#eeb33e
33931,GB,#7fa047
33932,CZ,#97854f
33933,GE,#c43d39
33934,DE,#918e4e
33935,PT,#f8bf3f
33936,BY,#7b7261
33937,SK,#9d7d4f
33938,RU,#61667a
33939,BA,#c37c41
33940,FI,#2b8384
33941,PL,#867f57
33942,SE,#3c8a6a
33943,SI,#b58346
33944,ES,#eeb33e
33945,DK,#6b8e57
33946,BG,#c66a3e
33947,HR,#bc8144
33948,FR,#b49f44
33949,CH,#b19246
33950,CH,#b19246
33951,BG,#c66a3e
33952,AL,#d87539
33953,IT,#ce893f
33954,IS,#2ca02c
33955,CH,#b19246
33956,PL,#867f57
33957,DE,#918e4e
33958,SE,#3c8a6a
33959,CZ,#97854f
33960,PL,#867f57
33961,IS,#2ca02c
33962,PL,#867f57
33963,DK,#6b8e57
33964,NL,#8c974b
33965,BG,#c66a3e
33966,CZ,#97854f
33967,GE,#c43d39
33968,SI,#b58346
33969,GB,#7fa047
33970,NL,#8c974b
33971,DK,#6b8e57
33972,HU,#ac7c49
33973,GB,#7fa047
33974,GB,#7fa047
33975,IS,#2ca02c
33976,DK,#6b8e57
33977,GB,#7fa047
33978,PT,#f8bf3f
33979,EE,#507d73
33980,NO,#3d8e61
33981,CH,#b19246
33982,CH,#b19246
33983,ES,#eeb33e
33984,RS,#c17541
33985,BY,#7b7261
33986,GB,#7fa047
33987,SK,#9d7d4f
33988,DK,#6b8e57
33989,BG,#c66a3e
33990,DE,#918e4e
33991,NL,#8c974b
33992,LT,#6e7a64
33993,CH,#b19246
33994,DE,#918e4e
33995,NL,#8c974b
33996,DK,#6b8e57
33997,PL,#867f57
33998,BG,#c66a3e
33999,DE,#918e4e
34000,GE,#c43d39
34001,IT,#ce893f
34002,ES,#eeb33e
34003,DK,#6b8e57
34004,HU,#ac7c49
34005,ME,#d1783c
34006,DK,#6b8e57
34007,SK,#9d7d4f
34008,IT,#ce893f
34009,NL,#8c974b
34010,HU,#ac7c49
34011,FR,#b49f44
34012,BA,#c37c41
34013,DK,#6b8e57
34014,SK,#9d7d4f
34015,NL,#8c974b
34016,GE,#c43d39
34017,GB,#7fa047
34018,SK,#9d7d4f
34019,SE,#3c8a6a
34020,HU,#ac7c49
34021,SE,#3c8a6a
34022,AL,#d87539
34023,FR,#b49f44
34024,DK,#6b8e57
34025,AT,#ae8648
34026,DK,#6b8e57
34027,AT,#ae8648
34028,HR,#bc8144
34029,CH,#b19246
34030,RU,#61667a
34031,IS,#2ca02c
34032,BG,#c66a3e
34033,SK,#9d7d4f
34034,NO,#3d8e61
34035,AM,#d1322e
34036,DK,#6b8e57
34037,CH,#b19246
34038,GB,#7fa047
34039,GB,#7fa047
34040,NL,#8c974b
34041,GE,#c43d39
34042,BY,#7b7261
34043,RU,#61667a
34044,EE,#507d73
34045,SI,#b58346
34046,RS,#c17541
34047,HR,#bc8144
34048,BA,#c37c41
34049,BA,#c37c41
34050,NL,#8c974b
34051,FR,#b49f44
34052,CH,#b19246
34053,FI,#2b8384
34054,AL,#d87539
34055,ES,#eeb33e
34056,GB,#7fa047
34057,AZ,#cf2a2d
34058,BY,#7b7261
34059,NL,#8c974b
34060,HU,#ac7c49
34061,RS,#c17541
34062,PL,#867f57
34063,AT,#ae8648
34064,CH,#b19246
34065,FR,#b49f44
34066,RU,#61667a
34067,CZ,#97854f
34068,ES,#eeb33e
34069,AZ,#cf2a2d
34070,AZ,#cf2a2d
34071,GE,#c43d39
34072,IT,#ce893f
34073,BA,#c37c41
34074,ME,#d1783c
34075,NL,#8c974b
34076,DK,#6b8e57
34077,NL,#8c974b
34078,SE,#3c8a6a
34079,AT,#ae8648
34080,BA,#c37c41
34081,FR,#b49f44
34082,CH,#b19246
34083,CH,#b19246
34084,NO,#3d8e61
34085,HR,#bc8144
34086,FR,#b49f44
34087,CH,#b19246
34088,SE,#3c8a6a
34089,IS,#2ca02c
34090,AM,#d1322e
34091,AL,#d87539
34092,HR,#bc8144
34093,ME,#d1783c
34094,GB,#7fa047
34095,IS,#2ca02c
34096,NO,#3d8e61
34097,BA,#c37c41
34098,BA,#c37c41
34099,AZ,#cf2a2d
34100,IT,#ce893f
34101,FI,#2b8384
34102,RS,#c17541
34103,GE,#c43d39
34104,NL,#8c974b
34105,FR,#b49f44
34106,AL,#d87539
34107,BY,#7b7261
34108,RS,#c17541
34109,CH,#b19246
34110,IS,#2ca02c
34111,GB,#7fa047
34112,FR,#b49f44
34113,ES,#eeb33e
34114,RO,#b06e48
34115,NL,#8c974b
34116,AL,#d87539
34117,BA,#c37c41
34118,FR,#b49f44
34119,HR,#bc8144
34120,FI,#2b8384
34121,FR,#b49f44
34122,IS,#2ca02c
34123,BG,#c66a3e
34124,LT,#6e7a64
34125,CZ,#97854f
34126,FI,#2b8384
34127,NO,#3d8e61
34128,FR,#b49f44
34129,GE,#c43d39
34130,MK,#d0733c
34131,CH,#b19246
34132,PL,#867f57
34133,AM,#d1322e
34134,FI,#2b8384
34135,HR,#bc8144
34136,CZ,#97854f
34137,GB,#7fa047
34138,GE,#c43d39
34139,AL,#d87539
34140,CZ,#97854f
34141,MK,#d0733c
34142,GE,#c43d39
34143,FI,#2b8384
34144,BA,#c37c41
34145,MK,#d0733c
34146,FR,#b49f44
34147,NO,#3d8e61
34148,AT,#ae8648
34149,IT,#ce893f
34150,FI,#2b8384
34151,HR,#bc8144
34152,HR,#bc8144
34153,CZ,#97854f
34154,LT,#6e7a64
34155,LT,#6e7a64
34156,GE,#c43d39
34157,DK,#6b8e57
34158,AT,#ae8648
34159,AZ,#cf2a2d
34160,GB,#7fa047
34161,NL,#8c974b
34162,RU,#61667a
34163,CH,#b19246
34164,ES,#eeb33e
34165,DE,#918e4e
34166,CZ,#97854f
34167,DK,#6b8e57
34168,DE,#918e4e
34169,IT,#ce893f
34170,DK,#6b8e57
34171,AM,#d1322e
34172,GB,#7fa047
34173,CH,#b19246
34174,BA,#c37c41
34175,BY,#7b7261
34176,LT,#6e7a64
34177,DK,#6b8e57
34178,BA,#c37c41
34179,MK,#d0733c
34180,RS,#c17541
34181,DE,#918e4e
34182,LT,#6e7a64
34183,HR,#bc8144
34184,ME,#d1783c
34185,BY,#7b7261
34186,GB,#7fa047
34187,SK,#9d7d4f
34188,RS,#c17541
34189,IT,#ce893f
34190,LT,#6e7a64
34191,ES,#eeb33e
34192,HR,#bc8144
34193,DK,#6b8e57
34194,BA,#c37c41
34195,NL,#8c974b
34196,FI,#2b8384
34197,CZ,#97854f
34198,FR,#b49f44
34199,NL,#8c974b
34200,HU,#ac7c49
34201,SK,#9d7d4f
34202,NL,#8c974b
34203,ES,#eeb33e
34204,GE,#c43d39
34205,GB,#7fa047
34206,SI,#b58346
34207,SK,#9d7d4f
34208,NO,#3d8e61
34209,IT,#ce893f
34210,NL,#8c974b
34211,PL,#867f57
34212,HU,#ac7c49
34213,DK,#6b8e57
34214,DK,#6b8e57
34215,CH,#b19246
34216,FR,#b49f44
34217,BA,#c37c41
34218,CZ,#97854f
34219,DK,#6b8e57
34220,CH,#b19246
34221,FR,#b49f44
34222,CH,#b19246
34223,FR,#b49f44
34224,AZ,#cf2a2d
34225,AM,#d1322e
34226,NL,#8c974b
34227,SK,#9d7d4f
34228,NL,#8c974b
34229,AZ,#cf2a2d
34230,NL,#8c974b
34231,SI,#b58346
34232,PL,#867f57
34233,BY,#7b7261
34234,LT,#6e7a64
34235,BA,#c37c41
34236,DK,#6b8e57
34237,CH,#b19246
34238,NO,#3d8e61
34239,IT,#ce893f
34240,RS,#c17541
34241,AT,#ae8648
34242,IS,#2ca02c
34243,GB,#7fa047
34244,AT,#ae8648
34245,IS,#2ca02c
34246,RU,#61667a
34247,CH,#b19246
34248,RO,#b06e48
34249,FI,#2b8384
34250,PL,#867f57
34251,HU,#ac7c49
34252,CH,#b19246
34253,GE,#c43d39
34254,IS,#2ca02c
34255,NO,#3d8e61
34256,SE,#3c8a6a
34257,HU,#ac7c49
34258,ES,#eeb33e
34259,GE,#c43d39
34260,HR,#bc8144
34261,SK,#9d7d4f
34262,CZ,#97854f
34263,ES,#eeb33e
34264,NL,#8c974b
34265,FR,#b49f44
34266,DK,#6b8e57
34267,NO,#3d8e61
34268,DK,#6b8e57
34269,IS,#2ca02c
34270,AT,#ae8648
34271,BA,#c37c41
34272,NO,#3d8e61
34273,AL,#d87539
34274,RU,#61667a
34275,PT,#f8bf3f
34276,NL,#8c974b
34277,IS,#2ca02c
34278,ES,#eeb33e
34279,HU,#ac7c49
34280,AZ,#cf2a2d
34281,CH,#b19246
34282,DK,#6b8e57
34283,CZ,#97854f
34284,IT,#ce893f
34285,BG,#c66a3e
34286,RS,#c17541
34287,ES,#eeb33e
34288,DE,#918e4e
34289,ES,#eeb33e
34290,NL,#8c974b
34291,CZ,#97854f
34292,BY,#7b7261
34293,IS,#2ca02c
34294,CZ,#97854f
34295,NO,#3d8e61
34296,PL,#867f57
34297,CH,#b19246
34298,SK,#9d7d4f
34299,CH,#b19246
34300,BY,#7b7261
34301,DK,#6b8e57
34302,BY,#7b7261
34303,IT,#ce893f
34304,CH,#b19246
34305,BA,#c37c41
34306,GE,#c43d39
34307,FR,#b49f44
34308,AM,#d1322e
34309,DK,#6b8e57
34310,IT,#ce893f
34311,DK,#6b8e57
34312,BA,#c37c41
34313,HU,#ac7c49
34314,DE,#918e4e
34315,RS,#c17541
34316,NL,#8c974b
34317,AT,#ae8648
34318,SK,#9d7d4f
34319,BG,#c66a3e
34320,SK,#9d7d4f
34321,CH,#b19246
34322,PL,#867f57
34323,BY,#7b7261
34324,NL,#8c974b
34325,BG,#c66a3e
34326,MK,#d0733c
34327,AZ,#cf2a2d
34328,RS,#c17541
34329,GB,#7fa047
34330,AM,#d1322e
34331,DK,#6b8e57
34332,NL,#8c974b
34333,GB,#7fa047
34334,IS,#2ca02c
34335,RU,#61667a
34336,GB,#7fa047
34337,RO,#b06e48
34338,AT,#ae8648
34339,FI,#2b8384
34340,SI,#b58346
34341,AL,#d87539
34342,AM,#d1322e
34343,ES,#eeb33e
34344,NO,#3d8e61
34345,DK,#6b8e57
34346,AM,#d1322e
34347,PT,#f8bf3f
34348,SE,#3c8a6a
34349,FI,#2b8384
34350,HU,#ac7c49
34351,FR,#b49f44
34352,FI,#2b8384
34353,GE,#c43d39
34354,NO,#3d8e61
34355,MK,#d0733c
34356,CZ,#97854f
34357,CH,#b19246
34358,EE,#507d73
34359,GB,#7fa047
34360,CH,#b19246
34361,SI,#b58346
34362,CZ,#97854f
34363,FR,#b49f44
34364,CH,#b19246
34365,BG,#c66a3e
34366,CH,#b19246
34367,GE,#c43d39
34368,CH,#b19246
34369,DE,#918e4e
34370,AM,#d1322e
34371,FI,#2b8384
34372,MK,#d0733c
34373,LT,#6e7a64
34374,DK,#6b8e57
34375,AL,#d87539
34376,FI,#2b8384
34377,NO,#3d8e61
34378,NL,#8c974b
34379,NO,#3d8e61
34380,DK,#6b8e57
34381,NO,#3d8e61
34382,BA,#c37c41
34383,AL,#d87539
34384,ES,#eeb33e
34385,CZ,#97854f
34386,AM,#d1322e
34387,RS,#c17541
34388,GB,#7fa047
34389,DE,#918e4e
34390,BY,#7b7261
34391,NL,#8c974b
34392,DE,#918e4e
34393,CH,#b19246
34394,IT,#ce893f
34395,HR,#bc8144
34396,BA,#c37c41
34397,SK,#9d7d4f
34398,DE,#918e4e
34399,SK,#9d7d4f
34400,LT,#6e7a64
34401,ES,#eeb33e
34402,IS,#2ca02c
34403,DK,#6b8e57
34404,BY,#7b7261
34405,FI,#2b8384
34406,SE,#3c8a6a
34407,FI,#2b8384
34408,RU,#61667a
34409,AZ,#cf2a2d
34410,LT,#6e7a64
34411,DK,#6b8e57
34412,IT,#ce893f
34413,DK,#6b8e57
34414,NO,#3d8e61
34415,CH,#b19246
34416,DE,#918e4e
34417,NO,#3d8e61
34418,LT,#6e7a64
34419,MK,#d0733c
34420,NL,#8c974b
34421,DK,#6b8e57
34422,CZ,#97854f
34423,RS,#c17541
34424,BY,#7b7261
34425,HR,#bc8144
34426,RS,#c17541
34427,BA,#c37c41
34428,IT,#ce893f
34429,EE,#507d73
34430,RO,#b06e48
34431,BA,#c37c41
34432,RS,#c17541
34433,PT,#f8bf3f
34434,DE,#918e4e
34435,NO,#3d8e61
34436,AM,#d1322e
34437,IS,#2ca02c
34438,IS,#2ca02c
34439,RU,#61667a
34440,GB,#7fa047
34441,RS,#c17541
34442,RS,#c17541
34443,NL,#8c974b
34444,GB,#7fa047
34445,GB,#7fa047
34446,DE,#918e4e
34447,IT,#ce893f
34448,HR,#bc8144
34449,CH,#b19246
34450,DK,#6b8e57
34451,GB,#7fa047
34452,ES,#eeb33e
34453,DK,#6b8e57
34454,BY,#7b7261
34455,ES,#eeb33e
34456,IS,#2ca02c
34457,SE,#3c8a6a
34458,CH,#b19246
34459,CH,#b19246
34460,IT,#ce893f
34461,HR,#bc8144
34462,NO,#3d8e61
34463,GE,#c43d39
34464,IT,#ce893f
34465,AM,#d1322e
34466,BY,#7b7261
34467,PT,#f8bf3f
34468,BG,#c66a3e
34469,NL,#8c974b
34470,MK,#d0733c
34471,AZ,#cf2a2d
34472,GB,#7fa047
34473,RS,#c17541
34474,SE,#3c8a6a
34475,IS,#2ca02c
34476,HR,#bc8144
34477,SE,#3c8a6a
34478,SK,#9d7d4f
34479,DK,#6b8e57
34480,SE,#3c8a6a
34481,FR,#b49f44
34482,NO,#3d8e61
34483,RS,#c17541
34484,SK,#9d7d4f
34485,CH,#b19246
34486,AT,#ae8648
34487,RO,#b06e48
34488,FI,#2b8384
34489,GE,#c43d39
34490,MK,#d0733c
34491,DE,#918e4e
34492,GB,#7fa047
34493,RS,#c17541
34494,DK,#6b8e57
34495,AT,#ae8648
34496,SK,#9d7d4f
34497,RO,#b06e48
34498,RS,#c17541
34499,NL,#8c974b
34500,NO,#3d8e61
34501,MK,#d0733c
34502,CH,#b19246
34503,DK,#6b8e57
34504,EE,#507d73
34505,GB,#7fa047
34506,LT,#6e7a64
34507,IS,#2ca02c
34508,NO,#3d8e61
34509,AL,#d87539
34510,IT,#ce893f
34511,RU,#61667a
34512,RU,#61667a
34513,DE,#918e4e
34514,GB,#7fa047
34515,ES,#eeb33e
34516,IT,#ce893f
34517,DK,#6b8e57
34518,AT,#ae8648
34519,SE,#3c8a6a
34520,DE,#918e4e
34521,SE,#3c8a6a
34522,RS,#c17541
34523,CH,#b19246
34524,HR,#bc8144
34525,FI,#2b8384
34526,DE,#918e4e
34527,CH,#b19246
34528,FI,#2b8384
34529,CZ,#97854f
34530,CZ,#97854f
34531,RU,#61667a
34532,LT,#6e7a64
34533,EE,#507d73
34534,DK,#6b8e57
34535,RO,#b06e48
34536,GE,#c43d39
34537,SE,#3c8a6a
34538,NO,#3d8e61
34539,RS,#c17541
34540,EE,#507d73
34541,CH,#b19246
34542,NO,#3d8e61
34543,BA,#c37c41
34544,RO,#b06e48
34545,DK,#6b8e57
34546,CZ,#97854f
34547,SK,#9d7d4f
34548,CH,#b19246
34549,NO,#3d8e61
34550,IT,#ce893f
34551,SK,#9d7d4f
34552,SI,#b58346
34553,BY,#7b7261
34554,CH,#b19246
34555,AL,#d87539
34556,CH,#b19246
34557,RS,#c17541
34558,GE,#c43d39
34559,IT,#ce893f
34560,PL,#867f57
34561,FI,#2b8384
34562,NO,#3d8e61
34563,FR,#b49f44
34564,HR,#bc8144
34565,AT,#ae8648
34566,AT,#ae8648
34567,HU,#ac7c49
34568,FI,#2b8384
34569,SE,#3c8a6a
34570,GE,#c43d39
34571,EE,#507d73
34572,CZ,#97854f
34573,RO,#b06e48
34574,SE,#3c8a6a
34575,AT,#ae8648
34576,AT,#ae8648
34577,AL,#d87539
34578,DK,#6b8e57
34579,DK,#6b8e57
34580,ME,#d1783c
34581,RS,#c17541
34582,LT,#6e7a64
34583,RU,#61667a
34584,BA,#c37c41
34585,AL,#d87539
34586,RO,#b06e48
34587,GB,#7fa047
34588,FI,#2b8384
34589,CZ,#97854f
34590,RO,#b06e48
34591,RU,#61667a
34592,HR,#bc8144
34593,GB,#7fa047
34594,BG,#c66a3e
34595,AM,#d1322e
34596,AM,#d1322e
34597,NO,#3d8e61
34598,CH,#b19246
34599,DK,#6b8e57
34600,LT,#6e7a64
34601,DK,#6b8e57
34602,DK,#6b8e57
34603,DK,#6b8e57
34604,FI,#2b8384
34605,HR,#bc8144
34606,SK,#9d7d4f
34607,DK,#6b8e57
34608,AM,#d1322e
34609,FR,#b49f44
34610,CH,#b19246
34611,DK,#6b8e57
34612,SK,#9d7d4f
34613,ES,#eeb33e
34614,SK,#9d7d4f
34615,BY,#7b7261
34616,ES,#eeb33e
34617,SI,#b58346
34618,CH,#b19246
34619,CH,#b19246
34620,ES,#eeb33e
34621,CZ,#97854f
34622,RO,#b06e48
34623,AL,#d87539
34624,DK,#6b8e57
34625,AM,#d1322e
34626,DK,#6b8e57
34627,ES,#eeb33e
34628,LT,#6e7a64
34629,DK,#6b8e57
34630,DK,#6b8e57
34631,AT,#ae8648
34632,AZ,#cf2a2d
34633,BA,#c37c41
34634,SK,#9d7d4f
34635,BG,#c66a3e
34636,HU,#ac7c49
34637,FR,#b49f44
34638,AZ,#cf2a2d
34639,HR,#bc8144
34640,NL,#8c974b
34641,IT,#ce893f
34642,CH,#b19246
34643,CH,#b19246
34644,DK,#6b8e57
34645,AM,#d1322e
34646,AM,#d1322e
34647,SE,#3c8a6a
34648,RO,#b06e48
34649,NO,#3d8e61
34650,HU,#ac7c49
34651,CH,#b19246
34652,PT,#f8bf3f
34653,RO,#b06e48
34654,BY,#7b7261
34655,DK,#6b8e57
34656,AL,#d87539
34657,FR,#b49f44
34658,GB,#7fa047
34659,IT,#ce893f
34660,RO,#b06e48
34661,BG,#c66a3e
34662,NL,#8c974b
34663,RO,#b06e48
34664,CZ,#97854f
34665,CZ,#97854f
34666,IS,#2ca02c
34667,BA,#c37c41
34668,PL,#867f57
34669,FI,#2b8384
34670,AM,#d1322e
34671,IT,#ce893f
34672,PL,#867f57
34673,RO,#b06e48
34674,IS,#2ca02c
34675,HR,#bc8144
34676,NL,#8c974b
34677,DK,#6b8e57
34678,AT,#ae8648
34679,SE,#3c8a6a
34680,NL,#8c974b
34681,LT,#6e7a64
34682,LT,#6e7a64
34683,CZ,#97854f
34684,RO,#b06e48
34685,PT,#f8bf3f
34686,DK,#6b8e57
34687,DK,#6b8e57
34688,CH,#b19246
34689,RU,#61667a
34690,RO,#b06e48
34691,EE,#507d73
34692,AM,#d1322e
34693,SK,#9d7d4f
34694,NL,#8c974b
34695,AM,#d1322e
34696,BY,#7b7261
34697,BG,#c66a3e
34698,LT,#6e7a64
34699,AM,#d1322e
34700,BG,#c66a3e
34701,DE,#918e4e
34702,CH,#b19246
34703,SI,#b58346
34704,CH,#b19246
34705,RO,#b06e48
34706,SE,#3c8a6a
34707,GB,#7fa047
34708,AM,#d1322e
34709,BA,#c37c41
34710,CH,#b19246
34711,SE,#3c8a6a
34712,DK,#6b8e57
34713,PL,#867f57
34714,HU,#ac7c49
34715,CH,#b19246
34716,DK,#6b8e57
34717,DE,#918e4e
34718,AL,#d87539
34719,RU,#61667a
34720,BG,#c66a3e
34721,AL,#d87539
34722,GE,#c43d39
34723,AL,#d87539
34724,AM,#d1322e
34725,CH,#b19246
34726,DK,#6b8e57
34727,DK,#6b8e57
34728,MK,#d0733c
34729,BY,#7b7261
34730,SK,#9d7d4f
34731,HR,#bc8144
34732,ES,#eeb33e
34733,HR,#bc8144
34734,DE,#918e4e
34735,RO,#b06e48
34736,AM,#d1322e
34737,SK,#9d7d4f
34738,IT,#ce893f
34739,SK,#9d7d4f
34740,MK,#d0733c
34741,CZ,#97854f
34742,DK,#6b8e57
34743,DK,#6b8e57
34744,GE,#c43d39
34745,PL,#867f57
34746,IS,#2ca02c
34747,GE,#c43d39
34748,CH,#b19246
34749,GB,#7fa047
34750,FI,#2b8384
34751,AT,#ae8648
34752,RO,#b06e48
34753,RS,#c17541
34754,PT,#f8bf3f
34755,CZ,#97854f
34756,DE,#918e4e
34757,IS,#2ca02c
34758,MK,#d0733c
34759,GB,#7fa047
34760,GE,#c43d39
34761,EE,#507d73
34762,IS,#2ca02c
34763,RS,#c17541
34764,AL,#d87539
34765,BA,#c37c41
34766,PL,#867f57
34767,GE,#c43d39
34768,CH,#b19246
34769,NO,#3d8e61
34770,BG,#c66a3e
34771,CH,#b19246
34772,HU,#ac7c49
34773,RO,#b06e48
34774,NL,#8c974b
34775,GE,#c43d39
34776,CZ,#97854f
34777,GB,#7fa047
34778,BY,#7b7261
34779,FR,#b49f44
34780,CZ,#97854f
34781,NL,#8c974b
34782,RS,#c17541
34783,IT,#ce893f
34784,BA,#c37c41
34785,AL,#d87539
34786,GE,#c43d39
34787,AZ,#cf2a2d
34788,HU,#ac7c49
34789,GB,#7fa047
34790,HU,#ac7c49
34791,MK,#d0733c
34792,NL,#8c974b
34793,DK,#6b8e57
34794,PT,#f8bf3f
34795,GB,#7fa047
34796,LT,#6e7a64
34797,BG,#c66a3e
34798,AZ,#cf2a2d
34799,CH,#b19246
34800,IT,#ce893f
34801,AM,#d1322e
34802,CH,#b19246
34803,BG,#c66a3e
34804,EE,#507d73
34805,AM,#d1322e
34806,NL,#8c974b
34807,IT,#ce893f
34808,AZ,#cf2a2d
34809,CH,#b19246
34810,DK,#6b8e57
34811,RS,#c17541
34812,PL,#867f57
34813,SI,#b58346
34814,PT,#f8bf3f
34815,CZ,#97854f
34816,NL,#8c974b
34817,RS,#c17541
34818,AT,#ae8648
34819,AZ,#cf2a2d
34820,DK,#6b8e57
34821,IT,#ce893f
34822,SE,#3c8a6a
34823,DE,#918e4e
34824,PL,#867f57
34825,CZ,#97854f
34826,FI,#2b8384
34827,BY,#7b7261
34828,GE,#c43d39
34829,PT,#f8bf3f
34830,RO,#b06e48
34831,DE,#918e4e
34832,CH,#b19246
34833,AZ,#cf2a2d
34834,AT,#ae8648
34835,IS,#2ca02c
34836,DK,#6b8e57
34837,HU,#ac7c49
34838,FI,#2b8384
34839,ME,#d1783c
34840,SE,#3c8a6a
34841,RU,#61667a
34842,GE,#c43d39
34843,IS,#2ca02c
34844,CH,#b19246
34845,DK,#6b8e57
34846,EE,#507d73
34847,EE,#507d73
34848,RO,#b06e48
34849,SK,#9d7d4f
34850,AZ,#cf2a2d
34851,NO,#3d8e61
34852,DK,#6b8e57
34853,IS,#2ca02c
34854,SI,#b58346
34855,BA,#c37c41
34856,HU,#ac7c49
34857,BY,#7b7261
34858,SK,#9d7d4f
34859,NL,#8c974b
34860,SE,#3c8a6a
34861,AL,#d87539
34862,EE,#507d73
34863,SK,#9d7d4f
34864,CZ,#97854f
34865,GE,#c43d39
34866,MK,#d0733c
34867,CH,#b19246
34868,SK,#9d7d4f
34869,HU,#ac7c49
34870,FI,#2b8384
34871,MK,#d0733c
34872,NO,#3d8e61
34873,CH,#b19246
34874,DK,#6b8e57
34875,NL,#8c974b
34876,FI,#2b8384
34877,PL,#867f57
34878,MK,#d0733c
34879,DE,#918e4e
34880,DK,#6b8e57
34881,CH,#b19246
34882,RU,#61667a
34883,BA,#c37c41
34884,AT,#ae8648
34885,SK,#9d7d4f
34886,DK,#6b8e57
34887,RU,#61667a
34888,HR,#bc8144
34889,CZ,#97854f
34890,RO,#b06e48
34891,HR,#bc8144
34892,AZ,#cf2a2d
34893,CH,#b19246
34894,PT,#f8bf3f
34895,PT,#f8bf3f
34896,DE,#918e4e
34897,LT,#6e7a64
34898,HU,#ac7c49
34899,GE,#c43d39
34900,CH,#b19246
34901,IT,#ce893f
34902,IS,#2ca02c
34903,NO,#3d8e61
34904,FR,#b49f44
34905,MK,#d0733c
34906,NO,#3d8e61
34907,GB,#7fa047
34908,SI,#b58346
34909,MK,#d0733c
34910,EE,#507d73
34911,SI,#b58346
34912,SK,#9d7d4f
34913,FR,#b49f44
34914,RO,#b06e48
34915,NO,#3d8e61
34916,AM,#d1322e
34917,NL,#8c974b
34918,GE,#c43d39
34919,IS,#2ca02c
34920,NL,#8c974b
34921,NL,#8c974b
34922,DE,#918e4e
34923,ME,#d1783c
34924,BY,#7b7261
34925,HU,#ac7c49
34926,AM,#d1322e
34927,FR,#b49f44
34928,RU,#61667a
34929,RS,#c17541
34930,CH,#b19246
34931,SE,#3c8a6a
34932,AZ,#cf2a2d
34933,DK,#6b8e57
34934,BG,#c66a3e
34935,HR,#bc8144
34936,BG,#c66a3e
34937,EE,#507d73
34938,BG,#c66a3e
34939,GB,#7fa047
34940,HU,#ac7c49
34941,DK,#6b8e57
34942,DE,#918e4e
34943,NL,#8c974b
34944,BA,#c37c41
34945,PT,#f8bf3f
34946,AT,#ae8648
34947,HU,#ac7c49
34948,DK,#6b8e57
34949,DE,#918e4e
34950,IT,#ce893f
34951,SE,#3c8a6a
34952,IS,#2ca02c
34953,BA,#c37c41
34954,GB,#7fa047
34955,LT,#6e7a64
34956,DK,#6b8e57
34957,CH,#b19246
34958,MK,#d0733c
34959,DE,#918e4e
34960,SI,#b58346
34961,GB,#7fa047
34962,HR,#bc8144
34963,GE,#c43d39
34964,NO,#3d8e61
34965,CH,#b19246
34966,IT,#ce893f
34967,AM,#d1322e
34968,LT,#6e7a64
34969,BY,#7b7261
34970,FI,#2b8384
34971,AT,#ae8648
34972,BG,#c66a3e
34973,SI,#b58346
34974,DE,#918e4e
34975,EE,#507d73
34976,SI,#b58346
34977,GE,#c43d39
34978,DE,#918e4e
34979,HU,#ac7c49
34980,SI,#b58346
34981,DE,#918e4e
34982,HU,#ac7c49
34983,GB,#7fa047
34984,DK,#6b8e57
34985,AL,#d87539
34986,DE,#918e4e
34987,DK,#6b8e57
34988,GE,#c43d39
34989,FR,#b49f44
34990,AT,#ae8648
34991,IS,#2ca02c
34992,GB,#7fa047
34993,RS,#c17541
34994,BG,#c66a3e
34995,IT,#ce893f
34996,RU,#61667a
34997,AM,#d1322e
34998,AM,#d1322e
34999,RS,#c17541
35000,BG,#c66a3e
35001,DE,#918e4e
35002,CZ,#97854f
35003,NO,#3d8e61
35004,NL,#8c974b
35005,HR,#bc8144
35006,BA,#c37c41
35007,AM,#d1322e
35008,FR,#b49f44
35009,IT,#ce893f
35010,DK,#6b8e57
35011,DE,#918e4e
35012,MK,#d0733c
35013,RO,#b06e48
35014,FR,#b49f44
35015,RS,#c17541
35016,NO,#3d8e61
35017,GB,#7fa047
35018,BG,#c66a3e
35019,GE,#c43d39
35020,FR,#b49f44
35021,MK,#d0733c
35022,RS,#c17541
35023,FR,#b49f44
35024,NO,#3d8e61
35025,DE,#918e4e
35026,CH,#b19246
35027,NO,#3d8e61
35028,PL,#867f57
35029,GE,#c43d39
35030,CH,#b19246
35031,DK,#6b8e57
35032,NO,#3d8e61
35033,HR,#bc8144
35034,FR,#b49f44
35035,FR,#b49f44
35036,AT,#ae8648
35037,GE,#c43d39
35038,PT,#f8bf3f
35039,EE,#507d73
35040,DK,#6b8e57
35041,ME,#d1783c
35042,AZ,#cf2a2d
35043,GB,#7fa047
35044,IT,#ce893f
35045,DE,#918e4e
35046,RO,#b06e48
35047,SI,#b58346
35048,PL,#867f57
35049,BY,#7b7261
35050,GE,#c43d39
35051,DK,#6b8e57
35052,GE,#c43d39
35053,DE,#918e4e
35054,NO,#3d8e61
35055,DK,#6b8e57
35056,BA,#c37c41
35057,DK,#6b8e57
35058,HR,#bc8144
35059,GE,#c43d39
35060,IS,#2ca02c
35061,BA,#c37c41
35062,FI,#2b8384
35063,DE,#918e4e
35064,SK,#9d7d4f
35065,IT,#ce893f
35066,DK,#6b8e57
35067,ME,#d1783c
35068,FI,#2b8384
35069,GE,#c43d39
35070,RS,#c17541
35071,SI,#b58346
35072,ME,#d1783c
35073,NL,#8c974b
35074,CH,#b19246
35075,RO,#b06e48
35076,AM,#d1322e
35077,LT,#6e7a64
35078,BY,#7b7261
35079,PL,#867f57
35080,RS,#c17541
35081,IS,#2ca02c
35082,FI,#2b8384
35083,CH,#b19246
35084,IT,#ce893f
35085,IT,#ce893f
35086,DE,#918e4e
35087,RO,#b06e48
35088,DE,#918e4e
35089,AM,#d1322e
35090,AL,#d87539
35091,MK,#d0733c
35092,CH,#b19246
35093,PT,#f8bf3f
35094,AT,#ae8648
35095,CZ,#97854f
35096,AT,#ae8648
35097,IS,#2ca02c
35098,CZ,#97854f
35099,BG,#c66a3e
35100,AT,#ae8648
35101,HR,#bc8144
35102,SK,#9d7d4f
35103,HU,#ac7c49
35104,PL,#867f57
35105,IT,#ce893f
35106,CH,#b19246
35107,HU,#ac7c49
35108,GE,#c43d39
35109,DE,#918e4e
35110,DE,#918e4e
35111,ME,#d1783c
35112,CH,#b19246
35113,CH,#b19246
35114,NL,#8c974b
35115,AM,#d1322e
